1264578320	20240922	202409	2024	2024.7178											USA	UNITED STATES	USA								1	173	173	17	4	-5.0	4	1	4	-10.2150537634408	0								3	Olmsted County, Minnesota, United States	US	USMN		44.0005	-92.4502	659500	3	Olmsted County, Minnesota, United States	US	USMN		44.0005	-92.4502	659500	20250922203000	https://krforadio.com/ixp/669/p/guilty-verdict-murder-crash-olmsted-county/
1264578321	20240922	202409	2024	2024.7178											USA	UNITED STATES	USA								1	190	190	19	4	-10.0	4	1	4	-10.2150537634408	0								3	Olmsted County, Minnesota, United States	US	USMN		44.0005	-92.4502	659500	3	Olmsted County, Minnesota, United States	US	USMN		44.0005	-92.4502	659500	20250922203000	https://krforadio.com/ixp/669/p/guilty-verdict-murder-crash-olmsted-county/
1264578322	20240922	202409	2024	2024.7178	BUS	COMPANY						BUS													1	061	061	06	2	6.4	10	1	10	-1.18343195266273	4	Lake Macquarie, New South Wales, Australia	AS	AS02	5096	-33.0652	151.601	-1585125	0								4	Lake Macquarie, New South Wales, Australia	AS	AS02	5096	-33.0652	151.601	-1585125	20250922203000	https://www.newcastleherald.com.au/story/9072223/graincorp-workers-strike-at-newcastle-port-over-pay-dispute/
1264578323	20240922	202409	2024	2024.7178	CUB	CUBA	CUB								USA	UNITED STATES	USA								1	043	043	04	1	2.8	4	1	4	0.40160642570281	4	La Teresita, Santiago de Cuba, Cuba	CU	CU15	14791	20.0514	-75.515	-1646912	3	Tampa, Florida, United States	US	USFL	FL057	27.9475	-82.4584	292005	4	La Teresita, Santiago de Cuba, Cuba	CU	CU15	14791	20.0514	-75.515	-1646912	20250922203000	https://www.cltampa.com/news/in-tampa-byron-donalds-changes-charter-school-stance/
1264578324	20240922	202409	2024	2024.7178	USA	UNITED STATES	USA								CUB	CUBA	CUB								1	010	010	01	1	0.0	2	1	2	0.40160642570281	3	Tampa, Florida, United States	US	USFL	FL057	27.9475	-82.4584	292005	4	La Teresita, Santiago de Cuba, Cuba	CU	CU15	14791	20.0514	-75.515	-1646912	4	La Teresita, Santiago de Cuba, Cuba	CU	CU15	14791	20.0514	-75.515	-1646912	20250922203000	https://www.cltampa.com/news/in-tampa-byron-donalds-changes-charter-school-stance/
1264578325	20240922	202409	2024	2024.7178	USA	UNITED STATES	USA								CUB	CUBA	CUB								1	010	010	01	1	0.0	2	1	2	0.40160642570281	3	Tampa, Florida, United States	US	USFL	FL057	27.9475	-82.4584	292005	4	La Teresita, Santiago de Cuba, Cuba	CU	CU15	14791	20.0514	-75.515	-1646912	3	Tampa, Florida, United States	US	USFL	FL057	27.9475	-82.4584	292005	20250922203000	https://www.cltampa.com/news/in-tampa-byron-donalds-changes-charter-school-stance/
1264578326	20240922	202409	2024	2024.7178	USA	UNITED STATES	USA								CUB	CUBA	CUB								1	042	042	04	1	1.9	4	1	4	0.40160642570281	3	Tampa, Florida, United States	US	USFL	FL057	27.9475	-82.4584	292005	4	La Teresita, Santiago de Cuba, Cuba	CU	CU15	14791	20.0514	-75.515	-1646912	4	La Teresita, Santiago de Cuba, Cuba	CU	CU15	14791	20.0514	-75.515	-1646912	20250922203000	https://www.cltampa.com/news/in-tampa-byron-donalds-changes-charter-school-stance/
1264578327	20240922	202409	2024	2024.7178	USA	UNITED STATES	USA								GOV	GOVERNOR						GOV			1	051	051	05	1	3.4	2	1	2	0.40160642570281	2	Florida, United States	US	USFL		27.8333	-81.717	FL	3	Phoenix, Arizona, United States	US	USAZ	AZ013	33.4484	-112.074	44784	3	Phoenix, Arizona, United States	US	USAZ	AZ013	33.4484	-112.074	44784	20250922203000	https://www.cltampa.com/news/in-tampa-byron-donalds-changes-charter-school-stance/
1264578328	20240922	202409	2024	2024.7178	USA	UNITED STATES	USA								GOV	GOVERNOR						GOV			1	051	051	05	1	3.4	2	1	2	0.40160642570281	2	Florida, United States	US	USFL		27.8333	-81.717	FL	2	Florida, United States	US	USFL		27.8333	-81.717	FL	2	Florida, United States	US	USFL		27.8333	-81.717	FL	20250922203000	https://www.cltampa.com/news/in-tampa-byron-donalds-changes-charter-school-stance/
1264578329	20250823	202508	2025	2025.6384	EDU	SCHOOL						EDU													1	010	010	01	1	0.0	3	1	3	-0.92449922958398	3	Houston, Texas, United States	US	USTX	TX201	29.7633	-95.3633	1380948	0								2	Louisiana, United States	US	USLA		31.1801	-91.8749	LA	20250922203000	https://www.kut.org/education/2025-09-22/georgetown-isd-among-texas-school-districts-sued-over-display-of-ten-commandments-in-classrooms
1264578330	20250823	202508	2025	2025.6384	GOV	PRESIDENT						GOV			RUSGOV	VLADIMIR PUTIN	RUS					GOV			1	020	020	02	1	3.0	10	1	10	-2.41134751773049	1	United States	US	US		39.828175	-98.5795	US	1	United States	US	US		39.828175	-98.5795	US	1	United States	US	US		39.828175	-98.5795	US	20250922203000	https://talkingpointsmemo.com/cafe/donald-trump-voter-id-vote-by-mail
1264578331	20250823	202508	2025	2025.6384	HLH	HOSPITAL						HLH			MDV	MALE	MDV								1	112	112	11	3	-2.0	10	1	10	-2.57104194857916	1	Canada	CA	CA		60	-96	CA	1	Canada	CA	CA		60	-96	CA	1	Canada	CA	CA		60	-96	CA	20250922203000	https://leaderpost.com:443/news/crime/fourth-person-charged-in-shooting-of-young-girl-in-regina-eastview
1264578332	20250823	202508	2025	2025.6384	HLH	HOSPITAL						HLH			MDV	MALE	MDV								1	173	173	17	4	-5.0	10	1	10	-2.57104194857916	1	Canada	CA	CA		60	-96	CA	1	Canada	CA	CA		60	-96	CA	1	Canada	CA	CA		60	-96	CA	20250922203000	https://leaderpost.com:443/news/crime/fourth-person-charged-in-shooting-of-young-girl-in-regina-eastview
1264578333	20250823	202508	2025	2025.6384	PSEREB	HAMAS	PSE					REB			CAN	CANADIAN	CAN								0	051	051	05	1	3.4	2	1	2	-4.94623655913979	1	United Kingdom	UK	UK		54	-4	UK	1	Canada	CA	CA		60	-96	CA	1	United Kingdom	UK	UK		54	-4	UK	20250922203000	https://freebeacon.com/latest-news/palestinian-officials-demand-reparations-from-uk-after-country-recognizes-palestinian-state-report/
1264578334	20250823	202508	2025	2025.6384	PSEREB	HAMAS	PSE					REB			FRA	FRENCH	FRA								0	051	051	05	1	3.4	2	1	2	-4.94623655913979	1	United Kingdom	UK	UK		54	-4	UK	1	France	FR	FR		46	2	FR	1	United Kingdom	UK	UK		54	-4	UK	20250922203000	https://freebeacon.com/latest-news/palestinian-officials-demand-reparations-from-uk-after-country-recognizes-palestinian-state-report/
1264578335	20250823	202508	2025	2025.6384	PSEREB	HAMAS	PSE					REB			GBR	BRITISH	GBR								0	051	051	05	1	3.4	2	1	2	-4.94623655913979	1	United Kingdom	UK	UK		54	-4	UK	1	United Kingdom	UK	UK		54	-4	UK	1	United Kingdom	UK	UK		54	-4	UK	20250922203000	https://freebeacon.com/latest-news/palestinian-officials-demand-reparations-from-uk-after-country-recognizes-palestinian-state-report/
1264578336	20250823	202508	2025	2025.6384	USA	TEXAS	USA								EDU	SCHOOL						EDU			1	010	010	01	1	0.0	1	1	1	-0.92449922958398	2	Texas, United States	US	USTX		31.106	-97.6475	TX	2	Arkansas, United States	US	USAR		34.9513	-92.3809	AR	2	Texas, United States	US	USTX		31.106	-97.6475	TX	20250922203000	https://www.kut.org/education/2025-09-22/georgetown-isd-among-texas-school-districts-sued-over-display-of-ten-commandments-in-classrooms
1264578337	20250915	202509	2025	2025.6986	AUSGOV	PENNY WONG	AUS					GOV			BUS	OIL TANKER						BUS			1	163	163	16	4	-8.0	10	1	10	-4.80274442538594	1	Russia	RS	RS		60	100	RS	1	Russia	RS	RS		60	100	RS	1	Russia	RS	RS		60	100	RS	20250922203000	https://www.sbs.com.au/news/article/were-accepting-russian-blood-oil-pressure-to-sanction-petroleum-made-of-russian-crude/kp2dtrcxy
1264578338	20250915	202509	2025	2025.6986	GBR	BRITISH	GBR								CRM	GANG						CRM			1	173	173	17	4	-5.0	4	1	4	-10.9144542772862	4	Walsall, Walsall, United Kingdom	UK	UKO8	40136	52.6	-2	-2610816	4	Walsall, Walsall, United Kingdom	UK	UKO8	40136	52.6	-2	-2610816	4	Walsall, Walsall, United Kingdom	UK	UKO8	40136	52.6	-2	-2610816	20250922203000	https://www.theregister.com/2025/09/22/teen_cuffed_scattered_spider_casino/
1264578339	20250915	202509	2025	2025.6986	GBR	BRITISH	GBR								CRM	GANG						CRM			1	173	173	17	4	-5.0	6	1	6	-10.9144542772862	3	Clark County, Nevada, United States	US	USNV	NV003	36.0003	-114.876	863600	3	Clark County, Nevada, United States	US	USNV		36.0003	-114.876	863600	3	Clark County, Nevada, United States	US	USNV		36.0003	-114.876	863600	20250922203000	https://www.theregister.com/2025/09/22/teen_cuffed_scattered_spider_casino/
1264578340	20250915	202509	2025	2025.6986	MEX	MEXICO CITY	MEX								USA	AMERICAN	USA								0	043	043	04	1	2.8	8	1	8	2.14067278287461	4	Mexico City, Distrito Federal, Mexico	MX	MX09	20887	19.4342	-99.1386	-1658079	1	United States	US	US		39.828175	-98.5795	US	4	Mexico City, Distrito Federal, Mexico	MX	MX09	20887	19.4342	-99.1386	-1658079	20250922203000	https://www.oas.org/en/media_center/press_release.asp?sCodigo=E-058/25
1264578341	20250915	202509	2025	2025.6986	MEX	MEXICO	MEX								USA	UNITED STATES	USA								0	043	043	04	1	2.8	2	1	2	2.14067278287461	4	Mexico City, Distrito Federal, Mexico	MX	MX09	20887	19.4342	-99.1386	-1658079	1	United States	US	US		39.828175	-98.5795	US	1	United States	US	US		39.828175	-98.5795	US	20250922203000	https://www.oas.org/en/media_center/press_release.asp?sCodigo=E-058/25
1264578342	20250915	202509	2025	2025.6986	USA	SACRAMENTO	USA																		0	163	163	16	4	-8.0	6	1	6	-2.96022201665125	3	Town Hall, New York, United States	US	USNY	NY061	40.7561	-73.9853	2083212	0								3	Town Hall, New York, United States	US	USNY		40.7561	-73.9853	2083212	20250922203000	https://hotair.com/ed-morrissey/2025/09/22/great-news-leading-dem-socialist-boycotts-abc-n3807065
1264578343	20250915	202509	2025	2025.6986	USA	SACRAMENTO	USA																		0	163	163	16	4	-8.0	2	1	2	-2.96022201665125	2	New York, United States	US	USNY		42.1497	-74.9384	NY	0								3	Town Hall, New York, United States	US	USNY		40.7561	-73.9853	2083212	20250922203000	https://hotair.com/ed-morrissey/2025/09/22/great-news-leading-dem-socialist-boycotts-abc-n3807065
1264578344	20250915	202509	2025	2025.6986	USA	UNITED STATES	USA																		1	173	173	17	4	-5.0	2	1	2	-10.2150537634408	3	Olmsted County, Minnesota, United States	US	USMN	MN109	44.0005	-92.4502	659500	0								3	Minneapolis, Minnesota, United States	US	USMN	MN053	44.98	-93.2638	655030	20250922203000	https://krforadio.com/ixp/669/p/guilty-verdict-murder-crash-olmsted-county/
1264578345	20250915	202509	2025	2025.6986	USA	UNITED STATES	USA																		1	173	173	17	4	-5.0	2	1	2	-10.2150537634408	3	Olmsted County, Minnesota, United States	US	USMN	MN109	44.0005	-92.4502	659500	0								3	Olmsted County, Minnesota, United States	US	USMN		44.0005	-92.4502	659500	20250922203000	https://krforadio.com/ixp/669/p/guilty-verdict-murder-crash-olmsted-county/
1264578346	20250915	202509	2025	2025.6986	USA	UNITED STATES	USA																		1	190	190	19	4	-10.0	2	1	2	-10.2150537634408	3	Olmsted County, Minnesota, United States	US	USMN	MN109	44.0005	-92.4502	659500	0								3	Minneapolis, Minnesota, United States	US	USMN	MN053	44.98	-93.2638	655030	20250922203000	https://krforadio.com/ixp/669/p/guilty-verdict-murder-crash-olmsted-county/
1264578347	20250915	202509	2025	2025.6986	USA	UNITED STATES	USA																		1	190	190	19	4	-10.0	2	1	2	-10.2150537634408	3	Olmsted County, Minnesota, United States	US	USMN	MN109	44.0005	-92.4502	659500	0								3	Olmsted County, Minnesota, United States	US	USMN		44.0005	-92.4502	659500	20250922203000	https://krforadio.com/ixp/669/p/guilty-verdict-murder-crash-olmsted-county/
1264578348	20250915	202509	2025	2025.6986	USA	COLORADO	USA								CVL	HUNTER						CVL			1	182	182	18	4	-9.5	7	7	7	-5.64334085778781	2	North Carolina, United States	US	USNC		35.6411	-79.8431	NC	2	North Carolina, United States	US	USNC		35.6411	-79.8431	NC	2	North Carolina, United States	US	USNC		35.6411	-79.8431	NC	20250922203000	https://www.13wmaz.com/article/news/nation-world/hunters-dead-in-colorado-killed-by-lightning/507-1b84b443-87a6-4fba-9d57-e10b9922b4fe
1264578349	20250915	202509	2025	2025.6986	USA	COLORADO	USA								CVL	HUNTER						CVL			1	182	182	18	4	-9.5	49	7	49	-5.64334085778781	2	Utah, United States	US	USUT		40.1135	-111.854	UT	2	Utah, United States	US	USUT		40.1135	-111.854	UT	2	Utah, United States	US	USUT		40.1135	-111.854	UT	20250922203000	https://www.13wmaz.com/article/news/nation-world/hunters-dead-in-colorado-killed-by-lightning/507-1b84b443-87a6-4fba-9d57-e10b9922b4fe
1264578350	20250915	202509	2025	2025.6986	USA	AMERICAN	USA								MEX	MEXICO CITY	MEX								0	042	042	04	1	1.9	8	1	8	2.14067278287461	1	United States	US	US		39.828175	-98.5795	US	4	Mexico City, Distrito Federal, Mexico	MX	MX09	20887	19.4342	-99.1386	-1658079	4	Mexico City, Distrito Federal, Mexico	MX	MX09	20887	19.4342	-99.1386	-1658079	20250922203000	https://www.oas.org/en/media_center/press_release.asp?sCodigo=E-058/25
1264578351	20250915	202509	2025	2025.6986	USA	UNITED STATES	USA								MEX	MEXICO	MEX								0	042	042	04	1	1.9	2	1	2	2.14067278287461	1	United States	US	US		39.828175	-98.5795	US	4	Mexico City, Distrito Federal, Mexico	MX	MX09	20887	19.4342	-99.1386	-1658079	1	United States	US	US		39.828175	-98.5795	US	20250922203000	https://www.oas.org/en/media_center/press_release.asp?sCodigo=E-058/25
1264578352	20250921	202509	2025	2025.7151	GOV	PRESIDENT						GOV			LEG	REPRESENTATIVES						LEG			1	040	040	04	1	1.0	3	1	3	-1.5748031496063	2	Utah, United States	US	USUT		40.1135	-111.854	UT	2	Utah, United States	US	USUT		40.1135	-111.854	UT	2	Utah, United States	US	USUT		40.1135	-111.854	UT	20250922203000	https://midutahradio.com/news/local-news/charlie-kirk-remembered/
1264578353	20250921	202509	2025	2025.7151	LEG	REPRESENTATIVES						LEG			GOV	PRESIDENT						GOV			1	040	040	04	1	1.0	3	1	3	-1.5748031496063	2	Utah, United States	US	USUT		40.1135	-111.854	UT	2	Utah, United States	US	USUT		40.1135	-111.854	UT	2	Utah, United States	US	USUT		40.1135	-111.854	UT	20250922203000	https://midutahradio.com/news/local-news/charlie-kirk-remembered/
1264578354	20250922	202509	2025	2025.7178											AGR	FARMER						AGR			1	010	010	01	1	0.0	5	1	5	-3.34728033472804	0								2	Illinois, United States	US	USIL		40.3363	-89.0022	IL	2	Illinois, United States	US	USIL		40.3363	-89.0022	IL	20250922203000	https://khqa.com/weather/agriculture/ag-in-an-instant-farm-safety-and-health-week-and-harvest-chime-in
1264578355	20250922	202509	2025	2025.7178											AGR	FARMER						AGR			1	100	100	10	3	-5.0	5	1	5	-3.34728033472804	0								2	Illinois, United States	US	USIL		40.3363	-89.0022	IL	2	Illinois, United States	US	USIL		40.3363	-89.0022	IL	20250922203000	https://khqa.com/weather/agriculture/ag-in-an-instant-farm-safety-and-health-week-and-harvest-chime-in
1264578356	20250922	202509	2025	2025.7178											ARMCHR	ARMENIAN	ARM			CHR					1	112	112	11	3	-2.0	3	1	3	-5.16795865633075	0								1	Armenia	AM	AM		40	45	AM	1	Armenia	AM	AM		40	45	AM	20250922203000	https://armenianweekly.com/2025/09/22/how-khoren-bandazian-became-an-arf-member/
1264578357	20250922	202509	2025	2025.7178											ARMCHR	ARMENIAN	ARM			CHR					1	186	186	18	4	-10.0	3	1	3	-5.16795865633075	0								1	Armenia	AM	AM		40	45	AM	1	Armenia	AM	AM		40	45	AM	20250922203000	https://armenianweekly.com/2025/09/22/how-khoren-bandazian-became-an-arf-member/
1264578358	20250922	202509	2025	2025.7178											AUS	AUSTRALIAN	AUS								0	014	014	01	1	0.0	1	1	1	-4.80274442538594	0								1	Australia	AS	AS		-25	135	AS	1	Russia	RS	RS		60	100	RS	20250922203000	https://www.sbs.com.au/news/article/were-accepting-russian-blood-oil-pressure-to-sanction-petroleum-made-of-russian-crude/kp2dtrcxy
1264578359	20250922	202509	2025	2025.7178											AUS	QUEENSLAND	AUS								1	190	190	19	4	-10.0	3	1	3	-6.67384284176533	0								4	Rome, Lazio, Italy	IT	IT07	18350	41.9	12.4833	-126693	4	Rome, Lazio, Italy	IT	IT07	18350	41.9	12.4833	-126693	20250922203000	https://www.newcastleherald.com.au/story/9071800/bryce-williams-family-shares-grief-after-fatal-2022-hit-and-run/
1264578360	20250922	202509	2025	2025.7178											AUSGOV	AUSTRALIAN	AUS					GOV			0	014	014	01	1	0.0	6	1	6	-4.80274442538594	0								1	Australia	AS	AS		-25	135	AS	1	Australia	AS	AS		-25	135	AS	20250922203000	https://www.sbs.com.au/news/article/were-accepting-russian-blood-oil-pressure-to-sanction-petroleum-made-of-russian-crude/kp2dtrcxy
1264578361	20250922	202509	2025	2025.7178											AUSGOV	AUSTRALIAN	AUS					GOV			0	090	090	09	2	-2.0	3	1	3	-4.80274442538594	0								1	Australia	AS	AS		-25	135	AS	1	Australia	AS	AS		-25	135	AS	20250922203000	https://www.sbs.com.au/news/article/were-accepting-russian-blood-oil-pressure-to-sanction-petroleum-made-of-russian-crude/kp2dtrcxy
1264578362	20250922	202509	2025	2025.7178											AUSGOV	AUSTRALIAN	AUS					GOV			0	100	100	10	3	-5.0	3	1	3	-4.80274442538594	0								1	Australia	AS	AS		-25	135	AS	1	Australia	AS	AS		-25	135	AS	20250922203000	https://www.sbs.com.au/news/article/were-accepting-russian-blood-oil-pressure-to-sanction-petroleum-made-of-russian-crude/kp2dtrcxy
1264578363	20250922	202509	2025	2025.7178											BEL	WATERLOO	BEL								1	173	173	17	4	-5.0	10	1	10	-5.61797752808988	0								0								0								20250922203000	https://www.therecord.com/news/crime/police-dog-takes-down-suspect-in-waterloo-home-invasion/article_f30044db-7f67-5bb9-803c-39863468d09c.html
1264578364	20250922	202509	2025	2025.7178											BUS	INDUSTRY						BUS			1	036	036	03	1	4.0	10	1	10	7.64462809917356	0								4	Philippine, Benguet, Philippines	RP	RP10	24213	16.45	120.55	-2445611	4	Philippine, Benguet, Philippines	RP	RP10	24213	16.45	120.55	-2445611	20250922203000	https://malaya.com.ph/lifestyle/living/weaving-together-culture-craft-and-community/
1264578365	20250922	202509	2025	2025.7178											BUS	INVESTOR						BUS			0	046	046	04	1	7.0	10	1	10	1.61579892280072	0								3	Denver, Colorado, United States	US	USCO	CO031	39.7392	-104.985	201738	3	Denver, Colorado, United States	US	USCO	CO031	39.7392	-104.985	201738	20250922203000	https://www.denverpost.com/2025/09/22/colorado-direct-travel-company-merger/
1264578366	20250922	202509	2025	2025.7178											BUS	BUSINESS						BUS			1	100	100	10	3	-5.0	5	1	5	5.05050505050505	0								3	Oneida County, New York, United States	US	USNY		43.2001	-75.4663	974131	3	Oneida County, New York, United States	US	USNY		43.2001	-75.4663	974131	20250922203000	https://www.cnybj.com/suny-poly-launches-nystec-business-center-of-excellence/
1264578367	20250922	202509	2025	2025.7178											CAN	CANADA	CAN								0	042	042	04	1	1.9	12	3	12	5.89778453785644	0								4	Kapuskasing, Ontario, Canada	CA	CA08	12660	49.4167	-82.4333	-567007	4	Kapuskasing, Ontario, Canada	CA	CA08	12660	49.4167	-82.4333	-567007	20250922203000	https://www.timminspress.com:443/opinion/rosewood-ave-fills-the-room-at-full-beard-brewing
1264578368	20250922	202509	2025	2025.7178											CHR	CHRISTIAN				CHR					1	043	043	04	1	2.8	8	1	8	-3.11355311355311	0								1	Germany	GM	GM		51.5	10.5	GM	1	Germany	GM	GM		51.5	10.5	GM	20250922203000	https://www.dailystar.co.uk/news/latest-news/breaking-madeleine-mccann-suspect-christian-35946865
1264578369	20250922	202509	2025	2025.7178											COP	POLICE						COP			1	042	042	04	1	1.9	5	1	5	-10.2189781021898	0								3	Fredericksburg, Virginia, United States	US	USVA	VA163	37.8929	-79.4378	1494946	3	Fredericksburg, Virginia, United States	US	USVA	VA163	37.8929	-79.4378	1494946	20250922203000	https://www.insidenova.com/headlines/fauquier-man-charged-with-manslaughter-in-collision-that-left-fredericksburg-resident-dead/article_7d6f10a9-52ca-4ce1-ae9d-fc8f7f605528.html
1264578370	20250922	202509	2025	2025.7178											COP	TROOPER						COP			0	042	042	04	1	1.9	10	1	10	-7.40740740740741	0								2	Maine, United States	US	USME		44.6074	-69.3977	ME	2	Maine, United States	US	USME		44.6074	-69.3977	ME	20250922203000	https://www.wmtw.com/article/corinth-maine-deadly-shooting-main-street-scott-roberts/68006445
1264578371	20250922	202509	2025	2025.7178											COP	POLICE						COP			1	051	051	05	1	3.4	6	1	6	-3.34987593052109	0								2	New York, United States	US	USNY		42.1497	-74.9384	NY	2	New York, United States	US	USNY		42.1497	-74.9384	NY	20250922203000	https://hotair.com/john-s-2/2025/09/22/mamdani-was-still-pushing-to-defund-the-police-in-2022-n3807057
1264578372	20250922	202509	2025	2025.7178											COP	POLICE						COP			1	084	084	08	2	7.0	5	1	5	-10.2189781021898	0								3	Fredericksburg, Virginia, United States	US	USVA	VA163	37.8929	-79.4378	1494946	3	Fredericksburg, Virginia, United States	US	USVA	VA163	37.8929	-79.4378	1494946	20250922203000	https://www.insidenova.com/headlines/fauquier-man-charged-with-manslaughter-in-collision-that-left-fredericksburg-resident-dead/article_7d6f10a9-52ca-4ce1-ae9d-fc8f7f605528.html
1264578373	20250922	202509	2025	2025.7178											CVL	RESIDENTS						CVL			1	013	013	01	1	0.4	2	1	2	9.13461538461539	0								2	North Dakota, United States	US	USND		47.5362	-99.793	ND	2	North Dakota, United States	US	USND		47.5362	-99.793	ND	20250922203000	https://www.devilslakejournal.com/top-stories/9283/nelson-county-arts-council-event-sep-28/
1264578374	20250922	202509	2025	2025.7178											CVL	COMMUNITY						CVL			0	019	019	01	1	3.4	6	1	6	1.86799501867995	0								2	Idaho, United States	US	USID		44.2394	-114.51	ID	2	Idaho, United States	US	USID		44.2394	-114.51	ID	20250922203000	https://www.eastidahonews.com/2025/09/festival-honoring-once-forgotten-historic-neighborhood-reminds-community-of-its-roots/
1264578375	20250922	202509	2025	2025.7178											CVL	ENGINEER						CVL			1	043	043	04	1	2.8	2	1	2	1.33495145631068	0								4	Vancouver, British Columbia, Canada	CA	CA02	12552	49.25	-123.133	-575268	4	Vancouver, British Columbia, Canada	CA	CA02	12552	49.25	-123.133	-575268	20250922203000	https://www.theglobeandmail.com/business/commentary/article-trumps-h1-b-visa-price-hike-is-good-for-canada/
1264578376	20250922	202509	2025	2025.7178											CVL	ENGINEER						CVL			1	043	043	04	1	2.8	8	1	8	1.33495145631068	0								1	United States	US	US		39.828175	-98.5795	US	4	Vancouver, British Columbia, Canada	CA	CA02	12552	49.25	-123.133	-575268	20250922203000	https://www.theglobeandmail.com/business/commentary/article-trumps-h1-b-visa-price-hike-is-good-for-canada/
1264578377	20250922	202509	2025	2025.7178											DOM	DOMINICAN REPUBLIC	DOM								1	062	062	06	2	7.4	1	1	1	-2.42214532871972	0								1	Dominican Republic	DR	DR		19	-70.666667	DR	1	United States	US	US		39.828175	-98.5795	US	20250922203000	https://legalinsurrection.com/2025/09/dominican-republic-claims-boat-hit-by-u-s-navy-had-over-a-ton-of-cocaine/
1264578378	20250922	202509	2025	2025.7178											DZA	ALGERIA	DZA								1	036	036	03	1	4.0	3	1	3	-0.8130081300813	0								1	Algeria	AG	AG		28	3	AG	4	Gaza, Israel (general), Israel	IS	IS00	18315	31.4167	34.3333	-797156	20250922203000	https://freebeacon.com/israel/israel-asked-un-security-council-to-reschedule-gaza-meeting-slated-for-rosh-hashanah-but-the-meeting-remains-set-letter-reveals/
1264578379	20250922	202509	2025	2025.7178											EDU	SCHOOL						EDU			0	012	012	01	1	-0.4	3	1	3	-0.57061340941512	0								2	Utah, United States	US	USUT		40.1135	-111.854	UT	2	Utah, United States	US	USUT		40.1135	-111.854	UT	20250922203000	https://www.13wmaz.com/article/news/local/macon/ace-principal-announces-retirement-after-flag-half-staff-controversy-former-principal-step-in/93-e7acc37e-ddd4-48ee-ac1f-109260704430
1264578380	20250922	202509	2025	2025.7178											EDU	STUDENT						EDU			0	020	020	02	1	3.0	12	2	6	3.38517840805124	0								3	Greenville County, South Carolina, United States	US	USSC		34.8834	-82.3665	1245489	3	Greenville County, South Carolina, United States	US	USSC		34.8834	-82.3665	1245489	20250922203000	https://www.ketv.com/article/greenville-student-chefs-school-lunch-competition/68005813
1264578381	20250922	202509	2025	2025.7178											EDU	STUDENT						EDU			0	036	036	03	1	4.0	3	1	3	1.05846774193548	0								3	University Of Massachusetts, Massachusetts, United States	US	USMA		42.389	-72.5287	601175	3	University Of Massachusetts, Massachusetts, United States	US	USMA		42.389	-72.5287	601175	20250922203000	https://recorder.com/2025/09/22/university-massachusetts-brutalist-buildings/
1264578382	20250922	202509	2025	2025.7178											EDU	STUDENT						EDU			1	040	040	04	1	1.0	10	1	10	2.06718346253229	0								1	Egypt	EG	EG		27	30	EG	1	Egypt	EG	EG		27	30	EG	20250922203000	https://www.therip.com/features/2025/09/22/umojas-return-from-egypt/
1264578383	20250922	202509	2025	2025.7178											EDU	SCHOOL						EDU			0	042	042	04	1	1.9	12	2	6	3.38517840805124	0								3	Greenville County, South Carolina, United States	US	USSC		34.8834	-82.3665	1245489	3	Greenville County, South Carolina, United States	US	USSC		34.8834	-82.3665	1245489	20250922203000	https://www.ketv.com/article/greenville-student-chefs-school-lunch-competition/68005813
1264578384	20250922	202509	2025	2025.7178											EDU	STUDENT						EDU			0	043	043	04	1	2.8	2	2	2	3.38517840805124	0								3	Greenville County, South Carolina, United States	US	USSC		34.8834	-82.3665	1245489	2	South Carolina, United States	US	USSC		33.8191	-80.9066	SC	20250922203000	https://www.ketv.com/article/greenville-student-chefs-school-lunch-competition/68005813
1264578385	20250922	202509	2025	2025.7178											EDU	SCHOOL						EDU			1	043	043	04	1	2.8	10	1	10	4.31965442764579	0								3	Sacred Heart Catholic Church, Virginia, United States	US	USVA		37.994	-79.8292	1690845	3	Sacred Heart Catholic Church, Virginia, United States	US	USVA		37.994	-79.8292	1690845	20250922203000	http://www.morningsun.net/stories/james-jim-ray-bugni,249972
1264578386	20250922	202509	2025	2025.7178											EDU	STUDENT						EDU			1	043	043	04	1	2.8	26	2	14	3.38517840805124	0								2	South Carolina, United States	US	USSC		33.8191	-80.9066	SC	3	Greenville, South Carolina, United States	US	USSC	SC045	34.8526	-82.394	1245842	20250922203000	https://www.ketv.com/article/greenville-student-chefs-school-lunch-competition/68005813
1264578387	20250922	202509	2025	2025.7178											EDU	STUDENT						EDU			0	051	051	05	1	3.4	3	1	3	1.05846774193548	0								3	University Of Massachusetts, Massachusetts, United States	US	USMA		42.389	-72.5287	601175	3	University Of Massachusetts, Massachusetts, United States	US	USMA		42.389	-72.5287	601175	20250922203000	https://recorder.com/2025/09/22/university-massachusetts-brutalist-buildings/
1264578388	20250922	202509	2025	2025.7178											EGY	EGYPT	EGY								0	036	036	03	1	4.0	10	1	10	-4.41176470588235	0								4	Cairo, Al Qahirah, Egypt	EG	EG11	65350	30.05	31.25	-290692	4	Cairo, Al Qahirah, Egypt	EG	EG11	65350	30.05	31.25	-290692	20250922203000	https://www.indiatoday.in/world/story/who-is-alaa-abd-el-fattah-egypts-arab-spring-activist-pardoned-after-12-years-glbs-2791683-2025-09-23
1264578389	20250922	202509	2025	2025.7178											EGY	EGYPT	EGY								1	080	080	08	2	5.0	2	1	2	2.69709543568465	0								2	New York, United States	US	USNY		42.1497	-74.9384	NY	2	New York, United States	US	USNY		42.1497	-74.9384	NY	20250922203000	https://politicaldog101.com/2025/09/ny-democratic-rep-ocasio-cortez-senate-or-president/
1264578390	20250922	202509	2025	2025.7178											EGY	EGYPT	EGY								1	120	120	12	3	-4.0	2	1	2	2.69709543568465	0								4	Alexandria, Al Iskandariyah, Egypt	EG	EG06	61590	31.1981	29.9192	-290263	4	Alexandria, Al Iskandariyah, Egypt	EG	EG06	61590	31.1981	29.9192	-290263	20250922203000	https://politicaldog101.com/2025/09/ny-democratic-rep-ocasio-cortez-senate-or-president/
1264578391	20250922	202509	2025	2025.7178											FRA	FRANCE	FRA								1	080	080	08	2	5.0	10	1	10	-1.8348623853211	0								0								0								20250922203000	https://www.standardspeaker.com/2025/09/22/tree-removal-begins-at-nescopeck-state-parks-lake-frances/
1264578392	20250922	202509	2025	2025.7178											GBR	UNITED KINGDOM	GBR								1	042	042	04	1	1.9	1	1	1	-2.99401197604791	0								4	Glasgow, Glasgow City, United Kingdom	UK	UKV2	40176	55.8333	-4.25	-2597039	3	Hollywood, California, United States	US	USCA	CA037	34.0983	-118.327	1660757	20250922203000	https://www.nydailynews.com/2025/09/22/tom-holland-concussion-filming-spider-man-sequel-filming-delayed/
1264578393	20250922	202509	2025	2025.7178											GOV	RULER						GOV			0	043	043	04	1	2.8	2	1	2	3.67965367965368	0								1	Maldives	MV	MV		3.2	73	MV	1	Maldives	MV	MV		3.2	73	MV	20250922203000	https://www.gulftoday.ae/news/2025/09/22/sheikh-sultan-attends-opening-of-25th-sharjah-international-narrator-forum
1264578394	20250922	202509	2025	2025.7178											GOV	RULER						GOV			0	043	043	04	1	2.8	3	1	3	3.67965367965368	0								1	Saudi Arabia	SA	SA		25	45	SA	1	Saudi Arabia	SA	SA		25	45	SA	20250922203000	https://www.gulftoday.ae/news/2025/09/22/sheikh-sultan-attends-opening-of-25th-sharjah-international-narrator-forum
1264578395	20250922	202509	2025	2025.7178											GOV	PRESIDENT						GOV			0	051	051	05	1	3.4	5	1	5	-7.83582089552242	0								4	Santo Tomas, Pampanga, Philippines	RP	RP50	24223	14.9483	120.623	-2452143	4	Santo Tomas, Pampanga, Philippines	RP	RP50	24223	14.9483	120.623	-2452143	20250922203000	https://malaya.com.ph/business/filipinos-fed-up-with-corruption-analysts-swift-reform-key-to-curbing-public-outrage/
1264578396	20250922	202509	2025	2025.7178											GOV	GOVERNMENT						GOV			1	0831	083	08	2	5.0	6	1	6	-9.27070457354761	0								4	Malacanang, Antique, Philippines	RP	RP06	24250	11.4031	122.055	-2436258	4	Malacanang, Antique, Philippines	RP	RP06	24250	11.4031	122.055	-2436258	20250922203000	https://malaya.com.ph/opinion/column-of-the-day/the-president-as-whistleblower/
1264578397	20250922	202509	2025	2025.7178											GOV	PRESIDENT						GOV			1	114	114	11	3	-2.0	6	1	6	-9.27070457354761	0								4	Philippine, Benguet, Philippines	RP	RP10	24213	16.45	120.55	-2445611	4	Philippine, Benguet, Philippines	RP	RP10	24213	16.45	120.55	-2445611	20250922203000	https://malaya.com.ph/opinion/column-of-the-day/the-president-as-whistleblower/
1264578398	20250922	202509	2025	2025.7178											GOV	GOVERNMENT						GOV			1	141	141	14	3	-6.5	6	1	6	-9.27070457354761	0								4	Malacanang, Antique, Philippines	RP	RP06	24250	11.4031	122.055	-2436258	4	Malacanang, Antique, Philippines	RP	RP06	24250	11.4031	122.055	-2436258	20250922203000	https://malaya.com.ph/opinion/column-of-the-day/the-president-as-whistleblower/
1264578399	20250922	202509	2025	2025.7178											IGOUNO	UNITED NATIONS		UNO				IGO			1	042	042	04	1	1.9	3	1	3	-1.78571428571428	0								4	Gaza, Israel (general), Israel	IS	IS00	18315	31.4167	34.3333	-797156	4	Paris, France (general), France	FR	FR00	16282	48.8667	2.33333	-1456928	20250922203000	https://www.theglobeandmail.com/world/article-palestine-state-gaza-israel-france-macron-united-nations-un/
1264578400	20250922	202509	2025	2025.7178											ISR	ISRAEL	ISR								0	123	123	12	3	-4.0	2	1	2	-1.25173852573018	0								4	Gaza, Israel (general), Israel	IS	IS00	18315	31.4167	34.3333	-797156	1	United Kingdom	UK	UK		54	-4	UK	20250922203000	https://www.hurriyetdailynews.com/france-recognizes-palestinian-state-at-un-213897
1264578401	20250922	202509	2025	2025.7178											ITA	ITALY	ITA								1	042	042	04	1	1.9	30	1	10	0.78554595443833	0								4	Portofino, Liguria, Italy	IT	IT08	18352	44.3	9.2	-125543	4	Portofino, Liguria, Italy	IT	IT08	18352	44.3	9.2	-125543	20250922203000	https://www.dailymail.co.uk/femail/article-15123407/barack-michelle-obama-italy-steven-spielberg-yacht.html
1264578402	20250922	202509	2025	2025.7178											ITA	ITALY	ITA								1	043	043	04	1	2.8	3	1	3	0.78554595443833	0								4	Portofino, Liguria, Italy	IT	IT08	18352	44.3	9.2	-125543	4	Portofino, Liguria, Italy	IT	IT08	18352	44.3	9.2	-125543	20250922203000	https://www.dailymail.co.uk/femail/article-15123407/barack-michelle-obama-italy-steven-spielberg-yacht.html
1264578403	20250922	202509	2025	2025.7178											JPN	JAPAN	JPN								1	060	060	06	2	6.0	10	1	10	1.84331797235023	0								4	Muroran, Hokkaido, Japan	JA	JA12	34265	42.3172	140.988	-237452	4	Muroran, Hokkaido, Japan	JA	JA12	34265	42.3172	140.988	-237452	20250922203000	https://militaryembedded.com/comms/vetronics/amv-xp-8x8-armored-vehicle-provided-to-japan-by-patria
1264578404	20250922	202509	2025	2025.7178											JPN	JAPAN	JPN								0	061	061	06	2	6.4	3	1	3	3.27298050139276	0								3	Chicago, Illinois, United States	US	USIL	IL031	41.85	-87.6501	423587	3	Chicago, Illinois, United States	US	USIL	IL031	41.85	-87.6501	423587	20250922203000	https://www.mcall.com/2025/09/22/jose-garces-okatshe-allentown-opening/
1264578405	20250922	202509	2025	2025.7178											JUD	JUDGE						JUD			0	020	020	02	1	3.0	10	1	10	-11.8644067796611	0								3	Houston, Texas, United States	US	USTX	TX201	29.7633	-95.3633	1380948	3	Houston, Texas, United States	US	USTX	TX201	29.7633	-95.3633	1380948	20250922203000	https://www.khou.com/article/news/crime/ding-dong-ditch-shooting-houston-update-gonzalo-leon-julian-gunzman/285-338edc29-b044-4f35-bd30-1688498b0222
1264578406	20250922	202509	2025	2025.7178											JUD	JUDGE						JUD			1	020	020	02	1	3.0	3	1	3	-10.3448275862069	0								3	Dedham, Massachusetts, United States	US	USMA	MA021	42.2418	-71.1662	612438	3	Dedham, Massachusetts, United States	US	USMA	MA021	42.2418	-71.1662	612438	20250922203000	https://www.boston.com/news/local-news/2025/09/22/livestream-karen-read-wrongful-death-lawsuit-hearing/
1264578407	20250922	202509	2025	2025.7178											JUD	LAWYER						JUD			0	020	020	02	1	3.0	6	1	6	-8.27389443651926	0								3	Manhattan, New York, United States	US	USNY	NY061	40.7834	-73.9662	971945	3	Manhattan, New York, United States	US	USNY	NY061	40.7834	-73.9662	971945	20250922203000	https://www.nydailynews.com/2025/09/22/inmate-at-mdc-brooklyn-gets-nine-years-for-role-in-jailhouse-stabbing-punching-guard/
1264578408	20250922	202509	2025	2025.7178											JUD	PROSECUTOR						JUD			1	051	051	05	1	3.4	2	1	2	-10.3448275862069	0								3	Boston, Massachusetts, United States	US	USMA	MA025	42.3584	-71.0598	617565	3	Boston, Massachusetts, United States	US	USMA	MA025	42.3584	-71.0598	617565	20250922203000	https://www.boston.com/news/local-news/2025/09/22/livestream-karen-read-wrongful-death-lawsuit-hearing/
1264578409	20250922	202509	2025	2025.7178											KAZ	KAZAKHSTAN	KAZ								1	061	061	06	2	6.4	5	1	5	3.26797385620915	0								2	California, United States	US	USCA		36.17	-119.746	CA	2	California, United States	US	USCA		36.17	-119.746	CA	20250922203000	https://www.upi.com/Top_News/US/2025/09/22/commerce-42B-deal-wabtec-kazakhstan/1381758567075/
1264578410	20250922	202509	2025	2025.7178											LEG	REPRESENTATIVES						LEG			1	020	020	02	1	3.0	10	1	10	-6.25	0								3	Hollywood, California, United States	US	USCA	CA037	34.0983	-118.327	1660757	3	Hollywood, California, United States	US	USCA	CA037	34.0983	-118.327	1660757	20250922203000	https://www.buzzfeed.com/natashajokic1/jimmy-kimmel-noah-centineo-disney-plus
1264578411	20250922	202509	2025	2025.7178											LEG	GENERAL ASSEMBLY						LEG			0	051	051	05	1	3.4	5	1	5	2.14067278287461	0								4	Mexico City, Distrito Federal, Mexico	MX	MX09	20887	19.4342	-99.1386	-1658079	4	Mexico City, Distrito Federal, Mexico	MX	MX09	20887	19.4342	-99.1386	-1658079	20250922203000	https://www.oas.org/en/media_center/press_release.asp?sCodigo=E-058/25
1264578412	20250922	202509	2025	2025.7178											MDV	MALDIVE	MDV								1	043	043	04	1	2.8	14	1	4	3.67965367965368	0								1	Maldives	MV	MV		3.2	73	MV	1	Maldives	MV	MV		3.2	73	MV	20250922203000	https://www.gulftoday.ae/news/2025/09/22/sheikh-sultan-attends-opening-of-25th-sharjah-international-narrator-forum
1264578413	20250922	202509	2025	2025.7178											MED	WRITER						MED			1	036	036	03	1	4.0	6	1	6	0.15649452269171	0								3	Phoenix, Arizona, United States	US	USAZ	AZ013	33.4484	-112.074	44784	3	Phoenix, Arizona, United States	US	USAZ	AZ013	33.4484	-112.074	44784	20250922203000	https://comicbook.com/tv-shows/news/harry-potter-fans-just-got-the-best-look-at-the-future-we-all-deserved-and-will-never-get/
1264578414	20250922	202509	2025	2025.7178											MED	TELEVISION						MED			1	042	042	04	1	1.9	10	1	10	-4.28571428571429	0								1	Canada	CA	CA		60	-96	CA	1	Canada	CA	CA		60	-96	CA	20250922203000	https://exclaim.ca/film/article/jimmy-kimmel-live-to-return-to-tv
1264578415	20250922	202509	2025	2025.7178											MED	MEDIA						MED			1	046	046	04	1	7.0	10	1	10	0.85106382978723	0								1	Australia	AS	AS		-25	135	AS	1	Australia	AS	AS		-25	135	AS	20250922203000	https://www.opportunitiesforafricans.com/the-women-deliver-2026-conference-wd2026-media-scholarships/
1264578416	20250922	202509	2025	2025.7178											MEX	MEXICO	MEX								1	040	040	04	1	1.0	3	1	3	-3.81679389312977	0								4	Tulum, Quintana Roo, Mexico	MX	MX23	20812	20.125	-87.45	6275817	4	Tulum, Quintana Roo, Mexico	MX	MX23	20812	20.125	-87.45	6275817	20250922203000	https://decider.com/2025/09/22/black-rabbit-episode-4-recap/
1264578417	20250922	202509	2025	2025.7178											MEX	MEXICO	MEX								0	042	042	04	1	1.9	9	1	9	-3.81679389312977	0								4	Tulum, Quintana Roo, Mexico	MX	MX23	20812	20.125	-87.45	6275817	4	Tulum, Quintana Roo, Mexico	MX	MX23	20812	20.125	-87.45	6275817	20250922203000	https://decider.com/2025/09/22/black-rabbit-episode-4-recap/
1264578418	20250922	202509	2025	2025.7178											MILCVL	MILITARY						MIL	CVL		1	036	036	03	1	4.0	2	1	2	3.23741007194245	0								3	Syracuse, New York, United States	US	USNY	NY067	43.0481	-76.1474	966966	3	Syracuse, New York, United States	US	USNY	NY067	43.0481	-76.1474	966966	20250922203000	https://www.cnybj.com/dav-recruitmilitary-to-host-military-community-job-fairs-in-syracuse-watertown-this-week/
1264578419	20250922	202509	2025	2025.7178											MNCUSA	NVIDIA	USA					MNC			1	013	013	01	1	0.4	10	1	10	3.94973070017953	0								2	Tennessee, United States	US	USTN		35.7449	-86.7489	TN	2	Tennessee, United States	US	USTN		35.7449	-86.7489	TN	20250922203000	https://www.miragenews.com/epb-quantum-unveils-hybrid-computing-feature-1538312/
1264578420	20250922	202509	2025	2025.7178											MNCUSABUS	DISNEY	USA					MNC	BUS		1	042	042	04	1	1.9	6	1	6	-2.69461077844312	0								1	United States	US	US		39.828175	-98.5795	US	1	United States	US	US		39.828175	-98.5795	US	20250922203000	https://indianexpress.com/article/world/after-massive-protests-abc-ended-jimmy-kimmels-suspension-says-the-show-will-return-on-tuesday-10265572/
1264578421	20250922	202509	2025	2025.7178											NZL	WELLINGTON	NZL								1	036	036	03	1	4.0	6	1	6	-1.91780821917808	0								4	Wellington, New Zealand (general), New Zealand	NZ	NZ00	22391	-41.3	174.783	-1521348	4	Wellington, New Zealand (general), New Zealand	NZ	NZ00	22391	-41.3	174.783	-1521348	20250922203000	https://www.rnz.co.nz/news/national/573821/north-island-main-trunk-line-reopened-after-heavy-rain-causes-slump
1264578422	20250922	202509	2025	2025.7178											NZL	NEW ZEALAND	NZL								1	0874	087	08	2	10.0	4	1	4	-1.91780821917808	0								4	Wellington, New Zealand (general), New Zealand	NZ	NZ00	22391	-41.3	174.783	-1521348	4	Wellington, New Zealand (general), New Zealand	NZ	NZ00	22391	-41.3	174.783	-1521348	20250922203000	https://www.rnz.co.nz/news/national/573821/north-island-main-trunk-line-reopened-after-heavy-rain-causes-slump
1264578423	20250922	202509	2025	2025.7178											ROU	ROMANIA									1	042	042	04	1	1.9	6	1	6	-1.33333333333334	0								2	Arizona, United States	US	USAZ		33.7712	-111.388	AZ	2	Arizona, United States	US	USAZ		33.7712	-111.388	AZ	20250922203000	https://www.primetimer.com/news/andrew-tate-touts-charlie-kirks-memorial-as-amazing-but-wonders-do-we-have-america-back
1264578424	20250922	202509	2025	2025.7178											RUS	RUSSIAN	RUS								0	061	061	06	2	6.4	1	1	1	-4.80274442538594	0								1	Russia	RS	RS		60	100	RS	1	Australia	AS	AS		-25	135	AS	20250922203000	https://www.sbs.com.au/news/article/were-accepting-russian-blood-oil-pressure-to-sanction-petroleum-made-of-russian-crude/kp2dtrcxy
1264578425	20250922	202509	2025	2025.7178											RUS	RUSSIA	RUS								0	061	061	06	2	6.4	2	1	2	-4.80274442538594	0								1	Russia	RS	RS		60	100	RS	1	Ukraine	UP	UP		49	32	UP	20250922203000	https://www.sbs.com.au/news/article/were-accepting-russian-blood-oil-pressure-to-sanction-petroleum-made-of-russian-crude/kp2dtrcxy
1264578426	20250922	202509	2025	2025.7178											SVK	SLOVAKIA	SVK								1	043	043	04	1	2.8	3	1	3	2.81690140845071	0								4	Bratislava, Bratislavsky Kraj, Slovak Republic	LO	LO02	25445	48.15	17.1167	-840999	4	Bratislava, Bratislavsky Kraj, Slovak Republic	LO	LO02	25445	48.15	17.1167	-840999	20250922203000	https://enrsi.stvr.sk/articles/so-slovak/415684/special-holiday-broadcast-feast-of-our-lady-of-sorrows
1264578427	20250922	202509	2025	2025.7178											TJKGOV	TAJIK	TJK					GOV			1	040	040	04	1	1.0	6	1	6	2.27272727272727	0								4	Dushanbe, Tajikistan (general), Tajikistan	TI	TI00	37623	38.56	68.7739	-2555530	4	Dushanbe, Tajikistan (general), Tajikistan	TI	TI00	37623	38.56	68.7739	-2555530	20250922203000	https://www.trend.az/casia/tajikistan/4093989.html
1264578428	20250922	202509	2025	2025.7178											TJKGOV	TAJIK	TJK					GOV			1	046	046	04	1	7.0	6	1	6	2.27272727272727	0								4	Dushanbe, Tajikistan (general), Tajikistan	TI	TI00	37623	38.56	68.7739	-2555530	4	Dushanbe, Tajikistan (general), Tajikistan	TI	TI00	37623	38.56	68.7739	-2555530	20250922203000	https://www.trend.az/casia/tajikistan/4093989.html
1264578429	20250922	202509	2025	2025.7178											USA	UNITED STATES	USA								1	014	014	01	1	0.0	14	7	14	-3.7501813926634	0								3	Hollywood, California, United States	US	USCA	CA037	34.0983	-118.327	1660757	3	Hollywood, California, United States	US	USCA	CA037	34.0983	-118.327	1660757	20250922203000	https://www.kiiitv.com/article/news/nation-world/jimmy-kimmel-returning-tuesday-after-suspension/507-296d3383-7f0e-4583-bb91-6b40a253b886
1264578430	20250922	202509	2025	2025.7178											USA	UNITED STATES	USA								1	031	031	03	1	5.2	8	1	8	1.76077717061324	0								3	Chaffee County, Colorado, United States	US	USCO		38.7667	-106.184	198123	3	Chaffee County, Colorado, United States	US	USCO		38.7667	-106.184	198123	20250922203000	https://www.themountainmail.com/news/commissioners-discuss-lodging-tax-metab/article_84a5f6c7-2d51-43f5-8eb1-4c54785f6c2e.html
1264578431	20250922	202509	2025	2025.7178											USA	UNITED STATES	USA								1	036	036	03	1	4.0	2	1	2	2.34899328859061	0								3	Boise, Idaho, United States	US	USID	ID001	43.6135	-116.203	400590	3	Boise, Idaho, United States	US	USID	ID001	43.6135	-116.203	400590	20250922203000	https://www.ktvb.com/article/news/local/boise-new-director-parks-and-recreation/277-90f27455-6c0c-4a32-bc43-7140cb1ec51d
1264578432	20250922	202509	2025	2025.7178											USA	UNITED STATES	USA								1	036	036	03	1	4.0	2	1	2	-4.85436893203883	0								2	Indiana, United States	US	USIN		39.8647	-86.2604	IN	2	Indiana, United States	US	USIN		39.8647	-86.2604	IN	20250922203000	https://www.ballstatedailynews.com/article/aclu-of-indiana-sues-ball-state-president-over-employees-firing-daily-news-20250922
1264578433	20250922	202509	2025	2025.7178											USA	UNITED STATES	USA								1	040	040	04	1	1.0	4	1	4	2.34899328859061	0								3	Boise, Idaho, United States	US	USID	ID001	43.6135	-116.203	400590	3	Boise, Idaho, United States	US	USID	ID001	43.6135	-116.203	400590	20250922203000	https://www.ktvb.com/article/news/local/boise-new-director-parks-and-recreation/277-90f27455-6c0c-4a32-bc43-7140cb1ec51d
1264578434	20250922	202509	2025	2025.7178											USA	NEW YORK	USA								0	042	042	04	1	1.9	1	1	1	-2.82167042889391	0								4	Tehran, Tehran, Iran	IR	IR26	41130	35.75	51.5148	10074674	4	Tehran, Tehran, Iran	IR	IR26	41130	35.75	51.5148	10074674	20250922203000	https://hotair.com/ed-morrissey/2025/09/22/irans-people-deserve-international-support-for-their-resistance-and-right-to-self-determination-n3807055
1264578435	20250922	202509	2025	2025.7178											USA	UNITED STATES	USA								1	042	042	04	1	1.9	8	1	8	9.13461538461539	0								3	Nelson County, North Dakota, United States	US	USND		47.9417	-98.1837	1034217	3	Nelson County, North Dakota, United States	US	USND		47.9417	-98.1837	1034217	20250922203000	https://www.devilslakejournal.com/top-stories/9283/nelson-county-arts-council-event-sep-28/
1264578436	20250922	202509	2025	2025.7178											USA	UNITED STATES	USA								0	042	042	04	1	1.9	8	2	4	3.38517840805124	0								3	Greenville County, South Carolina, United States	US	USSC		34.8834	-82.3665	1245489	3	Greenville County, South Carolina, United States	US	USSC		34.8834	-82.3665	1245489	20250922203000	https://www.ketv.com/article/greenville-student-chefs-school-lunch-competition/68005813
1264578437	20250922	202509	2025	2025.7178											USA	UNITED STATES	USA								1	042	042	04	1	1.9	2	1	2	3.21568627450981	0								3	Chinati, Texas, United States	US	USTX	TX377	29.8241	-104.606	2034438	3	Chinati, Texas, United States	US	USTX	TX377	29.8241	-104.606	2034438	20250922203000	https://www.vogue.com/article/marfa-texas-travel-guide
1264578438	20250922	202509	2025	2025.7178											USA	TEXAS	USA								1	042	042	04	1	1.9	3	1	3	3.21568627450981	0								3	Chihuahuan Desert, Texas, United States	US	USTX		31.4409	-105.561	2711505	3	Chihuahuan Desert, Texas, United States	US	USTX		31.4409	-105.561	2711505	20250922203000	https://www.vogue.com/article/marfa-texas-travel-guide
1264578439	20250922	202509	2025	2025.7178											USA	FLORIDA	USA								1	042	042	04	1	1.9	10	1	10	3.46385542168675	0								3	Hutchinson Island, Florida, United States	US	USFL		27.2962	-80.2162	307990	3	Hutchinson Island, Florida, United States	US	USFL		27.2962	-80.2162	307990	20250922203000	https://www.wqcs.org/wqcs-news/2025-09-22/turtles-return-to-florida-oceanographic-society-for-long-term-care
1264578440	20250922	202509	2025	2025.7178											USA	CHICAGO	USA								1	042	042	04	1	1.9	5	1	5	-4.24528301886792	0								3	Blue Island, Illinois, United States	US	USIL		41.6573	-87.68	404592	3	Blue Island, Illinois, United States	US	USIL		41.6573	-87.68	404592	20250922203000	https://13wham.com/news/local/missing-rochester-girl-found-in-illinois-with-men-staying-in-us-illegally-united-states-marshals-service-blue-island
1264578441	20250922	202509	2025	2025.7178											USA	UNITED STATES	USA								1	042	042	04	1	1.9	2	1	2	-4.30379746835443	0								3	Washington, District of Columbia, United States	US	USDC	DC001	38.8951	-77.0364	531871	1	United Kingdom	UK	UK		54	-4	UK	20250922203000	https://www.lbc.co.uk/article/jimmy-kimmel-return-charlie-kirk-5HjdDMd_2/
1264578442	20250922	202509	2025	2025.7178											USA	MASSACHUSETTS	USA								1	042	042	04	1	1.9	5	1	5	1.89243027888446	0								3	Hampshire County, Massachusetts, United States	US	USMA		42.3334	-72.5829	606934	3	Hampshire County, Massachusetts, United States	US	USMA		42.3334	-72.5829	606934	20250922203000	https://recorder.com/2025/09/22/carol-conragan-child-advocate/
1264578443	20250922	202509	2025	2025.7178											USA	LOS ANGELES	USA								1	042	042	04	1	1.9	10	1	10	0.3030303030303	0								1	New Zealand	NZ	NZ		-42	174	NZ	1	New Zealand	NZ	NZ		-42	174	NZ	20250922203000	https://xpn.org/wc-stephen-king-the-beths-liz-stokes/
1264578444	20250922	202509	2025	2025.7178											USA	UNITED STATES	USA								0	043	043	04	1	2.8	4	1	4	-2.19224283305227	0								3	Capitol Hill, Utah, United States	US	USUT		40.7844	-111.867	1454256	3	Capitol Hill, Utah, United States	US	USUT		40.7844	-111.867	1454256	20250922203000	https://www.fitsnews.com/2025/09/22/58-house-democrats-snub-charlie-kirk-resolution/
1264578445	20250922	202509	2025	2025.7178											USA	UNITED STATES	USA								1	043	043	04	1	2.8	2	1	2	3.21568627450981	0								3	Chinati, Texas, United States	US	USTX	TX377	29.8241	-104.606	2034438	3	Chinati, Texas, United States	US	USTX	TX377	29.8241	-104.606	2034438	20250922203000	https://www.vogue.com/article/marfa-texas-travel-guide
1264578446	20250922	202509	2025	2025.7178											USA	UNITED STATES	USA								0	043	043	04	1	2.8	4	2	4	0.89171974522293	0								3	Orange County, California, United States	US	USCA		33.7	-117.768	277294	3	Orange County, California, United States	US	USCA		33.7	-117.768	277294	20250922203000	https://www.ocregister.com/2025/09/22/when-will-disneyland-raise-ticket-prices-likely-in-the-next-few-weeks-2/
1264578447	20250922	202509	2025	2025.7178											USA	CONNECTICUT	USA								1	046	046	04	1	7.0	5	1	5	7.67634854771784	0								3	New London, Connecticut, United States	US	USCT		41.3557	-72.0995	209237	3	New London, Connecticut, United States	US	USCT		41.3557	-72.0995	209237	20250922203000	https://patch.com/connecticut/newtown/newtown-selectmen-approve-state-recognized-cultural-district-highlight-arts
1264578448	20250922	202509	2025	2025.7178											USA	UNITED STATES	USA								1	046	046	04	1	7.0	4	1	4	3.60824742268041	0								3	Chillicothe, Missouri, United States	US	USMO	MO117	39.7953	-93.5524	715783	3	Chillicothe, Missouri, United States	US	USMO	MO117	39.7953	-93.5524	715783	20250922203000	https://www.kttn.com/chillicothe-city-council-accepts-2024-25-audit/
1264578449	20250922	202509	2025	2025.7178											USA	NEW YORK	USA								0	051	051	05	1	3.4	2	1	2	-3.87374461979914	0								3	Roosevelt Island, New York, United States	US	USNY		40.7626	-73.9493	979966	3	Roosevelt Island, New York, United States	US	USNY		40.7626	-73.9493	979966	20250922203000	https://www.nydailynews.com/2025/09/22/zohran-mamdani-cancels-abc-town-hall-appearance-in-protest-of-jimmy-kimmel-suspension/
1264578450	20250922	202509	2025	2025.7178											USA	UNITED STATES	USA								1	062	062	06	2	7.4	1	1	1	-2.42214532871972	0								1	Dominican Republic	DR	DR		19	-70.666667	DR	1	Dominican Republic	DR	DR		19	-70.666667	DR	20250922203000	https://legalinsurrection.com/2025/09/dominican-republic-claims-boat-hit-by-u-s-navy-had-over-a-ton-of-cocaine/
1264578451	20250922	202509	2025	2025.7178											USA	UNITED STATES	USA								1	080	080	08	2	5.0	4	1	4	-6.09318996415771	0								3	Bluffdale, Utah, United States	US	USUT	UT035	40.4897	-111.939	1425844	3	Bluffdale, Utah, United States	US	USUT	UT035	40.4897	-111.939	1425844	20250922203000	https://www.eastidahonews.com/2025/09/man-hid-in-childs-room-in-utah-for-10-days-police-say/
1264578452	20250922	202509	2025	2025.7178											USA	UNITED STATES	USA								1	084	084	08	2	7.0	1	1	1	0	0								2	Colorado, United States	US	USCO		39.0646	-105.327	CO	3	Boulder, Colorado, United States	US	USCO	CO013	40.015	-105.271	178680	20250922203000	https://www.denverpost.com/2025/09/22/donald-zukerman-departure/
1264578453	20250922	202509	2025	2025.7178											USA	UNITED STATES	USA								1	084	084	08	2	7.0	1	1	1	0	0								2	Colorado, United States	US	USCO		39.0646	-105.327	CO	2	Colorado, United States	US	USCO		39.0646	-105.327	CO	20250922203000	https://www.denverpost.com/2025/09/22/donald-zukerman-departure/
1264578454	20250922	202509	2025	2025.7178											USA	UNITED STATES	USA								1	100	100	10	3	-5.0	2	1	2	-2.0979020979021	0								3	White House, District of Columbia, United States	US	USDC		38.8951	-77.0364	531871	2	Louisiana, United States	US	USLA		31.1801	-91.8749	LA	20250922203000	https://hotair.com/headlines/2025/09/22/sen-bill-cassidys-2026-primary-looms-as-rep-julia-letlow-considers-running-n3807041
1264578455	20250922	202509	2025	2025.7178											USA	INDIANA	USA								1	110	110	11	3	-2.0	3	1	3	-0.507614213197971	0								2	Indiana, United States	US	USIN		39.8647	-86.2604	IN	2	Indiana, United States	US	USIN		39.8647	-86.2604	IN	20250922203000	https://www.wbaa.org/local-news/2025-09-22/advocates-say-indianas-unemployment-benefits-arent-enough-to-meet-basic-needs
1264578456	20250922	202509	2025	2025.7178											USA	UNITED STATES	USA								1	111	111	11	3	-2.0	2	1	2	-5.14705882352941	0								3	Memorial Hermann Hospital, Texas, United States	US	USTX		29.7142	-95.3959	2015860	3	Houston, Texas, United States	US	USTX	TX201	29.7633	-95.3633	1380948	20250922203000	https://www.khou.com/article/news/crime/neighbors-rescue-katy-texas-woman-pit-bull-attack/285-e54e9040-4b31-4c61-881f-f1314f8e9407
1264578457	20250922	202509	2025	2025.7178											USA	UNITED STATES	USA								1	111	111	11	3	-2.0	2	1	2	-5.14705882352941	0								3	Memorial Hermann Hospital, Texas, United States	US	USTX		29.7142	-95.3959	2015860	2	Texas, United States	US	USTX		31.106	-97.6475	TX	20250922203000	https://www.khou.com/article/news/crime/neighbors-rescue-katy-texas-woman-pit-bull-attack/285-e54e9040-4b31-4c61-881f-f1314f8e9407
1264578458	20250922	202509	2025	2025.7178											USA	UNITED STATES	USA								0	112	112	11	3	-2.0	4	1	4	-10.2150537634408	0								3	Olmsted County, Minnesota, United States	US	USMN		44.0005	-92.4502	659500	3	Olmsted County, Minnesota, United States	US	USMN		44.0005	-92.4502	659500	20250922203000	https://krforadio.com/ixp/669/p/guilty-verdict-murder-crash-olmsted-county/
1264578459	20250922	202509	2025	2025.7178											USA	UNITED STATES	USA								0	112	112	11	3	-2.0	4	1	4	-12.6050420168067	0								3	Queens Village, New York, United States	US	USNY		40.7268	-73.7415	962086	3	Queens Village, New York, United States	US	USNY		40.7268	-73.7415	962086	20250922203000	https://www.mcall.com/2025/09/22/2-people-charged-fight-bethlehem-club-shooting/
1264578460	20250922	202509	2025	2025.7178											USA	UNITED STATES	USA								1	1124	112	11	3	-2.0	2	1	2	-4.5346062052506	0								3	Clark Fork, Montana, United States	US	USMT		44.7749	-112.222	781331	3	Clark Fork, Montana, United States	US	USMT		44.7749	-112.222	781331	20250922203000	https://www.ktvh.com/news/mtn-outdoors/judge-temporarily-halts-irrigation-near-grant-kohrs-ranch-over-bull-trout-endangerment
1264578461	20250922	202509	2025	2025.7178											USA	UNITED STATES	USA								1	1124	112	11	3	-2.0	2	1	2	7.90378006872852	0								2	Nebraska, United States	US	USNE		41.1289	-98.2883	NE	2	Nebraska, United States	US	USNE		41.1289	-98.2883	NE	20250922203000	https://fremonttribune.com/life-entertainment/local/travel/article_08e06e5b-80a6-47cd-bada-f4526dc30a42.html
1264578462	20250922	202509	2025	2025.7178											USA	UNITED STATES	USA								0	173	173	17	4	-5.0	2	1	2	-2.20162224797219	0								3	Los Angeles, California, United States	US	USCA		34.0522	-118.244	1662328	3	Los Angeles, California, United States	US	USCA		34.0522	-118.244	1662328	20250922203000	https://www.aol.com/articles/jimmy-kimmels-show-return-air-193923064.html
1264578463	20250922	202509	2025	2025.7178											USA	UNITED STATES	USA								0	173	173	17	4	-5.0	4	1	4	-10.2150537634408	0								3	Olmsted County, Minnesota, United States	US	USMN		44.0005	-92.4502	659500	3	Olmsted County, Minnesota, United States	US	USMN		44.0005	-92.4502	659500	20250922203000	https://krforadio.com/ixp/669/p/guilty-verdict-murder-crash-olmsted-county/
1264578464	20250922	202509	2025	2025.7178											USA	UNITED STATES	USA								0	180	180	18	4	-9.0	4	1	4	-12.6050420168067	0								3	Queens Village, New York, United States	US	USNY		40.7268	-73.7415	962086	3	Queens Village, New York, United States	US	USNY		40.7268	-73.7415	962086	20250922203000	https://www.mcall.com/2025/09/22/2-people-charged-fight-bethlehem-club-shooting/
1264578465	20250922	202509	2025	2025.7178											USA	UNITED STATES	USA								0	190	190	19	4	-10.0	5	1	5	-3.79876796714579	0								3	Midtown Plaza, North Carolina, United States	US	USNC		36.4029	-79.9712	1007686	3	Midtown Plaza, North Carolina, United States	US	USNC		36.4029	-79.9712	1007686	20250922203000	https://www.journalpatriot.com/news/helene-hit-western-nc-a-year-ago-this-week/article_038be025-866d-5def-9f1c-2423e981bba9.html
1264578466	20250922	202509	2025	2025.7178											USA	UNITED STATES	USA								1	190	190	19	4	-10.0	2	1	2	-4.83870967741936	0								3	Davis County, Utah, United States	US	USUT		41.0005	-112.001	1448020	3	Davis County, Utah, United States	US	USUT		41.0005	-112.001	1448020	20250922203000	https://midutahradio.com/news/local-news/ohv-rider-killed-in-sanpete-county-crash/
1264578467	20250922	202509	2025	2025.7178											USA	UNITED STATES	USA								0	190	190	19	4	-10.0	1	1	1	-3.79876796714579	0								3	Memorial Park, North Carolina, United States	US	USNC		35.8929	-80.0837	989725	3	Wilkesboro, North Carolina, United States	US	USNC	NC193	36.146	-81.1606	997336	20250922203000	https://www.journalpatriot.com/news/helene-hit-western-nc-a-year-ago-this-week/article_038be025-866d-5def-9f1c-2423e981bba9.html
1264578468	20250922	202509	2025	2025.7178											USA	OHIO	USA								1	190	190	19	4	-10.0	3	1	3	-8.53658536585366	0								2	Ohio, United States	US	USOH		40.3736	-82.7755	OH	3	Richland County, Ohio, United States	US	USOH		40.7834	-82.5499	1074082	20250922203000	https://myfox28columbus.com/news/local/us-30-crash-mansfield-ohio-fatal-lexington-cody-newton-erica-newton-vehicle-accident-single-vehicle-tree-impact-injuries-police-emergency-response
1264578469	20250922	202509	2025	2025.7178											USACOP	CHICAGO	USA					COP			1	051	051	05	1	3.4	6	1	6	1.64473684210527	0								3	Chicago, Illinois, United States	US	USIL	IL031	41.85	-87.6501	423587	3	Chicago, Illinois, United States	US	USIL	IL031	41.85	-87.6501	423587	20250922203000	https://www.journal-topics.com/articles/new-village-manager-hire-goes-to-niles-trustees/
1264578470	20250922	202509	2025	2025.7178											USAGOV	NEW JERSEY	USA					GOV			1	190	190	19	4	-10.0	6	1	6	-3.2051282051282	0								2	New Jersey, United States	US	USNJ		40.314	-74.5089	NJ	2	New Jersey, United States	US	USNJ		40.314	-74.5089	NJ	20250922203000	https://6abc.com/post/candidates-clash-new-jersey-governors-debate-between-democrat-mikie-sherrill-republican-jack-ciattarelli/17865940/
1264578471	20250922	202509	2025	2025.7178											USAHLH	UNITED STATES	USA					HLH			1	042	042	04	1	1.9	4	1	4	-2.89855072463768	0								3	Kings County, New York, United States	US	USNY		40.6501	-73.9496	974122	3	Kings County, New York, United States	US	USNY		40.6501	-73.9496	974122	20250922203000	https://www.nydailynews.com/2025/09/22/brooklyn-teen-shot-in-neck-his-dad-questioned-by-nypd-over-accidental-discharge/
1264578472	20250922	202509	2025	2025.7178											USAJUD	UNITED STATES	USA					JUD			1	042	042	04	1	1.9	1	1	1	-7.20720720720721	0								3	Armstrong County, Pennsylvania, United States	US	USPA		41.1253	-79.6831	1213658	3	Armstrong County, Pennsylvania, United States	US	USPA		41.1253	-79.6831	1213658	20250922203000	https://www.winnipegfreepress.com/world/2025/09/22/woman-charged-with-homicide-after-remains-of-her-4-infants-found-in-pennsylvania-house
1264578473	20250922	202509	2025	2025.7178											USALEG	MINNESOTA	USA					LEG			1	042	042	04	1	1.9	6	1	6	-3.7037037037037	0								2	Minnesota, United States	US	USMN		45.7326	-93.9196	MN	2	Minnesota, United States	US	USMN		45.7326	-93.9196	MN	20250922203000	https://www.fox21online.com/2025/09/22/tomassoni-tour-raises-321000-breaks-fundraising-record/
1264578474	20250922	202509	2025	2025.7178											USAMED	AMERICAN	USA					MED			1	042	042	04	1	1.9	6	1	6	-2.20588235294118	0								3	White House, District of Columbia, United States	US	USDC		38.8951	-77.0364	531871	3	White House, District of Columbia, United States	US	USDC		38.8951	-77.0364	531871	20250922203000	https://www.thejournal.ie/jimmy-kimmel-show-back-6823936-Sep2025/
1264578475	20250922	202509	2025	2025.7178											ZWE	ZIMBABWE	ZWE								0	014	014	01	1	0.0	4	1	4	1.26262626262626	0								4	Salisbury, Mashonaland East, Zimbabwe	ZI	ZI04	40197	-17.8178	31.0447	-2312291	4	Salisbury, Mashonaland East, Zimbabwe	ZI	ZI04	40197	-17.8178	31.0447	-2312291	20250922203000	https://www.salisburyjournal.co.uk/news/25481151.salisbury-city-council-approves-motion-new-footpath/
1264578476	20250922	202509	2025	2025.7178											ZWE	SALISBURY	ZWE								1	040	040	04	1	1.0	6	1	6	1.26262626262626	0								4	Salisbury, Mashonaland East, Zimbabwe	ZI	ZI04	40197	-17.8178	31.0447	-2312291	4	Salisbury, Mashonaland East, Zimbabwe	ZI	ZI04	40197	-17.8178	31.0447	-2312291	20250922203000	https://www.salisburyjournal.co.uk/news/25481151.salisbury-city-council-approves-motion-new-footpath/
1264578477	20250922	202509	2025	2025.7178	AFGGOV	AFGHANISTAN	AFG					GOV													0	050	050	05	1	3.5	2	1	2	-1.72143974960876	4	Bagram, Parvan, Afghanistan	AF	AF40	99925	34.9669	69.265	-3369796	0								1	Syria	SY	SY		35	38	SY	20250922203000	https://reason.com/2025/09/22/why-does-trump-want-u-s-troops-back-in-afghanistan/
1264578478	20250922	202509	2025	2025.7178	AFGGOV	AFGHANISTAN	AFG					GOV													0	050	050	05	1	3.5	2	1	2	-1.72143974960876	4	Bagram, Parvan, Afghanistan	AF	AF40	99925	34.9669	69.265	-3369796	0								1	Vietnam, Republic Of	VM	VM		16.166667	107.833333	VM	20250922203000	https://reason.com/2025/09/22/why-does-trump-want-u-s-troops-back-in-afghanistan/
1264578479	20250922	202509	2025	2025.7178	AFGGOV	AFGHANISTAN	AFG					GOV			AFGGOV	AFGHANISTAN	AFG					GOV			0	020	020	02	1	3.0	2	1	2	-1.72143974960876	4	Bagram, Parvan, Afghanistan	AF	AF40	99925	34.9669	69.265	-3369796	4	Bagram, Parvan, Afghanistan	AF	AF40	99925	34.9669	69.265	-3369796	4	Bagram, Parvan, Afghanistan	AF	AF40	99925	34.9669	69.265	-3369796	20250922203000	https://reason.com/2025/09/22/why-does-trump-want-u-s-troops-back-in-afghanistan/
1264578480	20250922	202509	2025	2025.7178	AFGINSTAL	TALIBAN	AFG	TAL				INS			GOV	GOVERNMENT OFFICIAL						GOV			1	043	043	04	1	2.8	10	1	10	-4.72673559822747	1	Afghanistan	AF	AF		33	66	AF	1	Afghanistan	AF	AF		33	66	AF	1	Afghanistan	AF	AF		33	66	AF	20250922203000	https://www.jurist.org/commentary/2025/09/the-internet-is-our-only-light-under-taliban-rule/
1264578481	20250922	202509	2025	2025.7178	AFGINSTALGOV	TALIBAN	AFG	TAL				INS	GOV												1	0311	031	03	1	5.2	5	1	5	-1.72143974960876	1	United States	US	US		39.828175	-98.5795	US	0								4	Bagram, Parvan, Afghanistan	AF	AF40	99925	34.9669	69.265	-3369796	20250922203000	https://reason.com/2025/09/22/why-does-trump-want-u-s-troops-back-in-afghanistan/
1264578482	20250922	202509	2025	2025.7178	AFGINSTALGOV	TALIBAN	AFG	TAL				INS	GOV		AFGGOV	AFGHANISTAN	AFG					GOV			1	040	040	04	1	1.0	2	1	2	-1.72143974960876	4	Bagram, Parvan, Afghanistan	AF	AF40	99925	34.9669	69.265	-3369796	4	Bagram, Parvan, Afghanistan	AF	AF40	99925	34.9669	69.265	-3369796	4	Bagram, Parvan, Afghanistan	AF	AF40	99925	34.9669	69.265	-3369796	20250922203000	https://reason.com/2025/09/22/why-does-trump-want-u-s-troops-back-in-afghanistan/
1264578483	20250922	202509	2025	2025.7178	AFGINSTALGOV	TALIBAN	AFG	TAL				INS	GOV		AFGGOV	AFGHANISTAN	AFG					GOV			1	050	050	05	1	3.5	2	1	2	-1.72143974960876	1	United States	US	US		39.828175	-98.5795	US	4	Bagram, Parvan, Afghanistan	AF	AF40	99925	34.9669	69.265	-3369796	4	Bagram, Parvan, Afghanistan	AF	AF40	99925	34.9669	69.265	-3369796	20250922203000	https://reason.com/2025/09/22/why-does-trump-want-u-s-troops-back-in-afghanistan/
1264578484	20250922	202509	2025	2025.7178	AFGINSTALGOV	TALIBAN	AFG	TAL				INS	GOV		GOV	ADMINISTRATION						GOV			1	040	040	04	1	1.0	2	1	2	-1.72143974960876	1	Vietnam, Republic Of	VM	VM		16.166667	107.833333	VM	1	Syria	SY	SY		35	38	SY	1	Vietnam, Republic Of	VM	VM		16.166667	107.833333	VM	20250922203000	https://reason.com/2025/09/22/why-does-trump-want-u-s-troops-back-in-afghanistan/
1264578485	20250922	202509	2025	2025.7178	AFGINSTALGOV	TALIBAN	AFG	TAL				INS	GOV		GOV	ADMINISTRATION						GOV			1	040	040	04	1	1.0	1	1	1	-1.72143974960876	1	Vietnam, Republic Of	VM	VM		16.166667	107.833333	VM	1	Vietnam, Republic Of	VM	VM		16.166667	107.833333	VM	1	Vietnam, Republic Of	VM	VM		16.166667	107.833333	VM	20250922203000	https://reason.com/2025/09/22/why-does-trump-want-u-s-troops-back-in-afghanistan/
1264578486	20250922	202509	2025	2025.7178	AFGINSTALGOV	TALIBAN	AFG	TAL				INS	GOV		GOV	ADMINISTRATION						GOV			1	050	050	05	1	3.5	3	1	3	-1.72143974960876	1	United States	US	US		39.828175	-98.5795	US	1	United States	US	US		39.828175	-98.5795	US	1	United States	US	US		39.828175	-98.5795	US	20250922203000	https://reason.com/2025/09/22/why-does-trump-want-u-s-troops-back-in-afghanistan/
1264578487	20250922	202509	2025	2025.7178	AGR	FARMER						AGR			MED	WEBSITE						MED			0	042	042	04	1	1.9	10	1	10	-4.51127819548872	2	North Dakota, United States	US	USND		47.5362	-99.793	ND	2	North Dakota, United States	US	USND		47.5362	-99.793	ND	2	North Dakota, United States	US	USND		47.5362	-99.793	ND	20250922203000	https://www.kfyrtv.com/2025/09/22/bird-flu-move-what-know-this-season/
1264578488	20250922	202509	2025	2025.7178	ARE	UNITED ARAB EMIRATES	ARE								IDN	INDONESIA	IDN								1	036	036	03	1	4.0	2	1	2	-0.5249343832021	1	United States	US	US		39.828175	-98.5795	US	1	United States	US	US		39.828175	-98.5795	US	1	Ukraine	UP	UP		49	32	UP	20250922203000	https://www.dailystar.co.uk/news/us-news/donald-trump-make-major-announcement-35946916
1264578489	20250922	202509	2025	2025.7178	ARE	UNITED ARAB EMIRATES	ARE								ISR	ISRAEL	ISR								0	045	045	04	1	5.0	2	1	2	-1.78571428571428	1	United Arab Emirates	AE	AE		24	54	AE	1	United Arab Emirates	AE	AE		24	54	AE	1	United Arab Emirates	AE	AE		24	54	AE	20250922203000	https://www.theglobeandmail.com/world/article-palestine-state-gaza-israel-france-macron-united-nations-un/
1264578490	20250922	202509	2025	2025.7178	ARE	UNITED ARAB EMIRATES	ARE								QAT	QATAR	QAT								1	036	036	03	1	4.0	2	1	2	-0.5249343832021	1	United States	US	US		39.828175	-98.5795	US	1	Ukraine	UP	UP		49	32	UP	1	Ukraine	UP	UP		49	32	UP	20250922203000	https://www.dailystar.co.uk/news/us-news/donald-trump-make-major-announcement-35946916
1264578491	20250922	202509	2025	2025.7178	ARE	UNITED ARAB EMIRATES	ARE								SAU	SAUDI ARABIA	SAU								1	036	036	03	1	4.0	2	1	2	-0.5249343832021	1	United States	US	US		39.828175	-98.5795	US	1	United States	US	US		39.828175	-98.5795	US	1	Ukraine	UP	UP		49	32	UP	20250922203000	https://www.dailystar.co.uk/news/us-news/donald-trump-make-major-announcement-35946916
1264578492	20250922	202509	2025	2025.7178	ARE	UNITED ARAB EMIRATES	ARE								SAU	SAUDI ARABIA	SAU								1	046	046	04	1	7.0	2	1	2	-0.5249343832021	1	United States	US	US		39.828175	-98.5795	US	1	United States	US	US		39.828175	-98.5795	US	1	Ukraine	UP	UP		49	32	UP	20250922203000	https://www.dailystar.co.uk/news/us-news/donald-trump-make-major-announcement-35946916
1264578493	20250922	202509	2025	2025.7178	ARG	ARGENTINA	ARG																		1	020	020	02	1	3.0	10	1	10	-1.26262626262627	1	Greece	GR	GR		39	22	GR	0								1	Greece	GR	GR		39	22	GR	20250922203000	https://www.fingerlakes1.com/2025/09/22/most-people-want-political-reform-but-many-doubt-it-will-work/
1264578494	20250922	202509	2025	2025.7178	ARM	ARMENIAN	ARM								GOV	AUTHORITIES						GOV			1	112	112	11	3	-2.0	2	1	2	-5.16795865633075	1	Armenia	AM	AM		40	45	AM	2	New York, United States	US	USNY		42.1497	-74.9384	NY	1	Armenia	AM	AM		40	45	AM	20250922203000	https://armenianweekly.com/2025/09/22/how-khoren-bandazian-became-an-arf-member/
1264578495	20250922	202509	2025	2025.7178	ARM	ARMENIAN	ARM								GOV	AUTHORITIES						GOV			1	190	190	19	4	-10.0	2	1	2	-5.16795865633075	1	Armenia	AM	AM		40	45	AM	2	New York, United States	US	USNY		42.1497	-74.9384	NY	1	Armenia	AM	AM		40	45	AM	20250922203000	https://armenianweekly.com/2025/09/22/how-khoren-bandazian-became-an-arf-member/
1264578496	20250922	202509	2025	2025.7178	ARM	ARMENIAN	ARM								USA	NEW YORK CITY	USA								1	042	042	04	1	1.9	8	1	8	-5.16795865633075	1	Armenia	AM	AM		40	45	AM	1	Armenia	AM	AM		40	45	AM	1	Armenia	AM	AM		40	45	AM	20250922203000	https://armenianweekly.com/2025/09/22/how-khoren-bandazian-became-an-arf-member/
1264578497	20250922	202509	2025	2025.7178	ARM	ARMENIAN	ARM								USA	NEW YORK	USA								1	042	042	04	1	1.9	2	1	2	-5.16795865633075	1	Armenia	AM	AM		40	45	AM	1	Armenia	AM	AM		40	45	AM	2	New York, United States	US	USNY		42.1497	-74.9384	NY	20250922203000	https://armenianweekly.com/2025/09/22/how-khoren-bandazian-became-an-arf-member/
1264578498	20250922	202509	2025	2025.7178	ATH	ATHEIST				ATH															0	120	120	12	3	-4.0	6	1	6	-0.82944530844997	3	Washington, District of Columbia, United States	US	USDC	DC001	38.8951	-77.0364	531871	0								3	Washington, District of Columbia, United States	US	USDC	DC001	38.8951	-77.0364	531871	20250922203000	https://www.edhat.com/news/kristina-lee-building-atheist-community/
1264578499	20250922	202509	2025	2025.7178	ATH	ATHEIST				ATH															0	120	120	12	3	-4.0	4	1	4	-0.82944530844997	2	South Dakota, United States	US	USSD		44.2853	-99.4632	SD	0								2	South Dakota, United States	US	USSD		44.2853	-99.4632	SD	20250922203000	https://www.edhat.com/news/kristina-lee-building-atheist-community/
1264578500	20250922	202509	2025	2025.7178	ATH	ATHEIST				ATH					REL	RELIGION									0	010	010	01	1	0.0	6	1	6	-0.82944530844997	1	Canada	CA	CA		60	-96	CA	1	Canada	CA	CA		60	-96	CA	1	Canada	CA	CA		60	-96	CA	20250922203000	https://www.edhat.com/news/kristina-lee-building-atheist-community/
1264578501	20250922	202509	2025	2025.7178	ATH	ATHEIST				ATH					REL	RELIGION									0	010	010	01	1	0.0	4	1	4	-0.82944530844997	2	South Dakota, United States	US	USSD		44.2853	-99.4632	SD	2	South Dakota, United States	US	USSD		44.2853	-99.4632	SD	2	South Dakota, United States	US	USSD		44.2853	-99.4632	SD	20250922203000	https://www.edhat.com/news/kristina-lee-building-atheist-community/
1264578502	20250922	202509	2025	2025.7178	ATH	ATHEIST				ATH					REL	RELIGION									0	120	120	12	3	-4.0	6	1	6	-0.82944530844997	3	Washington, District of Columbia, United States	US	USDC	DC001	38.8951	-77.0364	531871	3	Washington, District of Columbia, United States	US	USDC	DC001	38.8951	-77.0364	531871	3	Washington, District of Columbia, United States	US	USDC	DC001	38.8951	-77.0364	531871	20250922203000	https://www.edhat.com/news/kristina-lee-building-atheist-community/
1264578503	20250922	202509	2025	2025.7178	ATH	ATHEIST				ATH					REL	RELIGION									0	120	120	12	3	-4.0	4	1	4	-0.82944530844997	2	South Dakota, United States	US	USSD		44.2853	-99.4632	SD	2	South Dakota, United States	US	USSD		44.2853	-99.4632	SD	2	South Dakota, United States	US	USSD		44.2853	-99.4632	SD	20250922203000	https://www.edhat.com/news/kristina-lee-building-atheist-community/
1264578504	20250922	202509	2025	2025.7178	AUS	AUSTRALIA	AUS																		1	010	010	01	1	0.0	3	1	3	3.91705069124424	4	La Trobe, Tasmania, Australia	AS	AS06	5344	-41.2362	146.417	-1583130	0								4	La Trobe, Tasmania, Australia	AS	AS06	5344	-41.2362	146.417	-1583130	20250922203000	https://www.brokernews.com.au/news/breaking-news/asic-urges-stronger-standards-in-200bn-private-credit-sector-288078.aspx
1264578505	20250922	202509	2025	2025.7178	AUS	AUSTRALIA	AUS																		1	013	013	01	1	0.4	4	1	4	6.92041522491349	4	Copeton, New South Wales, Australia	AS	AS02	5096	-29.9167	151.017	-1567399	0								4	Copeton, New South Wales, Australia	AS	AS02	5096	-29.9167	151.017	-1567399	20250922203000	https://www.miragenews.com/1000-anglers-gear-up-for-fish-reflections-debut-1538313/
1264578506	20250922	202509	2025	2025.7178	AUS	AUSTRALIA	AUS																		0	020	020	02	1	3.0	2	1	2	-4.80274442538594	1	Australia	AS	AS		-25	135	AS	0								1	Russia	RS	RS		60	100	RS	20250922203000	https://www.sbs.com.au/news/article/were-accepting-russian-blood-oil-pressure-to-sanction-petroleum-made-of-russian-crude/kp2dtrcxy
1264578507	20250922	202509	2025	2025.7178	AUS	AUSTRALIA	AUS																		0	033	033	03	1	5.2	8	2	8	-1.51667113053685	4	Sydney, New South Wales, Australia	AS	AS02	154637	-33.8833	151.217	-1603135	0								4	Sydney, New South Wales, Australia	AS	AS02	154637	-33.8833	151.217	-1603135	20250922203000	https://www.examiner.com.au/story/9072316/desperate-families-seeking-charity-loans-for-basics/
1264578508	20250922	202509	2025	2025.7178	AUS	AUSTRALIA	AUS																		0	060	060	06	2	6.0	16	2	8	-1.51667113053685	4	Sydney, New South Wales, Australia	AS	AS02	154637	-33.8833	151.217	-1603135	0								4	Sydney, New South Wales, Australia	AS	AS02	154637	-33.8833	151.217	-1603135	20250922203000	https://www.examiner.com.au/story/9072316/desperate-families-seeking-charity-loans-for-basics/
1264578509	20250922	202509	2025	2025.7178	AUS	AUSTRALIA	AUS																		0	070	070	07	2	7.0	8	2	8	-1.51667113053685	4	Sydney, New South Wales, Australia	AS	AS02	154637	-33.8833	151.217	-1603135	0								4	Sydney, New South Wales, Australia	AS	AS02	154637	-33.8833	151.217	-1603135	20250922203000	https://www.examiner.com.au/story/9072316/desperate-families-seeking-charity-loans-for-basics/
1264578510	20250922	202509	2025	2025.7178	AUS	AUSTRALIA	AUS																		1	071	071	07	2	7.4	3	1	3	3.91705069124424	4	La Trobe, Tasmania, Australia	AS	AS06	5344	-41.2362	146.417	-1583130	0								4	La Trobe, Tasmania, Australia	AS	AS06	5344	-41.2362	146.417	-1583130	20250922203000	https://www.brokernews.com.au/news/breaking-news/asic-urges-stronger-standards-in-200bn-private-credit-sector-288078.aspx
1264578511	20250922	202509	2025	2025.7178	AUS	AUSTRALIA	AUS																		1	120	120	12	3	-4.0	12	2	12	-1.51667113053685	4	Smithfield, New South Wales, Australia	AS	AS02	5025	-28.8	151.033	-1600915	0								4	Smithfield, New South Wales, Australia	AS	AS02	5025	-28.8	151.033	-1600915	20250922203000	https://www.examiner.com.au/story/9072316/desperate-families-seeking-charity-loans-for-basics/
1264578512	20250922	202509	2025	2025.7178	AUS	AUSTRALIA	AUS								AUSLEG	AUSTRALIA	AUS					LEG			0	043	043	04	1	2.8	2	1	2	-4.80274442538594	1	Australia	AS	AS		-25	135	AS	1	Australia	AS	AS		-25	135	AS	1	Australia	AS	AS		-25	135	AS	20250922203000	https://www.sbs.com.au/news/article/were-accepting-russian-blood-oil-pressure-to-sanction-petroleum-made-of-russian-crude/kp2dtrcxy
1264578513	20250922	202509	2025	2025.7178	AUS	AUSTRALIA	AUS								GBR	UNITED KINGDOM	GBR								0	046	046	04	1	7.0	4	1	4	-1.37221269296741	1	Canada	CA	CA		60	-96	CA	4	Gaza, Israel (general), Israel	IS	IS00	18315	31.4167	34.3333	-797156	1	United Kingdom	UK	UK		54	-4	UK	20250922203000	https://www.mirror.co.uk/news/politics/emmanuel-macron-declares-france-joined-35947026
1264578514	20250922	202509	2025	2025.7178	AUS	AUSTRALIA	AUS								IGOEUREEC	THE EUROPEAN UNION	EUR	EEC				IGO			0	046	046	04	1	7.0	10	1	10	-4.80274442538594	1	Australia	AS	AS		-25	135	AS	1	Australia	AS	AS		-25	135	AS	1	Australia	AS	AS		-25	135	AS	20250922203000	https://www.sbs.com.au/news/article/were-accepting-russian-blood-oil-pressure-to-sanction-petroleum-made-of-russian-crude/kp2dtrcxy
1264578515	20250922	202509	2025	2025.7178	AUS	QUEENSLAND	AUS								ITA	ITALY	ITA								1	190	190	19	4	-10.0	2	1	2	-6.67384284176533	4	Rome, Lazio, Italy	IT	IT07	18350	41.9	12.4833	-126693	4	Rome, Lazio, Italy	IT	IT07	18350	41.9	12.4833	-126693	4	Rome, Lazio, Italy	IT	IT07	18350	41.9	12.4833	-126693	20250922203000	https://www.newcastleherald.com.au/story/9071800/bryce-williams-family-shares-grief-after-fatal-2022-hit-and-run/
1264578516	20250922	202509	2025	2025.7178	AUS	AUSTRALIA	AUS								JPN	JAPAN	JPN								0	046	046	04	1	7.0	6	1	6	-4.80274442538594	1	Australia	AS	AS		-25	135	AS	1	Japan	JA	JA		36	138	JA	1	Australia	AS	AS		-25	135	AS	20250922203000	https://www.sbs.com.au/news/article/were-accepting-russian-blood-oil-pressure-to-sanction-petroleum-made-of-russian-crude/kp2dtrcxy
1264578517	20250922	202509	2025	2025.7178	AUS	AUSTRALIA	AUS								JPN	JAPAN	JPN								0	046	046	04	1	7.0	4	1	4	-4.80274442538594	1	Australia	AS	AS		-25	135	AS	1	New Zealand	NZ	NZ		-42	174	NZ	1	Australia	AS	AS		-25	135	AS	20250922203000	https://www.sbs.com.au/news/article/were-accepting-russian-blood-oil-pressure-to-sanction-petroleum-made-of-russian-crude/kp2dtrcxy
1264578518	20250922	202509	2025	2025.7178	AUS	AUSTRALIA	AUS								LEG	SENATOR						LEG			0	043	043	04	1	2.8	6	1	6	-4.80274442538594	1	Australia	AS	AS		-25	135	AS	1	Australia	AS	AS		-25	135	AS	1	Australia	AS	AS		-25	135	AS	20250922203000	https://www.sbs.com.au/news/article/were-accepting-russian-blood-oil-pressure-to-sanction-petroleum-made-of-russian-crude/kp2dtrcxy
1264578519	20250922	202509	2025	2025.7178	AUS	AUSTRALIA	AUS								LEG	SENATOR						LEG			0	043	043	04	1	2.8	2	1	2	-4.80274442538594	1	Australia	AS	AS		-25	135	AS	1	Russia	RS	RS		60	100	RS	1	Australia	AS	AS		-25	135	AS	20250922203000	https://www.sbs.com.au/news/article/were-accepting-russian-blood-oil-pressure-to-sanction-petroleum-made-of-russian-crude/kp2dtrcxy
1264578520	20250922	202509	2025	2025.7178	AUS	AUSTRALIA	AUS								MED	MEDIA						MED			0	020	020	02	1	3.0	2	1	2	3.91705069124424	4	La Trobe, Tasmania, Australia	AS	AS06	5344	-41.2362	146.417	-1583130	4	La Trobe, Tasmania, Australia	AS	AS06	5344	-41.2362	146.417	-1583130	4	La Trobe, Tasmania, Australia	AS	AS06	5344	-41.2362	146.417	-1583130	20250922203000	https://www.brokernews.com.au/news/breaking-news/asic-urges-stronger-standards-in-200bn-private-credit-sector-288078.aspx
1264578521	20250922	202509	2025	2025.7178	AUS	AUSTRALIA	AUS								NZL	NEW ZEALAND	NZL								0	046	046	04	1	7.0	4	1	4	-4.80274442538594	1	Australia	AS	AS		-25	135	AS	1	Canada	CA	CA		60	-96	CA	1	Australia	AS	AS		-25	135	AS	20250922203000	https://www.sbs.com.au/news/article/were-accepting-russian-blood-oil-pressure-to-sanction-petroleum-made-of-russian-crude/kp2dtrcxy
1264578522	20250922	202509	2025	2025.7178	AUS	AUSTRALIA	AUS								NZL	NEW ZEALAND	NZL								0	046	046	04	1	7.0	6	1	6	-4.80274442538594	1	Australia	AS	AS		-25	135	AS	1	New Zealand	NZ	NZ		-42	174	NZ	1	Australia	AS	AS		-25	135	AS	20250922203000	https://www.sbs.com.au/news/article/were-accepting-russian-blood-oil-pressure-to-sanction-petroleum-made-of-russian-crude/kp2dtrcxy
1264578523	20250922	202509	2025	2025.7178	AUS	AUSTRALIA	AUS								RUS	RUSSIAN	RUS								0	061	061	06	2	6.4	1	1	1	-4.80274442538594	1	Australia	AS	AS		-25	135	AS	1	Australia	AS	AS		-25	135	AS	1	Australia	AS	AS		-25	135	AS	20250922203000	https://www.sbs.com.au/news/article/were-accepting-russian-blood-oil-pressure-to-sanction-petroleum-made-of-russian-crude/kp2dtrcxy
1264578524	20250922	202509	2025	2025.7178	AUS	AUSTRALIA	AUS								RUS	RUSSIAN	RUS								0	061	061	06	2	6.4	2	1	2	-4.80274442538594	1	Australia	AS	AS		-25	135	AS	1	India	IN	IN		20	77	IN	1	Australia	AS	AS		-25	135	AS	20250922203000	https://www.sbs.com.au/news/article/were-accepting-russian-blood-oil-pressure-to-sanction-petroleum-made-of-russian-crude/kp2dtrcxy
1264578525	20250922	202509	2025	2025.7178	AUS	AUSTRALIA	AUS								RUS	RUSSIAN	RUS								0	061	061	06	2	6.4	9	1	8	-4.80274442538594	1	Australia	AS	AS		-25	135	AS	1	Russia	RS	RS		60	100	RS	1	Australia	AS	AS		-25	135	AS	20250922203000	https://www.sbs.com.au/news/article/were-accepting-russian-blood-oil-pressure-to-sanction-petroleum-made-of-russian-crude/kp2dtrcxy
1264578526	20250922	202509	2025	2025.7178	AUSGOV	AUSTRALIA	AUS					GOV													0	090	090	09	2	-2.0	1	1	1	-4.80274442538594	1	Australia	AS	AS		-25	135	AS	0								1	Australia	AS	AS		-25	135	AS	20250922203000	https://www.sbs.com.au/news/article/were-accepting-russian-blood-oil-pressure-to-sanction-petroleum-made-of-russian-crude/kp2dtrcxy
1264578527	20250922	202509	2025	2025.7178	AUSGOV	AUSTRALIA	AUS					GOV													0	090	090	09	2	-2.0	1	1	1	-4.80274442538594	1	Russia	RS	RS		60	100	RS	0								1	Russia	RS	RS		60	100	RS	20250922203000	https://www.sbs.com.au/news/article/were-accepting-russian-blood-oil-pressure-to-sanction-petroleum-made-of-russian-crude/kp2dtrcxy
1264578528	20250922	202509	2025	2025.7178	AUSGOV	AUSTRALIA	AUS					GOV			AUS	AUSTRALIAN	AUS								0	014	014	01	1	0.0	1	1	1	-4.80274442538594	1	Australia	AS	AS		-25	135	AS	1	Australia	AS	AS		-25	135	AS	1	Australia	AS	AS		-25	135	AS	20250922203000	https://www.sbs.com.au/news/article/were-accepting-russian-blood-oil-pressure-to-sanction-petroleum-made-of-russian-crude/kp2dtrcxy
1264578529	20250922	202509	2025	2025.7178	AUSGOV	AUSTRALIA	AUS					GOV			AUS	AUSTRALIAN	AUS								0	014	014	01	1	0.0	1	1	1	-4.80274442538594	1	Australia	AS	AS		-25	135	AS	1	Australia	AS	AS		-25	135	AS	1	Russia	RS	RS		60	100	RS	20250922203000	https://www.sbs.com.au/news/article/were-accepting-russian-blood-oil-pressure-to-sanction-petroleum-made-of-russian-crude/kp2dtrcxy
1264578530	20250922	202509	2025	2025.7178	AUSGOV	AUSTRALIA	AUS					GOV			AUS	AUSTRALIAN	AUS								0	090	090	09	2	-2.0	1	1	1	-4.80274442538594	1	Australia	AS	AS		-25	135	AS	1	Australia	AS	AS		-25	135	AS	1	Australia	AS	AS		-25	135	AS	20250922203000	https://www.sbs.com.au/news/article/were-accepting-russian-blood-oil-pressure-to-sanction-petroleum-made-of-russian-crude/kp2dtrcxy
1264578531	20250922	202509	2025	2025.7178	AUSGOV	AUSTRALIA	AUS					GOV			AUS	AUSTRALIAN	AUS								0	090	090	09	2	-2.0	1	1	1	-4.80274442538594	1	Russia	RS	RS		60	100	RS	1	Ukraine	UP	UP		49	32	UP	1	Russia	RS	RS		60	100	RS	20250922203000	https://www.sbs.com.au/news/article/were-accepting-russian-blood-oil-pressure-to-sanction-petroleum-made-of-russian-crude/kp2dtrcxy
1264578532	20250922	202509	2025	2025.7178	AUSGOV	AUSTRALIA	AUS					GOV			AUS	AUSTRALIAN	AUS								0	100	100	10	3	-5.0	1	1	1	-4.80274442538594	1	Russia	RS	RS		60	100	RS	1	Ukraine	UP	UP		49	32	UP	1	Ukraine	UP	UP		49	32	UP	20250922203000	https://www.sbs.com.au/news/article/were-accepting-russian-blood-oil-pressure-to-sanction-petroleum-made-of-russian-crude/kp2dtrcxy
1264578533	20250922	202509	2025	2025.7178	AUSLEG	AUSTRALIA	AUS					LEG			AUS	AUSTRALIA	AUS								0	010	010	01	1	0.0	2	1	2	-4.80274442538594	1	Australia	AS	AS		-25	135	AS	1	Australia	AS	AS		-25	135	AS	1	Australia	AS	AS		-25	135	AS	20250922203000	https://www.sbs.com.au/news/article/were-accepting-russian-blood-oil-pressure-to-sanction-petroleum-made-of-russian-crude/kp2dtrcxy
1264578534	20250922	202509	2025	2025.7178	AUSLEG	AUSTRALIA	AUS					LEG			AUS	AUSTRALIA	AUS								0	042	042	04	1	1.9	2	1	2	-4.80274442538594	1	Australia	AS	AS		-25	135	AS	1	Australia	AS	AS		-25	135	AS	1	Australia	AS	AS		-25	135	AS	20250922203000	https://www.sbs.com.au/news/article/were-accepting-russian-blood-oil-pressure-to-sanction-petroleum-made-of-russian-crude/kp2dtrcxy
1264578535	20250922	202509	2025	2025.7178	AZE	AZERBAIJAN	AZE								AZEGOV	ILHAM ALIYEV	AZE					GOV			1	040	040	04	1	1.0	4	1	4	2.30414746543778	1	Azerbaijan	AJ	AJ		40.5	47.5	AJ	1	Azerbaijan	AJ	AJ		40.5	47.5	AJ	1	Azerbaijan	AJ	AJ		40.5	47.5	AJ	20250922203000	https://www.trend.az/azerbaijan/politics/4093977.html
1264578536	20250922	202509	2025	2025.7178	AZE	AZERBAIJAN	AZE								MNCUSA	NEUBERGER BERMAN	USA					MNC			1	070	070	07	2	7.0	10	1	10	2.30414746543778	1	Azerbaijan	AJ	AJ		40.5	47.5	AJ	1	Azerbaijan	AJ	AJ		40.5	47.5	AJ	1	Azerbaijan	AJ	AJ		40.5	47.5	AJ	20250922203000	https://www.trend.az/azerbaijan/politics/4093977.html
1264578537	20250922	202509	2025	2025.7178	AZEGOV	ILHAM ALIYEV	AZE					GOV			AZE	AZERBAIJAN	AZE								1	040	040	04	1	1.0	4	1	4	2.30414746543778	1	Azerbaijan	AJ	AJ		40.5	47.5	AJ	1	Azerbaijan	AJ	AJ		40.5	47.5	AJ	1	Azerbaijan	AJ	AJ		40.5	47.5	AJ	20250922203000	https://www.trend.az/azerbaijan/politics/4093977.html
1264578538	20250922	202509	2025	2025.7178	BEL	BRUSSELS	BEL								IRN	IRANIAN	IRN								0	043	043	04	1	2.8	2	1	2	-2.82167042889391	4	Brussels, Bruxelles-Capitale, Belgium	BE	BE11	5850	50.8333	4.33333	-1955538	4	Brussels, Bruxelles-Capitale, Belgium	BE	BE11	5850	50.8333	4.33333	-1955538	4	Tehran, Tehran, Iran	IR	IR26	41130	35.75	51.5148	10074674	20250922203000	https://hotair.com/ed-morrissey/2025/09/22/irans-people-deserve-international-support-for-their-resistance-and-right-to-self-determination-n3807055
1264578539	20250922	202509	2025	2025.7178	BEL	BRUSSELS	BEL								IRN	IRANIAN	IRN								0	043	043	04	1	2.8	5	1	5	-2.82167042889391	4	Brussels, Bruxelles-Capitale, Belgium	BE	BE11	5850	50.8333	4.33333	-1955538	4	Tehran, Tehran, Iran	IR	IR26	41130	35.75	51.5148	10074674	4	Brussels, Bruxelles-Capitale, Belgium	BE	BE11	5850	50.8333	4.33333	-1955538	20250922203000	https://hotair.com/ed-morrissey/2025/09/22/irans-people-deserve-international-support-for-their-resistance-and-right-to-self-determination-n3807055
1264578540	20250922	202509	2025	2025.7178	BUS	COMPANIES						BUS													1	010	010	01	1	0.0	3	1	3	-1.25	4	Bangalore, Karnataka, India	IN	IN19	70159	12.9833	77.5833	-2090174	0								4	Bangalore, Karnataka, India	IN	IN19	70159	12.9833	77.5833	-2090174	20250922203000	https://www.theregister.com/2025/09/22/h1b_visa_changes/
1264578541	20250922	202509	2025	2025.7178	BUS	COMPANY						BUS													0	010	010	01	1	0.0	3	1	3	-2.20162224797219	3	Los Angeles, California, United States	US	USCA	CA037	34.0522	-118.244	1662328	0								3	Los Angeles, California, United States	US	USCA		34.0522	-118.244	1662328	20250922203000	https://www.aol.com/articles/jimmy-kimmels-show-return-air-193923064.html
1264578542	20250922	202509	2025	2025.7178	BUS	COMPANIES						BUS													1	010	010	01	1	0.0	1	1	1	1.61579892280072	3	Denver, Colorado, United States	US	USCO	CO031	39.7392	-104.985	201738	0								3	Denver, Colorado, United States	US	USCO	CO031	39.7392	-104.985	201738	20250922203000	https://www.denverpost.com/2025/09/22/colorado-direct-travel-company-merger/
1264578543	20250922	202509	2025	2025.7178	BUS	BUSINESS						BUS													1	010	010	01	1	0.0	6	1	6	5.05050505050505	3	Donovan Hall, New York, United States	US	USNY	NY081	40.7192	-73.7975	2080560	0								3	Donovan Hall, New York, United States	US	USNY		40.7192	-73.7975	2080560	20250922203000	https://www.cnybj.com/suny-poly-launches-nystec-business-center-of-excellence/
1264578544	20250922	202509	2025	2025.7178	BUS	BUSINESS						BUS													1	010	010	01	1	0.0	4	1	4	5.05050505050505	3	Donovan Hall, New York, United States	US	USNY	NY081	40.7192	-73.7975	2080560	0								3	Oneida County, New York, United States	US	USNY		43.2001	-75.4663	974131	20250922203000	https://www.cnybj.com/suny-poly-launches-nystec-business-center-of-excellence/
1264578545	20250922	202509	2025	2025.7178	BUS	COMPANY						BUS													1	020	020	02	1	3.0	10	1	10	2.25225225225225	4	Manila, Manila, Philippines	RP	RPD9	24210	14.6042	120.982	-2437894	0								4	Manila, Manila, Philippines	RP	RPD9	24210	14.6042	120.982	-2437894	20250922203000	https://www.philstar.com/business/2025/09/23/2474678/megawide-hikes-maximum-allowable-cash-dividend
1264578546	20250922	202509	2025	2025.7178	BUS	COMPANY						BUS													1	030	030	03	1	4.0	3	1	3	0.34722222222222	1	Malaysia	MY	MY		2.5	112.5	MY	0								1	Malaysia	MY	MY		2.5	112.5	MY	20250922203000	https://malaya.com.ph/business/corporate/megawide-eyes-govt-infra-real-estate-projects/
1264578547	20250922	202509	2025	2025.7178	BUS	INDUSTRY						BUS													1	036	036	03	1	4.0	10	1	10	7.64462809917356	4	Philippine, Benguet, Philippines	RP	RP10	24213	16.45	120.55	-2445611	0								4	Philippine, Benguet, Philippines	RP	RP10	24213	16.45	120.55	-2445611	20250922203000	https://malaya.com.ph/lifestyle/living/weaving-together-culture-craft-and-community/
1264578548	20250922	202509	2025	2025.7178	BUS	COMPANIES						BUS													1	036	036	03	1	4.0	1	1	1	1.61579892280072	3	Denver, Colorado, United States	US	USCO	CO031	39.7392	-104.985	201738	0								3	Denver, Colorado, United States	US	USCO	CO031	39.7392	-104.985	201738	20250922203000	https://www.denverpost.com/2025/09/22/colorado-direct-travel-company-merger/
1264578549	20250922	202509	2025	2025.7178	BUS	COMPANIES						BUS													1	036	036	03	1	4.0	4	1	4	1.61579892280072	2	Colorado, United States	US	USCO		39.0646	-105.327	CO	0								2	Colorado, United States	US	USCO		39.0646	-105.327	CO	20250922203000	https://www.denverpost.com/2025/09/22/colorado-direct-travel-company-merger/
1264578550	20250922	202509	2025	2025.7178	BUS	INVESTOR						BUS													0	046	046	04	1	7.0	10	1	10	1.61579892280072	3	Denver, Colorado, United States	US	USCO	CO031	39.7392	-104.985	201738	0								3	Denver, Colorado, United States	US	USCO	CO031	39.7392	-104.985	201738	20250922203000	https://www.denverpost.com/2025/09/22/colorado-direct-travel-company-merger/
1264578551	20250922	202509	2025	2025.7178	BUS	BUSINESS						BUS													1	071	071	07	2	7.4	5	1	5	4.51977401129943	4	Salisbury, Mashonaland East, Zimbabwe	ZI	ZI04	40197	-17.8178	31.0447	-2312291	0								4	Salisbury, Mashonaland East, Zimbabwe	ZI	ZI04	40197	-17.8178	31.0447	-2312291	20250922203000	https://www.salisburyjournal.co.uk/news/25484987.ringwood-carnival-2026-confirmed-successful-turnout/
1264578552	20250922	202509	2025	2025.7178	BUS	BANK						BUS													1	071	071	07	2	7.4	10	1	10	2.26700251889169	4	Philippine, Benguet, Philippines	RP	RP10	24213	16.45	120.55	-2445611	0								4	Philippine, Benguet, Philippines	RP	RP10	24213	16.45	120.55	-2445611	20250922203000	https://www.philstar.com/business/2025/09/23/2474685/security-bank-offers-p5-billion-fixed-rate-bonds
1264578553	20250922	202509	2025	2025.7178	BUS	COMPANY						BUS													0	071	071	07	2	7.4	5	1	5	1.76077717061324	2	Colorado, United States	US	USCO		39.0646	-105.327	CO	0								2	Colorado, United States	US	USCO		39.0646	-105.327	CO	20250922203000	https://www.themountainmail.com/news/commissioners-discuss-lodging-tax-metab/article_84a5f6c7-2d51-43f5-8eb1-4c54785f6c2e.html
1264578554	20250922	202509	2025	2025.7178	BUS	COMPANY						BUS													1	110	110	11	3	-2.0	10	1	10	2.7027027027027	4	Taipei, T'ai-pei, Taiwan	TW	TW03	13277	25.0478	121.532	-2637882	0								4	Taipei, T'ai-pei, Taiwan	TW	TW03	13277	25.0478	121.532	-2637882	20250922203000	https://militaryembedded.com/radar-ew/sensors/antps78-radar-to-be-delivered-to-taiwan-by-northrop-grumman-partners
1264578555	20250922	202509	2025	2025.7178	BUS	MERCHANT						BUS													1	110	110	11	3	-2.0	10	1	10	-4.40613026819923	3	Hollywood, California, United States	US	USCA	CA037	34.0983	-118.327	1660757	0								3	Hollywood, California, United States	US	USCA	CA037	34.0983	-118.327	1660757	20250922203000	https://www.joblo.com/the-boy-in-the-box-cast/
1264578556	20250922	202509	2025	2025.7178	BUS	COMPANIES						BUS			CANLAB	CANADA	CAN					LAB			1	020	020	02	1	3.0	3	1	3	1.33495145631068	4	Vancouver, British Columbia, Canada	CA	CA02	12552	49.25	-123.133	-575268	4	Vancouver, British Columbia, Canada	CA	CA02	12552	49.25	-123.133	-575268	4	Vancouver, British Columbia, Canada	CA	CA02	12552	49.25	-123.133	-575268	20250922203000	https://www.theglobeandmail.com/business/commentary/article-trumps-h1-b-visa-price-hike-is-good-for-canada/
1264578557	20250922	202509	2025	2025.7178	BUS	COMPANY						BUS			CVL	ENGINEER						CVL			1	090	090	09	2	-2.0	5	1	5	-4.83460559796438	1	United Kingdom	UK	UK		54	-4	UK	1	United Kingdom	UK	UK		54	-4	UK	1	United Kingdom	UK	UK		54	-4	UK	20250922203000	https://www.dailymail.co.uk/news/article-15123353/Emergency-gas-workers-rushed-UK-town-leak-fears-worlds-smelliest-fruit.html
1264578558	20250922	202509	2025	2025.7178	BUS	COMPANY						BUS			GOV	PRESIDENT						GOV			1	040	040	04	1	1.0	3	1	3	2.30414746543778	1	Azerbaijan	AJ	AJ		40.5	47.5	AJ	1	Azerbaijan	AJ	AJ		40.5	47.5	AJ	1	Azerbaijan	AJ	AJ		40.5	47.5	AJ	20250922203000	https://www.trend.az/azerbaijan/politics/4093977.html
1264578559	20250922	202509	2025	2025.7178	BUS	BANK						BUS			MEX	MEXICO	MEX								0	051	051	05	1	3.4	2	1	2	2.14067278287461	4	Mexico City, Distrito Federal, Mexico	MX	MX09	20887	19.4342	-99.1386	-1658079	4	Mexico City, Distrito Federal, Mexico	MX	MX09	20887	19.4342	-99.1386	-1658079	4	Mexico City, Distrito Federal, Mexico	MX	MX09	20887	19.4342	-99.1386	-1658079	20250922203000	https://www.oas.org/en/media_center/press_release.asp?sCodigo=E-058/25
1264578560	20250922	202509	2025	2025.7178	BUS	BANK						BUS			MEX	PUEBLA	MEX								0	051	051	05	1	3.4	7	1	7	2.14067278287461	1	United States	US	US		39.828175	-98.5795	US	4	Mexico City, Distrito Federal, Mexico	MX	MX09	20887	19.4342	-99.1386	-1658079	1	United States	US	US		39.828175	-98.5795	US	20250922203000	https://www.oas.org/en/media_center/press_release.asp?sCodigo=E-058/25
1264578561	20250922	202509	2025	2025.7178	BUS	BANK						BUS			MEX	PUEBLA	MEX								0	051	051	05	1	3.4	1	1	1	2.14067278287461	1	United States	US	US		39.828175	-98.5795	US	1	United States	US	US		39.828175	-98.5795	US	1	United States	US	US		39.828175	-98.5795	US	20250922203000	https://www.oas.org/en/media_center/press_release.asp?sCodigo=E-058/25
1264578562	20250922	202509	2025	2025.7178	BUS	AIRLINE						BUS			MIL	CARRIER						MIL			1	036	036	03	1	4.0	10	2	10	-4.41949343421377	3	San Diego, California, United States	US	USCA	CA073	32.7153	-117.157	1661377	3	San Diego, California, United States	US	USCA		32.7153	-117.157	1661377	3	San Diego, California, United States	US	USCA		32.7153	-117.157	1661377	20250922203000	https://www.nvdaily.com/associated_press_national/spirit-airlines-to-furlough-1-800-flight-attendants-amid-second-bankruptcy/article_7f1f8fcf-c784-52e3-9049-dbcd46bb135d.html
1264578563	20250922	202509	2025	2025.7178	BUS	COMPANY						BUS			MNCUSA	NORTHROP GRUMMAN	USA					MNC			1	013	013	01	1	0.4	10	1	10	2.7027027027027	4	Taipei, T'ai-pei, Taiwan	TW	TW03	13277	25.0478	121.532	-2637882	4	Taipei, T'ai-pei, Taiwan	TW	TW03	13277	25.0478	121.532	-2637882	4	Taipei, T'ai-pei, Taiwan	TW	TW03	13277	25.0478	121.532	-2637882	20250922203000	https://militaryembedded.com/radar-ew/sensors/antps78-radar-to-be-delivered-to-taiwan-by-northrop-grumman-partners
1264578564	20250922	202509	2025	2025.7178	BUS	COMPANY						BUS			MNCUSA	DISNEY	USA					MNC			1	042	042	04	1	1.9	10	2	10	-3.63636363636364	0								0								0								20250922203000	https://abc7chicago.com/post/jimmy-kimmel-return-air-tuesday/17866975/
1264578565	20250922	202509	2025	2025.7178	BUS	COMPANY						BUS			MNCUSA	DISNEY	USA					MNC			1	141	141	14	3	-6.5	8	1	8	-3.79746835443038	3	Hollywood, California, United States	US	USCA	CA037	34.0983	-118.327	1660757	3	Hollywood, California, United States	US	USCA	CA037	34.0983	-118.327	1660757	3	Hollywood, California, United States	US	USCA	CA037	34.0983	-118.327	1660757	20250922203000	https://kvia.com/entertainment/cnn-entertainment/2025/09/22/jimmy-kimmels-show-set-to-return-on-tuesday/
1264578566	20250922	202509	2025	2025.7178	BUS	COMPANY						BUS			MNCUSA	DISNEY	USA					MNC			1	141	141	14	3	-6.5	2	1	2	-3.79746835443038	2	New York, United States	US	USNY		42.1497	-74.9384	NY	2	New York, United States	US	USNY		42.1497	-74.9384	NY	2	New York, United States	US	USNY		42.1497	-74.9384	NY	20250922203000	https://kvia.com/entertainment/cnn-entertainment/2025/09/22/jimmy-kimmels-show-set-to-return-on-tuesday/
1264578567	20250922	202509	2025	2025.7178	BUS	INDUSTRY						BUS			PHL	PHILIPPINE	PHL								1	036	036	03	1	4.0	4	1	4	7.64462809917356	4	Philippine, Benguet, Philippines	RP	RP10	24213	16.45	120.55	-2445611	4	Philippine, Benguet, Philippines	RP	RP10	24213	16.45	120.55	-2445611	4	Philippine, Benguet, Philippines	RP	RP10	24213	16.45	120.55	-2445611	20250922203000	https://malaya.com.ph/lifestyle/living/weaving-together-culture-craft-and-community/
1264578568	20250922	202509	2025	2025.7178	BUS	BUSINESS						BUS			SPY	INTELLIGENCE						SPY			1	030	030	03	1	4.0	10	1	10	5.05050505050505	2	New York, United States	US	USNY		42.1497	-74.9384	NY	2	New York, United States	US	USNY		42.1497	-74.9384	NY	2	New York, United States	US	USNY		42.1497	-74.9384	NY	20250922203000	https://www.cnybj.com/suny-poly-launches-nystec-business-center-of-excellence/
1264578569	20250922	202509	2025	2025.7178	BUS	COMPANY						BUS			TWN	TAIWAN	TWN								1	030	030	03	1	4.0	10	1	10	2.7027027027027	4	Taipei, T'ai-pei, Taiwan	TW	TW03	13277	25.0478	121.532	-2637882	4	Taipei, T'ai-pei, Taiwan	TW	TW03	13277	25.0478	121.532	-2637882	4	Taipei, T'ai-pei, Taiwan	TW	TW03	13277	25.0478	121.532	-2637882	20250922203000	https://militaryembedded.com/radar-ew/sensors/antps78-radar-to-be-delivered-to-taiwan-by-northrop-grumman-partners
1264578570	20250922	202509	2025	2025.7178	BUS	COMPANIES						BUS			USA	UNITED STATES	USA								1	010	010	01	1	0.0	2	1	2	-1.25	4	Bangalore, Karnataka, India	IN	IN19	70159	12.9833	77.5833	-2090174	4	Bangalore, Karnataka, India	IN	IN19	70159	12.9833	77.5833	-2090174	4	Bangalore, Karnataka, India	IN	IN19	70159	12.9833	77.5833	-2090174	20250922203000	https://www.theregister.com/2025/09/22/h1b_visa_changes/
1264578571	20250922	202509	2025	2025.7178	BUS	BUSINESS						BUS			USA	DENVER	USA								0	040	040	04	1	1.0	5	1	5	1.61579892280072	3	Denver, Colorado, United States	US	USCO	CO031	39.7392	-104.985	201738	3	Denver, Colorado, United States	US	USCO	CO031	39.7392	-104.985	201738	3	Denver, Colorado, United States	US	USCO	CO031	39.7392	-104.985	201738	20250922203000	https://www.denverpost.com/2025/09/22/colorado-direct-travel-company-merger/
1264578572	20250922	202509	2025	2025.7178	BUS	CORPORATION						BUS			USA	NEW YORK	USA								1	042	042	04	1	1.9	1	1	1	6.56934306569343	4	Tashkent, Toshkent Shahri, Uzbekistan	UZ	UZ13	37316	41.3167	69.25	-2579372	2	New York, United States	US	USNY		42.1497	-74.9384	NY	2	New York, United States	US	USNY		42.1497	-74.9384	NY	20250922203000	https://www.trend.az/business/4093985.html
1264578573	20250922	202509	2025	2025.7178	BUS	EMPLOYER						BUS			USA	AMERICAN	USA								0	071	071	07	2	7.4	4	1	4	1.20593692022263	1	United States	US	US		39.828175	-98.5795	US	1	United States	US	US		39.828175	-98.5795	US	1	United States	US	US		39.828175	-98.5795	US	20250922203000	https://indiawest.com/the-great-skills-heist-why-india-should-charge-america-500000-for-every-h-1b-professional/
1264578574	20250922	202509	2025	2025.7178	BUS	EMPLOYER						BUS			USALAB	AMERICAN	USA					LAB			0	071	071	07	2	7.4	6	1	6	1.20593692022263	1	United States	US	US		39.828175	-98.5795	US	1	United States	US	US		39.828175	-98.5795	US	1	United States	US	US		39.828175	-98.5795	US	20250922203000	https://indiawest.com/the-great-skills-heist-why-india-should-charge-america-500000-for-every-h-1b-professional/
1264578575	20250922	202509	2025	2025.7178	CAN	CANADA	CAN																		1	030	030	03	1	4.0	4	1	4	-4.25531914893617	4	Ottawa, Ontario, Canada	CA	CA08	12755	45.4167	-75.7	-570760	0								4	Ottawa, Ontario, Canada	CA	CA08	12755	45.4167	-75.7	-570760	20250922203000	https://toronto.citynews.ca/2025/09/22/police-lack-resources-to-enforce-gun-buyback-minister-suggests-in-recorded-exchange/
1264578576	20250922	202509	2025	2025.7178	CAN	CANADA	CAN																		0	043	043	04	1	2.8	12	3	12	5.89778453785644	4	Iroquois Falls, Ontario, Canada	CA	CA08	12645	48.7667	-80.6667	-566651	0								4	Iroquois Falls, Ontario, Canada	CA	CA08	12645	48.7667	-80.6667	-566651	20250922203000	https://www.timminspress.com:443/opinion/rosewood-ave-fills-the-room-at-full-beard-brewing
1264578577	20250922	202509	2025	2025.7178	CAN	CANADA	CAN																		0	061	061	06	2	6.4	10	1	10	1.41732283464567	4	Montreal, Quebec, Canada	CA	CA10	12713	45.5	-73.5833	-569541	0								4	Montreal, Quebec, Canada	CA	CA10	12713	45.5	-73.5833	-569541	20250922203000	https://www.theglobeandmail.com/business/economy/article-food-exports-us-new-buyers-other-markets-12-billion/
1264578578	20250922	202509	2025	2025.7178	CAN	CANADA	CAN																		1	084	084	08	2	7.0	4	1	4	-1.0126582278481	4	Toronto, Ontario, Canada	CA	CA08	12686	43.6667	-79.4167	-574890	0								4	Toronto, Ontario, Canada	CA	CA08	12686	43.6667	-79.4167	-574890	20250922203000	https://www.joblo.com/normal-magnolia-pictures-distribution/
1264578579	20250922	202509	2025	2025.7178	CAN	MANITOBA	CAN																		1	193	193	19	4	-10.0	10	1	10	1.71673819742489	3	Hollywood, California, United States	US	USCA	CA037	34.0983	-118.327	1660757	0								3	Hollywood, California, United States	US	USCA	CA037	34.0983	-118.327	1660757	20250922203000	https://www.thecarillon.com/local/2025/09/22/blind-steinbach-cat-stars-in-stephen-king-film
1264578580	20250922	202509	2025	2025.7178	CAN	CANADIAN	CAN								CANGOV	CANADA	CAN					GOV			0	020	020	02	1	3.0	4	2	4	-1.26657924005246	4	Ottawa, Ontario, Canada	CA	CA08	12755	45.4167	-75.7	-570760	4	Ottawa, Ontario, Canada	CA	CA08	12755	45.4167	-75.7	-570760	4	Ottawa, Ontario, Canada	CA	CA08	12755	45.4167	-75.7	-570760	20250922203000	https://www.wellandtribune.ca/news/canada/ndp-calls-on-ottawa-to-do-more-to-get-approved-refugees-out-of-gaza/article_2985d8ab-2c67-5834-a672-eb399b0eed0f.html
1264578581	20250922	202509	2025	2025.7178	CAN	CANADA	CAN								EDU	SCHOOL						EDU			0	1721	172	17	4	-5.0	4	1	4	0.95432856169052	4	Toronto, Ontario, Canada	CA	CA08	12686	43.6667	-79.4167	-574890	4	Toronto, Ontario, Canada	CA	CA08	12686	43.6667	-79.4167	-574890	4	Toronto, Ontario, Canada	CA	CA08	12686	43.6667	-79.4167	-574890	20250922203000	https://www.wellandtribune.ca/news/ontario/are-ontarios-middle-schools-hurting-student-achievement-a-new-report-says-yes-but-thats-not/article_f54be0fa-df0a-5e98-87ff-d189ba628ccf.html
1264578582	20250922	202509	2025	2025.7178	CAN	ONTARIO	CAN								EDU	SCHOOL						EDU			0	1721	172	17	4	-5.0	3	1	3	0.95432856169052	4	Toronto, Ontario, Canada	CA	CA08	12686	43.6667	-79.4167	-574890	1	United States	US	US		39.828175	-98.5795	US	1	United States	US	US		39.828175	-98.5795	US	20250922203000	https://www.wellandtribune.ca/news/ontario/are-ontarios-middle-schools-hurting-student-achievement-a-new-report-says-yes-but-thats-not/article_f54be0fa-df0a-5e98-87ff-d189ba628ccf.html
1264578583	20250922	202509	2025	2025.7178	CAN	CANADA	CAN								EUR	EUROPE	EUR								1	090	090	09	2	-2.0	5	1	5	4.92957746478873	1	Canada	CA	CA		60	-96	CA	1	Canada	CA	CA		60	-96	CA	1	Canada	CA	CA		60	-96	CA	20250922203000	https://www.massdevice.com/medtronic-study-backs-adaptive-dbs-parkinsons/
1264578584	20250922	202509	2025	2025.7178	CAN	CANADA	CAN								FRA	FRANCE	FRA								1	046	046	04	1	7.0	4	1	2	-2.77777777777778	1	Portugal	PO	PO		39.5	-8	PO	1	France	FR	FR		46	2	FR	1	France	FR	FR		46	2	FR	20250922203000	https://www.euronews.com/2025/09/22/france-joins-uk-portugal-and-canada-in-recognising-palestinian-state
1264578585	20250922	202509	2025	2025.7178	CAN	CANADA	CAN								GOV	MINIST						GOV			0	010	010	01	1	0.0	4	1	4	-2.7681660899654	4	Quebec, Quebec, Canada	CA	CA10	12750	47.5	-72	-571850	4	Quebec, Quebec, Canada	CA	CA10	12750	47.5	-72	-571850	4	Quebec, Quebec, Canada	CA	CA10	12750	47.5	-72	-571850	20250922203000	https://leaderpost.com:443/news/politics/minister-doubts-police-will-be-able-to-enforce-gun-buy-back/wcm/a3edc0e5-90fa-4b05-9944-7c5e97421482
1264578586	20250922	202509	2025	2025.7178	CANGOV	MANITOBA	CAN					GOV			AGR	FARMER						AGR			1	051	051	05	1	3.4	10	1	10	3.37078651685393	0								0								0								20250922203000	https://www.gx94radio.com/2025/09/22/masc-re-opens-two-offices-in-western-manitoba/
1264578587	20250922	202509	2025	2025.7178	CHN	CHINA	CHN								ESP	TOLEDO	ESP								1	010	010	01	1	0.0	2	1	2	1.6	4	Atimonan, Iloilo, Philippines	RP	RP30	24250	11.0569	122.361	-2409279	4	Atimonan, Iloilo, Philippines	RP	RP30	24250	11.0569	122.361	-2409279	4	Atimonan, Iloilo, Philippines	RP	RP30	24250	11.0569	122.361	-2409279	20250922203000	https://www.philstar.com/business/2025/09/23/2474673/mgen-kicks-coal-expansion
1264578588	20250922	202509	2025	2025.7178	CHN	CHINA	CHN								USA	UNITED STATES	USA								0	172	172	17	4	-5.0	2	1	2	-10.3448275862069	3	Boston, Massachusetts, United States	US	USMA	MA025	42.3584	-71.0598	617565	3	Boston, Massachusetts, United States	US	USMA	MA025	42.3584	-71.0598	617565	3	Boston, Massachusetts, United States	US	USMA	MA025	42.3584	-71.0598	617565	20250922203000	https://www.boston.com/news/local-news/2025/09/22/livestream-karen-read-wrongful-death-lawsuit-hearing/
1264578589	20250922	202509	2025	2025.7178	CHN	CHINA	CHN								USA	UNITED STATES	USA								0	172	172	17	4	-5.0	2	1	2	-10.3448275862069	1	China	CH	CH		35	105	CH	3	Boston, Massachusetts, United States	US	USMA	MA025	42.3584	-71.0598	617565	3	Boston, Massachusetts, United States	US	USMA	MA025	42.3584	-71.0598	617565	20250922203000	https://www.boston.com/news/local-news/2025/09/22/livestream-karen-read-wrongful-death-lawsuit-hearing/
1264578590	20250922	202509	2025	2025.7178	CHR	CHRISTIAN				CHR															1	042	042	04	1	1.9	8	1	8	-3.11355311355311	1	Germany	GM	GM		51.5	10.5	GM	0								1	Germany	GM	GM		51.5	10.5	GM	20250922203000	https://www.dailystar.co.uk/news/latest-news/breaking-madeleine-mccann-suspect-christian-35946865
1264578591	20250922	202509	2025	2025.7178	CHR	CHRISTIAN				CHR					COP	PRISON						COP			0	0841	084	08	2	7.0	8	1	8	-3.11355311355311	1	Germany	GM	GM		51.5	10.5	GM	1	Germany	GM	GM		51.5	10.5	GM	1	Germany	GM	GM		51.5	10.5	GM	20250922203000	https://www.dailystar.co.uk/news/latest-news/breaking-madeleine-mccann-suspect-christian-35946865
1264578592	20250922	202509	2025	2025.7178	CHR	CHRISTIAN				CHR					MED	NEWS AGENCY						MED			0	100	100	10	3	-5.0	8	1	8	-3.11355311355311	1	Germany	GM	GM		51.5	10.5	GM	1	Germany	GM	GM		51.5	10.5	GM	1	Germany	GM	GM		51.5	10.5	GM	20250922203000	https://www.dailystar.co.uk/news/latest-news/breaking-madeleine-mccann-suspect-christian-35946865
1264578593	20250922	202509	2025	2025.7178	CIV	ABIDJAN	CIV																		1	070	070	07	2	7.0	3	1	3	5.08474576271187	4	Geneva, Genè, Switzerland	SZ	SZ07	16329	46.1956	6.14811	-2552151	0								4	Geneva, Genè, Switzerland	SZ	SZ07	16329	46.1956	6.14811	-2552151	20250922203000	https://www.opportunitiesforafricans.com/the-mo-ibrahim-foundation-leadership-fellowship-programme-2026/
1264578594	20250922	202509	2025	2025.7178	COP	PRISON						COP													1	015	015	01	1	0.0	6	1	6	-6.67384284176533	4	Rome, Lazio, Italy	IT	IT07	18350	41.9	12.4833	-126693	0								4	Rome, Lazio, Italy	IT	IT07	18350	41.9	12.4833	-126693	20250922203000	https://www.newcastleherald.com.au/story/9071800/bryce-williams-family-shares-grief-after-fatal-2022-hit-and-run/
1264578595	20250922	202509	2025	2025.7178	COP	POLICE						COP													0	020	020	02	1	3.0	6	1	6	-3.228285933897	3	Point Hope, Alaska, United States	US	USAK	AK185	68.3486	-166.735	1408110	0								3	Point Hope, Alaska, United States	US	USAK		68.3486	-166.735	1408110	20250922203000	https://www.alaskasnewssource.com/2025/09/22/new-film-follows-five-years-alaska-native-families-seeking-justice-murdered-loved-ones/
1264578596	20250922	202509	2025	2025.7178	COP	POLICE						COP													1	0214	021	02	1	3.4	10	1	10	-2.59067357512953	3	Atlanta, Georgia, United States	US	USGA	GA121	33.749	-84.388	351615	0								3	Atlanta, Georgia, United States	US	USGA	GA121	33.749	-84.388	351615	20250922203000	https://www.13wmaz.com/article/news/local/forsyth-monroe/forsyth-3-year-old-taken-hospital-parents-child-accidently-shot/93-b22a2961-0bc0-4433-8970-348604b841fb
1264578597	20250922	202509	2025	2025.7178	COP	POLICE						COP													1	043	043	04	1	2.8	5	1	5	-10.2189781021898	3	Fredericksburg, Virginia, United States	US	USVA	VA163	37.8929	-79.4378	1494946	0								2	Virginia, United States	US	USVA		37.768	-78.2057	VA	20250922203000	https://www.insidenova.com/headlines/fauquier-man-charged-with-manslaughter-in-collision-that-left-fredericksburg-resident-dead/article_7d6f10a9-52ca-4ce1-ae9d-fc8f7f605528.html
1264578598	20250922	202509	2025	2025.7178	COP	TROOPER						COP													0	043	043	04	1	2.8	10	1	10	-7.40740740740741	2	Maine, United States	US	USME		44.6074	-69.3977	ME	0								2	Maine, United States	US	USME		44.6074	-69.3977	ME	20250922203000	https://www.wmtw.com/article/corinth-maine-deadly-shooting-main-street-scott-roberts/68006445
1264578599	20250922	202509	2025	2025.7178	COP	POLICE						COP													1	071	071	07	2	7.4	10	1	10	-2.59067357512953	3	Atlanta, Georgia, United States	US	USGA	GA121	33.749	-84.388	351615	0								3	Atlanta, Georgia, United States	US	USGA	GA121	33.749	-84.388	351615	20250922203000	https://www.13wmaz.com/article/news/local/forsyth-monroe/forsyth-3-year-old-taken-hospital-parents-child-accidently-shot/93-b22a2961-0bc0-4433-8970-348604b841fb
1264578600	20250922	202509	2025	2025.7178	COP	POLICE						COP													1	090	090	09	2	-2.0	10	1	6	0.48309178743961	4	Nottingham, Nottingham, United Kingdom	UK	UKJ8	40126	52.9667	-1.16667	-2604469	0								4	Nottingham, Nottingham, United Kingdom	UK	UKJ8	40126	52.9667	-1.16667	-2604469	20250922203000	https://www.dailymail.co.uk/news/article-15123291/Police-probe-St-Georges-Cross-GOOSE-mascot.html
1264578601	20250922	202509	2025	2025.7178	COP	POLICE						COP													0	090	090	09	2	-2.0	2	1	2	0.48309178743961	4	Nottingham, Nottingham, United Kingdom	UK	UKJ8	40126	52.9667	-1.16667	-2604469	0								4	Gaza, Israel (general), Israel	IS	IS00	18315	31.4167	34.3333	-797156	20250922203000	https://www.dailymail.co.uk/news/article-15123291/Police-probe-St-Georges-Cross-GOOSE-mascot.html
1264578602	20250922	202509	2025	2025.7178	COP	POLICE						COP													0	090	090	09	2	-2.0	8	1	8	0.48309178743961	4	Gaza, Israel (general), Israel	IS	IS00	18315	31.4167	34.3333	-797156	0								4	Gaza, Israel (general), Israel	IS	IS00	18315	31.4167	34.3333	-797156	20250922203000	https://www.dailymail.co.uk/news/article-15123291/Police-probe-St-Georges-Cross-GOOSE-mascot.html
1264578603	20250922	202509	2025	2025.7178	COP	TROOPER						COP													1	090	090	09	2	-2.0	10	1	10	-8.19672131147541	2	Maine, United States	US	USME		44.6074	-69.3977	ME	0								2	Maine, United States	US	USME		44.6074	-69.3977	ME	20250922203000	https://fox23maine.com/newsletter-daily/police-investigate-shooting-death-of-glenburn-man-in-corinth-maine-homicide-lifeflight-gun-violence
1264578604	20250922	202509	2025	2025.7178	COP	PRISON						COP													0	110	110	11	3	-2.0	10	1	10	-11.1111111111111	4	Guayaquil, Guayas, Ecuador	EC	EC10	18585	-2.16667	-79.9	-927505	0								4	Guayaquil, Guayas, Ecuador	EC	EC10	18585	-2.16667	-79.9	-927505	20250922203000	https://insightcrime.org/news/ecuador-confronts-unprecedented-levels-prison-violence/
1264578605	20250922	202509	2025	2025.7178	COP	POLICE						COP													1	111	111	11	3	-2.0	10	1	6	0.48309178743961	4	Nottingham, Nottingham, United Kingdom	UK	UKJ8	40126	52.9667	-1.16667	-2604469	0								4	Nottingham, Nottingham, United Kingdom	UK	UKJ8	40126	52.9667	-1.16667	-2604469	20250922203000	https://www.dailymail.co.uk/news/article-15123291/Police-probe-St-Georges-Cross-GOOSE-mascot.html
1264578606	20250922	202509	2025	2025.7178	COP	LAW ENFORCEMENT AGENCIES						COP													0	130	130	13	3	-4.4	3	1	3	-5.63524590163935	4	Manila, Manila, Philippines	RP	RPD9	24210	14.6042	120.982	-2437894	0								4	Manila, Manila, Philippines	RP	RPD9	24210	14.6042	120.982	-2437894	20250922203000	https://malaya.com.ph/news/national-news/politician-lawyer-hacktivists-linked-to-rally-violence/
1264578607	20250922	202509	2025	2025.7178	COP	POLICE						COP													1	193	193	19	4	-10.0	2	1	2	-12.6050420168067	2	New York, United States	US	USNY		42.1497	-74.9384	NY	0								3	Queens Village, New York, United States	US	USNY		40.7268	-73.7415	962086	20250922203000	https://www.mcall.com/2025/09/22/2-people-charged-fight-bethlehem-club-shooting/
1264578608	20250922	202509	2025	2025.7178	COP	POLICE						COP			AFGINSTAL	TALIBAN	AFG	TAL				INS			1	010	010	01	1	0.0	2	1	2	-7.96019900497513	4	Tirah, North-West Frontier, Pakistan	PK	PK03	40332	34.5258	72.6899	-2775952	4	Tirah, North-West Frontier, Pakistan	PK	PK03	40332	34.5258	72.6899	-2775952	4	Tirah, North-West Frontier, Pakistan	PK	PK03	40332	34.5258	72.6899	-2775952	20250922203000	https://scroll.in/latest/1086864/pakistan-at-least-24-killed-in-khyber-pakhtunkhwa-province-after-blast-at-militant-compound
1264578609	20250922	202509	2025	2025.7178	COP	POLICE						COP			CAN	CANADA	CAN								1	084	084	08	2	7.0	2	1	2	-4.04858299595141	4	Ottawa, Ontario, Canada	CA	CA08	12755	45.4167	-75.7	-570760	4	Ottawa, Ontario, Canada	CA	CA08	12755	45.4167	-75.7	-570760	4	Toronto, Ontario, Canada	CA	CA08	12686	43.6667	-79.4167	-574890	20250922203000	https://indiawest.com/terrorist-and-pannun-supporter-arrested-in-canada/
1264578610	20250922	202509	2025	2025.7178	COP	POLICE						COP			CAN	CANADA	CAN								1	084	084	08	2	7.0	2	1	2	-4.04858299595141	4	Toronto, Ontario, Canada	CA	CA08	12686	43.6667	-79.4167	-574890	4	Ottawa, Ontario, Canada	CA	CA08	12755	45.4167	-75.7	-570760	4	Toronto, Ontario, Canada	CA	CA08	12686	43.6667	-79.4167	-574890	20250922203000	https://indiawest.com/terrorist-and-pannun-supporter-arrested-in-canada/
1264578611	20250922	202509	2025	2025.7178	COP	POLICE						COP			CVL	COMMUNITY						CVL			0	090	090	09	2	-2.0	4	1	4	-12.6050420168067	3	Queens Village, New York, United States	US	USNY	NY081	40.7268	-73.7415	962086	3	Queens Village, New York, United States	US	USNY		40.7268	-73.7415	962086	3	Queens Village, New York, United States	US	USNY		40.7268	-73.7415	962086	20250922203000	https://www.mcall.com/2025/09/22/2-people-charged-fight-bethlehem-club-shooting/
1264578612	20250922	202509	2025	2025.7178	COP	POLICE						COP			CVL	COMMUNITY						CVL			0	090	090	09	2	-2.0	6	1	6	-12.6050420168067	2	New York, United States	US	USNY		42.1497	-74.9384	NY	2	New York, United States	US	USNY		42.1497	-74.9384	NY	2	New York, United States	US	USNY		42.1497	-74.9384	NY	20250922203000	https://www.mcall.com/2025/09/22/2-people-charged-fight-bethlehem-club-shooting/
1264578613	20250922	202509	2025	2025.7178	COP	POLICE						COP			DEU	GERMAN	DEU								1	051	051	05	1	3.4	3	1	3	5.55555555555556	1	Germany	GM	GM		51.5	10.5	GM	1	Germany	GM	GM		51.5	10.5	GM	1	Germany	GM	GM		51.5	10.5	GM	20250922203000	https://www.kfyrtv.com/2025/09/22/retirement-party-planned-mandan-police-k9-kupper/
1264578614	20250922	202509	2025	2025.7178	COP	POLICE						COP			GBR	UNITED KINGDOM	GBR								1	090	090	09	2	-2.0	10	1	6	0.48309178743961	4	Nottingham, Nottingham, United Kingdom	UK	UKJ8	40126	52.9667	-1.16667	-2604469	4	Nottingham, Nottingham, United Kingdom	UK	UKJ8	40126	52.9667	-1.16667	-2604469	4	Nottingham, Nottingham, United Kingdom	UK	UKJ8	40126	52.9667	-1.16667	-2604469	20250922203000	https://www.dailymail.co.uk/news/article-15123291/Police-probe-St-Georges-Cross-GOOSE-mascot.html
1264578615	20250922	202509	2025	2025.7178	COP	POLICE						COP			GBR	UNITED KINGDOM	GBR								1	090	090	09	2	-2.0	4	1	4	0.48309178743961	5	Tower Hamlets, Tower Hamlets, United Kingdom	UK	UKO5	40110	51.5206	-0.036489	-2610063	5	Tower Hamlets, Tower Hamlets, United Kingdom	UK	UKO5	40110	51.5206	-0.036489	-2610063	5	Tower Hamlets, Tower Hamlets, United Kingdom	UK	UKO5	40110	51.5206	-0.036489	-2610063	20250922203000	https://www.dailymail.co.uk/news/article-15123291/Police-probe-St-Georges-Cross-GOOSE-mascot.html
1264578616	20250922	202509	2025	2025.7178	COP	POLICE						COP			GBR	UNITED KINGDOM	GBR								1	111	111	11	3	-2.0	10	1	6	0.48309178743961	4	Nottingham, Nottingham, United Kingdom	UK	UKJ8	40126	52.9667	-1.16667	-2604469	4	Nottingham, Nottingham, United Kingdom	UK	UKJ8	40126	52.9667	-1.16667	-2604469	4	Nottingham, Nottingham, United Kingdom	UK	UKJ8	40126	52.9667	-1.16667	-2604469	20250922203000	https://www.dailymail.co.uk/news/article-15123291/Police-probe-St-Georges-Cross-GOOSE-mascot.html
1264578617	20250922	202509	2025	2025.7178	COP	POLICE						COP			GRC	LACONIA	GRC								1	043	043	04	1	2.8	5	1	5	-10	0								0								0								20250922203000	https://www.unionleader.com/news/crime/goffstown-man-charged-following-double-fatal-motorcycle-crash-in-gilford/article_082763df-9900-4606-99dc-9db5c4f4eb98.html
1264578618	20250922	202509	2025	2025.7178	COP	POLICE						COP			GRC	CORINTH	GRC								1	193	193	19	4	-10.0	10	1	10	-8.19672131147541	2	Maine, United States	US	USME		44.6074	-69.3977	ME	2	Maine, United States	US	USME		44.6074	-69.3977	ME	2	Maine, United States	US	USME		44.6074	-69.3977	ME	20250922203000	https://fox23maine.com/newsletter-daily/police-investigate-shooting-death-of-glenburn-man-in-corinth-maine-homicide-lifeflight-gun-violence
1264578619	20250922	202509	2025	2025.7178	COP	POLICE						COP			HIN	HINDU				HIN					1	084	084	08	2	7.0	6	1	6	-4.04858299595141	4	New Delhi, Delhi, India	IN	IN07	17911	28.6	77.2	-2106102	4	Ottawa, Ontario, Canada	CA	CA08	12755	45.4167	-75.7	-570760	4	New Delhi, Delhi, India	IN	IN07	17911	28.6	77.2	-2106102	20250922203000	https://indiawest.com/terrorist-and-pannun-supporter-arrested-in-canada/
1264578620	20250922	202509	2025	2025.7178	COP	POLICE						COP			IND	KARNATAKA	IND								0	192	192	19	4	-9.5	10	1	10	-2.89855072463768	0								0								0								20250922203000	https://timesofindia.indiatimes.com/city/mangaluru/police-rescue-9-cows-one-held-in-mangaluru/articleshow/124053998.cms
1264578621	20250922	202509	2025	2025.7178	COP	POLICE OFFICER						COP			JUD	ATTORNEY						JUD			1	043	043	04	1	2.8	10	1	10	-6.96517412935323	2	New York, United States	US	USNY		42.1497	-74.9384	NY	2	New York, United States	US	USNY		42.1497	-74.9384	NY	2	New York, United States	US	USNY		42.1497	-74.9384	NY	20250922203000	https://talkingpointsmemo.com/edblog/state-of-play-doj-edition
1264578622	20250922	202509	2025	2025.7178	COP	LAW ENFORCEMENT AGENCIES						COP			PHL	PHILIPPINE	PHL								0	130	130	13	3	-4.4	2	1	2	-5.63524590163935	4	Malaca, Pangasinan, Philippines	RP	RP51	24225	15.8334	120.378	-2436250	4	Malaca, Pangasinan, Philippines	RP	RP51	24225	15.8334	120.378	-2436250	4	Malaca, Pangasinan, Philippines	RP	RP51	24225	15.8334	120.378	-2436250	20250922203000	https://malaya.com.ph/news/national-news/politician-lawyer-hacktivists-linked-to-rally-violence/
1264578623	20250922	202509	2025	2025.7178	COP	POLICE						COP			USA	UNITED STATES	USA								1	020	020	02	1	3.0	8	1	8	-6.09318996415771	3	Salt Lake County, Utah, United States	US	USUT	UT035	40.6255	-111.876	1448031	3	Salt Lake County, Utah, United States	US	USUT		40.6255	-111.876	1448031	3	Salt Lake County, Utah, United States	US	USUT		40.6255	-111.876	1448031	20250922203000	https://www.eastidahonews.com/2025/09/man-hid-in-childs-room-in-utah-for-10-days-police-say/
1264578624	20250922	202509	2025	2025.7178	COP	DEPUTIES						COP			USA	OKLAHOMA	USA								1	042	042	04	1	1.9	5	1	5	-2.35756385068762	2	Pennsylvania, United States	US	USPA		40.5773	-77.264	PA	2	Pennsylvania, United States	US	USPA		40.5773	-77.264	PA	2	Pennsylvania, United States	US	USPA		40.5773	-77.264	PA	20250922203000	https://www.therecord.com/news/world/united-states/sheriff-tiger-fatally-mauls-handler-during-big-cat-show-in-oklahoma/article_6817e03e-d0c8-5298-af65-758938c2d1a8.html
1264578625	20250922	202509	2025	2025.7178	COPCOP	POLICE						COP	COP		USA	UNITED STATES	USA								1	190	190	19	4	-10.0	2	1	2	-4.71698113207548	3	Putnamville, Indiana, United States	US	USIN	IN133	39.5742	-86.8653	441673	3	Sullivan County, Indiana, United States	US	USIN		39.0953	-87.4059	450391	3	Sullivan County, Indiana, United States	US	USIN		39.0953	-87.4059	450391	20250922203000	https://www.wthr.com/article/news/crime/indiana-state-police-investigating-possible-murder-suicide-rural-sullivan-county/531-3bd6ed87-80ce-48fc-89f8-badb82490193
1264578626	20250922	202509	2025	2025.7178	COPCOP	POLICE						COP	COP		USA	INDIANA	USA								1	190	190	19	4	-10.0	6	1	6	-4.71698113207548	3	Sullivan County, Indiana, United States	US	USIN	IN153	39.0953	-87.4059	450391	3	Sullivan County, Indiana, United States	US	USIN		39.0953	-87.4059	450391	3	Sullivan County, Indiana, United States	US	USIN		39.0953	-87.4059	450391	20250922203000	https://www.wthr.com/article/news/crime/indiana-state-police-investigating-possible-murder-suicide-rural-sullivan-county/531-3bd6ed87-80ce-48fc-89f8-badb82490193
1264578627	20250922	202509	2025	2025.7178	COPCOP	POLICE						COP	COP		USA	INDIANA	USA								1	190	190	19	4	-10.0	2	1	2	-4.71698113207548	2	Indiana, United States	US	USIN		39.8647	-86.2604	IN	2	Indiana, United States	US	USIN		39.8647	-86.2604	IN	2	Indiana, United States	US	USIN		39.8647	-86.2604	IN	20250922203000	https://www.wthr.com/article/news/crime/indiana-state-police-investigating-possible-murder-suicide-rural-sullivan-county/531-3bd6ed87-80ce-48fc-89f8-badb82490193
1264578628	20250922	202509	2025	2025.7178	CRM	PERPETRATOR						CRM													0	112	112	11	3	-2.0	4	1	4	-5.63524590163935	4	Luneta, Leyte, Philippines	RP	RP37	24258	10.8411	124.902	-2434456	0								4	Luneta, Leyte, Philippines	RP	RP37	24258	10.8411	124.902	-2434456	20250922203000	https://malaya.com.ph/news/national-news/politician-lawyer-hacktivists-linked-to-rally-violence/
1264578629	20250922	202509	2025	2025.7178	CRM	PERPETRATOR						CRM													0	112	112	11	3	-2.0	1	1	1	-5.63524590163935	4	Manila, Manila, Philippines	RP	RPD9	24210	14.6042	120.982	-2437894	0								4	Manila, Manila, Philippines	RP	RPD9	24210	14.6042	120.982	-2437894	20250922203000	https://malaya.com.ph/news/national-news/politician-lawyer-hacktivists-linked-to-rally-violence/
1264578630	20250922	202509	2025	2025.7178	CRM	CRIMINAL						CRM			COP	DEPUTIES						COP			1	114	114	11	3	-2.0	4	1	4	-10.2150537634408	3	Olmsted County, Minnesota, United States	US	USMN	MN109	44.0005	-92.4502	659500	3	Minneapolis, Minnesota, United States	US	USMN	MN053	44.98	-93.2638	655030	3	Olmsted County, Minnesota, United States	US	USMN		44.0005	-92.4502	659500	20250922203000	https://krforadio.com/ixp/669/p/guilty-verdict-murder-crash-olmsted-county/
1264578631	20250922	202509	2025	2025.7178	CRM	CRIMINAL						CRM			COP	DEPUTIES						COP			1	114	114	11	3	-2.0	2	1	2	-10.2150537634408	2	Minnesota, United States	US	USMN		45.7326	-93.9196	MN	2	Minnesota, United States	US	USMN		45.7326	-93.9196	MN	2	Minnesota, United States	US	USMN		45.7326	-93.9196	MN	20250922203000	https://krforadio.com/ixp/669/p/guilty-verdict-murder-crash-olmsted-county/
1264578632	20250922	202509	2025	2025.7178	CRM	GANG						CRM			REL	SAINT									1	012	012	01	1	-0.4	5	1	5	-1.64158686730506	0								0								0								20250922203000	https://comicbook.com/movies/news/netflixs-new-1-movie-has-a-sequel-coming-out-soon-and-we-already-know-the-plot/
1264578633	20250922	202509	2025	2025.7178	CRM	CRIMINAL						CRM			USA	UNITED STATES	USA								1	114	114	11	3	-2.0	4	1	4	-10.2150537634408	3	Olmsted County, Minnesota, United States	US	USMN	MN109	44.0005	-92.4502	659500	3	Olmsted County, Minnesota, United States	US	USMN		44.0005	-92.4502	659500	3	Olmsted County, Minnesota, United States	US	USMN		44.0005	-92.4502	659500	20250922203000	https://krforadio.com/ixp/669/p/guilty-verdict-murder-crash-olmsted-county/
1264578634	20250922	202509	2025	2025.7178	CRM	GANG						CRM			USA	UNITED STATES	USA								1	190	190	19	4	-10.0	12	6	12	-3.71134020618557	3	Los Angeles, California, United States	US	USCA	CA037	34.0522	-118.244	1662328	3	Los Angeles, California, United States	US	USCA		34.0522	-118.244	1662328	3	Los Angeles, California, United States	US	USCA		34.0522	-118.244	1662328	20250922203000	https://www.kiiitv.com/article/news/nation-world/jimmy-kimmel-returning-tuesday-after-suspension/507-296d3383-7f0e-4583-bb91-6b40a253b886
1264578635	20250922	202509	2025	2025.7178	CUB	CUBA	CUB								CUBGOV	CUBA	CUB					GOV			0	051	051	05	1	3.4	2	1	2	3.27298050139276	3	Philadelphia, Pennsylvania, United States	US	USPA	PA101	39.9523	-75.1638	1209052	1	Cuba	CU	CU		22	-79.5	CU	1	Cuba	CU	CU		22	-79.5	CU	20250922203000	https://www.mcall.com/2025/09/22/jose-garces-okatshe-allentown-opening/
1264578636	20250922	202509	2025	2025.7178	CUB	CUBAN	CUB								GOV	PRESIDENT						GOV			1	046	046	04	1	7.0	5	1	5	3.27298050139276	1	Cuba	CU	CU		22	-79.5	CU	1	Cuba	CU	CU		22	-79.5	CU	1	Cuba	CU	CU		22	-79.5	CU	20250922203000	https://www.mcall.com/2025/09/22/jose-garces-okatshe-allentown-opening/
1264578637	20250922	202509	2025	2025.7178	CUB	CUBA	CUB								GOV	MAYOR						GOV			0	051	051	05	1	3.4	6	1	6	3.27298050139276	1	Cuba	CU	CU		22	-79.5	CU	1	Cuba	CU	CU		22	-79.5	CU	1	Cuba	CU	CU		22	-79.5	CU	20250922203000	https://www.mcall.com/2025/09/22/jose-garces-okatshe-allentown-opening/
1264578638	20250922	202509	2025	2025.7178	CUB	CUBA	CUB								USAGOV	UNITED STATES	USA					GOV			0	051	051	05	1	3.4	2	1	2	3.27298050139276	1	Cuba	CU	CU		22	-79.5	CU	3	Philadelphia, Pennsylvania, United States	US	USPA	PA101	39.9523	-75.1638	1209052	1	Cuba	CU	CU		22	-79.5	CU	20250922203000	https://www.mcall.com/2025/09/22/jose-garces-okatshe-allentown-opening/
1264578639	20250922	202509	2025	2025.7178	CVL	ENGINEER						CVL													1	010	010	01	1	0.0	4	1	4	0.51813471502591	5	Madhya Pradesh, Madhya Pradesh, India	IN	IN35	17744	23.5	78.5	-2103026	0								5	Madhya Pradesh, Madhya Pradesh, India	IN	IN35	17744	23.5	78.5	-2103026	20250922203000	https://www.freepressjournal.in/indore/finally-remote-tribal-hamlets-near-indore-get-electricity
1264578640	20250922	202509	2025	2025.7178	CVL	COMMUNITY						CVL													1	010	010	01	1	0.0	3	1	3	3.27298050139276	3	Chicago, Illinois, United States	US	USIL	IL031	41.85	-87.6501	423587	0								3	Chicago, Illinois, United States	US	USIL	IL031	41.85	-87.6501	423587	20250922203000	https://www.mcall.com/2025/09/22/jose-garces-okatshe-allentown-opening/
1264578641	20250922	202509	2025	2025.7178	CVL	SCIENTIST						CVL													1	010	010	01	1	0.0	10	1	10	-0.55555555555556	2	Kansas, United States	US	USKS		38.5111	-96.8005	KS	0								2	Kansas, United States	US	USKS		38.5111	-96.8005	KS	20250922203000	https://hpj.com/2025/09/22/dehydrated-foods-gaining-in-popularity/
1264578642	20250922	202509	2025	2025.7178	CVL	RESIDENTS						CVL													0	033	033	03	1	5.2	2	1	2	-3.79876796714579	3	Cub Creek, North Carolina, United States	US	USNC	NC023	35.6779	-81.5076	983819	0								3	Cub Creek, North Carolina, United States	US	USNC		35.6779	-81.5076	983819	20250922203000	https://www.journalpatriot.com/news/helene-hit-western-nc-a-year-ago-this-week/article_038be025-866d-5def-9f1c-2423e981bba9.html
1264578643	20250922	202509	2025	2025.7178	CVL	RESIDENTS						CVL													0	033	033	03	1	5.2	8	1	8	-3.79876796714579	3	North Wilkesboro, North Carolina, United States	US	USNC	NC193	36.1585	-81.1476	991280	0								3	North Wilkesboro, North Carolina, United States	US	USNC		36.1585	-81.1476	991280	20250922203000	https://www.journalpatriot.com/news/helene-hit-western-nc-a-year-ago-this-week/article_038be025-866d-5def-9f1c-2423e981bba9.html
1264578644	20250922	202509	2025	2025.7178	CVL	ENGINEER						CVL													1	042	042	04	1	1.9	10	1	10	1.33495145631068	4	Vancouver, British Columbia, Canada	CA	CA02	12552	49.25	-123.133	-575268	0								4	Vancouver, British Columbia, Canada	CA	CA02	12552	49.25	-123.133	-575268	20250922203000	https://www.theglobeandmail.com/business/commentary/article-trumps-h1-b-visa-price-hike-is-good-for-canada/
1264578645	20250922	202509	2025	2025.7178	CVL	TRAVELLER						CVL													1	051	051	05	1	3.4	3	1	3	3.67965367965368	4	Al Hamriyah, Al Anbar, Iraq	IZ	IZ01	123566	34.4598	41.6617	10143955	0								4	Al Hamriyah, Al Anbar, Iraq	IZ	IZ01	123566	34.4598	41.6617	10143955	20250922203000	https://www.gulftoday.ae/news/2025/09/22/sheikh-sultan-attends-opening-of-25th-sharjah-international-narrator-forum
1264578646	20250922	202509	2025	2025.7178	CVL	TRAVELLER						CVL													1	051	051	05	1	3.4	2	1	2	3.67965367965368	1	Maldives	MV	MV		3.2	73	MV	0								1	Maldives	MV	MV		3.2	73	MV	20250922203000	https://www.gulftoday.ae/news/2025/09/22/sheikh-sultan-attends-opening-of-25th-sharjah-international-narrator-forum
1264578647	20250922	202509	2025	2025.7178	CVL	COMMUNITY						CVL													1	060	060	06	2	6.0	10	1	10	6.92041522491349	4	Copeton, New South Wales, Australia	AS	AS02	5096	-29.9167	151.017	-1567399	0								4	Copeton, New South Wales, Australia	AS	AS02	5096	-29.9167	151.017	-1567399	20250922203000	https://www.miragenews.com/1000-anglers-gear-up-for-fish-reflections-debut-1538313/
1264578648	20250922	202509	2025	2025.7178	CVL	RESIDENTS						CVL													0	060	060	06	2	6.0	2	1	2	-3.79876796714579	3	Cub Creek, North Carolina, United States	US	USNC	NC023	35.6779	-81.5076	983819	0								3	Cub Creek, North Carolina, United States	US	USNC		35.6779	-81.5076	983819	20250922203000	https://www.journalpatriot.com/news/helene-hit-western-nc-a-year-ago-this-week/article_038be025-866d-5def-9f1c-2423e981bba9.html
1264578649	20250922	202509	2025	2025.7178	CVL	RESIDENTS						CVL													0	060	060	06	2	6.0	8	1	8	-3.79876796714579	3	North Wilkesboro, North Carolina, United States	US	USNC	NC193	36.1585	-81.1476	991280	0								3	North Wilkesboro, North Carolina, United States	US	USNC		36.1585	-81.1476	991280	20250922203000	https://www.journalpatriot.com/news/helene-hit-western-nc-a-year-ago-this-week/article_038be025-866d-5def-9f1c-2423e981bba9.html
1264578650	20250922	202509	2025	2025.7178	CVL	COMMUNITY						CVL													1	071	071	07	2	7.4	5	1	5	4.51977401129943	4	Salisbury, Mashonaland East, Zimbabwe	ZI	ZI04	40197	-17.8178	31.0447	-2312291	0								4	Salisbury, Mashonaland East, Zimbabwe	ZI	ZI04	40197	-17.8178	31.0447	-2312291	20250922203000	https://www.salisburyjournal.co.uk/news/25484987.ringwood-carnival-2026-confirmed-successful-turnout/
1264578651	20250922	202509	2025	2025.7178	CVL	CIVILIAN						CVL													0	071	071	07	2	7.4	4	1	4	1.20593692022263	1	India	IN	IN		20	77	IN	0								1	India	IN	IN		20	77	IN	20250922203000	https://indiawest.com/the-great-skills-heist-why-india-should-charge-america-500000-for-every-h-1b-professional/
1264578652	20250922	202509	2025	2025.7178	CVL	CIVILIAN						CVL													0	071	071	07	2	7.4	1	1	1	1.20593692022263	1	Singapore	SN	SN		1.366667	103.8	SN	0								1	India	IN	IN		20	77	IN	20250922203000	https://indiawest.com/the-great-skills-heist-why-india-should-charge-america-500000-for-every-h-1b-professional/
1264578653	20250922	202509	2025	2025.7178	CVL	CITIZEN						CVL													0	073	073	07	2	7.4	10	1	10	-0.43103448275862	4	Mangaluru, Karnataka, India	IN	IN19	17685	12.8639	74.8353	-2103790	0								4	Mangaluru, Karnataka, India	IN	IN19	17685	12.8639	74.8353	-2103790	20250922203000	https://timesofindia.indiatimes.com/city/mangaluru/everyone-must-cooperate-to-eliminate-malnurition-dk-mp/articleshow/124054119.cms
1264578654	20250922	202509	2025	2025.7178	CVL	COMMUNITY						CVL													1	073	073	07	2	7.4	2	1	2	0	4	Cambridge, Cambridgeshire, United Kingdom	UK	UKC3	40098	52.2	0.116667	-2591658	0								4	Cambridge, Cambridgeshire, United Kingdom	UK	UKC3	40098	52.2	0.116667	-2591658	20250922203000	https://www.therecord.com/news/waterloo-region/cambridge-food-bank-launches-self-serve-food-lockers-at-two-new-locations/article_c7d8ec05-3c2a-5b3b-9199-b425a63b9b2f.html
1264578655	20250922	202509	2025	2025.7178	CVL	TOURIST						CVL													1	110	110	11	3	-2.0	10	1	10	-4.5045045045045	1	Vietnam, Republic Of	VM	VM		16.166667	107.833333	VM	0								1	Vietnam, Republic Of	VM	VM		16.166667	107.833333	VM	20250922203000	https://sofrep.com/news/sofrep-cartoon-revolution-on-main-street/
1264578656	20250922	202509	2025	2025.7178	CVL	VILLAGE						CVL													1	114	114	11	3	-2.0	10	1	10	1.26262626262626	4	Salisbury, Mashonaland East, Zimbabwe	ZI	ZI04	40197	-17.8178	31.0447	-2312291	0								4	Salisbury, Mashonaland East, Zimbabwe	ZI	ZI04	40197	-17.8178	31.0447	-2312291	20250922203000	https://www.salisburyjournal.co.uk/news/25481151.salisbury-city-council-approves-motion-new-footpath/
1264578657	20250922	202509	2025	2025.7178	CVL	POPULATION						CVL													1	120	120	12	3	-4.0	3	1	3	-2.47279920870426	3	Riverside, California, United States	US	USCA	CA067	38.5191	-121.521	253387	0								3	Riverside, California, United States	US	USCA	CA067	38.5191	-121.521	253387	20250922203000	https://www.miragenews.com/save-endangered-species-begin-with-dna-blueprint-1538327/
1264578658	20250922	202509	2025	2025.7178	CVL	COMMUNITY						CVL			BUS	BANK						BUS			1	073	073	07	2	7.4	2	1	2	0	4	Cambridge, Cambridgeshire, United Kingdom	UK	UKC3	40098	52.2	0.116667	-2591658	4	Cambridge, Cambridgeshire, United Kingdom	UK	UKC3	40098	52.2	0.116667	-2591658	4	Cambridge, Cambridgeshire, United Kingdom	UK	UKC3	40098	52.2	0.116667	-2591658	20250922203000	https://www.therecord.com/news/waterloo-region/cambridge-food-bank-launches-self-serve-food-lockers-at-two-new-locations/article_c7d8ec05-3c2a-5b3b-9199-b425a63b9b2f.html
1264578659	20250922	202509	2025	2025.7178	CVL	ENGINEER						CVL			CRM	PERPETRATOR						CRM			0	012	012	01	1	-0.4	3	1	3	-4.83460559796438	1	Malaysia	MY	MY		2.5	112.5	MY	1	Malaysia	MY	MY		2.5	112.5	MY	1	Malaysia	MY	MY		2.5	112.5	MY	20250922203000	https://www.dailymail.co.uk/news/article-15123353/Emergency-gas-workers-rushed-UK-town-leak-fears-worlds-smelliest-fruit.html
1264578660	20250922	202509	2025	2025.7178	CVL	ENGINEER						CVL			CRM	PERPETRATOR						CRM			0	013	013	01	1	0.4	3	1	3	-4.83460559796438	1	Malaysia	MY	MY		2.5	112.5	MY	1	Malaysia	MY	MY		2.5	112.5	MY	1	Malaysia	MY	MY		2.5	112.5	MY	20250922203000	https://www.dailymail.co.uk/news/article-15123353/Emergency-gas-workers-rushed-UK-town-leak-fears-worlds-smelliest-fruit.html
1264578661	20250922	202509	2025	2025.7178	CVL	COMMUNITY						CVL			GBR	UNITED KINGDOM	GBR								1	073	073	07	2	7.4	6	1	6	0	4	Cambridge, Cambridgeshire, United Kingdom	UK	UKC3	40098	52.2	0.116667	-2591658	4	Cambridge, Cambridgeshire, United Kingdom	UK	UKC3	40098	52.2	0.116667	-2591658	4	Cambridge, Cambridgeshire, United Kingdom	UK	UKC3	40098	52.2	0.116667	-2591658	20250922203000	https://www.therecord.com/news/waterloo-region/cambridge-food-bank-launches-self-serve-food-lockers-at-two-new-locations/article_c7d8ec05-3c2a-5b3b-9199-b425a63b9b2f.html
1264578662	20250922	202509	2025	2025.7178	CVL	POPULATION						CVL			GOV	GOVERNMENT						GOV			1	010	010	01	1	0.0	5	1	5	-2.49150622876557	1	United States	US	US		39.828175	-98.5795	US	1	United States	US	US		39.828175	-98.5795	US	1	United States	US	US		39.828175	-98.5795	US	20250922203000	https://recorder.com/2025/09/18/columnist-russ-vernon-jones-authoritarianism-and-the-fossil-fuel-industry/
1264578663	20250922	202509	2025	2025.7178	CVL	TRAVELLER						CVL			GOV	RULER						GOV			1	043	043	04	1	2.8	2	1	2	3.67965367965368	1	Maldives	MV	MV		3.2	73	MV	1	Maldives	MV	MV		3.2	73	MV	1	Maldives	MV	MV		3.2	73	MV	20250922203000	https://www.gulftoday.ae/news/2025/09/22/sheikh-sultan-attends-opening-of-25th-sharjah-international-narrator-forum
1264578664	20250922	202509	2025	2025.7178	CVL	SETTLEMENT						CVL			GOV	GOVERNMENT						GOV			0	071	071	07	2	7.4	8	1	8	-4.5346062052506	3	Clark Fork, Montana, United States	US	USMT	MT001	44.7749	-112.222	781331	3	Clark Fork, Montana, United States	US	USMT		44.7749	-112.222	781331	3	Clark Fork, Montana, United States	US	USMT		44.7749	-112.222	781331	20250922203000	https://www.ktvh.com/news/mtn-outdoors/judge-temporarily-halts-irrigation-near-grant-kohrs-ranch-over-bull-trout-endangerment
1264578665	20250922	202509	2025	2025.7178	CVL	SETTLEMENT						CVL			GOV	GOVERNMENT						GOV			0	071	071	07	2	7.4	2	1	2	-4.5346062052506	3	West Side Ditch, Montana, United States	US	USMT	MT001	45.3755	-113.283	793130	3	West Side Ditch, Montana, United States	US	USMT		45.3755	-113.283	793130	3	West Side Ditch, Montana, United States	US	USMT		45.3755	-113.283	793130	20250922203000	https://www.ktvh.com/news/mtn-outdoors/judge-temporarily-halts-irrigation-near-grant-kohrs-ranch-over-bull-trout-endangerment
1264578666	20250922	202509	2025	2025.7178	CVL	VILLAGE						CVL			ITA	ITALIAN	ITA								1	042	042	04	1	1.9	18	1	10	0.78554595443833	4	Portofino, Liguria, Italy	IT	IT08	18352	44.3	9.2	-125543	4	Portofino, Liguria, Italy	IT	IT08	18352	44.3	9.2	-125543	4	Portofino, Liguria, Italy	IT	IT08	18352	44.3	9.2	-125543	20250922203000	https://www.dailymail.co.uk/femail/article-15123407/barack-michelle-obama-italy-steven-spielberg-yacht.html
1264578667	20250922	202509	2025	2025.7178	CVL	COMMUNITY						CVL			JPN	JAPAN	JPN								1	010	010	01	1	0.0	3	1	3	3.27298050139276	1	Japan	JA	JA		36	138	JA	1	Japan	JA	JA		36	138	JA	1	Japan	JA	JA		36	138	JA	20250922203000	https://www.mcall.com/2025/09/22/jose-garces-okatshe-allentown-opening/
1264578668	20250922	202509	2025	2025.7178	CVL	NEIGHBORHOOD						CVL			JPN	JAPAN	JPN								1	043	043	04	1	2.8	4	1	4	1.86799501867995	1	Japan	JA	JA		36	138	JA	1	Japan	JA	JA		36	138	JA	1	Japan	JA	JA		36	138	JA	20250922203000	https://www.eastidahonews.com/2025/09/festival-honoring-once-forgotten-historic-neighborhood-reminds-community-of-its-roots/
1264578669	20250922	202509	2025	2025.7178	CVL	INDIGENOUS PEOPLE						CVL			LEG	REPRESENTATIVES						LEG			0	045	045	04	1	5.0	10	1	10	2.14067278287461	4	Mexico City, Distrito Federal, Mexico	MX	MX09	20887	19.4342	-99.1386	-1658079	4	Mexico City, Distrito Federal, Mexico	MX	MX09	20887	19.4342	-99.1386	-1658079	4	Mexico City, Distrito Federal, Mexico	MX	MX09	20887	19.4342	-99.1386	-1658079	20250922203000	https://www.oas.org/en/media_center/press_release.asp?sCodigo=E-058/25
1264578670	20250922	202509	2025	2025.7178	CVL	TRAVELLER						CVL			MDV	MALDIVE	MDV								1	043	043	04	1	2.8	2	1	2	3.67965367965368	1	Maldives	MV	MV		3.2	73	MV	1	Maldives	MV	MV		3.2	73	MV	1	Maldives	MV	MV		3.2	73	MV	20250922203000	https://www.gulftoday.ae/news/2025/09/22/sheikh-sultan-attends-opening-of-25th-sharjah-international-narrator-forum
1264578671	20250922	202509	2025	2025.7178	CVL	RESIDENTS						CVL			USA	UNITED STATES	USA								1	013	013	01	1	0.4	8	1	8	9.13461538461539	3	Nelson County, North Dakota, United States	US	USND	ND063	47.9417	-98.1837	1034217	3	Nelson County, North Dakota, United States	US	USND		47.9417	-98.1837	1034217	3	Nelson County, North Dakota, United States	US	USND		47.9417	-98.1837	1034217	20250922203000	https://www.devilslakejournal.com/top-stories/9283/nelson-county-arts-council-event-sep-28/
1264578672	20250922	202509	2025	2025.7178	CVL	VOTER						CVL			USA	UNITED STATES	USA								0	042	042	04	1	1.9	1	1	1	-2.96022201665125	2	New York, United States	US	USNY		42.1497	-74.9384	NY	2	New York, United States	US	USNY		42.1497	-74.9384	NY	3	Town Hall, New York, United States	US	USNY		40.7561	-73.9853	2083212	20250922203000	https://hotair.com/ed-morrissey/2025/09/22/great-news-leading-dem-socialist-boycotts-abc-n3807065
1264578673	20250922	202509	2025	2025.7178	CVL	VOTER						CVL			USA	UNITED STATES	USA								0	051	051	05	1	3.4	2	1	2	-2.70967741935484	2	Nevada, United States	US	USNV		38.4199	-117.122	NV	2	Nevada, United States	US	USNV		38.4199	-117.122	NV	2	Nevada, United States	US	USNV		38.4199	-117.122	NV	20250922203000	https://nevadanewsandviews.com/democrats-double-down-on-abortion-despite-nevada-voters-moving-on/
1264578674	20250922	202509	2025	2025.7178	CVL	VILLAGE						CVL			USA	NEW YORK	USA								1	084	084	08	2	7.0	1	1	1	-12.6050420168067	3	Queens Village, New York, United States	US	USNY	NY081	40.7268	-73.7415	962086	2	New York, United States	US	USNY		42.1497	-74.9384	NY	2	New York, United States	US	USNY		42.1497	-74.9384	NY	20250922203000	https://www.mcall.com/2025/09/22/2-people-charged-fight-bethlehem-club-shooting/
1264578675	20250922	202509	2025	2025.7178	DEU	GERMANY	DEU																		1	050	050	05	1	3.5	2	1	2	-1.80681028492008	4	Gaza, Israel (general), Israel	IS	IS00	18315	31.4167	34.3333	-797156	0								4	Gaza, Israel (general), Israel	IS	IS00	18315	31.4167	34.3333	-797156	20250922203000	https://www.euronews.com/my-europe/2025/09/22/why-is-the-palestinian-cause-so-important-in-spain
1264578676	20250922	202509	2025	2025.7178	DEU	GERMANY	DEU																		1	050	050	05	1	3.5	8	1	8	-1.80681028492008	1	Germany	GM	GM		51.5	10.5	GM	0								1	Germany	GM	GM		51.5	10.5	GM	20250922203000	https://www.euronews.com/my-europe/2025/09/22/why-is-the-palestinian-cause-so-important-in-spain
1264578677	20250922	202509	2025	2025.7178	DEU	GERMANY	DEU																		1	125	125	12	3	-5.0	3	1	3	1.85387131952018	4	Berlin, Berlin, Germany	GM	GM16	16538	52.5167	13.4	-1746443	0								4	Berlin, Berlin, Germany	GM	GM16	16538	52.5167	13.4	-1746443	20250922203000	https://www.dailymail.co.uk/tvshowbiz/article-15123341/Emily-Blunt-stunning-smashing-machine-premiere-berlin.html
1264578678	20250922	202509	2025	2025.7178	DEU	GERMANY	DEU								COP	POLICE						COP			1	070	070	07	2	7.0	4	1	4	5.55555555555556	1	Germany	GM	GM		51.5	10.5	GM	1	Germany	GM	GM		51.5	10.5	GM	1	Germany	GM	GM		51.5	10.5	GM	20250922203000	https://www.kfyrtv.com/2025/09/22/retirement-party-planned-mandan-police-k9-kupper/
1264578679	20250922	202509	2025	2025.7178	DEU	GERMAN	DEU								COP	POLICE						COP			1	173	173	17	4	-5.0	3	1	3	5.55555555555556	1	Germany	GM	GM		51.5	10.5	GM	1	Germany	GM	GM		51.5	10.5	GM	1	Germany	GM	GM		51.5	10.5	GM	20250922203000	https://www.kfyrtv.com/2025/09/22/retirement-party-planned-mandan-police-k9-kupper/
1264578680	20250922	202509	2025	2025.7178	DEU	GERMANY	DEU								MED	NEWS AGENCY						MED			0	100	100	10	3	-5.0	2	1	2	-3.11355311355311	1	Germany	GM	GM		51.5	10.5	GM	1	Germany	GM	GM		51.5	10.5	GM	1	Germany	GM	GM		51.5	10.5	GM	20250922203000	https://www.dailystar.co.uk/news/latest-news/breaking-madeleine-mccann-suspect-christian-35946865
1264578681	20250922	202509	2025	2025.7178	DEU	GERMANY	DEU								ZAF	NORTH WEST	ZAF								0	112	112	11	3	-2.0	10	1	10	-3.11355311355311	1	Germany	GM	GM		51.5	10.5	GM	1	Germany	GM	GM		51.5	10.5	GM	1	Germany	GM	GM		51.5	10.5	GM	20250922203000	https://www.dailystar.co.uk/news/latest-news/breaking-madeleine-mccann-suspect-christian-35946865
1264578682	20250922	202509	2025	2025.7178	DEUGOV	GERMANY	DEU					GOV													0	090	090	09	2	-2.0	1	1	1	-3.11355311355311	4	Praia Da Luz, Faro, Portugal	PO	PO09	24764	37.0833	-8.73333	-2168298	0								1	Germany	GM	GM		51.5	10.5	GM	20250922203000	https://www.dailystar.co.uk/news/latest-news/breaking-madeleine-mccann-suspect-christian-35946865
1264578683	20250922	202509	2025	2025.7178	DEUGOV	GERMANY	DEU					GOV													0	090	090	09	2	-2.0	1	1	1	-3.11355311355311	1	Germany	GM	GM		51.5	10.5	GM	0								4	Praia Da Luz, Faro, Portugal	PO	PO09	24764	37.0833	-8.73333	-2168298	20250922203000	https://www.dailystar.co.uk/news/latest-news/breaking-madeleine-mccann-suspect-christian-35946865
1264578684	20250922	202509	2025	2025.7178	DNK	COPENHAGEN	DNK																		1	160	160	16	4	-4.0	3	1	3	-5.96026490066225	4	Copenhagen, Køavn*, Denmark	DA	DA05	15213	55.6667	12.5833	-2745636	0								4	Copenhagen, Køavn*, Denmark	DA	DA05	15213	55.6667	12.5833	-2745636	20250922203000	https://www.dailymail.co.uk/news/article-15123615/Copenhagen-Airport-closed-flights-diverted-drones-spotted-nearby.html
1264578685	20250922	202509	2025	2025.7178	DOM	DOMINICAN REPUBLIC	DOM																		1	062	062	06	2	7.4	1	1	1	-2.42214532871972	1	Dominican Republic	DR	DR		19	-70.666667	DR	0								1	United States	US	US		39.828175	-98.5795	US	20250922203000	https://legalinsurrection.com/2025/09/dominican-republic-claims-boat-hit-by-u-s-navy-had-over-a-ton-of-cocaine/
1264578686	20250922	202509	2025	2025.7178	DOM	DOMINICAN REPUBLIC	DOM																		1	190	190	19	4	-10.0	1	1	1	-2.42214532871972	1	Dominican Republic	DR	DR		19	-70.666667	DR	0								1	United States	US	US		39.828175	-98.5795	US	20250922203000	https://legalinsurrection.com/2025/09/dominican-republic-claims-boat-hit-by-u-s-navy-had-over-a-ton-of-cocaine/
1264578687	20250922	202509	2025	2025.7178	DOM	DOMINICAN REPUBLIC	DOM								USA	UNITED STATES	USA								1	062	062	06	2	7.4	1	1	1	-2.42214532871972	1	Dominican Republic	DR	DR		19	-70.666667	DR	1	Dominican Republic	DR	DR		19	-70.666667	DR	1	United States	US	US		39.828175	-98.5795	US	20250922203000	https://legalinsurrection.com/2025/09/dominican-republic-claims-boat-hit-by-u-s-navy-had-over-a-ton-of-cocaine/
1264578688	20250922	202509	2025	2025.7178	DOM	DOMINICAN REPUBLIC	DOM								USA	UNITED STATES	USA								1	062	062	06	2	7.4	1	1	1	-2.42214532871972	1	Dominican Republic	DR	DR		19	-70.666667	DR	1	United States	US	US		39.828175	-98.5795	US	1	United States	US	US		39.828175	-98.5795	US	20250922203000	https://legalinsurrection.com/2025/09/dominican-republic-claims-boat-hit-by-u-s-navy-had-over-a-ton-of-cocaine/
1264578689	20250922	202509	2025	2025.7178	DOM	DOMINICAN REPUBLIC	DOM								USA	UNITED STATES	USA								1	190	190	19	4	-10.0	1	1	1	-2.42214532871972	1	Dominican Republic	DR	DR		19	-70.666667	DR	1	Dominican Republic	DR	DR		19	-70.666667	DR	1	United States	US	US		39.828175	-98.5795	US	20250922203000	https://legalinsurrection.com/2025/09/dominican-republic-claims-boat-hit-by-u-s-navy-had-over-a-ton-of-cocaine/
1264578690	20250922	202509	2025	2025.7178	DOM	DOMINICAN REPUBLIC	DOM								USA	UNITED STATES	USA								1	190	190	19	4	-10.0	1	1	1	-2.42214532871972	1	Dominican Republic	DR	DR		19	-70.666667	DR	1	United States	US	US		39.828175	-98.5795	US	1	Dominican Republic	DR	DR		19	-70.666667	DR	20250922203000	https://legalinsurrection.com/2025/09/dominican-republic-claims-boat-hit-by-u-s-navy-had-over-a-ton-of-cocaine/
1264578691	20250922	202509	2025	2025.7178	DZA	ALGERIA	DZA																		1	036	036	03	1	4.0	3	1	3	-0.8130081300813	4	Gaza, Israel (general), Israel	IS	IS00	18315	31.4167	34.3333	-797156	0								4	Gaza, Israel (general), Israel	IS	IS00	18315	31.4167	34.3333	-797156	20250922203000	https://freebeacon.com/israel/israel-asked-un-security-council-to-reschedule-gaza-meeting-slated-for-rosh-hashanah-but-the-meeting-remains-set-letter-reveals/
1264578692	20250922	202509	2025	2025.7178	DZA	ALGERIA	DZA								ISR	ISRAELI	ISR								1	026	026	02	1	4.0	3	1	3	-0.8130081300813	4	Gaza, Israel (general), Israel	IS	IS00	18315	31.4167	34.3333	-797156	4	Gaza, Israel (general), Israel	IS	IS00	18315	31.4167	34.3333	-797156	4	Gaza, Israel (general), Israel	IS	IS00	18315	31.4167	34.3333	-797156	20250922203000	https://freebeacon.com/israel/israel-asked-un-security-council-to-reschedule-gaza-meeting-slated-for-rosh-hashanah-but-the-meeting-remains-set-letter-reveals/
1264578693	20250922	202509	2025	2025.7178	DZA	ALGERIA	DZA								ISR	ISRAEL	ISR								1	036	036	03	1	4.0	2	1	2	-0.8130081300813	4	Gaza, Israel (general), Israel	IS	IS00	18315	31.4167	34.3333	-797156	4	Gaza, Israel (general), Israel	IS	IS00	18315	31.4167	34.3333	-797156	4	Gaza, Israel (general), Israel	IS	IS00	18315	31.4167	34.3333	-797156	20250922203000	https://freebeacon.com/israel/israel-asked-un-security-council-to-reschedule-gaza-meeting-slated-for-rosh-hashanah-but-the-meeting-remains-set-letter-reveals/
1264578694	20250922	202509	2025	2025.7178	DZA	ALGERIA	DZA								ISR	ISRAELI	ISR								1	036	036	03	1	4.0	3	1	3	-0.8130081300813	1	Algeria	AG	AG		28	3	AG	4	Gaza, Israel (general), Israel	IS	IS00	18315	31.4167	34.3333	-797156	4	Gaza, Israel (general), Israel	IS	IS00	18315	31.4167	34.3333	-797156	20250922203000	https://freebeacon.com/israel/israel-asked-un-security-council-to-reschedule-gaza-meeting-slated-for-rosh-hashanah-but-the-meeting-remains-set-letter-reveals/
1264578695	20250922	202509	2025	2025.7178	DZA	ALGERIA	DZA								ISR	ISRAELI	ISR								1	036	036	03	1	4.0	1	1	1	-0.8130081300813	1	Algeria	AG	AG		28	3	AG	4	Gaza, Israel (general), Israel	IS	IS00	18315	31.4167	34.3333	-797156	1	South Korea	KS	KS		37	127.5	KS	20250922203000	https://freebeacon.com/israel/israel-asked-un-security-council-to-reschedule-gaza-meeting-slated-for-rosh-hashanah-but-the-meeting-remains-set-letter-reveals/
1264578696	20250922	202509	2025	2025.7178	DZA	ALGERIA	DZA								ISR	ISRAELI	ISR								1	036	036	03	1	4.0	1	1	1	-0.8130081300813	1	Iran	IR	IR		32	53	IR	1	Algeria	AG	AG		28	3	AG	1	Turkey	TU	TU		39.059012	34.911546	TU	20250922203000	https://freebeacon.com/israel/israel-asked-un-security-council-to-reschedule-gaza-meeting-slated-for-rosh-hashanah-but-the-meeting-remains-set-letter-reveals/
1264578697	20250922	202509	2025	2025.7178	DZA	ALGERIA	DZA								KOR	SOUTH KOREA	KOR								1	026	026	02	1	4.0	2	1	2	-0.8130081300813	4	Gaza, Israel (general), Israel	IS	IS00	18315	31.4167	34.3333	-797156	4	Gaza, Israel (general), Israel	IS	IS00	18315	31.4167	34.3333	-797156	4	Gaza, Israel (general), Israel	IS	IS00	18315	31.4167	34.3333	-797156	20250922203000	https://freebeacon.com/israel/israel-asked-un-security-council-to-reschedule-gaza-meeting-slated-for-rosh-hashanah-but-the-meeting-remains-set-letter-reveals/
1264578698	20250922	202509	2025	2025.7178	ECUCOP	GUAYAQUIL	ECU					COP			OPP	PRISONER						OPP			1	190	190	19	4	-10.0	2	1	2	-11.1111111111111	4	Latacunga, Cotopaxi, Ecuador	EC	EC07	18585	-0.933333	-78.6167	-930150	4	Chone, ManabíC, Ecuador	EC	EC14	18585	-0.683333	-80.1	-925870	4	Chone, ManabíC, Ecuador	EC	EC14	18585	-0.683333	-80.1	-925870	20250922203000	https://insightcrime.org/news/ecuador-confronts-unprecedented-levels-prison-violence/
1264578699	20250922	202509	2025	2025.7178	ECUCOP	GUAYAQUIL	ECU					COP			OPP	PRISONER						OPP			1	190	190	19	4	-10.0	2	1	2	-11.1111111111111	4	Latacunga, Cotopaxi, Ecuador	EC	EC07	18585	-0.933333	-78.6167	-930150	4	Latacunga, Cotopaxi, Ecuador	EC	EC07	18585	-0.933333	-78.6167	-930150	4	Latacunga, Cotopaxi, Ecuador	EC	EC07	18585	-0.933333	-78.6167	-930150	20250922203000	https://insightcrime.org/news/ecuador-confronts-unprecedented-levels-prison-violence/
1264578700	20250922	202509	2025	2025.7178	ECUCOP	GUAYAQUIL	ECU					COP			OPP	PRISONER						OPP			1	190	190	19	4	-10.0	6	1	6	-11.1111111111111	4	Los Lagartos, Distrito Capital, Colombia	CO	CO34	13914	4.70253	-74.0852	10511822	4	Los Lagartos, Distrito Capital, Colombia	CO	CO34	13914	4.70253	-74.0852	10511822	4	Los Lagartos, Distrito Capital, Colombia	CO	CO34	13914	4.70253	-74.0852	10511822	20250922203000	https://insightcrime.org/news/ecuador-confronts-unprecedented-levels-prison-violence/
1264578701	20250922	202509	2025	2025.7178	EDU	SCHOLAR						EDU													1	010	010	01	1	0.0	6	1	6	-3.77358490566038	3	Hollywood, California, United States	US	USCA	CA037	34.0983	-118.327	1660757	0								1	Ireland	EI	EI		53	-8	EI	20250922203000	https://legalinsurrection.com/2025/09/victor-davis-hanson-kirk-assassination-is-a-turning-point-for-western-civilization/
1264578702	20250922	202509	2025	2025.7178	EDU	SCHOOL						EDU													0	015	015	01	1	0.0	3	1	3	0.40160642570281	3	Phoenix, Arizona, United States	US	USAZ	AZ013	33.4484	-112.074	44784	0								3	Phoenix, Arizona, United States	US	USAZ	AZ013	33.4484	-112.074	44784	20250922203000	https://www.cltampa.com/news/in-tampa-byron-donalds-changes-charter-school-stance/
1264578703	20250922	202509	2025	2025.7178	EDU	SCHOOL						EDU													0	015	015	01	1	0.0	2	1	2	0.40160642570281	2	Florida, United States	US	USFL		27.8333	-81.717	FL	0								2	Florida, United States	US	USFL		27.8333	-81.717	FL	20250922203000	https://www.cltampa.com/news/in-tampa-byron-donalds-changes-charter-school-stance/
1264578704	20250922	202509	2025	2025.7178	EDU	SCHOOL						EDU													1	036	036	03	1	4.0	8	1	8	1.71673819742489	3	Hollywood, California, United States	US	USCA	CA037	34.0983	-118.327	1660757	0								3	Hollywood, California, United States	US	USCA	CA037	34.0983	-118.327	1660757	20250922203000	https://www.thecarillon.com/local/2025/09/22/blind-steinbach-cat-stars-in-stephen-king-film
1264578705	20250922	202509	2025	2025.7178	EDU	STUDENT						EDU													0	036	036	03	1	4.0	3	1	3	1.05846774193548	3	University Of Massachusetts, Massachusetts, United States	US	USMA	MA015	42.389	-72.5287	601175	0								3	University Of Massachusetts, Massachusetts, United States	US	USMA		42.389	-72.5287	601175	20250922203000	https://recorder.com/2025/09/22/university-massachusetts-brutalist-buildings/
1264578706	20250922	202509	2025	2025.7178	EDU	STUDENT						EDU													1	040	040	04	1	1.0	10	1	10	2.06718346253229	1	Egypt	EG	EG		27	30	EG	0								1	Egypt	EG	EG		27	30	EG	20250922203000	https://www.therip.com/features/2025/09/22/umojas-return-from-egypt/
1264578707	20250922	202509	2025	2025.7178	EDU	STUDENT						EDU													1	042	042	04	1	1.9	12	2	12	3.38517840805124	3	Greenville County, South Carolina, United States	US	USSC	SC045	34.8834	-82.3665	1245489	0								3	Greenville County, South Carolina, United States	US	USSC		34.8834	-82.3665	1245489	20250922203000	https://www.ketv.com/article/greenville-student-chefs-school-lunch-competition/68005813
1264578708	20250922	202509	2025	2025.7178	EDU	STUDENT						EDU													0	042	042	04	1	1.9	2	2	2	3.38517840805124	3	Greenville County, South Carolina, United States	US	USSC	SC045	34.8834	-82.3665	1245489	0								2	South Carolina, United States	US	USSC		33.8191	-80.9066	SC	20250922203000	https://www.ketv.com/article/greenville-student-chefs-school-lunch-competition/68005813
1264578709	20250922	202509	2025	2025.7178	EDU	SCHOOL						EDU													1	042	042	04	1	1.9	2	1	2	4.31965442764579	3	Sacred Heart Catholic Church, Virginia, United States	US	USVA	VA017	37.994	-79.8292	1690845	0								3	Sacred Heart Catholic Church, Virginia, United States	US	USVA		37.994	-79.8292	1690845	20250922203000	http://www.morningsun.net/stories/james-jim-ray-bugni,249972
1264578710	20250922	202509	2025	2025.7178	EDU	SCHOOL						EDU													1	042	042	04	1	1.9	2	1	2	4.31965442764579	3	Carmel Cemetery, Virginia, United States	US	USVA	VA033	37.9301	-77.4808	1739332	0								3	Sacred Heart Catholic Church, Virginia, United States	US	USVA		37.994	-79.8292	1690845	20250922203000	http://www.morningsun.net/stories/james-jim-ray-bugni,249972
1264578711	20250922	202509	2025	2025.7178	EDU	SCHOOL						EDU													1	042	042	04	1	1.9	6	1	6	4.31965442764579	3	Carmel Cemetery, Virginia, United States	US	USVA	VA033	37.9301	-77.4808	1739332	0								3	Carmel Cemetery, Virginia, United States	US	USVA		37.9301	-77.4808	1739332	20250922203000	http://www.morningsun.net/stories/james-jim-ray-bugni,249972
1264578712	20250922	202509	2025	2025.7178	EDU	STUDENT						EDU													1	042	042	04	1	1.9	10	1	10	5.3627760252366	3	Department Of Education, District of Columbia, United States	US	USDC	DC001	38.8862	-77.0183	530857	0								3	Department Of Education, District of Columbia, United States	US	USDC		38.8862	-77.0183	530857	20250922203000	https://www.miragenews.com/hbcu-week-2025-declared-by-white-house-1538305/
1264578713	20250922	202509	2025	2025.7178	EDU	STUDENT						EDU													0	042	042	04	1	1.9	14	2	14	3.38517840805124	2	South Carolina, United States	US	USSC		33.8191	-80.9066	SC	0								3	Greenville, South Carolina, United States	US	USSC	SC045	34.8526	-82.394	1245842	20250922203000	https://www.ketv.com/article/greenville-student-chefs-school-lunch-competition/68005813
1264578714	20250922	202509	2025	2025.7178	EDU	SCHOOL						EDU													0	043	043	04	1	2.8	12	2	6	3.38517840805124	3	Greenville County, South Carolina, United States	US	USSC	SC045	34.8834	-82.3665	1245489	0								3	Greenville County, South Carolina, United States	US	USSC		34.8834	-82.3665	1245489	20250922203000	https://www.ketv.com/article/greenville-student-chefs-school-lunch-competition/68005813
1264578715	20250922	202509	2025	2025.7178	EDU	STUDENT						EDU													1	050	050	05	1	3.5	6	1	6	5.05050505050505	3	Donovan Hall, New York, United States	US	USNY	NY081	40.7192	-73.7975	2080560	0								3	Donovan Hall, New York, United States	US	USNY		40.7192	-73.7975	2080560	20250922203000	https://www.cnybj.com/suny-poly-launches-nystec-business-center-of-excellence/
1264578716	20250922	202509	2025	2025.7178	EDU	STUDENT						EDU													1	050	050	05	1	3.5	4	1	4	5.05050505050505	3	Oneida County, New York, United States	US	USNY	NY065	43.2001	-75.4663	974131	0								3	Oneida County, New York, United States	US	USNY		43.2001	-75.4663	974131	20250922203000	https://www.cnybj.com/suny-poly-launches-nystec-business-center-of-excellence/
1264578717	20250922	202509	2025	2025.7178	EDU	STUDENT						EDU													1	110	110	11	3	-2.0	8	1	8	-3.79876796714579	3	North Wilkesboro, North Carolina, United States	US	USNC	NC193	36.1585	-81.1476	991280	0								3	North Wilkesboro, North Carolina, United States	US	USNC		36.1585	-81.1476	991280	20250922203000	https://www.journalpatriot.com/news/helene-hit-western-nc-a-year-ago-this-week/article_038be025-866d-5def-9f1c-2423e981bba9.html
1264578718	20250922	202509	2025	2025.7178	EDU	STUDENT						EDU													1	110	110	11	3	-2.0	2	1	2	-3.79876796714579	3	Wilkesboro, North Carolina, United States	US	USNC	NC193	36.146	-81.1606	997336	0								3	Wilkesboro, North Carolina, United States	US	USNC	NC193	36.146	-81.1606	997336	20250922203000	https://www.journalpatriot.com/news/helene-hit-western-nc-a-year-ago-this-week/article_038be025-866d-5def-9f1c-2423e981bba9.html
1264578719	20250922	202509	2025	2025.7178	EDU	SCHOOL						EDU													1	1712	171	17	4	-9.2	6	1	6	-5.1948051948052	4	Gaza, Israel (general), Israel	IS	IS00	18315	31.4167	34.3333	-797156	0								4	Kerem Shalom, HaDarom, Israel	IS	IS01	18315	31.2278	34.2846	-780439	20250922203000	https://www.miragenews.com/gaza-offensive-closes-half-of-malnutrition-1538303/
1264578720	20250922	202509	2025	2025.7178	EDU	SCHOOL						EDU													1	1712	171	17	4	-9.2	4	1	4	-5.1948051948052	4	Gaza, Israel (general), Israel	IS	IS00	18315	31.4167	34.3333	-797156	0								4	Gaza, Israel (general), Israel	IS	IS00	18315	31.4167	34.3333	-797156	20250922203000	https://www.miragenews.com/gaza-offensive-closes-half-of-malnutrition-1538303/
1264578721	20250922	202509	2025	2025.7178	EDU	SCHOOL						EDU			CHRCTH	CATHOLIC				CHR	CTH				0	071	071	07	2	7.4	5	1	5	0.95432856169052	4	Toronto, Ontario, Canada	CA	CA08	12686	43.6667	-79.4167	-574890	4	Toronto, Ontario, Canada	CA	CA08	12686	43.6667	-79.4167	-574890	4	Toronto, Ontario, Canada	CA	CA08	12686	43.6667	-79.4167	-574890	20250922203000	https://www.wellandtribune.ca/news/ontario/are-ontarios-middle-schools-hurting-student-achievement-a-new-report-says-yes-but-thats-not/article_f54be0fa-df0a-5e98-87ff-d189ba628ccf.html
1264578722	20250922	202509	2025	2025.7178	EDU	SCHOOL						EDU			GOV	GOVERNMENT						GOV			0	120	120	12	3	-4.0	5	1	5	-0.57061340941512	2	Utah, United States	US	USUT		40.1135	-111.854	UT	2	Utah, United States	US	USUT		40.1135	-111.854	UT	2	Utah, United States	US	USUT		40.1135	-111.854	UT	20250922203000	https://www.13wmaz.com/article/news/local/macon/ace-principal-announces-retirement-after-flag-half-staff-controversy-former-principal-step-in/93-e7acc37e-ddd4-48ee-ac1f-109260704430
1264578723	20250922	202509	2025	2025.7178	EDU	STUDENT						EDU			HLH	HOSPITAL						HLH			0	040	040	04	1	1.0	5	1	5	-6.49926144756277	0								0								0								20250922203000	https://nagalandpost.com/doctors-strike-hits-healthcare-services-across-manipur/
1264578724	20250922	202509	2025	2025.7178	EDU	STUDENT						EDU			HLH	HOSPITAL						HLH			0	141	141	14	3	-6.5	10	1	10	-6.49926144756277	0								0								0								20250922203000	https://nagalandpost.com/doctors-strike-hits-healthcare-services-across-manipur/
1264578725	20250922	202509	2025	2025.7178	EDU	SCHOOL						EDU			IND	NAGALAND	IND								1	090	090	09	2	-2.0	10	1	10	-3.72881355932203	0								0								0								20250922203000	https://nagalandpost.com/rmsa-teachers-stir-enters-11th-day/
1264578726	20250922	202509	2025	2025.7178	EDU	SCHOOL						EDU			LEG	REPRESENTATIVES						LEG			1	030	030	03	1	4.0	10	1	10	-3.72881355932203	0								0								0								20250922203000	https://nagalandpost.com/rmsa-teachers-stir-enters-11th-day/
1264578727	20250922	202509	2025	2025.7178	EDU	SCHOOL						EDU			MIL	ARMY						MIL			0	012	012	01	1	-0.4	3	1	3	-0.57061340941512	2	Utah, United States	US	USUT		40.1135	-111.854	UT	2	Utah, United States	US	USUT		40.1135	-111.854	UT	2	Utah, United States	US	USUT		40.1135	-111.854	UT	20250922203000	https://www.13wmaz.com/article/news/local/macon/ace-principal-announces-retirement-after-flag-half-staff-controversy-former-principal-step-in/93-e7acc37e-ddd4-48ee-ac1f-109260704430
1264578728	20250922	202509	2025	2025.7178	EDU	SCHOLAR						EDU			USA	UNITED STATES	USA								1	010	010	01	1	0.0	2	1	2	-3.77358490566038	3	Hollywood, California, United States	US	USCA	CA037	34.0983	-118.327	1660757	1	Ireland	EI	EI		53	-8	EI	3	Hollywood, California, United States	US	USCA	CA037	34.0983	-118.327	1660757	20250922203000	https://legalinsurrection.com/2025/09/victor-davis-hanson-kirk-assassination-is-a-turning-point-for-western-civilization/
1264578729	20250922	202509	2025	2025.7178	EDU	SCHOOL						EDU			USA	UNITED STATES	USA								0	012	012	01	1	-0.4	4	1	4	-0.57061340941512	2	Utah, United States	US	USUT		40.1135	-111.854	UT	2	Utah, United States	US	USUT		40.1135	-111.854	UT	2	Utah, United States	US	USUT		40.1135	-111.854	UT	20250922203000	https://www.13wmaz.com/article/news/local/macon/ace-principal-announces-retirement-after-flag-half-staff-controversy-former-principal-step-in/93-e7acc37e-ddd4-48ee-ac1f-109260704430
1264578730	20250922	202509	2025	2025.7178	EDU	PROFESSOR						EDU			USA	UNITED STATES	USA								1	026	026	02	1	4.0	4	1	4	1.05846774193548	2	California, United States	US	USCA		36.17	-119.746	CA	2	California, United States	US	USCA		36.17	-119.746	CA	2	California, United States	US	USCA		36.17	-119.746	CA	20250922203000	https://recorder.com/2025/09/22/university-massachusetts-brutalist-buildings/
1264578731	20250922	202509	2025	2025.7178	EDU	SCHOOL						EDU			USA	UNITED STATES	USA								1	036	036	03	1	4.0	2	1	2	1.71673819742489	3	Hollywood, California, United States	US	USCA	CA037	34.0983	-118.327	1660757	3	Hollywood, California, United States	US	USCA	CA037	34.0983	-118.327	1660757	3	Hollywood, California, United States	US	USCA	CA037	34.0983	-118.327	1660757	20250922203000	https://www.thecarillon.com/local/2025/09/22/blind-steinbach-cat-stars-in-stephen-king-film
1264578732	20250922	202509	2025	2025.7178	EDU	STUDENT						EDU			USA	UNITED STATES	USA								0	036	036	03	1	4.0	2	1	2	1.05846774193548	3	University Of Massachusetts, Massachusetts, United States	US	USMA	MA015	42.389	-72.5287	601175	3	University Of Massachusetts, Massachusetts, United States	US	USMA		42.389	-72.5287	601175	3	University Of Massachusetts, Massachusetts, United States	US	USMA		42.389	-72.5287	601175	20250922203000	https://recorder.com/2025/09/22/university-massachusetts-brutalist-buildings/
1264578733	20250922	202509	2025	2025.7178	EDU	SCHOOL						EDU			USA	UNITED STATES	USA								0	042	042	04	1	1.9	8	2	4	3.38517840805124	3	Greenville County, South Carolina, United States	US	USSC	SC045	34.8834	-82.3665	1245489	3	Greenville County, South Carolina, United States	US	USSC		34.8834	-82.3665	1245489	3	Greenville County, South Carolina, United States	US	USSC		34.8834	-82.3665	1245489	20250922203000	https://www.ketv.com/article/greenville-student-chefs-school-lunch-competition/68005813
1264578734	20250922	202509	2025	2025.7178	EDU	SCHOOL						EDU			USA	UNITED STATES	USA								1	043	043	04	1	2.8	2	2	2	3.38517840805124	3	Greenville, South Carolina, United States	US	USSC	SC045	34.8526	-82.394	1245842	3	Greenville County, South Carolina, United States	US	USSC		34.8834	-82.3665	1245489	3	Greenville, South Carolina, United States	US	USSC	SC045	34.8526	-82.394	1245842	20250922203000	https://www.ketv.com/article/greenville-student-chefs-school-lunch-competition/68005813
1264578735	20250922	202509	2025	2025.7178	EDU	SCHOOL						EDU			USA	NASHVILLE	USA								0	043	043	04	1	2.8	48	1	48	-1.81818181818182	3	Nashville, Tennessee, United States	US	USTN	TN037	36.1659	-86.7844	1652484	3	Nashville, Tennessee, United States	US	USTN	TN037	36.1659	-86.7844	1652484	3	Nashville, Tennessee, United States	US	USTN	TN037	36.1659	-86.7844	1652484	20250922203000	https://froggy999.iheart.com/content/2025-09-22-watch-eric-church-perform-ballad-that-left-not-a-dry-eye-in-the-house/
1264578736	20250922	202509	2025	2025.7178	EDU	COLLEGE						EDU			USA	UNITED STATES	USA								1	043	043	04	1	2.8	4	1	4	1.05846774193548	3	University Of Massachusetts, Massachusetts, United States	US	USMA	MA015	42.389	-72.5287	601175	3	University Of Massachusetts, Massachusetts, United States	US	USMA		42.389	-72.5287	601175	3	University Of Massachusetts, Massachusetts, United States	US	USMA		42.389	-72.5287	601175	20250922203000	https://recorder.com/2025/09/22/university-massachusetts-brutalist-buildings/
1264578737	20250922	202509	2025	2025.7178	EDU	SCHOOL						EDU			USA	UNITED STATES	USA								0	043	043	04	1	2.8	12	1	12	-1.81818181818182	2	Georgia, United States	US	USGA		32.9866	-83.6487	GA	3	Nashville, Tennessee, United States	US	USTN	TN037	36.1659	-86.7844	1652484	2	Georgia, United States	US	USGA		32.9866	-83.6487	GA	20250922203000	https://froggy999.iheart.com/content/2025-09-22-watch-eric-church-perform-ballad-that-left-not-a-dry-eye-in-the-house/
1264578738	20250922	202509	2025	2025.7178	EDU	SCHOOL						EDU			USA	UNITED STATES	USA								1	043	043	04	1	2.8	2	2	2	3.38517840805124	2	South Carolina, United States	US	USSC		33.8191	-80.9066	SC	3	Greenville County, South Carolina, United States	US	USSC		34.8834	-82.3665	1245489	2	South Carolina, United States	US	USSC		33.8191	-80.9066	SC	20250922203000	https://www.ketv.com/article/greenville-student-chefs-school-lunch-competition/68005813
1264578739	20250922	202509	2025	2025.7178	EDU	STUDENT						EDU			USA	CALIFORNIA	USA								1	172	172	17	4	-5.0	2	1	2	-1.7989417989418	2	California, United States	US	USCA		36.17	-119.746	CA	2	California, United States	US	USCA		36.17	-119.746	CA	2	California, United States	US	USCA		36.17	-119.746	CA	20250922203000	https://slate.com/news-and-politics/2025/09/supreme-court-news-constitution-ice-search-race.html
1264578740	20250922	202509	2025	2025.7178	EDU	UNIVERSITY						EDU			USA	UNITED STATES	USA								1	190	190	19	4	-10.0	2	1	2	-3.9832285115304	3	Hollywood, California, United States	US	USCA	CA037	34.0983	-118.327	1660757	3	Hollywood, California, United States	US	USCA	CA037	34.0983	-118.327	1660757	3	Hollywood, California, United States	US	USCA	CA037	34.0983	-118.327	1660757	20250922203000	https://www.12news.com/article/news/nation-world/jimmy-kimmel-returning-tuesday-after-suspension/507-296d3383-7f0e-4583-bb91-6b40a253b886
1264578741	20250922	202509	2025	2025.7178	EDU	UNIVERSITY						EDU			USA	UNITED STATES	USA								1	190	190	19	4	-10.0	6	6	6	-3.71134020618557	3	Hollywood, California, United States	US	USCA	CA037	34.0983	-118.327	1660757	3	Los Angeles, California, United States	US	USCA		34.0522	-118.244	1662328	3	Hollywood, California, United States	US	USCA	CA037	34.0983	-118.327	1660757	20250922203000	https://www.kiiitv.com/article/news/nation-world/jimmy-kimmel-returning-tuesday-after-suspension/507-296d3383-7f0e-4583-bb91-6b40a253b886
1264578742	20250922	202509	2025	2025.7178	EDU	UNIVERSITY						EDU			USA	UNITED STATES	USA								1	190	190	19	4	-10.0	6	6	6	-3.71134020618557	3	Los Angeles, California, United States	US	USCA	CA037	34.0522	-118.244	1662328	3	Los Angeles, California, United States	US	USCA		34.0522	-118.244	1662328	3	Los Angeles, California, United States	US	USCA		34.0522	-118.244	1662328	20250922203000	https://www.kiiitv.com/article/news/nation-world/jimmy-kimmel-returning-tuesday-after-suspension/507-296d3383-7f0e-4583-bb91-6b40a253b886
1264578743	20250922	202509	2025	2025.7178	EDU	UNIVERSITY						EDU			USA	UNITED STATES	USA								1	190	190	19	4	-10.0	7	1	7	-7.1917808219178	2	Oklahoma, United States	US	USOK		35.5376	-96.9247	OK	2	Oklahoma, United States	US	USOK		35.5376	-96.9247	OK	2	Oklahoma, United States	US	USOK		35.5376	-96.9247	OK	20250922203000	https://dayton.binnews.com/content/2025-09-22-eye-for-an-eye-sign-targets-democrats-black-figures-after-kirk-killing/
1264578744	20250922	202509	2025	2025.7178	EDU	STUDENT						EDU			USA	UNITED STATES	USA								1	193	193	19	4	-10.0	4	1	4	-1.15384615384615	3	White House, District of Columbia, United States	US	USDC		38.8951	-77.0364	531871	3	White House, District of Columbia, United States	US	USDC		38.8951	-77.0364	531871	3	White House, District of Columbia, United States	US	USDC		38.8951	-77.0364	531871	20250922203000	https://nypost.com/2025/09/22/us-news/trump-likely-open-to-national-holiday-honoring-charlie-kirk-white-house/
1264578745	20250922	202509	2025	2025.7178	EDU	PROFESSOR						EDU			USAEDU	MASSACHUSETTS	USA					EDU			1	026	026	02	1	4.0	1	1	1	1.05846774193548	2	California, United States	US	USCA		36.17	-119.746	CA	2	California, United States	US	USCA		36.17	-119.746	CA	2	California, United States	US	USCA		36.17	-119.746	CA	20250922203000	https://recorder.com/2025/09/22/university-massachusetts-brutalist-buildings/
1264578746	20250922	202509	2025	2025.7178	EDU	SCHOOL						EDU			USAEDU	WASHINGTON	USA					EDU			1	040	040	04	1	1.0	3	1	3	-0.97703957010259	1	United States	US	US		39.828175	-98.5795	US	1	United States	US	US		39.828175	-98.5795	US	1	United States	US	US		39.828175	-98.5795	US	20250922203000	https://slate.com/news-and-politics/2025/09/charlie-kirk-legacy-free-speech-martyr.html
1264578747	20250922	202509	2025	2025.7178	EDU	SCHOLAR						EDU			VEN	VENEZUELA	VEN								0	173	173	17	4	-5.0	2	1	2	-5.02933780385583	4	Guaca, Sucre, Venezuela	VE	VE19	32100	10.6699	-63.4008	-944828	4	Guaca, Sucre, Venezuela	VE	VE19	32100	10.6699	-63.4008	-944828	4	Guaca, Sucre, Venezuela	VE	VE19	32100	10.6699	-63.4008	-944828	20250922203000	https://hotair.com/tree-hugging-sister/2025/09/22/the-trump-war-on-poor-innocent-venezuelan-fisher-folk-working-side-drug-running-gigs-continues-n3807058
1264578748	20250922	202509	2025	2025.7178	EDUCOP	UNIVERSITY						EDU	COP												1	193	193	19	4	-10.0	2	1	2	2.3094688221709	3	Philadelphia, Pennsylvania, United States	US	USPA	PA101	39.9523	-75.1638	1209052	0								3	Philadelphia, Pennsylvania, United States	US	USPA	PA101	39.9523	-75.1638	1209052	20250922203000	https://southphillyreview.com/2025/09/22/a-fitting-tribute-for-christopher-fitzgerald/
1264578749	20250922	202509	2025	2025.7178	EDUEDU	SCHOOL						EDU	EDU		EDULAB	SCHOOL						EDU	LAB		1	173	173	17	4	-5.0	10	1	10	-9.6096096096096	0								0								0								20250922203000	https://www.wxyz.com/news/11-families-suing-huron-valley-schools-after-substitute-convicted-of-sexually-assaulting-students
1264578750	20250922	202509	2025	2025.7178	EDULAB	SCHOOL						EDU	LAB		EDUEDU	SCHOOL						EDU	EDU		1	180	180	18	4	-9.0	10	1	10	-9.6096096096096	0								0								0								20250922203000	https://www.wxyz.com/news/11-families-suing-huron-valley-schools-after-substitute-convicted-of-sexually-assaulting-students
1264578751	20250922	202509	2025	2025.7178	EGY	EGYPT	EGY																		0	036	036	03	1	4.0	10	1	10	-4.41176470588235	4	Cairo, Al Qahirah, Egypt	EG	EG11	65350	30.05	31.25	-290692	0								4	Cairo, Al Qahirah, Egypt	EG	EG11	65350	30.05	31.25	-290692	20250922203000	https://www.indiatoday.in/world/story/who-is-alaa-abd-el-fattah-egypts-arab-spring-activist-pardoned-after-12-years-glbs-2791683-2025-09-23
1264578752	20250922	202509	2025	2025.7178	EGY	EGYPT	EGY								IDN	INDONESIA	IDN								1	036	036	03	1	4.0	2	1	2	-0.5249343832021	1	United States	US	US		39.828175	-98.5795	US	1	United States	US	US		39.828175	-98.5795	US	1	Ukraine	UP	UP		49	32	UP	20250922203000	https://www.dailystar.co.uk/news/us-news/donald-trump-make-major-announcement-35946916
1264578753	20250922	202509	2025	2025.7178	EGY	EGYPT	EGY								QAT	QATAR	QAT								1	036	036	03	1	4.0	2	1	2	-0.5249343832021	1	United States	US	US		39.828175	-98.5795	US	1	Ukraine	UP	UP		49	32	UP	1	Ukraine	UP	UP		49	32	UP	20250922203000	https://www.dailystar.co.uk/news/us-news/donald-trump-make-major-announcement-35946916
1264578754	20250922	202509	2025	2025.7178	EGY	EGYPT	EGY								SAU	SAUDI ARABIA	SAU								1	036	036	03	1	4.0	2	1	2	-0.5249343832021	1	United States	US	US		39.828175	-98.5795	US	1	United States	US	US		39.828175	-98.5795	US	1	Ukraine	UP	UP		49	32	UP	20250922203000	https://www.dailystar.co.uk/news/us-news/donald-trump-make-major-announcement-35946916
1264578755	20250922	202509	2025	2025.7178	EGY	EGYPT	EGY								SAU	SAUDI ARABIA	SAU								1	046	046	04	1	7.0	2	1	2	-0.5249343832021	1	United States	US	US		39.828175	-98.5795	US	1	United States	US	US		39.828175	-98.5795	US	1	Ukraine	UP	UP		49	32	UP	20250922203000	https://www.dailystar.co.uk/news/us-news/donald-trump-make-major-announcement-35946916
1264578756	20250922	202509	2025	2025.7178	ELI	ACTOR						ELI													0	051	051	05	1	3.4	2	1	2	1.85387131952018	1	United Kingdom	UK	UK		54	-4	UK	0								1	United Kingdom	UK	UK		54	-4	UK	20250922203000	https://www.dailymail.co.uk/tvshowbiz/article-15123341/Emily-Blunt-stunning-smashing-machine-premiere-berlin.html
1264578757	20250922	202509	2025	2025.7178	ELI	ACTOR						ELI			FRA	FRANCE	FRA								1	042	042	04	1	1.9	1	1	1	0	4	Paris, France (general), France	FR	FR00	16282	48.8667	2.33333	-1456928	4	Paris, France (general), France	FR	FR00	16282	48.8667	2.33333	-1456928	4	Paris, France (general), France	FR	FR00	16282	48.8667	2.33333	-1456928	20250922203000	https://malaya.com.ph/entertainment/paris-dvd-rental-store-in-last-stand-against-streaming-giants/
1264578758	20250922	202509	2025	2025.7178	ELI	ACTOR						ELI			FRA	FRANCE	FRA								1	043	043	04	1	2.8	1	1	1	0	4	Paris, France (general), France	FR	FR00	16282	48.8667	2.33333	-1456928	4	Paris, France (general), France	FR	FR00	16282	48.8667	2.33333	-1456928	4	Paris, France (general), France	FR	FR00	16282	48.8667	2.33333	-1456928	20250922203000	https://malaya.com.ph/entertainment/paris-dvd-rental-store-in-last-stand-against-streaming-giants/
1264578759	20250922	202509	2025	2025.7178	ESP	TOLEDO	ESP																		1	010	010	01	1	0.0	3	1	3	1.6	4	Atimonan, Iloilo, Philippines	RP	RP30	24250	11.0569	122.361	-2409279	0								4	Atimonan, Iloilo, Philippines	RP	RP30	24250	11.0569	122.361	-2409279	20250922203000	https://www.philstar.com/business/2025/09/23/2474673/mgen-kicks-coal-expansion
1264578760	20250922	202509	2025	2025.7178	ESP	SPAIN	ESP								EDU	UNIVERSITY						EDU			0	010	010	01	1	0.0	4	1	4	-1.80681028492008	4	Madrid, Madrid, Spain	SP	SP29	25820	40.4	-3.68333	-390625	4	Madrid, Madrid, Spain	SP	SP29	25820	40.4	-3.68333	-390625	4	Madrid, Madrid, Spain	SP	SP29	25820	40.4	-3.68333	-390625	20250922203000	https://www.euronews.com/my-europe/2025/09/22/why-is-the-palestinian-cause-so-important-in-spain
1264578761	20250922	202509	2025	2025.7178	ESP	SPAIN	ESP								EDU	UNIVERSITY						EDU			0	010	010	01	1	0.0	1	1	1	-1.80681028492008	4	Gaza, Israel (general), Israel	IS	IS00	18315	31.4167	34.3333	-797156	4	Madrid, Madrid, Spain	SP	SP29	25820	40.4	-3.68333	-390625	4	Madrid, Madrid, Spain	SP	SP29	25820	40.4	-3.68333	-390625	20250922203000	https://www.euronews.com/my-europe/2025/09/22/why-is-the-palestinian-cause-so-important-in-spain
1264578762	20250922	202509	2025	2025.7178	ESP	SPAIN	ESP								ISR	ISRAEL	ISR								0	010	010	01	1	0.0	8	1	8	-1.80681028492008	4	Elcano, Navarra, Spain	SP	SP32	16244	42.8305	-1.54601	-380408	4	Gaza, Israel (general), Israel	IS	IS00	18315	31.4167	34.3333	-797156	4	Gaza, Israel (general), Israel	IS	IS00	18315	31.4167	34.3333	-797156	20250922203000	https://www.euronews.com/my-europe/2025/09/22/why-is-the-palestinian-cause-so-important-in-spain
1264578763	20250922	202509	2025	2025.7178	ESP	SPAIN	ESP								ISR	ISRAEL	ISR								0	010	010	01	1	0.0	2	1	2	-1.80681028492008	4	Gaza, Israel (general), Israel	IS	IS00	18315	31.4167	34.3333	-797156	4	Gaza, Israel (general), Israel	IS	IS00	18315	31.4167	34.3333	-797156	4	Gaza, Israel (general), Israel	IS	IS00	18315	31.4167	34.3333	-797156	20250922203000	https://www.euronews.com/my-europe/2025/09/22/why-is-the-palestinian-cause-so-important-in-spain
1264578764	20250922	202509	2025	2025.7178	ESP	SPAIN	ESP								ISR	ISRAEL	ISR								0	051	051	05	1	3.4	4	1	4	-1.80681028492008	4	Elcano, Navarra, Spain	SP	SP32	16244	42.8305	-1.54601	-380408	4	Gaza, Israel (general), Israel	IS	IS00	18315	31.4167	34.3333	-797156	4	Elcano, Navarra, Spain	SP	SP32	16244	42.8305	-1.54601	-380408	20250922203000	https://www.euronews.com/my-europe/2025/09/22/why-is-the-palestinian-cause-so-important-in-spain
1264578765	20250922	202509	2025	2025.7178	ESP	SPAIN	ESP								ISR	ISRAEL	ISR								0	051	051	05	1	3.4	4	1	4	-1.80681028492008	4	Elcano, Navarra, Spain	SP	SP32	16244	42.8305	-1.54601	-380408	4	Gaza, Israel (general), Israel	IS	IS00	18315	31.4167	34.3333	-797156	4	Gaza, Israel (general), Israel	IS	IS00	18315	31.4167	34.3333	-797156	20250922203000	https://www.euronews.com/my-europe/2025/09/22/why-is-the-palestinian-cause-so-important-in-spain
1264578766	20250922	202509	2025	2025.7178	ESP	SPAIN	ESP								ISR	ISRAEL	ISR								0	054	054	05	1	6.0	1	1	1	-1.80681028492008	4	Madrid, Madrid, Spain	SP	SP29	25820	40.4	-3.68333	-390625	4	Madrid, Madrid, Spain	SP	SP29	25820	40.4	-3.68333	-390625	4	Madrid, Madrid, Spain	SP	SP29	25820	40.4	-3.68333	-390625	20250922203000	https://www.euronews.com/my-europe/2025/09/22/why-is-the-palestinian-cause-so-important-in-spain
1264578767	20250922	202509	2025	2025.7178	ESP	SPAIN	ESP								ISR	ISRAEL	ISR								0	054	054	05	1	6.0	4	1	4	-1.80681028492008	4	Madrid, Madrid, Spain	SP	SP29	25820	40.4	-3.68333	-390625	4	Gaza, Israel (general), Israel	IS	IS00	18315	31.4167	34.3333	-797156	4	Gaza, Israel (general), Israel	IS	IS00	18315	31.4167	34.3333	-797156	20250922203000	https://www.euronews.com/my-europe/2025/09/22/why-is-the-palestinian-cause-so-important-in-spain
1264578768	20250922	202509	2025	2025.7178	ESP	SPANISH	ESP								ISR	ISRAEL	ISR								1	090	090	09	2	-2.0	1	1	1	-1.80681028492008	4	Elcano, Navarra, Spain	SP	SP32	16244	42.8305	-1.54601	-380408	4	Gaza, Israel (general), Israel	IS	IS00	18315	31.4167	34.3333	-797156	4	Gaza, Israel (general), Israel	IS	IS00	18315	31.4167	34.3333	-797156	20250922203000	https://www.euronews.com/my-europe/2025/09/22/why-is-the-palestinian-cause-so-important-in-spain
1264578769	20250922	202509	2025	2025.7178	ESP	SPANISH	ESP								ISR	ISRAEL	ISR								1	090	090	09	2	-2.0	1	1	1	-1.80681028492008	4	Gaza, Israel (general), Israel	IS	IS00	18315	31.4167	34.3333	-797156	4	Gaza, Israel (general), Israel	IS	IS00	18315	31.4167	34.3333	-797156	4	Gaza, Israel (general), Israel	IS	IS00	18315	31.4167	34.3333	-797156	20250922203000	https://www.euronews.com/my-europe/2025/09/22/why-is-the-palestinian-cause-so-important-in-spain
1264578770	20250922	202509	2025	2025.7178	ESP	SPAIN	ESP								ISR	ISRAEL	ISR								0	112	112	11	3	-2.0	8	1	8	-1.80681028492008	4	Elcano, Navarra, Spain	SP	SP32	16244	42.8305	-1.54601	-380408	4	Gaza, Israel (general), Israel	IS	IS00	18315	31.4167	34.3333	-797156	4	Elcano, Navarra, Spain	SP	SP32	16244	42.8305	-1.54601	-380408	20250922203000	https://www.euronews.com/my-europe/2025/09/22/why-is-the-palestinian-cause-so-important-in-spain
1264578771	20250922	202509	2025	2025.7178	ESP	SPAIN	ESP								ISR	ISRAEL	ISR								0	112	112	11	3	-2.0	2	1	2	-1.80681028492008	4	Gaza, Israel (general), Israel	IS	IS00	18315	31.4167	34.3333	-797156	4	Gaza, Israel (general), Israel	IS	IS00	18315	31.4167	34.3333	-797156	4	Gaza, Israel (general), Israel	IS	IS00	18315	31.4167	34.3333	-797156	20250922203000	https://www.euronews.com/my-europe/2025/09/22/why-is-the-palestinian-cause-so-important-in-spain
1264578772	20250922	202509	2025	2025.7178	ESP	SPANISH	ESP								PSE	PALESTINIAN	PSE								0	051	051	05	1	3.4	2	1	2	-1.80681028492008	4	Elcano, Navarra, Spain	SP	SP32	16244	42.8305	-1.54601	-380408	4	Gaza, Israel (general), Israel	IS	IS00	18315	31.4167	34.3333	-797156	4	Elcano, Navarra, Spain	SP	SP32	16244	42.8305	-1.54601	-380408	20250922203000	https://www.euronews.com/my-europe/2025/09/22/why-is-the-palestinian-cause-so-important-in-spain
1264578773	20250922	202509	2025	2025.7178	ESP	SPAIN	ESP								PSE	PALESTINIAN	PSE								0	051	051	05	1	3.4	4	1	4	-1.80681028492008	4	Elcano, Navarra, Spain	SP	SP32	16244	42.8305	-1.54601	-380408	4	Gaza, Israel (general), Israel	IS	IS00	18315	31.4167	34.3333	-797156	4	Gaza, Israel (general), Israel	IS	IS00	18315	31.4167	34.3333	-797156	20250922203000	https://www.euronews.com/my-europe/2025/09/22/why-is-the-palestinian-cause-so-important-in-spain
1264578774	20250922	202509	2025	2025.7178	ESPCVL	SPAIN	ESP					CVL			ISR	ISRAEL	ISR								0	051	051	05	1	3.4	4	1	4	-1.80681028492008	4	Elcano, Navarra, Spain	SP	SP32	16244	42.8305	-1.54601	-380408	4	Gaza, Israel (general), Israel	IS	IS00	18315	31.4167	34.3333	-797156	4	Gaza, Israel (general), Israel	IS	IS00	18315	31.4167	34.3333	-797156	20250922203000	https://www.euronews.com/my-europe/2025/09/22/why-is-the-palestinian-cause-so-important-in-spain
1264578775	20250922	202509	2025	2025.7178	ESPCVL	SPANISH	ESP					CVL			PSE	PALESTINIAN	PSE								0	051	051	05	1	3.4	4	1	4	-1.80681028492008	4	Elcano, Navarra, Spain	SP	SP32	16244	42.8305	-1.54601	-380408	4	Gaza, Israel (general), Israel	IS	IS00	18315	31.4167	34.3333	-797156	4	Gaza, Israel (general), Israel	IS	IS00	18315	31.4167	34.3333	-797156	20250922203000	https://www.euronews.com/my-europe/2025/09/22/why-is-the-palestinian-cause-so-important-in-spain
1264578776	20250922	202509	2025	2025.7178	ESPGOV	SPANISH	ESP					GOV			ISR	ISRAEL	ISR								1	090	090	09	2	-2.0	3	1	3	-1.80681028492008	4	Gaza, Israel (general), Israel	IS	IS00	18315	31.4167	34.3333	-797156	4	Gaza, Israel (general), Israel	IS	IS00	18315	31.4167	34.3333	-797156	4	Gaza, Israel (general), Israel	IS	IS00	18315	31.4167	34.3333	-797156	20250922203000	https://www.euronews.com/my-europe/2025/09/22/why-is-the-palestinian-cause-so-important-in-spain
1264578777	20250922	202509	2025	2025.7178	EST	ESTONIA	EST								RUSMIL	RUSSIAN	RUS					MIL			1	128	128	12	3	-5.0	8	1	8	-5.19031141868512	1	Russia	RS	RS		60	100	RS	1	Italy	IT	IT		42.833333	12.833333	IT	1	Italy	IT	IT		42.833333	12.833333	IT	20250922203000	https://www.hindustantimes.com/world-news/denmark-drone-sighting-copenhagen-airport-closed-ukraine-war-101758570526250.html
1264578778	20250922	202509	2025	2025.7178	EUR	EUROPEAN	EUR																		1	180	180	18	4	-9.0	6	1	6	-5.82089552238806	4	Aramoana, New Zealand (general), New Zealand	NZ	NZ00	22391	-45.7833	170.7	-1506778	0								4	Aramoana, New Zealand (general), New Zealand	NZ	NZ00	22391	-45.7833	170.7	-1506778	20250922203000	https://www.miragenews.com/firearm-incidents-cost-nz-322m-annually-1538324/
1264578779	20250922	202509	2025	2025.7178	EUR	EUROPEAN	EUR																		1	180	180	18	4	-9.0	4	1	4	-5.82089552238806	5	Otago, Otago, New Zealand	NZ	NZF7	22391	-45.25	169.5	11483306	0								5	Otago, Otago, New Zealand	NZ	NZF7	22391	-45.25	169.5	11483306	20250922203000	https://www.miragenews.com/firearm-incidents-cost-nz-322m-annually-1538324/
1264578780	20250922	202509	2025	2025.7178	EUR	EUROPEAN	EUR								GOV	GOVERNMENT						GOV			0	111	111	11	3	-2.0	1	1	1	-1.80681028492008	4	Elcano, Navarra, Spain	SP	SP32	16244	42.8305	-1.54601	-380408	4	Elcano, Navarra, Spain	SP	SP32	16244	42.8305	-1.54601	-380408	4	Elcano, Navarra, Spain	SP	SP32	16244	42.8305	-1.54601	-380408	20250922203000	https://www.euronews.com/my-europe/2025/09/22/why-is-the-palestinian-cause-so-important-in-spain
1264578781	20250922	202509	2025	2025.7178	EUR	EUROPEAN	EUR								GOV	GOVERNMENT						GOV			0	111	111	11	3	-2.0	3	1	3	-1.80681028492008	4	Gaza, Israel (general), Israel	IS	IS00	18315	31.4167	34.3333	-797156	4	Elcano, Navarra, Spain	SP	SP32	16244	42.8305	-1.54601	-380408	4	Gaza, Israel (general), Israel	IS	IS00	18315	31.4167	34.3333	-797156	20250922203000	https://www.euronews.com/my-europe/2025/09/22/why-is-the-palestinian-cause-so-important-in-spain
1264578782	20250922	202509	2025	2025.7178	EUR	EUROPEAN	EUR								GOV	GOVERNMENT						GOV			0	111	111	11	3	-2.0	1	1	1	-1.80681028492008	4	Gaza, Israel (general), Israel	IS	IS00	18315	31.4167	34.3333	-797156	4	Gaza, Israel (general), Israel	IS	IS00	18315	31.4167	34.3333	-797156	4	Gaza, Israel (general), Israel	IS	IS00	18315	31.4167	34.3333	-797156	20250922203000	https://www.euronews.com/my-europe/2025/09/22/why-is-the-palestinian-cause-so-important-in-spain
1264578783	20250922	202509	2025	2025.7178	EUR	EUROPE	EUR								MED	MEDIA						MED			1	043	043	04	1	2.8	3	1	3	-0.90673575129534	1	United States	US	US		39.828175	-98.5795	US	1	United States	US	US		39.828175	-98.5795	US	1	United States	US	US		39.828175	-98.5795	US	20250922203000	https://nypost.com/2025/09/22/lifestyle/canadians-furious-at-american-travelers-for-flag-jacking-trend/
1264578784	20250922	202509	2025	2025.7178	FRA	FRANCE	FRA																		0	100	100	10	3	-5.0	1	1	1	0.841219768664561	1	Brazil	BR	BR		-10	-55	BR	0								1	Brazil	BR	BR		-10	-55	BR	20250922203000	https://matangitonga.to/2025/09/23/clean-energy-inevitable
1264578785	20250922	202509	2025	2025.7178	FRA	FRANCE	FRA																		0	100	100	10	3	-5.0	1	1	1	0.841219768664561	1	Germany	GM	GM		51.5	10.5	GM	0								1	Germany	GM	GM		51.5	10.5	GM	20250922203000	https://matangitonga.to/2025/09/23/clean-energy-inevitable
1264578786	20250922	202509	2025	2025.7178	FRA	FRANCE	FRA								ARM	ARMENIA	ARM								0	010	010	01	1	0.0	4	1	4	1.91666666666667	4	Syunik, Syunik', Armenia	AM	AM08	4928	39.2079	46.4825	-2325425	4	Syunik, Syunik', Armenia	AM	AM08	4928	39.2079	46.4825	-2325425	4	Syunik, Syunik', Armenia	AM	AM08	4928	39.2079	46.4825	-2325425	20250922203000	https://armenianweekly.com/2025/09/22/weaving-history-the-aha-collectives-upcoming-warp-and-variations-exhibition/
1264578787	20250922	202509	2025	2025.7178	FRA	FRANCE	FRA								CAN	CANADA	CAN								1	046	046	04	1	7.0	4	1	2	-2.77777777777778	1	France	FR	FR		46	2	FR	1	Portugal	PO	PO		39.5	-8	PO	1	France	FR	FR		46	2	FR	20250922203000	https://www.euronews.com/2025/09/22/france-joins-uk-portugal-and-canada-in-recognising-palestinian-state
1264578788	20250922	202509	2025	2025.7178	FRA	FRANCE	FRA								ELI	ACTOR						ELI			1	042	042	04	1	1.9	1	1	1	0	4	Paris, France (general), France	FR	FR00	16282	48.8667	2.33333	-1456928	4	Paris, France (general), France	FR	FR00	16282	48.8667	2.33333	-1456928	4	Paris, France (general), France	FR	FR00	16282	48.8667	2.33333	-1456928	20250922203000	https://malaya.com.ph/entertainment/paris-dvd-rental-store-in-last-stand-against-streaming-giants/
1264578789	20250922	202509	2025	2025.7178	FRA	FRANCE	FRA								ELI	ACTOR						ELI			1	043	043	04	1	2.8	1	1	1	0	4	Paris, France (general), France	FR	FR00	16282	48.8667	2.33333	-1456928	4	Paris, France (general), France	FR	FR00	16282	48.8667	2.33333	-1456928	4	Paris, France (general), France	FR	FR00	16282	48.8667	2.33333	-1456928	20250922203000	https://malaya.com.ph/entertainment/paris-dvd-rental-store-in-last-stand-against-streaming-giants/
1264578790	20250922	202509	2025	2025.7178	FRA	FRENCH	FRA								FRAGOV	FRANCE	FRA					GOV			1	043	043	04	1	2.8	2	1	2	-1.78571428571428	4	Paris, France (general), France	FR	FR00	16282	48.8667	2.33333	-1456928	4	Paris, France (general), France	FR	FR00	16282	48.8667	2.33333	-1456928	4	Paris, France (general), France	FR	FR00	16282	48.8667	2.33333	-1456928	20250922203000	https://www.theglobeandmail.com/world/article-palestine-state-gaza-israel-france-macron-united-nations-un/
1264578791	20250922	202509	2025	2025.7178	FRA	FRANCE	FRA								GBR	UNITED KINGDOM	GBR								1	046	046	04	1	7.0	2	1	2	-1.37221269296741	4	Gaza, Israel (general), Israel	IS	IS00	18315	31.4167	34.3333	-797156	1	Jordan	JO	JO		31	36	JO	1	Jordan	JO	JO		31	36	JO	20250922203000	https://www.mirror.co.uk/news/politics/emmanuel-macron-declares-france-joined-35947026
1264578792	20250922	202509	2025	2025.7178	FRA	FRANCE	FRA								GBR	UNITED KINGDOM	GBR								1	046	046	04	1	7.0	12	2	12	-2.54351693030938	1	France	FR	FR		46	2	FR	1	France	FR	FR		46	2	FR	1	France	FR	FR		46	2	FR	20250922203000	https://www.euronews.com/2025/09/22/france-joins-uk-portugal-and-canada-in-recognising-palestinian-state
1264578793	20250922	202509	2025	2025.7178	FRA	FRANCE	FRA								IGOUNO	UNITED NATIONS		UNO				IGO			1	010	010	01	1	0.0	2	1	2	-2.77777777777778	1	France	FR	FR		46	2	FR	2	New York, United States	US	USNY		42.1497	-74.9384	NY	1	France	FR	FR		46	2	FR	20250922203000	https://www.euronews.com/2025/09/22/france-joins-uk-portugal-and-canada-in-recognising-palestinian-state
1264578794	20250922	202509	2025	2025.7178	FRA	FRANCE	FRA								IGOUNO	UNITED NATIONS		UNO				IGO			1	010	010	01	1	0.0	8	1	8	-2.77777777777778	1	France	FR	FR		46	2	FR	2	New York, United States	US	USNY		42.1497	-74.9384	NY	2	New York, United States	US	USNY		42.1497	-74.9384	NY	20250922203000	https://www.euronews.com/2025/09/22/france-joins-uk-portugal-and-canada-in-recognising-palestinian-state
1264578795	20250922	202509	2025	2025.7178	FRA	FRANCE	FRA								IGOUNOLEG	UNITED NATIONS		UNO				IGO	LEG		1	040	040	04	1	1.0	2	1	2	1.2987012987013	4	Gaza, Israel (general), Israel	IS	IS00	18315	31.4167	34.3333	-797156	4	Gaza, Israel (general), Israel	IS	IS00	18315	31.4167	34.3333	-797156	4	Gaza, Israel (general), Israel	IS	IS00	18315	31.4167	34.3333	-797156	20250922203000	https://www.aa.com.tr/en/europe/france-officially-recognizes-state-of-palestine-macron-announces/3695207
1264578796	20250922	202509	2025	2025.7178	FRA	FRANCE	FRA								ISR	ISRAEL	ISR								1	037	037	03	1	5.0	2	1	2	14.2857142857143	1	France	FR	FR		46	2	FR	1	France	FR	FR		46	2	FR	1	Israel	IS	IS		31.5	34.75	IS	20250922203000	http://www.morningsun.net/stories/france-recognizes-palestinian-state-at-un-meeting-to-revive-mideast-peace-process,250025
1264578797	20250922	202509	2025	2025.7178	FRA	FRANCE	FRA								ISR	ISRAEL	ISR								1	037	037	03	1	5.0	4	1	4	14.2857142857143	1	France	FR	FR		46	2	FR	1	Israel	IS	IS		31.5	34.75	IS	1	Israel	IS	IS		31.5	34.75	IS	20250922203000	http://www.morningsun.net/stories/france-recognizes-palestinian-state-at-un-meeting-to-revive-mideast-peace-process,250025
1264578798	20250922	202509	2025	2025.7178	FRA	FRANCE	FRA								ISR	ISRAEL	ISR								0	042	042	04	1	1.9	1	1	1	-1.78571428571428	4	Gaza, Israel (general), Israel	IS	IS00	18315	31.4167	34.3333	-797156	4	Gaza, Israel (general), Israel	IS	IS00	18315	31.4167	34.3333	-797156	4	Gaza, Israel (general), Israel	IS	IS00	18315	31.4167	34.3333	-797156	20250922203000	https://www.theglobeandmail.com/world/article-palestine-state-gaza-israel-france-macron-united-nations-un/
1264578799	20250922	202509	2025	2025.7178	FRA	FRANCE	FRA								PRT	PORTUGAL	PRT								1	046	046	04	1	7.0	8	1	8	-2.77777777777778	1	France	FR	FR		46	2	FR	1	Portugal	PO	PO		39.5	-8	PO	1	France	FR	FR		46	2	FR	20250922203000	https://www.euronews.com/2025/09/22/france-joins-uk-portugal-and-canada-in-recognising-palestinian-state
1264578800	20250922	202509	2025	2025.7178	FRA	FRANCE	FRA								PRT	PORTUGAL	PRT								1	046	046	04	1	7.0	8	1	8	-2.77777777777778	1	France	FR	FR		46	2	FR	1	Portugal	PO	PO		39.5	-8	PO	1	United Kingdom	UK	UK		54	-4	UK	20250922203000	https://www.euronews.com/2025/09/22/france-joins-uk-portugal-and-canada-in-recognising-palestinian-state
1264578801	20250922	202509	2025	2025.7178	FRA	FRANCE	FRA								PRT	PORTUGAL	PRT								1	046	046	04	1	7.0	4	1	2	-2.77777777777778	1	France	FR	FR		46	2	FR	1	United Kingdom	UK	UK		54	-4	UK	1	France	FR	FR		46	2	FR	20250922203000	https://www.euronews.com/2025/09/22/france-joins-uk-portugal-and-canada-in-recognising-palestinian-state
1264578802	20250922	202509	2025	2025.7178	FRA	FRANCE	FRA								PSE	PALESTINIAN	PSE								1	037	037	03	1	5.0	2	1	2	14.2857142857143	1	France	FR	FR		46	2	FR	1	Israel	IS	IS		31.5	34.75	IS	1	Israel	IS	IS		31.5	34.75	IS	20250922203000	http://www.morningsun.net/stories/france-recognizes-palestinian-state-at-un-meeting-to-revive-mideast-peace-process,250025
1264578803	20250922	202509	2025	2025.7178	FRA	FRANCE	FRA								PSE	PALESTINIAN	PSE								1	054	054	05	1	6.0	2	1	2	-2.90858725761773	2	Alaska, United States	US	USAK		61.385	-152.268	AK	2	Alaska, United States	US	USAK		61.385	-152.268	AK	2	Alaska, United States	US	USAK		61.385	-152.268	AK	20250922203000	https://news.sky.com/story/gaza-latest-france-recognises-palestinian-state-with-more-countries-to-follow-suit-israel-brands-summit-a-circus-13435340
1264578804	20250922	202509	2025	2025.7178	FRA	FRANCE	FRA								SAU	SAUDI ARABIA	SAU								0	042	042	04	1	1.9	5	1	5	1.2987012987013	4	Gaza, Israel (general), Israel	IS	IS00	18315	31.4167	34.3333	-797156	4	Gaza, Israel (general), Israel	IS	IS00	18315	31.4167	34.3333	-797156	4	Gaza, Israel (general), Israel	IS	IS00	18315	31.4167	34.3333	-797156	20250922203000	https://www.aa.com.tr/en/europe/france-officially-recognizes-state-of-palestine-macron-announces/3695207
1264578805	20250922	202509	2025	2025.7178	FRAELI	FRANCE	FRA					ELI			EUR	EUROPE	EUR								0	051	051	05	1	3.4	1	1	1	-1.80681028492008	4	Gaza, Israel (general), Israel	IS	IS00	18315	31.4167	34.3333	-797156	1	France	FR	FR		46	2	FR	1	France	FR	FR		46	2	FR	20250922203000	https://www.euronews.com/my-europe/2025/09/22/why-is-the-palestinian-cause-so-important-in-spain
1264578806	20250922	202509	2025	2025.7178	FRAELI	FRANCE	FRA					ELI			EUR	EUROPE	EUR								0	051	051	05	1	3.4	1	1	1	-1.80681028492008	1	France	FR	FR		46	2	FR	4	Elcano, Navarra, Spain	SP	SP32	16244	42.8305	-1.54601	-380408	4	Elcano, Navarra, Spain	SP	SP32	16244	42.8305	-1.54601	-380408	20250922203000	https://www.euronews.com/my-europe/2025/09/22/why-is-the-palestinian-cause-so-important-in-spain
1264578807	20250922	202509	2025	2025.7178	FRAGOV	FRANCE	FRA					GOV			FRA	FRENCH	FRA								1	042	042	04	1	1.9	2	1	2	-1.78571428571428	4	Paris, France (general), France	FR	FR00	16282	48.8667	2.33333	-1456928	4	Paris, France (general), France	FR	FR00	16282	48.8667	2.33333	-1456928	4	Paris, France (general), France	FR	FR00	16282	48.8667	2.33333	-1456928	20250922203000	https://www.theglobeandmail.com/world/article-palestine-state-gaza-israel-france-macron-united-nations-un/
1264578808	20250922	202509	2025	2025.7178	FRAGOV	FRENCH	FRA					GOV			IGOUNO	UNITED NATIONS		UNO				IGO			1	043	043	04	1	2.8	3	1	3	-1.78571428571428	4	Paris, France (general), France	FR	FR00	16282	48.8667	2.33333	-1456928	4	Gaza, Israel (general), Israel	IS	IS00	18315	31.4167	34.3333	-797156	4	Paris, France (general), France	FR	FR00	16282	48.8667	2.33333	-1456928	20250922203000	https://www.theglobeandmail.com/world/article-palestine-state-gaza-israel-france-macron-united-nations-un/
1264578809	20250922	202509	2025	2025.7178	GBR	UNITED KINGDOM	GBR																		1	020	020	02	1	3.0	2	1	2	4.66472303206997	4	Tetbury, Gloucestershire, United Kingdom	UK	UKE6	40139	51.6394	-2.16222	-2609573	0								4	Tetbury, Gloucestershire, United Kingdom	UK	UKE6	40139	51.6394	-2.16222	-2609573	20250922203000	https://www.vogue.com/article/best-hotels-in-the-cotswolds
1264578810	20250922	202509	2025	2025.7178	GBR	UNITED KINGDOM	GBR																		1	043	043	04	1	2.8	1	1	1	-2.99401197604791	4	Glasgow, Glasgow City, United Kingdom	UK	UKV2	40176	55.8333	-4.25	-2597039	0								3	Hollywood, California, United States	US	USCA	CA037	34.0983	-118.327	1660757	20250922203000	https://www.nydailynews.com/2025/09/22/tom-holland-concussion-filming-spider-man-sequel-filming-delayed/
1264578811	20250922	202509	2025	2025.7178	GBR	UNITED KINGDOM	GBR																		1	051	051	05	1	3.4	2	1	2	2.32558139534884	5	Herefordshire, Herefordshire, United Kingdom	UK	UKF7	40113	52.0833	-2.75	-2598551	0								5	Herefordshire, Herefordshire, United Kingdom	UK	UKF7	40113	52.0833	-2.75	-2598551	20250922203000	https://www.herefordtimes.com/news/25483227.extinct-bird-prey-osprey-spotted-bodenham-lakes/
1264578812	20250922	202509	2025	2025.7178	GBR	UNITED KINGDOM	GBR																		0	051	051	05	1	3.4	4	1	4	0.48309178743961	5	Tower Hamlets, Tower Hamlets, United Kingdom	UK	UKO5	40110	51.5206	-0.036489	-2610063	0								5	Tower Hamlets, Tower Hamlets, United Kingdom	UK	UKO5	40110	51.5206	-0.036489	-2610063	20250922203000	https://www.dailymail.co.uk/news/article-15123291/Police-probe-St-Georges-Cross-GOOSE-mascot.html
1264578813	20250922	202509	2025	2025.7178	GBR	UNITED KINGDOM	GBR								AUS	AUSTRALIA	AUS								0	046	046	04	1	7.0	4	1	4	-1.37221269296741	4	Gaza, Israel (general), Israel	IS	IS00	18315	31.4167	34.3333	-797156	1	Canada	CA	CA		60	-96	CA	1	United Kingdom	UK	UK		54	-4	UK	20250922203000	https://www.mirror.co.uk/news/politics/emmanuel-macron-declares-france-joined-35947026
1264578814	20250922	202509	2025	2025.7178	GBR	UNITED KINGDOM	GBR								CAN	CANADA	CAN								0	046	046	04	1	7.0	6	1	6	-1.37221269296741	1	United Kingdom	UK	UK		54	-4	UK	1	Canada	CA	CA		60	-96	CA	1	Canada	CA	CA		60	-96	CA	20250922203000	https://www.mirror.co.uk/news/politics/emmanuel-macron-declares-france-joined-35947026
1264578815	20250922	202509	2025	2025.7178	GBR	UNITED KINGDOM	GBR								GOV	GOVERNMENT						GOV			1	025	025	02	1	-0.3	20	1	10	1.55902004454343	4	Northern Ireland, Craigavon, United Kingdom	UK	UKR8	40152	54.5	-6.5	-2604275	4	Northern Ireland, Craigavon, United Kingdom	UK	UKR8	40152	54.5	-6.5	-2604275	4	Northern Ireland, Craigavon, United Kingdom	UK	UKR8	40152	54.5	-6.5	-2604275	20250922203000	https://www.chroniclelive.co.uk/news/uk-news/car-safety-warning-uk-charity-32528331
1264578816	20250922	202509	2025	2025.7178	GBR	UNITED KINGDOM	GBR								JUD	ADVOCATE						JUD			1	020	020	02	1	3.0	10	1	10	1.55902004454343	4	Northern Ireland, Craigavon, United Kingdom	UK	UKR8	40152	54.5	-6.5	-2604275	4	Northern Ireland, Craigavon, United Kingdom	UK	UKR8	40152	54.5	-6.5	-2604275	4	Northern Ireland, Craigavon, United Kingdom	UK	UKR8	40152	54.5	-6.5	-2604275	20250922203000	https://www.chroniclelive.co.uk/news/uk-news/car-safety-warning-uk-charity-32528331
1264578817	20250922	202509	2025	2025.7178	GBR	UNITED KINGDOM	GBR								LAB	WORKER						LAB			1	043	043	04	1	2.8	10	1	10	-4.83460559796438	1	United Kingdom	UK	UK		54	-4	UK	1	United Kingdom	UK	UK		54	-4	UK	1	United Kingdom	UK	UK		54	-4	UK	20250922203000	https://www.dailymail.co.uk/news/article-15123353/Emergency-gas-workers-rushed-UK-town-leak-fears-worlds-smelliest-fruit.html
1264578818	20250922	202509	2025	2025.7178	GBR	LONDON	GBR								NLD	HOLLAND	NLD								1	042	042	04	1	1.9	1	1	1	-2.99401197604791	4	London, London, City of, United Kingdom	UK	UKH9	40110	51.5	-0.116667	-2601889	4	Glasgow, Glasgow City, United Kingdom	UK	UKV2	40176	55.8333	-4.25	-2597039	4	Glasgow, Glasgow City, United Kingdom	UK	UKV2	40176	55.8333	-4.25	-2597039	20250922203000	https://www.nydailynews.com/2025/09/22/tom-holland-concussion-filming-spider-man-sequel-filming-delayed/
1264578819	20250922	202509	2025	2025.7178	GBR	LONDON	GBR								NLD	HOLLAND	NLD								1	042	042	04	1	1.9	3	1	3	-2.99401197604791	4	London, London, City of, United Kingdom	UK	UKH9	40110	51.5	-0.116667	-2601889	3	Hollywood, California, United States	US	USCA	CA037	34.0983	-118.327	1660757	3	Hollywood, California, United States	US	USCA	CA037	34.0983	-118.327	1660757	20250922203000	https://www.nydailynews.com/2025/09/22/tom-holland-concussion-filming-spider-man-sequel-filming-delayed/
1264578820	20250922	202509	2025	2025.7178	GBRGOV	WELSH	GBR					GOV													0	055	055	05	1	7.0	10	1	10	-1.25786163522012	1	United Kingdom	UK	UK		54	-4	UK	0								1	United Kingdom	UK	UK		54	-4	UK	20250922203000	https://www.walesonline.co.uk/news/wales-news/child-died-feel-totally-down-32524882
1264578821	20250922	202509	2025	2025.7178	GBRGOV	DOWNING STREET	GBR					GOV			MED	MEDIA						MED			0	010	010	01	1	0.0	2	1	2	-2.84629981024668	4	Gaza, Israel (general), Israel	IS	IS00	18315	31.4167	34.3333	-797156	1	United Kingdom	UK	UK		54	-4	UK	4	Gaza, Israel (general), Israel	IS	IS00	18315	31.4167	34.3333	-797156	20250922203000	https://www.lbc.co.uk/article/france-palestine-gaza-israel-uk-un-summit-5HjdDMc_2/
1264578822	20250922	202509	2025	2025.7178	GBRGOV	DOWNING STREET	GBR					GOV			MED	MEDIA						MED			0	010	010	01	1	0.0	6	1	6	-2.84629981024668	4	Gaza, Israel (general), Israel	IS	IS00	18315	31.4167	34.3333	-797156	1	United Kingdom	UK	UK		54	-4	UK	1	United Kingdom	UK	UK		54	-4	UK	20250922203000	https://www.lbc.co.uk/article/france-palestine-gaza-israel-uk-un-summit-5HjdDMc_2/
1264578823	20250922	202509	2025	2025.7178	GBRGOV	DOWNING STREET	GBR					GOV			MED	MEDIA						MED			0	010	010	01	1	0.0	2	1	2	-2.84629981024668	1	United Kingdom	UK	UK		54	-4	UK	1	United Kingdom	UK	UK		54	-4	UK	1	United Kingdom	UK	UK		54	-4	UK	20250922203000	https://www.lbc.co.uk/article/france-palestine-gaza-israel-uk-un-summit-5HjdDMc_2/
1264578824	20250922	202509	2025	2025.7178	GHA	GHANA	GHA																		1	051	051	05	1	3.4	10	1	10	2.8	4	Tema Harbour, Ghana (general), Ghana	GH	GH00	190722	5.63333	0.016667	-2079376	0								4	Tema Harbour, Ghana (general), Ghana	GH	GH00	190722	5.63333	0.016667	-2079376	20250922203000	https://www.ghanaweb.com/GhanaHomePage/NewsArchive/Should-Ghana-still-honour-Nkrumah-on-Founder-s-Day-What-some-Ghanaians-think-2001814
1264578825	20250922	202509	2025	2025.7178	GHA	GHANA	GHA																		1	1724	172	17	4	-5.0	10	1	10	-7.9646017699115	1	Ghana	GH	GH		8	-2	GH	0								1	Ghana	GH	GH		8	-2	GH	20250922203000	https://www.ghanaweb.com/GhanaHomePage/NewsArchive/StopGalamsey-Ghana-is-watching-how-you-deal-with-illegal-mining-Barker-Vormawor-to-govt-2001815
1264578826	20250922	202509	2025	2025.7178	GHA	GHANA	GHA								GOV	PRESIDENT						GOV			1	051	051	05	1	3.4	5	1	5	2.8	4	Tema Harbour, Ghana (general), Ghana	GH	GH00	190722	5.63333	0.016667	-2079376	4	Tema Harbour, Ghana (general), Ghana	GH	GH00	190722	5.63333	0.016667	-2079376	4	Tema Harbour, Ghana (general), Ghana	GH	GH00	190722	5.63333	0.016667	-2079376	20250922203000	https://www.ghanaweb.com/GhanaHomePage/NewsArchive/Should-Ghana-still-honour-Nkrumah-on-Founder-s-Day-What-some-Ghanaians-think-2001814
1264578827	20250922	202509	2025	2025.7178	GOV	GOVERNMENT						GOV													1	010	010	01	1	0.0	2	1	2	1.6	4	Atimonan, Iloilo, Philippines	RP	RP30	24250	11.0569	122.361	-2409279	0								4	Atimonan, Iloilo, Philippines	RP	RP30	24250	11.0569	122.361	-2409279	20250922203000	https://www.philstar.com/business/2025/09/23/2474673/mgen-kicks-coal-expansion
1264578828	20250922	202509	2025	2025.7178	GOV	PRESIDENT						GOV													1	010	010	01	1	0.0	2	1	2	3.49344978165939	3	Vandalia, West Virginia, United States	US	USWV	WV041	38.927	-80.4037	1548624	0								3	Vandalia, West Virginia, United States	US	USWV	WV041	38.927	-80.4037	1548624	20250922203000	https://wajr.com/2025/09/22/mon-health-and-vandalia-health-excited-to-expand-across-the-state/
1264578829	20250922	202509	2025	2025.7178	GOV	GOVERNMENT						GOV													1	020	020	02	1	3.0	10	1	10	1.55902004454343	4	Northern Ireland, Craigavon, United Kingdom	UK	UKR8	40152	54.5	-6.5	-2604275	0								4	Northern Ireland, Craigavon, United Kingdom	UK	UKR8	40152	54.5	-6.5	-2604275	20250922203000	https://www.chroniclelive.co.uk/news/uk-news/car-safety-warning-uk-charity-32528331
1264578830	20250922	202509	2025	2025.7178	GOV	FOREIGN MINIST						GOV													0	020	020	02	1	3.0	1	1	1	-1.72143974960876	4	Bagram, Parvan, Afghanistan	AF	AF40	99925	34.9669	69.265	-3369796	0								4	Bagram, Parvan, Afghanistan	AF	AF40	99925	34.9669	69.265	-3369796	20250922203000	https://reason.com/2025/09/22/why-does-trump-want-u-s-troops-back-in-afghanistan/
1264578831	20250922	202509	2025	2025.7178	GOV	FOREIGN MINIST						GOV													0	020	020	02	1	3.0	1	1	1	-1.72143974960876	1	Vietnam, Republic Of	VM	VM		16.166667	107.833333	VM	0								1	Vietnam, Republic Of	VM	VM		16.166667	107.833333	VM	20250922203000	https://reason.com/2025/09/22/why-does-trump-want-u-s-troops-back-in-afghanistan/
1264578832	20250922	202509	2025	2025.7178	GOV	MAYOR						GOV													0	026	026	02	1	4.0	6	1	6	-2.85714285714286	2	New Jersey, United States	US	USNJ		40.314	-74.5089	NJ	0								2	New Jersey, United States	US	USNJ		40.314	-74.5089	NJ	20250922203000	https://patch.com/new-jersey/westorange/west-orange-town-council-reduces-proposed-tax-hike-1-see-latest-numbers
1264578833	20250922	202509	2025	2025.7178	GOV	MINIST						GOV													1	033	033	03	1	5.2	5	1	5	-4.33604336043361	4	Jalna, Maharashtra, India	IN	IN16	70182	19.8333	75.8833	-2098154	0								4	Jalna, Maharashtra, India	IN	IN16	70182	19.8333	75.8833	-2098154	20250922203000	https://www.thehindu.com/news/cities/mumbai/one-killed-14-stranded-in-floodwaters-as-heavy-rains-wreak-havoc-in-maharashtra/article70082248.ece
1264578834	20250922	202509	2025	2025.7178	GOV	KING						GOV													1	042	042	04	1	1.9	1	1	1	-3.76153300212917	3	Sacramento, California, United States	US	USCA	CA067	38.5816	-121.494	1659564	0								3	Sacramento, California, United States	US	USCA	CA067	38.5816	-121.494	1659564	20250922203000	https://hotair.com/david-strom/2025/09/22/you-and-i-saw-a-revival-meeting-the-left-saw-hate-n3807051
1264578835	20250922	202509	2025	2025.7178	GOV	RULER						GOV													0	042	042	04	1	1.9	2	1	2	3.67965367965368	1	Maldives	MV	MV		3.2	73	MV	0								1	Maldives	MV	MV		3.2	73	MV	20250922203000	https://www.gulftoday.ae/news/2025/09/22/sheikh-sultan-attends-opening-of-25th-sharjah-international-narrator-forum
1264578836	20250922	202509	2025	2025.7178	GOV	KING						GOV													1	043	043	04	1	2.8	2	1	2	-2.89855072463768	3	Kings County, New York, United States	US	USNY	NY047	40.6501	-73.9496	974122	0								3	Kings County, New York, United States	US	USNY		40.6501	-73.9496	974122	20250922203000	https://www.nydailynews.com/2025/09/22/brooklyn-teen-shot-in-neck-his-dad-questioned-by-nypd-over-accidental-discharge/
1264578837	20250922	202509	2025	2025.7178	GOV	ADMINISTRATION						GOV													0	050	050	05	1	3.5	6	1	6	-1.72143974960876	1	Vietnam, Republic Of	VM	VM		16.166667	107.833333	VM	0								1	Syria	SY	SY		35	38	SY	20250922203000	https://reason.com/2025/09/22/why-does-trump-want-u-s-troops-back-in-afghanistan/
1264578838	20250922	202509	2025	2025.7178	GOV	KING						GOV													0	051	051	05	1	3.4	6	1	6	2.3094688221709	3	Philadelphia, Pennsylvania, United States	US	USPA	PA101	39.9523	-75.1638	1209052	0								3	Philadelphia, Pennsylvania, United States	US	USPA	PA101	39.9523	-75.1638	1209052	20250922203000	https://southphillyreview.com/2025/09/22/a-fitting-tribute-for-christopher-fitzgerald/
1264578839	20250922	202509	2025	2025.7178	GOV	SECRETARIAT						GOV													1	071	071	07	2	7.4	10	1	10	2.14067278287461	4	Mexico City, Distrito Federal, Mexico	MX	MX09	20887	19.4342	-99.1386	-1658079	0								4	Mexico City, Distrito Federal, Mexico	MX	MX09	20887	19.4342	-99.1386	-1658079	20250922203000	https://www.oas.org/en/media_center/press_release.asp?sCodigo=E-058/25
1264578840	20250922	202509	2025	2025.7178	GOV	ADMINISTRATION						GOV													1	071	071	07	2	7.4	2	1	2	3.49344978165939	3	Vandalia, West Virginia, United States	US	USWV	WV041	38.927	-80.4037	1548624	0								3	Vandalia, West Virginia, United States	US	USWV	WV041	38.927	-80.4037	1548624	20250922203000	https://wajr.com/2025/09/22/mon-health-and-vandalia-health-excited-to-expand-across-the-state/
1264578841	20250922	202509	2025	2025.7178	GOV	ADMINISTRATION						GOV													1	071	071	07	2	7.4	3	1	3	3.49344978165939	3	Stonewall Jackson Memorial Hospital, West Virginia, United States	US	USWV	WV041	39.0478	-80.4922	1728678	0								3	Stonewall Jackson Memorial Hospital, West Virginia, United States	US	USWV		39.0478	-80.4922	1728678	20250922203000	https://wajr.com/2025/09/22/mon-health-and-vandalia-health-excited-to-expand-across-the-state/
1264578842	20250922	202509	2025	2025.7178	GOV	ADMINISTRATION						GOV													0	071	071	07	2	7.4	2	1	2	-4.5346062052506	3	Clark Fork, Montana, United States	US	USMT	MT001	44.7749	-112.222	781331	0								3	Clark Fork, Montana, United States	US	USMT		44.7749	-112.222	781331	20250922203000	https://www.ktvh.com/news/mtn-outdoors/judge-temporarily-halts-irrigation-near-grant-kohrs-ranch-over-bull-trout-endangerment
1264578843	20250922	202509	2025	2025.7178	GOV	ADMINISTRATION						GOV													0	071	071	07	2	7.4	8	1	8	-4.5346062052506	3	West Side Ditch, Montana, United States	US	USMT	MT001	45.3755	-113.283	793130	0								3	Clark Fork, Montana, United States	US	USMT		44.7749	-112.222	781331	20250922203000	https://www.ktvh.com/news/mtn-outdoors/judge-temporarily-halts-irrigation-near-grant-kohrs-ranch-over-bull-trout-endangerment
1264578844	20250922	202509	2025	2025.7178	GOV	MAYOR						GOV													1	071	071	07	2	7.4	6	1	6	-1.34831460674157	2	Louisiana, United States	US	USLA		31.1801	-91.8749	LA	0								2	Louisiana, United States	US	USLA		31.1801	-91.8749	LA	20250922203000	https://www.theadvocate.com/baton_rouge/fbi-feds-investigate-baton-rouge-housing-project/article_b934fcf4-a062-405c-b2af-ecbf897ef58d.html
1264578845	20250922	202509	2025	2025.7178	GOV	FIRE DEPARTMENT						GOV													0	073	073	07	2	7.4	2	1	2	-3.79876796714579	3	Millers Creek, North Carolina, United States	US	USNC	NC193	36.1893	-81.2376	1021469	0								3	Millers Creek, North Carolina, United States	US	USNC		36.1893	-81.2376	1021469	20250922203000	https://www.journalpatriot.com/news/helene-hit-western-nc-a-year-ago-this-week/article_038be025-866d-5def-9f1c-2423e981bba9.html
1264578846	20250922	202509	2025	2025.7178	GOV	MAYOR						GOV													1	084	084	08	2	7.0	2	1	2	2.34899328859061	3	Boise, Idaho, United States	US	USID	ID001	43.6135	-116.203	400590	0								3	Boise, Idaho, United States	US	USID	ID001	43.6135	-116.203	400590	20250922203000	https://www.ktvb.com/article/news/local/boise-new-director-parks-and-recreation/277-90f27455-6c0c-4a32-bc43-7140cb1ec51d
1264578847	20250922	202509	2025	2025.7178	GOV	AUTHORITIES						GOV													1	090	090	09	2	-2.0	10	1	10	-1.58730158730159	4	Dublin, Dublin, Ireland	EI	EI07	18288	53.3331	-6.24889	-1502554	0								4	Dublin, Dublin, Ireland	EI	EI07	18288	53.3331	-6.24889	-1502554	20250922203000	https://www.lbc.co.uk/article/major-european-airport-becomes-latest-to-ditch-liquids-rule-5HjdDMY_2/
1264578848	20250922	202509	2025	2025.7178	GOV	PRIME MINISTER						GOV													0	111	111	11	3	-2.0	10	1	10	0.48309178743961	5	Tower Hamlets, Tower Hamlets, United Kingdom	UK	UKO5	40110	51.5206	-0.036489	-2610063	0								5	Tower Hamlets, Tower Hamlets, United Kingdom	UK	UKO5	40110	51.5206	-0.036489	-2610063	20250922203000	https://www.dailymail.co.uk/news/article-15123291/Police-probe-St-Georges-Cross-GOOSE-mascot.html
1264578849	20250922	202509	2025	2025.7178	GOV	AUTHORITIES						GOV													0	112	112	11	3	-2.0	10	1	10	0.91503267973856	1	Germany	GM	GM		51.5	10.5	GM	0								1	Germany	GM	GM		51.5	10.5	GM	20250922203000	https://patch.com/california/temecula/my-one-big-thing-temecula-man-recalls-how-2-women-shaped-his-life
1264578850	20250922	202509	2025	2025.7178	GOV	MINIST						GOV													1	114	114	11	3	-2.0	5	1	5	-4.33604336043361	4	Jalna, Maharashtra, India	IN	IN16	70182	19.8333	75.8833	-2098154	0								4	Jalna, Maharashtra, India	IN	IN16	70182	19.8333	75.8833	-2098154	20250922203000	https://www.thehindu.com/news/cities/mumbai/one-killed-14-stranded-in-floodwaters-as-heavy-rains-wreak-havoc-in-maharashtra/article70082248.ece
1264578851	20250922	202509	2025	2025.7178	GOV	PRESIDENT						GOV													0	120	120	12	3	-4.0	2	1	2	-1.07816711590296	1	Vietnam, Republic Of	VM	VM		16.166667	107.833333	VM	0								1	Vietnam, Republic Of	VM	VM		16.166667	107.833333	VM	20250922203000	https://www.wrganews.com/2025/09/22/one-mans-opinion-our-right-to-free-speech-is-almost-absolute/
1264578852	20250922	202509	2025	2025.7178	GOV	DIPLOMAT						GOV													1	171	171	17	4	-9.2	3	1	3	-1.37221269296741	2	New York, United States	US	USNY		42.1497	-74.9384	NY	0								2	New York, United States	US	USNY		42.1497	-74.9384	NY	20250922203000	https://www.mirror.co.uk/news/politics/emmanuel-macron-declares-france-joined-35947026
1264578853	20250922	202509	2025	2025.7178	GOV	FOREIGN MINIST						GOV			AFG	AFGHANISTAN	AFG								0	020	020	02	1	3.0	2	1	2	-1.72143974960876	1	Vietnam, Republic Of	VM	VM		16.166667	107.833333	VM	1	Syria	SY	SY		35	38	SY	1	Vietnam, Republic Of	VM	VM		16.166667	107.833333	VM	20250922203000	https://reason.com/2025/09/22/why-does-trump-want-u-s-troops-back-in-afghanistan/
1264578854	20250922	202509	2025	2025.7178	GOV	FOREIGN MINIST						GOV			AFGGOV	AFGHANISTAN	AFG					GOV			0	020	020	02	1	3.0	1	1	1	-1.72143974960876	4	Bagram, Parvan, Afghanistan	AF	AF40	99925	34.9669	69.265	-3369796	4	Bagram, Parvan, Afghanistan	AF	AF40	99925	34.9669	69.265	-3369796	4	Bagram, Parvan, Afghanistan	AF	AF40	99925	34.9669	69.265	-3369796	20250922203000	https://reason.com/2025/09/22/why-does-trump-want-u-s-troops-back-in-afghanistan/
1264578855	20250922	202509	2025	2025.7178	GOV	FOREIGN MINIST						GOV			AFGGOV	AFGHANISTAN	AFG					GOV			0	020	020	02	1	3.0	1	1	1	-1.72143974960876	4	Bagram, Parvan, Afghanistan	AF	AF40	99925	34.9669	69.265	-3369796	1	Syria	SY	SY		35	38	SY	4	Bagram, Parvan, Afghanistan	AF	AF40	99925	34.9669	69.265	-3369796	20250922203000	https://reason.com/2025/09/22/why-does-trump-want-u-s-troops-back-in-afghanistan/
1264578856	20250922	202509	2025	2025.7178	GOV	GOVERNMENT OFFICIAL						GOV			AFGINSTAL	TALIBAN	AFG	TAL				INS			1	042	042	04	1	1.9	10	1	10	-4.72673559822747	1	Afghanistan	AF	AF		33	66	AF	1	Afghanistan	AF	AF		33	66	AF	1	Afghanistan	AF	AF		33	66	AF	20250922203000	https://www.jurist.org/commentary/2025/09/the-internet-is-our-only-light-under-taliban-rule/
1264578857	20250922	202509	2025	2025.7178	GOV	GOVERNMENT						GOV			AGR	FARMER						AGR			0	051	051	05	1	3.4	10	1	10	-4.33604336043361	4	Jalna, Maharashtra, India	IN	IN16	70182	19.8333	75.8833	-2098154	4	Jalna, Maharashtra, India	IN	IN16	70182	19.8333	75.8833	-2098154	4	Jalna, Maharashtra, India	IN	IN16	70182	19.8333	75.8833	-2098154	20250922203000	https://www.thehindu.com/news/cities/mumbai/one-killed-14-stranded-in-floodwaters-as-heavy-rains-wreak-havoc-in-maharashtra/article70082248.ece
1264578858	20250922	202509	2025	2025.7178	GOV	PRESIDENT						GOV			BUS	COMPANIES						BUS			1	051	051	05	1	3.4	5	1	5	5.63380281690141	4	Astana, Gorod Astana, Kazakhstan	KZ	KZ05	37174	51.1811	71.4278	-2334218	4	Astana, Gorod Astana, Kazakhstan	KZ	KZ05	37174	51.1811	71.4278	-2334218	4	Astana, Gorod Astana, Kazakhstan	KZ	KZ05	37174	51.1811	71.4278	-2334218	20250922203000	https://www.trend.az/business/4093981.html
1264578859	20250922	202509	2025	2025.7178	GOV	GOVERNMENT						GOV			BUS	ENERGY CORP						BUS			1	051	051	05	1	3.4	2	1	2	2.5062656641604	4	Visayas, Philippines (general), Philippines	RP	RP00	24253	11	123.5	-2459959	4	Visayas, Philippines (general), Philippines	RP	RP00	24253	11	123.5	-2459959	4	Visayas, Philippines (general), Philippines	RP	RP00	24253	11	123.5	-2459959	20250922203000	https://malaya.com.ph/business/corporate/singapore-firm-to-invest-p20b-in-northern-samar-wind-project/
1264578860	20250922	202509	2025	2025.7178	GOV	ADMINISTRATION						GOV			CRM	DRUG TRAFFICKER						CRM			0	010	010	01	1	0.0	6	1	6	-5.8641975308642	1	Venezuela	VE	VE		8	-66	VE	1	Venezuela	VE	VE		8	-66	VE	1	Venezuela	VE	VE		8	-66	VE	20250922203000	https://hannity.com/media-room/coke-zero-trump-admin-destroys-cartel-boat-carrying-a-ton-of-cocaine-into-u-s-report/
1264578861	20250922	202509	2025	2025.7178	GOV	PRESIDENT						GOV			CUB	CUBAN	CUB								1	046	046	04	1	7.0	5	1	5	3.27298050139276	1	Cuba	CU	CU		22	-79.5	CU	1	Cuba	CU	CU		22	-79.5	CU	1	Cuba	CU	CU		22	-79.5	CU	20250922203000	https://www.mcall.com/2025/09/22/jose-garces-okatshe-allentown-opening/
1264578862	20250922	202509	2025	2025.7178	GOV	RULER						GOV			CVL	TRAVELLER						CVL			1	042	042	04	1	1.9	2	1	2	3.67965367965368	1	Maldives	MV	MV		3.2	73	MV	1	Maldives	MV	MV		3.2	73	MV	1	Maldives	MV	MV		3.2	73	MV	20250922203000	https://www.gulftoday.ae/news/2025/09/22/sheikh-sultan-attends-opening-of-25th-sharjah-international-narrator-forum
1264578863	20250922	202509	2025	2025.7178	GOV	MINIST						GOV			EDU	STUDENTS AND TEACHER						EDU			0	080	080	08	2	5.0	2	1	2	0.95432856169052	4	Toronto, Ontario, Canada	CA	CA08	12686	43.6667	-79.4167	-574890	4	Toronto, Ontario, Canada	CA	CA08	12686	43.6667	-79.4167	-574890	4	Toronto, Ontario, Canada	CA	CA08	12686	43.6667	-79.4167	-574890	20250922203000	https://www.wellandtribune.ca/news/ontario/are-ontarios-middle-schools-hurting-student-achievement-a-new-report-says-yes-but-thats-not/article_f54be0fa-df0a-5e98-87ff-d189ba628ccf.html
1264578864	20250922	202509	2025	2025.7178	GOV	GOVERNMENT						GOV			EDU	SCHOOL						EDU			0	0872	087	08	2	9.0	5	1	5	0.95432856169052	1	United Kingdom	UK	UK		54	-4	UK	1	United Kingdom	UK	UK		54	-4	UK	1	United Kingdom	UK	UK		54	-4	UK	20250922203000	https://www.wellandtribune.ca/news/ontario/are-ontarios-middle-schools-hurting-student-achievement-a-new-report-says-yes-but-thats-not/article_f54be0fa-df0a-5e98-87ff-d189ba628ccf.html
1264578865	20250922	202509	2025	2025.7178	GOV	PRESIDENT						GOV			EDU	SCHOOL						EDU			0	1721	172	17	4	-5.0	3	1	3	0.95432856169052	4	Toronto, Ontario, Canada	CA	CA08	12686	43.6667	-79.4167	-574890	4	Toronto, Ontario, Canada	CA	CA08	12686	43.6667	-79.4167	-574890	4	Toronto, Ontario, Canada	CA	CA08	12686	43.6667	-79.4167	-574890	20250922203000	https://www.wellandtribune.ca/news/ontario/are-ontarios-middle-schools-hurting-student-achievement-a-new-report-says-yes-but-thats-not/article_f54be0fa-df0a-5e98-87ff-d189ba628ccf.html
1264578866	20250922	202509	2025	2025.7178	GOV	RULER						GOV			EDU	UNIVERSITY						EDU			1	173	173	17	4	-5.0	2	1	2	3.67965367965368	1	Maldives	MV	MV		3.2	73	MV	1	Maldives	MV	MV		3.2	73	MV	1	Maldives	MV	MV		3.2	73	MV	20250922203000	https://www.gulftoday.ae/news/2025/09/22/sheikh-sultan-attends-opening-of-25th-sharjah-international-narrator-forum
1264578867	20250922	202509	2025	2025.7178	GOV	KING						GOV			HLH	HOSPITAL						HLH			1	043	043	04	1	2.8	2	1	2	-2.89855072463768	3	Kings County, New York, United States	US	USNY	NY047	40.6501	-73.9496	974122	3	Kings County, New York, United States	US	USNY		40.6501	-73.9496	974122	3	Kings County, New York, United States	US	USNY		40.6501	-73.9496	974122	20250922203000	https://www.nydailynews.com/2025/09/22/brooklyn-teen-shot-in-neck-his-dad-questioned-by-nypd-over-accidental-discharge/
1264578868	20250922	202509	2025	2025.7178	GOV	PRESIDENT						GOV			IRNGOV	IRAN	IRN					GOV			1	010	010	01	1	0.0	3	1	3	-2.82167042889391	4	Tehran, Tehran, Iran	IR	IR26	41130	35.75	51.5148	10074674	4	Tehran, Tehran, Iran	IR	IR26	41130	35.75	51.5148	10074674	4	Tehran, Tehran, Iran	IR	IR26	41130	35.75	51.5148	10074674	20250922203000	https://hotair.com/ed-morrissey/2025/09/22/irans-people-deserve-international-support-for-their-resistance-and-right-to-self-determination-n3807055
1264578869	20250922	202509	2025	2025.7178	GOV	PRESIDENT						GOV			IRNGOV	IRAN	IRN					GOV			1	071	071	07	2	7.4	3	1	3	-2.82167042889391	4	Tehran, Tehran, Iran	IR	IR26	41130	35.75	51.5148	10074674	4	Tehran, Tehran, Iran	IR	IR26	41130	35.75	51.5148	10074674	4	Tehran, Tehran, Iran	IR	IR26	41130	35.75	51.5148	10074674	20250922203000	https://hotair.com/ed-morrissey/2025/09/22/irans-people-deserve-international-support-for-their-resistance-and-right-to-self-determination-n3807055
1264578870	20250922	202509	2025	2025.7178	GOV	PRESIDENT						GOV			ISR	ISRAELI	ISR								1	036	036	03	1	4.0	7	1	7	-3.2994923857868	1	France	FR	FR		46	2	FR	4	Gaza, Israel (general), Israel	IS	IS00	18315	31.4167	34.3333	-797156	1	France	FR	FR		46	2	FR	20250922203000	https://www.channelstv.com/2025/09/22/france-to-recognize-palestinian-state-at-contentious-un-general-assembly/
1264578871	20250922	202509	2025	2025.7178	GOV	DIPLOMAT						GOV			ISR	ISRAEL	ISR								1	171	171	17	4	-9.2	2	1	2	-1.37221269296741	2	New York, United States	US	USNY		42.1497	-74.9384	NY	4	Gaza, Israel (general), Israel	IS	IS00	18315	31.4167	34.3333	-797156	2	New York, United States	US	USNY		42.1497	-74.9384	NY	20250922203000	https://www.mirror.co.uk/news/politics/emmanuel-macron-declares-france-joined-35947026
1264578872	20250922	202509	2025	2025.7178	GOV	DIPLOMAT						GOV			ISR	ISRAEL	ISR								0	190	190	19	4	-10.0	2	1	2	-3.2994923857868	4	Rehovot, HaMerkaz, Israel	IS	IS02	18311	31.8969	34.8186	-781210	4	Rehovot, HaMerkaz, Israel	IS	IS02	18311	31.8969	34.8186	-781210	4	Rehovot, HaMerkaz, Israel	IS	IS02	18311	31.8969	34.8186	-781210	20250922203000	https://www.channelstv.com/2025/09/22/france-to-recognize-palestinian-state-at-contentious-un-general-assembly/
1264578873	20250922	202509	2025	2025.7178	GOV	PRESIDENT						GOV			MIL	MILITARY						MIL			1	010	010	01	1	0.0	8	1	8	-5.02933780385583	4	Guaca, Sucre, Venezuela	VE	VE19	32100	10.6699	-63.4008	-944828	4	Guaca, Sucre, Venezuela	VE	VE19	32100	10.6699	-63.4008	-944828	4	Guaca, Sucre, Venezuela	VE	VE19	32100	10.6699	-63.4008	-944828	20250922203000	https://hotair.com/tree-hugging-sister/2025/09/22/the-trump-war-on-poor-innocent-venezuelan-fisher-folk-working-side-drug-running-gigs-continues-n3807058
1264578874	20250922	202509	2025	2025.7178	GOV	PRESIDENT						GOV			MIL	MILITARY						MIL			1	010	010	01	1	0.0	2	1	2	-5.02933780385583	3	White House, District of Columbia, United States	US	USDC		38.8951	-77.0364	531871	4	Guaca, Sucre, Venezuela	VE	VE19	32100	10.6699	-63.4008	-944828	3	White House, District of Columbia, United States	US	USDC		38.8951	-77.0364	531871	20250922203000	https://hotair.com/tree-hugging-sister/2025/09/22/the-trump-war-on-poor-innocent-venezuelan-fisher-folk-working-side-drug-running-gigs-continues-n3807058
1264578875	20250922	202509	2025	2025.7178	GOV	RULER						GOV			MIL	CAPTAIN						MIL			0	190	190	19	4	-10.0	4	1	4	-3.53143841515936	1	United States	US	US		39.828175	-98.5795	US	1	United States	US	US		39.828175	-98.5795	US	1	United States	US	US		39.828175	-98.5795	US	20250922203000	https://comicbook.com/comics/news/7-marvel-villains-more-powerful-than-captain-america-that-he-still-beat-anyway/
1264578876	20250922	202509	2025	2025.7178	GOV	GOVERNMENT						GOV			PHL	PHILIPPINE	PHL								1	010	010	01	1	0.0	6	1	6	1.6	4	Atimonan, Iloilo, Philippines	RP	RP30	24250	11.0569	122.361	-2409279	4	Atimonan, Iloilo, Philippines	RP	RP30	24250	11.0569	122.361	-2409279	4	Atimonan, Iloilo, Philippines	RP	RP30	24250	11.0569	122.361	-2409279	20250922203000	https://www.philstar.com/business/2025/09/23/2474673/mgen-kicks-coal-expansion
1264578877	20250922	202509	2025	2025.7178	GOV	PRESIDENT						GOV			PHL	PHILIPPINE	PHL								0	120	120	12	3	-4.0	1	1	1	-5.63524590163935	4	Manila, Manila, Philippines	RP	RPD9	24210	14.6042	120.982	-2437894	4	Manila, Manila, Philippines	RP	RPD9	24210	14.6042	120.982	-2437894	4	Manila, Manila, Philippines	RP	RPD9	24210	14.6042	120.982	-2437894	20250922203000	https://malaya.com.ph/news/national-news/politician-lawyer-hacktivists-linked-to-rally-violence/
1264578878	20250922	202509	2025	2025.7178	GOV	GOVERNMENT						GOV			PHLGOV	PHILIPPINE	PHL					GOV			1	0831	083	08	2	5.0	2	1	2	-9.27070457354761	4	Malacanang, Antique, Philippines	RP	RP06	24250	11.4031	122.055	-2436258	4	Malacanang, Antique, Philippines	RP	RP06	24250	11.4031	122.055	-2436258	4	Malacanang, Antique, Philippines	RP	RP06	24250	11.4031	122.055	-2436258	20250922203000	https://malaya.com.ph/opinion/column-of-the-day/the-president-as-whistleblower/
1264578879	20250922	202509	2025	2025.7178	GOV	GOVERNMENT						GOV			PHLGOV	PHILIPPINE	PHL					GOV			1	114	114	11	3	-2.0	2	1	2	-9.27070457354761	4	Philippine, Benguet, Philippines	RP	RP10	24213	16.45	120.55	-2445611	4	Diliman, Bulacan, Philippines	RP	RP13	24221	15.025	120.95	-2424559	4	Diliman, Bulacan, Philippines	RP	RP13	24221	15.025	120.95	-2424559	20250922203000	https://malaya.com.ph/opinion/column-of-the-day/the-president-as-whistleblower/
1264578880	20250922	202509	2025	2025.7178	GOV	FOREIGN SECRETARY						GOV			PSE	WEST BANK	PSE								0	020	020	02	1	3.0	6	1	6	-1.37221269296741	4	Gaza, Israel (general), Israel	IS	IS00	18315	31.4167	34.3333	-797156	1	West Bank	WE	WE		31.666667	35.25	WE	4	Gaza, Israel (general), Israel	IS	IS00	18315	31.4167	34.3333	-797156	20250922203000	https://www.mirror.co.uk/news/politics/emmanuel-macron-declares-france-joined-35947026
1264578881	20250922	202509	2025	2025.7178	GOV	FOREIGN SECRETARY						GOV			PSE	WEST BANK	PSE								0	025	025	02	1	-0.3	4	1	4	-1.37221269296741	4	Gaza, Israel (general), Israel	IS	IS00	18315	31.4167	34.3333	-797156	1	West Bank	WE	WE		31.666667	35.25	WE	1	West Bank	WE	WE		31.666667	35.25	WE	20250922203000	https://www.mirror.co.uk/news/politics/emmanuel-macron-declares-france-joined-35947026
1264578882	20250922	202509	2025	2025.7178	GOV	PRESIDENT						GOV			PSE	PALESTINIAN	PSE								1	036	036	03	1	4.0	3	1	3	-3.2994923857868	1	France	FR	FR		46	2	FR	4	Gaza, Israel (general), Israel	IS	IS00	18315	31.4167	34.3333	-797156	1	France	FR	FR		46	2	FR	20250922203000	https://www.channelstv.com/2025/09/22/france-to-recognize-palestinian-state-at-contentious-un-general-assembly/
1264578883	20250922	202509	2025	2025.7178	GOV	TREASURY SECRETARY						GOV			UKR	UKRAINE	UKR								0	040	040	04	1	1.0	2	1	2	-0.5249343832021	1	Russia	RS	RS		60	100	RS	1	Ukraine	UP	UP		49	32	UP	1	Ukraine	UP	UP		49	32	UP	20250922203000	https://www.dailystar.co.uk/news/us-news/donald-trump-make-major-announcement-35946916
1264578884	20250922	202509	2025	2025.7178	GOV	ADMINISTRATION						GOV			USA	AMERICAN	USA								0	010	010	01	1	0.0	2	1	2	-0.77519379844961	4	New Delhi, Delhi, India	IN	IN07	17911	28.6	77.2	-2106102	4	New Delhi, Delhi, India	IN	IN07	17911	28.6	77.2	-2106102	4	New Delhi, Delhi, India	IN	IN07	17911	28.6	77.2	-2106102	20250922203000	https://www.hindustantimes.com/india-news/jaishankar-goyal-meet-us-officials-to-steady-ties-101758567071806.html
1264578885	20250922	202509	2025	2025.7178	GOV	PRESIDENT						GOV			USA	UNITED STATES	USA								1	010	010	01	1	0.0	4	1	4	3.49344978165939	3	Vandalia, West Virginia, United States	US	USWV	WV041	38.927	-80.4037	1548624	3	Vandalia, West Virginia, United States	US	USWV	WV041	38.927	-80.4037	1548624	3	Vandalia, West Virginia, United States	US	USWV	WV041	38.927	-80.4037	1548624	20250922203000	https://wajr.com/2025/09/22/mon-health-and-vandalia-health-excited-to-expand-across-the-state/
1264578886	20250922	202509	2025	2025.7178	GOV	PRESIDENT						GOV			USA	UNITED STATES	USA								1	015	015	01	1	0.0	2	1	2	-1.07816711590296	2	New York, United States	US	USNY		42.1497	-74.9384	NY	2	New York, United States	US	USNY		42.1497	-74.9384	NY	2	New York, United States	US	USNY		42.1497	-74.9384	NY	20250922203000	https://www.wrganews.com/2025/09/22/one-mans-opinion-our-right-to-free-speech-is-almost-absolute/
1264578887	20250922	202509	2025	2025.7178	GOV	MAYOR						GOV			USA	UNITED STATES	USA								0	026	026	02	1	4.0	2	1	2	-2.85714285714286	2	New Jersey, United States	US	USNJ		40.314	-74.5089	NJ	2	New Jersey, United States	US	USNJ		40.314	-74.5089	NJ	2	New Jersey, United States	US	USNJ		40.314	-74.5089	NJ	20250922203000	https://patch.com/new-jersey/westorange/west-orange-town-council-reduces-proposed-tax-hike-1-see-latest-numbers
1264578888	20250922	202509	2025	2025.7178	GOV	PRESIDENT						GOV			USA	UNITED STATES	USA								1	0311	031	03	1	5.2	4	1	4	6.56934306569343	2	New York, United States	US	USNY		42.1497	-74.9384	NY	2	New York, United States	US	USNY		42.1497	-74.9384	NY	2	New York, United States	US	USNY		42.1497	-74.9384	NY	20250922203000	https://www.trend.az/business/4093985.html
1264578889	20250922	202509	2025	2025.7178	GOV	TREASURY SECRETARY						GOV			USA	UNITED STATES	USA								0	040	040	04	1	1.0	2	1	2	-0.5249343832021	1	Russia	RS	RS		60	100	RS	1	United States	US	US		39.828175	-98.5795	US	1	Russia	RS	RS		60	100	RS	20250922203000	https://www.dailystar.co.uk/news/us-news/donald-trump-make-major-announcement-35946916
1264578890	20250922	202509	2025	2025.7178	GOV	KING						GOV			USA	UNITED STATES	USA								1	042	042	04	1	1.9	2	1	2	-3.76153300212917	3	Sacramento, California, United States	US	USCA	CA067	38.5816	-121.494	1659564	3	Sacramento, California, United States	US	USCA	CA067	38.5816	-121.494	1659564	3	Sacramento, California, United States	US	USCA	CA067	38.5816	-121.494	1659564	20250922203000	https://hotair.com/david-strom/2025/09/22/you-and-i-saw-a-revival-meeting-the-left-saw-hate-n3807051
1264578891	20250922	202509	2025	2025.7178	GOV	AUTHORITIES						GOV			USA	TEXAS	USA								1	043	043	04	1	2.8	4	1	4	-4.5643153526971	3	Bexar County, Texas, United States	US	USTX	TX029	29.4502	-98.517	1383800	2	Texas, United States	US	USTX		31.106	-97.6475	TX	3	Bexar County, Texas, United States	US	USTX		29.4502	-98.517	1383800	20250922203000	https://www.upi.com/Top_News/US/2025/09/22/Texas-Tiona-Miyani-Islar-dead-children-car-Bexar-County-Javier-Salazar/1071758564295/
1264578892	20250922	202509	2025	2025.7178	GOV	AUTHORITIES						GOV			USA	TEXAS	USA								1	043	043	04	1	2.8	3	1	3	-4.5643153526971	3	Bexar County, Texas, United States	US	USTX	TX029	29.4502	-98.517	1383800	2	Texas, United States	US	USTX		31.106	-97.6475	TX	2	Texas, United States	US	USTX		31.106	-97.6475	TX	20250922203000	https://www.upi.com/Top_News/US/2025/09/22/Texas-Tiona-Miyani-Islar-dead-children-car-Bexar-County-Javier-Salazar/1071758564295/
1264578893	20250922	202509	2025	2025.7178	GOV	MAYOR						GOV			USA	UNITED STATES	USA								1	071	071	07	2	7.4	2	1	2	-1.34831460674157	3	Baton Rouge, Louisiana, United States	US	USLA	LA033	30.4507	-91.1545	1629914	3	Baton Rouge, Louisiana, United States	US	USLA		30.4507	-91.1545	1629914	3	Baton Rouge, Louisiana, United States	US	USLA		30.4507	-91.1545	1629914	20250922203000	https://www.theadvocate.com/baton_rouge/fbi-feds-investigate-baton-rouge-housing-project/article_b934fcf4-a062-405c-b2af-ecbf897ef58d.html
1264578894	20250922	202509	2025	2025.7178	GOV	MAYOR						GOV			USA	UNITED STATES	USA								1	084	084	08	2	7.0	6	1	6	2.34899328859061	3	Boise, Idaho, United States	US	USID	ID001	43.6135	-116.203	400590	3	Boise, Idaho, United States	US	USID	ID001	43.6135	-116.203	400590	3	Boise, Idaho, United States	US	USID	ID001	43.6135	-116.203	400590	20250922203000	https://www.ktvb.com/article/news/local/boise-new-director-parks-and-recreation/277-90f27455-6c0c-4a32-bc43-7140cb1ec51d
1264578895	20250922	202509	2025	2025.7178	GOV	ADMINISTRATION						GOV			USA	PALMETTO STATE	USA								1	110	110	11	3	-2.0	8	1	8	1.73160173160173	2	South Carolina, United States	US	USSC		33.8191	-80.9066	SC	2	South Carolina, United States	US	USSC		33.8191	-80.9066	SC	2	South Carolina, United States	US	USSC		33.8191	-80.9066	SC	20250922203000	https://www.fitsnews.com/2025/09/22/south-carolina-bills-seek-to-define-rural-healthcare-access/
1264578896	20250922	202509	2025	2025.7178	GOV	MAYOR						GOV			USAGOV	UNITED STATES	USA					GOV			0	026	026	02	1	4.0	2	1	2	-2.85714285714286	2	New Jersey, United States	US	USNJ		40.314	-74.5089	NJ	2	New Jersey, United States	US	USNJ		40.314	-74.5089	NJ	2	New Jersey, United States	US	USNJ		40.314	-74.5089	NJ	20250922203000	https://patch.com/new-jersey/westorange/west-orange-town-council-reduces-proposed-tax-hike-1-see-latest-numbers
1264578897	20250922	202509	2025	2025.7178	GOV	GOVERNMENT						GOV			USAGOV	AMERICAN	USA					GOV			0	051	051	05	1	3.4	3	1	3	-1.72143974960876	1	United States	US	US		39.828175	-98.5795	US	1	United States	US	US		39.828175	-98.5795	US	1	United States	US	US		39.828175	-98.5795	US	20250922203000	https://reason.com/2025/09/22/why-does-trump-want-u-s-troops-back-in-afghanistan/
1264578898	20250922	202509	2025	2025.7178	GOV	KING						GOV			USAHLH	UNITED STATES	USA					HLH			1	043	043	04	1	2.8	2	1	2	-2.89855072463768	3	Kings County, New York, United States	US	USNY	NY047	40.6501	-73.9496	974122	3	Kings County, New York, United States	US	USNY		40.6501	-73.9496	974122	3	Kings County, New York, United States	US	USNY		40.6501	-73.9496	974122	20250922203000	https://www.nydailynews.com/2025/09/22/brooklyn-teen-shot-in-neck-his-dad-questioned-by-nypd-over-accidental-discharge/
1264578899	20250922	202509	2025	2025.7178	GOV	ADMINISTRATION						GOV			USALAB	AMERICAN	USA					LAB			0	010	010	01	1	0.0	6	1	6	-0.77519379844961	3	White House, District of Columbia, United States	US	USDC		38.8951	-77.0364	531871	3	White House, District of Columbia, United States	US	USDC		38.8951	-77.0364	531871	3	White House, District of Columbia, United States	US	USDC		38.8951	-77.0364	531871	20250922203000	https://www.hindustantimes.com/india-news/jaishankar-goyal-meet-us-officials-to-steady-ties-101758567071806.html
1264578900	20250922	202509	2025	2025.7178	GOV	RULER						GOV			USAMIL	UNITED STATES	USA					MIL			0	190	190	19	4	-10.0	4	1	4	-3.53143841515936	1	United States	US	US		39.828175	-98.5795	US	1	United States	US	US		39.828175	-98.5795	US	1	United States	US	US		39.828175	-98.5795	US	20250922203000	https://comicbook.com/comics/news/7-marvel-villains-more-powerful-than-captain-america-that-he-still-beat-anyway/
1264578901	20250922	202509	2025	2025.7178	GOV	ADMINISTRATION						GOV			VEN	VENEZUELA	VEN								0	010	010	01	1	0.0	5	1	5	-5.02933780385583	4	Guaca, Sucre, Venezuela	VE	VE19	32100	10.6699	-63.4008	-944828	4	Guaca, Sucre, Venezuela	VE	VE19	32100	10.6699	-63.4008	-944828	4	Guaca, Sucre, Venezuela	VE	VE19	32100	10.6699	-63.4008	-944828	20250922203000	https://hotair.com/tree-hugging-sister/2025/09/22/the-trump-war-on-poor-innocent-venezuelan-fisher-folk-working-side-drug-running-gigs-continues-n3807058
1264578902	20250922	202509	2025	2025.7178	GOV	PRESIDENT						GOV			VEN	VENEZUELAN	VEN								1	111	111	11	3	-2.0	4	1	4	-7.29166666666667	1	Venezuela	VE	VE		8	-66	VE	1	Venezuela	VE	VE		8	-66	VE	1	Venezuela	VE	VE		8	-66	VE	20250922203000	https://hannity.com/media-room/trump-trolls-maduro-we-caught-the-venezuelan-militia-in-training-a-very-serious-threat-watch/
1264578903	20250922	202509	2025	2025.7178	GOV	PRESIDENT						GOV			VEN	VENEZUELA	VEN								1	1712	171	17	4	-9.2	8	1	8	-2.42214532871972	1	United States	US	US		39.828175	-98.5795	US	1	United States	US	US		39.828175	-98.5795	US	1	United States	US	US		39.828175	-98.5795	US	20250922203000	https://legalinsurrection.com/2025/09/dominican-republic-claims-boat-hit-by-u-s-navy-had-over-a-ton-of-cocaine/
1264578904	20250922	202509	2025	2025.7178	GOV	ADMINISTRATION						GOV			VEN	VENEZUELA	VEN								0	1712	171	17	4	-9.2	6	1	6	-5.8641975308642	1	Venezuela	VE	VE		8	-66	VE	1	Venezuela	VE	VE		8	-66	VE	1	Venezuela	VE	VE		8	-66	VE	20250922203000	https://hannity.com/media-room/coke-zero-trump-admin-destroys-cartel-boat-carrying-a-ton-of-cocaine-into-u-s-report/
1264578905	20250922	202509	2025	2025.7178	GOV	PRESIDENT						GOV			VENGOV	VENEZUELAN	VEN					GOV			1	111	111	11	3	-2.0	6	1	6	-7.29166666666667	1	Venezuela	VE	VE		8	-66	VE	1	Venezuela	VE	VE		8	-66	VE	1	Venezuela	VE	VE		8	-66	VE	20250922203000	https://hannity.com/media-room/trump-trolls-maduro-we-caught-the-venezuelan-militia-in-training-a-very-serious-threat-watch/
1264578906	20250922	202509	2025	2025.7178	GOV	PRESIDENT						GOV			VNM	VIETNAM	VNM								0	120	120	12	3	-4.0	4	1	4	-1.07816711590296	1	Vietnam, Republic Of	VM	VM		16.166667	107.833333	VM	1	Vietnam, Republic Of	VM	VM		16.166667	107.833333	VM	1	Vietnam, Republic Of	VM	VM		16.166667	107.833333	VM	20250922203000	https://www.wrganews.com/2025/09/22/one-mans-opinion-our-right-to-free-speech-is-almost-absolute/
1264578907	20250922	202509	2025	2025.7178	GOVGOV	MAYOR						GOV	GOV		USA	UNITED STATES	USA								1	040	040	04	1	1.0	1	1	1	-1.34831460674157	3	East Baton Rouge Parish, Louisiana, United States	US	USLA	LA033	30.5169	-91.1001	558530	3	East Baton Rouge Parish, Louisiana, United States	US	USLA		30.5169	-91.1001	558530	3	East Baton Rouge Parish, Louisiana, United States	US	USLA		30.5169	-91.1001	558530	20250922203000	https://www.theadvocate.com/baton_rouge/fbi-feds-investigate-baton-rouge-housing-project/article_b934fcf4-a062-405c-b2af-ecbf897ef58d.html
1264578908	20250922	202509	2025	2025.7178	GOVGOV	MAYOR						GOV	GOV		USAGOV	UNITED STATES	USA					GOV			1	040	040	04	1	1.0	1	1	1	-1.34831460674157	3	East Baton Rouge Parish, Louisiana, United States	US	USLA	LA033	30.5169	-91.1001	558530	3	East Baton Rouge Parish, Louisiana, United States	US	USLA		30.5169	-91.1001	558530	3	East Baton Rouge Parish, Louisiana, United States	US	USLA		30.5169	-91.1001	558530	20250922203000	https://www.theadvocate.com/baton_rouge/fbi-feds-investigate-baton-rouge-housing-project/article_b934fcf4-a062-405c-b2af-ecbf897ef58d.html
1264578909	20250922	202509	2025	2025.7178	GOVHLH	MEDICAL OFFICIAL						GOV	HLH		MIL	MILITARY						MIL			1	046	046	04	1	7.0	10	1	10	2.95566502463055	2	Hawaii, United States	US	USHI		21.1098	-157.531	HI	2	Hawaii, United States	US	USHI		21.1098	-157.531	HI	2	Hawaii, United States	US	USHI		21.1098	-157.531	HI	20250922203000	https://indiawest.com/indian-military-officials-in-hawaii-to-study-medical-facilities/
1264578910	20250922	202509	2025	2025.7178	GOVLAB	GOVERNMENT						GOV	LAB		GOV	GOVERNMENT						GOV			0	0833	083	08	2	5.0	20	2	20	-3.65853658536586	2	Utah, United States	US	USUT		40.1135	-111.854	UT	2	Utah, United States	US	USUT		40.1135	-111.854	UT	2	Utah, United States	US	USUT		40.1135	-111.854	UT	20250922203000	https://www.wfyi.org/news/articles/fired-over-post-about-charlie-kirk-ball-state-staff-member-sues-university-president
1264578911	20250922	202509	2025	2025.7178	GRC	CORINTH	GRC																		1	193	193	19	4	-10.0	10	1	10	-7.40740740740741	2	Maine, United States	US	USME		44.6074	-69.3977	ME	0								2	Maine, United States	US	USME		44.6074	-69.3977	ME	20250922203000	https://www.wmtw.com/article/corinth-maine-deadly-shooting-main-street-scott-roberts/68006445
1264578912	20250922	202509	2025	2025.7178	GRC	LACONIA	GRC								COP	POLICE						COP			1	042	042	04	1	1.9	5	1	5	-10	0								0								0								20250922203000	https://www.unionleader.com/news/crime/goffstown-man-charged-following-double-fatal-motorcycle-crash-in-gilford/article_082763df-9900-4606-99dc-9db5c4f4eb98.html
1264578913	20250922	202509	2025	2025.7178	GRC	CORINTH	GRC								USA	MAINE	USA								1	193	193	19	4	-10.0	8	1	5	-7.40740740740741	2	Maine, United States	US	USME		44.6074	-69.3977	ME	2	Maine, United States	US	USME		44.6074	-69.3977	ME	2	Maine, United States	US	USME		44.6074	-69.3977	ME	20250922203000	https://www.wmtw.com/article/corinth-maine-deadly-shooting-main-street-scott-roberts/68006445
1264578914	20250922	202509	2025	2025.7178	GUY	GEORGETOWN	GUY																		0	193	193	19	4	-10.0	10	1	10	-9.38864628820961	0								0								0								20250922203000	https://www.wfyi.org/news/articles/your-life-is-worth-more-than-a-moment-of-anger-impd-responds-to-15-gun-violence-victims-over-weekend
1264578915	20250922	202509	2025	2025.7178	HIN	HINDU				HIN					CAN	CANADA	CAN								1	173	173	17	4	-5.0	2	1	2	-4.04858299595141	4	New Delhi, Delhi, India	IN	IN07	17911	28.6	77.2	-2106102	4	Ottawa, Ontario, Canada	CA	CA08	12755	45.4167	-75.7	-570760	4	Ottawa, Ontario, Canada	CA	CA08	12755	45.4167	-75.7	-570760	20250922203000	https://indiawest.com/terrorist-and-pannun-supporter-arrested-in-canada/
1264578916	20250922	202509	2025	2025.7178	HIN	HINDU				HIN					CAN	CANADA	CAN								1	173	173	17	4	-5.0	2	1	2	-4.04858299595141	4	Ottawa, Ontario, Canada	CA	CA08	12755	45.4167	-75.7	-570760	4	Ottawa, Ontario, Canada	CA	CA08	12755	45.4167	-75.7	-570760	4	New Delhi, Delhi, India	IN	IN07	17911	28.6	77.2	-2106102	20250922203000	https://indiawest.com/terrorist-and-pannun-supporter-arrested-in-canada/
1264578917	20250922	202509	2025	2025.7178	HLH	HOSPITAL						HLH													1	017	017	01	1	0.0	1	1	1	3.49344978165939	3	Stonewall Jackson Memorial Hospital, West Virginia, United States	US	USWV	WV041	39.0478	-80.4922	1728678	0								3	Stonewall Jackson Memorial Hospital, West Virginia, United States	US	USWV		39.0478	-80.4922	1728678	20250922203000	https://wajr.com/2025/09/22/mon-health-and-vandalia-health-excited-to-expand-across-the-state/
1264578918	20250922	202509	2025	2025.7178	HLH	HOSPITAL						HLH													1	090	090	09	2	-2.0	3	1	3	-12.6050420168067	2	New York, United States	US	USNY		42.1497	-74.9384	NY	0								2	New York, United States	US	USNY		42.1497	-74.9384	NY	20250922203000	https://www.mcall.com/2025/09/22/2-people-charged-fight-bethlehem-club-shooting/
1264578919	20250922	202509	2025	2025.7178	HLH	HOSPITAL						HLH													1	090	090	09	2	-2.0	5	1	5	-1.25786163522012	1	United Kingdom	UK	UK		54	-4	UK	0								1	United Kingdom	UK	UK		54	-4	UK	20250922203000	https://www.walesonline.co.uk/news/wales-news/child-died-feel-totally-down-32524882
1264578920	20250922	202509	2025	2025.7178	HLH	HOSPITAL						HLH													1	1712	171	17	4	-9.2	10	1	10	-6.49926144756277	0								0								0								20250922203000	https://nagalandpost.com/doctors-strike-hits-healthcare-services-across-manipur/
1264578921	20250922	202509	2025	2025.7178	HLH	HOSPITAL						HLH													1	193	193	19	4	-10.0	10	1	10	-2.59067357512953	3	Milledgeville, Georgia, United States	US	USGA	GA009	33.0801	-83.2321	332390	0								3	Milledgeville, Georgia, United States	US	USGA	GA009	33.0801	-83.2321	332390	20250922203000	https://www.13wmaz.com/article/news/local/forsyth-monroe/forsyth-3-year-old-taken-hospital-parents-child-accidently-shot/93-b22a2961-0bc0-4433-8970-348604b841fb
1264578922	20250922	202509	2025	2025.7178	HLH	HOSPITAL						HLH													1	193	193	19	4	-10.0	10	1	10	-2.59067357512953	2	Georgia, United States	US	USGA		32.9866	-83.6487	GA	0								2	Georgia, United States	US	USGA		32.9866	-83.6487	GA	20250922203000	https://www.13wmaz.com/article/news/local/forsyth-monroe/forsyth-3-year-old-taken-hospital-parents-child-accidently-shot/93-b22a2961-0bc0-4433-8970-348604b841fb
1264578923	20250922	202509	2025	2025.7178	HLH	HOSPITAL						HLH			COP	POLICE						COP			0	010	010	01	1	0.0	10	1	10	-2.57104194857916	1	Canada	CA	CA		60	-96	CA	1	Canada	CA	CA		60	-96	CA	1	Canada	CA	CA		60	-96	CA	20250922203000	https://leaderpost.com:443/news/crime/fourth-person-charged-in-shooting-of-young-girl-in-regina-eastview
1264578924	20250922	202509	2025	2025.7178	HLH	HOSPITAL						HLH			EDU	STUDENT						EDU			0	040	040	04	1	1.0	5	1	5	-6.49926144756277	0								0								0								20250922203000	https://nagalandpost.com/doctors-strike-hits-healthcare-services-across-manipur/
1264578925	20250922	202509	2025	2025.7178	HLH	DOCTOR						HLH			EDU	UNIVERSITY						EDU			1	051	051	05	1	3.4	10	1	10	4.41176470588235	0								0								0								20250922203000	https://abc7chicago.com/post/loyola-medicine-cafeteria-cashier-keztlyangel-saves-er-dr-joan-dimopoulos-heimlich-maneuver/17866811/
1264578926	20250922	202509	2025	2025.7178	HLH	HOSPITAL						HLH			GBR	WALES	GBR								1	090	090	09	2	-2.0	5	1	5	-1.25786163522012	1	United Kingdom	UK	UK		54	-4	UK	1	United Kingdom	UK	UK		54	-4	UK	1	United Kingdom	UK	UK		54	-4	UK	20250922203000	https://www.walesonline.co.uk/news/wales-news/child-died-feel-totally-down-32524882
1264578927	20250922	202509	2025	2025.7178	HLH	HOSPITAL						HLH			GOV	KING						GOV			1	042	042	04	1	1.9	2	1	2	-2.89855072463768	2	New York, United States	US	USNY		42.1497	-74.9384	NY	2	New York, United States	US	USNY		42.1497	-74.9384	NY	2	New York, United States	US	USNY		42.1497	-74.9384	NY	20250922203000	https://www.nydailynews.com/2025/09/22/brooklyn-teen-shot-in-neck-his-dad-questioned-by-nypd-over-accidental-discharge/
1264578928	20250922	202509	2025	2025.7178	HLH	HOSPITAL						HLH			PHL	MANILA	PHL								1	051	051	05	1	3.4	10	1	10	4.42260442260442	4	Rizal, San Carlos, Negros Occidental, Philippines	RP	RPF4	24253	10.4833	123.417	-2447979	4	Rizal, San Carlos, Negros Occidental, Philippines	RP	RPF4	24253	10.4833	123.417	-2447979	4	Rizal, San Carlos, Negros Occidental, Philippines	RP	RPF4	24253	10.4833	123.417	-2447979	20250922203000	https://www.philstar.com/business/2025/09/23/2474681/metro-pacific-boosts-hospital-network-28
1264578929	20250922	202509	2025	2025.7178	HLH	HOSPITAL						HLH			USA	UNITED STATES	USA								1	017	017	01	1	0.0	2	1	2	3.49344978165939	3	Vandalia, West Virginia, United States	US	USWV	WV041	38.927	-80.4037	1548624	3	Vandalia, West Virginia, United States	US	USWV	WV041	38.927	-80.4037	1548624	3	Vandalia, West Virginia, United States	US	USWV	WV041	38.927	-80.4037	1548624	20250922203000	https://wajr.com/2025/09/22/mon-health-and-vandalia-health-excited-to-expand-across-the-state/
1264578930	20250922	202509	2025	2025.7178	HLH	HOSPITAL						HLH			USA	NEW YORK	USA								1	043	043	04	1	2.8	6	1	6	-4.95049504950495	3	Cambria Heights, New York, United States	US	USNY	NY081	40.6945	-73.7385	945508	2	New York, United States	US	USNY		42.1497	-74.9384	NY	3	Queens, New York, United States	US	USNY	NY081	40.7498	-73.7976	971983	20250922203000	https://abc7chicago.com/post/new-york-shooting-13-year-old-boy-shot-head-queens-rushed-hospital-critical-condition/17866842/
1264578931	20250922	202509	2025	2025.7178	HLH	HOSPITAL						HLH			USA	NEW YORK	USA								1	043	043	04	1	2.8	4	1	4	-4.95049504950495	3	Queens, New York, United States	US	USNY	NY081	40.7498	-73.7976	971983	2	New York, United States	US	USNY		42.1497	-74.9384	NY	3	Queens, New York, United States	US	USNY	NY081	40.7498	-73.7976	971983	20250922203000	https://abc7chicago.com/post/new-york-shooting-13-year-old-boy-shot-head-queens-rushed-hospital-critical-condition/17866842/
1264578932	20250922	202509	2025	2025.7178	IDN	INDONESIA	IDN								ARE	UNITED ARAB EMIRATES	ARE								1	036	036	03	1	4.0	2	1	2	-0.5249343832021	1	United States	US	US		39.828175	-98.5795	US	1	United States	US	US		39.828175	-98.5795	US	1	Ukraine	UP	UP		49	32	UP	20250922203000	https://www.dailystar.co.uk/news/us-news/donald-trump-make-major-announcement-35946916
1264578933	20250922	202509	2025	2025.7178	IDN	INDONESIA	IDN								EGY	EGYPT	EGY								1	036	036	03	1	4.0	2	1	2	-0.5249343832021	1	United States	US	US		39.828175	-98.5795	US	1	United States	US	US		39.828175	-98.5795	US	1	Ukraine	UP	UP		49	32	UP	20250922203000	https://www.dailystar.co.uk/news/us-news/donald-trump-make-major-announcement-35946916
1264578934	20250922	202509	2025	2025.7178	IDN	INDONESIA	IDN								JOR	JORDAN	JOR								1	036	036	03	1	4.0	2	1	2	-0.5249343832021	1	United States	US	US		39.828175	-98.5795	US	1	United States	US	US		39.828175	-98.5795	US	1	Ukraine	UP	UP		49	32	UP	20250922203000	https://www.dailystar.co.uk/news/us-news/donald-trump-make-major-announcement-35946916
1264578935	20250922	202509	2025	2025.7178	IDN	INDONESIA	IDN								PAK	PAKISTAN	PAK								1	036	036	03	1	4.0	2	1	2	-0.5249343832021	1	United States	US	US		39.828175	-98.5795	US	1	United States	US	US		39.828175	-98.5795	US	1	Ukraine	UP	UP		49	32	UP	20250922203000	https://www.dailystar.co.uk/news/us-news/donald-trump-make-major-announcement-35946916
1264578936	20250922	202509	2025	2025.7178	IDN	INDONESIA	IDN								QAT	QATAR	QAT								1	036	036	03	1	4.0	2	1	2	-0.5249343832021	1	United States	US	US		39.828175	-98.5795	US	1	Ukraine	UP	UP		49	32	UP	1	Ukraine	UP	UP		49	32	UP	20250922203000	https://www.dailystar.co.uk/news/us-news/donald-trump-make-major-announcement-35946916
1264578937	20250922	202509	2025	2025.7178	IDN	INDONESIA	IDN								SAU	SAUDI ARABIA	SAU								1	036	036	03	1	4.0	2	1	2	-0.5249343832021	1	United States	US	US		39.828175	-98.5795	US	1	United States	US	US		39.828175	-98.5795	US	1	Ukraine	UP	UP		49	32	UP	20250922203000	https://www.dailystar.co.uk/news/us-news/donald-trump-make-major-announcement-35946916
1264578938	20250922	202509	2025	2025.7178	IDN	INDONESIA	IDN								SAU	SAUDI ARABIA	SAU								1	046	046	04	1	7.0	2	1	2	-0.5249343832021	1	United States	US	US		39.828175	-98.5795	US	1	United States	US	US		39.828175	-98.5795	US	1	Ukraine	UP	UP		49	32	UP	20250922203000	https://www.dailystar.co.uk/news/us-news/donald-trump-make-major-announcement-35946916
1264578939	20250922	202509	2025	2025.7178	IDN	INDONESIA	IDN								TUR	TURKEY	TUR								1	036	036	03	1	4.0	2	1	2	-0.5249343832021	1	United States	US	US		39.828175	-98.5795	US	1	United States	US	US		39.828175	-98.5795	US	1	Ukraine	UP	UP		49	32	UP	20250922203000	https://www.dailystar.co.uk/news/us-news/donald-trump-make-major-announcement-35946916
1264578940	20250922	202509	2025	2025.7178	IGOEUREEC	THE EU	EUR	EEC				IGO													0	020	020	02	1	3.0	4	1	4	-0.99447513812155	1	Luxembourg	LU	LU		49.75	6.166667	LU	0								1	Luxembourg	LU	LU		49.75	6.166667	LU	20250922203000	https://www.euronews.com/my-europe/2025/09/22/to-veto-or-not-to-veto-thats-the-big-question-in-the-eu
1264578941	20250922	202509	2025	2025.7178	IGOEUREEC	THE EU	EUR	EEC				IGO													0	020	020	02	1	3.0	6	1	6	-0.99447513812155	1	Moldova	MD	MD		47	29	MD	0								1	Moldova	MD	MD		47	29	MD	20250922203000	https://www.euronews.com/my-europe/2025/09/22/to-veto-or-not-to-veto-thats-the-big-question-in-the-eu
1264578942	20250922	202509	2025	2025.7178	IGOEUREEC	THE EU	EUR	EEC				IGO													0	100	100	10	3	-5.0	10	1	10	-0.99447513812155	4	Berlin, Berlin, Germany	GM	GM16	16538	52.5167	13.4	-1746443	0								4	Berlin, Berlin, Germany	GM	GM16	16538	52.5167	13.4	-1746443	20250922203000	https://www.euronews.com/my-europe/2025/09/22/to-veto-or-not-to-veto-thats-the-big-question-in-the-eu
1264578943	20250922	202509	2025	2025.7178	IGOEUREEC	THE EU	EUR	EEC				IGO													0	172	172	17	4	-5.0	10	1	10	-4.80274442538594	1	Australia	AS	AS		-25	135	AS	0								1	Australia	AS	AS		-25	135	AS	20250922203000	https://www.sbs.com.au/news/article/were-accepting-russian-blood-oil-pressure-to-sanction-petroleum-made-of-russian-crude/kp2dtrcxy
1264578944	20250922	202509	2025	2025.7178	IGOEUREEC	THE EUROPEAN UNION	EUR	EEC				IGO			AUS	AUSTRALIA	AUS								0	046	046	04	1	7.0	10	1	10	-4.80274442538594	1	Australia	AS	AS		-25	135	AS	1	Australia	AS	AS		-25	135	AS	1	Australia	AS	AS		-25	135	AS	20250922203000	https://www.sbs.com.au/news/article/were-accepting-russian-blood-oil-pressure-to-sanction-petroleum-made-of-russian-crude/kp2dtrcxy
1264578945	20250922	202509	2025	2025.7178	IGOEUREEC	EUROPEAN COMMISSION	EUR	EEC				IGO			ISR	ISRAEL	ISR								0	111	111	11	3	-2.0	2	1	2	-1.80681028492008	4	Gaza, Israel (general), Israel	IS	IS00	18315	31.4167	34.3333	-797156	4	Gaza, Israel (general), Israel	IS	IS00	18315	31.4167	34.3333	-797156	4	Gaza, Israel (general), Israel	IS	IS00	18315	31.4167	34.3333	-797156	20250922203000	https://www.euronews.com/my-europe/2025/09/22/why-is-the-palestinian-cause-so-important-in-spain
1264578946	20250922	202509	2025	2025.7178	IGOEUREEC	EUROPEAN COMMISSION	EUR	EEC				IGO			PSE	GAZA	PSE								0	111	111	11	3	-2.0	1	1	1	-1.80681028492008	4	Gaza, Israel (general), Israel	IS	IS00	18315	31.4167	34.3333	-797156	4	Gaza, Israel (general), Israel	IS	IS00	18315	31.4167	34.3333	-797156	4	Gaza, Israel (general), Israel	IS	IS00	18315	31.4167	34.3333	-797156	20250922203000	https://www.euronews.com/my-europe/2025/09/22/why-is-the-palestinian-cause-so-important-in-spain
1264578947	20250922	202509	2025	2025.7178	IGOEUREEC	THE EU	EUR	EEC				IGO			RUS	RUSSIAN	RUS								0	061	061	06	2	6.4	4	1	4	-4.80274442538594	1	Australia	AS	AS		-25	135	AS	1	Russia	RS	RS		60	100	RS	1	Russia	RS	RS		60	100	RS	20250922203000	https://www.sbs.com.au/news/article/were-accepting-russian-blood-oil-pressure-to-sanction-petroleum-made-of-russian-crude/kp2dtrcxy
1264578948	20250922	202509	2025	2025.7178	IGOEUREEC	THE EU	EUR	EEC				IGO			RUS	RUSSIAN	RUS								0	061	061	06	2	6.4	1	1	1	-4.80274442538594	1	Russia	RS	RS		60	100	RS	1	Russia	RS	RS		60	100	RS	1	Australia	AS	AS		-25	135	AS	20250922203000	https://www.sbs.com.au/news/article/were-accepting-russian-blood-oil-pressure-to-sanction-petroleum-made-of-russian-crude/kp2dtrcxy
1264578949	20250922	202509	2025	2025.7178	IGOEUREECGOV	EUROPEAN COMMISSION	EUR	EEC				IGO	GOV		DEUGOVLAB	URSULA VON DER LEYEN	DEU					GOV	LAB		1	010	010	01	1	0.0	10	1	10	-0.8505467800729	1	Australia	AS	AS		-25	135	AS	1	Australia	AS	AS		-25	135	AS	1	Australia	AS	AS		-25	135	AS	20250922203000	https://www.winnipegfreepress.com/arts-and-life/life/greenpage/2025/09/22/world-business-leaders-hope-to-keep-momentum-in-fight-against-climate-change-despite-us
1264578950	20250922	202509	2025	2025.7178	IGOUNO	UNITED NATIONS		UNO				IGO													1	043	043	04	1	2.8	3	1	3	-1.78571428571428	4	Gaza, Israel (general), Israel	IS	IS00	18315	31.4167	34.3333	-797156	0								4	Paris, France (general), France	FR	FR00	16282	48.8667	2.33333	-1456928	20250922203000	https://www.theglobeandmail.com/world/article-palestine-state-gaza-israel-france-macron-united-nations-un/
1264578951	20250922	202509	2025	2025.7178	IGOUNO	UNITED NATIONS		UNO				IGO			FRAGOV	FRENCH	FRA					GOV			1	042	042	04	1	1.9	3	1	3	-1.78571428571428	4	Gaza, Israel (general), Israel	IS	IS00	18315	31.4167	34.3333	-797156	4	Paris, France (general), France	FR	FR00	16282	48.8667	2.33333	-1456928	4	Paris, France (general), France	FR	FR00	16282	48.8667	2.33333	-1456928	20250922203000	https://www.theglobeandmail.com/world/article-palestine-state-gaza-israel-france-macron-united-nations-un/
1264578952	20250922	202509	2025	2025.7178	IGOUNO	UNITED NATIONS		UNO				IGO			ISR	ISRAEL	ISR								1	026	026	02	1	4.0	4	1	4	-2.4390243902439	1	Israel	IS	IS		31.5	34.75	IS	1	Israel	IS	IS		31.5	34.75	IS	1	Israel	IS	IS		31.5	34.75	IS	20250922203000	http://www.bignewsnetwork.com/news/278594020/urgent-france-recognizes-state-of-palestine-during-un-meeting-on-two-state-solution
1264578953	20250922	202509	2025	2025.7178	IGOUNO	UNITED NATIONS		UNO				IGO			ISR	ISRAEL	ISR								1	037	037	03	1	5.0	2	1	2	14.2857142857143	1	France	FR	FR		46	2	FR	1	France	FR	FR		46	2	FR	1	Israel	IS	IS		31.5	34.75	IS	20250922203000	http://www.morningsun.net/stories/france-recognizes-palestinian-state-at-un-meeting-to-revive-mideast-peace-process,250025
1264578954	20250922	202509	2025	2025.7178	IGOUNO	UNITED NATIONS		UNO				IGO			ISR	ISRAEL	ISR								1	037	037	03	1	5.0	6	1	6	14.2857142857143	1	France	FR	FR		46	2	FR	1	Israel	IS	IS		31.5	34.75	IS	1	Israel	IS	IS		31.5	34.75	IS	20250922203000	http://www.morningsun.net/stories/france-recognizes-palestinian-state-at-un-meeting-to-revive-mideast-peace-process,250025
1264578955	20250922	202509	2025	2025.7178	IGOUNO	UNITED NATIONS		UNO				IGO			ISR	ISRAEL	ISR								1	051	051	05	1	3.4	4	1	4	-2.4390243902439	1	Israel	IS	IS		31.5	34.75	IS	1	Israel	IS	IS		31.5	34.75	IS	1	Israel	IS	IS		31.5	34.75	IS	20250922203000	http://www.bignewsnetwork.com/news/278594020/urgent-france-recognizes-state-of-palestine-during-un-meeting-on-two-state-solution
1264578956	20250922	202509	2025	2025.7178	IGOUNO	THE UN		UNO				IGO			ISR	ISRAEL	ISR								1	080	080	08	2	5.0	4	1	4	-5	4	Gaza, Israel (general), Israel	IS	IS00	18315	31.4167	34.3333	-797156	4	Gaza, Israel (general), Israel	IS	IS00	18315	31.4167	34.3333	-797156	4	Gaza, Israel (general), Israel	IS	IS00	18315	31.4167	34.3333	-797156	20250922203000	https://www.aa.com.tr/en/middle-east/un-warns-famine-continues-to-worsen-in-gaza-as-israel-blocks-food-aid-missions/3695048
1264578957	20250922	202509	2025	2025.7178	IGOUNO	UNITED NATIONS		UNO				IGO			ISR	ISRAEL	ISR								1	111	111	11	3	-2.0	2	1	2	-2.15686274509804	4	Gaza, Israel (general), Israel	IS	IS00	18315	31.4167	34.3333	-797156	4	Gaza, Israel (general), Israel	IS	IS00	18315	31.4167	34.3333	-797156	4	Gaza, Israel (general), Israel	IS	IS00	18315	31.4167	34.3333	-797156	20250922203000	https://www.fortmorgantimes.com/2025/09/22/un-israel-palestine/
1264578958	20250922	202509	2025	2025.7178	IGOUNO	UNITED NATIONS		UNO				IGO			PSE	PALESTINE	PSE								1	026	026	02	1	4.0	6	1	6	-2.4390243902439	1	Israel	IS	IS		31.5	34.75	IS	1	Israel	IS	IS		31.5	34.75	IS	1	Israel	IS	IS		31.5	34.75	IS	20250922203000	http://www.bignewsnetwork.com/news/278594020/urgent-france-recognizes-state-of-palestine-during-un-meeting-on-two-state-solution
1264578959	20250922	202509	2025	2025.7178	IGOUNO	UNITED NATIONS		UNO				IGO			PSE	PALESTINIAN	PSE								1	037	037	03	1	5.0	2	1	2	14.2857142857143	1	France	FR	FR		46	2	FR	1	Israel	IS	IS		31.5	34.75	IS	1	Israel	IS	IS		31.5	34.75	IS	20250922203000	http://www.morningsun.net/stories/france-recognizes-palestinian-state-at-un-meeting-to-revive-mideast-peace-process,250025
1264578960	20250922	202509	2025	2025.7178	IGOUNO	UNITED NATIONS		UNO				IGO			PSE	PALESTINE	PSE								1	051	051	05	1	3.4	6	1	6	-2.4390243902439	1	Israel	IS	IS		31.5	34.75	IS	1	Israel	IS	IS		31.5	34.75	IS	1	Israel	IS	IS		31.5	34.75	IS	20250922203000	http://www.bignewsnetwork.com/news/278594020/urgent-france-recognizes-state-of-palestine-during-un-meeting-on-two-state-solution
1264578961	20250922	202509	2025	2025.7178	IGOUNO	THE UN		UNO				IGO			PSE	GAZA	PSE								1	080	080	08	2	5.0	6	1	6	-5	4	Gaza, Israel (general), Israel	IS	IS00	18315	31.4167	34.3333	-797156	4	Gaza, Israel (general), Israel	IS	IS00	18315	31.4167	34.3333	-797156	4	Gaza, Israel (general), Israel	IS	IS00	18315	31.4167	34.3333	-797156	20250922203000	https://www.aa.com.tr/en/middle-east/un-warns-famine-continues-to-worsen-in-gaza-as-israel-blocks-food-aid-missions/3695048
1264578962	20250922	202509	2025	2025.7178	IGOUNODEVWBK	WORLD BANK		UNO				IGO	DEV		UZB	UZBEKISTAN	UZB								1	040	040	04	1	1.0	5	1	5	6.66666666666666	4	Tashkent, Toshkent Shahri, Uzbekistan	UZ	UZ13	37316	41.3167	69.25	-2579372	4	Tashkent, Toshkent Shahri, Uzbekistan	UZ	UZ13	37316	41.3167	69.25	-2579372	4	Tashkent, Toshkent Shahri, Uzbekistan	UZ	UZ13	37316	41.3167	69.25	-2579372	20250922203000	https://www.trend.az/business/4093984.html
1264578963	20250922	202509	2025	2025.7178	IGOUNOLEG	UNITED NATIONS		UNO				IGO	LEG		USA	NEW YORK	USA								1	042	042	04	1	1.9	10	1	10	-2.82167042889391	4	Tehran, Tehran, Iran	IR	IR26	41130	35.75	51.5148	10074674	4	Tehran, Tehran, Iran	IR	IR26	41130	35.75	51.5148	10074674	4	Tehran, Tehran, Iran	IR	IR26	41130	35.75	51.5148	10074674	20250922203000	https://hotair.com/ed-morrissey/2025/09/22/irans-people-deserve-international-support-for-their-resistance-and-right-to-self-determination-n3807055
1264578964	20250922	202509	2025	2025.7178	IGOUNOLEG	THE UN		UNO				IGO	LEG		USA	NEW YORK	USA								0	042	042	04	1	1.9	1	1	1	-2.82167042889391	2	New York, United States	US	USNY		42.1497	-74.9384	NY	4	Tehran, Tehran, Iran	IR	IR26	41130	35.75	51.5148	10074674	4	Tehran, Tehran, Iran	IR	IR26	41130	35.75	51.5148	10074674	20250922203000	https://hotair.com/ed-morrissey/2025/09/22/irans-people-deserve-international-support-for-their-resistance-and-right-to-self-determination-n3807055
1264578965	20250922	202509	2025	2025.7178	IGOUNOLEG	THE UN		UNO				IGO	LEG		USALEG	NEW YORK	USA					LEG			1	042	042	04	1	1.9	15	1	10	-1.37221269296741	2	New York, United States	US	USNY		42.1497	-74.9384	NY	2	New York, United States	US	USNY		42.1497	-74.9384	NY	4	Gaza, Israel (general), Israel	IS	IS00	18315	31.4167	34.3333	-797156	20250922203000	https://www.mirror.co.uk/news/politics/emmanuel-macron-declares-france-joined-35947026
1264578966	20250922	202509	2025	2025.7178	IND	NEW DELHI	IND								GOV	REGIME						GOV			0	111	111	11	3	-2.0	1	1	1	-0.77519379844961	4	New Delhi, Delhi, India	IN	IN07	17911	28.6	77.2	-2106102	4	New Delhi, Delhi, India	IN	IN07	17911	28.6	77.2	-2106102	4	New Delhi, Delhi, India	IN	IN07	17911	28.6	77.2	-2106102	20250922203000	https://www.hindustantimes.com/india-news/jaishankar-goyal-meet-us-officials-to-steady-ties-101758567071806.html
1264578967	20250922	202509	2025	2025.7178	INDCVL	INDORE	IND					CVL													1	010	010	01	1	0.0	6	1	6	0.51813471502591	5	Madhya Pradesh, Madhya Pradesh, India	IN	IN35	17744	23.5	78.5	-2103026	0								5	Madhya Pradesh, Madhya Pradesh, India	IN	IN35	17744	23.5	78.5	-2103026	20250922203000	https://www.freepressjournal.in/indore/finally-remote-tribal-hamlets-near-indore-get-electricity
1264578968	20250922	202509	2025	2025.7178	IRL	IRELAND	IRL																		1	010	010	01	1	0.0	4	1	4	-0.19801980198019	4	Greystones, Wicklow, Ireland	EI	EI31	18309	53.1408	-6.06306	-1503282	0								4	Greystones, Wicklow, Ireland	EI	EI31	18309	53.1408	-6.06306	-1503282	20250922203000	https://www.ktbs.com/news/what-the-tech-advice-to-america/article_63e88e9b-b704-46bf-a657-be3cf15ed733.html
1264578969	20250922	202509	2025	2025.7178	IRL	TARA	IRL																		0	010	010	01	1	0.0	1	1	1	-3.228285933897	3	Paul Island, Alaska, United States	US	USAK	AK164	55.7886	-159.309	1407824	0								3	Paul Island, Alaska, United States	US	USAK		55.7886	-159.309	1407824	20250922203000	https://www.alaskasnewssource.com/2025/09/22/new-film-follows-five-years-alaska-native-families-seeking-justice-murdered-loved-ones/
1264578970	20250922	202509	2025	2025.7178	IRL	TARA	IRL								RUS	RUSSIAN	RUS								1	180	180	18	4	-9.0	4	1	4	-6.50684931506849	4	Moscow, Moskva, Russia	RS	RS48	25106	55.7522	37.6156	-2960561	1	United States	US	US		39.828175	-98.5795	US	1	United States	US	US		39.828175	-98.5795	US	20250922203000	https://www.channelstv.com/2025/09/22/putin-grants-citizenship-to-us-woman-who-accused-biden-of-sexual-assault/
1264578971	20250922	202509	2025	2025.7178	IRL	TARA	IRL								USA	UNITED STATES	USA								0	010	010	01	1	0.0	3	1	3	-3.228285933897	3	Paul Island, Alaska, United States	US	USAK	AK164	55.7886	-159.309	1407824	3	Paul Island, Alaska, United States	US	USAK		55.7886	-159.309	1407824	3	Paul Island, Alaska, United States	US	USAK		55.7886	-159.309	1407824	20250922203000	https://www.alaskasnewssource.com/2025/09/22/new-film-follows-five-years-alaska-native-families-seeking-justice-murdered-loved-ones/
1264578972	20250922	202509	2025	2025.7178	IRN	IRANIAN	IRN								BEL	BRUSSELS	BEL								0	042	042	04	1	1.9	2	1	2	-2.82167042889391	4	Brussels, Bruxelles-Capitale, Belgium	BE	BE11	5850	50.8333	4.33333	-1955538	4	Brussels, Bruxelles-Capitale, Belgium	BE	BE11	5850	50.8333	4.33333	-1955538	4	Tehran, Tehran, Iran	IR	IR26	41130	35.75	51.5148	10074674	20250922203000	https://hotair.com/ed-morrissey/2025/09/22/irans-people-deserve-international-support-for-their-resistance-and-right-to-self-determination-n3807055
1264578973	20250922	202509	2025	2025.7178	IRN	IRANIAN	IRN								BEL	BRUSSELS	BEL								0	042	042	04	1	1.9	5	1	5	-2.82167042889391	4	Tehran, Tehran, Iran	IR	IR26	41130	35.75	51.5148	10074674	4	Brussels, Bruxelles-Capitale, Belgium	BE	BE11	5850	50.8333	4.33333	-1955538	4	Brussels, Bruxelles-Capitale, Belgium	BE	BE11	5850	50.8333	4.33333	-1955538	20250922203000	https://hotair.com/ed-morrissey/2025/09/22/irans-people-deserve-international-support-for-their-resistance-and-right-to-self-determination-n3807055
1264578974	20250922	202509	2025	2025.7178	IRN	IRAN	IRN								GOV	REGIME						GOV			1	010	010	01	1	0.0	2	1	2	-2.82167042889391	4	Tehran, Tehran, Iran	IR	IR26	41130	35.75	51.5148	10074674	4	Tehran, Tehran, Iran	IR	IR26	41130	35.75	51.5148	10074674	4	Tehran, Tehran, Iran	IR	IR26	41130	35.75	51.5148	10074674	20250922203000	https://hotair.com/ed-morrissey/2025/09/22/irans-people-deserve-international-support-for-their-resistance-and-right-to-self-determination-n3807055
1264578975	20250922	202509	2025	2025.7178	IRN	IRAN	IRN								GOV	REGIME						GOV			1	071	071	07	2	7.4	2	1	2	-2.82167042889391	4	Tehran, Tehran, Iran	IR	IR26	41130	35.75	51.5148	10074674	4	Tehran, Tehran, Iran	IR	IR26	41130	35.75	51.5148	10074674	4	Tehran, Tehran, Iran	IR	IR26	41130	35.75	51.5148	10074674	20250922203000	https://hotair.com/ed-morrissey/2025/09/22/irans-people-deserve-international-support-for-their-resistance-and-right-to-self-determination-n3807055
1264578976	20250922	202509	2025	2025.7178	IRN	IRAN	IRN								USA	NEW YORK	USA								0	042	042	04	1	1.9	1	1	1	-2.82167042889391	2	New York, United States	US	USNY		42.1497	-74.9384	NY	2	New York, United States	US	USNY		42.1497	-74.9384	NY	2	New York, United States	US	USNY		42.1497	-74.9384	NY	20250922203000	https://hotair.com/ed-morrissey/2025/09/22/irans-people-deserve-international-support-for-their-resistance-and-right-to-self-determination-n3807055
1264578977	20250922	202509	2025	2025.7178	IRN	IRAN	IRN								USA	NEW YORK	USA								0	1721	172	17	4	-5.0	1	1	1	-2.82167042889391	4	Tehran, Tehran, Iran	IR	IR26	41130	35.75	51.5148	10074674	2	New York, United States	US	USNY		42.1497	-74.9384	NY	4	Tehran, Tehran, Iran	IR	IR26	41130	35.75	51.5148	10074674	20250922203000	https://hotair.com/ed-morrissey/2025/09/22/irans-people-deserve-international-support-for-their-resistance-and-right-to-self-determination-n3807055
1264578978	20250922	202509	2025	2025.7178	IRN	IRAN	IRN								USA	NEW YORK	USA								0	1721	172	17	4	-5.0	1	1	1	-2.82167042889391	2	New York, United States	US	USNY		42.1497	-74.9384	NY	2	New York, United States	US	USNY		42.1497	-74.9384	NY	4	Tehran, Tehran, Iran	IR	IR26	41130	35.75	51.5148	10074674	20250922203000	https://hotair.com/ed-morrissey/2025/09/22/irans-people-deserve-international-support-for-their-resistance-and-right-to-self-determination-n3807055
1264578979	20250922	202509	2025	2025.7178	IRN	IRAN	IRN								USA	NEW YORK	USA								0	1822	182	18	4	-9.0	1	1	1	-2.82167042889391	4	Tehran, Tehran, Iran	IR	IR26	41130	35.75	51.5148	10074674	2	New York, United States	US	USNY		42.1497	-74.9384	NY	4	Tehran, Tehran, Iran	IR	IR26	41130	35.75	51.5148	10074674	20250922203000	https://hotair.com/ed-morrissey/2025/09/22/irans-people-deserve-international-support-for-their-resistance-and-right-to-self-determination-n3807055
1264578980	20250922	202509	2025	2025.7178	IRN	IRAN	IRN								USA	NEW YORK	USA								0	1822	182	18	4	-9.0	1	1	1	-2.82167042889391	2	New York, United States	US	USNY		42.1497	-74.9384	NY	2	New York, United States	US	USNY		42.1497	-74.9384	NY	4	Tehran, Tehran, Iran	IR	IR26	41130	35.75	51.5148	10074674	20250922203000	https://hotair.com/ed-morrissey/2025/09/22/irans-people-deserve-international-support-for-their-resistance-and-right-to-self-determination-n3807055
1264578981	20250922	202509	2025	2025.7178	ISR	ISRAEL	ISR																		0	010	010	01	1	0.0	2	1	2	-0.8130081300813	1	South Korea	KS	KS		37	127.5	KS	0								4	Gaza, Israel (general), Israel	IS	IS00	18315	31.4167	34.3333	-797156	20250922203000	https://freebeacon.com/israel/israel-asked-un-security-council-to-reschedule-gaza-meeting-slated-for-rosh-hashanah-but-the-meeting-remains-set-letter-reveals/
1264578982	20250922	202509	2025	2025.7178	ISR	ISRAELI	ISR																		1	073	073	07	2	7.4	1	1	1	-5.1948051948052	4	Gaza, Israel (general), Israel	IS	IS00	18315	31.4167	34.3333	-797156	0								4	Kerem Shalom, HaDarom, Israel	IS	IS01	18315	31.2278	34.2846	-780439	20250922203000	https://www.miragenews.com/gaza-offensive-closes-half-of-malnutrition-1538303/
1264578983	20250922	202509	2025	2025.7178	ISR	ISRAEL	ISR																		1	111	111	11	3	-2.0	2	1	2	-2.90858725761773	2	Alaska, United States	US	USAK		61.385	-152.268	AK	0								2	Alaska, United States	US	USAK		61.385	-152.268	AK	20250922203000	https://news.sky.com/story/gaza-latest-france-recognises-palestinian-state-with-more-countries-to-follow-suit-israel-brands-summit-a-circus-13435340
1264578984	20250922	202509	2025	2025.7178	ISR	ISRAELI	ISR								DZA	ALGERIA	DZA								1	036	036	03	1	4.0	3	1	3	-0.8130081300813	4	Gaza, Israel (general), Israel	IS	IS00	18315	31.4167	34.3333	-797156	1	Algeria	AG	AG		28	3	AG	4	Gaza, Israel (general), Israel	IS	IS00	18315	31.4167	34.3333	-797156	20250922203000	https://freebeacon.com/israel/israel-asked-un-security-council-to-reschedule-gaza-meeting-slated-for-rosh-hashanah-but-the-meeting-remains-set-letter-reveals/
1264578985	20250922	202509	2025	2025.7178	ISR	ISRAEL	ISR								DZA	ALGERIA	DZA								1	036	036	03	1	4.0	2	1	2	-0.8130081300813	4	Gaza, Israel (general), Israel	IS	IS00	18315	31.4167	34.3333	-797156	1	Algeria	AG	AG		28	3	AG	1	South Korea	KS	KS		37	127.5	KS	20250922203000	https://freebeacon.com/israel/israel-asked-un-security-council-to-reschedule-gaza-meeting-slated-for-rosh-hashanah-but-the-meeting-remains-set-letter-reveals/
1264578986	20250922	202509	2025	2025.7178	ISR	ISRAEL	ISR								DZA	ALGERIA	DZA								1	036	036	03	1	4.0	2	1	2	-0.8130081300813	1	Algeria	AG	AG		28	3	AG	1	Iran	IR	IR		32	53	IR	1	Turkey	TU	TU		39.059012	34.911546	TU	20250922203000	https://freebeacon.com/israel/israel-asked-un-security-council-to-reschedule-gaza-meeting-slated-for-rosh-hashanah-but-the-meeting-remains-set-letter-reveals/
1264578987	20250922	202509	2025	2025.7178	ISR	ISRAEL	ISR								FRA	FRANCE	FRA								0	043	043	04	1	2.8	1	1	1	-1.78571428571428	4	Gaza, Israel (general), Israel	IS	IS00	18315	31.4167	34.3333	-797156	4	Gaza, Israel (general), Israel	IS	IS00	18315	31.4167	34.3333	-797156	4	Gaza, Israel (general), Israel	IS	IS00	18315	31.4167	34.3333	-797156	20250922203000	https://www.theglobeandmail.com/world/article-palestine-state-gaza-israel-france-macron-united-nations-un/
1264578988	20250922	202509	2025	2025.7178	ISR	ISRAEL	ISR								FRA	FRANCE	FRA								0	130	130	13	3	-4.4	1	1	1	-1.78571428571428	4	Gaza, Israel (general), Israel	IS	IS00	18315	31.4167	34.3333	-797156	4	Gaza, Israel (general), Israel	IS	IS00	18315	31.4167	34.3333	-797156	4	Gaza, Israel (general), Israel	IS	IS00	18315	31.4167	34.3333	-797156	20250922203000	https://www.theglobeandmail.com/world/article-palestine-state-gaza-israel-france-macron-united-nations-un/
1264578989	20250922	202509	2025	2025.7178	ISR	ISRAEL	ISR								GBR	UNITED KINGDOM	GBR								1	1043	104	10	3	-5.0	4	1	4	-4.94623655913979	3	Jordan River, New York, United States	US	USNY	NY089	44.3778	-74.7241	976507	4	Gaza, Israel (general), Israel	IS	IS00	18315	31.4167	34.3333	-797156	4	Gaza, Israel (general), Israel	IS	IS00	18315	31.4167	34.3333	-797156	20250922203000	https://freebeacon.com/latest-news/palestinian-officials-demand-reparations-from-uk-after-country-recognizes-palestinian-state-report/
1264578990	20250922	202509	2025	2025.7178	ISR	ISRAEL	ISR								IRN	IRAN	IRN								1	032	032	03	1	4.5	2	1	2	-2.84629981024668	4	Gaza, Israel (general), Israel	IS	IS00	18315	31.4167	34.3333	-797156	1	Iran	IR	IR		32	53	IR	4	Gaza, Israel (general), Israel	IS	IS00	18315	31.4167	34.3333	-797156	20250922203000	https://www.lbc.co.uk/article/france-palestine-gaza-israel-uk-un-summit-5HjdDMc_2/
1264578991	20250922	202509	2025	2025.7178	ISR	ISRAEL	ISR								IRN	IRAN	IRN								1	138	138	13	3	-7.0	2	1	2	-2.84629981024668	4	Gaza, Israel (general), Israel	IS	IS00	18315	31.4167	34.3333	-797156	1	Iran	IR	IR		32	53	IR	1	Iran	IR	IR		32	53	IR	20250922203000	https://www.lbc.co.uk/article/france-palestine-gaza-israel-uk-un-summit-5HjdDMc_2/
1264578992	20250922	202509	2025	2025.7178	ISR	ISRAEL	ISR								ISRGOV	ISRAEL	ISR					GOV			1	051	051	05	1	3.4	1	1	1	-2.83600493218249	1	Jordan	JO	JO		31	36	JO	4	Gaza, Israel (general), Israel	IS	IS00	18315	31.4167	34.3333	-797156	1	Jordan	JO	JO		31	36	JO	20250922203000	https://www.wellandtribune.ca/opinion/columnists/is-it-too-late-for-a-palestinian-state/article_8f7bb170-1772-59c2-bb33-a4ff2cd13052.html
1264578993	20250922	202509	2025	2025.7178	ISR	ISRAEL	ISR								ISRGOV	ISRAEL	ISR					GOV			1	051	051	05	1	3.4	1	1	1	-2.83600493218249	1	Jordan	JO	JO		31	36	JO	1	Jordan	JO	JO		31	36	JO	1	Jordan	JO	JO		31	36	JO	20250922203000	https://www.wellandtribune.ca/opinion/columnists/is-it-too-late-for-a-palestinian-state/article_8f7bb170-1772-59c2-bb33-a4ff2cd13052.html
1264578994	20250922	202509	2025	2025.7178	ISR	ISRAEL	ISR								JEW	JEWISH				JEW					0	110	110	11	3	-2.0	2	1	2	-1.25173852573018	4	Gaza, Israel (general), Israel	IS	IS00	18315	31.4167	34.3333	-797156	4	Gaza, Israel (general), Israel	IS	IS00	18315	31.4167	34.3333	-797156	4	Ramallah, West Bank (general), West Bank	WE	WE00	68767	31.9026	35.1955	-795956	20250922203000	https://www.hurriyetdailynews.com/france-recognizes-palestinian-state-at-un-213897
1264578995	20250922	202509	2025	2025.7178	ISR	ISRAEL	ISR								JEW	JEWISH				JEW					0	110	110	11	3	-2.0	8	2	8	-2.53158468826557	4	Gaza, Israel (general), Israel	IS	IS00	18315	31.4167	34.3333	-797156	4	Gaza, Israel (general), Israel	IS	IS00	18315	31.4167	34.3333	-797156	4	Gaza, Israel (general), Israel	IS	IS00	18315	31.4167	34.3333	-797156	20250922203000	https://www.channelstv.com/2025/09/22/france-to-recognize-palestinian-state-at-contentious-un-general-assembly/
1264578996	20250922	202509	2025	2025.7178	ISR	ISRAEL	ISR								MED	WRITER						MED			1	020	020	02	1	3.0	4	1	4	4.25531914893617	4	Jerusalem, Israel (general), Israel	IS	IS00	18315	31.7667	35.2333	-797092	4	Jerusalem, Israel (general), Israel	IS	IS00	18315	31.7667	35.2333	-797092	4	Jerusalem, Israel (general), Israel	IS	IS00	18315	31.7667	35.2333	-797092	20250922203000	https://www.jpost.com/opinion/article-868232
1264578997	20250922	202509	2025	2025.7178	ISR	ISRAELI	ISR								PSE	PALESTINIAN	PSE								0	010	010	01	1	0.0	4	1	4	-3.2994923857868	4	Rehovot, HaMerkaz, Israel	IS	IS02	18311	31.8969	34.8186	-781210	4	Rehovot, HaMerkaz, Israel	IS	IS02	18311	31.8969	34.8186	-781210	4	Rehovot, HaMerkaz, Israel	IS	IS02	18311	31.8969	34.8186	-781210	20250922203000	https://www.channelstv.com/2025/09/22/france-to-recognize-palestinian-state-at-contentious-un-general-assembly/
1264578998	20250922	202509	2025	2025.7178	ISR	ISRAELI	ISR								PSE	WEST BANK	PSE								0	020	020	02	1	3.0	2	1	2	-3.2994923857868	4	Rehovot, HaMerkaz, Israel	IS	IS02	18311	31.8969	34.8186	-781210	4	Rehovot, HaMerkaz, Israel	IS	IS02	18311	31.8969	34.8186	-781210	4	Rehovot, HaMerkaz, Israel	IS	IS02	18311	31.8969	34.8186	-781210	20250922203000	https://www.channelstv.com/2025/09/22/france-to-recognize-palestinian-state-at-contentious-un-general-assembly/
1264578999	20250922	202509	2025	2025.7178	ISR	ISRAEL	ISR								PSE	WEST BANK	PSE								0	020	020	02	1	3.0	2	1	2	-3.2994923857868	4	Rehovot, HaMerkaz, Israel	IS	IS02	18311	31.8969	34.8186	-781210	1	West Bank	WE	WE		31.666667	35.25	WE	1	West Bank	WE	WE		31.666667	35.25	WE	20250922203000	https://www.channelstv.com/2025/09/22/france-to-recognize-palestinian-state-at-contentious-un-general-assembly/
1264579000	20250922	202509	2025	2025.7178	ISR	ISRAEL	ISR								PSE	WEST BANK	PSE								0	020	020	02	1	3.0	2	1	2	-1.25173852573018	4	Gaza, Israel (general), Israel	IS	IS00	18315	31.4167	34.3333	-797156	4	Ramallah, West Bank (general), West Bank	WE	WE00	68767	31.9026	35.1955	-795956	4	Ramallah, West Bank (general), West Bank	WE	WE00	68767	31.9026	35.1955	-795956	20250922203000	https://www.hurriyetdailynews.com/france-recognizes-palestinian-state-at-un-213897
1264579001	20250922	202509	2025	2025.7178	ISR	ISRAEL	ISR								PSE	PALESTINIAN	PSE								0	051	051	05	1	3.4	1	1	1	-1.80681028492008	4	Elcano, Navarra, Spain	SP	SP32	16244	42.8305	-1.54601	-380408	4	Gaza, Israel (general), Israel	IS	IS00	18315	31.4167	34.3333	-797156	4	Gaza, Israel (general), Israel	IS	IS00	18315	31.4167	34.3333	-797156	20250922203000	https://www.euronews.com/my-europe/2025/09/22/why-is-the-palestinian-cause-so-important-in-spain
1264579002	20250922	202509	2025	2025.7178	ISR	ISRAEL	ISR								PSE	PALESTINIAN	PSE								1	051	051	05	1	3.4	2	1	2	7.14285714285714	1	Israel	IS	IS		31.5	34.75	IS	1	France	FR	FR		46	2	FR	1	Israel	IS	IS		31.5	34.75	IS	20250922203000	https://www.arabnews.com/node/2616311/middle-east
1264579003	20250922	202509	2025	2025.7178	ISR	ISRAEL	ISR								PSE	GAZA	PSE								0	110	110	11	3	-2.0	2	1	2	-1.25173852573018	4	Gaza, Israel (general), Israel	IS	IS00	18315	31.4167	34.3333	-797156	4	Gaza, Israel (general), Israel	IS	IS00	18315	31.4167	34.3333	-797156	4	Ramallah, West Bank (general), West Bank	WE	WE00	68767	31.9026	35.1955	-795956	20250922203000	https://www.hurriyetdailynews.com/france-recognizes-palestinian-state-at-un-213897
1264579004	20250922	202509	2025	2025.7178	ISR	ISRAEL	ISR								PSE	PALESTINIAN	PSE								0	123	123	12	3	-4.0	1	1	1	-1.25173852573018	4	Gaza, Israel (general), Israel	IS	IS00	18315	31.4167	34.3333	-797156	4	Gaza, Israel (general), Israel	IS	IS00	18315	31.4167	34.3333	-797156	4	Gaza, Israel (general), Israel	IS	IS00	18315	31.4167	34.3333	-797156	20250922203000	https://www.hurriyetdailynews.com/france-recognizes-palestinian-state-at-un-213897
1264579005	20250922	202509	2025	2025.7178	ISR	ISRAEL	ISR								PSE	PALESTINIAN	PSE								0	123	123	12	3	-4.0	1	1	1	-1.25173852573018	1	France	FR	FR		46	2	FR	1	France	FR	FR		46	2	FR	1	France	FR	FR		46	2	FR	20250922203000	https://www.hurriyetdailynews.com/france-recognizes-palestinian-state-at-un-213897
1264579006	20250922	202509	2025	2025.7178	ISR	ISRAEL	ISR								UAF	TERRORIST						UAF			1	173	173	17	4	-5.0	6	1	6	-4.94623655913979	4	Gaza, Israel (general), Israel	IS	IS00	18315	31.4167	34.3333	-797156	4	Gaza, Israel (general), Israel	IS	IS00	18315	31.4167	34.3333	-797156	4	Gaza, Israel (general), Israel	IS	IS00	18315	31.4167	34.3333	-797156	20250922203000	https://freebeacon.com/latest-news/palestinian-officials-demand-reparations-from-uk-after-country-recognizes-palestinian-state-report/
1264579007	20250922	202509	2025	2025.7178	ISRGOV	ISRAELI	ISR					GOV													1	051	051	05	1	3.4	4	1	4	-2.83600493218249	1	Egypt	EG	EG		27	30	EG	0								1	Jordan	JO	JO		31	36	JO	20250922203000	https://www.wellandtribune.ca/opinion/columnists/is-it-too-late-for-a-palestinian-state/article_8f7bb170-1772-59c2-bb33-a4ff2cd13052.html
1264579008	20250922	202509	2025	2025.7178	ISRGOV	ISRAEL	ISR					GOV			ISR	ISRAEL	ISR								0	010	010	01	1	0.0	4	1	4	-3.2994923857868	4	Rehovot, HaMerkaz, Israel	IS	IS02	18311	31.8969	34.8186	-781210	4	Rehovot, HaMerkaz, Israel	IS	IS02	18311	31.8969	34.8186	-781210	4	Rehovot, HaMerkaz, Israel	IS	IS02	18311	31.8969	34.8186	-781210	20250922203000	https://www.channelstv.com/2025/09/22/france-to-recognize-palestinian-state-at-contentious-un-general-assembly/
1264579009	20250922	202509	2025	2025.7178	ISRGOV	ISRAEL	ISR					GOV			ISR	ISRAEL	ISR								0	012	012	01	1	-0.4	2	1	2	-2.84629981024668	4	Gaza, Israel (general), Israel	IS	IS00	18315	31.4167	34.3333	-797156	4	Gaza, Israel (general), Israel	IS	IS00	18315	31.4167	34.3333	-797156	4	Gaza, Israel (general), Israel	IS	IS00	18315	31.4167	34.3333	-797156	20250922203000	https://www.lbc.co.uk/article/france-palestine-gaza-israel-uk-un-summit-5HjdDMc_2/
1264579010	20250922	202509	2025	2025.7178	ISRGOV	ISRAELI	ISR					GOV			PSE	PALESTINIAN	PSE								0	010	010	01	1	0.0	2	1	2	-3.2994923857868	4	Rehovot, HaMerkaz, Israel	IS	IS02	18311	31.8969	34.8186	-781210	4	Rehovot, HaMerkaz, Israel	IS	IS02	18311	31.8969	34.8186	-781210	4	Rehovot, HaMerkaz, Israel	IS	IS02	18311	31.8969	34.8186	-781210	20250922203000	https://www.channelstv.com/2025/09/22/france-to-recognize-palestinian-state-at-contentious-un-general-assembly/
1264579011	20250922	202509	2025	2025.7178	ISRGOV	ISRAELI	ISR					GOV			PSE	GAZA	PSE								0	012	012	01	1	-0.4	1	1	1	-2.84629981024668	4	Gaza, Israel (general), Israel	IS	IS00	18315	31.4167	34.3333	-797156	4	Gaza, Israel (general), Israel	IS	IS00	18315	31.4167	34.3333	-797156	4	Gaza, Israel (general), Israel	IS	IS00	18315	31.4167	34.3333	-797156	20250922203000	https://www.lbc.co.uk/article/france-palestine-gaza-israel-uk-un-summit-5HjdDMc_2/
1264579012	20250922	202509	2025	2025.7178	ISRGOV	ISRAEL	ISR					GOV			USAGOV	THE US	USA					GOV			0	036	036	03	1	4.0	2	1	2	-1.25173852573018	4	Gaza, Israel (general), Israel	IS	IS00	18315	31.4167	34.3333	-797156	4	Gaza, Israel (general), Israel	IS	IS00	18315	31.4167	34.3333	-797156	4	Gaza, Israel (general), Israel	IS	IS00	18315	31.4167	34.3333	-797156	20250922203000	https://www.hurriyetdailynews.com/france-recognizes-palestinian-state-at-un-213897
1264579013	20250922	202509	2025	2025.7178	ITA	ITALY	ITA																		1	042	042	04	1	1.9	3	1	3	0.78554595443833	4	Portofino, Liguria, Italy	IT	IT08	18352	44.3	9.2	-125543	0								4	Portofino, Liguria, Italy	IT	IT08	18352	44.3	9.2	-125543	20250922203000	https://www.dailymail.co.uk/femail/article-15123407/barack-michelle-obama-italy-steven-spielberg-yacht.html
1264579014	20250922	202509	2025	2025.7178	ITA	ITALY	ITA																		1	043	043	04	1	2.8	30	1	10	0.78554595443833	4	Portofino, Liguria, Italy	IT	IT08	18352	44.3	9.2	-125543	0								4	Portofino, Liguria, Italy	IT	IT08	18352	44.3	9.2	-125543	20250922203000	https://www.dailymail.co.uk/femail/article-15123407/barack-michelle-obama-italy-steven-spielberg-yacht.html
1264579015	20250922	202509	2025	2025.7178	ITA	ITALY	ITA																		1	172	172	17	4	-5.0	2	1	2	3.36134453781513	4	Genoa, Liguria, Italy	IT	IT08	18352	44.4167	8.95	-118400	0								4	Portofino, Liguria, Italy	IT	IT08	18352	44.3	9.2	-125543	20250922203000	https://www.hotelnewsresource.com/article138167.html
1264579016	20250922	202509	2025	2025.7178	ITA	ITALY	ITA								CHN	CHINA	CHN								0	060	060	06	2	6.0	2	1	2	1.41732283464567	1	India	IN	IN		20	77	IN	1	China	CH	CH		35	105	CH	1	China	CH	CH		35	105	CH	20250922203000	https://www.theglobeandmail.com/business/economy/article-food-exports-us-new-buyers-other-markets-12-billion/
1264579017	20250922	202509	2025	2025.7178	ITA	ITALY	ITA								CHN	CHINA	CHN								0	060	060	06	2	6.0	8	1	8	1.41732283464567	1	Italy	IT	IT		42.833333	12.833333	IT	1	China	CH	CH		35	105	CH	1	China	CH	CH		35	105	CH	20250922203000	https://www.theglobeandmail.com/business/economy/article-food-exports-us-new-buyers-other-markets-12-billion/
1264579018	20250922	202509	2025	2025.7178	ITA	ITALY	ITA								COP	PRISON						COP			1	015	015	01	1	0.0	4	1	4	-6.67384284176533	4	Rome, Lazio, Italy	IT	IT07	18350	41.9	12.4833	-126693	4	Rome, Lazio, Italy	IT	IT07	18350	41.9	12.4833	-126693	4	Rome, Lazio, Italy	IT	IT07	18350	41.9	12.4833	-126693	20250922203000	https://www.newcastleherald.com.au/story/9071800/bryce-williams-family-shares-grief-after-fatal-2022-hit-and-run/
1264579019	20250922	202509	2025	2025.7178	ITA	ITALY	ITA								COP	PRISON						COP			1	173	173	17	4	-5.0	4	1	4	-6.67384284176533	4	Rome, Lazio, Italy	IT	IT07	18350	41.9	12.4833	-126693	4	Rome, Lazio, Italy	IT	IT07	18350	41.9	12.4833	-126693	4	Rome, Lazio, Italy	IT	IT07	18350	41.9	12.4833	-126693	20250922203000	https://www.newcastleherald.com.au/story/9071800/bryce-williams-family-shares-grief-after-fatal-2022-hit-and-run/
1264579020	20250922	202509	2025	2025.7178	ITA	ITALIAN	ITA								CVL	VILLAGE						CVL			1	043	043	04	1	2.8	18	1	10	0.78554595443833	4	Portofino, Liguria, Italy	IT	IT08	18352	44.3	9.2	-125543	4	Portofino, Liguria, Italy	IT	IT08	18352	44.3	9.2	-125543	4	Portofino, Liguria, Italy	IT	IT08	18352	44.3	9.2	-125543	20250922203000	https://www.dailymail.co.uk/femail/article-15123407/barack-michelle-obama-italy-steven-spielberg-yacht.html
1264579021	20250922	202509	2025	2025.7178	ITA	ITALY	ITA								USAGOV	OBAMA	USA					GOV			1	043	043	04	1	2.8	8	1	8	0.78554595443833	4	Portofino, Liguria, Italy	IT	IT08	18352	44.3	9.2	-125543	4	Portofino, Liguria, Italy	IT	IT08	18352	44.3	9.2	-125543	4	Portofino, Liguria, Italy	IT	IT08	18352	44.3	9.2	-125543	20250922203000	https://www.dailymail.co.uk/femail/article-15123407/barack-michelle-obama-italy-steven-spielberg-yacht.html
1264579022	20250922	202509	2025	2025.7178	ITAGOV	GIORGIA MELONI	ITA					GOV			PSE	PALESTINE	PSE								1	120	120	12	3	-4.0	10	1	10	-8.61538461538466	4	Gaza, Israel (general), Israel	IS	IS00	18315	31.4167	34.3333	-797156	4	Gaza, Israel (general), Israel	IS	IS00	18315	31.4167	34.3333	-797156	4	Gaza, Israel (general), Israel	IS	IS00	18315	31.4167	34.3333	-797156	20250922203000	http://www.bignewsnetwork.com/news/278594042/pro-palestine-riots-erupt-across-italy
1264579023	20250922	202509	2025	2025.7178	JOR	JORDAN	JOR								IDN	INDONESIA	IDN								1	036	036	03	1	4.0	2	1	2	-0.5249343832021	1	United States	US	US		39.828175	-98.5795	US	1	United States	US	US		39.828175	-98.5795	US	1	Ukraine	UP	UP		49	32	UP	20250922203000	https://www.dailystar.co.uk/news/us-news/donald-trump-make-major-announcement-35946916
1264579024	20250922	202509	2025	2025.7178	JOR	JORDAN	JOR								QAT	QATAR	QAT								1	036	036	03	1	4.0	2	1	2	-0.5249343832021	1	United States	US	US		39.828175	-98.5795	US	1	Ukraine	UP	UP		49	32	UP	1	Ukraine	UP	UP		49	32	UP	20250922203000	https://www.dailystar.co.uk/news/us-news/donald-trump-make-major-announcement-35946916
1264579025	20250922	202509	2025	2025.7178	JOR	JORDAN	JOR								SAU	SAUDI ARABIA	SAU								1	036	036	03	1	4.0	2	1	2	-0.5249343832021	1	United States	US	US		39.828175	-98.5795	US	1	United States	US	US		39.828175	-98.5795	US	1	Ukraine	UP	UP		49	32	UP	20250922203000	https://www.dailystar.co.uk/news/us-news/donald-trump-make-major-announcement-35946916
1264579026	20250922	202509	2025	2025.7178	JOR	JORDAN	JOR								SAU	SAUDI ARABIA	SAU								1	046	046	04	1	7.0	2	1	2	-0.5249343832021	1	United States	US	US		39.828175	-98.5795	US	1	United States	US	US		39.828175	-98.5795	US	1	Ukraine	UP	UP		49	32	UP	20250922203000	https://www.dailystar.co.uk/news/us-news/donald-trump-make-major-announcement-35946916
1264579027	20250922	202509	2025	2025.7178	JPN	TOKYO	JPN																		1	030	030	03	1	4.0	14	1	14	5.81180811808118	1	Jamaica	JM	JM		18.25	-77.5	JM	0								1	Jamaica	JM	JM		18.25	-77.5	JM	20250922203000	https://www.newswiretoday.com/news/184711/
1264579028	20250922	202509	2025	2025.7178	JPN	JAPAN	JPN																		1	051	051	05	1	3.4	2	1	2	-5.1948051948052	4	Yuji, Okinawa, Japan	JA	JA47	35768	26.2025	127.687	-248543	0								4	Yuji, Okinawa, Japan	JA	JA47	35768	26.2025	127.687	-248543	20250922203000	https://comicbook.com/anime/news/demon-slayers-ending-did-what-jujutsu-kaisen-couldnt-its-incredible/
1264579029	20250922	202509	2025	2025.7178	JPN	JAPAN	JPN																		1	060	060	06	2	6.0	10	1	10	1.84331797235023	4	Muroran, Hokkaido, Japan	JA	JA12	34265	42.3172	140.988	-237452	0								4	Muroran, Hokkaido, Japan	JA	JA12	34265	42.3172	140.988	-237452	20250922203000	https://militaryembedded.com/comms/vetronics/amv-xp-8x8-armored-vehicle-provided-to-japan-by-patria
1264579030	20250922	202509	2025	2025.7178	JPN	JAPAN	JPN																		1	080	080	08	2	5.0	10	1	10	1.84331797235023	4	Muroran, Hokkaido, Japan	JA	JA12	34265	42.3172	140.988	-237452	0								4	Muroran, Hokkaido, Japan	JA	JA12	34265	42.3172	140.988	-237452	20250922203000	https://militaryembedded.com/comms/vetronics/amv-xp-8x8-armored-vehicle-provided-to-japan-by-patria
1264579031	20250922	202509	2025	2025.7178	JPN	JAPAN	JPN																		0	084	084	08	2	7.0	2	1	2	-3.22019147084421	4	Nagoya, Aichi, Japan	JA	JA01	33417	35.1667	136.917	-237874	0								4	Nagoya, Aichi, Japan	JA	JA01	33417	35.1667	136.917	-237874	20250922203000	https://malaya.com.ph/news/national-news/dy-house-flood-control-probe-lacks-credibility-infra-panels-hould-let-ici-do-the-job/
1264579032	20250922	202509	2025	2025.7178	JPN	JAPAN	JPN								AUS	AUSTRALIA	AUS								0	046	046	04	1	7.0	6	1	6	-4.80274442538594	1	Japan	JA	JA		36	138	JA	1	Australia	AS	AS		-25	135	AS	1	Australia	AS	AS		-25	135	AS	20250922203000	https://www.sbs.com.au/news/article/were-accepting-russian-blood-oil-pressure-to-sanction-petroleum-made-of-russian-crude/kp2dtrcxy
1264579033	20250922	202509	2025	2025.7178	JPN	JAPAN	JPN								AUS	AUSTRALIA	AUS								0	046	046	04	1	7.0	4	1	4	-4.80274442538594	1	New Zealand	NZ	NZ		-42	174	NZ	1	Australia	AS	AS		-25	135	AS	1	Australia	AS	AS		-25	135	AS	20250922203000	https://www.sbs.com.au/news/article/were-accepting-russian-blood-oil-pressure-to-sanction-petroleum-made-of-russian-crude/kp2dtrcxy
1264579034	20250922	202509	2025	2025.7178	JPN	JAPAN	JPN								CVL	NEIGHBORHOOD						CVL			1	042	042	04	1	1.9	4	1	4	1.86799501867995	1	Japan	JA	JA		36	138	JA	1	Japan	JA	JA		36	138	JA	1	Japan	JA	JA		36	138	JA	20250922203000	https://www.eastidahonews.com/2025/09/festival-honoring-once-forgotten-historic-neighborhood-reminds-community-of-its-roots/
1264579035	20250922	202509	2025	2025.7178	JPN	TOKYO	JPN								JAM	JAMAICA	JAM								1	030	030	03	1	4.0	6	1	6	5.81180811808118	1	Jamaica	JM	JM		18.25	-77.5	JM	1	Jamaica	JM	JM		18.25	-77.5	JM	1	Jamaica	JM	JM		18.25	-77.5	JM	20250922203000	https://www.newswiretoday.com/news/184711/
1264579036	20250922	202509	2025	2025.7178	JUD	PROSECUTOR						JUD													0	010	010	01	1	0.0	10	1	10	-11.8644067796611	3	Houston, Texas, United States	US	USTX	TX201	29.7633	-95.3633	1380948	0								3	Houston, Texas, United States	US	USTX	TX201	29.7633	-95.3633	1380948	20250922203000	https://www.khou.com/article/news/crime/ding-dong-ditch-shooting-houston-update-gonzalo-leon-julian-gunzman/285-338edc29-b044-4f35-bd30-1688498b0222
1264579037	20250922	202509	2025	2025.7178	JUD	PROSECUTOR						JUD													0	090	090	09	2	-2.0	5	1	5	-11.8644067796611	3	Houston, Texas, United States	US	USTX	TX201	29.7633	-95.3633	1380948	0								3	Houston, Texas, United States	US	USTX	TX201	29.7633	-95.3633	1380948	20250922203000	https://www.khou.com/article/news/crime/ding-dong-ditch-shooting-houston-update-gonzalo-leon-julian-gunzman/285-338edc29-b044-4f35-bd30-1688498b0222
1264579038	20250922	202509	2025	2025.7178	JUD	SUPREME COURT						JUD													1	090	090	09	2	-2.0	10	1	10	-1.7989417989418	2	California, United States	US	USCA		36.17	-119.746	CA	0								2	California, United States	US	USCA		36.17	-119.746	CA	20250922203000	https://slate.com/news-and-politics/2025/09/supreme-court-news-constitution-ice-search-race.html
1264579039	20250922	202509	2025	2025.7178	JUD	PROSECUTOR						JUD													0	180	180	18	4	-9.0	5	1	5	-8.66873065015483	3	Hamilton County, Ohio, United States	US	USOH	OH061	39.1834	-84.5333	1074043	0								3	Hamilton County, Ohio, United States	US	USOH		39.1834	-84.5333	1074043	20250922203000	https://www.wlwt.com/article/patrick-rosemond-downtown-cincinnati-brawl-court/68006153
1264579040	20250922	202509	2025	2025.7178	JUD	ATTORNEY						JUD													1	180	180	18	4	-9.0	1	1	1	-8.03571428571428	3	Queens, New York, United States	US	USNY	NY081	40.7498	-73.7976	971983	0								3	Queens, New York, United States	US	USNY	NY081	40.7498	-73.7976	971983	20250922203000	https://710wor.iheart.com/content/2025-09-22-driver-charged-in-fatal-queens-hit-and-run-incident/
1264579041	20250922	202509	2025	2025.7178	JUD	MAGISTRATE						JUD			CHN	SIAN	CHN								0	010	010	01	1	0.0	10	1	10	-4.79041916167665	0								0								0								20250922203000	https://www.thenorthernecho.co.uk/news/25485954.man-walked-durham-sainsburys-wine-bottles-without-paying/
1264579042	20250922	202509	2025	2025.7178	JUD	ATTORNEY						JUD			COP	POLICE OFFICER						COP			1	042	042	04	1	1.9	10	1	10	-6.96517412935323	2	New York, United States	US	USNY		42.1497	-74.9384	NY	2	New York, United States	US	USNY		42.1497	-74.9384	NY	2	New York, United States	US	USNY		42.1497	-74.9384	NY	20250922203000	https://talkingpointsmemo.com/edblog/state-of-play-doj-edition
1264579043	20250922	202509	2025	2025.7178	JUD	HIGH COURT						JUD			GBR	SCOTLAND	GBR								0	060	060	06	2	6.0	2	1	2	-2.30607966457023	1	United Kingdom	UK	UK		54	-4	UK	1	United Kingdom	UK	UK		54	-4	UK	1	United Kingdom	UK	UK		54	-4	UK	20250922203000	https://www.icaew.com/insights/viewpoints-on-the-news/2025/sep-2025/high-court-tightens-solvent-winding-up-rules
1264579044	20250922	202509	2025	2025.7178	JUD	LAWYER						JUD			OPP	PROTESTER						OPP			1	071	071	07	2	7.4	2	1	2	-5.63524590163935	4	Manila, Manila, Philippines	RP	RPD9	24210	14.6042	120.982	-2437894	4	Manila, Manila, Philippines	RP	RPD9	24210	14.6042	120.982	-2437894	4	Manila, Manila, Philippines	RP	RPD9	24210	14.6042	120.982	-2437894	20250922203000	https://malaya.com.ph/news/national-news/politician-lawyer-hacktivists-linked-to-rally-violence/
1264579045	20250922	202509	2025	2025.7178	JUD	LAWYER						JUD			PHL	QUEZON	PHL								1	173	173	17	4	-5.0	5	1	5	-5.63524590163935	1	China	CH	CH		35	105	CH	4	Taguig, City of Taguig, Philippines	RP	RPN6	24229	14.5243	121.079	-2455402	4	Taguig, City of Taguig, Philippines	RP	RPN6	24229	14.5243	121.079	-2455402	20250922203000	https://malaya.com.ph/news/national-news/politician-lawyer-hacktivists-linked-to-rally-violence/
1264579046	20250922	202509	2025	2025.7178	JUD	ATTORNEY						JUD			PTY	POLITICIAN									1	042	042	04	1	1.9	10	1	10	-6.96517412935323	2	New York, United States	US	USNY		42.1497	-74.9384	NY	2	New York, United States	US	USNY		42.1497	-74.9384	NY	2	New York, United States	US	USNY		42.1497	-74.9384	NY	20250922203000	https://talkingpointsmemo.com/edblog/state-of-play-doj-edition
1264579047	20250922	202509	2025	2025.7178	JUD	PROSECUTOR						JUD			USA	UTAH	USA								1	042	042	04	1	1.9	10	1	10	-5.5907780979827	2	Utah, United States	US	USUT		40.1135	-111.854	UT	2	Utah, United States	US	USUT		40.1135	-111.854	UT	2	Utah, United States	US	USUT		40.1135	-111.854	UT	20250922203000	https://www.dailymail.co.uk/news/article-15115475/hidden-messages-charlie-kirk-tyler-robinson-trans-lover.html
1264579048	20250922	202509	2025	2025.7178	JUD	JUDGE						JUD			USA	CINCINNATI	USA								1	112	112	11	3	-2.0	10	1	10	-8.66873065015483	3	Hamilton County, Ohio, United States	US	USOH	OH061	39.1834	-84.5333	1074043	3	Hamilton County, Ohio, United States	US	USOH		39.1834	-84.5333	1074043	3	Hamilton County, Ohio, United States	US	USOH		39.1834	-84.5333	1074043	20250922203000	https://www.wlwt.com/article/patrick-rosemond-downtown-cincinnati-brawl-court/68006153
1264579049	20250922	202509	2025	2025.7178	KAZ	KAZAKHSTAN	KAZ																		1	061	061	06	2	6.4	5	1	5	3.26797385620915	1	Kazakhstan	KZ	KZ		48	68	KZ	0								1	Kazakhstan	KZ	KZ		48	68	KZ	20250922203000	https://www.upi.com/Top_News/US/2025/09/22/commerce-42B-deal-wabtec-kazakhstan/1381758567075/
1264579050	20250922	202509	2025	2025.7178	KAZ	KAZAKHSTAN	KAZ								BUS	COMPANIES						BUS			1	020	020	02	1	3.0	10	1	10	5.63380281690141	4	Astana, Gorod Astana, Kazakhstan	KZ	KZ05	37174	51.1811	71.4278	-2334218	4	Astana, Gorod Astana, Kazakhstan	KZ	KZ05	37174	51.1811	71.4278	-2334218	4	Astana, Gorod Astana, Kazakhstan	KZ	KZ05	37174	51.1811	71.4278	-2334218	20250922203000	https://www.trend.az/business/4093981.html
1264579051	20250922	202509	2025	2025.7178	KAZ	KAZAKHSTAN	KAZ								LEG	CHAMBER						LEG			1	040	040	04	1	1.0	10	1	10	4.1958041958042	4	Astana, Gorod Astana, Kazakhstan	KZ	KZ05	37174	51.1811	71.4278	-2334218	4	Astana, Gorod Astana, Kazakhstan	KZ	KZ05	37174	51.1811	71.4278	-2334218	4	Astana, Gorod Astana, Kazakhstan	KZ	KZ05	37174	51.1811	71.4278	-2334218	20250922203000	https://www.trend.az/business/4093986.html
1264579052	20250922	202509	2025	2025.7178	KAZ	KAZAKHSTAN	KAZ								LEG	CHAMBER						LEG			1	046	046	04	1	7.0	2	1	2	4.1958041958042	4	Astana, Gorod Astana, Kazakhstan	KZ	KZ05	37174	51.1811	71.4278	-2334218	4	Astana, Gorod Astana, Kazakhstan	KZ	KZ05	37174	51.1811	71.4278	-2334218	4	Astana, Gorod Astana, Kazakhstan	KZ	KZ05	37174	51.1811	71.4278	-2334218	20250922203000	https://www.trend.az/business/4093986.html
1264579053	20250922	202509	2025	2025.7178	KAZ	KAZAKHSTAN	KAZ								LEG	CHAMBER						LEG			1	046	046	04	1	7.0	8	1	8	4.1958041958042	1	United States	US	US		39.828175	-98.5795	US	1	United States	US	US		39.828175	-98.5795	US	1	United States	US	US		39.828175	-98.5795	US	20250922203000	https://www.trend.az/business/4093986.html
1264579054	20250922	202509	2025	2025.7178	KAZ	KAZAKHSTAN	KAZ								MNC	EXXON						MNC			1	040	040	04	1	1.0	2	1	2	7.75862068965517	4	Astana, Gorod Astana, Kazakhstan	KZ	KZ05	37174	51.1811	71.4278	-2334218	4	Astana, Gorod Astana, Kazakhstan	KZ	KZ05	37174	51.1811	71.4278	-2334218	4	Astana, Gorod Astana, Kazakhstan	KZ	KZ05	37174	51.1811	71.4278	-2334218	20250922203000	https://www.trend.az/business/4093991.html
1264579055	20250922	202509	2025	2025.7178	KAZ	KAZAKHSTAN	KAZ								USABUS	AMERICAN	USA					BUS			1	036	036	03	1	4.0	6	1	6	5.63380281690141	4	Astana, Gorod Astana, Kazakhstan	KZ	KZ05	37174	51.1811	71.4278	-2334218	2	New York, United States	US	USNY		42.1497	-74.9384	NY	2	New York, United States	US	USNY		42.1497	-74.9384	NY	20250922203000	https://www.trend.az/business/4093981.html
1264579056	20250922	202509	2025	2025.7178	KAZGOV	KAZAKHSTAN	KAZ					GOV			MNC	EXXON						MNC			1	040	040	04	1	1.0	8	1	8	7.75862068965517	4	Astana, Gorod Astana, Kazakhstan	KZ	KZ05	37174	51.1811	71.4278	-2334218	4	Astana, Gorod Astana, Kazakhstan	KZ	KZ05	37174	51.1811	71.4278	-2334218	4	Astana, Gorod Astana, Kazakhstan	KZ	KZ05	37174	51.1811	71.4278	-2334218	20250922203000	https://www.trend.az/business/4093991.html
1264579057	20250922	202509	2025	2025.7178	KOR	SOUTH KOREA	KOR																		0	190	190	19	4	-10.0	4	1	4	-2.02578268876612	4	Najin, Cholla-namdo, South Korea	KS	KS16	24982	34.7072	127.614	-711872	0								4	Najin, Cholla-namdo, South Korea	KS	KS16	24982	34.7072	127.614	-711872	20250922203000	https://comicbook.com/anime/news/10-best-underrated-manhwa-worthy-of-more-hype/
1264579058	20250922	202509	2025	2025.7178	KOR	SOUTH KOREA	KOR								ISR	ISRAEL	ISR								0	020	020	02	1	3.0	2	1	2	-0.8130081300813	4	Gaza, Israel (general), Israel	IS	IS00	18315	31.4167	34.3333	-797156	4	Gaza, Israel (general), Israel	IS	IS00	18315	31.4167	34.3333	-797156	1	South Korea	KS	KS		37	127.5	KS	20250922203000	https://freebeacon.com/israel/israel-asked-un-security-council-to-reschedule-gaza-meeting-slated-for-rosh-hashanah-but-the-meeting-remains-set-letter-reveals/
1264579059	20250922	202509	2025	2025.7178	KOR	SOUTH KOREA	KOR								ISR	ISRAEL	ISR								0	020	020	02	1	3.0	8	1	8	-0.8130081300813	1	South Korea	KS	KS		37	127.5	KS	4	Gaza, Israel (general), Israel	IS	IS00	18315	31.4167	34.3333	-797156	1	South Korea	KS	KS		37	127.5	KS	20250922203000	https://freebeacon.com/israel/israel-asked-un-security-council-to-reschedule-gaza-meeting-slated-for-rosh-hashanah-but-the-meeting-remains-set-letter-reveals/
1264579060	20250922	202509	2025	2025.7178	KOR	SOUTH KOREA	KOR								ISR	ISRAEL	ISR								0	051	051	05	1	3.4	2	1	2	-0.8130081300813	4	Gaza, Israel (general), Israel	IS	IS00	18315	31.4167	34.3333	-797156	4	Gaza, Israel (general), Israel	IS	IS00	18315	31.4167	34.3333	-797156	1	South Korea	KS	KS		37	127.5	KS	20250922203000	https://freebeacon.com/israel/israel-asked-un-security-council-to-reschedule-gaza-meeting-slated-for-rosh-hashanah-but-the-meeting-remains-set-letter-reveals/
1264579061	20250922	202509	2025	2025.7178	KOR	SOUTH KOREA	KOR								ISR	ISRAEL	ISR								0	051	051	05	1	3.4	8	1	8	-0.8130081300813	1	South Korea	KS	KS		37	127.5	KS	4	Gaza, Israel (general), Israel	IS	IS00	18315	31.4167	34.3333	-797156	4	Gaza, Israel (general), Israel	IS	IS00	18315	31.4167	34.3333	-797156	20250922203000	https://freebeacon.com/israel/israel-asked-un-security-council-to-reschedule-gaza-meeting-slated-for-rosh-hashanah-but-the-meeting-remains-set-letter-reveals/
1264579062	20250922	202509	2025	2025.7178	LAB	UNIONS						LAB													0	012	012	01	1	-0.4	10	1	10	-1.18343195266273	4	Lake Macquarie, New South Wales, Australia	AS	AS02	5096	-33.0652	151.601	-1585125	0								4	Lake Macquarie, New South Wales, Australia	AS	AS02	5096	-33.0652	151.601	-1585125	20250922203000	https://www.newcastleherald.com.au/story/9072223/graincorp-workers-strike-at-newcastle-port-over-pay-dispute/
1264579063	20250922	202509	2025	2025.7178	LAB	EMPLOYEE						LAB													0	026	026	02	1	4.0	20	2	20	-3.65853658536586	2	Utah, United States	US	USUT		40.1135	-111.854	UT	0								2	Utah, United States	US	USUT		40.1135	-111.854	UT	20250922203000	https://www.wfyi.org/news/articles/fired-over-post-about-charlie-kirk-ball-state-staff-member-sues-university-president
1264579064	20250922	202509	2025	2025.7178	LAB	UNIONS						LAB													1	112	112	11	3	-2.0	5	1	5	-1.18343195266273	4	Port Of Newcastle, New South Wales, Australia	AS	AS02	5096	-32.9333	151.783	-1591320	0								4	Port Of Newcastle, New South Wales, Australia	AS	AS02	5096	-32.9333	151.783	-1591320	20250922203000	https://www.newcastleherald.com.au/story/9072223/graincorp-workers-strike-at-newcastle-port-over-pay-dispute/
1264579065	20250922	202509	2025	2025.7178	LAB	WORKER						LAB			CRM	PERPETRATOR						CRM			0	012	012	01	1	-0.4	3	1	3	-4.83460559796438	1	Malaysia	MY	MY		2.5	112.5	MY	1	Malaysia	MY	MY		2.5	112.5	MY	1	Malaysia	MY	MY		2.5	112.5	MY	20250922203000	https://www.dailymail.co.uk/news/article-15123353/Emergency-gas-workers-rushed-UK-town-leak-fears-worlds-smelliest-fruit.html
1264579066	20250922	202509	2025	2025.7178	LAB	WORKER						LAB			CRM	PERPETRATOR						CRM			0	013	013	01	1	0.4	3	1	3	-4.83460559796438	1	Malaysia	MY	MY		2.5	112.5	MY	1	Malaysia	MY	MY		2.5	112.5	MY	1	Malaysia	MY	MY		2.5	112.5	MY	20250922203000	https://www.dailymail.co.uk/news/article-15123353/Emergency-gas-workers-rushed-UK-town-leak-fears-worlds-smelliest-fruit.html
1264579067	20250922	202509	2025	2025.7178	LAB	STAFF MEMBER						LAB			EDUGOV	UNIVERSITY						EDU	GOV		1	112	112	11	3	-2.0	10	2	10	-3.65853658536586	2	Utah, United States	US	USUT		40.1135	-111.854	UT	2	Utah, United States	US	USUT		40.1135	-111.854	UT	2	Utah, United States	US	USUT		40.1135	-111.854	UT	20250922203000	https://www.wfyi.org/news/articles/fired-over-post-about-charlie-kirk-ball-state-staff-member-sues-university-president
1264579068	20250922	202509	2025	2025.7178	LAB	WORKER						LAB			GBR	UNITED KINGDOM	GBR								1	042	042	04	1	1.9	10	1	10	-4.83460559796438	1	Malaysia	MY	MY		2.5	112.5	MY	1	Malaysia	MY	MY		2.5	112.5	MY	1	Malaysia	MY	MY		2.5	112.5	MY	20250922203000	https://www.dailymail.co.uk/news/article-15123353/Emergency-gas-workers-rushed-UK-town-leak-fears-worlds-smelliest-fruit.html
1264579069	20250922	202509	2025	2025.7178	LEG	SENATE						LEG													0	180	180	18	4	-9.0	3	1	3	-5.02933780385583	2	Rhode Island, United States	US	USRI		41.6772	-71.5101	RI	0								2	Rhode Island, United States	US	USRI		41.6772	-71.5101	RI	20250922203000	https://hotair.com/tree-hugging-sister/2025/09/22/the-trump-war-on-poor-innocent-venezuelan-fisher-folk-working-side-drug-running-gigs-continues-n3807058
1264579070	20250922	202509	2025	2025.7178	LEG	SENATOR						LEG			AUS	AUSTRALIA	AUS								0	010	010	01	1	0.0	6	1	6	-4.80274442538594	1	Australia	AS	AS		-25	135	AS	1	Australia	AS	AS		-25	135	AS	1	Australia	AS	AS		-25	135	AS	20250922203000	https://www.sbs.com.au/news/article/were-accepting-russian-blood-oil-pressure-to-sanction-petroleum-made-of-russian-crude/kp2dtrcxy
1264579071	20250922	202509	2025	2025.7178	LEG	SENATOR						LEG			AUS	AUSTRALIA	AUS								0	010	010	01	1	0.0	2	1	2	-4.80274442538594	1	Russia	RS	RS		60	100	RS	1	Australia	AS	AS		-25	135	AS	1	Australia	AS	AS		-25	135	AS	20250922203000	https://www.sbs.com.au/news/article/were-accepting-russian-blood-oil-pressure-to-sanction-petroleum-made-of-russian-crude/kp2dtrcxy
1264579072	20250922	202509	2025	2025.7178	LEG	SENATOR						LEG			AUS	AUSTRALIA	AUS								0	042	042	04	1	1.9	6	1	6	-4.80274442538594	1	Australia	AS	AS		-25	135	AS	1	Australia	AS	AS		-25	135	AS	1	Australia	AS	AS		-25	135	AS	20250922203000	https://www.sbs.com.au/news/article/were-accepting-russian-blood-oil-pressure-to-sanction-petroleum-made-of-russian-crude/kp2dtrcxy
1264579073	20250922	202509	2025	2025.7178	LEG	SENATOR						LEG			AUS	AUSTRALIA	AUS								0	042	042	04	1	1.9	2	1	2	-4.80274442538594	1	Russia	RS	RS		60	100	RS	1	Australia	AS	AS		-25	135	AS	1	Australia	AS	AS		-25	135	AS	20250922203000	https://www.sbs.com.au/news/article/were-accepting-russian-blood-oil-pressure-to-sanction-petroleum-made-of-russian-crude/kp2dtrcxy
1264579074	20250922	202509	2025	2025.7178	LEG	NATIONAL COUNCIL						LEG			GOV	PRESIDENT						GOV			0	0253	025	02	1	-0.3	10	1	10	-4.41176470588235	1	United Kingdom	UK	UK		54	-4	UK	1	United Kingdom	UK	UK		54	-4	UK	1	United Kingdom	UK	UK		54	-4	UK	20250922203000	https://www.indiatoday.in/world/story/who-is-alaa-abd-el-fattah-egypts-arab-spring-activist-pardoned-after-12-years-glbs-2791683-2025-09-23
1264579075	20250922	202509	2025	2025.7178	LEG	NATIONAL COUNCIL						LEG			GOV	PRESIDENT						GOV			0	080	080	08	2	5.0	6	1	6	-2.82167042889391	4	Tehran, Tehran, Iran	IR	IR26	41130	35.75	51.5148	10074674	4	Tehran, Tehran, Iran	IR	IR26	41130	35.75	51.5148	10074674	4	Tehran, Tehran, Iran	IR	IR26	41130	35.75	51.5148	10074674	20250922203000	https://hotair.com/ed-morrissey/2025/09/22/irans-people-deserve-international-support-for-their-resistance-and-right-to-self-determination-n3807055
1264579076	20250922	202509	2025	2025.7178	LEG	NATIONAL COUNCIL						LEG			GOV	PRESIDENT						GOV			0	084	084	08	2	7.0	10	1	10	-4.41176470588235	1	United Kingdom	UK	UK		54	-4	UK	1	United Kingdom	UK	UK		54	-4	UK	1	United Kingdom	UK	UK		54	-4	UK	20250922203000	https://www.indiatoday.in/world/story/who-is-alaa-abd-el-fattah-egypts-arab-spring-activist-pardoned-after-12-years-glbs-2791683-2025-09-23
1264579077	20250922	202509	2025	2025.7178	LEG	SENATOR						LEG			HLH	NURSE						HLH			0	020	020	02	1	3.0	4	1	4	1.73160173160173	3	Palmetto, South Carolina, United States	US	USSC	SC031	34.2521	-79.8273	1227957	3	Palmetto, South Carolina, United States	US	USSC	SC031	34.2521	-79.8273	1227957	3	Palmetto, South Carolina, United States	US	USSC	SC031	34.2521	-79.8273	1227957	20250922203000	https://www.fitsnews.com/2025/09/22/south-carolina-bills-seek-to-define-rural-healthcare-access/
1264579078	20250922	202509	2025	2025.7178	LEG	CHAMBER						LEG			JPN	JAPANESE	JPN								0	010	010	01	1	0.0	10	1	10	3.27298050139276	1	Japan	JA	JA		36	138	JA	1	Japan	JA	JA		36	138	JA	1	Japan	JA	JA		36	138	JA	20250922203000	https://www.mcall.com/2025/09/22/jose-garces-okatshe-allentown-opening/
1264579079	20250922	202509	2025	2025.7178	LEG	CHAMBER						LEG			KAZ	KAZAKHSTAN	KAZ								1	040	040	04	1	1.0	10	1	10	4.1958041958042	4	Astana, Gorod Astana, Kazakhstan	KZ	KZ05	37174	51.1811	71.4278	-2334218	4	Astana, Gorod Astana, Kazakhstan	KZ	KZ05	37174	51.1811	71.4278	-2334218	4	Astana, Gorod Astana, Kazakhstan	KZ	KZ05	37174	51.1811	71.4278	-2334218	20250922203000	https://www.trend.az/business/4093986.html
1264579080	20250922	202509	2025	2025.7178	LEG	CHAMBER						LEG			KAZ	KAZAKHSTAN	KAZ								1	046	046	04	1	7.0	10	1	10	4.1958041958042	4	Astana, Gorod Astana, Kazakhstan	KZ	KZ05	37174	51.1811	71.4278	-2334218	4	Astana, Gorod Astana, Kazakhstan	KZ	KZ05	37174	51.1811	71.4278	-2334218	4	Astana, Gorod Astana, Kazakhstan	KZ	KZ05	37174	51.1811	71.4278	-2334218	20250922203000	https://www.trend.az/business/4093986.html
1264579081	20250922	202509	2025	2025.7178	LEG	LAWMAKER						LEG			MIL	MILITARY						MIL			1	050	050	05	1	3.5	10	1	10	-0.26246719160105	4	Beijing, Beijing, China	CH	CH22	13001	39.9289	116.388	-1898541	4	Beijing, Beijing, China	CH	CH22	13001	39.9289	116.388	-1898541	4	Beijing, Beijing, China	CH	CH22	13001	39.9289	116.388	-1898541	20250922203000	https://nagalandpost.com/us-lawmakers-seek-to-improve-military-ties-with-china/
1264579082	20250922	202509	2025	2025.7178	LEG	PARLIAMENT						LEG			ZMBCVL	ZAMBIA	ZMB					CVL			1	051	051	05	1	3.4	5	1	5	5.57103064066853	1	South Africa	SF	SF		-30	26	SF	1	South Africa	SF	SF		-30	26	SF	1	South Africa	SF	SF		-30	26	SF	20250922203000	https://www.opportunitiesforafricans.com/beit-trust-postgraduate-scholarships-2026-2027/
1264579083	20250922	202509	2025	2025.7178	LEG	PARLIAMENT						LEG			ZWE	ZIMBABWE	ZWE								1	051	051	05	1	3.4	2	1	2	5.57103064066853	1	South Africa	SF	SF		-30	26	SF	1	South Africa	SF	SF		-30	26	SF	1	South Africa	SF	SF		-30	26	SF	20250922203000	https://www.opportunitiesforafricans.com/beit-trust-postgraduate-scholarships-2026-2027/
1264579084	20250922	202509	2025	2025.7178	MDV	MALDIVE	MDV																		1	042	042	04	1	1.9	1	1	1	3.67965367965368	4	Al Hamriyah, Al Anbar, Iraq	IZ	IZ01	123566	34.4598	41.6617	10143955	0								4	Al Hamriyah, Al Anbar, Iraq	IZ	IZ01	123566	34.4598	41.6617	10143955	20250922203000	https://www.gulftoday.ae/news/2025/09/22/sheikh-sultan-attends-opening-of-25th-sharjah-international-narrator-forum
1264579085	20250922	202509	2025	2025.7178	MDV	MALDIVE	MDV																		1	042	042	04	1	1.9	13	1	4	3.67965367965368	1	Maldives	MV	MV		3.2	73	MV	0								1	Maldives	MV	MV		3.2	73	MV	20250922203000	https://www.gulftoday.ae/news/2025/09/22/sheikh-sultan-attends-opening-of-25th-sharjah-international-narrator-forum
1264579086	20250922	202509	2025	2025.7178	MDV	MALDIVE	MDV																		0	051	051	05	1	3.4	3	1	3	3.67965367965368	4	Al Hamriyah, Al Anbar, Iraq	IZ	IZ01	123566	34.4598	41.6617	10143955	0								4	Al Hamriyah, Al Anbar, Iraq	IZ	IZ01	123566	34.4598	41.6617	10143955	20250922203000	https://www.gulftoday.ae/news/2025/09/22/sheikh-sultan-attends-opening-of-25th-sharjah-international-narrator-forum
1264579087	20250922	202509	2025	2025.7178	MDV	MALDIVE	MDV																		0	070	070	07	2	7.0	4	1	4	3.67965367965368	1	Maldives	MV	MV		3.2	73	MV	0								1	Saudi Arabia	SA	SA		25	45	SA	20250922203000	https://www.gulftoday.ae/news/2025/09/22/sheikh-sultan-attends-opening-of-25th-sharjah-international-narrator-forum
1264579088	20250922	202509	2025	2025.7178	MDV	MALDIVE	MDV								CVL	TRAVELLER						CVL			0	010	010	01	1	0.0	4	1	4	3.67965367965368	1	Maldives	MV	MV		3.2	73	MV	1	Maldives	MV	MV		3.2	73	MV	1	Maldives	MV	MV		3.2	73	MV	20250922203000	https://www.gulftoday.ae/news/2025/09/22/sheikh-sultan-attends-opening-of-25th-sharjah-international-narrator-forum
1264579089	20250922	202509	2025	2025.7178	MDV	MALDIVE	MDV								CVL	TRAVELLER						CVL			1	042	042	04	1	1.9	1	1	1	3.67965367965368	4	Al Hamriyah, Al Anbar, Iraq	IZ	IZ01	123566	34.4598	41.6617	10143955	1	Maldives	MV	MV		3.2	73	MV	4	Al Hamriyah, Al Anbar, Iraq	IZ	IZ01	123566	34.4598	41.6617	10143955	20250922203000	https://www.gulftoday.ae/news/2025/09/22/sheikh-sultan-attends-opening-of-25th-sharjah-international-narrator-forum
1264579090	20250922	202509	2025	2025.7178	MDV	MALDIVE	MDV								CVL	TRAVELLER						CVL			1	042	042	04	1	1.9	1	1	1	3.67965367965368	1	Maldives	MV	MV		3.2	73	MV	1	Maldives	MV	MV		3.2	73	MV	1	Maldives	MV	MV		3.2	73	MV	20250922203000	https://www.gulftoday.ae/news/2025/09/22/sheikh-sultan-attends-opening-of-25th-sharjah-international-narrator-forum
1264579091	20250922	202509	2025	2025.7178	MDV	MALDIVE	MDV								EDU	UNIVERSITY						EDU			1	173	173	17	4	-5.0	2	1	2	3.67965367965368	1	Maldives	MV	MV		3.2	73	MV	1	Maldives	MV	MV		3.2	73	MV	1	Maldives	MV	MV		3.2	73	MV	20250922203000	https://www.gulftoday.ae/news/2025/09/22/sheikh-sultan-attends-opening-of-25th-sharjah-international-narrator-forum
1264579092	20250922	202509	2025	2025.7178	MDV	MALDIVE	MDV								GOV	RULER						GOV			1	051	051	05	1	3.4	4	1	4	3.67965367965368	1	Maldives	MV	MV		3.2	73	MV	1	Maldives	MV	MV		3.2	73	MV	1	Maldives	MV	MV		3.2	73	MV	20250922203000	https://www.gulftoday.ae/news/2025/09/22/sheikh-sultan-attends-opening-of-25th-sharjah-international-narrator-forum
1264579093	20250922	202509	2025	2025.7178	MED	MEDIA						MED													0	018	018	01	1	3.4	3	1	3	-2.20162224797219	3	Los Angeles, California, United States	US	USCA	CA037	34.0522	-118.244	1662328	0								3	Los Angeles, California, United States	US	USCA		34.0522	-118.244	1662328	20250922203000	https://www.aol.com/articles/jimmy-kimmels-show-return-air-193923064.html
1264579094	20250922	202509	2025	2025.7178	MED	MEDIA						MED													0	018	018	01	1	3.4	3	1	3	-2.20162224797219	3	White House, District of Columbia, United States	US	USDC		38.8951	-77.0364	531871	0								3	White House, District of Columbia, United States	US	USDC		38.8951	-77.0364	531871	20250922203000	https://www.aol.com/articles/jimmy-kimmels-show-return-air-193923064.html
1264579095	20250922	202509	2025	2025.7178	MED	MEDIA						MED													1	020	020	02	1	3.0	3	1	3	-1.33333333333334	4	Bucharest, Bucuresti, Romania	RO	RO10	25006	44.4333	26.1	-1153951	0								4	Bucharest, Bucuresti, Romania	RO	RO10	25006	44.4333	26.1	-1153951	20250922203000	https://www.primetimer.com/news/andrew-tate-touts-charlie-kirks-memorial-as-amazing-but-wonders-do-we-have-america-back
1264579096	20250922	202509	2025	2025.7178	MED	MEDIA						MED													1	020	020	02	1	3.0	1	1	1	-1.33333333333334	4	Bucharest, Bucuresti, Romania	RO	RO10	25006	44.4333	26.1	-1153951	0								2	Arizona, United States	US	USAZ		33.7712	-111.388	AZ	20250922203000	https://www.primetimer.com/news/andrew-tate-touts-charlie-kirks-memorial-as-amazing-but-wonders-do-we-have-america-back
1264579097	20250922	202509	2025	2025.7178	MED	MEDIA						MED													0	020	020	02	1	3.0	3	1	3	3.91705069124424	4	La Trobe, Tasmania, Australia	AS	AS06	5344	-41.2362	146.417	-1583130	0								4	La Trobe, Tasmania, Australia	AS	AS06	5344	-41.2362	146.417	-1583130	20250922203000	https://www.brokernews.com.au/news/breaking-news/asic-urges-stronger-standards-in-200bn-private-credit-sector-288078.aspx
1264579098	20250922	202509	2025	2025.7178	MED	WRITER						MED													0	020	020	02	1	3.0	6	1	6	-1.83299389002036	3	Hollywood, California, United States	US	USCA	CA037	34.0983	-118.327	1660757	0								3	Hollywood, California, United States	US	USCA	CA037	34.0983	-118.327	1660757	20250922203000	https://hotair.com/john-s-2/2025/09/22/jimmy-kimmels-cousin-doesnt-think-the-show-is-coming-back-even-as-celebrities-unite-n3807061
1264579099	20250922	202509	2025	2025.7178	MED	MEDIA						MED													1	020	020	02	1	3.0	1	1	1	-1.33333333333334	2	Arizona, United States	US	USAZ		33.7712	-111.388	AZ	0								4	Bucharest, Bucuresti, Romania	RO	RO10	25006	44.4333	26.1	-1153951	20250922203000	https://www.primetimer.com/news/andrew-tate-touts-charlie-kirks-memorial-as-amazing-but-wonders-do-we-have-america-back
1264579100	20250922	202509	2025	2025.7178	MED	WRITER						MED													1	036	036	03	1	4.0	6	1	6	0.15649452269171	3	Phoenix, Arizona, United States	US	USAZ	AZ013	33.4484	-112.074	44784	0								3	Phoenix, Arizona, United States	US	USAZ	AZ013	33.4484	-112.074	44784	20250922203000	https://comicbook.com/tv-shows/news/harry-potter-fans-just-got-the-best-look-at-the-future-we-all-deserved-and-will-never-get/
1264579101	20250922	202509	2025	2025.7178	MED	MEDIA						MED													1	046	046	04	1	7.0	10	1	10	0.85106382978723	1	Australia	AS	AS		-25	135	AS	0								1	Australia	AS	AS		-25	135	AS	20250922203000	https://www.opportunitiesforafricans.com/the-women-deliver-2026-conference-wd2026-media-scholarships/
1264579102	20250922	202509	2025	2025.7178	MED	COLUMNIST						MED													1	110	110	11	3	-2.0	6	1	6	-5.24590163934426	2	Arizona, United States	US	USAZ		33.7712	-111.388	AZ	0								2	Arizona, United States	US	USAZ		33.7712	-111.388	AZ	20250922203000	https://710wor.iheart.com/content/2025-09-22-they-had-a-gubernatorial-debate-in-new-jersey-sunday-too-bad-nobody-saw-it/
1264579103	20250922	202509	2025	2025.7178	MED	MEDIA						MED													1	1821	182	18	4	-9.0	3	1	3	-1.33333333333334	4	Bucharest, Bucuresti, Romania	RO	RO10	25006	44.4333	26.1	-1153951	0								4	Bucharest, Bucuresti, Romania	RO	RO10	25006	44.4333	26.1	-1153951	20250922203000	https://www.primetimer.com/news/andrew-tate-touts-charlie-kirks-memorial-as-amazing-but-wonders-do-we-have-america-back
1264579104	20250922	202509	2025	2025.7178	MED	MEDIA						MED													1	1821	182	18	4	-9.0	1	1	1	-1.33333333333334	4	Bucharest, Bucuresti, Romania	RO	RO10	25006	44.4333	26.1	-1153951	0								2	Arizona, United States	US	USAZ		33.7712	-111.388	AZ	20250922203000	https://www.primetimer.com/news/andrew-tate-touts-charlie-kirks-memorial-as-amazing-but-wonders-do-we-have-america-back
1264579105	20250922	202509	2025	2025.7178	MED	MEDIA						MED													1	1821	182	18	4	-9.0	1	1	1	-1.33333333333334	2	Arizona, United States	US	USAZ		33.7712	-111.388	AZ	0								2	Arizona, United States	US	USAZ		33.7712	-111.388	AZ	20250922203000	https://www.primetimer.com/news/andrew-tate-touts-charlie-kirks-memorial-as-amazing-but-wonders-do-we-have-america-back
1264579106	20250922	202509	2025	2025.7178	MED	WEBSITE						MED			AGR	FARMER						AGR			0	043	043	04	1	2.8	10	1	10	-4.51127819548872	2	North Dakota, United States	US	USND		47.5362	-99.793	ND	2	North Dakota, United States	US	USND		47.5362	-99.793	ND	2	North Dakota, United States	US	USND		47.5362	-99.793	ND	20250922203000	https://www.kfyrtv.com/2025/09/22/bird-flu-move-what-know-this-season/
1264579107	20250922	202509	2025	2025.7178	MED	MEDIA						MED			EUR	EUROPE	EUR								1	042	042	04	1	1.9	1	1	1	-0.90673575129534	4	Toronto, Ontario, Canada	CA	CA08	12686	43.6667	-79.4167	-574890	4	Toronto, Ontario, Canada	CA	CA08	12686	43.6667	-79.4167	-574890	4	Toronto, Ontario, Canada	CA	CA08	12686	43.6667	-79.4167	-574890	20250922203000	https://nypost.com/2025/09/22/lifestyle/canadians-furious-at-american-travelers-for-flag-jacking-trend/
1264579108	20250922	202509	2025	2025.7178	MED	MEDIA						MED			EUR	EUROPE	EUR								1	042	042	04	1	1.9	2	1	2	-0.90673575129534	1	United States	US	US		39.828175	-98.5795	US	4	Toronto, Ontario, Canada	CA	CA08	12686	43.6667	-79.4167	-574890	4	Toronto, Ontario, Canada	CA	CA08	12686	43.6667	-79.4167	-574890	20250922203000	https://nypost.com/2025/09/22/lifestyle/canadians-furious-at-american-travelers-for-flag-jacking-trend/
1264579109	20250922	202509	2025	2025.7178	MED	NATIONAL PRESS						MED			GOV	PRESIDENT						GOV			1	180	180	18	4	-9.0	3	1	3	-2.92887029288703	1	United States	US	US		39.828175	-98.5795	US	1	United States	US	US		39.828175	-98.5795	US	1	United States	US	US		39.828175	-98.5795	US	20250922203000	https://www.aol.com/articles/trump-contradicts-hegseths-directive-press-194031111.html
1264579110	20250922	202509	2025	2025.7178	MED	NATIONAL PRESS						MED			MIL	MILITARY						MIL			1	180	180	18	4	-9.0	5	1	5	-2.92887029288703	1	United States	US	US		39.828175	-98.5795	US	1	United States	US	US		39.828175	-98.5795	US	1	United States	US	US		39.828175	-98.5795	US	20250922203000	https://www.aol.com/articles/trump-contradicts-hegseths-directive-press-194031111.html
1264579111	20250922	202509	2025	2025.7178	MED	MEDIA						MED			PHL	FILIPINO	PHL								0	046	046	04	1	7.0	5	1	5	-5.63524590163935	4	Malaca, Pangasinan, Philippines	RP	RP51	24225	15.8334	120.378	-2436250	4	Malaca, Pangasinan, Philippines	RP	RP51	24225	15.8334	120.378	-2436250	4	Malaca, Pangasinan, Philippines	RP	RP51	24225	15.8334	120.378	-2436250	20250922203000	https://malaya.com.ph/news/national-news/politician-lawyer-hacktivists-linked-to-rally-violence/
1264579112	20250922	202509	2025	2025.7178	MED	WRITER						MED			USA	UNITED STATES	USA								1	036	036	03	1	4.0	4	1	4	0.15649452269171	3	Phoenix, Arizona, United States	US	USAZ	AZ013	33.4484	-112.074	44784	3	Phoenix, Arizona, United States	US	USAZ	AZ013	33.4484	-112.074	44784	3	Phoenix, Arizona, United States	US	USAZ	AZ013	33.4484	-112.074	44784	20250922203000	https://comicbook.com/tv-shows/news/harry-potter-fans-just-got-the-best-look-at-the-future-we-all-deserved-and-will-never-get/
1264579113	20250922	202509	2025	2025.7178	MED	MEDIA						MED			USA	UNITED STATES	USA								1	042	042	04	1	1.9	1	1	1	-0.90673575129534	4	Toronto, Ontario, Canada	CA	CA08	12686	43.6667	-79.4167	-574890	1	United States	US	US		39.828175	-98.5795	US	4	Toronto, Ontario, Canada	CA	CA08	12686	43.6667	-79.4167	-574890	20250922203000	https://nypost.com/2025/09/22/lifestyle/canadians-furious-at-american-travelers-for-flag-jacking-trend/
1264579114	20250922	202509	2025	2025.7178	MED	MEDIA						MED			USA	UNITED STATES	USA								1	042	042	04	1	1.9	3	1	3	-0.90673575129534	1	United States	US	US		39.828175	-98.5795	US	1	United States	US	US		39.828175	-98.5795	US	4	Toronto, Ontario, Canada	CA	CA08	12686	43.6667	-79.4167	-574890	20250922203000	https://nypost.com/2025/09/22/lifestyle/canadians-furious-at-american-travelers-for-flag-jacking-trend/
1264579115	20250922	202509	2025	2025.7178	MED	WRITER						MED			USA	NEW YORK	USA								0	051	051	05	1	3.4	2	1	2	-3.87374461979914	3	Roosevelt Island, New York, United States	US	USNY	NY061	40.7626	-73.9493	979966	3	Roosevelt Island, New York, United States	US	USNY		40.7626	-73.9493	979966	3	Roosevelt Island, New York, United States	US	USNY		40.7626	-73.9493	979966	20250922203000	https://www.nydailynews.com/2025/09/22/zohran-mamdani-cancels-abc-town-hall-appearance-in-protest-of-jimmy-kimmel-suspension/
1264579116	20250922	202509	2025	2025.7178	MED	NATIONAL PRESS						MED			USA	UNITED STATES	USA								1	180	180	18	4	-9.0	1	1	1	-2.92887029288703	1	United States	US	US		39.828175	-98.5795	US	1	United States	US	US		39.828175	-98.5795	US	1	United States	US	US		39.828175	-98.5795	US	20250922203000	https://www.aol.com/articles/trump-contradicts-hegseths-directive-press-194031111.html
1264579117	20250922	202509	2025	2025.7178	MED	NATIONAL PRESS						MED			USAGOV	UNITED STATES	USA					GOV			1	180	180	18	4	-9.0	1	1	1	-2.92887029288703	1	United States	US	US		39.828175	-98.5795	US	1	United States	US	US		39.828175	-98.5795	US	1	United States	US	US		39.828175	-98.5795	US	20250922203000	https://www.aol.com/articles/trump-contradicts-hegseths-directive-press-194031111.html
1264579118	20250922	202509	2025	2025.7178	MEX	MEXICO	MEX																		1	040	040	04	1	1.0	3	1	3	-3.81679389312977	4	Tulum, Quintana Roo, Mexico	MX	MX23	20812	20.125	-87.45	6275817	0								4	Tulum, Quintana Roo, Mexico	MX	MX23	20812	20.125	-87.45	6275817	20250922203000	https://decider.com/2025/09/22/black-rabbit-episode-4-recap/
1264579119	20250922	202509	2025	2025.7178	MEX	MEXICO	MEX																		0	043	043	04	1	2.8	9	1	9	-3.81679389312977	4	Tulum, Quintana Roo, Mexico	MX	MX23	20812	20.125	-87.45	6275817	0								4	Tulum, Quintana Roo, Mexico	MX	MX23	20812	20.125	-87.45	6275817	20250922203000	https://decider.com/2025/09/22/black-rabbit-episode-4-recap/
1264579120	20250922	202509	2025	2025.7178	MEX	MEXICO	MEX																		0	193	193	19	4	-10.0	4	1	4	-3.81679389312977	4	Tulum, Quintana Roo, Mexico	MX	MX23	20812	20.125	-87.45	6275817	0								4	Tulum, Quintana Roo, Mexico	MX	MX23	20812	20.125	-87.45	6275817	20250922203000	https://decider.com/2025/09/22/black-rabbit-episode-4-recap/
1264579121	20250922	202509	2025	2025.7178	MEX	MEXICO	MEX								CRM	DRUG TRAFFICKER						CRM			0	090	090	09	2	-2.0	5	1	5	-5.17543859649123	1	Mexico	MX	MX		23	-102	MX	1	Mexico	MX	MX		23	-102	MX	1	Mexico	MX	MX		23	-102	MX	20250922203000	https://kvia.com/news/puente-news-collaborative/2025/09/22/predator-drones-shift-from-border-patrol-to-protest-surveillance/
1264579122	20250922	202509	2025	2025.7178	MIL	MILITARY						MIL													0	020	020	02	1	3.0	6	1	6	1.20593692022263	1	Singapore	SN	SN		1.366667	103.8	SN	0								1	India	IN	IN		20	77	IN	20250922203000	https://indiawest.com/the-great-skills-heist-why-india-should-charge-america-500000-for-every-h-1b-professional/
1264579123	20250922	202509	2025	2025.7178	MIL	MILITARY						MIL													0	020	020	02	1	3.0	4	1	4	1.20593692022263	1	Singapore	SN	SN		1.366667	103.8	SN	0								1	Singapore	SN	SN		1.366667	103.8	SN	20250922203000	https://indiawest.com/the-great-skills-heist-why-india-should-charge-america-500000-for-every-h-1b-professional/
1264579124	20250922	202509	2025	2025.7178	MIL	ARMY						MIL													0	051	051	05	1	3.4	8	4	8	0.68965517241379	3	Fort Stewart, Georgia, United States	US	USGA	GA267	31.8627	-81.5176	326134	0								3	Fort Stewart, Georgia, United States	US	USGA		31.8627	-81.5176	326134	20250922203000	https://www.kcra.com/article/bulldog-mascot-fort-stewart/68006130
1264579125	20250922	202509	2025	2025.7178	MIL	AIR FORCE						MIL													1	070	070	07	2	7.0	2	1	2	-4.33604336043361	4	Solapur, Maharashtra, India	IN	IN16	17782	17.6833	75.9167	-2111168	0								4	Pune, Maharashtra, India	IN	IN16	70178	18.5333	73.8667	-2108361	20250922203000	https://www.thehindu.com/news/cities/mumbai/one-killed-14-stranded-in-floodwaters-as-heavy-rains-wreak-havoc-in-maharashtra/article70082248.ece
1264579126	20250922	202509	2025	2025.7178	MIL	AIR FORCE						MIL													1	073	073	07	2	7.4	2	1	2	-4.33604336043361	4	Solapur, Maharashtra, India	IN	IN16	17782	17.6833	75.9167	-2111168	0								4	Pune, Maharashtra, India	IN	IN16	70178	18.5333	73.8667	-2108361	20250922203000	https://www.thehindu.com/news/cities/mumbai/one-killed-14-stranded-in-floodwaters-as-heavy-rains-wreak-havoc-in-maharashtra/article70082248.ece
1264579127	20250922	202509	2025	2025.7178	MIL	CAPTAIN						MIL													0	080	080	08	2	5.0	6	1	6	-3.53143841515936	1	United States	US	US		39.828175	-98.5795	US	0								1	United States	US	US		39.828175	-98.5795	US	20250922203000	https://comicbook.com/comics/news/7-marvel-villains-more-powerful-than-captain-america-that-he-still-beat-anyway/
1264579128	20250922	202509	2025	2025.7178	MIL	AIR FORCE						MIL													1	154	154	15	4	-7.2	5	1	5	-4.33604336043361	4	Jalna, Maharashtra, India	IN	IN16	70182	19.8333	75.8833	-2098154	0								4	Jalna, Maharashtra, India	IN	IN16	70182	19.8333	75.8833	-2098154	20250922203000	https://www.thehindu.com/news/cities/mumbai/one-killed-14-stranded-in-floodwaters-as-heavy-rains-wreak-havoc-in-maharashtra/article70082248.ece
1264579129	20250922	202509	2025	2025.7178	MIL	CAPTAIN						MIL													0	1712	171	17	4	-9.2	2	1	2	-3.53143841515936	1	United States	US	US		39.828175	-98.5795	US	0								1	United States	US	US		39.828175	-98.5795	US	20250922203000	https://comicbook.com/comics/news/7-marvel-villains-more-powerful-than-captain-america-that-he-still-beat-anyway/
1264579130	20250922	202509	2025	2025.7178	MIL	CARRIER						MIL			BUS	AIRLINE						BUS			1	036	036	03	1	4.0	10	2	10	-4.41949343421377	2	Florida, United States	US	USFL		27.8333	-81.717	FL	2	Florida, United States	US	USFL		27.8333	-81.717	FL	2	Florida, United States	US	USFL		27.8333	-81.717	FL	20250922203000	https://www.nvdaily.com/associated_press_national/spirit-airlines-to-furlough-1-800-flight-attendants-amid-second-bankruptcy/article_7f1f8fcf-c784-52e3-9049-dbcd46bb135d.html
1264579131	20250922	202509	2025	2025.7178	MIL	CAPTAIN						MIL			CVL	TRAVELER						CVL			1	010	010	01	1	0.0	3	1	3	-3.88349514563106	3	San Francisco, California, United States	US	USCA	CA075	37.7749	-122.419	277593	3	San Francisco, California, United States	US	USCA		37.7749	-122.419	277593	3	San Francisco, California, United States	US	USCA		37.7749	-122.419	277593	20250922203000	https://indiawest.com/indian-h1b-visa-holders-panic-flight-out-of-sfo-delayed/
1264579132	20250922	202509	2025	2025.7178	MIL	CAPTAIN						MIL			CVL	TRAVELER						CVL			1	010	010	01	1	0.0	2	1	2	-3.88349514563106	1	India	IN	IN		20	77	IN	1	India	IN	IN		20	77	IN	1	India	IN	IN		20	77	IN	20250922203000	https://indiawest.com/indian-h1b-visa-holders-panic-flight-out-of-sfo-delayed/
1264579133	20250922	202509	2025	2025.7178	MIL	ARMY						MIL			CVL	ENGINEER						CVL			0	0841	084	08	2	7.0	6	1	6	-3.79876796714579	3	Yadkin, North Carolina, United States	US	USNC	NC159	35.7212	-80.3989	1023334	3	Yadkin, North Carolina, United States	US	USNC	NC159	35.7212	-80.3989	1023334	3	Reddies River, North Carolina, United States	US	USNC		36.1524	-81.147	1027447	20250922203000	https://www.journalpatriot.com/news/helene-hit-western-nc-a-year-ago-this-week/article_038be025-866d-5def-9f1c-2423e981bba9.html
1264579134	20250922	202509	2025	2025.7178	MIL	ARMY						MIL			EDU	SCHOOL						EDU			0	110	110	11	3	-2.0	3	1	3	-0.57061340941512	2	Utah, United States	US	USUT		40.1135	-111.854	UT	2	Utah, United States	US	USUT		40.1135	-111.854	UT	2	Utah, United States	US	USUT		40.1135	-111.854	UT	20250922203000	https://www.13wmaz.com/article/news/local/macon/ace-principal-announces-retirement-after-flag-half-staff-controversy-former-principal-step-in/93-e7acc37e-ddd4-48ee-ac1f-109260704430
1264579135	20250922	202509	2025	2025.7178	MIL	MILITARY						MIL			GOV	GOVERNMENT						GOV			0	036	036	03	1	4.0	3	1	3	-5.17543859649123	3	Los Angeles, California, United States	US	USCA	CA037	34.0522	-118.244	1662328	1	Mexico	MX	MX		23	-102	MX	3	Washington, District of Columbia, United States	US	USDC	DC001	38.8951	-77.0364	531871	20250922203000	https://kvia.com/news/puente-news-collaborative/2025/09/22/predator-drones-shift-from-border-patrol-to-protest-surveillance/
1264579136	20250922	202509	2025	2025.7178	MIL	MILITARY						MIL			GOV	GOVERNMENT						GOV			0	036	036	03	1	4.0	1	1	1	-5.17543859649123	1	Mexico	MX	MX		23	-102	MX	1	Mexico	MX	MX		23	-102	MX	3	Washington, District of Columbia, United States	US	USDC	DC001	38.8951	-77.0364	531871	20250922203000	https://kvia.com/news/puente-news-collaborative/2025/09/22/predator-drones-shift-from-border-patrol-to-protest-surveillance/
1264579137	20250922	202509	2025	2025.7178	MIL	MILITARY						MIL			GOV	GOVERNMENT						GOV			0	036	036	03	1	4.0	1	1	1	-5.17543859649123	1	Mexico	MX	MX		23	-102	MX	1	Mexico	MX	MX		23	-102	MX	1	Mexico	MX	MX		23	-102	MX	20250922203000	https://kvia.com/news/puente-news-collaborative/2025/09/22/predator-drones-shift-from-border-patrol-to-protest-surveillance/
1264579138	20250922	202509	2025	2025.7178	MIL	CAPTAIN						MIL			GOV	RULER						GOV			0	190	190	19	4	-10.0	4	1	4	-3.53143841515936	1	United States	US	US		39.828175	-98.5795	US	1	United States	US	US		39.828175	-98.5795	US	1	United States	US	US		39.828175	-98.5795	US	20250922203000	https://comicbook.com/comics/news/7-marvel-villains-more-powerful-than-captain-america-that-he-still-beat-anyway/
1264579139	20250922	202509	2025	2025.7178	MIL	MILITARY						MIL			GOVHLH	MEDICAL OFFICIAL						GOV	HLH		1	046	046	04	1	7.0	10	1	10	2.95566502463055	2	Hawaii, United States	US	USHI		21.1098	-157.531	HI	2	Hawaii, United States	US	USHI		21.1098	-157.531	HI	2	Hawaii, United States	US	USHI		21.1098	-157.531	HI	20250922203000	https://indiawest.com/indian-military-officials-in-hawaii-to-study-medical-facilities/
1264579140	20250922	202509	2025	2025.7178	MIL	AIR FORCE						MIL			IND	PUNE	IND								1	070	070	07	2	7.0	3	1	3	-4.33604336043361	4	Solapur, Maharashtra, India	IN	IN16	17782	17.6833	75.9167	-2111168	4	Pune, Maharashtra, India	IN	IN16	70178	18.5333	73.8667	-2108361	4	Pune, Maharashtra, India	IN	IN16	70178	18.5333	73.8667	-2108361	20250922203000	https://www.thehindu.com/news/cities/mumbai/one-killed-14-stranded-in-floodwaters-as-heavy-rains-wreak-havoc-in-maharashtra/article70082248.ece
1264579141	20250922	202509	2025	2025.7178	MIL	AIR FORCE						MIL			IND	PUNE	IND								1	073	073	07	2	7.4	1	1	1	-4.33604336043361	4	Solapur, Maharashtra, India	IN	IN16	17782	17.6833	75.9167	-2111168	4	Pune, Maharashtra, India	IN	IN16	70178	18.5333	73.8667	-2108361	4	Pune, Maharashtra, India	IN	IN16	70178	18.5333	73.8667	-2108361	20250922203000	https://www.thehindu.com/news/cities/mumbai/one-killed-14-stranded-in-floodwaters-as-heavy-rains-wreak-havoc-in-maharashtra/article70082248.ece
1264579142	20250922	202509	2025	2025.7178	MIL	MILITARY						MIL			MED	MEDIA						MED			1	190	190	19	4	-10.0	2	1	2	-5.02933780385583	4	Guaca, Sucre, Venezuela	VE	VE19	32100	10.6699	-63.4008	-944828	4	Guaca, Sucre, Venezuela	VE	VE19	32100	10.6699	-63.4008	-944828	4	Guaca, Sucre, Venezuela	VE	VE19	32100	10.6699	-63.4008	-944828	20250922203000	https://hotair.com/tree-hugging-sister/2025/09/22/the-trump-war-on-poor-innocent-venezuelan-fisher-folk-working-side-drug-running-gigs-continues-n3807058
1264579143	20250922	202509	2025	2025.7178	MIL	MILITARY						MIL			MED	MEDIA						MED			1	190	190	19	4	-10.0	8	1	8	-5.02933780385583	2	Rhode Island, United States	US	USRI		41.6772	-71.5101	RI	4	Guaca, Sucre, Venezuela	VE	VE19	32100	10.6699	-63.4008	-944828	4	Guaca, Sucre, Venezuela	VE	VE19	32100	10.6699	-63.4008	-944828	20250922203000	https://hotair.com/tree-hugging-sister/2025/09/22/the-trump-war-on-poor-innocent-venezuelan-fisher-folk-working-side-drug-running-gigs-continues-n3807058
1264579144	20250922	202509	2025	2025.7178	MIL	ARMY						MIL			USA	UNITED STATES	USA								0	051	051	05	1	3.4	8	4	8	0.68965517241379	2	Georgia, United States	US	USGA		32.9866	-83.6487	GA	2	Georgia, United States	US	USGA		32.9866	-83.6487	GA	2	Georgia, United States	US	USGA		32.9866	-83.6487	GA	20250922203000	https://www.kcra.com/article/bulldog-mascot-fort-stewart/68006130
1264579145	20250922	202509	2025	2025.7178	MIL	MILITARY						MIL			USA	ALASKA	USA								1	150	150	15	4	-7.2	10	1	10	2.95566502463055	2	Hawaii, United States	US	USHI		21.1098	-157.531	HI	2	Hawaii, United States	US	USHI		21.1098	-157.531	HI	2	Hawaii, United States	US	USHI		21.1098	-157.531	HI	20250922203000	https://indiawest.com/indian-military-officials-in-hawaii-to-study-medical-facilities/
1264579146	20250922	202509	2025	2025.7178	MIL	CAPTAIN						MIL			USA	UNITED STATES	USA								0	1712	171	17	4	-9.2	2	1	2	-3.53143841515936	1	United States	US	US		39.828175	-98.5795	US	1	United States	US	US		39.828175	-98.5795	US	1	United States	US	US		39.828175	-98.5795	US	20250922203000	https://comicbook.com/comics/news/7-marvel-villains-more-powerful-than-captain-america-that-he-still-beat-anyway/
1264579147	20250922	202509	2025	2025.7178	MILCVL	MILITARY						MIL	CVL												1	036	036	03	1	4.0	2	1	2	3.23741007194245	2	Kentucky, United States	US	USKY		37.669	-84.6514	KY	0								2	Kentucky, United States	US	USKY		37.669	-84.6514	KY	20250922203000	https://www.cnybj.com/dav-recruitmilitary-to-host-military-community-job-fairs-in-syracuse-watertown-this-week/
1264579148	20250922	202509	2025	2025.7178	MILCVL	MILITARY						MIL	CVL		USA	UNITED STATES	USA								1	036	036	03	1	4.0	4	1	4	3.23741007194245	2	Kentucky, United States	US	USKY		37.669	-84.6514	KY	2	Virginia, United States	US	USVA		37.768	-78.2057	VA	2	Kentucky, United States	US	USKY		37.669	-84.6514	KY	20250922203000	https://www.cnybj.com/dav-recruitmilitary-to-host-military-community-job-fairs-in-syracuse-watertown-this-week/
1264579149	20250922	202509	2025	2025.7178	MILCVL	MILITARY						MIL	CVL		USA	UNITED STATES	USA								1	036	036	03	1	4.0	4	1	4	3.23741007194245	2	Virginia, United States	US	USVA		37.768	-78.2057	VA	2	Virginia, United States	US	USVA		37.768	-78.2057	VA	2	Kentucky, United States	US	USKY		37.669	-84.6514	KY	20250922203000	https://www.cnybj.com/dav-recruitmilitary-to-host-military-community-job-fairs-in-syracuse-watertown-this-week/
1264579150	20250922	202509	2025	2025.7178	MNC	EXXON						MNC													1	020	020	02	1	3.0	2	1	2	4.7808764940239	3	Hopkinsville, Kentucky, United States	US	USKY	KY047	36.8656	-87.4886	494550	0								3	Hopkinsville, Kentucky, United States	US	USKY	KY047	36.8656	-87.4886	494550	20250922203000	https://whopam.com/2025/09/22/exxonmobil-looks-to-acquire-superior-graphite-including-in-hopkinsville/
1264579151	20250922	202509	2025	2025.7178	MNC	EXXON						MNC			KAZ	KAZAKHSTAN	KAZ								1	040	040	04	1	1.0	2	1	2	7.75862068965517	2	New York, United States	US	USNY		42.1497	-74.9384	NY	4	Astana, Gorod Astana, Kazakhstan	KZ	KZ05	37174	51.1811	71.4278	-2334218	4	Astana, Gorod Astana, Kazakhstan	KZ	KZ05	37174	51.1811	71.4278	-2334218	20250922203000	https://www.trend.az/business/4093991.html
1264579152	20250922	202509	2025	2025.7178	MNC	EXXON						MNC			KAZGOV	KAZAKHSTAN	KAZ					GOV			1	040	040	04	1	1.0	4	1	4	7.75862068965517	4	Astana, Gorod Astana, Kazakhstan	KZ	KZ05	37174	51.1811	71.4278	-2334218	4	Astana, Gorod Astana, Kazakhstan	KZ	KZ05	37174	51.1811	71.4278	-2334218	4	Astana, Gorod Astana, Kazakhstan	KZ	KZ05	37174	51.1811	71.4278	-2334218	20250922203000	https://www.trend.az/business/4093991.html
1264579153	20250922	202509	2025	2025.7178	MNC	EXXON						MNC			KAZGOV	KAZAKHSTAN	KAZ					GOV			1	040	040	04	1	1.0	4	1	4	7.75862068965517	2	New York, United States	US	USNY		42.1497	-74.9384	NY	4	Astana, Gorod Astana, Kazakhstan	KZ	KZ05	37174	51.1811	71.4278	-2334218	4	Astana, Gorod Astana, Kazakhstan	KZ	KZ05	37174	51.1811	71.4278	-2334218	20250922203000	https://www.trend.az/business/4093991.html
1264579154	20250922	202509	2025	2025.7178	MNC	EXXON						MNC			USA	UNITED STATES	USA								1	020	020	02	1	3.0	8	1	8	4.7808764940239	3	Hopkinsville, Kentucky, United States	US	USKY	KY047	36.8656	-87.4886	494550	3	Hopkinsville, Kentucky, United States	US	USKY	KY047	36.8656	-87.4886	494550	3	Hopkinsville, Kentucky, United States	US	USKY	KY047	36.8656	-87.4886	494550	20250922203000	https://whopam.com/2025/09/22/exxonmobil-looks-to-acquire-superior-graphite-including-in-hopkinsville/
1264579155	20250922	202509	2025	2025.7178	MNCJPN	TOYOTA	JPN					MNC			BOL	LA PAZ	BOL								1	010	010	01	1	0.0	5	1	5	-3.83480825958702	0								0								0								20250922203000	https://patch.com/california/temecula/temecula-crash-sends-2-hospital-sheriff-investigating
1264579156	20250922	202509	2025	2025.7178	MNCUSA	MICROSOFT	USA					MNC													0	030	030	03	1	4.0	2	1	2	2.0497803806735	1	Taiwan	TW	TW		24	121	TW	0								1	China	CH	CH		35	105	CH	20250922203000	https://www.theglobeandmail.com/business/article-nvidia-to-invest-100-billion-in-openai/
1264579157	20250922	202509	2025	2025.7178	MNCUSA	BOEING	USA					MNC													1	050	050	05	1	3.5	5	1	5	2.45398773006135	4	Astana, Gorod Astana, Kazakhstan	KZ	KZ05	37174	51.1811	71.4278	-2334218	0								4	Astana, Gorod Astana, Kazakhstan	KZ	KZ05	37174	51.1811	71.4278	-2334218	20250922203000	https://www.trend.az/business/4093979.html
1264579158	20250922	202509	2025	2025.7178	MNCUSA	DISNEY	USA					MNC			BUS	COMPANY						BUS			1	043	043	04	1	2.8	10	2	10	-3.63636363636364	0								0								0								20250922203000	https://abc7chicago.com/post/jimmy-kimmel-return-air-tuesday/17866975/
1264579159	20250922	202509	2025	2025.7178	MNCUSA	NORTHROP GRUMMAN	USA					MNC			TWN	TAIWAN	TWN								1	057	057	05	1	8.0	5	1	5	2.7027027027027	4	Taipei, T'ai-pei, Taiwan	TW	TW03	13277	25.0478	121.532	-2637882	4	Taipei, T'ai-pei, Taiwan	TW	TW03	13277	25.0478	121.532	-2637882	4	Taipei, T'ai-pei, Taiwan	TW	TW03	13277	25.0478	121.532	-2637882	20250922203000	https://militaryembedded.com/radar-ew/sensors/antps78-radar-to-be-delivered-to-taiwan-by-northrop-grumman-partners
1264579160	20250922	202509	2025	2025.7178	MNCUSA	CITIGROUP	USA					MNC			USA	NEW YORK	USA								1	042	042	04	1	1.9	3	1	3	6.56934306569343	4	Tashkent, Toshkent Shahri, Uzbekistan	UZ	UZ13	37316	41.3167	69.25	-2579372	4	Tashkent, Toshkent Shahri, Uzbekistan	UZ	UZ13	37316	41.3167	69.25	-2579372	4	Tashkent, Toshkent Shahri, Uzbekistan	UZ	UZ13	37316	41.3167	69.25	-2579372	20250922203000	https://www.trend.az/business/4093985.html
1264579161	20250922	202509	2025	2025.7178	MNCUSA	DISNEY	USA					MNC			USA	UNITED STATES	USA								0	042	042	04	1	1.9	24	6	24	-3.71134020618557	3	Los Angeles, California, United States	US	USCA	CA037	34.0522	-118.244	1662328	3	Los Angeles, California, United States	US	USCA		34.0522	-118.244	1662328	3	Los Angeles, California, United States	US	USCA		34.0522	-118.244	1662328	20250922203000	https://www.kiiitv.com/article/news/nation-world/jimmy-kimmel-returning-tuesday-after-suspension/507-296d3383-7f0e-4583-bb91-6b40a253b886
1264579162	20250922	202509	2025	2025.7178	MNCUSA	CITIGROUP	USA					MNC			USA	UNITED STATES	USA								1	042	042	04	1	1.9	1	1	1	6.56934306569343	2	New York, United States	US	USNY		42.1497	-74.9384	NY	2	New York, United States	US	USNY		42.1497	-74.9384	NY	4	Tashkent, Toshkent Shahri, Uzbekistan	UZ	UZ13	37316	41.3167	69.25	-2579372	20250922203000	https://www.trend.az/business/4093985.html
1264579163	20250922	202509	2025	2025.7178	MNCUSA	CITIGROUP	USA					MNC			UZB	UZBEK	UZB								1	051	051	05	1	3.4	4	1	4	6.56934306569343	4	Tashkent, Toshkent Shahri, Uzbekistan	UZ	UZ13	37316	41.3167	69.25	-2579372	4	Tashkent, Toshkent Shahri, Uzbekistan	UZ	UZ13	37316	41.3167	69.25	-2579372	4	Tashkent, Toshkent Shahri, Uzbekistan	UZ	UZ13	37316	41.3167	69.25	-2579372	20250922203000	https://www.trend.az/business/4093985.html
1264579164	20250922	202509	2025	2025.7178	MNCUSA	CITIGROUP	USA					MNC			UZBBUS	UZBEK	UZB					BUS			1	051	051	05	1	3.4	6	1	6	6.56934306569343	4	Tashkent, Toshkent Shahri, Uzbekistan	UZ	UZ13	37316	41.3167	69.25	-2579372	4	Tashkent, Toshkent Shahri, Uzbekistan	UZ	UZ13	37316	41.3167	69.25	-2579372	4	Tashkent, Toshkent Shahri, Uzbekistan	UZ	UZ13	37316	41.3167	69.25	-2579372	20250922203000	https://www.trend.az/business/4093985.html
1264579165	20250922	202509	2025	2025.7178	MNCUSA	CITIGROUP	USA					MNC			UZBGOV	SHAVKAT MIRZIYOYEV	UZB					GOV			1	040	040	04	1	1.0	3	1	3	6.56934306569343	2	New York, United States	US	USNY		42.1497	-74.9384	NY	2	New York, United States	US	USNY		42.1497	-74.9384	NY	2	New York, United States	US	USNY		42.1497	-74.9384	NY	20250922203000	https://www.trend.az/business/4093985.html
1264579166	20250922	202509	2025	2025.7178	MNCUSABUS	DISNEY	USA					MNC	BUS												1	010	010	01	1	0.0	6	1	6	-7.16253443526171	3	Hollywood, California, United States	US	USCA	CA037	34.0983	-118.327	1660757	0								3	Hollywood, California, United States	US	USCA	CA037	34.0983	-118.327	1660757	20250922203000	https://www.israelnationalnews.com/news/415349
1264579167	20250922	202509	2025	2025.7178	MNCUSABUS	DISNEY	USA					MNC	BUS												1	010	010	01	1	0.0	4	1	4	-7.16253443526171	3	White House, District of Columbia, United States	US	USDC		38.8951	-77.0364	531871	0								3	White House, District of Columbia, United States	US	USDC		38.8951	-77.0364	531871	20250922203000	https://www.israelnationalnews.com/news/415349
1264579168	20250922	202509	2025	2025.7178	MNCUSABUS	DISNEY	USA					MNC	BUS												1	043	043	04	1	2.8	6	1	6	-2.69461077844312	1	United States	US	US		39.828175	-98.5795	US	0								1	United States	US	US		39.828175	-98.5795	US	20250922203000	https://indianexpress.com/article/world/after-massive-protests-abc-ended-jimmy-kimmels-suspension-says-the-show-will-return-on-tuesday-10265572/
1264579169	20250922	202509	2025	2025.7178	MNCUSABUS	DISNEY	USA					MNC	BUS		USA	UNITED STATES	USA								1	043	043	04	1	2.8	4	1	4	-2.69461077844312	1	United States	US	US		39.828175	-98.5795	US	1	United States	US	US		39.828175	-98.5795	US	1	United States	US	US		39.828175	-98.5795	US	20250922203000	https://indianexpress.com/article/world/after-massive-protests-abc-ended-jimmy-kimmels-suspension-says-the-show-will-return-on-tuesday-10265572/
1264579170	20250922	202509	2025	2025.7178	MYS	MALAYSIA	MYS								BUS	INDUSTRY						BUS			1	010	010	01	1	0.0	4	1	4	-0.34079218106996	1	Malaysia	MY	MY		2.5	112.5	MY	1	Malaysia	MY	MY		2.5	112.5	MY	1	Malaysia	MY	MY		2.5	112.5	MY	20250922203000	https://malaya.com.ph/business/corporate/dict-firm-on-october-2-deadline-for-konektadong-pinoy-irr/
1264579171	20250922	202509	2025	2025.7178	MYS	MALAYSIA	MYS								BUS	COMPANY						BUS			1	030	030	03	1	4.0	2	1	2	0.34722222222222	1	Malaysia	MY	MY		2.5	112.5	MY	1	Malaysia	MY	MY		2.5	112.5	MY	1	Malaysia	MY	MY		2.5	112.5	MY	20250922203000	https://malaya.com.ph/business/corporate/megawide-eyes-govt-infra-real-estate-projects/
1264579172	20250922	202509	2025	2025.7178	MYS	MALAYSIA	MYS								CRM	PERPETRATOR						CRM			0	012	012	01	1	-0.4	4	1	4	-4.83460559796438	1	Malaysia	MY	MY		2.5	112.5	MY	1	Malaysia	MY	MY		2.5	112.5	MY	1	Malaysia	MY	MY		2.5	112.5	MY	20250922203000	https://www.dailymail.co.uk/news/article-15123353/Emergency-gas-workers-rushed-UK-town-leak-fears-worlds-smelliest-fruit.html
1264579173	20250922	202509	2025	2025.7178	MYS	MALAYSIA	MYS								CRM	PERPETRATOR						CRM			0	013	013	01	1	0.4	4	1	4	-4.83460559796438	1	Malaysia	MY	MY		2.5	112.5	MY	1	Malaysia	MY	MY		2.5	112.5	MY	1	Malaysia	MY	MY		2.5	112.5	MY	20250922203000	https://www.dailymail.co.uk/news/article-15123353/Emergency-gas-workers-rushed-UK-town-leak-fears-worlds-smelliest-fruit.html
1264579174	20250922	202509	2025	2025.7178	NGOHRIHRW	HUMAN RIGHTS WATCH		HRW				NGO	HRI												0	051	051	05	1	3.4	10	1	10	-4.41176470588235	4	Cairo, Al Qahirah, Egypt	EG	EG11	65350	30.05	31.25	-290692	0								4	Cairo, Al Qahirah, Egypt	EG	EG11	65350	30.05	31.25	-290692	20250922203000	https://www.indiatoday.in/world/story/who-is-alaa-abd-el-fattah-egypts-arab-spring-activist-pardoned-after-12-years-glbs-2791683-2025-09-23
1264579175	20250922	202509	2025	2025.7178	NGOHRIHRW	HUMAN RIGHTS WATCH		HRW				NGO	HRI												0	172	172	17	4	-5.0	10	1	10	-4.41176470588235	4	Cairo, Al Qahirah, Egypt	EG	EG11	65350	30.05	31.25	-290692	0								4	Cairo, Al Qahirah, Egypt	EG	EG11	65350	30.05	31.25	-290692	20250922203000	https://www.indiatoday.in/world/story/who-is-alaa-abd-el-fattah-egypts-arab-spring-activist-pardoned-after-12-years-glbs-2791683-2025-09-23
1264579176	20250922	202509	2025	2025.7178	NLD	DUTCH	NLD																		1	051	051	05	1	3.4	2	1	2	1.49892933618844	3	Cincinnati, Ohio, United States	US	USOH	OH061	39.162	-84.4569	1066650	0								1	Netherlands	NL	NL		52.5	5.75	NL	20250922203000	https://www.wlwt.com/article/dutch-bros-coffee-cincinnati-locations-milford/68002264
1264579177	20250922	202509	2025	2025.7178	NLD	HOLLAND	NLD																		1	130	130	13	3	-4.4	6	1	6	-2.99401197604791	4	London, London, City of, United Kingdom	UK	UKH9	40110	51.5	-0.116667	-2601889	0								4	London, London, City of, United Kingdom	UK	UKH9	40110	51.5	-0.116667	-2601889	20250922203000	https://www.nydailynews.com/2025/09/22/tom-holland-concussion-filming-spider-man-sequel-filming-delayed/
1264579178	20250922	202509	2025	2025.7178	NLD	THE NETHERLAND	NLD								CHN	CHINA	CHN								0	060	060	06	2	6.0	2	1	2	1.41732283464567	1	Italy	IT	IT		42.833333	12.833333	IT	1	China	CH	CH		35	105	CH	1	China	CH	CH		35	105	CH	20250922203000	https://www.theglobeandmail.com/business/economy/article-food-exports-us-new-buyers-other-markets-12-billion/
1264579179	20250922	202509	2025	2025.7178	NLD	THE NETHERLAND	NLD								CHN	CHINA	CHN								0	060	060	06	2	6.0	8	1	8	1.41732283464567	1	Netherlands	NL	NL		52.5	5.75	NL	1	China	CH	CH		35	105	CH	1	China	CH	CH		35	105	CH	20250922203000	https://www.theglobeandmail.com/business/economy/article-food-exports-us-new-buyers-other-markets-12-billion/
1264579180	20250922	202509	2025	2025.7178	NLD	HOLLAND	NLD								GBR	LONDON	GBR								1	043	043	04	1	2.8	1	1	1	-2.99401197604791	4	Glasgow, Glasgow City, United Kingdom	UK	UKV2	40176	55.8333	-4.25	-2597039	4	London, London, City of, United Kingdom	UK	UKH9	40110	51.5	-0.116667	-2601889	4	Glasgow, Glasgow City, United Kingdom	UK	UKV2	40176	55.8333	-4.25	-2597039	20250922203000	https://www.nydailynews.com/2025/09/22/tom-holland-concussion-filming-spider-man-sequel-filming-delayed/
1264579181	20250922	202509	2025	2025.7178	NLD	HOLLAND	NLD								GBR	LONDON	GBR								1	043	043	04	1	2.8	3	1	3	-2.99401197604791	3	Hollywood, California, United States	US	USCA	CA037	34.0983	-118.327	1660757	4	London, London, City of, United Kingdom	UK	UKH9	40110	51.5	-0.116667	-2601889	3	Hollywood, California, United States	US	USCA	CA037	34.0983	-118.327	1660757	20250922203000	https://www.nydailynews.com/2025/09/22/tom-holland-concussion-filming-spider-man-sequel-filming-delayed/
1264579182	20250922	202509	2025	2025.7178	NLD	HOLLAND	NLD								GBR	UNITED KINGDOM	GBR								1	130	130	13	3	-4.4	2	1	2	-2.99401197604791	4	London, London, City of, United Kingdom	UK	UKH9	40110	51.5	-0.116667	-2601889	4	London, London, City of, United Kingdom	UK	UKH9	40110	51.5	-0.116667	-2601889	4	London, London, City of, United Kingdom	UK	UKH9	40110	51.5	-0.116667	-2601889	20250922203000	https://www.nydailynews.com/2025/09/22/tom-holland-concussion-filming-spider-man-sequel-filming-delayed/
1264579183	20250922	202509	2025	2025.7178	NMR	NORTH AMERICA	NMR																		1	120	120	12	3	-4.0	3	1	3	-2.47279920870426	3	Riverside, California, United States	US	USCA	CA067	38.5191	-121.521	253387	0								3	Riverside, California, United States	US	USCA	CA067	38.5191	-121.521	253387	20250922203000	https://www.miragenews.com/save-endangered-species-begin-with-dna-blueprint-1538327/
1264579184	20250922	202509	2025	2025.7178	NRMRAC020	CREATIVITY				NRM					GBR	UNITED KINGDOM	GBR								1	100	100	10	3	-5.0	2	1	2	3.52422907488986	4	Milan, Lombardia, Italy	IT	IT09	18363	45.4667	9.2	-121726	4	London, London, City of, United Kingdom	UK	UKH9	40110	51.5	-0.116667	-2601889	4	London, London, City of, United Kingdom	UK	UKH9	40110	51.5	-0.116667	-2601889	20250922203000	https://www.fashiontimes.com/7-highlights-london-fashion-week-2025-you-need-know-13234
1264579185	20250922	202509	2025	2025.7178	NRMRAC020	CREATIVITY				NRM					GBR	BRITISH	GBR								1	100	100	10	3	-5.0	6	1	6	3.52422907488986	4	London, London, City of, United Kingdom	UK	UKH9	40110	51.5	-0.116667	-2601889	4	London, London, City of, United Kingdom	UK	UKH9	40110	51.5	-0.116667	-2601889	4	London, London, City of, United Kingdom	UK	UKH9	40110	51.5	-0.116667	-2601889	20250922203000	https://www.fashiontimes.com/7-highlights-london-fashion-week-2025-you-need-know-13234
1264579186	20250922	202509	2025	2025.7178	NRMRAC020	CREATIVITY				NRM					GBR	UNITED KINGDOM	GBR								1	100	100	10	3	-5.0	2	1	2	3.52422907488986	4	London, London, City of, United Kingdom	UK	UKH9	40110	51.5	-0.116667	-2601889	2	New York, United States	US	USNY		42.1497	-74.9384	NY	4	London, London, City of, United Kingdom	UK	UKH9	40110	51.5	-0.116667	-2601889	20250922203000	https://www.fashiontimes.com/7-highlights-london-fashion-week-2025-you-need-know-13234
1264579187	20250922	202509	2025	2025.7178	NZL	NEW ZEALAND	NZL								AUS	AUSTRALIA	AUS								0	046	046	04	1	7.0	4	1	4	-4.80274442538594	1	Canada	CA	CA		60	-96	CA	1	Australia	AS	AS		-25	135	AS	1	Australia	AS	AS		-25	135	AS	20250922203000	https://www.sbs.com.au/news/article/were-accepting-russian-blood-oil-pressure-to-sanction-petroleum-made-of-russian-crude/kp2dtrcxy
1264579188	20250922	202509	2025	2025.7178	NZL	NEW ZEALAND	NZL								AUS	AUSTRALIA	AUS								0	046	046	04	1	7.0	6	1	6	-4.80274442538594	1	New Zealand	NZ	NZ		-42	174	NZ	1	Australia	AS	AS		-25	135	AS	1	Australia	AS	AS		-25	135	AS	20250922203000	https://www.sbs.com.au/news/article/were-accepting-russian-blood-oil-pressure-to-sanction-petroleum-made-of-russian-crude/kp2dtrcxy
1264579189	20250922	202509	2025	2025.7178	NZL	CHRISTCHURCH	NZL								MIL	MILITARY						MIL			1	172	172	17	4	-5.0	3	1	3	-5.82089552238806	4	Aramoana, New Zealand (general), New Zealand	NZ	NZ00	22391	-45.7833	170.7	-1506778	4	Aramoana, New Zealand (general), New Zealand	NZ	NZ00	22391	-45.7833	170.7	-1506778	4	Aramoana, New Zealand (general), New Zealand	NZ	NZ00	22391	-45.7833	170.7	-1506778	20250922203000	https://www.miragenews.com/firearm-incidents-cost-nz-322m-annually-1538324/
1264579190	20250922	202509	2025	2025.7178	NZL	CHRISTCHURCH	NZL								MIL	MILITARY						MIL			1	172	172	17	4	-5.0	2	1	2	-5.82089552238806	5	Otago, Otago, New Zealand	NZ	NZF7	22391	-45.25	169.5	11483306	5	Otago, Otago, New Zealand	NZ	NZF7	22391	-45.25	169.5	11483306	5	Otago, Otago, New Zealand	NZ	NZF7	22391	-45.25	169.5	11483306	20250922203000	https://www.miragenews.com/firearm-incidents-cost-nz-322m-annually-1538324/
1264579191	20250922	202509	2025	2025.7178	OPP	PROTESTER						OPP			COP	POLICE OFFICER						COP			0	173	173	17	4	-5.0	5	1	5	-5.17543859649123	1	Afghanistan	AF	AF		33	66	AF	1	Afghanistan	AF	AF		33	66	AF	1	Afghanistan	AF	AF		33	66	AF	20250922203000	https://kvia.com/news/puente-news-collaborative/2025/09/22/predator-drones-shift-from-border-patrol-to-protest-surveillance/
1264579192	20250922	202509	2025	2025.7178	OPP	PROTESTER						OPP			COP	POLICE OFFICER						COP			0	190	190	19	4	-10.0	5	1	5	-5.17543859649123	1	Afghanistan	AF	AF		33	66	AF	1	Afghanistan	AF	AF		33	66	AF	1	Afghanistan	AF	AF		33	66	AF	20250922203000	https://kvia.com/news/puente-news-collaborative/2025/09/22/predator-drones-shift-from-border-patrol-to-protest-surveillance/
1264579193	20250922	202509	2025	2025.7178	OPP	ACTIVIST						OPP			EDU	COLLEGE						EDU			1	051	051	05	1	3.4	4	1	4	-6.8359375	2	Arizona, United States	US	USAZ		33.7712	-111.388	AZ	2	Arizona, United States	US	USAZ		33.7712	-111.388	AZ	2	Arizona, United States	US	USAZ		33.7712	-111.388	AZ	20250922203000	https://www.hindustantimes.com/world-news/us-news/erika-kirk-and-donald-trump-delivered-starkly-different-messages-at-charlie-kirks-memorial-101758569040364.html
1264579194	20250922	202509	2025	2025.7178	OPP	ACTIVIST						OPP			EDU	COLLEGE						EDU			1	193	193	19	4	-10.0	8	1	8	-6.8359375	2	Arizona, United States	US	USAZ		33.7712	-111.388	AZ	2	Arizona, United States	US	USAZ		33.7712	-111.388	AZ	2	Arizona, United States	US	USAZ		33.7712	-111.388	AZ	20250922203000	https://www.hindustantimes.com/world-news/us-news/erika-kirk-and-donald-trump-delivered-starkly-different-messages-at-charlie-kirks-memorial-101758569040364.html
1264579195	20250922	202509	2025	2025.7178	OPP	PROTESTER						OPP			LEG	CONGRESSMAN						LEG			0	141	141	14	3	-6.5	8	1	8	-2.05128205128205	2	Pennsylvania, United States	US	USPA		40.5773	-77.264	PA	2	Pennsylvania, United States	US	USPA		40.5773	-77.264	PA	2	Pennsylvania, United States	US	USPA		40.5773	-77.264	PA	20250922203000	https://www.standardspeaker.com/2025/09/22/rally-in-scranton-urges-lawmakers-representing-northeastern-pennsylvania-to-keep-healthcare-affordable/
1264579196	20250922	202509	2025	2025.7178	OPP	DEMONSTRATOR						OPP			MNCUSA	DISNEY	USA					MNC			0	111	111	11	3	-2.0	4	1	4	-7.16253443526171	3	Hollywood, California, United States	US	USCA	CA037	34.0983	-118.327	1660757	3	Hollywood, California, United States	US	USCA	CA037	34.0983	-118.327	1660757	3	Hollywood, California, United States	US	USCA	CA037	34.0983	-118.327	1660757	20250922203000	https://www.israelnationalnews.com/news/415349
1264579197	20250922	202509	2025	2025.7178	OPP	DEMONSTRATOR						OPP			MNCUSA	DISNEY	USA					MNC			0	111	111	11	3	-2.0	1	1	1	-7.16253443526171	2	New York, United States	US	USNY		42.1497	-74.9384	NY	2	New York, United States	US	USNY		42.1497	-74.9384	NY	2	New York, United States	US	USNY		42.1497	-74.9384	NY	20250922203000	https://www.israelnationalnews.com/news/415349
1264579198	20250922	202509	2025	2025.7178	OPP	PROTESTER						OPP			USA	MINNEAPOLIS	USA								0	036	036	03	1	4.0	5	1	5	-5.17543859649123	1	Afghanistan	AF	AF		33	66	AF	1	Afghanistan	AF	AF		33	66	AF	1	Afghanistan	AF	AF		33	66	AF	20250922203000	https://kvia.com/news/puente-news-collaborative/2025/09/22/predator-drones-shift-from-border-patrol-to-protest-surveillance/
1264579199	20250922	202509	2025	2025.7178	OPP	PROTESTER						OPP			USA	MINNEAPOLIS	USA								0	111	111	11	3	-2.0	3	1	3	-5.17543859649123	1	Afghanistan	AF	AF		33	66	AF	1	Afghanistan	AF	AF		33	66	AF	1	Afghanistan	AF	AF		33	66	AF	20250922203000	https://kvia.com/news/puente-news-collaborative/2025/09/22/predator-drones-shift-from-border-patrol-to-protest-surveillance/
1264579200	20250922	202509	2025	2025.7178	OPP	PROTESTER						OPP			USA	MINNEAPOLIS	USA								0	111	111	11	3	-2.0	1	1	1	-5.17543859649123	1	Mexico	MX	MX		23	-102	MX	1	Mexico	MX	MX		23	-102	MX	3	Washington, District of Columbia, United States	US	USDC	DC001	38.8951	-77.0364	531871	20250922203000	https://kvia.com/news/puente-news-collaborative/2025/09/22/predator-drones-shift-from-border-patrol-to-protest-surveillance/
1264579201	20250922	202509	2025	2025.7178	OPP	PROTESTER						OPP			USA	MINNEAPOLIS	USA								0	111	111	11	3	-2.0	1	1	1	-5.17543859649123	1	Mexico	MX	MX		23	-102	MX	1	Mexico	MX	MX		23	-102	MX	1	Mexico	MX	MX		23	-102	MX	20250922203000	https://kvia.com/news/puente-news-collaborative/2025/09/22/predator-drones-shift-from-border-patrol-to-protest-surveillance/
1264579202	20250922	202509	2025	2025.7178	OPP	PROTESTER						OPP			USA	UNITED STATES	USA								0	141	141	14	3	-6.5	4	1	4	-3.2994923857868	4	Gaza, Israel (general), Israel	IS	IS00	18315	31.4167	34.3333	-797156	3	United Nations Headquarters, New York, United States	US	USNY		40.7495	-73.9679	968243	4	Gaza, Israel (general), Israel	IS	IS00	18315	31.4167	34.3333	-797156	20250922203000	https://www.channelstv.com/2025/09/22/france-to-recognize-palestinian-state-at-contentious-un-general-assembly/
1264579203	20250922	202509	2025	2025.7178	OPP	PROTESTER						OPP			USALEG	UNITED STATES	USA					LEG			0	141	141	14	3	-6.5	2	1	2	-2.05128205128205	2	Pennsylvania, United States	US	USPA		40.5773	-77.264	PA	2	Pennsylvania, United States	US	USPA		40.5773	-77.264	PA	2	Pennsylvania, United States	US	USPA		40.5773	-77.264	PA	20250922203000	https://www.standardspeaker.com/2025/09/22/rally-in-scranton-urges-lawmakers-representing-northeastern-pennsylvania-to-keep-healthcare-affordable/
1264579204	20250922	202509	2025	2025.7178	PAK	PAKISTAN	PAK								AFGINSTAL	TALIBAN	AFG	TAL				INS			1	010	010	01	1	0.0	4	1	4	-7.96019900497513	4	Zafar Khan, North-West Frontier, Pakistan	PK	PK03	40341	32.8587	70.7352	85534	4	Tirah, North-West Frontier, Pakistan	PK	PK03	40332	34.5258	72.6899	-2775952	4	Tirah, North-West Frontier, Pakistan	PK	PK03	40332	34.5258	72.6899	-2775952	20250922203000	https://scroll.in/latest/1086864/pakistan-at-least-24-killed-in-khyber-pakhtunkhwa-province-after-blast-at-militant-compound
1264579205	20250922	202509	2025	2025.7178	PAK	PAKISTANI	PAK								COP	SECURITY FORCE						COP			0	150	150	15	4	-7.2	10	1	10	-7.96019900497513	4	Bajaur, North-West Frontier, Pakistan	PK	PK03	40352	34.8333	71.9167	-2755559	4	Bajaur, North-West Frontier, Pakistan	PK	PK03	40352	34.8333	71.9167	-2755559	4	Bajaur, North-West Frontier, Pakistan	PK	PK03	40352	34.8333	71.9167	-2755559	20250922203000	https://scroll.in/latest/1086864/pakistan-at-least-24-killed-in-khyber-pakhtunkhwa-province-after-blast-at-militant-compound
1264579206	20250922	202509	2025	2025.7178	PAK	PAKISTANI	PAK								COP	SECURITY FORCE						COP			0	190	190	19	4	-10.0	10	1	10	-7.96019900497513	4	Bajaur, North-West Frontier, Pakistan	PK	PK03	40352	34.8333	71.9167	-2755559	4	Bajaur, North-West Frontier, Pakistan	PK	PK03	40352	34.8333	71.9167	-2755559	4	Bajaur, North-West Frontier, Pakistan	PK	PK03	40352	34.8333	71.9167	-2755559	20250922203000	https://scroll.in/latest/1086864/pakistan-at-least-24-killed-in-khyber-pakhtunkhwa-province-after-blast-at-militant-compound
1264579207	20250922	202509	2025	2025.7178	PAK	PAKISTAN	PAK								IDN	INDONESIA	IDN								1	036	036	03	1	4.0	2	1	2	-0.5249343832021	1	United States	US	US		39.828175	-98.5795	US	1	United States	US	US		39.828175	-98.5795	US	1	Ukraine	UP	UP		49	32	UP	20250922203000	https://www.dailystar.co.uk/news/us-news/donald-trump-make-major-announcement-35946916
1264579208	20250922	202509	2025	2025.7178	PAK	PAKISTAN	PAK								QAT	QATAR	QAT								1	036	036	03	1	4.0	2	1	2	-0.5249343832021	1	United States	US	US		39.828175	-98.5795	US	1	Ukraine	UP	UP		49	32	UP	1	Ukraine	UP	UP		49	32	UP	20250922203000	https://www.dailystar.co.uk/news/us-news/donald-trump-make-major-announcement-35946916
1264579209	20250922	202509	2025	2025.7178	PAK	PAKISTAN	PAK								SAU	SAUDI ARABIA	SAU								1	036	036	03	1	4.0	2	1	2	-0.5249343832021	1	United States	US	US		39.828175	-98.5795	US	1	United States	US	US		39.828175	-98.5795	US	1	Ukraine	UP	UP		49	32	UP	20250922203000	https://www.dailystar.co.uk/news/us-news/donald-trump-make-major-announcement-35946916
1264579210	20250922	202509	2025	2025.7178	PAK	PAKISTAN	PAK								SAU	SAUDI ARABIA	SAU								1	046	046	04	1	7.0	2	1	2	-0.5249343832021	1	United States	US	US		39.828175	-98.5795	US	1	United States	US	US		39.828175	-98.5795	US	1	Ukraine	UP	UP		49	32	UP	20250922203000	https://www.dailystar.co.uk/news/us-news/donald-trump-make-major-announcement-35946916
1264579211	20250922	202509	2025	2025.7178	PAK	PAKISTANI	PAK								pus	PASHTUN			pus						1	195	195	19	4	-10.0	7	1	7	-6.58227848101266	5	Balochistan, Balochistan, Pakistan	PK	PK02	40300	28.4785	65.6436	-2755738	5	Balochistan, Balochistan, Pakistan	PK	PK02	40300	28.4785	65.6436	-2755738	5	Balochistan, Balochistan, Pakistan	PK	PK02	40300	28.4785	65.6436	-2755738	20250922203000	https://nagalandpost.com/pak-air-force-strikes-kill-over-30/
1264579212	20250922	202509	2025	2025.7178	PAKCOP	PAKISTAN	PAK					COP			PAK	PAKISTAN	PAK								1	010	010	01	1	0.0	4	1	4	-7.96019900497513	4	Tirah, North-West Frontier, Pakistan	PK	PK03	40332	34.5258	72.6899	-2775952	4	Tirah, North-West Frontier, Pakistan	PK	PK03	40332	34.5258	72.6899	-2775952	4	Tirah, North-West Frontier, Pakistan	PK	PK03	40332	34.5258	72.6899	-2775952	20250922203000	https://scroll.in/latest/1086864/pakistan-at-least-24-killed-in-khyber-pakhtunkhwa-province-after-blast-at-militant-compound
1264579213	20250922	202509	2025	2025.7178	PAKMIL	PAKISTANI	PAK					MIL			PAKCVL	PAKISTAN	PAK					CVL			1	195	195	19	4	-10.0	3	1	3	-6.58227848101266	5	Balochistan, Balochistan, Pakistan	PK	PK02	40300	28.4785	65.6436	-2755738	5	Balochistan, Balochistan, Pakistan	PK	PK02	40300	28.4785	65.6436	-2755738	5	Balochistan, Balochistan, Pakistan	PK	PK02	40300	28.4785	65.6436	-2755738	20250922203000	https://nagalandpost.com/pak-air-force-strikes-kill-over-30/
1264579214	20250922	202509	2025	2025.7178	PHL	MANILA	PHL																		0	010	010	01	1	0.0	5	1	5	-7.83582089552242	4	Santo Tomas, Pampanga, Philippines	RP	RP50	24223	14.9483	120.623	-2452143	0								4	Santo Tomas, Pampanga, Philippines	RP	RP50	24223	14.9483	120.623	-2452143	20250922203000	https://malaya.com.ph/business/filipinos-fed-up-with-corruption-analysts-swift-reform-key-to-curbing-public-outrage/
1264579215	20250922	202509	2025	2025.7178	PHL	PHILIPPINE	PHL																		0	060	060	06	2	6.0	4	1	4	-5.63524590163935	4	Malaca, Pangasinan, Philippines	RP	RP51	24225	15.8334	120.378	-2436250	0								4	Malaca, Pangasinan, Philippines	RP	RP51	24225	15.8334	120.378	-2436250	20250922203000	https://malaya.com.ph/news/national-news/politician-lawyer-hacktivists-linked-to-rally-violence/
1264579216	20250922	202509	2025	2025.7178	PHL	PHILIPPINE	PHL																		0	120	120	12	3	-4.0	4	1	4	-5.63524590163935	4	Malaca, Pangasinan, Philippines	RP	RP51	24225	15.8334	120.378	-2436250	0								4	Malaca, Pangasinan, Philippines	RP	RP51	24225	15.8334	120.378	-2436250	20250922203000	https://malaya.com.ph/news/national-news/politician-lawyer-hacktivists-linked-to-rally-violence/
1264579217	20250922	202509	2025	2025.7178	PHL	PHILIPPINE	PHL																		0	160	160	16	4	-4.0	4	1	4	-3.49344978165939	4	El Nido, Palawan, Philippines	RP	RP49	24233	11.1858	119.396	-2425520	0								4	Manila, Manila, Philippines	RP	RPD9	24210	14.6042	120.982	-2437894	20250922203000	https://malaya.com.ph/business/corporate/four-airlines-cancel-flights-as-super-typhoon-whips-luzon/
1264579218	20250922	202509	2025	2025.7178	PHL	PHILIPPINE	PHL								BUS	ENERGY CORP						BUS			1	071	071	07	2	7.4	4	1	4	3.52941176470588	4	Philippine Islands, Philippines (general), Philippines	RP	RP00	24236	13	122	-2445612	4	Philippine Islands, Philippines (general), Philippines	RP	RP00	24236	13	122	-2445612	4	Philippine Islands, Philippines (general), Philippines	RP	RP00	24236	13	122	-2445612	20250922203000	https://www.philstar.com/business/2025/09/23/2474670/spnec-eyes-p38-billion-loan-tarlac-expansion
1264579219	20250922	202509	2025	2025.7178	PHL	PHILIPPINE	PHL								CHRCTH	CATHOLIC BISHOP				CHR	CTH				0	071	071	07	2	7.4	1	1	1	-5.63524590163935	4	Luneta, Leyte, Philippines	RP	RP37	24258	10.8411	124.902	-2434456	4	Luneta, Leyte, Philippines	RP	RP37	24258	10.8411	124.902	-2434456	4	Luneta, Leyte, Philippines	RP	RP37	24258	10.8411	124.902	-2434456	20250922203000	https://malaya.com.ph/news/national-news/politician-lawyer-hacktivists-linked-to-rally-violence/
1264579220	20250922	202509	2025	2025.7178	PHL	PHILIPPINE	PHL								CHRCTH	CATHOLIC BISHOP				CHR	CTH				0	120	120	12	3	-4.0	1	1	1	-5.63524590163935	4	Luneta, Leyte, Philippines	RP	RP37	24258	10.8411	124.902	-2434456	4	Luneta, Leyte, Philippines	RP	RP37	24258	10.8411	124.902	-2434456	4	Luneta, Leyte, Philippines	RP	RP37	24258	10.8411	124.902	-2434456	20250922203000	https://malaya.com.ph/news/national-news/politician-lawyer-hacktivists-linked-to-rally-violence/
1264579221	20250922	202509	2025	2025.7178	PHL	PHILIPPINE	PHL								EDU	UNIVERSITY						EDU			0	010	010	01	1	0.0	1	1	1	-7.83582089552242	4	University Of The Philippines, Quezon City, Philippines	RP	RPF2	24210	14.659	121.069	10585066	4	University Of The Philippines, Quezon City, Philippines	RP	RPF2	24210	14.659	121.069	10585066	4	Manila, Manila, Philippines	RP	RPD9	24210	14.6042	120.982	-2437894	20250922203000	https://malaya.com.ph/business/filipinos-fed-up-with-corruption-analysts-swift-reform-key-to-curbing-public-outrage/
1264579222	20250922	202509	2025	2025.7178	PHL	PHILIPPINE	PHL								EDU	UNIVERSITY						EDU			0	010	010	01	1	0.0	1	1	1	-7.83582089552242	4	University Of The Philippines, Quezon City, Philippines	RP	RPF2	24210	14.659	121.069	10585066	4	University Of The Philippines, Quezon City, Philippines	RP	RPF2	24210	14.659	121.069	10585066	4	University Of The Philippines, Quezon City, Philippines	RP	RPF2	24210	14.659	121.069	10585066	20250922203000	https://malaya.com.ph/business/filipinos-fed-up-with-corruption-analysts-swift-reform-key-to-curbing-public-outrage/
1264579223	20250922	202509	2025	2025.7178	PHL	PHILIPPINE	PHL								EDU	PROFESSOR						EDU			0	060	060	06	2	6.0	2	1	2	-7.83582089552242	4	Santo Tomas, Pampanga, Philippines	RP	RP50	24223	14.9483	120.623	-2452143	4	Santo Tomas, Pampanga, Philippines	RP	RP50	24223	14.9483	120.623	-2452143	4	Santo Tomas, Pampanga, Philippines	RP	RP50	24223	14.9483	120.623	-2452143	20250922203000	https://malaya.com.ph/business/filipinos-fed-up-with-corruption-analysts-swift-reform-key-to-curbing-public-outrage/
1264579224	20250922	202509	2025	2025.7178	PHL	PHILIPPINE	PHL								GOV	PRESIDENT						GOV			0	051	051	05	1	3.4	4	1	4	-9.27070457354761	4	Diliman, Bulacan, Philippines	RP	RP13	24221	15.025	120.95	-2424559	4	Diliman, Bulacan, Philippines	RP	RP13	24221	15.025	120.95	-2424559	4	Diliman, Bulacan, Philippines	RP	RP13	24221	15.025	120.95	-2424559	20250922203000	https://malaya.com.ph/opinion/column-of-the-day/the-president-as-whistleblower/
1264579225	20250922	202509	2025	2025.7178	PHL	PHILIPPINE	PHL								GOV	GOVERNMENT						GOV			1	0831	083	08	2	5.0	2	1	2	-9.27070457354761	4	Malacanang, Antique, Philippines	RP	RP06	24250	11.4031	122.055	-2436258	4	Malacanang, Antique, Philippines	RP	RP06	24250	11.4031	122.055	-2436258	4	Malacanang, Antique, Philippines	RP	RP06	24250	11.4031	122.055	-2436258	20250922203000	https://malaya.com.ph/opinion/column-of-the-day/the-president-as-whistleblower/
1264579226	20250922	202509	2025	2025.7178	PHL	PHILIPPINE	PHL								GOV	PRESIDENT						GOV			1	114	114	11	3	-2.0	2	1	2	-9.27070457354761	4	Philippine, Benguet, Philippines	RP	RP10	24213	16.45	120.55	-2445611	4	Philippine, Benguet, Philippines	RP	RP10	24213	16.45	120.55	-2445611	4	Philippine, Benguet, Philippines	RP	RP10	24213	16.45	120.55	-2445611	20250922203000	https://malaya.com.ph/opinion/column-of-the-day/the-president-as-whistleblower/
1264579227	20250922	202509	2025	2025.7178	PHL	PHILIPPINE	PHL								GOV	GOVERNMENT						GOV			1	141	141	14	3	-6.5	2	1	2	-9.27070457354761	4	Malacanang, Antique, Philippines	RP	RP06	24250	11.4031	122.055	-2436258	4	Malacanang, Antique, Philippines	RP	RP06	24250	11.4031	122.055	-2436258	4	Malacanang, Antique, Philippines	RP	RP06	24250	11.4031	122.055	-2436258	20250922203000	https://malaya.com.ph/opinion/column-of-the-day/the-president-as-whistleblower/
1264579228	20250922	202509	2025	2025.7178	PHL	QUEZON	PHL								JUD	LAWYER						JUD			1	173	173	17	4	-5.0	3	1	3	-5.63524590163935	4	Taguig, City of Taguig, Philippines	RP	RPN6	24229	14.5243	121.079	-2455402	1	China	CH	CH		35	105	CH	4	Taguig, City of Taguig, Philippines	RP	RPN6	24229	14.5243	121.079	-2455402	20250922203000	https://malaya.com.ph/news/national-news/politician-lawyer-hacktivists-linked-to-rally-violence/
1264579229	20250922	202509	2025	2025.7178	PHL	FILIPINO	PHL								MED	MEDIA						MED			0	046	046	04	1	7.0	5	1	5	-5.63524590163935	4	Malaca, Pangasinan, Philippines	RP	RP51	24225	15.8334	120.378	-2436250	4	Malaca, Pangasinan, Philippines	RP	RP51	24225	15.8334	120.378	-2436250	4	Malaca, Pangasinan, Philippines	RP	RP51	24225	15.8334	120.378	-2436250	20250922203000	https://malaya.com.ph/news/national-news/politician-lawyer-hacktivists-linked-to-rally-violence/
1264579230	20250922	202509	2025	2025.7178	PHL	CEBU	PHL								TWN	KAOHSIUNG	TWN								1	160	160	16	4	-4.0	4	1	4	-3.49344978165939	4	Manila, Manila, Philippines	RP	RPD9	24210	14.6042	120.982	-2437894	4	Busuanga, Palawan, Philippines	RP	RP49	24233	12.1585	119.918	-2417096	4	Manila, Manila, Philippines	RP	RPD9	24210	14.6042	120.982	-2437894	20250922203000	https://malaya.com.ph/business/corporate/four-airlines-cancel-flights-as-super-typhoon-whips-luzon/
1264579231	20250922	202509	2025	2025.7178	PHL	CEBU	PHL								TWN	KAOHSIUNG	TWN								1	160	160	16	4	-4.0	2	1	2	-3.49344978165939	4	Tuguegarao, Tuguegarao City, Philippines	RP	RPO4	24216	17.6125	121.728	-2458804	4	Manila, Manila, Philippines	RP	RPD9	24210	14.6042	120.982	-2437894	4	Tuguegarao, Tuguegarao City, Philippines	RP	RPO4	24216	17.6125	121.728	-2458804	20250922203000	https://malaya.com.ph/business/corporate/four-airlines-cancel-flights-as-super-typhoon-whips-luzon/
1264579232	20250922	202509	2025	2025.7178	PHLBUS	PHILIPPINE	PHL					BUS			PHL	PHILIPPINE	PHL								1	160	160	16	4	-4.0	2	1	2	-3.49344978165939	4	Manila, Manila, Philippines	RP	RPD9	24210	14.6042	120.982	-2437894	4	Busuanga, Palawan, Philippines	RP	RP49	24233	12.1585	119.918	-2417096	4	El Nido, Palawan, Philippines	RP	RP49	24233	11.1858	119.396	-2425520	20250922203000	https://malaya.com.ph/business/corporate/four-airlines-cancel-flights-as-super-typhoon-whips-luzon/
1264579233	20250922	202509	2025	2025.7178	PHLELI	PHILIPPINE	PHL					ELI			PHL	QUEZON	PHL								1	192	192	19	4	-9.5	2	1	2	1.74825174825175	1	El Salvador	ES	ES		13.833333	-88.916667	ES	4	Tayabas, Quezon, Philippines	RP	RPH2	24234	14.0259	121.593	-2457067	1	El Salvador	ES	ES		13.833333	-88.916667	ES	20250922203000	https://www.philstar.com/business/2025/09/23/2474677/alternergy-takes-over-two-quezon-wind-farms
1264579234	20250922	202509	2025	2025.7178	PHLGOVBUS	PHILIPPINE	PHL					GOV	BUS		BUS	ENERGY CORP						BUS			1	071	071	07	2	7.4	6	1	6	3.52941176470588	4	Philippine Islands, Philippines (general), Philippines	RP	RP00	24236	13	122	-2445612	4	Philippine Islands, Philippines (general), Philippines	RP	RP00	24236	13	122	-2445612	4	Philippine Islands, Philippines (general), Philippines	RP	RP00	24236	13	122	-2445612	20250922203000	https://www.philstar.com/business/2025/09/23/2474670/spnec-eyes-p38-billion-loan-tarlac-expansion
1264579235	20250922	202509	2025	2025.7178	PRT	PORTUGUESE	PRT								DEU	GERMAN	DEU								0	090	090	09	2	-2.0	1	1	1	-3.11355311355311	4	Praia Da Luz, Faro, Portugal	PO	PO09	24764	37.0833	-8.73333	-2168298	4	Praia Da Luz, Faro, Portugal	PO	PO09	24764	37.0833	-8.73333	-2168298	1	Germany	GM	GM		51.5	10.5	GM	20250922203000	https://www.dailystar.co.uk/news/latest-news/breaking-madeleine-mccann-suspect-christian-35946865
1264579236	20250922	202509	2025	2025.7178	PRT	PORTUGUESE	PRT								DEU	GERMAN	DEU								0	090	090	09	2	-2.0	1	1	1	-3.11355311355311	4	Praia Da Luz, Faro, Portugal	PO	PO09	24764	37.0833	-8.73333	-2168298	1	Germany	GM	GM		51.5	10.5	GM	4	Praia Da Luz, Faro, Portugal	PO	PO09	24764	37.0833	-8.73333	-2168298	20250922203000	https://www.dailystar.co.uk/news/latest-news/breaking-madeleine-mccann-suspect-christian-35946865
1264579237	20250922	202509	2025	2025.7178	PRT	PORTUGAL	PRT								DEUGOV	GERMANY	DEU					GOV			0	090	090	09	2	-2.0	2	1	2	-3.11355311355311	4	Praia Da Luz, Faro, Portugal	PO	PO09	24764	37.0833	-8.73333	-2168298	4	Praia Da Luz, Faro, Portugal	PO	PO09	24764	37.0833	-8.73333	-2168298	4	Praia Da Luz, Faro, Portugal	PO	PO09	24764	37.0833	-8.73333	-2168298	20250922203000	https://www.dailystar.co.uk/news/latest-news/breaking-madeleine-mccann-suspect-christian-35946865
1264579238	20250922	202509	2025	2025.7178	PRT	PORTUGUESE	PRT								DEUGOV	GERMAN	DEU					GOV			0	090	090	09	2	-2.0	4	1	4	-3.11355311355311	4	Praia Da Luz, Faro, Portugal	PO	PO09	24764	37.0833	-8.73333	-2168298	1	Germany	GM	GM		51.5	10.5	GM	4	Praia Da Luz, Faro, Portugal	PO	PO09	24764	37.0833	-8.73333	-2168298	20250922203000	https://www.dailystar.co.uk/news/latest-news/breaking-madeleine-mccann-suspect-christian-35946865
1264579239	20250922	202509	2025	2025.7178	PRT	PORTUGAL	PRT								FRA	FRANCE	FRA								1	046	046	04	1	7.0	8	1	8	-2.77777777777778	1	Portugal	PO	PO		39.5	-8	PO	1	France	FR	FR		46	2	FR	1	France	FR	FR		46	2	FR	20250922203000	https://www.euronews.com/2025/09/22/france-joins-uk-portugal-and-canada-in-recognising-palestinian-state
1264579240	20250922	202509	2025	2025.7178	PRT	PORTUGAL	PRT								FRA	FRANCE	FRA								1	046	046	04	1	7.0	8	1	8	-2.77777777777778	1	Portugal	PO	PO		39.5	-8	PO	1	France	FR	FR		46	2	FR	1	United Kingdom	UK	UK		54	-4	UK	20250922203000	https://www.euronews.com/2025/09/22/france-joins-uk-portugal-and-canada-in-recognising-palestinian-state
1264579241	20250922	202509	2025	2025.7178	PRT	PORTUGAL	PRT								FRA	FRANCE	FRA								1	046	046	04	1	7.0	4	1	2	-2.77777777777778	1	United Kingdom	UK	UK		54	-4	UK	1	France	FR	FR		46	2	FR	1	France	FR	FR		46	2	FR	20250922203000	https://www.euronews.com/2025/09/22/france-joins-uk-portugal-and-canada-in-recognising-palestinian-state
1264579242	20250922	202509	2025	2025.7178	PRT	PORTUGAL	PRT								GBR	UNITED KINGDOM	GBR								1	046	046	04	1	7.0	10	1	10	-1.24223602484472	1	Israel	IS	IS		31.5	34.75	IS	1	Israel	IS	IS		31.5	34.75	IS	1	Israel	IS	IS		31.5	34.75	IS	20250922203000	https://www.hindustantimes.com/world-news/-defeat-for-hamas-macron-announces-frances-recognition-of-palestine-at-un-general-assembly-101758569544837.html
1264579243	20250922	202509	2025	2025.7178	PRT	PORTUGAL	PRT								ISR	ISRAEL	ISR								1	100	100	10	3	-5.0	2	1	2	-3.2994923857868	4	Gaza, Israel (general), Israel	IS	IS00	18315	31.4167	34.3333	-797156	4	Gaza, Israel (general), Israel	IS	IS00	18315	31.4167	34.3333	-797156	4	Gaza, Israel (general), Israel	IS	IS00	18315	31.4167	34.3333	-797156	20250922203000	https://www.channelstv.com/2025/09/22/france-to-recognize-palestinian-state-at-contentious-un-general-assembly/
1264579244	20250922	202509	2025	2025.7178	PRT	PORTUGAL	PRT								ISR	ISRAEL	ISR								1	100	100	10	3	-5.0	4	1	4	-3.2994923857868	1	Estonia	EN	EN		59	26	EN	1	Russia	RS	RS		60	100	RS	1	Estonia	EN	EN		59	26	EN	20250922203000	https://www.channelstv.com/2025/09/22/france-to-recognize-palestinian-state-at-contentious-un-general-assembly/
1264579245	20250922	202509	2025	2025.7178	PRTELI	ANTONIO GUTERRES	PRT					ELI													0	010	010	01	1	0.0	2	1	2	-3.2994923857868	4	Rehovot, HaMerkaz, Israel	IS	IS02	18311	31.8969	34.8186	-781210	0								4	Rehovot, HaMerkaz, Israel	IS	IS02	18311	31.8969	34.8186	-781210	20250922203000	https://www.channelstv.com/2025/09/22/france-to-recognize-palestinian-state-at-contentious-un-general-assembly/
1264579246	20250922	202509	2025	2025.7178	PRTELI	ANTONIO GUTERRES	PRT					ELI													0	010	010	01	1	0.0	8	1	8	-1.25173852573018	4	Ramallah, West Bank (general), West Bank	WE	WE00	68767	31.9026	35.1955	-795956	0								4	Ramallah, West Bank (general), West Bank	WE	WE00	68767	31.9026	35.1955	-795956	20250922203000	https://www.hurriyetdailynews.com/france-recognizes-palestinian-state-at-un-213897
1264579247	20250922	202509	2025	2025.7178	PSE	PALESTINIAN	PSE																		1	010	010	01	1	0.0	2	1	2	-1.78571428571428	4	Gaza, Israel (general), Israel	IS	IS00	18315	31.4167	34.3333	-797156	0								4	Paris, France (general), France	FR	FR00	16282	48.8667	2.33333	-1456928	20250922203000	https://www.theglobeandmail.com/world/article-palestine-state-gaza-israel-france-macron-united-nations-un/
1264579248	20250922	202509	2025	2025.7178	PSE	WEST BANK	PSE																		0	020	020	02	1	3.0	3	1	3	-1.25173852573018	4	Ramallah, West Bank (general), West Bank	WE	WE00	68767	31.9026	35.1955	-795956	0								4	Ramallah, West Bank (general), West Bank	WE	WE00	68767	31.9026	35.1955	-795956	20250922203000	https://www.hurriyetdailynews.com/france-recognizes-palestinian-state-at-un-213897
1264579249	20250922	202509	2025	2025.7178	PSE	PALESTINIAN	PSE																		0	090	090	09	2	-2.0	5	1	5	-1.78571428571428	1	Saudi Arabia	SA	SA		25	45	SA	0								1	Saudi Arabia	SA	SA		25	45	SA	20250922203000	https://www.theglobeandmail.com/world/article-palestine-state-gaza-israel-france-macron-united-nations-un/
1264579250	20250922	202509	2025	2025.7178	PSE	PALESTINIAN	PSE								FRAGOV	FRENCH	FRA					GOV			1	051	051	05	1	3.4	1	1	1	7.14285714285714	1	France	FR	FR		46	2	FR	1	France	FR	FR		46	2	FR	1	Israel	IS	IS		31.5	34.75	IS	20250922203000	https://www.arabnews.com/node/2616311/middle-east
1264579251	20250922	202509	2025	2025.7178	PSE	PALESTINIAN	PSE								FRAGOV	FRENCH	FRA					GOV			1	051	051	05	1	3.4	1	1	1	7.14285714285714	1	Israel	IS	IS		31.5	34.75	IS	1	France	FR	FR		46	2	FR	1	Israel	IS	IS		31.5	34.75	IS	20250922203000	https://www.arabnews.com/node/2616311/middle-east
1264579252	20250922	202509	2025	2025.7178	PSE	PALESTINIAN	PSE								GBR	UNITED KINGDOM	GBR								1	1043	104	10	3	-5.0	6	1	6	-4.94623655913979	3	Jordan River, New York, United States	US	USNY	NY089	44.3778	-74.7241	976507	4	Gaza, Israel (general), Israel	IS	IS00	18315	31.4167	34.3333	-797156	4	Gaza, Israel (general), Israel	IS	IS00	18315	31.4167	34.3333	-797156	20250922203000	https://freebeacon.com/latest-news/palestinian-officials-demand-reparations-from-uk-after-country-recognizes-palestinian-state-report/
1264579253	20250922	202509	2025	2025.7178	PSE	PALESTINIAN	PSE								IGOEUREEC	THE EUROPEAN UNION	EUR	EEC				IGO			0	010	010	01	1	0.0	8	1	8	-1.80681028492008	4	Elcano, Navarra, Spain	SP	SP32	16244	42.8305	-1.54601	-380408	4	Elcano, Navarra, Spain	SP	SP32	16244	42.8305	-1.54601	-380408	4	Elcano, Navarra, Spain	SP	SP32	16244	42.8305	-1.54601	-380408	20250922203000	https://www.euronews.com/my-europe/2025/09/22/why-is-the-palestinian-cause-so-important-in-spain
1264579254	20250922	202509	2025	2025.7178	PSE	PALESTINIAN	PSE								IGOEUREEC	THE EUROPEAN UNION	EUR	EEC				IGO			0	010	010	01	1	0.0	2	1	2	-1.80681028492008	4	Gaza, Israel (general), Israel	IS	IS00	18315	31.4167	34.3333	-797156	4	Gaza, Israel (general), Israel	IS	IS00	18315	31.4167	34.3333	-797156	4	Gaza, Israel (general), Israel	IS	IS00	18315	31.4167	34.3333	-797156	20250922203000	https://www.euronews.com/my-europe/2025/09/22/why-is-the-palestinian-cause-so-important-in-spain
1264579255	20250922	202509	2025	2025.7178	PSE	PALESTINIAN	PSE								IGOUNO	UNITED NATIONS		UNO				IGO			0	141	141	14	3	-6.5	2	1	2	-3.2994923857868	4	Gaza, Israel (general), Israel	IS	IS00	18315	31.4167	34.3333	-797156	3	United Nations Headquarters, New York, United States	US	USNY		40.7495	-73.9679	968243	4	Gaza, Israel (general), Israel	IS	IS00	18315	31.4167	34.3333	-797156	20250922203000	https://www.channelstv.com/2025/09/22/france-to-recognize-palestinian-state-at-contentious-un-general-assembly/
1264579256	20250922	202509	2025	2025.7178	PSE	WEST BANK	PSE								ISR	ISRAEL	ISR								0	010	010	01	1	0.0	2	1	2	-1.25173852573018	4	Ramallah, West Bank (general), West Bank	WE	WE00	68767	31.9026	35.1955	-795956	4	Gaza, Israel (general), Israel	IS	IS00	18315	31.4167	34.3333	-797156	4	Gaza, Israel (general), Israel	IS	IS00	18315	31.4167	34.3333	-797156	20250922203000	https://www.hurriyetdailynews.com/france-recognizes-palestinian-state-at-un-213897
1264579257	20250922	202509	2025	2025.7178	PSE	WEST BANK	PSE								ISR	ISRAEL	ISR								1	051	051	05	1	3.4	2	1	2	7.14285714285714	1	France	FR	FR		46	2	FR	1	France	FR	FR		46	2	FR	1	Israel	IS	IS		31.5	34.75	IS	20250922203000	https://www.arabnews.com/node/2616311/middle-east
1264579258	20250922	202509	2025	2025.7178	PSE	WEST BANK	PSE								ISR	ISRAEL	ISR								1	051	051	05	1	3.4	2	1	2	7.14285714285714	1	France	FR	FR		46	2	FR	1	Israel	IS	IS		31.5	34.75	IS	1	Israel	IS	IS		31.5	34.75	IS	20250922203000	https://www.arabnews.com/node/2616311/middle-east
1264579259	20250922	202509	2025	2025.7178	PSE	WEST BANK	PSE								ISR	ISRAEL	ISR								1	051	051	05	1	3.4	2	1	2	7.14285714285714	1	Israel	IS	IS		31.5	34.75	IS	1	France	FR	FR		46	2	FR	1	Israel	IS	IS		31.5	34.75	IS	20250922203000	https://www.arabnews.com/node/2616311/middle-east
1264579260	20250922	202509	2025	2025.7178	PSE	GAZA	PSE								ISR	ISRAEL	ISR								1	111	111	11	3	-2.0	1	1	1	-2.90858725761773	2	Alaska, United States	US	USAK		61.385	-152.268	AK	2	Alaska, United States	US	USAK		61.385	-152.268	AK	2	Alaska, United States	US	USAK		61.385	-152.268	AK	20250922203000	https://news.sky.com/story/gaza-latest-france-recognises-palestinian-state-with-more-countries-to-follow-suit-israel-brands-summit-a-circus-13435340
1264579261	20250922	202509	2025	2025.7178	PSE	PALESTINIAN	PSE								UAF	TERRORIST						UAF			1	173	173	17	4	-5.0	4	1	4	-4.94623655913979	4	Gaza, Israel (general), Israel	IS	IS00	18315	31.4167	34.3333	-797156	4	Gaza, Israel (general), Israel	IS	IS00	18315	31.4167	34.3333	-797156	4	Gaza, Israel (general), Israel	IS	IS00	18315	31.4167	34.3333	-797156	20250922203000	https://freebeacon.com/latest-news/palestinian-officials-demand-reparations-from-uk-after-country-recognizes-palestinian-state-report/
1264579262	20250922	202509	2025	2025.7178	PSE	PALESTINIAN	PSE								USAGOV	THE US	USA					GOV			0	036	036	03	1	4.0	2	1	2	-1.25173852573018	4	Gaza, Israel (general), Israel	IS	IS00	18315	31.4167	34.3333	-797156	4	Gaza, Israel (general), Israel	IS	IS00	18315	31.4167	34.3333	-797156	4	Gaza, Israel (general), Israel	IS	IS00	18315	31.4167	34.3333	-797156	20250922203000	https://www.hurriyetdailynews.com/france-recognizes-palestinian-state-at-un-213897
1264579263	20250922	202509	2025	2025.7178	PSEGOV	PALESTINIAN	PSE					GOV			USAGOV	THE US	USA					GOV			0	036	036	03	1	4.0	1	1	1	-1.25173852573018	4	Gaza, Israel (general), Israel	IS	IS00	18315	31.4167	34.3333	-797156	4	Gaza, Israel (general), Israel	IS	IS00	18315	31.4167	34.3333	-797156	4	Gaza, Israel (general), Israel	IS	IS00	18315	31.4167	34.3333	-797156	20250922203000	https://www.hurriyetdailynews.com/france-recognizes-palestinian-state-at-un-213897
1264579264	20250922	202509	2025	2025.7178	PSEOPP	PALESTINIAN	PSE					OPP			IGOUNO	UNITED NATIONS		UNO				IGO			0	141	141	14	3	-6.5	2	1	2	-3.2994923857868	4	Gaza, Israel (general), Israel	IS	IS00	18315	31.4167	34.3333	-797156	3	United Nations Headquarters, New York, United States	US	USNY		40.7495	-73.9679	968243	4	Gaza, Israel (general), Israel	IS	IS00	18315	31.4167	34.3333	-797156	20250922203000	https://www.channelstv.com/2025/09/22/france-to-recognize-palestinian-state-at-contentious-un-general-assembly/
1264579265	20250922	202509	2025	2025.7178	PSEREB	HAMAS	PSE					REB													0	1243	124	12	3	-4.0	10	1	10	-2.84629981024668	1	United Kingdom	UK	UK		54	-4	UK	0								1	United Kingdom	UK	UK		54	-4	UK	20250922203000	https://www.lbc.co.uk/article/france-palestine-gaza-israel-uk-un-summit-5HjdDMc_2/
1264579266	20250922	202509	2025	2025.7178	PSEREB	HAMAS	PSE					REB			GBR	UNITED KINGDOM	GBR								0	051	051	05	1	3.4	1	1	1	-0.8130081300813	4	Gaza, Israel (general), Israel	IS	IS00	18315	31.4167	34.3333	-797156	4	Gaza, Israel (general), Israel	IS	IS00	18315	31.4167	34.3333	-797156	4	Gaza, Israel (general), Israel	IS	IS00	18315	31.4167	34.3333	-797156	20250922203000	https://freebeacon.com/israel/israel-asked-un-security-council-to-reschedule-gaza-meeting-slated-for-rosh-hashanah-but-the-meeting-remains-set-letter-reveals/
1264579267	20250922	202509	2025	2025.7178	PTY	POLITICIAN									JUD	ATTORNEY						JUD			1	043	043	04	1	2.8	10	1	10	-6.96517412935323	2	New York, United States	US	USNY		42.1497	-74.9384	NY	2	New York, United States	US	USNY		42.1497	-74.9384	NY	2	New York, United States	US	USNY		42.1497	-74.9384	NY	20250922203000	https://talkingpointsmemo.com/edblog/state-of-play-doj-edition
1264579268	20250922	202509	2025	2025.7178	QAT	QATAR	QAT								ARE	UNITED ARAB EMIRATES	ARE								1	036	036	03	1	4.0	2	1	2	-0.5249343832021	1	Ukraine	UP	UP		49	32	UP	1	United States	US	US		39.828175	-98.5795	US	1	Ukraine	UP	UP		49	32	UP	20250922203000	https://www.dailystar.co.uk/news/us-news/donald-trump-make-major-announcement-35946916
1264579269	20250922	202509	2025	2025.7178	QAT	QATAR	QAT								EGY	EGYPT	EGY								1	036	036	03	1	4.0	2	1	2	-0.5249343832021	1	Ukraine	UP	UP		49	32	UP	1	United States	US	US		39.828175	-98.5795	US	1	Ukraine	UP	UP		49	32	UP	20250922203000	https://www.dailystar.co.uk/news/us-news/donald-trump-make-major-announcement-35946916
1264579270	20250922	202509	2025	2025.7178	QAT	QATAR	QAT								IDN	INDONESIA	IDN								1	036	036	03	1	4.0	2	1	2	-0.5249343832021	1	Ukraine	UP	UP		49	32	UP	1	United States	US	US		39.828175	-98.5795	US	1	Ukraine	UP	UP		49	32	UP	20250922203000	https://www.dailystar.co.uk/news/us-news/donald-trump-make-major-announcement-35946916
1264579271	20250922	202509	2025	2025.7178	QAT	QATAR	QAT								JOR	JORDAN	JOR								1	036	036	03	1	4.0	2	1	2	-0.5249343832021	1	Ukraine	UP	UP		49	32	UP	1	United States	US	US		39.828175	-98.5795	US	1	Ukraine	UP	UP		49	32	UP	20250922203000	https://www.dailystar.co.uk/news/us-news/donald-trump-make-major-announcement-35946916
1264579272	20250922	202509	2025	2025.7178	QAT	QATAR	QAT								PAK	PAKISTAN	PAK								1	036	036	03	1	4.0	2	1	2	-0.5249343832021	1	Ukraine	UP	UP		49	32	UP	1	United States	US	US		39.828175	-98.5795	US	1	Ukraine	UP	UP		49	32	UP	20250922203000	https://www.dailystar.co.uk/news/us-news/donald-trump-make-major-announcement-35946916
1264579273	20250922	202509	2025	2025.7178	QAT	QATAR	QAT								SAU	SAUDI ARABIA	SAU								1	036	036	03	1	4.0	2	1	2	-0.5249343832021	1	Ukraine	UP	UP		49	32	UP	1	United States	US	US		39.828175	-98.5795	US	1	Ukraine	UP	UP		49	32	UP	20250922203000	https://www.dailystar.co.uk/news/us-news/donald-trump-make-major-announcement-35946916
1264579274	20250922	202509	2025	2025.7178	QAT	QATAR	QAT								SAU	SAUDI ARABIA	SAU								1	046	046	04	1	7.0	1	1	1	-0.5249343832021	1	Ukraine	UP	UP		49	32	UP	1	United States	US	US		39.828175	-98.5795	US	1	Ukraine	UP	UP		49	32	UP	20250922203000	https://www.dailystar.co.uk/news/us-news/donald-trump-make-major-announcement-35946916
1264579275	20250922	202509	2025	2025.7178	QAT	QATAR	QAT								SAU	SAUDI ARABIA	SAU								1	046	046	04	1	7.0	1	1	1	-0.5249343832021	1	United States	US	US		39.828175	-98.5795	US	1	United States	US	US		39.828175	-98.5795	US	1	United States	US	US		39.828175	-98.5795	US	20250922203000	https://www.dailystar.co.uk/news/us-news/donald-trump-make-major-announcement-35946916
1264579276	20250922	202509	2025	2025.7178	QAT	QATAR	QAT								TUR	TURKEY	TUR								1	036	036	03	1	4.0	2	1	2	-0.5249343832021	1	Ukraine	UP	UP		49	32	UP	1	United States	US	US		39.828175	-98.5795	US	1	Ukraine	UP	UP		49	32	UP	20250922203000	https://www.dailystar.co.uk/news/us-news/donald-trump-make-major-announcement-35946916
1264579277	20250922	202509	2025	2025.7178	REF	ASYLUM SEEKER						REF													1	130	130	13	3	-4.4	1	1	1	-6.69745958429561	4	Glasgow, Glasgow City, United Kingdom	UK	UKV2	40176	55.8333	-4.25	-2597039	0								1	Ireland	EI	EI		53	-8	EI	20250922203000	https://www.dailymail.co.uk/news/article-15122887/Asylum-seeker-stabbed-six-hotel-rampage-threats-24-hours-court-hears.html
1264579278	20250922	202509	2025	2025.7178	REF	ASYLUM SEEKER						REF													1	130	130	13	3	-4.4	4	1	4	-6.69745958429561	1	Ireland	EI	EI		53	-8	EI	0								1	Ireland	EI	EI		53	-8	EI	20250922203000	https://www.dailymail.co.uk/news/article-15122887/Asylum-seeker-stabbed-six-hotel-rampage-threats-24-hours-court-hears.html
1264579279	20250922	202509	2025	2025.7178	REF	REFUGEE						REF			CAN	OTTAWA	CAN								1	100	100	10	3	-5.0	2	1	2	-1.59857904085258	4	Ottawa, Ontario, Canada	CA	CA08	12755	45.4167	-75.7	-570760	4	Gaza, Israel (general), Israel	IS	IS00	18315	31.4167	34.3333	-797156	4	Gaza, Israel (general), Israel	IS	IS00	18315	31.4167	34.3333	-797156	20250922203000	https://toronto.citynews.ca/2025/09/22/ndp-calls-on-ottawa-to-do-more-to-get-approved-refugees-out-of-gaza/
1264579280	20250922	202509	2025	2025.7178	REF	ASYLUM SEEKER						REF			COL	COLOMBIA	COL								1	173	173	17	4	-5.0	1	1	1	-7.96064400715563	3	San Francisco, California, United States	US	USCA	CA075	37.7749	-122.419	277593	3	San Francisco Bay, California, United States	US	USCA		37.7083	-122.28	1654951	3	San Francisco Bay, California, United States	US	USCA		37.7083	-122.28	1654951	20250922203000	https://www.foxla.com/news/san-francisco-ice-rooms-squalid-inhumane-lawsuit
1264579281	20250922	202509	2025	2025.7178	REL	WORSHIPPER									CAN	CANADA	CAN								1	190	190	19	4	-10.0	4	1	4	-4.04858299595141	4	Toronto, Ontario, Canada	CA	CA08	12686	43.6667	-79.4167	-574890	4	Ottawa, Ontario, Canada	CA	CA08	12755	45.4167	-75.7	-570760	4	Toronto, Ontario, Canada	CA	CA08	12686	43.6667	-79.4167	-574890	20250922203000	https://indiawest.com/terrorist-and-pannun-supporter-arrested-in-canada/
1264579282	20250922	202509	2025	2025.7178	ROU	BUCHAREST									USA	UNITED STATES	USA								1	043	043	04	1	2.8	2	1	2	-1.33333333333334	4	Bucharest, Bucuresti, Romania	RO	RO10	25006	44.4333	26.1	-1153951	2	Arizona, United States	US	USAZ		33.7712	-111.388	AZ	2	Arizona, United States	US	USAZ		33.7712	-111.388	AZ	20250922203000	https://www.primetimer.com/news/andrew-tate-touts-charlie-kirks-memorial-as-amazing-but-wonders-do-we-have-america-back
1264579283	20250922	202509	2025	2025.7178	ROU	BUCHAREST									USA	UNITED STATES	USA								1	043	043	04	1	2.8	2	1	2	-1.33333333333334	2	Arizona, United States	US	USAZ		33.7712	-111.388	AZ	2	Arizona, United States	US	USAZ		33.7712	-111.388	AZ	4	Bucharest, Bucuresti, Romania	RO	RO10	25006	44.4333	26.1	-1153951	20250922203000	https://www.primetimer.com/news/andrew-tate-touts-charlie-kirks-memorial-as-amazing-but-wonders-do-we-have-america-back
1264579284	20250922	202509	2025	2025.7178	RUS	RUSSIAN	RUS																		0	033	033	03	1	5.2	2	1	2	-4.80274442538594	1	Russia	RS	RS		60	100	RS	0								1	Russia	RS	RS		60	100	RS	20250922203000	https://www.sbs.com.au/news/article/were-accepting-russian-blood-oil-pressure-to-sanction-petroleum-made-of-russian-crude/kp2dtrcxy
1264579285	20250922	202509	2025	2025.7178	RUS	RUSSIAN	RUS								AUS	AUSTRALIA	AUS								1	172	172	17	4	-5.0	2	1	2	-4.80274442538594	1	Australia	AS	AS		-25	135	AS	1	Australia	AS	AS		-25	135	AS	1	Australia	AS	AS		-25	135	AS	20250922203000	https://www.sbs.com.au/news/article/were-accepting-russian-blood-oil-pressure-to-sanction-petroleum-made-of-russian-crude/kp2dtrcxy
1264579286	20250922	202509	2025	2025.7178	RUS	RUSSIAN	RUS								AUS	AUSTRALIA	AUS								1	172	172	17	4	-5.0	6	1	6	-4.80274442538594	1	Ukraine	UP	UP		49	32	UP	1	Russia	RS	RS		60	100	RS	1	Russia	RS	RS		60	100	RS	20250922203000	https://www.sbs.com.au/news/article/were-accepting-russian-blood-oil-pressure-to-sanction-petroleum-made-of-russian-crude/kp2dtrcxy
1264579287	20250922	202509	2025	2025.7178	RUS	RUSSIAN	RUS								AUS	AUSTRALIA	AUS								1	172	172	17	4	-5.0	2	1	2	-4.80274442538594	1	Ukraine	UP	UP		49	32	UP	1	Russia	RS	RS		60	100	RS	1	Ukraine	UP	UP		49	32	UP	20250922203000	https://www.sbs.com.au/news/article/were-accepting-russian-blood-oil-pressure-to-sanction-petroleum-made-of-russian-crude/kp2dtrcxy
1264579288	20250922	202509	2025	2025.7178	RUS	RUSSIA	RUS								ISR	ISRAEL	ISR								1	090	090	09	2	-2.0	3	1	3	-1.80681028492008	4	Gaza, Israel (general), Israel	IS	IS00	18315	31.4167	34.3333	-797156	4	Gaza, Israel (general), Israel	IS	IS00	18315	31.4167	34.3333	-797156	4	Gaza, Israel (general), Israel	IS	IS00	18315	31.4167	34.3333	-797156	20250922203000	https://www.euronews.com/my-europe/2025/09/22/why-is-the-palestinian-cause-so-important-in-spain
1264579289	20250922	202509	2025	2025.7178	RUS	RUSSIAN	RUS								MIL	FIGHTER JET						MIL			1	128	128	12	3	-5.0	2	1	2	-5.19031141868512	1	Russia	RS	RS		60	100	RS	1	Italy	IT	IT		42.833333	12.833333	IT	1	Russia	RS	RS		60	100	RS	20250922203000	https://www.hindustantimes.com/world-news/denmark-drone-sighting-copenhagen-airport-closed-ukraine-war-101758570526250.html
1264579290	20250922	202509	2025	2025.7178	RUS	RUSSIAN	RUS								MIL	FIGHTER JET						MIL			1	128	128	12	3	-5.0	3	1	3	-5.19031141868512	1	Russia	RS	RS		60	100	RS	1	Russia	RS	RS		60	100	RS	1	Russia	RS	RS		60	100	RS	20250922203000	https://www.hindustantimes.com/world-news/denmark-drone-sighting-copenhagen-airport-closed-ukraine-war-101758570526250.html
1264579291	20250922	202509	2025	2025.7178	RUS	RUSSIA	RUS								OPP	POLITICAL PRISONER						OPP			1	0841	084	08	2	7.0	10	1	10	-8.974358974359	4	Kremlin, Moskva, Russia	RS	RS48	25106	55.7522	37.6156	-2960561	4	Kremlin, Moskva, Russia	RS	RS48	25106	55.7522	37.6156	-2960561	4	Kremlin, Moskva, Russia	RS	RS48	25106	55.7522	37.6156	-2960561	20250922203000	https://www.miragenews.com/uk-addresses-un-on-russian-human-rights-at-1538288/
1264579292	20250922	202509	2025	2025.7178	RUSGOV	RUSSIA	RUS					GOV			UKR	UKRAINE	UKR								0	040	040	04	1	1.0	2	1	2	-0.5249343832021	1	Russia	RS	RS		60	100	RS	1	Ukraine	UP	UP		49	32	UP	1	United States	US	US		39.828175	-98.5795	US	20250922203000	https://www.dailystar.co.uk/news/us-news/donald-trump-make-major-announcement-35946916
1264579293	20250922	202509	2025	2025.7178	RUSGOV	RUSSIA	RUS					GOV			USA	UNITED STATES	USA								0	040	040	04	1	1.0	2	1	2	-0.5249343832021	1	Russia	RS	RS		60	100	RS	1	United States	US	US		39.828175	-98.5795	US	1	Russia	RS	RS		60	100	RS	20250922203000	https://www.dailystar.co.uk/news/us-news/donald-trump-make-major-announcement-35946916
1264579294	20250922	202509	2025	2025.7178	SAU	SAUDI ARABIA	SAU								ARE	UNITED ARAB EMIRATES	ARE								1	036	036	03	1	4.0	2	1	2	-0.5249343832021	1	United States	US	US		39.828175	-98.5795	US	1	United States	US	US		39.828175	-98.5795	US	1	Ukraine	UP	UP		49	32	UP	20250922203000	https://www.dailystar.co.uk/news/us-news/donald-trump-make-major-announcement-35946916
1264579295	20250922	202509	2025	2025.7178	SAU	SAUDI ARABIA	SAU								ARE	UNITED ARAB EMIRATES	ARE								1	046	046	04	1	7.0	2	1	2	-0.5249343832021	1	United States	US	US		39.828175	-98.5795	US	1	United States	US	US		39.828175	-98.5795	US	1	Ukraine	UP	UP		49	32	UP	20250922203000	https://www.dailystar.co.uk/news/us-news/donald-trump-make-major-announcement-35946916
1264579296	20250922	202509	2025	2025.7178	SAU	SAUDI ARABIA	SAU								EGY	EGYPT	EGY								1	036	036	03	1	4.0	2	1	2	-0.5249343832021	1	United States	US	US		39.828175	-98.5795	US	1	United States	US	US		39.828175	-98.5795	US	1	Ukraine	UP	UP		49	32	UP	20250922203000	https://www.dailystar.co.uk/news/us-news/donald-trump-make-major-announcement-35946916
1264579297	20250922	202509	2025	2025.7178	SAU	SAUDI ARABIA	SAU								EGY	EGYPT	EGY								1	046	046	04	1	7.0	2	1	2	-0.5249343832021	1	United States	US	US		39.828175	-98.5795	US	1	United States	US	US		39.828175	-98.5795	US	1	Ukraine	UP	UP		49	32	UP	20250922203000	https://www.dailystar.co.uk/news/us-news/donald-trump-make-major-announcement-35946916
1264579298	20250922	202509	2025	2025.7178	SAU	SAUDI ARABIA	SAU								IDN	INDONESIA	IDN								1	036	036	03	1	4.0	2	1	2	-0.5249343832021	1	United States	US	US		39.828175	-98.5795	US	1	United States	US	US		39.828175	-98.5795	US	1	Ukraine	UP	UP		49	32	UP	20250922203000	https://www.dailystar.co.uk/news/us-news/donald-trump-make-major-announcement-35946916
1264579299	20250922	202509	2025	2025.7178	SAU	SAUDI ARABIA	SAU								IDN	INDONESIA	IDN								1	046	046	04	1	7.0	2	1	2	-0.5249343832021	1	United States	US	US		39.828175	-98.5795	US	1	United States	US	US		39.828175	-98.5795	US	1	Ukraine	UP	UP		49	32	UP	20250922203000	https://www.dailystar.co.uk/news/us-news/donald-trump-make-major-announcement-35946916
1264579300	20250922	202509	2025	2025.7178	SAU	SAUDI ARABIA	SAU								JOR	JORDAN	JOR								1	036	036	03	1	4.0	2	1	2	-0.5249343832021	1	United States	US	US		39.828175	-98.5795	US	1	United States	US	US		39.828175	-98.5795	US	1	Ukraine	UP	UP		49	32	UP	20250922203000	https://www.dailystar.co.uk/news/us-news/donald-trump-make-major-announcement-35946916
1264579301	20250922	202509	2025	2025.7178	SAU	SAUDI ARABIA	SAU								JOR	JORDAN	JOR								1	046	046	04	1	7.0	2	1	2	-0.5249343832021	1	United States	US	US		39.828175	-98.5795	US	1	United States	US	US		39.828175	-98.5795	US	1	Ukraine	UP	UP		49	32	UP	20250922203000	https://www.dailystar.co.uk/news/us-news/donald-trump-make-major-announcement-35946916
1264579302	20250922	202509	2025	2025.7178	SAU	SAUDI ARABIA	SAU								PAK	PAKISTAN	PAK								1	036	036	03	1	4.0	2	1	2	-0.5249343832021	1	United States	US	US		39.828175	-98.5795	US	1	United States	US	US		39.828175	-98.5795	US	1	Ukraine	UP	UP		49	32	UP	20250922203000	https://www.dailystar.co.uk/news/us-news/donald-trump-make-major-announcement-35946916
1264579303	20250922	202509	2025	2025.7178	SAU	SAUDI ARABIA	SAU								PAK	PAKISTAN	PAK								1	046	046	04	1	7.0	2	1	2	-0.5249343832021	1	United States	US	US		39.828175	-98.5795	US	1	United States	US	US		39.828175	-98.5795	US	1	Ukraine	UP	UP		49	32	UP	20250922203000	https://www.dailystar.co.uk/news/us-news/donald-trump-make-major-announcement-35946916
1264579304	20250922	202509	2025	2025.7178	SAU	SAUDI ARABIA	SAU								QAT	QATAR	QAT								1	036	036	03	1	4.0	2	1	2	-0.5249343832021	1	United States	US	US		39.828175	-98.5795	US	1	Ukraine	UP	UP		49	32	UP	1	Ukraine	UP	UP		49	32	UP	20250922203000	https://www.dailystar.co.uk/news/us-news/donald-trump-make-major-announcement-35946916
1264579305	20250922	202509	2025	2025.7178	SAU	SAUDI ARABIA	SAU								QAT	QATAR	QAT								1	046	046	04	1	7.0	2	1	2	-0.5249343832021	1	United States	US	US		39.828175	-98.5795	US	1	Ukraine	UP	UP		49	32	UP	1	Ukraine	UP	UP		49	32	UP	20250922203000	https://www.dailystar.co.uk/news/us-news/donald-trump-make-major-announcement-35946916
1264579306	20250922	202509	2025	2025.7178	SAU	SAUDI ARABIA	SAU								TUR	TURKEY	TUR								1	036	036	03	1	4.0	2	1	2	-0.5249343832021	1	United States	US	US		39.828175	-98.5795	US	1	United States	US	US		39.828175	-98.5795	US	1	Ukraine	UP	UP		49	32	UP	20250922203000	https://www.dailystar.co.uk/news/us-news/donald-trump-make-major-announcement-35946916
1264579307	20250922	202509	2025	2025.7178	SAU	SAUDI ARABIA	SAU								TUR	TURKEY	TUR								1	046	046	04	1	7.0	2	1	2	-0.5249343832021	1	United States	US	US		39.828175	-98.5795	US	1	United States	US	US		39.828175	-98.5795	US	1	Ukraine	UP	UP		49	32	UP	20250922203000	https://www.dailystar.co.uk/news/us-news/donald-trump-make-major-announcement-35946916
1264579308	20250922	202509	2025	2025.7178	SDN	SUDANESE	SDN								COP	POLICE OFFICER						COP			1	182	182	18	4	-9.5	3	1	3	-6.69745958429561	1	Ireland	EI	EI		53	-8	EI	1	Ireland	EI	EI		53	-8	EI	1	Ireland	EI	EI		53	-8	EI	20250922203000	https://www.dailymail.co.uk/news/article-15122887/Asylum-seeker-stabbed-six-hotel-rampage-threats-24-hours-court-hears.html
1264579309	20250922	202509	2025	2025.7178	SDN	SUDANESE	SDN								COP	POLICE OFFICER						COP			1	182	182	18	4	-9.5	3	1	3	-6.69745958429561	1	Sudan	SU	SU		16	30	SU	1	Sudan	SU	SU		16	30	SU	1	Sudan	SU	SU		16	30	SU	20250922203000	https://www.dailymail.co.uk/news/article-15122887/Asylum-seeker-stabbed-six-hotel-rampage-threats-24-hours-court-hears.html
1264579310	20250922	202509	2025	2025.7178	SDN	SUDANESE	SDN								SDNCOP	SUDAN	SDN					COP			1	182	182	18	4	-9.5	1	1	1	-6.69745958429561	4	Glasgow, Glasgow City, United Kingdom	UK	UKV2	40176	55.8333	-4.25	-2597039	1	Sudan	SU	SU		16	30	SU	4	Glasgow, Glasgow City, United Kingdom	UK	UKV2	40176	55.8333	-4.25	-2597039	20250922203000	https://www.dailymail.co.uk/news/article-15122887/Asylum-seeker-stabbed-six-hotel-rampage-threats-24-hours-court-hears.html
1264579311	20250922	202509	2025	2025.7178	SDN	SUDANESE	SDN								SDNCOP	SUDAN	SDN					COP			1	182	182	18	4	-9.5	1	1	1	-6.69745958429561	1	Ireland	EI	EI		53	-8	EI	1	Ireland	EI	EI		53	-8	EI	1	Ireland	EI	EI		53	-8	EI	20250922203000	https://www.dailymail.co.uk/news/article-15122887/Asylum-seeker-stabbed-six-hotel-rampage-threats-24-hours-court-hears.html
1264579312	20250922	202509	2025	2025.7178	SGP	SINGAPORE	SGP								EDU	STUDENT						EDU			0	020	020	02	1	3.0	10	1	10	1.20593692022263	1	Singapore	SN	SN		1.366667	103.8	SN	1	Singapore	SN	SN		1.366667	103.8	SN	1	Singapore	SN	SN		1.366667	103.8	SN	20250922203000	https://indiawest.com/the-great-skills-heist-why-india-should-charge-america-500000-for-every-h-1b-professional/
1264579313	20250922	202509	2025	2025.7178	SVK	SLOVAK	SVK																		1	010	010	01	1	0.0	8	1	8	2.81690140845071	4	Krupina, Banskobystrický, Slovak Republic	LO	LO01	25461	48.3554	19.0647	-843443	0								4	Krupina, Banskobystrický, Slovak Republic	LO	LO01	25461	48.3554	19.0647	-843443	20250922203000	https://enrsi.stvr.sk/articles/so-slovak/415684/special-holiday-broadcast-feast-of-our-lady-of-sorrows
1264579314	20250922	202509	2025	2025.7178	SVK	SLOVAKIA	SVK																		1	042	042	04	1	1.9	3	1	3	2.81690140845071	4	Bratislava, Bratislavsky Kraj, Slovak Republic	LO	LO02	25445	48.15	17.1167	-840999	0								4	Bratislava, Bratislavsky Kraj, Slovak Republic	LO	LO02	25445	48.15	17.1167	-840999	20250922203000	https://enrsi.stvr.sk/articles/so-slovak/415684/special-holiday-broadcast-feast-of-our-lady-of-sorrows
1264579315	20250922	202509	2025	2025.7178	SVK	SLOVAKIA	SVK								REL	SAINT									1	051	051	05	1	3.4	1	1	1	2.81690140845071	4	Bratislava, Bratislavsky Kraj, Slovak Republic	LO	LO02	25445	48.15	17.1167	-840999	4	Krupina, Banskobystrický, Slovak Republic	LO	LO01	25461	48.3554	19.0647	-843443	4	Bratislava, Bratislavsky Kraj, Slovak Republic	LO	LO02	25445	48.15	17.1167	-840999	20250922203000	https://enrsi.stvr.sk/articles/so-slovak/415684/special-holiday-broadcast-feast-of-our-lady-of-sorrows
1264579316	20250922	202509	2025	2025.7178	SVK	SLOVAKIA	SVK								REL	SAINT									1	051	051	05	1	3.4	1	1	1	2.81690140845071	4	Bratislava, Bratislavsky Kraj, Slovak Republic	LO	LO02	25445	48.15	17.1167	-840999	4	Krupina, Banskobystrický, Slovak Republic	LO	LO01	25461	48.3554	19.0647	-843443	4	Krupina, Banskobystrický, Slovak Republic	LO	LO01	25461	48.3554	19.0647	-843443	20250922203000	https://enrsi.stvr.sk/articles/so-slovak/415684/special-holiday-broadcast-feast-of-our-lady-of-sorrows
1264579317	20250922	202509	2025	2025.7178	SVK	SLOVAKIA	SVK								REL	SAINT									1	051	051	05	1	3.4	3	1	3	2.81690140845071	4	Krupina, Banskobystrický, Slovak Republic	LO	LO01	25461	48.3554	19.0647	-843443	4	Krupina, Banskobystrický, Slovak Republic	LO	LO01	25461	48.3554	19.0647	-843443	4	Krupina, Banskobystrický, Slovak Republic	LO	LO01	25461	48.3554	19.0647	-843443	20250922203000	https://enrsi.stvr.sk/articles/so-slovak/415684/special-holiday-broadcast-feast-of-our-lady-of-sorrows
1264579318	20250922	202509	2025	2025.7178	SYR	SYRIA	SYR																		1	020	020	02	1	3.0	5	1	5	-2.85087719298246	4	Golan Heights, Syria (general), Syria	SY	SY00	26337	32.9049	35.8072	-2538190	0								4	Golan Heights, Syria (general), Syria	SY	SY00	26337	32.9049	35.8072	-2538190	20250922203000	https://www.hurriyetdailynews.com/syrian-president-says-us-congress-must-act-to-cement-sanctions-removal-213894
1264579319	20250922	202509	2025	2025.7178	SYR	SYRIA	SYR																		1	030	030	03	1	4.0	3	1	3	-2.85087719298246	4	Golan Heights, Syria (general), Syria	SY	SY00	26337	32.9049	35.8072	-2538190	0								4	Golan Heights, Syria (general), Syria	SY	SY00	26337	32.9049	35.8072	-2538190	20250922203000	https://www.hurriyetdailynews.com/syrian-president-says-us-congress-must-act-to-cement-sanctions-removal-213894
1264579320	20250922	202509	2025	2025.7178	SYR	SYRIAN	SYR																		0	190	190	19	4	-10.0	3	1	3	-2.85087719298246	4	Golan Heights, Syria (general), Syria	SY	SY00	26337	32.9049	35.8072	-2538190	0								4	Golan Heights, Syria (general), Syria	SY	SY00	26337	32.9049	35.8072	-2538190	20250922203000	https://www.hurriyetdailynews.com/syrian-president-says-us-congress-must-act-to-cement-sanctions-removal-213894
1264579321	20250922	202509	2025	2025.7178	SYR	SYRIA	SYR								CVL	CIVILIAN						CVL			0	111	111	11	3	-2.0	10	1	10	-2.85087719298246	4	Golan Heights, Syria (general), Syria	SY	SY00	26337	32.9049	35.8072	-2538190	4	Golan Heights, Syria (general), Syria	SY	SY00	26337	32.9049	35.8072	-2538190	4	Golan Heights, Syria (general), Syria	SY	SY00	26337	32.9049	35.8072	-2538190	20250922203000	https://www.hurriyetdailynews.com/syrian-president-says-us-congress-must-act-to-cement-sanctions-removal-213894
1264579322	20250922	202509	2025	2025.7178	SYR	SYRIAN	SYR								ISR	ISRAEL	ISR								0	111	111	11	3	-2.0	1	1	1	-2.85087719298246	4	Golan Heights, Syria (general), Syria	SY	SY00	26337	32.9049	35.8072	-2538190	4	Golan Heights, Syria (general), Syria	SY	SY00	26337	32.9049	35.8072	-2538190	4	Golan Heights, Syria (general), Syria	SY	SY00	26337	32.9049	35.8072	-2538190	20250922203000	https://www.hurriyetdailynews.com/syrian-president-says-us-congress-must-act-to-cement-sanctions-removal-213894
1264579323	20250922	202509	2025	2025.7178	SYR	SYRIAN	SYR								ISR	ISRAEL	ISR								0	111	111	11	3	-2.0	3	1	3	-2.85087719298246	4	Golan Heights, Syria (general), Syria	SY	SY00	26337	32.9049	35.8072	-2538190	1	Israel	IS	IS		31.5	34.75	IS	4	Golan Heights, Syria (general), Syria	SY	SY00	26337	32.9049	35.8072	-2538190	20250922203000	https://www.hurriyetdailynews.com/syrian-president-says-us-congress-must-act-to-cement-sanctions-removal-213894
1264579324	20250922	202509	2025	2025.7178	SYR	SYRIA	SYR								ISR	ISRAEL	ISR								0	111	111	11	3	-2.0	1	1	1	-2.85087719298246	4	Golan Heights, Syria (general), Syria	SY	SY00	26337	32.9049	35.8072	-2538190	1	Israel	IS	IS		31.5	34.75	IS	1	Israel	IS	IS		31.5	34.75	IS	20250922203000	https://www.hurriyetdailynews.com/syrian-president-says-us-congress-must-act-to-cement-sanctions-removal-213894
1264579325	20250922	202509	2025	2025.7178	SYR	SYRIAN	SYR								ISR	ISRAEL	ISR								0	190	190	19	4	-10.0	1	1	1	-2.85087719298246	4	Golan Heights, Syria (general), Syria	SY	SY00	26337	32.9049	35.8072	-2538190	4	Golan Heights, Syria (general), Syria	SY	SY00	26337	32.9049	35.8072	-2538190	1	Israel	IS	IS		31.5	34.75	IS	20250922203000	https://www.hurriyetdailynews.com/syrian-president-says-us-congress-must-act-to-cement-sanctions-removal-213894
1264579326	20250922	202509	2025	2025.7178	SYR	SYRIAN	SYR								ISR	ISRAEL	ISR								0	190	190	19	4	-10.0	4	1	4	-2.85087719298246	4	Golan Heights, Syria (general), Syria	SY	SY00	26337	32.9049	35.8072	-2538190	1	Israel	IS	IS		31.5	34.75	IS	4	Golan Heights, Syria (general), Syria	SY	SY00	26337	32.9049	35.8072	-2538190	20250922203000	https://www.hurriyetdailynews.com/syrian-president-says-us-congress-must-act-to-cement-sanctions-removal-213894
1264579327	20250922	202509	2025	2025.7178	TJK	TAJIK	TJK								TJKGOV	TAJIKISTAN	TJK					GOV			1	040	040	04	1	1.0	2	1	2	2.27272727272727	4	Dushanbe, Tajikistan (general), Tajikistan	TI	TI00	37623	38.56	68.7739	-2555530	4	Dushanbe, Tajikistan (general), Tajikistan	TI	TI00	37623	38.56	68.7739	-2555530	4	Dushanbe, Tajikistan (general), Tajikistan	TI	TI00	37623	38.56	68.7739	-2555530	20250922203000	https://www.trend.az/casia/tajikistan/4093989.html
1264579328	20250922	202509	2025	2025.7178	TJK	TAJIK	TJK								TJKGOV	TAJIKISTAN	TJK					GOV			1	046	046	04	1	7.0	2	1	2	2.27272727272727	4	Dushanbe, Tajikistan (general), Tajikistan	TI	TI00	37623	38.56	68.7739	-2555530	4	Dushanbe, Tajikistan (general), Tajikistan	TI	TI00	37623	38.56	68.7739	-2555530	4	Dushanbe, Tajikistan (general), Tajikistan	TI	TI00	37623	38.56	68.7739	-2555530	20250922203000	https://www.trend.az/casia/tajikistan/4093989.html
1264579329	20250922	202509	2025	2025.7178	TJKGOV	TAJIK	TJK					GOV													1	040	040	04	1	1.0	6	1	6	2.27272727272727	4	Dushanbe, Tajikistan (general), Tajikistan	TI	TI00	37623	38.56	68.7739	-2555530	0								4	Dushanbe, Tajikistan (general), Tajikistan	TI	TI00	37623	38.56	68.7739	-2555530	20250922203000	https://www.trend.az/casia/tajikistan/4093989.html
1264579330	20250922	202509	2025	2025.7178	TJKGOV	TAJIK	TJK					GOV													1	046	046	04	1	7.0	6	1	6	2.27272727272727	4	Dushanbe, Tajikistan (general), Tajikistan	TI	TI00	37623	38.56	68.7739	-2555530	0								4	Dushanbe, Tajikistan (general), Tajikistan	TI	TI00	37623	38.56	68.7739	-2555530	20250922203000	https://www.trend.az/casia/tajikistan/4093989.html
1264579331	20250922	202509	2025	2025.7178	TJKGOV	TAJIKISTAN	TJK					GOV			TJK	TAJIK	TJK								1	040	040	04	1	1.0	2	1	2	2.27272727272727	4	Dushanbe, Tajikistan (general), Tajikistan	TI	TI00	37623	38.56	68.7739	-2555530	4	Dushanbe, Tajikistan (general), Tajikistan	TI	TI00	37623	38.56	68.7739	-2555530	4	Dushanbe, Tajikistan (general), Tajikistan	TI	TI00	37623	38.56	68.7739	-2555530	20250922203000	https://www.trend.az/casia/tajikistan/4093989.html
1264579332	20250922	202509	2025	2025.7178	TJKGOV	TAJIKISTAN	TJK					GOV			TJK	TAJIK	TJK								1	046	046	04	1	7.0	2	1	2	2.27272727272727	4	Dushanbe, Tajikistan (general), Tajikistan	TI	TI00	37623	38.56	68.7739	-2555530	4	Dushanbe, Tajikistan (general), Tajikistan	TI	TI00	37623	38.56	68.7739	-2555530	4	Dushanbe, Tajikistan (general), Tajikistan	TI	TI00	37623	38.56	68.7739	-2555530	20250922203000	https://www.trend.az/casia/tajikistan/4093989.html
1264579333	20250922	202509	2025	2025.7178	TKM	TURKMENISTAN	TKM																		1	061	061	06	2	6.4	5	1	5	2.94117647058824	1	Turkmenistan	TX	TX		40	60	TX	0								1	Turkmenistan	TX	TX		40	60	TX	20250922203000	https://www.trend.az/business/4093394.html
1264579334	20250922	202509	2025	2025.7178	TUR	TURKEY	TUR								IDN	INDONESIA	IDN								1	036	036	03	1	4.0	2	1	2	-0.5249343832021	1	United States	US	US		39.828175	-98.5795	US	1	United States	US	US		39.828175	-98.5795	US	1	Ukraine	UP	UP		49	32	UP	20250922203000	https://www.dailystar.co.uk/news/us-news/donald-trump-make-major-announcement-35946916
1264579335	20250922	202509	2025	2025.7178	TUR	TURKEY	TUR								QAT	QATAR	QAT								1	036	036	03	1	4.0	2	1	2	-0.5249343832021	1	United States	US	US		39.828175	-98.5795	US	1	Ukraine	UP	UP		49	32	UP	1	Ukraine	UP	UP		49	32	UP	20250922203000	https://www.dailystar.co.uk/news/us-news/donald-trump-make-major-announcement-35946916
1264579336	20250922	202509	2025	2025.7178	TUR	TURKEY	TUR								SAU	SAUDI ARABIA	SAU								1	036	036	03	1	4.0	2	1	2	-0.5249343832021	1	United States	US	US		39.828175	-98.5795	US	1	United States	US	US		39.828175	-98.5795	US	1	Ukraine	UP	UP		49	32	UP	20250922203000	https://www.dailystar.co.uk/news/us-news/donald-trump-make-major-announcement-35946916
1264579337	20250922	202509	2025	2025.7178	TUR	TURKEY	TUR								SAU	SAUDI ARABIA	SAU								1	046	046	04	1	7.0	2	1	2	-0.5249343832021	1	United States	US	US		39.828175	-98.5795	US	1	United States	US	US		39.828175	-98.5795	US	1	Ukraine	UP	UP		49	32	UP	20250922203000	https://www.dailystar.co.uk/news/us-news/donald-trump-make-major-announcement-35946916
1264579338	20250922	202509	2025	2025.7178	TWN	TAIWAN	TWN								MNCUSA	NORTHROP GRUMMAN	USA					MNC			1	057	057	05	1	8.0	5	1	5	2.7027027027027	4	Taipei, T'ai-pei, Taiwan	TW	TW03	13277	25.0478	121.532	-2637882	4	Taipei, T'ai-pei, Taiwan	TW	TW03	13277	25.0478	121.532	-2637882	4	Taipei, T'ai-pei, Taiwan	TW	TW03	13277	25.0478	121.532	-2637882	20250922203000	https://militaryembedded.com/radar-ew/sensors/antps78-radar-to-be-delivered-to-taiwan-by-northrop-grumman-partners
1264579339	20250922	202509	2025	2025.7178	UAF	FIGHTER						UAF													0	010	010	01	1	0.0	2	1	2	1.85387131952018	4	Berlin, Berlin, Germany	GM	GM16	16538	52.5167	13.4	-1746443	0								4	Berlin, Berlin, Germany	GM	GM16	16538	52.5167	13.4	-1746443	20250922203000	https://www.dailymail.co.uk/tvshowbiz/article-15123341/Emily-Blunt-stunning-smashing-machine-premiere-berlin.html
1264579340	20250922	202509	2025	2025.7178	UAF	FIGHTER						UAF													0	010	010	01	1	0.0	3	1	3	1.85387131952018	3	Hollywood, California, United States	US	USCA	CA037	34.0983	-118.327	1660757	0								3	Hollywood, California, United States	US	USCA	CA037	34.0983	-118.327	1660757	20250922203000	https://www.dailymail.co.uk/tvshowbiz/article-15123341/Emily-Blunt-stunning-smashing-machine-premiere-berlin.html
1264579341	20250922	202509	2025	2025.7178	UAF	FIGHTER						UAF													0	012	012	01	1	-0.4	10	1	10	2.73722627737226	0								0								0								20250922203000	https://pagesix.com/2025/09/22/royal-family/prince-william-kate-middleton-attended-racy-50th-birthday-party-for-pippas-husband-report/
1264579342	20250922	202509	2025	2025.7178	UAF	MILITANT						UAF			PAK	PAKISTAN	PAK								1	190	190	19	4	-10.0	10	1	10	-7.96019900497513	4	Bajaur, North-West Frontier, Pakistan	PK	PK03	40352	34.8333	71.9167	-2755559	4	Bajaur, North-West Frontier, Pakistan	PK	PK03	40352	34.8333	71.9167	-2755559	4	Bajaur, North-West Frontier, Pakistan	PK	PK03	40352	34.8333	71.9167	-2755559	20250922203000	https://scroll.in/latest/1086864/pakistan-at-least-24-killed-in-khyber-pakhtunkhwa-province-after-blast-at-militant-compound
1264579343	20250922	202509	2025	2025.7178	UAF	TERRORIST						UAF			USA	UNITED STATES	USA								1	042	042	04	1	1.9	1	1	1	-5.02933780385583	4	Guaca, Sucre, Venezuela	VE	VE19	32100	10.6699	-63.4008	-944828	4	Guaca, Sucre, Venezuela	VE	VE19	32100	10.6699	-63.4008	-944828	4	Guaca, Sucre, Venezuela	VE	VE19	32100	10.6699	-63.4008	-944828	20250922203000	https://hotair.com/tree-hugging-sister/2025/09/22/the-trump-war-on-poor-innocent-venezuelan-fisher-folk-working-side-drug-running-gigs-continues-n3807058
1264579344	20250922	202509	2025	2025.7178	UAF	TERRORIST						UAF			USA	UNITED STATES	USA								1	042	042	04	1	1.9	4	1	4	-5.02933780385583	2	Rhode Island, United States	US	USRI		41.6772	-71.5101	RI	2	Rhode Island, United States	US	USRI		41.6772	-71.5101	RI	2	Rhode Island, United States	US	USRI		41.6772	-71.5101	RI	20250922203000	https://hotair.com/tree-hugging-sister/2025/09/22/the-trump-war-on-poor-innocent-venezuelan-fisher-folk-working-side-drug-running-gigs-continues-n3807058
1264579345	20250922	202509	2025	2025.7178	UKR	UKRAINIAN	UKR																		0	194	194	19	4	-10.0	1	1	1	-4.80274442538594	1	Australia	AS	AS		-25	135	AS	0								1	Australia	AS	AS		-25	135	AS	20250922203000	https://www.sbs.com.au/news/article/were-accepting-russian-blood-oil-pressure-to-sanction-petroleum-made-of-russian-crude/kp2dtrcxy
1264579346	20250922	202509	2025	2025.7178	UKR	UKRAINIAN	UKR																		0	194	194	19	4	-10.0	1	1	1	-4.80274442538594	1	Ukraine	UP	UP		49	32	UP	0								1	Ukraine	UP	UP		49	32	UP	20250922203000	https://www.sbs.com.au/news/article/were-accepting-russian-blood-oil-pressure-to-sanction-petroleum-made-of-russian-crude/kp2dtrcxy
1264579347	20250922	202509	2025	2025.7178	UKR	UKRAINIAN	UKR								EDU	SCHOOL						EDU			0	194	194	19	4	-10.0	1	1	1	-4.80274442538594	1	Australia	AS	AS		-25	135	AS	1	Russia	RS	RS		60	100	RS	1	Australia	AS	AS		-25	135	AS	20250922203000	https://www.sbs.com.au/news/article/were-accepting-russian-blood-oil-pressure-to-sanction-petroleum-made-of-russian-crude/kp2dtrcxy
1264579348	20250922	202509	2025	2025.7178	UKR	UKRAINIAN	UKR								EDU	SCHOOL						EDU			0	194	194	19	4	-10.0	7	1	7	-4.80274442538594	1	Ukraine	UP	UP		49	32	UP	1	Ukraine	UP	UP		49	32	UP	1	Ukraine	UP	UP		49	32	UP	20250922203000	https://www.sbs.com.au/news/article/were-accepting-russian-blood-oil-pressure-to-sanction-petroleum-made-of-russian-crude/kp2dtrcxy
1264579349	20250922	202509	2025	2025.7178	UKR	UKRAINE	UKR								GOV	TREASURY SECRETARY						GOV			0	040	040	04	1	1.0	2	1	2	-0.5249343832021	1	Ukraine	UP	UP		49	32	UP	1	Russia	RS	RS		60	100	RS	1	Ukraine	UP	UP		49	32	UP	20250922203000	https://www.dailystar.co.uk/news/us-news/donald-trump-make-major-announcement-35946916
1264579350	20250922	202509	2025	2025.7178	UKR	UKRAINIAN	UKR								HLH	HOSPITAL						HLH			0	194	194	19	4	-10.0	1	1	1	-4.80274442538594	1	Australia	AS	AS		-25	135	AS	1	Russia	RS	RS		60	100	RS	1	Australia	AS	AS		-25	135	AS	20250922203000	https://www.sbs.com.au/news/article/were-accepting-russian-blood-oil-pressure-to-sanction-petroleum-made-of-russian-crude/kp2dtrcxy
1264579351	20250922	202509	2025	2025.7178	UKR	UKRAINIAN	UKR								HLH	HOSPITAL						HLH			0	194	194	19	4	-10.0	7	1	7	-4.80274442538594	1	Ukraine	UP	UP		49	32	UP	1	Ukraine	UP	UP		49	32	UP	1	Ukraine	UP	UP		49	32	UP	20250922203000	https://www.sbs.com.au/news/article/were-accepting-russian-blood-oil-pressure-to-sanction-petroleum-made-of-russian-crude/kp2dtrcxy
1264579352	20250922	202509	2025	2025.7178	UKR	UKRAINE	UKR								RUS	RUSSIAN	RUS								0	060	060	06	2	6.0	2	1	2	-4.80274442538594	1	Australia	AS	AS		-25	135	AS	1	Australia	AS	AS		-25	135	AS	1	Australia	AS	AS		-25	135	AS	20250922203000	https://www.sbs.com.au/news/article/were-accepting-russian-blood-oil-pressure-to-sanction-petroleum-made-of-russian-crude/kp2dtrcxy
1264579353	20250922	202509	2025	2025.7178	UKR	UKRAINE	UKR								RUS	RUSSIAN	RUS								0	060	060	06	2	6.0	8	1	8	-4.80274442538594	1	Ukraine	UP	UP		49	32	UP	1	Russia	RS	RS		60	100	RS	1	Ukraine	UP	UP		49	32	UP	20250922203000	https://www.sbs.com.au/news/article/were-accepting-russian-blood-oil-pressure-to-sanction-petroleum-made-of-russian-crude/kp2dtrcxy
1264579354	20250922	202509	2025	2025.7178	UKR	UKRAINE	UKR								RUSGOV	RUSSIA	RUS					GOV			0	040	040	04	1	1.0	2	1	2	-0.5249343832021	1	Ukraine	UP	UP		49	32	UP	1	Russia	RS	RS		60	100	RS	1	United States	US	US		39.828175	-98.5795	US	20250922203000	https://www.dailystar.co.uk/news/us-news/donald-trump-make-major-announcement-35946916
1264579355	20250922	202509	2025	2025.7178	UKR	UKRAINIAN	UKR								USA	UNITED STATES	USA								1	040	040	04	1	1.0	2	1	2	-0.5249343832021	1	Saudi Arabia	SA	SA		25	45	SA	1	United States	US	US		39.828175	-98.5795	US	1	Qatar	QA	QA		25.5	51.25	QA	20250922203000	https://www.dailystar.co.uk/news/us-news/donald-trump-make-major-announcement-35946916
1264579356	20250922	202509	2025	2025.7178	UKR	UKRAINIAN	UKR								USA	UNITED STATES	USA								1	040	040	04	1	1.0	4	1	2	-0.5249343832021	1	Ukraine	UP	UP		49	32	UP	1	United States	US	US		39.828175	-98.5795	US	1	Ukraine	UP	UP		49	32	UP	20250922203000	https://www.dailystar.co.uk/news/us-news/donald-trump-make-major-announcement-35946916
1264579357	20250922	202509	2025	2025.7178	UKR	UKRAINIAN	UKR								USA	UNITED STATES	USA								1	040	040	04	1	1.0	1	1	1	-0.5249343832021	1	Ukraine	UP	UP		49	32	UP	1	United States	US	US		39.828175	-98.5795	US	1	United States	US	US		39.828175	-98.5795	US	20250922203000	https://www.dailystar.co.uk/news/us-news/donald-trump-make-major-announcement-35946916
1264579358	20250922	202509	2025	2025.7178	UKR	UKRAINIAN	UKR								USA	UNITED STATES	USA								1	046	046	04	1	7.0	2	1	2	-0.5249343832021	1	Ukraine	UP	UP		49	32	UP	1	United States	US	US		39.828175	-98.5795	US	1	Ukraine	UP	UP		49	32	UP	20250922203000	https://www.dailystar.co.uk/news/us-news/donald-trump-make-major-announcement-35946916
1264579359	20250922	202509	2025	2025.7178	UKR	UKRAINIAN	UKR								USA	UNITED STATES	USA								1	046	046	04	1	7.0	1	1	1	-0.5249343832021	1	Ukraine	UP	UP		49	32	UP	1	United States	US	US		39.828175	-98.5795	US	1	United States	US	US		39.828175	-98.5795	US	20250922203000	https://www.dailystar.co.uk/news/us-news/donald-trump-make-major-announcement-35946916
1264579360	20250922	202509	2025	2025.7178	UKRGOV	UKRAINIAN	UKR					GOV			ARGGOV	ARGENTINIAN	ARG					GOV			1	036	036	03	1	4.0	6	1	6	-0.5249343832021	1	Argentina	AR	AR		-34	-64	AR	1	Argentina	AR	AR		-34	-64	AR	1	Argentina	AR	AR		-34	-64	AR	20250922203000	https://www.dailystar.co.uk/news/us-news/donald-trump-make-major-announcement-35946916
1264579361	20250922	202509	2025	2025.7178	USA	UNITED STATES	USA																		1	010	010	01	1	0.0	1	1	1	0.78554595443833	3	Erie, Pennsylvania, United States	US	USPA	PA049	42.1292	-80.0851	1174305	0								4	Portofino, Liguria, Italy	IT	IT08	18352	44.3	9.2	-125543	20250922203000	https://www.dailymail.co.uk/femail/article-15123407/barack-michelle-obama-italy-steven-spielberg-yacht.html
1264579362	20250922	202509	2025	2025.7178	USA	UNITED STATES	USA																		1	010	010	01	1	0.0	3	1	3	0.78554595443833	3	Erie, Pennsylvania, United States	US	USPA	PA049	42.1292	-80.0851	1174305	0								2	Pennsylvania, United States	US	USPA		40.5773	-77.264	PA	20250922203000	https://www.dailymail.co.uk/femail/article-15123407/barack-michelle-obama-italy-steven-spielberg-yacht.html
1264579363	20250922	202509	2025	2025.7178	USA	UNITED STATES	USA																		1	010	010	01	1	0.0	4	1	4	2.3094688221709	3	Temple University, Pennsylvania, United States	US	USPA	PA101	39.9809	-75.153	1189357	0								3	Temple University, Pennsylvania, United States	US	USPA		39.9809	-75.153	1189357	20250922203000	https://southphillyreview.com/2025/09/22/a-fitting-tribute-for-christopher-fitzgerald/
1264579364	20250922	202509	2025	2025.7178	USA	UNITED STATES	USA																		0	010	010	01	1	0.0	4	1	4	-3.228285933897	3	Anchorage, Alaska, United States	US	USAK	AK020	61.2181	-149.9	1398242	0								3	Anchorage, Alaska, United States	US	USAK	AK020	61.2181	-149.9	1398242	20250922203000	https://www.alaskasnewssource.com/2025/09/22/new-film-follows-five-years-alaska-native-families-seeking-justice-murdered-loved-ones/
1264579365	20250922	202509	2025	2025.7178	USA	UNITED STATES	USA																		0	010	010	01	1	0.0	1	1	1	-3.228285933897	3	Paul Island, Alaska, United States	US	USAK	AK164	55.7886	-159.309	1407824	0								3	Paul Island, Alaska, United States	US	USAK		55.7886	-159.309	1407824	20250922203000	https://www.alaskasnewssource.com/2025/09/22/new-film-follows-five-years-alaska-native-families-seeking-justice-murdered-loved-ones/
1264579366	20250922	202509	2025	2025.7178	USA	UNITED STATES	USA																		0	010	010	01	1	0.0	1	1	1	-3.228285933897	3	Paul Island, Alaska, United States	US	USAK	AK164	55.7886	-159.309	1407824	0								2	Alaska, United States	US	USAK		61.385	-152.268	AK	20250922203000	https://www.alaskasnewssource.com/2025/09/22/new-film-follows-five-years-alaska-native-families-seeking-justice-murdered-loved-ones/
1264579367	20250922	202509	2025	2025.7178	USA	UNITED STATES	USA																		1	010	010	01	1	0.0	2	1	2	-6.09318996415771	3	Bluffdale, Utah, United States	US	USUT	UT035	40.4897	-111.939	1425844	0								3	Bluffdale, Utah, United States	US	USUT	UT035	40.4897	-111.939	1425844	20250922203000	https://www.eastidahonews.com/2025/09/man-hid-in-childs-room-in-utah-for-10-days-police-say/
1264579368	20250922	202509	2025	2025.7178	USA	UNITED STATES	USA																		1	010	010	01	1	0.0	4	1	4	-5.14705882352941	3	Memorial Hermann Hospital, Texas, United States	US	USTX	TX201	29.7142	-95.3959	2015860	0								3	Memorial Hermann Hospital, Texas, United States	US	USTX		29.7142	-95.3959	2015860	20250922203000	https://www.khou.com/article/news/crime/neighbors-rescue-katy-texas-woman-pit-bull-attack/285-e54e9040-4b31-4c61-881f-f1314f8e9407
1264579369	20250922	202509	2025	2025.7178	USA	GRAND CANYON	USA																		1	010	010	01	1	0.0	10	1	10	-2.94117647058824	3	Grand Canyon National Park, Arizona, United States	US	USAZ	AZ005	36.0555	-112.14	23866	0								3	Grand Canyon National Park, Arizona, United States	US	USAZ		36.0555	-112.14	23866	20250922203000	https://www.kazu.org/npr-news/2025-09-22/july-4-wildfire-in-grand-canyon-still-burning-questions-about-response-unanswered
1264579370	20250922	202509	2025	2025.7178	USA	UNITED STATES	USA																		1	010	010	01	1	0.0	2	1	2	0.692041522491348	1	Spain	SP	SP		40	-4	SP	0								1	Spain	SP	SP		40	-4	SP	20250922203000	https://www.bravotv.com/the-daily-dish/see-vicki-gunvalson-boyfriend-michael-smith-buy-home
1264579371	20250922	202509	2025	2025.7178	USA	CINCINNATI	USA																		1	011	011	01	1	-0.1	10	1	10	-1.640838650866	3	Cincinnati, Ohio, United States	US	USOH	OH061	39.162	-84.4569	1066650	0								3	Cincinnati, Ohio, United States	US	USOH	OH061	39.162	-84.4569	1066650	20250922203000	https://www.cincinnatimagazine.com/article/is-cincinnati-really-conservative-or-are-we-just-plain-pigheaded/
1264579372	20250922	202509	2025	2025.7178	USA	DETROIT	USA																		0	012	012	01	1	-0.4	2	1	2	-1.640838650866	4	Paris, France (general), France	FR	FR00	16282	48.8667	2.33333	-1456928	0								3	Cincinnati, Ohio, United States	US	USOH	OH061	39.162	-84.4569	1066650	20250922203000	https://www.cincinnatimagazine.com/article/is-cincinnati-really-conservative-or-are-we-just-plain-pigheaded/
1264579373	20250922	202509	2025	2025.7178	USA	UNITED STATES	USA																		1	012	012	01	1	-0.4	4	1	4	-3.79876796714579	3	Roaring River, North Carolina, United States	US	USNC	NC193	36.2065	-81.0037	993434	0								3	Roaring River, North Carolina, United States	US	USNC		36.2065	-81.0037	993434	20250922203000	https://www.journalpatriot.com/news/helene-hit-western-nc-a-year-ago-this-week/article_038be025-866d-5def-9f1c-2423e981bba9.html
1264579374	20250922	202509	2025	2025.7178	USA	UNITED STATES	USA																		0	013	013	01	1	0.4	8	1	4	-3.228285933897	3	Anchorage, Alaska, United States	US	USAK	AK020	61.2181	-149.9	1398242	0								3	Anchorage, Alaska, United States	US	USAK	AK020	61.2181	-149.9	1398242	20250922203000	https://www.alaskasnewssource.com/2025/09/22/new-film-follows-five-years-alaska-native-families-seeking-justice-murdered-loved-ones/
1264579375	20250922	202509	2025	2025.7178	USA	UNITED STATES	USA																		0	013	013	01	1	0.4	4	1	4	-8.6594504579517	2	New York, United States	US	USNY		42.1497	-74.9384	NY	0								3	Metropolitan Correctional Center, New York, United States	US	USNY		40.7132	-74.0018	2060431	20250922203000	https://www.dailymail.co.uk/news/article-15123309/Jeffrey-Epstein-cellmate-Nicholas-Tartaglione-attack-Manhattan-jail.html
1264579376	20250922	202509	2025	2025.7178	USA	GREENVILLE	USA																		1	017	017	01	1	0.0	18	2	10	3.38517840805124	3	Greenville, South Carolina, United States	US	USSC	SC045	34.8526	-82.394	1245842	0								3	Greenville, South Carolina, United States	US	USSC	SC045	34.8526	-82.394	1245842	20250922203000	https://www.ketv.com/article/greenville-student-chefs-school-lunch-competition/68005813
1264579377	20250922	202509	2025	2025.7178	USA	UNITED STATES	USA																		1	017	017	01	1	0.0	2	1	2	3.49344978165939	3	Stonewall Jackson Memorial Hospital, West Virginia, United States	US	USWV	WV041	39.0478	-80.4922	1728678	0								3	Stonewall Jackson Memorial Hospital, West Virginia, United States	US	USWV		39.0478	-80.4922	1728678	20250922203000	https://wajr.com/2025/09/22/mon-health-and-vandalia-health-excited-to-expand-across-the-state/
1264579378	20250922	202509	2025	2025.7178	USA	GREENVILLE	USA																		0	017	017	01	1	0.0	2	2	2	3.38517840805124	2	South Carolina, United States	US	USSC		33.8191	-80.9066	SC	0								2	South Carolina, United States	US	USSC		33.8191	-80.9066	SC	20250922203000	https://www.ketv.com/article/greenville-student-chefs-school-lunch-competition/68005813
1264579379	20250922	202509	2025	2025.7178	USA	UNITED STATES	USA																		1	020	020	02	1	3.0	4	1	4	7.39644970414201	3	Corpus Christi, Texas, United States	US	USTX	TX355	27.8006	-97.3964	1333380	0								3	Corpus Christi, Texas, United States	US	USTX		27.8006	-97.3964	1333380	20250922203000	https://www.hotelnewsresource.com/article138176.html
1264579380	20250922	202509	2025	2025.7178	USA	UNITED STATES	USA																		0	020	020	02	1	3.0	2	1	2	3.49344978165939	3	Vandalia, West Virginia, United States	US	USWV	WV041	38.927	-80.4037	1548624	0								3	Vandalia, West Virginia, United States	US	USWV	WV041	38.927	-80.4037	1548624	20250922203000	https://wajr.com/2025/09/22/mon-health-and-vandalia-health-excited-to-expand-across-the-state/
1264579381	20250922	202509	2025	2025.7178	USA	UNITED STATES	USA																		0	020	020	02	1	3.0	2	1	2	3.49344978165939	3	Vandalia, West Virginia, United States	US	USWV	WV041	38.927	-80.4037	1548624	0								3	Stonewall Jackson Memorial Hospital, West Virginia, United States	US	USWV		39.0478	-80.4922	1728678	20250922203000	https://wajr.com/2025/09/22/mon-health-and-vandalia-health-excited-to-expand-across-the-state/
1264579382	20250922	202509	2025	2025.7178	USA	UNITED STATES	USA																		0	020	020	02	1	3.0	2	1	2	-1.62368672397326	3	Lake Nelson, New Jersey, United States	US	USNJ	NJ023	40.541	-74.4421	878705	0								3	Lake Nelson, New Jersey, United States	US	USNJ		40.541	-74.4421	878705	20250922203000	https://patch.com/new-jersey/newbrunswick/residents-devastated-see-1-000-fish-die-lake-nelson-piscataway
1264579383	20250922	202509	2025	2025.7178	USA	UNITED STATES	USA																		0	020	020	02	1	3.0	4	1	4	-1.62368672397326	3	Raritan River, New Jersey, United States	US	USNJ	NJ023	40.4918	-74.2732	879618	0								3	Raritan River, New Jersey, United States	US	USNJ		40.4918	-74.2732	879618	20250922203000	https://patch.com/new-jersey/newbrunswick/residents-devastated-see-1-000-fish-die-lake-nelson-piscataway
1264579384	20250922	202509	2025	2025.7178	USA	UNITED STATES	USA																		0	026	026	02	1	4.0	2	1	2	1.05846774193548	3	University Of Massachusetts, Massachusetts, United States	US	USMA	MA015	42.389	-72.5287	601175	0								3	University Of Massachusetts, Massachusetts, United States	US	USMA		42.389	-72.5287	601175	20250922203000	https://recorder.com/2025/09/22/university-massachusetts-brutalist-buildings/
1264579385	20250922	202509	2025	2025.7178	USA	UNITED STATES	USA																		1	030	030	03	1	4.0	4	1	4	0.15649452269171	3	Phoenix, Arizona, United States	US	USAZ	AZ013	33.4484	-112.074	44784	0								3	Phoenix, Arizona, United States	US	USAZ	AZ013	33.4484	-112.074	44784	20250922203000	https://comicbook.com/tv-shows/news/harry-potter-fans-just-got-the-best-look-at-the-future-we-all-deserved-and-will-never-get/
1264579386	20250922	202509	2025	2025.7178	USA	UNITED STATES	USA																		1	031	031	03	1	5.2	2	1	2	1.76077717061324	2	Colorado, United States	US	USCO		39.0646	-105.327	CO	0								3	Chaffee County, Colorado, United States	US	USCO		38.7667	-106.184	198123	20250922203000	https://www.themountainmail.com/news/commissioners-discuss-lodging-tax-metab/article_84a5f6c7-2d51-43f5-8eb1-4c54785f6c2e.html
1264579387	20250922	202509	2025	2025.7178	USA	UNITED STATES	USA																		1	031	031	03	1	5.2	6	1	6	1.76077717061324	2	Colorado, United States	US	USCO		39.0646	-105.327	CO	0								2	Colorado, United States	US	USCO		39.0646	-105.327	CO	20250922203000	https://www.themountainmail.com/news/commissioners-discuss-lodging-tax-metab/article_84a5f6c7-2d51-43f5-8eb1-4c54785f6c2e.html
1264579388	20250922	202509	2025	2025.7178	USA	DALLAS	USA																		1	036	036	03	1	4.0	5	1	5	-0.30769230769231	3	Westville, Texas, United States	US	USTX	TX455	31.0724	-95.1888	1382942	0								3	Westville, Texas, United States	US	USTX	TX455	31.0724	-95.1888	1382942	20250922203000	https://relix.com/news/detail/joe-russos-almost-dead-announce-three-night-run-at-the-capitol-theatre-and-2026-tour-dates/
1264579389	20250922	202509	2025	2025.7178	USA	UNITED STATES	USA																		1	036	036	03	1	4.0	2	1	2	2.34899328859061	3	Boise, Idaho, United States	US	USID	ID001	43.6135	-116.203	400590	0								3	Boise, Idaho, United States	US	USID	ID001	43.6135	-116.203	400590	20250922203000	https://www.ktvb.com/article/news/local/boise-new-director-parks-and-recreation/277-90f27455-6c0c-4a32-bc43-7140cb1ec51d
1264579390	20250922	202509	2025	2025.7178	USA	UNITED STATES	USA																		1	036	036	03	1	4.0	2	1	2	-4.85436893203883	2	Indiana, United States	US	USIN		39.8647	-86.2604	IN	0								2	Indiana, United States	US	USIN		39.8647	-86.2604	IN	20250922203000	https://www.ballstatedailynews.com/article/aclu-of-indiana-sues-ball-state-president-over-employees-firing-daily-news-20250922
1264579391	20250922	202509	2025	2025.7178	USA	UNITED STATES	USA																		1	040	040	04	1	1.0	4	1	4	2.34899328859061	3	Boise, Idaho, United States	US	USID	ID001	43.6135	-116.203	400590	0								3	Boise, Idaho, United States	US	USID	ID001	43.6135	-116.203	400590	20250922203000	https://www.ktvb.com/article/news/local/boise-new-director-parks-and-recreation/277-90f27455-6c0c-4a32-bc43-7140cb1ec51d
1264579392	20250922	202509	2025	2025.7178	USA	UNITED STATES	USA																		0	042	042	04	1	1.9	2	1	2	-2.19224283305227	3	Capitol Hill, Utah, United States	US	USUT	UT035	40.7844	-111.867	1454256	0								3	Capitol Hill, Utah, United States	US	USUT		40.7844	-111.867	1454256	20250922203000	https://www.fitsnews.com/2025/09/22/58-house-democrats-snub-charlie-kirk-resolution/
1264579393	20250922	202509	2025	2025.7178	USA	UNITED STATES	USA																		1	042	042	04	1	1.9	2	1	2	3.21568627450981	3	Chinati, Texas, United States	US	USTX	TX377	29.8241	-104.606	2034438	0								3	Chinati, Texas, United States	US	USTX	TX377	29.8241	-104.606	2034438	20250922203000	https://www.vogue.com/article/marfa-texas-travel-guide
1264579394	20250922	202509	2025	2025.7178	USA	NEW YORK	USA																		0	043	043	04	1	2.8	1	1	1	-2.82167042889391	4	Tehran, Tehran, Iran	IR	IR26	41130	35.75	51.5148	10074674	0								4	Tehran, Tehran, Iran	IR	IR26	41130	35.75	51.5148	10074674	20250922203000	https://hotair.com/ed-morrissey/2025/09/22/irans-people-deserve-international-support-for-their-resistance-and-right-to-self-determination-n3807055
1264579395	20250922	202509	2025	2025.7178	USA	UNITED STATES	USA																		1	043	043	04	1	2.8	6	1	6	9.13461538461539	3	Nelson County, North Dakota, United States	US	USND	ND063	47.9417	-98.1837	1034217	0								3	Nelson County, North Dakota, United States	US	USND		47.9417	-98.1837	1034217	20250922203000	https://www.devilslakejournal.com/top-stories/9283/nelson-county-arts-council-event-sep-28/
1264579396	20250922	202509	2025	2025.7178	USA	UNITED STATES	USA																		1	043	043	04	1	2.8	2	1	2	9.13461538461539	3	Nelson County, North Dakota, United States	US	USND	ND063	47.9417	-98.1837	1034217	0								2	North Dakota, United States	US	USND		47.5362	-99.793	ND	20250922203000	https://www.devilslakejournal.com/top-stories/9283/nelson-county-arts-council-event-sep-28/
1264579397	20250922	202509	2025	2025.7178	USA	UNITED STATES	USA																		0	043	043	04	1	2.8	8	2	4	3.38517840805124	3	Greenville County, South Carolina, United States	US	USSC	SC045	34.8834	-82.3665	1245489	0								3	Greenville County, South Carolina, United States	US	USSC		34.8834	-82.3665	1245489	20250922203000	https://www.ketv.com/article/greenville-student-chefs-school-lunch-competition/68005813
1264579398	20250922	202509	2025	2025.7178	USA	UNITED STATES	USA																		1	043	043	04	1	2.8	2	1	2	3.21568627450981	3	Chinati, Texas, United States	US	USTX	TX377	29.8241	-104.606	2034438	0								3	Chinati, Texas, United States	US	USTX	TX377	29.8241	-104.606	2034438	20250922203000	https://www.vogue.com/article/marfa-texas-travel-guide
1264579399	20250922	202509	2025	2025.7178	USA	UNITED STATES	USA																		1	043	043	04	1	2.8	8	1	8	-10.2150537634408	3	Olmsted County, Minnesota, United States	US	USMN	MN109	44.0005	-92.4502	659500	0								3	Hennepin County, Minnesota, United States	US	USMN		45.0166	-93.4502	659472	20250922203000	https://krforadio.com/ixp/669/p/guilty-verdict-murder-crash-olmsted-county/
1264579400	20250922	202509	2025	2025.7178	USA	LOS ANGELES	USA																		1	043	043	04	1	2.8	10	1	10	0.3030303030303	1	New Zealand	NZ	NZ		-42	174	NZ	0								1	New Zealand	NZ	NZ		-42	174	NZ	20250922203000	https://xpn.org/wc-stephen-king-the-beths-liz-stokes/
1264579401	20250922	202509	2025	2025.7178	USA	TEXAS	USA																		1	043	043	04	1	2.8	3	1	3	3.21568627450981	2	Texas, United States	US	USTX		31.106	-97.6475	TX	0								3	Chinati, Texas, United States	US	USTX	TX377	29.8241	-104.606	2034438	20250922203000	https://www.vogue.com/article/marfa-texas-travel-guide
1264579402	20250922	202509	2025	2025.7178	USA	UNITED STATES	USA																		1	046	046	04	1	7.0	2	1	2	3.60824742268041	3	Saint Charles, Missouri, United States	US	USMO	MO183	38.7839	-90.4812	756631	0								3	Saint Charles, Missouri, United States	US	USMO		38.7839	-90.4812	756631	20250922203000	https://www.kttn.com/chillicothe-city-council-accepts-2024-25-audit/
1264579403	20250922	202509	2025	2025.7178	USA	UNITED STATES	USA																		1	046	046	04	1	7.0	2	1	2	3.60824742268041	2	Missouri, United States	US	USMO		38.4623	-92.302	MO	0								3	Saint Charles, Missouri, United States	US	USMO		38.7839	-90.4812	756631	20250922203000	https://www.kttn.com/chillicothe-city-council-accepts-2024-25-audit/
1264579404	20250922	202509	2025	2025.7178	USA	UNITED STATES	USA																		1	050	050	05	1	3.5	6	1	6	7.88177339901477	3	Queens, New York, United States	US	USNY	NY081	40.7498	-73.7976	971983	0								3	Queens, New York, United States	US	USNY	NY081	40.7498	-73.7976	971983	20250922203000	https://armenianweekly.com/2025/09/22/psychotherapist-artist-shushanik-karapetyan-recognized-with-2025-queens-arts-fund-grant/
1264579405	20250922	202509	2025	2025.7178	USA	UNITED STATES	USA																		1	051	051	05	1	3.4	2	1	2	9.13461538461539	3	Nelson County, North Dakota, United States	US	USND	ND063	47.9417	-98.1837	1034217	0								3	Nelson County, North Dakota, United States	US	USND		47.9417	-98.1837	1034217	20250922203000	https://www.devilslakejournal.com/top-stories/9283/nelson-county-arts-council-event-sep-28/
1264579406	20250922	202509	2025	2025.7178	USA	UNITED STATES	USA																		0	051	051	05	1	3.4	6	1	4	2.3094688221709	3	Temple University, Pennsylvania, United States	US	USPA	PA101	39.9809	-75.153	1189357	0								3	Temple University, Pennsylvania, United States	US	USPA		39.9809	-75.153	1189357	20250922203000	https://southphillyreview.com/2025/09/22/a-fitting-tribute-for-christopher-fitzgerald/
1264579407	20250922	202509	2025	2025.7178	USA	UNITED STATES	USA																		0	051	051	05	1	3.4	2	1	2	2.3094688221709	3	Temple University, Pennsylvania, United States	US	USPA	PA101	39.9809	-75.153	1189357	0								3	Philadelphia, Pennsylvania, United States	US	USPA	PA101	39.9523	-75.1638	1209052	20250922203000	https://southphillyreview.com/2025/09/22/a-fitting-tribute-for-christopher-fitzgerald/
1264579408	20250922	202509	2025	2025.7178	USA	UNITED STATES	USA																		0	051	051	05	1	3.4	2	1	2	2.3094688221709	3	Philadelphia, Pennsylvania, United States	US	USPA	PA101	39.9523	-75.1638	1209052	0								3	Bustleton, Pennsylvania, United States	US	USPA	PA101	40.0826	-75.0316	1203198	20250922203000	https://southphillyreview.com/2025/09/22/a-fitting-tribute-for-christopher-fitzgerald/
1264579409	20250922	202509	2025	2025.7178	USA	PHOENIX	USA																		1	051	051	05	1	3.4	4	1	4	-1.15384615384615	3	Phoenix, Arizona, United States	US	USAZ	AZ013	33.4484	-112.074	44784	0								3	White House, District of Columbia, United States	US	USDC		38.8951	-77.0364	531871	20250922203000	https://nypost.com/2025/09/22/us-news/trump-likely-open-to-national-holiday-honoring-charlie-kirk-white-house/
1264579410	20250922	202509	2025	2025.7178	USA	UNITED STATES	USA																		0	060	060	06	2	6.0	2	1	2	-3.79876796714579	3	Reddies River, North Carolina, United States	US	USNC	NC193	36.1524	-81.147	1027447	0								3	Reddies River, North Carolina, United States	US	USNC		36.1524	-81.147	1027447	20250922203000	https://www.journalpatriot.com/news/helene-hit-western-nc-a-year-ago-this-week/article_038be025-866d-5def-9f1c-2423e981bba9.html
1264579411	20250922	202509	2025	2025.7178	USA	UNITED STATES	USA																		0	060	060	06	2	6.0	2	1	2	-4.71698113207548	3	Putnamville, Indiana, United States	US	USIN	IN133	39.5742	-86.8653	441673	0								3	Sullivan County, Indiana, United States	US	USIN		39.0953	-87.4059	450391	20250922203000	https://www.wthr.com/article/news/crime/indiana-state-police-investigating-possible-murder-suicide-rural-sullivan-county/531-3bd6ed87-80ce-48fc-89f8-badb82490193
1264579412	20250922	202509	2025	2025.7178	USA	UNITED STATES	USA																		0	060	060	06	2	6.0	6	1	6	-4.71698113207548	3	Sullivan County, Indiana, United States	US	USIN	IN153	39.0953	-87.4059	450391	0								3	Sullivan County, Indiana, United States	US	USIN		39.0953	-87.4059	450391	20250922203000	https://www.wthr.com/article/news/crime/indiana-state-police-investigating-possible-murder-suicide-rural-sullivan-county/531-3bd6ed87-80ce-48fc-89f8-badb82490193
1264579413	20250922	202509	2025	2025.7178	USA	UNITED STATES	USA																		1	062	062	06	2	7.4	1	1	1	-2.42214532871972	1	Dominican Republic	DR	DR		19	-70.666667	DR	0								1	Dominican Republic	DR	DR		19	-70.666667	DR	20250922203000	https://legalinsurrection.com/2025/09/dominican-republic-claims-boat-hit-by-u-s-navy-had-over-a-ton-of-cocaine/
1264579414	20250922	202509	2025	2025.7178	USA	UNITED STATES	USA																		0	071	071	07	2	7.4	4	1	4	1.76077717061324	2	Colorado, United States	US	USCO		39.0646	-105.327	CO	0								2	Colorado, United States	US	USCO		39.0646	-105.327	CO	20250922203000	https://www.themountainmail.com/news/commissioners-discuss-lodging-tax-metab/article_84a5f6c7-2d51-43f5-8eb1-4c54785f6c2e.html
1264579415	20250922	202509	2025	2025.7178	USA	UNITED STATES	USA																		1	071	071	07	2	7.4	2	1	2	-2.70967741935484	2	Nevada, United States	US	USNV		38.4199	-117.122	NV	0								2	Nevada, United States	US	USNV		38.4199	-117.122	NV	20250922203000	https://nevadanewsandviews.com/democrats-double-down-on-abortion-despite-nevada-voters-moving-on/
1264579416	20250922	202509	2025	2025.7178	USA	A US	USA																		0	071	071	07	2	7.4	10	1	10	2.0497803806735	1	Taiwan	TW	TW		24	121	TW	0								1	Taiwan	TW	TW		24	121	TW	20250922203000	https://www.theglobeandmail.com/business/article-nvidia-to-invest-100-billion-in-openai/
1264579417	20250922	202509	2025	2025.7178	USA	TEXAS	USA																		1	073	073	07	2	7.4	7	1	7	-5.14705882352941	3	Houston, Texas, United States	US	USTX	TX201	29.7633	-95.3633	1380948	0								3	Houston, Texas, United States	US	USTX	TX201	29.7633	-95.3633	1380948	20250922203000	https://www.khou.com/article/news/crime/neighbors-rescue-katy-texas-woman-pit-bull-attack/285-e54e9040-4b31-4c61-881f-f1314f8e9407
1264579418	20250922	202509	2025	2025.7178	USA	TEXAS	USA																		1	073	073	07	2	7.4	1	1	1	-5.14705882352941	3	Memorial Hermann Hospital, Texas, United States	US	USTX	TX201	29.7142	-95.3959	2015860	0								3	Memorial Hermann Hospital, Texas, United States	US	USTX		29.7142	-95.3959	2015860	20250922203000	https://www.khou.com/article/news/crime/neighbors-rescue-katy-texas-woman-pit-bull-attack/285-e54e9040-4b31-4c61-881f-f1314f8e9407
1264579419	20250922	202509	2025	2025.7178	USA	UNITED STATES	USA																		1	0831	083	08	2	5.0	4	1	4	2.34899328859061	3	Boise, Idaho, United States	US	USID	ID001	43.6135	-116.203	400590	0								3	Boise, Idaho, United States	US	USID	ID001	43.6135	-116.203	400590	20250922203000	https://www.ktvb.com/article/news/local/boise-new-director-parks-and-recreation/277-90f27455-6c0c-4a32-bc43-7140cb1ec51d
1264579420	20250922	202509	2025	2025.7178	USA	UNITED STATES	USA																		0	084	084	08	2	7.0	4	1	4	-3.79876796714579	3	Yadkin, North Carolina, United States	US	USNC	NC159	35.7212	-80.3989	1023334	0								3	Yadkin, North Carolina, United States	US	USNC	NC159	35.7212	-80.3989	1023334	20250922203000	https://www.journalpatriot.com/news/helene-hit-western-nc-a-year-ago-this-week/article_038be025-866d-5def-9f1c-2423e981bba9.html
1264579421	20250922	202509	2025	2025.7178	USA	UNITED STATES	USA																		0	084	084	08	2	7.0	4	1	4	-4.54545454545455	3	Charlestown, Indiana, United States	US	USIN	IN019	38.4531	-85.6702	432425	0								3	Charlestown, Indiana, United States	US	USIN	IN019	38.4531	-85.6702	432425	20250922203000	https://www.whas11.com/article/news/crime/former-jeffersonville-police-officer-todd-wilson-sentenced-plead-guilty-false-statement-indiana/417-45ef4b96-e377-4631-bc0d-f7292282f184
1264579422	20250922	202509	2025	2025.7178	USA	UNITED STATES	USA																		1	084	084	08	2	7.0	2	1	2	-12.6050420168067	3	Queens Village, New York, United States	US	USNY	NY081	40.7268	-73.7415	962086	0								3	Queens Village, New York, United States	US	USNY		40.7268	-73.7415	962086	20250922203000	https://www.mcall.com/2025/09/22/2-people-charged-fight-bethlehem-club-shooting/
1264579423	20250922	202509	2025	2025.7178	USA	UNITED STATES	USA																		1	084	084	08	2	7.0	2	1	2	-12.6050420168067	3	Queens Village, New York, United States	US	USNY	NY081	40.7268	-73.7415	962086	0								2	New York, United States	US	USNY		42.1497	-74.9384	NY	20250922203000	https://www.mcall.com/2025/09/22/2-people-charged-fight-bethlehem-club-shooting/
1264579424	20250922	202509	2025	2025.7178	USA	PHOENIX	USA																		1	0841	084	08	2	7.0	6	1	6	-1.15384615384615	3	Phoenix, Arizona, United States	US	USAZ	AZ013	33.4484	-112.074	44784	0								3	White House, District of Columbia, United States	US	USDC		38.8951	-77.0364	531871	20250922203000	https://nypost.com/2025/09/22/us-news/trump-likely-open-to-national-holiday-honoring-charlie-kirk-white-house/
1264579425	20250922	202509	2025	2025.7178	USA	UNITED STATES	USA																		0	0871	087	08	2	9.0	2	1	2	-5.14705882352941	2	Texas, United States	US	USTX		31.106	-97.6475	TX	0								2	Texas, United States	US	USTX		31.106	-97.6475	TX	20250922203000	https://www.khou.com/article/news/crime/neighbors-rescue-katy-texas-woman-pit-bull-attack/285-e54e9040-4b31-4c61-881f-f1314f8e9407
1264579426	20250922	202509	2025	2025.7178	USA	UNITED STATES	USA																		0	0874	087	08	2	10.0	6	1	6	-1.81818181818182	2	Georgia, United States	US	USGA		32.9866	-83.6487	GA	0								2	Georgia, United States	US	USGA		32.9866	-83.6487	GA	20250922203000	https://froggy999.iheart.com/content/2025-09-22-watch-eric-church-perform-ballad-that-left-not-a-dry-eye-in-the-house/
1264579427	20250922	202509	2025	2025.7178	USA	UNITED STATES	USA																		1	110	110	11	3	-2.0	2	1	2	-5.24590163934426	2	New Jersey, United States	US	USNJ		40.314	-74.5089	NJ	0								2	Arizona, United States	US	USAZ		33.7712	-111.388	AZ	20250922203000	https://710wor.iheart.com/content/2025-09-22-they-had-a-gubernatorial-debate-in-new-jersey-sunday-too-bad-nobody-saw-it/
1264579428	20250922	202509	2025	2025.7178	USA	NEW YORK	USA																		1	111	111	11	3	-2.0	7	1	7	2.55102040816326	1	Thailand	TH	TH		15	100	TH	0								1	Thailand	TH	TH		15	100	TH	20250922203000	https://www.bevnet.com/pr/2025/09/18/rupee-beer-debuts-firstof-its-kind-indian-nonalcoholic-beer
1264579429	20250922	202509	2025	2025.7178	USA	UNITED STATES	USA																		1	120	120	12	3	-4.0	4	1	4	-2.47279920870426	3	Riverside, California, United States	US	USCA	CA067	38.5191	-121.521	253387	0								3	Riverside, California, United States	US	USCA	CA067	38.5191	-121.521	253387	20250922203000	https://www.miragenews.com/save-endangered-species-begin-with-dna-blueprint-1538327/
1264579430	20250922	202509	2025	2025.7178	USA	UNITED STATES	USA																		0	120	120	12	3	-4.0	2	1	2	-0.82944530844997	2	South Dakota, United States	US	USSD		44.2853	-99.4632	SD	0								3	Washington, District of Columbia, United States	US	USDC	DC001	38.8951	-77.0364	531871	20250922203000	https://www.edhat.com/news/kristina-lee-building-atheist-community/
1264579431	20250922	202509	2025	2025.7178	USA	UNITED STATES	USA																		0	120	120	12	3	-4.0	2	1	2	-0.82944530844997	2	South Dakota, United States	US	USSD		44.2853	-99.4632	SD	0								2	South Dakota, United States	US	USSD		44.2853	-99.4632	SD	20250922203000	https://www.edhat.com/news/kristina-lee-building-atheist-community/
1264579432	20250922	202509	2025	2025.7178	USA	UNITED STATES	USA																		1	130	130	13	3	-4.4	5	1	5	-4.24528301886792	2	Illinois, United States	US	USIL		40.3363	-89.0022	IL	0								2	Illinois, United States	US	USIL		40.3363	-89.0022	IL	20250922203000	https://13wham.com/news/local/missing-rochester-girl-found-in-illinois-with-men-staying-in-us-illegally-united-states-marshals-service-blue-island
1264579433	20250922	202509	2025	2025.7178	USA	UNITED STATES	USA																		0	163	163	16	4	-8.0	6	1	4	-2.96022201665125	2	New York, United States	US	USNY		42.1497	-74.9384	NY	0								3	Town Hall, New York, United States	US	USNY		40.7561	-73.9853	2083212	20250922203000	https://hotair.com/ed-morrissey/2025/09/22/great-news-leading-dem-socialist-boycotts-abc-n3807065
1264579434	20250922	202509	2025	2025.7178	USA	UNITED STATES	USA																		0	163	163	16	4	-8.0	4	1	4	-2.96022201665125	2	New York, United States	US	USNY		42.1497	-74.9384	NY	0								2	New York, United States	US	USNY		42.1497	-74.9384	NY	20250922203000	https://hotair.com/ed-morrissey/2025/09/22/great-news-leading-dem-socialist-boycotts-abc-n3807065
1264579435	20250922	202509	2025	2025.7178	USA	UNITED STATES	USA																		0	1712	171	17	4	-9.2	4	1	4	-7.1917808219178	2	Oklahoma, United States	US	USOK		35.5376	-96.9247	OK	0								2	Oklahoma, United States	US	USOK		35.5376	-96.9247	OK	20250922203000	https://dayton.binnews.com/content/2025-09-22-eye-for-an-eye-sign-targets-democrats-black-figures-after-kirk-killing/
1264579436	20250922	202509	2025	2025.7178	USA	UNITED STATES	USA																		0	172	172	17	4	-5.0	2	1	2	-5.17543859649123	3	Los Angeles, California, United States	US	USCA	CA037	34.0522	-118.244	1662328	0								3	Los Angeles, California, United States	US	USCA		34.0522	-118.244	1662328	20250922203000	https://kvia.com/news/puente-news-collaborative/2025/09/22/predator-drones-shift-from-border-patrol-to-protest-surveillance/
1264579437	20250922	202509	2025	2025.7178	USA	TEXAS	USA																		1	172	172	17	4	-5.0	3	1	3	-4.5643153526971	1	Spain	SP	SP		40	-4	SP	0								1	Spain	SP	SP		40	-4	SP	20250922203000	https://www.upi.com/Top_News/US/2025/09/22/Texas-Tiona-Miyani-Islar-dead-children-car-Bexar-County-Javier-Salazar/1071758564295/
1264579438	20250922	202509	2025	2025.7178	USA	UNITED STATES	USA																		0	173	173	17	4	-5.0	2	1	2	-3.228285933897	3	Anchorage, Alaska, United States	US	USAK	AK020	61.2181	-149.9	1398242	0								3	Anchorage, Alaska, United States	US	USAK	AK020	61.2181	-149.9	1398242	20250922203000	https://www.alaskasnewssource.com/2025/09/22/new-film-follows-five-years-alaska-native-families-seeking-justice-murdered-loved-ones/
1264579439	20250922	202509	2025	2025.7178	USA	UNITED STATES	USA																		0	173	173	17	4	-5.0	4	1	4	-10.2150537634408	3	Olmsted County, Minnesota, United States	US	USMN	MN109	44.0005	-92.4502	659500	0								3	Olmsted County, Minnesota, United States	US	USMN		44.0005	-92.4502	659500	20250922203000	https://krforadio.com/ixp/669/p/guilty-verdict-murder-crash-olmsted-county/
1264579440	20250922	202509	2025	2025.7178	USA	CINCINNATI	USA																		0	174	174	17	4	-5.0	10	1	10	-1.640838650866	3	Cincinnati, Ohio, United States	US	USOH	OH061	39.162	-84.4569	1066650	0								3	Cincinnati, Ohio, United States	US	USOH	OH061	39.162	-84.4569	1066650	20250922203000	https://www.cincinnatimagazine.com/article/is-cincinnati-really-conservative-or-are-we-just-plain-pigheaded/
1264579441	20250922	202509	2025	2025.7178	USA	UNITED STATES	USA																		1	180	180	18	4	-9.0	1	1	1	-12.6050420168067	3	Queens Village, New York, United States	US	USNY	NY081	40.7268	-73.7415	962086	0								3	Queens Village, New York, United States	US	USNY		40.7268	-73.7415	962086	20250922203000	https://www.mcall.com/2025/09/22/2-people-charged-fight-bethlehem-club-shooting/
1264579442	20250922	202509	2025	2025.7178	USA	UNITED STATES	USA																		0	180	180	18	4	-9.0	2	1	2	-5.02933780385583	2	Rhode Island, United States	US	USRI		41.6772	-71.5101	RI	0								2	Rhode Island, United States	US	USRI		41.6772	-71.5101	RI	20250922203000	https://hotair.com/tree-hugging-sister/2025/09/22/the-trump-war-on-poor-innocent-venezuelan-fisher-folk-working-side-drug-running-gigs-continues-n3807058
1264579443	20250922	202509	2025	2025.7178	USA	UNITED STATES	USA																		0	190	190	19	4	-10.0	4	1	4	-3.228285933897	3	Anchorage, Alaska, United States	US	USAK	AK020	61.2181	-149.9	1398242	0								3	Anchorage, Alaska, United States	US	USAK	AK020	61.2181	-149.9	1398242	20250922203000	https://www.alaskasnewssource.com/2025/09/22/new-film-follows-five-years-alaska-native-families-seeking-justice-murdered-loved-ones/
1264579444	20250922	202509	2025	2025.7178	USA	UNITED STATES	USA																		1	190	190	19	4	-10.0	1	1	1	-2.42214532871972	1	Dominican Republic	DR	DR		19	-70.666667	DR	0								1	United States	US	US		39.828175	-98.5795	US	20250922203000	https://legalinsurrection.com/2025/09/dominican-republic-claims-boat-hit-by-u-s-navy-had-over-a-ton-of-cocaine/
1264579445	20250922	202509	2025	2025.7178	USA	NEW JERSEY	USA																		1	190	190	19	4	-10.0	1	1	1	-3.2051282051282	2	New Jersey, United States	US	USNJ		40.314	-74.5089	NJ	0								3	Lawrenceville, New Jersey, United States	US	USNJ	NJ021	40.2973	-74.7296	877709	20250922203000	https://6abc.com/post/candidates-clash-new-jersey-governors-debate-between-democrat-mikie-sherrill-republican-jack-ciattarelli/17865940/
1264579446	20250922	202509	2025	2025.7178	USA	UNITED STATES	USA																		1	190	190	19	4	-10.0	1	1	1	-2.42214532871972	1	United States	US	US		39.828175	-98.5795	US	0								1	Dominican Republic	DR	DR		19	-70.666667	DR	20250922203000	https://legalinsurrection.com/2025/09/dominican-republic-claims-boat-hit-by-u-s-navy-had-over-a-ton-of-cocaine/
1264579447	20250922	202509	2025	2025.7178	USA	TEXAS	USA																		1	195	195	19	4	-10.0	1	1	1	-5.14705882352941	3	Houston, Texas, United States	US	USTX	TX201	29.7633	-95.3633	1380948	0								3	Memorial Hermann Hospital, Texas, United States	US	USTX		29.7142	-95.3959	2015860	20250922203000	https://www.khou.com/article/news/crime/neighbors-rescue-katy-texas-woman-pit-bull-attack/285-e54e9040-4b31-4c61-881f-f1314f8e9407
1264579448	20250922	202509	2025	2025.7178	USA	TEXAS	USA																		1	195	195	19	4	-10.0	1	1	1	-5.14705882352941	3	Memorial Hermann Hospital, Texas, United States	US	USTX	TX201	29.7142	-95.3959	2015860	0								2	Texas, United States	US	USTX		31.106	-97.6475	TX	20250922203000	https://www.khou.com/article/news/crime/neighbors-rescue-katy-texas-woman-pit-bull-attack/285-e54e9040-4b31-4c61-881f-f1314f8e9407
1264579449	20250922	202509	2025	2025.7178	USA	TEXAS	USA																		1	195	195	19	4	-10.0	8	1	8	-5.14705882352941	2	Texas, United States	US	USTX		31.106	-97.6475	TX	0								3	Houston, Texas, United States	US	USTX	TX201	29.7633	-95.3633	1380948	20250922203000	https://www.khou.com/article/news/crime/neighbors-rescue-katy-texas-woman-pit-bull-attack/285-e54e9040-4b31-4c61-881f-f1314f8e9407
1264579450	20250922	202509	2025	2025.7178	USA	NEW YORK	USA								ARM	ARMENIAN	ARM								1	043	043	04	1	2.8	2	1	2	-5.16795865633075	4	Beirut, Beyrouth, Lebanon	LE	LE04	18808	33.8719	35.5097	-801546	1	Armenia	AM	AM		40	45	AM	4	Beirut, Beyrouth, Lebanon	LE	LE04	18808	33.8719	35.5097	-801546	20250922203000	https://armenianweekly.com/2025/09/22/how-khoren-bandazian-became-an-arf-member/
1264579451	20250922	202509	2025	2025.7178	USA	NEW YORK CITY	USA								ARM	ARMENIAN	ARM								1	043	043	04	1	2.8	8	1	8	-5.16795865633075	2	New York, United States	US	USNY		42.1497	-74.9384	NY	1	Armenia	AM	AM		40	45	AM	2	New York, United States	US	USNY		42.1497	-74.9384	NY	20250922203000	https://armenianweekly.com/2025/09/22/how-khoren-bandazian-became-an-arf-member/
1264579452	20250922	202509	2025	2025.7178	USA	UNITED STATES	USA								ATH	ATHEIST				ATH					0	010	010	01	1	0.0	8	1	4	-0.82944530844997	2	South Dakota, United States	US	USSD		44.2853	-99.4632	SD	2	South Dakota, United States	US	USSD		44.2853	-99.4632	SD	2	South Dakota, United States	US	USSD		44.2853	-99.4632	SD	20250922203000	https://www.edhat.com/news/kristina-lee-building-atheist-community/
1264579453	20250922	202509	2025	2025.7178	USA	UNITED STATES	USA								ATH	ATHEIST				ATH					0	020	020	02	1	3.0	4	1	4	-0.82944530844997	2	South Dakota, United States	US	USSD		44.2853	-99.4632	SD	2	South Dakota, United States	US	USSD		44.2853	-99.4632	SD	2	South Dakota, United States	US	USSD		44.2853	-99.4632	SD	20250922203000	https://www.edhat.com/news/kristina-lee-building-atheist-community/
1264579454	20250922	202509	2025	2025.7178	USA	UNITED STATES	USA								CHNGOVMIL	CHINA	CHN					GOV	MIL		1	026	026	02	1	4.0	2	1	2	-0.26246719160105	4	Beijing, Beijing, China	CH	CH22	13001	39.9289	116.388	-1898541	4	Beijing, Beijing, China	CH	CH22	13001	39.9289	116.388	-1898541	4	Beijing, Beijing, China	CH	CH22	13001	39.9289	116.388	-1898541	20250922203000	https://nagalandpost.com/us-lawmakers-seek-to-improve-military-ties-with-china/
1264579455	20250922	202509	2025	2025.7178	USA	UNITED STATES	USA								CHNGOVMIL	CHINA	CHN					GOV	MIL		1	026	026	02	1	4.0	8	1	8	-0.26246719160105	1	United States	US	US		39.828175	-98.5795	US	4	Beijing, Beijing, China	CH	CH22	13001	39.9289	116.388	-1898541	4	Beijing, Beijing, China	CH	CH22	13001	39.9289	116.388	-1898541	20250922203000	https://nagalandpost.com/us-lawmakers-seek-to-improve-military-ties-with-china/
1264579456	20250922	202509	2025	2025.7178	USA	UNITED STATES	USA								COP	TROOPER						COP			1	013	013	01	1	0.4	4	1	4	-7.20720720720721	3	Ford City, Pennsylvania, United States	US	USPA	PA005	40.7723	-79.5298	1205046	3	Ford City, Pennsylvania, United States	US	USPA		40.7723	-79.5298	1205046	3	Ford City, Pennsylvania, United States	US	USPA		40.7723	-79.5298	1205046	20250922203000	https://www.winnipegfreepress.com/world/2025/09/22/woman-charged-with-homicide-after-remains-of-her-4-infants-found-in-pennsylvania-house
1264579457	20250922	202509	2025	2025.7178	USA	UNITED STATES	USA								COP	DEPUTIES						COP			1	013	013	01	1	0.4	4	1	4	-4.5643153526971	3	Bexar County, Texas, United States	US	USTX	TX029	29.4502	-98.517	1383800	3	Bexar County, Texas, United States	US	USTX		29.4502	-98.517	1383800	3	Bexar County, Texas, United States	US	USTX		29.4502	-98.517	1383800	20250922203000	https://www.upi.com/Top_News/US/2025/09/22/Texas-Tiona-Miyani-Islar-dead-children-car-Bexar-County-Javier-Salazar/1071758564295/
1264579458	20250922	202509	2025	2025.7178	USA	UNITED STATES	USA								COP	PRISON						COP			1	013	013	01	1	0.4	4	1	4	-8.6594504579517	2	New York, United States	US	USNY		42.1497	-74.9384	NY	2	New York, United States	US	USNY		42.1497	-74.9384	NY	2	New York, United States	US	USNY		42.1497	-74.9384	NY	20250922203000	https://www.dailymail.co.uk/news/article-15123309/Jeffrey-Epstein-cellmate-Nicholas-Tartaglione-attack-Manhattan-jail.html
1264579459	20250922	202509	2025	2025.7178	USA	UNITED STATES	USA								COP	POLICE						COP			0	020	020	02	1	3.0	4	1	4	-3.228285933897	3	Anchorage, Alaska, United States	US	USAK	AK020	61.2181	-149.9	1398242	3	Anchorage, Alaska, United States	US	USAK	AK020	61.2181	-149.9	1398242	3	Anchorage, Alaska, United States	US	USAK	AK020	61.2181	-149.9	1398242	20250922203000	https://www.alaskasnewssource.com/2025/09/22/new-film-follows-five-years-alaska-native-families-seeking-justice-murdered-loved-ones/
1264579460	20250922	202509	2025	2025.7178	USA	LOUISVILLE	USA								COP	POLICE						COP			1	051	051	05	1	3.4	10	1	10	0.87976539589443	0								0								0								20250922203000	https://www.whas11.com/article/news/local/lmpd-new-headquarters-building-west-chestnut-street-louisville-kentucky/417-03885a2b-9a57-44b8-8c02-95443daf5403
1264579461	20250922	202509	2025	2025.7178	USA	UNITED STATES	USA								COP	POLICE						COP			1	051	051	05	1	3.4	4	1	4	-3.34987593052109	2	New York, United States	US	USNY		42.1497	-74.9384	NY	2	New York, United States	US	USNY		42.1497	-74.9384	NY	2	New York, United States	US	USNY		42.1497	-74.9384	NY	20250922203000	https://hotair.com/john-s-2/2025/09/22/mamdani-was-still-pushing-to-defund-the-police-in-2022-n3807057
1264579462	20250922	202509	2025	2025.7178	USA	LOUISVILLE	USA								COP	PRISON						COP			1	173	173	17	4	-5.0	4	1	4	-4.54545454545455	3	Charlestown, Indiana, United States	US	USIN	IN019	38.4531	-85.6702	432425	3	Charlestown, Indiana, United States	US	USIN	IN019	38.4531	-85.6702	432425	3	Charlestown, Indiana, United States	US	USIN	IN019	38.4531	-85.6702	432425	20250922203000	https://www.whas11.com/article/news/crime/former-jeffersonville-police-officer-todd-wilson-sentenced-plead-guilty-false-statement-indiana/417-45ef4b96-e377-4631-bc0d-f7292282f184
1264579463	20250922	202509	2025	2025.7178	USA	LOUISVILLE	USA								COP	PRISON						COP			1	173	173	17	4	-5.0	6	1	6	-4.54545454545455	3	Indianapolis, Indiana, United States	US	USIN	IN097	39.7684	-86.158	452890	3	Indianapolis, Indiana, United States	US	USIN	IN097	39.7684	-86.158	452890	3	Indianapolis, Indiana, United States	US	USIN	IN097	39.7684	-86.158	452890	20250922203000	https://www.whas11.com/article/news/crime/former-jeffersonville-police-officer-todd-wilson-sentenced-plead-guilty-false-statement-indiana/417-45ef4b96-e377-4631-bc0d-f7292282f184
1264579464	20250922	202509	2025	2025.7178	USA	UNITED STATES	USA								COP	POLICE						COP			1	180	180	18	4	-9.0	2	1	2	-12.6050420168067	3	Queens Village, New York, United States	US	USNY	NY081	40.7268	-73.7415	962086	3	Queens Village, New York, United States	US	USNY		40.7268	-73.7415	962086	3	Queens Village, New York, United States	US	USNY		40.7268	-73.7415	962086	20250922203000	https://www.mcall.com/2025/09/22/2-people-charged-fight-bethlehem-club-shooting/
1264579465	20250922	202509	2025	2025.7178	USA	INDIANA	USA								COP	POLICE						COP			1	193	193	19	4	-10.0	5	1	5	-4.71698113207548	2	Indiana, United States	US	USIN		39.8647	-86.2604	IN	2	Indiana, United States	US	USIN		39.8647	-86.2604	IN	2	Indiana, United States	US	USIN		39.8647	-86.2604	IN	20250922203000	https://www.wthr.com/article/news/crime/indiana-state-police-investigating-possible-murder-suicide-rural-sullivan-county/531-3bd6ed87-80ce-48fc-89f8-badb82490193
1264579466	20250922	202509	2025	2025.7178	USA	UNITED STATES	USA								COP	POLICE						COP			1	193	193	19	4	-10.0	2	1	2	-7.40740740740741	2	Maine, United States	US	USME		44.6074	-69.3977	ME	2	Maine, United States	US	USME		44.6074	-69.3977	ME	2	Maine, United States	US	USME		44.6074	-69.3977	ME	20250922203000	https://www.wmtw.com/article/corinth-maine-deadly-shooting-main-street-scott-roberts/68006445
1264579467	20250922	202509	2025	2025.7178	USA	UNITED STATES	USA								COPCOP	POLICE						COP	COP		1	190	190	19	4	-10.0	6	1	6	-4.71698113207548	3	Sullivan County, Indiana, United States	US	USIN	IN153	39.0953	-87.4059	450391	2	Indiana, United States	US	USIN		39.8647	-86.2604	IN	2	Indiana, United States	US	USIN		39.8647	-86.2604	IN	20250922203000	https://www.wthr.com/article/news/crime/indiana-state-police-investigating-possible-murder-suicide-rural-sullivan-county/531-3bd6ed87-80ce-48fc-89f8-badb82490193
1264579468	20250922	202509	2025	2025.7178	USA	INDIANA	USA								COPCOP	POLICE						COP	COP		1	190	190	19	4	-10.0	4	1	4	-4.71698113207548	2	Indiana, United States	US	USIN		39.8647	-86.2604	IN	2	Indiana, United States	US	USIN		39.8647	-86.2604	IN	2	Indiana, United States	US	USIN		39.8647	-86.2604	IN	20250922203000	https://www.wthr.com/article/news/crime/indiana-state-police-investigating-possible-murder-suicide-rural-sullivan-county/531-3bd6ed87-80ce-48fc-89f8-badb82490193
1264579469	20250922	202509	2025	2025.7178	USA	UNITED STATES	USA								CVL	COMMUNITY						CVL			0	019	019	01	1	3.4	4	1	4	1.86799501867995	2	Idaho, United States	US	USID		44.2394	-114.51	ID	2	Idaho, United States	US	USID		44.2394	-114.51	ID	2	Idaho, United States	US	USID		44.2394	-114.51	ID	20250922203000	https://www.eastidahonews.com/2025/09/festival-honoring-once-forgotten-historic-neighborhood-reminds-community-of-its-roots/
1264579470	20250922	202509	2025	2025.7178	USA	UNITED STATES	USA								CVL	VOTER						CVL			0	043	043	04	1	2.8	1	1	1	-2.96022201665125	2	New York, United States	US	USNY		42.1497	-74.9384	NY	2	New York, United States	US	USNY		42.1497	-74.9384	NY	3	Town Hall, New York, United States	US	USNY		40.7561	-73.9853	2083212	20250922203000	https://hotair.com/ed-morrissey/2025/09/22/great-news-leading-dem-socialist-boycotts-abc-n3807065
1264579471	20250922	202509	2025	2025.7178	USA	UNITED STATES	USA								CVL	SCIENTIST						CVL			1	071	071	07	2	7.4	8	1	8	1.20593692022263	1	India	IN	IN		20	77	IN	1	India	IN	IN		20	77	IN	1	India	IN	IN		20	77	IN	20250922203000	https://indiawest.com/the-great-skills-heist-why-india-should-charge-america-500000-for-every-h-1b-professional/
1264579472	20250922	202509	2025	2025.7178	USA	UNITED STATES	USA								CVL	SCIENTIST						CVL			1	071	071	07	2	7.4	2	1	2	1.20593692022263	1	India	IN	IN		20	77	IN	1	United States	US	US		39.828175	-98.5795	US	1	India	IN	IN		20	77	IN	20250922203000	https://indiawest.com/the-great-skills-heist-why-india-should-charge-america-500000-for-every-h-1b-professional/
1264579473	20250922	202509	2025	2025.7178	USA	UNITED STATES	USA								CVL	VILLAGE						CVL			1	084	084	08	2	7.0	2	1	2	-12.6050420168067	3	Queens Village, New York, United States	US	USNY	NY081	40.7268	-73.7415	962086	3	Queens Village, New York, United States	US	USNY		40.7268	-73.7415	962086	2	New York, United States	US	USNY		42.1497	-74.9384	NY	20250922203000	https://www.mcall.com/2025/09/22/2-people-charged-fight-bethlehem-club-shooting/
1264579474	20250922	202509	2025	2025.7178	USA	UNITED STATES	USA								CVL	ENGINEER						CVL			0	0841	084	08	2	7.0	4	1	4	-3.79876796714579	3	Yadkin, North Carolina, United States	US	USNC	NC159	35.7212	-80.3989	1023334	3	Yadkin, North Carolina, United States	US	USNC	NC159	35.7212	-80.3989	1023334	3	Yadkin, North Carolina, United States	US	USNC	NC159	35.7212	-80.3989	1023334	20250922203000	https://www.journalpatriot.com/news/helene-hit-western-nc-a-year-ago-this-week/article_038be025-866d-5def-9f1c-2423e981bba9.html
1264579475	20250922	202509	2025	2025.7178	USA	SAN FRANCISCO	USA								CVL	IMMIGRANT						CVL			0	173	173	17	4	-5.0	8	1	8	-7.96064400715563	3	San Francisco Bay, California, United States	US	USCA	CA081	37.7083	-122.28	1654951	3	San Francisco Bay, California, United States	US	USCA		37.7083	-122.28	1654951	3	San Francisco Bay, California, United States	US	USCA		37.7083	-122.28	1654951	20250922203000	https://www.foxla.com/news/san-francisco-ice-rooms-squalid-inhumane-lawsuit
1264579476	20250922	202509	2025	2025.7178	USA	UNITED STATES	USA								CVL	VILLAGE						CVL			1	193	193	19	4	-10.0	2	1	2	-12.6050420168067	3	Queens Village, New York, United States	US	USNY	NY081	40.7268	-73.7415	962086	3	Queens Village, New York, United States	US	USNY		40.7268	-73.7415	962086	3	Queens Village, New York, United States	US	USNY		40.7268	-73.7415	962086	20250922203000	https://www.mcall.com/2025/09/22/2-people-charged-fight-bethlehem-club-shooting/
1264579477	20250922	202509	2025	2025.7178	USA	UNITED STATES	USA								DOM	DOMINICAN REPUBLIC	DOM								1	062	062	06	2	7.4	1	1	1	-2.42214532871972	1	Dominican Republic	DR	DR		19	-70.666667	DR	1	Dominican Republic	DR	DR		19	-70.666667	DR	1	United States	US	US		39.828175	-98.5795	US	20250922203000	https://legalinsurrection.com/2025/09/dominican-republic-claims-boat-hit-by-u-s-navy-had-over-a-ton-of-cocaine/
1264579478	20250922	202509	2025	2025.7178	USA	UNITED STATES	USA								DOM	DOMINICAN REPUBLIC	DOM								1	062	062	06	2	7.4	1	1	1	-2.42214532871972	1	United States	US	US		39.828175	-98.5795	US	1	Dominican Republic	DR	DR		19	-70.666667	DR	1	United States	US	US		39.828175	-98.5795	US	20250922203000	https://legalinsurrection.com/2025/09/dominican-republic-claims-boat-hit-by-u-s-navy-had-over-a-ton-of-cocaine/
1264579479	20250922	202509	2025	2025.7178	USA	UNITED STATES	USA								EDU	SCHOOL						EDU			1	010	010	01	1	0.0	24	1	24	-1.81818181818182	3	Nashville, Tennessee, United States	US	USTN	TN037	36.1659	-86.7844	1652484	2	North Carolina, United States	US	USNC		35.6411	-79.8431	NC	3	Nashville, Tennessee, United States	US	USTN	TN037	36.1659	-86.7844	1652484	20250922203000	https://froggy999.iheart.com/content/2025-09-22-watch-eric-church-perform-ballad-that-left-not-a-dry-eye-in-the-house/
1264579480	20250922	202509	2025	2025.7178	USA	GREENVILLE	USA								EDU	SCHOOL						EDU			1	017	017	01	1	0.0	12	2	6	3.38517840805124	3	Greenville, South Carolina, United States	US	USSC	SC045	34.8526	-82.394	1245842	3	Greenville, South Carolina, United States	US	USSC	SC045	34.8526	-82.394	1245842	3	Greenville, South Carolina, United States	US	USSC	SC045	34.8526	-82.394	1245842	20250922203000	https://www.ketv.com/article/greenville-student-chefs-school-lunch-competition/68005813
1264579481	20250922	202509	2025	2025.7178	USA	UNITED STATES	USA								EDU	STUDENT						EDU			0	020	020	02	1	3.0	8	2	4	3.38517840805124	3	Greenville County, South Carolina, United States	US	USSC	SC045	34.8834	-82.3665	1245489	3	Greenville County, South Carolina, United States	US	USSC		34.8834	-82.3665	1245489	3	Greenville County, South Carolina, United States	US	USSC		34.8834	-82.3665	1245489	20250922203000	https://www.ketv.com/article/greenville-student-chefs-school-lunch-competition/68005813
1264579482	20250922	202509	2025	2025.7178	USA	UNITED STATES	USA								EDU	STUDENT						EDU			0	036	036	03	1	4.0	2	1	2	1.05846774193548	3	University Of Massachusetts, Massachusetts, United States	US	USMA	MA015	42.389	-72.5287	601175	3	University Of Massachusetts, Massachusetts, United States	US	USMA		42.389	-72.5287	601175	3	University Of Massachusetts, Massachusetts, United States	US	USMA		42.389	-72.5287	601175	20250922203000	https://recorder.com/2025/09/22/university-massachusetts-brutalist-buildings/
1264579483	20250922	202509	2025	2025.7178	USA	UNITED STATES	USA								EDU	SCHOOL						EDU			1	042	042	04	1	1.9	4	2	4	3.38517840805124	3	Greenville County, South Carolina, United States	US	USSC	SC045	34.8834	-82.3665	1245489	3	Greenville County, South Carolina, United States	US	USSC		34.8834	-82.3665	1245489	3	Greenville County, South Carolina, United States	US	USSC		34.8834	-82.3665	1245489	20250922203000	https://www.ketv.com/article/greenville-student-chefs-school-lunch-competition/68005813
1264579484	20250922	202509	2025	2025.7178	USA	UNITED STATES	USA								EDU	SCHOOL						EDU			0	042	042	04	1	1.9	12	1	12	-1.81818181818182	3	Nashville, Tennessee, United States	US	USTN	TN037	36.1659	-86.7844	1652484	3	Nashville, Tennessee, United States	US	USTN	TN037	36.1659	-86.7844	1652484	3	Nashville, Tennessee, United States	US	USTN	TN037	36.1659	-86.7844	1652484	20250922203000	https://froggy999.iheart.com/content/2025-09-22-watch-eric-church-perform-ballad-that-left-not-a-dry-eye-in-the-house/
1264579485	20250922	202509	2025	2025.7178	USA	UNITED STATES	USA								EDU	SCHOOL						EDU			0	042	042	04	1	1.9	12	1	12	-1.81818181818182	3	Nashville, Tennessee, United States	US	USTN	TN037	36.1659	-86.7844	1652484	2	Georgia, United States	US	USGA		32.9866	-83.6487	GA	2	Georgia, United States	US	USGA		32.9866	-83.6487	GA	20250922203000	https://froggy999.iheart.com/content/2025-09-22-watch-eric-church-perform-ballad-that-left-not-a-dry-eye-in-the-house/
1264579486	20250922	202509	2025	2025.7178	USA	UNITED STATES	USA								EDU	COLLEGE						EDU			1	042	042	04	1	1.9	4	1	4	1.05846774193548	3	University Of Massachusetts, Massachusetts, United States	US	USMA	MA015	42.389	-72.5287	601175	3	University Of Massachusetts, Massachusetts, United States	US	USMA		42.389	-72.5287	601175	3	University Of Massachusetts, Massachusetts, United States	US	USMA		42.389	-72.5287	601175	20250922203000	https://recorder.com/2025/09/22/university-massachusetts-brutalist-buildings/
1264579487	20250922	202509	2025	2025.7178	USA	NASHVILLE	USA								EDU	SCHOOL						EDU			0	042	042	04	1	1.9	36	1	36	-1.81818181818182	2	North Carolina, United States	US	USNC		35.6411	-79.8431	NC	2	North Carolina, United States	US	USNC		35.6411	-79.8431	NC	2	North Carolina, United States	US	USNC		35.6411	-79.8431	NC	20250922203000	https://froggy999.iheart.com/content/2025-09-22-watch-eric-church-perform-ballad-that-left-not-a-dry-eye-in-the-house/
1264579488	20250922	202509	2025	2025.7178	USA	UNITED STATES	USA								EDU	SCHOOL						EDU			0	043	043	04	1	2.8	8	2	4	3.38517840805124	3	Greenville County, South Carolina, United States	US	USSC	SC045	34.8834	-82.3665	1245489	3	Greenville County, South Carolina, United States	US	USSC		34.8834	-82.3665	1245489	3	Greenville County, South Carolina, United States	US	USSC		34.8834	-82.3665	1245489	20250922203000	https://www.ketv.com/article/greenville-student-chefs-school-lunch-competition/68005813
1264579489	20250922	202509	2025	2025.7178	USA	COLUMBUS	USA								EDU	SCHOOL						EDU			1	050	050	05	1	3.5	10	1	10	-0.79155672823219	0								0								0								20250922203000	https://www.kpcw.org/summit-county/2025-09-22/summit-county-debates-hoa-for-cline-dahle-affordable-housing
1264579490	20250922	202509	2025	2025.7178	USA	UNITED STATES	USA								EDU	STUDENT						EDU			0	051	051	05	1	3.4	2	1	2	1.05846774193548	3	University Of Massachusetts, Massachusetts, United States	US	USMA	MA015	42.389	-72.5287	601175	3	University Of Massachusetts, Massachusetts, United States	US	USMA		42.389	-72.5287	601175	3	University Of Massachusetts, Massachusetts, United States	US	USMA		42.389	-72.5287	601175	20250922203000	https://recorder.com/2025/09/22/university-massachusetts-brutalist-buildings/
1264579491	20250922	202509	2025	2025.7178	USA	VIRGINIA	USA								EDU	PROFESSOR						EDU			0	141	141	14	3	-6.5	1	1	1	-3.76153300212917	2	Virginia, United States	US	USVA		37.768	-78.2057	VA	2	Virginia, United States	US	USVA		37.768	-78.2057	VA	3	White House, District of Columbia, United States	US	USDC		38.8951	-77.0364	531871	20250922203000	https://hotair.com/david-strom/2025/09/22/you-and-i-saw-a-revival-meeting-the-left-saw-hate-n3807051
1264579492	20250922	202509	2025	2025.7178	USA	UNITED STATES	USA								EDU	PROFESSOR						EDU			0	141	141	14	3	-6.5	2	1	2	-3.76153300212917	2	Virginia, United States	US	USVA		37.768	-78.2057	VA	2	Virginia, United States	US	USVA		37.768	-78.2057	VA	2	Virginia, United States	US	USVA		37.768	-78.2057	VA	20250922203000	https://hotair.com/david-strom/2025/09/22/you-and-i-saw-a-revival-meeting-the-left-saw-hate-n3807051
1264579493	20250922	202509	2025	2025.7178	USA	INDIANA	USA								EDUGOV	UNIVERSITY						EDU	GOV		1	115	115	11	3	-2.0	9	1	9	-4.85436893203883	2	Indiana, United States	US	USIN		39.8647	-86.2604	IN	2	Indiana, United States	US	USIN		39.8647	-86.2604	IN	2	Indiana, United States	US	USIN		39.8647	-86.2604	IN	20250922203000	https://www.ballstatedailynews.com/article/aclu-of-indiana-sues-ball-state-president-over-employees-firing-daily-news-20250922
1264579494	20250922	202509	2025	2025.7178	USA	CINCINNATI	USA								FRA	PARIS	FRA								0	015	015	01	1	0.0	6	1	6	-1.640838650866	3	Cincinnati, Ohio, United States	US	USOH	OH061	39.162	-84.4569	1066650	4	Paris, France (general), France	FR	FR00	16282	48.8667	2.33333	-1456928	3	Cincinnati, Ohio, United States	US	USOH	OH061	39.162	-84.4569	1066650	20250922203000	https://www.cincinnatimagazine.com/article/is-cincinnati-really-conservative-or-are-we-just-plain-pigheaded/
1264579495	20250922	202509	2025	2025.7178	USA	UNITED STATES	USA								FRA	PARIS	FRA								0	015	015	01	1	0.0	2	1	2	-1.640838650866	3	Cincinnati, Ohio, United States	US	USOH	OH061	39.162	-84.4569	1066650	3	Cincinnati, Ohio, United States	US	USOH	OH061	39.162	-84.4569	1066650	4	Paris, France (general), France	FR	FR00	16282	48.8667	2.33333	-1456928	20250922203000	https://www.cincinnatimagazine.com/article/is-cincinnati-really-conservative-or-are-we-just-plain-pigheaded/
1264579496	20250922	202509	2025	2025.7178	USA	UNITED STATES	USA								FRA	FRANCE	FRA								0	015	015	01	1	0.0	2	1	2	-1.640838650866	3	Cincinnati, Ohio, United States	US	USOH	OH061	39.162	-84.4569	1066650	3	Cincinnati, Ohio, United States	US	USOH	OH061	39.162	-84.4569	1066650	3	Cincinnati, Ohio, United States	US	USOH	OH061	39.162	-84.4569	1066650	20250922203000	https://www.cincinnatimagazine.com/article/is-cincinnati-really-conservative-or-are-we-just-plain-pigheaded/
1264579497	20250922	202509	2025	2025.7178	USA	UNITED STATES	USA								GOV	ADMINISTRATION						GOV			0	010	010	01	1	0.0	1	1	1	1.76077717061324	3	Chaffee County, Colorado, United States	US	USCO	CO015	38.7667	-106.184	198123	3	Chaffee County, Colorado, United States	US	USCO		38.7667	-106.184	198123	3	Chaffee County, Colorado, United States	US	USCO		38.7667	-106.184	198123	20250922203000	https://www.themountainmail.com/news/commissioners-discuss-lodging-tax-metab/article_84a5f6c7-2d51-43f5-8eb1-4c54785f6c2e.html
1264579498	20250922	202509	2025	2025.7178	USA	UNITED STATES	USA								GOV	ADMINISTRATION						GOV			0	010	010	01	1	0.0	1	1	1	1.76077717061324	3	Chaffee County, Colorado, United States	US	USCO	CO015	38.7667	-106.184	198123	2	Colorado, United States	US	USCO		39.0646	-105.327	CO	2	Colorado, United States	US	USCO		39.0646	-105.327	CO	20250922203000	https://www.themountainmail.com/news/commissioners-discuss-lodging-tax-metab/article_84a5f6c7-2d51-43f5-8eb1-4c54785f6c2e.html
1264579499	20250922	202509	2025	2025.7178	USA	UNITED STATES	USA								GOV	ADMINISTRATION						GOV			1	012	012	01	1	-0.4	4	1	4	-4	3	Hollywood, California, United States	US	USCA	CA037	34.0983	-118.327	1660757	3	Hollywood, California, United States	US	USCA	CA037	34.0983	-118.327	1660757	3	Hollywood, California, United States	US	USCA	CA037	34.0983	-118.327	1660757	20250922203000	https://www.brisbanetimes.com.au/world/north-america/jimmy-kimmel-will-return-to-the-air-disney-says-20250923-p5mx5f.html
1264579500	20250922	202509	2025	2025.7178	USA	UNITED STATES	USA								GOV	ADMINISTRATION						GOV			0	012	012	01	1	-0.4	4	1	4	-0.18467220683287	3	Los Angeles, California, United States	US	USCA	CA037	34.0522	-118.244	1662328	3	Los Angeles, California, United States	US	USCA		34.0522	-118.244	1662328	3	Los Angeles, California, United States	US	USCA		34.0522	-118.244	1662328	20250922203000	https://torontosun.com/entertainment/television/abc-ends-jimmy-kimmels-suspension-and-his-show-will-return-tuesday
1264579501	20250922	202509	2025	2025.7178	USA	UNITED STATES	USA								GOV	PRESIDENT						GOV			0	036	036	03	1	4.0	4	1	4	-5.02933780385583	3	White House, District of Columbia, United States	US	USDC		38.8951	-77.0364	531871	4	Guaca, Sucre, Venezuela	VE	VE19	32100	10.6699	-63.4008	-944828	4	Guaca, Sucre, Venezuela	VE	VE19	32100	10.6699	-63.4008	-944828	20250922203000	https://hotair.com/tree-hugging-sister/2025/09/22/the-trump-war-on-poor-innocent-venezuelan-fisher-folk-working-side-drug-running-gigs-continues-n3807058
1264579502	20250922	202509	2025	2025.7178	USA	UNITED STATES	USA								GOV	TREASURY SECRETARY						GOV			0	040	040	04	1	1.0	2	1	2	-0.5249343832021	1	United States	US	US		39.828175	-98.5795	US	1	Russia	RS	RS		60	100	RS	1	Russia	RS	RS		60	100	RS	20250922203000	https://www.dailystar.co.uk/news/us-news/donald-trump-make-major-announcement-35946916
1264579503	20250922	202509	2025	2025.7178	USA	TEXAS	USA								GOV	AUTHORITIES						GOV			1	042	042	04	1	1.9	4	1	4	-4.5643153526971	2	Texas, United States	US	USTX		31.106	-97.6475	TX	3	Bexar County, Texas, United States	US	USTX		29.4502	-98.517	1383800	3	Bexar County, Texas, United States	US	USTX		29.4502	-98.517	1383800	20250922203000	https://www.upi.com/Top_News/US/2025/09/22/Texas-Tiona-Miyani-Islar-dead-children-car-Bexar-County-Javier-Salazar/1071758564295/
1264579504	20250922	202509	2025	2025.7178	USA	TEXAS	USA								GOV	AUTHORITIES						GOV			1	042	042	04	1	1.9	3	1	3	-4.5643153526971	2	Texas, United States	US	USTX		31.106	-97.6475	TX	3	Bexar County, Texas, United States	US	USTX		29.4502	-98.517	1383800	2	Texas, United States	US	USTX		31.106	-97.6475	TX	20250922203000	https://www.upi.com/Top_News/US/2025/09/22/Texas-Tiona-Miyani-Islar-dead-children-car-Bexar-County-Javier-Salazar/1071758564295/
1264579505	20250922	202509	2025	2025.7178	USA	TEXAS	USA								GOV	AUTHORITIES						GOV			1	172	172	17	4	-5.0	2	1	2	-4.5643153526971	3	Bexar County, Texas, United States	US	USTX	TX029	29.4502	-98.517	1383800	3	Bexar County, Texas, United States	US	USTX		29.4502	-98.517	1383800	3	Bexar County, Texas, United States	US	USTX		29.4502	-98.517	1383800	20250922203000	https://www.upi.com/Top_News/US/2025/09/22/Texas-Tiona-Miyani-Islar-dead-children-car-Bexar-County-Javier-Salazar/1071758564295/
1264579506	20250922	202509	2025	2025.7178	USA	TEXAS	USA								GOV	AUTHORITIES						GOV			1	172	172	17	4	-5.0	2	1	2	-4.5643153526971	3	Bexar County, Texas, United States	US	USTX	TX029	29.4502	-98.517	1383800	1	Spain	SP	SP		40	-4	SP	1	Spain	SP	SP		40	-4	SP	20250922203000	https://www.upi.com/Top_News/US/2025/09/22/Texas-Tiona-Miyani-Islar-dead-children-car-Bexar-County-Javier-Salazar/1071758564295/
1264579507	20250922	202509	2025	2025.7178	USA	TEXAS	USA								GOV	AUTHORITIES						GOV			1	172	172	17	4	-5.0	3	1	3	-4.5643153526971	1	Spain	SP	SP		40	-4	SP	1	Spain	SP	SP		40	-4	SP	1	Spain	SP	SP		40	-4	SP	20250922203000	https://www.upi.com/Top_News/US/2025/09/22/Texas-Tiona-Miyani-Islar-dead-children-car-Bexar-County-Javier-Salazar/1071758564295/
1264579508	20250922	202509	2025	2025.7178	USA	UNITED STATES	USA								GOVGOV	MAYOR						GOV	GOV		1	040	040	04	1	1.0	1	1	1	-1.34831460674157	3	Baton Rouge, Louisiana, United States	US	USLA	LA033	30.4507	-91.1545	1629914	3	Baton Rouge, Louisiana, United States	US	USLA		30.4507	-91.1545	1629914	3	Baton Rouge, Louisiana, United States	US	USLA		30.4507	-91.1545	1629914	20250922203000	https://www.theadvocate.com/baton_rouge/fbi-feds-investigate-baton-rouge-housing-project/article_b934fcf4-a062-405c-b2af-ecbf897ef58d.html
1264579509	20250922	202509	2025	2025.7178	USA	NEW YORK	USA								HLH	HOSPITAL						HLH			1	042	042	04	1	1.9	6	1	6	-4.95049504950495	2	New York, United States	US	USNY		42.1497	-74.9384	NY	3	Cambria Heights, New York, United States	US	USNY		40.6945	-73.7385	945508	3	Queens, New York, United States	US	USNY	NY081	40.7498	-73.7976	971983	20250922203000	https://abc7chicago.com/post/new-york-shooting-13-year-old-boy-shot-head-queens-rushed-hospital-critical-condition/17866842/
1264579510	20250922	202509	2025	2025.7178	USA	NEW YORK	USA								HLH	HOSPITAL						HLH			1	042	042	04	1	1.9	4	1	4	-4.95049504950495	2	New York, United States	US	USNY		42.1497	-74.9384	NY	3	Queens, New York, United States	US	USNY	NY081	40.7498	-73.7976	971983	3	Queens, New York, United States	US	USNY	NY081	40.7498	-73.7976	971983	20250922203000	https://abc7chicago.com/post/new-york-shooting-13-year-old-boy-shot-head-queens-rushed-hospital-critical-condition/17866842/
1264579511	20250922	202509	2025	2025.7178	USA	UNITED STATES	USA								HLH	HOSPITAL						HLH			1	090	090	09	2	-2.0	2	1	2	-12.6050420168067	3	Queens Village, New York, United States	US	USNY	NY081	40.7268	-73.7415	962086	3	Queens Village, New York, United States	US	USNY		40.7268	-73.7415	962086	3	Queens Village, New York, United States	US	USNY		40.7268	-73.7415	962086	20250922203000	https://www.mcall.com/2025/09/22/2-people-charged-fight-bethlehem-club-shooting/
1264579512	20250922	202509	2025	2025.7178	USA	NEW YORK	USA								HLH	HOSPITAL						HLH			1	193	193	19	4	-10.0	10	1	10	-4.95049504950495	3	Cambria Heights, New York, United States	US	USNY	NY081	40.6945	-73.7385	945508	3	Cambria Heights, New York, United States	US	USNY		40.6945	-73.7385	945508	3	Cambria Heights, New York, United States	US	USNY		40.6945	-73.7385	945508	20250922203000	https://abc7chicago.com/post/new-york-shooting-13-year-old-boy-shot-head-queens-rushed-hospital-critical-condition/17866842/
1264579513	20250922	202509	2025	2025.7178	USA	NEW YORK	USA								IGOUNOLEG	THE UN		UNO				IGO	LEG		0	043	043	04	1	2.8	1	1	1	-2.82167042889391	4	Tehran, Tehran, Iran	IR	IR26	41130	35.75	51.5148	10074674	2	New York, United States	US	USNY		42.1497	-74.9384	NY	4	Tehran, Tehran, Iran	IR	IR26	41130	35.75	51.5148	10074674	20250922203000	https://hotair.com/ed-morrissey/2025/09/22/irans-people-deserve-international-support-for-their-resistance-and-right-to-self-determination-n3807055
1264579514	20250922	202509	2025	2025.7178	USA	WASHINGTON	USA								IGOWSTNAT	NATO	WST	NAT				IGO			1	0332	033	03	1	5.2	8	1	8	-5.90717299578059	3	Washington, District of Columbia, United States	US	USDC	DC001	38.8951	-77.0364	531871	4	Moscow, Moskva, Russia	RS	RS48	25106	55.7522	37.6156	-2960561	3	Washington, District of Columbia, United States	US	USDC	DC001	38.8951	-77.0364	531871	20250922203000	https://www.hurriyetdailynews.com/us-envoy-to-un-vows-to-defend-every-inch-of-nato-territory-213896
1264579515	20250922	202509	2025	2025.7178	USA	UNITED STATES	USA								IGOWSTNAT	NATO	WST	NAT				IGO			1	0332	033	03	1	5.2	2	1	2	-5.90717299578059	3	Washington, District of Columbia, United States	US	USDC	DC001	38.8951	-77.0364	531871	3	Washington, District of Columbia, United States	US	USDC	DC001	38.8951	-77.0364	531871	3	Washington, District of Columbia, United States	US	USDC	DC001	38.8951	-77.0364	531871	20250922203000	https://www.hurriyetdailynews.com/us-envoy-to-un-vows-to-defend-every-inch-of-nato-territory-213896
1264579516	20250922	202509	2025	2025.7178	USA	WASHINGTON	USA								IGOWSTNAT	NATO	WST	NAT				IGO			1	138	138	13	3	-7.0	10	1	10	-5.90717299578059	1	Estonia	EN	EN		59	26	EN	1	Italy	IT	IT		42.833333	12.833333	IT	1	Italy	IT	IT		42.833333	12.833333	IT	20250922203000	https://www.hurriyetdailynews.com/us-envoy-to-un-vows-to-defend-every-inch-of-nato-territory-213896
1264579517	20250922	202509	2025	2025.7178	USA	UNITED STATES	USA								IRL	IRELAND	IRL								0	051	051	05	1	3.4	3	1	3	-2.20588235294118	3	White House, District of Columbia, United States	US	USDC		38.8951	-77.0364	531871	1	Ireland	EI	EI		53	-8	EI	3	White House, District of Columbia, United States	US	USDC		38.8951	-77.0364	531871	20250922203000	https://www.thejournal.ie/jimmy-kimmel-show-back-6823936-Sep2025/
1264579518	20250922	202509	2025	2025.7178	USA	NEW YORK	USA								IRN	IRAN	IRN								0	043	043	04	1	2.8	1	1	1	-2.82167042889391	2	New York, United States	US	USNY		42.1497	-74.9384	NY	2	New York, United States	US	USNY		42.1497	-74.9384	NY	2	New York, United States	US	USNY		42.1497	-74.9384	NY	20250922203000	https://hotair.com/ed-morrissey/2025/09/22/irans-people-deserve-international-support-for-their-resistance-and-right-to-self-determination-n3807055
1264579519	20250922	202509	2025	2025.7178	USA	WASHINGTON	USA								ISR	ISRAEL	ISR								0	120	120	12	3	-4.0	1	1	1	-3.2994923857868	3	Washington, District of Columbia, United States	US	USDC	DC001	38.8951	-77.0364	531871	4	Rehovot, HaMerkaz, Israel	IS	IS02	18311	31.8969	34.8186	-781210	4	Rehovot, HaMerkaz, Israel	IS	IS02	18311	31.8969	34.8186	-781210	20250922203000	https://www.channelstv.com/2025/09/22/france-to-recognize-palestinian-state-at-contentious-un-general-assembly/
1264579520	20250922	202509	2025	2025.7178	USA	AMERICAN	USA								JEW	JEWISH				JEW					1	051	051	05	1	3.4	10	1	10	6.04395604395604	1	United States	US	US		39.828175	-98.5795	US	1	United States	US	US		39.828175	-98.5795	US	1	United States	US	US		39.828175	-98.5795	US	20250922203000	https://www.miragenews.com/presidents-rosh-hashanah-message-1538307/
1264579521	20250922	202509	2025	2025.7178	USA	UNITED STATES	USA								JUD	LAWYER						JUD			0	020	020	02	1	3.0	4	1	4	-8.27389443651926	3	Brooklyn, New York, United States	US	USNY	NY025	42.3442	-75.1704	944840	3	Brooklyn, New York, United States	US	USNY	NY025	42.3442	-75.1704	944840	3	Brooklyn, New York, United States	US	USNY	NY025	42.3442	-75.1704	944840	20250922203000	https://www.nydailynews.com/2025/09/22/inmate-at-mdc-brooklyn-gets-nine-years-for-role-in-jailhouse-stabbing-punching-guard/
1264579522	20250922	202509	2025	2025.7178	USA	UNITED STATES	USA								JUD	ATTORNEY						JUD			1	173	173	17	4	-5.0	4	1	4	-8.03571428571428	3	Queens, New York, United States	US	USNY	NY081	40.7498	-73.7976	971983	3	Queens, New York, United States	US	USNY	NY081	40.7498	-73.7976	971983	3	Queens, New York, United States	US	USNY	NY081	40.7498	-73.7976	971983	20250922203000	https://710wor.iheart.com/content/2025-09-22-driver-charged-in-fatal-queens-hit-and-run-incident/
1264579523	20250922	202509	2025	2025.7178	USA	UNITED STATES	USA								JUD	ATTORNEY						JUD			1	180	180	18	4	-9.0	6	1	6	-8.03571428571428	3	Queens, New York, United States	US	USNY	NY081	40.7498	-73.7976	971983	3	Queens, New York, United States	US	USNY	NY081	40.7498	-73.7976	971983	3	Queens, New York, United States	US	USNY	NY081	40.7498	-73.7976	971983	20250922203000	https://710wor.iheart.com/content/2025-09-22-driver-charged-in-fatal-queens-hit-and-run-incident/
1264579524	20250922	202509	2025	2025.7178	USA	RHODE ISLAND	USA								LEG	SENATE						LEG			0	180	180	18	4	-9.0	5	1	5	-5.02933780385583	2	Rhode Island, United States	US	USRI		41.6772	-71.5101	RI	2	Rhode Island, United States	US	USRI		41.6772	-71.5101	RI	2	Rhode Island, United States	US	USRI		41.6772	-71.5101	RI	20250922203000	https://hotair.com/tree-hugging-sister/2025/09/22/the-trump-war-on-poor-innocent-venezuelan-fisher-folk-working-side-drug-running-gigs-continues-n3807058
1264579525	20250922	202509	2025	2025.7178	USA	UNITED STATES	USA								MED	MEDIA						MED			0	018	018	01	1	3.4	4	1	4	-2.20162224797219	3	White House, District of Columbia, United States	US	USDC		38.8951	-77.0364	531871	3	White House, District of Columbia, United States	US	USDC		38.8951	-77.0364	531871	3	White House, District of Columbia, United States	US	USDC		38.8951	-77.0364	531871	20250922203000	https://www.aol.com/articles/jimmy-kimmels-show-return-air-193923064.html
1264579526	20250922	202509	2025	2025.7178	USA	UNITED STATES	USA								MED	WRITER						MED			1	036	036	03	1	4.0	4	1	4	0.15649452269171	3	Phoenix, Arizona, United States	US	USAZ	AZ013	33.4484	-112.074	44784	3	Phoenix, Arizona, United States	US	USAZ	AZ013	33.4484	-112.074	44784	3	Phoenix, Arizona, United States	US	USAZ	AZ013	33.4484	-112.074	44784	20250922203000	https://comicbook.com/tv-shows/news/harry-potter-fans-just-got-the-best-look-at-the-future-we-all-deserved-and-will-never-get/
1264579527	20250922	202509	2025	2025.7178	USA	UNITED STATES	USA								MED	MEDIA						MED			1	043	043	04	1	2.8	3	1	3	-0.90673575129534	4	Toronto, Ontario, Canada	CA	CA08	12686	43.6667	-79.4167	-574890	1	United States	US	US		39.828175	-98.5795	US	1	United States	US	US		39.828175	-98.5795	US	20250922203000	https://nypost.com/2025/09/22/lifestyle/canadians-furious-at-american-travelers-for-flag-jacking-trend/
1264579528	20250922	202509	2025	2025.7178	USA	UNITED STATES	USA								MED	MEDIA						MED			1	043	043	04	1	2.8	1	1	1	-0.90673575129534	1	United States	US	US		39.828175	-98.5795	US	1	United States	US	US		39.828175	-98.5795	US	1	United States	US	US		39.828175	-98.5795	US	20250922203000	https://nypost.com/2025/09/22/lifestyle/canadians-furious-at-american-travelers-for-flag-jacking-trend/
1264579529	20250922	202509	2025	2025.7178	USA	UTAH	USA								MED	COMMENTATOR						MED			1	193	193	19	4	-10.0	5	1	5	-2.20162224797219	3	Los Angeles, California, United States	US	USCA	CA037	34.0522	-118.244	1662328	3	Los Angeles, California, United States	US	USCA		34.0522	-118.244	1662328	3	Los Angeles, California, United States	US	USCA		34.0522	-118.244	1662328	20250922203000	https://www.aol.com/articles/jimmy-kimmels-show-return-air-193923064.html
1264579530	20250922	202509	2025	2025.7178	USA	UNITED STATES	USA								MIL	MILITARY						MIL			1	036	036	03	1	4.0	2	1	2	-0.26246719160105	4	Beijing, Beijing, China	CH	CH22	13001	39.9289	116.388	-1898541	1	United States	US	US		39.828175	-98.5795	US	1	United States	US	US		39.828175	-98.5795	US	20250922203000	https://nagalandpost.com/us-lawmakers-seek-to-improve-military-ties-with-china/
1264579531	20250922	202509	2025	2025.7178	USA	UNITED STATES	USA								MIL	MILITARY						MIL			1	036	036	03	1	4.0	8	1	8	-0.26246719160105	1	United States	US	US		39.828175	-98.5795	US	1	United States	US	US		39.828175	-98.5795	US	1	United States	US	US		39.828175	-98.5795	US	20250922203000	https://nagalandpost.com/us-lawmakers-seek-to-improve-military-ties-with-china/
1264579532	20250922	202509	2025	2025.7178	USA	UNITED STATES	USA								MIL	MILITARY						MIL			1	050	050	05	1	3.5	2	1	2	-0.26246719160105	4	Beijing, Beijing, China	CH	CH22	13001	39.9289	116.388	-1898541	1	United States	US	US		39.828175	-98.5795	US	1	United States	US	US		39.828175	-98.5795	US	20250922203000	https://nagalandpost.com/us-lawmakers-seek-to-improve-military-ties-with-china/
1264579533	20250922	202509	2025	2025.7178	USA	UNITED STATES	USA								MIL	MILITARY						MIL			1	050	050	05	1	3.5	8	1	8	-0.26246719160105	1	United States	US	US		39.828175	-98.5795	US	1	United States	US	US		39.828175	-98.5795	US	1	United States	US	US		39.828175	-98.5795	US	20250922203000	https://nagalandpost.com/us-lawmakers-seek-to-improve-military-ties-with-china/
1264579534	20250922	202509	2025	2025.7178	USA	UNITED STATES	USA								MILCVL	MILITARY						MIL	CVL		1	036	036	03	1	4.0	6	1	6	3.23741007194245	3	Syracuse, New York, United States	US	USNY	NY067	43.0481	-76.1474	966966	3	Syracuse, New York, United States	US	USNY	NY067	43.0481	-76.1474	966966	3	Syracuse, New York, United States	US	USNY	NY067	43.0481	-76.1474	966966	20250922203000	https://www.cnybj.com/dav-recruitmilitary-to-host-military-community-job-fairs-in-syracuse-watertown-this-week/
1264579535	20250922	202509	2025	2025.7178	USA	UNITED STATES	USA								MILCVL	MILITARY						MIL	CVL		1	036	036	03	1	4.0	2	1	2	3.23741007194245	3	Watertown, New York, United States	US	USNY	NY045	43.9748	-75.9108	968914	3	Syracuse, New York, United States	US	USNY	NY067	43.0481	-76.1474	966966	3	Syracuse, New York, United States	US	USNY	NY067	43.0481	-76.1474	966966	20250922203000	https://www.cnybj.com/dav-recruitmilitary-to-host-military-community-job-fairs-in-syracuse-watertown-this-week/
1264579536	20250922	202509	2025	2025.7178	USA	UNITED STATES	USA								MNCUSA	DISNEY	USA					MNC			0	043	043	04	1	2.8	24	6	24	-3.71134020618557	3	Los Angeles, California, United States	US	USCA	CA037	34.0522	-118.244	1662328	3	Los Angeles, California, United States	US	USCA		34.0522	-118.244	1662328	3	Los Angeles, California, United States	US	USCA		34.0522	-118.244	1662328	20250922203000	https://www.kiiitv.com/article/news/nation-world/jimmy-kimmel-returning-tuesday-after-suspension/507-296d3383-7f0e-4583-bb91-6b40a253b886
1264579537	20250922	202509	2025	2025.7178	USA	UNITED STATES	USA								MNCUSA	CITIGROUP	USA					MNC			1	043	043	04	1	2.8	2	1	2	6.56934306569343	2	New York, United States	US	USNY		42.1497	-74.9384	NY	2	New York, United States	US	USNY		42.1497	-74.9384	NY	4	Tashkent, Toshkent Shahri, Uzbekistan	UZ	UZ13	37316	41.3167	69.25	-2579372	20250922203000	https://www.trend.az/business/4093985.html
1264579538	20250922	202509	2025	2025.7178	USA	UNITED STATES	USA								MNCUSA	CITIGROUP	USA					MNC			1	050	050	05	1	3.5	2	1	2	6.56934306569343	2	New York, United States	US	USNY		42.1497	-74.9384	NY	4	Tashkent, Toshkent Shahri, Uzbekistan	UZ	UZ13	37316	41.3167	69.25	-2579372	4	Tashkent, Toshkent Shahri, Uzbekistan	UZ	UZ13	37316	41.3167	69.25	-2579372	20250922203000	https://www.trend.az/business/4093985.html
1264579539	20250922	202509	2025	2025.7178	USA	UNITED STATES	USA								MNCUSA	CITIGROUP	USA					MNC			1	050	050	05	1	3.5	2	1	2	6.56934306569343	2	New York, United States	US	USNY		42.1497	-74.9384	NY	4	Tashkent, Toshkent Shahri, Uzbekistan	UZ	UZ13	37316	41.3167	69.25	-2579372	2	New York, United States	US	USNY		42.1497	-74.9384	NY	20250922203000	https://www.trend.az/business/4093985.html
1264579540	20250922	202509	2025	2025.7178	USA	UNITED STATES	USA								MNCUSA	DISNEY	USA					MNC			1	111	111	11	3	-2.0	8	1	8	-6.25	3	Hollywood, California, United States	US	USCA	CA037	34.0983	-118.327	1660757	3	Hollywood, California, United States	US	USCA	CA037	34.0983	-118.327	1660757	3	Hollywood, California, United States	US	USCA	CA037	34.0983	-118.327	1660757	20250922203000	https://www.buzzfeed.com/natashajokic1/jimmy-kimmel-noah-centineo-disney-plus
1264579541	20250922	202509	2025	2025.7178	USA	NEW YORK	USA								MNCUSA	DISNEY	USA					MNC			0	140	140	14	3	-6.5	2	1	2	-7.16253443526171	3	White House, District of Columbia, United States	US	USDC		38.8951	-77.0364	531871	3	White House, District of Columbia, United States	US	USDC		38.8951	-77.0364	531871	3	White House, District of Columbia, United States	US	USDC		38.8951	-77.0364	531871	20250922203000	https://www.israelnationalnews.com/news/415349
1264579542	20250922	202509	2025	2025.7178	USA	NEW YORK	USA								MNCUSA	DISNEY	USA					MNC			0	140	140	14	3	-6.5	8	1	8	-7.16253443526171	2	New York, United States	US	USNY		42.1497	-74.9384	NY	2	New York, United States	US	USNY		42.1497	-74.9384	NY	2	New York, United States	US	USNY		42.1497	-74.9384	NY	20250922203000	https://www.israelnationalnews.com/news/415349
1264579543	20250922	202509	2025	2025.7178	USA	UNITED STATES	USA								MNCUSABUS	DISNEY	USA					MNC	BUS		1	042	042	04	1	1.9	4	1	4	-2.69461077844312	1	United States	US	US		39.828175	-98.5795	US	1	United States	US	US		39.828175	-98.5795	US	1	United States	US	US		39.828175	-98.5795	US	20250922203000	https://indianexpress.com/article/world/after-massive-protests-abc-ended-jimmy-kimmels-suspension-says-the-show-will-return-on-tuesday-10265572/
1264579544	20250922	202509	2025	2025.7178	USA	ARIZONA	USA								OPP	ACTIVIST						OPP			1	018	018	01	1	3.4	8	1	8	-1.5748031496063	2	Utah, United States	US	USUT		40.1135	-111.854	UT	2	Utah, United States	US	USUT		40.1135	-111.854	UT	2	Utah, United States	US	USUT		40.1135	-111.854	UT	20250922203000	https://midutahradio.com/news/local-news/charlie-kirk-remembered/
1264579545	20250922	202509	2025	2025.7178	USA	UTAH	USA								OPP	ACTIVIST						OPP			1	190	190	19	4	-10.0	5	1	5	-3.9832285115304	3	Hollywood, California, United States	US	USCA	CA037	34.0983	-118.327	1660757	3	Hollywood, California, United States	US	USCA	CA037	34.0983	-118.327	1660757	3	Hollywood, California, United States	US	USCA	CA037	34.0983	-118.327	1660757	20250922203000	https://www.12news.com/article/news/nation-world/jimmy-kimmel-returning-tuesday-after-suspension/507-296d3383-7f0e-4583-bb91-6b40a253b886
1264579546	20250922	202509	2025	2025.7178	USA	UTAH	USA								OPP	ACTIVIST						OPP			1	190	190	19	4	-10.0	30	6	30	-3.71134020618557	3	Los Angeles, California, United States	US	USCA	CA037	34.0522	-118.244	1662328	3	Los Angeles, California, United States	US	USCA		34.0522	-118.244	1662328	3	Los Angeles, California, United States	US	USCA		34.0522	-118.244	1662328	20250922203000	https://www.kiiitv.com/article/news/nation-world/jimmy-kimmel-returning-tuesday-after-suspension/507-296d3383-7f0e-4583-bb91-6b40a253b886
1264579547	20250922	202509	2025	2025.7178	USA	UTAH	USA								OPP	ACTIVIST						OPP			1	193	193	19	4	-10.0	23	7	23	-3.7704463595214	3	Hollywood, California, United States	US	USCA	CA037	34.0983	-118.327	1660757	3	Hollywood, California, United States	US	USCA	CA037	34.0983	-118.327	1660757	3	Hollywood, California, United States	US	USCA	CA037	34.0983	-118.327	1660757	20250922203000	https://www.kiiitv.com/article/news/nation-world/jimmy-kimmel-returning-tuesday-after-suspension/507-296d3383-7f0e-4583-bb91-6b40a253b886
1264579548	20250922	202509	2025	2025.7178	USA	UTAH	USA								OPP	ACTIVIST						OPP			1	193	193	19	4	-10.0	6	6	6	-3.71134020618557	3	Hollywood, California, United States	US	USCA	CA037	34.0983	-118.327	1660757	3	Los Angeles, California, United States	US	USCA		34.0522	-118.244	1662328	3	Los Angeles, California, United States	US	USCA		34.0522	-118.244	1662328	20250922203000	https://www.kiiitv.com/article/news/nation-world/jimmy-kimmel-returning-tuesday-after-suspension/507-296d3383-7f0e-4583-bb91-6b40a253b886
1264579549	20250922	202509	2025	2025.7178	USA	UTAH	USA								OPP	ACTIVIST						OPP			1	193	193	19	4	-10.0	6	6	6	-3.71134020618557	3	Los Angeles, California, United States	US	USCA	CA037	34.0522	-118.244	1662328	3	Los Angeles, California, United States	US	USCA		34.0522	-118.244	1662328	3	Los Angeles, California, United States	US	USCA		34.0522	-118.244	1662328	20250922203000	https://www.kiiitv.com/article/news/nation-world/jimmy-kimmel-returning-tuesday-after-suspension/507-296d3383-7f0e-4583-bb91-6b40a253b886
1264579550	20250922	202509	2025	2025.7178	USA	UNITED STATES	USA								REL	SAINT									0	051	051	05	1	3.4	4	1	4	2.3094688221709	3	Bustleton, Pennsylvania, United States	US	USPA	PA101	40.0826	-75.0316	1203198	3	Philadelphia, Pennsylvania, United States	US	USPA	PA101	39.9523	-75.1638	1209052	3	Bustleton, Pennsylvania, United States	US	USPA	PA101	40.0826	-75.0316	1203198	20250922203000	https://southphillyreview.com/2025/09/22/a-fitting-tribute-for-christopher-fitzgerald/
1264579551	20250922	202509	2025	2025.7178	USA	UNITED STATES	USA								ROU	BUCHAREST									1	042	042	04	1	1.9	4	1	4	-1.33333333333334	2	Arizona, United States	US	USAZ		33.7712	-111.388	AZ	2	Arizona, United States	US	USAZ		33.7712	-111.388	AZ	2	Arizona, United States	US	USAZ		33.7712	-111.388	AZ	20250922203000	https://www.primetimer.com/news/andrew-tate-touts-charlie-kirks-memorial-as-amazing-but-wonders-do-we-have-america-back
1264579552	20250922	202509	2025	2025.7178	USA	UNITED STATES	USA								RUS	RUSSIA	RUS								1	180	180	18	4	-9.0	1	1	1	-6.50684931506849	4	Moscow, Moskva, Russia	RS	RS48	25106	55.7522	37.6156	-2960561	4	Moscow, Moskva, Russia	RS	RS48	25106	55.7522	37.6156	-2960561	4	Moscow, Moskva, Russia	RS	RS48	25106	55.7522	37.6156	-2960561	20250922203000	https://www.channelstv.com/2025/09/22/putin-grants-citizenship-to-us-woman-who-accused-biden-of-sexual-assault/
1264579553	20250922	202509	2025	2025.7178	USA	UNITED STATES	USA								RUSGOV	RUSSIA	RUS					GOV			0	040	040	04	1	1.0	2	1	2	-0.5249343832021	1	United States	US	US		39.828175	-98.5795	US	1	Russia	RS	RS		60	100	RS	1	Russia	RS	RS		60	100	RS	20250922203000	https://www.dailystar.co.uk/news/us-news/donald-trump-make-major-announcement-35946916
1264579554	20250922	202509	2025	2025.7178	USA	WASHINGTON	USA								RUSMIL	RUSSIAN	RUS					MIL			1	010	010	01	1	0.0	6	1	6	-5.90717299578059	3	Washington, District of Columbia, United States	US	USDC	DC001	38.8951	-77.0364	531871	4	Moscow, Moskva, Russia	RS	RS48	25106	55.7522	37.6156	-2960561	4	Moscow, Moskva, Russia	RS	RS48	25106	55.7522	37.6156	-2960561	20250922203000	https://www.hurriyetdailynews.com/us-envoy-to-un-vows-to-defend-every-inch-of-nato-territory-213896
1264579555	20250922	202509	2025	2025.7178	USA	UNITED STATES	USA								UAF	TERRORIST						UAF			1	043	043	04	1	2.8	1	1	1	-5.02933780385583	4	Guaca, Sucre, Venezuela	VE	VE19	32100	10.6699	-63.4008	-944828	4	Guaca, Sucre, Venezuela	VE	VE19	32100	10.6699	-63.4008	-944828	4	Guaca, Sucre, Venezuela	VE	VE19	32100	10.6699	-63.4008	-944828	20250922203000	https://hotair.com/tree-hugging-sister/2025/09/22/the-trump-war-on-poor-innocent-venezuelan-fisher-folk-working-side-drug-running-gigs-continues-n3807058
1264579556	20250922	202509	2025	2025.7178	USA	UNITED STATES	USA								UAF	TERRORIST						UAF			1	043	043	04	1	2.8	4	1	4	-5.02933780385583	2	Rhode Island, United States	US	USRI		41.6772	-71.5101	RI	2	Rhode Island, United States	US	USRI		41.6772	-71.5101	RI	2	Rhode Island, United States	US	USRI		41.6772	-71.5101	RI	20250922203000	https://hotair.com/tree-hugging-sister/2025/09/22/the-trump-war-on-poor-innocent-venezuelan-fisher-folk-working-side-drug-running-gigs-continues-n3807058
1264579557	20250922	202509	2025	2025.7178	USA	UNITED STATES	USA								UKR	UKRAINIAN	UKR								1	036	036	03	1	4.0	3	1	3	-0.5249343832021	1	United States	US	US		39.828175	-98.5795	US	1	United States	US	US		39.828175	-98.5795	US	1	United States	US	US		39.828175	-98.5795	US	20250922203000	https://www.dailystar.co.uk/news/us-news/donald-trump-make-major-announcement-35946916
1264579558	20250922	202509	2025	2025.7178	USA	UNITED STATES	USA								UKR	UKRAINIAN	UKR								1	040	040	04	1	1.0	2	1	2	-0.5249343832021	1	United States	US	US		39.828175	-98.5795	US	1	Saudi Arabia	SA	SA		25	45	SA	1	Qatar	QA	QA		25.5	51.25	QA	20250922203000	https://www.dailystar.co.uk/news/us-news/donald-trump-make-major-announcement-35946916
1264579559	20250922	202509	2025	2025.7178	USA	UNITED STATES	USA								UKR	UKRAINIAN	UKR								1	040	040	04	1	1.0	4	1	2	-0.5249343832021	1	United States	US	US		39.828175	-98.5795	US	1	Ukraine	UP	UP		49	32	UP	1	Ukraine	UP	UP		49	32	UP	20250922203000	https://www.dailystar.co.uk/news/us-news/donald-trump-make-major-announcement-35946916
1264579560	20250922	202509	2025	2025.7178	USA	UNITED STATES	USA								UKR	UKRAINIAN	UKR								1	040	040	04	1	1.0	1	1	1	-0.5249343832021	1	United States	US	US		39.828175	-98.5795	US	1	Ukraine	UP	UP		49	32	UP	1	United States	US	US		39.828175	-98.5795	US	20250922203000	https://www.dailystar.co.uk/news/us-news/donald-trump-make-major-announcement-35946916
1264579561	20250922	202509	2025	2025.7178	USA	UNITED STATES	USA								UKR	UKRAINIAN	UKR								1	046	046	04	1	7.0	2	1	2	-0.5249343832021	1	United States	US	US		39.828175	-98.5795	US	1	Ukraine	UP	UP		49	32	UP	1	Ukraine	UP	UP		49	32	UP	20250922203000	https://www.dailystar.co.uk/news/us-news/donald-trump-make-major-announcement-35946916
1264579562	20250922	202509	2025	2025.7178	USA	UNITED STATES	USA								UKR	UKRAINIAN	UKR								1	046	046	04	1	7.0	1	1	1	-0.5249343832021	1	United States	US	US		39.828175	-98.5795	US	1	Ukraine	UP	UP		49	32	UP	1	United States	US	US		39.828175	-98.5795	US	20250922203000	https://www.dailystar.co.uk/news/us-news/donald-trump-make-major-announcement-35946916
1264579563	20250922	202509	2025	2025.7178	USA	UNITED STATES	USA								USACOP	UNITED STATES	USA					COP			0	020	020	02	1	3.0	3	1	3	-3.34987593052109	2	New York, United States	US	USNY		42.1497	-74.9384	NY	2	New York, United States	US	USNY		42.1497	-74.9384	NY	2	New York, United States	US	USNY		42.1497	-74.9384	NY	20250922203000	https://hotair.com/john-s-2/2025/09/22/mamdani-was-still-pushing-to-defund-the-police-in-2022-n3807057
1264579564	20250922	202509	2025	2025.7178	USA	UNITED STATES	USA								USACOP	ROCHESTER	USA					COP			1	070	070	07	2	7.0	5	1	5	-4.24528301886792	2	Illinois, United States	US	USIL		40.3363	-89.0022	IL	2	Illinois, United States	US	USIL		40.3363	-89.0022	IL	2	Illinois, United States	US	USIL		40.3363	-89.0022	IL	20250922203000	https://13wham.com/news/local/missing-rochester-girl-found-in-illinois-with-men-staying-in-us-illegally-united-states-marshals-service-blue-island
1264579565	20250922	202509	2025	2025.7178	USA	UNITED STATES	USA								USACOP	UNITED STATES	USA					COP			1	190	190	19	4	-10.0	6	1	6	2.3094688221709	3	Bustleton, Pennsylvania, United States	US	USPA	PA101	40.0826	-75.0316	1203198	3	Temple University, Pennsylvania, United States	US	USPA		39.9809	-75.153	1189357	3	Temple University, Pennsylvania, United States	US	USPA		39.9809	-75.153	1189357	20250922203000	https://southphillyreview.com/2025/09/22/a-fitting-tribute-for-christopher-fitzgerald/
1264579566	20250922	202509	2025	2025.7178	USA	UNITED STATES	USA								USACOP	UNITED STATES	USA					COP			1	190	190	19	4	-10.0	2	1	2	2.3094688221709	3	Bustleton, Pennsylvania, United States	US	USPA	PA101	40.0826	-75.0316	1203198	3	Bustleton, Pennsylvania, United States	US	USPA	PA101	40.0826	-75.0316	1203198	3	Temple University, Pennsylvania, United States	US	USPA		39.9809	-75.153	1189357	20250922203000	https://southphillyreview.com/2025/09/22/a-fitting-tribute-for-christopher-fitzgerald/
1264579567	20250922	202509	2025	2025.7178	USA	UNITED STATES	USA								USACOP	UNITED STATES	USA					COP			1	193	193	19	4	-10.0	4	1	4	2.3094688221709	3	Bustleton, Pennsylvania, United States	US	USPA	PA101	40.0826	-75.0316	1203198	3	Bustleton, Pennsylvania, United States	US	USPA	PA101	40.0826	-75.0316	1203198	3	Bustleton, Pennsylvania, United States	US	USPA	PA101	40.0826	-75.0316	1203198	20250922203000	https://southphillyreview.com/2025/09/22/a-fitting-tribute-for-christopher-fitzgerald/
1264579568	20250922	202509	2025	2025.7178	USA	UNITED STATES	USA								USACOP	UNITED STATES	USA					COP			1	193	193	19	4	-10.0	4	1	4	2.3094688221709	3	Philadelphia, Pennsylvania, United States	US	USPA	PA101	39.9523	-75.1638	1209052	3	Philadelphia, Pennsylvania, United States	US	USPA	PA101	39.9523	-75.1638	1209052	3	Philadelphia, Pennsylvania, United States	US	USPA	PA101	39.9523	-75.1638	1209052	20250922203000	https://southphillyreview.com/2025/09/22/a-fitting-tribute-for-christopher-fitzgerald/
1264579569	20250922	202509	2025	2025.7178	USA	NEW ORLEANS	USA								USACOP	UNITED STATES	USA					COP			1	193	193	19	4	-10.0	4	1	4	-12.3711340206186	3	New Orleans, Louisiana, United States	US	USLA	LA071	29.9546	-90.0751	1629985	3	New Orleans, Louisiana, United States	US	USLA		29.9546	-90.0751	1629985	3	New Orleans, Louisiana, United States	US	USLA		29.9546	-90.0751	1629985	20250922203000	https://www.wwltv.com/article/news/crime/nopd-shooting-in-central-city-leaves-1-dead/289-6649042a-f2e8-4a9b-bbd3-05876486a16f
1264579570	20250922	202509	2025	2025.7178	USA	UNITED STATES	USA								USAEDU	NEBRASKA	USA					EDU			1	020	020	02	1	3.0	2	1	2	0	2	Wisconsin, United States	US	USWI		44.2563	-89.6385	WI	2	Wisconsin, United States	US	USWI		44.2563	-89.6385	WI	2	Wisconsin, United States	US	USWI		44.2563	-89.6385	WI	20250922203000	https://www.wowt.com/2025/09/22/nebraska-trailing-wisconsin-big-tens-blood-drive/
1264579571	20250922	202509	2025	2025.7178	USA	UNITED STATES	USA								USAEDU	WASHINGTON	USA					EDU			1	040	040	04	1	1.0	3	1	3	-0.97703957010259	1	United States	US	US		39.828175	-98.5795	US	1	United States	US	US		39.828175	-98.5795	US	1	United States	US	US		39.828175	-98.5795	US	20250922203000	https://slate.com/news-and-politics/2025/09/charlie-kirk-legacy-free-speech-martyr.html
1264579572	20250922	202509	2025	2025.7178	USA	UNITED STATES	USA								USAEDU	UNITED STATES	USA					EDU			0	043	043	04	1	2.8	2	2	2	3.38517840805124	3	Greenville County, South Carolina, United States	US	USSC	SC045	34.8834	-82.3665	1245489	3	Greenville County, South Carolina, United States	US	USSC		34.8834	-82.3665	1245489	2	South Carolina, United States	US	USSC		33.8191	-80.9066	SC	20250922203000	https://www.ketv.com/article/greenville-student-chefs-school-lunch-competition/68005813
1264579573	20250922	202509	2025	2025.7178	USA	UNITED STATES	USA								USAEDU	UNITED STATES	USA					EDU			1	043	043	04	1	2.8	4	2	2	3.38517840805124	2	South Carolina, United States	US	USSC		33.8191	-80.9066	SC	2	South Carolina, United States	US	USSC		33.8191	-80.9066	SC	3	Greenville, South Carolina, United States	US	USSC	SC045	34.8526	-82.394	1245842	20250922203000	https://www.ketv.com/article/greenville-student-chefs-school-lunch-competition/68005813
1264579574	20250922	202509	2025	2025.7178	USA	UNITED STATES	USA								USAEDU	UNITED STATES	USA					EDU			1	043	043	04	1	2.8	2	2	2	3.38517840805124	2	South Carolina, United States	US	USSC		33.8191	-80.9066	SC	2	South Carolina, United States	US	USSC		33.8191	-80.9066	SC	2	South Carolina, United States	US	USSC		33.8191	-80.9066	SC	20250922203000	https://www.ketv.com/article/greenville-student-chefs-school-lunch-competition/68005813
1264579575	20250922	202509	2025	2025.7178	USA	VIRGINIA	USA								USAEDU	UNITED STATES	USA					EDU			0	141	141	14	3	-6.5	1	1	1	-3.76153300212917	3	White House, District of Columbia, United States	US	USDC		38.8951	-77.0364	531871	3	White House, District of Columbia, United States	US	USDC		38.8951	-77.0364	531871	3	White House, District of Columbia, United States	US	USDC		38.8951	-77.0364	531871	20250922203000	https://hotair.com/david-strom/2025/09/22/you-and-i-saw-a-revival-meeting-the-left-saw-hate-n3807051
1264579576	20250922	202509	2025	2025.7178	USA	VIRGINIA	USA								USAEDU	UNITED STATES	USA					EDU			0	141	141	14	3	-6.5	1	1	1	-3.76153300212917	2	Virginia, United States	US	USVA		37.768	-78.2057	VA	2	Virginia, United States	US	USVA		37.768	-78.2057	VA	2	Virginia, United States	US	USVA		37.768	-78.2057	VA	20250922203000	https://hotair.com/david-strom/2025/09/22/you-and-i-saw-a-revival-meeting-the-left-saw-hate-n3807051
1264579577	20250922	202509	2025	2025.7178	USA	UNITED STATES	USA								USAGOV	UNITED STATES	USA					GOV			0	073	073	07	2	7.4	4	1	4	-3.79876796714579	3	Millers Creek, North Carolina, United States	US	USNC	NC193	36.1893	-81.2376	1021469	3	Millers Creek, North Carolina, United States	US	USNC		36.1893	-81.2376	1021469	3	Millers Creek, North Carolina, United States	US	USNC		36.1893	-81.2376	1021469	20250922203000	https://www.journalpatriot.com/news/helene-hit-western-nc-a-year-ago-this-week/article_038be025-866d-5def-9f1c-2423e981bba9.html
1264579578	20250922	202509	2025	2025.7178	USA	UNITED STATES	USA								USAGOV	UNITED STATES	USA					GOV			0	130	130	13	3	-4.4	8	1	8	-3.79876796714579	3	Millers Creek, North Carolina, United States	US	USNC	NC193	36.1893	-81.2376	1021469	3	Millers Creek, North Carolina, United States	US	USNC		36.1893	-81.2376	1021469	3	Millers Creek, North Carolina, United States	US	USNC		36.1893	-81.2376	1021469	20250922203000	https://www.journalpatriot.com/news/helene-hit-western-nc-a-year-ago-this-week/article_038be025-866d-5def-9f1c-2423e981bba9.html
1264579579	20250922	202509	2025	2025.7178	USA	NEW JERSEY	USA								USAGOV	UNITED STATES	USA					GOV			1	190	190	19	4	-10.0	2	1	2	-3.2051282051282	3	Lawrenceville, New Jersey, United States	US	USNJ	NJ021	40.2973	-74.7296	877709	3	Lawrenceville, New Jersey, United States	US	USNJ	NJ021	40.2973	-74.7296	877709	3	Lawrenceville, New Jersey, United States	US	USNJ	NJ021	40.2973	-74.7296	877709	20250922203000	https://6abc.com/post/candidates-clash-new-jersey-governors-debate-between-democrat-mikie-sherrill-republican-jack-ciattarelli/17865940/
1264579580	20250922	202509	2025	2025.7178	USA	NEW JERSEY	USA								USAGOV	UNITED STATES	USA					GOV			1	190	190	19	4	-10.0	1	1	1	-3.2051282051282	2	New Jersey, United States	US	USNJ		40.314	-74.5089	NJ	2	New Jersey, United States	US	USNJ		40.314	-74.5089	NJ	3	Lawrenceville, New Jersey, United States	US	USNJ	NJ021	40.2973	-74.7296	877709	20250922203000	https://6abc.com/post/candidates-clash-new-jersey-governors-debate-between-democrat-mikie-sherrill-republican-jack-ciattarelli/17865940/
1264579581	20250922	202509	2025	2025.7178	USA	UNITED STATES	USA								USAGOV	UNITED STATES	USA					GOV			1	190	190	19	4	-10.0	1	1	1	-0.68912710566615	2	West Virginia, United States	US	USWV		38.468	-80.9696	WV	3	Faith Center Church, California, United States	US	USCA		34.1261	-118.254	2084435	2	West Virginia, United States	US	USWV		38.468	-80.9696	WV	20250922203000	https://www.winnipegfreepress.com/arts-and-life/life/faith/2025/09/22/some-admirers-of-charlie-kirk-hope-response-to-his-death-signals-start-of-a-religious-revival
1264579582	20250922	202509	2025	2025.7178	USA	UNITED STATES	USA								USAJUD	UNITED STATES	USA					JUD			1	015	015	01	1	0.0	8	1	8	-4.54545454545455	3	Charlestown, Indiana, United States	US	USIN	IN019	38.4531	-85.6702	432425	2	Indiana, United States	US	USIN		39.8647	-86.2604	IN	2	Indiana, United States	US	USIN		39.8647	-86.2604	IN	20250922203000	https://www.whas11.com/article/news/crime/former-jeffersonville-police-officer-todd-wilson-sentenced-plead-guilty-false-statement-indiana/417-45ef4b96-e377-4631-bc0d-f7292282f184
1264579583	20250922	202509	2025	2025.7178	USA	INDIANA	USA								USAJUD	UNITED STATES	USA					JUD			1	015	015	01	1	0.0	2	1	2	-4.54545454545455	2	Indiana, United States	US	USIN		39.8647	-86.2604	IN	2	Indiana, United States	US	USIN		39.8647	-86.2604	IN	2	Indiana, United States	US	USIN		39.8647	-86.2604	IN	20250922203000	https://www.whas11.com/article/news/crime/former-jeffersonville-police-officer-todd-wilson-sentenced-plead-guilty-false-statement-indiana/417-45ef4b96-e377-4631-bc0d-f7292282f184
1264579584	20250922	202509	2025	2025.7178	USA	UNITED STATES	USA								USAJUD	UNITED STATES	USA					JUD			1	090	090	09	2	-2.0	2	1	2	2.16049382716049	2	Florida, United States	US	USFL		27.8333	-81.717	FL	2	Florida, United States	US	USFL		27.8333	-81.717	FL	2	Florida, United States	US	USFL		27.8333	-81.717	FL	20250922203000	https://www.cltampa.com/news/78-of-first-time-applicants-pass-the-florida-bar-exam-in-tampa/
1264579585	20250922	202509	2025	2025.7178	USA	MINNESOTA	USA								USALEG	UNITED STATES	USA					LEG			1	043	043	04	1	2.8	2	1	2	-3.7037037037037	2	Minnesota, United States	US	USMN		45.7326	-93.9196	MN	2	Minnesota, United States	US	USMN		45.7326	-93.9196	MN	2	Minnesota, United States	US	USMN		45.7326	-93.9196	MN	20250922203000	https://www.fox21online.com/2025/09/22/tomassoni-tour-raises-321000-breaks-fundraising-record/
1264579586	20250922	202509	2025	2025.7178	USA	AMERICAN	USA								USAMED	UNITED STATES	USA					MED			1	043	043	04	1	2.8	2	1	2	-2.20588235294118	1	Ireland	EI	EI		53	-8	EI	1	Ireland	EI	EI		53	-8	EI	1	Ireland	EI	EI		53	-8	EI	20250922203000	https://www.thejournal.ie/jimmy-kimmel-show-back-6823936-Sep2025/
1264579587	20250922	202509	2025	2025.7178	USA	ARIZONA	USA								USAOPP	UNITED STATES	USA					OPP			1	018	018	01	1	3.4	2	1	2	-1.5748031496063	2	Utah, United States	US	USUT		40.1135	-111.854	UT	2	Utah, United States	US	USUT		40.1135	-111.854	UT	2	Utah, United States	US	USUT		40.1135	-111.854	UT	20250922203000	https://midutahradio.com/news/local-news/charlie-kirk-remembered/
1264579588	20250922	202509	2025	2025.7178	USA	NEW YORK	USA								USASPY	DAVID PETRAEUS	USA					SPY			1	046	046	04	1	7.0	10	1	10	-2.85087719298246	2	New York, United States	US	USNY		42.1497	-74.9384	NY	2	New York, United States	US	USNY		42.1497	-74.9384	NY	2	New York, United States	US	USNY		42.1497	-74.9384	NY	20250922203000	https://www.hurriyetdailynews.com/syrian-president-says-us-congress-must-act-to-cement-sanctions-removal-213894
1264579589	20250922	202509	2025	2025.7178	USA	UNITED STATES	USA								UZB	UZBEKISTAN	UZB								1	050	050	05	1	3.5	2	1	2	6.56934306569343	2	New York, United States	US	USNY		42.1497	-74.9384	NY	4	Tashkent, Toshkent Shahri, Uzbekistan	UZ	UZ13	37316	41.3167	69.25	-2579372	4	Tashkent, Toshkent Shahri, Uzbekistan	UZ	UZ13	37316	41.3167	69.25	-2579372	20250922203000	https://www.trend.az/business/4093985.html
1264579590	20250922	202509	2025	2025.7178	USA	UNITED STATES	USA								UZB	UZBEKISTAN	UZB								1	050	050	05	1	3.5	2	1	2	6.56934306569343	2	New York, United States	US	USNY		42.1497	-74.9384	NY	4	Tashkent, Toshkent Shahri, Uzbekistan	UZ	UZ13	37316	41.3167	69.25	-2579372	2	New York, United States	US	USNY		42.1497	-74.9384	NY	20250922203000	https://www.trend.az/business/4093985.html
1264579591	20250922	202509	2025	2025.7178	USA	UNITED STATES	USA								UZB	UZBEKISTAN	UZB								1	051	051	05	1	3.4	2	1	2	6.66666666666666	5	Namangan, Namangan, Uzbekistan	UZ	UZ06	39809	40.9975	71.2478	-3431450	5	Namangan, Namangan, Uzbekistan	UZ	UZ06	39809	40.9975	71.2478	-3431450	5	Namangan, Namangan, Uzbekistan	UZ	UZ06	39809	40.9975	71.2478	-3431450	20250922203000	https://www.trend.az/business/4093984.html
1264579592	20250922	202509	2025	2025.7178	USA	UNITED STATES	USA								UZB	UZBEKISTAN	UZB								1	051	051	05	1	3.4	1	1	1	6.66666666666666	2	New York, United States	US	USNY		42.1497	-74.9384	NY	4	Tashkent, Toshkent Shahri, Uzbekistan	UZ	UZ13	37316	41.3167	69.25	-2579372	4	Tashkent, Toshkent Shahri, Uzbekistan	UZ	UZ13	37316	41.3167	69.25	-2579372	20250922203000	https://www.trend.az/business/4093984.html
1264579593	20250922	202509	2025	2025.7178	USA	UNITED STATES	USA								UZB	UZBEKISTAN	UZB								1	051	051	05	1	3.4	1	1	1	6.66666666666666	2	New York, United States	US	USNY		42.1497	-74.9384	NY	2	New York, United States	US	USNY		42.1497	-74.9384	NY	2	New York, United States	US	USNY		42.1497	-74.9384	NY	20250922203000	https://www.trend.az/business/4093984.html
1264579594	20250922	202509	2025	2025.7178	USA	UNITED STATES	USA								UZBGOV	SHAVKAT MIRZIYOYEV	UZB					GOV			1	040	040	04	1	1.0	4	1	4	6.56934306569343	2	New York, United States	US	USNY		42.1497	-74.9384	NY	2	New York, United States	US	USNY		42.1497	-74.9384	NY	2	New York, United States	US	USNY		42.1497	-74.9384	NY	20250922203000	https://www.trend.az/business/4093985.html
1264579595	20250922	202509	2025	2025.7178	USA	UNITED STATES	USA								UZBGOV	SHAVKAT MIRZIYOYEV	UZB					GOV			1	042	042	04	1	1.9	1	1	1	6.56934306569343	4	Tashkent, Toshkent Shahri, Uzbekistan	UZ	UZ13	37316	41.3167	69.25	-2579372	4	Tashkent, Toshkent Shahri, Uzbekistan	UZ	UZ13	37316	41.3167	69.25	-2579372	2	New York, United States	US	USNY		42.1497	-74.9384	NY	20250922203000	https://www.trend.az/business/4093985.html
1264579596	20250922	202509	2025	2025.7178	USA	UNITED STATES	USA								UZBGOV	SHAVKAT MIRZIYOYEV	UZB					GOV			1	042	042	04	1	1.9	1	1	1	6.56934306569343	2	New York, United States	US	USNY		42.1497	-74.9384	NY	2	New York, United States	US	USNY		42.1497	-74.9384	NY	2	New York, United States	US	USNY		42.1497	-74.9384	NY	20250922203000	https://www.trend.az/business/4093985.html
1264579597	20250922	202509	2025	2025.7178	USA	THE US	USA								VEN	VENEZUELAN	VEN								0	046	046	04	1	7.0	4	1	4	-5.02933780385583	4	Guaca, Sucre, Venezuela	VE	VE19	32100	10.6699	-63.4008	-944828	4	Guaca, Sucre, Venezuela	VE	VE19	32100	10.6699	-63.4008	-944828	4	Guaca, Sucre, Venezuela	VE	VE19	32100	10.6699	-63.4008	-944828	20250922203000	https://hotair.com/tree-hugging-sister/2025/09/22/the-trump-war-on-poor-innocent-venezuelan-fisher-folk-working-side-drug-running-gigs-continues-n3807058
1264579598	20250922	202509	2025	2025.7178	USA	THE US	USA								VENGOV	VENEZUELAN	VEN					GOV			0	046	046	04	1	7.0	6	1	6	-5.02933780385583	4	Guaca, Sucre, Venezuela	VE	VE19	32100	10.6699	-63.4008	-944828	4	Guaca, Sucre, Venezuela	VE	VE19	32100	10.6699	-63.4008	-944828	4	Guaca, Sucre, Venezuela	VE	VE19	32100	10.6699	-63.4008	-944828	20250922203000	https://hotair.com/tree-hugging-sister/2025/09/22/the-trump-war-on-poor-innocent-venezuelan-fisher-folk-working-side-drug-running-gigs-continues-n3807058
1264579599	20250922	202509	2025	2025.7178	USA	UNITED STATES	USA								VENGOV	VENEZUELA	VEN					GOV			0	110	110	11	3	-2.0	4	1	4	-5.02933780385583	3	White House, District of Columbia, United States	US	USDC		38.8951	-77.0364	531871	4	Guaca, Sucre, Venezuela	VE	VE19	32100	10.6699	-63.4008	-944828	3	White House, District of Columbia, United States	US	USDC		38.8951	-77.0364	531871	20250922203000	https://hotair.com/tree-hugging-sister/2025/09/22/the-trump-war-on-poor-innocent-venezuelan-fisher-folk-working-side-drug-running-gigs-continues-n3807058
1264579600	20250922	202509	2025	2025.7178	USA	HOUSTON	USA								don	DONG			don						1	112	112	11	3	-2.0	10	1	10	-11.8644067796611	3	Houston, Texas, United States	US	USTX	TX201	29.7633	-95.3633	1380948	3	Houston, Texas, United States	US	USTX	TX201	29.7633	-95.3633	1380948	3	Houston, Texas, United States	US	USTX	TX201	29.7633	-95.3633	1380948	20250922203000	https://www.khou.com/article/news/crime/ding-dong-ditch-shooting-houston-update-gonzalo-leon-julian-gunzman/285-338edc29-b044-4f35-bd30-1688498b0222
1264579601	20250922	202509	2025	2025.7178	USABUS	UNITED STATES	USA					BUS													1	026	026	02	1	4.0	2	1	2	1.20593692022263	1	United States	US	US		39.828175	-98.5795	US	0								1	United States	US	US		39.828175	-98.5795	US	20250922203000	https://indiawest.com/the-great-skills-heist-why-india-should-charge-america-500000-for-every-h-1b-professional/
1264579602	20250922	202509	2025	2025.7178	USABUS	UNITED STATES	USA					BUS			USA	AMERICAN	USA								1	036	036	03	1	4.0	4	1	4	5.63380281690141	2	New York, United States	US	USNY		42.1497	-74.9384	NY	2	New York, United States	US	USNY		42.1497	-74.9384	NY	2	New York, United States	US	USNY		42.1497	-74.9384	NY	20250922203000	https://www.trend.az/business/4093981.html
1264579603	20250922	202509	2025	2025.7178	USACOP	NEW ORLEANS	USA					COP													1	193	193	19	4	-10.0	6	1	6	-12.3711340206186	3	New Orleans, Louisiana, United States	US	USLA	LA071	29.9546	-90.0751	1629985	0								3	New Orleans, Louisiana, United States	US	USLA		29.9546	-90.0751	1629985	20250922203000	https://www.wwltv.com/article/news/crime/nopd-shooting-in-central-city-leaves-1-dead/289-6649042a-f2e8-4a9b-bbd3-05876486a16f
1264579604	20250922	202509	2025	2025.7178	USACOP	PHOENIX	USA					COP			GOV	AUTHORITIES						GOV			1	173	173	17	4	-5.0	3	1	3	-9.47712418300649	3	Phoenix, Arizona, United States	US	USAZ	AZ013	33.4484	-112.074	44784	3	Phoenix, Arizona, United States	US	USAZ	AZ013	33.4484	-112.074	44784	3	Phoenix, Arizona, United States	US	USAZ	AZ013	33.4484	-112.074	44784	20250922203000	https://www.12news.com/article/news/local/valley/adot-arrest-2019-stolen-identity-suspect-arizona/75-9deb0888-23ee-4ce6-9a4b-eaa1f642f800
1264579605	20250922	202509	2025	2025.7178	USACOP	BOSTON	USA					COP			JUD	JUDGE						JUD			1	020	020	02	1	3.0	3	1	3	-10.3448275862069	3	Dedham, Massachusetts, United States	US	USMA	MA021	42.2418	-71.1662	612438	3	Dedham, Massachusetts, United States	US	USMA	MA021	42.2418	-71.1662	612438	3	Dedham, Massachusetts, United States	US	USMA	MA021	42.2418	-71.1662	612438	20250922203000	https://www.boston.com/news/local-news/2025/09/22/livestream-karen-read-wrongful-death-lawsuit-hearing/
1264579606	20250922	202509	2025	2025.7178	USACOP	BOSTON	USA					COP			JUD	PROSECUTOR						JUD			1	051	051	05	1	3.4	8	1	8	-10.3448275862069	3	Boston, Massachusetts, United States	US	USMA	MA025	42.3584	-71.0598	617565	3	Boston, Massachusetts, United States	US	USMA	MA025	42.3584	-71.0598	617565	3	Boston, Massachusetts, United States	US	USMA	MA025	42.3584	-71.0598	617565	20250922203000	https://www.boston.com/news/local-news/2025/09/22/livestream-karen-read-wrongful-death-lawsuit-hearing/
1264579607	20250922	202509	2025	2025.7178	USACOP	ROCHESTER	USA					COP			USA	UNITED STATES	USA								1	023	023	02	1	3.4	5	1	5	-4.24528301886792	3	Blue Island, Illinois, United States	US	USIL	IL031	41.6573	-87.68	404592	3	Blue Island, Illinois, United States	US	USIL		41.6573	-87.68	404592	3	Blue Island, Illinois, United States	US	USIL		41.6573	-87.68	404592	20250922203000	https://13wham.com/news/local/missing-rochester-girl-found-in-illinois-with-men-staying-in-us-illegally-united-states-marshals-service-blue-island
1264579608	20250922	202509	2025	2025.7178	USACOP	UNITED STATES	USA					COP			USA	CHICAGO	USA								1	051	051	05	1	3.4	4	1	4	1.64473684210527	3	Chicago, Illinois, United States	US	USIL	IL031	41.85	-87.6501	423587	3	Chicago, Illinois, United States	US	USIL	IL031	41.85	-87.6501	423587	3	Chicago, Illinois, United States	US	USIL	IL031	41.85	-87.6501	423587	20250922203000	https://www.journal-topics.com/articles/new-village-manager-hire-goes-to-niles-trustees/
1264579609	20250922	202509	2025	2025.7178	USACOP	PHOENIX	USA					COP			USA	ARIZONA	USA								1	051	051	05	1	3.4	10	1	10	-9.47712418300649	3	Phoenix, Arizona, United States	US	USAZ	AZ013	33.4484	-112.074	44784	2	Arizona, United States	US	USAZ		33.7712	-111.388	AZ	2	Arizona, United States	US	USAZ		33.7712	-111.388	AZ	20250922203000	https://www.12news.com/article/news/local/valley/adot-arrest-2019-stolen-identity-suspect-arizona/75-9deb0888-23ee-4ce6-9a4b-eaa1f642f800
1264579610	20250922	202509	2025	2025.7178	USACOP	UNITED STATES	USA					COP			USA	UNITED STATES	USA								1	173	173	17	4	-5.0	3	1	3	-9.47712418300649	3	Phoenix, Arizona, United States	US	USAZ	AZ013	33.4484	-112.074	44784	3	Phoenix, Arizona, United States	US	USAZ	AZ013	33.4484	-112.074	44784	3	Phoenix, Arizona, United States	US	USAZ	AZ013	33.4484	-112.074	44784	20250922203000	https://www.12news.com/article/news/local/valley/adot-arrest-2019-stolen-identity-suspect-arizona/75-9deb0888-23ee-4ce6-9a4b-eaa1f642f800
1264579611	20250922	202509	2025	2025.7178	USACOP	PHOENIX	USA					COP			USA	ARIZONA	USA								1	173	173	17	4	-5.0	10	1	10	-9.47712418300649	2	Arizona, United States	US	USAZ		33.7712	-111.388	AZ	2	Arizona, United States	US	USAZ		33.7712	-111.388	AZ	2	Arizona, United States	US	USAZ		33.7712	-111.388	AZ	20250922203000	https://www.12news.com/article/news/local/valley/adot-arrest-2019-stolen-identity-suspect-arizona/75-9deb0888-23ee-4ce6-9a4b-eaa1f642f800
1264579612	20250922	202509	2025	2025.7178	USACOP	UNITED STATES	USA					COP			USA	UNITED STATES	USA								1	190	190	19	4	-10.0	2	1	2	-10.3448275862069	3	Boston, Massachusetts, United States	US	USMA	MA025	42.3584	-71.0598	617565	3	Boston, Massachusetts, United States	US	USMA	MA025	42.3584	-71.0598	617565	3	Boston, Massachusetts, United States	US	USMA	MA025	42.3584	-71.0598	617565	20250922203000	https://www.boston.com/news/local-news/2025/09/22/livestream-karen-read-wrongful-death-lawsuit-hearing/
1264579613	20250922	202509	2025	2025.7178	USAEDU	NEBRASKA	USA					EDU													1	020	020	02	1	3.0	6	1	6	0	2	Wisconsin, United States	US	USWI		44.2563	-89.6385	WI	0								2	Wisconsin, United States	US	USWI		44.2563	-89.6385	WI	20250922203000	https://www.wowt.com/2025/09/22/nebraska-trailing-wisconsin-big-tens-blood-drive/
1264579614	20250922	202509	2025	2025.7178	USAEDU	WASHINGTON	USA					EDU			EDU	SCHOOL						EDU			1	040	040	04	1	1.0	3	1	3	-0.97703957010259	1	United States	US	US		39.828175	-98.5795	US	1	United States	US	US		39.828175	-98.5795	US	1	United States	US	US		39.828175	-98.5795	US	20250922203000	https://slate.com/news-and-politics/2025/09/charlie-kirk-legacy-free-speech-martyr.html
1264579615	20250922	202509	2025	2025.7178	USAEDU	UNITED STATES	USA					EDU			USA	UNITED STATES	USA								1	010	010	01	1	0.0	2	1	2	-3.77358490566038	3	Hollywood, California, United States	US	USCA	CA037	34.0983	-118.327	1660757	3	Hollywood, California, United States	US	USCA	CA037	34.0983	-118.327	1660757	3	Hollywood, California, United States	US	USCA	CA037	34.0983	-118.327	1660757	20250922203000	https://legalinsurrection.com/2025/09/victor-davis-hanson-kirk-assassination-is-a-turning-point-for-western-civilization/
1264579616	20250922	202509	2025	2025.7178	USAEDU	UNITED STATES	USA					EDU			USA	UNITED STATES	USA								1	026	026	02	1	4.0	2	1	2	1.05846774193548	2	California, United States	US	USCA		36.17	-119.746	CA	2	California, United States	US	USCA		36.17	-119.746	CA	2	California, United States	US	USCA		36.17	-119.746	CA	20250922203000	https://recorder.com/2025/09/22/university-massachusetts-brutalist-buildings/
1264579617	20250922	202509	2025	2025.7178	USAEDU	WASHINGTON	USA					EDU			USA	UNITED STATES	USA								1	040	040	04	1	1.0	3	1	3	-0.97703957010259	1	United States	US	US		39.828175	-98.5795	US	1	United States	US	US		39.828175	-98.5795	US	1	United States	US	US		39.828175	-98.5795	US	20250922203000	https://slate.com/news-and-politics/2025/09/charlie-kirk-legacy-free-speech-martyr.html
1264579618	20250922	202509	2025	2025.7178	USAEDU	UNITED STATES	USA					EDU			USA	UNITED STATES	USA								1	042	042	04	1	1.9	4	2	4	3.38517840805124	3	Greenville County, South Carolina, United States	US	USSC	SC045	34.8834	-82.3665	1245489	3	Greenville County, South Carolina, United States	US	USSC		34.8834	-82.3665	1245489	3	Greenville County, South Carolina, United States	US	USSC		34.8834	-82.3665	1245489	20250922203000	https://www.ketv.com/article/greenville-student-chefs-school-lunch-competition/68005813
1264579619	20250922	202509	2025	2025.7178	USAEDU	UNITED STATES	USA					EDU			USA	UNITED STATES	USA								0	042	042	04	1	1.9	2	2	2	3.38517840805124	3	Greenville County, South Carolina, United States	US	USSC	SC045	34.8834	-82.3665	1245489	3	Greenville County, South Carolina, United States	US	USSC		34.8834	-82.3665	1245489	2	South Carolina, United States	US	USSC		33.8191	-80.9066	SC	20250922203000	https://www.ketv.com/article/greenville-student-chefs-school-lunch-competition/68005813
1264579620	20250922	202509	2025	2025.7178	USAEDU	UNITED STATES	USA					EDU			USA	UNITED STATES	USA								0	042	042	04	1	1.9	2	2	2	3.38517840805124	2	South Carolina, United States	US	USSC		33.8191	-80.9066	SC	2	South Carolina, United States	US	USSC		33.8191	-80.9066	SC	3	Greenville, South Carolina, United States	US	USSC	SC045	34.8526	-82.394	1245842	20250922203000	https://www.ketv.com/article/greenville-student-chefs-school-lunch-competition/68005813
1264579621	20250922	202509	2025	2025.7178	USAELI	UNITED STATES	USA					ELI			USA	UNITED STATES	USA								1	173	173	17	4	-5.0	4	1	4	-7.20720720720721	3	Ford City, Pennsylvania, United States	US	USPA	PA005	40.7723	-79.5298	1205046	3	Ford City, Pennsylvania, United States	US	USPA		40.7723	-79.5298	1205046	3	Ford City, Pennsylvania, United States	US	USPA		40.7723	-79.5298	1205046	20250922203000	https://www.winnipegfreepress.com/world/2025/09/22/woman-charged-with-homicide-after-remains-of-her-4-infants-found-in-pennsylvania-house
1264579622	20250922	202509	2025	2025.7178	USAGOV	UNITED STATES	USA					GOV													1	010	010	01	1	0.0	4	1	4	3.49344978165939	3	Vandalia, West Virginia, United States	US	USWV	WV041	38.927	-80.4037	1548624	0								3	Vandalia, West Virginia, United States	US	USWV	WV041	38.927	-80.4037	1548624	20250922203000	https://wajr.com/2025/09/22/mon-health-and-vandalia-health-excited-to-expand-across-the-state/
1264579623	20250922	202509	2025	2025.7178	USAGOV	UNITED STATES	USA					GOV													1	071	071	07	2	7.4	2	1	2	-1.34831460674157	3	Baton Rouge, Louisiana, United States	US	USLA	LA033	30.4507	-91.1545	1629914	0								3	Baton Rouge, Louisiana, United States	US	USLA		30.4507	-91.1545	1629914	20250922203000	https://www.theadvocate.com/baton_rouge/fbi-feds-investigate-baton-rouge-housing-project/article_b934fcf4-a062-405c-b2af-ecbf897ef58d.html
1264579624	20250922	202509	2025	2025.7178	USAGOV	UNITED STATES	USA					GOV													0	073	073	07	2	7.4	4	1	4	-3.79876796714579	3	Millers Creek, North Carolina, United States	US	USNC	NC193	36.1893	-81.2376	1021469	0								3	Millers Creek, North Carolina, United States	US	USNC		36.1893	-81.2376	1021469	20250922203000	https://www.journalpatriot.com/news/helene-hit-western-nc-a-year-ago-this-week/article_038be025-866d-5def-9f1c-2423e981bba9.html
1264579625	20250922	202509	2025	2025.7178	USAGOV	NEW JERSEY	USA					GOV													1	190	190	19	4	-10.0	6	1	6	-3.2051282051282	2	New Jersey, United States	US	USNJ		40.314	-74.5089	NJ	0								2	New Jersey, United States	US	USNJ		40.314	-74.5089	NJ	20250922203000	https://6abc.com/post/candidates-clash-new-jersey-governors-debate-between-democrat-mikie-sherrill-republican-jack-ciattarelli/17865940/
1264579626	20250922	202509	2025	2025.7178	USAGOV	UNITED STATES	USA					GOV			CRM	DRUG TRAFFICKER						CRM			0	010	010	01	1	0.0	4	1	4	-5.8641975308642	3	White House, District of Columbia, United States	US	USDC		38.8951	-77.0364	531871	1	Venezuela	VE	VE		8	-66	VE	1	Venezuela	VE	VE		8	-66	VE	20250922203000	https://hannity.com/media-room/coke-zero-trump-admin-destroys-cartel-boat-carrying-a-ton-of-cocaine-into-u-s-report/
1264579627	20250922	202509	2025	2025.7178	USAGOV	THE WHITE HOUSE	USA					GOV			GOV	PRESIDENT						GOV			0	036	036	03	1	4.0	4	1	4	-5.02933780385583	3	White House, District of Columbia, United States	US	USDC		38.8951	-77.0364	531871	4	Guaca, Sucre, Venezuela	VE	VE19	32100	10.6699	-63.4008	-944828	4	Guaca, Sucre, Venezuela	VE	VE19	32100	10.6699	-63.4008	-944828	20250922203000	https://hotair.com/tree-hugging-sister/2025/09/22/the-trump-war-on-poor-innocent-venezuelan-fisher-folk-working-side-drug-running-gigs-continues-n3807058
1264579628	20250922	202509	2025	2025.7178	USAGOV	UNITED STATES	USA					GOV			GOVGOV	MAYOR						GOV	GOV		1	040	040	04	1	1.0	1	1	1	-1.34831460674157	3	Baton Rouge, Louisiana, United States	US	USLA	LA033	30.4507	-91.1545	1629914	3	Baton Rouge, Louisiana, United States	US	USLA		30.4507	-91.1545	1629914	3	Baton Rouge, Louisiana, United States	US	USLA		30.4507	-91.1545	1629914	20250922203000	https://www.theadvocate.com/baton_rouge/fbi-feds-investigate-baton-rouge-housing-project/article_b934fcf4-a062-405c-b2af-ecbf897ef58d.html
1264579629	20250922	202509	2025	2025.7178	USAGOV	THE US	USA					GOV			ISRGOV	ISRAEL	ISR					GOV			0	120	120	12	3	-4.0	2	1	2	-1.25173852573018	4	Gaza, Israel (general), Israel	IS	IS00	18315	31.4167	34.3333	-797156	4	Gaza, Israel (general), Israel	IS	IS00	18315	31.4167	34.3333	-797156	4	Gaza, Israel (general), Israel	IS	IS00	18315	31.4167	34.3333	-797156	20250922203000	https://www.hurriyetdailynews.com/france-recognizes-palestinian-state-at-un-213897
1264579630	20250922	202509	2025	2025.7178	USAGOV	OBAMA	USA					GOV			ITA	ITALY	ITA								1	042	042	04	1	1.9	8	1	8	0.78554595443833	4	Portofino, Liguria, Italy	IT	IT08	18352	44.3	9.2	-125543	4	Portofino, Liguria, Italy	IT	IT08	18352	44.3	9.2	-125543	4	Portofino, Liguria, Italy	IT	IT08	18352	44.3	9.2	-125543	20250922203000	https://www.dailymail.co.uk/femail/article-15123407/barack-michelle-obama-italy-steven-spielberg-yacht.html
1264579631	20250922	202509	2025	2025.7178	USAGOV	THE US	USA					GOV			PSE	PALESTINIAN	PSE								0	120	120	12	3	-4.0	1	1	1	-1.25173852573018	4	Gaza, Israel (general), Israel	IS	IS00	18315	31.4167	34.3333	-797156	4	Gaza, Israel (general), Israel	IS	IS00	18315	31.4167	34.3333	-797156	4	Gaza, Israel (general), Israel	IS	IS00	18315	31.4167	34.3333	-797156	20250922203000	https://www.hurriyetdailynews.com/france-recognizes-palestinian-state-at-un-213897
1264579632	20250922	202509	2025	2025.7178	USAGOV	THE US	USA					GOV			PSE	PALESTINIAN	PSE								0	120	120	12	3	-4.0	1	1	1	-1.25173852573018	4	Gaza, Israel (general), Israel	IS	IS00	18315	31.4167	34.3333	-797156	4	Gaza, Israel (general), Israel	IS	IS00	18315	31.4167	34.3333	-797156	2	New York, United States	US	USNY		42.1497	-74.9384	NY	20250922203000	https://www.hurriyetdailynews.com/france-recognizes-palestinian-state-at-un-213897
1264579633	20250922	202509	2025	2025.7178	USAGOV	THE US	USA					GOV			PSEGOV	PALESTINIAN	PSE					GOV			0	120	120	12	3	-4.0	1	1	1	-1.25173852573018	4	Gaza, Israel (general), Israel	IS	IS00	18315	31.4167	34.3333	-797156	4	Gaza, Israel (general), Israel	IS	IS00	18315	31.4167	34.3333	-797156	4	Gaza, Israel (general), Israel	IS	IS00	18315	31.4167	34.3333	-797156	20250922203000	https://www.hurriyetdailynews.com/france-recognizes-palestinian-state-at-un-213897
1264579634	20250922	202509	2025	2025.7178	USAGOV	UNITED STATES	USA					GOV			USA	UNITED STATES	USA								1	040	040	04	1	1.0	3	1	3	-3.2051282051282	2	New Jersey, United States	US	USNJ		40.314	-74.5089	NJ	3	Lawrenceville, New Jersey, United States	US	USNJ	NJ021	40.2973	-74.7296	877709	3	Lawrenceville, New Jersey, United States	US	USNJ	NJ021	40.2973	-74.7296	877709	20250922203000	https://6abc.com/post/candidates-clash-new-jersey-governors-debate-between-democrat-mikie-sherrill-republican-jack-ciattarelli/17865940/
1264579635	20250922	202509	2025	2025.7178	USAGOV	UNITED STATES	USA					GOV			USA	UNITED STATES	USA								0	051	051	05	1	3.4	2	1	2	2.3094688221709	3	Philadelphia, Pennsylvania, United States	US	USPA	PA101	39.9523	-75.1638	1209052	3	Bustleton, Pennsylvania, United States	US	USPA	PA101	40.0826	-75.0316	1203198	3	Bustleton, Pennsylvania, United States	US	USPA	PA101	40.0826	-75.0316	1203198	20250922203000	https://southphillyreview.com/2025/09/22/a-fitting-tribute-for-christopher-fitzgerald/
1264579636	20250922	202509	2025	2025.7178	USAGOV	UNITED STATES	USA					GOV			USA	UNITED STATES	USA								1	084	084	08	2	7.0	2	1	2	2.34899328859061	3	Boise, Idaho, United States	US	USID	ID001	43.6135	-116.203	400590	3	Boise, Idaho, United States	US	USID	ID001	43.6135	-116.203	400590	3	Boise, Idaho, United States	US	USID	ID001	43.6135	-116.203	400590	20250922203000	https://www.ktvb.com/article/news/local/boise-new-director-parks-and-recreation/277-90f27455-6c0c-4a32-bc43-7140cb1ec51d
1264579637	20250922	202509	2025	2025.7178	USAGOV	OBAMA	USA					GOV			USAGOV	OBAMA	USA					GOV			1	050	050	05	1	3.5	10	1	10	-2.22634508348794	0								0								0								20250922203000	https://www.govexec.com/workforce/2025/09/shutdown-looms-federal-agencies-have-no-public-plans-one/408282/
1264579638	20250922	202509	2025	2025.7178	USAGOV	THE WHITE HOUSE	USA					GOV			VEN	VENEZUELAN	VEN								0	110	110	11	3	-2.0	1	1	1	-5.02933780385583	4	Guaca, Sucre, Venezuela	VE	VE19	32100	10.6699	-63.4008	-944828	4	Guaca, Sucre, Venezuela	VE	VE19	32100	10.6699	-63.4008	-944828	4	Guaca, Sucre, Venezuela	VE	VE19	32100	10.6699	-63.4008	-944828	20250922203000	https://hotair.com/tree-hugging-sister/2025/09/22/the-trump-war-on-poor-innocent-venezuelan-fisher-folk-working-side-drug-running-gigs-continues-n3807058
1264579639	20250922	202509	2025	2025.7178	USAGOV	THE WHITE HOUSE	USA					GOV			VEN	VENEZUELAN	VEN								0	110	110	11	3	-2.0	1	1	1	-5.02933780385583	3	White House, District of Columbia, United States	US	USDC		38.8951	-77.0364	531871	4	Guaca, Sucre, Venezuela	VE	VE19	32100	10.6699	-63.4008	-944828	4	Guaca, Sucre, Venezuela	VE	VE19	32100	10.6699	-63.4008	-944828	20250922203000	https://hotair.com/tree-hugging-sister/2025/09/22/the-trump-war-on-poor-innocent-venezuelan-fisher-folk-working-side-drug-running-gigs-continues-n3807058
1264579640	20250922	202509	2025	2025.7178	USAGOV	UNITED STATES	USA					GOV			VEN	VENEZUELA	VEN								0	1712	171	17	4	-9.2	4	1	4	-5.8641975308642	3	White House, District of Columbia, United States	US	USDC		38.8951	-77.0364	531871	1	Venezuela	VE	VE		8	-66	VE	3	White House, District of Columbia, United States	US	USDC		38.8951	-77.0364	531871	20250922203000	https://hannity.com/media-room/coke-zero-trump-admin-destroys-cartel-boat-carrying-a-ton-of-cocaine-into-u-s-report/
1264579641	20250922	202509	2025	2025.7178	USAGOV	THE WHITE HOUSE	USA					GOV			VENGOV	VENEZUELA	VEN					GOV			0	036	036	03	1	4.0	2	1	2	-5.02933780385583	4	Guaca, Sucre, Venezuela	VE	VE19	32100	10.6699	-63.4008	-944828	4	Guaca, Sucre, Venezuela	VE	VE19	32100	10.6699	-63.4008	-944828	4	Guaca, Sucre, Venezuela	VE	VE19	32100	10.6699	-63.4008	-944828	20250922203000	https://hotair.com/tree-hugging-sister/2025/09/22/the-trump-war-on-poor-innocent-venezuelan-fisher-folk-working-side-drug-running-gigs-continues-n3807058
1264579642	20250922	202509	2025	2025.7178	USAGOV	THE WHITE HOUSE	USA					GOV			VENGOV	VENEZUELAN	VEN					GOV			0	110	110	11	3	-2.0	2	1	2	-5.02933780385583	3	White House, District of Columbia, United States	US	USDC		38.8951	-77.0364	531871	4	Guaca, Sucre, Venezuela	VE	VE19	32100	10.6699	-63.4008	-944828	3	White House, District of Columbia, United States	US	USDC		38.8951	-77.0364	531871	20250922203000	https://hotair.com/tree-hugging-sister/2025/09/22/the-trump-war-on-poor-innocent-venezuelan-fisher-folk-working-side-drug-running-gigs-continues-n3807058
1264579643	20250922	202509	2025	2025.7178	USAHLH	UNITED STATES	USA					HLH													1	043	043	04	1	2.8	4	1	4	-2.89855072463768	3	Kings County, New York, United States	US	USNY	NY047	40.6501	-73.9496	974122	0								3	Kings County, New York, United States	US	USNY		40.6501	-73.9496	974122	20250922203000	https://www.nydailynews.com/2025/09/22/brooklyn-teen-shot-in-neck-his-dad-questioned-by-nypd-over-accidental-discharge/
1264579644	20250922	202509	2025	2025.7178	USAHLH	UNITED STATES	USA					HLH			GOV	KING						GOV			1	042	042	04	1	1.9	2	1	2	-2.89855072463768	3	Kings County, New York, United States	US	USNY	NY047	40.6501	-73.9496	974122	3	Kings County, New York, United States	US	USNY		40.6501	-73.9496	974122	3	Kings County, New York, United States	US	USNY		40.6501	-73.9496	974122	20250922203000	https://www.nydailynews.com/2025/09/22/brooklyn-teen-shot-in-neck-his-dad-questioned-by-nypd-over-accidental-discharge/
1264579645	20250922	202509	2025	2025.7178	USAJUD	UNITED STATES	USA					JUD													1	043	043	04	1	2.8	1	1	1	-7.20720720720721	3	Armstrong County, Pennsylvania, United States	US	USPA	PA005	41.1253	-79.6831	1213658	0								3	Armstrong County, Pennsylvania, United States	US	USPA		41.1253	-79.6831	1213658	20250922203000	https://www.winnipegfreepress.com/world/2025/09/22/woman-charged-with-homicide-after-remains-of-her-4-infants-found-in-pennsylvania-house
1264579646	20250922	202509	2025	2025.7178	USALEG	MINNESOTA	USA					LEG													1	043	043	04	1	2.8	6	1	6	-3.7037037037037	2	Minnesota, United States	US	USMN		45.7326	-93.9196	MN	0								2	Minnesota, United States	US	USMN		45.7326	-93.9196	MN	20250922203000	https://www.fox21online.com/2025/09/22/tomassoni-tour-raises-321000-breaks-fundraising-record/
1264579647	20250922	202509	2025	2025.7178	USALEG	UNITED STATES	USA					LEG			HLH	NURSE						HLH			0	020	020	02	1	3.0	1	1	1	1.73160173160173	3	Palmetto, South Carolina, United States	US	USSC	SC031	34.2521	-79.8273	1227957	3	Palmetto, South Carolina, United States	US	USSC	SC031	34.2521	-79.8273	1227957	3	Palmetto, South Carolina, United States	US	USSC	SC031	34.2521	-79.8273	1227957	20250922203000	https://www.fitsnews.com/2025/09/22/south-carolina-bills-seek-to-define-rural-healthcare-access/
1264579648	20250922	202509	2025	2025.7178	USALEG	NEW YORK	USA					LEG			IGOUNOLEG	THE UN		UNO				IGO	LEG		1	043	043	04	1	2.8	15	1	10	-1.37221269296741	2	New York, United States	US	USNY		42.1497	-74.9384	NY	2	New York, United States	US	USNY		42.1497	-74.9384	NY	4	Gaza, Israel (general), Israel	IS	IS00	18315	31.4167	34.3333	-797156	20250922203000	https://www.mirror.co.uk/news/politics/emmanuel-macron-declares-france-joined-35947026
1264579649	20250922	202509	2025	2025.7178	USALEG	UNITED STATES	USA					LEG			USA	MINNESOTA	USA								1	042	042	04	1	1.9	2	1	2	-3.7037037037037	2	Minnesota, United States	US	USMN		45.7326	-93.9196	MN	2	Minnesota, United States	US	USMN		45.7326	-93.9196	MN	2	Minnesota, United States	US	USMN		45.7326	-93.9196	MN	20250922203000	https://www.fox21online.com/2025/09/22/tomassoni-tour-raises-321000-breaks-fundraising-record/
1264579650	20250922	202509	2025	2025.7178	USAMED	AMERICAN	USA					MED													1	043	043	04	1	2.8	6	1	6	-2.20588235294118	1	Ireland	EI	EI		53	-8	EI	0								1	Ireland	EI	EI		53	-8	EI	20250922203000	https://www.thejournal.ie/jimmy-kimmel-show-back-6823936-Sep2025/
1264579651	20250922	202509	2025	2025.7178	USAMED	THE ASSOCIATED PRESS	USA					MED													0	070	070	07	2	7.0	10	1	10	-4.27046263345196	0								0								0								20250922203000	https://www.ktbs.com/entertainment/jimmy-kimmel-live-returning-tuesday-after-suspension/article_a0a4d35b-d976-439c-af37-44badf44c80b.html
1264579652	20250922	202509	2025	2025.7178	USAMIL	UNITED STATES	USA					MIL													0	080	080	08	2	5.0	4	1	4	-3.53143841515936	1	United States	US	US		39.828175	-98.5795	US	0								1	United States	US	US		39.828175	-98.5795	US	20250922203000	https://comicbook.com/comics/news/7-marvel-villains-more-powerful-than-captain-america-that-he-still-beat-anyway/
1264579653	20250922	202509	2025	2025.7178	USAMIL	THE US	USA					MIL													1	090	090	09	2	-2.0	10	1	10	-0.99009900990099	0								0								0								20250922203000	https://abcnews4.com/news/local/body-of-diver-missing-since-saturday-located-by-boater-recovered-monday-bcso-wciv-abc-news-4-charleston-sc-south-carolina-bushy-park-landing-cooper-river-berkeley-county-sheriffs-office
1264579654	20250922	202509	2025	2025.7178	USAMIL	UNITED STATES	USA					MIL													0	1712	171	17	4	-9.2	4	1	4	-3.53143841515936	1	United States	US	US		39.828175	-98.5795	US	0								1	United States	US	US		39.828175	-98.5795	US	20250922203000	https://comicbook.com/comics/news/7-marvel-villains-more-powerful-than-captain-america-that-he-still-beat-anyway/
1264579655	20250922	202509	2025	2025.7178	USAMIL	UNITED STATES	USA					MIL			GOV	RULER						GOV			0	190	190	19	4	-10.0	4	1	4	-3.53143841515936	1	United States	US	US		39.828175	-98.5795	US	1	United States	US	US		39.828175	-98.5795	US	1	United States	US	US		39.828175	-98.5795	US	20250922203000	https://comicbook.com/comics/news/7-marvel-villains-more-powerful-than-captain-america-that-he-still-beat-anyway/
1264579656	20250922	202509	2025	2025.7178	USAPTY	CALIFORNIA	USA								USA	CALIFORNIA	USA								0	160	160	16	4	-4.0	3	1	3	-5.17543859649123	3	Washington, District of Columbia, United States	US	USDC	DC001	38.8951	-77.0364	531871	3	Washington, District of Columbia, United States	US	USDC	DC001	38.8951	-77.0364	531871	3	Washington, District of Columbia, United States	US	USDC	DC001	38.8951	-77.0364	531871	20250922203000	https://kvia.com/news/puente-news-collaborative/2025/09/22/predator-drones-shift-from-border-patrol-to-protest-surveillance/
1264579657	20250922	202509	2025	2025.7178	USASPY	DAVID PETRAEUS	USA					SPY			SYR	SYRIA	SYR								1	130	130	13	3	-4.4	10	1	10	-2.85087719298246	2	New York, United States	US	USNY		42.1497	-74.9384	NY	4	Golan Heights, Syria (general), Syria	SY	SY00	26337	32.9049	35.8072	-2538190	2	New York, United States	US	USNY		42.1497	-74.9384	NY	20250922203000	https://www.hurriyetdailynews.com/syrian-president-says-us-congress-must-act-to-cement-sanctions-removal-213894
1264579658	20250922	202509	2025	2025.7178	USASPY	DAVID PETRAEUS	USA					SPY			USA	NEW YORK	USA								1	046	046	04	1	7.0	10	1	10	-2.85087719298246	4	Golan Heights, Syria (general), Syria	SY	SY00	26337	32.9049	35.8072	-2538190	4	Golan Heights, Syria (general), Syria	SY	SY00	26337	32.9049	35.8072	-2538190	4	Golan Heights, Syria (general), Syria	SY	SY00	26337	32.9049	35.8072	-2538190	20250922203000	https://www.hurriyetdailynews.com/syrian-president-says-us-congress-must-act-to-cement-sanctions-removal-213894
1264579659	20250922	202509	2025	2025.7178	UZB	UZBEKISTAN	UZB								IGOUNODEVWBK	WORLD BANK		UNO				IGO	DEV		1	040	040	04	1	1.0	5	1	5	6.66666666666666	5	Namangan, Namangan, Uzbekistan	UZ	UZ06	39809	40.9975	71.2478	-3431450	5	Namangan, Namangan, Uzbekistan	UZ	UZ06	39809	40.9975	71.2478	-3431450	5	Namangan, Namangan, Uzbekistan	UZ	UZ06	39809	40.9975	71.2478	-3431450	20250922203000	https://www.trend.az/business/4093984.html
1264579660	20250922	202509	2025	2025.7178	UZB	UZBEKISTAN	UZB								MNCUSA	CITIGROUP	USA					MNC			1	030	030	03	1	4.0	9	1	6	6.56934306569343	4	Tashkent, Toshkent Shahri, Uzbekistan	UZ	UZ13	37316	41.3167	69.25	-2579372	4	Tashkent, Toshkent Shahri, Uzbekistan	UZ	UZ13	37316	41.3167	69.25	-2579372	4	Tashkent, Toshkent Shahri, Uzbekistan	UZ	UZ13	37316	41.3167	69.25	-2579372	20250922203000	https://www.trend.az/business/4093985.html
1264579661	20250922	202509	2025	2025.7178	UZB	UZBEKISTAN	UZB								MNCUSA	CITIGROUP	USA					MNC			1	030	030	03	1	4.0	2	1	2	6.56934306569343	2	New York, United States	US	USNY		42.1497	-74.9384	NY	2	New York, United States	US	USNY		42.1497	-74.9384	NY	2	New York, United States	US	USNY		42.1497	-74.9384	NY	20250922203000	https://www.trend.az/business/4093985.html
1264579662	20250922	202509	2025	2025.7178	UZB	UZBEKISTAN	UZB								MNCUSA	CITIGROUP	USA					MNC			1	050	050	05	1	3.5	11	1	8	6.56934306569343	4	Tashkent, Toshkent Shahri, Uzbekistan	UZ	UZ13	37316	41.3167	69.25	-2579372	4	Tashkent, Toshkent Shahri, Uzbekistan	UZ	UZ13	37316	41.3167	69.25	-2579372	4	Tashkent, Toshkent Shahri, Uzbekistan	UZ	UZ13	37316	41.3167	69.25	-2579372	20250922203000	https://www.trend.az/business/4093985.html
1264579663	20250922	202509	2025	2025.7178	UZBGOV	SHAVKAT MIRZIYOYEV	UZB					GOV			MNCUSA	CITIGROUP	USA					MNC			1	040	040	04	1	1.0	3	1	3	6.56934306569343	2	New York, United States	US	USNY		42.1497	-74.9384	NY	2	New York, United States	US	USNY		42.1497	-74.9384	NY	2	New York, United States	US	USNY		42.1497	-74.9384	NY	20250922203000	https://www.trend.az/business/4093985.html
1264579664	20250922	202509	2025	2025.7178	UZBGOV	SHAVKAT MIRZIYOYEV	UZB					GOV			USA	UNITED STATES	USA								1	040	040	04	1	1.0	4	1	4	6.56934306569343	2	New York, United States	US	USNY		42.1497	-74.9384	NY	2	New York, United States	US	USNY		42.1497	-74.9384	NY	2	New York, United States	US	USNY		42.1497	-74.9384	NY	20250922203000	https://www.trend.az/business/4093985.html
1264579665	20250922	202509	2025	2025.7178	UZBGOV	SHAVKAT MIRZIYOYEV	UZB					GOV			USA	UNITED STATES	USA								1	043	043	04	1	2.8	2	1	2	6.56934306569343	2	New York, United States	US	USNY		42.1497	-74.9384	NY	2	New York, United States	US	USNY		42.1497	-74.9384	NY	2	New York, United States	US	USNY		42.1497	-74.9384	NY	20250922203000	https://www.trend.az/business/4093985.html
1264579666	20250922	202509	2025	2025.7178	VEN	VENEZUELA	VEN																		0	010	010	01	1	0.0	2	1	2	-5.02933780385583	4	Guaca, Sucre, Venezuela	VE	VE19	32100	10.6699	-63.4008	-944828	0								4	Guaca, Sucre, Venezuela	VE	VE19	32100	10.6699	-63.4008	-944828	20250922203000	https://hotair.com/tree-hugging-sister/2025/09/22/the-trump-war-on-poor-innocent-venezuelan-fisher-folk-working-side-drug-running-gigs-continues-n3807058
1264579667	20250922	202509	2025	2025.7178	VEN	VENEZUELAN	VEN								USA	THE US	USA								0	036	036	03	1	4.0	4	1	4	-5.02933780385583	4	Guaca, Sucre, Venezuela	VE	VE19	32100	10.6699	-63.4008	-944828	4	Guaca, Sucre, Venezuela	VE	VE19	32100	10.6699	-63.4008	-944828	4	Guaca, Sucre, Venezuela	VE	VE19	32100	10.6699	-63.4008	-944828	20250922203000	https://hotair.com/tree-hugging-sister/2025/09/22/the-trump-war-on-poor-innocent-venezuelan-fisher-folk-working-side-drug-running-gigs-continues-n3807058
1264579668	20250922	202509	2025	2025.7178	VEN	VENEZUELAN	VEN								USA	THE US	USA								0	046	046	04	1	7.0	4	1	4	-5.02933780385583	4	Guaca, Sucre, Venezuela	VE	VE19	32100	10.6699	-63.4008	-944828	4	Guaca, Sucre, Venezuela	VE	VE19	32100	10.6699	-63.4008	-944828	4	Guaca, Sucre, Venezuela	VE	VE19	32100	10.6699	-63.4008	-944828	20250922203000	https://hotair.com/tree-hugging-sister/2025/09/22/the-trump-war-on-poor-innocent-venezuelan-fisher-folk-working-side-drug-running-gigs-continues-n3807058
1264579669	20250922	202509	2025	2025.7178	VENGOV	VENEZUELAN	VEN					GOV			USA	THE US	USA								0	036	036	03	1	4.0	6	1	6	-5.02933780385583	4	Guaca, Sucre, Venezuela	VE	VE19	32100	10.6699	-63.4008	-944828	4	Guaca, Sucre, Venezuela	VE	VE19	32100	10.6699	-63.4008	-944828	4	Guaca, Sucre, Venezuela	VE	VE19	32100	10.6699	-63.4008	-944828	20250922203000	https://hotair.com/tree-hugging-sister/2025/09/22/the-trump-war-on-poor-innocent-venezuelan-fisher-folk-working-side-drug-running-gigs-continues-n3807058
1264579670	20250922	202509	2025	2025.7178	VENGOV	VENEZUELAN	VEN					GOV			USA	THE US	USA								0	046	046	04	1	7.0	6	1	6	-5.02933780385583	4	Guaca, Sucre, Venezuela	VE	VE19	32100	10.6699	-63.4008	-944828	4	Guaca, Sucre, Venezuela	VE	VE19	32100	10.6699	-63.4008	-944828	4	Guaca, Sucre, Venezuela	VE	VE19	32100	10.6699	-63.4008	-944828	20250922203000	https://hotair.com/tree-hugging-sister/2025/09/22/the-trump-war-on-poor-innocent-venezuelan-fisher-folk-working-side-drug-running-gigs-continues-n3807058
1264579671	20250922	202509	2025	2025.7178	VENGOV	VENEZUELA	VEN					GOV			VEN	VENEZUELA	VEN								1	1712	171	17	4	-9.2	2	1	2	-2.42214532871972	1	United States	US	US		39.828175	-98.5795	US	1	United States	US	US		39.828175	-98.5795	US	1	United States	US	US		39.828175	-98.5795	US	20250922203000	https://legalinsurrection.com/2025/09/dominican-republic-claims-boat-hit-by-u-s-navy-had-over-a-ton-of-cocaine/
1264579672	20250922	202509	2025	2025.7178	VNM	VIETNAM	VNM								USA	AMERICAN	USA								0	051	051	05	1	3.4	2	1	2	-1.72143974960876	4	Bagram, Parvan, Afghanistan	AF	AF40	99925	34.9669	69.265	-3369796	4	Bagram, Parvan, Afghanistan	AF	AF40	99925	34.9669	69.265	-3369796	4	Bagram, Parvan, Afghanistan	AF	AF40	99925	34.9669	69.265	-3369796	20250922203000	https://reason.com/2025/09/22/why-does-trump-want-u-s-troops-back-in-afghanistan/
1264579673	20250922	202509	2025	2025.7178	VNM	VIETNAM	VNM								USA	AMERICAN	USA								0	051	051	05	1	3.4	2	1	2	-1.72143974960876	1	Vietnam, Republic Of	VM	VM		16.166667	107.833333	VM	1	United States	US	US		39.828175	-98.5795	US	1	United States	US	US		39.828175	-98.5795	US	20250922203000	https://reason.com/2025/09/22/why-does-trump-want-u-s-troops-back-in-afghanistan/
1264579674	20250922	202509	2025	2025.7178	VNM	VIETNAM	VNM								USAGOV	AMERICAN	USA					GOV			0	051	051	05	1	3.4	3	1	3	-1.72143974960876	1	Vietnam, Republic Of	VM	VM		16.166667	107.833333	VM	1	United States	US	US		39.828175	-98.5795	US	1	United States	US	US		39.828175	-98.5795	US	20250922203000	https://reason.com/2025/09/22/why-does-trump-want-u-s-troops-back-in-afghanistan/
1264579675	20250922	202509	2025	2025.7178	VNMGOV	VIETNAM	VNM					GOV			VNM	VIETNAM	VNM								0	120	120	12	3	-4.0	2	1	2	-1.07816711590296	1	Vietnam, Republic Of	VM	VM		16.166667	107.833333	VM	1	Vietnam, Republic Of	VM	VM		16.166667	107.833333	VM	1	Vietnam, Republic Of	VM	VM		16.166667	107.833333	VM	20250922203000	https://www.wrganews.com/2025/09/22/one-mans-opinion-our-right-to-free-speech-is-almost-absolute/
1264579676	20250922	202509	2025	2025.7178	VUT	VANUATU	VUT								BRA	BRAZIL	BRA								0	020	020	02	1	3.0	8	1	8	-0.8505467800729	1	Vanuatu	NH	NH		-16	167	NH	1	Brazil	BR	BR		-10	-55	BR	1	Vanuatu	NH	NH		-16	167	NH	20250922203000	https://www.winnipegfreepress.com/arts-and-life/life/greenpage/2025/09/22/world-business-leaders-hope-to-keep-momentum-in-fight-against-climate-change-despite-us
1264579677	20250922	202509	2025	2025.7178	VUT	VANUATU	VUT								BRA	BRAZIL	BRA								0	020	020	02	1	3.0	2	1	2	-0.8505467800729	1	Vanuatu	NH	NH		-16	167	NH	1	Vanuatu	NH	NH		-16	167	NH	1	Vanuatu	NH	NH		-16	167	NH	20250922203000	https://www.winnipegfreepress.com/arts-and-life/life/greenpage/2025/09/22/world-business-leaders-hope-to-keep-momentum-in-fight-against-climate-change-despite-us
1264579678	20250922	202509	2025	2025.7178	ZWE	SALISBURY	ZWE																		1	040	040	04	1	1.0	6	1	6	1.26262626262626	4	Salisbury, Mashonaland East, Zimbabwe	ZI	ZI04	40197	-17.8178	31.0447	-2312291	0								4	Salisbury, Mashonaland East, Zimbabwe	ZI	ZI04	40197	-17.8178	31.0447	-2312291	20250922203000	https://www.salisburyjournal.co.uk/news/25481151.salisbury-city-council-approves-motion-new-footpath/
1264579679	20250922	202509	2025	2025.7178	idg	INDIGENOUS			idg																1	110	110	11	3	-2.0	10	1	10	7.64462809917356	4	Abaca, Antique, Philippines	RP	RP06	24247	10.4929	121.957	-2406723	0								4	Abaca, Antique, Philippines	RP	RP06	24247	10.4929	121.957	-2406723	20250922203000	https://malaya.com.ph/lifestyle/living/weaving-together-culture-craft-and-community/
