1266964947	20241006	202410	2024	2024.7562	CHN	CHINA	CHN								USA	THE US	USA								1	061	061	06	2	6.4	10	1	10	-2.20162224797219	4	Beijing, Beijing, China	CH	CH22	13001	39.9289	116.388	-1898541	4	Beijing, Beijing, China	CH	CH22	13001	39.9289	116.388	-1898541	4	Beijing, Beijing, China	CH	CH22	13001	39.9289	116.388	-1898541	20251006011500	https://www.smh.com.au/business/the-economy/trump-s-15-billion-band-aid-for-the-problem-he-created-20251006-p5n0ao.html
1266964948	20241006	202410	2024	2024.7562	CVL	TRAVELLER						CVL			EUR	EUROPEAN	EUR								0	195	195	19	4	-10.0	2	1	2	-5.27298180121325	4	Heathrow, Hillingdon, United Kingdom	UK	UKF9	40133	51.4667	-0.45	-2598406	4	Heathrow, Hillingdon, United Kingdom	UK	UKF9	40133	51.4667	-0.45	-2598406	4	Heathrow, Hillingdon, United Kingdom	UK	UKF9	40133	51.4667	-0.45	-2598406	20251006011500	https://www.bbc.com/news/articles/c5ye8zj5l4jo
1266964949	20241006	202410	2024	2024.7562	CVL	TRAVELLER						CVL			EUR	EUROPEAN	EUR								0	195	195	19	4	-10.0	5	1	5	-5.27298180121325	4	Heathrow, Hillingdon, United Kingdom	UK	UKF9	40133	51.4667	-0.45	-2598406	4	London, London, City of, United Kingdom	UK	UKH9	40110	51.5	-0.116667	-2601889	4	Heathrow, Hillingdon, United Kingdom	UK	UKF9	40133	51.4667	-0.45	-2598406	20251006011500	https://www.bbc.com/news/articles/c5ye8zj5l4jo
1266964950	20241006	202410	2024	2024.7562	SWE	SWEDEN	SWE																		0	172	172	17	4	-5.0	6	1	6	-1.82584269662921	4	Bristol, Bristol, City of, United Kingdom	UK	UKB7	40094	51.45	-2.58333	-2590919	0								4	Humberside, United Kingdom (general), United Kingdom	UK	UK00	40123	53.75	-0.416667	-2599188	20251006011500	https://www.dailymail.co.uk/news/article-15164631/More-TWO-child-deaths-week-linked-cousin-marriages-SUE-REID-risky-phenomenon-backed-NHS.html
1266964951	20241006	202410	2024	2024.7562	SWE	SWEDEN	SWE																		0	172	172	17	4	-5.0	2	1	2	-1.82584269662921	1	Norway	NO	NO		62	10	NO	0								1	Sweden	SW	SW		62	15	SW	20251006011500	https://www.dailymail.co.uk/news/article-15164631/More-TWO-child-deaths-week-linked-cousin-marriages-SUE-REID-risky-phenomenon-backed-NHS.html
1266964952	20241006	202410	2024	2024.7562	SWE	SWEDEN	SWE																		0	172	172	17	4	-5.0	2	1	2	-1.82584269662921	1	Sweden	SW	SW		62	15	SW	0								1	Sweden	SW	SW		62	15	SW	20251006011500	https://www.dailymail.co.uk/news/article-15164631/More-TWO-child-deaths-week-linked-cousin-marriages-SUE-REID-risky-phenomenon-backed-NHS.html
1266964953	20250929	202509	2025	2025.7370											IGO	INTERNATIONAL MARITIME ORGANIZATION						IGO			1	040	040	04	1	1.0	10	1	10	-0.43478260869566	0								0								0								20251006011500	http://maritime-executive.com/article/does-shipping-really-carry-90-of-everything
1266964954	20250929	202509	2025	2025.7370	IGO	INTERNATIONAL MARITIME ORGANIZATION						IGO													1	040	040	04	1	1.0	10	1	10	-0.43478260869566	0								0								0								20251006011500	http://maritime-executive.com/article/does-shipping-really-carry-90-of-everything
1266964955	20250929	202509	2025	2025.7370	PAK	PAKISTAN	PAK								GOV	GOVERNMENT						GOV			1	022	022	02	1	3.2	4	1	4	-1.82584269662921	4	Humberside, United Kingdom (general), United Kingdom	UK	UK00	40123	53.75	-0.416667	-2599188	4	Humberside, United Kingdom (general), United Kingdom	UK	UK00	40123	53.75	-0.416667	-2599188	4	Humberside, United Kingdom (general), United Kingdom	UK	UK00	40123	53.75	-0.416667	-2599188	20251006011500	https://www.dailymail.co.uk/news/article-15164631/More-TWO-child-deaths-week-linked-cousin-marriages-SUE-REID-risky-phenomenon-backed-NHS.html
1266964956	20250929	202509	2025	2025.7370	PAK	PAKISTAN	PAK								GOV	GOVERNMENT						GOV			1	172	172	17	4	-5.0	4	1	4	-1.82584269662921	1	Pakistan	PK	PK		30	70	PK	1	Pakistan	PK	PK		30	70	PK	1	Pakistan	PK	PK		30	70	PK	20251006011500	https://www.dailymail.co.uk/news/article-15164631/More-TWO-child-deaths-week-linked-cousin-marriages-SUE-REID-risky-phenomenon-backed-NHS.html
1266964957	20251005	202510	2025	2025.7534	CANGOV	CANADA	CAN					GOV			CANLAB	ONTARIO	CAN					LAB			0	040	040	04	1	1.0	1	1	1	-3	1	Canada	CA	CA		60	-96	CA	1	Canada	CA	CA		60	-96	CA	1	Canada	CA	CA		60	-96	CA	20251006011500	https://www.chch.com/chch-news/carney-heads-to-washington-with-low-expectations-amid-u-s-tariff-pressures/
1266964958	20251005	202510	2025	2025.7534	CANLAB	ONTARIO	CAN					LAB			CANGOV	CANADA	CAN					GOV			0	040	040	04	1	1.0	1	1	1	-3	1	Canada	CA	CA		60	-96	CA	1	Canada	CA	CA		60	-96	CA	1	Canada	CA	CA		60	-96	CA	20251006011500	https://www.chch.com/chch-news/carney-heads-to-washington-with-low-expectations-amid-u-s-tariff-pressures/
1266964959	20251005	202510	2025	2025.7534	CANLAB	ONTARIO	CAN					LAB			GOV	PREMIER						GOV			0	040	040	04	1	1.0	4	1	4	-3	1	Canada	CA	CA		60	-96	CA	1	Canada	CA	CA		60	-96	CA	1	Canada	CA	CA		60	-96	CA	20251006011500	https://www.chch.com/chch-news/carney-heads-to-washington-with-low-expectations-amid-u-s-tariff-pressures/
1266964960	20251005	202510	2025	2025.7534	GBR	UNITED KINGDOM	GBR																		1	010	010	01	1	0.0	4	1	4	-2.24032586558045	4	Notting Hill, Kensington and Chelsea, United Kingdom	UK	UKG4	40110	51.5167	-0.216667	-2604471	0								4	Notting Hill, Kensington and Chelsea, United Kingdom	UK	UKG4	40110	51.5167	-0.216667	-2604471	20251006011500	https://www.dailymail.co.uk/debate/article-15164693/Party-membership-falls-Tory-clan-gathers-ANDREW-PIERCE.html
1266964961	20251005	202510	2025	2025.7534	GOV	PREMIER						GOV			CANLAB	ONTARIO	CAN					LAB			0	040	040	04	1	1.0	4	1	4	-3	1	Canada	CA	CA		60	-96	CA	1	Canada	CA	CA		60	-96	CA	1	Canada	CA	CA		60	-96	CA	20251006011500	https://www.chch.com/chch-news/carney-heads-to-washington-with-low-expectations-amid-u-s-tariff-pressures/
1266964962	20251006	202510	2025	2025.7562											AUS	AUSTRALIA	AUS								1	061	061	06	2	6.4	2	1	2	3.83693045563549	0								1	Australia	AS	AS		-25	135	AS	4	Bathurst, Banjul, Gambia	GA	GA01	16405	13.4531	-16.5775	-1199434	20251006011500	https://www.westernadvocate.com.au/story/9080505/bathurst-styling-gurus-open-duo-studio-lifestyle-and-home-store/
1266964963	20251006	202510	2025	2025.7562											AUS	AUSTRALIA	AUS								1	061	061	06	2	6.4	8	1	8	3.83693045563549	0								1	Australia	AS	AS		-25	135	AS	1	Australia	AS	AS		-25	135	AS	20251006011500	https://www.westernadvocate.com.au/story/9080505/bathurst-styling-gurus-open-duo-studio-lifestyle-and-home-store/
1266964964	20251006	202510	2025	2025.7562											AUS	SYDNEY	AUS								1	173	173	17	4	-5.0	20	4	20	-5.89975394038017	0								4	Sydney, New South Wales, Australia	AS	AS02	154637	-33.8833	151.217	-1603135	4	Sydney, New South Wales, Australia	AS	AS02	154637	-33.8833	151.217	-1603135	20251006011500	https://www.camdencourier.com.au/story/9081720/terrifying-up-to-100-shots-fired-on-suburban-street/
1266964965	20251006	202510	2025	2025.7562											AUS	SYDNEY	AUS								1	190	190	19	4	-10.0	40	4	40	-5.89975394038017	0								4	Sydney, New South Wales, Australia	AS	AS02	154637	-33.8833	151.217	-1603135	4	Sydney, New South Wales, Australia	AS	AS02	154637	-33.8833	151.217	-1603135	20251006011500	https://www.camdencourier.com.au/story/9081720/terrifying-up-to-100-shots-fired-on-suburban-street/
1266964966	20251006	202510	2025	2025.7562											BUS	BUSINESS						BUS			1	040	040	04	1	1.0	30	2	20	1.32105600298844	0								0								0								20251006011500	https://www.insurancebusinessmag.com/us/news/breaking-news/inside-private-equitys-dando-risk-why-offtheshelf-coverage-isnt-enough-551947.aspx
1266964967	20251006	202510	2025	2025.7562											BUS	COMPANY						BUS			0	040	040	04	1	1.0	25	5	25	0.320543666640168	0								1	Australia	AS	AS		-25	135	AS	1	Australia	AS	AS		-25	135	AS	20251006011500	https://www.yasstribune.com.au/story/9082015/mg-plotting-byd-shark-6-and-ford-ranger-phev-rival/
1266964968	20251006	202510	2025	2025.7562											BUS	BUSINESS						BUS			0	046	046	04	1	7.0	5	1	5	3.39721254355401	0								0								0								20251006011500	https://smallbiztrends.com/how-do-you-calculate-break-even-analysis/
1266964969	20251006	202510	2025	2025.7562											CHN	CHINA	CHN								1	043	043	04	1	2.8	4	1	4	2.52600297176821	0								4	Yinchuan, Ningxia, China	CH	CH21	13204	38.4681	106.273	-1936415	4	Yinchuan, Ningxia, China	CH	CH21	13204	38.4681	106.273	-1936415	20251006011500	https://english.news.cn/20251006/5240643dce0f41348c6628e67a0a06fa/c.html
1266964970	20251006	202510	2025	2025.7562											CHN	CHINA	CHN								1	043	043	04	1	2.8	1	1	1	2.52600297176821	0								4	Jinghong, Yunnan, China	CH	CH29	13311	21.991	100.734	-1937548	4	Jinghong, Yunnan, China	CH	CH29	13311	21.991	100.734	-1937548	20251006011500	https://english.news.cn/20251006/5240643dce0f41348c6628e67a0a06fa/c.html
1266964971	20251006	202510	2025	2025.7562											COP	TROOPER						COP			1	042	042	04	1	1.9	5	1	5	-9.36454849498328	0								2	Louisiana, United States	US	USLA		31.1801	-91.8749	LA	2	Louisiana, United States	US	USLA		31.1801	-91.8749	LA	20251006011500	https://www.wdam.com/2025/10/04/covington-woman-booked-with-vehicular-homicide-september-crash-that-killed-child/
1266964972	20251006	202510	2025	2025.7562											COP	POLICE						COP			0	043	043	04	1	2.8	10	1	10	-2.57801899592944	0								1	Australia	AS	AS		-25	135	AS	1	Australia	AS	AS		-25	135	AS	20251006011500	https://umsu.unimelb.edu.au/support/advocacy/safestudentactivism/
1266964973	20251006	202510	2025	2025.7562											COP	POLICE FORCE						COP			1	046	046	04	1	7.0	5	1	5	-7.78688524590163	0								4	Dasna, Uttar Pradesh, India	IN	IN36	70265	28.6833	77.5333	-2094108	4	Dasna, Uttar Pradesh, India	IN	IN36	70265	28.6833	77.5333	-2094108	20251006011500	https://timesofindia.indiatimes.com/city/noida/with-fake-court-papers-2-cops-try-to-free-2-prisoners-arrested/articleshow/124325232.cms
1266964974	20251006	202510	2025	2025.7562											COP	POLICE						COP			1	051	051	05	1	3.4	2	1	2	-3.07692307692308	0								3	Lubbock, Texas, United States	US	USTX	TX303	33.5779	-101.855	1374760	3	Lubbock, Texas, United States	US	USTX	TX303	33.5779	-101.855	1374760	20251006011500	https://www.fox34.com/2025/10/05/executive-inn-says-tenants-must-vacate-by-tuesday-after-multiple-reports-overdoses-shootings-robberies-area/
1266964975	20251006	202510	2025	2025.7562											COP	POLICE						COP			0	111	111	11	3	-2.0	10	1	10	-8.65671641791048	0								4	Manchester, Manchester, United Kingdom	UK	UKI2	40118	53.5	-2.21667	-2602512	4	Manchester, Manchester, United Kingdom	UK	UKI2	40118	53.5	-2.21667	-2602512	20251006011500	https://www.santafenewmexican.com/ap/international/uk-says-it-will-restrict-repeated-protests-after-500-arrests-at-pro-palestinian-vigil/article_7c919bf4-7a33-5853-8c8f-b8f37f17bef8.html
1266964976	20251006	202510	2025	2025.7562											COP	DEPUTY						COP			1	112	112	11	3	-2.0	5	1	5	6.07734806629834	0								5	Uttar Pradesh, Uttar Pradesh, India	IN	IN36	17938	27.25	80.75	-2113996	5	Uttar Pradesh, Uttar Pradesh, India	IN	IN36	17938	27.25	80.75	-2113996	20251006011500	https://timesofindia.indiatimes.com/city/noida/eco-run-marks-global-mammal-big-day-at-okhla-bird-sanctuary/articleshow/124324765.cms
1266964977	20251006	202510	2025	2025.7562											COP	POLICE						COP			1	130	130	13	3	-4.4	10	1	10	-10.0371747211896	0								3	Lubbock, Texas, United States	US	USTX	TX303	33.5779	-101.855	1374760	3	Lubbock, Texas, United States	US	USTX	TX303	33.5779	-101.855	1374760	20251006011500	https://www.fox34.com/2025/10/05/clovis-police-searching-suspect-after-victim-suffers-multiple-gunshot-wounds-automatic-weapon/
1266964978	20251006	202510	2025	2025.7562											COP	POLICE						COP			1	1823	182	18	4	-10.0	2	1	2	-4.51612903225806	0								4	Bihar, Bihar, India	IN	IN34	17615	25.1833	85.5167	-2091797	4	Bihar, Bihar, India	IN	IN34	17615	25.1833	85.5167	-2091797	20251006011500	https://indianexpress.com/article/cities/delhi/delhi-self-styled-godman-kills-wife-over-suspected-affair-9-years-after-she-threw-him-out-of-home-10289867/
1266964979	20251006	202510	2025	2025.7562											COP	TROOPER						COP			1	190	190	19	4	-10.0	5	1	5	-9.36454849498328	0								2	Louisiana, United States	US	USLA		31.1801	-91.8749	LA	2	Louisiana, United States	US	USLA		31.1801	-91.8749	LA	20251006011500	https://www.wdam.com/2025/10/04/covington-woman-booked-with-vehicular-homicide-september-crash-that-killed-child/
1266964980	20251006	202510	2025	2025.7562											CVL	RESIDENTS						CVL			0	042	042	04	1	1.9	36	6	36	-5.34441805225653	0								4	Greater Manchester, United Kingdom (general), United Kingdom	UK	UK00	40111	53.45	-2.23333	-2597513	4	Greater Manchester, United Kingdom (general), United Kingdom	UK	UK00	40111	53.45	-2.23333	-2597513	20251006011500	https://www.keighleynews.co.uk/news/national/25518988.bravery-synagogue-attack-victims-remembered-first-funeral-takes-place/
1266964981	20251006	202510	2025	2025.7562											CVL	RESIDENTS						CVL			0	042	042	04	1	1.9	24	6	24	-5.34441805225653	0								4	Heaton Park, Manchester, United Kingdom	UK	UKI2	40118	53.5333	-2.26667	-2598411	4	Heaton Park, Manchester, United Kingdom	UK	UKI2	40118	53.5333	-2.26667	-2598411	20251006011500	https://www.keighleynews.co.uk/news/national/25518988.bravery-synagogue-attack-victims-remembered-first-funeral-takes-place/
1266964982	20251006	202510	2025	2025.7562											CVL	RESIDENTS						CVL			0	042	042	04	1	1.9	10	1	10	-6.18686868686869	0								4	Manchester, Manchester, United Kingdom	UK	UKI2	40118	53.5	-2.21667	-2602512	4	Manchester, Manchester, United Kingdom	UK	UKI2	40118	53.5	-2.21667	-2602512	20251006011500	https://www.kentonline.co.uk/news/national/bravery-of-synagogue-attack-victims-remembered-as-first-funeral-takes-place-156171/
1266964983	20251006	202510	2025	2025.7562											CVL	COMMUNITY						CVL			1	070	070	07	2	7.0	2	1	2	3.28947368421053	0								3	Tulsa, Oklahoma, United States	US	USOK	OK143	36.154	-95.9928	1100962	3	Tulsa, Oklahoma, United States	US	USOK	OK143	36.154	-95.9928	1100962	20251006011500	http://www.newson6.com/story/68e28773177f8042d5a4bb28/-the-need-is-constant-tulsa-day-center-launches-shoe-drive-calling-on-community-to-donate-new-or-gently-used-footwear
1266964984	20251006	202510	2025	2025.7562											CVL	COMMUNITY						CVL			1	100	100	10	3	-5.0	2	1	2	3.28947368421053	0								3	Tulsa, Oklahoma, United States	US	USOK	OK143	36.154	-95.9928	1100962	3	Tulsa, Oklahoma, United States	US	USOK	OK143	36.154	-95.9928	1100962	20251006011500	http://www.newson6.com/story/68e28773177f8042d5a4bb28/-the-need-is-constant-tulsa-day-center-launches-shoe-drive-calling-on-community-to-donate-new-or-gently-used-footwear
1266964985	20251006	202510	2025	2025.7562											EDU	STUDENT						EDU			1	033	033	03	1	5.2	10	1	10	8.59375	0								2	Colorado, United States	US	USCO		39.0646	-105.327	CO	2	Colorado, United States	US	USCO		39.0646	-105.327	CO	20251006011500	https://www.aero-news.net/subscribe.cfm?do=main.textpost&id=B4089168-329A-4D2B-8158-479679496A05
1266964986	20251006	202510	2025	2025.7562											EDU	UNIVERSITY						EDU			1	080	080	08	2	5.0	5	1	5	-2.57801899592944	0								1	Israel	IS	IS		31.5	34.75	IS	1	Israel	IS	IS		31.5	34.75	IS	20251006011500	https://umsu.unimelb.edu.au/support/advocacy/safestudentactivism/
1266964987	20251006	202510	2025	2025.7562											EDU	UNIVERSITY						EDU			1	0841	084	08	2	7.0	5	1	5	-2.57801899592944	0								1	Israel	IS	IS		31.5	34.75	IS	1	Israel	IS	IS		31.5	34.75	IS	20251006011500	https://umsu.unimelb.edu.au/support/advocacy/safestudentactivism/
1266964988	20251006	202510	2025	2025.7562											EGY	EGYPT	EGY								1	190	190	19	4	-10.0	4	1	4	-13.4020618556701	0								4	Alexandria, Al Iskandariyah, Egypt	EG	EG06	61590	31.1981	29.9192	-290263	4	Alexandria, Al Iskandariyah, Egypt	EG	EG06	61590	31.1981	29.9192	-290263	20251006011500	https://www.kalb.com/2025/10/05/man-killed-shooting-2000-block-kelly-street/
1266964989	20251006	202510	2025	2025.7562											FJI	FIJI	FJI								1	173	173	17	4	-5.0	8	1	8	-15.9090909090909	0								4	Suva, Central, Fiji	FJ	FJ01	40197	-18.1333	178.417	-1195133	4	Suva, Central, Fiji	FJ	FJ01	40197	-18.1333	178.417	-1195133	20251006011500	https://www.fijivillage.com/news/Three-men-arrested-for-alleged-aggravated-robbery-in-Raiwai-4xfr85/
1266964990	20251006	202510	2025	2025.7562											FJIHLH	FIJI	FJI					HLH			1	046	046	04	1	7.0	1	1	1	-1.03626943005181	0								1	Fiji	FJ	FJ		-18	178	FJ	1	Fiji	FJ	FJ		-18	178	FJ	20251006011500	https://www.fijivillage.com/news/Environment-Council-reunites-after-nearly-5-years-to-strengthen-environmental-governance-58rf4x/
1266964991	20251006	202510	2025	2025.7562											FRA	FRANCE	FRA								0	173	173	17	4	-5.0	4	1	4	-4.82315112540193	0								4	Paris, France (general), France	FR	FR00	16282	48.8667	2.33333	-1456928	4	Paris, France (general), France	FR	FR00	16282	48.8667	2.33333	-1456928	20251006011500	https://www.yahoo.com/news/articles/gis-le-pelicot-faces-one-230711109.html
1266964992	20251006	202510	2025	2025.7562											GOV	CIVIL SERVANT						GOV			1	040	040	04	1	1.0	5	1	5	-4.82315112540193	0								4	Paris, France (general), France	FR	FR00	16282	48.8667	2.33333	-1456928	4	Paris, France (general), France	FR	FR00	16282	48.8667	2.33333	-1456928	20251006011500	https://www.yahoo.com/news/articles/gis-le-pelicot-faces-one-230711109.html
1266964993	20251006	202510	2025	2025.7562											GOV	GOVERNMENT						GOV			0	043	043	04	1	2.8	10	1	10	-5.05494505494505	0								4	Quito, Pichincha, Ecuador	EC	EC18	18585	-0.216667	-78.5	-932573	4	Quito, Pichincha, Ecuador	EC	EC18	18585	-0.216667	-78.5	-932573	20251006011500	https://www.wellandtribune.ca/news/world/americas/protesters-rally-for-and-against-ecuadors-president-as-emergency-takes-effect-in-10-provinces/article_dca08afd-79c9-50b0-87c5-5ff3e94d2943.html
1266964994	20251006	202510	2025	2025.7562											GOV	GOVERNMENT						GOV			0	043	043	04	1	2.8	10	1	10	-7.79220779220775	0								1	Ecuador	EC	EC		-2	-77.5	EC	1	Ecuador	EC	EC		-2	-77.5	EC	20251006011500	https://indianexpress.com/article/world/protesters-rally-for-and-against-ecuador-president-emergency-in-10-provinces-10290047/
1266964995	20251006	202510	2025	2025.7562											GOV	GOVERNMENT						GOV			1	052	052	05	1	3.5	6	1	6	-2.2847100175747	0								2	Nebraska, United States	US	USNE		41.1289	-98.2883	NE	2	Nebraska, United States	US	USNE		41.1289	-98.2883	NE	20251006011500	https://journalstar.com/news/state-regional/government-politics/article_71f11127-da1a-4c22-9324-bd6c61e00dff.html
1266964996	20251006	202510	2025	2025.7562											GOV	PREMIER						GOV			0	100	100	10	3	-5.0	10	1	10	-1.19617224880383	0								3	Houston, Texas, United States	US	USTX	TX201	29.7633	-95.3633	1380948	3	Houston, Texas, United States	US	USTX	TX201	29.7633	-95.3633	1380948	20251006011500	https://www.wellandtribune.ca/news/canada/dismissing-our-dismissing-our-mi-kmaw-voices-passage-of-bill-angers-nova-scotia-mi-kmaw/article_454cc6e8-d82a-50a0-8cec-45e2e494884f.html
1266964997	20251006	202510	2025	2025.7562											GOV	PRESIDENT						GOV			1	141	141	14	3	-6.5	6	1	6	-5.91397849462366	0								2	Tennessee, United States	US	USTN		35.7449	-86.7489	TN	2	Tennessee, United States	US	USTN		35.7449	-86.7489	TN	20251006011500	http://www.eastcountymagazine.org/comment/51376
1266964998	20251006	202510	2025	2025.7562											GOV	GOVERNMENT OFFICIAL						GOV			1	173	173	17	4	-5.0	5	1	5	-7.66129032258065	0								4	Kolhapur, Maharashtra, India	IN	IN16	17769	16.7	74.2167	-2101279	4	Kolhapur, Maharashtra, India	IN	IN16	17769	16.7	74.2167	-2101279	20251006011500	https://www.hindustantimes.com/india-news/exconstable-held-for-posing-as-lokayukta-dsp-duping-officials-101759691062920.html
1266964999	20251006	202510	2025	2025.7562											HLH	DOCTOR						HLH			1	046	046	04	1	7.0	3	1	3	-1.03626943005181	0								1	Fiji	FJ	FJ		-18	178	FJ	1	Fiji	FJ	FJ		-18	178	FJ	20251006011500	https://www.fijivillage.com/news/Environment-Council-reunites-after-nearly-5-years-to-strengthen-environmental-governance-58rf4x/
1266965000	20251006	202510	2025	2025.7562											HLH	HOSPITAL						HLH			1	130	130	13	3	-4.4	10	1	10	-6.6768994627782	0								4	Kolkata, West Bengal, India	IN	IN28	70294	22.5697	88.3697	-2092511	4	Kolkata, West Bengal, India	IN	IN28	70294	22.5697	88.3697	-2092511	20251006011500	https://www.hindustantimes.com/india-news/darjeeling-deluge-kills-18-after-landslides-sweep-through-hills-101759690281489.html
1266965001	20251006	202510	2025	2025.7562											IND	DELHI	IND								1	042	042	04	1	1.9	3	1	3	-4.51612903225806	0								4	Delhi, Delhi, India	IN	IN07	17911	28.6667	77.2167	-2094230	4	Delhi, Delhi, India	IN	IN07	17911	28.6667	77.2167	-2094230	20251006011500	https://indianexpress.com/article/cities/delhi/delhi-self-styled-godman-kills-wife-over-suspected-affair-9-years-after-she-threw-him-out-of-home-10289867/
1266965002	20251006	202510	2025	2025.7562											IND	HARYANA	IND								1	173	173	17	4	-5.0	6	1	6	-11.5	0								4	Haryana, Haryana, India	IN	IN10	17660	29.6161	76.9806	6210381	4	Haryana, Haryana, India	IN	IN10	17660	29.6161	76.9806	6210381	20251006011500	https://indianexpress.com/article/cities/delhi/delhi-man-arrested-for-running-sextortion-racket-by-posing-as-cyber-police-officer-10289909/
1266965003	20251006	202510	2025	2025.7562											IND	DELHI	IND								1	1823	182	18	4	-10.0	1	1	1	-4.51612903225806	0								4	Delhi, Delhi, India	IN	IN07	17911	28.6667	77.2167	-2094230	4	Delhi, Delhi, India	IN	IN07	17911	28.6667	77.2167	-2094230	20251006011500	https://indianexpress.com/article/cities/delhi/delhi-self-styled-godman-kills-wife-over-suspected-affair-9-years-after-she-threw-him-out-of-home-10289867/
1266965004	20251006	202510	2025	2025.7562											ISR	ISRAEL	ISR								1	020	020	02	1	3.0	2	1	2	-0.51282051282052	0								4	Gaza, Israel (general), Israel	IS	IS00	18315	31.4167	34.3333	-797156	4	Otranto, Puglia, Italy	IT	IT13	18384	40.15	18.5	-123592	20251006011500	https://www.thestar.com.my/news/nation/2025/10/06/afraid-but-prepared-to-tell-gazas-story-from-the-ground
1266965005	20251006	202510	2025	2025.7562											JPN	JAPAN	JPN								0	040	040	04	1	1.0	10	1	10	3.29029571012078	0								4	Tokyo, Tokyo, Japan	JA	JA40	36340	35.685	139.751	-246227	4	Tokyo, Tokyo, Japan	JA	JA40	36340	35.685	139.751	-246227	20251006011500	https://www.theworldfolio.com/interviews/pouring-little-wa-into-every-glass/7072/
1266965006	20251006	202510	2025	2025.7562											JPN	JAPAN	JPN								1	045	045	04	1	5.0	2	1	2	0.5952380952381	0								1	Japan	JA	JA		36	138	JA	4	Seoul, Soul-t'ukpyolsi, South Korea	KS	KS11	24984	37.5664	127	-716583	20251006011500	https://www.japantimes.co.jp/community/2025/10/06/issues/japan-korea-student-conference/
1266965007	20251006	202510	2025	2025.7562											JPN	JAPANESE	JPN								1	046	046	04	1	7.0	3	1	3	0.5952380952381	0								1	Japan	JA	JA		36	138	JA	1	Japan	JA	JA		36	138	JA	20251006011500	https://www.japantimes.co.jp/community/2025/10/06/issues/japan-korea-student-conference/
1266965008	20251006	202510	2025	2025.7562											JUD	JUDGE						JUD			0	040	040	04	1	1.0	10	1	10	-13.7777777777778	0								3	Miami, Florida, United States	US	USFL	FL086	25.7743	-80.1937	295004	3	Miami, Florida, United States	US	USFL	FL086	25.7743	-80.1937	295004	20251006011500	https://themusic.com.au/news/sean-diddy-combs-sentenced-to-four-years-in-prison/Y-3Zd3Z5eHs/06-10-25
1266965009	20251006	202510	2025	2025.7562											JUD	JUDGE						JUD			0	081	081	08	2	5.0	3	1	3	-5.91397849462366	0								1	El Salvador	ES	ES		13.833333	-88.916667	ES	1	El Salvador	ES	ES		13.833333	-88.916667	ES	20251006011500	http://www.eastcountymagazine.org/comment/51376
1266965010	20251006	202510	2025	2025.7562											JUD	JUDGE						JUD			0	112	112	11	3	-2.0	5	1	5	-5.91397849462366	0								1	El Salvador	ES	ES		13.833333	-88.916667	ES	1	El Salvador	ES	ES		13.833333	-88.916667	ES	20251006011500	http://www.eastcountymagazine.org/comment/51376
1266965011	20251006	202510	2025	2025.7562											LEG	CONGRESSMAN						LEG			0	020	020	02	1	3.0	3	1	3	-0.08643042350907	0								4	Cagayan, Cebu, Philippines	RP	RP21	24253	9.7064	123.4	-2418282	4	Cagayan, Cebu, Philippines	RP	RP21	24253	9.7064	123.4	-2418282	20251006011500	https://www.rappler.com/newsbreak/in-depth/jojo-lara-family-firm-bags-billions-dpwh-deals-cagayan-since-2020/
1266965012	20251006	202510	2025	2025.7562											LEG	CONGRESS						LEG			0	040	040	04	1	1.0	10	1	10	-1.28205128205128	0								4	Mysuru, Karnataka, India	IN	IN19	17692	12.3072	76.6497	-2105255	4	Mysuru, Karnataka, India	IN	IN19	17692	12.3072	76.6497	-2105255	20251006011500	https://www.hindustantimes.com/india-news/enumerators-told-not-to-ask-personal-queries-dks-101759690705054.html
1266965013	20251006	202510	2025	2025.7562											MDV	MALE	MDV								1	190	190	19	4	-10.0	10	1	10	-7.09677419354839	0								3	Linn County, Iowa, United States	US	USIA		42.0667	-91.6002	465245	3	Linn County, Iowa, United States	US	USIA		42.0667	-91.6002	465245	20251006011500	https://www.yahoo.com/news/articles/one-killed-several-injured-during-215404947.html
1266965014	20251006	202510	2025	2025.7562											MED	JOURNALIST						MED			0	190	190	19	4	-10.0	8	1	8	-5.91397849462366	0								1	El Salvador	ES	ES		13.833333	-88.916667	ES	1	El Salvador	ES	ES		13.833333	-88.916667	ES	20251006011500	http://www.eastcountymagazine.org/comment/51376
1266965015	20251006	202510	2025	2025.7562											MIL	MARINES						MIL			0	040	040	04	1	1.0	3	1	3	-6.49350649350649	0								4	Caracas, Distrito Federal, Venezuela	VE	VE25	31959	10.5	-66.9167	-938457	4	Caracas, Distrito Federal, Venezuela	VE	VE25	31959	10.5	-66.9167	-938457	20251006011500	https://kism.com/news/030030-hegseth-announces-latest-strike-on-boat-near-venezuela-he-says-was-trafficking-drugs/
1266965016	20251006	202510	2025	2025.7562											MIL	MARINES						MIL			0	040	040	04	1	1.0	2	1	2	-6.49350649350649	0								4	Caracas, Distrito Federal, Venezuela	VE	VE25	31959	10.5	-66.9167	-938457	3	Washington, District of Columbia, United States	US	USDC	DC001	38.8951	-77.0364	531871	20251006011500	https://kism.com/news/030030-hegseth-announces-latest-strike-on-boat-near-venezuela-he-says-was-trafficking-drugs/
1266965017	20251006	202510	2025	2025.7562											MIL	MILITARY PERSONNEL						MIL			0	0841	084	08	2	7.0	5	1	5	-5.05494505494505	0								4	Quito, Pichincha, Ecuador	EC	EC18	18585	-0.216667	-78.5	-932573	4	Quito, Pichincha, Ecuador	EC	EC18	18585	-0.216667	-78.5	-932573	20251006011500	https://www.wellandtribune.ca/news/world/americas/protesters-rally-for-and-against-ecuadors-president-as-emergency-takes-effect-in-10-provinces/article_dca08afd-79c9-50b0-87c5-5ff3e94d2943.html
1266965018	20251006	202510	2025	2025.7562											MIL	MILITARY PERSONNEL						MIL			1	0841	084	08	2	7.0	5	1	5	-7.79220779220775	0								1	Ecuador	EC	EC		-2	-77.5	EC	1	Ecuador	EC	EC		-2	-77.5	EC	20251006011500	https://indianexpress.com/article/world/protesters-rally-for-and-against-ecuador-president-emergency-in-10-provinces-10290047/
1266965019	20251006	202510	2025	2025.7562											MYS	MALAYSIA	MYS								1	042	042	04	1	1.9	10	1	10	4.37158469945356	0								4	Kuala Lumpur, Kuala Lumpur, Malaysia	MY	MY14	18585	3.16667	101.7	-2403010	4	Kuala Lumpur, Kuala Lumpur, Malaysia	MY	MY14	18585	3.16667	101.7	-2403010	20251006011500	https://www.thestar.com.my/news/nation/2025/10/06/pakistan-pms-visit-to-malaysia-reflects-strong-bilateral-ties-says-anwar
1266965020	20251006	202510	2025	2025.7562											MYS	MALAYSIA	MYS								1	057	057	05	1	8.0	4	1	4	0.96153846153846	0								4	Bintulu, Sarawak, Malaysia	MY	MY11	18585	3.16667	113.033	-2400610	4	Bintulu, Sarawak, Malaysia	MY	MY11	18585	3.16667	113.033	-2400610	20251006011500	https://www.thestar.com.my/business/business-news/2025/10/06/trading-ideas-ihh-maxis-malakoff-nexg-sapura-industria-mbsb-g-capital-plytec-solarvest-knm-ytl-sc-estate-builder-perak-transit-ctos
1266965021	20251006	202510	2025	2025.7562											MYS	MALAYSIA	MYS								1	057	057	05	1	8.0	4	1	4	0.96153846153846	0								4	Bintulu, Sarawak, Malaysia	MY	MY11	18585	3.16667	113.033	-2400610	4	Bristol, Bristol, City of, United Kingdom	UK	UKB7	40094	51.45	-2.58333	-2590919	20251006011500	https://www.thestar.com.my/business/business-news/2025/10/06/trading-ideas-ihh-maxis-malakoff-nexg-sapura-industria-mbsb-g-capital-plytec-solarvest-knm-ytl-sc-estate-builder-perak-transit-ctos
1266965022	20251006	202510	2025	2025.7562											MYS	SARAWAK	MYS								1	057	057	05	1	8.0	2	1	2	0.96153846153846	0								4	Ipoh, Perak, Malaysia	MY	MY07	18585	4.5841	101.083	-2403538	4	Bristol, Bristol, City of, United Kingdom	UK	UKB7	40094	51.45	-2.58333	-2590919	20251006011500	https://www.thestar.com.my/business/business-news/2025/10/06/trading-ideas-ihh-maxis-malakoff-nexg-sapura-industria-mbsb-g-capital-plytec-solarvest-knm-ytl-sc-estate-builder-perak-transit-ctos
1266965023	20251006	202510	2025	2025.7562											MYS	MALAYSIA	MYS								1	057	057	05	1	8.0	4	1	4	0.96153846153846	0								4	Bristol, Bristol, City of, United Kingdom	UK	UKB7	40094	51.45	-2.58333	-2590919	4	Bristol, Bristol, City of, United Kingdom	UK	UKB7	40094	51.45	-2.58333	-2590919	20251006011500	https://www.thestar.com.my/business/business-news/2025/10/06/trading-ideas-ihh-maxis-malakoff-nexg-sapura-industria-mbsb-g-capital-plytec-solarvest-knm-ytl-sc-estate-builder-perak-transit-ctos
1266965024	20251006	202510	2025	2025.7562											OPP	PRISONER						OPP			1	031	031	03	1	5.2	8	1	8	-9.79228486646884	0								4	Ghaziabad, Uttar Pradesh, India	IN	IN36	70265	28.6667	77.4333	-2096227	4	Ghaziabad, Uttar Pradesh, India	IN	IN36	70265	28.6667	77.4333	-2096227	20251006011500	https://indianexpress.com/article/cities/delhi/two-ghaziabad-cops-arrested-for-trying-to-help-prisoners-escape-10289894/
1266965025	20251006	202510	2025	2025.7562											PAK	PAKISTAN	PAK								1	042	042	04	1	1.9	2	1	2	4.37158469945356	0								1	Pakistan	PK	PK		30	70	PK	4	Kuala Lumpur, Kuala Lumpur, Malaysia	MY	MY14	18585	3.16667	101.7	-2403010	20251006011500	https://www.thestar.com.my/news/nation/2025/10/06/pakistan-pms-visit-to-malaysia-reflects-strong-bilateral-ties-says-anwar
1266965026	20251006	202510	2025	2025.7562											PAK	PAKISTAN	PAK								1	042	042	04	1	1.9	8	1	8	4.37158469945356	0								1	Pakistan	PK	PK		30	70	PK	1	Pakistan	PK	PK		30	70	PK	20251006011500	https://www.thestar.com.my/news/nation/2025/10/06/pakistan-pms-visit-to-malaysia-reflects-strong-bilateral-ties-says-anwar
1266965027	20251006	202510	2025	2025.7562											PSE	GAZA	PSE								1	020	020	02	1	3.0	1	1	1	-0.51282051282052	0								4	Gaza, Israel (general), Israel	IS	IS00	18315	31.4167	34.3333	-797156	4	Otranto, Puglia, Italy	IT	IT13	18384	40.15	18.5	-123592	20251006011500	https://www.thestar.com.my/news/nation/2025/10/06/afraid-but-prepared-to-tell-gazas-story-from-the-ground
1266965028	20251006	202510	2025	2025.7562											PSE	PALESTINIAN	PSE								0	181	181	18	4	-9.0	2	1	2	-8.65671641791048	0								4	Gaza, Israel (general), Israel	IS	IS00	18315	31.4167	34.3333	-797156	4	Gaza, Israel (general), Israel	IS	IS00	18315	31.4167	34.3333	-797156	20251006011500	https://www.santafenewmexican.com/ap/international/uk-says-it-will-restrict-repeated-protests-after-500-arrests-at-pro-palestinian-vigil/article_7c919bf4-7a33-5853-8c8f-b8f37f17bef8.html
1266965029	20251006	202510	2025	2025.7562											RUS	RUSSIA	RUS								0	111	111	11	3	-2.0	2	1	2	-7.32519422863485	0								4	Sochi, Krasnodarskiy Kray, Russia	RS	RS38	25065	43.5992	39.7257	-3006514	4	Sochi, Krasnodarskiy Kray, Russia	RS	RS38	25065	43.5992	39.7257	-3006514	20251006011500	https://www.santafenewmexican.com/ap/national/at-least-5-people-are-killed-in-a-large-scale-russian-attack-on-ukraine/article_0016a0c2-181c-5fb7-a0f3-24bcfcae028c.html
1266965030	20251006	202510	2025	2025.7562											SLV	EL SALVADOR	SLV								0	042	042	04	1	1.9	3	1	3	-5.91397849462366	0								1	El Salvador	ES	ES		13.833333	-88.916667	ES	1	El Salvador	ES	ES		13.833333	-88.916667	ES	20251006011500	http://www.eastcountymagazine.org/comment/51376
1266965031	20251006	202510	2025	2025.7562											UAF	TERRORIST						UAF			0	173	173	17	4	-5.0	24	4	24	-5.89975394038017	0								4	Sydney, New South Wales, Australia	AS	AS02	154637	-33.8833	151.217	-1603135	4	Sydney, New South Wales, Australia	AS	AS02	154637	-33.8833	151.217	-1603135	20251006011500	https://www.camdencourier.com.au/story/9081720/terrifying-up-to-100-shots-fired-on-suburban-street/
1266965032	20251006	202510	2025	2025.7562											UGA	UGANDA	UGA								0	043	043	04	1	2.8	2	1	2	9.87394957983191	0								4	Oromo, Oyam, Uganda	UG	UGE2	18585	2.4431	32.4473	11397550	4	Oromo, Oyam, Uganda	UG	UGE2	18585	2.4431	32.4473	11397550	20251006011500	https://www.tanzanianewsreports.com/foreign-tourists-impressed-by-irreechaa-festival-2/
1266965033	20251006	202510	2025	2025.7562											UKR	KYIV	UKR								0	130	130	13	3	-4.4	8	1	8	-7.32519422863485	0								4	Kyiv, Kyyiv, Misto, Ukraine	UP	UP12	28554	50.4333	30.5167	-1044367	4	Kyiv, Kyyiv, Misto, Ukraine	UP	UP12	28554	50.4333	30.5167	-1044367	20251006011500	https://www.santafenewmexican.com/ap/national/at-least-5-people-are-killed-in-a-large-scale-russian-attack-on-ukraine/article_0016a0c2-181c-5fb7-a0f3-24bcfcae028c.html
1266965034	20251006	202510	2025	2025.7562											UKR	KYIV	UKR								0	130	130	13	3	-4.4	2	1	2	-7.32519422863485	0								4	Moscow, Moskva, Russia	RS	RS48	25106	55.7522	37.6156	-2960561	4	Shostka, Sums'ka Oblast', Ukraine	UP	UP21	25037	51.863	33.4698	-1053904	20251006011500	https://www.santafenewmexican.com/ap/national/at-least-5-people-are-killed-in-a-large-scale-russian-attack-on-ukraine/article_0016a0c2-181c-5fb7-a0f3-24bcfcae028c.html
1266965035	20251006	202510	2025	2025.7562											USA	UNITED STATES	USA								1	010	010	01	1	0.0	2	1	2	-2.75862068965518	0								2	Arizona, United States	US	USAZ		33.7712	-111.388	AZ	2	Arizona, United States	US	USAZ		33.7712	-111.388	AZ	20251006011500	https://ktar.com/arizona-news/biggest-stories-oct-3-5/5758198/
1266965036	20251006	202510	2025	2025.7562											USA	UNITED STATES	USA								0	014	014	01	1	0.0	2	1	2	1.80012414649286	0								3	Riverton, Wyoming, United States	US	USWY	WY013	43.025	-108.38	1593489	3	Riverton, Wyoming, United States	US	USWY	WY013	43.025	-108.38	1593489	20251006011500	https://cowboystatedaily.com/2025/10/05/wyoming-transplants-gallop-into-cowboy-life-learning-how-to-ride-and-raise-horses/
1266965037	20251006	202510	2025	2025.7562											USA	UNITED STATES	USA								0	014	014	01	1	0.0	2	1	2	1.80012414649286	0								2	Wyoming, United States	US	USWY		42.7475	-107.209	WY	2	Wyoming, United States	US	USWY		42.7475	-107.209	WY	20251006011500	https://cowboystatedaily.com/2025/10/05/wyoming-transplants-gallop-into-cowboy-life-learning-how-to-ride-and-raise-horses/
1266965038	20251006	202510	2025	2025.7562											USA	UNITED STATES	USA								1	020	020	02	1	3.0	2	1	2	-2.75862068965518	0								2	Arizona, United States	US	USAZ		33.7712	-111.388	AZ	2	Arizona, United States	US	USAZ		33.7712	-111.388	AZ	20251006011500	https://ktar.com/arizona-news/biggest-stories-oct-3-5/5758198/
1266965039	20251006	202510	2025	2025.7562											USA	UNITED STATES	USA								1	031	031	03	1	5.2	4	1	4	0.35714285714286	0								2	Alabama, United States	US	USAL		32.799	-86.8073	AL	2	Alabama, United States	US	USAL		32.799	-86.8073	AL	20251006011500	https://www.wdam.com/2025/10/03/alabama-law-raising-medical-consent-age-goes-into-effect/
1266965040	20251006	202510	2025	2025.7562											USA	HOUSTON	USA								0	036	036	03	1	4.0	5	1	5	-1.19617224880383	0								3	Houston, Texas, United States	US	USTX	TX201	29.7633	-95.3633	1380948	3	Houston, Texas, United States	US	USTX	TX201	29.7633	-95.3633	1380948	20251006011500	https://www.wellandtribune.ca/news/canada/dismissing-our-dismissing-our-mi-kmaw-voices-passage-of-bill-angers-nova-scotia-mi-kmaw/article_454cc6e8-d82a-50a0-8cec-45e2e494884f.html
1266965041	20251006	202510	2025	2025.7562											USA	HOUSTON	USA								0	040	040	04	1	1.0	7	1	7	-1.19617224880383	0								3	Houston, Texas, United States	US	USTX	TX201	29.7633	-95.3633	1380948	3	Houston, Texas, United States	US	USTX	TX201	29.7633	-95.3633	1380948	20251006011500	https://www.wellandtribune.ca/news/canada/dismissing-our-dismissing-our-mi-kmaw-voices-passage-of-bill-angers-nova-scotia-mi-kmaw/article_454cc6e8-d82a-50a0-8cec-45e2e494884f.html
1266965042	20251006	202510	2025	2025.7562											USA	MILWAUKEE	USA								1	042	042	04	1	1.9	2	1	2	-1.80995475113122	0								3	Faith Church, Wisconsin, United States	US	USWI		44.7663	-91.6913	1564830	3	Milwaukee, Wisconsin, United States	US	USWI	WI079	43.0389	-87.9065	1577901	20251006011500	https://metalinsider.net/columns/halloween-countdown/metal-insiders-halloween-2025-countdown-31-haunted-venues-day-03-04-05-bolkow-castle-roseland-theater-the-rave
1266965043	20251006	202510	2025	2025.7562											USA	MILWAUKEE	USA								0	042	042	04	1	1.9	10	1	10	-1.80995475113122	0								3	Milwaukee, Wisconsin, United States	US	USWI	WI079	43.0389	-87.9065	1577901	3	Milwaukee, Wisconsin, United States	US	USWI	WI079	43.0389	-87.9065	1577901	20251006011500	https://metalinsider.net/columns/halloween-countdown/metal-insiders-halloween-2025-countdown-31-haunted-venues-day-03-04-05-bolkow-castle-roseland-theater-the-rave
1266965044	20251006	202510	2025	2025.7562											USA	MILWAUKEE	USA								1	042	042	04	1	1.9	8	1	8	-1.80995475113122	0								3	Milwaukee, Wisconsin, United States	US	USWI	WI079	43.0389	-87.9065	1577901	2	Wisconsin, United States	US	USWI		44.2563	-89.6385	WI	20251006011500	https://metalinsider.net/columns/halloween-countdown/metal-insiders-halloween-2025-countdown-31-haunted-venues-day-03-04-05-bolkow-castle-roseland-theater-the-rave
1266965045	20251006	202510	2025	2025.7562											USA	NASHVILLE	USA								1	042	042	04	1	1.9	5	1	5	0.8130081300813	0								3	Nashville, Tennessee, United States	US	USTN	TN037	36.1659	-86.7844	1652484	3	Nashville, Tennessee, United States	US	USTN	TN037	36.1659	-86.7844	1652484	20251006011500	https://www.seattletimes.com/nation-world/skydiving-instructor-dies-after-being-separated-from-student-officials-say/
1266965046	20251006	202510	2025	2025.7562											USA	MISSISSIPPI RIVER	USA								0	042	042	04	1	1.9	7	1	7	4.22721268163804	0								2	Mississippi, United States	US	USMS		32.7673	-89.6812	MS	2	Mississippi, United States	US	USMS		32.7673	-89.6812	MS	20251006011500	https://www.yahoo.com/lifestyle/articles/arkansas-sweet-city-brims-southern-001500519.html
1266965047	20251006	202510	2025	2025.7562											USA	UNITED STATES	USA								0	042	042	04	1	1.9	4	1	4	1.80012414649286	0								2	Wyoming, United States	US	USWY		42.7475	-107.209	WY	2	Wyoming, United States	US	USWY		42.7475	-107.209	WY	20251006011500	https://cowboystatedaily.com/2025/10/05/wyoming-transplants-gallop-into-cowboy-life-learning-how-to-ride-and-raise-horses/
1266965048	20251006	202510	2025	2025.7562											USA	UNITED STATES	USA								0	043	043	04	1	2.8	2	1	2	0	0								3	Berkeley, California, United States	US	USCA	CA001	37.8716	-122.273	1658037	3	Berkeley, California, United States	US	USCA	CA001	37.8716	-122.273	1658037	20251006011500	https://www.thetruthaboutcars.com/2008/03/2008-toyota-sienna-le-review/
1266965049	20251006	202510	2025	2025.7562											USA	UNITED STATES	USA								1	046	046	04	1	7.0	2	1	2	-0.54644808743169	0								2	California, United States	US	USCA		36.17	-119.746	CA	2	California, United States	US	USCA		36.17	-119.746	CA	20251006011500	https://www.ocregister.com/2025/10/05/stark-contrast-joins-journalism-on-michael-mccarthys-breeders-cup-team/
1266965050	20251006	202510	2025	2025.7562											USA	UNITED STATES	USA								1	046	046	04	1	7.0	2	1	2	-0.54644808743169	0								1	Italy	IT	IT		42.833333	12.833333	IT	2	California, United States	US	USCA		36.17	-119.746	CA	20251006011500	https://www.ocregister.com/2025/10/05/stark-contrast-joins-journalism-on-michael-mccarthys-breeders-cup-team/
1266965051	20251006	202510	2025	2025.7562											USA	UNITED STATES	USA								1	051	051	05	1	3.4	6	1	6	4.10094637223974	0								1	Cayman Islands	CJ	CJ		19.5	-80.666667	CJ	1	Cayman Islands	CJ	CJ		19.5	-80.666667	CJ	20251006011500	https://finance.yahoo.com/news/nubank-seeks-us-national-bank-205443612.html
1266965052	20251006	202510	2025	2025.7562											USA	NASHVILLE	USA								1	060	060	06	2	6.0	5	1	5	0.8130081300813	0								3	Nashville, Tennessee, United States	US	USTN	TN037	36.1659	-86.7844	1652484	3	Nashville, Tennessee, United States	US	USTN	TN037	36.1659	-86.7844	1652484	20251006011500	https://www.seattletimes.com/nation-world/skydiving-instructor-dies-after-being-separated-from-student-officials-say/
1266965053	20251006	202510	2025	2025.7562											USA	UNITED STATES	USA								1	073	073	07	2	7.4	4	1	4	0.35714285714286	0								2	Alabama, United States	US	USAL		32.799	-86.8073	AL	2	Alabama, United States	US	USAL		32.799	-86.8073	AL	20251006011500	https://www.wdam.com/2025/10/03/alabama-law-raising-medical-consent-age-goes-into-effect/
1266965054	20251006	202510	2025	2025.7562											USA	AUSTIN	USA								1	110	110	11	3	-2.0	6	1	6	-1.5267175572519	0								1	United States	US	US		39.828175	-98.5795	US	1	United States	US	US		39.828175	-98.5795	US	20251006011500	https://www.statesman.com/news/article/motel-9-i-35-fire-21085738.php
1266965055	20251006	202510	2025	2025.7562											USA	UNITED STATES	USA								1	112	112	11	3	-2.0	4	1	4	-3.55555555555555	0								3	Los Angeles, California, United States	US	USCA		34.0522	-118.244	1662328	3	Los Angeles, California, United States	US	USCA		34.0522	-118.244	1662328	20251006011500	https://riggosrag.com/5-major-observations-from-jayden-daniels-performance-against-chargers-week-5
1266965056	20251006	202510	2025	2025.7562											USA	UNITED STATES	USA								1	130	130	13	3	-4.4	6	1	6	-1.1605415860735	0								3	Lubbock, Texas, United States	US	USTX	TX303	33.5779	-101.855	1374760	3	Lubbock, Texas, United States	US	USTX	TX303	33.5779	-101.855	1374760	20251006011500	https://awesome98.com/ixp/157/p/lubbock-home-buying-tips/
1266965057	20251006	202510	2025	2025.7562											USA	CALIFORNIA	USA								1	190	190	19	4	-10.0	10	1	10	-2.75862068965518	0								3	Mount Ord, Arizona, United States	US	USAZ		33.9048	-111.409	32549	3	Mount Ord, Arizona, United States	US	USAZ		33.9048	-111.409	32549	20251006011500	https://ktar.com/arizona-news/biggest-stories-oct-3-5/5758198/
1266965058	20251006	202510	2025	2025.7562											USA	UNITED STATES	USA								1	190	190	19	4	-10.0	2	1	2	-9.36454849498328	0								2	Louisiana, United States	US	USLA		31.1801	-91.8749	LA	2	Louisiana, United States	US	USLA		31.1801	-91.8749	LA	20251006011500	https://www.wdam.com/2025/10/04/covington-woman-booked-with-vehicular-homicide-september-crash-that-killed-child/
1266965059	20251006	202510	2025	2025.7562											USAMED	THE ASSOCIATED PRESS	USA					MED			0	020	020	02	1	3.0	3	1	3	-6.49350649350649	0								4	Caracas, Distrito Federal, Venezuela	VE	VE25	31959	10.5	-66.9167	-938457	4	Caracas, Distrito Federal, Venezuela	VE	VE25	31959	10.5	-66.9167	-938457	20251006011500	https://kism.com/news/030030-hegseth-announces-latest-strike-on-boat-near-venezuela-he-says-was-trafficking-drugs/
1266965060	20251006	202510	2025	2025.7562											WSMGOV	SAMOA	WSM					GOV			0	051	051	05	1	3.4	5	1	5	-1.86170212765958	0								4	Upolu, Samoa (general), Samoa	WS	WS00	25301	-13.9167	-171.75	-1307622	4	Upolu, Samoa (general), Samoa	WS	WS00	25301	-13.9167	-171.75	-1307622	20251006011500	https://www.odt.co.nz/news/national/nz-pays-samoa-6m-over-grounding-navy-ship
1266965061	20251006	202510	2025	2025.7562	AFR	AFRICA	AFR								OPP	OBJECTOR						OPP			1	043	043	04	1	2.8	4	1	4	-2.57801899592944	1	South Africa	SF	SF		-30	26	SF	1	South Africa	SF	SF		-30	26	SF	1	South Africa	SF	SF		-30	26	SF	20251006011500	https://umsu.unimelb.edu.au/support/advocacy/safestudentactivism/
1266965062	20251006	202510	2025	2025.7562	AGR	FARMER						AGR													0	012	012	01	1	-0.4	4	1	2	-2.20162224797219	1	United States	US	US		39.828175	-98.5795	US	0								1	United States	US	US		39.828175	-98.5795	US	20251006011500	https://www.smh.com.au/business/the-economy/trump-s-15-billion-band-aid-for-the-problem-he-created-20251006-p5n0ao.html
1266965063	20251006	202510	2025	2025.7562	AGR	FARMER						AGR													1	073	073	07	2	7.4	5	1	5	-2.20162224797219	1	United States	US	US		39.828175	-98.5795	US	0								1	United States	US	US		39.828175	-98.5795	US	20251006011500	https://www.smh.com.au/business/the-economy/trump-s-15-billion-band-aid-for-the-problem-he-created-20251006-p5n0ao.html
1266965064	20251006	202510	2025	2025.7562	AGR	FARMER						AGR													0	0833	083	08	2	5.0	5	1	5	-3.74037403740374	2	Virginia, United States	US	USVA		37.768	-78.2057	VA	0								2	Virginia, United States	US	USVA		37.768	-78.2057	VA	20251006011500	https://crooksandliars.com/2025/10/rick-wilson-democrats-should-want-teach
1266965065	20251006	202510	2025	2025.7562	AUS	AUSTRALIA	AUS																		1	010	010	01	1	0.0	6	2	6	3.40034091577029	4	Melbourne, Victoria, Australia	AS	AS07	5430	-37.8167	144.967	-1586844	0								4	Melbourne, Victoria, Australia	AS	AS07	5430	-37.8167	144.967	-1586844	20251006011500	https://insideretail.asia/2025/10/06/camilla-franks-on-creating-a-dialogue-through-the-language-of-fashion/
1266965066	20251006	202510	2025	2025.7562	AUS	AUSTRALIA	AUS																		1	061	061	06	2	6.4	10	1	10	3.83693045563549	4	Bathurst, Banjul, Gambia	GA	GA01	16405	13.4531	-16.5775	-1199434	0								4	Bathurst, Banjul, Gambia	GA	GA01	16405	13.4531	-16.5775	-1199434	20251006011500	https://www.westernadvocate.com.au/story/9080505/bathurst-styling-gurus-open-duo-studio-lifestyle-and-home-store/
1266965067	20251006	202510	2025	2025.7562	AUS	CANBERRA	AUS								AUSCOP	AUSTRALIA	AUS					COP			1	023	023	02	1	3.4	3	1	3	-2.4	4	Canberra, Australian Capital Territory, Australia	AS	AS01	4940	-35.2833	149.217	-1563952	4	Canberra, Australian Capital Territory, Australia	AS	AS01	4940	-35.2833	149.217	-1563952	4	Canberra, Australian Capital Territory, Australia	AS	AS01	4940	-35.2833	149.217	-1563952	20251006011500	https://www.canberratimes.com.au/story/9081878/canberra-police-seek-help-to-find-missing-pradip-itani/
1266965068	20251006	202510	2025	2025.7562	AUS	AUSTRALIA	AUS								UAF	TERRORIST						UAF			0	173	173	17	4	-5.0	16	4	16	-5.89975394038017	4	Sydney, New South Wales, Australia	AS	AS02	154637	-33.8833	151.217	-1603135	4	Sydney, New South Wales, Australia	AS	AS02	154637	-33.8833	151.217	-1603135	4	Sydney, New South Wales, Australia	AS	AS02	154637	-33.8833	151.217	-1603135	20251006011500	https://www.camdencourier.com.au/story/9081720/terrifying-up-to-100-shots-fired-on-suburban-street/
1266965069	20251006	202510	2025	2025.7562	AUSBUS	AUSTRALIA	AUS					BUS													1	020	020	02	1	3.0	20	5	20	0.320543666640168	1	Australia	AS	AS		-25	135	AS	0								1	Australia	AS	AS		-25	135	AS	20251006011500	https://www.yasstribune.com.au/story/9082015/mg-plotting-byd-shark-6-and-ford-ranger-phev-rival/
1266965070	20251006	202510	2025	2025.7562	AUSBUS	AUSTRALIA	AUS					BUS													1	020	020	02	1	3.0	30	5	30	0.320543666640168	1	United Kingdom	UK	UK		54	-4	UK	0								1	United Kingdom	UK	UK		54	-4	UK	20251006011500	https://www.yasstribune.com.au/story/9082015/mg-plotting-byd-shark-6-and-ford-ranger-phev-rival/
1266965071	20251006	202510	2025	2025.7562	AUSCOP	CANBERRA	AUS					COP			AUS	CANBERRA	AUS								1	023	023	02	1	3.4	6	1	6	-2.4	4	Canberra, Australian Capital Territory, Australia	AS	AS01	4940	-35.2833	149.217	-1563952	4	Canberra, Australian Capital Territory, Australia	AS	AS01	4940	-35.2833	149.217	-1563952	4	Canberra, Australian Capital Territory, Australia	AS	AS01	4940	-35.2833	149.217	-1563952	20251006011500	https://www.canberratimes.com.au/story/9081878/canberra-police-seek-help-to-find-missing-pradip-itani/
1266965072	20251006	202510	2025	2025.7562	AUSJUD	AUSTRALIA	AUS					JUD			GOVCVL	SOVEREIGN						GOV	CVL		1	170	170	17	4	-7.0	2	1	2	-4.24528301886792	4	Porepunkah, Victoria, Australia	AS	AS07	154644	-36.6961	146.91	-1595826	4	Porepunkah, Victoria, Australia	AS	AS07	154644	-36.6961	146.91	-1595826	4	Porepunkah, Victoria, Australia	AS	AS07	154644	-36.6961	146.91	-1595826	20251006011500	https://www.sconeadvocate.com.au/story/9081776/crackdown-on-sovereign-citizens-police-seize-135-guns-in-wa/
1266965073	20251006	202510	2025	2025.7562	BRA	BRAZIL	BRA								CHN	CHINA	CHN								1	061	061	06	2	6.4	5	1	5	-2.20162224797219	1	Brazil	BR	BR		-10	-55	BR	4	Beijing, Beijing, China	CH	CH22	13001	39.9289	116.388	-1898541	1	Brazil	BR	BR		-10	-55	BR	20251006011500	https://www.smh.com.au/business/the-economy/trump-s-15-billion-band-aid-for-the-problem-he-created-20251006-p5n0ao.html
1266965074	20251006	202510	2025	2025.7562	BRA	BRAZIL	BRA								CHN	CHINA	CHN								1	061	061	06	2	6.4	5	1	5	-2.20162224797219	1	United States	US	US		39.828175	-98.5795	US	1	United States	US	US		39.828175	-98.5795	US	1	United States	US	US		39.828175	-98.5795	US	20251006011500	https://www.smh.com.au/business/the-economy/trump-s-15-billion-band-aid-for-the-problem-he-created-20251006-p5n0ao.html
1266965075	20251006	202510	2025	2025.7562	BTNGOV	BHUTAN	BTN					GOV			BTNGOV	BHUTAN	BTN					GOV			0	018	018	01	1	3.4	2	1	2	-6.6768994627782	4	Sankosh River, Bhutan (general), Bhutan	BT	BT00	17952	26.3833	89.8	-2211370	4	Sankosh River, Bhutan (general), Bhutan	BT	BT00	17952	26.3833	89.8	-2211370	4	Sankosh River, Bhutan (general), Bhutan	BT	BT00	17952	26.3833	89.8	-2211370	20251006011500	https://www.hindustantimes.com/india-news/darjeeling-deluge-kills-18-after-landslides-sweep-through-hills-101759690281489.html
1266965076	20251006	202510	2025	2025.7562	BTNGOV	BHUTAN	BTN					GOV			LEGGOV	CONGRESS						LEG	GOV		0	018	018	01	1	3.4	2	1	2	-6.6768994627782	4	Sankosh River, Bhutan (general), Bhutan	BT	BT00	17952	26.3833	89.8	-2211370	4	Sankosh River, Bhutan (general), Bhutan	BT	BT00	17952	26.3833	89.8	-2211370	4	Sankosh River, Bhutan (general), Bhutan	BT	BT00	17952	26.3833	89.8	-2211370	20251006011500	https://www.hindustantimes.com/india-news/darjeeling-deluge-kills-18-after-landslides-sweep-through-hills-101759690281489.html
1266965077	20251006	202510	2025	2025.7562	BTNGOV	BHUTAN	BTN					GOV			MIL	ARMY						MIL			0	023	023	02	1	3.4	10	1	10	-6.6768994627782	4	Sankosh River, Bhutan (general), Bhutan	BT	BT00	17952	26.3833	89.8	-2211370	4	Sankosh River, Bhutan (general), Bhutan	BT	BT00	17952	26.3833	89.8	-2211370	4	Sankosh River, Bhutan (general), Bhutan	BT	BT00	17952	26.3833	89.8	-2211370	20251006011500	https://www.hindustantimes.com/india-news/darjeeling-deluge-kills-18-after-landslides-sweep-through-hills-101759690281489.html
1266965078	20251006	202510	2025	2025.7562	BUS	BUSINESS						BUS													1	020	020	02	1	3.0	10	1	10	6.56934306569343	0								0								0								20251006011500	https://moonfruit.com/planit
1266965079	20251006	202510	2025	2025.7562	BUS	INVESTOR						BUS													1	020	020	02	1	3.0	10	1	10	4.16666666666667	4	Los Gatos, Chihuahua, Mexico	MX	MX06	30484	31.7833	-108.483	-3852384	0								4	Los Gatos, Chihuahua, Mexico	MX	MX06	30484	31.7833	-108.483	-3852384	20251006011500	https://finance.yahoo.com/news/could-first-majestic-silvers-12-141000041.html
1266965080	20251006	202510	2025	2025.7562	BUS	BUSINESS						BUS													1	040	040	04	1	1.0	30	2	20	1.32105600298844	0								0								0								20251006011500	https://www.insurancebusinessmag.com/us/news/breaking-news/inside-private-equitys-dando-risk-why-offtheshelf-coverage-isnt-enough-551947.aspx
1266965081	20251006	202510	2025	2025.7562	BUS	COMPANY						BUS													0	040	040	04	1	1.0	25	5	25	0.320543666640168	1	Australia	AS	AS		-25	135	AS	0								1	Australia	AS	AS		-25	135	AS	20251006011500	https://www.yasstribune.com.au/story/9082015/mg-plotting-byd-shark-6-and-ford-ranger-phev-rival/
1266965082	20251006	202510	2025	2025.7562	BUS	BUSINESS						BUS													0	046	046	04	1	7.0	5	1	5	3.39721254355401	0								0								0								20251006011500	https://smallbiztrends.com/how-do-you-calculate-break-even-analysis/
1266965083	20251006	202510	2025	2025.7562	BUS	COMPANY						BUS													1	051	051	05	1	3.4	5	1	5	4.65686274509804	4	Tokyo, Tokyo, Japan	JA	JA40	36340	35.685	139.751	-246227	0								4	Tokyo, Tokyo, Japan	JA	JA40	36340	35.685	139.751	-246227	20251006011500	https://www.theworldfolio.com/news/tobu-hotels-connect-culture--stay/5263/
1266965084	20251006	202510	2025	2025.7562	BUS	COMPANY						BUS													0	070	070	07	2	7.0	10	1	10	7.07520891364902	1	United States	US	US		39.828175	-98.5795	US	0								1	United States	US	US		39.828175	-98.5795	US	20251006011500	https://smallbiztrends.com/what-is-on-boarding-for-a-job/
1266965085	20251006	202510	2025	2025.7562	BUS	CARMAKER						BUS													1	0833	083	08	2	5.0	10	1	10	0	3	Berkeley, California, United States	US	USCA	CA001	37.8716	-122.273	1658037	0								3	Berkeley, California, United States	US	USCA	CA001	37.8716	-122.273	1658037	20251006011500	https://www.thetruthaboutcars.com/2008/03/2008-toyota-sienna-le-review/
1266965086	20251006	202510	2025	2025.7562	BUS	COMPANY						BUS													1	0874	087	08	2	10.0	5	1	5	-0.452488687782806	1	Japan	JA	JA		36	138	JA	0								1	Japan	JA	JA		36	138	JA	20251006011500	https://tribecacitizen.com/2025/09/29/starbucks-on-west-street-has-closed-permanently/comment-page-1/
1266965087	20251006	202510	2025	2025.7562	BUS	BUSINESS						BUS													1	111	111	11	3	-2.0	10	1	10	6.56934306569343	0								0								0								20251006011500	https://moonfruit.com/planit
1266965088	20251006	202510	2025	2025.7562	BUS	COMPANY						BUS													0	120	120	12	3	-4.0	6	1	6	-0.08643042350907	4	Cagayan, Cebu, Philippines	RP	RP21	24253	9.7064	123.4	-2418282	0								4	Cagayan, Cebu, Philippines	RP	RP21	24253	9.7064	123.4	-2418282	20251006011500	https://www.rappler.com/newsbreak/in-depth/jojo-lara-family-firm-bags-billions-dpwh-deals-cagayan-since-2020/
1266965089	20251006	202510	2025	2025.7562	BUS	BUSINESS						BUS													0	180	180	18	4	-9.0	10	1	10	-5.27298180121325	4	Halewood, Knowsley, United Kingdom	UK	UKG9	40121	53.3667	-2.81667	-2597985	0								4	Halewood, Knowsley, United Kingdom	UK	UKG9	40121	53.3667	-2.81667	-2597985	20251006011500	https://www.bbc.com/news/articles/c5ye8zj5l4jo
1266965090	20251006	202510	2025	2025.7562	BUS	TRADER						BUS													1	190	190	19	4	-10.0	7	1	7	-0.99750623441396	4	Jhansi, Uttar Pradesh, India	IN	IN36	17919	25.4333	78.5833	-2098543	0								4	Jhansi, Uttar Pradesh, India	IN	IN36	17919	25.4333	78.5833	-2098543	20251006011500	https://indianexpress.com/article/cities/lucknow/dont-harass-traders-with-unnecessary-raids-during-dhanteras-diwali-yogi-to-tax-officials-10289926/
1266965091	20251006	202510	2025	2025.7562	BUS	BUSINESS						BUS			CVL	CIVILIAN						CVL			0	010	010	01	1	0.0	2	1	2	-7.32519422863485	4	Lviv, L'vivs'ka Oblast', Ukraine	UP	UP15	28555	49.8407	24.0305	-1045268	4	Lviv, L'vivs'ka Oblast', Ukraine	UP	UP15	28555	49.8407	24.0305	-1045268	4	Lviv, L'vivs'ka Oblast', Ukraine	UP	UP15	28555	49.8407	24.0305	-1045268	20251006011500	https://www.santafenewmexican.com/ap/national/at-least-5-people-are-killed-in-a-large-scale-russian-attack-on-ukraine/article_0016a0c2-181c-5fb7-a0f3-24bcfcae028c.html
1266965092	20251006	202510	2025	2025.7562	BUS	AEROSPACE						BUS			EDU	ECONOMIST						EDU			0	010	010	01	1	0.0	3	1	3	-5.27298180121325	1	Russia	RS	RS		60	100	RS	1	United States	US	US		39.828175	-98.5795	US	1	United States	US	US		39.828175	-98.5795	US	20251006011500	https://www.bbc.com/news/articles/c5ye8zj5l4jo
1266965093	20251006	202510	2025	2025.7562	BUS	AEROSPACE						BUS			EDU	ECONOMIST						EDU			0	010	010	01	1	0.0	2	1	2	-5.27298180121325	1	United States	US	US		39.828175	-98.5795	US	1	United States	US	US		39.828175	-98.5795	US	1	United States	US	US		39.828175	-98.5795	US	20251006011500	https://www.bbc.com/news/articles/c5ye8zj5l4jo
1266965094	20251006	202510	2025	2025.7562	BUS	INDUSTRY						BUS			EUR	EUROPE	EUR								0	130	130	13	3	-4.4	10	1	10	-5.27298180121325	4	Heathrow, Hillingdon, United Kingdom	UK	UKF9	40133	51.4667	-0.45	-2598406	4	Heathrow, Hillingdon, United Kingdom	UK	UKF9	40133	51.4667	-0.45	-2598406	4	Heathrow, Hillingdon, United Kingdom	UK	UKF9	40133	51.4667	-0.45	-2598406	20251006011500	https://www.bbc.com/news/articles/c5ye8zj5l4jo
1266965095	20251006	202510	2025	2025.7562	BUS	COMPANY						BUS			GOV	AUTHORITIES						GOV			0	051	051	05	1	3.4	10	1	10	0.8130081300813	3	Nashville, Tennessee, United States	US	USTN	TN037	36.1659	-86.7844	1652484	3	Nashville, Tennessee, United States	US	USTN	TN037	36.1659	-86.7844	1652484	3	Nashville, Tennessee, United States	US	USTN	TN037	36.1659	-86.7844	1652484	20251006011500	https://www.seattletimes.com/nation-world/skydiving-instructor-dies-after-being-separated-from-student-officials-say/
1266965096	20251006	202510	2025	2025.7562	BUS	TRADER						BUS			IND	LUCKNOW	IND								1	190	190	19	4	-10.0	3	1	3	-0.99750623441396	4	Jhansi, Uttar Pradesh, India	IN	IN36	17919	25.4333	78.5833	-2098543	4	Jhansi, Uttar Pradesh, India	IN	IN36	17919	25.4333	78.5833	-2098543	4	Jhansi, Uttar Pradesh, India	IN	IN36	17919	25.4333	78.5833	-2098543	20251006011500	https://indianexpress.com/article/cities/lucknow/dont-harass-traders-with-unnecessary-raids-during-dhanteras-diwali-yogi-to-tax-officials-10289926/
1266965097	20251006	202510	2025	2025.7562	BUS	BUSINESS						BUS			SLE	FREETOWN	SLE								1	042	042	04	1	1.9	6	1	6	-6.36363636363636	4	Freetown, Western Area, Sierra Leone	SL	SL04	111381	8.49	-13.2342	-1315606	4	Freetown, Western Area, Sierra Leone	SL	SL04	111381	8.49	-13.2342	-1315606	4	Freetown, Western Area, Sierra Leone	SL	SL04	111381	8.49	-13.2342	-1315606	20251006011500	https://www.tanzanianewsreports.com/tinubu-rehabilitated-ccd-director-after-sierra-leone-rebels-amputated-his-hands/
1266965098	20251006	202510	2025	2025.7562	CAN	CANADIAN	CAN																		1	020	020	02	1	3.0	2	1	2	1.04712041884817	4	Quebec, Quebec, Canada	CA	CA10	12750	47.5	-72	-571850	0								4	Quebec, Quebec, Canada	CA	CA10	12750	47.5	-72	-571850	20251006011500	https://medicinehatnews.com/news/national-news/2025/10/05/legault-urges-stronger-u-s-canada-ties-amid-trade-tensions-at-summit/
1266965099	20251006	202510	2025	2025.7562	CAN	CANADIAN	CAN																		1	020	020	02	1	3.0	3	1	3	1.04712041884817	1	France	FR	FR		46	2	FR	0								4	Quebec, Quebec, Canada	CA	CA10	12750	47.5	-72	-571850	20251006011500	https://medicinehatnews.com/news/national-news/2025/10/05/legault-urges-stronger-u-s-canada-ties-amid-trade-tensions-at-summit/
1266965100	20251006	202510	2025	2025.7562	CAN	CANADA	CAN																		1	036	036	03	1	4.0	5	1	5	-3	1	Canada	CA	CA		60	-96	CA	0								1	Canada	CA	CA		60	-96	CA	20251006011500	https://www.chch.com/chch-news/carney-heads-to-washington-with-low-expectations-amid-u-s-tariff-pressures/
1266965101	20251006	202510	2025	2025.7562	CAN	YUKON	CAN																		1	084	084	08	2	7.0	10	1	10	1.14942528735632	0								0								0								20251006011500	https://roarmag.org/Panel-Compatible-With-Chevy-Silverado-Avalanche-Suburban-GMC-b-637895
1266965102	20251006	202510	2025	2025.7562	CAN	CANADIAN	CAN								CANGOV	CANADA	CAN					GOV			1	020	020	02	1	3.0	2	1	2	1.04712041884817	4	Quebec, Quebec, Canada	CA	CA10	12750	47.5	-72	-571850	4	Quebec, Quebec, Canada	CA	CA10	12750	47.5	-72	-571850	4	Quebec, Quebec, Canada	CA	CA10	12750	47.5	-72	-571850	20251006011500	https://medicinehatnews.com/news/national-news/2025/10/05/legault-urges-stronger-u-s-canada-ties-amid-trade-tensions-at-summit/
1266965103	20251006	202510	2025	2025.7562	CAN	CANADA	CAN								CANGOV	CANADA	CAN					GOV			1	020	020	02	1	3.0	2	1	2	1.04712041884817	1	France	FR	FR		46	2	FR	4	Quebec, Quebec, Canada	CA	CA10	12750	47.5	-72	-571850	4	Quebec, Quebec, Canada	CA	CA10	12750	47.5	-72	-571850	20251006011500	https://medicinehatnews.com/news/national-news/2025/10/05/legault-urges-stronger-u-s-canada-ties-amid-trade-tensions-at-summit/
1266965104	20251006	202510	2025	2025.7562	CAN	ONTARIO	CAN								CANGOV	ONTARIO	CAN					GOV			0	044	044	04	1	2.5	3	1	3	0.95602294455067	4	Quebec, Quebec, Canada	CA	CA10	12750	47.5	-72	-571850	4	Quebec, Quebec, Canada	CA	CA10	12750	47.5	-72	-571850	4	Montreal, Quebec, Canada	CA	CA10	12713	45.5	-73.5833	-569541	20251006011500	https://www.chroniclejournal.com/news/national/legault-urges-stronger-u-s--canada-ties-amid-trade-tensions-at-summit/article_ad9b310b-9ed5-5760-98aa-c3c57824ebfd.html
1266965105	20251006	202510	2025	2025.7562	CAN	CANADIAN	CAN								GOV	PREMIER						GOV			1	020	020	02	1	3.0	1	1	1	1.04712041884817	1	France	FR	FR		46	2	FR	4	Quebec, Quebec, Canada	CA	CA10	12750	47.5	-72	-571850	4	Quebec, Quebec, Canada	CA	CA10	12750	47.5	-72	-571850	20251006011500	https://medicinehatnews.com/news/national-news/2025/10/05/legault-urges-stronger-u-s-canada-ties-amid-trade-tensions-at-summit/
1266965106	20251006	202510	2025	2025.7562	CAN	CANADA	CAN								GOV	PREMIER						GOV			1	036	036	03	1	4.0	2	1	2	1.04712041884817	4	Quebec, Quebec, Canada	CA	CA10	12750	47.5	-72	-571850	4	Quebec, Quebec, Canada	CA	CA10	12750	47.5	-72	-571850	4	Quebec, Quebec, Canada	CA	CA10	12750	47.5	-72	-571850	20251006011500	https://medicinehatnews.com/news/national-news/2025/10/05/legault-urges-stronger-u-s-canada-ties-amid-trade-tensions-at-summit/
1266965107	20251006	202510	2025	2025.7562	CAN	CANADA	CAN								GOV	PREMIER						GOV			1	046	046	04	1	7.0	2	1	2	1.04712041884817	4	Quebec, Quebec, Canada	CA	CA10	12750	47.5	-72	-571850	4	Quebec, Quebec, Canada	CA	CA10	12750	47.5	-72	-571850	4	Quebec, Quebec, Canada	CA	CA10	12750	47.5	-72	-571850	20251006011500	https://medicinehatnews.com/news/national-news/2025/10/05/legault-urges-stronger-u-s-canada-ties-amid-trade-tensions-at-summit/
1266965108	20251006	202510	2025	2025.7562	CHL	CHILEAN	CHL								EDU	UNIVERSITY						EDU			1	010	010	01	1	0.0	3	1	3	2.5	4	Stockholm, Stockholm, Sweden	SW	SW26	26170	59.3333	18.05	-2524279	4	Stockholm, Stockholm, Sweden	SW	SW26	26170	59.3333	18.05	-2524279	4	Stockholm, Stockholm, Sweden	SW	SW26	26170	59.3333	18.05	-2524279	20251006011500	https://www.elciudadano.com/en/life-invisible-nobel-foundation-backed-documentary-on-northern-chiles-salt-flats-wins-natures-oscar-at-jackson-wild/10/05/
1266965109	20251006	202510	2025	2025.7562	CHL	CHILEAN	CHL								EDU	UNIVERSITY						EDU			1	013	013	01	1	0.4	4	1	4	2.5	4	Santiago, Regióetropolitana, Chile	CI	CI12	22379	-33.45	-70.6667	-901202	4	Santiago, Regióetropolitana, Chile	CI	CI12	22379	-33.45	-70.6667	-901202	4	Santiago, Regióetropolitana, Chile	CI	CI12	22379	-33.45	-70.6667	-901202	20251006011500	https://www.elciudadano.com/en/life-invisible-nobel-foundation-backed-documentary-on-northern-chiles-salt-flats-wins-natures-oscar-at-jackson-wild/10/05/
1266965110	20251006	202510	2025	2025.7562	CHN	CHINA	CHN																		1	042	042	04	1	1.9	4	1	4	2.52600297176821	4	Yinchuan, Ningxia, China	CH	CH21	13204	38.4681	106.273	-1936415	0								4	Yinchuan, Ningxia, China	CH	CH21	13204	38.4681	106.273	-1936415	20251006011500	https://english.news.cn/20251006/5240643dce0f41348c6628e67a0a06fa/c.html
1266965111	20251006	202510	2025	2025.7562	CHN	CHINA	CHN																		1	042	042	04	1	1.9	1	1	1	2.52600297176821	4	Jinghong, Yunnan, China	CH	CH29	13311	21.991	100.734	-1937548	0								4	Jinghong, Yunnan, China	CH	CH29	13311	21.991	100.734	-1937548	20251006011500	https://english.news.cn/20251006/5240643dce0f41348c6628e67a0a06fa/c.html
1266965112	20251006	202510	2025	2025.7562	CHN	CHINA	CHN								CVL	TOURIST						CVL			1	042	042	04	1	1.9	4	1	4	2.52600297176821	4	Yangtze River, China (general), China	CH	CH00	13243	31.7867	121.141	-1899838	4	Chongqing, Chongqing, China	CH	CH33	13004	29.5628	106.553	-1900774	4	Yangtze River, China (general), China	CH	CH00	13243	31.7867	121.141	-1899838	20251006011500	https://english.news.cn/20251006/5240643dce0f41348c6628e67a0a06fa/c.html
1266965113	20251006	202510	2025	2025.7562	CHN	CHINA	CHN								CVL	TOURIST						CVL			1	042	042	04	1	1.9	2	1	2	2.52600297176821	4	Yangtze River, China (general), China	CH	CH00	13243	31.7867	121.141	-1899838	4	Chongqing, Chongqing, China	CH	CH33	13004	29.5628	106.553	-1900774	4	Lianyungang, Jiangsu, China	CH	CH04	13150	34.7319	119.442	-1914881	20251006011500	https://english.news.cn/20251006/5240643dce0f41348c6628e67a0a06fa/c.html
1266965114	20251006	202510	2025	2025.7562	CHN	CHINA	CHN								CVL	TOURIST						CVL			1	042	042	04	1	1.9	2	1	2	2.52600297176821	4	Chongqing, Chongqing, China	CH	CH33	13004	29.5628	106.553	-1900774	4	Chongqing, Chongqing, China	CH	CH33	13004	29.5628	106.553	-1900774	4	Yangtze River, China (general), China	CH	CH00	13243	31.7867	121.141	-1899838	20251006011500	https://english.news.cn/20251006/5240643dce0f41348c6628e67a0a06fa/c.html
1266965115	20251006	202510	2025	2025.7562	CHN	CHINA	CHN								CVL	TOURIST						CVL			1	042	042	04	1	1.9	2	1	2	2.52600297176821	4	Lianyungang, Jiangsu, China	CH	CH04	13150	34.7319	119.442	-1914881	4	Yangtze River, China (general), China	CH	CH00	13243	31.7867	121.141	-1899838	4	Lianyungang, Jiangsu, China	CH	CH04	13150	34.7319	119.442	-1914881	20251006011500	https://english.news.cn/20251006/5240643dce0f41348c6628e67a0a06fa/c.html
1266965116	20251006	202510	2025	2025.7562	CHN	NANJING	CHN								CVL	TOURIST						CVL			1	042	042	04	1	1.9	2	1	2	2.52600297176821	4	Yinchuan, Ningxia, China	CH	CH21	13204	38.4681	106.273	-1936415	4	Yinchuan, Ningxia, China	CH	CH21	13204	38.4681	106.273	-1936415	4	Lianyungang, Jiangsu, China	CH	CH04	13150	34.7319	119.442	-1914881	20251006011500	https://english.news.cn/20251006/5240643dce0f41348c6628e67a0a06fa/c.html
1266965117	20251006	202510	2025	2025.7562	CHN	NANJING	CHN								CVL	TOURIST						CVL			1	042	042	04	1	1.9	6	1	6	2.52600297176821	4	Yinchuan, Ningxia, China	CH	CH21	13204	38.4681	106.273	-1936415	4	Yinchuan, Ningxia, China	CH	CH21	13204	38.4681	106.273	-1936415	4	Yinchuan, Ningxia, China	CH	CH21	13204	38.4681	106.273	-1936415	20251006011500	https://english.news.cn/20251006/5240643dce0f41348c6628e67a0a06fa/c.html
1266965118	20251006	202510	2025	2025.7562	CHN	NANJING	CHN								CVL	TOURIST						CVL			1	042	042	04	1	1.9	2	1	2	2.52600297176821	4	Jinghong, Yunnan, China	CH	CH29	13311	21.991	100.734	-1937548	4	Jinghong, Yunnan, China	CH	CH29	13311	21.991	100.734	-1937548	4	Lianyungang, Jiangsu, China	CH	CH04	13150	34.7319	119.442	-1914881	20251006011500	https://english.news.cn/20251006/5240643dce0f41348c6628e67a0a06fa/c.html
1266965119	20251006	202510	2025	2025.7562	CHN	CHINA	CHN								CVL	TOURIST						CVL			1	043	043	04	1	2.8	8	1	8	2.52600297176821	4	Jinghong, Yunnan, China	CH	CH29	13311	21.991	100.734	-1937548	4	Jinghong, Yunnan, China	CH	CH29	13311	21.991	100.734	-1937548	4	Jinghong, Yunnan, China	CH	CH29	13311	21.991	100.734	-1937548	20251006011500	https://english.news.cn/20251006/5240643dce0f41348c6628e67a0a06fa/c.html
1266965120	20251006	202510	2025	2025.7562	CHN	CHINA	CHN								CVL	TOURIST						CVL			1	043	043	04	1	2.8	2	1	2	2.52600297176821	4	Shanxi, Fujian, China	CH	CH07	13167	26.9512	116.692	10771269	4	Jixian, Shaanxi, China	CH	CH26	13215	34.0886	108.398	-1913138	4	Shanxi, Fujian, China	CH	CH07	13167	26.9512	116.692	10771269	20251006011500	https://english.news.cn/20251006/5240643dce0f41348c6628e67a0a06fa/c.html
1266965121	20251006	202510	2025	2025.7562	CHN	CHINA	CHN								GOV	PRESIDENT						GOV			1	013	013	01	1	0.4	6	1	6	-1.87919463087249	1	China	CH	CH		35	105	CH	4	Northern Ireland, Craigavon, United Kingdom	UK	UKR8	40152	54.5	-6.5	-2604275	4	Northern Ireland, Craigavon, United Kingdom	UK	UKR8	40152	54.5	-6.5	-2604275	20251006011500	https://www.dailymail.co.uk/debate/article-15164707/ANDREW-PIERCE-Starmers-security-chief-Jonathan-Powell-shadowy-figure-influence-minister.html
1266965122	20251006	202510	2025	2025.7562	CHN	CHINA	CHN								USA	AMERICAN	USA								1	163	163	16	4	-8.0	8	1	8	-6.16883116883117	1	China	CH	CH		35	105	CH	1	China	CH	CH		35	105	CH	1	China	CH	CH		35	105	CH	20251006011500	https://crooksandliars.com/2025/10/gop-spin-doctor-goes-tailspin-over-trumps
1266965123	20251006	202510	2025	2025.7562	CHN	CHINA	CHN								USA	AMERICAN	USA								1	163	163	16	4	-8.0	2	1	2	-6.16883116883117	1	United States	US	US		39.828175	-98.5795	US	1	China	CH	CH		35	105	CH	1	China	CH	CH		35	105	CH	20251006011500	https://crooksandliars.com/2025/10/gop-spin-doctor-goes-tailspin-over-trumps
1266965124	20251006	202510	2025	2025.7562	COP	POLICE						COP													1	012	012	01	1	-0.4	10	1	10	-11.8055555555556	3	Phoenix, Arizona, United States	US	USAZ	AZ013	33.4484	-112.074	44784	0								3	Phoenix, Arizona, United States	US	USAZ	AZ013	33.4484	-112.074	44784	20251006011500	https://ktar.com/arizona-news/road-rage-shooting/5758186/
1266965125	20251006	202510	2025	2025.7562	COP	POLICE						COP													0	042	042	04	1	1.9	10	1	10	-2.57801899592944	1	Australia	AS	AS		-25	135	AS	0								1	Australia	AS	AS		-25	135	AS	20251006011500	https://umsu.unimelb.edu.au/support/advocacy/safestudentactivism/
1266965126	20251006	202510	2025	2025.7562	COP	TROOPER						COP													1	043	043	04	1	2.8	5	1	5	-9.36454849498328	2	Louisiana, United States	US	USLA		31.1801	-91.8749	LA	0								2	Louisiana, United States	US	USLA		31.1801	-91.8749	LA	20251006011500	https://www.wdam.com/2025/10/04/covington-woman-booked-with-vehicular-homicide-september-crash-that-killed-child/
1266965127	20251006	202510	2025	2025.7562	COP	POLICE FORCE						COP													1	046	046	04	1	7.0	5	1	5	-7.78688524590163	4	Dasna, Uttar Pradesh, India	IN	IN36	70265	28.6833	77.5333	-2094108	0								4	Dasna, Uttar Pradesh, India	IN	IN36	70265	28.6833	77.5333	-2094108	20251006011500	https://timesofindia.indiatimes.com/city/noida/with-fake-court-papers-2-cops-try-to-free-2-prisoners-arrested/articleshow/124325232.cms
1266965128	20251006	202510	2025	2025.7562	COP	POLICE						COP													1	051	051	05	1	3.4	10	1	10	-14.2857142857143	4	Toorak, Central, Fiji	FJ	FJ01	40197	-18.1333	178.433	-1195766	0								4	Toorak, Central, Fiji	FJ	FJ01	40197	-18.1333	178.433	-1195766	20251006011500	https://www.fijivillage.com/news/Corrections-senior-executive-questioned-by-CID-for-alleged-criminal-intimidation-r5x84f/
1266965129	20251006	202510	2025	2025.7562	COP	POLICE						COP													0	090	090	09	2	-2.0	5	1	5	-7.78688524590163	4	Dasna, Uttar Pradesh, India	IN	IN36	70265	28.6833	77.5333	-2094108	0								4	Dasna, Uttar Pradesh, India	IN	IN36	70265	28.6833	77.5333	-2094108	20251006011500	https://timesofindia.indiatimes.com/city/noida/with-fake-court-papers-2-cops-try-to-free-2-prisoners-arrested/articleshow/124325232.cms
1266965130	20251006	202510	2025	2025.7562	COP	POLICE						COP													0	090	090	09	2	-2.0	2	1	2	-3.1081081081081	4	Eilat, HaDarom, Israel	IS	IS01	18315	29.558	34.9482	-779626	0								1	Yemen	YM	YM		15.5	47.5	YM	20251006011500	http://www.bignewsnetwork.com/news/278619203/daily-world-briefing-oct-6
1266965131	20251006	202510	2025	2025.7562	COP	POLICE						COP													1	090	090	09	2	-2.0	20	1	10	-10.0371747211896	3	Lubbock, Texas, United States	US	USTX	TX303	33.5779	-101.855	1374760	0								3	Lubbock, Texas, United States	US	USTX	TX303	33.5779	-101.855	1374760	20251006011500	https://www.fox34.com/2025/10/05/clovis-police-searching-suspect-after-victim-suffers-multiple-gunshot-wounds-automatic-weapon/
1266965132	20251006	202510	2025	2025.7562	COP	POLICE						COP													0	090	090	09	2	-2.0	8	1	8	-3.1081081081081	1	Poland	PL	PL		52	20	PL	0								1	Poland	PL	PL		52	20	PL	20251006011500	http://www.bignewsnetwork.com/news/278619203/daily-world-briefing-oct-6
1266965133	20251006	202510	2025	2025.7562	COP	POLICE						COP													1	100	100	10	3	-5.0	8	1	8	-10.0371747211896	3	Lubbock, Texas, United States	US	USTX	TX303	33.5779	-101.855	1374760	0								3	Lubbock, Texas, United States	US	USTX	TX303	33.5779	-101.855	1374760	20251006011500	https://www.fox34.com/2025/10/05/clovis-police-searching-suspect-after-victim-suffers-multiple-gunshot-wounds-automatic-weapon/
1266965134	20251006	202510	2025	2025.7562	COP	POLICE						COP													0	114	114	11	3	-2.0	5	1	5	-7.78688524590163	4	Dasna, Uttar Pradesh, India	IN	IN36	70265	28.6833	77.5333	-2094108	0								4	Dasna, Uttar Pradesh, India	IN	IN36	70265	28.6833	77.5333	-2094108	20251006011500	https://timesofindia.indiatimes.com/city/noida/with-fake-court-papers-2-cops-try-to-free-2-prisoners-arrested/articleshow/124325232.cms
1266965135	20251006	202510	2025	2025.7562	COP	POLICE						COP													1	114	114	11	3	-2.0	10	1	10	-9.79228486646884	4	Ghaziabad, Uttar Pradesh, India	IN	IN36	70265	28.6667	77.4333	-2096227	0								4	Ghaziabad, Uttar Pradesh, India	IN	IN36	70265	28.6667	77.4333	-2096227	20251006011500	https://indianexpress.com/article/cities/delhi/two-ghaziabad-cops-arrested-for-trying-to-help-prisoners-escape-10289894/
1266965136	20251006	202510	2025	2025.7562	COP	POLICE						COP													0	120	120	12	3	-4.0	20	2	20	-9.5571095571096	0								0								0								20251006011500	https://aninews.in/news/national/politics/bjd-mp-sulata-deo-condemns-cuttack-clashes-slams-bjp-govt-over-law-and-order-failure20251006055237/
1266965137	20251006	202510	2025	2025.7562	COP	POLICE FORCE						COP													0	154	154	15	4	-7.2	10	1	10	-4.87012987012987	0								0								0								20251006011500	https://news.webindia123.com/news/Articles/India/20251006/4369271.html
1266965138	20251006	202510	2025	2025.7562	COP	POLICE						COP													1	190	190	19	4	-10.0	10	1	10	-4.18502202643171	4	Canberra, Australian Capital Territory, Australia	AS	AS01	4940	-35.2833	149.217	-1563952	0								4	Porepunkah, Victoria, Australia	AS	AS07	154644	-36.6961	146.91	-1595826	20251006011500	https://www.canberratimes.com.au/story/9081776/crackdown-on-sovereign-citizens-police-seize-135-guns-in-wa/
1266965139	20251006	202510	2025	2025.7562	COP	POLICE						COP													1	190	190	19	4	-10.0	2	1	2	-4.27927927927928	4	Goulburn, New South Wales, Australia	AS	AS02	154641	-34.7515	149.721	-1576139	0								4	Goulburn, New South Wales, Australia	AS	AS02	154641	-34.7515	149.721	-1576139	20251006011500	https://www.goulburnpost.com.au/story/9081776/crackdown-on-sovereign-citizens-police-seize-135-guns-in-wa/
1266965140	20251006	202510	2025	2025.7562	COP	POLICE						COP													1	190	190	19	4	-10.0	8	1	8	-4.27927927927928	4	Goulburn, New South Wales, Australia	AS	AS02	154641	-34.7515	149.721	-1576139	0								4	Porepunkah, Victoria, Australia	AS	AS07	154644	-36.6961	146.91	-1595826	20251006011500	https://www.goulburnpost.com.au/story/9081776/crackdown-on-sovereign-citizens-police-seize-135-guns-in-wa/
1266965141	20251006	202510	2025	2025.7562	COP	POLICE						COP													1	190	190	19	4	-10.0	10	1	10	-4.4811320754717	4	Camden Haven, New South Wales, Australia	AS	AS02	5096	-31.6448	152.795	-1583170	0								4	Camden Haven, New South Wales, Australia	AS	AS02	5096	-31.6448	152.795	-1583170	20251006011500	https://www.camdencourier.com.au/story/9081776/crackdown-on-sovereign-citizens-police-seize-135-guns-in-wa/
1266965142	20251006	202510	2025	2025.7562	COP	POLICE						COP													1	190	190	19	4	-10.0	10	1	10	-4.24528301886792	4	Scone, New South Wales, Australia	AS	AS02	5096	-32.0501	150.869	-1599677	0								4	Scone, New South Wales, Australia	AS	AS02	5096	-32.0501	150.869	-1599677	20251006011500	https://www.sconeadvocate.com.au/story/9081776/crackdown-on-sovereign-citizens-police-seize-135-guns-in-wa/
1266965143	20251006	202510	2025	2025.7562	COP	POLICE						COP													1	190	190	19	4	-10.0	10	1	10	-4.49172576832151	4	Yass, New South Wales, Australia	AS	AS02	154643	-34.8404	148.91	-1611784	0								4	Yass, New South Wales, Australia	AS	AS02	154643	-34.8404	148.91	-1611784	20251006011500	https://www.yasstribune.com.au/story/9081776/crackdown-on-sovereign-citizens-police-seize-135-guns-in-wa/
1266965144	20251006	202510	2025	2025.7562	COP	POLICE						COP			AUS	CANBERRA	AUS								1	173	173	17	4	-5.0	5	1	5	-4.18502202643171	4	Canberra, Australian Capital Territory, Australia	AS	AS01	4940	-35.2833	149.217	-1563952	4	Canberra, Australian Capital Territory, Australia	AS	AS01	4940	-35.2833	149.217	-1563952	4	Canberra, Australian Capital Territory, Australia	AS	AS01	4940	-35.2833	149.217	-1563952	20251006011500	https://www.canberratimes.com.au/story/9081776/crackdown-on-sovereign-citizens-police-seize-135-guns-in-wa/
1266965145	20251006	202510	2025	2025.7562	COP	POLICE						COP			AUS	AUSTRALIA	AUS								1	173	173	17	4	-5.0	4	1	4	-4.27927927927928	4	Goulburn, New South Wales, Australia	AS	AS02	154641	-34.7515	149.721	-1576139	4	Goulburn, New South Wales, Australia	AS	AS02	154641	-34.7515	149.721	-1576139	4	Goulburn, New South Wales, Australia	AS	AS02	154641	-34.7515	149.721	-1576139	20251006011500	https://www.goulburnpost.com.au/story/9081776/crackdown-on-sovereign-citizens-police-seize-135-guns-in-wa/
1266965146	20251006	202510	2025	2025.7562	COP	POLICE						COP			AUS	AUSTRALIA	AUS								1	173	173	17	4	-5.0	4	1	4	-4.4811320754717	4	Camden Haven, New South Wales, Australia	AS	AS02	5096	-31.6448	152.795	-1583170	4	Camden Haven, New South Wales, Australia	AS	AS02	5096	-31.6448	152.795	-1583170	4	Camden Haven, New South Wales, Australia	AS	AS02	5096	-31.6448	152.795	-1583170	20251006011500	https://www.camdencourier.com.au/story/9081776/crackdown-on-sovereign-citizens-police-seize-135-guns-in-wa/
1266965147	20251006	202510	2025	2025.7562	COP	POLICE						COP			AUS	AUSTRALIA	AUS								1	173	173	17	4	-5.0	4	1	4	-4.49172576832151	4	Yass, New South Wales, Australia	AS	AS02	154643	-34.8404	148.91	-1611784	4	Yass, New South Wales, Australia	AS	AS02	154643	-34.8404	148.91	-1611784	4	Yass, New South Wales, Australia	AS	AS02	154643	-34.8404	148.91	-1611784	20251006011500	https://www.yasstribune.com.au/story/9081776/crackdown-on-sovereign-citizens-police-seize-135-guns-in-wa/
1266965148	20251006	202510	2025	2025.7562	COP	POLICE						COP			AUSJUD	AUSTRALIA	AUS					JUD			1	173	173	17	4	-5.0	4	1	4	-4.24528301886792	4	Scone, New South Wales, Australia	AS	AS02	5096	-32.0501	150.869	-1599677	4	Scone, New South Wales, Australia	AS	AS02	5096	-32.0501	150.869	-1599677	4	Scone, New South Wales, Australia	AS	AS02	5096	-32.0501	150.869	-1599677	20251006011500	https://www.sconeadvocate.com.au/story/9081776/crackdown-on-sovereign-citizens-police-seize-135-guns-in-wa/
1266965149	20251006	202510	2025	2025.7562	COP	POLICE						COP			BUS	TRADER						BUS			1	173	173	17	4	-5.0	5	1	5	-11.2280701754386	0								0								0								20251006011500	https://aninews.in/news/national/general-news/tripura-girl-raped-poisoned-in-agartala-accused-arrested20251006033518/
1266965150	20251006	202510	2025	2025.7562	COP	POLICE						COP			CVL	COMMUNITY						CVL			1	020	020	02	1	3.0	6	1	6	-2.4	4	Belconnen, Australian Capital Territory, Australia	AS	AS01	4940	-35.2167	149.083	-1558295	4	Belconnen, Australian Capital Territory, Australia	AS	AS01	4940	-35.2167	149.083	-1558295	4	Belconnen, Australian Capital Territory, Australia	AS	AS01	4940	-35.2167	149.083	-1558295	20251006011500	https://www.canberratimes.com.au/story/9081878/canberra-police-seek-help-to-find-missing-pradip-itani/
1266965151	20251006	202510	2025	2025.7562	COP	POLICE						COP			CVL	COMMUNITY						CVL			1	020	020	02	1	3.0	4	1	4	-2.4	4	Canberra, Australian Capital Territory, Australia	AS	AS01	4940	-35.2833	149.217	-1563952	4	Canberra, Australian Capital Territory, Australia	AS	AS01	4940	-35.2833	149.217	-1563952	4	Canberra, Australian Capital Territory, Australia	AS	AS01	4940	-35.2833	149.217	-1563952	20251006011500	https://www.canberratimes.com.au/story/9081878/canberra-police-seek-help-to-find-missing-pradip-itani/
1266965152	20251006	202510	2025	2025.7562	COP	POLICE						COP			FRA	DIJON	FRA								0	173	173	17	4	-5.0	5	1	5	-4.82315112540193	4	Paris, France (general), France	FR	FR00	16282	48.8667	2.33333	-1456928	4	Paris, France (general), France	FR	FR00	16282	48.8667	2.33333	-1456928	4	Paris, France (general), France	FR	FR00	16282	48.8667	2.33333	-1456928	20251006011500	https://www.yahoo.com/news/articles/gis-le-pelicot-faces-one-230711109.html
1266965153	20251006	202510	2025	2025.7562	COP	POLICE OFFICER						COP			GOV	GOVERNMENT OFFICIAL						GOV			1	173	173	17	4	-5.0	5	1	5	-7.66129032258065	4	Kolhapur, Maharashtra, India	IN	IN16	17769	16.7	74.2167	-2101279	4	Kolhapur, Maharashtra, India	IN	IN16	17769	16.7	74.2167	-2101279	4	Kolhapur, Maharashtra, India	IN	IN16	17769	16.7	74.2167	-2101279	20251006011500	https://www.hindustantimes.com/india-news/exconstable-held-for-posing-as-lokayukta-dsp-duping-officials-101759691062920.html
1266965154	20251006	202510	2025	2025.7562	COP	POLICE						COP			HLH	HOSPITAL						HLH			1	193	193	19	4	-10.0	10	1	10	-4.7486033519553	4	Sydney, New South Wales, Australia	AS	AS02	154637	-33.8833	151.217	-1603135	4	Sydney, New South Wales, Australia	AS	AS02	154637	-33.8833	151.217	-1603135	4	Sydney, New South Wales, Australia	AS	AS02	154637	-33.8833	151.217	-1603135	20251006011500	https://www.odt.co.nz/news/australia/terrifying-100-shots-fired-sydney-suburban-street
1266965155	20251006	202510	2025	2025.7562	COP	POLICE						COP			IND	DELHI	IND								1	042	042	04	1	1.9	3	1	3	-4.51612903225806	4	Delhi, Delhi, India	IN	IN07	17911	28.6667	77.2167	-2094230	4	Delhi, Delhi, India	IN	IN07	17911	28.6667	77.2167	-2094230	4	Delhi, Delhi, India	IN	IN07	17911	28.6667	77.2167	-2094230	20251006011500	https://indianexpress.com/article/cities/delhi/delhi-self-styled-godman-kills-wife-over-suspected-affair-9-years-after-she-threw-him-out-of-home-10289867/
1266965156	20251006	202510	2025	2025.7562	COP	POLICE						COP			JUD	ADVOCATE						JUD			1	173	173	17	4	-5.0	1	1	1	-4.24528301886792	4	Scone, New South Wales, Australia	AS	AS02	5096	-32.0501	150.869	-1599677	4	Scone, New South Wales, Australia	AS	AS02	5096	-32.0501	150.869	-1599677	4	Scone, New South Wales, Australia	AS	AS02	5096	-32.0501	150.869	-1599677	20251006011500	https://www.sconeadvocate.com.au/story/9081776/crackdown-on-sovereign-citizens-police-seize-135-guns-in-wa/
1266965157	20251006	202510	2025	2025.7562	COP	POLICE						COP			NZL	AUCKLAND	NZL								1	020	020	02	1	3.0	10	1	10	-4.62962962962963	0								0								0								20251006011500	https://www.rnz.co.nz/news/national/575083/loud-bangs-gas-as-man-arrested-after-police-officer-shot-in-auckland-s-flat-bush
1266965158	20251006	202510	2025	2025.7562	COP	POLICE FORCE						COP			OPP	PRISONER						OPP			1	046	046	04	1	7.0	5	1	5	-7.78688524590163	4	Dasna, Uttar Pradesh, India	IN	IN36	70265	28.6833	77.5333	-2094108	4	Dasna, Uttar Pradesh, India	IN	IN36	70265	28.6833	77.5333	-2094108	4	Dasna, Uttar Pradesh, India	IN	IN36	70265	28.6833	77.5333	-2094108	20251006011500	https://timesofindia.indiatimes.com/city/noida/with-fake-court-papers-2-cops-try-to-free-2-prisoners-arrested/articleshow/124325232.cms
1266965159	20251006	202510	2025	2025.7562	COP	POLICE						COP			USA	NASHVILLE	USA								1	042	042	04	1	1.9	5	1	5	0.8130081300813	3	Nashville, Tennessee, United States	US	USTN	TN037	36.1659	-86.7844	1652484	3	Nashville, Tennessee, United States	US	USTN	TN037	36.1659	-86.7844	1652484	3	Nashville, Tennessee, United States	US	USTN	TN037	36.1659	-86.7844	1652484	20251006011500	https://www.seattletimes.com/nation-world/skydiving-instructor-dies-after-being-separated-from-student-officials-say/
1266965160	20251006	202510	2025	2025.7562	COP	POLICE						COP			USA	NASHVILLE	USA								1	060	060	06	2	6.0	5	1	5	0.8130081300813	3	Nashville, Tennessee, United States	US	USTN	TN037	36.1659	-86.7844	1652484	3	Nashville, Tennessee, United States	US	USTN	TN037	36.1659	-86.7844	1652484	3	Nashville, Tennessee, United States	US	USTN	TN037	36.1659	-86.7844	1652484	20251006011500	https://www.seattletimes.com/nation-world/skydiving-instructor-dies-after-being-separated-from-student-officials-say/
1266965161	20251006	202510	2025	2025.7562	COP	POLICE						COP			USA	UNITED STATES	USA								1	100	100	10	3	-5.0	2	1	2	-10.0371747211896	3	Lubbock, Texas, United States	US	USTX	TX303	33.5779	-101.855	1374760	3	Lubbock, Texas, United States	US	USTX	TX303	33.5779	-101.855	1374760	3	Lubbock, Texas, United States	US	USTX	TX303	33.5779	-101.855	1374760	20251006011500	https://www.fox34.com/2025/10/05/clovis-police-searching-suspect-after-victim-suffers-multiple-gunshot-wounds-automatic-weapon/
1266965162	20251006	202510	2025	2025.7562	COP	TROOPER						COP			USA	UNITED STATES	USA								1	182	182	18	4	-9.5	2	1	2	-9.36454849498328	2	Louisiana, United States	US	USLA		31.1801	-91.8749	LA	2	Louisiana, United States	US	USLA		31.1801	-91.8749	LA	2	Louisiana, United States	US	USLA		31.1801	-91.8749	LA	20251006011500	https://www.wdam.com/2025/10/04/covington-woman-booked-with-vehicular-homicide-september-crash-that-killed-child/
1266965163	20251006	202510	2025	2025.7562	COP	POLICE						COP			idgOPP	INDIGENOUS			idg			OPP			1	190	190	19	4	-10.0	5	1	5	-5.05494505494505	4	Quito, Pichincha, Ecuador	EC	EC18	18585	-0.216667	-78.5	-932573	4	Quito, Pichincha, Ecuador	EC	EC18	18585	-0.216667	-78.5	-932573	4	Quito, Pichincha, Ecuador	EC	EC18	18585	-0.216667	-78.5	-932573	20251006011500	https://www.wellandtribune.ca/news/world/americas/protesters-rally-for-and-against-ecuadors-president-as-emergency-takes-effect-in-10-provinces/article_dca08afd-79c9-50b0-87c5-5ff3e94d2943.html
1266965164	20251006	202510	2025	2025.7562	COP	POLICE						COP			idgOPP	INDIGENOUS			idg			OPP			1	190	190	19	4	-10.0	10	1	10	-7.79220779220775	1	Ecuador	EC	EC		-2	-77.5	EC	1	Ecuador	EC	EC		-2	-77.5	EC	1	Ecuador	EC	EC		-2	-77.5	EC	20251006011500	https://indianexpress.com/article/world/protesters-rally-for-and-against-ecuador-president-emergency-in-10-provinces-10290047/
1266965165	20251006	202510	2025	2025.7562	COP	POLICE						COP			idgOPP	INDIGENOUS			idg			OPP			1	190	190	19	4	-10.0	5	1	5	-5.05494505494505	1	United States	US	US		39.828175	-98.5795	US	1	United States	US	US		39.828175	-98.5795	US	1	United States	US	US		39.828175	-98.5795	US	20251006011500	https://www.wellandtribune.ca/news/world/americas/protesters-rally-for-and-against-ecuadors-president-as-emergency-takes-effect-in-10-provinces/article_dca08afd-79c9-50b0-87c5-5ff3e94d2943.html
1266965166	20251006	202510	2025	2025.7562	CRM	CRIMINAL						CRM													0	010	010	01	1	0.0	3	1	3	-5.27298180121325	4	London, London, City of, United Kingdom	UK	UKH9	40110	51.5	-0.116667	-2601889	0								4	London, London, City of, United Kingdom	UK	UKH9	40110	51.5	-0.116667	-2601889	20251006011500	https://www.bbc.com/news/articles/c5ye8zj5l4jo
1266965167	20251006	202510	2025	2025.7562	CRM	CRIMINAL						CRM													0	010	010	01	1	0.0	2	1	2	-5.27298180121325	1	Russia	RS	RS		60	100	RS	0								1	Russia	RS	RS		60	100	RS	20251006011500	https://www.bbc.com/news/articles/c5ye8zj5l4jo
1266965168	20251006	202510	2025	2025.7562	CVL	RESIDENTS						CVL													0	010	010	01	1	0.0	40	4	40	-5.89975394038017	4	Croydon Park, South Australia, Australia	AS	AS05	5313	-35.4	138.933	-1568228	0								4	Croydon Park, South Australia, Australia	AS	AS05	5313	-35.4	138.933	-1568228	20251006011500	https://www.camdencourier.com.au/story/9081720/terrifying-up-to-100-shots-fired-on-suburban-street/
1266965169	20251006	202510	2025	2025.7562	CVL	POPULATION						CVL													1	010	010	01	1	0.0	5	1	5	0.92307692307692	1	Papua New Guinea	PP	PP		-6	147	PP	0								1	Papua New Guinea	PP	PP		-6	147	PP	20251006011500	https://www.thenational.com.pg/education-is-the-foundation-of-nation-building/
1266965170	20251006	202510	2025	2025.7562	CVL	RESIDENTS						CVL													0	043	043	04	1	2.8	36	6	36	-5.34441805225653	4	Greater Manchester, United Kingdom (general), United Kingdom	UK	UK00	40111	53.45	-2.23333	-2597513	0								4	Greater Manchester, United Kingdom (general), United Kingdom	UK	UK00	40111	53.45	-2.23333	-2597513	20251006011500	https://www.keighleynews.co.uk/news/national/25518988.bravery-synagogue-attack-victims-remembered-first-funeral-takes-place/
1266965171	20251006	202510	2025	2025.7562	CVL	RESIDENTS						CVL													0	043	043	04	1	2.8	24	6	24	-5.34441805225653	4	Heaton Park, Manchester, United Kingdom	UK	UKI2	40118	53.5333	-2.26667	-2598411	0								4	Heaton Park, Manchester, United Kingdom	UK	UKI2	40118	53.5333	-2.26667	-2598411	20251006011500	https://www.keighleynews.co.uk/news/national/25518988.bravery-synagogue-attack-victims-remembered-first-funeral-takes-place/
1266965172	20251006	202510	2025	2025.7562	CVL	RESIDENTS						CVL													0	043	043	04	1	2.8	10	1	10	-6.18686868686869	4	Manchester, Manchester, United Kingdom	UK	UKI2	40118	53.5	-2.21667	-2602512	0								4	Manchester, Manchester, United Kingdom	UK	UKI2	40118	53.5	-2.21667	-2602512	20251006011500	https://www.kentonline.co.uk/news/national/bravery-of-synagogue-attack-victims-remembered-as-first-funeral-takes-place-156171/
1266965173	20251006	202510	2025	2025.7562	CVL	RESIDENTS						CVL													1	073	073	07	2	7.4	10	1	10	-8.45921450151057	0								0								0								20251006011500	https://timesofindia.indiatimes.com/city/noida/car-moves-on-wrong-side-plunges-into-drain-in-noida-2-injured/articleshow/124325267.cms
1266965174	20251006	202510	2025	2025.7562	CVL	TOURIST						CVL													0	160	160	16	4	-4.0	5	1	5	-5.06666666666667	4	Alipurduar, West Bengal, India	IN	IN28	17952	26.4833	89.5667	-2088501	0								4	Jalpaiguri, West Bengal, India	IN	IN28	17952	26.5167	88.7333	-2098161	20251006011500	https://indianexpress.com/article/cities/kolkata/darjeeling-hills-on-edge-as-met-forecasts-more-rain-10289922/
1266965175	20251006	202510	2025	2025.7562	CVL	VILLAGE						CVL													1	1712	171	17	4	-9.2	5	1	5	0	4	Kuala Lumpur, Kuala Lumpur, Malaysia	MY	MY14	18585	3.16667	101.7	-2403010	0								4	Kuala Lumpur, Kuala Lumpur, Malaysia	MY	MY14	18585	3.16667	101.7	-2403010	20251006011500	https://www.thestar.com.my/news/nation/2025/10/06/macc-nip-graft-in-the-bud-by-ending-hush-money-habit
1266965176	20251006	202510	2025	2025.7562	CVL	COMMUNITY						CVL													0	193	193	19	4	-10.0	10	1	10	-8.65671641791048	4	Manchester, Manchester, United Kingdom	UK	UKI2	40118	53.5	-2.21667	-2602512	0								4	Manchester, Manchester, United Kingdom	UK	UKI2	40118	53.5	-2.21667	-2602512	20251006011500	https://www.santafenewmexican.com/ap/international/uk-says-it-will-restrict-repeated-protests-after-500-arrests-at-pro-palestinian-vigil/article_7c919bf4-7a33-5853-8c8f-b8f37f17bef8.html
1266965177	20251006	202510	2025	2025.7562	CVL	TOURIST						CVL			CHN	CHINA	CHN								1	042	042	04	1	1.9	2	1	2	2.52600297176821	4	Jixian, Shaanxi, China	CH	CH26	13215	34.0886	108.398	-1913138	4	Shanxi, Fujian, China	CH	CH07	13167	26.9512	116.692	10771269	4	Shanxi, Fujian, China	CH	CH07	13167	26.9512	116.692	10771269	20251006011500	https://english.news.cn/20251006/5240643dce0f41348c6628e67a0a06fa/c.html
1266965178	20251006	202510	2025	2025.7562	CVL	TOURIST						CVL			CHN	CHINA	CHN								1	042	042	04	1	1.9	8	1	8	2.52600297176821	4	Jinghong, Yunnan, China	CH	CH29	13311	21.991	100.734	-1937548	4	Jinghong, Yunnan, China	CH	CH29	13311	21.991	100.734	-1937548	4	Jinghong, Yunnan, China	CH	CH29	13311	21.991	100.734	-1937548	20251006011500	https://english.news.cn/20251006/5240643dce0f41348c6628e67a0a06fa/c.html
1266965179	20251006	202510	2025	2025.7562	CVL	TOURIST						CVL			CHN	CHINA	CHN								1	043	043	04	1	2.8	2	1	2	2.52600297176821	4	Yangtze River, China (general), China	CH	CH00	13243	31.7867	121.141	-1899838	4	Lianyungang, Jiangsu, China	CH	CH04	13150	34.7319	119.442	-1914881	4	Lianyungang, Jiangsu, China	CH	CH04	13150	34.7319	119.442	-1914881	20251006011500	https://english.news.cn/20251006/5240643dce0f41348c6628e67a0a06fa/c.html
1266965180	20251006	202510	2025	2025.7562	CVL	TOURIST						CVL			CHN	CHINA	CHN								1	043	043	04	1	2.8	4	1	4	2.52600297176821	4	Chongqing, Chongqing, China	CH	CH33	13004	29.5628	106.553	-1900774	4	Yangtze River, China (general), China	CH	CH00	13243	31.7867	121.141	-1899838	4	Yangtze River, China (general), China	CH	CH00	13243	31.7867	121.141	-1899838	20251006011500	https://english.news.cn/20251006/5240643dce0f41348c6628e67a0a06fa/c.html
1266965181	20251006	202510	2025	2025.7562	CVL	TOURIST						CVL			CHN	CHINA	CHN								1	043	043	04	1	2.8	2	1	2	2.52600297176821	4	Chongqing, Chongqing, China	CH	CH33	13004	29.5628	106.553	-1900774	4	Yangtze River, China (general), China	CH	CH00	13243	31.7867	121.141	-1899838	4	Lianyungang, Jiangsu, China	CH	CH04	13150	34.7319	119.442	-1914881	20251006011500	https://english.news.cn/20251006/5240643dce0f41348c6628e67a0a06fa/c.html
1266965182	20251006	202510	2025	2025.7562	CVL	TOURIST						CVL			CHN	CHINA	CHN								1	043	043	04	1	2.8	2	1	2	2.52600297176821	4	Chongqing, Chongqing, China	CH	CH33	13004	29.5628	106.553	-1900774	4	Chongqing, Chongqing, China	CH	CH33	13004	29.5628	106.553	-1900774	4	Yangtze River, China (general), China	CH	CH00	13243	31.7867	121.141	-1899838	20251006011500	https://english.news.cn/20251006/5240643dce0f41348c6628e67a0a06fa/c.html
1266965183	20251006	202510	2025	2025.7562	CVL	TOURIST						CVL			CHN	NANJING	CHN								1	043	043	04	1	2.8	2	1	2	2.52600297176821	4	Nanjing, Jiangsu, China	CH	CH04	13144	32.0617	118.778	-1919548	4	Lianyungang, Jiangsu, China	CH	CH04	13150	34.7319	119.442	-1914881	4	Lianyungang, Jiangsu, China	CH	CH04	13150	34.7319	119.442	-1914881	20251006011500	https://english.news.cn/20251006/5240643dce0f41348c6628e67a0a06fa/c.html
1266965184	20251006	202510	2025	2025.7562	CVL	TOURIST						CVL			CHN	NANJING	CHN								1	043	043	04	1	2.8	2	1	2	2.52600297176821	4	Nanjing, Jiangsu, China	CH	CH04	13144	32.0617	118.778	-1919548	4	Nanjing, Jiangsu, China	CH	CH04	13144	32.0617	118.778	-1919548	4	Lianyungang, Jiangsu, China	CH	CH04	13150	34.7319	119.442	-1914881	20251006011500	https://english.news.cn/20251006/5240643dce0f41348c6628e67a0a06fa/c.html
1266965185	20251006	202510	2025	2025.7562	CVL	TOURIST						CVL			CHN	NANJING	CHN								1	043	043	04	1	2.8	6	1	6	2.52600297176821	4	Nanjing, Jiangsu, China	CH	CH04	13144	32.0617	118.778	-1919548	4	Nanjing, Jiangsu, China	CH	CH04	13144	32.0617	118.778	-1919548	4	Nanjing, Jiangsu, China	CH	CH04	13144	32.0617	118.778	-1919548	20251006011500	https://english.news.cn/20251006/5240643dce0f41348c6628e67a0a06fa/c.html
1266965186	20251006	202510	2025	2025.7562	CVL	TRAVELLER						CVL			EUR	EUROPEAN	EUR								0	195	195	19	4	-10.0	3	1	3	-5.27298180121325	4	Heathrow, Hillingdon, United Kingdom	UK	UKF9	40133	51.4667	-0.45	-2598406	4	London, London, City of, United Kingdom	UK	UKH9	40110	51.5	-0.116667	-2601889	4	Heathrow, Hillingdon, United Kingdom	UK	UKF9	40133	51.4667	-0.45	-2598406	20251006011500	https://www.bbc.com/news/articles/c5ye8zj5l4jo
1266965187	20251006	202510	2025	2025.7562	CVL	NEIGHBORHOOD						CVL			FRA	LYON	FRA								1	060	060	06	2	6.0	3	1	3	-2.75862068965518	3	Grand Canyon, Arizona, United States	US	USAZ	AZ005	36.0544	-112.139	5213	3	Grand Canyon, Arizona, United States	US	USAZ		36.0544	-112.139	5213	3	Grand Canyon, Arizona, United States	US	USAZ		36.0544	-112.139	5213	20251006011500	https://ktar.com/arizona-news/biggest-stories-oct-3-5/5758198/
1266965188	20251006	202510	2025	2025.7562	CVL	NEIGHBORHOOD						CVL			FRA	LYON	FRA								1	060	060	06	2	6.0	2	1	2	-2.75862068965518	2	Arizona, United States	US	USAZ		33.7712	-111.388	AZ	2	Arizona, United States	US	USAZ		33.7712	-111.388	AZ	2	Arizona, United States	US	USAZ		33.7712	-111.388	AZ	20251006011500	https://ktar.com/arizona-news/biggest-stories-oct-3-5/5758198/
1266965189	20251006	202510	2025	2025.7562	CVL	COMMUNITY						CVL			GBR	UNITED KINGDOM	GBR								0	010	010	01	1	0.0	6	1	6	-6.18686868686869	4	Heaton Park, Manchester, United Kingdom	UK	UKI2	40118	53.5333	-2.26667	-2598411	4	Heaton Park, Manchester, United Kingdom	UK	UKI2	40118	53.5333	-2.26667	-2598411	4	Heaton Park, Manchester, United Kingdom	UK	UKI2	40118	53.5333	-2.26667	-2598411	20251006011500	https://www.kentonline.co.uk/news/national/bravery-of-synagogue-attack-victims-remembered-as-first-funeral-takes-place-156171/
1266965190	20251006	202510	2025	2025.7562	CVL	COMMUNITY						CVL			GBR	UNITED KINGDOM	GBR								0	010	010	01	1	0.0	4	1	4	-6.18686868686869	4	Manchester, Manchester, United Kingdom	UK	UKI2	40118	53.5	-2.21667	-2602512	4	Manchester, Manchester, United Kingdom	UK	UKI2	40118	53.5	-2.21667	-2602512	4	Manchester, Manchester, United Kingdom	UK	UKI2	40118	53.5	-2.21667	-2602512	20251006011500	https://www.kentonline.co.uk/news/national/bravery-of-synagogue-attack-victims-remembered-as-first-funeral-takes-place-156171/
1266965191	20251006	202510	2025	2025.7562	CVL	COMMUNITY						CVL			GBR	UNITED KINGDOM	GBR								0	012	012	01	1	-0.4	6	1	6	-6.18686868686869	4	Heaton Park, Manchester, United Kingdom	UK	UKI2	40118	53.5333	-2.26667	-2598411	4	Heaton Park, Manchester, United Kingdom	UK	UKI2	40118	53.5333	-2.26667	-2598411	4	Heaton Park, Manchester, United Kingdom	UK	UKI2	40118	53.5333	-2.26667	-2598411	20251006011500	https://www.kentonline.co.uk/news/national/bravery-of-synagogue-attack-victims-remembered-as-first-funeral-takes-place-156171/
1266965192	20251006	202510	2025	2025.7562	CVL	COMMUNITY						CVL			GBR	UNITED KINGDOM	GBR								0	012	012	01	1	-0.4	4	1	4	-6.18686868686869	4	Manchester, Manchester, United Kingdom	UK	UKI2	40118	53.5	-2.21667	-2602512	4	Manchester, Manchester, United Kingdom	UK	UKI2	40118	53.5	-2.21667	-2602512	4	Manchester, Manchester, United Kingdom	UK	UKI2	40118	53.5	-2.21667	-2602512	20251006011500	https://www.kentonline.co.uk/news/national/bravery-of-synagogue-attack-victims-remembered-as-first-funeral-takes-place-156171/
1266965193	20251006	202510	2025	2025.7562	CVL	COMMUNITY						CVL			GOV	REGIME						GOV			1	040	040	04	1	1.0	5	1	5	-0.51282051282052	4	Gaza, Israel (general), Israel	IS	IS00	18315	31.4167	34.3333	-797156	4	Gaza, Israel (general), Israel	IS	IS00	18315	31.4167	34.3333	-797156	4	Gaza, Israel (general), Israel	IS	IS00	18315	31.4167	34.3333	-797156	20251006011500	https://www.thestar.com.my/news/nation/2025/10/06/afraid-but-prepared-to-tell-gazas-story-from-the-ground
1266965194	20251006	202510	2025	2025.7562	CVL	COMMUNITY						CVL			GOV	AUTHORITIES						GOV			0	090	090	09	2	-2.0	5	1	5	-11.2280701754386	0								0								0								20251006011500	https://aninews.in/news/national/general-news/tripura-girl-raped-poisoned-in-agartala-accused-arrested20251006033518/
1266965195	20251006	202510	2025	2025.7562	CVL	RESIDENTS						CVL			HLH	HOSPITAL						HLH			1	042	042	04	1	1.9	10	1	10	-11.2280701754386	0								0								0								20251006011500	https://aninews.in/news/national/general-news/tripura-girl-raped-poisoned-in-agartala-accused-arrested20251006033518/
1266965196	20251006	202510	2025	2025.7562	CVL	TOURIST						CVL			IND	DELHI	IND								0	160	160	16	4	-4.0	5	1	5	-5.06666666666667	4	Alipurduar, West Bengal, India	IN	IN28	17952	26.4833	89.5667	-2088501	4	Alipurduar, West Bengal, India	IN	IN28	17952	26.4833	89.5667	-2088501	4	Jalpaiguri, West Bengal, India	IN	IN28	17952	26.5167	88.7333	-2098161	20251006011500	https://indianexpress.com/article/cities/kolkata/darjeeling-hills-on-edge-as-met-forecasts-more-rain-10289922/
1266965197	20251006	202510	2025	2025.7562	CVL	VILLAGE						CVL			LAB	WORKER						LAB			1	130	130	13	3	-4.4	10	1	10	-8.98550724637683	0								0								0								20251006011500	https://timesofindia.indiatimes.com/city/noida/safai-worker-in-the-way-man-in-suv-whips-out-gun-slaps-him-in-noida/articleshow/124325344.cms
1266965198	20251006	202510	2025	2025.7562	CVL	NEIGHBORHOOD						CVL			MIL	NAVAL						MIL			1	182	182	18	4	-9.5	1	1	1	-10.9375	3	Norfolk, Virginia, United States	US	USVA	VA710	36.8468	-76.2852	1497051	3	Norfolk, Virginia, United States	US	USVA	VA710	36.8468	-76.2852	1497051	3	Norfolk, Virginia, United States	US	USVA	VA710	36.8468	-76.2852	1497051	20251006011500	https://www.kxxv.com/news/local-news/angelina-resendiz-murder-case-moves-toward-trial
1266965199	20251006	202510	2025	2025.7562	CVL	COMMUNITY						CVL			PSE	PALESTINIAN	PSE								1	072	072	07	2	8.3	5	1	5	-0.51282051282052	4	Gaza, Israel (general), Israel	IS	IS00	18315	31.4167	34.3333	-797156	4	Gaza, Israel (general), Israel	IS	IS00	18315	31.4167	34.3333	-797156	4	Gaza, Israel (general), Israel	IS	IS00	18315	31.4167	34.3333	-797156	20251006011500	https://www.thestar.com.my/news/nation/2025/10/06/afraid-but-prepared-to-tell-gazas-story-from-the-ground
1266965200	20251006	202510	2025	2025.7562	CVL	COMMUNITY						CVL			USA	AMERICAN	USA								1	043	043	04	1	2.8	10	1	10	-2.12765957446809	0								0								0								20251006011500	https://www.whec.com/top-news/remembrance-held-for-woman-who-died-after-penn-yan-house-fire/
1266965201	20251006	202510	2025	2025.7562	ECU	ECUADOR	ECU																		0	125	125	12	3	-5.0	2	1	2	-5.05494505494505	4	Quito, Pichincha, Ecuador	EC	EC18	18585	-0.216667	-78.5	-932573	0								4	Quito, Pichincha, Ecuador	EC	EC18	18585	-0.216667	-78.5	-932573	20251006011500	https://www.wellandtribune.ca/news/world/americas/protesters-rally-for-and-against-ecuadors-president-as-emergency-takes-effect-in-10-provinces/article_dca08afd-79c9-50b0-87c5-5ff3e94d2943.html
1266965202	20251006	202510	2025	2025.7562	ECU	ECUADOR	ECU																		0	125	125	12	3	-5.0	2	1	2	-7.79220779220775	1	Ecuador	EC	EC		-2	-77.5	EC	0								1	Ecuador	EC	EC		-2	-77.5	EC	20251006011500	https://indianexpress.com/article/world/protesters-rally-for-and-against-ecuador-president-emergency-in-10-provinces-10290047/
1266965203	20251006	202510	2025	2025.7562	ECU	ECUADOR	ECU								GOV	GOVERNMENT						GOV			1	042	042	04	1	1.9	2	1	2	-5.05494505494505	1	United States	US	US		39.828175	-98.5795	US	1	United States	US	US		39.828175	-98.5795	US	1	United States	US	US		39.828175	-98.5795	US	20251006011500	https://www.wellandtribune.ca/news/world/americas/protesters-rally-for-and-against-ecuadors-president-as-emergency-takes-effect-in-10-provinces/article_dca08afd-79c9-50b0-87c5-5ff3e94d2943.html
1266965204	20251006	202510	2025	2025.7562	ECU	ECUADOR	ECU								GOV	PRESIDENT						GOV			0	125	125	12	3	-5.0	2	1	2	-5.05494505494505	4	Quito, Pichincha, Ecuador	EC	EC18	18585	-0.216667	-78.5	-932573	4	Quito, Pichincha, Ecuador	EC	EC18	18585	-0.216667	-78.5	-932573	4	Quito, Pichincha, Ecuador	EC	EC18	18585	-0.216667	-78.5	-932573	20251006011500	https://www.wellandtribune.ca/news/world/americas/protesters-rally-for-and-against-ecuadors-president-as-emergency-takes-effect-in-10-provinces/article_dca08afd-79c9-50b0-87c5-5ff3e94d2943.html
1266965205	20251006	202510	2025	2025.7562	ECU	ECUADOR	ECU								GOV	PRESIDENT						GOV			0	125	125	12	3	-5.0	2	1	2	-7.79220779220775	1	Ecuador	EC	EC		-2	-77.5	EC	1	Ecuador	EC	EC		-2	-77.5	EC	1	Ecuador	EC	EC		-2	-77.5	EC	20251006011500	https://indianexpress.com/article/world/protesters-rally-for-and-against-ecuador-president-emergency-in-10-provinces-10290047/
1266965206	20251006	202510	2025	2025.7562	ECUGOV	ECUADOR	ECU					GOV			ECU	ECUADOR	ECU								0	010	010	01	1	0.0	2	1	2	-5.05494505494505	4	Quito, Pichincha, Ecuador	EC	EC18	18585	-0.216667	-78.5	-932573	4	Quito, Pichincha, Ecuador	EC	EC18	18585	-0.216667	-78.5	-932573	4	Quito, Pichincha, Ecuador	EC	EC18	18585	-0.216667	-78.5	-932573	20251006011500	https://www.wellandtribune.ca/news/world/americas/protesters-rally-for-and-against-ecuadors-president-as-emergency-takes-effect-in-10-provinces/article_dca08afd-79c9-50b0-87c5-5ff3e94d2943.html
1266965207	20251006	202510	2025	2025.7562	ECUGOV	ECUADOR	ECU					GOV			ECU	ECUADOR	ECU								0	010	010	01	1	0.0	2	1	2	-7.79220779220775	1	Ecuador	EC	EC		-2	-77.5	EC	1	Ecuador	EC	EC		-2	-77.5	EC	1	Ecuador	EC	EC		-2	-77.5	EC	20251006011500	https://indianexpress.com/article/world/protesters-rally-for-and-against-ecuador-president-emergency-in-10-provinces-10290047/
1266965208	20251006	202510	2025	2025.7562	EDU	UNIVERSITY						EDU													1	051	051	05	1	3.4	2	1	2	-2.57801899592944	1	Australia	AS	AS		-25	135	AS	0								1	Australia	AS	AS		-25	135	AS	20251006011500	https://umsu.unimelb.edu.au/support/advocacy/safestudentactivism/
1266965209	20251006	202510	2025	2025.7562	EDU	UNIVERSITY						EDU													1	051	051	05	1	3.4	2	1	2	-2.57801899592944	1	Israel	IS	IS		31.5	34.75	IS	0								1	Israel	IS	IS		31.5	34.75	IS	20251006011500	https://umsu.unimelb.edu.au/support/advocacy/safestudentactivism/
1266965210	20251006	202510	2025	2025.7562	EDU	UNIVERSITY						EDU													0	060	060	06	2	6.0	10	1	10	-2.57801899592944	1	Australia	AS	AS		-25	135	AS	0								1	Australia	AS	AS		-25	135	AS	20251006011500	https://umsu.unimelb.edu.au/support/advocacy/safestudentactivism/
1266965211	20251006	202510	2025	2025.7562	EDU	UNIVERSITY						EDU													0	130	130	13	3	-4.4	10	1	10	-2.57801899592944	1	Israel	IS	IS		31.5	34.75	IS	0								1	Israel	IS	IS		31.5	34.75	IS	20251006011500	https://umsu.unimelb.edu.au/support/advocacy/safestudentactivism/
1266965212	20251006	202510	2025	2025.7562	EDU	STUDENT						EDU			JPN	JAPAN	JPN								1	043	043	04	1	2.8	10	1	10	0.5952380952381	1	Japan	JA	JA		36	138	JA	1	Japan	JA	JA		36	138	JA	1	Japan	JA	JA		36	138	JA	20251006011500	https://www.japantimes.co.jp/community/2025/10/06/issues/japan-korea-student-conference/
1266965213	20251006	202510	2025	2025.7562	EDU	UNIVERSITY						EDU			PSE	PALESTINE	PSE								1	051	051	05	1	3.4	4	1	4	-2.57801899592944	1	Australia	AS	AS		-25	135	AS	1	Australia	AS	AS		-25	135	AS	1	Australia	AS	AS		-25	135	AS	20251006011500	https://umsu.unimelb.edu.au/support/advocacy/safestudentactivism/
1266965214	20251006	202510	2025	2025.7562	EDU	UNIVERSITY						EDU			PSE	PALESTINE	PSE								1	051	051	05	1	3.4	2	1	2	-2.57801899592944	1	Israel	IS	IS		31.5	34.75	IS	1	Israel	IS	IS		31.5	34.75	IS	1	Israel	IS	IS		31.5	34.75	IS	20251006011500	https://umsu.unimelb.edu.au/support/advocacy/safestudentactivism/
1266965215	20251006	202510	2025	2025.7562	EDUEDU	COLLEGE						EDU	EDU		USA	PHOENIX	USA								1	060	060	06	2	6.0	10	1	10	2.44648318042813	3	Fountain Hills, Arizona, United States	US	USAZ	AZ013	33.6117	-111.717	36980	3	Fountain Hills, Arizona, United States	US	USAZ		33.6117	-111.717	36980	3	Fountain Hills, Arizona, United States	US	USAZ		33.6117	-111.717	36980	20251006011500	https://ktar.com/arizona-education/metro-phoenix-largest-telescope/5758125/
1266965216	20251006	202510	2025	2025.7562	EGY	EGYPT	EGY																		0	036	036	03	1	4.0	6	1	6	-3.1081081081081	4	Sharm El Sheikh, Janub Sina', Egypt	EG	EG26	66041	27.8518	34.305	-302053	0								4	Sharm El Sheikh, Janub Sina', Egypt	EG	EG26	66041	27.8518	34.305	-302053	20251006011500	http://www.bignewsnetwork.com/news/278619203/daily-world-briefing-oct-6
1266965217	20251006	202510	2025	2025.7562	EGY	ALEXANDRIA	EGY								EGYCOP	ALEXANDRIA	EGY					COP			1	193	193	19	4	-10.0	10	1	10	-13.4020618556701	4	Alexandria, Al Iskandariyah, Egypt	EG	EG06	61590	31.1981	29.9192	-290263	4	Alexandria, Al Iskandariyah, Egypt	EG	EG06	61590	31.1981	29.9192	-290263	4	Alexandria, Al Iskandariyah, Egypt	EG	EG06	61590	31.1981	29.9192	-290263	20251006011500	https://www.kalb.com/2025/10/05/man-killed-shooting-2000-block-kelly-street/
1266965218	20251006	202510	2025	2025.7562	EGY	CAIRO	EGY								IGOUNOIAE	INTERNATIONAL ATOMIC ENERGY AGENCY		UNO				IGO			0	030	030	03	1	4.0	8	1	8	-3.1081081081081	4	Cairo, Al Qahirah, Egypt	EG	EG11	65350	30.05	31.25	-290692	4	Tehran, Tehran, Iran	IR	IR26	41130	35.75	51.5148	10074674	4	Cairo, Al Qahirah, Egypt	EG	EG11	65350	30.05	31.25	-290692	20251006011500	http://www.bignewsnetwork.com/news/278619203/daily-world-briefing-oct-6
1266965219	20251006	202510	2025	2025.7562	EGY	CAIRO	EGY								IGOUNOIAE	INTERNATIONAL ATOMIC ENERGY AGENCY		UNO				IGO			0	030	030	03	1	4.0	2	1	2	-3.1081081081081	4	Tehran, Tehran, Iran	IR	IR26	41130	35.75	51.5148	10074674	4	Tehran, Tehran, Iran	IR	IR26	41130	35.75	51.5148	10074674	4	Tehran, Tehran, Iran	IR	IR26	41130	35.75	51.5148	10074674	20251006011500	http://www.bignewsnetwork.com/news/278619203/daily-world-briefing-oct-6
1266965220	20251006	202510	2025	2025.7562	EGY	CAIRO	EGY								IRN	IRAN	IRN								0	030	030	03	1	4.0	8	1	8	-3.1081081081081	4	Cairo, Al Qahirah, Egypt	EG	EG11	65350	30.05	31.25	-290692	4	Tehran, Tehran, Iran	IR	IR26	41130	35.75	51.5148	10074674	4	Cairo, Al Qahirah, Egypt	EG	EG11	65350	30.05	31.25	-290692	20251006011500	http://www.bignewsnetwork.com/news/278619203/daily-world-briefing-oct-6
1266965221	20251006	202510	2025	2025.7562	EGY	CAIRO	EGY								IRN	IRAN	IRN								0	030	030	03	1	4.0	2	1	2	-3.1081081081081	4	Tehran, Tehran, Iran	IR	IR26	41130	35.75	51.5148	10074674	4	Tehran, Tehran, Iran	IR	IR26	41130	35.75	51.5148	10074674	4	Tehran, Tehran, Iran	IR	IR26	41130	35.75	51.5148	10074674	20251006011500	http://www.bignewsnetwork.com/news/278619203/daily-world-briefing-oct-6
1266965222	20251006	202510	2025	2025.7562	EGY	EGYPT	EGY								ISR	ISRAEL	ISR								1	042	042	04	1	1.9	4	1	4	-3.1081081081081	4	Sharm El Sheikh, Janub Sina', Egypt	EG	EG26	66041	27.8518	34.305	-302053	4	Gaza, Israel (general), Israel	IS	IS00	18315	31.4167	34.3333	-797156	4	Gaza, Israel (general), Israel	IS	IS00	18315	31.4167	34.3333	-797156	20251006011500	http://www.bignewsnetwork.com/news/278619203/daily-world-briefing-oct-6
1266965223	20251006	202510	2025	2025.7562	EGY	EGYPTIAN	EGY								JUD	MAGISTRATE						JUD			1	180	180	18	4	-9.0	1	1	1	-9.70464135021097	4	Melaka, Melaka, Malaysia	MY	MY04	18585	2.196	102.241	-2403412	4	Melaka, Melaka, Malaysia	MY	MY04	18585	2.196	102.241	-2403412	4	Melaka, Melaka, Malaysia	MY	MY04	18585	2.196	102.241	-2403412	20251006011500	https://www.thestar.com.my/news/nation/2025/10/06/egyptian-held-for-beating-wife-and-threatening-to-kill-her
1266965224	20251006	202510	2025	2025.7562	EGY	EGYPTIAN	EGY								MYS	MALAYSIAN	MYS								1	138	138	13	3	-7.0	1	1	1	-9.70464135021097	1	Egypt	EG	EG		27	30	EG	4	Ayer Keroh, Melaka, Malaysia	MY	MY04	18585	2.2654	102.28	-2403419	4	Ayer Keroh, Melaka, Malaysia	MY	MY04	18585	2.2654	102.28	-2403419	20251006011500	https://www.thestar.com.my/news/nation/2025/10/06/egyptian-held-for-beating-wife-and-threatening-to-kill-her
1266965225	20251006	202510	2025	2025.7562	EGY	EGYPT	EGY								PSEMOS	PALESTINIAN	PSE			MOS					1	043	043	04	1	2.8	2	1	2	-3.1081081081081	4	Sharm El Sheikh, Janub Sina', Egypt	EG	EG26	66041	27.8518	34.305	-302053	4	Sharm El Sheikh, Janub Sina', Egypt	EG	EG26	66041	27.8518	34.305	-302053	4	Sharm El Sheikh, Janub Sina', Egypt	EG	EG26	66041	27.8518	34.305	-302053	20251006011500	http://www.bignewsnetwork.com/news/278619203/daily-world-briefing-oct-6
1266965226	20251006	202510	2025	2025.7562	EGY	EGYPT	EGY								PSEMOS	PALESTINIAN	PSE			MOS					1	043	043	04	1	2.8	8	1	8	-3.1081081081081	4	Sharm El Sheikh, Janub Sina', Egypt	EG	EG26	66041	27.8518	34.305	-302053	4	Gaza, Israel (general), Israel	IS	IS00	18315	31.4167	34.3333	-797156	4	Sharm El Sheikh, Janub Sina', Egypt	EG	EG26	66041	27.8518	34.305	-302053	20251006011500	http://www.bignewsnetwork.com/news/278619203/daily-world-briefing-oct-6
1266965227	20251006	202510	2025	2025.7562	EGY	EGYPTIAN	EGY								PSEMOS	PALESTINIAN	PSE			MOS					1	050	050	05	1	3.5	2	1	2	-3.1081081081081	4	Sharm El Sheikh, Janub Sina', Egypt	EG	EG26	66041	27.8518	34.305	-302053	4	Sharm El Sheikh, Janub Sina', Egypt	EG	EG26	66041	27.8518	34.305	-302053	4	Sharm El Sheikh, Janub Sina', Egypt	EG	EG26	66041	27.8518	34.305	-302053	20251006011500	http://www.bignewsnetwork.com/news/278619203/daily-world-briefing-oct-6
1266965228	20251006	202510	2025	2025.7562	EGY	EGYPTIAN	EGY								PSEMOS	PALESTINIAN	PSE			MOS					1	050	050	05	1	3.5	8	1	8	-3.1081081081081	4	Sharm El Sheikh, Janub Sina', Egypt	EG	EG26	66041	27.8518	34.305	-302053	4	Gaza, Israel (general), Israel	IS	IS00	18315	31.4167	34.3333	-797156	4	Sharm El Sheikh, Janub Sina', Egypt	EG	EG26	66041	27.8518	34.305	-302053	20251006011500	http://www.bignewsnetwork.com/news/278619203/daily-world-briefing-oct-6
1266965229	20251006	202510	2025	2025.7562	ELI	RETIRED						ELI			GOV	FIRE DEPARTMENT						GOV			1	193	193	19	4	-10.0	10	1	10	1.34328358208955	0								0								0								20251006011500	https://www.berkshireeagle.com/news/northern_berkshires/north-adams-fall-foliage-parade/article_b74c431d-080b-4b5b-92a4-cc6accea4c61.html
1266965230	20251006	202510	2025	2025.7562	ETH	ADDIS ABABA	ETH																		1	051	051	05	1	3.4	2	1	2	9.87394957983191	4	Oromo, Oyam, Uganda	UG	UGE2	18585	2.4431	32.4473	11397550	0								4	Oromo, Oyam, Uganda	UG	UGE2	18585	2.4431	32.4473	11397550	20251006011500	https://www.tanzanianewsreports.com/foreign-tourists-impressed-by-irreechaa-festival-2/
1266965231	20251006	202510	2025	2025.7562	ETH	ADDIS ABABA	ETH																		1	051	051	05	1	3.4	8	1	8	9.87394957983191	1	Tanzania	TZ	TZ		-6	35	TZ	0								4	Oromo, Oyam, Uganda	UG	UGE2	18585	2.4431	32.4473	11397550	20251006011500	https://www.tanzanianewsreports.com/foreign-tourists-impressed-by-irreechaa-festival-2/
1266965232	20251006	202510	2025	2025.7562	ETH	ADDIS ABABA	ETH								UGA	UGANDA	UGA								1	017	017	01	1	0.0	4	1	4	9.87394957983191	4	Oromo, Oyam, Uganda	UG	UGE2	18585	2.4431	32.4473	11397550	4	Oromo, Oyam, Uganda	UG	UGE2	18585	2.4431	32.4473	11397550	4	Oromo, Oyam, Uganda	UG	UGE2	18585	2.4431	32.4473	11397550	20251006011500	https://www.tanzanianewsreports.com/foreign-tourists-impressed-by-irreechaa-festival-2/
1266965233	20251006	202510	2025	2025.7562	ETH	ADDIS ABABA	ETH								UGA	UGANDA	UGA								1	051	051	05	1	3.4	2	1	2	9.87394957983191	4	Oromo, Oyam, Uganda	UG	UGE2	18585	2.4431	32.4473	11397550	4	Oromo, Oyam, Uganda	UG	UGE2	18585	2.4431	32.4473	11397550	4	Oromo, Oyam, Uganda	UG	UGE2	18585	2.4431	32.4473	11397550	20251006011500	https://www.tanzanianewsreports.com/foreign-tourists-impressed-by-irreechaa-festival-2/
1266965234	20251006	202510	2025	2025.7562	ETH	ADDIS ABABA	ETH								UGA	UGANDA	UGA								1	051	051	05	1	3.4	4	1	4	9.87394957983191	1	Tanzania	TZ	TZ		-6	35	TZ	4	Oromo, Oyam, Uganda	UG	UGE2	18585	2.4431	32.4473	11397550	4	Oromo, Oyam, Uganda	UG	UGE2	18585	2.4431	32.4473	11397550	20251006011500	https://www.tanzanianewsreports.com/foreign-tourists-impressed-by-irreechaa-festival-2/
1266965235	20251006	202510	2025	2025.7562	ETH	ADDIS ABABA	ETH								orm	OROMO			orm						1	017	017	01	1	0.0	1	1	1	9.87394957983191	4	Oromo, Oyam, Uganda	UG	UGE2	18585	2.4431	32.4473	11397550	4	Oromo, Oyam, Uganda	UG	UGE2	18585	2.4431	32.4473	11397550	4	Oromo, Oyam, Uganda	UG	UGE2	18585	2.4431	32.4473	11397550	20251006011500	https://www.tanzanianewsreports.com/foreign-tourists-impressed-by-irreechaa-festival-2/
1266965236	20251006	202510	2025	2025.7562	ETH	ADDIS ABABA	ETH								orm	OROMO			orm						1	051	051	05	1	3.4	1	1	1	9.87394957983191	4	Oromo, Oyam, Uganda	UG	UGE2	18585	2.4431	32.4473	11397550	4	Oromo, Oyam, Uganda	UG	UGE2	18585	2.4431	32.4473	11397550	4	Oromo, Oyam, Uganda	UG	UGE2	18585	2.4431	32.4473	11397550	20251006011500	https://www.tanzanianewsreports.com/foreign-tourists-impressed-by-irreechaa-festival-2/
1266965237	20251006	202510	2025	2025.7562	ETH	ADDIS ABABA	ETH								orm	OROMO			orm						1	051	051	05	1	3.4	1	1	1	9.87394957983191	1	Tanzania	TZ	TZ		-6	35	TZ	4	Oromo, Oyam, Uganda	UG	UGE2	18585	2.4431	32.4473	11397550	4	Oromo, Oyam, Uganda	UG	UGE2	18585	2.4431	32.4473	11397550	20251006011500	https://www.tanzanianewsreports.com/foreign-tourists-impressed-by-irreechaa-festival-2/
1266965238	20251006	202510	2025	2025.7562	FJI	FIJI	FJI								HLH	DOCTOR						HLH			1	046	046	04	1	7.0	1	1	1	-1.03626943005181	1	Fiji	FJ	FJ		-18	178	FJ	1	Fiji	FJ	FJ		-18	178	FJ	1	Fiji	FJ	FJ		-18	178	FJ	20251006011500	https://www.fijivillage.com/news/Environment-Council-reunites-after-nearly-5-years-to-strengthen-environmental-governance-58rf4x/
1266965239	20251006	202510	2025	2025.7562	FJI	FIJI	FJI								IGOUNO	THE UN		UNO				IGO			1	030	030	03	1	4.0	2	1	2	-1.71232876712329	1	Fiji	FJ	FJ		-18	178	FJ	1	Vietnam, Republic Of	VM	VM		16.166667	107.833333	VM	1	Vietnam, Republic Of	VM	VM		16.166667	107.833333	VM	20251006011500	https://www.fijivillage.com/news/National-Scam-Reporting-and-Analytics-Platform-to-be-launched-in-2026-x548rf/
1266965240	20251006	202510	2025	2025.7562	FJI	FIJI	FJI								VNM	VIETNAM	VNM								1	046	046	04	1	7.0	4	1	4	-1.71232876712329	4	Budapest, Budapest, Hungary	HU	HU05	17514	47.5	19.0833	-850553	4	Budapest, Budapest, Hungary	HU	HU05	17514	47.5	19.0833	-850553	4	Budapest, Budapest, Hungary	HU	HU05	17514	47.5	19.0833	-850553	20251006011500	https://www.fijivillage.com/news/National-Scam-Reporting-and-Analytics-Platform-to-be-launched-in-2026-x548rf/
1266965241	20251006	202510	2025	2025.7562	FJIHLH	FIJI	FJI					HLH													1	046	046	04	1	7.0	1	1	1	-1.03626943005181	1	Fiji	FJ	FJ		-18	178	FJ	0								1	Fiji	FJ	FJ		-18	178	FJ	20251006011500	https://www.fijivillage.com/news/Environment-Council-reunites-after-nearly-5-years-to-strengthen-environmental-governance-58rf4x/
1266965242	20251006	202510	2025	2025.7562	FJIHLH	FIJI	FJI					HLH			GOVENV	MINIST OF ENVIRONMENT						GOV	ENV		1	046	046	04	1	7.0	1	1	1	-1.03626943005181	1	Fiji	FJ	FJ		-18	178	FJ	1	Fiji	FJ	FJ		-18	178	FJ	1	Fiji	FJ	FJ		-18	178	FJ	20251006011500	https://www.fijivillage.com/news/Environment-Council-reunites-after-nearly-5-years-to-strengthen-environmental-governance-58rf4x/
1266965243	20251006	202510	2025	2025.7562	FRA	DIJON	FRA								COP	POLICE						COP			0	1821	182	18	4	-9.0	5	1	5	-4.82315112540193	4	Paris, France (general), France	FR	FR00	16282	48.8667	2.33333	-1456928	4	Paris, France (general), France	FR	FR00	16282	48.8667	2.33333	-1456928	4	Paris, France (general), France	FR	FR00	16282	48.8667	2.33333	-1456928	20251006011500	https://www.yahoo.com/news/articles/gis-le-pelicot-faces-one-230711109.html
1266965244	20251006	202510	2025	2025.7562	FRA	FRANCE	FRA								GOV	PRESIDENT						GOV			0	010	010	01	1	0.0	2	1	2	-4.82315112540193	4	Paris, France (general), France	FR	FR00	16282	48.8667	2.33333	-1456928	4	Paris, France (general), France	FR	FR00	16282	48.8667	2.33333	-1456928	4	Paris, France (general), France	FR	FR00	16282	48.8667	2.33333	-1456928	20251006011500	https://www.yahoo.com/news/articles/gis-le-pelicot-faces-one-230711109.html
1266965245	20251006	202510	2025	2025.7562	FRA	FRANCE	FRA								GOV	MINISTRY						GOV			1	090	090	09	2	-2.0	4	1	4	0.25125628140704	4	Paris, France (general), France	FR	FR00	16282	48.8667	2.33333	-1456928	4	Paris, France (general), France	FR	FR00	16282	48.8667	2.33333	-1456928	4	Paris, France (general), France	FR	FR00	16282	48.8667	2.33333	-1456928	20251006011500	https://www.thestar.com.my/news/nation/2025/10/06/parliament-foreign-policy-on-palestine-kampung-baru-development-on-agenda-today
1266965246	20251006	202510	2025	2025.7562	FRA	FRANCE	FRA								GOVMIL	DEFENCE MINIST						GOV	MIL		1	020	020	02	1	3.0	4	1	4	0.25125628140704	4	Kampung Baru, Terengganu, Malaysia	MY	MY13	18585	3.9932	103.279	11011154	4	Kampung Baru, Terengganu, Malaysia	MY	MY13	18585	3.9932	103.279	11011154	4	Kampung Baru, Terengganu, Malaysia	MY	MY13	18585	3.9932	103.279	11011154	20251006011500	https://www.thestar.com.my/news/nation/2025/10/06/parliament-foreign-policy-on-palestine-kampung-baru-development-on-agenda-today
1266965247	20251006	202510	2025	2025.7562	FRA	FRANCE	FRA								JUD	LAWYER						JUD			0	013	013	01	1	0.4	1	1	1	-4.82315112540193	4	Paris, France (general), France	FR	FR00	16282	48.8667	2.33333	-1456928	4	Paris, France (general), France	FR	FR00	16282	48.8667	2.33333	-1456928	4	Paris, France (general), France	FR	FR00	16282	48.8667	2.33333	-1456928	20251006011500	https://www.yahoo.com/news/articles/gis-le-pelicot-faces-one-230711109.html
1266965248	20251006	202510	2025	2025.7562	FRA	FRANCE	FRA								JUD	LAWYER						JUD			0	1821	182	18	4	-9.0	2	1	2	-4.82315112540193	4	Paris, France (general), France	FR	FR00	16282	48.8667	2.33333	-1456928	4	Paris, France (general), France	FR	FR00	16282	48.8667	2.33333	-1456928	4	Paris, France (general), France	FR	FR00	16282	48.8667	2.33333	-1456928	20251006011500	https://www.yahoo.com/news/articles/gis-le-pelicot-faces-one-230711109.html
1266965249	20251006	202510	2025	2025.7562	FRAJUD	FRANCE	FRA					JUD			FRA	FRANCE	FRA								0	010	010	01	1	0.0	1	1	1	-4.82315112540193	4	Paris, France (general), France	FR	FR00	16282	48.8667	2.33333	-1456928	4	Paris, France (general), France	FR	FR00	16282	48.8667	2.33333	-1456928	4	Paris, France (general), France	FR	FR00	16282	48.8667	2.33333	-1456928	20251006011500	https://www.yahoo.com/news/articles/gis-le-pelicot-faces-one-230711109.html
1266965250	20251006	202510	2025	2025.7562	GBR	UNITED KINGDOM	GBR																		0	020	020	02	1	3.0	2	1	2	-2.24032586558045	4	Notting Hill, Kensington and Chelsea, United Kingdom	UK	UKG4	40110	51.5167	-0.216667	-2604471	0								4	Notting Hill, Kensington and Chelsea, United Kingdom	UK	UKG4	40110	51.5167	-0.216667	-2604471	20251006011500	https://www.dailymail.co.uk/debate/article-15164693/Party-membership-falls-Tory-clan-gathers-ANDREW-PIERCE.html
1266965251	20251006	202510	2025	2025.7562	GBR	UNITED KINGDOM	GBR																		0	071	071	07	2	7.4	10	1	10	0.96153846153846	4	Bristol, Bristol, City of, United Kingdom	UK	UKB7	40094	51.45	-2.58333	-2590919	0								4	Bristol, Bristol, City of, United Kingdom	UK	UKB7	40094	51.45	-2.58333	-2590919	20251006011500	https://www.thestar.com.my/business/business-news/2025/10/06/trading-ideas-ihh-maxis-malakoff-nexg-sapura-industria-mbsb-g-capital-plytec-solarvest-knm-ytl-sc-estate-builder-perak-transit-ctos
1266965252	20251006	202510	2025	2025.7562	GBR	UNITED KINGDOM	GBR																		1	138	138	13	3	-7.0	5	1	5	-3.57142857142857	1	United Kingdom	UK	UK		54	-4	UK	0								1	United Kingdom	UK	UK		54	-4	UK	20251006011500	http://www.jpost.com/business-and-innovation/article-869551
1266965253	20251006	202510	2025	2025.7562	GBR	UNITED KINGDOM	GBR								CHN	CHINA	CHN								1	090	090	09	2	-2.0	2	1	2	-1.87919463087249	4	Northern Ireland, Craigavon, United Kingdom	UK	UKR8	40152	54.5	-6.5	-2604275	1	China	CH	CH		35	105	CH	4	Northern Ireland, Craigavon, United Kingdom	UK	UKR8	40152	54.5	-6.5	-2604275	20251006011500	https://www.dailymail.co.uk/debate/article-15164707/ANDREW-PIERCE-Starmers-security-chief-Jonathan-Powell-shadowy-figure-influence-minister.html
1266965254	20251006	202510	2025	2025.7562	GBR	BRITON	GBR								CHN	CHINA	CHN								1	090	090	09	2	-2.0	4	1	4	-1.87919463087249	4	Northern Ireland, Craigavon, United Kingdom	UK	UKR8	40152	54.5	-6.5	-2604275	1	China	CH	CH		35	105	CH	1	China	CH	CH		35	105	CH	20251006011500	https://www.dailymail.co.uk/debate/article-15164707/ANDREW-PIERCE-Starmers-security-chief-Jonathan-Powell-shadowy-figure-influence-minister.html
1266965255	20251006	202510	2025	2025.7562	GBR	BRITON	GBR								CHN	CHINA	CHN								1	1125	112	11	3	-2.0	6	1	6	-1.87919463087249	4	Northern Ireland, Craigavon, United Kingdom	UK	UKR8	40152	54.5	-6.5	-2604275	4	Northern Ireland, Craigavon, United Kingdom	UK	UKR8	40152	54.5	-6.5	-2604275	4	Northern Ireland, Craigavon, United Kingdom	UK	UKR8	40152	54.5	-6.5	-2604275	20251006011500	https://www.dailymail.co.uk/debate/article-15164707/ANDREW-PIERCE-Starmers-security-chief-Jonathan-Powell-shadowy-figure-influence-minister.html
1266965256	20251006	202510	2025	2025.7562	GBR	MANCHESTER	GBR								CVL	COMMUNITY						CVL			0	010	010	01	1	0.0	60	6	60	-5.34441805225653	4	Heaton Park, Manchester, United Kingdom	UK	UKI2	40118	53.5333	-2.26667	-2598411	4	Heaton Park, Manchester, United Kingdom	UK	UKI2	40118	53.5333	-2.26667	-2598411	4	Heaton Park, Manchester, United Kingdom	UK	UKI2	40118	53.5333	-2.26667	-2598411	20251006011500	https://www.keighleynews.co.uk/news/national/25518988.bravery-synagogue-attack-victims-remembered-first-funeral-takes-place/
1266965257	20251006	202510	2025	2025.7562	GBR	MANCHESTER	GBR								CVL	COMMUNITY						CVL			0	012	012	01	1	-0.4	60	6	60	-5.34441805225653	4	Heaton Park, Manchester, United Kingdom	UK	UKI2	40118	53.5333	-2.26667	-2598411	4	Heaton Park, Manchester, United Kingdom	UK	UKI2	40118	53.5333	-2.26667	-2598411	4	Heaton Park, Manchester, United Kingdom	UK	UKI2	40118	53.5333	-2.26667	-2598411	20251006011500	https://www.keighleynews.co.uk/news/national/25518988.bravery-synagogue-attack-victims-remembered-first-funeral-takes-place/
1266965258	20251006	202510	2025	2025.7562	GBR	UNITED KINGDOM	GBR								GBRGOV	UNITED KINGDOM	GBR					GOV			1	040	040	04	1	1.0	1	1	1	-1.87919463087249	4	Northern Ireland, Craigavon, United Kingdom	UK	UKR8	40152	54.5	-6.5	-2604275	4	Northern Ireland, Craigavon, United Kingdom	UK	UKR8	40152	54.5	-6.5	-2604275	4	Northern Ireland, Craigavon, United Kingdom	UK	UKR8	40152	54.5	-6.5	-2604275	20251006011500	https://www.dailymail.co.uk/debate/article-15164707/ANDREW-PIERCE-Starmers-security-chief-Jonathan-Powell-shadowy-figure-influence-minister.html
1266965259	20251006	202510	2025	2025.7562	GBR	UNITED KINGDOM	GBR								GOV	PRESIDENT						GOV			1	040	040	04	1	1.0	2	1	2	-1.87919463087249	4	Northern Ireland, Craigavon, United Kingdom	UK	UKR8	40152	54.5	-6.5	-2604275	4	Northern Ireland, Craigavon, United Kingdom	UK	UKR8	40152	54.5	-6.5	-2604275	4	Northern Ireland, Craigavon, United Kingdom	UK	UKR8	40152	54.5	-6.5	-2604275	20251006011500	https://www.dailymail.co.uk/debate/article-15164707/ANDREW-PIERCE-Starmers-security-chief-Jonathan-Powell-shadowy-figure-influence-minister.html
1266965260	20251006	202510	2025	2025.7562	GBR	BRITAIN	GBR								ISR	ISRAELI	ISR								1	030	030	03	1	4.0	4	1	4	-1.87919463087249	4	Northern Ireland, Craigavon, United Kingdom	UK	UKR8	40152	54.5	-6.5	-2604275	1	Israel	IS	IS		31.5	34.75	IS	1	Israel	IS	IS		31.5	34.75	IS	20251006011500	https://www.dailymail.co.uk/debate/article-15164707/ANDREW-PIERCE-Starmers-security-chief-Jonathan-Powell-shadowy-figure-influence-minister.html
1266965261	20251006	202510	2025	2025.7562	GBR	BRITAIN	GBR								ISR	ISRAELI	ISR								1	030	030	03	1	4.0	1	1	1	-1.87919463087249	3	White House, District of Columbia, United States	US	USDC		38.8951	-77.0364	531871	3	White House, District of Columbia, United States	US	USDC		38.8951	-77.0364	531871	3	White House, District of Columbia, United States	US	USDC		38.8951	-77.0364	531871	20251006011500	https://www.dailymail.co.uk/debate/article-15164707/ANDREW-PIERCE-Starmers-security-chief-Jonathan-Powell-shadowy-figure-influence-minister.html
1266965262	20251006	202510	2025	2025.7562	GBR	BRITAIN	GBR								ISR	ISRAELI	ISR								1	043	043	04	1	2.8	4	1	4	-1.87919463087249	4	Northern Ireland, Craigavon, United Kingdom	UK	UKR8	40152	54.5	-6.5	-2604275	1	Israel	IS	IS		31.5	34.75	IS	1	Israel	IS	IS		31.5	34.75	IS	20251006011500	https://www.dailymail.co.uk/debate/article-15164707/ANDREW-PIERCE-Starmers-security-chief-Jonathan-Powell-shadowy-figure-influence-minister.html
1266965263	20251006	202510	2025	2025.7562	GBR	BRITAIN	GBR								ISR	ISRAEL	ISR								1	043	043	04	1	2.8	1	1	1	-1.87919463087249	3	White House, District of Columbia, United States	US	USDC		38.8951	-77.0364	531871	3	White House, District of Columbia, United States	US	USDC		38.8951	-77.0364	531871	3	White House, District of Columbia, United States	US	USDC		38.8951	-77.0364	531871	20251006011500	https://www.dailymail.co.uk/debate/article-15164707/ANDREW-PIERCE-Starmers-security-chief-Jonathan-Powell-shadowy-figure-influence-minister.html
1266965264	20251006	202510	2025	2025.7562	GBR	UNITED KINGDOM	GBR								ISR	ISRAEL	ISR								1	060	060	06	2	6.0	3	1	3	-1.87919463087249	4	Northern Ireland, Craigavon, United Kingdom	UK	UKR8	40152	54.5	-6.5	-2604275	1	Israel	IS	IS		31.5	34.75	IS	3	White House, District of Columbia, United States	US	USDC		38.8951	-77.0364	531871	20251006011500	https://www.dailymail.co.uk/debate/article-15164707/ANDREW-PIERCE-Starmers-security-chief-Jonathan-Powell-shadowy-figure-influence-minister.html
1266965265	20251006	202510	2025	2025.7562	GBR	BRITAIN	GBR								ISR	ISRAEL	ISR								1	060	060	06	2	6.0	1	1	1	-1.87919463087249	3	White House, District of Columbia, United States	US	USDC		38.8951	-77.0364	531871	3	White House, District of Columbia, United States	US	USDC		38.8951	-77.0364	531871	3	White House, District of Columbia, United States	US	USDC		38.8951	-77.0364	531871	20251006011500	https://www.dailymail.co.uk/debate/article-15164707/ANDREW-PIERCE-Starmers-security-chief-Jonathan-Powell-shadowy-figure-influence-minister.html
1266965266	20251006	202510	2025	2025.7562	GBR	LONDON	GBR								PSE	PALESTINIAN	PSE								1	030	030	03	1	4.0	1	1	1	-8.65671641791048	4	London, London, City of, United Kingdom	UK	UKH9	40110	51.5	-0.116667	-2601889	4	Gaza, Israel (general), Israel	IS	IS00	18315	31.4167	34.3333	-797156	4	Gaza, Israel (general), Israel	IS	IS00	18315	31.4167	34.3333	-797156	20251006011500	https://www.santafenewmexican.com/ap/international/uk-says-it-will-restrict-repeated-protests-after-500-arrests-at-pro-palestinian-vigil/article_7c919bf4-7a33-5853-8c8f-b8f37f17bef8.html
1266965267	20251006	202510	2025	2025.7562	GBR	BRITAIN	GBR								PSE	PALESTINIAN	PSE								1	060	060	06	2	6.0	1	1	1	-1.87919463087249	4	Northern Ireland, Craigavon, United Kingdom	UK	UKR8	40152	54.5	-6.5	-2604275	1	Israel	IS	IS		31.5	34.75	IS	3	White House, District of Columbia, United States	US	USDC		38.8951	-77.0364	531871	20251006011500	https://www.dailymail.co.uk/debate/article-15164707/ANDREW-PIERCE-Starmers-security-chief-Jonathan-Powell-shadowy-figure-influence-minister.html
1266965268	20251006	202510	2025	2025.7562	GBR	LONDON	GBR								PSE	PALESTINIAN	PSE								1	173	173	17	4	-5.0	1	1	1	-8.65671641791048	4	Manchester, Manchester, United Kingdom	UK	UKI2	40118	53.5	-2.21667	-2602512	4	Manchester, Manchester, United Kingdom	UK	UKI2	40118	53.5	-2.21667	-2602512	4	Manchester, Manchester, United Kingdom	UK	UKI2	40118	53.5	-2.21667	-2602512	20251006011500	https://www.santafenewmexican.com/ap/international/uk-says-it-will-restrict-repeated-protests-after-500-arrests-at-pro-palestinian-vigil/article_7c919bf4-7a33-5853-8c8f-b8f37f17bef8.html
1266965269	20251006	202510	2025	2025.7562	GBR	MANCHESTER	GBR								UAF	TERRORIST						UAF			1	017	017	01	1	0.0	18	6	18	-5.34441805225653	4	Greater Manchester, United Kingdom (general), United Kingdom	UK	UK00	40111	53.45	-2.23333	-2597513	4	Greater Manchester, United Kingdom (general), United Kingdom	UK	UK00	40111	53.45	-2.23333	-2597513	4	Greater Manchester, United Kingdom (general), United Kingdom	UK	UK00	40111	53.45	-2.23333	-2597513	20251006011500	https://www.keighleynews.co.uk/news/national/25518988.bravery-synagogue-attack-victims-remembered-first-funeral-takes-place/
1266965270	20251006	202510	2025	2025.7562	GBR	UNITED KINGDOM	GBR								UAF	TERRORIST						UAF			1	017	017	01	1	0.0	24	6	24	-5.34441805225653	4	Heaton Park, Manchester, United Kingdom	UK	UKI2	40118	53.5333	-2.26667	-2598411	4	Heaton Park, Manchester, United Kingdom	UK	UKI2	40118	53.5333	-2.26667	-2598411	4	Heaton Park, Manchester, United Kingdom	UK	UKI2	40118	53.5333	-2.26667	-2598411	20251006011500	https://www.keighleynews.co.uk/news/national/25518988.bravery-synagogue-attack-victims-remembered-first-funeral-takes-place/
1266965271	20251006	202510	2025	2025.7562	GBR	MANCHESTER	GBR								UAF	TERRORIST						UAF			1	017	017	01	1	0.0	5	1	5	-6.18686868686869	4	Manchester, Manchester, United Kingdom	UK	UKI2	40118	53.5	-2.21667	-2602512	4	Manchester, Manchester, United Kingdom	UK	UKI2	40118	53.5	-2.21667	-2602512	4	Manchester, Manchester, United Kingdom	UK	UKI2	40118	53.5	-2.21667	-2602512	20251006011500	https://www.kentonline.co.uk/news/national/bravery-of-synagogue-attack-victims-remembered-as-first-funeral-takes-place-156171/
1266965272	20251006	202510	2025	2025.7562	GBRBUS	UNITED KINGDOM	GBR					BUS													1	180	180	18	4	-9.0	8	1	8	-5.27298180121325	4	Heathrow, Hillingdon, United Kingdom	UK	UKF9	40133	51.4667	-0.45	-2598406	0								4	Heathrow, Hillingdon, United Kingdom	UK	UKF9	40133	51.4667	-0.45	-2598406	20251006011500	https://www.bbc.com/news/articles/c5ye8zj5l4jo
1266965273	20251006	202510	2025	2025.7562	GBRBUS	UNITED KINGDOM	GBR					BUS													1	180	180	18	4	-9.0	2	1	2	-5.27298180121325	1	Russia	RS	RS		60	100	RS	0								1	Russia	RS	RS		60	100	RS	20251006011500	https://www.bbc.com/news/articles/c5ye8zj5l4jo
1266965274	20251006	202510	2025	2025.7562	GBRGOV	UNITED KINGDOM	GBR					GOV													0	051	051	05	1	3.4	1	1	1	-8.65671641791048	4	Manchester, Manchester, United Kingdom	UK	UKI2	40118	53.5	-2.21667	-2602512	0								4	Manchester, Manchester, United Kingdom	UK	UKI2	40118	53.5	-2.21667	-2602512	20251006011500	https://www.santafenewmexican.com/ap/international/uk-says-it-will-restrict-repeated-protests-after-500-arrests-at-pro-palestinian-vigil/article_7c919bf4-7a33-5853-8c8f-b8f37f17bef8.html
1266965275	20251006	202510	2025	2025.7562	GBRGOV	UNITED KINGDOM	GBR					GOV			GBR	UNITED KINGDOM	GBR								1	040	040	04	1	1.0	1	1	1	-1.87919463087249	4	Northern Ireland, Craigavon, United Kingdom	UK	UKR8	40152	54.5	-6.5	-2604275	4	Northern Ireland, Craigavon, United Kingdom	UK	UKR8	40152	54.5	-6.5	-2604275	4	Northern Ireland, Craigavon, United Kingdom	UK	UKR8	40152	54.5	-6.5	-2604275	20251006011500	https://www.dailymail.co.uk/debate/article-15164707/ANDREW-PIERCE-Starmers-security-chief-Jonathan-Powell-shadowy-figure-influence-minister.html
1266965276	20251006	202510	2025	2025.7562	GOV	MAYOR						GOV													1	010	010	01	1	0.0	7	1	7	-4.82315112540193	4	Paris, France (general), France	FR	FR00	16282	48.8667	2.33333	-1456928	0								4	Paris, France (general), France	FR	FR00	16282	48.8667	2.33333	-1456928	20251006011500	https://www.yahoo.com/news/articles/gis-le-pelicot-faces-one-230711109.html
1266965277	20251006	202510	2025	2025.7562	GOV	AUTHORITIES						GOV													1	010	010	01	1	0.0	10	1	10	0.8130081300813	3	Nashville, Tennessee, United States	US	USTN	TN037	36.1659	-86.7844	1652484	0								3	Nashville, Tennessee, United States	US	USTN	TN037	36.1659	-86.7844	1652484	20251006011500	https://www.seattletimes.com/nation-world/skydiving-instructor-dies-after-being-separated-from-student-officials-say/
1266965278	20251006	202510	2025	2025.7562	GOV	GOVERNMENT						GOV													0	015	015	01	1	0.0	10	1	10	0.92307692307692	1	Papua New Guinea	PP	PP		-6	147	PP	0								1	Papua New Guinea	PP	PP		-6	147	PP	20251006011500	https://www.thenational.com.pg/education-is-the-foundation-of-nation-building/
1266965279	20251006	202510	2025	2025.7562	GOV	PRESIDENT						GOV													0	020	020	02	1	3.0	10	1	10	1.45719489981785	4	Apia, Samoa (general), Samoa	WS	WS00	25301	-13.8333	-171.733	-1307163	0								4	Apia, Samoa (general), Samoa	WS	WS00	25301	-13.8333	-171.733	-1307163	20251006011500	https://www.ksl.com:443/article/51385287/church-of-jesus-christ-faithful-in-samoa-reflect-on-president-nelsons-2019-visit
1266965280	20251006	202510	2025	2025.7562	GOV	CIVIL SERVANT						GOV													1	040	040	04	1	1.0	5	1	5	-4.82315112540193	4	Paris, France (general), France	FR	FR00	16282	48.8667	2.33333	-1456928	0								4	Paris, France (general), France	FR	FR00	16282	48.8667	2.33333	-1456928	20251006011500	https://www.yahoo.com/news/articles/gis-le-pelicot-faces-one-230711109.html
1266965281	20251006	202510	2025	2025.7562	GOV	GOVERNMENT						GOV													0	042	042	04	1	1.9	10	1	10	-5.05494505494505	4	Quito, Pichincha, Ecuador	EC	EC18	18585	-0.216667	-78.5	-932573	0								4	Quito, Pichincha, Ecuador	EC	EC18	18585	-0.216667	-78.5	-932573	20251006011500	https://www.wellandtribune.ca/news/world/americas/protesters-rally-for-and-against-ecuadors-president-as-emergency-takes-effect-in-10-provinces/article_dca08afd-79c9-50b0-87c5-5ff3e94d2943.html
1266965282	20251006	202510	2025	2025.7562	GOV	GOVERNMENT						GOV													0	042	042	04	1	1.9	10	1	10	-7.79220779220775	1	Ecuador	EC	EC		-2	-77.5	EC	0								1	Ecuador	EC	EC		-2	-77.5	EC	20251006011500	https://indianexpress.com/article/world/protesters-rally-for-and-against-ecuador-president-emergency-in-10-provinces-10290047/
1266965283	20251006	202510	2025	2025.7562	GOV	GOVERNMENT						GOV													0	052	052	05	1	3.5	5	1	5	-8.65671641791048	4	Gaza, Israel (general), Israel	IS	IS00	18315	31.4167	34.3333	-797156	0								4	Gaza, Israel (general), Israel	IS	IS00	18315	31.4167	34.3333	-797156	20251006011500	https://www.santafenewmexican.com/ap/international/uk-says-it-will-restrict-repeated-protests-after-500-arrests-at-pro-palestinian-vigil/article_7c919bf4-7a33-5853-8c8f-b8f37f17bef8.html
1266965284	20251006	202510	2025	2025.7562	GOV	AUTHORITIES						GOV													1	060	060	06	2	6.0	10	1	10	0.8130081300813	3	Nashville, Tennessee, United States	US	USTN	TN037	36.1659	-86.7844	1652484	0								3	Nashville, Tennessee, United States	US	USTN	TN037	36.1659	-86.7844	1652484	20251006011500	https://www.seattletimes.com/nation-world/skydiving-instructor-dies-after-being-separated-from-student-officials-say/
1266965285	20251006	202510	2025	2025.7562	GOV	GOVERNMENT						GOV													0	110	110	11	3	-2.0	5	1	5	-8.65671641791048	4	Gaza, Israel (general), Israel	IS	IS00	18315	31.4167	34.3333	-797156	0								4	Gaza, Israel (general), Israel	IS	IS00	18315	31.4167	34.3333	-797156	20251006011500	https://www.santafenewmexican.com/ap/international/uk-says-it-will-restrict-repeated-protests-after-500-arrests-at-pro-palestinian-vigil/article_7c919bf4-7a33-5853-8c8f-b8f37f17bef8.html
1266965286	20251006	202510	2025	2025.7562	GOV	PRESIDENT						GOV													1	111	111	11	3	-2.0	6	1	6	4.65686274509804	4	Tokyo, Tokyo, Japan	JA	JA40	36340	35.685	139.751	-246227	0								4	Tokyo, Tokyo, Japan	JA	JA40	36340	35.685	139.751	-246227	20251006011500	https://www.theworldfolio.com/news/tobu-hotels-connect-culture--stay/5263/
1266965287	20251006	202510	2025	2025.7562	GOV	GOVERNMENT						GOV													0	111	111	11	3	-2.0	2	1	2	1.39240506329114	1	Vietnam, Republic Of	VM	VM		16.166667	107.833333	VM	0								1	Vietnam, Republic Of	VM	VM		16.166667	107.833333	VM	20251006011500	https://vietnamnews.vn/economy/1726616/digital-data-paves-way-for-exports-to-major-markets.html
1266965288	20251006	202510	2025	2025.7562	GOV	CHIEF MINISTER						GOV													0	112	112	11	3	-2.0	10	1	10	-6.6768994627782	4	Kolkata, West Bengal, India	IN	IN28	70294	22.5697	88.3697	-2092511	0								4	Kolkata, West Bengal, India	IN	IN28	70294	22.5697	88.3697	-2092511	20251006011500	https://www.hindustantimes.com/india-news/darjeeling-deluge-kills-18-after-landslides-sweep-through-hills-101759690281489.html
1266965289	20251006	202510	2025	2025.7562	GOV	CABINET						GOV													0	120	120	12	3	-4.0	6	1	6	-1.87919463087249	4	Northern Ireland, Craigavon, United Kingdom	UK	UKR8	40152	54.5	-6.5	-2604275	0								4	Northern Ireland, Craigavon, United Kingdom	UK	UKR8	40152	54.5	-6.5	-2604275	20251006011500	https://www.dailymail.co.uk/debate/article-15164707/ANDREW-PIERCE-Starmers-security-chief-Jonathan-Powell-shadowy-figure-influence-minister.html
1266965290	20251006	202510	2025	2025.7562	GOV	CABINET						GOV													0	120	120	12	3	-4.0	2	1	2	-1.87919463087249	3	White House, District of Columbia, United States	US	USDC		38.8951	-77.0364	531871	0								4	Northern Ireland, Craigavon, United Kingdom	UK	UKR8	40152	54.5	-6.5	-2604275	20251006011500	https://www.dailymail.co.uk/debate/article-15164707/ANDREW-PIERCE-Starmers-security-chief-Jonathan-Powell-shadowy-figure-influence-minister.html
1266965291	20251006	202510	2025	2025.7562	GOV	CABINET						GOV													0	120	120	12	3	-4.0	2	1	2	-1.87919463087249	3	White House, District of Columbia, United States	US	USDC		38.8951	-77.0364	531871	0								3	White House, District of Columbia, United States	US	USDC		38.8951	-77.0364	531871	20251006011500	https://www.dailymail.co.uk/debate/article-15164707/ANDREW-PIERCE-Starmers-security-chief-Jonathan-Powell-shadowy-figure-influence-minister.html
1266965292	20251006	202510	2025	2025.7562	GOV	PRESIDENT						GOV													0	125	125	12	3	-5.0	3	1	3	-5.05494505494505	4	Quito, Pichincha, Ecuador	EC	EC18	18585	-0.216667	-78.5	-932573	0								4	Quito, Pichincha, Ecuador	EC	EC18	18585	-0.216667	-78.5	-932573	20251006011500	https://www.wellandtribune.ca/news/world/americas/protesters-rally-for-and-against-ecuadors-president-as-emergency-takes-effect-in-10-provinces/article_dca08afd-79c9-50b0-87c5-5ff3e94d2943.html
1266965293	20251006	202510	2025	2025.7562	GOV	PRESIDENT						GOV													0	125	125	12	3	-5.0	3	1	3	-7.79220779220775	1	Ecuador	EC	EC		-2	-77.5	EC	0								1	Ecuador	EC	EC		-2	-77.5	EC	20251006011500	https://indianexpress.com/article/world/protesters-rally-for-and-against-ecuador-president-emergency-in-10-provinces-10290047/
1266965294	20251006	202510	2025	2025.7562	GOV	METEOROLOGICAL DEPARTMENT						GOV													0	130	130	13	3	-4.4	2	1	2	-6.6768994627782	4	Alipurduar, West Bengal, India	IN	IN28	17952	26.4833	89.5667	-2088501	0								4	Alipurduar, West Bengal, India	IN	IN28	17952	26.4833	89.5667	-2088501	20251006011500	https://www.hindustantimes.com/india-news/darjeeling-deluge-kills-18-after-landslides-sweep-through-hills-101759690281489.html
1266965295	20251006	202510	2025	2025.7562	GOV	METEOROLOGICAL DEPARTMENT						GOV													0	130	130	13	3	-4.4	1	1	1	-6.6768994627782	4	Mirik, West Bengal, India	IN	IN28	17948	26.8945	88.1848	-2104565	0								4	Alipurduar, West Bengal, India	IN	IN28	17952	26.4833	89.5667	-2088501	20251006011500	https://www.hindustantimes.com/india-news/darjeeling-deluge-kills-18-after-landslides-sweep-through-hills-101759690281489.html
1266965296	20251006	202510	2025	2025.7562	GOV	PRIME MINISTER						GOV			BTN	BHUTAN	BTN								0	018	018	01	1	3.4	2	1	2	-6.6768994627782	4	Sankosh River, Bhutan (general), Bhutan	BT	BT00	17952	26.3833	89.8	-2211370	4	Sankosh River, Bhutan (general), Bhutan	BT	BT00	17952	26.3833	89.8	-2211370	4	Sankosh River, Bhutan (general), Bhutan	BT	BT00	17952	26.3833	89.8	-2211370	20251006011500	https://www.hindustantimes.com/india-news/darjeeling-deluge-kills-18-after-landslides-sweep-through-hills-101759690281489.html
1266965297	20251006	202510	2025	2025.7562	GOV	GOVERNMENT						GOV			BUS	BUSINESS						BUS			0	180	180	18	4	-9.0	6	1	6	-5.27298180121325	4	Halewood, Knowsley, United Kingdom	UK	UKG9	40121	53.3667	-2.81667	-2597985	4	Halewood, Knowsley, United Kingdom	UK	UKG9	40121	53.3667	-2.81667	-2597985	4	Halewood, Knowsley, United Kingdom	UK	UKG9	40121	53.3667	-2.81667	-2597985	20251006011500	https://www.bbc.com/news/articles/c5ye8zj5l4jo
1266965298	20251006	202510	2025	2025.7562	GOV	GOVERNMENT						GOV			BUS	BUSINESS						BUS			0	180	180	18	4	-9.0	4	1	4	-5.27298180121325	4	London, London, City of, United Kingdom	UK	UKH9	40110	51.5	-0.116667	-2601889	4	London, London, City of, United Kingdom	UK	UKH9	40110	51.5	-0.116667	-2601889	4	London, London, City of, United Kingdom	UK	UKH9	40110	51.5	-0.116667	-2601889	20251006011500	https://www.bbc.com/news/articles/c5ye8zj5l4jo
1266965299	20251006	202510	2025	2025.7562	GOV	PREMIER						GOV			CAN	CANADA	CAN								1	036	036	03	1	4.0	2	1	2	1.04712041884817	4	Quebec, Quebec, Canada	CA	CA10	12750	47.5	-72	-571850	4	Quebec, Quebec, Canada	CA	CA10	12750	47.5	-72	-571850	4	Quebec, Quebec, Canada	CA	CA10	12750	47.5	-72	-571850	20251006011500	https://medicinehatnews.com/news/national-news/2025/10/05/legault-urges-stronger-u-s-canada-ties-amid-trade-tensions-at-summit/
1266965300	20251006	202510	2025	2025.7562	GOV	PREMIER						GOV			CAN	CANADA	CAN								1	046	046	04	1	7.0	2	1	2	1.04712041884817	4	Quebec, Quebec, Canada	CA	CA10	12750	47.5	-72	-571850	4	Quebec, Quebec, Canada	CA	CA10	12750	47.5	-72	-571850	4	Quebec, Quebec, Canada	CA	CA10	12750	47.5	-72	-571850	20251006011500	https://medicinehatnews.com/news/national-news/2025/10/05/legault-urges-stronger-u-s-canada-ties-amid-trade-tensions-at-summit/
1266965301	20251006	202510	2025	2025.7562	GOV	FIRE CHIEF						GOV			CVL	RESIDENTS						CVL			1	020	020	02	1	3.0	10	1	10	-1.29032258064517	0								0								0								20251006011500	https://www.exetertoday.ca/2025/10/05/whats-good-in-exeter-grand-bend-south-huron-fire-chief-urges-residents-to-charge-into-fire-safety-during-fire-prevention-week/
1266965302	20251006	202510	2025	2025.7562	GOV	PRESIDENT						GOV			CVLEDU	COMMUNITY						CVL	EDU		1	051	051	05	1	3.4	6	1	6	8.59375	2	Colorado, United States	US	USCO		39.0646	-105.327	CO	2	Colorado, United States	US	USCO		39.0646	-105.327	CO	2	Colorado, United States	US	USCO		39.0646	-105.327	CO	20251006011500	https://www.aero-news.net/subscribe.cfm?do=main.textpost&id=B4089168-329A-4D2B-8158-479679496A05
1266965303	20251006	202510	2025	2025.7562	GOV	MINIST OF GOVERNMENT						GOV			ECU	ECUADOR	ECU								0	010	010	01	1	0.0	6	1	6	-5.05494505494505	4	Quito, Pichincha, Ecuador	EC	EC18	18585	-0.216667	-78.5	-932573	4	Quito, Pichincha, Ecuador	EC	EC18	18585	-0.216667	-78.5	-932573	4	Quito, Pichincha, Ecuador	EC	EC18	18585	-0.216667	-78.5	-932573	20251006011500	https://www.wellandtribune.ca/news/world/americas/protesters-rally-for-and-against-ecuadors-president-as-emergency-takes-effect-in-10-provinces/article_dca08afd-79c9-50b0-87c5-5ff3e94d2943.html
1266965304	20251006	202510	2025	2025.7562	GOV	MINIST OF GOVERNMENT						GOV			ECU	ECUADOR	ECU								0	010	010	01	1	0.0	6	1	6	-7.79220779220775	1	Ecuador	EC	EC		-2	-77.5	EC	1	Ecuador	EC	EC		-2	-77.5	EC	1	Ecuador	EC	EC		-2	-77.5	EC	20251006011500	https://indianexpress.com/article/world/protesters-rally-for-and-against-ecuador-president-emergency-in-10-provinces-10290047/
1266965305	20251006	202510	2025	2025.7562	GOV	GOVERNMENT						GOV			ECU	ECUADOR	ECU								1	043	043	04	1	2.8	2	1	2	-5.05494505494505	4	Quito, Pichincha, Ecuador	EC	EC18	18585	-0.216667	-78.5	-932573	4	Quito, Pichincha, Ecuador	EC	EC18	18585	-0.216667	-78.5	-932573	4	Quito, Pichincha, Ecuador	EC	EC18	18585	-0.216667	-78.5	-932573	20251006011500	https://www.wellandtribune.ca/news/world/americas/protesters-rally-for-and-against-ecuadors-president-as-emergency-takes-effect-in-10-provinces/article_dca08afd-79c9-50b0-87c5-5ff3e94d2943.html
1266965306	20251006	202510	2025	2025.7562	GOV	MAYOR						GOV			FRA	FRANCE	FRA								1	010	010	01	1	0.0	3	1	3	-4.82315112540193	4	Paris, France (general), France	FR	FR00	16282	48.8667	2.33333	-1456928	4	Paris, France (general), France	FR	FR00	16282	48.8667	2.33333	-1456928	4	Paris, France (general), France	FR	FR00	16282	48.8667	2.33333	-1456928	20251006011500	https://www.yahoo.com/news/articles/gis-le-pelicot-faces-one-230711109.html
1266965307	20251006	202510	2025	2025.7562	GOV	CHIEF EXECUTIVE						GOV			GBR	MANCHESTER	GBR								1	017	017	01	1	0.0	18	6	18	-5.34441805225653	4	Greater Manchester, United Kingdom (general), United Kingdom	UK	UK00	40111	53.45	-2.23333	-2597513	4	Greater Manchester, United Kingdom (general), United Kingdom	UK	UK00	40111	53.45	-2.23333	-2597513	4	Greater Manchester, United Kingdom (general), United Kingdom	UK	UK00	40111	53.45	-2.23333	-2597513	20251006011500	https://www.keighleynews.co.uk/news/national/25518988.bravery-synagogue-attack-victims-remembered-first-funeral-takes-place/
1266965308	20251006	202510	2025	2025.7562	GOV	CHIEF EXECUTIVE						GOV			GBR	MANCHESTER	GBR								1	017	017	01	1	0.0	5	1	5	-6.18686868686869	4	Manchester, Manchester, United Kingdom	UK	UKI2	40118	53.5	-2.21667	-2602512	4	Manchester, Manchester, United Kingdom	UK	UKI2	40118	53.5	-2.21667	-2602512	4	Manchester, Manchester, United Kingdom	UK	UKI2	40118	53.5	-2.21667	-2602512	20251006011500	https://www.kentonline.co.uk/news/national/bravery-of-synagogue-attack-victims-remembered-as-first-funeral-takes-place-156171/
1266965309	20251006	202510	2025	2025.7562	GOV	PRESIDENT						GOV			GBR	UNITED KINGDOM	GBR								1	040	040	04	1	1.0	2	1	2	-1.87919463087249	4	Northern Ireland, Craigavon, United Kingdom	UK	UKR8	40152	54.5	-6.5	-2604275	4	Northern Ireland, Craigavon, United Kingdom	UK	UKR8	40152	54.5	-6.5	-2604275	4	Northern Ireland, Craigavon, United Kingdom	UK	UKR8	40152	54.5	-6.5	-2604275	20251006011500	https://www.dailymail.co.uk/debate/article-15164707/ANDREW-PIERCE-Starmers-security-chief-Jonathan-Powell-shadowy-figure-influence-minister.html
1266965310	20251006	202510	2025	2025.7562	GOV	PRIME MINISTER						GOV			GBR	UNITED KINGDOM	GBR								0	051	051	05	1	3.4	1	1	1	-8.65671641791048	4	Manchester, Manchester, United Kingdom	UK	UKI2	40118	53.5	-2.21667	-2602512	4	Manchester, Manchester, United Kingdom	UK	UKI2	40118	53.5	-2.21667	-2602512	4	Manchester, Manchester, United Kingdom	UK	UKI2	40118	53.5	-2.21667	-2602512	20251006011500	https://www.santafenewmexican.com/ap/international/uk-says-it-will-restrict-repeated-protests-after-500-arrests-at-pro-palestinian-vigil/article_7c919bf4-7a33-5853-8c8f-b8f37f17bef8.html
1266965311	20251006	202510	2025	2025.7562	GOV	MINISTRY						GOV			GOVMIL	DEFENCE MINIST						GOV	MIL		1	020	020	02	1	3.0	6	1	6	0.25125628140704	4	Kampung Baru, Terengganu, Malaysia	MY	MY13	18585	3.9932	103.279	11011154	4	Kampung Baru, Terengganu, Malaysia	MY	MY13	18585	3.9932	103.279	11011154	4	Kampung Baru, Terengganu, Malaysia	MY	MY13	18585	3.9932	103.279	11011154	20251006011500	https://www.thestar.com.my/news/nation/2025/10/06/parliament-foreign-policy-on-palestine-kampung-baru-development-on-agenda-today
1266965312	20251006	202510	2025	2025.7562	GOV	MINISTRY						GOV			GOVMIL	DEFENCE MINIST						GOV	MIL		1	090	090	09	2	-2.0	6	1	6	0.25125628140704	4	Paris, France (general), France	FR	FR00	16282	48.8667	2.33333	-1456928	4	Paris, France (general), France	FR	FR00	16282	48.8667	2.33333	-1456928	4	Paris, France (general), France	FR	FR00	16282	48.8667	2.33333	-1456928	20251006011500	https://www.thestar.com.my/news/nation/2025/10/06/parliament-foreign-policy-on-palestine-kampung-baru-development-on-agenda-today
1266965313	20251006	202510	2025	2025.7562	GOV	SECRETARIAT						GOV			INDGOV	WEST BENGAL	IND					GOV			0	046	046	04	1	7.0	5	1	5	-6.6768994627782	5	Tamil Nadu, Tamil Nadu, India	IN	IN25	70248	11	78	-2112557	5	Tamil Nadu, Tamil Nadu, India	IN	IN25	70248	11	78	-2112557	5	Tamil Nadu, Tamil Nadu, India	IN	IN25	70248	11	78	-2112557	20251006011500	https://www.hindustantimes.com/india-news/darjeeling-deluge-kills-18-after-landslides-sweep-through-hills-101759690281489.html
1266965314	20251006	202510	2025	2025.7562	GOV	PRESIDENT						GOV			JPN	JAPAN	JPN								1	111	111	11	3	-2.0	2	1	2	4.65686274509804	4	Tokyo, Tokyo, Japan	JA	JA40	36340	35.685	139.751	-246227	4	Tokyo, Tokyo, Japan	JA	JA40	36340	35.685	139.751	-246227	4	Tokyo, Tokyo, Japan	JA	JA40	36340	35.685	139.751	-246227	20251006011500	https://www.theworldfolio.com/news/tobu-hotels-connect-culture--stay/5263/
1266965315	20251006	202510	2025	2025.7562	GOV	PRIME MINISTER						GOV			LEGGOV	CONGRESS						LEG	GOV		0	018	018	01	1	3.4	2	1	2	-6.6768994627782	4	Sankosh River, Bhutan (general), Bhutan	BT	BT00	17952	26.3833	89.8	-2211370	4	Sankosh River, Bhutan (general), Bhutan	BT	BT00	17952	26.3833	89.8	-2211370	4	Sankosh River, Bhutan (general), Bhutan	BT	BT00	17952	26.3833	89.8	-2211370	20251006011500	https://www.hindustantimes.com/india-news/darjeeling-deluge-kills-18-after-landslides-sweep-through-hills-101759690281489.html
1266965316	20251006	202510	2025	2025.7562	GOV	PRESIDENT						GOV			MED	MEDIA						MED			1	190	190	19	4	-10.0	2	1	2	-6.49350649350649	3	Washington, District of Columbia, United States	US	USDC	DC001	38.8951	-77.0364	531871	3	Washington, District of Columbia, United States	US	USDC	DC001	38.8951	-77.0364	531871	3	Washington, District of Columbia, United States	US	USDC	DC001	38.8951	-77.0364	531871	20251006011500	https://kism.com/news/030030-hegseth-announces-latest-strike-on-boat-near-venezuela-he-says-was-trafficking-drugs/
1266965317	20251006	202510	2025	2025.7562	GOV	PRESIDENT						GOV			MED	MEDIA						MED			1	190	190	19	4	-10.0	6	1	6	-6.49350649350649	3	Washington, District of Columbia, United States	US	USDC	DC001	38.8951	-77.0364	531871	3	Washington, District of Columbia, United States	US	USDC	DC001	38.8951	-77.0364	531871	2	Kentucky, United States	US	USKY		37.669	-84.6514	KY	20251006011500	https://kism.com/news/030030-hegseth-announces-latest-strike-on-boat-near-venezuela-he-says-was-trafficking-drugs/
1266965318	20251006	202510	2025	2025.7562	GOV	GOVERNMENT						GOV			OPP	PROTESTER						OPP			1	043	043	04	1	2.8	3	1	3	-5.05494505494505	4	Quito, Pichincha, Ecuador	EC	EC18	18585	-0.216667	-78.5	-932573	4	Quito, Pichincha, Ecuador	EC	EC18	18585	-0.216667	-78.5	-932573	4	Quito, Pichincha, Ecuador	EC	EC18	18585	-0.216667	-78.5	-932573	20251006011500	https://www.wellandtribune.ca/news/world/americas/protesters-rally-for-and-against-ecuadors-president-as-emergency-takes-effect-in-10-provinces/article_dca08afd-79c9-50b0-87c5-5ff3e94d2943.html
1266965319	20251006	202510	2025	2025.7562	GOV	GOVERNMENT						GOV			OPP	PROTESTER						OPP			1	043	043	04	1	2.8	5	1	5	-7.79220779220775	1	Ecuador	EC	EC		-2	-77.5	EC	1	Ecuador	EC	EC		-2	-77.5	EC	1	Ecuador	EC	EC		-2	-77.5	EC	20251006011500	https://indianexpress.com/article/world/protesters-rally-for-and-against-ecuador-president-emergency-in-10-provinces-10290047/
1266965320	20251006	202510	2025	2025.7562	GOV	PRESIDENT						GOV			PSE	GAZA	PSE								1	020	020	02	1	3.0	2	1	2	3.49854227405248	4	Gaza, Israel (general), Israel	IS	IS00	18315	31.4167	34.3333	-797156	4	Gaza, Israel (general), Israel	IS	IS00	18315	31.4167	34.3333	-797156	4	Gaza, Israel (general), Israel	IS	IS00	18315	31.4167	34.3333	-797156	20251006011500	https://news.webindia123.com/news/Articles/World/20251006/4369270.html
1266965321	20251006	202510	2025	2025.7562	GOV	CHIEF EXECUTIVE						GOV			UAF	TERRORIST						UAF			1	017	017	01	1	0.0	18	6	18	-5.34441805225653	4	Greater Manchester, United Kingdom (general), United Kingdom	UK	UK00	40111	53.45	-2.23333	-2597513	1	Israel	IS	IS		31.5	34.75	IS	1	Israel	IS	IS		31.5	34.75	IS	20251006011500	https://www.keighleynews.co.uk/news/national/25518988.bravery-synagogue-attack-victims-remembered-first-funeral-takes-place/
1266965322	20251006	202510	2025	2025.7562	GOV	CHIEF EXECUTIVE						GOV			UAF	TERRORIST						UAF			1	017	017	01	1	0.0	5	1	5	-6.18686868686869	4	Manchester, Manchester, United Kingdom	UK	UKI2	40118	53.5	-2.21667	-2602512	1	Israel	IS	IS		31.5	34.75	IS	4	Manchester, Manchester, United Kingdom	UK	UKI2	40118	53.5	-2.21667	-2602512	20251006011500	https://www.kentonline.co.uk/news/national/bravery-of-synagogue-attack-victims-remembered-as-first-funeral-takes-place-156171/
1266965323	20251006	202510	2025	2025.7562	GOV	PRESIDENT						GOV			USA	UNITED STATES	USA								1	040	040	04	1	1.0	4	1	4	-1.87919463087249	3	White House, District of Columbia, United States	US	USDC		38.8951	-77.0364	531871	3	White House, District of Columbia, United States	US	USDC		38.8951	-77.0364	531871	3	White House, District of Columbia, United States	US	USDC		38.8951	-77.0364	531871	20251006011500	https://www.dailymail.co.uk/debate/article-15164707/ANDREW-PIERCE-Starmers-security-chief-Jonathan-Powell-shadowy-figure-influence-minister.html
1266965324	20251006	202510	2025	2025.7562	GOV	ENVOY						GOV			USA	UNITED STATES	USA								0	043	043	04	1	2.8	6	3	6	-5.38922155688622	4	Sharm El-Sheikh, Janub Sina', Egypt	EG	EG26	66041	27.8518	34.305	-302053	3	White House, District of Columbia, United States	US	USDC		38.8951	-77.0364	531871	4	Sharm El-Sheikh, Janub Sina', Egypt	EG	EG26	66041	27.8518	34.305	-302053	20251006011500	https://www.insidenova.com/news/national/hamas-calls-for-swift-hostage-prisoner-swap-as-trump-urges-quick-talks/article_fc7651b6-9fa8-5bab-895b-35a1f6e9db3f.html
1266965325	20251006	202510	2025	2025.7562	GOV	ENVOY						GOV			USA	UNITED STATES	USA								0	043	043	04	1	2.8	6	3	6	-5.38922155688622	4	Sharm El-Sheikh, Janub Sina', Egypt	EG	EG26	66041	27.8518	34.305	-302053	3	White House, District of Columbia, United States	US	USDC		38.8951	-77.0364	531871	3	White House, District of Columbia, United States	US	USDC		38.8951	-77.0364	531871	20251006011500	https://www.insidenova.com/news/national/hamas-calls-for-swift-hostage-prisoner-swap-as-trump-urges-quick-talks/article_fc7651b6-9fa8-5bab-895b-35a1f6e9db3f.html
1266965326	20251006	202510	2025	2025.7562	GOV	PRESIDENT						GOV			USA	CHICAGO	USA								1	072	072	07	2	8.3	1	1	1	-3.63636363636364	3	Chicago, Illinois, United States	US	USIL	IL031	41.85	-87.6501	423587	3	Chicago, Illinois, United States	US	USIL	IL031	41.85	-87.6501	423587	3	Chicago, Illinois, United States	US	USIL	IL031	41.85	-87.6501	423587	20251006011500	https://biztoc.com/x/79a1e03fcd62fa4a
1266965327	20251006	202510	2025	2025.7562	GOV	PRESIDENT						GOV			USA	CHICAGO	USA								1	072	072	07	2	8.3	1	1	1	-3.63636363636364	2	Oregon, United States	US	USOR		44.5672	-122.127	OR	3	Chicago, Illinois, United States	US	USIL	IL031	41.85	-87.6501	423587	3	Chicago, Illinois, United States	US	USIL	IL031	41.85	-87.6501	423587	20251006011500	https://biztoc.com/x/79a1e03fcd62fa4a
1266965328	20251006	202510	2025	2025.7562	GOV	PRESIDENT						GOV			USA	CHICAGO	USA								1	133	133	13	3	-5.8	1	1	1	-3.63636363636364	3	Chicago, Illinois, United States	US	USIL	IL031	41.85	-87.6501	423587	3	Chicago, Illinois, United States	US	USIL	IL031	41.85	-87.6501	423587	3	Chicago, Illinois, United States	US	USIL	IL031	41.85	-87.6501	423587	20251006011500	https://biztoc.com/x/79a1e03fcd62fa4a
1266965329	20251006	202510	2025	2025.7562	GOV	PRESIDENT						GOV			USA	CHICAGO	USA								1	133	133	13	3	-5.8	1	1	1	-3.63636363636364	2	Oregon, United States	US	USOR		44.5672	-122.127	OR	3	Chicago, Illinois, United States	US	USIL	IL031	41.85	-87.6501	423587	2	Oregon, United States	US	USOR		44.5672	-122.127	OR	20251006011500	https://biztoc.com/x/79a1e03fcd62fa4a
1266965330	20251006	202510	2025	2025.7562	GOV	ENVOY						GOV			USAGOV	THE WHITE HOUSE	USA					GOV			0	043	043	04	1	2.8	12	3	12	-5.38922155688622	4	Sharm El-Sheikh, Janub Sina', Egypt	EG	EG26	66041	27.8518	34.305	-302053	3	White House, District of Columbia, United States	US	USDC		38.8951	-77.0364	531871	4	Sharm El-Sheikh, Janub Sina', Egypt	EG	EG26	66041	27.8518	34.305	-302053	20251006011500	https://www.insidenova.com/news/national/hamas-calls-for-swift-hostage-prisoner-swap-as-trump-urges-quick-talks/article_fc7651b6-9fa8-5bab-895b-35a1f6e9db3f.html
1266965331	20251006	202510	2025	2025.7562	GOV	ENVOY						GOV			USAGOV	THE WHITE HOUSE	USA					GOV			0	043	043	04	1	2.8	6	3	6	-5.38922155688622	3	White House, District of Columbia, United States	US	USDC		38.8951	-77.0364	531871	4	Sharm El-Sheikh, Janub Sina', Egypt	EG	EG26	66041	27.8518	34.305	-302053	3	White House, District of Columbia, United States	US	USDC		38.8951	-77.0364	531871	20251006011500	https://www.insidenova.com/news/national/hamas-calls-for-swift-hostage-prisoner-swap-as-trump-urges-quick-talks/article_fc7651b6-9fa8-5bab-895b-35a1f6e9db3f.html
1266965332	20251006	202510	2025	2025.7562	GOV	PRESIDENT						GOV			USAMIL	CALIFORNIA	USA					MIL			1	154	154	15	4	-7.2	12	2	12	-3.32381542131095	1	Australia	AS	AS		-25	135	AS	1	Australia	AS	AS		-25	135	AS	1	Australia	AS	AS		-25	135	AS	20251006011500	https://www.goulburnpost.com.au/story/9081845/pentagon-deploys-california-national-guard-to-portland/
1266965333	20251006	202510	2025	2025.7562	GOV	PRESIDENT						GOV			WSM	SAMOA	WSM								0	042	042	04	1	1.9	10	1	10	1.45719489981785	4	Apia, Samoa (general), Samoa	WS	WS00	25301	-13.8333	-171.733	-1307163	4	Apia, Samoa (general), Samoa	WS	WS00	25301	-13.8333	-171.733	-1307163	4	Apia, Samoa (general), Samoa	WS	WS00	25301	-13.8333	-171.733	-1307163	20251006011500	https://www.ksl.com:443/article/51385287/church-of-jesus-christ-faithful-in-samoa-reflect-on-president-nelsons-2019-visit
1266965334	20251006	202510	2025	2025.7562	GOV	GOVERNMENT						GOV			WSM	SAMOA	WSM								1	0842	084	08	2	7.0	10	1	10	-1.86170212765958	4	Upolu, Samoa (general), Samoa	WS	WS00	25301	-13.9167	-171.75	-1307622	4	Upolu, Samoa (general), Samoa	WS	WS00	25301	-13.9167	-171.75	-1307622	4	Upolu, Samoa (general), Samoa	WS	WS00	25301	-13.9167	-171.75	-1307622	20251006011500	https://www.odt.co.nz/news/national/nz-pays-samoa-6m-over-grounding-navy-ship
1266965335	20251006	202510	2025	2025.7562	GOV	GOVERNMENT						GOV			WSM	SAMOA	WSM								1	114	114	11	3	-2.0	10	1	10	-1.86170212765958	4	Upolu, Samoa (general), Samoa	WS	WS00	25301	-13.9167	-171.75	-1307622	4	Upolu, Samoa (general), Samoa	WS	WS00	25301	-13.9167	-171.75	-1307622	4	Upolu, Samoa (general), Samoa	WS	WS00	25301	-13.9167	-171.75	-1307622	20251006011500	https://www.odt.co.nz/news/national/nz-pays-samoa-6m-over-grounding-navy-ship
1266965336	20251006	202510	2025	2025.7562	GOVENV	MINIST OF ENVIRONMENT						GOV	ENV		FJIHLH	FIJI	FJI					HLH			1	046	046	04	1	7.0	1	1	1	-1.03626943005181	1	Fiji	FJ	FJ		-18	178	FJ	1	Fiji	FJ	FJ		-18	178	FJ	1	Fiji	FJ	FJ		-18	178	FJ	20251006011500	https://www.fijivillage.com/news/Environment-Council-reunites-after-nearly-5-years-to-strengthen-environmental-governance-58rf4x/
1266965337	20251006	202510	2025	2025.7562	GOVENV	MINIST OF ENVIRONMENT						GOV	ENV		HLH	DOCTOR						HLH			1	046	046	04	1	7.0	4	1	4	-1.03626943005181	1	Fiji	FJ	FJ		-18	178	FJ	1	Fiji	FJ	FJ		-18	178	FJ	1	Fiji	FJ	FJ		-18	178	FJ	20251006011500	https://www.fijivillage.com/news/Environment-Council-reunites-after-nearly-5-years-to-strengthen-environmental-governance-58rf4x/
1266965338	20251006	202510	2025	2025.7562	GOVMED	TRANSPORT MINIST						GOV	MED												1	100	100	10	3	-5.0	10	1	10	-6.41399416909621	4	Ras Laffan, Al Khawr, Qatar	QA	QA04	25307	25.9086	51.5783	-785460	0								4	Ras Laffan, Al Khawr, Qatar	QA	QA04	25307	25.9086	51.5783	-785460	20251006011500	http://maritime-executive.com/article/qatar-orders-ships-to-halt-navigation-in-its-waters-due-to-gps-fault
1266965339	20251006	202510	2025	2025.7562	HLH	DOCTOR						HLH													1	046	046	04	1	7.0	3	1	3	-1.03626943005181	1	Fiji	FJ	FJ		-18	178	FJ	0								1	Fiji	FJ	FJ		-18	178	FJ	20251006011500	https://www.fijivillage.com/news/Environment-Council-reunites-after-nearly-5-years-to-strengthen-environmental-governance-58rf4x/
1266965340	20251006	202510	2025	2025.7562	HLH	HOSPITAL						HLH			CVL	RESIDENTS						CVL			1	043	043	04	1	2.8	10	1	10	-11.2280701754386	0								0								0								20251006011500	https://aninews.in/news/national/general-news/tripura-girl-raped-poisoned-in-agartala-accused-arrested20251006033518/
1266965341	20251006	202510	2025	2025.7562	HLH	DOCTOR						HLH			FJI	FIJI	FJI								1	046	046	04	1	7.0	1	1	1	-1.03626943005181	1	Fiji	FJ	FJ		-18	178	FJ	1	Fiji	FJ	FJ		-18	178	FJ	1	Fiji	FJ	FJ		-18	178	FJ	20251006011500	https://www.fijivillage.com/news/Environment-Council-reunites-after-nearly-5-years-to-strengthen-environmental-governance-58rf4x/
1266965342	20251006	202510	2025	2025.7562	HLH	DOCTOR						HLH			GOVENV	MINIST OF ENVIRONMENT						GOV	ENV		1	046	046	04	1	7.0	4	1	4	-1.03626943005181	1	Fiji	FJ	FJ		-18	178	FJ	1	Fiji	FJ	FJ		-18	178	FJ	1	Fiji	FJ	FJ		-18	178	FJ	20251006011500	https://www.fijivillage.com/news/Environment-Council-reunites-after-nearly-5-years-to-strengthen-environmental-governance-58rf4x/
1266965343	20251006	202510	2025	2025.7562	IGOUNO	THE UN		UNO				IGO			VNM	VIETNAM	VNM								1	030	030	03	1	4.0	6	1	6	-1.71232876712329	1	Vietnam, Republic Of	VM	VM		16.166667	107.833333	VM	1	Vietnam, Republic Of	VM	VM		16.166667	107.833333	VM	1	Vietnam, Republic Of	VM	VM		16.166667	107.833333	VM	20251006011500	https://www.fijivillage.com/news/National-Scam-Reporting-and-Analytics-Platform-to-be-launched-in-2026-x548rf/
1266965344	20251006	202510	2025	2025.7562	IGOUNO	THE UN		UNO				IGO			VNM	VIETNAM	VNM								1	036	036	03	1	4.0	6	1	6	-1.71232876712329	4	Budapest, Budapest, Hungary	HU	HU05	17514	47.5	19.0833	-850553	4	Budapest, Budapest, Hungary	HU	HU05	17514	47.5	19.0833	-850553	4	Budapest, Budapest, Hungary	HU	HU05	17514	47.5	19.0833	-850553	20251006011500	https://www.fijivillage.com/news/National-Scam-Reporting-and-Analytics-Platform-to-be-launched-in-2026-x548rf/
1266965345	20251006	202510	2025	2025.7562	IGOUNOIAE	INTERNATIONAL ATOMIC ENERGY AGENCY		UNO				IGO			EGY	CAIRO	EGY								0	010	010	01	1	0.0	8	1	8	-3.1081081081081	4	Tehran, Tehran, Iran	IR	IR26	41130	35.75	51.5148	10074674	4	Cairo, Al Qahirah, Egypt	EG	EG11	65350	30.05	31.25	-290692	4	Tehran, Tehran, Iran	IR	IR26	41130	35.75	51.5148	10074674	20251006011500	http://www.bignewsnetwork.com/news/278619203/daily-world-briefing-oct-6
1266965346	20251006	202510	2025	2025.7562	IGOUNOIAE	INTERNATIONAL ATOMIC ENERGY AGENCY		UNO				IGO			EGY	EGYPT	EGY								0	010	010	01	1	0.0	2	1	2	-3.1081081081081	4	Tehran, Tehran, Iran	IR	IR26	41130	35.75	51.5148	10074674	4	Tehran, Tehran, Iran	IR	IR26	41130	35.75	51.5148	10074674	4	Tehran, Tehran, Iran	IR	IR26	41130	35.75	51.5148	10074674	20251006011500	http://www.bignewsnetwork.com/news/278619203/daily-world-briefing-oct-6
1266965347	20251006	202510	2025	2025.7562	IGOUNOIAE	INTERNATIONAL ATOMIC ENERGY AGENCY		UNO				IGO			EGY	CAIRO	EGY								0	030	030	03	1	4.0	8	1	8	-3.1081081081081	4	Tehran, Tehran, Iran	IR	IR26	41130	35.75	51.5148	10074674	4	Cairo, Al Qahirah, Egypt	EG	EG11	65350	30.05	31.25	-290692	4	Cairo, Al Qahirah, Egypt	EG	EG11	65350	30.05	31.25	-290692	20251006011500	http://www.bignewsnetwork.com/news/278619203/daily-world-briefing-oct-6
1266965348	20251006	202510	2025	2025.7562	IGOUNOIAE	INTERNATIONAL ATOMIC ENERGY AGENCY		UNO				IGO			EGY	CAIRO	EGY								0	030	030	03	1	4.0	2	1	2	-3.1081081081081	4	Tehran, Tehran, Iran	IR	IR26	41130	35.75	51.5148	10074674	4	Tehran, Tehran, Iran	IR	IR26	41130	35.75	51.5148	10074674	4	Tehran, Tehran, Iran	IR	IR26	41130	35.75	51.5148	10074674	20251006011500	http://www.bignewsnetwork.com/news/278619203/daily-world-briefing-oct-6
1266965349	20251006	202510	2025	2025.7562	IGOUNOIAE	IAEA		UNO				IGO			IRN	IRAN	IRN								0	020	020	02	1	3.0	2	1	2	-3.1081081081081	4	Gaza, Israel (general), Israel	IS	IS00	18315	31.4167	34.3333	-797156	4	Gaza, Israel (general), Israel	IS	IS00	18315	31.4167	34.3333	-797156	4	Gaza, Israel (general), Israel	IS	IS00	18315	31.4167	34.3333	-797156	20251006011500	http://www.bignewsnetwork.com/news/278619203/daily-world-briefing-oct-6
1266965350	20251006	202510	2025	2025.7562	IGOUNOIAE	IAEA		UNO				IGO			IRN	IRAN	IRN								0	020	020	02	1	3.0	8	1	8	-3.1081081081081	4	Tehran, Tehran, Iran	IR	IR26	41130	35.75	51.5148	10074674	4	Tehran, Tehran, Iran	IR	IR26	41130	35.75	51.5148	10074674	4	Tehran, Tehran, Iran	IR	IR26	41130	35.75	51.5148	10074674	20251006011500	http://www.bignewsnetwork.com/news/278619203/daily-world-briefing-oct-6
1266965351	20251006	202510	2025	2025.7562	IGOUNOIAE	INTERNATIONAL ATOMIC ENERGY AGENCY		UNO				IGO			IRN	IRAN	IRN								0	050	050	05	1	3.5	10	1	10	-3.1081081081081	4	Tehran, Tehran, Iran	IR	IR26	41130	35.75	51.5148	10074674	4	Tehran, Tehran, Iran	IR	IR26	41130	35.75	51.5148	10074674	4	Tehran, Tehran, Iran	IR	IR26	41130	35.75	51.5148	10074674	20251006011500	http://www.bignewsnetwork.com/news/278619203/daily-world-briefing-oct-6
1266965352	20251006	202510	2025	2025.7562	IGOUNOIAE	IAEA		UNO				IGO			IRN	IRAN	IRN								0	090	090	09	2	-2.0	2	1	2	-3.1081081081081	4	Gaza, Israel (general), Israel	IS	IS00	18315	31.4167	34.3333	-797156	4	Gaza, Israel (general), Israel	IS	IS00	18315	31.4167	34.3333	-797156	4	Gaza, Israel (general), Israel	IS	IS00	18315	31.4167	34.3333	-797156	20251006011500	http://www.bignewsnetwork.com/news/278619203/daily-world-briefing-oct-6
1266965353	20251006	202510	2025	2025.7562	IGOUNOIAE	IAEA		UNO				IGO			IRN	IRAN	IRN								0	090	090	09	2	-2.0	8	1	8	-3.1081081081081	4	Tehran, Tehran, Iran	IR	IR26	41130	35.75	51.5148	10074674	4	Tehran, Tehran, Iran	IR	IR26	41130	35.75	51.5148	10074674	4	Tehran, Tehran, Iran	IR	IR26	41130	35.75	51.5148	10074674	20251006011500	http://www.bignewsnetwork.com/news/278619203/daily-world-briefing-oct-6
1266965354	20251006	202510	2025	2025.7562	IND	DELHI	IND																		1	043	043	04	1	2.8	3	1	3	-4.51612903225806	4	Delhi, Delhi, India	IN	IN07	17911	28.6667	77.2167	-2094230	0								4	Delhi, Delhi, India	IN	IN07	17911	28.6667	77.2167	-2094230	20251006011500	https://indianexpress.com/article/cities/delhi/delhi-self-styled-godman-kills-wife-over-suspected-affair-9-years-after-she-threw-him-out-of-home-10289867/
1266965355	20251006	202510	2025	2025.7562	IND	TRIPURA	IND																		1	112	112	11	3	-2.0	5	1	5	-11.2280701754386	0								0								0								20251006011500	https://aninews.in/news/national/general-news/tripura-girl-raped-poisoned-in-agartala-accused-arrested20251006033518/
1266965356	20251006	202510	2025	2025.7562	IND	DELHI	IND																		1	160	160	16	4	-4.0	4	1	4	-4.51612903225806	4	Bihar, Bihar, India	IN	IN34	17615	25.1833	85.5167	-2091797	0								4	Bihar, Bihar, India	IN	IN34	17615	25.1833	85.5167	-2091797	20251006011500	https://indianexpress.com/article/cities/delhi/delhi-self-styled-godman-kills-wife-over-suspected-affair-9-years-after-she-threw-him-out-of-home-10289867/
1266965357	20251006	202510	2025	2025.7562	IND	DELHI	IND																		1	160	160	16	4	-4.0	2	1	2	-4.51612903225806	4	Bihar, Bihar, India	IN	IN34	17615	25.1833	85.5167	-2091797	0								4	Devli, Maharashtra, India	IN	IN16	17731	21.9333	74.0833	-2094440	20251006011500	https://indianexpress.com/article/cities/delhi/delhi-self-styled-godman-kills-wife-over-suspected-affair-9-years-after-she-threw-him-out-of-home-10289867/
1266965358	20251006	202510	2025	2025.7562	IND	TRIPURA	IND																		1	1821	182	18	4	-9.0	5	1	5	-11.2280701754386	0								0								0								20251006011500	https://aninews.in/news/national/general-news/tripura-girl-raped-poisoned-in-agartala-accused-arrested20251006033518/
1266965359	20251006	202510	2025	2025.7562	IND	DELHI	IND								COP	POLICE						COP			1	043	043	04	1	2.8	3	1	3	-4.51612903225806	4	Delhi, Delhi, India	IN	IN07	17911	28.6667	77.2167	-2094230	4	Delhi, Delhi, India	IN	IN07	17911	28.6667	77.2167	-2094230	4	Delhi, Delhi, India	IN	IN07	17911	28.6667	77.2167	-2094230	20251006011500	https://indianexpress.com/article/cities/delhi/delhi-self-styled-godman-kills-wife-over-suspected-affair-9-years-after-she-threw-him-out-of-home-10289867/
1266965360	20251006	202510	2025	2025.7562	IND	DELHI	IND								COP	POLICE OFFICER						COP			1	173	173	17	4	-5.0	2	1	2	-11.5	4	Delhi, Delhi, India	IN	IN07	17911	28.6667	77.2167	-2094230	4	Delhi, Delhi, India	IN	IN07	17911	28.6667	77.2167	-2094230	4	Narela, Delhi, India	IN	IN07	17665	28.85	77.1	-2105773	20251006011500	https://indianexpress.com/article/cities/delhi/delhi-man-arrested-for-running-sextortion-racket-by-posing-as-cyber-police-officer-10289909/
1266965361	20251006	202510	2025	2025.7562	IND	DELHI	IND								COP	POLICE OFFICER						COP			1	173	173	17	4	-5.0	2	1	2	-11.5	4	Delhi, Delhi, India	IN	IN07	17911	28.6667	77.2167	-2094230	4	Narela, Delhi, India	IN	IN07	17665	28.85	77.1	-2105773	4	Narela, Delhi, India	IN	IN07	17665	28.85	77.1	-2105773	20251006011500	https://indianexpress.com/article/cities/delhi/delhi-man-arrested-for-running-sextortion-racket-by-posing-as-cyber-police-officer-10289909/
1266965362	20251006	202510	2025	2025.7562	INDCOP	DELHI	IND					COP			IND	DELHI	IND								1	173	173	17	4	-5.0	2	1	2	-11.5	4	Haryana, Haryana, India	IN	IN10	17660	29.6161	76.9806	6210381	4	Narela, Delhi, India	IN	IN07	17665	28.85	77.1	-2105773	4	Haryana, Haryana, India	IN	IN10	17660	29.6161	76.9806	6210381	20251006011500	https://indianexpress.com/article/cities/delhi/delhi-man-arrested-for-running-sextortion-racket-by-posing-as-cyber-police-officer-10289909/
1266965363	20251006	202510	2025	2025.7562	INDCOP	DELHI	IND					COP			IND	DELHI	IND								1	173	173	17	4	-5.0	4	1	4	-11.5	4	Haryana, Haryana, India	IN	IN10	17660	29.6161	76.9806	6210381	4	Haryana, Haryana, India	IN	IN10	17660	29.6161	76.9806	6210381	4	Haryana, Haryana, India	IN	IN10	17660	29.6161	76.9806	6210381	20251006011500	https://indianexpress.com/article/cities/delhi/delhi-man-arrested-for-running-sextortion-racket-by-posing-as-cyber-police-officer-10289909/
1266965364	20251006	202510	2025	2025.7562	INDGOV	WEST BENGAL	IND					GOV													0	090	090	09	2	-2.0	5	1	5	-6.6768994627782	5	Tamil Nadu, Tamil Nadu, India	IN	IN25	70248	11	78	-2112557	0								5	Tamil Nadu, Tamil Nadu, India	IN	IN25	70248	11	78	-2112557	20251006011500	https://www.hindustantimes.com/india-news/darjeeling-deluge-kills-18-after-landslides-sweep-through-hills-101759690281489.html
1266965365	20251006	202510	2025	2025.7562	INDGOV	WEST BENGAL	IND					GOV			GOV	SECRETARIAT						GOV			0	046	046	04	1	7.0	5	1	5	-6.6768994627782	5	Tamil Nadu, Tamil Nadu, India	IN	IN25	70248	11	78	-2112557	5	Tamil Nadu, Tamil Nadu, India	IN	IN25	70248	11	78	-2112557	5	Tamil Nadu, Tamil Nadu, India	IN	IN25	70248	11	78	-2112557	20251006011500	https://www.hindustantimes.com/india-news/darjeeling-deluge-kills-18-after-landslides-sweep-through-hills-101759690281489.html
1266965366	20251006	202510	2025	2025.7562	IRL	IRELAND	IRL																		0	051	051	05	1	3.4	2	1	2	9.87394957983191	1	Ireland	EI	EI		53	-8	EI	0								1	Ireland	EI	EI		53	-8	EI	20251006011500	https://www.tanzanianewsreports.com/foreign-tourists-impressed-by-irreechaa-festival-2/
1266965367	20251006	202510	2025	2025.7562	IRL	IRELAND	IRL								MED	GAZETTE						MED			1	013	013	01	1	0.4	2	1	2	9.87394957983191	1	Ireland	EI	EI		53	-8	EI	1	Ireland	EI	EI		53	-8	EI	1	Ireland	EI	EI		53	-8	EI	20251006011500	https://www.tanzanianewsreports.com/foreign-tourists-impressed-by-irreechaa-festival-2/
1266965368	20251006	202510	2025	2025.7562	IRLEDU	IRISH	IRL					EDU			MED	GAZETTE						MED			1	013	013	01	1	0.4	3	1	3	9.87394957983191	1	Ireland	EI	EI		53	-8	EI	1	Ireland	EI	EI		53	-8	EI	1	Ireland	EI	EI		53	-8	EI	20251006011500	https://www.tanzanianewsreports.com/foreign-tourists-impressed-by-irreechaa-festival-2/
1266965369	20251006	202510	2025	2025.7562	IRN	IRAN	IRN								EGY	CAIRO	EGY								0	010	010	01	1	0.0	8	1	8	-3.1081081081081	4	Tehran, Tehran, Iran	IR	IR26	41130	35.75	51.5148	10074674	4	Cairo, Al Qahirah, Egypt	EG	EG11	65350	30.05	31.25	-290692	4	Tehran, Tehran, Iran	IR	IR26	41130	35.75	51.5148	10074674	20251006011500	http://www.bignewsnetwork.com/news/278619203/daily-world-briefing-oct-6
1266965370	20251006	202510	2025	2025.7562	IRN	IRAN	IRN								EGY	EGYPT	EGY								0	010	010	01	1	0.0	2	1	2	-3.1081081081081	4	Tehran, Tehran, Iran	IR	IR26	41130	35.75	51.5148	10074674	4	Tehran, Tehran, Iran	IR	IR26	41130	35.75	51.5148	10074674	4	Tehran, Tehran, Iran	IR	IR26	41130	35.75	51.5148	10074674	20251006011500	http://www.bignewsnetwork.com/news/278619203/daily-world-briefing-oct-6
1266965371	20251006	202510	2025	2025.7562	IRN	IRAN	IRN								EGY	CAIRO	EGY								0	030	030	03	1	4.0	8	1	8	-3.1081081081081	4	Tehran, Tehran, Iran	IR	IR26	41130	35.75	51.5148	10074674	4	Cairo, Al Qahirah, Egypt	EG	EG11	65350	30.05	31.25	-290692	4	Cairo, Al Qahirah, Egypt	EG	EG11	65350	30.05	31.25	-290692	20251006011500	http://www.bignewsnetwork.com/news/278619203/daily-world-briefing-oct-6
1266965372	20251006	202510	2025	2025.7562	IRN	IRAN	IRN								EGY	CAIRO	EGY								0	030	030	03	1	4.0	2	1	2	-3.1081081081081	4	Tehran, Tehran, Iran	IR	IR26	41130	35.75	51.5148	10074674	4	Tehran, Tehran, Iran	IR	IR26	41130	35.75	51.5148	10074674	4	Tehran, Tehran, Iran	IR	IR26	41130	35.75	51.5148	10074674	20251006011500	http://www.bignewsnetwork.com/news/278619203/daily-world-briefing-oct-6
1266965373	20251006	202510	2025	2025.7562	IRN	IRAN	IRN								IGOUNOIAE	INTERNATIONAL ATOMIC ENERGY AGENCY		UNO				IGO			0	050	050	05	1	3.5	10	1	10	-3.1081081081081	4	Tehran, Tehran, Iran	IR	IR26	41130	35.75	51.5148	10074674	4	Tehran, Tehran, Iran	IR	IR26	41130	35.75	51.5148	10074674	4	Tehran, Tehran, Iran	IR	IR26	41130	35.75	51.5148	10074674	20251006011500	http://www.bignewsnetwork.com/news/278619203/daily-world-briefing-oct-6
1266965374	20251006	202510	2025	2025.7562	ISR	ISRAEL	ISR																		1	010	010	01	1	0.0	3	1	3	-0.51282051282052	4	Petaling, Malaysia (general), Malaysia	MY	MY00	18585	3.08333	101.667	-2403014	0								4	Petaling, Malaysia (general), Malaysia	MY	MY00	18585	3.08333	101.667	-2403014	20251006011500	https://www.thestar.com.my/news/nation/2025/10/06/afraid-but-prepared-to-tell-gazas-story-from-the-ground
1266965375	20251006	202510	2025	2025.7562	ISR	ISRAEL	ISR																		1	010	010	01	1	0.0	1	1	1	-0.51282051282052	4	Gaza, Israel (general), Israel	IS	IS00	18315	31.4167	34.3333	-797156	0								4	Petaling, Malaysia (general), Malaysia	MY	MY00	18585	3.08333	101.667	-2403014	20251006011500	https://www.thestar.com.my/news/nation/2025/10/06/afraid-but-prepared-to-tell-gazas-story-from-the-ground
1266965376	20251006	202510	2025	2025.7562	ISR	ISRAEL	ISR																		0	190	190	19	4	-10.0	1	1	1	-3.1081081081081	4	Eilat, HaDarom, Israel	IS	IS01	18315	29.558	34.9482	-779626	0								4	Eilat, HaDarom, Israel	IS	IS01	18315	29.558	34.9482	-779626	20251006011500	http://www.bignewsnetwork.com/news/278619203/daily-world-briefing-oct-6
1266965377	20251006	202510	2025	2025.7562	ISR	ISRAEL	ISR																		0	190	190	19	4	-10.0	1	1	1	-3.1081081081081	3	White House, District of Columbia, United States	US	USDC		38.8951	-77.0364	531871	0								3	White House, District of Columbia, United States	US	USDC		38.8951	-77.0364	531871	20251006011500	http://www.bignewsnetwork.com/news/278619203/daily-world-briefing-oct-6
1266965378	20251006	202510	2025	2025.7562	ISR	ISRAELI	ISR																		1	192	192	19	4	-9.5	10	1	10	-5.88235294117647	4	Gaza, Israel (general), Israel	IS	IS00	18315	31.4167	34.3333	-797156	0								4	Gaza, Israel (general), Israel	IS	IS00	18315	31.4167	34.3333	-797156	20251006011500	https://www.clevelandjewishnews.com/jta/2-years-after-oct-7-shattered-them-israel-s-border-kibbutzes-are-drawing-new-dreamers/article_0e2b4bea-9371-5d25-b7db-161ae29846e4.html
1266965379	20251006	202510	2025	2025.7562	ISR	ISRAEL	ISR								CVL	COMMUNITY						CVL			0	012	012	01	1	-0.4	2	1	2	-8.65671641791048	4	Gaza, Israel (general), Israel	IS	IS00	18315	31.4167	34.3333	-797156	4	Manchester, Manchester, United Kingdom	UK	UKI2	40118	53.5	-2.21667	-2602512	4	Gaza, Israel (general), Israel	IS	IS00	18315	31.4167	34.3333	-797156	20251006011500	https://www.santafenewmexican.com/ap/international/uk-says-it-will-restrict-repeated-protests-after-500-arrests-at-pro-palestinian-vigil/article_7c919bf4-7a33-5853-8c8f-b8f37f17bef8.html
1266965380	20251006	202510	2025	2025.7562	ISR	ISRAEL	ISR								CVL	COMMUNITY						CVL			0	012	012	01	1	-0.4	2	1	2	-8.65671641791048	4	Gaza, Israel (general), Israel	IS	IS00	18315	31.4167	34.3333	-797156	4	Gaza, Israel (general), Israel	IS	IS00	18315	31.4167	34.3333	-797156	4	Gaza, Israel (general), Israel	IS	IS00	18315	31.4167	34.3333	-797156	20251006011500	https://www.santafenewmexican.com/ap/international/uk-says-it-will-restrict-repeated-protests-after-500-arrests-at-pro-palestinian-vigil/article_7c919bf4-7a33-5853-8c8f-b8f37f17bef8.html
1266965381	20251006	202510	2025	2025.7562	ISR	ISRAEL	ISR								DJI	DJIBOUTI	DJI								0	190	190	19	4	-10.0	1	1	1	-3.1081081081081	4	Eilat, HaDarom, Israel	IS	IS01	18315	29.558	34.9482	-779626	4	Red Sea, Djibouti (general), Djibouti	DJ	DJ00	25312	19	39.5	-2037160	4	Eilat, HaDarom, Israel	IS	IS01	18315	29.558	34.9482	-779626	20251006011500	http://www.bignewsnetwork.com/news/278619203/daily-world-briefing-oct-6
1266965382	20251006	202510	2025	2025.7562	ISR	ISRAEL	ISR								DJI	DJIBOUTI	DJI								0	190	190	19	4	-10.0	1	1	1	-3.1081081081081	4	Eilat, HaDarom, Israel	IS	IS01	18315	29.558	34.9482	-779626	4	Eilat, HaDarom, Israel	IS	IS01	18315	29.558	34.9482	-779626	4	Eilat, HaDarom, Israel	IS	IS01	18315	29.558	34.9482	-779626	20251006011500	http://www.bignewsnetwork.com/news/278619203/daily-world-briefing-oct-6
1266965383	20251006	202510	2025	2025.7562	ISR	ISRAEL	ISR								EGY	EGYPT	EGY								1	043	043	04	1	2.8	4	1	4	-3.1081081081081	4	Gaza, Israel (general), Israel	IS	IS00	18315	31.4167	34.3333	-797156	4	Sharm El Sheikh, Janub Sina', Egypt	EG	EG26	66041	27.8518	34.305	-302053	4	Gaza, Israel (general), Israel	IS	IS00	18315	31.4167	34.3333	-797156	20251006011500	http://www.bignewsnetwork.com/news/278619203/daily-world-briefing-oct-6
1266965384	20251006	202510	2025	2025.7562	ISR	ISRAEL	ISR								GBR	BRITAIN	GBR								1	042	042	04	1	1.9	1	1	1	-1.87919463087249	3	White House, District of Columbia, United States	US	USDC		38.8951	-77.0364	531871	3	White House, District of Columbia, United States	US	USDC		38.8951	-77.0364	531871	3	White House, District of Columbia, United States	US	USDC		38.8951	-77.0364	531871	20251006011500	https://www.dailymail.co.uk/debate/article-15164707/ANDREW-PIERCE-Starmers-security-chief-Jonathan-Powell-shadowy-figure-influence-minister.html
1266965385	20251006	202510	2025	2025.7562	ISR	ISRAELI	ISR								GBR	BRITAIN	GBR								1	042	042	04	1	1.9	4	1	4	-1.87919463087249	1	Israel	IS	IS		31.5	34.75	IS	4	Northern Ireland, Craigavon, United Kingdom	UK	UKR8	40152	54.5	-6.5	-2604275	1	Israel	IS	IS		31.5	34.75	IS	20251006011500	https://www.dailymail.co.uk/debate/article-15164707/ANDREW-PIERCE-Starmers-security-chief-Jonathan-Powell-shadowy-figure-influence-minister.html
1266965386	20251006	202510	2025	2025.7562	ISR	ISRAEL	ISR								GBR	BRITISH	GBR								1	138	138	13	3	-7.0	24	3	24	-1.70940170940171	4	Manchester, Manchester, United Kingdom	UK	UKI2	40118	53.5	-2.21667	-2602512	4	Manchester, Manchester, United Kingdom	UK	UKI2	40118	53.5	-2.21667	-2602512	4	Manchester, Manchester, United Kingdom	UK	UKI2	40118	53.5	-2.21667	-2602512	20251006011500	https://www.smh.com.au/world/europe/terror-attack-leads-british-jews-to-wonder-if-it-s-time-to-leave-20251006-p5n0ah.html
1266965387	20251006	202510	2025	2025.7562	ISR	ISRAEL	ISR								GBR	BRITISH	GBR								1	138	138	13	3	-7.0	6	3	6	-1.70940170940171	4	Gaza, Israel (general), Israel	IS	IS00	18315	31.4167	34.3333	-797156	4	Gaza, Israel (general), Israel	IS	IS00	18315	31.4167	34.3333	-797156	4	Gaza, Israel (general), Israel	IS	IS00	18315	31.4167	34.3333	-797156	20251006011500	https://www.smh.com.au/world/europe/terror-attack-leads-british-jews-to-wonder-if-it-s-time-to-leave-20251006-p5n0ah.html
1266965388	20251006	202510	2025	2025.7562	ISR	ISRAEL	ISR								ISRMIL	ISRAELI	ISR					MIL			0	190	190	19	4	-10.0	1	1	1	-3.1081081081081	4	Eilat, HaDarom, Israel	IS	IS01	18315	29.558	34.9482	-779626	4	Eilat, HaDarom, Israel	IS	IS01	18315	29.558	34.9482	-779626	4	Eilat, HaDarom, Israel	IS	IS01	18315	29.558	34.9482	-779626	20251006011500	http://www.bignewsnetwork.com/news/278619203/daily-world-briefing-oct-6
1266965389	20251006	202510	2025	2025.7562	ISR	ISRAEL	ISR								MED	MEDIA						MED			1	020	020	02	1	3.0	2	1	2	-0.51282051282052	4	Gaza, Israel (general), Israel	IS	IS00	18315	31.4167	34.3333	-797156	4	Gaza, Israel (general), Israel	IS	IS00	18315	31.4167	34.3333	-797156	4	Otranto, Puglia, Italy	IT	IT13	18384	40.15	18.5	-123592	20251006011500	https://www.thestar.com.my/news/nation/2025/10/06/afraid-but-prepared-to-tell-gazas-story-from-the-ground
1266965390	20251006	202510	2025	2025.7562	ISR	ISRAEL	ISR								PSE	GAZA	PSE								1	020	020	02	1	3.0	2	1	2	-0.51282051282052	4	Gaza, Israel (general), Israel	IS	IS00	18315	31.4167	34.3333	-797156	4	Gaza, Israel (general), Israel	IS	IS00	18315	31.4167	34.3333	-797156	4	Otranto, Puglia, Italy	IT	IT13	18384	40.15	18.5	-123592	20251006011500	https://www.thestar.com.my/news/nation/2025/10/06/afraid-but-prepared-to-tell-gazas-story-from-the-ground
1266965391	20251006	202510	2025	2025.7562	ISR	ISRAEL	ISR								PSE	PALESTINIAN	PSE								0	040	040	04	1	1.0	1	1	1	-3	1	Canada	CA	CA		60	-96	CA	1	Canada	CA	CA		60	-96	CA	1	Canada	CA	CA		60	-96	CA	20251006011500	https://www.chch.com/chch-news/carney-heads-to-washington-with-low-expectations-amid-u-s-tariff-pressures/
1266965392	20251006	202510	2025	2025.7562	ISR	ISRAEL	ISR								PSEREB	HAMAS	PSE					REB			1	080	080	08	2	5.0	4	1	4	-13.8888888888889	4	Gaza, Israel (general), Israel	IS	IS00	18315	31.4167	34.3333	-797156	4	Gaza, Israel (general), Israel	IS	IS00	18315	31.4167	34.3333	-797156	4	Gaza, Israel (general), Israel	IS	IS00	18315	31.4167	34.3333	-797156	20251006011500	https://news.crossmap.com/2025/10/05/trump-threatens-hamas-with-complete-obliteration-if-terror-group-refuses-to-relinquish-power-in-gaza/
1266965393	20251006	202510	2025	2025.7562	ISR	ISRAEL	ISR								PSEREB	HAMAS	PSE					REB			1	130	130	13	3	-4.4	4	1	4	-13.8888888888889	4	Gaza, Israel (general), Israel	IS	IS00	18315	31.4167	34.3333	-797156	4	Gaza, Israel (general), Israel	IS	IS00	18315	31.4167	34.3333	-797156	4	Gaza, Israel (general), Israel	IS	IS00	18315	31.4167	34.3333	-797156	20251006011500	https://news.crossmap.com/2025/10/05/trump-threatens-hamas-with-complete-obliteration-if-terror-group-refuses-to-relinquish-power-in-gaza/
1266965394	20251006	202510	2025	2025.7562	ISRGOV	ISRAELI	ISR					GOV													0	051	051	05	1	3.4	9	3	9	-1.70940170940171	4	Gaza, Israel (general), Israel	IS	IS00	18315	31.4167	34.3333	-797156	0								4	Gaza, Israel (general), Israel	IS	IS00	18315	31.4167	34.3333	-797156	20251006011500	https://www.smh.com.au/world/europe/terror-attack-leads-british-jews-to-wonder-if-it-s-time-to-leave-20251006-p5n0ah.html
1266965395	20251006	202510	2025	2025.7562	ISRGOV	ISRAELI	ISR					GOV													0	110	110	11	3	-2.0	9	3	9	-1.70940170940171	4	Gaza, Israel (general), Israel	IS	IS00	18315	31.4167	34.3333	-797156	0								4	Gaza, Israel (general), Israel	IS	IS00	18315	31.4167	34.3333	-797156	20251006011500	https://www.smh.com.au/world/europe/terror-attack-leads-british-jews-to-wonder-if-it-s-time-to-leave-20251006-p5n0ah.html
1266965396	20251006	202510	2025	2025.7562	ISRGOV	ISRAEL	ISR					GOV			PSEREB	HAMAS	PSE					REB			1	042	042	04	1	1.9	1	1	1	-3.1081081081081	4	Sharm El Sheikh, Janub Sina', Egypt	EG	EG26	66041	27.8518	34.305	-302053	4	Sharm El Sheikh, Janub Sina', Egypt	EG	EG26	66041	27.8518	34.305	-302053	4	Sharm El Sheikh, Janub Sina', Egypt	EG	EG26	66041	27.8518	34.305	-302053	20251006011500	http://www.bignewsnetwork.com/news/278619203/daily-world-briefing-oct-6
1266965397	20251006	202510	2025	2025.7562	ISRGOV	ISRAELI	ISR					GOV			PSEREB	HAMAS	PSE					REB			1	042	042	04	1	1.9	2	1	2	-3.1081081081081	4	Gaza, Israel (general), Israel	IS	IS00	18315	31.4167	34.3333	-797156	4	Sharm El Sheikh, Janub Sina', Egypt	EG	EG26	66041	27.8518	34.305	-302053	4	Sharm El Sheikh, Janub Sina', Egypt	EG	EG26	66041	27.8518	34.305	-302053	20251006011500	http://www.bignewsnetwork.com/news/278619203/daily-world-briefing-oct-6
1266965398	20251006	202510	2025	2025.7562	ISRGOV	ISRAEL	ISR					GOV			PSEREB	HAMAS	PSE					REB			1	046	046	04	1	7.0	1	1	1	-3.1081081081081	4	Sharm El Sheikh, Janub Sina', Egypt	EG	EG26	66041	27.8518	34.305	-302053	4	Sharm El Sheikh, Janub Sina', Egypt	EG	EG26	66041	27.8518	34.305	-302053	4	Sharm El Sheikh, Janub Sina', Egypt	EG	EG26	66041	27.8518	34.305	-302053	20251006011500	http://www.bignewsnetwork.com/news/278619203/daily-world-briefing-oct-6
1266965399	20251006	202510	2025	2025.7562	ISRGOV	ISRAELI	ISR					GOV			PSEREB	HAMAS	PSE					REB			1	046	046	04	1	7.0	2	1	2	-3.1081081081081	4	Gaza, Israel (general), Israel	IS	IS00	18315	31.4167	34.3333	-797156	4	Sharm El Sheikh, Janub Sina', Egypt	EG	EG26	66041	27.8518	34.305	-302053	4	Sharm El Sheikh, Janub Sina', Egypt	EG	EG26	66041	27.8518	34.305	-302053	20251006011500	http://www.bignewsnetwork.com/news/278619203/daily-world-briefing-oct-6
1266965400	20251006	202510	2025	2025.7562	ISRMIL	ISRAEL	ISR					MIL			ISR	ISRAEL	ISR								0	130	130	13	3	-4.4	6	3	6	-5.38922155688622	4	Gaza, Israel (general), Israel	IS	IS00	18315	31.4167	34.3333	-797156	4	Gaza, Israel (general), Israel	IS	IS00	18315	31.4167	34.3333	-797156	4	Gaza, Israel (general), Israel	IS	IS00	18315	31.4167	34.3333	-797156	20251006011500	https://www.insidenova.com/news/national/hamas-calls-for-swift-hostage-prisoner-swap-as-trump-urges-quick-talks/article_fc7651b6-9fa8-5bab-895b-35a1f6e9db3f.html
1266965401	20251006	202510	2025	2025.7562	ISRMIL	ISRAEL	ISR					MIL			ISR	ISRAEL	ISR								1	141	141	14	3	-6.5	4	1	4	-4.82456140350877	1	Japan	JA	JA		36	138	JA	1	Japan	JA	JA		36	138	JA	1	Japan	JA	JA		36	138	JA	20251006011500	https://theconversation.com/your-say-week-beginning-october-6-266770
1266965402	20251006	202510	2025	2025.7562	ISRMIL	ISRAEL	ISR					MIL			PSE	GAZA	PSE								1	141	141	14	3	-6.5	6	1	6	-4.82456140350877	1	Japan	JA	JA		36	138	JA	1	Japan	JA	JA		36	138	JA	1	Japan	JA	JA		36	138	JA	20251006011500	https://theconversation.com/your-say-week-beginning-october-6-266770
1266965403	20251006	202510	2025	2025.7562	ITA	NAPLES	ITA																		1	010	010	01	1	0.0	3	1	3	-5.28455284552846	4	Gaza, Israel (general), Israel	IS	IS00	18315	31.4167	34.3333	-797156	0								4	Gaza, Israel (general), Israel	IS	IS00	18315	31.4167	34.3333	-797156	20251006011500	https://www.israelnationalnews.com/news/415870
1266965404	20251006	202510	2025	2025.7562	ITA	NAPLES	ITA																		1	051	051	05	1	3.4	3	1	3	-5.28455284552846	4	Gaza, Israel (general), Israel	IS	IS00	18315	31.4167	34.3333	-797156	0								4	Gaza, Israel (general), Israel	IS	IS00	18315	31.4167	34.3333	-797156	20251006011500	https://www.israelnationalnews.com/news/415870
1266965405	20251006	202510	2025	2025.7562	ITA	NAPLES	ITA																		1	161	161	16	4	-4.0	3	1	3	-5.28455284552846	4	Gaza, Israel (general), Israel	IS	IS00	18315	31.4167	34.3333	-797156	0								4	Gaza, Israel (general), Israel	IS	IS00	18315	31.4167	34.3333	-797156	20251006011500	https://www.israelnationalnews.com/news/415870
1266965406	20251006	202510	2025	2025.7562	ITA	NAPLES	ITA								ISR	ISRAELI	ISR								1	010	010	01	1	0.0	7	1	7	-5.28455284552846	4	Gaza, Israel (general), Israel	IS	IS00	18315	31.4167	34.3333	-797156	4	Gaza, Israel (general), Israel	IS	IS00	18315	31.4167	34.3333	-797156	4	Gaza, Israel (general), Israel	IS	IS00	18315	31.4167	34.3333	-797156	20251006011500	https://www.israelnationalnews.com/news/415870
1266965407	20251006	202510	2025	2025.7562	ITA	NAPLES	ITA								ISR	ISRAELI	ISR								1	051	051	05	1	3.4	5	1	5	-5.28455284552846	4	Gaza, Israel (general), Israel	IS	IS00	18315	31.4167	34.3333	-797156	4	Gaza, Israel (general), Israel	IS	IS00	18315	31.4167	34.3333	-797156	4	Gaza, Israel (general), Israel	IS	IS00	18315	31.4167	34.3333	-797156	20251006011500	https://www.israelnationalnews.com/news/415870
1266965408	20251006	202510	2025	2025.7562	ITA	NAPLES	ITA								ISR	ISRAELI	ISR								1	161	161	16	4	-4.0	7	1	7	-5.28455284552846	4	Gaza, Israel (general), Israel	IS	IS00	18315	31.4167	34.3333	-797156	4	Gaza, Israel (general), Israel	IS	IS00	18315	31.4167	34.3333	-797156	4	Gaza, Israel (general), Israel	IS	IS00	18315	31.4167	34.3333	-797156	20251006011500	https://www.israelnationalnews.com/news/415870
1266965409	20251006	202510	2025	2025.7562	JPN	JAPANESE	JPN																		1	046	046	04	1	7.0	3	1	3	0.5952380952381	1	Japan	JA	JA		36	138	JA	0								1	Japan	JA	JA		36	138	JA	20251006011500	https://www.japantimes.co.jp/community/2025/10/06/issues/japan-korea-student-conference/
1266965410	20251006	202510	2025	2025.7562	JPN	JAPAN	JPN																		1	071	071	07	2	7.4	10	1	10	4.65686274509804	4	Tokyo, Tokyo, Japan	JA	JA40	36340	35.685	139.751	-246227	0								4	Tokyo, Tokyo, Japan	JA	JA40	36340	35.685	139.751	-246227	20251006011500	https://www.theworldfolio.com/news/tobu-hotels-connect-culture--stay/5263/
1266965411	20251006	202510	2025	2025.7562	JPN	JAPAN	JPN																		1	110	110	11	3	-2.0	10	1	10	4.65686274509804	4	Tokyo, Tokyo, Japan	JA	JA40	36340	35.685	139.751	-246227	0								4	Tokyo, Tokyo, Japan	JA	JA40	36340	35.685	139.751	-246227	20251006011500	https://www.theworldfolio.com/news/tobu-hotels-connect-culture--stay/5263/
1266965412	20251006	202510	2025	2025.7562	JPN	JAPANESE	JPN																		1	111	111	11	3	-2.0	7	1	7	3.29029571012078	4	Tokyo, Tokyo, Japan	JA	JA40	36340	35.685	139.751	-246227	0								4	Tokyo, Tokyo, Japan	JA	JA40	36340	35.685	139.751	-246227	20251006011500	https://www.theworldfolio.com/interviews/pouring-little-wa-into-every-glass/7072/
1266965413	20251006	202510	2025	2025.7562	JPN	JAPANESE	JPN								EDU	STUDENT						EDU			1	040	040	04	1	1.0	7	1	7	0.5952380952381	1	Japan	JA	JA		36	138	JA	1	Japan	JA	JA		36	138	JA	1	Japan	JA	JA		36	138	JA	20251006011500	https://www.japantimes.co.jp/community/2025/10/06/issues/japan-korea-student-conference/
1266965414	20251006	202510	2025	2025.7562	JPN	JAPAN	JPN								EDU	STUDENT						EDU			1	042	042	04	1	1.9	10	1	10	0.5952380952381	1	Japan	JA	JA		36	138	JA	1	Japan	JA	JA		36	138	JA	1	Japan	JA	JA		36	138	JA	20251006011500	https://www.japantimes.co.jp/community/2025/10/06/issues/japan-korea-student-conference/
1266965415	20251006	202510	2025	2025.7562	JPN	JAPAN	JPN								KOR	SEOUL	KOR								1	042	042	04	1	1.9	2	1	2	0.5952380952381	4	Seoul, Soul-t'ukpyolsi, South Korea	KS	KS11	24984	37.5664	127	-716583	4	Seoul, Soul-t'ukpyolsi, South Korea	KS	KS11	24984	37.5664	127	-716583	1	Japan	JA	JA		36	138	JA	20251006011500	https://www.japantimes.co.jp/community/2025/10/06/issues/japan-korea-student-conference/
1266965416	20251006	202510	2025	2025.7562	JPN	JAPAN	JPN								KOR	SEOUL	KOR								1	042	042	04	1	1.9	6	1	6	0.5952380952381	4	Seoul, Soul-t'ukpyolsi, South Korea	KS	KS11	24984	37.5664	127	-716583	1	Japan	JA	JA		36	138	JA	4	Seoul, Soul-t'ukpyolsi, South Korea	KS	KS11	24984	37.5664	127	-716583	20251006011500	https://www.japantimes.co.jp/community/2025/10/06/issues/japan-korea-student-conference/
1266965417	20251006	202510	2025	2025.7562	JPN	JAPAN	JPN								KOR	SOUTH KOREA	KOR								1	042	042	04	1	1.9	2	1	2	0.5952380952381	4	Seoul, Soul-t'ukpyolsi, South Korea	KS	KS11	24984	37.5664	127	-716583	1	Japan	JA	JA		36	138	JA	1	Japan	JA	JA		36	138	JA	20251006011500	https://www.japantimes.co.jp/community/2025/10/06/issues/japan-korea-student-conference/
1266965418	20251006	202510	2025	2025.7562	JPNGOV	JAPAN	JPN					GOV													1	111	111	11	3	-2.0	2	1	2	4.65686274509804	4	Tokyo, Tokyo, Japan	JA	JA40	36340	35.685	139.751	-246227	0								4	Tokyo, Tokyo, Japan	JA	JA40	36340	35.685	139.751	-246227	20251006011500	https://www.theworldfolio.com/news/tobu-hotels-connect-culture--stay/5263/
1266965419	20251006	202510	2025	2025.7562	JUD	LAWYER						JUD													0	010	010	01	1	0.0	3	1	3	-4.82315112540193	4	Paris, France (general), France	FR	FR00	16282	48.8667	2.33333	-1456928	0								4	Paris, France (general), France	FR	FR00	16282	48.8667	2.33333	-1456928	20251006011500	https://www.yahoo.com/news/articles/gis-le-pelicot-faces-one-230711109.html
1266965420	20251006	202510	2025	2025.7562	JUD	JUDGE						JUD													1	010	010	01	1	0.0	5	1	5	-4.54545454545455	1	New Zealand	NZ	NZ		-42	174	NZ	0								1	New Zealand	NZ	NZ		-42	174	NZ	20251006011500	https://www.rnz.co.nz/news/business/575115/iag-hit-with-record-19-point-5m-penalty-for-misleading-customers
1266965421	20251006	202510	2025	2025.7562	JUD	JUDGE						JUD													1	040	040	04	1	1.0	16	1	10	-13.7777777777778	3	Miami, Florida, United States	US	USFL	FL086	25.7743	-80.1937	295004	0								3	Miami, Florida, United States	US	USFL	FL086	25.7743	-80.1937	295004	20251006011500	https://themusic.com.au/news/sean-diddy-combs-sentenced-to-four-years-in-prison/Y-3Zd3Z5eHs/06-10-25
1266965422	20251006	202510	2025	2025.7562	JUD	MAGISTRATE						JUD													1	060	060	06	2	6.0	10	1	10	-9.70464135021097	4	Ayer Keroh, Melaka, Malaysia	MY	MY04	18585	2.2654	102.28	-2403419	0								4	Ayer Keroh, Melaka, Malaysia	MY	MY04	18585	2.2654	102.28	-2403419	20251006011500	https://www.thestar.com.my/news/nation/2025/10/06/egyptian-held-for-beating-wife-and-threatening-to-kill-her
1266965423	20251006	202510	2025	2025.7562	JUD	MAGISTRATE						JUD													1	100	100	10	3	-5.0	5	1	5	-9.70464135021097	4	Melaka, Melaka, Malaysia	MY	MY04	18585	2.196	102.241	-2403412	0								4	Melaka, Melaka, Malaysia	MY	MY04	18585	2.196	102.241	-2403412	20251006011500	https://www.thestar.com.my/news/nation/2025/10/06/egyptian-held-for-beating-wife-and-threatening-to-kill-her
1266965424	20251006	202510	2025	2025.7562	JUD	MAGISTRATE						JUD													1	100	100	10	3	-5.0	5	1	5	-9.70464135021097	4	Ayer Keroh, Melaka, Malaysia	MY	MY04	18585	2.2654	102.28	-2403419	0								4	Ayer Keroh, Melaka, Malaysia	MY	MY04	18585	2.2654	102.28	-2403419	20251006011500	https://www.thestar.com.my/news/nation/2025/10/06/egyptian-held-for-beating-wife-and-threatening-to-kill-her
1266965425	20251006	202510	2025	2025.7562	JUD	MAGISTRATE						JUD													1	1014	101	10	3	-5.0	10	1	10	-9.70464135021097	4	Ayer Keroh, Melaka, Malaysia	MY	MY04	18585	2.2654	102.28	-2403419	0								4	Ayer Keroh, Melaka, Malaysia	MY	MY04	18585	2.2654	102.28	-2403419	20251006011500	https://www.thestar.com.my/news/nation/2025/10/06/egyptian-held-for-beating-wife-and-threatening-to-kill-her
1266965426	20251006	202510	2025	2025.7562	JUD	JUDGE						JUD													0	160	160	16	4	-4.0	3	1	3	-5.91397849462366	1	El Salvador	ES	ES		13.833333	-88.916667	ES	0								1	El Salvador	ES	ES		13.833333	-88.916667	ES	20251006011500	http://www.eastcountymagazine.org/comment/51376
1266965427	20251006	202510	2025	2025.7562	JUD	LAWYER						JUD													0	1821	182	18	4	-9.0	8	1	8	-4.82315112540193	4	Paris, France (general), France	FR	FR00	16282	48.8667	2.33333	-1456928	0								4	Paris, France (general), France	FR	FR00	16282	48.8667	2.33333	-1456928	20251006011500	https://www.yahoo.com/news/articles/gis-le-pelicot-faces-one-230711109.html
1266965428	20251006	202510	2025	2025.7562	JUD	PROSECUTOR						JUD			CRM	CRIMINAL						CRM			0	010	010	01	1	0.0	10	1	10	-13.7777777777778	3	Miami, Florida, United States	US	USFL	FL086	25.7743	-80.1937	295004	3	Miami, Florida, United States	US	USFL	FL086	25.7743	-80.1937	295004	3	Miami, Florida, United States	US	USFL	FL086	25.7743	-80.1937	295004	20251006011500	https://themusic.com.au/news/sean-diddy-combs-sentenced-to-four-years-in-prison/Y-3Zd3Z5eHs/06-10-25
1266965429	20251006	202510	2025	2025.7562	JUD	PROSECUTOR						JUD			CRM	CRIMINAL						CRM			0	112	112	11	3	-2.0	10	1	10	-13.7777777777778	3	Miami, Florida, United States	US	USFL	FL086	25.7743	-80.1937	295004	3	Miami, Florida, United States	US	USFL	FL086	25.7743	-80.1937	295004	3	Miami, Florida, United States	US	USFL	FL086	25.7743	-80.1937	295004	20251006011500	https://themusic.com.au/news/sean-diddy-combs-sentenced-to-four-years-in-prison/Y-3Zd3Z5eHs/06-10-25
1266965430	20251006	202510	2025	2025.7562	JUD	LAWYER						JUD			FRA	FRENCH	FRA								0	173	173	17	4	-5.0	7	1	7	-4.82315112540193	4	Paris, France (general), France	FR	FR00	16282	48.8667	2.33333	-1456928	4	Paris, France (general), France	FR	FR00	16282	48.8667	2.33333	-1456928	4	Paris, France (general), France	FR	FR00	16282	48.8667	2.33333	-1456928	20251006011500	https://www.yahoo.com/news/articles/gis-le-pelicot-faces-one-230711109.html
1266965431	20251006	202510	2025	2025.7562	JUD	MAGISTRATE						JUD			LAB	WORKER						LAB			1	173	173	17	4	-5.0	10	1	10	-13.0890052356021	0								0								0								20251006011500	https://www.thestar.com.my/news/nation/2025/10/06/peeping-tom-sentenced-to-six-months-jail
1266965432	20251006	202510	2025	2025.7562	JUD	LAWYER						JUD			OPP	ACTIVIST						OPP			0	051	051	05	1	3.4	7	1	7	-4.82315112540193	4	Paris, France (general), France	FR	FR00	16282	48.8667	2.33333	-1456928	4	Paris, France (general), France	FR	FR00	16282	48.8667	2.33333	-1456928	4	Paris, France (general), France	FR	FR00	16282	48.8667	2.33333	-1456928	20251006011500	https://www.yahoo.com/news/articles/gis-le-pelicot-faces-one-230711109.html
1266965433	20251006	202510	2025	2025.7562	JUD	PROSECUTOR						JUD			OPP	DETAINEE						OPP			0	1124	112	11	3	-2.0	5	1	5	-5.05494505494505	4	Quito, Pichincha, Ecuador	EC	EC18	18585	-0.216667	-78.5	-932573	4	Quito, Pichincha, Ecuador	EC	EC18	18585	-0.216667	-78.5	-932573	4	Quito, Pichincha, Ecuador	EC	EC18	18585	-0.216667	-78.5	-932573	20251006011500	https://www.wellandtribune.ca/news/world/americas/protesters-rally-for-and-against-ecuadors-president-as-emergency-takes-effect-in-10-provinces/article_dca08afd-79c9-50b0-87c5-5ff3e94d2943.html
1266965434	20251006	202510	2025	2025.7562	JUD	PROSECUTOR						JUD			OPP	DETAINEE						OPP			0	1124	112	11	3	-2.0	5	1	5	-7.79220779220775	1	Ecuador	EC	EC		-2	-77.5	EC	1	Ecuador	EC	EC		-2	-77.5	EC	1	Ecuador	EC	EC		-2	-77.5	EC	20251006011500	https://indianexpress.com/article/world/protesters-rally-for-and-against-ecuador-president-emergency-in-10-provinces-10290047/
1266965435	20251006	202510	2025	2025.7562	JUD	LAWYER						JUD			OPP	ACTIVIST						OPP			0	180	180	18	4	-9.0	7	1	7	-4.82315112540193	4	Paris, France (general), France	FR	FR00	16282	48.8667	2.33333	-1456928	4	Paris, France (general), France	FR	FR00	16282	48.8667	2.33333	-1456928	4	Paris, France (general), France	FR	FR00	16282	48.8667	2.33333	-1456928	20251006011500	https://www.yahoo.com/news/articles/gis-le-pelicot-faces-one-230711109.html
1266965436	20251006	202510	2025	2025.7562	JUD	JUDGE						JUD			SLV	EL SALVADOR	SLV								0	081	081	08	2	5.0	4	1	4	-5.91397849462366	1	El Salvador	ES	ES		13.833333	-88.916667	ES	1	El Salvador	ES	ES		13.833333	-88.916667	ES	1	El Salvador	ES	ES		13.833333	-88.916667	ES	20251006011500	http://www.eastcountymagazine.org/comment/51376
1266965437	20251006	202510	2025	2025.7562	JUD	JUDGE						JUD			USA	UNITED STATES	USA								1	040	040	04	1	1.0	2	1	2	-13.7777777777778	3	Miami, Florida, United States	US	USFL	FL086	25.7743	-80.1937	295004	3	Miami, Florida, United States	US	USFL	FL086	25.7743	-80.1937	295004	3	Miami, Florida, United States	US	USFL	FL086	25.7743	-80.1937	295004	20251006011500	https://themusic.com.au/news/sean-diddy-combs-sentenced-to-four-years-in-prison/Y-3Zd3Z5eHs/06-10-25
1266965438	20251006	202510	2025	2025.7562	KOR	SEOUL	KOR								JPN	JAPAN	JPN								1	043	043	04	1	2.8	10	1	10	0.5952380952381	4	Seoul, Soul-t'ukpyolsi, South Korea	KS	KS11	24984	37.5664	127	-716583	1	Japan	JA	JA		36	138	JA	4	Seoul, Soul-t'ukpyolsi, South Korea	KS	KS11	24984	37.5664	127	-716583	20251006011500	https://www.japantimes.co.jp/community/2025/10/06/issues/japan-korea-student-conference/
1266965439	20251006	202510	2025	2025.7562	KOR	SOUTH KOREA	KOR								JPN	JAPAN	JPN								1	045	045	04	1	5.0	8	1	8	0.5952380952381	4	Seoul, Soul-t'ukpyolsi, South Korea	KS	KS11	24984	37.5664	127	-716583	1	Japan	JA	JA		36	138	JA	4	Seoul, Soul-t'ukpyolsi, South Korea	KS	KS11	24984	37.5664	127	-716583	20251006011500	https://www.japantimes.co.jp/community/2025/10/06/issues/japan-korea-student-conference/
1266965440	20251006	202510	2025	2025.7562	LAB	WORKER						LAB													1	180	180	18	4	-9.0	10	1	10	-8.98550724637683	0								0								0								20251006011500	https://timesofindia.indiatimes.com/city/noida/safai-worker-in-the-way-man-in-suv-whips-out-gun-slaps-him-in-noida/articleshow/124325344.cms
1266965441	20251006	202510	2025	2025.7562	LAB	WORKER						LAB			JUD	MAGISTRATE						JUD			1	015	015	01	1	0.0	10	1	10	-13.0890052356021	0								0								0								20251006011500	https://www.thestar.com.my/news/nation/2025/10/06/peeping-tom-sentenced-to-six-months-jail
1266965442	20251006	202510	2025	2025.7562	LEG	CONGRESS						LEG													0	040	040	04	1	1.0	10	1	10	-1.28205128205128	5	Karnataka, Karnataka, India	IN	IN19	17688	13.5	76	-2099860	0								5	Karnataka, Karnataka, India	IN	IN19	17688	13.5	76	-2099860	20251006011500	https://www.hindustantimes.com/india-news/enumerators-told-not-to-ask-personal-queries-dks-101759690705054.html
1266965443	20251006	202510	2025	2025.7562	LEG	CONGRESS						LEG			GOV	PRIME MINISTER						GOV			0	018	018	01	1	3.4	6	1	6	-6.6768994627782	4	Sankosh River, Bhutan (general), Bhutan	BT	BT00	17952	26.3833	89.8	-2211370	4	Sankosh River, Bhutan (general), Bhutan	BT	BT00	17952	26.3833	89.8	-2211370	4	Sankosh River, Bhutan (general), Bhutan	BT	BT00	17952	26.3833	89.8	-2211370	20251006011500	https://www.hindustantimes.com/india-news/darjeeling-deluge-kills-18-after-landslides-sweep-through-hills-101759690281489.html
1266965444	20251006	202510	2025	2025.7562	LEG	CONGRESS						LEG			GOV	GOVERNMENT						GOV			1	030	030	03	1	4.0	10	1	10	-5.88235294117647	0								0								0								20251006011500	https://biztoc.com/x/b16a443a1e1c2f8b
1266965445	20251006	202510	2025	2025.7562	LEG	CONGRESSMAN						LEG			PHL	PHILIPPINE	PHL								0	020	020	02	1	3.0	2	1	2	-0.08643042350907	4	Cagayan, Cebu, Philippines	RP	RP21	24253	9.7064	123.4	-2418282	4	Cagayan, Cebu, Philippines	RP	RP21	24253	9.7064	123.4	-2418282	4	Cagayan, Cebu, Philippines	RP	RP21	24253	9.7064	123.4	-2418282	20251006011500	https://www.rappler.com/newsbreak/in-depth/jojo-lara-family-firm-bags-billions-dpwh-deals-cagayan-since-2020/
1266965446	20251006	202510	2025	2025.7562	MED	MEDIA						MED													1	010	010	01	1	0.0	6	1	6	-6.49350649350649	4	Caracas, Distrito Federal, Venezuela	VE	VE25	31959	10.5	-66.9167	-938457	0								4	Caracas, Distrito Federal, Venezuela	VE	VE25	31959	10.5	-66.9167	-938457	20251006011500	https://kism.com/news/030030-hegseth-announces-latest-strike-on-boat-near-venezuela-he-says-was-trafficking-drugs/
1266965447	20251006	202510	2025	2025.7562	MED	WEBSITE						MED													1	060	060	06	2	6.0	5	1	5	10.7344632768362	0								0								0								20251006011500	https://moonfruit.com/brilliance
1266965448	20251006	202510	2025	2025.7562	MED	JOURNALIST						MED			GOV	GOVERNMENT						GOV			0	134	134	13	3	-5.8	10	1	10	-5.91397849462366	1	El Salvador	ES	ES		13.833333	-88.916667	ES	1	El Salvador	ES	ES		13.833333	-88.916667	ES	1	El Salvador	ES	ES		13.833333	-88.916667	ES	20251006011500	http://www.eastcountymagazine.org/comment/51376
1266965449	20251006	202510	2025	2025.7562	MED	MEDIA						MED			GOV	ADMINISTRATION						GOV			0	154	154	15	4	-7.2	1	1	1	-3.1081081081081	3	Chicago, Illinois, United States	US	USIL	IL031	41.85	-87.6501	423587	3	Chicago, Illinois, United States	US	USIL	IL031	41.85	-87.6501	423587	3	Chicago, Illinois, United States	US	USIL	IL031	41.85	-87.6501	423587	20251006011500	http://www.bignewsnetwork.com/news/278619203/daily-world-briefing-oct-6
1266965450	20251006	202510	2025	2025.7562	MED	MEDIA						MED			GOV	ADMINISTRATION						GOV			0	154	154	15	4	-7.2	2	1	2	-3.1081081081081	3	Chicago, Illinois, United States	US	USIL	IL031	41.85	-87.6501	423587	3	Chicago, Illinois, United States	US	USIL	IL031	41.85	-87.6501	423587	2	Illinois, United States	US	USIL		40.3363	-89.0022	IL	20251006011500	http://www.bignewsnetwork.com/news/278619203/daily-world-briefing-oct-6
1266965451	20251006	202510	2025	2025.7562	MED	MEDIA						MED			ISRGOV	ISRAEL	ISR					GOV			0	154	154	15	4	-7.2	1	1	1	-3.1081081081081	4	Gaza, Israel (general), Israel	IS	IS00	18315	31.4167	34.3333	-797156	4	Gaza, Israel (general), Israel	IS	IS00	18315	31.4167	34.3333	-797156	4	Gaza, Israel (general), Israel	IS	IS00	18315	31.4167	34.3333	-797156	20251006011500	http://www.bignewsnetwork.com/news/278619203/daily-world-briefing-oct-6
1266965452	20251006	202510	2025	2025.7562	MED	MEDIA						MED			ISRGOV	ISRAEL	ISR					GOV			0	154	154	15	4	-7.2	1	1	1	-3.1081081081081	4	Gaza, Israel (general), Israel	IS	IS00	18315	31.4167	34.3333	-797156	4	Gaza, Israel (general), Israel	IS	IS00	18315	31.4167	34.3333	-797156	3	Chicago, Illinois, United States	US	USIL	IL031	41.85	-87.6501	423587	20251006011500	http://www.bignewsnetwork.com/news/278619203/daily-world-briefing-oct-6
1266965453	20251006	202510	2025	2025.7562	MED	JOURNALIST						MED			SLV	EL SALVADOR	SLV								0	040	040	04	1	1.0	7	1	7	-5.91397849462366	1	El Salvador	ES	ES		13.833333	-88.916667	ES	1	El Salvador	ES	ES		13.833333	-88.916667	ES	1	El Salvador	ES	ES		13.833333	-88.916667	ES	20251006011500	http://www.eastcountymagazine.org/comment/51376
1266965454	20251006	202510	2025	2025.7562	MED	JOURNALIST						MED			SLV	EL SALVADOR	SLV								0	042	042	04	1	1.9	7	1	7	-5.91397849462366	1	El Salvador	ES	ES		13.833333	-88.916667	ES	1	El Salvador	ES	ES		13.833333	-88.916667	ES	1	El Salvador	ES	ES		13.833333	-88.916667	ES	20251006011500	http://www.eastcountymagazine.org/comment/51376
1266965455	20251006	202510	2025	2025.7562	MED	MEDIA						MED			USA	UNITED STATES	USA								1	010	010	01	1	0.0	2	1	2	-6.49350649350649	4	Caracas, Distrito Federal, Venezuela	VE	VE25	31959	10.5	-66.9167	-938457	4	Caracas, Distrito Federal, Venezuela	VE	VE25	31959	10.5	-66.9167	-938457	4	Caracas, Distrito Federal, Venezuela	VE	VE25	31959	10.5	-66.9167	-938457	20251006011500	https://kism.com/news/030030-hegseth-announces-latest-strike-on-boat-near-venezuela-he-says-was-trafficking-drugs/
1266965456	20251006	202510	2025	2025.7562	MED	MEDIA						MED			USA	UNITED STATES	USA								1	010	010	01	1	0.0	2	1	2	-6.49350649350649	3	Washington, District of Columbia, United States	US	USDC	DC001	38.8951	-77.0364	531871	4	Caracas, Distrito Federal, Venezuela	VE	VE25	31959	10.5	-66.9167	-938457	4	Caracas, Distrito Federal, Venezuela	VE	VE25	31959	10.5	-66.9167	-938457	20251006011500	https://kism.com/news/030030-hegseth-announces-latest-strike-on-boat-near-venezuela-he-says-was-trafficking-drugs/
1266965457	20251006	202510	2025	2025.7562	MED	WRITER						MED			VEN	VENEZUELA	VEN								0	070	070	07	2	7.0	7	1	7	-6.49350649350649	4	Caracas, Distrito Federal, Venezuela	VE	VE25	31959	10.5	-66.9167	-938457	4	Caracas, Distrito Federal, Venezuela	VE	VE25	31959	10.5	-66.9167	-938457	4	Caracas, Distrito Federal, Venezuela	VE	VE25	31959	10.5	-66.9167	-938457	20251006011500	https://kism.com/news/030030-hegseth-announces-latest-strike-on-boat-near-venezuela-he-says-was-trafficking-drugs/
1266965458	20251006	202510	2025	2025.7562	MED	WRITER						MED			VEN	VENEZUELA	VEN								0	070	070	07	2	7.0	1	1	1	-6.49350649350649	3	Washington, District of Columbia, United States	US	USDC	DC001	38.8951	-77.0364	531871	4	Caracas, Distrito Federal, Venezuela	VE	VE25	31959	10.5	-66.9167	-938457	4	Caracas, Distrito Federal, Venezuela	VE	VE25	31959	10.5	-66.9167	-938457	20251006011500	https://kism.com/news/030030-hegseth-announces-latest-strike-on-boat-near-venezuela-he-says-was-trafficking-drugs/
1266965459	20251006	202510	2025	2025.7562	MIL	MARINES						MIL													0	040	040	04	1	1.0	3	1	3	-6.49350649350649	4	Caracas, Distrito Federal, Venezuela	VE	VE25	31959	10.5	-66.9167	-938457	0								4	Caracas, Distrito Federal, Venezuela	VE	VE25	31959	10.5	-66.9167	-938457	20251006011500	https://kism.com/news/030030-hegseth-announces-latest-strike-on-boat-near-venezuela-he-says-was-trafficking-drugs/
1266965460	20251006	202510	2025	2025.7562	MIL	MARINES						MIL													0	040	040	04	1	1.0	2	1	2	-6.49350649350649	4	Caracas, Distrito Federal, Venezuela	VE	VE25	31959	10.5	-66.9167	-938457	0								3	Washington, District of Columbia, United States	US	USDC	DC001	38.8951	-77.0364	531871	20251006011500	https://kism.com/news/030030-hegseth-announces-latest-strike-on-boat-near-venezuela-he-says-was-trafficking-drugs/
1266965461	20251006	202510	2025	2025.7562	MIL	MILITARY						MIL													1	080	080	08	2	5.0	10	1	10	-2.47524752475247	1	United Kingdom	UK	UK		54	-4	UK	0								1	United Kingdom	UK	UK		54	-4	UK	20251006011500	https://hypebeast.com/2025/10/alexander-mcqueen-spring-summer-2026-paris-fashion-week-womenswear-runway
1266965462	20251006	202510	2025	2025.7562	MIL	NAVAL						MIL													1	090	090	09	2	-2.0	1	1	1	-10.9375	3	Norfolk, Virginia, United States	US	USVA	VA710	36.8468	-76.2852	1497051	0								3	Norfolk, Virginia, United States	US	USVA	VA710	36.8468	-76.2852	1497051	20251006011500	https://www.kxxv.com/news/local-news/angelina-resendiz-murder-case-moves-toward-trial
1266965463	20251006	202510	2025	2025.7562	MIL	ARMY						MIL			CVL	CITIZEN						CVL			0	070	070	07	2	7.0	10	1	10	-6.6768994627782	4	Sankosh River, Bhutan (general), Bhutan	BT	BT00	17952	26.3833	89.8	-2211370	4	Sankosh River, Bhutan (general), Bhutan	BT	BT00	17952	26.3833	89.8	-2211370	4	Sankosh River, Bhutan (general), Bhutan	BT	BT00	17952	26.3833	89.8	-2211370	20251006011500	https://www.hindustantimes.com/india-news/darjeeling-deluge-kills-18-after-landslides-sweep-through-hills-101759690281489.html
1266965464	20251006	202510	2025	2025.7562	MNCJPN	TOYOTA	JPN					MNC													1	172	172	17	4	-5.0	10	1	10	3.41614906832298	0								0								0								20251006011500	https://roarmag.org/For-TOYOTA-TUNDRA-2014-2021-Retractable-Bed-Step-Stepandreg-b-1314033
1266965465	20251006	202510	2025	2025.7562	MNCJPN	TOYOTA	JPN					MNC													1	172	172	17	4	-5.0	10	1	10	0	3	Berkeley, California, United States	US	USCA	CA001	37.8716	-122.273	1658037	0								3	Berkeley, California, United States	US	USCA	CA001	37.8716	-122.273	1658037	20251006011500	https://www.thetruthaboutcars.com/2008/03/2008-toyota-sienna-le-review/
1266965466	20251006	202510	2025	2025.7562	MUS	MAURITIUS	MUS								USAGOV	US AMBASSADOR	USA					GOV			0	173	173	17	4	-5.0	6	1	6	-1.87919463087249	4	Northern Ireland, Craigavon, United Kingdom	UK	UKR8	40152	54.5	-6.5	-2604275	4	Northern Ireland, Craigavon, United Kingdom	UK	UKR8	40152	54.5	-6.5	-2604275	4	Northern Ireland, Craigavon, United Kingdom	UK	UKR8	40152	54.5	-6.5	-2604275	20251006011500	https://www.dailymail.co.uk/debate/article-15164707/ANDREW-PIERCE-Starmers-security-chief-Jonathan-Powell-shadowy-figure-influence-minister.html
1266965467	20251006	202510	2025	2025.7562	MUS	MAURITIUS	MUS								USAGOV	US AMBASSADOR	USA					GOV			0	173	173	17	4	-5.0	2	1	2	-1.87919463087249	3	White House, District of Columbia, United States	US	USDC		38.8951	-77.0364	531871	3	White House, District of Columbia, United States	US	USDC		38.8951	-77.0364	531871	4	Northern Ireland, Craigavon, United Kingdom	UK	UKR8	40152	54.5	-6.5	-2604275	20251006011500	https://www.dailymail.co.uk/debate/article-15164707/ANDREW-PIERCE-Starmers-security-chief-Jonathan-Powell-shadowy-figure-influence-minister.html
1266965468	20251006	202510	2025	2025.7562	MUS	MAURITIUS	MUS								USAGOV	US AMBASSADOR	USA					GOV			0	173	173	17	4	-5.0	2	1	2	-1.87919463087249	3	White House, District of Columbia, United States	US	USDC		38.8951	-77.0364	531871	3	White House, District of Columbia, United States	US	USDC		38.8951	-77.0364	531871	3	White House, District of Columbia, United States	US	USDC		38.8951	-77.0364	531871	20251006011500	https://www.dailymail.co.uk/debate/article-15164707/ANDREW-PIERCE-Starmers-security-chief-Jonathan-Powell-shadowy-figure-influence-minister.html
1266965469	20251006	202510	2025	2025.7562	MYS	MALAYSIA	MYS																		1	010	010	01	1	0.0	6	1	6	-5.47945205479452	4	Bukit Merah, Perak, Malaysia	MY	MY07	37396	5.03782	100.649	-2403770	0								4	Bukit Merah, Perak, Malaysia	MY	MY07	37396	5.03782	100.649	-2403770	20251006011500	https://www.thestar.com.my/news/nation/2025/10/06/groups-concerned-malaysia-not-ready-to-adopt-nuclear-energy
1266965470	20251006	202510	2025	2025.7562	MYS	MALAYSIA	MYS																		1	043	043	04	1	2.8	10	1	10	4.37158469945356	4	Kuala Lumpur, Kuala Lumpur, Malaysia	MY	MY14	18585	3.16667	101.7	-2403010	0								4	Kuala Lumpur, Kuala Lumpur, Malaysia	MY	MY14	18585	3.16667	101.7	-2403010	20251006011500	https://www.thestar.com.my/news/nation/2025/10/06/pakistan-pms-visit-to-malaysia-reflects-strong-bilateral-ties-says-anwar
1266965471	20251006	202510	2025	2025.7562	MYS	MALAYSIA	MYS																		1	057	057	05	1	8.0	8	1	4	0.96153846153846	4	Bintulu, Sarawak, Malaysia	MY	MY11	18585	3.16667	113.033	-2400610	0								4	Bintulu, Sarawak, Malaysia	MY	MY11	18585	3.16667	113.033	-2400610	20251006011500	https://www.thestar.com.my/business/business-news/2025/10/06/trading-ideas-ihh-maxis-malakoff-nexg-sapura-industria-mbsb-g-capital-plytec-solarvest-knm-ytl-sc-estate-builder-perak-transit-ctos
1266965472	20251006	202510	2025	2025.7562	MYS	SARAWAK	MYS																		1	057	057	05	1	8.0	6	1	6	0.96153846153846	4	Mukah, Sarawak, Malaysia	MY	MY11	18585	2.9	112.1	-2402832	0								4	Mukah, Sarawak, Malaysia	MY	MY11	18585	2.9	112.1	-2402832	20251006011500	https://www.thestar.com.my/business/business-news/2025/10/06/trading-ideas-ihh-maxis-malakoff-nexg-sapura-industria-mbsb-g-capital-plytec-solarvest-knm-ytl-sc-estate-builder-perak-transit-ctos
1266965473	20251006	202510	2025	2025.7562	MYS	MALAYSIA	MYS																		1	138	138	13	3	-7.0	2	1	2	-9.70464135021097	4	Melaka, Melaka, Malaysia	MY	MY04	18585	2.196	102.241	-2403412	0								4	Ayer Keroh, Melaka, Malaysia	MY	MY04	18585	2.2654	102.28	-2403419	20251006011500	https://www.thestar.com.my/news/nation/2025/10/06/egyptian-held-for-beating-wife-and-threatening-to-kill-her
1266965474	20251006	202510	2025	2025.7562	MYS	TERENGGANU	MYS																		1	173	173	17	4	-5.0	10	1	10	-13.0890052356021	0								0								0								20251006011500	https://www.thestar.com.my/news/nation/2025/10/06/peeping-tom-sentenced-to-six-months-jail
1266965475	20251006	202510	2025	2025.7562	MYS	MALAYSIA	MYS								EGY	EGYPT	EGY								1	190	190	19	4	-10.0	2	1	2	-9.70464135021097	4	Melaka, Melaka, Malaysia	MY	MY04	18585	2.196	102.241	-2403412	1	Egypt	EG	EG		27	30	EG	4	Ayer Keroh, Melaka, Malaysia	MY	MY04	18585	2.2654	102.28	-2403419	20251006011500	https://www.thestar.com.my/news/nation/2025/10/06/egyptian-held-for-beating-wife-and-threatening-to-kill-her
1266965476	20251006	202510	2025	2025.7562	MYS	MALAYSIA	MYS								ISR	ISRAEL	ISR								1	010	010	01	1	0.0	2	1	2	-0.51282051282052	4	Gaza, Israel (general), Israel	IS	IS00	18315	31.4167	34.3333	-797156	4	Petaling, Malaysia (general), Malaysia	MY	MY00	18585	3.08333	101.667	-2403014	4	Petaling, Malaysia (general), Malaysia	MY	MY00	18585	3.08333	101.667	-2403014	20251006011500	https://www.thestar.com.my/news/nation/2025/10/06/afraid-but-prepared-to-tell-gazas-story-from-the-ground
1266965477	20251006	202510	2025	2025.7562	MYS	MALAYSIA	MYS								JUD	MAGISTRATE						JUD			1	180	180	18	4	-9.0	4	1	4	-9.70464135021097	4	Melaka, Melaka, Malaysia	MY	MY04	18585	2.196	102.241	-2403412	4	Melaka, Melaka, Malaysia	MY	MY04	18585	2.196	102.241	-2403412	4	Melaka, Melaka, Malaysia	MY	MY04	18585	2.196	102.241	-2403412	20251006011500	https://www.thestar.com.my/news/nation/2025/10/06/egyptian-held-for-beating-wife-and-threatening-to-kill-her
1266965478	20251006	202510	2025	2025.7562	MYS	MALAYSIA	MYS								PAK	PAKISTAN	PAK								1	043	043	04	1	2.8	10	1	10	4.37158469945356	4	Kuala Lumpur, Kuala Lumpur, Malaysia	MY	MY14	18585	3.16667	101.7	-2403010	1	Pakistan	PK	PK		30	70	PK	1	Pakistan	PK	PK		30	70	PK	20251006011500	https://www.thestar.com.my/news/nation/2025/10/06/pakistan-pms-visit-to-malaysia-reflects-strong-bilateral-ties-says-anwar
1266965479	20251006	202510	2025	2025.7562	MYSGOV	MALAYSIA	MYS					GOV													1	012	012	01	1	-0.4	10	1	10	-5.47945205479452	4	Sungai Kim Kim, Johor, Malaysia	MY	MY01	18585	1.4299	103.974	-2378009	0								4	Sungai Kim Kim, Johor, Malaysia	MY	MY01	18585	1.4299	103.974	-2378009	20251006011500	https://www.thestar.com.my/news/nation/2025/10/06/groups-concerned-malaysia-not-ready-to-adopt-nuclear-energy
1266965480	20251006	202510	2025	2025.7562	MYSGOV	MALAYSIA	MYS					GOV													1	111	111	11	3	-2.0	10	1	10	-5.47945205479452	4	Petaling, Malaysia (general), Malaysia	MY	MY00	18585	3.08333	101.667	-2403014	0								4	Petaling, Malaysia (general), Malaysia	MY	MY00	18585	3.08333	101.667	-2403014	20251006011500	https://www.thestar.com.my/news/nation/2025/10/06/groups-concerned-malaysia-not-ready-to-adopt-nuclear-energy
1266965481	20251006	202510	2025	2025.7562	NGA	LAGOS	NGA																		1	010	010	01	1	0.0	1	1	1	-6.36363636363636	4	Freetown, Western Area, Sierra Leone	SL	SL04	111381	8.49	-13.2342	-1315606	0								4	Enugu, Enugu, Nigeria	NI	NI47	191302	6.4402	7.4943	-2006530	20251006011500	https://www.tanzanianewsreports.com/tinubu-rehabilitated-ccd-director-after-sierra-leone-rebels-amputated-his-hands/
1266965482	20251006	202510	2025	2025.7562	NGA	LAGOS	NGA																		1	010	010	01	1	0.0	1	1	1	-6.36363636363636	4	Lagos, Lagos, Nigeria	NI	NI05	191416	6.45306	3.39583	-2017355	0								4	Enugu, Enugu, Nigeria	NI	NI47	191302	6.4402	7.4943	-2006530	20251006011500	https://www.tanzanianewsreports.com/tinubu-rehabilitated-ccd-director-after-sierra-leone-rebels-amputated-his-hands/
1266965483	20251006	202510	2025	2025.7562	NGA	LAGOS	NGA																		1	020	020	02	1	3.0	2	1	2	-6.36363636363636	4	Enugu, Enugu, Nigeria	NI	NI47	191302	6.4402	7.4943	-2006530	0								4	Enugu, Enugu, Nigeria	NI	NI47	191302	6.4402	7.4943	-2006530	20251006011500	https://www.tanzanianewsreports.com/tinubu-rehabilitated-ccd-director-after-sierra-leone-rebels-amputated-his-hands/
1266965484	20251006	202510	2025	2025.7562	NGA	NIGERIA	NGA								BUS	BUSINESS						BUS			1	190	190	19	4	-10.0	2	1	2	-6.36363636363636	5	Lagos State, Lagos, Nigeria	NI	NI05	22927	6.58333	3.75	-2017361	4	Freetown, Western Area, Sierra Leone	SL	SL04	111381	8.49	-13.2342	-1315606	4	Freetown, Western Area, Sierra Leone	SL	SL04	111381	8.49	-13.2342	-1315606	20251006011500	https://www.tanzanianewsreports.com/tinubu-rehabilitated-ccd-director-after-sierra-leone-rebels-amputated-his-hands/
1266965485	20251006	202510	2025	2025.7562	NGA	NIGERIAN	NGA								BUS	BUSINESS						BUS			1	190	190	19	4	-10.0	4	1	4	-6.36363636363636	5	Lagos State, Lagos, Nigeria	NI	NI05	22927	6.58333	3.75	-2017361	4	Freetown, Western Area, Sierra Leone	SL	SL04	111381	8.49	-13.2342	-1315606	5	Lagos State, Lagos, Nigeria	NI	NI05	22927	6.58333	3.75	-2017361	20251006011500	https://www.tanzanianewsreports.com/tinubu-rehabilitated-ccd-director-after-sierra-leone-rebels-amputated-his-hands/
1266965486	20251006	202510	2025	2025.7562	NGA	NIGERIA	NGA								CVL	COMMUNITY						CVL			0	010	010	01	1	0.0	2	1	2	-6.36363636363636	4	Enugu, Enugu, Nigeria	NI	NI47	191302	6.4402	7.4943	-2006530	4	Enugu, Enugu, Nigeria	NI	NI47	191302	6.4402	7.4943	-2006530	4	Enugu, Enugu, Nigeria	NI	NI47	191302	6.4402	7.4943	-2006530	20251006011500	https://www.tanzanianewsreports.com/tinubu-rehabilitated-ccd-director-after-sierra-leone-rebels-amputated-his-hands/
1266965487	20251006	202510	2025	2025.7562	NGA	LAGOS	NGA								NGAGOV	NIGERIA	NGA					GOV			1	020	020	02	1	3.0	2	1	2	-6.36363636363636	4	Enugu, Enugu, Nigeria	NI	NI47	191302	6.4402	7.4943	-2006530	4	Enugu, Enugu, Nigeria	NI	NI47	191302	6.4402	7.4943	-2006530	4	Enugu, Enugu, Nigeria	NI	NI47	191302	6.4402	7.4943	-2006530	20251006011500	https://www.tanzanianewsreports.com/tinubu-rehabilitated-ccd-director-after-sierra-leone-rebels-amputated-his-hands/
1266965488	20251006	202510	2025	2025.7562	NGA	LAGOS	NGA								SLE	SIERRA LEONE	SLE								1	010	010	01	1	0.0	1	1	1	-6.36363636363636	4	Lagos, Lagos, Nigeria	NI	NI05	191416	6.45306	3.39583	-2017355	4	Freetown, Western Area, Sierra Leone	SL	SL04	111381	8.49	-13.2342	-1315606	4	Enugu, Enugu, Nigeria	NI	NI47	191302	6.4402	7.4943	-2006530	20251006011500	https://www.tanzanianewsreports.com/tinubu-rehabilitated-ccd-director-after-sierra-leone-rebels-amputated-his-hands/
1266965489	20251006	202510	2025	2025.7562	NGA	NIGERIA	NGA								SLE	FREETOWN	SLE								1	042	042	04	1	1.9	2	1	2	-6.36363636363636	4	Enugu, Enugu, Nigeria	NI	NI47	191302	6.4402	7.4943	-2006530	4	Freetown, Western Area, Sierra Leone	SL	SL04	111381	8.49	-13.2342	-1315606	4	Freetown, Western Area, Sierra Leone	SL	SL04	111381	8.49	-13.2342	-1315606	20251006011500	https://www.tanzanianewsreports.com/tinubu-rehabilitated-ccd-director-after-sierra-leone-rebels-amputated-his-hands/
1266965490	20251006	202510	2025	2025.7562	NGA	NIGERIA	NGA								SLE	FREETOWN	SLE								1	042	042	04	1	1.9	2	1	2	-6.36363636363636	4	Enugu, Enugu, Nigeria	NI	NI47	191302	6.4402	7.4943	-2006530	4	Enugu, Enugu, Nigeria	NI	NI47	191302	6.4402	7.4943	-2006530	4	Enugu, Enugu, Nigeria	NI	NI47	191302	6.4402	7.4943	-2006530	20251006011500	https://www.tanzanianewsreports.com/tinubu-rehabilitated-ccd-director-after-sierra-leone-rebels-amputated-his-hands/
1266965491	20251006	202510	2025	2025.7562	NGA	LAGOS	NGA								SLEGOV	SIERRA LEONE	SLE					GOV			1	010	010	01	1	0.0	1	1	1	-6.36363636363636	4	Freetown, Western Area, Sierra Leone	SL	SL04	111381	8.49	-13.2342	-1315606	4	Freetown, Western Area, Sierra Leone	SL	SL04	111381	8.49	-13.2342	-1315606	4	Enugu, Enugu, Nigeria	NI	NI47	191302	6.4402	7.4943	-2006530	20251006011500	https://www.tanzanianewsreports.com/tinubu-rehabilitated-ccd-director-after-sierra-leone-rebels-amputated-his-hands/
1266965492	20251006	202510	2025	2025.7562	NGA	NIGERIA	NGA								ibo	IGBO			ibo						0	120	120	12	3	-4.0	2	1	2	-6.36363636363636	4	Enugu, Enugu, Nigeria	NI	NI47	191302	6.4402	7.4943	-2006530	4	Enugu, Enugu, Nigeria	NI	NI47	191302	6.4402	7.4943	-2006530	4	Enugu, Enugu, Nigeria	NI	NI47	191302	6.4402	7.4943	-2006530	20251006011500	https://www.tanzanianewsreports.com/tinubu-rehabilitated-ccd-director-after-sierra-leone-rebels-amputated-his-hands/
1266965493	20251006	202510	2025	2025.7562	NGAGOV	LAGOS	NGA					GOV													1	010	010	01	1	0.0	3	1	3	-6.36363636363636	4	Lagos, Lagos, Nigeria	NI	NI05	191416	6.45306	3.39583	-2017355	0								4	Lagos, Lagos, Nigeria	NI	NI05	191416	6.45306	3.39583	-2017355	20251006011500	https://www.tanzanianewsreports.com/tinubu-rehabilitated-ccd-director-after-sierra-leone-rebels-amputated-his-hands/
1266965494	20251006	202510	2025	2025.7562	NGAGOV	LAGOS	NGA					GOV													1	020	020	02	1	3.0	6	1	6	-6.36363636363636	4	Enugu, Enugu, Nigeria	NI	NI47	191302	6.4402	7.4943	-2006530	0								4	Enugu, Enugu, Nigeria	NI	NI47	191302	6.4402	7.4943	-2006530	20251006011500	https://www.tanzanianewsreports.com/tinubu-rehabilitated-ccd-director-after-sierra-leone-rebels-amputated-his-hands/
1266965495	20251006	202510	2025	2025.7562	NLD	THE NETHERLAND	NLD																		1	071	071	07	2	7.4	10	1	10	1.39240506329114	1	Netherlands	NL	NL		52.5	5.75	NL	0								1	Netherlands	NL	NL		52.5	5.75	NL	20251006011500	https://vietnamnews.vn/economy/1726616/digital-data-paves-way-for-exports-to-major-markets.html
1266965496	20251006	202510	2025	2025.7562	NZL	OTAGO	NZL																		0	080	080	08	2	5.0	10	1	10	-3.34821428571429	5	Otago, Otago, New Zealand	NZ	NZF7	22391	-45.25	169.5	11483306	0								5	Otago, Otago, New Zealand	NZ	NZF7	22391	-45.25	169.5	11483306	20251006011500	https://www.odt.co.nz/regions/central-otago/burn-trial-pines-exhibits-potential
1266965497	20251006	202510	2025	2025.7562	NZL	NEW ZEALAND	NZL																		0	112	112	11	3	-2.0	4	1	4	-6.1764705882353	4	Whakatane, New Zealand (general), New Zealand	NZ	NZ00	22380	-37.9833	177	401898	0								4	Whakatane, New Zealand (general), New Zealand	NZ	NZ00	22380	-37.9833	177	401898	20251006011500	https://www.rnz.co.nz/news/national/575114/whakaari-eruption-inquest-frustrated-families-want-answers
1266965498	20251006	202510	2025	2025.7562	NZL	AUCKLAND	NZL								COP	POLICE						COP			1	193	193	19	4	-10.0	10	1	10	-4.62962962962963	0								0								0								20251006011500	https://www.rnz.co.nz/news/national/575083/loud-bangs-gas-as-man-arrested-after-police-officer-shot-in-auckland-s-flat-bush
1266965499	20251006	202510	2025	2025.7562	NZL	NEW ZEALAND	NZL								NZLHLH	AUCKLAND	NZL					HLH			0	112	112	11	3	-2.0	2	1	2	-6.1764705882353	4	Whakatane, New Zealand (general), New Zealand	NZ	NZ00	22380	-37.9833	177	401898	4	Whakatane, New Zealand (general), New Zealand	NZ	NZ00	22380	-37.9833	177	401898	4	Whakatane, New Zealand (general), New Zealand	NZ	NZ00	22380	-37.9833	177	401898	20251006011500	https://www.rnz.co.nz/news/national/575114/whakaari-eruption-inquest-frustrated-families-want-answers
1266965500	20251006	202510	2025	2025.7562	NZLHLH	AUCKLAND	NZL					HLH													0	112	112	11	3	-2.0	1	1	1	-6.1764705882353	4	Whakatane, New Zealand (general), New Zealand	NZ	NZ00	22380	-37.9833	177	401898	0								4	Whakatane, New Zealand (general), New Zealand	NZ	NZ00	22380	-37.9833	177	401898	20251006011500	https://www.rnz.co.nz/news/national/575114/whakaari-eruption-inquest-frustrated-families-want-answers
1266965501	20251006	202510	2025	2025.7562	NZLHLH	AUCKLAND	NZL					HLH			NZL	NEW ZEALAND	NZL								0	112	112	11	3	-2.0	2	1	2	-6.1764705882353	4	Whakatane, New Zealand (general), New Zealand	NZ	NZ00	22380	-37.9833	177	401898	4	Whakatane, New Zealand (general), New Zealand	NZ	NZ00	22380	-37.9833	177	401898	4	Whakatane, New Zealand (general), New Zealand	NZ	NZ00	22380	-37.9833	177	401898	20251006011500	https://www.rnz.co.nz/news/national/575114/whakaari-eruption-inquest-frustrated-families-want-answers
1266965502	20251006	202510	2025	2025.7562	OPP	PRISONER						OPP													1	0841	084	08	2	7.0	5	1	5	-7.78688524590163	4	Ghaziabad, Uttar Pradesh, India	IN	IN36	70265	28.6667	77.4333	-2096227	0								4	Ghaziabad, Uttar Pradesh, India	IN	IN36	70265	28.6667	77.4333	-2096227	20251006011500	https://timesofindia.indiatimes.com/city/noida/with-fake-court-papers-2-cops-try-to-free-2-prisoners-arrested/articleshow/124325232.cms
1266965503	20251006	202510	2025	2025.7562	OPP	OBJECTOR						OPP			AFR	AFRICA	AFR								1	042	042	04	1	1.9	4	1	4	-2.57801899592944	1	Australia	AS	AS		-25	135	AS	1	Australia	AS	AS		-25	135	AS	1	Australia	AS	AS		-25	135	AS	20251006011500	https://umsu.unimelb.edu.au/support/advocacy/safestudentactivism/
1266965504	20251006	202510	2025	2025.7562	OPP	PRISONER						OPP			COP	POLICE FORCE						COP			1	046	046	04	1	7.0	5	1	5	-7.78688524590163	4	Ghaziabad, Uttar Pradesh, India	IN	IN36	70265	28.6667	77.4333	-2096227	4	Ghaziabad, Uttar Pradesh, India	IN	IN36	70265	28.6667	77.4333	-2096227	4	Ghaziabad, Uttar Pradesh, India	IN	IN36	70265	28.6667	77.4333	-2096227	20251006011500	https://timesofindia.indiatimes.com/city/noida/with-fake-court-papers-2-cops-try-to-free-2-prisoners-arrested/articleshow/124325232.cms
1266965505	20251006	202510	2025	2025.7562	OPP	ACTIVIST						OPP			FRA	FRENCH	FRA								0	173	173	17	4	-5.0	7	1	7	-4.82315112540193	4	Paris, France (general), France	FR	FR00	16282	48.8667	2.33333	-1456928	4	Paris, France (general), France	FR	FR00	16282	48.8667	2.33333	-1456928	4	Paris, France (general), France	FR	FR00	16282	48.8667	2.33333	-1456928	20251006011500	https://www.yahoo.com/news/articles/gis-le-pelicot-faces-one-230711109.html
1266965506	20251006	202510	2025	2025.7562	OPP	PROTESTER						OPP			GOV	GOVERNMENT						GOV			1	042	042	04	1	1.9	5	1	5	-7.79220779220775	1	Ecuador	EC	EC		-2	-77.5	EC	1	Ecuador	EC	EC		-2	-77.5	EC	1	Ecuador	EC	EC		-2	-77.5	EC	20251006011500	https://indianexpress.com/article/world/protesters-rally-for-and-against-ecuador-president-emergency-in-10-provinces-10290047/
1266965507	20251006	202510	2025	2025.7562	OPP	PROTESTER						OPP			GOV	GOVERNMENT						GOV			1	042	042	04	1	1.9	3	1	3	-5.05494505494505	1	United States	US	US		39.828175	-98.5795	US	1	United States	US	US		39.828175	-98.5795	US	1	United States	US	US		39.828175	-98.5795	US	20251006011500	https://www.wellandtribune.ca/news/world/americas/protesters-rally-for-and-against-ecuadors-president-as-emergency-takes-effect-in-10-provinces/article_dca08afd-79c9-50b0-87c5-5ff3e94d2943.html
1266965508	20251006	202510	2025	2025.7562	OPP	PROTESTER						OPP			GOV	GOVERNMENT						GOV			1	128	128	12	3	-5.0	4	1	4	-8.65671641791048	4	Manchester, Manchester, United Kingdom	UK	UKI2	40118	53.5	-2.21667	-2602512	4	Manchester, Manchester, United Kingdom	UK	UKI2	40118	53.5	-2.21667	-2602512	4	Manchester, Manchester, United Kingdom	UK	UKI2	40118	53.5	-2.21667	-2602512	20251006011500	https://www.santafenewmexican.com/ap/international/uk-says-it-will-restrict-repeated-protests-after-500-arrests-at-pro-palestinian-vigil/article_7c919bf4-7a33-5853-8c8f-b8f37f17bef8.html
1266965509	20251006	202510	2025	2025.7562	OPP	PROTESTER						OPP			GOV	GOVERNMENT						GOV			1	172	172	17	4	-5.0	4	1	4	-8.65671641791048	4	Gaza, Israel (general), Israel	IS	IS00	18315	31.4167	34.3333	-797156	4	Gaza, Israel (general), Israel	IS	IS00	18315	31.4167	34.3333	-797156	4	Gaza, Israel (general), Israel	IS	IS00	18315	31.4167	34.3333	-797156	20251006011500	https://www.santafenewmexican.com/ap/international/uk-says-it-will-restrict-repeated-protests-after-500-arrests-at-pro-palestinian-vigil/article_7c919bf4-7a33-5853-8c8f-b8f37f17bef8.html
1266965510	20251006	202510	2025	2025.7562	OPP	PROTESTER						OPP			ISR	ISRAEL	ISR								0	141	141	14	3	-6.5	30	3	30	-1.70940170940171	4	Gaza, Israel (general), Israel	IS	IS00	18315	31.4167	34.3333	-797156	4	Gaza, Israel (general), Israel	IS	IS00	18315	31.4167	34.3333	-797156	4	Gaza, Israel (general), Israel	IS	IS00	18315	31.4167	34.3333	-797156	20251006011500	https://www.smh.com.au/world/europe/terror-attack-leads-british-jews-to-wonder-if-it-s-time-to-leave-20251006-p5n0ah.html
1266965511	20251006	202510	2025	2025.7562	OPP	PROTESTER						OPP			JUD	PROSECUTOR						JUD			0	100	100	10	3	-5.0	5	1	5	-5.05494505494505	4	Quito, Pichincha, Ecuador	EC	EC18	18585	-0.216667	-78.5	-932573	4	Quito, Pichincha, Ecuador	EC	EC18	18585	-0.216667	-78.5	-932573	4	Quito, Pichincha, Ecuador	EC	EC18	18585	-0.216667	-78.5	-932573	20251006011500	https://www.wellandtribune.ca/news/world/americas/protesters-rally-for-and-against-ecuadors-president-as-emergency-takes-effect-in-10-provinces/article_dca08afd-79c9-50b0-87c5-5ff3e94d2943.html
1266965512	20251006	202510	2025	2025.7562	OPP	PROTESTER						OPP			JUD	PROSECUTOR						JUD			0	100	100	10	3	-5.0	5	1	5	-7.79220779220775	1	Ecuador	EC	EC		-2	-77.5	EC	1	Ecuador	EC	EC		-2	-77.5	EC	1	Ecuador	EC	EC		-2	-77.5	EC	20251006011500	https://indianexpress.com/article/world/protesters-rally-for-and-against-ecuador-president-emergency-in-10-provinces-10290047/
1266965513	20251006	202510	2025	2025.7562	PAK	PAKISTAN	PAK																		1	043	043	04	1	2.8	2	1	2	4.37158469945356	1	Pakistan	PK	PK		30	70	PK	0								4	Kuala Lumpur, Kuala Lumpur, Malaysia	MY	MY14	18585	3.16667	101.7	-2403010	20251006011500	https://www.thestar.com.my/news/nation/2025/10/06/pakistan-pms-visit-to-malaysia-reflects-strong-bilateral-ties-says-anwar
1266965514	20251006	202510	2025	2025.7562	PAK	PAKISTAN	PAK																		1	043	043	04	1	2.8	8	1	8	4.37158469945356	1	Pakistan	PK	PK		30	70	PK	0								1	Pakistan	PK	PK		30	70	PK	20251006011500	https://www.thestar.com.my/news/nation/2025/10/06/pakistan-pms-visit-to-malaysia-reflects-strong-bilateral-ties-says-anwar
1266965515	20251006	202510	2025	2025.7562	PAK	PAKISTAN	PAK								MYS	MALAYSIA	MYS								1	042	042	04	1	1.9	2	1	2	4.37158469945356	4	Kuala Lumpur, Kuala Lumpur, Malaysia	MY	MY14	18585	3.16667	101.7	-2403010	1	Pakistan	PK	PK		30	70	PK	4	Kuala Lumpur, Kuala Lumpur, Malaysia	MY	MY14	18585	3.16667	101.7	-2403010	20251006011500	https://www.thestar.com.my/news/nation/2025/10/06/pakistan-pms-visit-to-malaysia-reflects-strong-bilateral-ties-says-anwar
1266965516	20251006	202510	2025	2025.7562	PAK	PAKISTAN	PAK								MYS	MALAYSIA	MYS								1	042	042	04	1	1.9	6	1	6	4.37158469945356	4	Kuala Lumpur, Kuala Lumpur, Malaysia	MY	MY14	18585	3.16667	101.7	-2403010	1	Pakistan	PK	PK		30	70	PK	1	Pakistan	PK	PK		30	70	PK	20251006011500	https://www.thestar.com.my/news/nation/2025/10/06/pakistan-pms-visit-to-malaysia-reflects-strong-bilateral-ties-says-anwar
1266965517	20251006	202510	2025	2025.7562	PAK	PAKISTAN	PAK								MYS	MALAYSIA	MYS								1	042	042	04	1	1.9	2	1	2	4.37158469945356	1	Pakistan	PK	PK		30	70	PK	4	Kuala Lumpur, Kuala Lumpur, Malaysia	MY	MY14	18585	3.16667	101.7	-2403010	4	Kuala Lumpur, Kuala Lumpur, Malaysia	MY	MY14	18585	3.16667	101.7	-2403010	20251006011500	https://www.thestar.com.my/news/nation/2025/10/06/pakistan-pms-visit-to-malaysia-reflects-strong-bilateral-ties-says-anwar
1266965518	20251006	202510	2025	2025.7562	PHL	PHILIPPINE	PHL								BUS	COMPANY						BUS			0	120	120	12	3	-4.0	4	1	4	-0.08643042350907	4	Cagayan, Cebu, Philippines	RP	RP21	24253	9.7064	123.4	-2418282	4	Cagayan, Cebu, Philippines	RP	RP21	24253	9.7064	123.4	-2418282	4	Cagayan, Cebu, Philippines	RP	RP21	24253	9.7064	123.4	-2418282	20251006011500	https://www.rappler.com/newsbreak/in-depth/jojo-lara-family-firm-bags-billions-dpwh-deals-cagayan-since-2020/
1266965519	20251006	202510	2025	2025.7562	POL	POLAND	POL								DEU	GERMANY	DEU								0	192	192	19	4	-9.5	2	1	2	-3.1081081081081	4	Eilat, HaDarom, Israel	IS	IS01	18315	29.558	34.9482	-779626	4	Eilat, HaDarom, Israel	IS	IS01	18315	29.558	34.9482	-779626	4	Eilat, HaDarom, Israel	IS	IS01	18315	29.558	34.9482	-779626	20251006011500	http://www.bignewsnetwork.com/news/278619203/daily-world-briefing-oct-6
1266965520	20251006	202510	2025	2025.7562	POL	POLAND	POL								DEU	GERMANY	DEU								0	192	192	19	4	-9.5	8	1	8	-3.1081081081081	1	Poland	PL	PL		52	20	PL	1	Germany	GM	GM		51.5	10.5	GM	1	Poland	PL	PL		52	20	PL	20251006011500	http://www.bignewsnetwork.com/news/278619203/daily-world-briefing-oct-6
1266965521	20251006	202510	2025	2025.7562	PSE	GAZA	PSE																		1	010	010	01	1	0.0	2	1	2	-0.51282051282052	4	Petaling, Malaysia (general), Malaysia	MY	MY00	18585	3.08333	101.667	-2403014	0								4	Petaling, Malaysia (general), Malaysia	MY	MY00	18585	3.08333	101.667	-2403014	20251006011500	https://www.thestar.com.my/news/nation/2025/10/06/afraid-but-prepared-to-tell-gazas-story-from-the-ground
1266965522	20251006	202510	2025	2025.7562	PSE	PALESTINIAN	PSE								GOV	GOVERNMENT						GOV			1	128	128	12	3	-5.0	2	1	2	-8.65671641791048	4	Manchester, Manchester, United Kingdom	UK	UKI2	40118	53.5	-2.21667	-2602512	4	Manchester, Manchester, United Kingdom	UK	UKI2	40118	53.5	-2.21667	-2602512	4	Manchester, Manchester, United Kingdom	UK	UKI2	40118	53.5	-2.21667	-2602512	20251006011500	https://www.santafenewmexican.com/ap/international/uk-says-it-will-restrict-repeated-protests-after-500-arrests-at-pro-palestinian-vigil/article_7c919bf4-7a33-5853-8c8f-b8f37f17bef8.html
1266965523	20251006	202510	2025	2025.7562	PSE	PALESTINIAN	PSE								GOV	GOVERNMENT						GOV			1	172	172	17	4	-5.0	2	1	2	-8.65671641791048	4	Gaza, Israel (general), Israel	IS	IS00	18315	31.4167	34.3333	-797156	4	Gaza, Israel (general), Israel	IS	IS00	18315	31.4167	34.3333	-797156	4	Gaza, Israel (general), Israel	IS	IS00	18315	31.4167	34.3333	-797156	20251006011500	https://www.santafenewmexican.com/ap/international/uk-says-it-will-restrict-repeated-protests-after-500-arrests-at-pro-palestinian-vigil/article_7c919bf4-7a33-5853-8c8f-b8f37f17bef8.html
1266965524	20251006	202510	2025	2025.7562	PSE	GAZA	PSE								ISR	ISRAEL	ISR								1	010	010	01	1	0.0	1	1	1	-0.51282051282052	4	Petaling, Malaysia (general), Malaysia	MY	MY00	18585	3.08333	101.667	-2403014	4	Petaling, Malaysia (general), Malaysia	MY	MY00	18585	3.08333	101.667	-2403014	4	Petaling, Malaysia (general), Malaysia	MY	MY00	18585	3.08333	101.667	-2403014	20251006011500	https://www.thestar.com.my/news/nation/2025/10/06/afraid-but-prepared-to-tell-gazas-story-from-the-ground
1266965525	20251006	202510	2025	2025.7562	PSE	GAZA	PSE								ISR	ISRAEL	ISR								1	010	010	01	1	0.0	1	1	1	-0.51282051282052	4	Gaza, Israel (general), Israel	IS	IS00	18315	31.4167	34.3333	-797156	4	Gaza, Israel (general), Israel	IS	IS00	18315	31.4167	34.3333	-797156	4	Petaling, Malaysia (general), Malaysia	MY	MY00	18585	3.08333	101.667	-2403014	20251006011500	https://www.thestar.com.my/news/nation/2025/10/06/afraid-but-prepared-to-tell-gazas-story-from-the-ground
1266965526	20251006	202510	2025	2025.7562	PSE	PALESTINIAN	PSE								ISR	ISRAEL	ISR								0	040	040	04	1	1.0	1	1	1	-3	1	Canada	CA	CA		60	-96	CA	1	Canada	CA	CA		60	-96	CA	1	Canada	CA	CA		60	-96	CA	20251006011500	https://www.chch.com/chch-news/carney-heads-to-washington-with-low-expectations-amid-u-s-tariff-pressures/
1266965527	20251006	202510	2025	2025.7562	PSE	GAZA	PSE								ISR	ISRAEL	ISR								1	080	080	08	2	5.0	4	1	4	-13.8888888888889	4	Gaza, Israel (general), Israel	IS	IS00	18315	31.4167	34.3333	-797156	4	Gaza, Israel (general), Israel	IS	IS00	18315	31.4167	34.3333	-797156	4	Gaza, Israel (general), Israel	IS	IS00	18315	31.4167	34.3333	-797156	20251006011500	https://news.crossmap.com/2025/10/05/trump-threatens-hamas-with-complete-obliteration-if-terror-group-refuses-to-relinquish-power-in-gaza/
1266965528	20251006	202510	2025	2025.7562	PSE	PALESTINIAN	PSE								ISRMIL	ISRAEL	ISR					MIL			0	141	141	14	3	-6.5	2	1	2	-8.65671641791048	4	Manchester, Manchester, United Kingdom	UK	UKI2	40118	53.5	-2.21667	-2602512	4	Manchester, Manchester, United Kingdom	UK	UKI2	40118	53.5	-2.21667	-2602512	4	Manchester, Manchester, United Kingdom	UK	UKI2	40118	53.5	-2.21667	-2602512	20251006011500	https://www.santafenewmexican.com/ap/international/uk-says-it-will-restrict-repeated-protests-after-500-arrests-at-pro-palestinian-vigil/article_7c919bf4-7a33-5853-8c8f-b8f37f17bef8.html
1266965529	20251006	202510	2025	2025.7562	PSE	GAZA	PSE								MED	MEDIA						MED			1	020	020	02	1	3.0	3	1	3	-0.51282051282052	4	Gaza, Israel (general), Israel	IS	IS00	18315	31.4167	34.3333	-797156	4	Gaza, Israel (general), Israel	IS	IS00	18315	31.4167	34.3333	-797156	4	Otranto, Puglia, Italy	IT	IT13	18384	40.15	18.5	-123592	20251006011500	https://www.thestar.com.my/news/nation/2025/10/06/afraid-but-prepared-to-tell-gazas-story-from-the-ground
1266965530	20251006	202510	2025	2025.7562	PSE	GAZA	PSE								PSEREB	HAMAS	PSE					REB			1	080	080	08	2	5.0	2	1	2	-13.8888888888889	4	Gaza, Israel (general), Israel	IS	IS00	18315	31.4167	34.3333	-797156	4	Gaza, Israel (general), Israel	IS	IS00	18315	31.4167	34.3333	-797156	4	Gaza, Israel (general), Israel	IS	IS00	18315	31.4167	34.3333	-797156	20251006011500	https://news.crossmap.com/2025/10/05/trump-threatens-hamas-with-complete-obliteration-if-terror-group-refuses-to-relinquish-power-in-gaza/
1266965531	20251006	202510	2025	2025.7562	PSE	GAZA	PSE								PSEREB	HAMAS	PSE					REB			1	130	130	13	3	-4.4	6	1	6	-13.8888888888889	4	Gaza, Israel (general), Israel	IS	IS00	18315	31.4167	34.3333	-797156	4	Gaza, Israel (general), Israel	IS	IS00	18315	31.4167	34.3333	-797156	4	Gaza, Israel (general), Israel	IS	IS00	18315	31.4167	34.3333	-797156	20251006011500	https://news.crossmap.com/2025/10/05/trump-threatens-hamas-with-complete-obliteration-if-terror-group-refuses-to-relinquish-power-in-gaza/
1266965532	20251006	202510	2025	2025.7562	PSEMOS	PALESTINIAN	PSE			MOS					EGY	EGYPT	EGY								1	010	010	01	1	0.0	1	1	1	-3.1081081081081	4	Sharm El Sheikh, Janub Sina', Egypt	EG	EG26	66041	27.8518	34.305	-302053	4	Sharm El Sheikh, Janub Sina', Egypt	EG	EG26	66041	27.8518	34.305	-302053	4	Sharm El Sheikh, Janub Sina', Egypt	EG	EG26	66041	27.8518	34.305	-302053	20251006011500	http://www.bignewsnetwork.com/news/278619203/daily-world-briefing-oct-6
1266965533	20251006	202510	2025	2025.7562	PSEMOS	PALESTINIAN	PSE			MOS					EGY	EGYPTIAN	EGY								1	010	010	01	1	0.0	4	1	4	-3.1081081081081	4	Gaza, Israel (general), Israel	IS	IS00	18315	31.4167	34.3333	-797156	4	Sharm El Sheikh, Janub Sina', Egypt	EG	EG26	66041	27.8518	34.305	-302053	4	Sharm El Sheikh, Janub Sina', Egypt	EG	EG26	66041	27.8518	34.305	-302053	20251006011500	http://www.bignewsnetwork.com/news/278619203/daily-world-briefing-oct-6
1266965534	20251006	202510	2025	2025.7562	PSEMOS	PALESTINIAN	PSE			MOS					EGY	EGYPT	EGY								1	042	042	04	1	1.9	2	1	2	-3.1081081081081	4	Sharm El Sheikh, Janub Sina', Egypt	EG	EG26	66041	27.8518	34.305	-302053	4	Sharm El Sheikh, Janub Sina', Egypt	EG	EG26	66041	27.8518	34.305	-302053	4	Sharm El Sheikh, Janub Sina', Egypt	EG	EG26	66041	27.8518	34.305	-302053	20251006011500	http://www.bignewsnetwork.com/news/278619203/daily-world-briefing-oct-6
1266965535	20251006	202510	2025	2025.7562	PSEMOS	PALESTINIAN	PSE			MOS					EGY	EGYPT	EGY								1	042	042	04	1	1.9	8	1	8	-3.1081081081081	4	Gaza, Israel (general), Israel	IS	IS00	18315	31.4167	34.3333	-797156	4	Sharm El Sheikh, Janub Sina', Egypt	EG	EG26	66041	27.8518	34.305	-302053	4	Sharm El Sheikh, Janub Sina', Egypt	EG	EG26	66041	27.8518	34.305	-302053	20251006011500	http://www.bignewsnetwork.com/news/278619203/daily-world-briefing-oct-6
1266965536	20251006	202510	2025	2025.7562	PSEMOS	PALESTINIAN	PSE			MOS					EGY	EGYPTIAN	EGY								1	050	050	05	1	3.5	2	1	2	-3.1081081081081	4	Sharm El Sheikh, Janub Sina', Egypt	EG	EG26	66041	27.8518	34.305	-302053	4	Sharm El Sheikh, Janub Sina', Egypt	EG	EG26	66041	27.8518	34.305	-302053	4	Sharm El Sheikh, Janub Sina', Egypt	EG	EG26	66041	27.8518	34.305	-302053	20251006011500	http://www.bignewsnetwork.com/news/278619203/daily-world-briefing-oct-6
1266965537	20251006	202510	2025	2025.7562	PSEMOS	PALESTINIAN	PSE			MOS					EGY	EGYPTIAN	EGY								1	050	050	05	1	3.5	8	1	8	-3.1081081081081	4	Gaza, Israel (general), Israel	IS	IS00	18315	31.4167	34.3333	-797156	4	Sharm El Sheikh, Janub Sina', Egypt	EG	EG26	66041	27.8518	34.305	-302053	4	Sharm El Sheikh, Janub Sina', Egypt	EG	EG26	66041	27.8518	34.305	-302053	20251006011500	http://www.bignewsnetwork.com/news/278619203/daily-world-briefing-oct-6
1266965538	20251006	202510	2025	2025.7562	PSEOPP	PALESTINIAN	PSE					OPP			GOV	GOVERNMENT						GOV			1	128	128	12	3	-5.0	1	1	1	-8.65671641791048	4	Manchester, Manchester, United Kingdom	UK	UKI2	40118	53.5	-2.21667	-2602512	4	Manchester, Manchester, United Kingdom	UK	UKI2	40118	53.5	-2.21667	-2602512	4	Manchester, Manchester, United Kingdom	UK	UKI2	40118	53.5	-2.21667	-2602512	20251006011500	https://www.santafenewmexican.com/ap/international/uk-says-it-will-restrict-repeated-protests-after-500-arrests-at-pro-palestinian-vigil/article_7c919bf4-7a33-5853-8c8f-b8f37f17bef8.html
1266965539	20251006	202510	2025	2025.7562	PSEOPP	PALESTINIAN	PSE					OPP			GOV	GOVERNMENT						GOV			1	128	128	12	3	-5.0	1	1	1	-8.65671641791048	4	Gaza, Israel (general), Israel	IS	IS00	18315	31.4167	34.3333	-797156	4	Gaza, Israel (general), Israel	IS	IS00	18315	31.4167	34.3333	-797156	4	Gaza, Israel (general), Israel	IS	IS00	18315	31.4167	34.3333	-797156	20251006011500	https://www.santafenewmexican.com/ap/international/uk-says-it-will-restrict-repeated-protests-after-500-arrests-at-pro-palestinian-vigil/article_7c919bf4-7a33-5853-8c8f-b8f37f17bef8.html
1266965540	20251006	202510	2025	2025.7562	PSEOPP	PALESTINIAN	PSE					OPP			GOV	GOVERNMENT						GOV			1	172	172	17	4	-5.0	2	1	2	-8.65671641791048	4	Gaza, Israel (general), Israel	IS	IS00	18315	31.4167	34.3333	-797156	4	Gaza, Israel (general), Israel	IS	IS00	18315	31.4167	34.3333	-797156	4	Gaza, Israel (general), Israel	IS	IS00	18315	31.4167	34.3333	-797156	20251006011500	https://www.santafenewmexican.com/ap/international/uk-says-it-will-restrict-repeated-protests-after-500-arrests-at-pro-palestinian-vigil/article_7c919bf4-7a33-5853-8c8f-b8f37f17bef8.html
1266965541	20251006	202510	2025	2025.7562	PSEREB	HAMAS	PSE					REB													0	017	017	01	1	0.0	10	1	10	-8.65671641791048	4	Gaza, Israel (general), Israel	IS	IS00	18315	31.4167	34.3333	-797156	0								4	Gaza, Israel (general), Israel	IS	IS00	18315	31.4167	34.3333	-797156	20251006011500	https://www.santafenewmexican.com/ap/international/uk-says-it-will-restrict-repeated-protests-after-500-arrests-at-pro-palestinian-vigil/article_7c919bf4-7a33-5853-8c8f-b8f37f17bef8.html
1266965542	20251006	202510	2025	2025.7562	PSEREB	HAMAS	PSE					REB			EGY	EGYPT	EGY								1	042	042	04	1	1.9	2	1	2	-3.1081081081081	1	Lithuania	LH	LH		56	24	LH	1	Poland	PL	PL		52	20	PL	1	Poland	PL	PL		52	20	PL	20251006011500	http://www.bignewsnetwork.com/news/278619203/daily-world-briefing-oct-6
1266965543	20251006	202510	2025	2025.7562	PSEREB	HAMAS	PSE					REB			EGY	EGYPT	EGY								1	042	042	04	1	1.9	6	1	6	-3.1081081081081	1	Poland	PL	PL		52	20	PL	1	Germany	GM	GM		51.5	10.5	GM	1	Germany	GM	GM		51.5	10.5	GM	20251006011500	http://www.bignewsnetwork.com/news/278619203/daily-world-briefing-oct-6
1266965544	20251006	202510	2025	2025.7562	PSEREB	HAMAS	PSE					REB			EGY	EGYPT	EGY								1	042	042	04	1	1.9	2	1	2	-3.1081081081081	1	Poland	PL	PL		52	20	PL	1	Germany	GM	GM		51.5	10.5	GM	1	Poland	PL	PL		52	20	PL	20251006011500	http://www.bignewsnetwork.com/news/278619203/daily-world-briefing-oct-6
1266965545	20251006	202510	2025	2025.7562	PSEREB	HAMAS	PSE					REB			ISR	ISRAEL	ISR								0	1123	112	11	3	-2.0	6	3	6	-5.38922155688622	4	Gaza, Israel (general), Israel	IS	IS00	18315	31.4167	34.3333	-797156	4	Gaza, Israel (general), Israel	IS	IS00	18315	31.4167	34.3333	-797156	4	Gaza, Israel (general), Israel	IS	IS00	18315	31.4167	34.3333	-797156	20251006011500	https://www.insidenova.com/news/national/hamas-calls-for-swift-hostage-prisoner-swap-as-trump-urges-quick-talks/article_fc7651b6-9fa8-5bab-895b-35a1f6e9db3f.html
1266965546	20251006	202510	2025	2025.7562	PSEREB	HAMAS	PSE					REB			ISRGOV	ISRAEL	ISR					GOV			1	043	043	04	1	2.8	1	1	1	-3.1081081081081	4	Sharm El Sheikh, Janub Sina', Egypt	EG	EG26	66041	27.8518	34.305	-302053	4	Sharm El Sheikh, Janub Sina', Egypt	EG	EG26	66041	27.8518	34.305	-302053	4	Sharm El Sheikh, Janub Sina', Egypt	EG	EG26	66041	27.8518	34.305	-302053	20251006011500	http://www.bignewsnetwork.com/news/278619203/daily-world-briefing-oct-6
1266965547	20251006	202510	2025	2025.7562	PSEREB	HAMAS	PSE					REB			ISRGOV	ISRAELI	ISR					GOV			1	043	043	04	1	2.8	2	1	2	-3.1081081081081	4	Sharm El Sheikh, Janub Sina', Egypt	EG	EG26	66041	27.8518	34.305	-302053	4	Gaza, Israel (general), Israel	IS	IS00	18315	31.4167	34.3333	-797156	4	Sharm El Sheikh, Janub Sina', Egypt	EG	EG26	66041	27.8518	34.305	-302053	20251006011500	http://www.bignewsnetwork.com/news/278619203/daily-world-briefing-oct-6
1266965548	20251006	202510	2025	2025.7562	PSEREB	HAMAS	PSE					REB			ISRGOV	ISRAEL	ISR					GOV			1	046	046	04	1	7.0	1	1	1	-3.1081081081081	4	Sharm El Sheikh, Janub Sina', Egypt	EG	EG26	66041	27.8518	34.305	-302053	4	Sharm El Sheikh, Janub Sina', Egypt	EG	EG26	66041	27.8518	34.305	-302053	4	Sharm El Sheikh, Janub Sina', Egypt	EG	EG26	66041	27.8518	34.305	-302053	20251006011500	http://www.bignewsnetwork.com/news/278619203/daily-world-briefing-oct-6
1266965549	20251006	202510	2025	2025.7562	PSEREB	HAMAS	PSE					REB			ISRGOV	ISRAELI	ISR					GOV			1	046	046	04	1	7.0	2	1	2	-3.1081081081081	4	Sharm El Sheikh, Janub Sina', Egypt	EG	EG26	66041	27.8518	34.305	-302053	4	Gaza, Israel (general), Israel	IS	IS00	18315	31.4167	34.3333	-797156	4	Sharm El Sheikh, Janub Sina', Egypt	EG	EG26	66041	27.8518	34.305	-302053	20251006011500	http://www.bignewsnetwork.com/news/278619203/daily-world-briefing-oct-6
1266965550	20251006	202510	2025	2025.7562	PTY	POLITICIAN																			0	010	010	01	1	0.0	5	1	5	-0.08643042350907	4	Cagayan, Cebu, Philippines	RP	RP21	24253	9.7064	123.4	-2418282	0								4	Cagayan, Cebu, Philippines	RP	RP21	24253	9.7064	123.4	-2418282	20251006011500	https://www.rappler.com/newsbreak/in-depth/jojo-lara-family-firm-bags-billions-dpwh-deals-cagayan-since-2020/
1266965551	20251006	202510	2025	2025.7562	PTY	POLITICIAN									GBR	MANCHESTER	GBR								0	113	113	11	3	-2.0	10	1	10	-8.65671641791048	4	Manchester, Manchester, United Kingdom	UK	UKI2	40118	53.5	-2.21667	-2602512	4	Manchester, Manchester, United Kingdom	UK	UKI2	40118	53.5	-2.21667	-2602512	4	Manchester, Manchester, United Kingdom	UK	UKI2	40118	53.5	-2.21667	-2602512	20251006011500	https://www.santafenewmexican.com/ap/international/uk-says-it-will-restrict-repeated-protests-after-500-arrests-at-pro-palestinian-vigil/article_7c919bf4-7a33-5853-8c8f-b8f37f17bef8.html
1266965552	20251006	202510	2025	2025.7562	PTY	POLITICIAN									JEW	JEWISH				JEW					0	190	190	19	4	-10.0	10	1	10	-8.65671641791048	4	Manchester, Manchester, United Kingdom	UK	UKI2	40118	53.5	-2.21667	-2602512	4	Manchester, Manchester, United Kingdom	UK	UKI2	40118	53.5	-2.21667	-2602512	4	Manchester, Manchester, United Kingdom	UK	UKI2	40118	53.5	-2.21667	-2602512	20251006011500	https://www.santafenewmexican.com/ap/international/uk-says-it-will-restrict-repeated-protests-after-500-arrests-at-pro-palestinian-vigil/article_7c919bf4-7a33-5853-8c8f-b8f37f17bef8.html
1266965553	20251006	202510	2025	2025.7562	RUS	RUSSIA	RUS																		0	1712	171	17	4	-9.2	2	1	2	-7.32519422863485	4	Moscow, Moskva, Russia	RS	RS48	25106	55.7522	37.6156	-2960561	0								4	Moscow, Moskva, Russia	RS	RS48	25106	55.7522	37.6156	-2960561	20251006011500	https://www.santafenewmexican.com/ap/national/at-least-5-people-are-killed-in-a-large-scale-russian-attack-on-ukraine/article_0016a0c2-181c-5fb7-a0f3-24bcfcae028c.html
1266965554	20251006	202510	2025	2025.7562	RUS	RUSSIA	RUS								UKR	UKRAINE	UKR								0	010	010	01	1	0.0	1	1	1	-7.32519422863485	4	Kyiv, Kyyiv, Misto, Ukraine	UP	UP12	28554	50.4333	30.5167	-1044367	4	Kyiv, Kyyiv, Misto, Ukraine	UP	UP12	28554	50.4333	30.5167	-1044367	4	Moscow, Moskva, Russia	RS	RS48	25106	55.7522	37.6156	-2960561	20251006011500	https://www.santafenewmexican.com/ap/national/at-least-5-people-are-killed-in-a-large-scale-russian-attack-on-ukraine/article_0016a0c2-181c-5fb7-a0f3-24bcfcae028c.html
1266965555	20251006	202510	2025	2025.7562	RUS	RUSSIA	RUS								UKR	UKRAINE	UKR								0	010	010	01	1	0.0	1	1	1	-7.32519422863485	4	Moscow, Moskva, Russia	RS	RS48	25106	55.7522	37.6156	-2960561	4	Kyiv, Kyyiv, Misto, Ukraine	UP	UP12	28554	50.4333	30.5167	-1044367	4	Kyiv, Kyyiv, Misto, Ukraine	UP	UP12	28554	50.4333	30.5167	-1044367	20251006011500	https://www.santafenewmexican.com/ap/national/at-least-5-people-are-killed-in-a-large-scale-russian-attack-on-ukraine/article_0016a0c2-181c-5fb7-a0f3-24bcfcae028c.html
1266965556	20251006	202510	2025	2025.7562	RUS	RUSSIA	RUS								UKR	UKRAINIAN	UKR								1	190	190	19	4	-10.0	1	1	1	-7.32519422863485	4	Kyiv, Kyyiv, Misto, Ukraine	UP	UP12	28554	50.4333	30.5167	-1044367	4	Moscow, Moskva, Russia	RS	RS48	25106	55.7522	37.6156	-2960561	4	Kyiv, Kyyiv, Misto, Ukraine	UP	UP12	28554	50.4333	30.5167	-1044367	20251006011500	https://www.santafenewmexican.com/ap/national/at-least-5-people-are-killed-in-a-large-scale-russian-attack-on-ukraine/article_0016a0c2-181c-5fb7-a0f3-24bcfcae028c.html
1266965557	20251006	202510	2025	2025.7562	RUS	RUSSIA	RUS								UKR	UKRAINIAN	UKR								1	190	190	19	4	-10.0	1	1	1	-7.32519422863485	4	Sochi, Krasnodarskiy Kray, Russia	RS	RS38	25065	43.5992	39.7257	-3006514	4	Kyiv, Kyyiv, Misto, Ukraine	UP	UP12	28554	50.4333	30.5167	-1044367	4	Sochi, Krasnodarskiy Kray, Russia	RS	RS38	25065	43.5992	39.7257	-3006514	20251006011500	https://www.santafenewmexican.com/ap/national/at-least-5-people-are-killed-in-a-large-scale-russian-attack-on-ukraine/article_0016a0c2-181c-5fb7-a0f3-24bcfcae028c.html
1266965558	20251006	202510	2025	2025.7562	RUS	RUSSIA	RUS								UKR	UKRAINIAN	UKR								1	194	194	19	4	-10.0	2	1	2	-7.32519422863485	4	Moscow, Moskva, Russia	RS	RS48	25106	55.7522	37.6156	-2960561	4	Lviv, L'vivs'ka Oblast', Ukraine	UP	UP15	28555	49.8407	24.0305	-1045268	4	Lviv, L'vivs'ka Oblast', Ukraine	UP	UP15	28555	49.8407	24.0305	-1045268	20251006011500	https://www.santafenewmexican.com/ap/national/at-least-5-people-are-killed-in-a-large-scale-russian-attack-on-ukraine/article_0016a0c2-181c-5fb7-a0f3-24bcfcae028c.html
1266965559	20251006	202510	2025	2025.7562	RUS	RUSSIA	RUS								VEN	VENEZUELA	VEN								0	010	010	01	1	0.0	8	4	8	-2.99177985914289	4	Caracas, Distrito Federal, Venezuela	VE	VE25	31959	10.5	-66.9167	-938457	4	Caracas, Distrito Federal, Venezuela	VE	VE25	31959	10.5	-66.9167	-938457	4	Caracas, Distrito Federal, Venezuela	VE	VE25	31959	10.5	-66.9167	-938457	20251006011500	https://www.canberratimes.com.au/story/9082029/us-hits-alleged-drug-boat-off-venezuelas-coast-trump/
1266965560	20251006	202510	2025	2025.7562	RUS	RUSSIA	RUS								VEN	VENEZUELA	VEN								0	010	010	01	1	0.0	8	4	8	-2.99177985914289	1	Russia	RS	RS		60	100	RS	4	Caracas, Distrito Federal, Venezuela	VE	VE25	31959	10.5	-66.9167	-938457	4	Caracas, Distrito Federal, Venezuela	VE	VE25	31959	10.5	-66.9167	-938457	20251006011500	https://www.canberratimes.com.au/story/9082029/us-hits-alleged-drug-boat-off-venezuelas-coast-trump/
1266965561	20251006	202510	2025	2025.7562	RUS	RUSSIA	RUS								VEN	VENEZUELA	VEN								0	051	051	05	1	3.4	10	4	10	-3.01489281386799	4	Caracas, Distrito Federal, Venezuela	VE	VE25	31959	10.5	-66.9167	-938457	4	Caracas, Distrito Federal, Venezuela	VE	VE25	31959	10.5	-66.9167	-938457	4	Caracas, Distrito Federal, Venezuela	VE	VE25	31959	10.5	-66.9167	-938457	20251006011500	https://www.canberratimes.com.au/story/9082029/us-hits-alleged-drug-boat-off-venezuelas-coast-trump/
1266965562	20251006	202510	2025	2025.7562	RUS	RUSSIA	RUS								VEN	VENEZUELA	VEN								0	051	051	05	1	3.4	2	2	2	-2.87621508551741	4	Caracas, Distrito Federal, Venezuela	VE	VE25	31959	10.5	-66.9167	-938457	1	Australia	AS	AS		-25	135	AS	4	Caracas, Distrito Federal, Venezuela	VE	VE25	31959	10.5	-66.9167	-938457	20251006011500	https://www.canberratimes.com.au/story/9082029/us-hits-alleged-drug-boat-off-venezuelas-coast-trump/
1266965563	20251006	202510	2025	2025.7562	RUS	RUSSIA	RUS								VEN	VENEZUELA	VEN								0	051	051	05	1	3.4	4	4	4	-2.99177985914289	1	Russia	RS	RS		60	100	RS	4	Caracas, Distrito Federal, Venezuela	VE	VE25	31959	10.5	-66.9167	-938457	1	Russia	RS	RS		60	100	RS	20251006011500	https://www.canberratimes.com.au/story/9082029/us-hits-alleged-drug-boat-off-venezuelas-coast-trump/
1266965564	20251006	202510	2025	2025.7562	RUSGOVMIL	RUSSIA	RUS					GOV	MIL		UKRMIL	UKRAINE	UKR					MIL			0	130	130	13	3	-4.4	8	1	8	-7.32519422863485	4	Moscow, Moskva, Russia	RS	RS48	25106	55.7522	37.6156	-2960561	4	Lviv, L'vivs'ka Oblast', Ukraine	UP	UP15	28555	49.8407	24.0305	-1045268	4	Moscow, Moskva, Russia	RS	RS48	25106	55.7522	37.6156	-2960561	20251006011500	https://www.santafenewmexican.com/ap/national/at-least-5-people-are-killed-in-a-large-scale-russian-attack-on-ukraine/article_0016a0c2-181c-5fb7-a0f3-24bcfcae028c.html
1266965565	20251006	202510	2025	2025.7562	RUSGOVMIL	RUSSIA	RUS					GOV	MIL		UKRMIL	UKRAINE	UKR					MIL			0	130	130	13	3	-4.4	2	1	2	-7.32519422863485	4	Moscow, Moskva, Russia	RS	RS48	25106	55.7522	37.6156	-2960561	4	Moscow, Moskva, Russia	RS	RS48	25106	55.7522	37.6156	-2960561	4	Moscow, Moskva, Russia	RS	RS48	25106	55.7522	37.6156	-2960561	20251006011500	https://www.santafenewmexican.com/ap/national/at-least-5-people-are-killed-in-a-large-scale-russian-attack-on-ukraine/article_0016a0c2-181c-5fb7-a0f3-24bcfcae028c.html
1266965566	20251006	202510	2025	2025.7562	RUSGOVMIL	RUSSIA	RUS					GOV	MIL		UKRMIL	UKRAINE	UKR					MIL			0	190	190	19	4	-10.0	8	1	8	-7.32519422863485	4	Moscow, Moskva, Russia	RS	RS48	25106	55.7522	37.6156	-2960561	4	Lviv, L'vivs'ka Oblast', Ukraine	UP	UP15	28555	49.8407	24.0305	-1045268	4	Lviv, L'vivs'ka Oblast', Ukraine	UP	UP15	28555	49.8407	24.0305	-1045268	20251006011500	https://www.santafenewmexican.com/ap/national/at-least-5-people-are-killed-in-a-large-scale-russian-attack-on-ukraine/article_0016a0c2-181c-5fb7-a0f3-24bcfcae028c.html
1266965567	20251006	202510	2025	2025.7562	RUSGOVMIL	RUSSIA	RUS					GOV	MIL		UKRMIL	UKRAINE	UKR					MIL			0	190	190	19	4	-10.0	2	1	2	-7.32519422863485	4	Moscow, Moskva, Russia	RS	RS48	25106	55.7522	37.6156	-2960561	4	Moscow, Moskva, Russia	RS	RS48	25106	55.7522	37.6156	-2960561	4	Moscow, Moskva, Russia	RS	RS48	25106	55.7522	37.6156	-2960561	20251006011500	https://www.santafenewmexican.com/ap/national/at-least-5-people-are-killed-in-a-large-scale-russian-attack-on-ukraine/article_0016a0c2-181c-5fb7-a0f3-24bcfcae028c.html
1266965568	20251006	202510	2025	2025.7562	SLE	FREETOWN	SLE								BUS	BUSINESS						BUS			1	043	043	04	1	2.8	6	1	6	-6.36363636363636	4	Freetown, Western Area, Sierra Leone	SL	SL04	111381	8.49	-13.2342	-1315606	4	Freetown, Western Area, Sierra Leone	SL	SL04	111381	8.49	-13.2342	-1315606	4	Freetown, Western Area, Sierra Leone	SL	SL04	111381	8.49	-13.2342	-1315606	20251006011500	https://www.tanzanianewsreports.com/tinubu-rehabilitated-ccd-director-after-sierra-leone-rebels-amputated-his-hands/
1266965569	20251006	202510	2025	2025.7562	SLE	FREETOWN	SLE								NGA	NIGERIA	NGA								1	043	043	04	1	2.8	2	1	2	-6.36363636363636	4	Freetown, Western Area, Sierra Leone	SL	SL04	111381	8.49	-13.2342	-1315606	4	Enugu, Enugu, Nigeria	NI	NI47	191302	6.4402	7.4943	-2006530	4	Freetown, Western Area, Sierra Leone	SL	SL04	111381	8.49	-13.2342	-1315606	20251006011500	https://www.tanzanianewsreports.com/tinubu-rehabilitated-ccd-director-after-sierra-leone-rebels-amputated-his-hands/
1266965570	20251006	202510	2025	2025.7562	SLE	FREETOWN	SLE								NGA	NIGERIA	NGA								1	043	043	04	1	2.8	2	1	2	-6.36363636363636	4	Enugu, Enugu, Nigeria	NI	NI47	191302	6.4402	7.4943	-2006530	4	Enugu, Enugu, Nigeria	NI	NI47	191302	6.4402	7.4943	-2006530	4	Enugu, Enugu, Nigeria	NI	NI47	191302	6.4402	7.4943	-2006530	20251006011500	https://www.tanzanianewsreports.com/tinubu-rehabilitated-ccd-director-after-sierra-leone-rebels-amputated-his-hands/
1266965571	20251006	202510	2025	2025.7562	SLV	EL SALVADOR	SLV																		0	043	043	04	1	2.8	3	1	3	-5.91397849462366	1	El Salvador	ES	ES		13.833333	-88.916667	ES	0								1	El Salvador	ES	ES		13.833333	-88.916667	ES	20251006011500	http://www.eastcountymagazine.org/comment/51376
1266965572	20251006	202510	2025	2025.7562	SLV	EL SALVADOR	SLV																		0	120	120	12	3	-4.0	4	1	4	-5.91397849462366	1	El Salvador	ES	ES		13.833333	-88.916667	ES	0								1	El Salvador	ES	ES		13.833333	-88.916667	ES	20251006011500	http://www.eastcountymagazine.org/comment/51376
1266965573	20251006	202510	2025	2025.7562	SLV	EL SALVADOR	SLV								GOV	PRESIDENT						GOV			1	141	141	14	3	-6.5	4	1	4	-5.91397849462366	1	El Salvador	ES	ES		13.833333	-88.916667	ES	1	El Salvador	ES	ES		13.833333	-88.916667	ES	1	El Salvador	ES	ES		13.833333	-88.916667	ES	20251006011500	http://www.eastcountymagazine.org/comment/51376
1266965574	20251006	202510	2025	2025.7562	SLV	EL SALVADOR	SLV								MED	JOURNALIST						MED			0	040	040	04	1	1.0	7	1	7	-5.91397849462366	1	El Salvador	ES	ES		13.833333	-88.916667	ES	1	El Salvador	ES	ES		13.833333	-88.916667	ES	1	El Salvador	ES	ES		13.833333	-88.916667	ES	20251006011500	http://www.eastcountymagazine.org/comment/51376
1266965575	20251006	202510	2025	2025.7562	SLV	EL SALVADOR	SLV								MED	JOURNALIST						MED			0	043	043	04	1	2.8	7	1	7	-5.91397849462366	1	El Salvador	ES	ES		13.833333	-88.916667	ES	1	El Salvador	ES	ES		13.833333	-88.916667	ES	1	El Salvador	ES	ES		13.833333	-88.916667	ES	20251006011500	http://www.eastcountymagazine.org/comment/51376
1266965576	20251006	202510	2025	2025.7562	SLV	EL SALVADOR	SLV								MED	JOURNALIST						MED			0	190	190	19	4	-10.0	1	1	1	-5.91397849462366	1	El Salvador	ES	ES		13.833333	-88.916667	ES	1	El Salvador	ES	ES		13.833333	-88.916667	ES	1	El Salvador	ES	ES		13.833333	-88.916667	ES	20251006011500	http://www.eastcountymagazine.org/comment/51376
1266965577	20251006	202510	2025	2025.7562	SLVMED	EL SALVADOR	SLV					MED			MED	JOURNALIST						MED			0	190	190	19	4	-10.0	1	1	1	-5.91397849462366	1	El Salvador	ES	ES		13.833333	-88.916667	ES	1	El Salvador	ES	ES		13.833333	-88.916667	ES	1	El Salvador	ES	ES		13.833333	-88.916667	ES	20251006011500	http://www.eastcountymagazine.org/comment/51376
1266965578	20251006	202510	2025	2025.7562	SPY	INTELLIGENCE						SPY													0	012	012	01	1	-0.4	10	1	10	2.42248062015504	0								0								0								20251006011500	https://wccftech.com/is-apple-playing-4d-chess-with-its-ai-strategy/
1266965579	20251006	202510	2025	2025.7562	TUR	TURKIYE	TUR								MYS	MALAYSIAN	MYS								0	0841	084	08	2	7.0	8	1	8	-0.51282051282052	4	Petaling, Malaysia (general), Malaysia	MY	MY00	18585	3.08333	101.667	-2403014	4	Petaling, Malaysia (general), Malaysia	MY	MY00	18585	3.08333	101.667	-2403014	4	Petaling, Malaysia (general), Malaysia	MY	MY00	18585	3.08333	101.667	-2403014	20251006011500	https://www.thestar.com.my/news/nation/2025/10/06/afraid-but-prepared-to-tell-gazas-story-from-the-ground
1266965580	20251006	202510	2025	2025.7562	TUR	TURKIYE	TUR								MYS	MALAYSIA	MYS								0	0841	084	08	2	7.0	2	1	2	-0.51282051282052	4	Petaling, Malaysia (general), Malaysia	MY	MY00	18585	3.08333	101.667	-2403014	4	Gaza, Israel (general), Israel	IS	IS00	18315	31.4167	34.3333	-797156	4	Petaling, Malaysia (general), Malaysia	MY	MY00	18585	3.08333	101.667	-2403014	20251006011500	https://www.thestar.com.my/news/nation/2025/10/06/afraid-but-prepared-to-tell-gazas-story-from-the-ground
1266965581	20251006	202510	2025	2025.7562	TWN	TAIWAN	TWN								BUS	COMPANY						BUS			1	084	084	08	2	7.0	10	1	10	1.09170305676856	2	Arizona, United States	US	USAZ		33.7712	-111.388	AZ	2	Arizona, United States	US	USAZ		33.7712	-111.388	AZ	2	Arizona, United States	US	USAZ		33.7712	-111.388	AZ	20251006011500	https://finance.yahoo.com/news/investors-buy-taiwan-semiconductor-stock-140000565.html
1266965582	20251006	202510	2025	2025.7562	UAF	TERRORIST ORGANIZATION						UAF			LEG	SENATOR						LEG			0	040	040	04	1	1.0	6	1	6	-6.49350649350649	4	Caracas, Distrito Federal, Venezuela	VE	VE25	31959	10.5	-66.9167	-938457	4	Caracas, Distrito Federal, Venezuela	VE	VE25	31959	10.5	-66.9167	-938457	4	Caracas, Distrito Federal, Venezuela	VE	VE25	31959	10.5	-66.9167	-938457	20251006011500	https://kism.com/news/030030-hegseth-announces-latest-strike-on-boat-near-venezuela-he-says-was-trafficking-drugs/
1266965583	20251006	202510	2025	2025.7562	UAF	TERRORIST ORGANIZATION						UAF			LEG	SENATOR						LEG			0	040	040	04	1	1.0	4	1	4	-6.49350649350649	3	Washington, District of Columbia, United States	US	USDC	DC001	38.8951	-77.0364	531871	3	Washington, District of Columbia, United States	US	USDC	DC001	38.8951	-77.0364	531871	3	Washington, District of Columbia, United States	US	USDC	DC001	38.8951	-77.0364	531871	20251006011500	https://kism.com/news/030030-hegseth-announces-latest-strike-on-boat-near-venezuela-he-says-was-trafficking-drugs/
1266965584	20251006	202510	2025	2025.7562	UGA	UGANDA	UGA																		0	010	010	01	1	0.0	5	1	4	9.87394957983191	4	Oromo, Oyam, Uganda	UG	UGE2	18585	2.4431	32.4473	11397550	0								4	Oromo, Oyam, Uganda	UG	UGE2	18585	2.4431	32.4473	11397550	20251006011500	https://www.tanzanianewsreports.com/foreign-tourists-impressed-by-irreechaa-festival-2/
1266965585	20251006	202510	2025	2025.7562	UGA	UGANDA	UGA																		0	042	042	04	1	1.9	2	1	2	9.87394957983191	4	Oromo, Oyam, Uganda	UG	UGE2	18585	2.4431	32.4473	11397550	0								4	Oromo, Oyam, Uganda	UG	UGE2	18585	2.4431	32.4473	11397550	20251006011500	https://www.tanzanianewsreports.com/foreign-tourists-impressed-by-irreechaa-festival-2/
1266965586	20251006	202510	2025	2025.7562	UGA	UGANDA	UGA								ETH	ADDIS ABABA	ETH								1	051	051	05	1	3.4	2	1	2	9.87394957983191	4	Oromo, Oyam, Uganda	UG	UGE2	18585	2.4431	32.4473	11397550	4	Oromo, Oyam, Uganda	UG	UGE2	18585	2.4431	32.4473	11397550	4	Oromo, Oyam, Uganda	UG	UGE2	18585	2.4431	32.4473	11397550	20251006011500	https://www.tanzanianewsreports.com/foreign-tourists-impressed-by-irreechaa-festival-2/
1266965587	20251006	202510	2025	2025.7562	UGA	UGANDA	UGA								ETH	ADDIS ABABA	ETH								1	051	051	05	1	3.4	2	1	2	9.87394957983191	4	Oromo, Oyam, Uganda	UG	UGE2	18585	2.4431	32.4473	11397550	1	Ethiopia	ET	ET		8	38	ET	4	Oromo, Oyam, Uganda	UG	UGE2	18585	2.4431	32.4473	11397550	20251006011500	https://www.tanzanianewsreports.com/foreign-tourists-impressed-by-irreechaa-festival-2/
1266965588	20251006	202510	2025	2025.7562	UGA	UGANDA	UGA								GOV	AUTHORITIES						GOV			0	020	020	02	1	3.0	4	1	4	9.87394957983191	4	Oromo, Oyam, Uganda	UG	UGE2	18585	2.4431	32.4473	11397550	4	Oromo, Oyam, Uganda	UG	UGE2	18585	2.4431	32.4473	11397550	4	Oromo, Oyam, Uganda	UG	UGE2	18585	2.4431	32.4473	11397550	20251006011500	https://www.tanzanianewsreports.com/foreign-tourists-impressed-by-irreechaa-festival-2/
1266965589	20251006	202510	2025	2025.7562	UKR	UKRAINE	UKR																		0	010	010	01	1	0.0	1	1	1	-7.32519422863485	4	Kyiv, Kyyiv, Misto, Ukraine	UP	UP12	28554	50.4333	30.5167	-1044367	0								4	Kyiv, Kyyiv, Misto, Ukraine	UP	UP12	28554	50.4333	30.5167	-1044367	20251006011500	https://www.santafenewmexican.com/ap/national/at-least-5-people-are-killed-in-a-large-scale-russian-attack-on-ukraine/article_0016a0c2-181c-5fb7-a0f3-24bcfcae028c.html
1266965590	20251006	202510	2025	2025.7562	UKR	UKRAINE	UKR																		0	010	010	01	1	0.0	1	1	1	-7.32519422863485	4	Kyiv, Kyyiv, Misto, Ukraine	UP	UP12	28554	50.4333	30.5167	-1044367	0								4	Moscow, Moskva, Russia	RS	RS48	25106	55.7522	37.6156	-2960561	20251006011500	https://www.santafenewmexican.com/ap/national/at-least-5-people-are-killed-in-a-large-scale-russian-attack-on-ukraine/article_0016a0c2-181c-5fb7-a0f3-24bcfcae028c.html
1266965591	20251006	202510	2025	2025.7562	UKR	UKRAINE	UKR																		0	193	193	19	4	-10.0	1	1	1	-7.32519422863485	4	Kyiv, Kyyiv, Misto, Ukraine	UP	UP12	28554	50.4333	30.5167	-1044367	0								4	Kyiv, Kyyiv, Misto, Ukraine	UP	UP12	28554	50.4333	30.5167	-1044367	20251006011500	https://www.santafenewmexican.com/ap/national/at-least-5-people-are-killed-in-a-large-scale-russian-attack-on-ukraine/article_0016a0c2-181c-5fb7-a0f3-24bcfcae028c.html
1266965592	20251006	202510	2025	2025.7562	UKR	UKRAINE	UKR																		0	193	193	19	4	-10.0	1	1	1	-7.32519422863485	4	Kyiv, Kyyiv, Misto, Ukraine	UP	UP12	28554	50.4333	30.5167	-1044367	0								4	Moscow, Moskva, Russia	RS	RS48	25106	55.7522	37.6156	-2960561	20251006011500	https://www.santafenewmexican.com/ap/national/at-least-5-people-are-killed-in-a-large-scale-russian-attack-on-ukraine/article_0016a0c2-181c-5fb7-a0f3-24bcfcae028c.html
1266965593	20251006	202510	2025	2025.7562	UKR	UKRAINE	UKR																		0	193	193	19	4	-10.0	4	1	4	-7.32519422863485	4	Kyiv, Kyyiv, Misto, Ukraine	UP	UP12	28554	50.4333	30.5167	-1044367	0								4	Sochi, Krasnodarskiy Kray, Russia	RS	RS38	25065	43.5992	39.7257	-3006514	20251006011500	https://www.santafenewmexican.com/ap/national/at-least-5-people-are-killed-in-a-large-scale-russian-attack-on-ukraine/article_0016a0c2-181c-5fb7-a0f3-24bcfcae028c.html
1266965594	20251006	202510	2025	2025.7562	UKR	UKRAINE	UKR																		0	193	193	19	4	-10.0	2	1	2	-7.32519422863485	4	Lviv, L'vivs'ka Oblast', Ukraine	UP	UP15	28555	49.8407	24.0305	-1045268	0								4	Lviv, L'vivs'ka Oblast', Ukraine	UP	UP15	28555	49.8407	24.0305	-1045268	20251006011500	https://www.santafenewmexican.com/ap/national/at-least-5-people-are-killed-in-a-large-scale-russian-attack-on-ukraine/article_0016a0c2-181c-5fb7-a0f3-24bcfcae028c.html
1266965595	20251006	202510	2025	2025.7562	UKR	UKRAINIAN	UKR								COP	DEPUTY						COP			0	193	193	19	4	-10.0	8	1	8	-7.32519422863485	4	Kyiv, Kyyiv, Misto, Ukraine	UP	UP12	28554	50.4333	30.5167	-1044367	4	Kyiv, Kyyiv, Misto, Ukraine	UP	UP12	28554	50.4333	30.5167	-1044367	4	Kyiv, Kyyiv, Misto, Ukraine	UP	UP12	28554	50.4333	30.5167	-1044367	20251006011500	https://www.santafenewmexican.com/ap/national/at-least-5-people-are-killed-in-a-large-scale-russian-attack-on-ukraine/article_0016a0c2-181c-5fb7-a0f3-24bcfcae028c.html
1266965596	20251006	202510	2025	2025.7562	UKR	UKRAINIAN	UKR								COP	DEPUTY						COP			0	193	193	19	4	-10.0	1	1	1	-7.32519422863485	4	Kyiv, Kyyiv, Misto, Ukraine	UP	UP12	28554	50.4333	30.5167	-1044367	4	Belgorod, Belgorodskaya Oblast', Russia	RS	RS09	25036	50.6107	36.5802	-2883930	4	Belgorod, Belgorodskaya Oblast', Russia	RS	RS09	25036	50.6107	36.5802	-2883930	20251006011500	https://www.santafenewmexican.com/ap/national/at-least-5-people-are-killed-in-a-large-scale-russian-attack-on-ukraine/article_0016a0c2-181c-5fb7-a0f3-24bcfcae028c.html
1266965597	20251006	202510	2025	2025.7562	UKR	UKRAINE	UKR								COP	DEPUTY						COP			0	193	193	19	4	-10.0	1	1	1	-7.32519422863485	4	Belgorod, Belgorodskaya Oblast', Russia	RS	RS09	25036	50.6107	36.5802	-2883930	4	Belgorod, Belgorodskaya Oblast', Russia	RS	RS09	25036	50.6107	36.5802	-2883930	4	Belgorod, Belgorodskaya Oblast', Russia	RS	RS09	25036	50.6107	36.5802	-2883930	20251006011500	https://www.santafenewmexican.com/ap/national/at-least-5-people-are-killed-in-a-large-scale-russian-attack-on-ukraine/article_0016a0c2-181c-5fb7-a0f3-24bcfcae028c.html
1266965598	20251006	202510	2025	2025.7562	UKR	KYIV	UKR								RUS	RUSSIA	RUS								0	0332	033	03	1	5.2	1	1	1	-7.32519422863485	4	Kyiv, Kyyiv, Misto, Ukraine	UP	UP12	28554	50.4333	30.5167	-1044367	4	Kyiv, Kyyiv, Misto, Ukraine	UP	UP12	28554	50.4333	30.5167	-1044367	4	Kyiv, Kyyiv, Misto, Ukraine	UP	UP12	28554	50.4333	30.5167	-1044367	20251006011500	https://www.santafenewmexican.com/ap/national/at-least-5-people-are-killed-in-a-large-scale-russian-attack-on-ukraine/article_0016a0c2-181c-5fb7-a0f3-24bcfcae028c.html
1266965599	20251006	202510	2025	2025.7562	UKR	KYIV	UKR								RUS	RUSSIA	RUS								0	0332	033	03	1	5.2	1	1	1	-7.32519422863485	4	Kyiv, Kyyiv, Misto, Ukraine	UP	UP12	28554	50.4333	30.5167	-1044367	4	Sochi, Krasnodarskiy Kray, Russia	RS	RS38	25065	43.5992	39.7257	-3006514	4	Kyiv, Kyyiv, Misto, Ukraine	UP	UP12	28554	50.4333	30.5167	-1044367	20251006011500	https://www.santafenewmexican.com/ap/national/at-least-5-people-are-killed-in-a-large-scale-russian-attack-on-ukraine/article_0016a0c2-181c-5fb7-a0f3-24bcfcae028c.html
1266965600	20251006	202510	2025	2025.7562	USA	UNITED STATES	USA																		1	010	010	01	1	0.0	6	1	4	1.0462074978204	2	Massachusetts, United States	US	USMA		42.2373	-71.5314	MA	0								2	Massachusetts, United States	US	USMA		42.2373	-71.5314	MA	20251006011500	https://www.forbes.com/sites/jonathanreichental/2025/10/05/telepathy-technology-is-here-but-not-in-the-way-you-think/
1266965601	20251006	202510	2025	2025.7562	USA	UNITED STATES	USA																		0	013	013	01	1	0.4	4	2	4	3.47837776526831	3	White House, District of Columbia, United States	US	USDC		38.8951	-77.0364	531871	0								3	White House, District of Columbia, United States	US	USDC		38.8951	-77.0364	531871	20251006011500	http://www.bignewsnetwork.com/news/278619174/everybody-pretty-much-agreed-to-it-says-trump-on-gaza-peace-plan
1266965602	20251006	202510	2025	2025.7562	USA	UNITED STATES	USA																		1	020	020	02	1	3.0	4	1	4	2.44648318042813	3	Fountain Hills, Arizona, United States	US	USAZ	AZ013	33.6117	-111.717	36980	0								3	Fountain Hills, Arizona, United States	US	USAZ		33.6117	-111.717	36980	20251006011500	https://ktar.com/arizona-education/metro-phoenix-largest-telescope/5758125/
1266965603	20251006	202510	2025	2025.7562	USA	HOUSTON	USA																		0	040	040	04	1	1.0	9	1	7	-1.19617224880383	3	Houston, Texas, United States	US	USTX	TX201	29.7633	-95.3633	1380948	0								3	Houston, Texas, United States	US	USTX	TX201	29.7633	-95.3633	1380948	20251006011500	https://www.wellandtribune.ca/news/canada/dismissing-our-dismissing-our-mi-kmaw-voices-passage-of-bill-angers-nova-scotia-mi-kmaw/article_454cc6e8-d82a-50a0-8cec-45e2e494884f.html
1266965604	20251006	202510	2025	2025.7562	USA	UNITED STATES	USA																		1	040	040	04	1	1.0	4	1	4	1.0462074978204	2	Massachusetts, United States	US	USMA		42.2373	-71.5314	MA	0								2	Massachusetts, United States	US	USMA		42.2373	-71.5314	MA	20251006011500	https://www.forbes.com/sites/jonathanreichental/2025/10/05/telepathy-technology-is-here-but-not-in-the-way-you-think/
1266965605	20251006	202510	2025	2025.7562	USA	WASHINGTON	USA																		1	042	042	04	1	1.9	6	1	6	-3	4	Gaza, Israel (general), Israel	IS	IS00	18315	31.4167	34.3333	-797156	0								4	Gaza, Israel (general), Israel	IS	IS00	18315	31.4167	34.3333	-797156	20251006011500	https://www.chch.com/chch-news/carney-heads-to-washington-with-low-expectations-amid-u-s-tariff-pressures/
1266965606	20251006	202510	2025	2025.7562	USA	UNITED STATES	USA																		0	042	042	04	1	1.9	2	1	2	0	3	Berkeley, California, United States	US	USCA	CA001	37.8716	-122.273	1658037	0								3	Berkeley, California, United States	US	USCA	CA001	37.8716	-122.273	1658037	20251006011500	https://www.thetruthaboutcars.com/2008/03/2008-toyota-sienna-le-review/
1266965607	20251006	202510	2025	2025.7562	USA	NEW YORK	USA																		1	042	042	04	1	1.9	8	1	8	-0.46511627906977	3	Rochester, New York, United States	US	USNY	NY055	43.1548	-77.6156	962684	0								3	Rochester, New York, United States	US	USNY	NY055	43.1548	-77.6156	962684	20251006011500	https://www.whec.com/top-news/first-alert-weather-yellow-alert-for-tuesday/
1266965608	20251006	202510	2025	2025.7562	USA	WASHINGTON	USA																		1	042	042	04	1	1.9	4	1	4	-3	1	Canada	CA	CA		60	-96	CA	0								1	Canada	CA	CA		60	-96	CA	20251006011500	https://www.chch.com/chch-news/carney-heads-to-washington-with-low-expectations-amid-u-s-tariff-pressures/
1266965609	20251006	202510	2025	2025.7562	USA	MILWAUKEE	USA																		0	043	043	04	1	2.8	10	1	10	-1.80995475113122	3	Milwaukee, Wisconsin, United States	US	USWI	WI079	43.0389	-87.9065	1577901	0								3	Milwaukee, Wisconsin, United States	US	USWI	WI079	43.0389	-87.9065	1577901	20251006011500	https://metalinsider.net/columns/halloween-countdown/metal-insiders-halloween-2025-countdown-31-haunted-venues-day-03-04-05-bolkow-castle-roseland-theater-the-rave
1266965610	20251006	202510	2025	2025.7562	USA	NASHVILLE	USA																		1	043	043	04	1	2.8	5	1	5	0.8130081300813	3	Nashville, Tennessee, United States	US	USTN	TN037	36.1659	-86.7844	1652484	0								3	Nashville, Tennessee, United States	US	USTN	TN037	36.1659	-86.7844	1652484	20251006011500	https://www.seattletimes.com/nation-world/skydiving-instructor-dies-after-being-separated-from-student-officials-say/
1266965611	20251006	202510	2025	2025.7562	USA	UNITED STATES	USA																		1	043	043	04	1	2.8	8	1	8	1.40515222482436	3	Fulton County, New York, United States	US	USNY	NY035	43.1167	-74.4496	974116	0								3	Fulton County, New York, United States	US	USNY		43.1167	-74.4496	974116	20251006011500	https://961theeagle.com/ixp/79/p/new-york-bear-cub-rescue/
1266965612	20251006	202510	2025	2025.7562	USA	MISSISSIPPI RIVER	USA																		0	043	043	04	1	2.8	7	1	7	4.22721268163804	2	Mississippi, United States	US	USMS		32.7673	-89.6812	MS	0								2	Mississippi, United States	US	USMS		32.7673	-89.6812	MS	20251006011500	https://www.yahoo.com/lifestyle/articles/arkansas-sweet-city-brims-southern-001500519.html
1266965613	20251006	202510	2025	2025.7562	USA	UNITED STATES	USA																		0	043	043	04	1	2.8	4	1	4	1.80012414649286	2	Wyoming, United States	US	USWY		42.7475	-107.209	WY	0								2	Wyoming, United States	US	USWY		42.7475	-107.209	WY	20251006011500	https://cowboystatedaily.com/2025/10/05/wyoming-transplants-gallop-into-cowboy-life-learning-how-to-ride-and-raise-horses/
1266965614	20251006	202510	2025	2025.7562	USA	UNITED STATES	USA																		1	045	045	04	1	5.0	3	1	3	0	3	Miami, Florida, United States	US	USFL	FL086	25.7743	-80.1937	295004	0								3	Miami, Florida, United States	US	USFL	FL086	25.7743	-80.1937	295004	20251006011500	https://www.bet.com/episodes/bul07u/love-hip-hop-miami-paradise-lost-season-6-ep-23
1266965615	20251006	202510	2025	2025.7562	USA	UNITED STATES	USA																		1	046	046	04	1	7.0	4	1	4	-0.54644808743169	3	Santa Anita, California, United States	US	USCA	CA037	34.1456	-118.05	249027	0								3	Santa Anita, California, United States	US	USCA		34.1456	-118.05	249027	20251006011500	https://www.ocregister.com/2025/10/05/stark-contrast-joins-journalism-on-michael-mccarthys-breeders-cup-team/
1266965616	20251006	202510	2025	2025.7562	USA	UNITED STATES	USA																		1	071	071	07	2	7.4	4	1	4	2.44648318042813	3	Fountain Hills, Arizona, United States	US	USAZ	AZ013	33.6117	-111.717	36980	0								3	Fountain Hills, Arizona, United States	US	USAZ		33.6117	-111.717	36980	20251006011500	https://ktar.com/arizona-education/metro-phoenix-largest-telescope/5758125/
1266965617	20251006	202510	2025	2025.7562	USA	UNITED STATES	USA																		1	080	080	08	2	5.0	4	1	4	2.73972602739726	2	New York, United States	US	USNY		42.1497	-74.9384	NY	0								2	New York, United States	US	USNY		42.1497	-74.9384	NY	20251006011500	https://www.nj.com/mets/2025/10/mets-announcer-keith-hernandez-gives-update-as-sny-contract-expires.html
1266965618	20251006	202510	2025	2025.7562	USA	AMERICAN	USA																		1	084	084	08	2	7.0	6	1	6	0.94161958568739	1	Australia	AS	AS		-25	135	AS	0								1	Australia	AS	AS		-25	135	AS	20251006011500	https://themusic.com.au/news/megadeth-detail-final-album-drop-furious-lead-single-tipping-point/E52pBwYJCAs/06-10-25
1266965619	20251006	202510	2025	2025.7562	USA	UNITED STATES	USA																		1	090	090	09	2	-2.0	8	1	8	-7.09677419354839	3	Linn County, Iowa, United States	US	USIA	IA113	42.0667	-91.6002	465245	0								3	Linn County, Iowa, United States	US	USIA		42.0667	-91.6002	465245	20251006011500	https://www.yahoo.com/news/articles/one-killed-several-injured-during-215404947.html
1266965620	20251006	202510	2025	2025.7562	USA	UNITED STATES	USA																		0	111	111	11	3	-2.0	3	1	3	3.29029571012078	4	Tokyo, Tokyo, Japan	JA	JA40	36340	35.685	139.751	-246227	0								4	Tokyo, Tokyo, Japan	JA	JA40	36340	35.685	139.751	-246227	20251006011500	https://www.theworldfolio.com/interviews/pouring-little-wa-into-every-glass/7072/
1266965621	20251006	202510	2025	2025.7562	USA	UNITED STATES	USA																		0	111	111	11	3	-2.0	7	1	7	3.29029571012078	2	New York, United States	US	USNY		42.1497	-74.9384	NY	0								2	New York, United States	US	USNY		42.1497	-74.9384	NY	20251006011500	https://www.theworldfolio.com/interviews/pouring-little-wa-into-every-glass/7072/
1266965622	20251006	202510	2025	2025.7562	USA	UNITED STATES	USA																		0	112	112	11	3	-2.0	4	1	4	-3.74037403740374	2	Virginia, United States	US	USVA		37.768	-78.2057	VA	0								2	Virginia, United States	US	USVA		37.768	-78.2057	VA	20251006011500	https://crooksandliars.com/2025/10/rick-wilson-democrats-should-want-teach
1266965623	20251006	202510	2025	2025.7562	USA	UNITED STATES	USA																		1	190	190	19	4	-10.0	4	1	4	-10.9375	3	Norfolk, Virginia, United States	US	USVA	VA710	36.8468	-76.2852	1497051	0								3	Norfolk, Virginia, United States	US	USVA	VA710	36.8468	-76.2852	1497051	20251006011500	https://www.kxxv.com/news/local-news/angelina-resendiz-murder-case-moves-toward-trial
1266965624	20251006	202510	2025	2025.7562	USA	UNITED STATES	USA																		0	190	190	19	4	-10.0	2	1	2	-2.75862068965518	3	Mount Ord, Arizona, United States	US	USAZ	AZ007	33.9048	-111.409	32549	0								3	Mount Ord, Arizona, United States	US	USAZ		33.9048	-111.409	32549	20251006011500	https://ktar.com/arizona-news/biggest-stories-oct-3-5/5758198/
1266965625	20251006	202510	2025	2025.7562	USA	UNITED STATES	USA								AGR	FARMER						AGR			0	012	012	01	1	-0.4	1	1	1	-2.20162224797219	4	Beijing, Beijing, China	CH	CH22	13001	39.9289	116.388	-1898541	4	Beijing, Beijing, China	CH	CH22	13001	39.9289	116.388	-1898541	1	United States	US	US		39.828175	-98.5795	US	20251006011500	https://www.smh.com.au/business/the-economy/trump-s-15-billion-band-aid-for-the-problem-he-created-20251006-p5n0ao.html
1266965626	20251006	202510	2025	2025.7562	USA	UNITED STATES	USA								AGR	FARMER						AGR			0	012	012	01	1	-0.4	1	1	1	-2.20162224797219	4	Beijing, Beijing, China	CH	CH22	13001	39.9289	116.388	-1898541	1	United States	US	US		39.828175	-98.5795	US	1	United States	US	US		39.828175	-98.5795	US	20251006011500	https://www.smh.com.au/business/the-economy/trump-s-15-billion-band-aid-for-the-problem-he-created-20251006-p5n0ao.html
1266965627	20251006	202510	2025	2025.7562	USA	UNITED STATES	USA								AGR	FARMER						AGR			0	012	012	01	1	-0.4	10	1	5	-2.20162224797219	1	United States	US	US		39.828175	-98.5795	US	1	United States	US	US		39.828175	-98.5795	US	1	United States	US	US		39.828175	-98.5795	US	20251006011500	https://www.smh.com.au/business/the-economy/trump-s-15-billion-band-aid-for-the-problem-he-created-20251006-p5n0ao.html
1266965628	20251006	202510	2025	2025.7562	USA	UNITED STATES	USA								CAN	CANADA	CAN								1	013	013	01	1	0.4	2	1	2	0.95602294455067	4	Quebec, Quebec, Canada	CA	CA10	12750	47.5	-72	-571850	4	Montreal, Quebec, Canada	CA	CA10	12713	45.5	-73.5833	-569541	4	Montreal, Quebec, Canada	CA	CA10	12713	45.5	-73.5833	-569541	20251006011500	https://www.chroniclejournal.com/news/national/legault-urges-stronger-u-s--canada-ties-amid-trade-tensions-at-summit/article_ad9b310b-9ed5-5760-98aa-c3c57824ebfd.html
1266965629	20251006	202510	2025	2025.7562	USA	UNITED STATES	USA								CHN	CHINA	CHN								1	090	090	09	2	-2.0	1	1	1	-1.87919463087249	3	White House, District of Columbia, United States	US	USDC		38.8951	-77.0364	531871	3	White House, District of Columbia, United States	US	USDC		38.8951	-77.0364	531871	3	White House, District of Columbia, United States	US	USDC		38.8951	-77.0364	531871	20251006011500	https://www.dailymail.co.uk/debate/article-15164707/ANDREW-PIERCE-Starmers-security-chief-Jonathan-Powell-shadowy-figure-influence-minister.html
1266965630	20251006	202510	2025	2025.7562	USA	UNITED STATES	USA								CHN	CHINA	CHN								1	090	090	09	2	-2.0	1	1	1	-1.87919463087249	3	White House, District of Columbia, United States	US	USDC		38.8951	-77.0364	531871	1	China	CH	CH		35	105	CH	1	China	CH	CH		35	105	CH	20251006011500	https://www.dailymail.co.uk/debate/article-15164707/ANDREW-PIERCE-Starmers-security-chief-Jonathan-Powell-shadowy-figure-influence-minister.html
1266965631	20251006	202510	2025	2025.7562	USA	UNITED STATES	USA								CHN	CHINA	CHN								1	1125	112	11	3	-2.0	2	1	2	-1.87919463087249	3	White House, District of Columbia, United States	US	USDC		38.8951	-77.0364	531871	3	White House, District of Columbia, United States	US	USDC		38.8951	-77.0364	531871	3	White House, District of Columbia, United States	US	USDC		38.8951	-77.0364	531871	20251006011500	https://www.dailymail.co.uk/debate/article-15164707/ANDREW-PIERCE-Starmers-security-chief-Jonathan-Powell-shadowy-figure-influence-minister.html
1266965632	20251006	202510	2025	2025.7562	USA	NASHVILLE	USA								COP	POLICE						COP			1	043	043	04	1	2.8	5	1	5	0.8130081300813	3	Nashville, Tennessee, United States	US	USTN	TN037	36.1659	-86.7844	1652484	3	Nashville, Tennessee, United States	US	USTN	TN037	36.1659	-86.7844	1652484	3	Nashville, Tennessee, United States	US	USTN	TN037	36.1659	-86.7844	1652484	20251006011500	https://www.seattletimes.com/nation-world/skydiving-instructor-dies-after-being-separated-from-student-officials-say/
1266965633	20251006	202510	2025	2025.7562	USA	AUSTIN	USA								COP	POLICE						COP			1	090	090	09	2	-2.0	5	1	5	-5.38922155688623	0								0								0								20251006011500	https://www.fox7austin.com/news/silver-alert-issued-missing-68-year-old-enrique-leon-east-austin
1266965634	20251006	202510	2025	2025.7562	USA	AUSTIN	USA								COP	POLICE						COP			1	130	130	13	3	-4.4	5	1	5	-5.38922155688623	0								0								0								20251006011500	https://www.fox7austin.com/news/silver-alert-issued-missing-68-year-old-enrique-leon-east-austin
1266965635	20251006	202510	2025	2025.7562	USA	ARIZONA	USA								COP	DETECTIVE						COP			0	173	173	17	4	-5.0	10	1	10	-2.75862068965518	2	Arizona, United States	US	USAZ		33.7712	-111.388	AZ	2	Arizona, United States	US	USAZ		33.7712	-111.388	AZ	2	Arizona, United States	US	USAZ		33.7712	-111.388	AZ	20251006011500	https://ktar.com/arizona-news/biggest-stories-oct-3-5/5758198/
1266965636	20251006	202510	2025	2025.7562	USA	AMERICAN	USA								CVL	COMMUNITY						CVL			1	042	042	04	1	1.9	10	1	10	-2.12765957446809	0								0								0								20251006011500	https://www.whec.com/top-news/remembrance-held-for-woman-who-died-after-penn-yan-house-fire/
1266965637	20251006	202510	2025	2025.7562	USA	UNITED STATES	USA								CVL	COMMUNITY						CVL			1	070	070	07	2	7.0	8	1	8	3.28947368421053	3	Tulsa, Oklahoma, United States	US	USOK	OK143	36.154	-95.9928	1100962	3	Tulsa, Oklahoma, United States	US	USOK	OK143	36.154	-95.9928	1100962	3	Tulsa, Oklahoma, United States	US	USOK	OK143	36.154	-95.9928	1100962	20251006011500	http://www.newson6.com/story/68e28773177f8042d5a4bb28/-the-need-is-constant-tulsa-day-center-launches-shoe-drive-calling-on-community-to-donate-new-or-gently-used-footwear
1266965638	20251006	202510	2025	2025.7562	USA	UNITED STATES	USA								CVL	COMMUNITY						CVL			1	100	100	10	3	-5.0	8	1	8	3.28947368421053	3	Tulsa, Oklahoma, United States	US	USOK	OK143	36.154	-95.9928	1100962	3	Tulsa, Oklahoma, United States	US	USOK	OK143	36.154	-95.9928	1100962	3	Tulsa, Oklahoma, United States	US	USOK	OK143	36.154	-95.9928	1100962	20251006011500	http://www.newson6.com/story/68e28773177f8042d5a4bb28/-the-need-is-constant-tulsa-day-center-launches-shoe-drive-calling-on-community-to-donate-new-or-gently-used-footwear
1266965639	20251006	202510	2025	2025.7562	USA	UNITED STATES	USA								CVLEDU	COMMUNITY						CVL	EDU		1	051	051	05	1	3.4	4	1	4	8.59375	2	Colorado, United States	US	USCO		39.0646	-105.327	CO	2	Colorado, United States	US	USCO		39.0646	-105.327	CO	2	Colorado, United States	US	USCO		39.0646	-105.327	CO	20251006011500	https://www.aero-news.net/subscribe.cfm?do=main.textpost&id=B4089168-329A-4D2B-8158-479679496A05
1266965640	20251006	202510	2025	2025.7562	USA	UNITED STATES	USA								GBRGOV	UNITED KINGDOM	GBR					GOV			1	013	013	01	1	0.4	1	1	1	-1.87919463087249	3	White House, District of Columbia, United States	US	USDC		38.8951	-77.0364	531871	4	Northern Ireland, Craigavon, United Kingdom	UK	UKR8	40152	54.5	-6.5	-2604275	4	Northern Ireland, Craigavon, United Kingdom	UK	UKR8	40152	54.5	-6.5	-2604275	20251006011500	https://www.dailymail.co.uk/debate/article-15164707/ANDREW-PIERCE-Starmers-security-chief-Jonathan-Powell-shadowy-figure-influence-minister.html
1266965641	20251006	202510	2025	2025.7562	USA	UNITED STATES	USA								GBRGOV	UNITED KINGDOM	GBR					GOV			1	013	013	01	1	0.4	1	1	1	-1.87919463087249	3	White House, District of Columbia, United States	US	USDC		38.8951	-77.0364	531871	3	White House, District of Columbia, United States	US	USDC		38.8951	-77.0364	531871	3	White House, District of Columbia, United States	US	USDC		38.8951	-77.0364	531871	20251006011500	https://www.dailymail.co.uk/debate/article-15164707/ANDREW-PIERCE-Starmers-security-chief-Jonathan-Powell-shadowy-figure-influence-minister.html
1266965642	20251006	202510	2025	2025.7562	USA	UNITED STATES	USA								GOV	PRESIDENT						GOV			1	013	013	01	1	0.4	1	1	1	-1.87919463087249	3	White House, District of Columbia, United States	US	USDC		38.8951	-77.0364	531871	4	Northern Ireland, Craigavon, United Kingdom	UK	UKR8	40152	54.5	-6.5	-2604275	4	Northern Ireland, Craigavon, United Kingdom	UK	UKR8	40152	54.5	-6.5	-2604275	20251006011500	https://www.dailymail.co.uk/debate/article-15164707/ANDREW-PIERCE-Starmers-security-chief-Jonathan-Powell-shadowy-figure-influence-minister.html
1266965643	20251006	202510	2025	2025.7562	USA	UNITED STATES	USA								GOV	PRESIDENT						GOV			1	013	013	01	1	0.4	1	1	1	-1.87919463087249	3	White House, District of Columbia, United States	US	USDC		38.8951	-77.0364	531871	3	White House, District of Columbia, United States	US	USDC		38.8951	-77.0364	531871	3	White House, District of Columbia, United States	US	USDC		38.8951	-77.0364	531871	20251006011500	https://www.dailymail.co.uk/debate/article-15164707/ANDREW-PIERCE-Starmers-security-chief-Jonathan-Powell-shadowy-figure-influence-minister.html
1266965644	20251006	202510	2025	2025.7562	USA	UNITED STATES	USA								GOV	PRESIDENT						GOV			1	040	040	04	1	1.0	4	1	4	-1.87919463087249	3	White House, District of Columbia, United States	US	USDC		38.8951	-77.0364	531871	3	White House, District of Columbia, United States	US	USDC		38.8951	-77.0364	531871	3	White House, District of Columbia, United States	US	USDC		38.8951	-77.0364	531871	20251006011500	https://www.dailymail.co.uk/debate/article-15164707/ANDREW-PIERCE-Starmers-security-chief-Jonathan-Powell-shadowy-figure-influence-minister.html
1266965645	20251006	202510	2025	2025.7562	USA	UNITED STATES	USA								GOV	ENVOY						GOV			0	042	042	04	1	1.9	6	3	6	-5.38922155688622	3	White House, District of Columbia, United States	US	USDC		38.8951	-77.0364	531871	4	Sharm El-Sheikh, Janub Sina', Egypt	EG	EG26	66041	27.8518	34.305	-302053	4	Sharm El-Sheikh, Janub Sina', Egypt	EG	EG26	66041	27.8518	34.305	-302053	20251006011500	https://www.insidenova.com/news/national/hamas-calls-for-swift-hostage-prisoner-swap-as-trump-urges-quick-talks/article_fc7651b6-9fa8-5bab-895b-35a1f6e9db3f.html
1266965646	20251006	202510	2025	2025.7562	USA	UNITED STATES	USA								GOV	ENVOY						GOV			0	042	042	04	1	1.9	6	3	6	-5.38922155688622	3	White House, District of Columbia, United States	US	USDC		38.8951	-77.0364	531871	4	Sharm El-Sheikh, Janub Sina', Egypt	EG	EG26	66041	27.8518	34.305	-302053	3	White House, District of Columbia, United States	US	USDC		38.8951	-77.0364	531871	20251006011500	https://www.insidenova.com/news/national/hamas-calls-for-swift-hostage-prisoner-swap-as-trump-urges-quick-talks/article_fc7651b6-9fa8-5bab-895b-35a1f6e9db3f.html
1266965647	20251006	202510	2025	2025.7562	USA	UNITED STATES	USA								GOV	GOVERNMENT						GOV			1	052	052	05	1	3.5	4	1	4	-2.2847100175747	2	Nebraska, United States	US	USNE		41.1289	-98.2883	NE	2	Nebraska, United States	US	USNE		41.1289	-98.2883	NE	2	Nebraska, United States	US	USNE		41.1289	-98.2883	NE	20251006011500	https://journalstar.com/news/state-regional/government-politics/article_71f11127-da1a-4c22-9324-bd6c61e00dff.html
1266965648	20251006	202510	2025	2025.7562	USA	UNITED STATES	USA								GOV	GOVERNMENT						GOV			0	071	071	07	2	7.4	4	1	4	-2.2847100175747	2	Nebraska, United States	US	USNE		41.1289	-98.2883	NE	2	Nebraska, United States	US	USNE		41.1289	-98.2883	NE	2	Nebraska, United States	US	USNE		41.1289	-98.2883	NE	20251006011500	https://journalstar.com/news/state-regional/government-politics/article_71f11127-da1a-4c22-9324-bd6c61e00dff.html
1266965649	20251006	202510	2025	2025.7562	USA	CHICAGO	USA								GOV	PRESIDENT						GOV			1	086	086	08	2	9.0	1	1	1	-3.63636363636364	3	Chicago, Illinois, United States	US	USIL	IL031	41.85	-87.6501	423587	3	Chicago, Illinois, United States	US	USIL	IL031	41.85	-87.6501	423587	3	Chicago, Illinois, United States	US	USIL	IL031	41.85	-87.6501	423587	20251006011500	https://biztoc.com/x/79a1e03fcd62fa4a
1266965650	20251006	202510	2025	2025.7562	USA	CHICAGO	USA								GOV	PRESIDENT						GOV			1	086	086	08	2	9.0	1	1	1	-3.63636363636364	3	Chicago, Illinois, United States	US	USIL	IL031	41.85	-87.6501	423587	2	Oregon, United States	US	USOR		44.5672	-122.127	OR	3	Chicago, Illinois, United States	US	USIL	IL031	41.85	-87.6501	423587	20251006011500	https://biztoc.com/x/79a1e03fcd62fa4a
1266965651	20251006	202510	2025	2025.7562	USA	VIRGINIA	USA								MIL	NAVY						MIL			1	090	090	09	2	-2.0	6	1	6	-10.9375	3	Norfolk, Virginia, United States	US	USVA	VA710	36.8468	-76.2852	1497051	3	Norfolk, Virginia, United States	US	USVA	VA710	36.8468	-76.2852	1497051	3	Norfolk, Virginia, United States	US	USVA	VA710	36.8468	-76.2852	1497051	20251006011500	https://www.kxxv.com/news/local-news/angelina-resendiz-murder-case-moves-toward-trial
1266965652	20251006	202510	2025	2025.7562	USA	VIRGINIA	USA								MIL	NAVY						MIL			1	090	090	09	2	-2.0	2	1	2	-10.9375	3	Norfolk, Virginia, United States	US	USVA	VA710	36.8468	-76.2852	1497051	3	Norfolk, Virginia, United States	US	USVA	VA710	36.8468	-76.2852	1497051	2	Virginia, United States	US	USVA		37.768	-78.2057	VA	20251006011500	https://www.kxxv.com/news/local-news/angelina-resendiz-murder-case-moves-toward-trial
1266965653	20251006	202510	2025	2025.7562	USA	VIRGINIA	USA								MIL	NAVY						MIL			1	090	090	09	2	-2.0	1	1	1	-10.9375	2	Virginia, United States	US	USVA		37.768	-78.2057	VA	3	Norfolk, Virginia, United States	US	USVA	VA710	36.8468	-76.2852	1497051	3	Norfolk, Virginia, United States	US	USVA	VA710	36.8468	-76.2852	1497051	20251006011500	https://www.kxxv.com/news/local-news/angelina-resendiz-murder-case-moves-toward-trial
1266965654	20251006	202510	2025	2025.7562	USA	UNITED STATES	USA								USACOP	UNITED STATES	USA					COP			1	051	051	05	1	3.4	8	1	8	-3.07692307692308	3	Lubbock, Texas, United States	US	USTX	TX303	33.5779	-101.855	1374760	3	Lubbock, Texas, United States	US	USTX	TX303	33.5779	-101.855	1374760	3	Lubbock, Texas, United States	US	USTX	TX303	33.5779	-101.855	1374760	20251006011500	https://www.fox34.com/2025/10/05/executive-inn-says-tenants-must-vacate-by-tuesday-after-multiple-reports-overdoses-shootings-robberies-area/
1266965655	20251006	202510	2025	2025.7562	USA	UNITED STATES	USA								USAGOV	LAWRENCE	USA					GOV			1	013	013	01	1	0.4	1	1	1	0.95602294455067	4	Quebec, Quebec, Canada	CA	CA10	12750	47.5	-72	-571850	4	Montreal, Quebec, Canada	CA	CA10	12713	45.5	-73.5833	-569541	4	Montreal, Quebec, Canada	CA	CA10	12713	45.5	-73.5833	-569541	20251006011500	https://www.chroniclejournal.com/news/national/legault-urges-stronger-u-s--canada-ties-amid-trade-tensions-at-summit/article_ad9b310b-9ed5-5760-98aa-c3c57824ebfd.html
1266965656	20251006	202510	2025	2025.7562	USA	UNITED STATES	USA								USAMED	THE ASSOCIATED PRESS	USA					MED			0	020	020	02	1	3.0	2	1	2	-6.49350649350649	3	Washington, District of Columbia, United States	US	USDC	DC001	38.8951	-77.0364	531871	3	Washington, District of Columbia, United States	US	USDC	DC001	38.8951	-77.0364	531871	3	Washington, District of Columbia, United States	US	USDC	DC001	38.8951	-77.0364	531871	20251006011500	https://kism.com/news/030030-hegseth-announces-latest-strike-on-boat-near-venezuela-he-says-was-trafficking-drugs/
1266965657	20251006	202510	2025	2025.7562	USAASM	AMERICAN SAMOA	USA								WSM	SAMOA	WSM								1	043	043	04	1	2.8	4	1	4	1.45719489981785	4	Apia, Samoa (general), Samoa	WS	WS00	25301	-13.8333	-171.733	-1307163	4	Apia, Samoa (general), Samoa	WS	WS00	25301	-13.8333	-171.733	-1307163	4	Apia, Samoa (general), Samoa	WS	WS00	25301	-13.8333	-171.733	-1307163	20251006011500	https://www.ksl.com:443/article/51385287/church-of-jesus-christ-faithful-in-samoa-reflect-on-president-nelsons-2019-visit
1266965658	20251006	202510	2025	2025.7562	USACOP	TEXAS	USA					COP													1	160	160	16	4	-4.0	10	1	10	-1.5267175572519	1	United States	US	US		39.828175	-98.5795	US	0								1	United States	US	US		39.828175	-98.5795	US	20251006011500	https://www.statesman.com/news/article/motel-9-i-35-fire-21085738.php
1266965659	20251006	202510	2025	2025.7562	USACVL	UNITED STATES	USA					CVL			USA	UNITED STATES	USA								1	182	182	18	4	-9.5	6	1	6	-10.9375	3	Norfolk, Virginia, United States	US	USVA	VA710	36.8468	-76.2852	1497051	3	Norfolk, Virginia, United States	US	USVA	VA710	36.8468	-76.2852	1497051	3	Norfolk, Virginia, United States	US	USVA	VA710	36.8468	-76.2852	1497051	20251006011500	https://www.kxxv.com/news/local-news/angelina-resendiz-murder-case-moves-toward-trial
1266965660	20251006	202510	2025	2025.7562	USAGOV	THE WHITE HOUSE	USA					GOV			GOV	ENVOY						GOV			0	042	042	04	1	1.9	6	3	6	-5.38922155688622	4	Sharm El-Sheikh, Janub Sina', Egypt	EG	EG26	66041	27.8518	34.305	-302053	3	White House, District of Columbia, United States	US	USDC		38.8951	-77.0364	531871	3	White House, District of Columbia, United States	US	USDC		38.8951	-77.0364	531871	20251006011500	https://www.insidenova.com/news/national/hamas-calls-for-swift-hostage-prisoner-swap-as-trump-urges-quick-talks/article_fc7651b6-9fa8-5bab-895b-35a1f6e9db3f.html
1266965661	20251006	202510	2025	2025.7562	USAGOV	THE WHITE HOUSE	USA					GOV			GOV	ENVOY						GOV			0	042	042	04	1	1.9	12	3	12	-5.38922155688622	3	White House, District of Columbia, United States	US	USDC		38.8951	-77.0364	531871	4	Sharm El-Sheikh, Janub Sina', Egypt	EG	EG26	66041	27.8518	34.305	-302053	4	Sharm El-Sheikh, Janub Sina', Egypt	EG	EG26	66041	27.8518	34.305	-302053	20251006011500	https://www.insidenova.com/news/national/hamas-calls-for-swift-hostage-prisoner-swap-as-trump-urges-quick-talks/article_fc7651b6-9fa8-5bab-895b-35a1f6e9db3f.html
1266965662	20251006	202510	2025	2025.7562	USAGOV	UNITED STATES	USA					GOV			MED	MEDIA						MED			1	190	190	19	4	-10.0	2	1	2	-6.49350649350649	3	Washington, District of Columbia, United States	US	USDC	DC001	38.8951	-77.0364	531871	3	Washington, District of Columbia, United States	US	USDC	DC001	38.8951	-77.0364	531871	3	Washington, District of Columbia, United States	US	USDC	DC001	38.8951	-77.0364	531871	20251006011500	https://kism.com/news/030030-hegseth-announces-latest-strike-on-boat-near-venezuela-he-says-was-trafficking-drugs/
1266965663	20251006	202510	2025	2025.7562	USAGOV	UNITED STATES	USA					GOV			USA	OREGON	USA								1	072	072	07	2	8.3	6	1	6	-3.63636363636364	2	Oregon, United States	US	USOR		44.5672	-122.127	OR	3	Portland, Oregon, United States	US	USOR	OR051	45.5235	-122.676	1136645	3	Chicago, Illinois, United States	US	USIL	IL031	41.85	-87.6501	423587	20251006011500	https://biztoc.com/x/79a1e03fcd62fa4a
1266965664	20251006	202510	2025	2025.7562	USAGOV	OREGON	USA					GOV			USA	CALIFORNIA	USA								1	130	130	13	3	-4.4	6	1	6	-1.05401844532279	3	Portland, Oregon, United States	US	USOR	OR051	45.5235	-122.676	1136645	3	Portland, Oregon, United States	US	USOR	OR051	45.5235	-122.676	1136645	3	Portland, Oregon, United States	US	USOR	OR051	45.5235	-122.676	1136645	20251006011500	https://www.bakersfield.com/ap/national/ap-news-summary-at-8-29-p-m-edt/article_c8d730b4-341d-5f39-b593-ec181adf5af7.html
1266965665	20251006	202510	2025	2025.7562	USAGOV	OREGON	USA					GOV			USA	UNITED STATES	USA								1	130	130	13	3	-4.4	1	1	1	-1.05401844532279	3	Portland, Oregon, United States	US	USOR	OR051	45.5235	-122.676	1136645	2	California, United States	US	USCA		36.17	-119.746	CA	2	California, United States	US	USCA		36.17	-119.746	CA	20251006011500	https://www.bakersfield.com/ap/national/ap-news-summary-at-8-29-p-m-edt/article_c8d730b4-341d-5f39-b593-ec181adf5af7.html
1266965666	20251006	202510	2025	2025.7562	USAGOV	OREGON	USA					GOV			USA	UNITED STATES	USA								1	130	130	13	3	-4.4	1	1	1	-1.05401844532279	2	California, United States	US	USCA		36.17	-119.746	CA	2	California, United States	US	USCA		36.17	-119.746	CA	2	California, United States	US	USCA		36.17	-119.746	CA	20251006011500	https://www.bakersfield.com/ap/national/ap-news-summary-at-8-29-p-m-edt/article_c8d730b4-341d-5f39-b593-ec181adf5af7.html
1266965667	20251006	202510	2025	2025.7562	USAJUD	UNITED STATES	USA					JUD													1	040	040	04	1	1.0	2	1	2	-13.7777777777778	3	Miami, Florida, United States	US	USFL	FL086	25.7743	-80.1937	295004	0								3	Miami, Florida, United States	US	USFL	FL086	25.7743	-80.1937	295004	20251006011500	https://themusic.com.au/news/sean-diddy-combs-sentenced-to-four-years-in-prison/Y-3Zd3Z5eHs/06-10-25
1266965668	20251006	202510	2025	2025.7562	USAMED	REUTERS	USA					MED			BUS	BUSINESS						BUS			0	020	020	02	1	3.0	6	1	6	-5.27298180121325	1	Russia	RS	RS		60	100	RS	1	Russia	RS	RS		60	100	RS	1	Russia	RS	RS		60	100	RS	20251006011500	https://www.bbc.com/news/articles/c5ye8zj5l4jo
1266965669	20251006	202510	2025	2025.7562	USAMED	REUTERS	USA					MED			BUS	BUSINESS						BUS			0	020	020	02	1	3.0	4	1	4	-5.27298180121325	1	United States	US	US		39.828175	-98.5795	US	1	United States	US	US		39.828175	-98.5795	US	1	United States	US	US		39.828175	-98.5795	US	20251006011500	https://www.bbc.com/news/articles/c5ye8zj5l4jo
1266965670	20251006	202510	2025	2025.7562	USAMIL	THE US	USA					MIL			MIL	MILITARY						MIL			1	051	051	05	1	3.4	2	1	2	-4.8	3	Washington, District of Columbia, United States	US	USDC	DC001	38.8951	-77.0364	531871	3	Washington, District of Columbia, United States	US	USDC	DC001	38.8951	-77.0364	531871	3	Washington, District of Columbia, United States	US	USDC	DC001	38.8951	-77.0364	531871	20251006011500	http://www.bignewsnetwork.com/news/278619201/us-strikes-on-venezuelan-boats-an-act-of-kindness-trump
1266965671	20251006	202510	2025	2025.7562	USAMIL	THE US	USA					MIL			MIL	MILITARY						MIL			1	051	051	05	1	3.4	16	1	16	-4.57391304347826	3	Washington, District of Columbia, United States	US	USDC	DC001	38.8951	-77.0364	531871	1	Venezuela	VE	VE		8	-66	VE	1	Venezuela	VE	VE		8	-66	VE	20251006011500	http://www.bignewsnetwork.com/news/278619201/us-strikes-on-venezuelan-boats-an-act-of-kindness-trump
1266965672	20251006	202510	2025	2025.7562	USAMIL	THE US	USA					MIL			MIL	MILITARY						MIL			1	051	051	05	1	3.4	2	1	2	-4.34782608695653	1	Venezuela	VE	VE		8	-66	VE	3	Washington, District of Columbia, United States	US	USDC	DC001	38.8951	-77.0364	531871	3	Washington, District of Columbia, United States	US	USDC	DC001	38.8951	-77.0364	531871	20251006011500	http://www.bignewsnetwork.com/news/278619200/us-strikes-on-venezuelan-boats-an-act-of-kindness-trump
1266965673	20251006	202510	2025	2025.7562	VEN	VENEZUELA	VEN																		0	020	020	02	1	3.0	12	4	12	-3.03030145035138	4	Caracas, Distrito Federal, Venezuela	VE	VE25	31959	10.5	-66.9167	-938457	0								4	Caracas, Distrito Federal, Venezuela	VE	VE25	31959	10.5	-66.9167	-938457	20251006011500	https://www.canberratimes.com.au/story/9082029/us-hits-alleged-drug-boat-off-venezuelas-coast-trump/
1266965674	20251006	202510	2025	2025.7562	VEN	VENEZUELA	VEN																		0	020	020	02	1	3.0	4	2	4	-2.87621508551741	4	Caracas, Distrito Federal, Venezuela	VE	VE25	31959	10.5	-66.9167	-938457	0								1	Australia	AS	AS		-25	135	AS	20251006011500	https://www.canberratimes.com.au/story/9082029/us-hits-alleged-drug-boat-off-venezuelas-coast-trump/
1266965675	20251006	202510	2025	2025.7562	VEN	VENEZUELA	VEN																		0	051	051	05	1	3.4	12	2	12	-2.87621508551741	1	Australia	AS	AS		-25	135	AS	0								4	Caracas, Distrito Federal, Venezuela	VE	VE25	31959	10.5	-66.9167	-938457	20251006011500	https://www.canberratimes.com.au/story/9082029/us-hits-alleged-drug-boat-off-venezuelas-coast-trump/
1266965676	20251006	202510	2025	2025.7562	VEN	VENEZUELAN	VEN								RUS	RUSSIA	RUS								0	051	051	05	1	3.4	6	4	6	-3.03030145035138	4	Caracas, Distrito Federal, Venezuela	VE	VE25	31959	10.5	-66.9167	-938457	4	Caracas, Distrito Federal, Venezuela	VE	VE25	31959	10.5	-66.9167	-938457	4	Caracas, Distrito Federal, Venezuela	VE	VE25	31959	10.5	-66.9167	-938457	20251006011500	https://www.canberratimes.com.au/story/9082029/us-hits-alleged-drug-boat-off-venezuelas-coast-trump/
1266965677	20251006	202510	2025	2025.7562	VEN	VENEZUELAN	VEN								RUS	RUSSIA	RUS								0	051	051	05	1	3.4	2	2	2	-2.87621508551741	4	Caracas, Distrito Federal, Venezuela	VE	VE25	31959	10.5	-66.9167	-938457	1	Australia	AS	AS		-25	135	AS	1	Australia	AS	AS		-25	135	AS	20251006011500	https://www.canberratimes.com.au/story/9082029/us-hits-alleged-drug-boat-off-venezuelas-coast-trump/
1266965678	20251006	202510	2025	2025.7562	VENGOV	VENEZUELA	VEN					GOV													0	011	011	01	1	-0.1	8	1	8	-6.49350649350649	4	Caracas, Distrito Federal, Venezuela	VE	VE25	31959	10.5	-66.9167	-938457	0								4	Caracas, Distrito Federal, Venezuela	VE	VE25	31959	10.5	-66.9167	-938457	20251006011500	https://kism.com/news/030030-hegseth-announces-latest-strike-on-boat-near-venezuela-he-says-was-trafficking-drugs/
1266965679	20251006	202510	2025	2025.7562	VENGOV	VENEZUELA	VEN					GOV													0	011	011	01	1	-0.1	2	1	2	-6.49350649350649	3	Washington, District of Columbia, United States	US	USDC	DC001	38.8951	-77.0364	531871	0								3	Washington, District of Columbia, United States	US	USDC	DC001	38.8951	-77.0364	531871	20251006011500	https://kism.com/news/030030-hegseth-announces-latest-strike-on-boat-near-venezuela-he-says-was-trafficking-drugs/
1266965680	20251006	202510	2025	2025.7562	VENGOV	VENEZUELA	VEN					GOV													0	124	124	12	3	-4.0	8	1	8	-6.49350649350649	4	Caracas, Distrito Federal, Venezuela	VE	VE25	31959	10.5	-66.9167	-938457	0								4	Caracas, Distrito Federal, Venezuela	VE	VE25	31959	10.5	-66.9167	-938457	20251006011500	https://kism.com/news/030030-hegseth-announces-latest-strike-on-boat-near-venezuela-he-says-was-trafficking-drugs/
1266965681	20251006	202510	2025	2025.7562	VENGOV	VENEZUELA	VEN					GOV													0	124	124	12	3	-4.0	2	1	2	-6.49350649350649	3	Washington, District of Columbia, United States	US	USDC	DC001	38.8951	-77.0364	531871	0								3	Washington, District of Columbia, United States	US	USDC	DC001	38.8951	-77.0364	531871	20251006011500	https://kism.com/news/030030-hegseth-announces-latest-strike-on-boat-near-venezuela-he-says-was-trafficking-drugs/
1266965682	20251006	202510	2025	2025.7562	WSM	SAMOA	WSM																		1	036	036	03	1	4.0	5	1	5	1.45719489981785	4	Apia, Samoa (general), Samoa	WS	WS00	25301	-13.8333	-171.733	-1307163	0								4	Apia, Samoa (general), Samoa	WS	WS00	25301	-13.8333	-171.733	-1307163	20251006011500	https://www.ksl.com:443/article/51385287/church-of-jesus-christ-faithful-in-samoa-reflect-on-president-nelsons-2019-visit
1266965683	20251006	202510	2025	2025.7562	WSM	SAMOA	WSM																		1	051	051	05	1	3.4	4	1	4	1.45719489981785	4	Apia, Samoa (general), Samoa	WS	WS00	25301	-13.8333	-171.733	-1307163	0								4	Apia, Samoa (general), Samoa	WS	WS00	25301	-13.8333	-171.733	-1307163	20251006011500	https://www.ksl.com:443/article/51385287/church-of-jesus-christ-faithful-in-samoa-reflect-on-president-nelsons-2019-visit
1266965684	20251006	202510	2025	2025.7562	WSM	SAMOA	WSM																		0	051	051	05	1	3.4	10	1	10	-1.86170212765958	4	Upolu, Samoa (general), Samoa	WS	WS00	25301	-13.9167	-171.75	-1307622	0								4	Upolu, Samoa (general), Samoa	WS	WS00	25301	-13.9167	-171.75	-1307622	20251006011500	https://www.odt.co.nz/news/national/nz-pays-samoa-6m-over-grounding-navy-ship
1266965685	20251006	202510	2025	2025.7562	WSM	SAMOA	WSM								GOV	PRESIDENT						GOV			0	043	043	04	1	2.8	10	1	10	1.45719489981785	4	Apia, Samoa (general), Samoa	WS	WS00	25301	-13.8333	-171.733	-1307163	4	Apia, Samoa (general), Samoa	WS	WS00	25301	-13.8333	-171.733	-1307163	4	Apia, Samoa (general), Samoa	WS	WS00	25301	-13.8333	-171.733	-1307163	20251006011500	https://www.ksl.com:443/article/51385287/church-of-jesus-christ-faithful-in-samoa-reflect-on-president-nelsons-2019-visit
1266965686	20251006	202510	2025	2025.7562	WSM	SAMOA	WSM								USAASM	AMERICAN SAMOA	USA								1	042	042	04	1	1.9	4	1	4	1.45719489981785	4	Apia, Samoa (general), Samoa	WS	WS00	25301	-13.8333	-171.733	-1307163	4	Apia, Samoa (general), Samoa	WS	WS00	25301	-13.8333	-171.733	-1307163	4	Apia, Samoa (general), Samoa	WS	WS00	25301	-13.8333	-171.733	-1307163	20251006011500	https://www.ksl.com:443/article/51385287/church-of-jesus-christ-faithful-in-samoa-reflect-on-president-nelsons-2019-visit
1266965687	20251006	202510	2025	2025.7562	YEM	YEMEN	YEM								ISR	ISRAEL	ISR								0	190	190	19	4	-10.0	2	1	2	-3.1081081081081	3	White House, District of Columbia, United States	US	USDC		38.8951	-77.0364	531871	3	White House, District of Columbia, United States	US	USDC		38.8951	-77.0364	531871	3	White House, District of Columbia, United States	US	USDC		38.8951	-77.0364	531871	20251006011500	http://www.bignewsnetwork.com/news/278619203/daily-world-briefing-oct-6
1266965688	20251006	202510	2025	2025.7562	YEM	YEMEN	YEM								ISR	ISRAEL	ISR								0	190	190	19	4	-10.0	8	1	8	-3.1081081081081	1	Yemen	YM	YM		15.5	47.5	YM	4	Eilat, HaDarom, Israel	IS	IS01	18315	29.558	34.9482	-779626	1	Yemen	YM	YM		15.5	47.5	YM	20251006011500	http://www.bignewsnetwork.com/news/278619203/daily-world-briefing-oct-6
1266965689	20251006	202510	2025	2025.7562	bre	BRETON			bre																0	040	040	04	1	1.0	3	1	3	-1.19617224880383	3	Houston, Texas, United States	US	USTX	TX201	29.7633	-95.3633	1380948	0								3	Houston, Texas, United States	US	USTX	TX201	29.7633	-95.3633	1380948	20251006011500	https://www.wellandtribune.ca/news/canada/dismissing-our-dismissing-our-mi-kmaw-voices-passage-of-bill-angers-nova-scotia-mi-kmaw/article_454cc6e8-d82a-50a0-8cec-45e2e494884f.html
1266965690	20251006	202510	2025	2025.7562	ibo	IGBO			ibo																0	120	120	12	3	-4.0	3	1	3	-6.36363636363636	4	Enugu, Enugu, Nigeria	NI	NI47	191302	6.4402	7.4943	-2006530	0								4	Enugu, Enugu, Nigeria	NI	NI47	191302	6.4402	7.4943	-2006530	20251006011500	https://www.tanzanianewsreports.com/tinubu-rehabilitated-ccd-director-after-sierra-leone-rebels-amputated-his-hands/
1266965691	20251006	202510	2025	2025.7562	idgOPP	INDIGENOUS			idg			OPP			COP	POLICE						COP			1	190	190	19	4	-10.0	10	1	10	-5.05494505494505	4	Quito, Pichincha, Ecuador	EC	EC18	18585	-0.216667	-78.5	-932573	4	Quito, Pichincha, Ecuador	EC	EC18	18585	-0.216667	-78.5	-932573	4	Quito, Pichincha, Ecuador	EC	EC18	18585	-0.216667	-78.5	-932573	20251006011500	https://www.wellandtribune.ca/news/world/americas/protesters-rally-for-and-against-ecuadors-president-as-emergency-takes-effect-in-10-provinces/article_dca08afd-79c9-50b0-87c5-5ff3e94d2943.html
1266965692	20251006	202510	2025	2025.7562	idgOPP	INDIGENOUS			idg			OPP			COP	POLICE						COP			1	190	190	19	4	-10.0	10	1	10	-7.79220779220775	1	Ecuador	EC	EC		-2	-77.5	EC	1	Ecuador	EC	EC		-2	-77.5	EC	1	Ecuador	EC	EC		-2	-77.5	EC	20251006011500	https://indianexpress.com/article/world/protesters-rally-for-and-against-ecuador-president-emergency-in-10-provinces-10290047/
1266965693	20251006	202510	2025	2025.7562	orm	OROMO			orm						GOV	AUTHORITIES						GOV			0	020	020	02	1	3.0	2	1	2	9.87394957983191	4	Oromo, Oyam, Uganda	UG	UGE2	18585	2.4431	32.4473	11397550	4	Oromo, Oyam, Uganda	UG	UGE2	18585	2.4431	32.4473	11397550	4	Oromo, Oyam, Uganda	UG	UGE2	18585	2.4431	32.4473	11397550	20251006011500	https://www.tanzanianewsreports.com/foreign-tourists-impressed-by-irreechaa-festival-2/
1266965694	20251006	202510	2025	2025.7562	orm	OROMO			orm						GOV	AUTHORITIES						GOV			0	020	020	02	1	3.0	1	1	1	9.87394957983191	4	Oromo, Oyam, Uganda	UG	UGE2	18585	2.4431	32.4473	11397550	1	Ireland	EI	EI		53	-8	EI	4	Oromo, Oyam, Uganda	UG	UGE2	18585	2.4431	32.4473	11397550	20251006011500	https://www.tanzanianewsreports.com/foreign-tourists-impressed-by-irreechaa-festival-2/
1266965695	20251006	202510	2025	2025.7562	orm	OROMO			orm						GOV	AUTHORITIES						GOV			0	020	020	02	1	3.0	1	1	1	9.87394957983191	1	Ethiopia	ET	ET		8	38	ET	4	Oromo, Oyam, Uganda	UG	UGE2	18585	2.4431	32.4473	11397550	4	Oromo, Oyam, Uganda	UG	UGE2	18585	2.4431	32.4473	11397550	20251006011500	https://www.tanzanianewsreports.com/foreign-tourists-impressed-by-irreechaa-festival-2/
