1267917198	20241010	202410	2024	2024.7671											BUS	COMPANY						BUS			1	031	031	03	1	5.2	2	1	2	-3.02690582959641	0								3	Palm Beach County, Florida, United States	US	USFL		26.6503	-80.4498	295761	3	Pinellas County, Florida, United States	US	USFL		27.8961	-82.7082	295745	20251010164500	https://www.constructiondive.com/news/palm-beach-county-incinerator-plan-approved/802568/
1267917199	20241010	202410	2024	2024.7671	CVL	COMMUNITY						CVL													1	013	013	01	1	0.4	6	1	6	4.62724935732648	4	Cambridge, Cambridgeshire, United Kingdom	UK	UKC3	40098	52.2	0.116667	-2591658	0								4	Cambridge, Cambridgeshire, United Kingdom	UK	UKC3	40098	52.2	0.116667	-2591658	20251010164500	https://www.clevelandjewishnews.com/temple-israel-executive-director/article_fbc44703-aa82-5ce6-9c54-a128b2b60e2d.html
1267917200	20241010	202410	2024	2024.7671	FRA	FRANCE	FRA																		1	010	010	01	1	0.0	2	1	2	3.65682137834037	3	Chicago, Illinois, United States	US	USIL	IL031	41.85	-87.6501	423587	0								3	Chicago, Illinois, United States	US	USIL	IL031	41.85	-87.6501	423587	20251010164500	https://www.dailymail.co.uk/tvshowbiz/article-15181713/Pierce-Brosnan-wife-Keely-thinner-frame-LA.html
1267917201	20241010	202410	2024	2024.7671	GBR	UNITED KINGDOM	GBR																		1	010	010	01	1	0.0	10	1	10	-4.79452054794521	4	Southwark, Southwark, United Kingdom	UK	UKM8	40110	51.5	-0.083333	-2608353	0								4	Southwark, Southwark, United Kingdom	UK	UKM8	40110	51.5	-0.083333	-2608353	20251010164500	https://www.aol.co.uk/articles/man-entered-uk-small-boat-161623346.html
1267917202	20241010	202410	2024	2024.7671	GBR	UNITED KINGDOM	GBR																		1	043	043	04	1	2.8	8	1	8	2.74509803921569	4	Margam, Neath Port Talbot, United Kingdom	UK	UKY5	40186	51.5622	-3.74333	-2602587	0								4	Margam, Neath Port Talbot, United Kingdom	UK	UKY5	40186	51.5622	-3.74333	-2602587	20251010164500	https://www.walesonline.co.uk/whats-on/music-nightlife-news/together-festival-full-line-up-32649174
1267917203	20241010	202410	2024	2024.7671	GBR	UNITED KINGDOM	GBR																		1	130	130	13	3	-4.4	10	1	10	-4.79452054794521	4	Southwark, Southwark, United Kingdom	UK	UKM8	40110	51.5	-0.083333	-2608353	0								4	Southwark, Southwark, United Kingdom	UK	UKM8	40110	51.5	-0.083333	-2608353	20251010164500	https://www.aol.co.uk/articles/man-entered-uk-small-boat-161623346.html
1267917204	20241010	202410	2024	2024.7671	ISR	ISRAEL	ISR																		1	013	013	01	1	0.4	2	1	2	4.62724935732648	4	Cambridge, Cambridgeshire, United Kingdom	UK	UKC3	40098	52.2	0.116667	-2591658	0								4	Cambridge, Cambridgeshire, United Kingdom	UK	UKC3	40098	52.2	0.116667	-2591658	20251010164500	https://www.clevelandjewishnews.com/temple-israel-executive-director/article_fbc44703-aa82-5ce6-9c54-a128b2b60e2d.html
1267917205	20241010	202410	2024	2024.7671	KHM	PHNOM PENH	KHM																		1	061	061	06	2	6.4	5	1	5	0	1	China	CH	CH		35	105	CH	0								1	China	CH	CH		35	105	CH	20251010164500	https://english.news.cn/asiapacific/20251010/00884f89464b4a05b9da54b6824cd7f6/c.html
1267917206	20241010	202410	2024	2024.7671	PRT	PORTUGAL	PRT																		1	010	010	01	1	0.0	2	1	2	-3.85852090032155	4	Praia Da Luz, Faro, Portugal	PO	PO09	24764	37.0833	-8.73333	-2168298	0								4	Praia Da Luz, Faro, Portugal	PO	PO09	24764	37.0833	-8.73333	-2168298	20251010164500	https://www.aol.co.uk/articles/madeleine-mccanns-great-aunt-says-162300861.html
1267917207	20241010	202410	2024	2024.7671	PRT	PORTUGAL	PRT																		1	120	120	12	3	-4.0	4	1	4	-3.85852090032155	4	Praia Da Luz, Faro, Portugal	PO	PO09	24764	37.0833	-8.73333	-2168298	0								4	Praia Da Luz, Faro, Portugal	PO	PO09	24764	37.0833	-8.73333	-2168298	20251010164500	https://www.aol.co.uk/articles/madeleine-mccanns-great-aunt-says-162300861.html
1267917208	20241010	202410	2024	2024.7671	SEA	SOUTHEAST ASIA	SEA																		1	084	084	08	2	7.0	5	1	5	0	1	Cambodia	CB	CB		13	105	CB	0								1	China	CH	CH		35	105	CH	20251010164500	https://english.news.cn/asiapacific/20251010/00884f89464b4a05b9da54b6824cd7f6/c.html
1267917209	20241010	202410	2024	2024.7671	SEA	SOUTHEAST ASIA	SEA																		1	084	084	08	2	7.0	5	1	5	0	1	China	CH	CH		35	105	CH	0								1	China	CH	CH		35	105	CH	20251010164500	https://english.news.cn/asiapacific/20251010/00884f89464b4a05b9da54b6824cd7f6/c.html
1267917210	20241010	202410	2024	2024.7671	USA	UNITED STATES	USA								BUS	COMPANY						BUS			1	031	031	03	1	5.2	8	1	8	-3.02690582959641	3	Pinellas County, Florida, United States	US	USFL	FL103	27.8961	-82.7082	295745	3	Palm Beach County, Florida, United States	US	USFL		26.6503	-80.4498	295761	3	Pinellas County, Florida, United States	US	USFL		27.8961	-82.7082	295745	20251010164500	https://www.constructiondive.com/news/palm-beach-county-incinerator-plan-approved/802568/
1267917211	20250910	202509	2025	2025.6849	COP	POLICE						COP			LAB	EMPLOYEE						LAB			1	190	190	19	4	-10.0	10	1	10	-6.64993726474279	1	Jersey	JE	JE		49.216667	-2.116667	JE	1	Jersey	JE	JE		49.216667	-2.116667	JE	1	Jersey	JE	JE		49.216667	-2.116667	JE	20251010164500	https://www.workerscompensation.com/daily-headlines/arrest-made-in-bear-spray-attack-on-worker/
1267917212	20250910	202509	2025	2025.6849	ISR	ISRAEL	ISR								PSE	GAZA	PSE								1	036	036	03	1	4.0	1	1	1	-3.78619153674833	4	Doha, Ad Daw?ah, Qatar	QA	QA01	25307	25.2867	51.5333	-785169	4	Sharm El-Sheikh, Janub Sina', Egypt	EG	EG26	66041	27.8518	34.305	-302053	4	Doha, Ad Daw?ah, Qatar	QA	QA01	25307	25.2867	51.5333	-785169	20251010164500	https://www.aol.co.uk/articles/blair-kushner-trump-key-people-161640955.html
1267917213	20250910	202509	2025	2025.6849	ISR	ISRAEL	ISR								PSE	GAZA	PSE								1	084	084	08	2	7.0	4	1	4	-3.78619153674833	4	Gaza, Israel (general), Israel	IS	IS00	18315	31.4167	34.3333	-797156	4	Gaza, Israel (general), Israel	IS	IS00	18315	31.4167	34.3333	-797156	4	Gaza, Israel (general), Israel	IS	IS00	18315	31.4167	34.3333	-797156	20251010164500	https://www.aol.co.uk/articles/blair-kushner-trump-key-people-161640955.html
1267917214	20250910	202509	2025	2025.6849	LAB	EMPLOYEE						LAB			COP	POLICE						COP			1	173	173	17	4	-5.0	10	1	10	-6.64993726474279	3	Phoenix, Arizona, United States	US	USAZ	AZ013	33.4484	-112.074	44784	3	Phoenix, Arizona, United States	US	USAZ	AZ013	33.4484	-112.074	44784	3	Phoenix, Arizona, United States	US	USAZ	AZ013	33.4484	-112.074	44784	20251010164500	https://www.workerscompensation.com/daily-headlines/arrest-made-in-bear-spray-attack-on-worker/
1267917215	20250910	202509	2025	2025.6849	RUS	RUSSIA	RUS								USA	AMERICAN	USA								1	0841	084	08	2	7.0	1	1	1	-4.7923322683706	1	Israel	IS	IS		31.5	34.75	IS	1	Israel	IS	IS		31.5	34.75	IS	1	Israel	IS	IS		31.5	34.75	IS	20251010164500	https://www.clevelandjewishnews.com/jns/us-sanctions-network-supporting-elite-iranian-forces-tehran-backed-iraqi-terror-groups/article_550c3f40-31dd-55ed-ab01-035c9ba91232.html
1267917216	20250910	202509	2025	2025.6849	RUS	RUSSIA	RUS								USA	AMERICAN	USA								1	0841	084	08	2	7.0	1	1	1	-4.7923322683706	1	Israel	IS	IS		31.5	34.75	IS	1	United States	US	US		39.828175	-98.5795	US	1	Israel	IS	IS		31.5	34.75	IS	20251010164500	https://www.clevelandjewishnews.com/jns/us-sanctions-network-supporting-elite-iranian-forces-tehran-backed-iraqi-terror-groups/article_550c3f40-31dd-55ed-ab01-035c9ba91232.html
1267917217	20250910	202509	2025	2025.6849	RUS	RUSSIAN	RUS								USA	AMERICAN	USA								1	0841	084	08	2	7.0	3	1	3	-4.7923322683706	1	Russia	RS	RS		60	100	RS	1	United States	US	US		39.828175	-98.5795	US	1	Israel	IS	IS		31.5	34.75	IS	20251010164500	https://www.clevelandjewishnews.com/jns/us-sanctions-network-supporting-elite-iranian-forces-tehran-backed-iraqi-terror-groups/article_550c3f40-31dd-55ed-ab01-035c9ba91232.html
1267917218	20251003	202510	2025	2025.7479	USA	WASHINGTON	USA								PSE	GAZA	PSE								0	180	180	18	4	-9.0	1	1	1	-5.24822695035461	3	Washington, District of Columbia, United States	US	USDC	DC001	38.8951	-77.0364	531871	4	Gaza, Israel (general), Israel	IS	IS00	18315	31.4167	34.3333	-797156	4	Gaza, Israel (general), Israel	IS	IS00	18315	31.4167	34.3333	-797156	20251010164500	https://www.middleeasteye.net/opinion/how-netanyahus-war-islam-fuels-antisemitism-europe
1267917219	20251003	202510	2025	2025.7479	USA	UNITED STATES	USA								SLV	SALVADORAN	SLV								0	174	174	17	4	-5.0	2	1	2	-10.3510351035103	2	Virginia, United States	US	USVA		37.768	-78.2057	VA	1	El Salvador	ES	ES		13.833333	-88.916667	ES	1	El Salvador	ES	ES		13.833333	-88.916667	ES	20251010164500	https://globalnews.ca/news/11473387/trump-comey-trial-analysis/
1267917220	20251009	202510	2025	2025.7644	CVL	COMMUNITY						CVL			JEW	JEWISH				JEW					1	040	040	04	1	1.0	2	1	2	1.64233576642336	3	Williamsburg, New York, United States	US	USNY	NY047	40.7143	-73.9535	971314	3	Williamsburg, New York, United States	US	USNY	NY047	40.7143	-73.9535	971314	3	Williamsburg, New York, United States	US	USNY	NY047	40.7143	-73.9535	971314	20251010164500	https://www.clevelandjewishnews.com/jta/why-do-we-have-to-waste-a-few-weeks-satmar-rabbi-congratulates-mamdani-during-williamsburg/article_70c86a64-eb9d-5a79-a3fa-c718d16c4f44.html
1267917221	20251009	202510	2025	2025.7644	JEW	JEWISH				JEW					CVL	COMMUNITY						CVL			1	040	040	04	1	1.0	2	1	2	1.64233576642336	3	Williamsburg, New York, United States	US	USNY	NY047	40.7143	-73.9535	971314	3	Williamsburg, New York, United States	US	USNY	NY047	40.7143	-73.9535	971314	3	Williamsburg, New York, United States	US	USNY	NY047	40.7143	-73.9535	971314	20251010164500	https://www.clevelandjewishnews.com/jta/why-do-we-have-to-waste-a-few-weeks-satmar-rabbi-congratulates-mamdani-during-williamsburg/article_70c86a64-eb9d-5a79-a3fa-c718d16c4f44.html
1267917222	20251009	202510	2025	2025.7644	JEW	JEWISH				JEW					USA	UNITED STATES	USA								1	040	040	04	1	1.0	6	1	6	1.64233576642336	3	Williamsburg, New York, United States	US	USNY	NY047	40.7143	-73.9535	971314	3	Williamsburg, New York, United States	US	USNY	NY047	40.7143	-73.9535	971314	3	Williamsburg, New York, United States	US	USNY	NY047	40.7143	-73.9535	971314	20251010164500	https://www.clevelandjewishnews.com/jta/why-do-we-have-to-waste-a-few-weeks-satmar-rabbi-congratulates-mamdani-during-williamsburg/article_70c86a64-eb9d-5a79-a3fa-c718d16c4f44.html
1267917223	20251009	202510	2025	2025.7644	USA	UNITED STATES	USA								JEW	JEWISH				JEW					1	040	040	04	1	1.0	6	1	6	1.64233576642336	3	Williamsburg, New York, United States	US	USNY	NY047	40.7143	-73.9535	971314	3	Williamsburg, New York, United States	US	USNY	NY047	40.7143	-73.9535	971314	3	Williamsburg, New York, United States	US	USNY	NY047	40.7143	-73.9535	971314	20251010164500	https://www.clevelandjewishnews.com/jta/why-do-we-have-to-waste-a-few-weeks-satmar-rabbi-congratulates-mamdani-during-williamsburg/article_70c86a64-eb9d-5a79-a3fa-c718d16c4f44.html
1267917224	20251010	202510	2025	2025.7671											AFG	AFGHAN	AFG								1	014	014	01	1	0.0	3	1	3	-4.79452054794521	0								1	Afghanistan	AF	AF		33	66	AF	4	Southwark, Southwark, United Kingdom	UK	UKM8	40110	51.5	-0.083333	-2608353	20251010164500	https://www.aol.co.uk/articles/man-entered-uk-small-boat-161623346.html
1267917225	20251010	202510	2025	2025.7671											AFG	AFGHAN	AFG								1	173	173	17	4	-5.0	4	1	4	-4.79452054794521	0								1	Afghanistan	AF	AF		33	66	AF	1	Afghanistan	AF	AF		33	66	AF	20251010164500	https://www.aol.co.uk/articles/man-entered-uk-small-boat-161623346.html
1267917226	20251010	202510	2025	2025.7671											AFR	AFRICA	AFR								1	043	043	04	1	2.8	10	1	10	-3.91566265060241	0								1	Malawi	MI	MI		-13.5	34	MI	1	Malawi	MI	MI		-13.5	34	MI	20251010164500	https://www.yahoo.com/news/articles/dangers-african-leaders-clinging-power-090038162.html
1267917227	20251010	202510	2025	2025.7671											ARE	DUBAI	ARE								1	042	042	04	1	1.9	1	1	1	-9.81735159817347	0								4	Buldhana, Maharashtra, India	IN	IN16	70182	20.5833	76.4167	-2092396	4	Bombay, Maharashtra, India	IN	IN16	70184	18.975	72.8258	-2092174	20251010164500	https://www.freepressjournal.in/mumbai/bombay-hc-dismisses-nawazuddin-siddiquis-100-crore-defamation-suit-against-brother-estranged-wife
1267917228	20251010	202510	2025	2025.7671											ARE	DUBAI	ARE								1	042	042	04	1	1.9	4	1	4	-9.81735159817347	0								4	Dubai, Dubayy, United Arab Emirates	AE	AE03	28575	25.2522	55.28	-782831	4	Buldhana, Maharashtra, India	IN	IN16	70182	20.5833	76.4167	-2092396	20251010164500	https://www.freepressjournal.in/mumbai/bombay-hc-dismisses-nawazuddin-siddiquis-100-crore-defamation-suit-against-brother-estranged-wife
1267917229	20251010	202510	2025	2025.7671											ARE	EMIRATI	ARE								1	046	046	04	1	7.0	5	1	5	5.89430894308943	0								1	Colombia	CO	CO		4	-72	CO	1	Colombia	CO	CO		4	-72	CO	20251010164500	https://www.timeout.com/news/the-20-happiest-cities-in-the-world-in-2025-according-to-locals-101025
1267917230	20251010	202510	2025	2025.7671											AUS	VICTORIA	AUS								1	013	013	01	1	0.4	8	1	8	3.99032648125756	0								4	Springburn, Glasgow City, United Kingdom	UK	UKV2	40176	55.8833	-4.21667	-2608455	4	Springburn, Glasgow City, United Kingdom	UK	UKV2	40176	55.8833	-4.21667	-2608455	20251010164500	https://www.scottishhousingnews.com/articles/sanctuary-scotland-delivers-136-affordable-homes-in-glasgows-south-side
1267917231	20251010	202510	2025	2025.7671											AUS	VICTORIA	AUS								0	014	014	01	1	0.0	10	1	10	2.21975582685904	0								4	London, London, City of, United Kingdom	UK	UKH9	40110	51.5	-0.116667	-2601889	4	London, London, City of, United Kingdom	UK	UKH9	40110	51.5	-0.116667	-2601889	20251010164500	https://www.dailymail.co.uk/tvshowbiz/article-15181451/Brooklyn-Beckham-wife-Nicola-Peltz-unity-Victoria-Netflix-documentary.html
1267917232	20251010	202510	2025	2025.7671											AUS	AUSTRALIA	AUS								1	040	040	04	1	1.0	2	1	2	0	0								4	Perth, Western Australia, Australia	AS	AS08	5533	-31.9333	115.833	-1594675	4	Perth, Western Australia, Australia	AS	AS08	5533	-31.9333	115.833	-1594675	20251010164500	https://www.f4wonline.com/podcasts/fight-game-podcast/fight-game-wwe-crown-jewel-perth-preview/
1267917233	20251010	202510	2025	2025.7671											AUS	VICTORIA	AUS								1	192	192	19	4	-9.5	8	1	8	3.99032648125756	0								4	Springburn, Glasgow City, United Kingdom	UK	UKV2	40176	55.8833	-4.21667	-2608455	4	Springburn, Glasgow City, United Kingdom	UK	UKV2	40176	55.8833	-4.21667	-2608455	20251010164500	https://www.scottishhousingnews.com/articles/sanctuary-scotland-delivers-136-affordable-homes-in-glasgows-south-side
1267917234	20251010	202510	2025	2025.7671											BFA	BURKINA FASO	BFA								1	173	173	17	4	-5.0	4	1	4	-5.01672240802676	0								1	Russia	RS	RS		60	100	RS	1	Russia	RS	RS		60	100	RS	20251010164500	http://www.businessghana.com/site/news/politics/336026/Burkina-Faso-junta-detains-NGO-workers-for-
1267917235	20251010	202510	2025	2025.7671											BUS	COMPANY						BUS			1	042	042	04	1	1.9	5	1	5	4.20353982300885	0								4	Varkala, Kerala, India	IN	IN13	17709	8.73333	76.7167	-2114230	4	Varkala, Kerala, India	IN	IN13	17709	8.73333	76.7167	-2114230	20251010164500	https://travelbizmonitor.com/top-stories/the-hostel-co-redefines-budget-travel-in-india/
1267917236	20251010	202510	2025	2025.7671											BUS	COMPANY						BUS			1	046	046	04	1	7.0	10	1	10	1.84696569920844	0								4	Bengaluru, Karnataka, India	IN	IN19	70159	12.9833	77.5833	-2090174	4	Bengaluru, Karnataka, India	IN	IN19	70159	12.9833	77.5833	-2090174	20251010164500	https://www.tribuneindia.com/news/india/kitchen-mogul-tt-jagannathan-visionary-behind-ttk-prestige-dies-at-77/
1267917237	20251010	202510	2025	2025.7671											BUS	INDUSTRY						BUS			1	060	060	06	2	6.0	3	1	3	5.94227504244482	0								4	Mont-Saint-Michel, Basse-Normandie, France	FR	FR99	16258	48.636	-1.51153	-1442181	4	Mont-Saint-Michel, Basse-Normandie, France	FR	FR99	16258	48.636	-1.51153	-1442181	20251010164500	https://www.just-food.com/news/aux-trois-cigognes-biscuiteries-buys-french-peer-la-mere-poulard/
1267917238	20251010	202510	2025	2025.7671											BUS	TRADER						BUS			1	090	090	09	2	-2.0	10	1	10	-6.63176265270506	0								4	Karachi, Sindh, Pakistan	PK	PK05	40398	24.8667	67.05	-2764584	4	Karachi, Sindh, Pakistan	PK	PK05	40398	24.8667	67.05	-2764584	20251010164500	https://tribune.com.pk/story/2571707/sindh-home-minister-confirms-lyari-gang-ringleaders-operating-from-iran
1267917239	20251010	202510	2025	2025.7671											CAN	CANADA	CAN								1	043	043	04	1	2.8	6	1	6	2.07197382769902	0								4	Muskoka, Ontario, Canada	CA	CA08	12667	45	-79.3	-569815	4	Muskoka, Ontario, Canada	CA	CA08	12667	45	-79.3	-569815	20251010164500	https://www.islands.com/1990055/lake-rosseau-ontario-canada-lake-tahoe-north-getaway-fishing-boating/
1267917240	20251010	202510	2025	2025.7671											CAN	CANADA	CAN								0	046	046	04	1	7.0	2	1	2	1.50537634408602	0								4	Ottawa, Ontario, Canada	CA	CA08	12755	45.4167	-75.7	-570760	4	Ottawa, Ontario, Canada	CA	CA08	12755	45.4167	-75.7	-570760	20251010164500	https://www.cbc.ca/news/canada/manitoba/kivalliq-hydro-fibre-link-nunavut-9.6931778
1267917241	20251010	202510	2025	2025.7671											CANGOV	CANADIAN	CAN					GOV			0	100	100	10	3	-5.0	6	1	6	-1.93050193050193	0								4	Vancouver, British Columbia, Canada	CA	CA02	12552	49.25	-123.133	-575268	4	Vancouver, British Columbia, Canada	CA	CA02	12552	49.25	-123.133	-575268	20251010164500	https://www.stcatharinesstandard.ca/business/conflict-of-interest-experts-share-concerns-of-u-s-stakes-in-canadian-miners/article_920d654c-7b0e-55fa-9bfb-65ceb2d78b17.html
1267917242	20251010	202510	2025	2025.7671											CHN	CHINA	CHN								1	043	043	04	1	2.8	4	1	4	-0.970873786407771	0								4	Guoqiang, Fujian, China	CH	CH07	13010	24.2756	117.179	-1907815	4	Guoqiang, Fujian, China	CH	CH07	13010	24.2756	117.179	-1907815	20251010164500	https://www.aol.co.uk/articles/ronnie-o-sullivan-continues-breeze-160009931.html
1267917243	20251010	202510	2025	2025.7671											CHN	CHINESE	CHN								0	080	080	08	2	5.0	7	1	7	1.203007518797	0								4	Shanghai, Shanghai, China	CH	CH23	13243	31.2222	121.458	-1924465	4	Petersburg, Sankt-Peterburg, Russia	RS	RS66	25095	59.8944	30.2642	-2996338	20251010164500	https://idrw.org/india-russia-in-talks-for-construction-of-ice-class-shipping-vessels/
1267917244	20251010	202510	2025	2025.7671											CHN	CHINESE	CHN								0	080	080	08	2	5.0	1	1	1	1.203007518797	0								4	To Panov, Khakasiya, Russia	RS	RS31	25066	54.5433	89.6592	-2953666	4	To Panov, Khakasiya, Russia	RS	RS31	25066	54.5433	89.6592	-2953666	20251010164500	https://idrw.org/india-russia-in-talks-for-construction-of-ice-class-shipping-vessels/
1267917245	20251010	202510	2025	2025.7671											CHN	CHINA	CHN								1	182	182	18	4	-9.5	2	1	2	2.36966824644549	0								4	Shanghai, Shanghai, China	CH	CH23	13243	31.2222	121.458	-1924465	4	Shanghai, Shanghai, China	CH	CH23	13243	31.2222	121.458	-1924465	20251010164500	https://tribune.com.pk/story/2571708/resilient-medvedev-cruised-into-shanghai-semifinal
1267917246	20251010	202510	2025	2025.7671											CHN	CHINA	CHN								1	182	182	18	4	-9.5	2	1	2	2.36966824644549	0								4	Shanghai, Shanghai, China	CH	CH23	13243	31.2222	121.458	-1924465	1	Russia	RS	RS		60	100	RS	20251010164500	https://tribune.com.pk/story/2571708/resilient-medvedev-cruised-into-shanghai-semifinal
1267917247	20251010	202510	2025	2025.7671											CMR	CAMEROON	CMR								0	042	042	04	1	1.9	1	1	1	3.11377245508982	0								4	Douala, Littoral, Cameroon	CM	CM05	18585	3.75528	9.94472	-3148347	4	Douala, Littoral, Cameroon	CM	CM05	18585	3.75528	9.94472	-3148347	20251010164500	https://www.kennesaw.edu/news/stories/2025/honors-student-builds-pathways-to-learning-in-cameroon.php
1267917248	20251010	202510	2025	2025.7671											COP	POLICE						COP			0	020	020	02	1	3.0	10	1	10	-3.07167235494881	0								4	Pune, Maharashtra, India	IN	IN16	70178	18.5333	73.8667	-2108361	4	Pune, Maharashtra, India	IN	IN16	70178	18.5333	73.8667	-2108361	20251010164500	https://indianexpress.com/article/cities/mumbai/gun-license-approval-sena-ubt-ramdas-and-yogesh-kadam-10299907/
1267917249	20251010	202510	2025	2025.7671											COP	POLICE						COP			1	020	020	02	1	3.0	5	1	5	-2.42468772961058	0								4	Nairobi, Nairobi Area, Kenya	KE	KE05	18585	-1.28333	36.8167	-2258072	4	Nairobi, Nairobi Area, Kenya	KE	KE05	18585	-1.28333	36.8167	-2258072	20251010164500	https://www.nzherald.co.nz/nz/christchurch-cold-case-samuel-njuguna-who-fled-to-kenya-yet-to-be-found-after-2009-murder/SMV2O26DCFA7RLH2RKNTA3NBSQ/
1267917250	20251010	202510	2025	2025.7671											COP	POLICE						COP			1	020	020	02	1	3.0	10	1	10	-5.33807829181495	0								4	Karachi, Sindh, Pakistan	PK	PK05	40398	24.8667	67.05	-2764584	4	Karachi, Sindh, Pakistan	PK	PK05	40398	24.8667	67.05	-2764584	20251010164500	https://www.pakistantoday.com.pk/2025/10/10/ku-student-dies-after-being-hit-by-campus-bus/
1267917251	20251010	202510	2025	2025.7671											COP	DETECTIVE						COP			0	040	040	04	1	1.0	6	1	6	-6.77777777777777	0								2	New Hampshire, United States	US	USNH		43.4108	-71.5653	NH	2	New Hampshire, United States	US	USNH		43.4108	-71.5653	NH	20251010164500	https://patch.com/new-hampshire/concord-nh/homeless-man-concord-arrested-strangulation-assault-charges-after-incident
1267917252	20251010	202510	2025	2025.7671											COP	PRISON						COP			0	173	173	17	4	-5.0	3	1	3	-12.094395280236	0								4	Jagdalpur, Chhattisgarh, India	IN	IN37	70105	19.0667	82.0333	-2097970	4	Jagdalpur, Chhattisgarh, India	IN	IN37	70105	19.0667	82.0333	-2097970	20251010164500	https://www.pakistantoday.com.pk/2025/10/10/silencing-the-marginalised/
1267917253	20251010	202510	2025	2025.7671											CRM	CARTEL						CRM			0	043	043	04	1	2.8	6	1	6	-0.10913059294289	0								1	Marshall Islands	RM	RM		10	167	RM	1	Marshall Islands	RM	RM		10	167	RM	20251010164500	https://www.guitarworld.com/artists/guitarists/jake-e-lee-back-to-the-beginning
1267917254	20251010	202510	2025	2025.7671											CVL	COMMUNITY						CVL			0	042	042	04	1	1.9	5	1	5	4.20353982300885	0								4	Kasol, Himachal Pradesh, India	IN	IN11	17673	32.0167	77.3167	-2100000	4	Kasol, Himachal Pradesh, India	IN	IN11	17673	32.0167	77.3167	-2100000	20251010164500	https://travelbizmonitor.com/top-stories/the-hostel-co-redefines-budget-travel-in-india/
1267917255	20251010	202510	2025	2025.7671											CVL	COMMUNITY						CVL			0	042	042	04	1	1.9	10	1	10	3.11377245508982	0								4	Douala, Littoral, Cameroon	CM	CM05	18585	3.75528	9.94472	-3148347	4	Douala, Littoral, Cameroon	CM	CM05	18585	3.75528	9.94472	-3148347	20251010164500	https://www.kennesaw.edu/news/stories/2025/honors-student-builds-pathways-to-learning-in-cameroon.php
1267917256	20251010	202510	2025	2025.7671											CVL	INDIGENOUS PEOPLE						CVL			0	045	045	04	1	5.0	8	1	8	4.95726495726496	0								4	Prince William, East Berbice-Corentyne, Guyana	GY	GY13	17148	6.18241	-57.4442	-922464	4	Prince William, East Berbice-Corentyne, Guyana	GY	GY13	17148	6.18241	-57.4442	-922464	20251010164500	http://www.businessghana.com/site/news/entertainment/336113/King-Charles-hopes-nature-film-will-
1267917257	20251010	202510	2025	2025.7671											CVL	INDIGENOUS PEOPLE						CVL			0	045	045	04	1	5.0	2	1	2	4.95726495726496	0								4	Prince William, East Berbice-Corentyne, Guyana	GY	GY13	17148	6.18241	-57.4442	-922464	1	India	IN	IN		20	77	IN	20251010164500	http://www.businessghana.com/site/news/entertainment/336113/King-Charles-hopes-nature-film-will-
1267917258	20251010	202510	2025	2025.7671											CVL	RESIDENTS						CVL			1	0874	087	08	2	10.0	12	4	12	-5.58363970588235	0								3	Lobelville, Tennessee, United States	US	USTN	TN135	35.772	-87.7839	1291752	3	Lobelville, Tennessee, United States	US	USTN	TN135	35.772	-87.7839	1291752	20251010164500	https://www.baltimoresun.com/2025/10/10/tennessee-explosion/
1267917259	20251010	202510	2025	2025.7671											CVL	CIVILIAN						CVL			0	090	090	09	2	-2.0	4	1	4	-6.58385093167702	0								4	Brovary, Ternopil's'ka Oblast', Ukraine	UP	UP22	28562	48.9654	25.4554	-1036399	4	Brovary, Ternopil's'ka Oblast', Ukraine	UP	UP22	28562	48.9654	25.4554	-1036399	20251010164500	https://www.channelstv.com/2025/10/10/russian-attack-batters-ukraine-energy-grid-kills-seven-year-old/
1267917260	20251010	202510	2025	2025.7671											CVL	CIVILIAN						CVL			0	090	090	09	2	-2.0	1	1	1	-6.58385093167702	0								4	Kremlin, Moskva, Russia	RS	RS48	25106	55.7522	37.6156	-2960561	4	Brovary, Ternopil's'ka Oblast', Ukraine	UP	UP22	28562	48.9654	25.4554	-1036399	20251010164500	https://www.channelstv.com/2025/10/10/russian-attack-batters-ukraine-energy-grid-kills-seven-year-old/
1267917261	20251010	202510	2025	2025.7671											CVL	SETTLEMENT						CVL			1	100	100	10	3	-5.0	4	1	4	1.97594501718213	0								3	Wilkes County, North Carolina, United States	US	USNC		36.2168	-80.9998	1008595	3	Wilkes County, North Carolina, United States	US	USNC		36.2168	-80.9998	1008595	20251010164500	https://news.yale.edu/2025/10/09/three-yale-alumni-receive-macarthur-genius-grants
1267917262	20251010	202510	2025	2025.7671											CVL	SETTLEMENT						CVL			1	100	100	10	3	-5.0	6	1	6	1.97594501718213	0								1	Madagascar	MA	MA		-20	47	MA	1	Madagascar	MA	MA		-20	47	MA	20251010164500	https://news.yale.edu/2025/10/09/three-yale-alumni-receive-macarthur-genius-grants
1267917263	20251010	202510	2025	2025.7671											CVL	CIVILIAN						CVL			0	190	190	19	4	-10.0	5	1	5	-6.58385093167702	0								4	Brovary, Ternopil's'ka Oblast', Ukraine	UP	UP22	28562	48.9654	25.4554	-1036399	4	Brovary, Ternopil's'ka Oblast', Ukraine	UP	UP22	28562	48.9654	25.4554	-1036399	20251010164500	https://www.channelstv.com/2025/10/10/russian-attack-batters-ukraine-energy-grid-kills-seven-year-old/
1267917264	20251010	202510	2025	2025.7671											EDU	STUDENT						EDU			1	0311	031	03	1	5.2	5	1	5	2.80373831775701	0								2	Montana, United States	US	USMT		46.9048	-110.326	MT	2	Montana, United States	US	USMT		46.9048	-110.326	MT	20251010164500	https://www.montanarightnow.com/helena/news/carroll-college-offers-full-tuition-scholarships-for-montana-students/article_01946fa8-afe9-48c5-a159-2a42609f67aa.html
1267917265	20251010	202510	2025	2025.7671											EDU	SCHOOL						EDU			1	043	043	04	1	2.8	2	1	2	6.98324022346369	0								3	Dundalk, Maryland, United States	US	USMD	MD005	39.2507	-76.5205	590117	3	Dundalk, Maryland, United States	US	USMD	MD005	39.2507	-76.5205	590117	20251010164500	https://www.thetimesnews.com/obituaries/barbara-kyte-knight/article_cc524e10-7ce9-5efe-a6a0-038bdbecf92c.html
1267917266	20251010	202510	2025	2025.7671											EDU	SCHOOL						EDU			1	043	043	04	1	2.8	10	1	10	0.49019607843137	0								1	Ireland	EI	EI		53	-8	EI	1	Ireland	EI	EI		53	-8	EI	20251010164500	https://www.leitrimobserver.ie/news/national-news/1916261/a-window-into-somebody-s-home-psychotherapist-on-parent-influencers-and-its-affect-on-children.html
1267917267	20251010	202510	2025	2025.7671											EDU	SCHOOL						EDU			1	060	060	06	2	6.0	5	1	5	4.51306413301663	0								4	Vilnius, Vilniaus Apskritis, Lithuania	LH	LH65	19171	54.6833	25.3167	-2620663	4	Vilnius, Vilniaus Apskritis, Lithuania	LH	LH65	19171	54.6833	25.3167	-2620663	20251010164500	https://finance.yahoo.com/news/nationwide-initiative-generation-ai-launched-134500384.html
1267917268	20251010	202510	2025	2025.7671											EDU	STUDENT						EDU			0	111	111	11	3	-2.0	20	1	20	-4.08496732026144	0								4	Okadjakrom, Ghana (general), Ghana	GH	GH00	190617	7.4	0.433333	-2077683	4	Okadjakrom, Ghana (general), Ghana	GH	GH00	190617	7.4	0.433333	-2077683	20251010164500	http://www.businessghana.com/site/news/general/336043/Govt-disburses-GHC195.5-million-for-feeding-SHS-students,-NSMQ-debt
1267917269	20251010	202510	2025	2025.7671											EDU	SCHOOL						EDU			1	1823	182	18	4	-10.0	10	1	10	-2.85714285714285	0								4	Ahmedabad, Gujarat, India	IN	IN09	17644	23.0333	72.6167	-2088270	4	Ahmedabad, Gujarat, India	IN	IN09	17644	23.0333	72.6167	-2088270	20251010164500	https://indianexpress.com/article/cities/ahmedabad/maninagar-private-school-stabbing-incident-offline-classes-resume-10299862/
1267917270	20251010	202510	2025	2025.7671											ELI	ACTOR						ELI			1	040	040	04	1	1.0	5	1	5	2.07547169811321	0								1	New Zealand	NZ	NZ		-42	174	NZ	1	New Zealand	NZ	NZ		-42	174	NZ	20251010164500	https://www.attitude.co.uk/culture/film-tv/hunter-doohan-queer-visibility-advice-young-actors-499379/
1267917271	20251010	202510	2025	2025.7671											ELI	FIRST LADY						ELI			1	042	042	04	1	1.9	8	1	8	0	0								1	Ukraine	UP	UP		49	32	UP	3	White House, District of Columbia, United States	US	USDC		38.8951	-77.0364	531871	20251010164500	https://justthenews.com/politics-policy/melania-trump-working-putin-reunite-ukrainian-children-families
1267917272	20251010	202510	2025	2025.7671											FRAGOVBUS	CHRISTINE LAGARDE	FRA					GOV	BUS		0	130	130	13	3	-4.4	5	1	5	-5.41237113402061	0								4	Moscow, Moskva, Russia	RS	RS48	25106	55.7522	37.6156	-2960561	4	Moscow, Moskva, Russia	RS	RS48	25106	55.7522	37.6156	-2960561	20251010164500	http://www.heraldglobe.com/news/278628850/eu-could-fail-to-strike-deal-on-frozen-russian-assets-media
1267917273	20251010	202510	2025	2025.7671											GBR	UNITED KINGDOM	GBR								0	042	042	04	1	1.9	2	1	2	-7.00152207001522	0								4	Glastonbury, Somerset, United Kingdom	UK	UKM3	40129	51.1467	-2.71444	-2597059	4	Glastonbury, Somerset, United Kingdom	UK	UKM3	40129	51.1467	-2.71444	-2597059	20251010164500	https://www.ibtimes.co.uk/british-dj-linked-jay-z-diddy-faces-disturbing-sex-assault-charges-1747323
1267917274	20251010	202510	2025	2025.7671											GBR	BRITISH	GBR								1	043	043	04	1	2.8	5	1	5	2.74509803921569	0								4	Margam, Neath Port Talbot, United Kingdom	UK	UKY5	40186	51.5622	-3.74333	-2602587	4	Margam, Neath Port Talbot, United Kingdom	UK	UKY5	40186	51.5622	-3.74333	-2602587	20251010164500	https://www.walesonline.co.uk/whats-on/music-nightlife-news/together-festival-full-line-up-32649174
1267917275	20251010	202510	2025	2025.7671											GBR	UNITED KINGDOM	GBR								0	190	190	19	4	-10.0	1	1	1	-4.79452054794521	0								4	Southwark, Southwark, United Kingdom	UK	UKM8	40110	51.5	-0.083333	-2608353	1	Afghanistan	AF	AF		33	66	AF	20251010164500	https://www.aol.co.uk/articles/man-entered-uk-small-boat-161623346.html
1267917276	20251010	202510	2025	2025.7671											GHA	VOLTA	GHA								1	043	043	04	1	2.8	10	1	10	6.56424581005587	0								0								0								20251010164500	https://www.ghanaweb.com/GhanaHomePage/regional/Mafi-Adidome-to-host-2025-mini-anlo-Hogbetsotso-Za-2004562
1267917277	20251010	202510	2025	2025.7671											GHA	GHANA	GHA								1	051	051	05	1	3.4	1	1	1	0.98039215686275	0								4	Kumasi, Ashanti, Ghana	GH	GH02	190720	6.68333	-1.61667	-2075172	4	Kumasi, Ashanti, Ghana	GH	GH02	190720	6.68333	-1.61667	-2075172	20251010164500	https://www.ghanaweb.com/GhanaHomePage/NewsArchive/Increasing-age-limit-for-GAF-recruitment-will-affect-productivity-Dr-Forkuo-Kwarteng-2004573
1267917278	20251010	202510	2025	2025.7671											GHA	GHANA	GHA								1	071	071	07	2	7.4	10	1	10	-5.02283105022831	0								1	Ghana	GH	GH		8	-2	GH	1	Ghana	GH	GH		8	-2	GH	20251010164500	https://www.ghanaweb.com/GhanaHomePage/NewsArchive/Parliament-s-Local-Government-Committee-uncovers-misuse-of-disability-funds-across-districts-2004566
1267917279	20251010	202510	2025	2025.7671											GHA	GHANA	GHA								1	080	080	08	2	5.0	10	1	10	-5.02283105022831	0								1	Ghana	GH	GH		8	-2	GH	1	Ghana	GH	GH		8	-2	GH	20251010164500	https://www.ghanaweb.com/GhanaHomePage/NewsArchive/Parliament-s-Local-Government-Committee-uncovers-misuse-of-disability-funds-across-districts-2004566
1267917280	20251010	202510	2025	2025.7671											GOV	MINIST						GOV			1	014	014	01	1	0.0	10	1	10	-0.46082949308756	0								1	United Kingdom	UK	UK		54	-4	UK	1	United Kingdom	UK	UK		54	-4	UK	20251010164500	https://www.bbc.co.uk/news/articles/cdr614l6ezlo
1267917281	20251010	202510	2025	2025.7671											GOV	PRESIDENT						GOV			0	017	017	01	1	0.0	10	1	10	0.6872852233677	0								4	Juba, Wilayat Bahr al Jabal, South Sudan	OD	OD01	37033	4.84597	31.6012	-7975	4	Juba, Wilayat Bahr al Jabal, South Sudan	OD	OD01	37033	4.84597	31.6012	-7975	20251010164500	https://www.radiotamazuj.org/en/news/article/south-african-dp-machatile-concludes-talks-in-south-sudan-on-peace-process
1267917282	20251010	202510	2025	2025.7671											GOV	GOVERNMENT						GOV			0	036	036	03	1	4.0	4	1	4	-1.58910329171396	0								5	Tripura, Tripura, India	IN	IN26	70256	24	92	-2113451	5	Tripura, Tripura, India	IN	IN26	70256	24	92	-2113451	20251010164500	https://www.indiawaterportal.org/people-and-culture/migration/dumboor-lake-when-fields-sank-and-farmers-became-fishers-in-tripura
1267917283	20251010	202510	2025	2025.7671											GOV	PRESIDENT						GOV			1	036	036	03	1	4.0	5	1	5	2.76243093922652	0								4	Sulyok, Szabolcs-SzatmáBereg, Hungary	HU	HU18	17516	47.75	21.85	-866519	4	Sulyok, Szabolcs-SzatmáBereg, Hungary	HU	HU18	17516	47.75	21.85	-866519	20251010164500	https://hungarytoday.hu/president-marks-150-years-of-notary-profession-as-pillar-of-rule-of-law/
1267917284	20251010	202510	2025	2025.7671											GOV	GOVERNMENT						GOV			0	036	036	03	1	4.0	6	1	6	-1.58910329171396	0								4	Gumti, Rangpur, Bangladesh	BG	BG87	70295	26.3107	88.4764	10828484	4	Gumti, Rangpur, Bangladesh	BG	BG87	70295	26.3107	88.4764	10828484	20251010164500	https://www.indiawaterportal.org/people-and-culture/migration/dumboor-lake-when-fields-sank-and-farmers-became-fishers-in-tripura
1267917285	20251010	202510	2025	2025.7671											GOV	PRESIDENT						GOV			0	042	042	04	1	1.9	10	1	10	0.6872852233677	0								4	Juba, Wilayat Bahr al Jabal, South Sudan	OD	OD01	37033	4.84597	31.6012	-7975	4	Juba, Wilayat Bahr al Jabal, South Sudan	OD	OD01	37033	4.84597	31.6012	-7975	20251010164500	https://www.radiotamazuj.org/en/news/article/south-african-dp-machatile-concludes-talks-in-south-sudan-on-peace-process
1267917286	20251010	202510	2025	2025.7671											GOV	GOVERNMENT						GOV			0	051	051	05	1	3.4	10	1	10	3.1055900621118	0								5	Gauteng, Gauteng, South Africa	SF	SF06	77346	-26.0833	28.25	204226	5	Gauteng, Gauteng, South Africa	SF	SF06	77346	-26.0833	28.25	204226	20251010164500	http://www.businessghana.com/site/news/general/336034/Port-of-Gauteng-Initiative:-A-View-from-the-Road-freight-Association-in-the-Drive-to-Achieving...
1267917287	20251010	202510	2025	2025.7671											GOV	GOVERNMENT						GOV			1	057	057	05	1	8.0	1	1	1	-4	0								4	Tamale, Northern, Ghana	GH	GH06	190725	9.40079	-0.839296	-2079197	4	Tamale, Northern, Ghana	GH	GH06	190725	9.40079	-0.839296	-2079197	20251010164500	http://www.businessghana.com/site/news/general/336059/Tamale-water-crisis-deepens-as-outdated-systems-strain-supply
1267917288	20251010	202510	2025	2025.7671											GOV	GOVERNMENT						GOV			1	057	057	05	1	8.0	1	1	1	-4	0								4	Tamale, Northern, Ghana	GH	GH06	190725	9.40079	-0.839296	-2079197	4	Yapei, Ghana (general), Ghana	GH	GH00	190621	9.15234	-1.14804	-2080231	20251010164500	http://www.businessghana.com/site/news/general/336059/Tamale-water-crisis-deepens-as-outdated-systems-strain-supply
1267917289	20251010	202510	2025	2025.7671											GOV	KING						GOV			0	190	190	19	4	-10.0	5	1	5	4.95726495726496	0								1	India	IN	IN		20	77	IN	1	India	IN	IN		20	77	IN	20251010164500	http://www.businessghana.com/site/news/entertainment/336113/King-Charles-hopes-nature-film-will-
1267917290	20251010	202510	2025	2025.7671											GOVMIL	DEFENCE MINIST						GOV	MIL		1	036	036	03	1	4.0	5	1	5	4.94791666666667	0								4	Kuttabul, Queensland, Australia	AS	AS04	154701	-21.0333	148.9	-1582562	4	Kuttabul, Queensland, Australia	AS	AS04	154701	-21.0333	148.9	-1582562	20251010164500	https://idrw.org/rajnath-singh-visits-strategic-australian-naval-facility-hmas-kuttabul/
1267917291	20251010	202510	2025	2025.7671											HLH	HOSPITAL						HLH			1	042	042	04	1	1.9	2	1	2	4.43686006825939	0								4	Leitrim, Galway, Ireland	EI	EI10	18305	53.1572	-8.45417	-1504154	4	Leitrim, Galway, Ireland	EI	EI10	18305	53.1572	-8.45417	-1504154	20251010164500	https://www.leitrimobserver.ie/news/local-news/1915199/nearly-5-000-leitrim-residents-to-benefit-from-new-companion-free-travel-pass.html
1267917292	20251010	202510	2025	2025.7671											HLH	HOSPITAL						HLH			1	042	042	04	1	1.9	10	1	10	-3.98230088495575	0								3	Hickman County, Tennessee, United States	US	USTN		35.8001	-87.4833	1639756	3	Hickman County, Tennessee, United States	US	USTN		35.8001	-87.4833	1639756	20251010164500	https://www.dailystar.co.uk/news/latest-news/breaking-19-missing-one-dead-36049294
1267917293	20251010	202510	2025	2025.7671											HLH	HOSPITAL						HLH			1	042	042	04	1	1.9	6	1	6	-8.74635568513119	0								3	Hollywood, California, United States	US	USCA	CA037	34.0983	-118.327	1660757	3	Hollywood, California, United States	US	USCA	CA037	34.0983	-118.327	1660757	20251010164500	https://perezhilton.com/ohio-woman-warrant-issued-breaking-inot-boyfriends-home-cutting-scrotum-open/
1267917294	20251010	202510	2025	2025.7671											HLH	HOSPITAL						HLH			1	042	042	04	1	1.9	4	1	4	-8.74635568513119	0								2	Ohio, United States	US	USOH		40.3736	-82.7755	OH	2	Ohio, United States	US	USOH		40.3736	-82.7755	OH	20251010164500	https://perezhilton.com/ohio-woman-warrant-issued-breaking-inot-boyfriends-home-cutting-scrotum-open/
1267917295	20251010	202510	2025	2025.7671											HLH	DOCTOR						HLH			0	100	100	10	3	-5.0	6	1	6	1.50214592274678	0								2	Florida, United States	US	USFL		27.8333	-81.717	FL	2	Florida, United States	US	USFL		27.8333	-81.717	FL	20251010164500	https://www.news4jax.com/news/local/2025/10/10/from-venezuela-to-fleming-island-how-this-husband-and-wife-help-patients-smile-again-through-their-dentistry-practice/
1267917296	20251010	202510	2025	2025.7671											IND	NEW DELHI	IND								0	036	036	03	1	4.0	2	1	2	-0.37174721189591	0								4	New Delhi, Delhi, India	IN	IN07	17911	28.6	77.2	-2106102	4	Kabul, Kabol, Afghanistan	AF	AF13	3580	34.5167	69.1833	-3378435	20251010164500	https://www.tribuneindia.com/news/india/afghan-soil-wont-be-allowed-for-carrying-out-activities-detrimental-to-india-foreign-minister-muttaqi/
1267917297	20251010	202510	2025	2025.7671											IND	NEW DELHI	IND								1	040	040	04	1	1.0	1	1	1	1.203007518797	0								4	Lomonosov, Sankt-Peterburg, Russia	RS	RS66	25095	59.9061	29.7725	-2947561	4	Lomonosov, Sankt-Peterburg, Russia	RS	RS66	25095	59.9061	29.7725	-2947561	20251010164500	https://idrw.org/india-russia-in-talks-for-construction-of-ice-class-shipping-vessels/
1267917298	20251010	202510	2025	2025.7671											IND	KERALA	IND								1	081	081	08	2	5.0	3	1	3	-5.3398058252427	0								5	Kerala, Kerala, India	IN	IN13	17699	10	76.5	-2100307	5	Kerala, Kerala, India	IN	IN13	17699	10	76.5	-2100307	20251010164500	https://english.mathrubhumi.com/news/kerala/kerala-swami-bail-mumbai-cheating-case-gmxxj800
1267917299	20251010	202510	2025	2025.7671											IND	KERALA	IND								1	081	081	08	2	5.0	1	1	1	-5.3398058252427	0								4	Palakkad, Kerala, India	IN	IN13	17867	10.7725	76.6514	-2106856	4	Palakkad, Kerala, India	IN	IN13	17867	10.7725	76.6514	-2106856	20251010164500	https://english.mathrubhumi.com/news/kerala/kerala-swami-bail-mumbai-cheating-case-gmxxj800
1267917300	20251010	202510	2025	2025.7671											IRN	IRAN	IRN								0	020	020	02	1	3.0	10	1	10	-4.49050086355786	0								4	As Iran, Az¯arbayjan-e Sharqi, Iran	IR	IR33	40986	39.0251	47.0697	-3816384	4	As Iran, Az¯arbayjan-e Sharqi, Iran	IR	IR33	40986	39.0251	47.0697	-3816384	20251010164500	https://www.foxnews.com/world/uproar-un-elects-china-iran-human-rights-council-positions-without-shame
1267917301	20251010	202510	2025	2025.7671											IRQ	IRAQ	IRQ								0	036	036	03	1	4.0	4	1	4	-4.59081836327345	0								1	Iraq	IZ	IZ		33	44	IZ	1	Iraq	IZ	IZ		33	44	IZ	20251010164500	https://www.stripes.com/branches/army/2025-10-10/army-drone-test-germany-19379835.html
1267917302	20251010	202510	2025	2025.7671											ISR	ISRAEL	ISR								1	042	042	04	1	1.9	4	1	4	-1.07003891050583	0								4	Rafah, Shamal Sina', Egypt	EG	EG27	16446	31.2878	34.2369	-301033	4	Rafah, Shamal Sina', Egypt	EG	EG27	16446	31.2878	34.2369	-301033	20251010164500	https://www.ynetnews.com/article/hya5ww86xg
1267917303	20251010	202510	2025	2025.7671											ISR	ISRAEL	ISR								1	042	042	04	1	1.9	2	1	2	0.64935064935065	0								2	New York, United States	US	USNY		42.1497	-74.9384	NY	4	Gaza, Israel (general), Israel	IS	IS00	18315	31.4167	34.3333	-797156	20251010164500	https://www.independentsentinel.com/jeffries-doesnt-credit-trump-for-the-israel-hamas-peace-deal/
1267917304	20251010	202510	2025	2025.7671											JUD	PROSECUTOR						JUD			0	014	014	01	1	0.0	4	1	4	-10.3510351035103	0								2	Virginia, United States	US	USVA		37.768	-78.2057	VA	2	Virginia, United States	US	USVA		37.768	-78.2057	VA	20251010164500	https://globalnews.ca/news/11473387/trump-comey-trial-analysis/
1267917305	20251010	202510	2025	2025.7671											JUD	JUDGE						JUD			0	020	020	02	1	3.0	5	1	5	-4.67445742904842	0								2	Utah, United States	US	USUT		40.1135	-111.854	UT	2	Utah, United States	US	USUT		40.1135	-111.854	UT	20251010164500	https://www.fox13now.com/news/shooting-of-charlie-kirk/fox-13-investigates-what-we-still-dont-know-about-charlie-kirks-murder-one-month-later
1267917306	20251010	202510	2025	2025.7671											LEG	PARLIAMENTARIAN						LEG			1	045	045	04	1	5.0	4	1	4	1.04166666666666	0								4	Juba, Wilayat Bahr al Jabal, South Sudan	OD	OD01	37033	4.84597	31.6012	-7975	4	Juba, Wilayat Bahr al Jabal, South Sudan	OD	OD01	37033	4.84597	31.6012	-7975	20251010164500	https://www.radiotamazuj.org/en/news/article/youth-led-ngo-urges-passage-of-stalled-policies-to-curb-frustration
1267917307	20251010	202510	2025	2025.7671											LEG	PARLIAMENTARIAN						LEG			1	045	045	04	1	5.0	1	1	1	1.04166666666666	0								1	Sudan	SU	SU		16	30	SU	1	Sudan	SU	SU		16	30	SU	20251010164500	https://www.radiotamazuj.org/en/news/article/youth-led-ngo-urges-passage-of-stalled-policies-to-curb-frustration
1267917308	20251010	202510	2025	2025.7671											LEG	GENERAL ASSEMBLY						LEG			0	111	111	11	3	-2.0	6	1	6	-1.55925155925155	0								2	Virginia, United States	US	USVA		37.768	-78.2057	VA	2	Virginia, United States	US	USVA		37.768	-78.2057	VA	20251010164500	https://dailyprogress.com/news/state-regional/government-politics/article_e7752c90-9555-5e8f-9c7b-7d31f78e68d9.html
1267917309	20251010	202510	2025	2025.7671											MDV	MALE	MDV								1	046	046	04	1	7.0	10	1	10	-3.55113636363636	0								1	Israel	IS	IS		31.5	34.75	IS	1	Israel	IS	IS		31.5	34.75	IS	20251010164500	https://newstalkkgvo.com/missoula-police-assault-antisemitism/
1267917310	20251010	202510	2025	2025.7671											MEX	MEXICO	MEX								1	042	042	04	1	1.9	6	1	4	-2.59179265658748	0								4	Cocoyotla, Morelos, Mexico	MX	MX17	20445	18.75	-99.4333	-1658328	4	Cocoyotla, Morelos, Mexico	MX	MX17	20445	18.75	-99.4333	-1658328	20251010164500	https://qns.com/2025/10/street-vendor-reform-package-impact/
1267917311	20251010	202510	2025	2025.7671											MIL	CARRIER						MIL			0	045	045	04	1	5.0	10	1	10	0	0								4	Konkan, Maharashtra, India	IN	IN16	17777	18.0833	73.4167	-2101383	4	Konkan, Maharashtra, India	IN	IN16	17777	18.0833	73.4167	-2101383	20251010164500	https://indianexpress.com/article/cities/pune/exercise-konkan-india-uk-integration-uk-carrier-strike-group-commander-10299898/
1267917312	20251010	202510	2025	2025.7671											MIL	COMMANDER						MIL			0	190	190	19	4	-10.0	6	1	6	-6.99062233589087	0								4	Jerusalem, Israel (general), Israel	IS	IS00	18315	31.7667	35.2333	-797092	4	Jerusalem, Israel (general), Israel	IS	IS00	18315	31.7667	35.2333	-797092	20251010164500	https://www.hakolhayehudi.co.il/item/english/thousands_of_terrorists_to_be_released__their_names_and_crimes
1267917313	20251010	202510	2025	2025.7671											NOR	NORWAY	NOR								0	042	042	04	1	1.9	6	1	6	4.76190476190476	0								1	Yemen	YM	YM		15.5	47.5	YM	1	Yemen	YM	YM		15.5	47.5	YM	20251010164500	https://news.webindia123.com/news/Articles/World/20251010/4371178.html
1267917314	20251010	202510	2025	2025.7671											NZL	CHRISTCHURCH	NZL								0	020	020	02	1	3.0	3	1	3	-2.42468772961058	0								4	Nairobi, Nairobi Area, Kenya	KE	KE05	18585	-1.28333	36.8167	-2258072	4	Nairobi, Nairobi Area, Kenya	KE	KE05	18585	-1.28333	36.8167	-2258072	20251010164500	https://www.nzherald.co.nz/nz/christchurch-cold-case-samuel-njuguna-who-fled-to-kenya-yet-to-be-found-after-2009-murder/SMV2O26DCFA7RLH2RKNTA3NBSQ/
1267917315	20251010	202510	2025	2025.7671											NZL	NEW ZEALAND	NZL								1	112	112	11	3	-2.0	8	1	8	3.03030303030303	0								4	Wellington, New Zealand (general), New Zealand	NZ	NZ00	22391	-41.3	174.783	-1521348	4	Wellington, New Zealand (general), New Zealand	NZ	NZ00	22391	-41.3	174.783	-1521348	20251010164500	https://www.odt.co.nz/news/dunedin/blackhead-sand-set-replenish-wellington-beach
1267917316	20251010	202510	2025	2025.7671											PRT	PORTUGAL	PRT								1	043	043	04	1	2.8	4	1	4	-3.85852090032155	0								4	Praia Da Luz, Faro, Portugal	PO	PO09	24764	37.0833	-8.73333	-2168298	4	Praia Da Luz, Faro, Portugal	PO	PO09	24764	37.0833	-8.73333	-2168298	20251010164500	https://www.aol.co.uk/articles/madeleine-mccanns-great-aunt-says-162300861.html
1267917317	20251010	202510	2025	2025.7671											PSE	GAZA	PSE								1	042	042	04	1	1.9	3	1	3	-1.07003891050583	0								4	Rafah, Shamal Sina', Egypt	EG	EG27	16446	31.2878	34.2369	-301033	4	Rafah, Shamal Sina', Egypt	EG	EG27	16446	31.2878	34.2369	-301033	20251010164500	https://www.ynetnews.com/article/hya5ww86xg
1267917318	20251010	202510	2025	2025.7671											PSE	GAZA	PSE								1	042	042	04	1	1.9	2	1	2	2.1108179419525	0								3	Washington, District of Columbia, United States	US	USDC	DC001	38.8951	-77.0364	531871	3	Washington, District of Columbia, United States	US	USDC	DC001	38.8951	-77.0364	531871	20251010164500	https://www.odnako.org/thousands-return-to-gaza-city-netanyahu-if-the-plan-is-not-achieved-there-will-be-war/
1267917319	20251010	202510	2025	2025.7671											PSE	GAZA	PSE								0	042	042	04	1	1.9	1	1	1	-4.89296636085627	0								1	Gaza Strip	GZ	GZ		31.425074	34.373398	GZ	4	Gaza, Israel (general), Israel	IS	IS00	18315	31.4167	34.3333	-797156	20251010164500	https://chapelboro.com/world-news/israeli-military-says-ceasefire-takes-effect-in-gaza-raising-hopes-for-ending-the-war
1267917320	20251010	202510	2025	2025.7671											PTY	POLITICIAN									0	140	140	14	3	-6.5	6	1	6	-9.42028985507248	0								4	Kobe, Hyogo, Japan	JA	JA13	34432	34.6833	135.167	-233817	4	Kobe, Hyogo, Japan	JA	JA13	34432	34.6833	135.167	-233817	20251010164500	https://www.odt.co.nz/opinion/swarbrick-culpable-hypocrisy
1267917321	20251010	202510	2025	2025.7671											PTY	POLITICIAN									0	140	140	14	3	-6.5	4	1	4	-9.42028985507248	0								4	Gaza, Israel (general), Israel	IS	IS00	18315	31.4167	34.3333	-797156	4	Gaza, Israel (general), Israel	IS	IS00	18315	31.4167	34.3333	-797156	20251010164500	https://www.odt.co.nz/opinion/swarbrick-culpable-hypocrisy
1267917322	20251010	202510	2025	2025.7671											QAT	QATARI	QAT								1	072	072	07	2	8.3	3	3	3	0.847457627118646	0								1	Qatar	QA	QA		25.5	51.25	QA	1	Qatar	QA	QA		25.5	51.25	QA	20251010164500	https://wsbt.com/news/nation-world/mountain-home-air-force-base-to-host-qatari-air-force-facility-f-15-training
1267917323	20251010	202510	2025	2025.7671											ROU	ROMANIA									1	0353	035	03	1	7.0	5	1	5	6.41627543035993	0								4	Bucharest, Bucuresti, Romania	RO	RO10	25006	44.4333	26.1	-1153951	4	Bucharest, Bucuresti, Romania	RO	RO10	25006	44.4333	26.1	-1153951	20251010164500	https://hungarytoday.hu/pm-orban-the-nobel-prize-is-the-hungarians-right-to-exist/
1267917324	20251010	202510	2025	2025.7671											RUSMIL	RUSSIA	RUS					MIL			0	046	046	04	1	7.0	1	1	1	-2.93515358361775	0								4	Kyiv, Kyyiv, Misto, Ukraine	UP	UP12	28554	50.4333	30.5167	-1044367	4	Kremlin, Moskva, Russia	RS	RS48	25106	55.7522	37.6156	-2960561	20251010164500	https://www.shtfplan.com/headline-news/giving-tomahawk-cruise-missiles-to-ukraine-would-be-an-absolutely-insane-thing-to-do
1267917325	20251010	202510	2025	2025.7671											RUSMIL	RUSSIA	RUS					MIL			0	046	046	04	1	7.0	1	1	1	-2.93515358361775	0								4	Kremlin, Moskva, Russia	RS	RS48	25106	55.7522	37.6156	-2960561	4	Kremlin, Moskva, Russia	RS	RS48	25106	55.7522	37.6156	-2960561	20251010164500	https://www.shtfplan.com/headline-news/giving-tomahawk-cruise-missiles-to-ukraine-would-be-an-absolutely-insane-thing-to-do
1267917326	20251010	202510	2025	2025.7671											SSD	SOUTH SUDANESE	SSD								1	040	040	04	1	1.0	3	1	3	1.04166666666666	0								1	Sudan	SU	SU		16	30	SU	1	Sudan	SU	SU		16	30	SU	20251010164500	https://www.radiotamazuj.org/en/news/article/youth-led-ngo-urges-passage-of-stalled-policies-to-curb-frustration
1267917327	20251010	202510	2025	2025.7671											SVKGOV	SLOVAK	SVK					GOV			1	036	036	03	1	4.0	3	1	3	0	0								1	Slovak Republic	LO	LO		48.666667	19.5	LO	1	Slovak Republic	LO	LO		48.666667	19.5	LO	20251010164500	https://enrsi.stvr.sk/articles/news/417796/cabinet-meets-friday-to-discuss-public-finances
1267917328	20251010	202510	2025	2025.7671											UAF	TERRORIST						UAF			0	043	043	04	1	2.8	6	1	6	-6.99062233589087	0								4	Hebron, Israel (general), Israel	IS	IS00	18315	31.5333	35.1	-793097	4	Hebron, Israel (general), Israel	IS	IS00	18315	31.5333	35.1	-793097	20251010164500	https://www.hakolhayehudi.co.il/item/english/thousands_of_terrorists_to_be_released__their_names_and_crimes
1267917329	20251010	202510	2025	2025.7671											USA	UNITED STATES	USA								1	010	010	01	1	0.0	1	1	1	0	0								2	Connecticut, United States	US	USCT		41.5834	-72.7622	CT	3	West Haven, Connecticut, United States	US	USCT		41.2707	-72.947	211953	20251010164500	https://medicine.yale.edu/internal-medicine/raci/news-article/rheumatology-care-homebound-veterans-connecticut/
1267917330	20251010	202510	2025	2025.7671											USA	UNITED STATES	USA								1	014	014	01	1	0.0	6	1	4	1.57687253613666	0								3	Houston, Texas, United States	US	USTX	TX201	29.7633	-95.3633	1380948	3	Houston, Texas, United States	US	USTX	TX201	29.7633	-95.3633	1380948	20251010164500	https://therealdeal.com/national/2025/10/10/assumable-mortgage-startup-offers-solution-to-lock-in-effect/
1267917331	20251010	202510	2025	2025.7671											USA	VIRGINIA	USA								0	020	020	02	1	3.0	1	1	1	-1.55925155925155	0								3	Suffolk, Virginia, United States	US	USVA	VA800	36.7282	-76.5836	1500187	3	Suffolk, Virginia, United States	US	USVA	VA800	36.7282	-76.5836	1500187	20251010164500	https://dailyprogress.com/news/state-regional/government-politics/article_e7752c90-9555-5e8f-9c7b-7d31f78e68d9.html
1267917332	20251010	202510	2025	2025.7671											USA	UNITED STATES	USA								1	036	036	03	1	4.0	6	1	6	5.32837670384139	0								3	Berwyn, Illinois, United States	US	USIL	IL031	41.8506	-87.7937	404233	3	Berwyn, Illinois, United States	US	USIL	IL031	41.8506	-87.7937	404233	20251010164500	https://www.islands.com/1990058/berwyn-tucked-next-chicago-gorgeous-walkable-suburban-city-full-arts-culture-affordable-homes/
1267917333	20251010	202510	2025	2025.7671											USA	CHICAGO	USA								1	036	036	03	1	4.0	2	1	2	5.32837670384139	0								3	Chicago, Illinois, United States	US	USIL	IL031	41.85	-87.6501	423587	3	Berwyn, Illinois, United States	US	USIL	IL031	41.8506	-87.7937	404233	20251010164500	https://www.islands.com/1990058/berwyn-tucked-next-chicago-gorgeous-walkable-suburban-city-full-arts-culture-affordable-homes/
1267917334	20251010	202510	2025	2025.7671											USA	UNITED STATES	USA								0	036	036	03	1	4.0	1	1	1	1.50753768844221	0								2	New Mexico, United States	US	USNM		34.8375	-106.237	NM	2	New Mexico, United States	US	USNM		34.8375	-106.237	NM	20251010164500	https://www.taosnews.com/tempo/music/marques-morel-to-perform-at-the-taos-inn/article_6ca89689-c238-572e-a2ca-2cb936f4758f.html
1267917335	20251010	202510	2025	2025.7671											USA	UNITED STATES	USA								0	040	040	04	1	1.0	3	1	2	-4.67445742904842	0								3	Salt Lake City, Utah, United States	US	USUT		40.7608	-111.891	1454997	3	Salt Lake City, Utah, United States	US	USUT		40.7608	-111.891	1454997	20251010164500	https://www.fox13now.com/news/shooting-of-charlie-kirk/fox-13-investigates-what-we-still-dont-know-about-charlie-kirks-murder-one-month-later
1267917336	20251010	202510	2025	2025.7671											USA	UNITED STATES	USA								0	040	040	04	1	1.0	4	1	2	-4.67445742904842	0								3	Salt Lake City, Utah, United States	US	USUT		40.7608	-111.891	1454997	2	Utah, United States	US	USUT		40.1135	-111.854	UT	20251010164500	https://www.fox13now.com/news/shooting-of-charlie-kirk/fox-13-investigates-what-we-still-dont-know-about-charlie-kirks-murder-one-month-later
1267917337	20251010	202510	2025	2025.7671											USA	VIRGINIA	USA								1	040	040	04	1	1.0	7	1	7	-1.55925155925155	0								3	Suffolk, Virginia, United States	US	USVA	VA800	36.7282	-76.5836	1500187	3	Suffolk, Virginia, United States	US	USVA	VA800	36.7282	-76.5836	1500187	20251010164500	https://dailyprogress.com/news/state-regional/government-politics/article_e7752c90-9555-5e8f-9c7b-7d31f78e68d9.html
1267917338	20251010	202510	2025	2025.7671											USA	UNITED STATES	USA								0	040	040	04	1	1.0	4	1	4	-3.55113636363636	0								3	Missoula, Montana, United States	US	USMT	MT063	46.8721	-113.994	787504	1	Israel	IS	IS		31.5	34.75	IS	20251010164500	https://newstalkkgvo.com/missoula-police-assault-antisemitism/
1267917339	20251010	202510	2025	2025.7671											USA	MOUNTAIN STATE	USA								1	042	042	04	1	1.9	4	1	4	5.76271186440678	0								3	Flatwood, Virginia, United States	US	USVA	VA197	36.8532	-80.8873	1483451	3	Flatwood, Virginia, United States	US	USVA	VA197	36.8532	-80.8873	1483451	20251010164500	https://www.islands.com/1990059/sutton-charming-west-virginia-town-popular-tourist-stop-delicious-food-exquisite-art-natural-beauty/
1267917340	20251010	202510	2025	2025.7671											USA	MOUNTAIN STATE	USA								1	042	042	04	1	1.9	6	1	6	5.76271186440678	0								3	Elk River, West Virginia, United States	US	USWV		38.3551	-81.6451	1551032	3	Flatwood, Virginia, United States	US	USVA	VA197	36.8532	-80.8873	1483451	20251010164500	https://www.islands.com/1990059/sutton-charming-west-virginia-town-popular-tourist-stop-delicious-food-exquisite-art-natural-beauty/
1267917341	20251010	202510	2025	2025.7671											USA	UNITED STATES	USA								1	042	042	04	1	1.9	4	1	4	5.17647058823529	0								3	Hollywood, California, United States	US	USCA	CA037	34.0983	-118.327	1660757	2	New York, United States	US	USNY		42.1497	-74.9384	NY	20251010164500	https://comicbookmovie.com/birds-of-prey/wonder-man/wonder-man-nycc-display-reveals-first-look-at-the-original-wonder-man---possible-spoilers-a224217
1267917342	20251010	202510	2025	2025.7671											USA	UNITED STATES	USA								1	042	042	04	1	1.9	2	1	2	-0.89418777943368	0								3	Los Angeles County, California, United States	US	USCA		34.3667	-118.201	277283	3	Los Angeles County, California, United States	US	USCA		34.3667	-118.201	277283	20251010164500	https://www.ibtimes.co.uk/facts-about-adva-lavie-top-israeli-onlyfans-model-wanted-robbing-old-rich-men-using-dating-apps-1747361
1267917343	20251010	202510	2025	2025.7671											USA	UNITED STATES	USA								0	042	042	04	1	1.9	2	1	2	1.50214592274678	0								3	Clay County, Florida, United States	US	USFL		29.9997	-81.8332	295726	3	Clay County, Florida, United States	US	USFL		29.9997	-81.8332	295726	20251010164500	https://www.news4jax.com/news/local/2025/10/10/from-venezuela-to-fleming-island-how-this-husband-and-wife-help-patients-smile-again-through-their-dentistry-practice/
1267917344	20251010	202510	2025	2025.7671											USA	UNITED STATES	USA								1	042	042	04	1	1.9	6	1	6	1.50753768844221	0								3	Taos, New Mexico, United States	US	USNM	NM055	36.4072	-105.573	911545	3	Taos, New Mexico, United States	US	USNM	NM055	36.4072	-105.573	911545	20251010164500	https://www.taosnews.com/tempo/music/marques-morel-to-perform-at-the-taos-inn/article_6ca89689-c238-572e-a2ca-2cb936f4758f.html
1267917345	20251010	202510	2025	2025.7671											USA	UNITED STATES	USA								1	042	042	04	1	1.9	2	1	2	0.56179775280899	0								3	Queens, New York, United States	US	USNY	NY081	40.7498	-73.7976	971983	3	Queens, New York, United States	US	USNY	NY081	40.7498	-73.7976	971983	20251010164500	https://wrrv.com/manhattan-casino-bids-sunk/
1267917346	20251010	202510	2025	2025.7671											USA	UNITED STATES	USA								0	043	043	04	1	2.8	2	1	2	1.97594501718213	0								3	Wilkes County, North Carolina, United States	US	USNC		36.2168	-80.9998	1008595	3	Wilkes County, North Carolina, United States	US	USNC		36.2168	-80.9998	1008595	20251010164500	https://news.yale.edu/2025/10/09/three-yale-alumni-receive-macarthur-genius-grants
1267917347	20251010	202510	2025	2025.7671											USA	UNITED STATES	USA								1	043	043	04	1	2.8	4	1	4	-2.46636771300448	0								3	Monroeville Mall, Pennsylvania, United States	US	USPA		40.4209	-79.7948	1211295	3	Monroeville, Pennsylvania, United States	US	USPA	PA003	40.4212	-79.7881	1201103	20251010164500	https://bloody-disgusting.com/the-further/3908419/walmart-hopes-to-demolish-the-dawn-of-the-dead-mall-within-the-next-two-years/
1267917348	20251010	202510	2025	2025.7671											USA	UNITED STATES	USA								0	043	043	04	1	2.8	2	1	2	1.50214592274678	0								3	Clay County, Florida, United States	US	USFL		29.9997	-81.8332	295726	3	Clay County, Florida, United States	US	USFL		29.9997	-81.8332	295726	20251010164500	https://www.news4jax.com/news/local/2025/10/10/from-venezuela-to-fleming-island-how-this-husband-and-wife-help-patients-smile-again-through-their-dentistry-practice/
1267917349	20251010	202510	2025	2025.7671											USA	UNITED STATES	USA								0	043	043	04	1	2.8	11	1	8	5.32837670384139	0								3	Berwyn, Illinois, United States	US	USIL	IL031	41.8506	-87.7937	404233	3	Berwyn, Illinois, United States	US	USIL	IL031	41.8506	-87.7937	404233	20251010164500	https://www.islands.com/1990058/berwyn-tucked-next-chicago-gorgeous-walkable-suburban-city-full-arts-culture-affordable-homes/
1267917350	20251010	202510	2025	2025.7671											USA	UNITED STATES	USA								0	043	043	04	1	2.8	3	1	3	5.32837670384139	0								3	Plainfield, Illinois, United States	US	USIL	IL197	41.627	-88.204	415751	3	Plainfield, Illinois, United States	US	USIL	IL197	41.627	-88.204	415751	20251010164500	https://www.islands.com/1990058/berwyn-tucked-next-chicago-gorgeous-walkable-suburban-city-full-arts-culture-affordable-homes/
1267917351	20251010	202510	2025	2025.7671											USA	UNITED STATES	USA								1	043	043	04	1	2.8	8	1	8	2.65957446808511	0								3	Stormville, New York, United States	US	USNY	NY027	41.5704	-73.7454	966602	3	Stormville, New York, United States	US	USNY	NY027	41.5704	-73.7454	966602	20251010164500	https://wrrv.com/flea-markets-october-hudson-valley/
1267917352	20251010	202510	2025	2025.7671											USA	ILLINOIS	USA								0	043	043	04	1	2.8	1	1	1	5.32837670384139	0								2	Illinois, United States	US	USIL		40.3363	-89.0022	IL	3	Plainfield, Illinois, United States	US	USIL	IL197	41.627	-88.204	415751	20251010164500	https://www.islands.com/1990058/berwyn-tucked-next-chicago-gorgeous-walkable-suburban-city-full-arts-culture-affordable-homes/
1267917353	20251010	202510	2025	2025.7671											USA	PORTLAND	USA								1	043	043	04	1	2.8	5	1	5	0.53404539385848	0								1	Sweden	SW	SW		62	15	SW	1	Sweden	SW	SW		62	15	SW	20251010164500	https://decider.com/2025/10/10/where-was-the-woman-in-cabin-10-filmed-filming-location-superyacht-boat/
1267917354	20251010	202510	2025	2025.7671											USA	UNITED STATES	USA								0	051	051	05	1	3.4	2	1	2	1.64233576642336	0								3	Williamsburg, New York, United States	US	USNY	NY047	40.7143	-73.9535	971314	3	Williamsburg, New York, United States	US	USNY	NY047	40.7143	-73.9535	971314	20251010164500	https://www.clevelandjewishnews.com/jta/why-do-we-have-to-waste-a-few-weeks-satmar-rabbi-congratulates-mamdani-during-williamsburg/article_70c86a64-eb9d-5a79-a3fa-c718d16c4f44.html
1267917355	20251010	202510	2025	2025.7671											USA	UNITED STATES	USA								0	100	100	10	3	-5.0	2	1	2	1.50214592274678	0								3	Clay County, Florida, United States	US	USFL		29.9997	-81.8332	295726	3	Clay County, Florida, United States	US	USFL		29.9997	-81.8332	295726	20251010164500	https://www.news4jax.com/news/local/2025/10/10/from-venezuela-to-fleming-island-how-this-husband-and-wife-help-patients-smile-again-through-their-dentistry-practice/
1267917356	20251010	202510	2025	2025.7671											USA	DETROIT	USA								1	110	110	11	3	-2.0	10	1	10	-8.68794326241135	0								0								0								20251010164500	https://www.wxyz.com/news/rochester-hills-doctor-accused-of-preying-on-women-children-pleads-no-contest-to-31-charges
1267917357	20251010	202510	2025	2025.7671											USA	UNITED STATES	USA								0	112	112	11	3	-2.0	2	1	2	-10.3510351035103	0								2	New York, United States	US	USNY		42.1497	-74.9384	NY	3	White House, District of Columbia, United States	US	USDC		38.8951	-77.0364	531871	20251010164500	https://globalnews.ca/news/11473387/trump-comey-trial-analysis/
1267917358	20251010	202510	2025	2025.7671											USA	UNITED STATES	USA								0	180	180	18	4	-9.0	2	1	2	-6.77777777777777	0								2	New Hampshire, United States	US	USNH		43.4108	-71.5653	NH	2	New Hampshire, United States	US	USNH		43.4108	-71.5653	NH	20251010164500	https://patch.com/new-hampshire/concord-nh/homeless-man-concord-arrested-strangulation-assault-charges-after-incident
1267917359	20251010	202510	2025	2025.7671											USAGOV	THE WHITE HOUSE	USA					GOV			0	043	043	04	1	2.8	1	1	1	-2.73775216138328	0								1	Iran	IR	IR		32	53	IR	1	Iran	IR	IR		32	53	IR	20251010164500	https://www.theguardian.com/commentisfree/2025/oct/10/donald-trump-gaza-us-benjamin-netanyahu-israel
1267917360	20251010	202510	2025	2025.7671											USAHLH	DETROIT	USA					HLH			1	173	173	17	4	-5.0	20	1	10	-8.68794326241135	0								0								0								20251010164500	https://www.wxyz.com/news/rochester-hills-doctor-accused-of-preying-on-women-children-pleads-no-contest-to-31-charges
1267917361	20251010	202510	2025	2025.7671											VENGOV	VENEZUELA	VEN					GOV			1	020	020	02	1	3.0	1	1	1	5.85106382978723	0								1	Venezuela	VE	VE		8	-66	VE	4	Aylesbury, Buckinghamshire, United Kingdom	UK	UKB9	40097	51.8167	-0.8	-2588872	20251010164500	https://www.channelstv.com/2025/10/10/nobel-peace-prize-winner-machado-dedicates-award-to-trump/
1267917362	20251010	202510	2025	2025.7671											VENOPP	VENEZUELA	VEN					OPP			1	051	051	05	1	3.4	6	1	6	1.44578313253012	0								4	Oslo, Oslo, Norway	NO	NO12	23413	59.9167	10.75	-273837	4	Oslo, Oslo, Norway	NO	NO12	23413	59.9167	10.75	-273837	20251010164500	https://www.pakistantoday.com.pk/2025/10/10/venezuela-opposition-leader-maria-corina-machado-wins-nobel-peace-prize/
1267917363	20251010	202510	2025	2025.7671											adi	ADIVASI			adi						1	110	110	11	3	-2.0	10	1	10	-12.094395280236	0								4	Chhattisgarh, Chhattisgarh, India	IN	IN37	70116	21.5	81.75	-2093188	4	Chhattisgarh, Chhattisgarh, India	IN	IN37	70116	21.5	81.75	-2093188	20251010164500	https://www.pakistantoday.com.pk/2025/10/10/silencing-the-marginalised/
1267917364	20251010	202510	2025	2025.7671											kno	KONO			kno						0	046	046	04	1	7.0	6	1	6	1.50537634408602	0								4	Rankin Inlet, Nunavut, Canada	CA	CA14	25042	62.8167	-92.0833	-572004	4	Rankin Inlet, Nunavut, Canada	CA	CA14	25042	62.8167	-92.0833	-572004	20251010164500	https://www.cbc.ca/news/canada/manitoba/kivalliq-hydro-fibre-link-nunavut-9.6931778
1267917365	20251010	202510	2025	2025.7671											kur	KURD			kur						0	084	084	08	2	7.0	5	1	5	-6.99062233589087	0								4	Jerusalem, Israel (general), Israel	IS	IS00	18315	31.7667	35.2333	-797092	4	Jerusalem, Israel (general), Israel	IS	IS00	18315	31.7667	35.2333	-797092	20251010164500	https://www.hakolhayehudi.co.il/item/english/thousands_of_terrorists_to_be_released__their_names_and_crimes
1267917366	20251010	202510	2025	2025.7671	AFG	AFGHAN	AFG																		1	138	138	13	3	-7.0	10	1	10	-4.11985018726591	1	Afghanistan	AF	AF		33	66	AF	0								1	Afghanistan	AF	AF		33	66	AF	20251010164500	https://indianexpress.com/article/world/afghan-man-ak-47-face-tattoo-guilty-of-threatening-to-kill-nigel-farage-10299789/
1267917367	20251010	202510	2025	2025.7671	AFG	AFGHANISTAN	AFG																		0	173	173	17	4	-5.0	2	1	2	-4.79452054794521	1	Afghanistan	AF	AF		33	66	AF	0								4	Southwark, Southwark, United Kingdom	UK	UKM8	40110	51.5	-0.083333	-2608353	20251010164500	https://www.aol.co.uk/articles/man-entered-uk-small-boat-161623346.html
1267917368	20251010	202510	2025	2025.7671	AFG	AFGHAN	AFG																		1	173	173	17	4	-5.0	6	2	6	-4.34474030749234	1	Afghanistan	AF	AF		33	66	AF	0								1	Afghanistan	AF	AF		33	66	AF	20251010164500	https://indianexpress.com/article/world/afghan-man-ak-47-face-tattoo-guilty-of-threatening-to-kill-nigel-farage-10299789/
1267917369	20251010	202510	2025	2025.7671	AFG	AFGHAN	AFG																		1	173	173	17	4	-5.0	6	1	6	-4.11985018726591	1	United Kingdom	UK	UK		54	-4	UK	0								1	United Kingdom	UK	UK		54	-4	UK	20251010164500	https://indianexpress.com/article/world/afghan-man-ak-47-face-tattoo-guilty-of-threatening-to-kill-nigel-farage-10299789/
1267917370	20251010	202510	2025	2025.7671	AFG	AFGHANISTAN	AFG								AFGINSTAL	TALIBAN	AFG	TAL				INS			0	172	172	17	4	-5.0	2	1	2	0.16806722689076	4	Kabul, Kabol, Afghanistan	AF	AF13	3580	34.5167	69.1833	-3378435	4	New Delhi, Delhi, India	IN	IN07	17911	28.6	77.2	-2106102	4	Kabul, Kabol, Afghanistan	AF	AF13	3580	34.5167	69.1833	-3378435	20251010164500	https://www.jagonews24.com/en/international/news/86271
1267917371	20251010	202510	2025	2025.7671	AFG	AFGHANISTAN	AFG								AFGINSTALGOV	TALIBAN	AFG	TAL				INS	GOV		1	036	036	03	1	4.0	2	1	2	-0.37174721189591	4	Kabul, Kabol, Afghanistan	AF	AF13	3580	34.5167	69.1833	-3378435	4	Kabul, Kabol, Afghanistan	AF	AF13	3580	34.5167	69.1833	-3378435	4	Kabul, Kabol, Afghanistan	AF	AF13	3580	34.5167	69.1833	-3378435	20251010164500	https://www.tribuneindia.com/news/india/afghan-soil-wont-be-allowed-for-carrying-out-activities-detrimental-to-india-foreign-minister-muttaqi/
1267917372	20251010	202510	2025	2025.7671	AFG	KANDAHAR	AFG								AFGINSTALMIL	TALIBAN	AFG	TAL				INS	MIL		1	043	043	04	1	2.8	8	1	8	-2.22222222222222	4	Takhta Pul, Kandahar, Afghanistan	AF	AF23	3596	31.3206	65.9611	-3394399	1	India	IN	IN		20	77	IN	1	Pakistan	PK	PK		30	70	PK	20251010164500	https://www.cnbctv18.com/world/pakistan-targeting-tehreek-i-taliban-ttp-in-afghanistan-implications-for-india-cross-border-terrorism-explained-19710601.htm
1267917373	20251010	202510	2025	2025.7671	AFG	AFGHANISTAN	AFG								COP	POLICE						COP			0	010	010	01	1	0.0	4	1	4	-4.79452054794521	1	Afghanistan	AF	AF		33	66	AF	1	Afghanistan	AF	AF		33	66	AF	1	Afghanistan	AF	AF		33	66	AF	20251010164500	https://www.aol.co.uk/articles/man-entered-uk-small-boat-161623346.html
1267917374	20251010	202510	2025	2025.7671	AFG	AFGHANISTAN	AFG								GBR	UNITED KINGDOM	GBR								1	138	138	13	3	-7.0	4	1	4	-4.11985018726591	1	Afghanistan	AF	AF		33	66	AF	1	United Kingdom	UK	UK		54	-4	UK	1	Afghanistan	AF	AF		33	66	AF	20251010164500	https://indianexpress.com/article/world/afghan-man-ak-47-face-tattoo-guilty-of-threatening-to-kill-nigel-farage-10299789/
1267917375	20251010	202510	2025	2025.7671	AFG	AFGHANISTAN	AFG								GBR	UNITED KINGDOM	GBR								1	138	138	13	3	-7.0	6	1	6	-4.11985018726591	1	Afghanistan	AF	AF		33	66	AF	1	United Kingdom	UK	UK		54	-4	UK	1	United Kingdom	UK	UK		54	-4	UK	20251010164500	https://indianexpress.com/article/world/afghan-man-ak-47-face-tattoo-guilty-of-threatening-to-kill-nigel-farage-10299789/
1267917376	20251010	202510	2025	2025.7671	AFG	AFGHANISTAN	AFG								GBR	UNITED KINGDOM	GBR								1	173	173	17	4	-5.0	10	1	10	-4.11985018726591	1	Afghanistan	AF	AF		33	66	AF	1	United Kingdom	UK	UK		54	-4	UK	1	Afghanistan	AF	AF		33	66	AF	20251010164500	https://indianexpress.com/article/world/afghan-man-ak-47-face-tattoo-guilty-of-threatening-to-kill-nigel-farage-10299789/
1267917377	20251010	202510	2025	2025.7671	AFG	KABUL	AFG								GOV	EMBASSY						GOV			0	040	040	04	1	1.0	8	1	8	-0.37174721189591	4	Kabul, Kabol, Afghanistan	AF	AF13	3580	34.5167	69.1833	-3378435	4	Kabul, Kabol, Afghanistan	AF	AF13	3580	34.5167	69.1833	-3378435	4	New Delhi, Delhi, India	IN	IN07	17911	28.6	77.2	-2106102	20251010164500	https://www.tribuneindia.com/news/india/afghan-soil-wont-be-allowed-for-carrying-out-activities-detrimental-to-india-foreign-minister-muttaqi/
1267917378	20251010	202510	2025	2025.7671	AFG	AFGHAN	AFG								PAK	PAKISTAN	PAK								1	042	042	04	1	1.9	5	1	5	0	4	Kabul, Kabol, Afghanistan	AF	AF13	3580	34.5167	69.1833	-3378435	4	Kabul, Kabol, Afghanistan	AF	AF13	3580	34.5167	69.1833	-3378435	4	Kabul, Kabol, Afghanistan	AF	AF13	3580	34.5167	69.1833	-3378435	20251010164500	https://www.freepressjournal.in/world/courage-of-afghans-should-not-be-tested-talibans-foreign-minister-amir-khan-muttaqi-issues-stern-warning-to-pakistan-in-india
1267917379	20251010	202510	2025	2025.7671	AFG	AFGHANISTAN	AFG								USAGOVDEV	USAID	USA					GOV	DEV		1	051	051	05	1	3.4	2	1	2	-0.94339622641509	1	United Arab Emirates	AE	AE		24	54	AE	1	United States	US	US		39.828175	-98.5795	US	1	United States	US	US		39.828175	-98.5795	US	20251010164500	https://www.penbaypilot.com:443/article/midcoast-local-reflects-three-years-living-middle-east/263395
1267917380	20251010	202510	2025	2025.7671	AFG	AFGHANISTAN	AFG								USAGOVDEV	USAID	USA					GOV	DEV		1	051	051	05	1	3.4	6	1	6	-0.94339622641509	1	Afghanistan	AF	AF		33	66	AF	1	Ukraine	UP	UP		49	32	UP	1	Ukraine	UP	UP		49	32	UP	20251010164500	https://www.penbaypilot.com:443/article/midcoast-local-reflects-three-years-living-middle-east/263395
1267917381	20251010	202510	2025	2025.7671	AFG	AFGHANISTAN	AFG								USAGOVDEV	USAID	USA					GOV	DEV		1	051	051	05	1	3.4	2	1	2	-0.94339622641509	1	Sudan	SU	SU		16	30	SU	1	Ukraine	UP	UP		49	32	UP	1	Ukraine	UP	UP		49	32	UP	20251010164500	https://www.penbaypilot.com:443/article/midcoast-local-reflects-three-years-living-middle-east/263395
1267917382	20251010	202510	2025	2025.7671	AFGGOV	AFGHANISTAN	AFG					GOV													0	0874	087	08	2	10.0	2	1	2	-2.98850574712644	4	Kabul, Kabol, Afghanistan	AF	AF13	3580	34.5167	69.1833	-3378435	0								4	Kabul, Kabol, Afghanistan	AF	AF13	3580	34.5167	69.1833	-3378435	20251010164500	https://www.pakistantoday.com.pk/2025/10/10/bombing-kabul/
1267917383	20251010	202510	2025	2025.7671	AFGGOV	AFGHANISTAN	AFG					GOV			AFGINSTALGOV	TALIBAN	AFG	TAL				INS	GOV		0	051	051	05	1	3.4	5	1	5	-2.98850574712644	4	Kabul, Kabol, Afghanistan	AF	AF13	3580	34.5167	69.1833	-3378435	4	Kabul, Kabol, Afghanistan	AF	AF13	3580	34.5167	69.1833	-3378435	4	Kabul, Kabol, Afghanistan	AF	AF13	3580	34.5167	69.1833	-3378435	20251010164500	https://www.pakistantoday.com.pk/2025/10/10/bombing-kabul/
1267917384	20251010	202510	2025	2025.7671	AFGINSTALGOV	TALIBAN	AFG	TAL				INS	GOV		AFG	AFGHANISTAN	AFG								1	036	036	03	1	4.0	2	1	2	-0.37174721189591	4	New Delhi, Delhi, India	IN	IN07	17911	28.6	77.2	-2106102	4	Kabul, Kabol, Afghanistan	AF	AF13	3580	34.5167	69.1833	-3378435	4	New Delhi, Delhi, India	IN	IN07	17911	28.6	77.2	-2106102	20251010164500	https://www.tribuneindia.com/news/india/afghan-soil-wont-be-allowed-for-carrying-out-activities-detrimental-to-india-foreign-minister-muttaqi/
1267917385	20251010	202510	2025	2025.7671	AFGINSTALGOV	TALIBAN	AFG	TAL				INS	GOV		GOV	DIPLOMAT						GOV			0	050	050	05	1	3.5	5	1	5	-0.37174721189591	4	Kabul, Kabol, Afghanistan	AF	AF13	3580	34.5167	69.1833	-3378435	4	Kabul, Kabol, Afghanistan	AF	AF13	3580	34.5167	69.1833	-3378435	4	Kabul, Kabol, Afghanistan	AF	AF13	3580	34.5167	69.1833	-3378435	20251010164500	https://www.tribuneindia.com/news/india/afghan-soil-wont-be-allowed-for-carrying-out-activities-detrimental-to-india-foreign-minister-muttaqi/
1267917386	20251010	202510	2025	2025.7671	AFGINSTALMIL	TALIBAN	AFG	TAL				INS	MIL		AFG	KANDAHAR	AFG								1	042	042	04	1	1.9	8	1	8	-2.22222222222222	1	India	IN	IN		20	77	IN	4	Takhta Pul, Kandahar, Afghanistan	AF	AF23	3596	31.3206	65.9611	-3394399	1	Pakistan	PK	PK		30	70	PK	20251010164500	https://www.cnbctv18.com/world/pakistan-targeting-tehreek-i-taliban-ttp-in-afghanistan-implications-for-india-cross-border-terrorism-explained-19710601.htm
1267917387	20251010	202510	2025	2025.7671	AFR	AFRICA	AFR																		0	010	010	01	1	0.0	10	1	10	3.11377245508982	4	Douala, Littoral, Cameroon	CM	CM05	18585	3.75528	9.94472	-3148347	0								4	Douala, Littoral, Cameroon	CM	CM05	18585	3.75528	9.94472	-3148347	20251010164500	https://www.kennesaw.edu/news/stories/2025/honors-student-builds-pathways-to-learning-in-cameroon.php
1267917388	20251010	202510	2025	2025.7671	AFR	AFRICA	AFR																		1	030	030	03	1	4.0	4	1	4	3.1055900621118	5	Gauteng, Gauteng, South Africa	SF	SF06	77346	-26.0833	28.25	204226	0								5	Gauteng, Gauteng, South Africa	SF	SF06	77346	-26.0833	28.25	204226	20251010164500	http://www.businessghana.com/site/news/general/336034/Port-of-Gauteng-Initiative:-A-View-from-the-Road-freight-Association-in-the-Drive-to-Achieving...
1267917389	20251010	202510	2025	2025.7671	AFR	AFRICA	AFR																		1	042	042	04	1	1.9	10	1	10	-3.91566265060241	1	France	FR	FR		46	2	FR	0								1	France	FR	FR		46	2	FR	20251010164500	https://www.yahoo.com/news/articles/dangers-african-leaders-clinging-power-090038162.html
1267917390	20251010	202510	2025	2025.7671	AFR	AFRICA	AFR								GOVEDU	MINIST OF EDUCATION						GOV	EDU		1	046	046	04	1	7.0	10	1	10	9.5940959409594	1	Rwanda	RW	RW		-2	30	RW	1	Rwanda	RW	RW		-2	30	RW	1	Rwanda	RW	RW		-2	30	RW	20251010164500	http://www.rnanews.com/minister-nsengimana-reaffirms-rwandas-commitment-to-science-and-innovation-at-aims-graduation/
1267917391	20251010	202510	2025	2025.7671	AFR	AFRICA	AFR								NOR	NORWEGIAN	NOR								1	046	046	04	1	7.0	4	1	4	7.84313725490196	1	Norway	NO	NO		62	10	NO	1	Norway	NO	NO		62	10	NO	1	Norway	NO	NO		62	10	NO	20251010164500	http://www.bignewsnetwork.com/news/278628936/shakhboot-bin-nahyan-discusses-strengthening-cooperation-in-africa-with-norwegian-special-envoy-to-horn-of-africa
1267917392	20251010	202510	2025	2025.7671	AFR	AFRICA	AFR								NOR	NORWEGIAN	NOR								1	050	050	05	1	3.5	4	1	4	7.84313725490196	1	Norway	NO	NO		62	10	NO	1	Norway	NO	NO		62	10	NO	1	Norway	NO	NO		62	10	NO	20251010164500	http://www.bignewsnetwork.com/news/278628936/shakhboot-bin-nahyan-discusses-strengthening-cooperation-in-africa-with-norwegian-special-envoy-to-horn-of-africa
1267917393	20251010	202510	2025	2025.7671	AFR	AFRICA	AFR								SSD	SOUTH SUDAN	SSD								1	042	042	04	1	1.9	4	1	4	0.6872852233677	1	South Africa	SF	SF		-30	26	SF	1	South Africa	SF	SF		-30	26	SF	1	South Africa	SF	SF		-30	26	SF	20251010164500	https://www.radiotamazuj.org/en/news/article/south-african-dp-machatile-concludes-talks-in-south-sudan-on-peace-process
1267917394	20251010	202510	2025	2025.7671	AGR	FISHER						AGR			GOV	GOVERNANCE						GOV			0	114	114	11	3	-2.0	10	1	10	-1.58910329171396	4	Gumti, Rangpur, Bangladesh	BG	BG87	70295	26.3107	88.4764	10828484	4	Gumti, Rangpur, Bangladesh	BG	BG87	70295	26.3107	88.4764	10828484	4	Gumti, Rangpur, Bangladesh	BG	BG87	70295	26.3107	88.4764	10828484	20251010164500	https://www.indiawaterportal.org/people-and-culture/migration/dumboor-lake-when-fields-sank-and-farmers-became-fishers-in-tripura
1267917395	20251010	202510	2025	2025.7671	ARE	DUBAI	ARE																		1	043	043	04	1	2.8	1	1	1	-9.81735159817347	4	Buldhana, Maharashtra, India	IN	IN16	70182	20.5833	76.4167	-2092396	0								4	Bombay, Maharashtra, India	IN	IN16	70184	18.975	72.8258	-2092174	20251010164500	https://www.freepressjournal.in/mumbai/bombay-hc-dismisses-nawazuddin-siddiquis-100-crore-defamation-suit-against-brother-estranged-wife
1267917396	20251010	202510	2025	2025.7671	ARE	DUBAI	ARE																		1	043	043	04	1	2.8	4	1	4	-9.81735159817347	4	Dubai, Dubayy, United Arab Emirates	AE	AE03	28575	25.2522	55.28	-782831	0								4	Buldhana, Maharashtra, India	IN	IN16	70182	20.5833	76.4167	-2092396	20251010164500	https://www.freepressjournal.in/mumbai/bombay-hc-dismisses-nawazuddin-siddiquis-100-crore-defamation-suit-against-brother-estranged-wife
1267917397	20251010	202510	2025	2025.7671	ARE	EMIRATI	ARE																		1	046	046	04	1	7.0	5	1	5	5.89430894308943	1	Colombia	CO	CO		4	-72	CO	0								1	Colombia	CO	CO		4	-72	CO	20251010164500	https://www.timeout.com/news/the-20-happiest-cities-in-the-world-in-2025-according-to-locals-101025
1267917398	20251010	202510	2025	2025.7671	ARE	UNITED ARAB EMIRATES	ARE								IGOUNO	UNITED NATIONS		UNO				IGO			1	040	040	04	1	1.0	10	1	10	-5.62770562770563	1	United Arab Emirates	AE	AE		24	54	AE	4	Vienna, Wien, Austria	AU	AU09	5672	48.2	16.3667	-1995499	1	United Arab Emirates	AE	AE		24	54	AE	20251010164500	http://www.iraqsun.com/news/278628853/uae-participates-in-15th-meeting-of-working-group-on-trafficking-in-persons-in-vienna
1267917399	20251010	202510	2025	2025.7671	ARG	ARGENTINA	ARG																		1	051	051	05	1	3.4	1	1	1	-2.38095238095238	1	France	FR	FR		46	2	FR	0								1	France	FR	FR		46	2	FR	20251010164500	https://www.firstshowing.net/2025/new-us-trailer-for-plastic-guns-a-funky-french-crime-comedy-film/
1267917400	20251010	202510	2025	2025.7671	ARG	ARGENTINA	ARG								FRA	FRANCE	FRA								1	051	051	05	1	3.4	4	1	4	-2.38095238095238	1	France	FR	FR		46	2	FR	1	France	FR	FR		46	2	FR	1	France	FR	FR		46	2	FR	20251010164500	https://www.firstshowing.net/2025/new-us-trailer-for-plastic-guns-a-funky-french-crime-comedy-film/
1267917401	20251010	202510	2025	2025.7671	AUS	VICTORIA	AUS																		1	010	010	01	1	0.0	3	1	3	0	4	London, London, City of, United Kingdom	UK	UKH9	40110	51.5	-0.116667	-2601889	0								4	London, London, City of, United Kingdom	UK	UKH9	40110	51.5	-0.116667	-2601889	20251010164500	https://www.geo.tv/latest/627975-victoria-beckham-explains-why-mel-bs-words-upset-her
1267917402	20251010	202510	2025	2025.7671	AUS	VICTORIA	AUS																		1	017	017	01	1	0.0	5	1	5	-3.40136054421769	0								0								0								20251010164500	https://www.southwalesguardian.co.uk/news/25532049.pontardawe-driver-pleads-guilty-killing-much-loved-woman/
1267917403	20251010	202510	2025	2025.7671	AUS	AUSTRALIAN	AUS																		1	020	020	02	1	3.0	6	1	6	2.36966824644549	1	Canada	CA	CA		60	-96	CA	0								1	Canada	CA	CA		60	-96	CA	20251010164500	https://tribune.com.pk/story/2571708/resilient-medvedev-cruised-into-shanghai-semifinal
1267917404	20251010	202510	2025	2025.7671	AUS	AUSTRALIA	AUS																		1	020	020	02	1	3.0	1	1	1	2.36966824644549	1	Russia	RS	RS		60	100	RS	0								1	Russia	RS	RS		60	100	RS	20251010164500	https://tribune.com.pk/story/2571708/resilient-medvedev-cruised-into-shanghai-semifinal
1267917405	20251010	202510	2025	2025.7671	AUS	AUSTRALIA	AUS																		1	040	040	04	1	1.0	2	1	2	0	4	Perth, Western Australia, Australia	AS	AS08	5533	-31.9333	115.833	-1594675	0								4	Perth, Western Australia, Australia	AS	AS08	5533	-31.9333	115.833	-1594675	20251010164500	https://www.f4wonline.com/podcasts/fight-game-podcast/fight-game-wwe-crown-jewel-perth-preview/
1267917406	20251010	202510	2025	2025.7671	AUS	AUSTRALIA	AUS																		1	090	090	09	2	-2.0	4	1	4	-2.12765957446808	1	New Zealand	NZ	NZ		-42	174	NZ	0								1	New Zealand	NZ	NZ		-42	174	NZ	20251010164500	https://www.odt.co.nz/news/dunedin/quest-find-two-relatives-after-decades
1267917407	20251010	202510	2025	2025.7671	AUS	VICTORIA	AUS																		1	111	111	11	3	-2.0	3	1	3	0	4	London, London, City of, United Kingdom	UK	UKH9	40110	51.5	-0.116667	-2601889	0								4	London, London, City of, United Kingdom	UK	UKH9	40110	51.5	-0.116667	-2601889	20251010164500	https://www.geo.tv/latest/627975-victoria-beckham-explains-why-mel-bs-words-upset-her
1267917408	20251010	202510	2025	2025.7671	AUS	AUSTRALIAN	AUS																		1	120	120	12	3	-4.0	2	1	2	-4.13223140495868	1	Australia	AS	AS		-25	135	AS	0								1	Australia	AS	AS		-25	135	AS	20251010164500	https://www.brokernews.com.au/news/breaking-news/business-turnover-falls-2-2-as-nab-flags-better-outlook-288208.aspx
1267917409	20251010	202510	2025	2025.7671	AUS	VICTORIA	AUS								GBR	UNITED KINGDOM	GBR								1	111	111	11	3	-2.0	1	1	1	0	4	London, London, City of, United Kingdom	UK	UKH9	40110	51.5	-0.116667	-2601889	4	London, London, City of, United Kingdom	UK	UKH9	40110	51.5	-0.116667	-2601889	4	London, London, City of, United Kingdom	UK	UKH9	40110	51.5	-0.116667	-2601889	20251010164500	https://www.geo.tv/latest/627975-victoria-beckham-explains-why-mel-bs-words-upset-her
1267917410	20251010	202510	2025	2025.7671	AUS	AUSTRALIA	AUS								GOVMIL	DEFENCE MINIST						GOV	MIL		1	036	036	03	1	4.0	5	1	5	4.94791666666667	4	Kuttabul, Queensland, Australia	AS	AS04	154701	-21.0333	148.9	-1582562	4	Kuttabul, Queensland, Australia	AS	AS04	154701	-21.0333	148.9	-1582562	4	Kuttabul, Queensland, Australia	AS	AS04	154701	-21.0333	148.9	-1582562	20251010164500	https://idrw.org/rajnath-singh-visits-strategic-australian-naval-facility-hmas-kuttabul/
1267917411	20251010	202510	2025	2025.7671	AUS	AUSTRALIA	AUS								GOVMIL	DEFENCE MINIST						GOV	MIL		1	043	043	04	1	2.8	5	1	5	4.94791666666667	4	Kuttabul, Queensland, Australia	AS	AS04	154701	-21.0333	148.9	-1582562	4	Kuttabul, Queensland, Australia	AS	AS04	154701	-21.0333	148.9	-1582562	4	Kuttabul, Queensland, Australia	AS	AS04	154701	-21.0333	148.9	-1582562	20251010164500	https://idrw.org/rajnath-singh-visits-strategic-australian-naval-facility-hmas-kuttabul/
1267917412	20251010	202510	2025	2025.7671	AUS	AUSTRALIA	AUS								NZL	NEW ZEALAND	NZL								1	042	042	04	1	1.9	2	1	2	-2.12765957446808	4	Dover, Tasmania, Australia	AS	AS06	5340	-43.3142	147.015	-1570492	4	Dover, Tasmania, Australia	AS	AS06	5340	-43.3142	147.015	-1570492	4	Dover, Tasmania, Australia	AS	AS06	5340	-43.3142	147.015	-1570492	20251010164500	https://www.odt.co.nz/news/dunedin/quest-find-two-relatives-after-decades
1267917413	20251010	202510	2025	2025.7671	AUS	AUSTRALIA	AUS								NZL	NEW ZEALAND	NZL								1	042	042	04	1	1.9	2	1	2	-2.12765957446808	4	Dover, Tasmania, Australia	AS	AS06	5340	-43.3142	147.015	-1570492	1	New Zealand	NZ	NZ		-42	174	NZ	1	Fiji	FJ	FJ		-18	178	FJ	20251010164500	https://www.odt.co.nz/news/dunedin/quest-find-two-relatives-after-decades
1267917414	20251010	202510	2025	2025.7671	AUS	AUSTRALIA	AUS								NZL	NEW ZEALAND	NZL								1	042	042	04	1	1.9	4	1	4	-2.12765957446808	4	Dover, Tasmania, Australia	AS	AS06	5340	-43.3142	147.015	-1570492	1	New Zealand	NZ	NZ		-42	174	NZ	1	New Zealand	NZ	NZ		-42	174	NZ	20251010164500	https://www.odt.co.nz/news/dunedin/quest-find-two-relatives-after-decades
1267917415	20251010	202510	2025	2025.7671	AZE	AZERBAIJANI	AZE								ISR	ISRAEL	ISR								1	051	051	05	1	3.4	4	1	4	3.84615384615384	1	United States	US	US		39.828175	-98.5795	US	1	United States	US	US		39.828175	-98.5795	US	1	United States	US	US		39.828175	-98.5795	US	20251010164500	https://www.trend.az/azerbaijan/politics/4102401.html
1267917416	20251010	202510	2025	2025.7671	AZE	AZERBAIJANI	AZE								PSE	GAZA	PSE								1	051	051	05	1	3.4	1	1	1	3.84615384615384	1	United States	US	US		39.828175	-98.5795	US	1	United States	US	US		39.828175	-98.5795	US	1	United States	US	US		39.828175	-98.5795	US	20251010164500	https://www.trend.az/azerbaijan/politics/4102401.html
1267917417	20251010	202510	2025	2025.7671	AZE	AZERBAIJAN	AZE								RUS	RUSSIA	RUS								0	071	071	07	2	7.4	8	1	8	1.72811059907835	1	Azerbaijan	AJ	AJ		40.5	47.5	AJ	4	Moscow, Moskva, Russia	RS	RS48	25106	55.7522	37.6156	-2960561	4	Moscow, Moskva, Russia	RS	RS48	25106	55.7522	37.6156	-2960561	20251010164500	https://tass.com/politics/2028143
1267917418	20251010	202510	2025	2025.7671	AZE	AZERBAIJAN	AZE								RUS	RUSSIA	RUS								0	071	071	07	2	7.4	2	1	2	1.72811059907835	1	Azerbaijan	AJ	AJ		40.5	47.5	AJ	1	Azerbaijan	AJ	AJ		40.5	47.5	AJ	1	Azerbaijan	AJ	AJ		40.5	47.5	AJ	20251010164500	https://tass.com/politics/2028143
1267917419	20251010	202510	2025	2025.7671	BEL	BELGIUM	BEL								EST	ESTONIA	EST								0	057	057	05	1	8.0	3	1	3	-1.80305131761443	1	Denmark	DA	DA		56	10	DA	1	Denmark	DA	DA		56	10	DA	1	Denmark	DA	DA		56	10	DA	20251010164500	https://www.channelstv.com/2025/10/10/eu-grills-apple-snapchat-youtube-over-risks-to-children/
1267917420	20251010	202510	2025	2025.7671	BEL	BELGIUM	BEL								GOV	SOVEREIGN						GOV			0	111	111	11	3	-2.0	8	1	8	-5.41237113402061	1	Belgium	BE	BE		50.833333	4	BE	4	Moscow, Moskva, Russia	RS	RS48	25106	55.7522	37.6156	-2960561	4	Moscow, Moskva, Russia	RS	RS48	25106	55.7522	37.6156	-2960561	20251010164500	http://www.heraldglobe.com/news/278628850/eu-could-fail-to-strike-deal-on-frozen-russian-assets-media
1267917421	20251010	202510	2025	2025.7671	BEL	BRUSSELS	BEL								MNCUSAMED	GOOGLE	USA					MNC	MED		0	020	020	02	1	3.0	1	1	1	-1.80305131761443	1	Denmark	DA	DA		56	10	DA	1	Denmark	DA	DA		56	10	DA	1	France	FR	FR		46	2	FR	20251010164500	https://www.channelstv.com/2025/10/10/eu-grills-apple-snapchat-youtube-over-risks-to-children/
1267917422	20251010	202510	2025	2025.7671	BEL	BRUSSELS	BEL								MNCUSAMED	GOOGLE	USA					MNC	MED		0	020	020	02	1	3.0	1	1	1	-1.80305131761443	1	Denmark	DA	DA		56	10	DA	1	France	FR	FR		46	2	FR	1	France	FR	FR		46	2	FR	20251010164500	https://www.channelstv.com/2025/10/10/eu-grills-apple-snapchat-youtube-over-risks-to-children/
1267917423	20251010	202510	2025	2025.7671	BEL	BRUSSELS	BEL								RUS	MOSCOW	RUS								0	161	161	16	4	-4.0	6	1	6	-6.51041666666666	4	Brussels, Bruxelles-Capitale, Belgium	BE	BE11	5850	50.8333	4.33333	-1955538	4	Moscow, Moskva, Russia	RS	RS48	25106	55.7522	37.6156	-2960561	4	Belgrade, Serbia (general),	RB	RB00	47629	44.8186	20.4681	-74897	20251010164500	http://www.bignewsnetwork.com/news/278628875/us-sanctions-serbian-oil-major-over-russia-ties
1267917424	20251010	202510	2025	2025.7671	BEL	BRUSSELS	BEL								RUS	MOSCOW	RUS								0	161	161	16	4	-4.0	2	1	2	-6.51041666666666	4	Pancevo, , Serbia	RI	RI00	47629	44.8708	20.6403	-91405	3	Washington, District of Columbia, United States	US	USDC	DC001	38.8951	-77.0364	531871	1	Ukraine	UP	UP		49	32	UP	20251010164500	http://www.bignewsnetwork.com/news/278628875/us-sanctions-serbian-oil-major-over-russia-ties
1267917425	20251010	202510	2025	2025.7671	BEL	BELGIUM	BEL								RUS	RUSSIA	RUS								0	161	161	16	4	-4.0	2	1	2	-6.51041666666666	1	Ukraine	UP	UP		49	32	UP	4	Moscow, Moskva, Russia	RS	RS48	25106	55.7522	37.6156	-2960561	4	Belgrade, Serbia (general),	RB	RB00	47629	44.8186	20.4681	-74897	20251010164500	http://www.bignewsnetwork.com/news/278628875/us-sanctions-serbian-oil-major-over-russia-ties
1267917426	20251010	202510	2025	2025.7671	BFA	BURKINA FASO	BFA								GOV	GOVERNMENT						GOV			0	010	010	01	1	0.0	4	1	4	-5.01672240802676	1	Burkina Faso	UV	UV		13	-2	UV	1	Burkina Faso	UV	UV		13	-2	UV	1	Burkina Faso	UV	UV		13	-2	UV	20251010164500	http://www.businessghana.com/site/news/politics/336026/Burkina-Faso-junta-detains-NGO-workers-for-
1267917427	20251010	202510	2025	2025.7671	BGD	BANGLADESH	BGD																		1	051	051	05	1	3.4	4	1	4	-1.58910329171396	5	Tripura, Tripura, India	IN	IN26	70256	24	92	-2113451	0								5	Tripura, Tripura, India	IN	IN26	70256	24	92	-2113451	20251010164500	https://www.indiawaterportal.org/people-and-culture/migration/dumboor-lake-when-fields-sank-and-farmers-became-fishers-in-tripura
1267917428	20251010	202510	2025	2025.7671	BGD	BANGLADESH	BGD																		0	051	051	05	1	3.4	12	1	8	-1.58910329171396	4	Gumti, Rangpur, Bangladesh	BG	BG87	70295	26.3107	88.4764	10828484	0								4	Gumti, Rangpur, Bangladesh	BG	BG87	70295	26.3107	88.4764	10828484	20251010164500	https://www.indiawaterportal.org/people-and-culture/migration/dumboor-lake-when-fields-sank-and-farmers-became-fishers-in-tripura
1267917429	20251010	202510	2025	2025.7671	BGD	BANGLADESH	BGD								CHN	CHINESE	CHN								1	036	036	03	1	4.0	10	1	10	-0.78585461689588	1	Russia	RS	RS		60	100	RS	1	Russia	RS	RS		60	100	RS	1	Russia	RS	RS		60	100	RS	20251010164500	https://idrw.org/bangladesh-plans-to-buy-20-chinese-j-10ce-fighter-jets-in-2-2-billion-deal-report/
1267917430	20251010	202510	2025	2025.7671	BGD	BANGLADESH	BGD								HIN	HINDU				HIN					1	112	112	11	3	-2.0	2	1	2	-3.03867403314917	4	New Delhi, Delhi, India	IN	IN07	17911	28.6	77.2	-2106102	4	New Delhi, Delhi, India	IN	IN07	17911	28.6	77.2	-2106102	4	New Delhi, Delhi, India	IN	IN07	17911	28.6	77.2	-2106102	20251010164500	https://timesofindia.indiatimes.com/india/pakistani-hindus-have-rights-on-indian-soil-amit-shah-defends-sir-diffrentiates-between-infiltrators-and-refugees/articleshow/124458545.cms
1267917431	20251010	202510	2025	2025.7671	BGD	BANGLADESH	BGD								HIN	HINDU				HIN					1	112	112	11	3	-2.0	6	1	6	-3.03867403314917	1	Bangladesh	BG	BG		24	90	BG	1	Pakistan	PK	PK		30	70	PK	1	Pakistan	PK	PK		30	70	PK	20251010164500	https://timesofindia.indiatimes.com/india/pakistani-hindus-have-rights-on-indian-soil-amit-shah-defends-sir-diffrentiates-between-infiltrators-and-refugees/articleshow/124458545.cms
1267917432	20251010	202510	2025	2025.7671	BGD	BANGLADESH	BGD								HIN	HINDU				HIN					1	112	112	11	3	-2.0	2	1	2	-3.03867403314917	1	Pakistan	PK	PK		30	70	PK	1	Pakistan	PK	PK		30	70	PK	1	Pakistan	PK	PK		30	70	PK	20251010164500	https://timesofindia.indiatimes.com/india/pakistani-hindus-have-rights-on-indian-soil-amit-shah-defends-sir-diffrentiates-between-infiltrators-and-refugees/articleshow/124458545.cms
1267917433	20251010	202510	2025	2025.7671	BGD	BANGLADESH	BGD								IND	TRIPURA	IND								1	051	051	05	1	3.4	4	1	4	-1.58910329171396	5	Tripura, Tripura, India	IN	IN26	70256	24	92	-2113451	5	Tripura, Tripura, India	IN	IN26	70256	24	92	-2113451	5	Tripura, Tripura, India	IN	IN26	70256	24	92	-2113451	20251010164500	https://www.indiawaterportal.org/people-and-culture/migration/dumboor-lake-when-fields-sank-and-farmers-became-fishers-in-tripura
1267917434	20251010	202510	2025	2025.7671	BGD	BANGLADESH	BGD								INDGOV	MAMATA BANERJEE	IND					GOV			1	111	111	11	3	-2.0	3	1	3	-6.68016194331984	1	Bangladesh	BG	BG		24	90	BG	1	Bangladesh	BG	BG		24	90	BG	1	Bangladesh	BG	BG		24	90	BG	20251010164500	https://news.webindia123.com/news/Articles/India/20251010/4371182.html
1267917435	20251010	202510	2025	2025.7671	BHSGOVDEV	MELANIE GRIFFIN	BHS					GOV	DEV		EDU	PROFESSOR						EDU			1	051	051	05	1	3.4	3	1	3	3.11377245508982	1	France	FR	FR		46	2	FR	1	France	FR	FR		46	2	FR	1	France	FR	FR		46	2	FR	20251010164500	https://www.kennesaw.edu/news/stories/2025/honors-student-builds-pathways-to-learning-in-cameroon.php
1267917436	20251010	202510	2025	2025.7671	BLZ	BELIZE	BLZ								GOV	GOVERNOR						GOV			1	042	042	04	1	1.9	2	1	2	4.12087912087913	4	Taipei, T'ai-pei, Taiwan	TW	TW03	13277	25.0478	121.532	-2637882	4	Taipei, T'ai-pei, Taiwan	TW	TW03	13277	25.0478	121.532	-2637882	4	Taipei, T'ai-pei, Taiwan	TW	TW03	13277	25.0478	121.532	-2637882	20251010164500	https://focustaiwan.tw:443/politics/202510100018
1267917437	20251010	202510	2025	2025.7671	BLZ	BELIZE	BLZ								GOV	GOVERNOR						GOV			1	042	042	04	1	1.9	14	1	14	4.12087912087913	1	Sweden	SW	SW		62	15	SW	1	Sweden	SW	SW		62	15	SW	1	Sweden	SW	SW		62	15	SW	20251010164500	https://focustaiwan.tw:443/politics/202510100018
1267917438	20251010	202510	2025	2025.7671	BRA	SAO PAULO	BRA								BUS	BUSINESS						BUS			1	043	043	04	1	2.8	10	1	10	-4.46009389671361	4	Sao Paulo, SãPaulo, Brazil	BR	BR27	11543	-23.5333	-46.6167	-671824	4	Sao Paulo, SãPaulo, Brazil	BR	BR27	11543	-23.5333	-46.6167	-671824	4	Sao Paulo, SãPaulo, Brazil	BR	BR27	11543	-23.5333	-46.6167	-671824	20251010164500	https://www.hindustantimes.com/trending/chinese-businessman-survives-gun-robbery-in-brazil-finds-bullet-lodged-in-his-laptop-101760112458963.html
1267917439	20251010	202510	2025	2025.7671	BUS	COMPANY						BUS													1	010	010	01	1	0.0	4	1	4	-0.39193729003359	4	Blackrock, Jersey (general), Jersey	JE	JE00	40270	49.2556	-2.2525	237431	0								4	Blackrock, Jersey (general), Jersey	JE	JE00	40270	49.2556	-2.2525	237431	20251010164500	https://www.finanznachrichten.de/nachrichten-2025-10/66669213-sequana-medical-nv-transparency-notification-from-shareholder-399.htm
1267917440	20251010	202510	2025	2025.7671	BUS	COMPANIES						BUS													0	010	010	01	1	0.0	10	1	10	0	1	Bahrain	BA	BA		26	50.5	BA	0								1	Bahrain	BA	BA		26	50.5	BA	20251010164500	https://www.newsbtc.com/xrp-news/is-the-xrp-bottom-in-sellers-exhausted/
1267917441	20251010	202510	2025	2025.7671	BUS	INVESTOR						BUS													0	012	012	01	1	-0.4	10	1	10	0	1	Bahrain	BA	BA		26	50.5	BA	0								1	Bahrain	BA	BA		26	50.5	BA	20251010164500	https://www.newsbtc.com/xrp-news/is-the-xrp-bottom-in-sellers-exhausted/
1267917442	20251010	202510	2025	2025.7671	BUS	MANUFACTURER						BUS													0	020	020	02	1	3.0	10	1	10	2.67314702308627	4	Toronto, Ontario, Canada	CA	CA08	12686	43.6667	-79.4167	-574890	0								4	Toronto, Ontario, Canada	CA	CA08	12686	43.6667	-79.4167	-574890	20251010164500	https://www.mromagazine.com/features/adm-toronto-2025-keynotes-and-conference-tracks-offer-a-roadmap-for-the-future-of-canadian-design-and-manufacturing/
1267917443	20251010	202510	2025	2025.7671	BUS	BUSINESS						BUS													1	030	030	03	1	4.0	10	1	10	-1.97740112994351	2	Texas, United States	US	USTX		31.106	-97.6475	TX	0								2	Texas, United States	US	USTX		31.106	-97.6475	TX	20251010164500	https://natlawreview.com/article/texas-exempts-consent-based-text-marketing-sb-140
1267917444	20251010	202510	2025	2025.7671	BUS	LANDLORD						BUS													1	035	035	03	1	7.0	10	1	10	-4.7008547008547	2	Colorado, United States	US	USCO		39.0646	-105.327	CO	0								2	Colorado, United States	US	USCO		39.0646	-105.327	CO	20251010164500	https://therealdeal.com/data/national/2025/supply-glut-drags-down-u-s-multifamily-market/
1267917445	20251010	202510	2025	2025.7671	BUS	COMPANY						BUS													1	043	043	04	1	2.8	5	1	5	4.20353982300885	4	Kasol, Himachal Pradesh, India	IN	IN11	17673	32.0167	77.3167	-2100000	0								4	Kasol, Himachal Pradesh, India	IN	IN11	17673	32.0167	77.3167	-2100000	20251010164500	https://travelbizmonitor.com/top-stories/the-hostel-co-redefines-budget-travel-in-india/
1267917446	20251010	202510	2025	2025.7671	BUS	COMPANY						BUS													1	046	046	04	1	7.0	10	1	10	1.84696569920844	4	Bengaluru, Karnataka, India	IN	IN19	70159	12.9833	77.5833	-2090174	0								4	Bengaluru, Karnataka, India	IN	IN19	70159	12.9833	77.5833	-2090174	20251010164500	https://www.tribuneindia.com/news/india/kitchen-mogul-tt-jagannathan-visionary-behind-ttk-prestige-dies-at-77/
1267917447	20251010	202510	2025	2025.7671	BUS	INVESTOR						BUS													1	080	080	08	2	5.0	5	1	5	0.68027210884354	4	London, London, City of, United Kingdom	UK	UKH9	40110	51.5	-0.116667	-2601889	0								4	London, London, City of, United Kingdom	UK	UKH9	40110	51.5	-0.116667	-2601889	20251010164500	https://www.fool.co.uk/2025/10/10/how-much-money-do-i-to-put-into-need-in-an-isa-for-1000-in-passive-income-each-month/
1267917448	20251010	202510	2025	2025.7671	BUS	INVESTOR						BUS													1	090	090	09	2	-2.0	10	1	10	1.57068062827225	1	Colombia	CO	CO		4	-72	CO	0								1	Colombia	CO	CO		4	-72	CO	20251010164500	https://finance.yahoo.com/news/stock-turned-10-000-10-110600745.html
1267917449	20251010	202510	2025	2025.7671	BUS	TRADER						BUS													1	114	114	11	3	-2.0	10	1	10	-6.63176265270506	1	Iran	IR	IR		32	53	IR	0								1	Iran	IR	IR		32	53	IR	20251010164500	https://tribune.com.pk/story/2571707/sindh-home-minister-confirms-lyari-gang-ringleaders-operating-from-iran
1267917450	20251010	202510	2025	2025.7671	BUS	EMPLOYER						BUS													0	120	120	12	3	-4.0	10	1	10	-7.93650793650793	3	City Of Minneapolis, Minnesota, United States	US	USMN	MN053	44.9625	-93.2673	2395345	0								3	City Of Minneapolis, Minnesota, United States	US	USMN		44.9625	-93.2673	2395345	20251010164500	https://www.workerscompensation.com/daily-headlines/could-officer-with-ptsd-capture-extra-30-penalty-from-employer/
1267917451	20251010	202510	2025	2025.7671	BUS	INDUSTRY						BUS													0	141	141	14	3	-6.5	3	1	3	-7.00152207001522	4	Glastonbury, Somerset, United Kingdom	UK	UKM3	40129	51.1467	-2.71444	-2597059	0								4	Glastonbury, Somerset, United Kingdom	UK	UKM3	40129	51.1467	-2.71444	-2597059	20251010164500	https://www.ibtimes.co.uk/british-dj-linked-jay-z-diddy-faces-disturbing-sex-assault-charges-1747323
1267917452	20251010	202510	2025	2025.7671	BUS	MANUFACTURER						BUS													0	172	172	17	4	-5.0	2	1	2	3.34507042253521	4	Nyeri, Central, Kenya	KE	KE01	18585	-0.420132	36.9476	-2260131	0								4	Nyeri, Central, Kenya	KE	KE01	18585	-0.420132	36.9476	-2260131	20251010164500	https://www.legit.ng/world/africa/1678032-catholic-kenya-declares-immediate-change-altar-wine-a-favourite-drink-bars/
1267917453	20251010	202510	2025	2025.7671	BUS	COMPANIES						BUS			CHN	CHINA	CHN								1	040	040	04	1	1.0	10	1	10	6.54761904761904	1	United States	US	US		39.828175	-98.5795	US	4	Beijing, Beijing, China	CH	CH22	13001	39.9289	116.388	-1898541	4	Beijing, Beijing, China	CH	CH22	13001	39.9289	116.388	-1898541	20251010164500	http://www.bignewsnetwork.com/news/278628934/chinese-vice-premier-encourages-multinationals-to-expand-investment-in-china
1267917454	20251010	202510	2025	2025.7671	BUS	BUSINESS						BUS			COP	DETECTIVE						COP			0	040	040	04	1	1.0	10	1	10	-6.77777777777777	2	New Hampshire, United States	US	USNH		43.4108	-71.5653	NH	2	New Hampshire, United States	US	USNH		43.4108	-71.5653	NH	2	New Hampshire, United States	US	USNH		43.4108	-71.5653	NH	20251010164500	https://patch.com/new-hampshire/concord-nh/homeless-man-concord-arrested-strangulation-assault-charges-after-incident
1267917455	20251010	202510	2025	2025.7671	BUS	BUSINESS						BUS			CVL	COMMUNITY						CVL			0	0311	031	03	1	5.2	10	1	10	5.52845528455285	0								0								0								20251010164500	https://qns.com/2025/10/fourleaf-opening-new-bay-terrace-branch/
1267917456	20251010	202510	2025	2025.7671	BUS	PRODUCER						BUS			FRA	FRANCE	FRA								0	043	043	04	1	2.8	2	1	2	0.47021943573668	4	Paris, France (general), France	FR	FR00	16282	48.8667	2.33333	-1456928	4	Paris, France (general), France	FR	FR00	16282	48.8667	2.33333	-1456928	4	Paris, France (general), France	FR	FR00	16282	48.8667	2.33333	-1456928	20251010164500	https://variety.com/2025/film/global/former-cannes-president-pierre-lescure-emily-paris-studios-1236542939/
1267917457	20251010	202510	2025	2025.7671	BUS	BUSINESS						BUS			GHAEDU	GHANA	GHA					EDU			1	010	010	01	1	0.0	3	1	3	3.57142857142857	4	Kumasi, Ashanti, Ghana	GH	GH02	190720	6.68333	-1.61667	-2075172	4	Kumasi, Ashanti, Ghana	GH	GH02	190720	6.68333	-1.61667	-2075172	4	Kumasi, Ashanti, Ghana	GH	GH02	190720	6.68333	-1.61667	-2075172	20251010164500	https://www.ghanaweb.com/GhanaHomePage/NewsArchive/Meet-Paul-Chen-Chinese-national-called-to-the-Ghana-Bar-in-2025-2004564
1267917458	20251010	202510	2025	2025.7671	BUS	BUSINESS						BUS			GHAEDU	GHANA	GHA					EDU			1	010	010	01	1	0.0	1	1	1	3.57142857142857	1	China	CH	CH		35	105	CH	4	Kumasi, Ashanti, Ghana	GH	GH02	190720	6.68333	-1.61667	-2075172	1	China	CH	CH		35	105	CH	20251010164500	https://www.ghanaweb.com/GhanaHomePage/NewsArchive/Meet-Paul-Chen-Chinese-national-called-to-the-Ghana-Bar-in-2025-2004564
1267917459	20251010	202510	2025	2025.7671	BUS	BUSINESS						BUS			GHAEDU	GHANA	GHA					EDU			1	010	010	01	1	0.0	1	1	1	3.57142857142857	1	China	CH	CH		35	105	CH	1	China	CH	CH		35	105	CH	1	China	CH	CH		35	105	CH	20251010164500	https://www.ghanaweb.com/GhanaHomePage/NewsArchive/Meet-Paul-Chen-Chinese-national-called-to-the-Ghana-Bar-in-2025-2004564
1267917460	20251010	202510	2025	2025.7671	BUS	CORPORATION						BUS			GOV	CHIEF MINISTER						GOV			1	043	043	04	1	2.8	7	1	7	-4.11585365853658	4	Haridwar, Uttaranchal, India	IN	IN39	70284	29.9667	78.1667	-2097190	5	Uttarakhand, Uttaranchal, India	IN	IN39	70282	30.25	79.25	6240779	4	Haridwar, Uttaranchal, India	IN	IN39	70284	29.9667	78.1667	-2097190	20251010164500	https://news.webindia123.com/news/Articles/India/20251010/4371180.html
1267917461	20251010	202510	2025	2025.7671	BUS	CORPORATION						BUS			GOV	CHIEF MINISTER						GOV			1	043	043	04	1	2.8	1	1	1	-4.11585365853658	4	Haridwar, Uttaranchal, India	IN	IN39	70284	29.9667	78.1667	-2097190	5	Uttarakhand, Uttaranchal, India	IN	IN39	70282	30.25	79.25	6240779	5	Uttarakhand, Uttaranchal, India	IN	IN39	70282	30.25	79.25	6240779	20251010164500	https://news.webindia123.com/news/Articles/India/20251010/4371180.html
1267917462	20251010	202510	2025	2025.7671	BUS	COMPANIES						BUS			HUN	HUNGARY	HUN								1	036	036	03	1	4.0	5	1	5	1.78571428571428	4	Budapest, Budapest, Hungary	HU	HU05	17514	47.5	19.0833	-850553	1	France	FR	FR		46	2	FR	4	Budapest, Budapest, Hungary	HU	HU05	17514	47.5	19.0833	-850553	20251010164500	https://hungarytoday.hu/french-pharmaceutical-giant-expands-budapest-service-center-creating-500-new-jobs/
1267917463	20251010	202510	2025	2025.7671	BUS	EMPLOYER						BUS			LAB	WORKER						LAB			1	114	114	11	3	-2.0	10	1	10	-7.93650793650793	2	Minnesota, United States	US	USMN		45.7326	-93.9196	MN	2	Minnesota, United States	US	USMN		45.7326	-93.9196	MN	2	Minnesota, United States	US	USMN		45.7326	-93.9196	MN	20251010164500	https://www.workerscompensation.com/daily-headlines/could-officer-with-ptsd-capture-extra-30-penalty-from-employer/
1267917464	20251010	202510	2025	2025.7671	BUS	EMPLOYER						BUS			LAB	WORKER						LAB			1	120	120	12	3	-4.0	10	1	10	-7.93650793650793	2	Minnesota, United States	US	USMN		45.7326	-93.9196	MN	2	Minnesota, United States	US	USMN		45.7326	-93.9196	MN	2	Minnesota, United States	US	USMN		45.7326	-93.9196	MN	20251010164500	https://www.workerscompensation.com/daily-headlines/could-officer-with-ptsd-capture-extra-30-penalty-from-employer/
1267917465	20251010	202510	2025	2025.7671	BUS	BUSINESS						BUS			MAR	MOROCCAN	MAR								0	042	042	04	1	1.9	5	1	5	5.83732057416268	4	Borgerhout, Region Flamande, Belgium	BE	BE13	40442	51.2206	4.43726	-1954932	4	Borgerhout, Region Flamande, Belgium	BE	BE13	40442	51.2206	4.43726	-1954932	4	Borgerhout, Region Flamande, Belgium	BE	BE13	40442	51.2206	4.43726	-1954932	20251010164500	https://www.timeout.com/news/i-live-in-antwerp-home-to-europes-coolest-neighbourhood-heres-why-borgerhout-deserves-that-title-101025
1267917466	20251010	202510	2025	2025.7671	BUS	COMPANY						BUS			NLD	THE NETHERLAND	NLD								1	010	010	01	1	0.0	10	1	10	3.25497287522604	1	Netherlands	NL	NL		52.5	5.75	NL	1	Netherlands	NL	NL		52.5	5.75	NL	1	Netherlands	NL	NL		52.5	5.75	NL	20251010164500	https://www.just-food.com/news/bol-foods-first-global-market/
1267917467	20251010	202510	2025	2025.7671	BUS	AIRLINE						BUS			RUS	RUSSIA	RUS								1	172	172	17	4	-5.0	2	1	2	-3.89221556886228	4	Beijing, Beijing, China	CH	CH22	13001	39.9289	116.388	-1898541	1	Russia	RS	RS		60	100	RS	1	Russia	RS	RS		60	100	RS	20251010164500	https://www.el-balad.com/6728859
1267917468	20251010	202510	2025	2025.7671	BUS	PRODUCER						BUS			USA	BOSTON	USA								1	046	046	04	1	7.0	5	1	5	-2.56410256410257	3	Boston, Massachusetts, United States	US	USMA	MA025	42.3584	-71.0598	617565	3	Boston, Massachusetts, United States	US	USMA	MA025	42.3584	-71.0598	617565	3	Boston, Massachusetts, United States	US	USMA	MA025	42.3584	-71.0598	617565	20251010164500	https://www.boston.com/weather/weather/2025/10/10/boston-ma-weather-coastal-storm-holiday-weekend/
1267917469	20251010	202510	2025	2025.7671	BUS	COMPANY						BUS			USA	THE US	USA								1	050	050	05	1	3.5	2	1	2	-6.51041666666666	4	Moscow, Moskva, Russia	RS	RS48	25106	55.7522	37.6156	-2960561	4	Moscow, Moskva, Russia	RS	RS48	25106	55.7522	37.6156	-2960561	4	Moscow, Moskva, Russia	RS	RS48	25106	55.7522	37.6156	-2960561	20251010164500	http://www.bignewsnetwork.com/news/278628875/us-sanctions-serbian-oil-major-over-russia-ties
1267917470	20251010	202510	2025	2025.7671	BUS	COMPANY						BUS			USA	THE US	USA								1	050	050	05	1	3.5	6	1	6	-6.51041666666666	3	Washington, District of Columbia, United States	US	USDC	DC001	38.8951	-77.0364	531871	4	Belgrade, Serbia (general),	RB	RB00	47629	44.8186	20.4681	-74897	4	Moscow, Moskva, Russia	RS	RS48	25106	55.7522	37.6156	-2960561	20251010164500	http://www.bignewsnetwork.com/news/278628875/us-sanctions-serbian-oil-major-over-russia-ties
1267917471	20251010	202510	2025	2025.7671	BUS	COMPANY						BUS			USA	THE US	USA								1	050	050	05	1	3.5	2	1	2	-6.51041666666666	3	Washington, District of Columbia, United States	US	USDC	DC001	38.8951	-77.0364	531871	4	Belgrade, Serbia (general),	RB	RB00	47629	44.8186	20.4681	-74897	4	Belgrade, Serbia (general),	RB	RB00	47629	44.8186	20.4681	-74897	20251010164500	http://www.bignewsnetwork.com/news/278628875/us-sanctions-serbian-oil-major-over-russia-ties
1267917472	20251010	202510	2025	2025.7671	BUS	INVESTOR						BUS			sco	SCOTTISH			sco						1	012	012	01	1	-0.4	10	1	10	-0.19880715705765	1	Taiwan	TW	TW		24	121	TW	1	Taiwan	TW	TW		24	121	TW	1	Taiwan	TW	TW		24	121	TW	20251010164500	https://www.fool.co.uk/2025/10/10/this-high-flying-ftse-100-growth-share-is-a-play-on-elon-musks-spacex-excited-worried/
1267917473	20251010	202510	2025	2025.7671	CAN	CANADA	CAN																		1	030	030	03	1	4.0	8	1	8	2.07197382769902	4	Muskoka, Ontario, Canada	CA	CA08	12667	45	-79.3	-569815	0								4	Muskoka, Ontario, Canada	CA	CA08	12667	45	-79.3	-569815	20251010164500	https://www.islands.com/1990055/lake-rosseau-ontario-canada-lake-tahoe-north-getaway-fishing-boating/
1267917474	20251010	202510	2025	2025.7671	CAN	CANADA	CAN																		0	030	030	03	1	4.0	2	1	2	-2.49728555917481	4	Ottawa, Ontario, Canada	CA	CA08	12755	45.4167	-75.7	-570760	0								4	Ottawa, Ontario, Canada	CA	CA08	12755	45.4167	-75.7	-570760	20251010164500	https://www.stcatharinesstandard.ca/thestar/business/canada-post-union-scales-back-national-strike-as-support-on-the-picket-lines-fades/article_2a5e3964-0cc8-5334-a713-063fc418319d.html
1267917475	20251010	202510	2025	2025.7671	CAN	CANADA	CAN																		0	040	040	04	1	1.0	2	1	2	-2.49728555917481	4	Ottawa, Ontario, Canada	CA	CA08	12755	45.4167	-75.7	-570760	0								4	Ottawa, Ontario, Canada	CA	CA08	12755	45.4167	-75.7	-570760	20251010164500	https://www.stcatharinesstandard.ca/thestar/business/canada-post-union-scales-back-national-strike-as-support-on-the-picket-lines-fades/article_2a5e3964-0cc8-5334-a713-063fc418319d.html
1267917476	20251010	202510	2025	2025.7671	CAN	CANADA	CAN																		1	042	042	04	1	1.9	6	1	6	2.07197382769902	4	Muskoka, Ontario, Canada	CA	CA08	12667	45	-79.3	-569815	0								4	Muskoka, Ontario, Canada	CA	CA08	12667	45	-79.3	-569815	20251010164500	https://www.islands.com/1990055/lake-rosseau-ontario-canada-lake-tahoe-north-getaway-fishing-boating/
1267917477	20251010	202510	2025	2025.7671	CAN	CANADA	CAN																		0	046	046	04	1	7.0	2	1	2	1.50537634408602	4	Ottawa, Ontario, Canada	CA	CA08	12755	45.4167	-75.7	-570760	0								4	Ottawa, Ontario, Canada	CA	CA08	12755	45.4167	-75.7	-570760	20251010164500	https://www.cbc.ca/news/canada/manitoba/kivalliq-hydro-fibre-link-nunavut-9.6931778
1267917478	20251010	202510	2025	2025.7671	CAN	CANADA	CAN																		0	071	071	07	2	7.4	3	1	3	3.59281437125748	4	Calgary, Alberta, Canada	CA	CA01	12549	51.0833	-114.083	-561990	0								4	Calgary, Alberta, Canada	CA	CA01	12549	51.0833	-114.083	-561990	20251010164500	https://betakit.com/bdc-capitals-cheri-corbett-joins-pender-ventures-as-partner/
1267917479	20251010	202510	2025	2025.7671	CAN	OTTAWA	CAN																		1	085	085	08	2	7.0	2	1	2	1.45985401459854	4	Ottawa, Ontario, Canada	CA	CA08	12755	45.4167	-75.7	-570760	0								4	Ottawa, Ontario, Canada	CA	CA08	12755	45.4167	-75.7	-570760	20251010164500	https://ottawacitizen.com:443/news/blue-line-drivers-accept-company-offer-ending-ottawa-taxi-strike
1267917480	20251010	202510	2025	2025.7671	CAN	CANADA	CAN								BUS	COMPANIES						BUS			1	071	071	07	2	7.4	4	1	4	3.59281437125748	4	Calgary, Alberta, Canada	CA	CA01	12549	51.0833	-114.083	-561990	4	Calgary, Alberta, Canada	CA	CA01	12549	51.0833	-114.083	-561990	4	Calgary, Alberta, Canada	CA	CA01	12549	51.0833	-114.083	-561990	20251010164500	https://betakit.com/bdc-capitals-cheri-corbett-joins-pender-ventures-as-partner/
1267917481	20251010	202510	2025	2025.7671	CAN	NUNAVUT	CAN								CANGOV	NUNAVUT	CAN					GOV			1	057	057	05	1	8.0	2	1	2	1.50537634408602	4	Ottawa, Ontario, Canada	CA	CA08	12755	45.4167	-75.7	-570760	4	Ottawa, Ontario, Canada	CA	CA08	12755	45.4167	-75.7	-570760	4	Ottawa, Ontario, Canada	CA	CA08	12755	45.4167	-75.7	-570760	20251010164500	https://www.cbc.ca/news/canada/manitoba/kivalliq-hydro-fibre-link-nunavut-9.6931778
1267917482	20251010	202510	2025	2025.7671	CAN	NUNAVUT	CAN								CANGOV	NUNAVUT	CAN					GOV			1	057	057	05	1	8.0	8	1	8	1.50537634408602	4	Rankin Inlet, Nunavut, Canada	CA	CA14	25042	62.8167	-92.0833	-572004	4	Rankin Inlet, Nunavut, Canada	CA	CA14	25042	62.8167	-92.0833	-572004	4	Rankin Inlet, Nunavut, Canada	CA	CA14	25042	62.8167	-92.0833	-572004	20251010164500	https://www.cbc.ca/news/canada/manitoba/kivalliq-hydro-fibre-link-nunavut-9.6931778
1267917483	20251010	202510	2025	2025.7671	CAN	CANADA	CAN								CVL	COMMUNITY						CVL			0	040	040	04	1	1.0	4	1	2	1.50537634408602	4	Ottawa, Ontario, Canada	CA	CA08	12755	45.4167	-75.7	-570760	4	Ottawa, Ontario, Canada	CA	CA08	12755	45.4167	-75.7	-570760	4	Ottawa, Ontario, Canada	CA	CA08	12755	45.4167	-75.7	-570760	20251010164500	https://www.cbc.ca/news/canada/manitoba/kivalliq-hydro-fibre-link-nunavut-9.6931778
1267917484	20251010	202510	2025	2025.7671	CAN	CANADA	CAN								MED	WRITER						MED			1	0833	083	08	2	5.0	2	1	2	-2.06766917293233	4	Vancouver, British Columbia, Canada	CA	CA02	12552	49.25	-123.133	-575268	4	Vancouver, British Columbia, Canada	CA	CA02	12552	49.25	-123.133	-575268	4	Vancouver, British Columbia, Canada	CA	CA02	12552	49.25	-123.133	-575268	20251010164500	https://nypost.com/2025/10/10/us-news/city-official-fights-back-tears-apologizing-for-hosting-harry-potter-event/
1267917485	20251010	202510	2025	2025.7671	CAN	BRITISH COLUMBIA	CAN								USA	SAN FRANCISCO	USA								1	012	012	01	1	-0.4	3	1	3	-5.20833333333333	2	Montana, United States	US	USMT		46.9048	-110.326	MT	2	Montana, United States	US	USMT		46.9048	-110.326	MT	4	Vancouver, British Columbia, Canada	CA	CA02	12552	49.25	-123.133	-575268	20251010164500	https://mynorthwest.com/pacific-northwest-weather/washington-wind-storms/4140829
1267917486	20251010	202510	2025	2025.7671	CAN	CANADA	CAN								kno	KONO			kno						0	046	046	04	1	7.0	2	1	2	1.50537634408602	4	Ottawa, Ontario, Canada	CA	CA08	12755	45.4167	-75.7	-570760	4	Ottawa, Ontario, Canada	CA	CA08	12755	45.4167	-75.7	-570760	4	Ottawa, Ontario, Canada	CA	CA08	12755	45.4167	-75.7	-570760	20251010164500	https://www.cbc.ca/news/canada/manitoba/kivalliq-hydro-fibre-link-nunavut-9.6931778
1267917487	20251010	202510	2025	2025.7671	CANGOV	CANADIAN	CAN					GOV													0	012	012	01	1	-0.4	6	1	6	-1.93050193050193	4	Vancouver, British Columbia, Canada	CA	CA02	12552	49.25	-123.133	-575268	0								4	Vancouver, British Columbia, Canada	CA	CA02	12552	49.25	-123.133	-575268	20251010164500	https://www.stcatharinesstandard.ca/business/conflict-of-interest-experts-share-concerns-of-u-s-stakes-in-canadian-miners/article_920d654c-7b0e-55fa-9bfb-65ceb2d78b17.html
1267917488	20251010	202510	2025	2025.7671	CANGOV	NUNAVUT	CAN					GOV			CAN	NUNAVUT	CAN								1	057	057	05	1	8.0	10	1	10	1.50537634408602	4	Ottawa, Ontario, Canada	CA	CA08	12755	45.4167	-75.7	-570760	4	Ottawa, Ontario, Canada	CA	CA08	12755	45.4167	-75.7	-570760	4	Ottawa, Ontario, Canada	CA	CA08	12755	45.4167	-75.7	-570760	20251010164500	https://www.cbc.ca/news/canada/manitoba/kivalliq-hydro-fibre-link-nunavut-9.6931778
1267917489	20251010	202510	2025	2025.7671	CANGOV	CANADA	CAN					GOV			CAN	CANADIAN	CAN								0	100	100	10	3	-5.0	2	1	2	-1.93050193050193	4	Vancouver, British Columbia, Canada	CA	CA02	12552	49.25	-123.133	-575268	4	Vancouver, British Columbia, Canada	CA	CA02	12552	49.25	-123.133	-575268	4	Vancouver, British Columbia, Canada	CA	CA02	12552	49.25	-123.133	-575268	20251010164500	https://www.stcatharinesstandard.ca/business/conflict-of-interest-experts-share-concerns-of-u-s-stakes-in-canadian-miners/article_920d654c-7b0e-55fa-9bfb-65ceb2d78b17.html
1267917490	20251010	202510	2025	2025.7671	CANGOV	ONTARIO	CAN					GOV			CVL	SETTLEMENT						CVL			0	036	036	03	1	4.0	10	1	10	0.77519379844962	4	Ottawa, Ontario, Canada	CA	CA08	12755	45.4167	-75.7	-570760	4	Ottawa, Ontario, Canada	CA	CA08	12755	45.4167	-75.7	-570760	4	Ottawa, Ontario, Canada	CA	CA08	12755	45.4167	-75.7	-570760	20251010164500	https://ottawacitizen.com:443/news/striking-ontario-college-support-workers-union
1267917491	20251010	202510	2025	2025.7671	CHN	CHINESE	CHN																		1	010	010	01	1	0.0	1	1	1	-3.92749244712991	4	Aboso, Ghana (general), Ghana	GH	GH00	190721	5.80843	-2.06329	-2067612	0								4	Aboso, Ghana (general), Ghana	GH	GH00	190721	5.80843	-2.06329	-2067612	20251010164500	https://www.ghanaweb.com/GhanaHomePage/regional/NDC-s-Rivers-stole-my-mining-concession-Okogyeafo-Barima-I-2004563
1267917492	20251010	202510	2025	2025.7671	CHN	CHINA	CHN																		1	042	042	04	1	1.9	4	1	4	-0.970873786407771	4	Guoqiang, Fujian, China	CH	CH07	13010	24.2756	117.179	-1907815	0								4	Guoqiang, Fujian, China	CH	CH07	13010	24.2756	117.179	-1907815	20251010164500	https://www.aol.co.uk/articles/ronnie-o-sullivan-continues-breeze-160009931.html
1267917493	20251010	202510	2025	2025.7671	CHN	CHINA	CHN																		1	060	060	06	2	6.0	6	1	6	5.04672897196262	4	Lu Shang, Guangdong, China	CH	CH30	13041	23.9797	114.434	10848985	0								4	Lu Shang, Guangdong, China	CH	CH30	13041	23.9797	114.434	10848985	20251010164500	https://www.marketscreener.com/news/gm-china-sustains-growth-with-strong-nev-momentum-ce7d5adbdb88f623
1267917494	20251010	202510	2025	2025.7671	CHN	CHINA	CHN																		0	070	070	07	2	7.0	4	1	4	5.04672897196262	4	Lu Shang, Guangdong, China	CH	CH30	13041	23.9797	114.434	10848985	0								4	Lu Shang, Guangdong, China	CH	CH30	13041	23.9797	114.434	10848985	20251010164500	https://www.marketscreener.com/news/gm-china-sustains-growth-with-strong-nev-momentum-ce7d5adbdb88f623
1267917495	20251010	202510	2025	2025.7671	CHN	CHINA	CHN																		1	111	111	11	3	-2.0	4	1	4	-7.59493670886072	1	United States	US	US		39.828175	-98.5795	US	0								4	Beijing, Beijing, China	CH	CH22	13001	39.9289	116.388	-1898541	20251010164500	http://www.bignewsnetwork.com/news/278628932/china-condemns-us-harassment-interrogation-repatriation-of-chinese-citizens
1267917496	20251010	202510	2025	2025.7671	CHN	CHINA	CHN								AUS	AUSTRALIA	AUS								1	051	051	05	1	3.4	2	1	2	2.36966824644549	1	Canada	CA	CA		60	-96	CA	1	Canada	CA	CA		60	-96	CA	1	Canada	CA	CA		60	-96	CA	20251010164500	https://tribune.com.pk/story/2571708/resilient-medvedev-cruised-into-shanghai-semifinal
1267917497	20251010	202510	2025	2025.7671	CHN	CHINA	CHN								AUS	AUSTRALIA	AUS								1	051	051	05	1	3.4	2	1	2	2.36966824644549	1	France	FR	FR		46	2	FR	1	France	FR	FR		46	2	FR	1	France	FR	FR		46	2	FR	20251010164500	https://tribune.com.pk/story/2571708/resilient-medvedev-cruised-into-shanghai-semifinal
1267917498	20251010	202510	2025	2025.7671	CHN	CHINA	CHN								BUS	COMPANIES						BUS			1	040	040	04	1	1.0	2	1	2	6.54761904761904	4	Beijing, Beijing, China	CH	CH22	13001	39.9289	116.388	-1898541	4	Beijing, Beijing, China	CH	CH22	13001	39.9289	116.388	-1898541	4	Beijing, Beijing, China	CH	CH22	13001	39.9289	116.388	-1898541	20251010164500	http://www.bignewsnetwork.com/news/278628934/chinese-vice-premier-encourages-multinationals-to-expand-investment-in-china
1267917499	20251010	202510	2025	2025.7671	CHN	CHINA	CHN								BUS	COMPANIES						BUS			1	040	040	04	1	1.0	8	1	8	6.54761904761904	4	Beijing, Beijing, China	CH	CH22	13001	39.9289	116.388	-1898541	1	United States	US	US		39.828175	-98.5795	US	4	Beijing, Beijing, China	CH	CH22	13001	39.9289	116.388	-1898541	20251010164500	http://www.bignewsnetwork.com/news/278628934/chinese-vice-premier-encourages-multinationals-to-expand-investment-in-china
1267917500	20251010	202510	2025	2025.7671	CHN	CHINA	CHN								CHNCVL	CHINESE	CHN					CVL			1	111	111	11	3	-2.0	8	1	8	-7.59493670886072	4	Beijing, Beijing, China	CH	CH22	13001	39.9289	116.388	-1898541	4	Beijing, Beijing, China	CH	CH22	13001	39.9289	116.388	-1898541	4	Beijing, Beijing, China	CH	CH22	13001	39.9289	116.388	-1898541	20251010164500	http://www.bignewsnetwork.com/news/278628932/china-condemns-us-harassment-interrogation-repatriation-of-chinese-citizens
1267917501	20251010	202510	2025	2025.7671	CHN	CHINA	CHN								CVL	CITIZEN						CVL			1	013	013	01	1	0.4	4	1	4	4.80549199084668	4	Beijing, Beijing, China	CH	CH22	13001	39.9289	116.388	-1898541	4	Beijing, Beijing, China	CH	CH22	13001	39.9289	116.388	-1898541	4	Beijing, Beijing, China	CH	CH22	13001	39.9289	116.388	-1898541	20251010164500	https://www.pakistantoday.com.pk/2025/10/10/chinas-social-safety-net-widens-its-reach-over-14th-five-year-plan-period/
1267917502	20251010	202510	2025	2025.7671	CHN	CHINA	CHN								GOV	PREMIER						GOV			0	111	111	11	3	-2.0	10	1	10	6.21212121212121	4	Sichuan, Gansu, China	CH	CH15	13024	35.1221	105.48	10650455	4	Sichuan, Gansu, China	CH	CH15	13024	35.1221	105.48	10650455	4	Sichuan, Gansu, China	CH	CH15	13024	35.1221	105.48	10650455	20251010164500	http://www.bignewsnetwork.com/news/278628939/romance-blooms-in-yunnan-as-destination-weddings-drive-local-economy
1267917503	20251010	202510	2025	2025.7671	CHN	CHINA	CHN								GOV	ADMINISTRATION						GOV			1	163	163	16	4	-8.0	10	1	10	-1.01010101010101	1	China	CH	CH		35	105	CH	1	China	CH	CH		35	105	CH	1	China	CH	CH		35	105	CH	20251010164500	https://www.news8000.com/news/wisconsin-news/wisconsin-soybean-farmers-face-financial-losses-amid-china-trade-dispute/article_00ad8c7d-a165-47d8-9062-35853047cb70.html
1267917504	20251010	202510	2025	2025.7671	CHN	CHINA	CHN								IRN	IRAN	IRN								1	010	010	01	1	0.0	2	1	2	-4.49050086355786	4	As Iran, Az¯arbayjan-e Sharqi, Iran	IR	IR33	40986	39.0251	47.0697	-3816384	1	Israel	IS	IS		31.5	34.75	IS	4	As Iran, Az¯arbayjan-e Sharqi, Iran	IR	IR33	40986	39.0251	47.0697	-3816384	20251010164500	https://www.foxnews.com/world/uproar-un-elects-china-iran-human-rights-council-positions-without-shame
1267917505	20251010	202510	2025	2025.7671	CHN	CHINA	CHN								IRN	IRAN	IRN								1	010	010	01	1	0.0	2	1	2	-4.49050086355786	4	As Iran, Az¯arbayjan-e Sharqi, Iran	IR	IR33	40986	39.0251	47.0697	-3816384	1	Israel	IS	IS		31.5	34.75	IS	4	Xinjiang, Jiangxi, China	CH	CH03	13167	27.7481	116.274	11065838	20251010164500	https://www.foxnews.com/world/uproar-un-elects-china-iran-human-rights-council-positions-without-shame
1267917506	20251010	202510	2025	2025.7671	CHN	CHINA	CHN								IRN	TEHRAN	IRN								1	173	173	17	4	-5.0	2	1	2	-4.49050086355786	4	Xinjiang, Jiangxi, China	CH	CH03	13167	27.7481	116.274	11065838	4	Tehran, Tehran, Iran	IR	IR26	41130	35.75	51.5148	10074674	4	Tehran, Tehran, Iran	IR	IR26	41130	35.75	51.5148	10074674	20251010164500	https://www.foxnews.com/world/uproar-un-elects-china-iran-human-rights-council-positions-without-shame
1267917507	20251010	202510	2025	2025.7671	CHN	CHINA	CHN								IRN	TEHRAN	IRN								1	173	173	17	4	-5.0	2	1	2	-4.49050086355786	4	Xinjiang, Jiangxi, China	CH	CH03	13167	27.7481	116.274	11065838	4	Xinjiang, Jiangxi, China	CH	CH03	13167	27.7481	116.274	11065838	4	Xinjiang, Jiangxi, China	CH	CH03	13167	27.7481	116.274	11065838	20251010164500	https://www.foxnews.com/world/uproar-un-elects-china-iran-human-rights-council-positions-without-shame
1267917508	20251010	202510	2025	2025.7671	CHN	CHINESE	CHN								JPN	JAPANESE	JPN								0	017	017	01	1	0.0	10	1	10	-6.1856159089312	4	Beijing, Beijing, China	CH	CH22	13001	39.9289	116.388	-1898541	1	Japan	JA	JA		36	138	JA	4	Beijing, Beijing, China	CH	CH22	13001	39.9289	116.388	-1898541	20251010164500	http://www.bignewsnetwork.com/news/278628935/1st-ld-writethru-china-urges-foreign-politicians-to-stop-supporting-taiwan-independence-separatist-activities
1267917509	20251010	202510	2025	2025.7671	CHN	CHINESE	CHN								JPN	JAPANESE	JPN								0	017	017	01	1	0.0	10	1	10	-7.84313725490193	4	Beijing, Beijing, China	CH	CH22	13001	39.9289	116.388	-1898541	1	Japan	JA	JA		36	138	JA	1	Taiwan	TW	TW		24	121	TW	20251010164500	https://www.pakistantoday.com.pk/2025/10/10/china-urges-foreign-politicians-to-stop-supporting-taiwan-independence-separatist-activities/
1267917510	20251010	202510	2025	2025.7671	CHN	CHINA	CHN								KHM	CAMBODIA	KHM								1	016	016	01	1	-2.0	4	1	4	0.61349693251534	4	Beijing, Beijing, China	CH	CH22	13001	39.9289	116.388	-1898541	4	Beijing, Beijing, China	CH	CH22	13001	39.9289	116.388	-1898541	4	Beijing, Beijing, China	CH	CH22	13001	39.9289	116.388	-1898541	20251010164500	http://www.bignewsnetwork.com/news/278628931/china-refutes-report-questioning-its-position-on-cambodia-thailand-border-conflict
1267917511	20251010	202510	2025	2025.7671	CHN	CHINA	CHN								KHM	CAMBODIA	KHM								1	016	016	01	1	-2.0	6	1	6	0.61349693251534	4	Beijing, Beijing, China	CH	CH22	13001	39.9289	116.388	-1898541	1	Cambodia	CB	CB		13	105	CB	4	Beijing, Beijing, China	CH	CH22	13001	39.9289	116.388	-1898541	20251010164500	http://www.bignewsnetwork.com/news/278628931/china-refutes-report-questioning-its-position-on-cambodia-thailand-border-conflict
1267917512	20251010	202510	2025	2025.7671	CHN	CHINA	CHN								PAK	PAKISTAN	PAK								1	011	011	01	1	-0.1	1	1	1	-3.37995337995338	4	Beijing, Beijing, China	CH	CH22	13001	39.9289	116.388	-1898541	4	Islamabad, Islamabad, Pakistan	PK	PK08	23674	33.7	73.1667	-2762812	4	Kremlin, Moskva, Russia	RS	RS48	25106	55.7522	37.6156	-2960561	20251010164500	https://idrw.org/russias-strategic-tightrope-dismissing-direct-engine-deals-with-pakistan-while-backchanneling-via-china/
1267917513	20251010	202510	2025	2025.7671	CHN	CHINA	CHN								PAK	PAKISTAN	PAK								1	190	190	19	4	-10.0	4	1	4	-3.37995337995338	4	Beijing, Beijing, China	CH	CH22	13001	39.9289	116.388	-1898541	4	Islamabad, Islamabad, Pakistan	PK	PK08	23674	33.7	73.1667	-2762812	4	New Delhi, Delhi, India	IN	IN07	17911	28.6	77.2	-2106102	20251010164500	https://idrw.org/russias-strategic-tightrope-dismissing-direct-engine-deals-with-pakistan-while-backchanneling-via-china/
1267917514	20251010	202510	2025	2025.7671	CHN	CHINA	CHN								PTY	POLITICIAN									1	022	022	02	1	3.2	20	2	20	-7.01437658191657	4	Beijing, Beijing, China	CH	CH22	13001	39.9289	116.388	-1898541	4	Beijing, Beijing, China	CH	CH22	13001	39.9289	116.388	-1898541	4	Beijing, Beijing, China	CH	CH22	13001	39.9289	116.388	-1898541	20251010164500	https://www.pakistantoday.com.pk/2025/10/10/china-urges-foreign-politicians-to-stop-supporting-taiwan-independence-separatist-activities/
1267917515	20251010	202510	2025	2025.7671	CHN	CHINA	CHN								RUS	RUSSIA	RUS								1	010	010	01	1	0.0	11	1	10	-3.51270553064275	4	Gaza, Israel (general), Israel	IS	IS00	18315	31.4167	34.3333	-797156	4	Gaza, Israel (general), Israel	IS	IS00	18315	31.4167	34.3333	-797156	4	Gaza, Israel (general), Israel	IS	IS00	18315	31.4167	34.3333	-797156	20251010164500	https://www.pakistantoday.com.pk/2025/10/10/high-stakes-games-in-the-middle-east/
1267917516	20251010	202510	2025	2025.7671	CHN	CHINA	CHN								RUS	RUSSIA	RUS								0	010	010	01	1	0.0	1	1	1	-3.51270553064275	1	China	CH	CH		35	105	CH	1	China	CH	CH		35	105	CH	1	Russia	RS	RS		60	100	RS	20251010164500	https://www.pakistantoday.com.pk/2025/10/10/high-stakes-games-in-the-middle-east/
1267917517	20251010	202510	2025	2025.7671	CHN	CHINA	CHN								RUS	RUSSIA	RUS								0	010	010	01	1	0.0	3	1	3	-3.51270553064275	1	China	CH	CH		35	105	CH	1	Russia	RS	RS		60	100	RS	1	Russia	RS	RS		60	100	RS	20251010164500	https://www.pakistantoday.com.pk/2025/10/10/high-stakes-games-in-the-middle-east/
1267917518	20251010	202510	2025	2025.7671	CHN	CHINA	CHN								SAU	SAUDI ARABIA	SAU								1	043	043	04	1	2.8	2	1	2	-0.970873786407771	4	Guoqiang, Fujian, China	CH	CH07	13010	24.2756	117.179	-1907815	1	Saudi Arabia	SA	SA		25	45	SA	4	Guoqiang, Fujian, China	CH	CH07	13010	24.2756	117.179	-1907815	20251010164500	https://www.aol.co.uk/articles/ronnie-o-sullivan-continues-breeze-160009931.html
1267917519	20251010	202510	2025	2025.7671	CHN	CHINA	CHN								SAU	SAUDI ARABIA	SAU								1	043	043	04	1	2.8	2	1	2	-0.970873786407771	1	Saudi Arabia	SA	SA		25	45	SA	1	Saudi Arabia	SA	SA		25	45	SA	1	Saudi Arabia	SA	SA		25	45	SA	20251010164500	https://www.aol.co.uk/articles/ronnie-o-sullivan-continues-breeze-160009931.html
1267917520	20251010	202510	2025	2025.7671	CHN	CHINA	CHN								USA	UNITED STATES	USA								0	163	163	16	4	-8.0	2	1	2	-1.01010101010101	3	Galesville, Wisconsin, United States	US	USWI	WI121	44.0816	-91.349	1565380	1	China	CH	CH		35	105	CH	3	Galesville, Wisconsin, United States	US	USWI	WI121	44.0816	-91.349	1565380	20251010164500	https://www.news8000.com/news/wisconsin-news/wisconsin-soybean-farmers-face-financial-losses-amid-china-trade-dispute/article_00ad8c7d-a165-47d8-9062-35853047cb70.html
1267917521	20251010	202510	2025	2025.7671	CHN	CHINA	CHN								USA	UNITED STATES	USA								0	163	163	16	4	-8.0	2	1	2	-1.01010101010101	1	China	CH	CH		35	105	CH	3	Galesville, Wisconsin, United States	US	USWI	WI121	44.0816	-91.349	1565380	1	China	CH	CH		35	105	CH	20251010164500	https://www.news8000.com/news/wisconsin-news/wisconsin-soybean-farmers-face-financial-losses-amid-china-trade-dispute/article_00ad8c7d-a165-47d8-9062-35853047cb70.html
1267917522	20251010	202510	2025	2025.7671	CHN	CHINA	CHN								USA	AMERICAN	USA								0	163	163	16	4	-8.0	5	1	5	-1.01010101010101	1	China	CH	CH		35	105	CH	2	Wisconsin, United States	US	USWI		44.2563	-89.6385	WI	1	China	CH	CH		35	105	CH	20251010164500	https://www.news8000.com/news/wisconsin-news/wisconsin-soybean-farmers-face-financial-losses-amid-china-trade-dispute/article_00ad8c7d-a165-47d8-9062-35853047cb70.html
1267917523	20251010	202510	2025	2025.7671	CHN	CHINA	CHN								USA	AMERICAN	USA								1	163	163	16	4	-8.0	5	1	5	-1.01010101010101	1	China	CH	CH		35	105	CH	2	Wisconsin, United States	US	USWI		44.2563	-89.6385	WI	2	Wisconsin, United States	US	USWI		44.2563	-89.6385	WI	20251010164500	https://www.news8000.com/news/wisconsin-news/wisconsin-soybean-farmers-face-financial-losses-amid-china-trade-dispute/article_00ad8c7d-a165-47d8-9062-35853047cb70.html
1267917524	20251010	202510	2025	2025.7671	CHN	CHINA	CHN								USAAGR	AMERICAN	USA					AGR			0	163	163	16	4	-8.0	1	1	1	-1.01010101010101	1	China	CH	CH		35	105	CH	2	Wisconsin, United States	US	USWI		44.2563	-89.6385	WI	1	China	CH	CH		35	105	CH	20251010164500	https://www.news8000.com/news/wisconsin-news/wisconsin-soybean-farmers-face-financial-losses-amid-china-trade-dispute/article_00ad8c7d-a165-47d8-9062-35853047cb70.html
1267917525	20251010	202510	2025	2025.7671	CHNGOV	CHINA	CHN					GOV			CHN	CHINA	CHN								1	013	013	01	1	0.4	1	1	1	-2.40963855421687	4	Beijing, Beijing, China	CH	CH22	13001	39.9289	116.388	-1898541	4	Beijing, Beijing, China	CH	CH22	13001	39.9289	116.388	-1898541	4	Beijing, Beijing, China	CH	CH22	13001	39.9289	116.388	-1898541	20251010164500	https://starlocalmedia.com/news/national/trump-says-no-reason-to-meet-xi-threatens-massive-china-tariffs/article_a7497bf5-401e-51ca-a0aa-515ab8d4e30b.html
1267917526	20251010	202510	2025	2025.7671	CHNGOV	CHINA	CHN					GOV			CHN	BEIJING	CHN								1	111	111	11	3	-2.0	1	1	1	-2.40963855421687	4	Beijing, Beijing, China	CH	CH22	13001	39.9289	116.388	-1898541	4	Beijing, Beijing, China	CH	CH22	13001	39.9289	116.388	-1898541	4	Beijing, Beijing, China	CH	CH22	13001	39.9289	116.388	-1898541	20251010164500	https://starlocalmedia.com/news/national/trump-says-no-reason-to-meet-xi-threatens-massive-china-tariffs/article_a7497bf5-401e-51ca-a0aa-515ab8d4e30b.html
1267917527	20251010	202510	2025	2025.7671	CHNGOV	CHINA	CHN					GOV			CHNGOV	XI JINPING	CHN					GOV			0	010	010	01	1	0.0	1	1	1	-2.49653259361998	4	Beijing, Beijing, China	CH	CH22	13001	39.9289	116.388	-1898541	4	Beijing, Beijing, China	CH	CH22	13001	39.9289	116.388	-1898541	4	Beijing, Beijing, China	CH	CH22	13001	39.9289	116.388	-1898541	20251010164500	https://wcbm.com/national-headline/trump-some-very-strange-things-are-happening-in-china/
1267917528	20251010	202510	2025	2025.7671	CHNGOV	CHINESE	CHN					GOV			CHNGOV	XI JINPING	CHN					GOV			0	010	010	01	1	0.0	2	1	2	-2.49653259361998	4	Beijing, Beijing, China	CH	CH22	13001	39.9289	116.388	-1898541	1	United States	US	US		39.828175	-98.5795	US	4	Beijing, Beijing, China	CH	CH22	13001	39.9289	116.388	-1898541	20251010164500	https://wcbm.com/national-headline/trump-some-very-strange-things-are-happening-in-china/
1267917529	20251010	202510	2025	2025.7671	CHNGOV	CHINESE	CHN					GOV			GOV	KING						GOV			1	042	042	04	1	1.9	8	1	8	10.7142857142857	4	Bangkok, Krung Thep Mahanakhon, Thailand	TH	TH40	26423	13.75	100.517	-3250083	4	Bangkok, Krung Thep Mahanakhon, Thailand	TH	TH40	26423	13.75	100.517	-3250083	4	Bangkok, Krung Thep Mahanakhon, Thailand	TH	TH40	26423	13.75	100.517	-3250083	20251010164500	https://english.news.cn/asiapacific/20251010/457f4982d46a4e15a82d2546337f906e/c.html
1267917530	20251010	202510	2025	2025.7671	CHNGOV	CHINESE	CHN					GOV			GOV	KING						GOV			1	042	042	04	1	1.9	2	1	2	10.7142857142857	4	Bangkok, Krung Thep Mahanakhon, Thailand	TH	TH40	26423	13.75	100.517	-3250083	1	China	CH	CH		35	105	CH	4	Bangkok, Krung Thep Mahanakhon, Thailand	TH	TH40	26423	13.75	100.517	-3250083	20251010164500	https://english.news.cn/asiapacific/20251010/457f4982d46a4e15a82d2546337f906e/c.html
1267917531	20251010	202510	2025	2025.7671	CHNGOV	CHINESE	CHN					GOV			ISR	ISRAEL	ISR								1	090	090	09	2	-2.0	6	1	6	-2.34375	4	Beijing, Beijing, China	CH	CH22	13001	39.9289	116.388	-1898541	4	Beijing, Beijing, China	CH	CH22	13001	39.9289	116.388	-1898541	4	Beijing, Beijing, China	CH	CH22	13001	39.9289	116.388	-1898541	20251010164500	https://finance.yahoo.com/news/qualcomm-stock-slides-news-antitrust-155426066.html
1267917532	20251010	202510	2025	2025.7671	CHNLAB	CHINA	CHN					LAB			BUS	COMPANY						BUS			0	090	090	09	2	-2.0	2	1	2	0	4	Shanghai, Shanghai, China	CH	CH23	13243	31.2222	121.458	-1924465	4	Shanghai, Shanghai, China	CH	CH23	13243	31.2222	121.458	-1924465	4	Shanghai, Shanghai, China	CH	CH23	13243	31.2222	121.458	-1924465	20251010164500	https://www.dealstreetasia.com/stories/chinese-robot-maker-agibot-mulls-hong-kong-ipo-next-year-459534
1267917533	20251010	202510	2025	2025.7671	CHR	DIOCESE				CHR					KEN	KENYA	KEN								1	010	010	01	1	0.0	2	1	2	3.34507042253521	4	Nyeri, Central, Kenya	KE	KE01	18585	-0.420132	36.9476	-2260131	4	Nyeri, Central, Kenya	KE	KE01	18585	-0.420132	36.9476	-2260131	4	Nyeri, Central, Kenya	KE	KE01	18585	-0.420132	36.9476	-2260131	20251010164500	https://www.legit.ng/world/africa/1678032-catholic-kenya-declares-immediate-change-altar-wine-a-favourite-drink-bars/
1267917534	20251010	202510	2025	2025.7671	CMR	CAMEROON	CMR																		0	043	043	04	1	2.8	1	1	1	3.11377245508982	4	Douala, Littoral, Cameroon	CM	CM05	18585	3.75528	9.94472	-3148347	0								4	Douala, Littoral, Cameroon	CM	CM05	18585	3.75528	9.94472	-3148347	20251010164500	https://www.kennesaw.edu/news/stories/2025/honors-student-builds-pathways-to-learning-in-cameroon.php
1267917535	20251010	202510	2025	2025.7671	CMR	CAMEROON	CMR								EDU	SCHOOL						EDU			0	036	036	03	1	4.0	4	1	4	3.11377245508982	4	Douala, Littoral, Cameroon	CM	CM05	18585	3.75528	9.94472	-3148347	4	Douala, Littoral, Cameroon	CM	CM05	18585	3.75528	9.94472	-3148347	4	Douala, Littoral, Cameroon	CM	CM05	18585	3.75528	9.94472	-3148347	20251010164500	https://www.kennesaw.edu/news/stories/2025/honors-student-builds-pathways-to-learning-in-cameroon.php
1267917536	20251010	202510	2025	2025.7671	CMR	CAMEROON	CMR								EDU	COLLEGE						EDU			1	043	043	04	1	2.8	10	1	10	3.11377245508982	4	Douala, Littoral, Cameroon	CM	CM05	18585	3.75528	9.94472	-3148347	4	Douala, Littoral, Cameroon	CM	CM05	18585	3.75528	9.94472	-3148347	4	Douala, Littoral, Cameroon	CM	CM05	18585	3.75528	9.94472	-3148347	20251010164500	https://www.kennesaw.edu/news/stories/2025/honors-student-builds-pathways-to-learning-in-cameroon.php
1267917537	20251010	202510	2025	2025.7671	CMR	CAMEROON	CMR								EDU	PROFESSOR						EDU			1	051	051	05	1	3.4	4	1	4	3.11377245508982	4	Douala, Littoral, Cameroon	CM	CM05	18585	3.75528	9.94472	-3148347	4	Douala, Littoral, Cameroon	CM	CM05	18585	3.75528	9.94472	-3148347	4	Douala, Littoral, Cameroon	CM	CM05	18585	3.75528	9.94472	-3148347	20251010164500	https://www.kennesaw.edu/news/stories/2025/honors-student-builds-pathways-to-learning-in-cameroon.php
1267917538	20251010	202510	2025	2025.7671	CMR	CAMEROON	CMR								HLH	DOCTOR						HLH			0	043	043	04	1	2.8	10	1	10	3.11377245508982	4	Douala, Littoral, Cameroon	CM	CM05	18585	3.75528	9.94472	-3148347	4	Douala, Littoral, Cameroon	CM	CM05	18585	3.75528	9.94472	-3148347	4	Douala, Littoral, Cameroon	CM	CM05	18585	3.75528	9.94472	-3148347	20251010164500	https://www.kennesaw.edu/news/stories/2025/honors-student-builds-pathways-to-learning-in-cameroon.php
1267917539	20251010	202510	2025	2025.7671	COL	COLOMBIA	COL								JUD	LAWYER						JUD			1	010	010	01	1	0.0	4	1	4	1.57068062827225	1	Colombia	CO	CO		4	-72	CO	1	Colombia	CO	CO		4	-72	CO	1	Colombia	CO	CO		4	-72	CO	20251010164500	https://finance.yahoo.com/news/stock-turned-10-000-10-110600745.html
1267917540	20251010	202510	2025	2025.7671	COL	COLOMBIAN	COL								VEN	VENEZUELA	VEN								0	051	051	05	1	3.4	2	1	2	2.81879194630872	1	Colombia	CO	CO		4	-72	CO	1	Venezuela	VE	VE		8	-66	VE	1	Venezuela	VE	VE		8	-66	VE	20251010164500	https://www.breitbart.com/latin-america/2025/10/10/conservatives-rejoice-as-anti-socialist-freedom-fighter-maria-corina-machado-wins-nobel-peace-prize/
1267917541	20251010	202510	2025	2025.7671	COL	COLOMBIAN	COL								VEN	VENEZUELA	VEN								0	051	051	05	1	3.4	2	1	2	2.81879194630872	1	Venezuela	VE	VE		8	-66	VE	1	Venezuela	VE	VE		8	-66	VE	1	Venezuela	VE	VE		8	-66	VE	20251010164500	https://www.breitbart.com/latin-america/2025/10/10/conservatives-rejoice-as-anti-socialist-freedom-fighter-maria-corina-machado-wins-nobel-peace-prize/
1267917542	20251010	202510	2025	2025.7671	COL	COLOMBIAN	COL								VEN	VENEZUELA	VEN								0	0841	084	08	2	7.0	2	1	2	2.81879194630872	1	Colombia	CO	CO		4	-72	CO	1	Venezuela	VE	VE		8	-66	VE	1	Venezuela	VE	VE		8	-66	VE	20251010164500	https://www.breitbart.com/latin-america/2025/10/10/conservatives-rejoice-as-anti-socialist-freedom-fighter-maria-corina-machado-wins-nobel-peace-prize/
1267917543	20251010	202510	2025	2025.7671	COL	COLOMBIAN	COL								VEN	VENEZUELA	VEN								0	0841	084	08	2	7.0	2	1	2	2.81879194630872	1	Venezuela	VE	VE		8	-66	VE	1	Colombia	CO	CO		4	-72	CO	1	Colombia	CO	CO		4	-72	CO	20251010164500	https://www.breitbart.com/latin-america/2025/10/10/conservatives-rejoice-as-anti-socialist-freedom-fighter-maria-corina-machado-wins-nobel-peace-prize/
1267917544	20251010	202510	2025	2025.7671	COLELI	COLOMBIAN	COL					ELI													0	051	051	05	1	3.4	6	1	6	2.81879194630872	1	Colombia	CO	CO		4	-72	CO	0								1	Colombia	CO	CO		4	-72	CO	20251010164500	https://www.breitbart.com/latin-america/2025/10/10/conservatives-rejoice-as-anti-socialist-freedom-fighter-maria-corina-machado-wins-nobel-peace-prize/
1267917545	20251010	202510	2025	2025.7671	COLELI	COLOMBIAN	COL					ELI			VEN	VENEZUELA	VEN								0	0841	084	08	2	7.0	6	1	6	2.81879194630872	1	Colombia	CO	CO		4	-72	CO	1	Venezuela	VE	VE		8	-66	VE	1	Venezuela	VE	VE		8	-66	VE	20251010164500	https://www.breitbart.com/latin-america/2025/10/10/conservatives-rejoice-as-anti-socialist-freedom-fighter-maria-corina-machado-wins-nobel-peace-prize/
1267917546	20251010	202510	2025	2025.7671	COP	POLICE						COP													0	010	010	01	1	0.0	6	1	6	-4.79452054794521	4	Southwark, Southwark, United Kingdom	UK	UKM8	40110	51.5	-0.083333	-2608353	0								4	Southwark, Southwark, United Kingdom	UK	UKM8	40110	51.5	-0.083333	-2608353	20251010164500	https://www.aol.co.uk/articles/man-entered-uk-small-boat-161623346.html
1267917547	20251010	202510	2025	2025.7671	COP	POLICE						COP													1	010	010	01	1	0.0	5	1	5	-6.14754098360656	3	Natrona County, Wyoming, United States	US	USWY	WY025	42.9666	-106.784	1605077	0								3	Natrona County, Wyoming, United States	US	USWY		42.9666	-106.784	1605077	20251010164500	https://mycountry955.com/ixp/101/p/casper-arrest-log-38/
1267917548	20251010	202510	2025	2025.7671	COP	DEPUTY						COP													0	010	010	01	1	0.0	6	1	6	-6.77777777777777	2	New Hampshire, United States	US	USNH		43.4108	-71.5653	NH	0								2	New Hampshire, United States	US	USNH		43.4108	-71.5653	NH	20251010164500	https://patch.com/new-hampshire/concord-nh/homeless-man-concord-arrested-strangulation-assault-charges-after-incident
1267917549	20251010	202510	2025	2025.7671	COP	POLICE CHIEF						COP													1	013	013	01	1	0.4	3	1	3	-5.32687651331719	3	Philadelphia, Pennsylvania, United States	US	USPA	PA101	39.9523	-75.1638	1209052	0								3	Philadelphia, Pennsylvania, United States	US	USPA	PA101	39.9523	-75.1638	1209052	20251010164500	https://www.wokv.com/news/national-guard/3MEPSLWBL424PDVWJYGGGKRK5I/
1267917550	20251010	202510	2025	2025.7671	COP	DETECTIVE						COP													0	040	040	04	1	1.0	6	1	6	-6.77777777777777	2	New Hampshire, United States	US	USNH		43.4108	-71.5653	NH	0								2	New Hampshire, United States	US	USNH		43.4108	-71.5653	NH	20251010164500	https://patch.com/new-hampshire/concord-nh/homeless-man-concord-arrested-strangulation-assault-charges-after-incident
1267917551	20251010	202510	2025	2025.7671	COP	POLICE						COP													1	060	060	06	2	6.0	10	1	10	-10.3559870550161	4	Koforidua, Eastern, Ghana	GH	GH05	16617	6.09408	-0.25913	-2074535	0								4	Adukrom, Ghana (general), Ghana	GH	GH00	16664	6.35518	-2.2818	-2068269	20251010164500	https://gna.org.gh/2025/10/passengers-brake-action-triggers-deadly-crash-on-somanya-adukrom-road/
1267917552	20251010	202510	2025	2025.7671	COP	POLICE						COP													1	084	084	08	2	7.0	1	1	1	-6.14754098360656	3	State Of Wyoming, Wyoming, United States	US	USWY	WY013	43.0002	-107.501	1779807	0								3	State Of Wyoming, Wyoming, United States	US	USWY		43.0002	-107.501	1779807	20251010164500	https://mycountry955.com/ixp/101/p/casper-arrest-log-38/
1267917553	20251010	202510	2025	2025.7671	COP	POLICE						COP													1	084	084	08	2	7.0	2	1	2	-6.14754098360656	3	State Of Wyoming, Wyoming, United States	US	USWY	WY013	43.0002	-107.501	1779807	0								2	Wyoming, United States	US	USWY		42.7475	-107.209	WY	20251010164500	https://mycountry955.com/ixp/101/p/casper-arrest-log-38/
1267917554	20251010	202510	2025	2025.7671	COP	POLICE						COP													1	084	084	08	2	7.0	2	1	2	-6.14754098360656	2	Wyoming, United States	US	USWY		42.7475	-107.209	WY	0								2	Wyoming, United States	US	USWY		42.7475	-107.209	WY	20251010164500	https://mycountry955.com/ixp/101/p/casper-arrest-log-38/
1267917555	20251010	202510	2025	2025.7671	COP	POLICE						COP													1	090	090	09	2	-2.0	10	1	10	-10.3559870550161	4	Adukrom, Ghana (general), Ghana	GH	GH00	16664	6.35518	-2.2818	-2068269	0								4	Adukrom, Ghana (general), Ghana	GH	GH00	16664	6.35518	-2.2818	-2068269	20251010164500	https://gna.org.gh/2025/10/passengers-brake-action-triggers-deadly-crash-on-somanya-adukrom-road/
1267917556	20251010	202510	2025	2025.7671	COP	POLICE						COP													0	090	090	09	2	-2.0	16	1	10	-2.42468772961058	4	Nairobi, Nairobi Area, Kenya	KE	KE05	18585	-1.28333	36.8167	-2258072	0								4	Nairobi, Nairobi Area, Kenya	KE	KE05	18585	-1.28333	36.8167	-2258072	20251010164500	https://www.nzherald.co.nz/nz/christchurch-cold-case-samuel-njuguna-who-fled-to-kenya-yet-to-be-found-after-2009-murder/SMV2O26DCFA7RLH2RKNTA3NBSQ/
1267917557	20251010	202510	2025	2025.7671	COP	POLICE						COP													0	090	090	09	2	-2.0	1	1	1	-4.26540284360189	4	Newbury, West Berkshire, United Kingdom	UK	UKP4	40096	51.4	-1.31667	-2603950	0								4	Newbury, West Berkshire, United Kingdom	UK	UKP4	40096	51.4	-1.31667	-2603950	20251010164500	https://www.dailymail.co.uk/news/article-15178083/Undercover-spy-infiltrated-Newbury-Pass-eco-warriors-unmasked-paedophile-tried-sex-children-young-six.html
1267917558	20251010	202510	2025	2025.7671	COP	DEPUTY						COP													0	090	090	09	2	-2.0	6	1	6	-6.77777777777777	2	New Hampshire, United States	US	USNH		43.4108	-71.5653	NH	0								2	New Hampshire, United States	US	USNH		43.4108	-71.5653	NH	20251010164500	https://patch.com/new-hampshire/concord-nh/homeless-man-concord-arrested-strangulation-assault-charges-after-incident
1267917559	20251010	202510	2025	2025.7671	COP	POLICE						COP													1	120	120	12	3	-4.0	10	1	5	-7.39795918367347	4	Karachi, Sindh, Pakistan	PK	PK05	40398	24.8667	67.05	-2764584	0								4	Karachi, Sindh, Pakistan	PK	PK05	40398	24.8667	67.05	-2764584	20251010164500	https://www.geo.tv/latest/627978-ku-female-student-dies-after-being-struck-by-campus-bus
1267917560	20251010	202510	2025	2025.7671	COP	POLICE						COP													1	1712	171	17	4	-9.2	10	1	10	-5.13595166163142	1	Spain	SP	SP		40	-4	SP	0								1	Spain	SP	SP		40	-4	SP	20251010164500	https://qns.com/2025/10/purse-snatching-ridgewood-food-bazaar/
1267917561	20251010	202510	2025	2025.7671	COP	POLICE						COP													1	173	173	17	4	-5.0	5	1	5	-5.33807829181495	4	Karachi, Sindh, Pakistan	PK	PK05	40398	24.8667	67.05	-2764584	0								4	Karachi, Sindh, Pakistan	PK	PK05	40398	24.8667	67.05	-2764584	20251010164500	https://www.pakistantoday.com.pk/2025/10/10/ku-student-dies-after-being-hit-by-campus-bus/
1267917562	20251010	202510	2025	2025.7671	COP	POLICE						COP													1	180	180	18	4	-9.0	2	1	2	-3.55113636363636	2	Montana, United States	US	USMT		46.9048	-110.326	MT	0								2	Montana, United States	US	USMT		46.9048	-110.326	MT	20251010164500	https://newstalkkgvo.com/missoula-police-assault-antisemitism/
1267917563	20251010	202510	2025	2025.7671	COP	POLICE						COP													0	1821	182	18	4	-9.0	2	1	2	-4.26540284360189	4	Bucharest, Bucuresti, Romania	RO	RO10	25006	44.4333	26.1	-1153951	0								4	London, London, City of, United Kingdom	UK	UKH9	40110	51.5	-0.116667	-2601889	20251010164500	https://www.dailymail.co.uk/news/article-15178083/Undercover-spy-infiltrated-Newbury-Pass-eco-warriors-unmasked-paedophile-tried-sex-children-young-six.html
1267917564	20251010	202510	2025	2025.7671	COP	POLICE						COP													0	1821	182	18	4	-9.0	2	1	2	-4.26540284360189	4	Bucharest, Bucuresti, Romania	RO	RO10	25006	44.4333	26.1	-1153951	0								4	Mitcham, Merton, United Kingdom	UK	UKI4	40133	51.4	-0.166667	-2603222	20251010164500	https://www.dailymail.co.uk/news/article-15178083/Undercover-spy-infiltrated-Newbury-Pass-eco-warriors-unmasked-paedophile-tried-sex-children-young-six.html
1267917565	20251010	202510	2025	2025.7671	COP	POLICE						COP													0	1821	182	18	4	-9.0	6	1	6	-4.26540284360189	4	Mitcham, Merton, United Kingdom	UK	UKI4	40133	51.4	-0.166667	-2603222	0								4	London, London, City of, United Kingdom	UK	UKH9	40110	51.5	-0.116667	-2601889	20251010164500	https://www.dailymail.co.uk/news/article-15178083/Undercover-spy-infiltrated-Newbury-Pass-eco-warriors-unmasked-paedophile-tried-sex-children-young-six.html
1267917566	20251010	202510	2025	2025.7671	COP	TROOPER						COP													1	192	192	19	4	-9.5	5	1	5	-6.27450980392156	2	Texas, United States	US	USTX		31.106	-97.6475	TX	0								2	Texas, United States	US	USTX		31.106	-97.6475	TX	20251010164500	https://kdhnews.com/news/region/state-police-identify-man-killed-in-crash-on-state-highway-95-in-southern-bell-county/article_2ad44426-9177-5689-88a3-d1c47f6bb051.html
1267917567	20251010	202510	2025	2025.7671	COP	DETECTIVE						COP			BUS	BUSINESS						BUS			0	040	040	04	1	1.0	10	1	10	-6.77777777777777	2	New Hampshire, United States	US	USNH		43.4108	-71.5653	NH	2	New Hampshire, United States	US	USNH		43.4108	-71.5653	NH	2	New Hampshire, United States	US	USNH		43.4108	-71.5653	NH	20251010164500	https://patch.com/new-hampshire/concord-nh/homeless-man-concord-arrested-strangulation-assault-charges-after-incident
1267917568	20251010	202510	2025	2025.7671	COP	POLICE						COP			CRM	PERPETRATOR						CRM			1	1712	171	17	4	-9.2	5	1	5	-5.13595166163142	1	Spain	SP	SP		40	-4	SP	1	Spain	SP	SP		40	-4	SP	1	Spain	SP	SP		40	-4	SP	20251010164500	https://qns.com/2025/10/purse-snatching-ridgewood-food-bazaar/
1267917569	20251010	202510	2025	2025.7671	COP	DEPUTIES						COP			EDU	ACADEMICIAN						EDU			1	051	051	05	1	3.4	5	1	5	2.76243093922652	4	Sulyok, Szabolcs-SzatmáBereg, Hungary	HU	HU18	17516	47.75	21.85	-866519	4	Sulyok, Szabolcs-SzatmáBereg, Hungary	HU	HU18	17516	47.75	21.85	-866519	4	Sulyok, Szabolcs-SzatmáBereg, Hungary	HU	HU18	17516	47.75	21.85	-866519	20251010164500	https://hungarytoday.hu/president-marks-150-years-of-notary-profession-as-pillar-of-rule-of-law/
1267917570	20251010	202510	2025	2025.7671	COP	PRISON						COP			EDU	SCHOOL						EDU			1	173	173	17	4	-5.0	10	1	10	-7.28862973760933	3	Franklin County, Virginia, United States	US	USVA	VA067	37.0024	-79.8664	1494434	3	Franklin County, Virginia, United States	US	USVA		37.0024	-79.8664	1494434	3	Franklin County, Virginia, United States	US	USVA		37.0024	-79.8664	1494434	20251010164500	https://www.29news.com/2025/10/09/teen-sentenced-prison-taking-gun-school/
1267917571	20251010	202510	2025	2025.7671	COP	PRISON						COP			ESP	SPAIN	ESP								0	112	112	11	3	-2.0	4	1	4	-7.45033112582781	1	Spain	SP	SP		40	-4	SP	1	Spain	SP	SP		40	-4	SP	1	Spain	SP	SP		40	-4	SP	20251010164500	https://www.ynetnews.com/article/bknmitl6eg
1267917572	20251010	202510	2025	2025.7671	COP	DEPUTY						COP			GBR	UNITED KINGDOM	GBR								1	057	057	05	1	8.0	5	1	5	5.78778135048231	1	United Kingdom	UK	UK		54	-4	UK	1	United Kingdom	UK	UK		54	-4	UK	1	United Kingdom	UK	UK		54	-4	UK	20251010164500	https://economictimes.indiatimes.com/news/economy/foreign-trade/india-uk-sign-pact-to-set-up-joint-innovation-centre-for-telecom-commit-rs-282-cr/articleshow/124458829.cms
1267917573	20251010	202510	2025	2025.7671	COP	POLICE						COP			GBR	LONDON	GBR								0	090	090	09	2	-2.0	5	1	5	-4.26540284360189	4	Newbury, West Berkshire, United Kingdom	UK	UKP4	40096	51.4	-1.31667	-2603950	4	Newbury, West Berkshire, United Kingdom	UK	UKP4	40096	51.4	-1.31667	-2603950	4	Newbury, West Berkshire, United Kingdom	UK	UKP4	40096	51.4	-1.31667	-2603950	20251010164500	https://www.dailymail.co.uk/news/article-15178083/Undercover-spy-infiltrated-Newbury-Pass-eco-warriors-unmasked-paedophile-tried-sex-children-young-six.html
1267917574	20251010	202510	2025	2025.7671	COP	POLICE OFFICER						COP			GOV	AUTHORITIES						GOV			1	090	090	09	2	-2.0	6	1	6	-7.12589073634205	2	Wisconsin, United States	US	USWI		44.2563	-89.6385	WI	2	Wisconsin, United States	US	USWI		44.2563	-89.6385	WI	2	Wisconsin, United States	US	USWI		44.2563	-89.6385	WI	20251010164500	https://www.yahoo.com/entertainment/movies/articles/ed-gein-crime-scene-photos-151252395.html
1267917575	20251010	202510	2025	2025.7671	COP	DETECTIVE						COP			HLH	DOCTOR						HLH			1	190	190	19	4	-10.0	10	1	10	-3.48837209302325	4	London, London, City of, United Kingdom	UK	UKH9	40110	51.5	-0.116667	-2601889	4	London, London, City of, United Kingdom	UK	UKH9	40110	51.5	-0.116667	-2601889	4	London, London, City of, United Kingdom	UK	UKH9	40110	51.5	-0.116667	-2601889	20251010164500	https://www.tvguide.co.uk/schedule/19569f0c-29fe-5a97-b70c-251e98e6f6dd/the-dark-eyes-of-london
1267917576	20251010	202510	2025	2025.7671	COP	DEPUTIES						COP			JEWCVL	JEWISH				JEW		CVL			0	160	160	16	4	-4.0	6	1	6	-5.24822695035461	4	Manchester, Manchester, United Kingdom	UK	UKI2	40118	53.5	-2.21667	-2602512	4	Manchester, Manchester, United Kingdom	UK	UKI2	40118	53.5	-2.21667	-2602512	4	Manchester, Manchester, United Kingdom	UK	UKI2	40118	53.5	-2.21667	-2602512	20251010164500	https://www.middleeasteye.net/opinion/how-netanyahus-war-islam-fuels-antisemitism-europe
1267917577	20251010	202510	2025	2025.7671	COP	POLICE						COP			LAB	EMPLOYEE						LAB			1	100	100	10	3	-5.0	5	1	5	-6.64993726474279	1	Jersey	JE	JE		49.216667	-2.116667	JE	1	Jersey	JE	JE		49.216667	-2.116667	JE	1	Jersey	JE	JE		49.216667	-2.116667	JE	20251010164500	https://www.workerscompensation.com/daily-headlines/arrest-made-in-bear-spray-attack-on-worker/
1267917578	20251010	202510	2025	2025.7671	COP	POLICE						COP			MARCVL	MOROCCAN	MAR					CVL			1	112	112	11	3	-2.0	8	1	8	-10.7784431137725	1	Morocco	MO	MO		32	-5	MO	1	Morocco	MO	MO		32	-5	MO	1	Morocco	MO	MO		32	-5	MO	20251010164500	https://www.odnako.org/locri-abuse-in-the-family-a-50-year-old-arrested/
1267917579	20251010	202510	2025	2025.7671	COP	POLICE						COP			MDV	MALE	MDV								1	016	016	01	1	-2.0	5	1	5	-12.4590163934427	0								0								0								20251010164500	https://globegazette.com/news/local/crime-courts/article_e74ea06c-a9d1-4f9a-9f45-dc5674a39ecf.html
1267917580	20251010	202510	2025	2025.7671	COP	POLICE						COP			MDV	MALE	MDV								1	084	084	08	2	7.0	10	1	10	3.63636363636363	0								0								0								20251010164500	https://voiceonline.com/missing-south-asian-man-from-surrey-located-safe/
1267917581	20251010	202510	2025	2025.7671	COP	POLICE						COP			MED	SPOKESMAN						MED			1	013	013	01	1	0.4	5	1	5	-3.59281437125749	0								0								0								20251010164500	https://www.expressandstar.com/news/local-hubs/bridgnorth/2025/10/10/police-appeal-for-help-over-bridgnorth-assault-on-woman/
1267917582	20251010	202510	2025	2025.7671	COP	POLICE						COP			MED	MEDIA						MED			0	040	040	04	1	1.0	6	1	6	-5.88235294117647	3	Wichita, Kansas, United States	US	USKS	KS173	37.6922	-97.3375	473862	3	Wichita, Kansas, United States	US	USKS	KS173	37.6922	-97.3375	473862	3	Wichita, Kansas, United States	US	USKS	KS173	37.6922	-97.3375	473862	20251010164500	https://www.the-independent.com/news/world/americas/crime/btk-killer-daughter-kerri-rawson-netflix-doc-b2842660.html
1267917583	20251010	202510	2025	2025.7671	COP	PRISON						COP			PSE	GAZA	PSE								0	1711	171	17	4	-9.2	2	1	2	-7.45033112582781	1	Spain	SP	SP		40	-4	SP	4	Gaza, Israel (general), Israel	IS	IS00	18315	31.4167	34.3333	-797156	4	Gaza, Israel (general), Israel	IS	IS00	18315	31.4167	34.3333	-797156	20251010164500	https://www.ynetnews.com/article/bknmitl6eg
1267917584	20251010	202510	2025	2025.7671	COP	PRISON						COP			PSE	GAZA	PSE								0	1711	171	17	4	-9.2	2	1	2	-7.45033112582781	1	Spain	SP	SP		40	-4	SP	1	Spain	SP	SP		40	-4	SP	1	Spain	SP	SP		40	-4	SP	20251010164500	https://www.ynetnews.com/article/bknmitl6eg
1267917585	20251010	202510	2025	2025.7671	COP	POLICE						COP			ROU	ROMANIA									0	090	090	09	2	-2.0	4	1	4	-4.26540284360189	4	Bucharest, Bucuresti, Romania	RO	RO10	25006	44.4333	26.1	-1153951	4	Bucharest, Bucuresti, Romania	RO	RO10	25006	44.4333	26.1	-1153951	4	Bucharest, Bucuresti, Romania	RO	RO10	25006	44.4333	26.1	-1153951	20251010164500	https://www.dailymail.co.uk/news/article-15178083/Undercover-spy-infiltrated-Newbury-Pass-eco-warriors-unmasked-paedophile-tried-sex-children-young-six.html
1267917586	20251010	202510	2025	2025.7671	COP	POLICE						COP			SPY	INTELLIGENCE						SPY			1	010	010	01	1	0.0	5	1	5	-5.97402597402597	0								0								0								20251010164500	https://patch.com/maryland/odenton/gambrills-catholic-school-cancels-classes-after-rumors-threat
1267917587	20251010	202510	2025	2025.7671	COP	POLICE						COP			UAF	TERRORIST						UAF			1	190	190	19	4	-10.0	10	1	10	-8.63309352517985	4	Bannu, Punjab, Pakistan	PK	PK04	23658	31.2833	73.25	-2755884	4	Bannu, Punjab, Pakistan	PK	PK04	23658	31.2833	73.25	-2755884	4	Bannu, Punjab, Pakistan	PK	PK04	23658	31.2833	73.25	-2755884	20251010164500	https://english.news.cn/asiapacific/20251010/601ed5056f92449bb561411aac77b94a/c.html
1267917588	20251010	202510	2025	2025.7671	COP	DEPUTY						COP			USA	UNITED STATES	USA								0	010	010	01	1	0.0	4	1	4	-6.77777777777777	2	New Hampshire, United States	US	USNH		43.4108	-71.5653	NH	2	New Hampshire, United States	US	USNH		43.4108	-71.5653	NH	2	New Hampshire, United States	US	USNH		43.4108	-71.5653	NH	20251010164500	https://patch.com/new-hampshire/concord-nh/homeless-man-concord-arrested-strangulation-assault-charges-after-incident
1267917589	20251010	202510	2025	2025.7671	COP	POLICE CHIEF						COP			USA	UNITED STATES	USA								1	013	013	01	1	0.4	1	1	1	-5.32687651331719	3	Philadelphia, Pennsylvania, United States	US	USPA	PA101	39.9523	-75.1638	1209052	3	Philadelphia, Pennsylvania, United States	US	USPA	PA101	39.9523	-75.1638	1209052	3	Philadelphia, Pennsylvania, United States	US	USPA	PA101	39.9523	-75.1638	1209052	20251010164500	https://www.wokv.com/news/national-guard/3MEPSLWBL424PDVWJYGGGKRK5I/
1267917590	20251010	202510	2025	2025.7671	COP	POLICE						COP			USA	JERSEY	USA								1	020	020	02	1	3.0	10	1	10	-6.64993726474279	1	Jersey	JE	JE		49.216667	-2.116667	JE	1	Jersey	JE	JE		49.216667	-2.116667	JE	1	Jersey	JE	JE		49.216667	-2.116667	JE	20251010164500	https://www.workerscompensation.com/daily-headlines/arrest-made-in-bear-spray-attack-on-worker/
1267917591	20251010	202510	2025	2025.7671	COP	DETECTIVE						COP			USA	UNITED STATES	USA								0	040	040	04	1	1.0	4	1	4	-6.77777777777777	2	New Hampshire, United States	US	USNH		43.4108	-71.5653	NH	2	New Hampshire, United States	US	USNH		43.4108	-71.5653	NH	2	New Hampshire, United States	US	USNH		43.4108	-71.5653	NH	20251010164500	https://patch.com/new-hampshire/concord-nh/homeless-man-concord-arrested-strangulation-assault-charges-after-incident
1267917592	20251010	202510	2025	2025.7671	COP	PRISON						COP			USA	ALABAMA	USA								1	042	042	04	1	1.9	10	1	10	-3.16239316239316	2	Alabama, United States	US	USAL		32.799	-86.8073	AL	2	Alabama, United States	US	USAL		32.799	-86.8073	AL	2	Alabama, United States	US	USAL		32.799	-86.8073	AL	20251010164500	https://www.goldderby.com/film/2025/the-alabama-solution-hbo-prison-documentary-interview/
1267917593	20251010	202510	2025	2025.7671	COP	PRISON						COP			USA	UNITED STATES	USA								1	043	043	04	1	2.8	8	1	8	-3.16239316239316	2	Alabama, United States	US	USAL		32.799	-86.8073	AL	2	Alabama, United States	US	USAL		32.799	-86.8073	AL	2	Alabama, United States	US	USAL		32.799	-86.8073	AL	20251010164500	https://www.goldderby.com/film/2025/the-alabama-solution-hbo-prison-documentary-interview/
1267917594	20251010	202510	2025	2025.7671	COP	POLICE OFFICER						COP			USA	UNITED STATES	USA								1	090	090	09	2	-2.0	2	1	2	-7.12589073634205	3	Plainfield, Wisconsin, United States	US	USWI	WI137	44.2139	-89.4923	1571576	2	Texas, United States	US	USTX		31.106	-97.6475	TX	3	Plainfield, Wisconsin, United States	US	USWI	WI137	44.2139	-89.4923	1571576	20251010164500	https://www.yahoo.com/entertainment/movies/articles/ed-gein-crime-scene-photos-151252395.html
1267917595	20251010	202510	2025	2025.7671	COP	DEPUTY						COP			USA	UNITED STATES	USA								0	090	090	09	2	-2.0	4	1	4	-6.77777777777777	2	New Hampshire, United States	US	USNH		43.4108	-71.5653	NH	2	New Hampshire, United States	US	USNH		43.4108	-71.5653	NH	2	New Hampshire, United States	US	USNH		43.4108	-71.5653	NH	20251010164500	https://patch.com/new-hampshire/concord-nh/homeless-man-concord-arrested-strangulation-assault-charges-after-incident
1267917596	20251010	202510	2025	2025.7671	COP	POLICE OFFICER						COP			USA	UNITED STATES	USA								1	090	090	09	2	-2.0	2	1	2	-7.12589073634205	2	Wisconsin, United States	US	USWI		44.2563	-89.6385	WI	2	Texas, United States	US	USTX		31.106	-97.6475	TX	2	Wisconsin, United States	US	USWI		44.2563	-89.6385	WI	20251010164500	https://www.yahoo.com/entertainment/movies/articles/ed-gein-crime-scene-photos-151252395.html
1267917597	20251010	202510	2025	2025.7671	COPCVL	PRISON						COP	CVL		OPP	PRISONER						OPP			1	173	173	17	4	-5.0	1	1	1	-6.89655172413793	4	Patiala, Punjab, India	IN	IN23	17831	30.3267	76.4003	-2107479	4	Patiala, Punjab, India	IN	IN23	17831	30.3267	76.4003	-2107479	4	Patiala, Punjab, India	IN	IN23	17831	30.3267	76.4003	-2107479	20251010164500	https://www.tribuneindia.com/news/india/sc-issues-notice-to-centre-ec-on-pil-seeking-restoration-of-undertrials-voting-rights/
1267917598	20251010	202510	2025	2025.7671	COPGOV	PRISON						COP	GOV												1	1711	171	17	4	-9.2	10	1	10	-3.16239316239316	2	Alabama, United States	US	USAL		32.799	-86.8073	AL	0								2	Alabama, United States	US	USAL		32.799	-86.8073	AL	20251010164500	https://www.goldderby.com/film/2025/the-alabama-solution-hbo-prison-documentary-interview/
1267917599	20251010	202510	2025	2025.7671	CRM	JAILBIRD						CRM													1	033	033	03	1	5.2	5	1	5	1.03092783505155	0								0								0								20251010164500	https://abcnews4.com/news/local/cresswind-aims-to-turn-summerville-pink-with-unique-fundraiser-for-breast-cancer-nonprofit-wciv-abc-news-4-2025-dorchester-county-sheriffs-office-empowerment-alala-cancer-society-theater-community-impact-events
1267917600	20251010	202510	2025	2025.7671	CRM	CARTEL						CRM													0	042	042	04	1	1.9	6	1	6	-0.10913059294289	1	Marshall Islands	RM	RM		10	167	RM	0								1	Marshall Islands	RM	RM		10	167	RM	20251010164500	https://www.guitarworld.com/artists/guitarists/jake-e-lee-back-to-the-beginning
1267917601	20251010	202510	2025	2025.7671	CRM	CRIMINAL						CRM													0	080	080	08	2	5.0	1	1	1	-6.63176265270506	4	Karachi, Sindh, Pakistan	PK	PK05	40398	24.8667	67.05	-2764584	0								4	Karachi, Sindh, Pakistan	PK	PK05	40398	24.8667	67.05	-2764584	20251010164500	https://tribune.com.pk/story/2571707/sindh-home-minister-confirms-lyari-gang-ringleaders-operating-from-iran
1267917602	20251010	202510	2025	2025.7671	CRM	CRIMINAL						CRM													0	080	080	08	2	5.0	4	1	4	-6.63176265270506	4	Lanjar, Balochistan, Pakistan	PK	PK02	40300	27.4949	66.1966	10674894	0								4	Lanjar, Balochistan, Pakistan	PK	PK02	40300	27.4949	66.1966	10674894	20251010164500	https://tribune.com.pk/story/2571707/sindh-home-minister-confirms-lyari-gang-ringleaders-operating-from-iran
1267917603	20251010	202510	2025	2025.7671	CRM	SMUGGLER						CRM													1	110	110	11	3	-2.0	6	1	6	2.16049382716049	3	Boston, Massachusetts, United States	US	USMA	MA025	42.3584	-71.0598	617565	0								3	Boston, Massachusetts, United States	US	USMA	MA025	42.3584	-71.0598	617565	20251010164500	https://www.boston.com/travel/travel/2025/10/10/cosmic-tubing-is-coming-to-new-hampshire-this-winter/
1267917604	20251010	202510	2025	2025.7671	CRM	SMUGGLER						CRM													1	110	110	11	3	-2.0	4	1	4	2.16049382716049	2	New Hampshire, United States	US	USNH		43.4108	-71.5653	NH	0								2	New Hampshire, United States	US	USNH		43.4108	-71.5653	NH	20251010164500	https://www.boston.com/travel/travel/2025/10/10/cosmic-tubing-is-coming-to-new-hampshire-this-winter/
1267917605	20251010	202510	2025	2025.7671	CRM	CRIMINAL						CRM													1	128	128	12	3	-5.0	8	1	8	-5.3398058252427	4	Palakkad, Kerala, India	IN	IN13	17867	10.7725	76.6514	-2106856	0								4	Palakkad, Kerala, India	IN	IN13	17867	10.7725	76.6514	-2106856	20251010164500	https://english.mathrubhumi.com/news/kerala/kerala-swami-bail-mumbai-cheating-case-gmxxj800
1267917606	20251010	202510	2025	2025.7671	CRM	PAEDOPHILE						CRM													0	173	173	17	4	-5.0	2	1	2	-4.26540284360189	4	Bucharest, Bucuresti, Romania	RO	RO10	25006	44.4333	26.1	-1153951	0								4	Bucharest, Bucuresti, Romania	RO	RO10	25006	44.4333	26.1	-1153951	20251010164500	https://www.dailymail.co.uk/news/article-15178083/Undercover-spy-infiltrated-Newbury-Pass-eco-warriors-unmasked-paedophile-tried-sex-children-young-six.html
1267917607	20251010	202510	2025	2025.7671	CRM	PAEDOPHILE						CRM													0	173	173	17	4	-5.0	8	1	8	-4.26540284360189	4	Newbury, West Berkshire, United Kingdom	UK	UKP4	40096	51.4	-1.31667	-2603950	0								4	Newbury, West Berkshire, United Kingdom	UK	UKP4	40096	51.4	-1.31667	-2603950	20251010164500	https://www.dailymail.co.uk/news/article-15178083/Undercover-spy-infiltrated-Newbury-Pass-eco-warriors-unmasked-paedophile-tried-sex-children-young-six.html
1267917608	20251010	202510	2025	2025.7671	CRM	CRIMINAL						CRM													0	173	173	17	4	-5.0	10	1	10	-6.48351648351648	2	Colorado, United States	US	USCO		39.0646	-105.327	CO	0								2	Colorado, United States	US	USCO		39.0646	-105.327	CO	20251010164500	https://www.durangoherald.com/articles/aclu-colorado-law-firms-sue-ice-to-stop-indiscriminate-arrests-and-detentions/
1267917609	20251010	202510	2025	2025.7671	CRM	ROBBER						CRM													1	191	191	19	4	-9.5	10	1	10	-12.9533678756477	0								0								0								20251010164500	https://www.ghanaweb.com/GhanaHomePage/NewsArchive/One-killed-three-injured-in-armed-robbery-attack-on-Duuklotuk-Nakpanduri-highway-2004571
1267917610	20251010	202510	2025	2025.7671	CRM	ROBBER						CRM													1	193	193	19	4	-10.0	10	1	10	-4.46009389671361	4	Sao Paulo, SãPaulo, Brazil	BR	BR27	11543	-23.5333	-46.6167	-671824	0								4	Sao Paulo, SãPaulo, Brazil	BR	BR27	11543	-23.5333	-46.6167	-671824	20251010164500	https://www.hindustantimes.com/trending/chinese-businessman-survives-gun-robbery-in-brazil-finds-bullet-lodged-in-his-laptop-101760112458963.html
1267917611	20251010	202510	2025	2025.7671	CRM	FELON						CRM			EDU	SCHOOL						EDU			1	173	173	17	4	-5.0	10	1	10	-7.28862973760933	2	Virginia, United States	US	USVA		37.768	-78.2057	VA	2	Virginia, United States	US	USVA		37.768	-78.2057	VA	2	Virginia, United States	US	USVA		37.768	-78.2057	VA	20251010164500	https://www.29news.com/2025/10/09/teen-sentenced-prison-taking-gun-school/
1267917612	20251010	202510	2025	2025.7671	CRM	GANG						CRM			GOV	CHIEF MINISTER						GOV			1	010	010	01	1	0.0	5	1	5	-3.07167235494881	4	Pune, Maharashtra, India	IN	IN16	70178	18.5333	73.8667	-2108361	4	Pune, Maharashtra, India	IN	IN16	70178	18.5333	73.8667	-2108361	4	Pune, Maharashtra, India	IN	IN16	70178	18.5333	73.8667	-2108361	20251010164500	https://indianexpress.com/article/cities/mumbai/gun-license-approval-sena-ubt-ramdas-and-yogesh-kadam-10299907/
1267917613	20251010	202510	2025	2025.7671	CRM	CRIMINAL						CRM			GOV	PRESIDENT						GOV			1	016	016	01	1	-2.0	6	1	6	-10.3510351035103	2	New York, United States	US	USNY		42.1497	-74.9384	NY	2	New York, United States	US	USNY		42.1497	-74.9384	NY	2	New York, United States	US	USNY		42.1497	-74.9384	NY	20251010164500	https://globalnews.ca/news/11473387/trump-comey-trial-analysis/
1267917614	20251010	202510	2025	2025.7671	CRM	CRIMINAL						CRM			GOV	CHIEF MINISTER						GOV			0	080	080	08	2	5.0	1	1	1	-6.63176265270506	4	Karachi, Sindh, Pakistan	PK	PK05	40398	24.8667	67.05	-2764584	4	Karachi, Sindh, Pakistan	PK	PK05	40398	24.8667	67.05	-2764584	4	Karachi, Sindh, Pakistan	PK	PK05	40398	24.8667	67.05	-2764584	20251010164500	https://tribune.com.pk/story/2571707/sindh-home-minister-confirms-lyari-gang-ringleaders-operating-from-iran
1267917615	20251010	202510	2025	2025.7671	CRM	CRIMINAL						CRM			GOV	CHIEF MINISTER						GOV			0	080	080	08	2	5.0	1	1	1	-6.63176265270506	4	Lanjar, Balochistan, Pakistan	PK	PK02	40300	27.4949	66.1966	10674894	4	Karachi, Sindh, Pakistan	PK	PK05	40398	24.8667	67.05	-2764584	4	Lanjar, Balochistan, Pakistan	PK	PK02	40300	27.4949	66.1966	10674894	20251010164500	https://tribune.com.pk/story/2571707/sindh-home-minister-confirms-lyari-gang-ringleaders-operating-from-iran
1267917616	20251010	202510	2025	2025.7671	CRM	CRIMINAL						CRM			GOV	CHIEF MINISTER						GOV			0	080	080	08	2	5.0	3	1	3	-6.63176265270506	4	Lanjar, Balochistan, Pakistan	PK	PK02	40300	27.4949	66.1966	10674894	4	Lanjar, Balochistan, Pakistan	PK	PK02	40300	27.4949	66.1966	10674894	4	Lanjar, Balochistan, Pakistan	PK	PK02	40300	27.4949	66.1966	10674894	20251010164500	https://tribune.com.pk/story/2571707/sindh-home-minister-confirms-lyari-gang-ringleaders-operating-from-iran
1267917617	20251010	202510	2025	2025.7671	CRM	CARTEL						CRM			MHL	MARSHALL ISLANDS	MHL								0	043	043	04	1	2.8	4	1	4	-0.10913059294289	1	Marshall Islands	RM	RM		10	167	RM	1	Marshall Islands	RM	RM		10	167	RM	1	Marshall Islands	RM	RM		10	167	RM	20251010164500	https://www.guitarworld.com/artists/guitarists/jake-e-lee-back-to-the-beginning
1267917618	20251010	202510	2025	2025.7671	CRMJUD	CRIMINAL						CRM	JUD												0	0231	023	02	1	3.4	5	1	5	-8.33333333333333	2	New York, United States	US	USNY		42.1497	-74.9384	NY	0								2	New York, United States	US	USNY		42.1497	-74.9384	NY	20251010164500	https://www.independentsentinel.com/erick-erickson-on-the-persecution-of-democrats/
1267917619	20251010	202510	2025	2025.7671	CRMJUD	CRIMINAL						CRM	JUD		USA	UNITED STATES	USA								0	036	036	03	1	4.0	1	1	1	-5.37459283387622	1	El Salvador	ES	ES		13.833333	-88.916667	ES	2	Tennessee, United States	US	USTN		35.7449	-86.7489	TN	2	Tennessee, United States	US	USTN		35.7449	-86.7489	TN	20251010164500	https://www.klkl.fm/syndicated-article/?id=1640889
1267917620	20251010	202510	2025	2025.7671	CRMJUD	CRIMINAL						CRM	JUD		USA	UNITED STATES	USA								0	110	110	11	3	-2.0	1	1	1	-5.37459283387622	1	El Salvador	ES	ES		13.833333	-88.916667	ES	3	Baltimore, Maryland, United States	US	USMD	MD510	39.2904	-76.6122	597040	3	Baltimore, Maryland, United States	US	USMD	MD510	39.2904	-76.6122	597040	20251010164500	https://www.klkl.fm/syndicated-article/?id=1640889
1267917621	20251010	202510	2025	2025.7671	CVL	COMMUNITY						CVL													0	010	010	01	1	0.0	7	1	5	1.50537634408602	4	Ottawa, Ontario, Canada	CA	CA08	12755	45.4167	-75.7	-570760	0								4	Ottawa, Ontario, Canada	CA	CA08	12755	45.4167	-75.7	-570760	20251010164500	https://www.cbc.ca/news/canada/manitoba/kivalliq-hydro-fibre-link-nunavut-9.6931778
1267917622	20251010	202510	2025	2025.7671	CVL	COMMUNITY						CVL													0	010	010	01	1	0.0	3	1	3	1.50537634408602	4	Rankin Inlet, Nunavut, Canada	CA	CA14	25042	62.8167	-92.0833	-572004	0								4	Rankin Inlet, Nunavut, Canada	CA	CA14	25042	62.8167	-92.0833	-572004	20251010164500	https://www.cbc.ca/news/canada/manitoba/kivalliq-hydro-fibre-link-nunavut-9.6931778
1267917623	20251010	202510	2025	2025.7671	CVL	COMMUNITY						CVL													0	010	010	01	1	0.0	3	1	3	0.34013605442177	3	San Antonio, Texas, United States	US	USTX	TX029	29.4241	-98.4936	1380951	0								2	Florida, United States	US	USFL		27.8333	-81.717	FL	20251010164500	https://www.sacurrent.com/news/san-antonio-news/san-antonio-likely-to-seek-exemption-from-governors-order-on-rainbow-crosswalks/
1267917624	20251010	202510	2025	2025.7671	CVL	SCIENTIST						CVL													1	012	012	01	1	-0.4	10	1	10	0.26631158455393	4	London, London, City of, United Kingdom	UK	UKH9	40110	51.5	-0.116667	-2601889	0								4	London, London, City of, United Kingdom	UK	UKH9	40110	51.5	-0.116667	-2601889	20251010164500	https://www.dailymail.co.uk/home/you/article-15166663/Wrinkles-dryness-cancer-beauty-editor-Ill-NEVER-gel-manicure-incredible-products-work-just-well.html
1267917625	20251010	202510	2025	2025.7671	CVL	RESIDENTS						CVL													1	012	012	01	1	-0.4	10	1	10	-1.46471371504661	2	Maryland, United States	US	USMD		39.0724	-76.7902	MD	0								2	Maryland, United States	US	USMD		39.0724	-76.7902	MD	20251010164500	https://wcbm.com/local-story/third-lawsuit-filed-in-transmission-saga-developers-seek-access-to-more-private-property/
1267917626	20251010	202510	2025	2025.7671	CVL	CITIZEN						CVL													1	013	013	01	1	0.4	3	1	3	4.80549199084668	4	Beijing, Beijing, China	CH	CH22	13001	39.9289	116.388	-1898541	0								4	Beijing, Beijing, China	CH	CH22	13001	39.9289	116.388	-1898541	20251010164500	https://www.pakistantoday.com.pk/2025/10/10/chinas-social-safety-net-widens-its-reach-over-14th-five-year-plan-period/
1267917627	20251010	202510	2025	2025.7671	CVL	CITIZEN						CVL													0	013	013	01	1	0.4	6	1	6	1.44578313253012	3	White House, District of Columbia, United States	US	USDC		38.8951	-77.0364	531871	0								3	White House, District of Columbia, United States	US	USDC		38.8951	-77.0364	531871	20251010164500	https://www.pakistantoday.com.pk/2025/10/10/venezuela-opposition-leader-maria-corina-machado-wins-nobel-peace-prize/
1267917628	20251010	202510	2025	2025.7671	CVL	VILLAGE						CVL													1	016	016	01	1	-2.0	1	1	1	-7.26172465960666	3	Kenilworth, Illinois, United States	US	USIL	IL031	42.0859	-87.7176	411396	0								3	Glencoe, Illinois, United States	US	USIL	IL031	42.135	-87.7581	409066	20251010164500	https://therealdeal.com/chicago/2025/10/10/federal-judge-dismisses-winnetka-lakefront-construction-lawsuit/
1267917629	20251010	202510	2025	2025.7671	CVL	VILLAGE						CVL													1	016	016	01	1	-2.0	1	1	1	-7.26172465960666	3	Lake Forest, Illinois, United States	US	USIL	IL097	42.2586	-87.8406	411708	0								3	Lake Forest, Illinois, United States	US	USIL		42.2586	-87.8406	411708	20251010164500	https://therealdeal.com/chicago/2025/10/10/federal-judge-dismisses-winnetka-lakefront-construction-lawsuit/
1267917630	20251010	202510	2025	2025.7671	CVL	HUNTER						CVL													0	016	016	01	1	-2.0	3	1	3	-10.3510351035103	3	White House, District of Columbia, United States	US	USDC		38.8951	-77.0364	531871	0								3	White House, District of Columbia, United States	US	USDC		38.8951	-77.0364	531871	20251010164500	https://globalnews.ca/news/11473387/trump-comey-trial-analysis/
1267917631	20251010	202510	2025	2025.7671	CVL	RESIDENTS						CVL													1	020	020	02	1	3.0	10	1	10	-10.3559870550161	4	Adukrom, Ghana (general), Ghana	GH	GH00	16664	6.35518	-2.2818	-2068269	0								4	Adukrom, Ghana (general), Ghana	GH	GH00	16664	6.35518	-2.2818	-2068269	20251010164500	https://gna.org.gh/2025/10/passengers-brake-action-triggers-deadly-crash-on-somanya-adukrom-road/
1267917632	20251010	202510	2025	2025.7671	CVL	COMMUNITY						CVL													0	0311	031	03	1	5.2	10	1	10	-1.58102766798419	0								0								0								20251010164500	https://www.odt.co.nz/southland/farmer-opposes-proposed-wind-farm
1267917633	20251010	202510	2025	2025.7671	CVL	COMMUNITY						CVL													0	043	043	04	1	2.8	5	1	5	4.20353982300885	4	Kasol, Himachal Pradesh, India	IN	IN11	17673	32.0167	77.3167	-2100000	0								4	Kasol, Himachal Pradesh, India	IN	IN11	17673	32.0167	77.3167	-2100000	20251010164500	https://travelbizmonitor.com/top-stories/the-hostel-co-redefines-budget-travel-in-india/
1267917634	20251010	202510	2025	2025.7671	CVL	COMMUNITY						CVL													0	043	043	04	1	2.8	10	1	10	3.11377245508982	4	Douala, Littoral, Cameroon	CM	CM05	18585	3.75528	9.94472	-3148347	0								4	Douala, Littoral, Cameroon	CM	CM05	18585	3.75528	9.94472	-3148347	20251010164500	https://www.kennesaw.edu/news/stories/2025/honors-student-builds-pathways-to-learning-in-cameroon.php
1267917635	20251010	202510	2025	2025.7671	CVL	HUNTER						CVL													1	051	051	05	1	3.4	6	1	6	2.07547169811321	1	New Zealand	NZ	NZ		-42	174	NZ	0								1	New Zealand	NZ	NZ		-42	174	NZ	20251010164500	https://www.attitude.co.uk/culture/film-tv/hunter-doohan-queer-visibility-advice-young-actors-499379/
1267917636	20251010	202510	2025	2025.7671	CVL	SCIENTIST						CVL													0	090	090	09	2	-2.0	10	1	10	-4.83609217786433	4	Metro Manila, Philippines (general), Philippines	RP	RP00	24210	14.5833	121	-2439768	0								4	Metro Manila, Philippines (general), Philippines	RP	RP00	24210	14.5833	121	-2439768	20251010164500	https://outoftownblog.com/is-the-philippines-ready-for-the-big-one/
1267917637	20251010	202510	2025	2025.7671	CVL	CITIZEN						CVL													0	111	111	11	3	-2.0	2	1	2	-2.87539936102237	4	Junnar, Maharashtra, India	IN	IN16	70178	19.2	73.8833	-2098790	0								4	Junnar, Maharashtra, India	IN	IN16	70178	19.2	73.8833	-2098790	20251010164500	https://www.freepressjournal.in/pune/nashik-mp-rajabhau-waje-urges-centre-for-leopard-conservation-project-amid-rising-human-wildlife-conflict
1267917638	20251010	202510	2025	2025.7671	CVL	CITIZEN						CVL													0	111	111	11	3	-2.0	8	1	8	-2.87539936102237	4	Pune, Maharashtra, India	IN	IN16	70178	18.5333	73.8667	-2108361	0								4	Pune, Maharashtra, India	IN	IN16	70178	18.5333	73.8667	-2108361	20251010164500	https://www.freepressjournal.in/pune/nashik-mp-rajabhau-waje-urges-centre-for-leopard-conservation-project-amid-rising-human-wildlife-conflict
1267917639	20251010	202510	2025	2025.7671	CVL	CIVILIAN						CVL													0	138	138	13	3	-7.0	3	1	3	-6.99062233589087	4	Hebron, Israel (general), Israel	IS	IS00	18315	31.5333	35.1	-793097	0								4	Jerusalem, Israel (general), Israel	IS	IS00	18315	31.7667	35.2333	-797092	20251010164500	https://www.hakolhayehudi.co.il/item/english/thousands_of_terrorists_to_be_released__their_names_and_crimes
1267917640	20251010	202510	2025	2025.7671	CVL	CITIZEN						CVL													0	141	141	14	3	-6.5	10	1	10	-9.42028985507248	4	Kobe, Hyogo, Japan	JA	JA13	34432	34.6833	135.167	-233817	0								4	Kobe, Hyogo, Japan	JA	JA13	34432	34.6833	135.167	-233817	20251010164500	https://www.odt.co.nz/opinion/swarbrick-culpable-hypocrisy
1267917641	20251010	202510	2025	2025.7671	CVL	IMMIGRANT						CVL													1	174	174	17	4	-5.0	5	1	5	-5.62770562770563	2	Pennsylvania, United States	US	USPA		40.5773	-77.264	PA	0								2	Pennsylvania, United States	US	USPA		40.5773	-77.264	PA	20251010164500	https://www.newsweek.com/ice-detains-green-card-holder-toll-booth-10861101
1267917642	20251010	202510	2025	2025.7671	CVL	RESIDENTS						CVL			AUSHLH	VICTORIA	AUS					HLH			1	020	020	02	1	3.0	5	1	5	3.99032648125756	4	Glasgow, Glasgow City, United Kingdom	UK	UKV2	40176	55.8333	-4.25	-2597039	4	Glasgow, Glasgow City, United Kingdom	UK	UKV2	40176	55.8333	-4.25	-2597039	4	Glasgow, Glasgow City, United Kingdom	UK	UKV2	40176	55.8333	-4.25	-2597039	20251010164500	https://www.scottishhousingnews.com/articles/sanctuary-scotland-delivers-136-affordable-homes-in-glasgows-south-side
1267917643	20251010	202510	2025	2025.7671	CVL	COMMUNITY						CVL			CAN	CANADA	CAN								0	040	040	04	1	1.0	4	1	2	1.50537634408602	4	Ottawa, Ontario, Canada	CA	CA08	12755	45.4167	-75.7	-570760	4	Ottawa, Ontario, Canada	CA	CA08	12755	45.4167	-75.7	-570760	4	Ottawa, Ontario, Canada	CA	CA08	12755	45.4167	-75.7	-570760	20251010164500	https://www.cbc.ca/news/canada/manitoba/kivalliq-hydro-fibre-link-nunavut-9.6931778
1267917644	20251010	202510	2025	2025.7671	CVL	VILLAGE						CVL			CVLJUD	VILLAGE						CVL	JUD		1	016	016	01	1	-2.0	2	1	2	-7.26172465960666	3	Lake Forest, Illinois, United States	US	USIL	IL097	42.2586	-87.8406	411708	3	Lake Forest, Illinois, United States	US	USIL		42.2586	-87.8406	411708	3	Lake Forest, Illinois, United States	US	USIL		42.2586	-87.8406	411708	20251010164500	https://therealdeal.com/chicago/2025/10/10/federal-judge-dismisses-winnetka-lakefront-construction-lawsuit/
1267917645	20251010	202510	2025	2025.7671	CVL	COMMUNITY						CVL			GOV	PRESIDENT						GOV			0	040	040	04	1	1.0	5	1	4	1.50537634408602	4	Ottawa, Ontario, Canada	CA	CA08	12755	45.4167	-75.7	-570760	4	Ottawa, Ontario, Canada	CA	CA08	12755	45.4167	-75.7	-570760	4	Ottawa, Ontario, Canada	CA	CA08	12755	45.4167	-75.7	-570760	20251010164500	https://www.cbc.ca/news/canada/manitoba/kivalliq-hydro-fibre-link-nunavut-9.6931778
1267917646	20251010	202510	2025	2025.7671	CVL	COMMUNITY						CVL			GOV	PRESIDENT						GOV			0	040	040	04	1	1.0	3	1	3	1.50537634408602	4	Rankin Inlet, Nunavut, Canada	CA	CA14	25042	62.8167	-92.0833	-572004	4	Rankin Inlet, Nunavut, Canada	CA	CA14	25042	62.8167	-92.0833	-572004	4	Rankin Inlet, Nunavut, Canada	CA	CA14	25042	62.8167	-92.0833	-572004	20251010164500	https://www.cbc.ca/news/canada/manitoba/kivalliq-hydro-fibre-link-nunavut-9.6931778
1267917647	20251010	202510	2025	2025.7671	CVL	VOTER						CVL			GOV	MAYOR						GOV			0	084	084	08	2	7.0	6	1	6	1.64233576642336	1	Israel	IS	IS		31.5	34.75	IS	1	Israel	IS	IS		31.5	34.75	IS	1	Israel	IS	IS		31.5	34.75	IS	20251010164500	https://www.clevelandjewishnews.com/jta/why-do-we-have-to-waste-a-few-weeks-satmar-rabbi-congratulates-mamdani-during-williamsburg/article_70c86a64-eb9d-5a79-a3fa-c718d16c4f44.html
1267917648	20251010	202510	2025	2025.7671	CVL	RESIDENTS						CVL			GOVPTY	RULING ALLIANCE						GOV			0	046	046	04	1	7.0	10	1	10	-6	0								0								0								20251010164500	https://www.freepressjournal.in/pune/bjp-leader-mama-rajwade-arrested-in-nashik-firing-case-amid-cms-visit
1267917649	20251010	202510	2025	2025.7671	CVL	CITIZEN						CVL			JAM	KINGSTON	JAM								1	036	036	03	1	4.0	10	1	10	1.42857142857143	0								0								0								20251010164500	https://www.dailyfreeman.com/2025/10/10/sawkill-senior-citizens-meet-oct-13-at-kingston-town-hall/
1267917650	20251010	202510	2025	2025.7671	CVL	COMMUNITY						CVL			JAM	KINGSTON	JAM								1	051	051	05	1	3.4	10	1	10	7.54716981132075	0								0								0								20251010164500	https://www.cfrc.ca/news-events/news/2025/october/help-inspire-artwork-for-the-isabel-turner-branch-at-kfpl-s-painting-our-community-event
1267917651	20251010	202510	2025	2025.7671	CVL	RESIDENTS						CVL			LAB	WORKER						LAB			1	020	020	02	1	3.0	5	1	5	3.99032648125756	4	Glasgow, Glasgow City, United Kingdom	UK	UKV2	40176	55.8333	-4.25	-2597039	4	Glasgow, Glasgow City, United Kingdom	UK	UKV2	40176	55.8333	-4.25	-2597039	4	Glasgow, Glasgow City, United Kingdom	UK	UKV2	40176	55.8333	-4.25	-2597039	20251010164500	https://www.scottishhousingnews.com/articles/sanctuary-scotland-delivers-136-affordable-homes-in-glasgows-south-side
1267917652	20251010	202510	2025	2025.7671	CVL	COMMUNITY						CVL			USA	UNITED STATES	USA								0	010	010	01	1	0.0	2	1	2	0.34013605442177	3	San Antonio, Texas, United States	US	USTX	TX029	29.4241	-98.4936	1380951	3	San Antonio, Texas, United States	US	USTX		29.4241	-98.4936	1380951	3	San Antonio, Texas, United States	US	USTX		29.4241	-98.4936	1380951	20251010164500	https://www.sacurrent.com/news/san-antonio-news/san-antonio-likely-to-seek-exemption-from-governors-order-on-rainbow-crosswalks/
1267917653	20251010	202510	2025	2025.7671	CVL	VILLAGE						CVL			USA	UNITED STATES	USA								1	016	016	01	1	-2.0	1	1	1	-7.26172465960666	3	Kenilworth, Illinois, United States	US	USIL	IL031	42.0859	-87.7176	411396	3	Glencoe, Illinois, United States	US	USIL	IL031	42.135	-87.7581	409066	3	Glencoe, Illinois, United States	US	USIL	IL031	42.135	-87.7581	409066	20251010164500	https://therealdeal.com/chicago/2025/10/10/federal-judge-dismisses-winnetka-lakefront-construction-lawsuit/
1267917654	20251010	202510	2025	2025.7671	CVL	VILLAGE						CVL			USA	UNITED STATES	USA								1	016	016	01	1	-2.0	1	1	1	-7.26172465960666	3	Lake Forest, Illinois, United States	US	USIL	IL097	42.2586	-87.8406	411708	3	Lake Forest, Illinois, United States	US	USIL		42.2586	-87.8406	411708	3	Lake Forest, Illinois, United States	US	USIL		42.2586	-87.8406	411708	20251010164500	https://therealdeal.com/chicago/2025/10/10/federal-judge-dismisses-winnetka-lakefront-construction-lawsuit/
1267917655	20251010	202510	2025	2025.7671	CVL	HUNTER						CVL			USA	UNITED STATES	USA								1	051	051	05	1	3.4	2	1	2	2.07547169811321	1	New Zealand	NZ	NZ		-42	174	NZ	3	Hollywood, California, United States	US	USCA	CA037	34.0983	-118.327	1660757	3	Hollywood, California, United States	US	USCA	CA037	34.0983	-118.327	1660757	20251010164500	https://www.attitude.co.uk/culture/film-tv/hunter-doohan-queer-visibility-advice-young-actors-499379/
1267917656	20251010	202510	2025	2025.7671	CVL	COMMUNITY						CVL			USA	LOS ANGELES	USA								1	160	160	16	4	-4.0	5	1	5	-2.63929618768329	0								0								0								20251010164500	https://therealdeal.com/la/2025/10/10/bass-asks-council-to-pass-measure-ula-resi-exemption/
1267917657	20251010	202510	2025	2025.7671	CVL	VILLAGE						CVL			USACVL	UNITED STATES	USA					CVL			1	016	016	01	1	-2.0	4	1	4	-7.26172465960666	3	Lake Forest, Illinois, United States	US	USIL	IL097	42.2586	-87.8406	411708	3	Lake Forest, Illinois, United States	US	USIL		42.2586	-87.8406	411708	3	Lake Forest, Illinois, United States	US	USIL		42.2586	-87.8406	411708	20251010164500	https://therealdeal.com/chicago/2025/10/10/federal-judge-dismisses-winnetka-lakefront-construction-lawsuit/
1267917658	20251010	202510	2025	2025.7671	CVL	COMMUNITY						CVL			kno	KONO			kno						0	040	040	04	1	1.0	5	1	4	1.50537634408602	4	Ottawa, Ontario, Canada	CA	CA08	12755	45.4167	-75.7	-570760	4	Ottawa, Ontario, Canada	CA	CA08	12755	45.4167	-75.7	-570760	4	Ottawa, Ontario, Canada	CA	CA08	12755	45.4167	-75.7	-570760	20251010164500	https://www.cbc.ca/news/canada/manitoba/kivalliq-hydro-fibre-link-nunavut-9.6931778
1267917659	20251010	202510	2025	2025.7671	CVL	COMMUNITY						CVL			kno	KONO			kno						0	040	040	04	1	1.0	3	1	3	1.50537634408602	4	Rankin Inlet, Nunavut, Canada	CA	CA14	25042	62.8167	-92.0833	-572004	4	Rankin Inlet, Nunavut, Canada	CA	CA14	25042	62.8167	-92.0833	-572004	4	Rankin Inlet, Nunavut, Canada	CA	CA14	25042	62.8167	-92.0833	-572004	20251010164500	https://www.cbc.ca/news/canada/manitoba/kivalliq-hydro-fibre-link-nunavut-9.6931778
1267917660	20251010	202510	2025	2025.7671	DEU	DEUTSCHE	DEU																		0	010	010	01	1	0.0	9	1	9	-3.62882322446864	4	Schweiz, Sachsen, Germany	GM	GM13	16563	50.7	12.5167	-1862580	0								4	Schweiz, Sachsen, Germany	GM	GM13	16563	50.7	12.5167	-1862580	20251010164500	https://www.e-flux.com/journal/157/6776787/the-new-fascist-body
1267917661	20251010	202510	2025	2025.7671	DEU	GERMANY	DEU																		1	010	010	01	1	0.0	2	1	2	-3.94088669950739	4	Gaza, Israel (general), Israel	IS	IS00	18315	31.4167	34.3333	-797156	0								1	Germany	GM	GM		51.5	10.5	GM	20251010164500	https://universitytimes.ie/2025/10/european-commission-proposes-sanctioning-israel/
1267917662	20251010	202510	2025	2025.7671	DEU	DEUTSCHE	DEU																		0	010	010	01	1	0.0	1	1	1	-3.62882322446864	3	White House, District of Columbia, United States	US	USDC		38.8951	-77.0364	531871	0								3	White House, District of Columbia, United States	US	USDC		38.8951	-77.0364	531871	20251010164500	https://www.e-flux.com/journal/157/6776787/the-new-fascist-body
1267917663	20251010	202510	2025	2025.7671	DEU	DEUTSCHLAND	DEU																		0	010	010	01	1	0.0	3	1	3	-3.62882322446864	1	Ukraine	UP	UP		49	32	UP	0								1	Ukraine	UP	UP		49	32	UP	20251010164500	https://www.e-flux.com/journal/157/6776787/the-new-fascist-body
1267917664	20251010	202510	2025	2025.7671	DEU	GERMANY	DEU																		1	020	020	02	1	3.0	2	1	2	-4.59081836327345	1	Iraq	IZ	IZ		33	44	IZ	0								1	Iraq	IZ	IZ		33	44	IZ	20251010164500	https://www.stripes.com/branches/army/2025-10-10/army-drone-test-germany-19379835.html
1267917665	20251010	202510	2025	2025.7671	DEU	GERMANY	DEU																		1	130	130	13	3	-4.4	2	1	2	-3.94088669950739	4	Gaza, Israel (general), Israel	IS	IS00	18315	31.4167	34.3333	-797156	0								1	Germany	GM	GM		51.5	10.5	GM	20251010164500	https://universitytimes.ie/2025/10/european-commission-proposes-sanctioning-israel/
1267917666	20251010	202510	2025	2025.7671	DEU	GERMAN	DEU																		1	130	130	13	3	-4.4	8	1	8	-3.94088669950739	1	Germany	GM	GM		51.5	10.5	GM	0								1	Germany	GM	GM		51.5	10.5	GM	20251010164500	https://universitytimes.ie/2025/10/european-commission-proposes-sanctioning-israel/
1267917667	20251010	202510	2025	2025.7671	DEU	DEUTSCHLAND	DEU								EDU	SCHOLAR						EDU			0	090	090	09	2	-2.0	4	1	4	-3.62882322446864	3	White House, District of Columbia, United States	US	USDC		38.8951	-77.0364	531871	3	White House, District of Columbia, United States	US	USDC		38.8951	-77.0364	531871	3	White House, District of Columbia, United States	US	USDC		38.8951	-77.0364	531871	20251010164500	https://www.e-flux.com/journal/157/6776787/the-new-fascist-body
1267917668	20251010	202510	2025	2025.7671	DEU	GERMANY	DEU								IGOUNO	UN SECURITY COUNCIL		UNO				IGO			1	027	027	02	1	4.0	2	1	2	2.38095238095238	1	France	FR	FR		46	2	FR	1	Germany	GM	GM		51.5	10.5	GM	1	Germany	GM	GM		51.5	10.5	GM	20251010164500	https://www.middleeasteye.net/live-blog/live-blog-update/uk-france-germany-urge-un-security-council-back-gaza-peace-plan
1267917669	20251010	202510	2025	2025.7671	DEU	GERMANY	DEU								IGOUNO	UN SECURITY COUNCIL		UNO				IGO			1	027	027	02	1	4.0	8	1	8	2.38095238095238	1	Germany	GM	GM		51.5	10.5	GM	1	Germany	GM	GM		51.5	10.5	GM	1	Germany	GM	GM		51.5	10.5	GM	20251010164500	https://www.middleeasteye.net/live-blog/live-blog-update/uk-france-germany-urge-un-security-council-back-gaza-peace-plan
1267917670	20251010	202510	2025	2025.7671	DEU	GERMANY	DEU								ISR	ISRAELI	ISR								1	012	012	01	1	-0.4	5	1	5	-3.94088669950739	1	Germany	GM	GM		51.5	10.5	GM	4	Gaza, Israel (general), Israel	IS	IS00	18315	31.4167	34.3333	-797156	4	Gaza, Israel (general), Israel	IS	IS00	18315	31.4167	34.3333	-797156	20251010164500	https://universitytimes.ie/2025/10/european-commission-proposes-sanctioning-israel/
1267917671	20251010	202510	2025	2025.7671	DEU	GERMANY	DEU								ISR	ISRAEL	ISR								1	050	050	05	1	3.5	2	1	2	2.38095238095238	1	France	FR	FR		46	2	FR	4	Gaza, Israel (general), Israel	IS	IS00	18315	31.4167	34.3333	-797156	4	Gaza, Israel (general), Israel	IS	IS00	18315	31.4167	34.3333	-797156	20251010164500	https://www.middleeasteye.net/live-blog/live-blog-update/uk-france-germany-urge-un-security-council-back-gaza-peace-plan
1267917672	20251010	202510	2025	2025.7671	DEU	GERMANY	DEU								ISR	ISRAEL	ISR								1	050	050	05	1	3.5	2	1	2	2.38095238095238	1	Germany	GM	GM		51.5	10.5	GM	4	Gaza, Israel (general), Israel	IS	IS00	18315	31.4167	34.3333	-797156	4	Gaza, Israel (general), Israel	IS	IS00	18315	31.4167	34.3333	-797156	20251010164500	https://www.middleeasteye.net/live-blog/live-blog-update/uk-france-germany-urge-un-security-council-back-gaza-peace-plan
1267917673	20251010	202510	2025	2025.7671	DEU	GERMANY	DEU								NLD	HOLLAND	NLD								1	020	020	02	1	3.0	2	1	2	-4.59081836327345	1	Iraq	IZ	IZ		33	44	IZ	1	Iraq	IZ	IZ		33	44	IZ	1	Iraq	IZ	IZ		33	44	IZ	20251010164500	https://www.stripes.com/branches/army/2025-10-10/army-drone-test-germany-19379835.html
1267917674	20251010	202510	2025	2025.7671	DEU	GERMANY	DEU								PSE	GAZA	PSE								1	050	050	05	1	3.5	6	1	6	2.38095238095238	1	Germany	GM	GM		51.5	10.5	GM	4	Gaza, Israel (general), Israel	IS	IS00	18315	31.4167	34.3333	-797156	4	Gaza, Israel (general), Israel	IS	IS00	18315	31.4167	34.3333	-797156	20251010164500	https://www.middleeasteye.net/live-blog/live-blog-update/uk-france-germany-urge-un-security-council-back-gaza-peace-plan
1267917675	20251010	202510	2025	2025.7671	DEU	GERMAN	DEU								ROUGOVMIL	ROMANIA						GOV	MIL		1	060	060	06	2	6.0	7	1	7	0	1	Germany	GM	GM		51.5	10.5	GM	1	Romania	RO	RO		46	25	RO	1	Romania	RO	RO		46	25	RO	20251010164500	https://www.romania-insider.com/romania-drone-detection-rheinmetall-2025
1267917676	20251010	202510	2025	2025.7671	DJI	DJIBOUTI	DJI								ISR	ISRAEL	ISR								0	040	040	04	1	1.0	4	1	4	-3.78619153674833	4	Red Sea, Djibouti (general), Djibouti	DJ	DJ00	25312	19	39.5	-2037160	4	Gaza, Israel (general), Israel	IS	IS00	18315	31.4167	34.3333	-797156	4	Gaza, Israel (general), Israel	IS	IS00	18315	31.4167	34.3333	-797156	20251010164500	https://www.aol.co.uk/articles/blair-kushner-trump-key-people-161640955.html
1267917677	20251010	202510	2025	2025.7671	DJI	DJIBOUTI	DJI								ISR	ISRAEL	ISR								0	040	040	04	1	1.0	1	1	1	-3.78619153674833	4	Sharm El-Sheikh, Janub Sina', Egypt	EG	EG26	66041	27.8518	34.305	-302053	4	Gaza, Israel (general), Israel	IS	IS00	18315	31.4167	34.3333	-797156	4	Red Sea, Djibouti (general), Djibouti	DJ	DJ00	25312	19	39.5	-2037160	20251010164500	https://www.aol.co.uk/articles/blair-kushner-trump-key-people-161640955.html
1267917678	20251010	202510	2025	2025.7671	DJI	DJIBOUTI	DJI								ISR	ISRAEL	ISR								0	040	040	04	1	1.0	1	1	1	-3.78619153674833	1	Iraq	IZ	IZ		33	44	IZ	4	Gaza, Israel (general), Israel	IS	IS00	18315	31.4167	34.3333	-797156	4	Gaza, Israel (general), Israel	IS	IS00	18315	31.4167	34.3333	-797156	20251010164500	https://www.aol.co.uk/articles/blair-kushner-trump-key-people-161640955.html
1267917679	20251010	202510	2025	2025.7671	DNK	DENMARK	DNK																		1	051	051	05	1	3.4	1	1	1	4.75161987041037	4	Copenhagen, Køavn*, Denmark	DA	DA05	15213	55.6667	12.5833	-2745636	0								4	Mumbai, Maharashtra, India	IN	IN16	70184	18.975	72.8258	-2092174	20251010164500	https://travelbizmonitor.com/top-stories/indigo-expands-global-reach-with-copenhagen-route/
1267917680	20251010	202510	2025	2025.7671	DNK	DENMARK	DNK								DNKGOV	DENMARK	DNK					GOV			1	051	051	05	1	3.4	1	1	1	4.75161987041037	4	Mumbai, Maharashtra, India	IN	IN16	70184	18.975	72.8258	-2092174	4	Mumbai, Maharashtra, India	IN	IN16	70184	18.975	72.8258	-2092174	4	Mumbai, Maharashtra, India	IN	IN16	70184	18.975	72.8258	-2092174	20251010164500	https://travelbizmonitor.com/top-stories/indigo-expands-global-reach-with-copenhagen-route/
1267917681	20251010	202510	2025	2025.7671	DNK	DENMARK	DNK								DNKGOV	DENMARK	DNK					GOV			1	051	051	05	1	3.4	1	1	1	4.75161987041037	4	Copenhagen, Køavn*, Denmark	DA	DA05	15213	55.6667	12.5833	-2745636	4	Copenhagen, Køavn*, Denmark	DA	DA05	15213	55.6667	12.5833	-2745636	4	Mumbai, Maharashtra, India	IN	IN16	70184	18.975	72.8258	-2092174	20251010164500	https://travelbizmonitor.com/top-stories/indigo-expands-global-reach-with-copenhagen-route/
1267917682	20251010	202510	2025	2025.7671	DNKGOV	DENMARK	DNK					GOV			DNK	DENMARK	DNK								1	051	051	05	1	3.4	3	1	3	4.75161987041037	4	Mumbai, Maharashtra, India	IN	IN16	70184	18.975	72.8258	-2092174	4	Mumbai, Maharashtra, India	IN	IN16	70184	18.975	72.8258	-2092174	4	Mumbai, Maharashtra, India	IN	IN16	70184	18.975	72.8258	-2092174	20251010164500	https://travelbizmonitor.com/top-stories/indigo-expands-global-reach-with-copenhagen-route/
1267917683	20251010	202510	2025	2025.7671	EDU	UNIVERSITY						EDU													0	012	012	01	1	-0.4	10	1	10	-0.84210526315789	2	Texas, United States	US	USTX		31.106	-97.6475	TX	0								2	Texas, United States	US	USTX		31.106	-97.6475	TX	20251010164500	https://timesofindia.indiatimes.com/education/news/in-a-first-mit-rejects-trumps-funding-deal-on-higher-education-reform/articleshow/124458695.cms
1267917684	20251010	202510	2025	2025.7671	EDU	COLLEGE						EDU													1	020	020	02	1	3.0	5	1	5	0.36730945821855	1	Mexico	MX	MX		23	-102	MX	0								1	Mexico	MX	MX		23	-102	MX	20251010164500	https://www.dailycal.org/opinion/opinion-columns/cal-in-color/my-name-their-narrative/article_a5adcac3-241f-4b66-9153-65e03bd36d8a.html
1267917685	20251010	202510	2025	2025.7671	EDU	SCHOOL						EDU													1	042	042	04	1	1.9	2	1	2	6.98324022346369	3	Burlington, Ohio, United States	US	USOH	OH087	38.4073	-82.5357	1048568	0								3	Burlington, Ohio, United States	US	USOH	OH087	38.4073	-82.5357	1048568	20251010164500	https://www.thetimesnews.com/obituaries/barbara-kyte-knight/article_cc524e10-7ce9-5efe-a6a0-038bdbecf92c.html
1267917686	20251010	202510	2025	2025.7671	EDU	SCHOOL						EDU													1	042	042	04	1	1.9	10	1	10	0.49019607843137	1	Ireland	EI	EI		53	-8	EI	0								1	Ireland	EI	EI		53	-8	EI	20251010164500	https://www.leitrimobserver.ie/news/national-news/1916261/a-window-into-somebody-s-home-psychotherapist-on-parent-influencers-and-its-affect-on-children.html
1267917687	20251010	202510	2025	2025.7671	EDU	STUDENT						EDU													0	050	050	05	1	3.5	5	1	5	0.77519379844962	4	Ottawa, Ontario, Canada	CA	CA08	12755	45.4167	-75.7	-570760	0								4	Ottawa, Ontario, Canada	CA	CA08	12755	45.4167	-75.7	-570760	20251010164500	https://ottawacitizen.com:443/news/striking-ontario-college-support-workers-union
1267917688	20251010	202510	2025	2025.7671	EDU	SCHOOL						EDU													1	071	071	07	2	7.4	5	1	5	-3.53159851301115	2	Virginia, United States	US	USVA		37.768	-78.2057	VA	0								2	Virginia, United States	US	USVA		37.768	-78.2057	VA	20251010164500	https://www.independentsentinel.com/spanberger-is-going-to-let-boys-back-into-girls-bathrooms/
1267917689	20251010	202510	2025	2025.7671	EDU	COLLEGE						EDU													1	080	080	08	2	5.0	10	1	10	-0.70588235294118	4	Dublin, Dublin, Ireland	EI	EI07	18288	53.3331	-6.24889	-1502554	0								4	Dublin, Dublin, Ireland	EI	EI07	18288	53.3331	-6.24889	-1502554	20251010164500	https://universitytimes.ie/2025/10/dublin-simon-community-has-released-its-annual-report-for-2024/
1267917690	20251010	202510	2025	2025.7671	EDU	UNIVERSITY						EDU													0	0841	084	08	2	7.0	10	1	10	-0.84210526315789	2	Texas, United States	US	USTX		31.106	-97.6475	TX	0								2	Texas, United States	US	USTX		31.106	-97.6475	TX	20251010164500	https://timesofindia.indiatimes.com/education/news/in-a-first-mit-rejects-trumps-funding-deal-on-higher-education-reform/articleshow/124458695.cms
1267917691	20251010	202510	2025	2025.7671	EDU	STUDENT						EDU													0	090	090	09	2	-2.0	5	1	5	2.41254523522316	2	Massachusetts, United States	US	USMA		42.2373	-71.5314	MA	0								2	Massachusetts, United States	US	USMA		42.2373	-71.5314	MA	20251010164500	https://www.forbes.com/sites/christopherrim/2025/10/10/the-most-important-metric-to-consider-when-choosing-a-college-in-2025/
1267917692	20251010	202510	2025	2025.7671	EDU	SCHOOL						EDU													0	111	111	11	3	-2.0	5	1	5	2.41254523522316	2	Massachusetts, United States	US	USMA		42.2373	-71.5314	MA	0								2	Massachusetts, United States	US	USMA		42.2373	-71.5314	MA	20251010164500	https://www.forbes.com/sites/christopherrim/2025/10/10/the-most-important-metric-to-consider-when-choosing-a-college-in-2025/
1267917693	20251010	202510	2025	2025.7671	EDU	SCHOLAR						EDU													0	120	120	12	3	-4.0	5	1	5	0.36730945821855	1	Mexico	MX	MX		23	-102	MX	0								1	Mexico	MX	MX		23	-102	MX	20251010164500	https://www.dailycal.org/opinion/opinion-columns/cal-in-color/my-name-their-narrative/article_a5adcac3-241f-4b66-9153-65e03bd36d8a.html
1267917694	20251010	202510	2025	2025.7671	EDU	COLLEGE						EDU													1	120	120	12	3	-4.0	3	1	3	-0.84210526315789	2	Texas, United States	US	USTX		31.106	-97.6475	TX	0								2	Texas, United States	US	USTX		31.106	-97.6475	TX	20251010164500	https://timesofindia.indiatimes.com/education/news/in-a-first-mit-rejects-trumps-funding-deal-on-higher-education-reform/articleshow/124458695.cms
1267917695	20251010	202510	2025	2025.7671	EDU	STUDENT						EDU													1	141	141	14	3	-6.5	10	1	10	-7.39795918367347	4	Karachi, Sindh, Pakistan	PK	PK05	40398	24.8667	67.05	-2764584	0								4	Karachi, Sindh, Pakistan	PK	PK05	40398	24.8667	67.05	-2764584	20251010164500	https://www.geo.tv/latest/627978-ku-female-student-dies-after-being-struck-by-campus-bus
1267917696	20251010	202510	2025	2025.7671	EDU	STUDENT						EDU													0	141	141	14	3	-6.5	10	1	10	2.41254523522316	2	Massachusetts, United States	US	USMA		42.2373	-71.5314	MA	0								2	Massachusetts, United States	US	USMA		42.2373	-71.5314	MA	20251010164500	https://www.forbes.com/sites/christopherrim/2025/10/10/the-most-important-metric-to-consider-when-choosing-a-college-in-2025/
1267917697	20251010	202510	2025	2025.7671	EDU	SCHOOL						EDU			CMR	CAMEROON	CMR								0	036	036	03	1	4.0	4	1	4	3.11377245508982	4	Douala, Littoral, Cameroon	CM	CM05	18585	3.75528	9.94472	-3148347	4	Douala, Littoral, Cameroon	CM	CM05	18585	3.75528	9.94472	-3148347	4	Douala, Littoral, Cameroon	CM	CM05	18585	3.75528	9.94472	-3148347	20251010164500	https://www.kennesaw.edu/news/stories/2025/honors-student-builds-pathways-to-learning-in-cameroon.php
1267917698	20251010	202510	2025	2025.7671	EDU	COLLEGE						EDU			CMR	CAMEROON	CMR								1	042	042	04	1	1.9	10	1	10	3.11377245508982	4	Douala, Littoral, Cameroon	CM	CM05	18585	3.75528	9.94472	-3148347	4	Douala, Littoral, Cameroon	CM	CM05	18585	3.75528	9.94472	-3148347	4	Douala, Littoral, Cameroon	CM	CM05	18585	3.75528	9.94472	-3148347	20251010164500	https://www.kennesaw.edu/news/stories/2025/honors-student-builds-pathways-to-learning-in-cameroon.php
1267917699	20251010	202510	2025	2025.7671	EDU	SCHOOL						EDU			EDUCVL	SCHOOL						EDU	CVL		0	051	051	05	1	3.4	10	1	10	-5.97402597402597	0								0								0								20251010164500	https://patch.com/maryland/odenton/gambrills-catholic-school-cancels-classes-after-rumors-threat
1267917700	20251010	202510	2025	2025.7671	EDU	STUDENT						EDU			GBREDU	LONDON	GBR					EDU			1	010	010	01	1	0.0	5	1	5	-7.08955223880597	1	India	IN	IN		20	77	IN	1	India	IN	IN		20	77	IN	1	India	IN	IN		20	77	IN	20251010164500	https://www.healio.com/news/psychiatry/20251010/umbrella-review-finds-link-between-racism-psychosis-but-more-rigorous-research-needed
1267917701	20251010	202510	2025	2025.7671	EDU	SCHOOL						EDU			GHA	GHANA	GHA								0	130	130	13	3	-4.4	8	1	8	-4.08496732026144	4	Okadjakrom, Ghana (general), Ghana	GH	GH00	190617	7.4	0.433333	-2077683	4	Okadjakrom, Ghana (general), Ghana	GH	GH00	190617	7.4	0.433333	-2077683	4	Okadjakrom, Ghana (general), Ghana	GH	GH00	190617	7.4	0.433333	-2077683	20251010164500	http://www.businessghana.com/site/news/general/336043/Govt-disburses-GHC195.5-million-for-feeding-SHS-students,-NSMQ-debt
1267917702	20251010	202510	2025	2025.7671	EDU	LECTURER						EDU			GHAMIL	GHANA	GHA					MIL			1	012	012	01	1	-0.4	10	1	10	0.98039215686275	4	Kumasi, Ashanti, Ghana	GH	GH02	190720	6.68333	-1.61667	-2075172	4	Kumasi, Ashanti, Ghana	GH	GH02	190720	6.68333	-1.61667	-2075172	4	Kumasi, Ashanti, Ghana	GH	GH02	190720	6.68333	-1.61667	-2075172	20251010164500	https://www.ghanaweb.com/GhanaHomePage/NewsArchive/Increasing-age-limit-for-GAF-recruitment-will-affect-productivity-Dr-Forkuo-Kwarteng-2004573
1267917703	20251010	202510	2025	2025.7671	EDU	UNIVERSITY						EDU			IRL	IRELAND	IRL								1	192	192	19	4	-9.5	1	1	1	1.65680473372781	4	Shanghai, Shanghai, China	CH	CH23	13243	31.2222	121.458	-1924465	4	Shanghai, Shanghai, China	CH	CH23	13243	31.2222	121.458	-1924465	4	Shanghai, Shanghai, China	CH	CH23	13243	31.2222	121.458	-1924465	20251010164500	https://www.sciencenews.org/article/lasers-muons-beams-accelerator
1267917704	20251010	202510	2025	2025.7671	EDU	UNIVERSITY						EDU			LAB	EMPLOYEE						LAB			0	090	090	09	2	-2.0	10	1	10	1.03950103950104	2	California, United States	US	USCA		36.17	-119.746	CA	2	California, United States	US	USCA		36.17	-119.746	CA	2	California, United States	US	USCA		36.17	-119.746	CA	20251010164500	https://natlawreview.com/article/navigating-disability-accommodations-higher-education-processes-distinctions-and
1267917705	20251010	202510	2025	2025.7671	EDU	STUDENT						EDU			USA	UNITED STATES	USA								1	010	010	01	1	0.0	2	1	2	0.86956521739131	2	South Carolina, United States	US	USSC		33.8191	-80.9066	SC	2	South Carolina, United States	US	USSC		33.8191	-80.9066	SC	2	South Carolina, United States	US	USSC		33.8191	-80.9066	SC	20251010164500	https://www.constructiondive.com/news/nonprofit-construction-recruiting-trades-skills-lowes/802491/
1267917706	20251010	202510	2025	2025.7671	EDU	CONSERVATORY						EDU			USA	UNITED STATES	USA								1	043	043	04	1	2.8	2	1	2	6.98324022346369	3	Dundalk, Maryland, United States	US	USMD	MD005	39.2507	-76.5205	590117	3	Dundalk, Maryland, United States	US	USMD	MD005	39.2507	-76.5205	590117	3	Dundalk, Maryland, United States	US	USMD	MD005	39.2507	-76.5205	590117	20251010164500	https://www.thetimesnews.com/obituaries/barbara-kyte-knight/article_cc524e10-7ce9-5efe-a6a0-038bdbecf92c.html
1267917707	20251010	202510	2025	2025.7671	EDU	CONSERVATORY						EDU			USA	UNITED STATES	USA								1	043	043	04	1	2.8	1	1	1	6.98324022346369	3	Dundalk, Maryland, United States	US	USMD	MD005	39.2507	-76.5205	590117	2	Maryland, United States	US	USMD		39.0724	-76.7902	MD	3	Dundalk, Maryland, United States	US	USMD	MD005	39.2507	-76.5205	590117	20251010164500	https://www.thetimesnews.com/obituaries/barbara-kyte-knight/article_cc524e10-7ce9-5efe-a6a0-038bdbecf92c.html
1267917708	20251010	202510	2025	2025.7671	EDU	CONSERVATORY						EDU			USA	UNITED STATES	USA								1	043	043	04	1	2.8	2	1	2	6.98324022346369	3	University Of Maryland, Maryland, United States	US	USMD	MD033	38.9859	-76.9386	598205	3	Dundalk, Maryland, United States	US	USMD	MD005	39.2507	-76.5205	590117	3	Dundalk, Maryland, United States	US	USMD	MD005	39.2507	-76.5205	590117	20251010164500	https://www.thetimesnews.com/obituaries/barbara-kyte-knight/article_cc524e10-7ce9-5efe-a6a0-038bdbecf92c.html
1267917709	20251010	202510	2025	2025.7671	EDU	CONSERVATORY						EDU			USA	UNITED STATES	USA								1	043	043	04	1	2.8	1	1	1	6.98324022346369	3	University Of Maryland, Maryland, United States	US	USMD	MD033	38.9859	-76.9386	598205	3	Dundalk, Maryland, United States	US	USMD	MD005	39.2507	-76.5205	590117	3	University Of Maryland, Maryland, United States	US	USMD		38.9859	-76.9386	598205	20251010164500	https://www.thetimesnews.com/obituaries/barbara-kyte-knight/article_cc524e10-7ce9-5efe-a6a0-038bdbecf92c.html
1267917710	20251010	202510	2025	2025.7671	EDU	SCHOOL						EDU			USA	AMERICAN	USA								1	043	043	04	1	2.8	4	1	4	0.36730945821855	2	Utah, United States	US	USUT		40.1135	-111.854	UT	2	Utah, United States	US	USUT		40.1135	-111.854	UT	2	Utah, United States	US	USUT		40.1135	-111.854	UT	20251010164500	https://www.dailycal.org/opinion/opinion-columns/cal-in-color/my-name-their-narrative/article_a5adcac3-241f-4b66-9153-65e03bd36d8a.html
1267917711	20251010	202510	2025	2025.7671	EDU	COLLEGE						EDU			USA	MONTANA	USA								1	071	071	07	2	7.4	7	1	7	2.80373831775701	2	Montana, United States	US	USMT		46.9048	-110.326	MT	2	Montana, United States	US	USMT		46.9048	-110.326	MT	2	Montana, United States	US	USMT		46.9048	-110.326	MT	20251010164500	https://www.montanarightnow.com/helena/news/carroll-college-offers-full-tuition-scholarships-for-montana-students/article_01946fa8-afe9-48c5-a159-2a42609f67aa.html
1267917712	20251010	202510	2025	2025.7671	EDU	COLLEGE						EDU			USA	UNITED STATES	USA								1	120	120	12	3	-4.0	2	1	2	-0.84210526315789	2	Texas, United States	US	USTX		31.106	-97.6475	TX	2	Texas, United States	US	USTX		31.106	-97.6475	TX	2	Texas, United States	US	USTX		31.106	-97.6475	TX	20251010164500	https://timesofindia.indiatimes.com/education/news/in-a-first-mit-rejects-trumps-funding-deal-on-higher-education-reform/articleshow/124458695.cms
1267917713	20251010	202510	2025	2025.7671	EDU	SCHOOL						EDU			USAEDU	AMERICAN	USA					EDU			1	043	043	04	1	2.8	6	1	6	0.36730945821855	2	Utah, United States	US	USUT		40.1135	-111.854	UT	2	Utah, United States	US	USUT		40.1135	-111.854	UT	2	Utah, United States	US	USUT		40.1135	-111.854	UT	20251010164500	https://www.dailycal.org/opinion/opinion-columns/cal-in-color/my-name-their-narrative/article_a5adcac3-241f-4b66-9153-65e03bd36d8a.html
1267917714	20251010	202510	2025	2025.7671	EDUCVL	SCHOOL						EDU	CVL		EDU	SCHOOL						EDU			1	051	051	05	1	3.4	10	1	10	13.0841121495327	0								0								0								20251010164500	https://www.carlow-nationalist.ie/news/presentation-de-la-salle-bagenalstown-celebrates-exceptional-junior-cycle-results_arid-73764.html
1267917715	20251010	202510	2025	2025.7671	EGY	EGYPT	EGY																		1	046	046	04	1	7.0	6	1	6	-3.78619153674833	4	Sharm El-Sheikh, Janub Sina', Egypt	EG	EG26	66041	27.8518	34.305	-302053	0								4	Sharm El-Sheikh, Janub Sina', Egypt	EG	EG26	66041	27.8518	34.305	-302053	20251010164500	https://www.aol.co.uk/articles/blair-kushner-trump-key-people-161640955.html
1267917716	20251010	202510	2025	2025.7671	EGY	ALEXANDRIA	EGY																		1	051	051	05	1	3.4	10	1	10	2.38095238095238	4	Alexandria, Al Iskandariyah, Egypt	EG	EG06	61590	31.1981	29.9192	-290263	0								4	Alexandria, Al Iskandariyah, Egypt	EG	EG06	61590	31.1981	29.9192	-290263	20251010164500	https://www.echopress.com/news/ribbon-cutting-held-for-new-behavioral-healthcare-facility
1267917717	20251010	202510	2025	2025.7671	EGY	EGYPT	EGY								GOV	PRIME MINISTER						GOV			0	043	043	04	1	2.8	8	1	8	-3.78619153674833	4	Sharm El-Sheikh, Janub Sina', Egypt	EG	EG26	66041	27.8518	34.305	-302053	4	Doha, Ad Daw?ah, Qatar	QA	QA01	25307	25.2867	51.5333	-785169	4	Sharm El-Sheikh, Janub Sina', Egypt	EG	EG26	66041	27.8518	34.305	-302053	20251010164500	https://www.aol.co.uk/articles/blair-kushner-trump-key-people-161640955.html
1267917718	20251010	202510	2025	2025.7671	EGY	EGYPT	EGY								GOV	PRIME MINISTER						GOV			0	043	043	04	1	2.8	2	1	2	-3.78619153674833	4	Gaza, Israel (general), Israel	IS	IS00	18315	31.4167	34.3333	-797156	4	Gaza, Israel (general), Israel	IS	IS00	18315	31.4167	34.3333	-797156	4	Gaza, Israel (general), Israel	IS	IS00	18315	31.4167	34.3333	-797156	20251010164500	https://www.aol.co.uk/articles/blair-kushner-trump-key-people-161640955.html
1267917719	20251010	202510	2025	2025.7671	EGY	EGYPT	EGY								GOV	PRIME MINISTER						GOV			0	046	046	04	1	7.0	8	1	8	-3.78619153674833	4	Sharm El-Sheikh, Janub Sina', Egypt	EG	EG26	66041	27.8518	34.305	-302053	4	Doha, Ad Daw?ah, Qatar	QA	QA01	25307	25.2867	51.5333	-785169	4	Sharm El-Sheikh, Janub Sina', Egypt	EG	EG26	66041	27.8518	34.305	-302053	20251010164500	https://www.aol.co.uk/articles/blair-kushner-trump-key-people-161640955.html
1267917720	20251010	202510	2025	2025.7671	EGY	EGYPT	EGY								GOV	PRIME MINISTER						GOV			0	046	046	04	1	7.0	2	1	2	-3.78619153674833	4	Gaza, Israel (general), Israel	IS	IS00	18315	31.4167	34.3333	-797156	4	Gaza, Israel (general), Israel	IS	IS00	18315	31.4167	34.3333	-797156	4	Gaza, Israel (general), Israel	IS	IS00	18315	31.4167	34.3333	-797156	20251010164500	https://www.aol.co.uk/articles/blair-kushner-trump-key-people-161640955.html
1267917721	20251010	202510	2025	2025.7671	EGY	EGYPT	EGY								ISR	ISRAEL	ISR								0	040	040	04	1	1.0	1	1	1	-3.78619153674833	4	Sharm El-Sheikh, Janub Sina', Egypt	EG	EG26	66041	27.8518	34.305	-302053	4	Gaza, Israel (general), Israel	IS	IS00	18315	31.4167	34.3333	-797156	4	Red Sea, Djibouti (general), Djibouti	DJ	DJ00	25312	19	39.5	-2037160	20251010164500	https://www.aol.co.uk/articles/blair-kushner-trump-key-people-161640955.html
1267917722	20251010	202510	2025	2025.7671	EGY	EGYPT	EGY								ISR	ISRAELI	ISR								0	040	040	04	1	1.0	2	1	2	-3.78619153674833	4	Sharm El-Sheikh, Janub Sina', Egypt	EG	EG26	66041	27.8518	34.305	-302053	4	Gaza, Israel (general), Israel	IS	IS00	18315	31.4167	34.3333	-797156	4	Gaza, Israel (general), Israel	IS	IS00	18315	31.4167	34.3333	-797156	20251010164500	https://www.aol.co.uk/articles/blair-kushner-trump-key-people-161640955.html
1267917723	20251010	202510	2025	2025.7671	EGY	EGYPT	EGY								ISR	ISRAEL	ISR								0	040	040	04	1	1.0	1	1	1	-3.78619153674833	1	Iraq	IZ	IZ		33	44	IZ	4	Gaza, Israel (general), Israel	IS	IS00	18315	31.4167	34.3333	-797156	4	Gaza, Israel (general), Israel	IS	IS00	18315	31.4167	34.3333	-797156	20251010164500	https://www.aol.co.uk/articles/blair-kushner-trump-key-people-161640955.html
1267917724	20251010	202510	2025	2025.7671	EGY	EGYPT	EGY								JOR	JORDAN	JOR								1	042	042	04	1	1.9	2	1	2	-0.47619047619047	4	Kissufim, HaDarom, Israel	IS	IS01	18315	31.3749	34.3984	-780468	4	Gaza, Israel (general), Israel	IS	IS00	18315	31.4167	34.3333	-797156	4	Gaza, Israel (general), Israel	IS	IS00	18315	31.4167	34.3333	-797156	20251010164500	https://www.middleeasteye.net/live-blog/live-blog-update/un-official-says-scaled-aid-deliveries-gaza-begin-sunday
1267917725	20251010	202510	2025	2025.7671	EGY	EGYPT	EGY								JOR	JORDAN	JOR								1	042	042	04	1	1.9	5	1	5	-0.47619047619047	4	Gaza, Israel (general), Israel	IS	IS00	18315	31.4167	34.3333	-797156	4	Gaza, Israel (general), Israel	IS	IS00	18315	31.4167	34.3333	-797156	4	Gaza, Israel (general), Israel	IS	IS00	18315	31.4167	34.3333	-797156	20251010164500	https://www.middleeasteye.net/live-blog/live-blog-update/un-official-says-scaled-aid-deliveries-gaza-begin-sunday
1267917726	20251010	202510	2025	2025.7671	EGY	EGYPT	EGY								JOR	JORDAN	JOR								1	042	042	04	1	1.9	2	1	2	-0.47619047619047	1	Egypt	EG	EG		27	30	EG	1	Jordan	JO	JO		31	36	JO	1	Jordan	JO	JO		31	36	JO	20251010164500	https://www.middleeasteye.net/live-blog/live-blog-update/un-official-says-scaled-aid-deliveries-gaza-begin-sunday
1267917727	20251010	202510	2025	2025.7671	EGY	EGYPT	EGY								JOR	JORDAN	JOR								1	042	042	04	1	1.9	1	1	1	-0.47619047619047	1	Jordan	JO	JO		31	36	JO	1	Jordan	JO	JO		31	36	JO	1	Jordan	JO	JO		31	36	JO	20251010164500	https://www.middleeasteye.net/live-blog/live-blog-update/un-official-says-scaled-aid-deliveries-gaza-begin-sunday
1267917728	20251010	202510	2025	2025.7671	EGY	EGYPT	EGY								USA	UNITED STATES	USA								0	017	017	01	1	0.0	1	1	1	-3.51270553064275	4	Gaza, Israel (general), Israel	IS	IS00	18315	31.4167	34.3333	-797156	3	Washington, District of Columbia, United States	US	USDC	DC001	38.8951	-77.0364	531871	3	Washington, District of Columbia, United States	US	USDC	DC001	38.8951	-77.0364	531871	20251010164500	https://www.pakistantoday.com.pk/2025/10/10/high-stakes-games-in-the-middle-east/
1267917729	20251010	202510	2025	2025.7671	EGY	EGYPT	EGY								USA	UNITED STATES	USA								0	017	017	01	1	0.0	2	1	2	-3.51270553064275	1	Egypt	EG	EG		27	30	EG	3	Washington, District of Columbia, United States	US	USDC	DC001	38.8951	-77.0364	531871	3	Washington, District of Columbia, United States	US	USDC	DC001	38.8951	-77.0364	531871	20251010164500	https://www.pakistantoday.com.pk/2025/10/10/high-stakes-games-in-the-middle-east/
1267917730	20251010	202510	2025	2025.7671	EGY	EGYPT	EGY								USA	UNITED STATES	USA								0	042	042	04	1	1.9	1	1	1	-3.51270553064275	4	Gaza, Israel (general), Israel	IS	IS00	18315	31.4167	34.3333	-797156	3	Washington, District of Columbia, United States	US	USDC	DC001	38.8951	-77.0364	531871	3	Washington, District of Columbia, United States	US	USDC	DC001	38.8951	-77.0364	531871	20251010164500	https://www.pakistantoday.com.pk/2025/10/10/high-stakes-games-in-the-middle-east/
1267917731	20251010	202510	2025	2025.7671	EGY	EGYPT	EGY								USA	UNITED STATES	USA								0	042	042	04	1	1.9	2	1	2	-3.51270553064275	1	Egypt	EG	EG		27	30	EG	3	Washington, District of Columbia, United States	US	USDC	DC001	38.8951	-77.0364	531871	3	Washington, District of Columbia, United States	US	USDC	DC001	38.8951	-77.0364	531871	20251010164500	https://www.pakistantoday.com.pk/2025/10/10/high-stakes-games-in-the-middle-east/
1267917732	20251010	202510	2025	2025.7671	EGY	EGYPT	EGY								USA	UNITED STATES	USA								0	057	057	05	1	8.0	1	1	1	-3.51270553064275	4	Gaza, Israel (general), Israel	IS	IS00	18315	31.4167	34.3333	-797156	3	Washington, District of Columbia, United States	US	USDC	DC001	38.8951	-77.0364	531871	4	Gaza, Israel (general), Israel	IS	IS00	18315	31.4167	34.3333	-797156	20251010164500	https://www.pakistantoday.com.pk/2025/10/10/high-stakes-games-in-the-middle-east/
1267917733	20251010	202510	2025	2025.7671	EGY	EGYPT	EGY								USA	UNITED STATES	USA								0	057	057	05	1	8.0	2	1	2	-3.51270553064275	1	Egypt	EG	EG		27	30	EG	3	Washington, District of Columbia, United States	US	USDC	DC001	38.8951	-77.0364	531871	1	Egypt	EG	EG		27	30	EG	20251010164500	https://www.pakistantoday.com.pk/2025/10/10/high-stakes-games-in-the-middle-east/
1267917734	20251010	202510	2025	2025.7671	ELI	ACTOR						ELI													1	010	010	01	1	0.0	6	1	6	-9.42028985507248	4	Kobe, Hyogo, Japan	JA	JA13	34432	34.6833	135.167	-233817	0								4	Kobe, Hyogo, Japan	JA	JA13	34432	34.6833	135.167	-233817	20251010164500	https://www.odt.co.nz/opinion/swarbrick-culpable-hypocrisy
1267917735	20251010	202510	2025	2025.7671	ELI	ACTOR						ELI													1	040	040	04	1	1.0	5	1	5	2.07547169811321	1	New Zealand	NZ	NZ		-42	174	NZ	0								1	New Zealand	NZ	NZ		-42	174	NZ	20251010164500	https://www.attitude.co.uk/culture/film-tv/hunter-doohan-queer-visibility-advice-young-actors-499379/
1267917736	20251010	202510	2025	2025.7671	ELI	FIRST LADY						ELI													1	043	043	04	1	2.8	10	1	10	0	1	Ukraine	UP	UP		49	32	UP	0								1	Russia	RS	RS		60	100	RS	20251010164500	https://justthenews.com/politics-policy/melania-trump-working-putin-reunite-ukrainian-children-families
1267917737	20251010	202510	2025	2025.7671	ELI	ACTOR						ELI			FRA	FRANCE	FRA								0	010	010	01	1	0.0	8	1	8	-4.78260869565217	1	France	FR	FR		46	2	FR	1	France	FR	FR		46	2	FR	1	France	FR	FR		46	2	FR	20251010164500	https://www.ynetnews.com/article/bj4qg2u6le
1267917738	20251010	202510	2025	2025.7671	ELI	ACTOR						ELI			MNCUSA	NETFLIX	USA					MNC			1	040	040	04	1	1.0	5	1	5	2.07547169811321	1	New Zealand	NZ	NZ		-42	174	NZ	1	New Zealand	NZ	NZ		-42	174	NZ	1	New Zealand	NZ	NZ		-42	174	NZ	20251010164500	https://www.attitude.co.uk/culture/film-tv/hunter-doohan-queer-visibility-advice-young-actors-499379/
1267917739	20251010	202510	2025	2025.7671	ELI	FIRST LADY						ELI			RUS	RUSSIAN	RUS								1	010	010	01	1	0.0	8	2	8	-4.52458065451733	1	Russia	RS	RS		60	100	RS	1	Russia	RS	RS		60	100	RS	1	Russia	RS	RS		60	100	RS	20251010164500	https://lasvegassun.com/news/2025/oct/10/melania-trump-says-8-children-are-reunited-with-fa/
1267917740	20251010	202510	2025	2025.7671	ELI	FIRST LADY						ELI			RUS	RUSSIAN	RUS								1	010	010	01	1	0.0	12	6	12	-4.50819672131148	1	Russia	RS	RS		60	100	RS	1	Ukraine	UP	UP		49	32	UP	1	Ukraine	UP	UP		49	32	UP	20251010164500	https://www.gazetteherald.co.uk/news/national/25534861.melania-trump-says-eight-children-reunited-families-talks-putin/
1267917741	20251010	202510	2025	2025.7671	ELI	FIRST LADY						ELI			RUS	RUSSIAN	RUS								1	010	010	01	1	0.0	12	6	12	-4.50819672131148	1	Ukraine	UP	UP		49	32	UP	1	Ukraine	UP	UP		49	32	UP	1	Ukraine	UP	UP		49	32	UP	20251010164500	https://www.gazetteherald.co.uk/news/national/25534861.melania-trump-says-eight-children-reunited-families-talks-putin/
1267917742	20251010	202510	2025	2025.7671	ELI	FIRST LADY						ELI			RUS	RUSSIAN	RUS								1	040	040	04	1	1.0	2	1	2	-5.13833992094862	4	Kremlin, Moskva, Russia	RS	RS48	25106	55.7522	37.6156	-2960561	4	Kremlin, Moskva, Russia	RS	RS48	25106	55.7522	37.6156	-2960561	4	Kremlin, Moskva, Russia	RS	RS48	25106	55.7522	37.6156	-2960561	20251010164500	https://news.sky.com/story/melania-trump-eight-ukrainian-children-taken-into-russia-have-been-reunited-with-families-13448191
1267917743	20251010	202510	2025	2025.7671	ELI	FIRST LADY						ELI			RUS	RUSSIAN	RUS								1	040	040	04	1	1.0	32	8	32	-4.51229270461294	1	Russia	RS	RS		60	100	RS	1	Russia	RS	RS		60	100	RS	1	Russia	RS	RS		60	100	RS	20251010164500	https://www.gazetteherald.co.uk/news/national/25534861.melania-trump-says-eight-children-reunited-families-talks-putin/
1267917744	20251010	202510	2025	2025.7671	ELI	FIRST LADY						ELI			RUS	VLADIMIR	RUS								0	040	040	04	1	1.0	1	1	1	-2.22222222222223	1	Russia	RS	RS		60	100	RS	1	Ukraine	UP	UP		49	32	UP	1	Ukraine	UP	UP		49	32	UP	20251010164500	https://www.kyivpost.com/post/61868
1267917745	20251010	202510	2025	2025.7671	ELI	FIRST LADY						ELI			RUS	VLADIMIR	RUS								0	040	040	04	1	1.0	4	1	4	-2.22222222222223	1	Ukraine	UP	UP		49	32	UP	1	Ukraine	UP	UP		49	32	UP	1	Ukraine	UP	UP		49	32	UP	20251010164500	https://www.kyivpost.com/post/61868
1267917746	20251010	202510	2025	2025.7671	ELI	FIRST LADY						ELI			RUS	RUSSIAN	RUS								1	046	046	04	1	7.0	2	1	2	-4.26540284360189	1	Ukraine	UP	UP		49	32	UP	1	Ukraine	UP	UP		49	32	UP	1	Ukraine	UP	UP		49	32	UP	20251010164500	https://www.newsweek.com/melania-trump-announcement-today-russia-ukraine-children-putin-10861846
1267917747	20251010	202510	2025	2025.7671	ELI	FIRST LADY						ELI			RUSGOV	RUSSIAN	RUS					GOV			1	010	010	01	1	0.0	36	6	36	-4.50819672131148	1	Ukraine	UP	UP		49	32	UP	1	Ukraine	UP	UP		49	32	UP	1	Ukraine	UP	UP		49	32	UP	20251010164500	https://www.gazetteherald.co.uk/news/national/25534861.melania-trump-says-eight-children-reunited-families-talks-putin/
1267917748	20251010	202510	2025	2025.7671	ELI	FIRST LADY						ELI			RUSGOV	RUSSIAN	RUS					GOV			1	040	040	04	1	1.0	3	1	3	-5.13833992094862	4	Kremlin, Moskva, Russia	RS	RS48	25106	55.7522	37.6156	-2960561	4	Kremlin, Moskva, Russia	RS	RS48	25106	55.7522	37.6156	-2960561	4	Kremlin, Moskva, Russia	RS	RS48	25106	55.7522	37.6156	-2960561	20251010164500	https://news.sky.com/story/melania-trump-eight-ukrainian-children-taken-into-russia-have-been-reunited-with-families-13448191
1267917749	20251010	202510	2025	2025.7671	ELI	FIRST LADY						ELI			RUSGOV	RUSSIAN	RUS					GOV			1	040	040	04	1	1.0	48	8	48	-4.51229270461294	1	Russia	RS	RS		60	100	RS	1	Russia	RS	RS		60	100	RS	1	Russia	RS	RS		60	100	RS	20251010164500	https://www.gazetteherald.co.uk/news/national/25534861.melania-trump-says-eight-children-reunited-families-talks-putin/
1267917750	20251010	202510	2025	2025.7671	ELI	FIRST LADY						ELI			RUSGOV	RUSSIAN	RUS					GOV			1	046	046	04	1	7.0	6	1	6	-4.26540284360189	1	Ukraine	UP	UP		49	32	UP	1	Ukraine	UP	UP		49	32	UP	1	Ukraine	UP	UP		49	32	UP	20251010164500	https://www.newsweek.com/melania-trump-announcement-today-russia-ukraine-children-putin-10861846
1267917751	20251010	202510	2025	2025.7671	ELI	FIRST LADY						ELI			USA	UNITED STATES	USA								1	042	042	04	1	1.9	4	1	4	0	1	Ukraine	UP	UP		49	32	UP	3	White House, District of Columbia, United States	US	USDC		38.8951	-77.0364	531871	3	White House, District of Columbia, United States	US	USDC		38.8951	-77.0364	531871	20251010164500	https://justthenews.com/politics-policy/melania-trump-working-putin-reunite-ukrainian-children-families
1267917752	20251010	202510	2025	2025.7671	ELI	FIRST LADY						ELI			USAGOV	THE WHITE HOUSE	USA					GOV			1	042	042	04	1	1.9	6	1	6	0	1	Ukraine	UP	UP		49	32	UP	3	White House, District of Columbia, United States	US	USDC		38.8951	-77.0364	531871	3	White House, District of Columbia, United States	US	USDC		38.8951	-77.0364	531871	20251010164500	https://justthenews.com/politics-policy/melania-trump-working-putin-reunite-ukrainian-children-families
1267917753	20251010	202510	2025	2025.7671	ESP	SPAIN	ESP								CHL	SANTIAGO	CHL								0	051	051	05	1	3.4	3	1	3	2.81879194630872	1	Spain	SP	SP		40	-4	SP	1	Spain	SP	SP		40	-4	SP	1	Spain	SP	SP		40	-4	SP	20251010164500	https://www.breitbart.com/latin-america/2025/10/10/conservatives-rejoice-as-anti-socialist-freedom-fighter-maria-corina-machado-wins-nobel-peace-prize/
1267917754	20251010	202510	2025	2025.7671	ESP	SPANIARD	ESP								EUR	EUROPEAN	EUR								0	012	012	01	1	-0.4	2	1	2	-4.70162748643761	4	Madrid, Madrid, Spain	SP	SP29	25820	40.4	-3.68333	-390625	4	Madrid, Madrid, Spain	SP	SP29	25820	40.4	-3.68333	-390625	1	France	FR	FR		46	2	FR	20251010164500	https://www.surinenglish.com/spain/spain-the-second-most-concerned-about-mental-20251010075709-nt.html
1267917755	20251010	202510	2025	2025.7671	ESP	SPAIN	ESP								ITA	ITALY	ITA								0	1712	171	17	4	-9.2	1	1	1	-6.64031620553359	4	Manchester, Manchester, United Kingdom	UK	UKI2	40118	53.5	-2.21667	-2602512	4	Manchester, Manchester, United Kingdom	UK	UKI2	40118	53.5	-2.21667	-2602512	4	Manchester, Manchester, United Kingdom	UK	UKI2	40118	53.5	-2.21667	-2602512	20251010164500	https://www.clevelandjewishnews.com/jns/four-ways-to-combat-antisemitism-in-the-post-oct-7-world/article_0e6e49b8-dd26-57e3-b4bb-df9f2ce39be6.html
1267917756	20251010	202510	2025	2025.7671	ESP	SPAIN	ESP								PSEREBOPP	HAMAS	PSE					REB	OPP		0	191	191	19	4	-9.5	1	1	1	-6.64031620553359	4	Manchester, Manchester, United Kingdom	UK	UKI2	40118	53.5	-2.21667	-2602512	4	Manchester, Manchester, United Kingdom	UK	UKI2	40118	53.5	-2.21667	-2602512	4	Manchester, Manchester, United Kingdom	UK	UKI2	40118	53.5	-2.21667	-2602512	20251010164500	https://www.clevelandjewishnews.com/jns/four-ways-to-combat-antisemitism-in-the-post-oct-7-world/article_0e6e49b8-dd26-57e3-b4bb-df9f2ce39be6.html
1267917757	20251010	202510	2025	2025.7671	ESP	SPAIN	ESP								VEN	VENEZUELA	VEN								0	051	051	05	1	3.4	1	1	1	2.81879194630872	1	Spain	SP	SP		40	-4	SP	1	Venezuela	VE	VE		8	-66	VE	1	Venezuela	VE	VE		8	-66	VE	20251010164500	https://www.breitbart.com/latin-america/2025/10/10/conservatives-rejoice-as-anti-socialist-freedom-fighter-maria-corina-machado-wins-nobel-peace-prize/
1267917758	20251010	202510	2025	2025.7671	ESP	SPAIN	ESP								VEN	VENEZUELA	VEN								0	051	051	05	1	3.4	1	1	1	2.81879194630872	1	Venezuela	VE	VE		8	-66	VE	1	Venezuela	VE	VE		8	-66	VE	1	Venezuela	VE	VE		8	-66	VE	20251010164500	https://www.breitbart.com/latin-america/2025/10/10/conservatives-rejoice-as-anti-socialist-freedom-fighter-maria-corina-machado-wins-nobel-peace-prize/
1267917759	20251010	202510	2025	2025.7671	ESPJUD	SPAIN	ESP					JUD			ESP	SPAIN	ESP								1	174	174	17	4	-5.0	2	1	2	-7.45033112582781	1	Spain	SP	SP		40	-4	SP	1	Spain	SP	SP		40	-4	SP	1	Spain	SP	SP		40	-4	SP	20251010164500	https://www.ynetnews.com/article/bknmitl6eg
1267917760	20251010	202510	2025	2025.7671	ESPJUD	SPAIN	ESP					JUD			ISR	ISRAEL	ISR								1	042	042	04	1	1.9	2	1	2	-7.45033112582781	1	Spain	SP	SP		40	-4	SP	4	Gaza, Israel (general), Israel	IS	IS00	18315	31.4167	34.3333	-797156	4	Gaza, Israel (general), Israel	IS	IS00	18315	31.4167	34.3333	-797156	20251010164500	https://www.ynetnews.com/article/bknmitl6eg
1267917761	20251010	202510	2025	2025.7671	EUR	EUROPE	EUR																		0	010	010	01	1	0.0	2	1	2	3.25497287522604	4	London, London, City of, United Kingdom	UK	UKH9	40110	51.5	-0.116667	-2601889	0								1	Netherlands	NL	NL		52.5	5.75	NL	20251010164500	https://www.just-food.com/news/bol-foods-first-global-market/
1267917762	20251010	202510	2025	2025.7671	EUR	EUROPEAN	EUR																		1	020	020	02	1	3.0	3	1	3	-3.94088669950739	4	Gaza, Israel (general), Israel	IS	IS00	18315	31.4167	34.3333	-797156	0								4	Gaza, Israel (general), Israel	IS	IS00	18315	31.4167	34.3333	-797156	20251010164500	https://universitytimes.ie/2025/10/european-commission-proposes-sanctioning-israel/
1267917763	20251010	202510	2025	2025.7671	EUR	EUROPEAN	EUR																		1	020	020	02	1	3.0	7	1	7	-3.94088669950739	1	France	FR	FR		46	2	FR	0								4	Gaza, Israel (general), Israel	IS	IS00	18315	31.4167	34.3333	-797156	20251010164500	https://universitytimes.ie/2025/10/european-commission-proposes-sanctioning-israel/
1267917764	20251010	202510	2025	2025.7671	EUR	EUROPEAN	EUR																		0	100	100	10	3	-5.0	8	1	8	-2.1604938271605	3	White House, District of Columbia, United States	US	USDC		38.8951	-77.0364	531871	0								3	White House, District of Columbia, United States	US	USDC		38.8951	-77.0364	531871	20251010164500	https://www.dailymail.co.uk/debate/article-15181611/BORIS-JOHNSON-Trump-peace-Gaza-sheer-strength-needs-hard-word-Putin-know-will.html
1267917765	20251010	202510	2025	2025.7671	EUR	EUROPE	EUR																		0	100	100	10	3	-5.0	3	1	3	-2.1604938271605	1	United Kingdom	UK	UK		54	-4	UK	0								4	Moscow, Moskva, Russia	RS	RS48	25106	55.7522	37.6156	-2960561	20251010164500	https://www.dailymail.co.uk/debate/article-15181611/BORIS-JOHNSON-Trump-peace-Gaza-sheer-strength-needs-hard-word-Putin-know-will.html
1267917766	20251010	202510	2025	2025.7671	EUR	EUROPE	EUR																		0	100	100	10	3	-5.0	1	1	1	-2.1604938271605	1	United Kingdom	UK	UK		54	-4	UK	0								1	United Kingdom	UK	UK		54	-4	UK	20251010164500	https://www.dailymail.co.uk/debate/article-15181611/BORIS-JOHNSON-Trump-peace-Gaza-sheer-strength-needs-hard-word-Putin-know-will.html
1267917767	20251010	202510	2025	2025.7671	EUR	EUROPE	EUR																		0	100	100	10	3	-5.0	3	1	2	-2.1604938271605	1	Ukraine	UP	UP		49	32	UP	0								1	Ukraine	UP	UP		49	32	UP	20251010164500	https://www.dailymail.co.uk/debate/article-15181611/BORIS-JOHNSON-Trump-peace-Gaza-sheer-strength-needs-hard-word-Putin-know-will.html
1267917768	20251010	202510	2025	2025.7671	EUR	EUROPEAN	EUR																		1	138	138	13	3	-7.0	5	1	5	-5.41237113402061	4	Kiev, Ukraine (general), Ukraine	UP	UP00	28554	50.4333	30.5167	-1044367	0								4	Kiev, Ukraine (general), Ukraine	UP	UP00	28554	50.4333	30.5167	-1044367	20251010164500	http://www.heraldglobe.com/news/278628850/eu-could-fail-to-strike-deal-on-frozen-russian-assets-media
1267917769	20251010	202510	2025	2025.7671	EUR	EUROPEAN	EUR																		1	164	164	16	4	-7.0	5	1	5	-5.41237113402061	4	Kiev, Ukraine (general), Ukraine	UP	UP00	28554	50.4333	30.5167	-1044367	0								4	Kiev, Ukraine (general), Ukraine	UP	UP00	28554	50.4333	30.5167	-1044367	20251010164500	http://www.heraldglobe.com/news/278628850/eu-could-fail-to-strike-deal-on-frozen-russian-assets-media
1267917770	20251010	202510	2025	2025.7671	EUR	EUROPEAN	EUR								HUN	HUNGARIAN	HUN								1	046	046	04	1	7.0	4	1	4	-5.52147239263803	1	Hungary	HU	HU		47	20	HU	1	Hungary	HU	HU		47	20	HU	1	Hungary	HU	HU		47	20	HU	20251010164500	https://enrsi.stvr.sk/articles/news/417797/fico-warns-eu-car-ban-could-harm-slovak-industry
1267917771	20251010	202510	2025	2025.7671	EUR	EUROPEAN	EUR								HUNGOV	HUNGARIAN	HUN					GOV			1	046	046	04	1	7.0	6	1	6	-5.52147239263803	1	Hungary	HU	HU		47	20	HU	1	Hungary	HU	HU		47	20	HU	1	Hungary	HU	HU		47	20	HU	20251010164500	https://enrsi.stvr.sk/articles/news/417797/fico-warns-eu-car-ban-could-harm-slovak-industry
1267917772	20251010	202510	2025	2025.7671	EURCVL	EUROPE	EUR					CVL			EUR	EUROPE	EUR								0	011	011	01	1	-0.1	4	1	4	-3.51270553064275	4	Gaza, Israel (general), Israel	IS	IS00	18315	31.4167	34.3333	-797156	4	Gaza, Israel (general), Israel	IS	IS00	18315	31.4167	34.3333	-797156	4	Gaza, Israel (general), Israel	IS	IS00	18315	31.4167	34.3333	-797156	20251010164500	https://www.pakistantoday.com.pk/2025/10/10/high-stakes-games-in-the-middle-east/
1267917773	20251010	202510	2025	2025.7671	EURCVL	EUROPE	EUR					CVL			EUR	EUROPE	EUR								0	011	011	01	1	-0.1	1	1	1	-3.51270553064275	3	Washington, District of Columbia, United States	US	USDC	DC001	38.8951	-77.0364	531871	3	Washington, District of Columbia, United States	US	USDC	DC001	38.8951	-77.0364	531871	3	Washington, District of Columbia, United States	US	USDC	DC001	38.8951	-77.0364	531871	20251010164500	https://www.pakistantoday.com.pk/2025/10/10/high-stakes-games-in-the-middle-east/
1267917774	20251010	202510	2025	2025.7671	EURCVL	EUROPE	EUR					CVL			EUR	EUROPE	EUR								0	120	120	12	3	-4.0	4	1	4	-3.51270553064275	4	Gaza, Israel (general), Israel	IS	IS00	18315	31.4167	34.3333	-797156	4	Gaza, Israel (general), Israel	IS	IS00	18315	31.4167	34.3333	-797156	4	Gaza, Israel (general), Israel	IS	IS00	18315	31.4167	34.3333	-797156	20251010164500	https://www.pakistantoday.com.pk/2025/10/10/high-stakes-games-in-the-middle-east/
1267917775	20251010	202510	2025	2025.7671	EURCVL	EUROPE	EUR					CVL			EUR	EUROPE	EUR								0	120	120	12	3	-4.0	1	1	1	-3.51270553064275	3	Washington, District of Columbia, United States	US	USDC	DC001	38.8951	-77.0364	531871	3	Washington, District of Columbia, United States	US	USDC	DC001	38.8951	-77.0364	531871	3	Washington, District of Columbia, United States	US	USDC	DC001	38.8951	-77.0364	531871	20251010164500	https://www.pakistantoday.com.pk/2025/10/10/high-stakes-games-in-the-middle-east/
1267917776	20251010	202510	2025	2025.7671	FJI	FIJI	FJI																		1	090	090	09	2	-2.0	6	1	6	-2.12765957446808	1	New Zealand	NZ	NZ		-42	174	NZ	0								1	New Zealand	NZ	NZ		-42	174	NZ	20251010164500	https://www.odt.co.nz/news/dunedin/quest-find-two-relatives-after-decades
1267917777	20251010	202510	2025	2025.7671	FJI	FIJI	FJI								NZL	NEW ZEALAND	NZL								1	042	042	04	1	1.9	2	1	2	-2.12765957446808	1	Fiji	FJ	FJ		-18	178	FJ	1	New Zealand	NZ	NZ		-42	174	NZ	1	New Zealand	NZ	NZ		-42	174	NZ	20251010164500	https://www.odt.co.nz/news/dunedin/quest-find-two-relatives-after-decades
1267917778	20251010	202510	2025	2025.7671	FRA	PARIS	FRA																		1	043	043	04	1	2.8	4	1	4	0.47021943573668	4	Roissy, Îe-de-France, France	FR	FRA8	16281	48.7916	2.64747	-1462383	0								4	Roissy, Îe-de-France, France	FR	FRA8	16281	48.7916	2.64747	-1462383	20251010164500	https://variety.com/2025/film/global/former-cannes-president-pierre-lescure-emily-paris-studios-1236542939/
1267917779	20251010	202510	2025	2025.7671	FRA	FRENCH	FRA																		0	160	160	16	4	-4.0	3	1	3	-4.60251046025104	1	France	FR	FR		46	2	FR	0								1	France	FR	FR		46	2	FR	20251010164500	https://universitytimes.ie/2025/10/paul-thomas-andersons-one-battle-after-another-a-review/
1267917780	20251010	202510	2025	2025.7671	FRA	FRANCE	FRA								BUS	PRODUCER						BUS			0	042	042	04	1	1.9	2	1	2	0.47021943573668	4	Paris, France (general), France	FR	FR00	16282	48.8667	2.33333	-1456928	4	Paris, France (general), France	FR	FR00	16282	48.8667	2.33333	-1456928	4	Paris, France (general), France	FR	FR00	16282	48.8667	2.33333	-1456928	20251010164500	https://variety.com/2025/film/global/former-cannes-president-pierre-lescure-emily-paris-studios-1236542939/
1267917781	20251010	202510	2025	2025.7671	FRA	FRANCE	FRA								BUS	INDUSTRY						BUS			1	060	060	06	2	6.0	2	1	2	5.94227504244482	4	Mont-Saint-Michel, Basse-Normandie, France	FR	FR99	16258	48.636	-1.51153	-1442181	4	Mont-Saint-Michel, Basse-Normandie, France	FR	FR99	16258	48.636	-1.51153	-1442181	4	Mont-Saint-Michel, Basse-Normandie, France	FR	FR99	16258	48.636	-1.51153	-1442181	20251010164500	https://www.just-food.com/news/aux-trois-cigognes-biscuiteries-buys-french-peer-la-mere-poulard/
1267917782	20251010	202510	2025	2025.7671	FRA	FRANCE	FRA								FRABUS	FRANCE	FRA					BUS			0	042	042	04	1	1.9	2	1	2	0.47021943573668	4	Paris, France (general), France	FR	FR00	16282	48.8667	2.33333	-1456928	4	Paris, France (general), France	FR	FR00	16282	48.8667	2.33333	-1456928	4	Paris, France (general), France	FR	FR00	16282	48.8667	2.33333	-1456928	20251010164500	https://variety.com/2025/film/global/former-cannes-president-pierre-lescure-emily-paris-studios-1236542939/
1267917783	20251010	202510	2025	2025.7671	FRA	PARIS	FRA								FRAELI	FRENCH	FRA					ELI			1	043	043	04	1	2.8	6	1	6	4.78468899521531	4	Paris, France (general), France	FR	FR00	16282	48.8667	2.33333	-1456928	4	Paris, France (general), France	FR	FR00	16282	48.8667	2.33333	-1456928	4	Paris, France (general), France	FR	FR00	16282	48.8667	2.33333	-1456928	20251010164500	https://www.tribuneindia.com/news/india/sarkozy-meets-ashwani-kumar-in-paris-remembers-former-pm-manmohan-singh/
1267917784	20251010	202510	2025	2025.7671	FRA	PARIS	FRA								FRAGOV	FRENCH	FRA					GOV			1	017	017	01	1	0.0	5	1	5	4.78468899521531	4	Paris, France (general), France	FR	FR00	16282	48.8667	2.33333	-1456928	4	Paris, France (general), France	FR	FR00	16282	48.8667	2.33333	-1456928	4	Paris, France (general), France	FR	FR00	16282	48.8667	2.33333	-1456928	20251010164500	https://www.tribuneindia.com/news/india/sarkozy-meets-ashwani-kumar-in-paris-remembers-former-pm-manmohan-singh/
1267917785	20251010	202510	2025	2025.7671	FRA	FRENCH	FRA								FRAUAF	FRENCH	FRA					UAF			0	160	160	16	4	-4.0	3	1	3	-4.60251046025104	1	France	FR	FR		46	2	FR	1	France	FR	FR		46	2	FR	1	France	FR	FR		46	2	FR	20251010164500	https://universitytimes.ie/2025/10/paul-thomas-andersons-one-battle-after-another-a-review/
1267917786	20251010	202510	2025	2025.7671	FRA	FRANCE	FRA								FRAUAF	FRENCH	FRA					UAF			0	160	160	16	4	-4.0	2	1	2	-4.60251046025104	1	Spain	SP	SP		40	-4	SP	1	Spain	SP	SP		40	-4	SP	1	Spain	SP	SP		40	-4	SP	20251010164500	https://universitytimes.ie/2025/10/paul-thomas-andersons-one-battle-after-another-a-review/
1267917787	20251010	202510	2025	2025.7671	FRA	FRENCH	FRA								GOV	PREMIER						GOV			1	057	057	05	1	8.0	10	1	10	4.29447852760736	1	France	FR	FR		46	2	FR	1	France	FR	FR		46	2	FR	1	France	FR	FR		46	2	FR	20251010164500	https://www.caughtoffside.com/2025/10/10/liverpool-handed-huge-boost-ibrahima-konate/
1267917788	20251010	202510	2025	2025.7671	FRA	FRANCE	FRA								IGOUNO	UN SECURITY COUNCIL		UNO				IGO			1	027	027	02	1	4.0	8	1	8	2.38095238095238	1	France	FR	FR		46	2	FR	1	Germany	GM	GM		51.5	10.5	GM	1	Germany	GM	GM		51.5	10.5	GM	20251010164500	https://www.middleeasteye.net/live-blog/live-blog-update/uk-france-germany-urge-un-security-council-back-gaza-peace-plan
1267917789	20251010	202510	2025	2025.7671	FRA	FRANCE	FRA								IGOUNO	UN SECURITY COUNCIL		UNO				IGO			1	027	027	02	1	4.0	2	1	2	2.38095238095238	1	United Kingdom	UK	UK		54	-4	UK	1	Germany	GM	GM		51.5	10.5	GM	1	Germany	GM	GM		51.5	10.5	GM	20251010164500	https://www.middleeasteye.net/live-blog/live-blog-update/uk-france-germany-urge-un-security-council-back-gaza-peace-plan
1267917790	20251010	202510	2025	2025.7671	FRA	PARIS	FRA								INDGOV	MANMOHAN SINGH	IND					GOV			1	040	040	04	1	1.0	7	1	7	4.78468899521531	4	Paris, France (general), France	FR	FR00	16282	48.8667	2.33333	-1456928	4	Paris, France (general), France	FR	FR00	16282	48.8667	2.33333	-1456928	4	Paris, France (general), France	FR	FR00	16282	48.8667	2.33333	-1456928	20251010164500	https://www.tribuneindia.com/news/india/sarkozy-meets-ashwani-kumar-in-paris-remembers-former-pm-manmohan-singh/
1267917791	20251010	202510	2025	2025.7671	FRA	FRANCE	FRA								ISR	ISRAEL	ISR								1	010	010	01	1	0.0	2	1	2	-4.78260869565217	1	France	FR	FR		46	2	FR	1	France	FR	FR		46	2	FR	1	France	FR	FR		46	2	FR	20251010164500	https://www.ynetnews.com/article/bj4qg2u6le
1267917792	20251010	202510	2025	2025.7671	FRA	FRANCE	FRA								ISR	ISRAEL	ISR								1	010	010	01	1	0.0	2	1	2	-4.78260869565217	1	France	FR	FR		46	2	FR	1	Israel	IS	IS		31.5	34.75	IS	1	France	FR	FR		46	2	FR	20251010164500	https://www.ynetnews.com/article/bj4qg2u6le
1267917793	20251010	202510	2025	2025.7671	FRA	FRANCE	FRA								ISR	ISRAEL	ISR								1	050	050	05	1	3.5	2	1	2	2.38095238095238	1	France	FR	FR		46	2	FR	4	Gaza, Israel (general), Israel	IS	IS00	18315	31.4167	34.3333	-797156	4	Gaza, Israel (general), Israel	IS	IS00	18315	31.4167	34.3333	-797156	20251010164500	https://www.middleeasteye.net/live-blog/live-blog-update/uk-france-germany-urge-un-security-council-back-gaza-peace-plan
1267917794	20251010	202510	2025	2025.7671	FRA	FRANCE	FRA								ISR	ISRAEL	ISR								1	050	050	05	1	3.5	2	1	2	2.38095238095238	1	United Kingdom	UK	UK		54	-4	UK	4	Gaza, Israel (general), Israel	IS	IS00	18315	31.4167	34.3333	-797156	4	Gaza, Israel (general), Israel	IS	IS00	18315	31.4167	34.3333	-797156	20251010164500	https://www.middleeasteye.net/live-blog/live-blog-update/uk-france-germany-urge-un-security-council-back-gaza-peace-plan
1267917795	20251010	202510	2025	2025.7671	FRA	FRANCE	FRA								PSE	GAZA	PSE								1	050	050	05	1	3.5	6	1	6	2.38095238095238	1	France	FR	FR		46	2	FR	4	Gaza, Israel (general), Israel	IS	IS00	18315	31.4167	34.3333	-797156	4	Gaza, Israel (general), Israel	IS	IS00	18315	31.4167	34.3333	-797156	20251010164500	https://www.middleeasteye.net/live-blog/live-blog-update/uk-france-germany-urge-un-security-council-back-gaza-peace-plan
1267917796	20251010	202510	2025	2025.7671	FRA	PARIS	FRA								USA	UNITED STATES	USA								1	040	040	04	1	1.0	3	1	2	2.84810126582279	4	Paris, France (general), France	FR	FR00	16282	48.8667	2.33333	-1456928	2	Oregon, United States	US	USOR		44.5672	-122.127	OR	2	Oregon, United States	US	USOR		44.5672	-122.127	OR	20251010164500	https://www.dailymail.co.uk/travel/article-15180859/Tourist-used-ChatGPT-plan-holiday-ended-expensive-wrong.html
1267917797	20251010	202510	2025	2025.7671	FRA	PARIS	FRA								USA	UNITED STATES	USA								0	040	040	04	1	1.0	1	1	1	2.84810126582279	2	Oregon, United States	US	USOR		44.5672	-122.127	OR	2	Oregon, United States	US	USOR		44.5672	-122.127	OR	1	Kenya	KE	KE		1	38	KE	20251010164500	https://www.dailymail.co.uk/travel/article-15180859/Tourist-used-ChatGPT-plan-holiday-ended-expensive-wrong.html
1267917798	20251010	202510	2025	2025.7671	FRA	PARIS	FRA								USA	UNITED STATES	USA								1	043	043	04	1	2.8	2	1	1	2.84810126582279	4	Paris, France (general), France	FR	FR00	16282	48.8667	2.33333	-1456928	2	Oregon, United States	US	USOR		44.5672	-122.127	OR	4	Paris, France (general), France	FR	FR00	16282	48.8667	2.33333	-1456928	20251010164500	https://www.dailymail.co.uk/travel/article-15180859/Tourist-used-ChatGPT-plan-holiday-ended-expensive-wrong.html
1267917799	20251010	202510	2025	2025.7671	FRA	PARIS	FRA								USA	UNITED STATES	USA								1	043	043	04	1	2.8	1	1	1	2.84810126582279	4	Paris, France (general), France	FR	FR00	16282	48.8667	2.33333	-1456928	2	Oregon, United States	US	USOR		44.5672	-122.127	OR	2	Oregon, United States	US	USOR		44.5672	-122.127	OR	20251010164500	https://www.dailymail.co.uk/travel/article-15180859/Tourist-used-ChatGPT-plan-holiday-ended-expensive-wrong.html
1267917800	20251010	202510	2025	2025.7671	FRA	PARIS	FRA								USA	UNITED STATES	USA								0	043	043	04	1	2.8	1	1	1	2.84810126582279	2	Oregon, United States	US	USOR		44.5672	-122.127	OR	2	Oregon, United States	US	USOR		44.5672	-122.127	OR	2	Oregon, United States	US	USOR		44.5672	-122.127	OR	20251010164500	https://www.dailymail.co.uk/travel/article-15180859/Tourist-used-ChatGPT-plan-holiday-ended-expensive-wrong.html
1267917801	20251010	202510	2025	2025.7671	FRA	FRANCE	FRA								USA	UNITED STATES	USA								0	111	111	11	3	-2.0	2	1	2	2.14689265536723	4	Biars, Midi-Pyrées, France	FR	FRB3	16303	44.9263	1.85403	-1412529	1	United States	US	US		39.828175	-98.5795	US	1	United States	US	US		39.828175	-98.5795	US	20251010164500	https://www.odt.co.nz/business/new-geraldine-factory-set-double-processing-capacity
1267917802	20251010	202510	2025	2025.7671	FRA	FRANCE	FRA								USA	UNITED STATES	USA								0	111	111	11	3	-2.0	2	1	2	2.14689265536723	1	United States	US	US		39.828175	-98.5795	US	1	United States	US	US		39.828175	-98.5795	US	1	United States	US	US		39.828175	-98.5795	US	20251010164500	https://www.odt.co.nz/business/new-geraldine-factory-set-double-processing-capacity
1267917803	20251010	202510	2025	2025.7671	FRABUS	FRANCE	FRA					BUS			FRA	FRANCE	FRA								0	043	043	04	1	2.8	2	1	2	0.47021943573668	4	Paris, France (general), France	FR	FR00	16282	48.8667	2.33333	-1456928	4	Paris, France (general), France	FR	FR00	16282	48.8667	2.33333	-1456928	4	Paris, France (general), France	FR	FR00	16282	48.8667	2.33333	-1456928	20251010164500	https://variety.com/2025/film/global/former-cannes-president-pierre-lescure-emily-paris-studios-1236542939/
1267917804	20251010	202510	2025	2025.7671	FRAELI	FRANCE	FRA					ELI			FRA	FRANCE	FRA								0	010	010	01	1	0.0	2	1	2	-4.78260869565217	1	France	FR	FR		46	2	FR	1	France	FR	FR		46	2	FR	1	France	FR	FR		46	2	FR	20251010164500	https://www.ynetnews.com/article/bj4qg2u6le
1267917805	20251010	202510	2025	2025.7671	FRAELI	FRENCH	FRA					ELI			FRA	PARIS	FRA								1	042	042	04	1	1.9	6	1	6	4.78468899521531	4	Paris, France (general), France	FR	FR00	16282	48.8667	2.33333	-1456928	4	Paris, France (general), France	FR	FR00	16282	48.8667	2.33333	-1456928	4	Paris, France (general), France	FR	FR00	16282	48.8667	2.33333	-1456928	20251010164500	https://www.tribuneindia.com/news/india/sarkozy-meets-ashwani-kumar-in-paris-remembers-former-pm-manmohan-singh/
1267917806	20251010	202510	2025	2025.7671	FRAJUD	FRANCE	FRA					JUD			FRA	PARIS	FRA								1	051	051	05	1	3.4	5	1	5	4.78468899521531	4	Paris, France (general), France	FR	FR00	16282	48.8667	2.33333	-1456928	4	Paris, France (general), France	FR	FR00	16282	48.8667	2.33333	-1456928	4	Paris, France (general), France	FR	FR00	16282	48.8667	2.33333	-1456928	20251010164500	https://www.tribuneindia.com/news/india/sarkozy-meets-ashwani-kumar-in-paris-remembers-former-pm-manmohan-singh/
1267917807	20251010	202510	2025	2025.7671	GBR	UNITED KINGDOM	GBR																		1	020	020	02	1	3.0	6	1	6	3.99032648125756	4	Springburn, Glasgow City, United Kingdom	UK	UKV2	40176	55.8833	-4.21667	-2608455	0								4	Springburn, Glasgow City, United Kingdom	UK	UKV2	40176	55.8833	-4.21667	-2608455	20251010164500	https://www.scottishhousingnews.com/articles/sanctuary-scotland-delivers-136-affordable-homes-in-glasgows-south-side
1267917808	20251010	202510	2025	2025.7671	GBR	BRITAIN	GBR																		0	032	032	03	1	4.5	1	1	1	-3.66392924826279	1	United States	US	US		39.828175	-98.5795	US	0								4	Lake Huron, Canada (general), Canada	CA	CA00		44.5	-82	-566484	20251010164500	https://www.stcatharinesstandard.ca/thestar/opinion/contributors/the-very-canadian-rebellion-that-made-us-who-we-are/article_8e756f18-6a59-5c7b-ae97-899cdd11691a.html
1267917809	20251010	202510	2025	2025.7671	GBR	BRITISH	GBR																		1	042	042	04	1	1.9	4	1	4	2.74509803921569	4	Margam, Neath Port Talbot, United Kingdom	UK	UKY5	40186	51.5622	-3.74333	-2602587	0								4	Margam, Neath Port Talbot, United Kingdom	UK	UKY5	40186	51.5622	-3.74333	-2602587	20251010164500	https://www.walesonline.co.uk/whats-on/music-nightlife-news/together-festival-full-line-up-32649174
1267917810	20251010	202510	2025	2025.7671	GBR	UNITED KINGDOM	GBR																		0	043	043	04	1	2.8	2	1	2	-7.00152207001522	4	Glastonbury, Somerset, United Kingdom	UK	UKM3	40129	51.1467	-2.71444	-2597059	0								4	Glastonbury, Somerset, United Kingdom	UK	UKM3	40129	51.1467	-2.71444	-2597059	20251010164500	https://www.ibtimes.co.uk/british-dj-linked-jay-z-diddy-faces-disturbing-sex-assault-charges-1747323
1267917811	20251010	202510	2025	2025.7671	GBR	BRITISH	GBR																		1	051	051	05	1	3.4	5	1	5	2.74509803921569	4	Margam, Neath Port Talbot, United Kingdom	UK	UKY5	40186	51.5622	-3.74333	-2602587	0								4	Manchester, Manchester, United Kingdom	UK	UKI2	40118	53.5	-2.21667	-2602512	20251010164500	https://www.walesonline.co.uk/whats-on/music-nightlife-news/together-festival-full-line-up-32649174
1267917812	20251010	202510	2025	2025.7671	GBR	UNITED KINGDOM	GBR																		0	070	070	07	2	7.0	1	1	1	3.99032648125756	4	Glasgow, Glasgow City, United Kingdom	UK	UKV2	40176	55.8333	-4.25	-2597039	0								5	Glasgow City, Glasgow City, United Kingdom	UK	UKV2	40176	55.8667	-4.25	6077673	20251010164500	https://www.scottishhousingnews.com/articles/sanctuary-scotland-delivers-136-affordable-homes-in-glasgows-south-side
1267917813	20251010	202510	2025	2025.7671	GBR	GLASGOW	GBR																		0	070	070	07	2	7.0	2	1	2	3.99032648125756	5	Glasgow City, Glasgow City, United Kingdom	UK	UKV2	40176	55.8667	-4.25	6077673	0								5	Glasgow City, Glasgow City, United Kingdom	UK	UKV2	40176	55.8667	-4.25	6077673	20251010164500	https://www.scottishhousingnews.com/articles/sanctuary-scotland-delivers-136-affordable-homes-in-glasgows-south-side
1267917814	20251010	202510	2025	2025.7671	GBR	LONDON	GBR																		1	111	111	11	3	-2.0	2	1	2	0.369003690036899	4	London, London, City of, United Kingdom	UK	UKH9	40110	51.5	-0.116667	-2601889	0								4	Paris, France (general), France	FR	FR00	16282	48.8667	2.33333	-1456928	20251010164500	https://www.geo.tv/latest/627976-meghan-markles-next-career-move-expert-speaks-out
1267917815	20251010	202510	2025	2025.7671	GBR	UNITED KINGDOM	GBR																		1	111	111	11	3	-2.0	4	1	4	1.19047619047619	1	Argentina	AR	AR		-34	-64	AR	0								1	Argentina	AR	AR		-34	-64	AR	20251010164500	https://www.dailystar.co.uk/showbiz/louis-tomlinson-admits-rude-passenger-36048923
1267917816	20251010	202510	2025	2025.7671	GBR	UNITED KINGDOM	GBR																		1	173	173	17	4	-5.0	9	1	9	-7.00152207001522	4	Glastonbury, Somerset, United Kingdom	UK	UKM3	40129	51.1467	-2.71444	-2597059	0								4	Glastonbury, Somerset, United Kingdom	UK	UKM3	40129	51.1467	-2.71444	-2597059	20251010164500	https://www.ibtimes.co.uk/british-dj-linked-jay-z-diddy-faces-disturbing-sex-assault-charges-1747323
1267917817	20251010	202510	2025	2025.7671	GBR	UNITED KINGDOM	GBR								AFG	AFGHANISTAN	AFG								0	112	112	11	3	-2.0	1	1	1	-4.79452054794521	4	Southwark, Southwark, United Kingdom	UK	UKM8	40110	51.5	-0.083333	-2608353	1	Afghanistan	AF	AF		33	66	AF	1	Afghanistan	AF	AF		33	66	AF	20251010164500	https://www.aol.co.uk/articles/man-entered-uk-small-boat-161623346.html
1267917818	20251010	202510	2025	2025.7671	GBR	UNITED KINGDOM	GBR								AFG	AFGHANISTAN	AFG								0	190	190	19	4	-10.0	1	1	1	-4.79452054794521	4	Southwark, Southwark, United Kingdom	UK	UKM8	40110	51.5	-0.083333	-2608353	1	Afghanistan	AF	AF		33	66	AF	1	Afghanistan	AF	AF		33	66	AF	20251010164500	https://www.aol.co.uk/articles/man-entered-uk-small-boat-161623346.html
1267917819	20251010	202510	2025	2025.7671	GBR	UNITED KINGDOM	GBR								AUS	VICTORIA	AUS								1	013	013	01	1	0.4	2	1	2	3.99032648125756	4	Springburn, Glasgow City, United Kingdom	UK	UKV2	40176	55.8833	-4.21667	-2608455	4	Springburn, Glasgow City, United Kingdom	UK	UKV2	40176	55.8833	-4.21667	-2608455	4	Springburn, Glasgow City, United Kingdom	UK	UKV2	40176	55.8833	-4.21667	-2608455	20251010164500	https://www.scottishhousingnews.com/articles/sanctuary-scotland-delivers-136-affordable-homes-in-glasgows-south-side
1267917820	20251010	202510	2025	2025.7671	GBR	UNITED KINGDOM	GBR								AUS	VICTORIA	AUS								1	192	192	19	4	-9.5	2	1	2	3.99032648125756	4	Springburn, Glasgow City, United Kingdom	UK	UKV2	40176	55.8833	-4.21667	-2608455	4	Springburn, Glasgow City, United Kingdom	UK	UKV2	40176	55.8833	-4.21667	-2608455	4	Springburn, Glasgow City, United Kingdom	UK	UKV2	40176	55.8833	-4.21667	-2608455	20251010164500	https://www.scottishhousingnews.com/articles/sanctuary-scotland-delivers-136-affordable-homes-in-glasgows-south-side
1267917821	20251010	202510	2025	2025.7671	GBR	LONDON	GBR								BUS	BUSINESS						BUS			0	150	150	15	4	-7.2	7	1	7	3.25497287522604	4	London, London, City of, United Kingdom	UK	UKH9	40110	51.5	-0.116667	-2601889	4	London, London, City of, United Kingdom	UK	UKH9	40110	51.5	-0.116667	-2601889	4	London, London, City of, United Kingdom	UK	UKH9	40110	51.5	-0.116667	-2601889	20251010164500	https://www.just-food.com/news/bol-foods-first-global-market/
1267917822	20251010	202510	2025	2025.7671	GBR	UNITED KINGDOM	GBR								CAN	CANADIAN	CAN								0	012	012	01	1	-0.4	2	1	2	-1.93050193050193	1	United Kingdom	UK	UK		54	-4	UK	4	Vancouver, British Columbia, Canada	CA	CA02	12552	49.25	-123.133	-575268	1	United Kingdom	UK	UK		54	-4	UK	20251010164500	https://www.stcatharinesstandard.ca/business/conflict-of-interest-experts-share-concerns-of-u-s-stakes-in-canadian-miners/article_920d654c-7b0e-55fa-9bfb-65ceb2d78b17.html
1267917823	20251010	202510	2025	2025.7671	GBR	UNITED KINGDOM	GBR								COP	DEPUTY						COP			1	057	057	05	1	8.0	5	1	5	5.78778135048231	1	United Kingdom	UK	UK		54	-4	UK	1	United Kingdom	UK	UK		54	-4	UK	1	United Kingdom	UK	UK		54	-4	UK	20251010164500	https://economictimes.indiatimes.com/news/economy/foreign-trade/india-uk-sign-pact-to-set-up-joint-innovation-centre-for-telecom-commit-rs-282-cr/articleshow/124458829.cms
1267917824	20251010	202510	2025	2025.7671	GBR	UNITED KINGDOM	GBR								CVL	TRAVELLER						CVL			1	020	020	02	1	3.0	7	1	7	-0.27173913043478	4	Milan, Lombardia, Italy	IT	IT09	18363	45.4667	9.2	-121726	4	Milan, Lombardia, Italy	IT	IT09	18363	45.4667	9.2	-121726	4	Milan, Lombardia, Italy	IT	IT09	18363	45.4667	9.2	-121726	20251010164500	https://www.wantedinrome.com/news/ees-italy-airports-phase-in-entry-exit-system.html
1267917825	20251010	202510	2025	2025.7671	GBR	UNITED KINGDOM	GBR								CVL	RESIDENTS						CVL			1	051	051	05	1	3.4	4	1	4	6.66666666666667	4	South Queensferry, Edinburgh, City of, United Kingdom	UK	UKU8	40176	55.9833	-3.4	-2605854	4	South Queensferry, Edinburgh, City of, United Kingdom	UK	UKU8	40176	55.9833	-3.4	-2605854	4	South Queensferry, Edinburgh, City of, United Kingdom	UK	UKU8	40176	55.9833	-3.4	-2605854	20251010164500	https://www.scottishhousingnews.com/tag/sanctuary-scotland
1267917826	20251010	202510	2025	2025.7671	GBR	UNITED KINGDOM	GBR								CVL	COMMUNITY						CVL			1	070	070	07	2	7.0	6	1	6	3.52941176470588	4	Rockport, Moyle, United Kingdom	UK	UKS8	40176	55.1167	-6.03333	-2606400	4	Rockport, Moyle, United Kingdom	UK	UKS8	40176	55.1167	-6.03333	-2606400	4	Rockport, Moyle, United Kingdom	UK	UKS8	40176	55.1167	-6.03333	-2606400	20251010164500	https://www.penbaypilot.com:443/article/belfast-dental-center-campaign-receives-donation-rockport-dentist/263412
1267917827	20251010	202510	2025	2025.7671	GBR	UNITED KINGDOM	GBR								EDU	UNIVERSITY						EDU			1	192	192	19	4	-9.5	3	1	3	1.65680473372781	3	College Park, California, United States	US	USCA	CA085	37.3422	-121.9	1658300	3	College Park, California, United States	US	USCA		37.3422	-121.9	1658300	3	College Park, California, United States	US	USCA		37.3422	-121.9	1658300	20251010164500	https://www.sciencenews.org/article/lasers-muons-beams-accelerator
1267917828	20251010	202510	2025	2025.7671	GBR	UNITED KINGDOM	GBR								FRA	FRANCE	FRA								0	173	173	17	4	-5.0	8	1	8	-4.79452054794521	4	Southwark, Southwark, United Kingdom	UK	UKM8	40110	51.5	-0.083333	-2608353	1	France	FR	FR		46	2	FR	1	France	FR	FR		46	2	FR	20251010164500	https://www.aol.co.uk/articles/man-entered-uk-small-boat-161623346.html
1267917829	20251010	202510	2025	2025.7671	GBR	UNITED KINGDOM	GBR								GBRGOV	UNITED KINGDOM	GBR					GOV			1	100	100	10	3	-5.0	2	1	2	3.51906158357771	1	India	IN	IN		20	77	IN	1	India	IN	IN		20	77	IN	1	India	IN	IN		20	77	IN	20251010164500	https://idrw.org/india-agrees-to-send-iaf-flying-instructors-to-train-raf-pilot-cadets/
1267917830	20251010	202510	2025	2025.7671	GBR	UNITED KINGDOM	GBR								GOV	PRESIDENT						GOV			0	043	043	04	1	2.8	4	1	4	5.85106382978723	4	Aylesbury, Buckinghamshire, United Kingdom	UK	UKB9	40097	51.8167	-0.8	-2588872	1	Venezuela	VE	VE		8	-66	VE	4	Aylesbury, Buckinghamshire, United Kingdom	UK	UKB9	40097	51.8167	-0.8	-2588872	20251010164500	https://www.channelstv.com/2025/10/10/nobel-peace-prize-winner-machado-dedicates-award-to-trump/
1267917831	20251010	202510	2025	2025.7671	GBR	UNITED KINGDOM	GBR								GOV	PRESIDENT						GOV			0	043	043	04	1	2.8	2	1	2	5.85106382978723	4	Aylesbury, Buckinghamshire, United Kingdom	UK	UKB9	40097	51.8167	-0.8	-2588872	1	Venezuela	VE	VE		8	-66	VE	1	Venezuela	VE	VE		8	-66	VE	20251010164500	https://www.channelstv.com/2025/10/10/nobel-peace-prize-winner-machado-dedicates-award-to-trump/
1267917832	20251010	202510	2025	2025.7671	GBR	UNITED KINGDOM	GBR								IGOUNO	UN SECURITY COUNCIL		UNO				IGO			1	027	027	02	1	4.0	10	1	10	2.38095238095238	4	Gaza, Israel (general), Israel	IS	IS00	18315	31.4167	34.3333	-797156	4	Gaza, Israel (general), Israel	IS	IS00	18315	31.4167	34.3333	-797156	4	Gaza, Israel (general), Israel	IS	IS00	18315	31.4167	34.3333	-797156	20251010164500	https://www.middleeasteye.net/live-blog/live-blog-update/uk-france-germany-urge-un-security-council-back-gaza-peace-plan
1267917833	20251010	202510	2025	2025.7671	GBR	UNITED KINGDOM	GBR								IGOWSTNAT	NATO	WST	NAT				IGO			0	100	100	10	3	-5.0	3	1	3	-2.1604938271605	1	United Kingdom	UK	UK		54	-4	UK	1	United Kingdom	UK	UK		54	-4	UK	4	Moscow, Moskva, Russia	RS	RS48	25106	55.7522	37.6156	-2960561	20251010164500	https://www.dailymail.co.uk/debate/article-15181611/BORIS-JOHNSON-Trump-peace-Gaza-sheer-strength-needs-hard-word-Putin-know-will.html
1267917834	20251010	202510	2025	2025.7671	GBR	UNITED KINGDOM	GBR								IGOWSTNAT	NATO	WST	NAT				IGO			0	100	100	10	3	-5.0	1	1	1	-2.1604938271605	1	United Kingdom	UK	UK		54	-4	UK	1	United Kingdom	UK	UK		54	-4	UK	1	United Kingdom	UK	UK		54	-4	UK	20251010164500	https://www.dailymail.co.uk/debate/article-15181611/BORIS-JOHNSON-Trump-peace-Gaza-sheer-strength-needs-hard-word-Putin-know-will.html
1267917835	20251010	202510	2025	2025.7671	GBR	UNITED KINGDOM	GBR								IGOWSTNAT	NATO	WST	NAT				IGO			0	100	100	10	3	-5.0	1	1	1	-2.1604938271605	1	Ukraine	UP	UP		49	32	UP	1	Ukraine	UP	UP		49	32	UP	1	Ukraine	UP	UP		49	32	UP	20251010164500	https://www.dailymail.co.uk/debate/article-15181611/BORIS-JOHNSON-Trump-peace-Gaza-sheer-strength-needs-hard-word-Putin-know-will.html
1267917836	20251010	202510	2025	2025.7671	GBR	UNITED KINGDOM	GBR								IRL	IRELAND	IRL								1	192	192	19	4	-9.5	1	1	1	1.65680473372781	3	College Park, California, United States	US	USCA	CA085	37.3422	-121.9	1658300	3	College Park, California, United States	US	USCA		37.3422	-121.9	1658300	3	College Park, California, United States	US	USCA		37.3422	-121.9	1658300	20251010164500	https://www.sciencenews.org/article/lasers-muons-beams-accelerator
1267917837	20251010	202510	2025	2025.7671	GBR	UNITED KINGDOM	GBR								ISR	ISRAEL	ISR								1	050	050	05	1	3.5	4	1	4	2.38095238095238	1	United Kingdom	UK	UK		54	-4	UK	4	Gaza, Israel (general), Israel	IS	IS00	18315	31.4167	34.3333	-797156	4	Gaza, Israel (general), Israel	IS	IS00	18315	31.4167	34.3333	-797156	20251010164500	https://www.middleeasteye.net/live-blog/live-blog-update/uk-france-germany-urge-un-security-council-back-gaza-peace-plan
1267917838	20251010	202510	2025	2025.7671	GBR	LONDON	GBR								ITA	ITALY	ITA								1	060	060	06	2	6.0	4	1	4	-0.23809523809524	4	Milan, Lombardia, Italy	IT	IT09	18363	45.4667	9.2	-121726	4	Milan, Lombardia, Italy	IT	IT09	18363	45.4667	9.2	-121726	4	Milan, Lombardia, Italy	IT	IT09	18363	45.4667	9.2	-121726	20251010164500	https://variety.com/2025/film/news/lady-gaga-devil-wears-prada-sequel-1236544968/
1267917839	20251010	202510	2025	2025.7671	GBR	UNITED KINGDOM	GBR								MED	TELECOM						MED			1	057	057	05	1	8.0	10	1	10	5.78778135048231	1	United Kingdom	UK	UK		54	-4	UK	1	United Kingdom	UK	UK		54	-4	UK	1	United Kingdom	UK	UK		54	-4	UK	20251010164500	https://economictimes.indiatimes.com/news/economy/foreign-trade/india-uk-sign-pact-to-set-up-joint-innovation-centre-for-telecom-commit-rs-282-cr/articleshow/124458829.cms
1267917840	20251010	202510	2025	2025.7671	GBR	BRITAIN	GBR								NGOCHR	YWCA				CHR		NGO			1	070	070	07	2	7.0	6	1	6	-1.60642570281124	3	New Britain, Connecticut, United States	US	USCT	CT003	41.6612	-72.7795	209217	3	New Britain, Connecticut, United States	US	USCT		41.6612	-72.7795	209217	3	New Britain, Connecticut, United States	US	USCT		41.6612	-72.7795	209217	20251010164500	https://www.wfsb.com/2025/10/10/state-finds-new-britain-ywca-failed-give-proper-first-aidcpr-death-2-year-old-boy-who-choked-meatball/
1267917841	20251010	202510	2025	2025.7671	GBR	BRITISH	GBR								PAKMIL	PAKISTAN	PAK					MIL			0	190	190	19	4	-10.0	1	1	1	-2.98850574712644	1	United Kingdom	UK	UK		54	-4	UK	5	Balochistan, Balochistan, Pakistan	PK	PK02	40300	28.4785	65.6436	-2755738	5	Balochistan, Balochistan, Pakistan	PK	PK02	40300	28.4785	65.6436	-2755738	20251010164500	https://www.pakistantoday.com.pk/2025/10/10/bombing-kabul/
1267917842	20251010	202510	2025	2025.7671	GBR	UNITED KINGDOM	GBR								PAKMIL	PAKISTAN	PAK					MIL			0	190	190	19	4	-10.0	2	1	2	-2.98850574712644	1	United Kingdom	UK	UK		54	-4	UK	5	Balochistan, Balochistan, Pakistan	PK	PK02	40300	28.4785	65.6436	-2755738	1	United States	US	US		39.828175	-98.5795	US	20251010164500	https://www.pakistantoday.com.pk/2025/10/10/bombing-kabul/
1267917843	20251010	202510	2025	2025.7671	GBR	BRITISH	GBR								PAKMIL	PAKISTAN	PAK					MIL			0	190	190	19	4	-10.0	1	1	1	-2.98850574712644	1	United Kingdom	UK	UK		54	-4	UK	1	United States	US	US		39.828175	-98.5795	US	1	United States	US	US		39.828175	-98.5795	US	20251010164500	https://www.pakistantoday.com.pk/2025/10/10/bombing-kabul/
1267917844	20251010	202510	2025	2025.7671	GBR	LONDON	GBR								POL	POLISH	POL								1	080	080	08	2	5.0	7	1	7	0.26631158455393	4	London, London, City of, United Kingdom	UK	UKH9	40110	51.5	-0.116667	-2601889	4	London, London, City of, United Kingdom	UK	UKH9	40110	51.5	-0.116667	-2601889	4	London, London, City of, United Kingdom	UK	UKH9	40110	51.5	-0.116667	-2601889	20251010164500	https://www.dailymail.co.uk/home/you/article-15166663/Wrinkles-dryness-cancer-beauty-editor-Ill-NEVER-gel-manicure-incredible-products-work-just-well.html
1267917845	20251010	202510	2025	2025.7671	GBR	BRITAIN	GBR								PSE	PALESTINIAN	PSE								0	020	020	02	1	3.0	8	1	8	-5.24822695035461	4	Manchester, Manchester, United Kingdom	UK	UKI2	40118	53.5	-2.21667	-2602512	4	Gaza, Israel (general), Israel	IS	IS00	18315	31.4167	34.3333	-797156	4	Gaza, Israel (general), Israel	IS	IS00	18315	31.4167	34.3333	-797156	20251010164500	https://www.middleeasteye.net/opinion/how-netanyahus-war-islam-fuels-antisemitism-europe
1267917846	20251010	202510	2025	2025.7671	GBR	BRITAIN	GBR								PSE	PALESTINIAN	PSE								0	020	020	02	1	3.0	2	1	2	-5.24822695035461	4	Gaza, Israel (general), Israel	IS	IS00	18315	31.4167	34.3333	-797156	4	Gaza, Israel (general), Israel	IS	IS00	18315	31.4167	34.3333	-797156	4	Gaza, Israel (general), Israel	IS	IS00	18315	31.4167	34.3333	-797156	20251010164500	https://www.middleeasteye.net/opinion/how-netanyahus-war-islam-fuels-antisemitism-europe
1267917847	20251010	202510	2025	2025.7671	GBR	UNITED KINGDOM	GBR								PSE	GAZA	PSE								1	050	050	05	1	3.5	6	1	6	2.38095238095238	1	United Kingdom	UK	UK		54	-4	UK	4	Gaza, Israel (general), Israel	IS	IS00	18315	31.4167	34.3333	-797156	4	Gaza, Israel (general), Israel	IS	IS00	18315	31.4167	34.3333	-797156	20251010164500	https://www.middleeasteye.net/live-blog/live-blog-update/uk-france-germany-urge-un-security-council-back-gaza-peace-plan
1267917848	20251010	202510	2025	2025.7671	GBR	UNITED KINGDOM	GBR								ROU	ROMANIA									1	040	040	04	1	1.0	4	1	4	-4.26540284360189	4	Newbury, West Berkshire, United Kingdom	UK	UKP4	40096	51.4	-1.31667	-2603950	4	Bucharest, Bucuresti, Romania	RO	RO10	25006	44.4333	26.1	-1153951	4	Bucharest, Bucuresti, Romania	RO	RO10	25006	44.4333	26.1	-1153951	20251010164500	https://www.dailymail.co.uk/news/article-15178083/Undercover-spy-infiltrated-Newbury-Pass-eco-warriors-unmasked-paedophile-tried-sex-children-young-six.html
1267917849	20251010	202510	2025	2025.7671	GBR	UNITED KINGDOM	GBR								TUN	ARIANA	TUN								1	010	010	01	1	0.0	2	1	2	0	1	United Kingdom	UK	UK		54	-4	UK	1	United Kingdom	UK	UK		54	-4	UK	1	United Kingdom	UK	UK		54	-4	UK	20251010164500	https://www.realitytea.com/2025/10/10/ariana-madix-katie-maloney-lawsuit-dropped-chef-penny/
1267917850	20251010	202510	2025	2025.7671	GBR	UNITED KINGDOM	GBR								VENGOV	VENEZUELA	VEN					GOV			0	043	043	04	1	2.8	2	1	2	5.85106382978723	1	Venezuela	VE	VE		8	-66	VE	1	Venezuela	VE	VE		8	-66	VE	1	Venezuela	VE	VE		8	-66	VE	20251010164500	https://www.channelstv.com/2025/10/10/nobel-peace-prize-winner-machado-dedicates-award-to-trump/
1267917851	20251010	202510	2025	2025.7671	GBR	UNITED KINGDOM	GBR								scoGOV	SCOTTISH			sco			GOV			1	010	010	01	1	0.0	4	1	4	-0.46082949308756	1	United Kingdom	UK	UK		54	-4	UK	1	United Kingdom	UK	UK		54	-4	UK	1	United Kingdom	UK	UK		54	-4	UK	20251010164500	https://www.bbc.co.uk/news/articles/cdr614l6ezlo
1267917852	20251010	202510	2025	2025.7671	GBR	SCOTLAND	GBR								scoGOV	SCOTTISH			sco			GOV			1	020	020	02	1	3.0	5	1	5	-2.17917675544795	1	United Kingdom	UK	UK		54	-4	UK	1	United Kingdom	UK	UK		54	-4	UK	1	United Kingdom	UK	UK		54	-4	UK	20251010164500	https://www.scottishhousingnews.com/articles/cyrenians-launches-a-manifesto-to-end-homelessness-in-scotland
1267917853	20251010	202510	2025	2025.7671	GBREDU	UNITED KINGDOM	GBR					EDU			IRL	IRELAND	IRL								1	192	192	19	4	-9.5	4	1	4	1.65680473372781	4	Shanghai, Shanghai, China	CH	CH23	13243	31.2222	121.458	-1924465	4	Shanghai, Shanghai, China	CH	CH23	13243	31.2222	121.458	-1924465	4	Shanghai, Shanghai, China	CH	CH23	13243	31.2222	121.458	-1924465	20251010164500	https://www.sciencenews.org/article/lasers-muons-beams-accelerator
1267917854	20251010	202510	2025	2025.7671	GBRGOV	BRITISH	GBR					GOV			CVL	TRAVELLER						CVL			1	020	020	02	1	3.0	3	1	3	-0.27173913043478	4	Milan, Lombardia, Italy	IT	IT09	18363	45.4667	9.2	-121726	4	Milan, Lombardia, Italy	IT	IT09	18363	45.4667	9.2	-121726	4	Milan, Lombardia, Italy	IT	IT09	18363	45.4667	9.2	-121726	20251010164500	https://www.wantedinrome.com/news/ees-italy-airports-phase-in-entry-exit-system.html
1267917855	20251010	202510	2025	2025.7671	GHA	GHANA	GHA																		0	010	010	01	1	0.0	10	1	10	-2.92598967297763	4	Akosombo Dam, Ghana (general), Ghana	GH	GH00	190612	6.26667	0.05	-2068928	0								4	Akosombo Dam, Ghana (general), Ghana	GH	GH00	190612	6.26667	0.05	-2068928	20251010164500	https://www.ghanaweb.com/GhanaHomePage/health/MEHSOG-calls-for-coordinated-mental-health-response-in-disasters-2004555
1267917856	20251010	202510	2025	2025.7671	GHA	GHANA	GHA																		1	010	010	01	1	0.0	2	1	2	5.99078341013825	4	Ashaiman, Ghana (general), Ghana	GH	GH00	190724	5.69951	-0.034844	-2069921	0								4	Ashaiman, Ghana (general), Ghana	GH	GH00	190724	5.69951	-0.034844	-2069921	20251010164500	https://gna.org.gh/2025/10/over-100-community-police-fire-service-assistants-inaugurated-in-ashaiman/
1267917857	20251010	202510	2025	2025.7671	GHA	TAMALE	GHA																		1	010	010	01	1	0.0	2	1	2	-4	4	Yapei, Ghana (general), Ghana	GH	GH00	190621	9.15234	-1.14804	-2080231	0								4	Tamale, Northern, Ghana	GH	GH06	190725	9.40079	-0.839296	-2079197	20251010164500	http://www.businessghana.com/site/news/general/336059/Tamale-water-crisis-deepens-as-outdated-systems-strain-supply
1267917858	20251010	202510	2025	2025.7671	GHA	GHANA	GHA																		0	030	030	03	1	4.0	4	1	4	5.99078341013825	4	Ashaiman, Ghana (general), Ghana	GH	GH00	190724	5.69951	-0.034844	-2069921	0								4	Ashaiman, Ghana (general), Ghana	GH	GH00	190724	5.69951	-0.034844	-2069921	20251010164500	https://gna.org.gh/2025/10/over-100-community-police-fire-service-assistants-inaugurated-in-ashaiman/
1267917859	20251010	202510	2025	2025.7671	GHA	VOLTA	GHA																		1	042	042	04	1	1.9	10	1	10	6.56424581005587	0								0								0								20251010164500	https://www.ghanaweb.com/GhanaHomePage/regional/Mafi-Adidome-to-host-2025-mini-anlo-Hogbetsotso-Za-2004562
1267917860	20251010	202510	2025	2025.7671	GHA	GHANA	GHA								EDU	STUDENT						EDU			0	012	012	01	1	-0.4	8	1	8	-4.08496732026144	4	Okadjakrom, Ghana (general), Ghana	GH	GH00	190617	7.4	0.433333	-2077683	4	Okadjakrom, Ghana (general), Ghana	GH	GH00	190617	7.4	0.433333	-2077683	4	Okadjakrom, Ghana (general), Ghana	GH	GH00	190617	7.4	0.433333	-2077683	20251010164500	http://www.businessghana.com/site/news/general/336043/Govt-disburses-GHC195.5-million-for-feeding-SHS-students,-NSMQ-debt
1267917861	20251010	202510	2025	2025.7671	GHA	GHANA	GHA								GOV	GOVERNMENT						GOV			1	010	010	01	1	0.0	2	1	2	5.99078341013825	4	Ashaiman, Ghana (general), Ghana	GH	GH00	190724	5.69951	-0.034844	-2069921	4	Ashaiman, Ghana (general), Ghana	GH	GH00	190724	5.69951	-0.034844	-2069921	4	Ashaiman, Ghana (general), Ghana	GH	GH00	190724	5.69951	-0.034844	-2069921	20251010164500	https://gna.org.gh/2025/10/over-100-community-police-fire-service-assistants-inaugurated-in-ashaiman/
1267917862	20251010	202510	2025	2025.7671	GHA	GHANA	GHA								GOV	GOVERNMENT						GOV			1	050	050	05	1	3.5	4	1	4	-4	4	Tamale, Northern, Ghana	GH	GH06	190725	9.40079	-0.839296	-2079197	4	Tamale, Northern, Ghana	GH	GH06	190725	9.40079	-0.839296	-2079197	4	Tamale, Northern, Ghana	GH	GH06	190725	9.40079	-0.839296	-2079197	20251010164500	http://www.businessghana.com/site/news/general/336059/Tamale-water-crisis-deepens-as-outdated-systems-strain-supply
1267917863	20251010	202510	2025	2025.7671	GHA	GHANA	GHA								GOV	PRESIDENT						GOV			0	051	051	05	1	3.4	6	1	6	5.99078341013825	4	Ashaiman, Ghana (general), Ghana	GH	GH00	190724	5.69951	-0.034844	-2069921	4	Ashaiman, Ghana (general), Ghana	GH	GH00	190724	5.69951	-0.034844	-2069921	4	Ashaiman, Ghana (general), Ghana	GH	GH00	190724	5.69951	-0.034844	-2069921	20251010164500	https://gna.org.gh/2025/10/over-100-community-police-fire-service-assistants-inaugurated-in-ashaiman/
1267917864	20251010	202510	2025	2025.7671	GHA	GHANA	GHA								LEG	MEMBER OF PARLIAMENT						LEG			1	051	051	05	1	3.4	2	1	2	5.99078341013825	4	Ashaiman, Ghana (general), Ghana	GH	GH00	190724	5.69951	-0.034844	-2069921	4	Ashaiman, Ghana (general), Ghana	GH	GH00	190724	5.69951	-0.034844	-2069921	4	Ashaiman, Ghana (general), Ghana	GH	GH00	190724	5.69951	-0.034844	-2069921	20251010164500	https://gna.org.gh/2025/10/over-100-community-police-fire-service-assistants-inaugurated-in-ashaiman/
1267917865	20251010	202510	2025	2025.7671	GHACOP	GHANA	GHA					COP													0	010	010	01	1	0.0	10	1	10	1.38648180242634	1	Ghana	GH	GH		8	-2	GH	0								1	Ghana	GH	GH		8	-2	GH	20251010164500	http://www.businessghana.com/site/news/General/336058/Law-School-Millennium-Class-backs-expansion-of-legal-education-with-focus-on-AI
1267917866	20251010	202510	2025	2025.7671	GHAMIL	GHANA	GHA					MIL													1	062	062	06	2	7.4	10	1	10	-6	1	Ghana	GH	GH		8	-2	GH	0								1	Ghana	GH	GH		8	-2	GH	20251010164500	http://www.businessghana.com/site/news/general/336045/GAF-not-a-dumping-ground-for-
1267917867	20251010	202510	2025	2025.7671	GOV	ADMINISTRATION						GOV													1	010	010	01	1	0.0	10	1	10	-1.34048257372654	4	Bhopal, Madhya Pradesh, India	IN	IN35	17746	23.2667	77.4	-2091670	0								4	Bhopal, Madhya Pradesh, India	IN	IN35	17746	23.2667	77.4	-2091670	20251010164500	https://www.freepressjournal.in/bhopal/bhopal-news-thousands-of-bhopal-municipal-corporation-staff-fail-to-mark-attendance-as-ward-offices-still-unmapped
1267917868	20251010	202510	2025	2025.7671	GOV	MINIST						GOV													1	010	010	01	1	0.0	10	1	10	5.80912863070539	4	Ujjain, Madhya Pradesh, India	IN	IN35	17754	23.1833	75.7667	-2113707	0								4	Ujjain, Madhya Pradesh, India	IN	IN35	17754	23.1833	75.7667	-2113707	20251010164500	https://www.freepressjournal.in/bhopal/mp-news-cm-mohan-yadav-inaugurates-sangh-centenary-auditorium-in-ratlam
1267917869	20251010	202510	2025	2025.7671	GOV	CITY MANAGER						GOV													0	010	010	01	1	0.0	1	1	1	-1.55925155925155	3	Suffolk, Virginia, United States	US	USVA	VA800	36.7282	-76.5836	1500187	0								3	Suffolk, Virginia, United States	US	USVA	VA800	36.7282	-76.5836	1500187	20251010164500	https://dailyprogress.com/news/state-regional/government-politics/article_e7752c90-9555-5e8f-9c7b-7d31f78e68d9.html
1267917870	20251010	202510	2025	2025.7671	GOV	MAYOR						GOV													1	010	010	01	1	0.0	4	4	4	-7.0847306630206	3	Hickman County, Tennessee, United States	US	USTN	TN081	35.8001	-87.4833	1639756	0								3	Hickman County, Tennessee, United States	US	USTN		35.8001	-87.4833	1639756	20251010164500	https://wlec.com/us-news/multiple-people-dead-in-devastating-blast-at-explosives-manufacturer-in-tennessee-sheriff/
1267917871	20251010	202510	2025	2025.7671	GOV	AMBASSADOR						GOV													1	010	010	01	1	0.0	10	1	10	11.304347826087	4	Fuzuli, Samux, Azerbaijan	AJ	AJ52	527	40.7935	46.4014	185843	0								4	Fuzuli, Samux, Azerbaijan	AJ	AJ52	527	40.7935	46.4014	185843	20251010164500	https://en.apa.az/foreign-policy/turkish-ambassador-12th-ots-summit-is-a-proud-event-480291
1267917872	20251010	202510	2025	2025.7671	GOV	AUTHORITIES						GOV													1	010	010	01	1	0.0	10	1	10	-10.3174603174603	3	Chisago County, Minnesota, United States	US	USMN	MN025	45.5005	-92.9002	659458	0								3	Chisago County, Minnesota, United States	US	USMN		45.5005	-92.9002	659458	20251010164500	https://kstp.com/kstp-news/local-news/inmate-death-at-rush-city-prison-being-investigated-as-possible-homicide/
1267917873	20251010	202510	2025	2025.7671	GOV	GOVERNMENT						GOV													0	013	013	01	1	0.4	20	1	20	-4.08496732026144	4	Sunyani, Brong-Ahafo, Ghana	GH	GH03	190630	7.33991	-2.32676	-2079053	0								4	Sunyani, Brong-Ahafo, Ghana	GH	GH03	190630	7.33991	-2.32676	-2079053	20251010164500	http://www.businessghana.com/site/news/general/336043/Govt-disburses-GHC195.5-million-for-feeding-SHS-students,-NSMQ-debt
1267917874	20251010	202510	2025	2025.7671	GOV	KING						GOV													0	018	018	01	1	3.4	10	1	10	4.95726495726496	4	Prince William, East Berbice-Corentyne, Guyana	GY	GY13	17148	6.18241	-57.4442	-922464	0								4	Prince William, East Berbice-Corentyne, Guyana	GY	GY13	17148	6.18241	-57.4442	-922464	20251010164500	http://www.businessghana.com/site/news/entertainment/336113/King-Charles-hopes-nature-film-will-
1267917875	20251010	202510	2025	2025.7671	GOV	PRESIDENT						GOV													1	020	020	02	1	3.0	10	1	10	2.76243093922652	4	Sulyok, Szabolcs-SzatmáBereg, Hungary	HU	HU18	17516	47.75	21.85	-866519	0								4	Sulyok, Szabolcs-SzatmáBereg, Hungary	HU	HU18	17516	47.75	21.85	-866519	20251010164500	https://hungarytoday.hu/president-marks-150-years-of-notary-profession-as-pillar-of-rule-of-law/
1267917876	20251010	202510	2025	2025.7671	GOV	AUTHORITIES						GOV													1	020	020	02	1	3.0	10	1	10	-10.3174603174603	3	Chisago County, Minnesota, United States	US	USMN	MN025	45.5005	-92.9002	659458	0								3	Chisago County, Minnesota, United States	US	USMN		45.5005	-92.9002	659458	20251010164500	https://kstp.com/kstp-news/local-news/inmate-death-at-rush-city-prison-being-investigated-as-possible-homicide/
1267917877	20251010	202510	2025	2025.7671	GOV	PRESIDENT						GOV													0	020	020	02	1	3.0	6	1	6	-4.67445742904842	2	Utah, United States	US	USUT		40.1135	-111.854	UT	0								2	Utah, United States	US	USUT		40.1135	-111.854	UT	20251010164500	https://www.fox13now.com/news/shooting-of-charlie-kirk/fox-13-investigates-what-we-still-dont-know-about-charlie-kirks-murder-one-month-later
1267917878	20251010	202510	2025	2025.7671	GOV	GOVERNMENT						GOV													1	030	030	03	1	4.0	2	1	2	-4	4	Tamale, Northern, Ghana	GH	GH06	190725	9.40079	-0.839296	-2079197	0								4	Tamale, Northern, Ghana	GH	GH06	190725	9.40079	-0.839296	-2079197	20251010164500	http://www.businessghana.com/site/news/general/336059/Tamale-water-crisis-deepens-as-outdated-systems-strain-supply
1267917879	20251010	202510	2025	2025.7671	GOV	MINIST						GOV													1	030	030	03	1	4.0	5	1	5	4.41767068273092	1	Jordan	JO	JO		31	36	JO	0								1	Jordan	JO	JO		31	36	JO	20251010164500	http://www.rnanews.com/rwanda-and-jordan-sign-memoranda-of-understanding-to-enhance-cooperation/
1267917880	20251010	202510	2025	2025.7671	GOV	GOVERNMENT						GOV													0	036	036	03	1	4.0	4	1	4	-1.58910329171396	5	Tripura, Tripura, India	IN	IN26	70256	24	92	-2113451	0								5	Tripura, Tripura, India	IN	IN26	70256	24	92	-2113451	20251010164500	https://www.indiawaterportal.org/people-and-culture/migration/dumboor-lake-when-fields-sank-and-farmers-became-fishers-in-tripura
1267917881	20251010	202510	2025	2025.7671	GOV	PRESIDENT						GOV													1	036	036	03	1	4.0	5	1	5	2.76243093922652	4	Sulyok, Szabolcs-SzatmáBereg, Hungary	HU	HU18	17516	47.75	21.85	-866519	0								4	Sulyok, Szabolcs-SzatmáBereg, Hungary	HU	HU18	17516	47.75	21.85	-866519	20251010164500	https://hungarytoday.hu/president-marks-150-years-of-notary-profession-as-pillar-of-rule-of-law/
1267917882	20251010	202510	2025	2025.7671	GOV	GOVERNMENT						GOV													0	036	036	03	1	4.0	6	1	6	-1.58910329171396	4	Gumti, Rangpur, Bangladesh	BG	BG87	70295	26.3107	88.4764	10828484	0								4	Gumti, Rangpur, Bangladesh	BG	BG87	70295	26.3107	88.4764	10828484	20251010164500	https://www.indiawaterportal.org/people-and-culture/migration/dumboor-lake-when-fields-sank-and-farmers-became-fishers-in-tripura
1267917883	20251010	202510	2025	2025.7671	GOV	KING						GOV													0	040	040	04	1	1.0	5	1	5	4.95726495726496	4	Prince William, East Berbice-Corentyne, Guyana	GY	GY13	17148	6.18241	-57.4442	-922464	0								4	Prince William, East Berbice-Corentyne, Guyana	GY	GY13	17148	6.18241	-57.4442	-922464	20251010164500	http://www.businessghana.com/site/news/entertainment/336113/King-Charles-hopes-nature-film-will-
1267917884	20251010	202510	2025	2025.7671	GOV	GOVERNMENT						GOV													0	043	043	04	1	2.8	3	1	3	-5.24822695035461	4	Manchester, Manchester, United Kingdom	UK	UKI2	40118	53.5	-2.21667	-2602512	0								4	Manchester, Manchester, United Kingdom	UK	UKI2	40118	53.5	-2.21667	-2602512	20251010164500	https://www.middleeasteye.net/opinion/how-netanyahus-war-islam-fuels-antisemitism-europe
1267917885	20251010	202510	2025	2025.7671	GOV	PRESIDENT						GOV													0	043	043	04	1	2.8	10	1	10	0.6872852233677	4	Juba, Wilayat Bahr al Jabal, South Sudan	OD	OD01	37033	4.84597	31.6012	-7975	0								4	Juba, Wilayat Bahr al Jabal, South Sudan	OD	OD01	37033	4.84597	31.6012	-7975	20251010164500	https://www.radiotamazuj.org/en/news/article/south-african-dp-machatile-concludes-talks-in-south-sudan-on-peace-process
1267917886	20251010	202510	2025	2025.7671	GOV	GOVERNMENT						GOV													1	050	050	05	1	3.5	6	1	6	-4	4	Tamale, Northern, Ghana	GH	GH06	190725	9.40079	-0.839296	-2079197	0								4	Tamale, Northern, Ghana	GH	GH06	190725	9.40079	-0.839296	-2079197	20251010164500	http://www.businessghana.com/site/news/general/336059/Tamale-water-crisis-deepens-as-outdated-systems-strain-supply
1267917887	20251010	202510	2025	2025.7671	GOV	MINIST						GOV													1	051	051	05	1	3.4	2	1	2	5.80912863070539	4	Nalanda, Bihar, India	IN	IN34	17619	25.25	85.5833	-2105495	0								4	Ujjain, Madhya Pradesh, India	IN	IN35	17754	23.1833	75.7667	-2113707	20251010164500	https://www.freepressjournal.in/bhopal/mp-news-cm-mohan-yadav-inaugurates-sangh-centenary-auditorium-in-ratlam
1267917888	20251010	202510	2025	2025.7671	GOV	MINIST						GOV													1	051	051	05	1	3.4	5	1	5	5.80912863070539	4	Ujjain, Madhya Pradesh, India	IN	IN35	17754	23.1833	75.7667	-2113707	0								4	Ujjain, Madhya Pradesh, India	IN	IN35	17754	23.1833	75.7667	-2113707	20251010164500	https://www.freepressjournal.in/bhopal/mp-news-cm-mohan-yadav-inaugurates-sangh-centenary-auditorium-in-ratlam
1267917889	20251010	202510	2025	2025.7671	GOV	MAYOR						GOV													1	051	051	05	1	3.4	3	1	3	2.50569476082005	4	Sierra Nevada, Spain (general), Spain	SP	SP00	25779	37.0893	-2.78433	-393998	0								4	Sierra Nevada, Spain (general), Spain	SP	SP00	25779	37.0893	-2.78433	-393998	20251010164500	https://www.surinenglish.com/andalucia/costa-tropical/this-village-granada-have-the-largest-interurban-20251010073055-nt.html
1267917890	20251010	202510	2025	2025.7671	GOV	GOVERNMENT						GOV													0	051	051	05	1	3.4	5	1	5	-3.2051282051282	2	Wyoming, United States	US	USWY		42.7475	-107.209	WY	0								2	Wyoming, United States	US	USWY		42.7475	-107.209	WY	20251010164500	https://mycountry955.com/ixp/101/p/government-shutdown-2025-wyoming/
1267917891	20251010	202510	2025	2025.7671	GOV	GOVERNMENT						GOV													1	057	057	05	1	8.0	1	1	1	-4	4	Tamale, Northern, Ghana	GH	GH06	190725	9.40079	-0.839296	-2079197	0								4	Tamale, Northern, Ghana	GH	GH06	190725	9.40079	-0.839296	-2079197	20251010164500	http://www.businessghana.com/site/news/general/336059/Tamale-water-crisis-deepens-as-outdated-systems-strain-supply
1267917892	20251010	202510	2025	2025.7671	GOV	GOVERNMENT						GOV													1	057	057	05	1	8.0	1	1	1	-4	4	Tamale, Northern, Ghana	GH	GH06	190725	9.40079	-0.839296	-2079197	0								4	Yapei, Ghana (general), Ghana	GH	GH00	190621	9.15234	-1.14804	-2080231	20251010164500	http://www.businessghana.com/site/news/general/336059/Tamale-water-crisis-deepens-as-outdated-systems-strain-supply
1267917893	20251010	202510	2025	2025.7671	GOV	CHIEF MINISTER						GOV													0	060	060	06	2	6.0	6	1	6	-2.73037542662116	4	Peshawar, North-West Frontier, Pakistan	PK	PK03	40347	34.0078	71.5733	-2771364	0								4	Peshawar, North-West Frontier, Pakistan	PK	PK03	40347	34.0078	71.5733	-2771364	20251010164500	https://www.pakistantoday.com.pk/2025/10/10/gandapur-accepts-khans-decision-rules-out-future-party-or-govt-roles/
1267917894	20251010	202510	2025	2025.7671	GOV	GOVERNMENT						GOV													1	071	071	07	2	7.4	5	1	5	3.37837837837838	4	Dublin, Dublin, Ireland	EI	EI07	18288	53.3331	-6.24889	-1502554	0								4	Dublin, Dublin, Ireland	EI	EI07	18288	53.3331	-6.24889	-1502554	20251010164500	https://universitytimes.ie/2025/10/a-team-of-trinitys-scientists-from-the-school-of-engineering-wins-a-e1-25-million-prize-in-the-national-challenge-fund/
1267917895	20251010	202510	2025	2025.7671	GOV	EXTERNAL AFFAIRS MINIST						GOV													0	080	080	08	2	5.0	6	1	6	0	4	Kabul, Kabol, Afghanistan	AF	AF13	3580	34.5167	69.1833	-3378435	0								4	Kabul, Kabol, Afghanistan	AF	AF13	3580	34.5167	69.1833	-3378435	20251010164500	https://www.freepressjournal.in/world/courage-of-afghans-should-not-be-tested-talibans-foreign-minister-amir-khan-muttaqi-issues-stern-warning-to-pakistan-in-india
1267917896	20251010	202510	2025	2025.7671	GOV	CHIEF MINISTER						GOV													1	084	084	08	2	7.0	5	1	5	-4.11585365853658	5	Uttarakhand, Uttaranchal, India	IN	IN39	70282	30.25	79.25	6240779	0								5	Uttarakhand, Uttaranchal, India	IN	IN39	70282	30.25	79.25	6240779	20251010164500	https://news.webindia123.com/news/Articles/India/20251010/4371180.html
1267917897	20251010	202510	2025	2025.7671	GOV	PRESIDENT						GOV													0	0874	087	08	2	10.0	8	1	8	-2.98850574712644	4	Kabul, Kabol, Afghanistan	AF	AF13	3580	34.5167	69.1833	-3378435	0								4	Kabul, Kabol, Afghanistan	AF	AF13	3580	34.5167	69.1833	-3378435	20251010164500	https://www.pakistantoday.com.pk/2025/10/10/bombing-kabul/
1267917898	20251010	202510	2025	2025.7671	GOV	GOVERNOR						GOV													0	090	090	09	2	-2.0	6	1	6	-7.39795918367347	4	Karachi, Sindh, Pakistan	PK	PK05	40398	24.8667	67.05	-2764584	0								4	Karachi, Sindh, Pakistan	PK	PK05	40398	24.8667	67.05	-2764584	20251010164500	https://www.geo.tv/latest/627978-ku-female-student-dies-after-being-struck-by-campus-bus
1267917899	20251010	202510	2025	2025.7671	GOV	GOVERNMENT						GOV													0	111	111	11	3	-2.0	2	1	2	-5.24822695035461	4	Manchester, Manchester, United Kingdom	UK	UKI2	40118	53.5	-2.21667	-2602512	0								4	Manchester, Manchester, United Kingdom	UK	UKI2	40118	53.5	-2.21667	-2602512	20251010164500	https://www.middleeasteye.net/opinion/how-netanyahus-war-islam-fuels-antisemitism-europe
1267917900	20251010	202510	2025	2025.7671	GOV	MINIST						GOV													1	120	120	12	3	-4.0	6	1	6	-2.73037542662116	4	Peshawar, North-West Frontier, Pakistan	PK	PK03	40347	34.0078	71.5733	-2771364	0								4	Peshawar, North-West Frontier, Pakistan	PK	PK03	40347	34.0078	71.5733	-2771364	20251010164500	https://www.pakistantoday.com.pk/2025/10/10/gandapur-accepts-khans-decision-rules-out-future-party-or-govt-roles/
1267917901	20251010	202510	2025	2025.7671	GOV	ADMINISTRATION						GOV													1	141	141	14	3	-6.5	8	1	8	-6.7191844300278	3	Washington, District of Columbia, United States	US	USDC	DC001	38.8951	-77.0364	531871	0								3	Washington, District of Columbia, United States	US	USDC	DC001	38.8951	-77.0364	531871	20251010164500	https://www.stimson.org/2025/the-strategic-costs-of-us-strikes-against-venezuela/
1267917902	20251010	202510	2025	2025.7671	GOV	PRESIDENT						GOV													1	164	164	16	4	-7.0	20	1	20	1.13085135834567	1	China	CH	CH		35	105	CH	0								1	China	CH	CH		35	105	CH	20251010164500	https://markets.financialcontent.com/stocks/article/stockstory-2025-10-10-why-uipath-path-shares-are-falling-today
1267917903	20251010	202510	2025	2025.7671	GOV	AUTHORITIES						GOV													1	1711	171	17	4	-9.2	3	1	3	-2.63157894736842	4	Beijing, Beijing, China	CH	CH22	13001	39.9289	116.388	-1898541	0								4	Beijing, Beijing, China	CH	CH22	13001	39.9289	116.388	-1898541	20251010164500	http://www.bignewsnetwork.com/news/278628937/china-thailand-us-agree-to-strengthen-cooperation-following-record-drug-seizure-at-sea
1267917904	20251010	202510	2025	2025.7671	GOV	CABINET						GOV													0	172	172	17	4	-5.0	10	1	10	0.60698027314112	3	Philadelphia, Pennsylvania, United States	US	USPA	PA101	39.9523	-75.1638	1209052	0								3	Philadelphia, Pennsylvania, United States	US	USPA	PA101	39.9523	-75.1638	1209052	20251010164500	https://www.finewoodworking.com/2025/10/08/krenov-inspired-coopered-wall-cabinet
1267917905	20251010	202510	2025	2025.7671	GOV	KING						GOV													0	190	190	19	4	-10.0	5	1	5	4.95726495726496	1	India	IN	IN		20	77	IN	0								1	India	IN	IN		20	77	IN	20251010164500	http://www.businessghana.com/site/news/entertainment/336113/King-Charles-hopes-nature-film-will-
1267917906	20251010	202510	2025	2025.7671	GOV	MINIST						GOV													1	190	190	19	4	-10.0	1	1	1	-5.24822695035461	1	Turkey	TU	TU		39.059012	34.911546	TU	0								4	London, London, City of, United Kingdom	UK	UKH9	40110	51.5	-0.116667	-2601889	20251010164500	https://www.middleeasteye.net/opinion/how-netanyahus-war-islam-fuels-antisemitism-europe
1267917907	20251010	202510	2025	2025.7671	GOV	EMBASSY						GOV			AFG	KABUL	AFG								0	040	040	04	1	1.0	8	1	8	-0.37174721189591	4	Kabul, Kabol, Afghanistan	AF	AF13	3580	34.5167	69.1833	-3378435	4	Kabul, Kabol, Afghanistan	AF	AF13	3580	34.5167	69.1833	-3378435	4	New Delhi, Delhi, India	IN	IN07	17911	28.6	77.2	-2106102	20251010164500	https://www.tribuneindia.com/news/india/afghan-soil-wont-be-allowed-for-carrying-out-activities-detrimental-to-india-foreign-minister-muttaqi/
1267917908	20251010	202510	2025	2025.7671	GOV	GOVERNMENT						GOV			AFG	AFGHANISTAN	AFG								0	193	193	19	4	-10.0	5	1	5	-0.37174721189591	4	Kabul, Kabol, Afghanistan	AF	AF13	3580	34.5167	69.1833	-3378435	4	Kabul, Kabol, Afghanistan	AF	AF13	3580	34.5167	69.1833	-3378435	4	Kabul, Kabol, Afghanistan	AF	AF13	3580	34.5167	69.1833	-3378435	20251010164500	https://www.tribuneindia.com/news/india/afghan-soil-wont-be-allowed-for-carrying-out-activities-detrimental-to-india-foreign-minister-muttaqi/
1267917909	20251010	202510	2025	2025.7671	GOV	GOVERNMENT						GOV			AFGINSTALGOV	TALIBAN	AFG	TAL				INS	GOV		0	0841	084	08	2	7.0	10	1	10	-0.37174721189591	4	Kabul, Kabol, Afghanistan	AF	AF13	3580	34.5167	69.1833	-3378435	4	New Delhi, Delhi, India	IN	IN07	17911	28.6	77.2	-2106102	4	Kabul, Kabol, Afghanistan	AF	AF13	3580	34.5167	69.1833	-3378435	20251010164500	https://www.tribuneindia.com/news/india/afghan-soil-wont-be-allowed-for-carrying-out-activities-detrimental-to-india-foreign-minister-muttaqi/
1267917910	20251010	202510	2025	2025.7671	GOV	GOVERNOR						GOV			BLZ	BELIZE	BLZ								1	043	043	04	1	2.8	16	1	16	4.12087912087913	1	Belize	BH	BH		17.25	-88.75	BH	1	Belize	BH	BH		17.25	-88.75	BH	1	Belize	BH	BH		17.25	-88.75	BH	20251010164500	https://focustaiwan.tw:443/politics/202510100018
1267917911	20251010	202510	2025	2025.7671	GOV	GOVERNMENT						GOV			BLZ	BELIZE	BLZ								1	190	190	19	4	-10.0	1	1	1	3.6117381489842	4	Caribbean Sea, Belize (general), Belize	BH	BH00		15	-75	-1149009	4	Caribbean Sea, Belize (general), Belize	BH	BH00		15	-75	-1149009	4	Caribbean Sea, Belize (general), Belize	BH	BH00		15	-75	-1149009	20251010164500	https://thehill.com/homenews/5549522-trump-machado-nobel-peace-prize/
1267917912	20251010	202510	2025	2025.7671	GOV	GOVERNMENT						GOV			BLZ	BELIZE	BLZ								1	190	190	19	4	-10.0	6	1	6	3.6117381489842	3	White House, District of Columbia, United States	US	USDC		38.8951	-77.0364	531871	3	White House, District of Columbia, United States	US	USDC		38.8951	-77.0364	531871	3	White House, District of Columbia, United States	US	USDC		38.8951	-77.0364	531871	20251010164500	https://thehill.com/homenews/5549522-trump-machado-nobel-peace-prize/
1267917913	20251010	202510	2025	2025.7671	GOV	GOVERNMENT						GOV			BLZ	BELIZE	BLZ								1	190	190	19	4	-10.0	1	1	1	3.6117381489842	1	Venezuela	VE	VE		8	-66	VE	4	Caribbean Sea, Belize (general), Belize	BH	BH00		15	-75	-1149009	4	Caribbean Sea, Belize (general), Belize	BH	BH00		15	-75	-1149009	20251010164500	https://thehill.com/homenews/5549522-trump-machado-nobel-peace-prize/
1267917914	20251010	202510	2025	2025.7671	GOV	PRINCE						GOV			BRA	BRAZIL	BRA								1	036	036	03	1	4.0	2	1	2	1.59362549800797	4	London, London, City of, United Kingdom	UK	UKH9	40110	51.5	-0.116667	-2601889	4	London, London, City of, United Kingdom	UK	UKH9	40110	51.5	-0.116667	-2601889	4	London, London, City of, United Kingdom	UK	UKH9	40110	51.5	-0.116667	-2601889	20251010164500	https://www.geo.tv/latest/627930-prince-william-king-charles-finally-react-to-rumours-of-rift
1267917915	20251010	202510	2025	2025.7671	GOV	PRINCE						GOV			BRA	BRAZIL	BRA								1	040	040	04	1	1.0	2	1	2	1.59362549800797	4	London, London, City of, United Kingdom	UK	UKH9	40110	51.5	-0.116667	-2601889	4	London, London, City of, United Kingdom	UK	UKH9	40110	51.5	-0.116667	-2601889	4	London, London, City of, United Kingdom	UK	UKH9	40110	51.5	-0.116667	-2601889	20251010164500	https://www.geo.tv/latest/627930-prince-william-king-charles-finally-react-to-rumours-of-rift
1267917916	20251010	202510	2025	2025.7671	GOV	PRINCE						GOV			BRA	BRAZIL	BRA								1	040	040	04	1	1.0	8	1	8	1.59362549800797	1	Brazil	BR	BR		-10	-55	BR	1	Brazil	BR	BR		-10	-55	BR	1	Brazil	BR	BR		-10	-55	BR	20251010164500	https://www.geo.tv/latest/627930-prince-william-king-charles-finally-react-to-rumours-of-rift
1267917917	20251010	202510	2025	2025.7671	GOV	CHIEF MINISTER						GOV			BUS	CORPORATION						BUS			1	042	042	04	1	1.9	3	1	3	-4.11585365853658	5	Uttarakhand, Uttaranchal, India	IN	IN39	70282	30.25	79.25	6240779	4	Haridwar, Uttaranchal, India	IN	IN39	70284	29.9667	78.1667	-2097190	4	Haridwar, Uttaranchal, India	IN	IN39	70284	29.9667	78.1667	-2097190	20251010164500	https://news.webindia123.com/news/Articles/India/20251010/4371180.html
1267917918	20251010	202510	2025	2025.7671	GOV	CHIEF MINISTER						GOV			BUS	CORPORATION						BUS			1	042	042	04	1	1.9	5	1	5	-4.11585365853658	5	Uttarakhand, Uttaranchal, India	IN	IN39	70282	30.25	79.25	6240779	5	Uttarakhand, Uttaranchal, India	IN	IN39	70282	30.25	79.25	6240779	5	Uttarakhand, Uttaranchal, India	IN	IN39	70282	30.25	79.25	6240779	20251010164500	https://news.webindia123.com/news/Articles/India/20251010/4371180.html
1267917919	20251010	202510	2025	2025.7671	GOV	MINISTRY						GOV			CHN	CHINESE	CHN								1	010	010	01	1	0.0	20	1	20	-1.953125	4	Republic Of China, Taiwan (general), Taiwan	TW	TW00	13277	24	121	-2637939	1	China	CH	CH		35	105	CH	4	Republic Of China, Taiwan (general), Taiwan	TW	TW00	13277	24	121	-2637939	20251010164500	https://focustaiwan.tw:443/cross-strait/202510100019
1267917920	20251010	202510	2025	2025.7671	GOV	PRESIDENT						GOV			CHN	CHINESE	CHN								1	036	036	03	1	4.0	1	1	1	-3.78681626928472	1	United States	US	US		39.828175	-98.5795	US	4	Beijing, Beijing, China	CH	CH22	13001	39.9289	116.388	-1898541	4	Beijing, Beijing, China	CH	CH22	13001	39.9289	116.388	-1898541	20251010164500	https://www.independentsentinel.com/president-trump-on-some-strange-things-happening-in-china/
1267917921	20251010	202510	2025	2025.7671	GOV	PRESIDENT						GOV			CHN	CHINESE	CHN								1	036	036	03	1	4.0	1	1	1	-3.78681626928472	1	United States	US	US		39.828175	-98.5795	US	4	Beijing, Beijing, China	CH	CH22	13001	39.9289	116.388	-1898541	1	United States	US	US		39.828175	-98.5795	US	20251010164500	https://www.independentsentinel.com/president-trump-on-some-strange-things-happening-in-china/
1267917922	20251010	202510	2025	2025.7671	GOV	PRESIDENT						GOV			CHN	CHINA	CHN								0	040	040	04	1	1.0	8	1	8	-1.01010101010101	1	China	CH	CH		35	105	CH	1	China	CH	CH		35	105	CH	3	Town Of Shelby, Wisconsin, United States	US	USWI		43.7597	-91.1821	1584140	20251010164500	https://www.news8000.com/news/wisconsin-news/wisconsin-soybean-farmers-face-financial-losses-amid-china-trade-dispute/article_00ad8c7d-a165-47d8-9062-35853047cb70.html
1267917923	20251010	202510	2025	2025.7671	GOV	PRESIDENT						GOV			CHN	CHINA	CHN								0	040	040	04	1	1.0	2	1	2	-1.01010101010101	2	Wisconsin, United States	US	USWI		44.2563	-89.6385	WI	3	Town Of Shelby, Wisconsin, United States	US	USWI		43.7597	-91.1821	1584140	2	Wisconsin, United States	US	USWI		44.2563	-89.6385	WI	20251010164500	https://www.news8000.com/news/wisconsin-news/wisconsin-soybean-farmers-face-financial-losses-amid-china-trade-dispute/article_00ad8c7d-a165-47d8-9062-35853047cb70.html
1267917924	20251010	202510	2025	2025.7671	GOV	AUTOCRAT						GOV			CHN	CHINA	CHN								0	051	051	05	1	3.4	8	1	8	-3.91566265060241	1	France	FR	FR		46	2	FR	1	China	CH	CH		35	105	CH	1	France	FR	FR		46	2	FR	20251010164500	https://www.yahoo.com/news/articles/dangers-african-leaders-clinging-power-090038162.html
1267917925	20251010	202510	2025	2025.7671	GOV	AUTOCRAT						GOV			CHN	CHINA	CHN								0	051	051	05	1	3.4	2	1	2	-3.91566265060241	1	France	FR	FR		46	2	FR	1	France	FR	FR		46	2	FR	1	France	FR	FR		46	2	FR	20251010164500	https://www.yahoo.com/news/articles/dangers-african-leaders-clinging-power-090038162.html
1267917926	20251010	202510	2025	2025.7671	GOV	PRESIDENT						GOV			CHN	CHINA	CHN								0	174	174	17	4	-5.0	6	2	6	-3.14167443145235	1	United States	US	US		39.828175	-98.5795	US	4	Beijing, Beijing, China	CH	CH22	13001	39.9289	116.388	-1898541	4	Beijing, Beijing, China	CH	CH22	13001	39.9289	116.388	-1898541	20251010164500	https://wcbm.com/national-headline/trump-some-very-strange-things-are-happening-in-china/
1267917927	20251010	202510	2025	2025.7671	GOV	KING						GOV			CHNGOV	CHINESE	CHN					GOV			1	043	043	04	1	2.8	8	1	8	10.7142857142857	4	Bangkok, Krung Thep Mahanakhon, Thailand	TH	TH40	26423	13.75	100.517	-3250083	4	Bangkok, Krung Thep Mahanakhon, Thailand	TH	TH40	26423	13.75	100.517	-3250083	4	Bangkok, Krung Thep Mahanakhon, Thailand	TH	TH40	26423	13.75	100.517	-3250083	20251010164500	https://english.news.cn/asiapacific/20251010/457f4982d46a4e15a82d2546337f906e/c.html
1267917928	20251010	202510	2025	2025.7671	GOV	KING						GOV			CHNGOV	CHINESE	CHN					GOV			1	043	043	04	1	2.8	2	1	2	10.7142857142857	1	China	CH	CH		35	105	CH	4	Bangkok, Krung Thep Mahanakhon, Thailand	TH	TH40	26423	13.75	100.517	-3250083	4	Bangkok, Krung Thep Mahanakhon, Thailand	TH	TH40	26423	13.75	100.517	-3250083	20251010164500	https://english.news.cn/asiapacific/20251010/457f4982d46a4e15a82d2546337f906e/c.html
1267917929	20251010	202510	2025	2025.7671	GOV	PRESIDENT						GOV			CVL	COMMUNITY						CVL			0	040	040	04	1	1.0	5	1	4	1.50537634408602	4	Ottawa, Ontario, Canada	CA	CA08	12755	45.4167	-75.7	-570760	4	Ottawa, Ontario, Canada	CA	CA08	12755	45.4167	-75.7	-570760	4	Ottawa, Ontario, Canada	CA	CA08	12755	45.4167	-75.7	-570760	20251010164500	https://www.cbc.ca/news/canada/manitoba/kivalliq-hydro-fibre-link-nunavut-9.6931778
1267917930	20251010	202510	2025	2025.7671	GOV	PRESIDENT						GOV			CVL	COMMUNITY						CVL			0	040	040	04	1	1.0	3	1	3	1.50537634408602	4	Rankin Inlet, Nunavut, Canada	CA	CA14	25042	62.8167	-92.0833	-572004	4	Rankin Inlet, Nunavut, Canada	CA	CA14	25042	62.8167	-92.0833	-572004	4	Rankin Inlet, Nunavut, Canada	CA	CA14	25042	62.8167	-92.0833	-572004	20251010164500	https://www.cbc.ca/news/canada/manitoba/kivalliq-hydro-fibre-link-nunavut-9.6931778
1267917931	20251010	202510	2025	2025.7671	GOV	AMBASSADOR						GOV			DNK	DENMARK	DNK								1	051	051	05	1	3.4	1	1	1	4.75161987041037	4	Mumbai, Maharashtra, India	IN	IN16	70184	18.975	72.8258	-2092174	4	Mumbai, Maharashtra, India	IN	IN16	70184	18.975	72.8258	-2092174	4	Copenhagen, Køavn*, Denmark	DA	DA05	15213	55.6667	12.5833	-2745636	20251010164500	https://travelbizmonitor.com/top-stories/indigo-expands-global-reach-with-copenhagen-route/
1267917932	20251010	202510	2025	2025.7671	GOV	ADMINISTRATION						GOV			EDU	INTELLECTUAL						EDU			0	120	120	12	3	-4.0	2	1	2	-3.62882322446864	3	White House, District of Columbia, United States	US	USDC		38.8951	-77.0364	531871	3	White House, District of Columbia, United States	US	USDC		38.8951	-77.0364	531871	3	White House, District of Columbia, United States	US	USDC		38.8951	-77.0364	531871	20251010164500	https://www.e-flux.com/journal/157/6776787/the-new-fascist-body
1267917933	20251010	202510	2025	2025.7671	GOV	ADMINISTRATION						GOV			EDUCVL	UNIVERSITY						EDU	CVL		0	018	018	01	1	3.4	10	1	10	-7.39795918367347	4	Karachi, Sindh, Pakistan	PK	PK05	40398	24.8667	67.05	-2764584	4	Karachi, Sindh, Pakistan	PK	PK05	40398	24.8667	67.05	-2764584	4	Karachi, Sindh, Pakistan	PK	PK05	40398	24.8667	67.05	-2764584	20251010164500	https://www.geo.tv/latest/627978-ku-female-student-dies-after-being-struck-by-campus-bus
1267917934	20251010	202510	2025	2025.7671	GOV	GOVERNMENT						GOV			EDUEDU	SCHOOL						EDU	EDU		1	071	071	07	2	7.4	20	1	20	-4.08496732026144	4	Okadjakrom, Ghana (general), Ghana	GH	GH00	190617	7.4	0.433333	-2077683	4	Okadjakrom, Ghana (general), Ghana	GH	GH00	190617	7.4	0.433333	-2077683	4	Okadjakrom, Ghana (general), Ghana	GH	GH00	190617	7.4	0.433333	-2077683	20251010164500	http://www.businessghana.com/site/news/general/336043/Govt-disburses-GHC195.5-million-for-feeding-SHS-students,-NSMQ-debt
1267917935	20251010	202510	2025	2025.7671	GOV	PRIME MINISTER						GOV			EGY	EGYPT	EGY								0	042	042	04	1	1.9	8	1	8	-3.78619153674833	4	Doha, Ad Daw?ah, Qatar	QA	QA01	25307	25.2867	51.5333	-785169	4	Sharm El-Sheikh, Janub Sina', Egypt	EG	EG26	66041	27.8518	34.305	-302053	4	Sharm El-Sheikh, Janub Sina', Egypt	EG	EG26	66041	27.8518	34.305	-302053	20251010164500	https://www.aol.co.uk/articles/blair-kushner-trump-key-people-161640955.html
1267917936	20251010	202510	2025	2025.7671	GOV	PRIME MINISTER						GOV			EGY	EGYPT	EGY								0	042	042	04	1	1.9	2	1	2	-3.78619153674833	4	Gaza, Israel (general), Israel	IS	IS00	18315	31.4167	34.3333	-797156	4	Gaza, Israel (general), Israel	IS	IS00	18315	31.4167	34.3333	-797156	4	Gaza, Israel (general), Israel	IS	IS00	18315	31.4167	34.3333	-797156	20251010164500	https://www.aol.co.uk/articles/blair-kushner-trump-key-people-161640955.html
1267917937	20251010	202510	2025	2025.7671	GOV	PRIME MINISTER						GOV			EGY	EGYPT	EGY								0	046	046	04	1	7.0	8	1	8	-3.78619153674833	4	Doha, Ad Daw?ah, Qatar	QA	QA01	25307	25.2867	51.5333	-785169	4	Sharm El-Sheikh, Janub Sina', Egypt	EG	EG26	66041	27.8518	34.305	-302053	4	Sharm El-Sheikh, Janub Sina', Egypt	EG	EG26	66041	27.8518	34.305	-302053	20251010164500	https://www.aol.co.uk/articles/blair-kushner-trump-key-people-161640955.html
1267917938	20251010	202510	2025	2025.7671	GOV	PRIME MINISTER						GOV			EGY	EGYPT	EGY								0	046	046	04	1	7.0	2	1	2	-3.78619153674833	4	Gaza, Israel (general), Israel	IS	IS00	18315	31.4167	34.3333	-797156	4	Gaza, Israel (general), Israel	IS	IS00	18315	31.4167	34.3333	-797156	4	Gaza, Israel (general), Israel	IS	IS00	18315	31.4167	34.3333	-797156	20251010164500	https://www.aol.co.uk/articles/blair-kushner-trump-key-people-161640955.html
1267917939	20251010	202510	2025	2025.7671	GOV	PRESIDENT						GOV			ELI	FIRST LADY						ELI			1	040	040	04	1	1.0	8	1	8	-0.95923261390888	1	Russia	RS	RS		60	100	RS	1	Russia	RS	RS		60	100	RS	1	Russia	RS	RS		60	100	RS	20251010164500	https://www.cnn.com/2025/10/10/politics/melania-trump-ukraine-russia
1267917940	20251010	202510	2025	2025.7671	GOV	PRESIDENT						GOV			ELI	FIRST LADY						ELI			1	040	040	04	1	1.0	2	1	2	-0.95923261390888	1	Ukraine	UP	UP		49	32	UP	1	Ukraine	UP	UP		49	32	UP	1	Ukraine	UP	UP		49	32	UP	20251010164500	https://www.cnn.com/2025/10/10/politics/melania-trump-ukraine-russia
1267917941	20251010	202510	2025	2025.7671	GOV	MAYOR						GOV			ESP	SPAIN	ESP								1	051	051	05	1	3.4	2	1	2	2.50569476082005	4	Sierra Nevada, Spain (general), Spain	SP	SP00	25779	37.0893	-2.78433	-393998	4	Sierra Nevada, Spain (general), Spain	SP	SP00	25779	37.0893	-2.78433	-393998	4	Sierra Nevada, Spain (general), Spain	SP	SP00	25779	37.0893	-2.78433	-393998	20251010164500	https://www.surinenglish.com/andalucia/costa-tropical/this-village-granada-have-the-largest-interurban-20251010073055-nt.html
1267917942	20251010	202510	2025	2025.7671	GOV	PREMIER						GOV			FRA	FRENCH	FRA								1	057	057	05	1	8.0	10	1	10	4.29447852760736	1	France	FR	FR		46	2	FR	1	France	FR	FR		46	2	FR	1	France	FR	FR		46	2	FR	20251010164500	https://www.caughtoffside.com/2025/10/10/liverpool-handed-huge-boost-ibrahima-konate/
1267917943	20251010	202510	2025	2025.7671	GOV	GOVERNMENT						GOV			FRAGLPMED	GUADELOUPE	FRA					MED			0	010	010	01	1	0.0	3	1	3	-4.84114977307111	4	Los Barriles, Baja California Sur, Mexico	MX	MX03	19573	23.65	-109.7	-1680432	4	Los Barriles, Baja California Sur, Mexico	MX	MX03	19573	23.65	-109.7	-1680432	4	Los Barriles, Baja California Sur, Mexico	MX	MX03	19573	23.65	-109.7	-1680432	20251010164500	https://www.wokv.com/news/national/noreaster-without/JCVD6F2VA42Y3LKJX2BYVN2JXQ/
1267917944	20251010	202510	2025	2025.7671	GOV	GOVERNMENT						GOV			FRAGLPMED	GUADELOUPE	FRA					MED			0	013	013	01	1	0.4	2	1	2	-4.84114977307111	4	Los Barriles, Baja California Sur, Mexico	MX	MX03	19573	23.65	-109.7	-1680432	4	Los Barriles, Baja California Sur, Mexico	MX	MX03	19573	23.65	-109.7	-1680432	4	Los Barriles, Baja California Sur, Mexico	MX	MX03	19573	23.65	-109.7	-1680432	20251010164500	https://www.wokv.com/news/national/noreaster-without/JCVD6F2VA42Y3LKJX2BYVN2JXQ/
1267917945	20251010	202510	2025	2025.7671	GOV	CHIEF EXECUTIVE						GOV			GBR	SCOTLAND	GBR								0	020	020	02	1	3.0	3	1	3	-2.17917675544795	1	United Kingdom	UK	UK		54	-4	UK	1	United Kingdom	UK	UK		54	-4	UK	1	United Kingdom	UK	UK		54	-4	UK	20251010164500	https://www.scottishhousingnews.com/articles/cyrenians-launches-a-manifesto-to-end-homelessness-in-scotland
1267917946	20251010	202510	2025	2025.7671	GOV	PRESIDENT						GOV			GBR	UNITED KINGDOM	GBR								0	042	042	04	1	1.9	4	1	4	5.85106382978723	1	Venezuela	VE	VE		8	-66	VE	4	Aylesbury, Buckinghamshire, United Kingdom	UK	UKB9	40097	51.8167	-0.8	-2588872	4	Aylesbury, Buckinghamshire, United Kingdom	UK	UKB9	40097	51.8167	-0.8	-2588872	20251010164500	https://www.channelstv.com/2025/10/10/nobel-peace-prize-winner-machado-dedicates-award-to-trump/
1267917947	20251010	202510	2025	2025.7671	GOV	PRESIDENT						GOV			GBR	UNITED KINGDOM	GBR								0	042	042	04	1	1.9	2	1	2	5.85106382978723	1	Venezuela	VE	VE		8	-66	VE	4	Aylesbury, Buckinghamshire, United Kingdom	UK	UKB9	40097	51.8167	-0.8	-2588872	1	Venezuela	VE	VE		8	-66	VE	20251010164500	https://www.channelstv.com/2025/10/10/nobel-peace-prize-winner-machado-dedicates-award-to-trump/
1267917948	20251010	202510	2025	2025.7671	GOV	PRIME MINISTER						GOV			GBRGOV	UNITED KINGDOM	GBR					GOV			1	100	100	10	3	-5.0	6	1	6	3.51906158357771	1	India	IN	IN		20	77	IN	1	India	IN	IN		20	77	IN	1	India	IN	IN		20	77	IN	20251010164500	https://idrw.org/india-agrees-to-send-iaf-flying-instructors-to-train-raf-pilot-cadets/
1267917949	20251010	202510	2025	2025.7671	GOV	GOVERNMENT						GOV			GOVMIL	SECRETARY OF DEFENSE						GOV	MIL		1	190	190	19	4	-10.0	2	1	2	3.6117381489842	3	White House, District of Columbia, United States	US	USDC		38.8951	-77.0364	531871	3	White House, District of Columbia, United States	US	USDC		38.8951	-77.0364	531871	3	White House, District of Columbia, United States	US	USDC		38.8951	-77.0364	531871	20251010164500	https://thehill.com/homenews/5549522-trump-machado-nobel-peace-prize/
1267917950	20251010	202510	2025	2025.7671	GOV	FOREIGN MINIST						GOV			IND	NEW DELHI	IND								0	050	050	05	1	3.5	4	1	4	-0.37174721189591	4	New Delhi, Delhi, India	IN	IN07	17911	28.6	77.2	-2106102	4	New Delhi, Delhi, India	IN	IN07	17911	28.6	77.2	-2106102	4	New Delhi, Delhi, India	IN	IN07	17911	28.6	77.2	-2106102	20251010164500	https://www.tribuneindia.com/news/india/afghan-soil-wont-be-allowed-for-carrying-out-activities-detrimental-to-india-foreign-minister-muttaqi/
1267917951	20251010	202510	2025	2025.7671	GOV	FOREIGN MINIST						GOV			IND	NEW DELHI	IND								0	050	050	05	1	3.5	2	1	2	-0.37174721189591	4	Kabul, Kabol, Afghanistan	AF	AF13	3580	34.5167	69.1833	-3378435	4	Kabul, Kabol, Afghanistan	AF	AF13	3580	34.5167	69.1833	-3378435	4	Kabul, Kabol, Afghanistan	AF	AF13	3580	34.5167	69.1833	-3378435	20251010164500	https://www.tribuneindia.com/news/india/afghan-soil-wont-be-allowed-for-carrying-out-activities-detrimental-to-india-foreign-minister-muttaqi/
1267917952	20251010	202510	2025	2025.7671	GOV	GOVERNMENT						GOV			ISR	ISRAELI	ISR								1	0356	035	03	1	7.0	2	1	2	-6.99062233589087	4	Afula, Ha?afon, Israel	IS	IS03	18314	32.6095	35.2895	-779154	4	Gaza, Israel (general), Israel	IS	IS00	18315	31.4167	34.3333	-797156	4	Gaza, Israel (general), Israel	IS	IS00	18315	31.4167	34.3333	-797156	20251010164500	https://www.hakolhayehudi.co.il/item/english/thousands_of_terrorists_to_be_released__their_names_and_crimes
1267917953	20251010	202510	2025	2025.7671	GOV	PRESIDENT						GOV			ISR	ISRAEL	ISR								0	110	110	11	3	-2.0	4	1	4	3.42298288508557	3	White House, District of Columbia, United States	US	USDC		38.8951	-77.0364	531871	3	White House, District of Columbia, United States	US	USDC		38.8951	-77.0364	531871	3	White House, District of Columbia, United States	US	USDC		38.8951	-77.0364	531871	20251010164500	https://tribune.com.pk/story/2571714/white-house-slams-nobel-committee-for-snubbing-trump-in-peace-prize-decision
1267917954	20251010	202510	2025	2025.7671	GOV	GOVERNMENT						GOV			JEWHSD020	SATMAR				JEW	HSD				0	0841	084	08	2	7.0	4	1	4	1.64233576642336	3	Williamsburg, New York, United States	US	USNY	NY047	40.7143	-73.9535	971314	2	New York, United States	US	USNY		42.1497	-74.9384	NY	3	Williamsburg, New York, United States	US	USNY	NY047	40.7143	-73.9535	971314	20251010164500	https://www.clevelandjewishnews.com/jta/why-do-we-have-to-waste-a-few-weeks-satmar-rabbi-congratulates-mamdani-during-williamsburg/article_70c86a64-eb9d-5a79-a3fa-c718d16c4f44.html
1267917955	20251010	202510	2025	2025.7671	GOV	GOVERNMENT						GOV			JEWHSD020	SATMAR				JEW	HSD				0	0841	084	08	2	7.0	6	1	6	1.64233576642336	2	New York, United States	US	USNY		42.1497	-74.9384	NY	2	New York, United States	US	USNY		42.1497	-74.9384	NY	2	New York, United States	US	USNY		42.1497	-74.9384	NY	20251010164500	https://www.clevelandjewishnews.com/jta/why-do-we-have-to-waste-a-few-weeks-satmar-rabbi-congratulates-mamdani-during-williamsburg/article_70c86a64-eb9d-5a79-a3fa-c718d16c4f44.html
1267917956	20251010	202510	2025	2025.7671	GOV	HOME MINIST						GOV			JORELI	HASSAN	JOR					ELI			1	010	010	01	1	0.0	6	1	6	-11.0169491525424	4	Karachi, Sindh, Pakistan	PK	PK05	40398	24.8667	67.05	-2764584	4	Karachi, Sindh, Pakistan	PK	PK05	40398	24.8667	67.05	-2764584	4	Karachi, Sindh, Pakistan	PK	PK05	40398	24.8667	67.05	-2764584	20251010164500	https://www.geo.tv/latest/627966-extortion-a-serious-concern-in-karachi-says-home-minister
1267917957	20251010	202510	2025	2025.7671	GOV	GOVERNMENT						GOV			JUD	CHIEF JUSTICE						JUD			0	160	160	16	4	-4.0	10	1	10	-7.73993808049536	0								0								0								20251010164500	https://www.tribuneindia.com/news/haryana/aap-calls-out-bjps-inaction-in-dalit-ips-officer-y-puran-kumars-suicide-case/
1267917958	20251010	202510	2025	2025.7671	GOV	AUTHORITIES						GOV			KEN	KENYA	KEN								0	042	042	04	1	1.9	10	1	10	-2.42468772961058	4	Nairobi, Nairobi Area, Kenya	KE	KE05	18585	-1.28333	36.8167	-2258072	4	Nairobi, Nairobi Area, Kenya	KE	KE05	18585	-1.28333	36.8167	-2258072	4	Nairobi, Nairobi Area, Kenya	KE	KE05	18585	-1.28333	36.8167	-2258072	20251010164500	https://www.nzherald.co.nz/nz/christchurch-cold-case-samuel-njuguna-who-fled-to-kenya-yet-to-be-found-after-2009-murder/SMV2O26DCFA7RLH2RKNTA3NBSQ/
1267917959	20251010	202510	2025	2025.7671	GOV	PRESIDENT						GOV			KOR	SOUTH KOREA	KOR								0	036	036	03	1	4.0	3	1	3	-2.49653259361998	4	Beijing, Beijing, China	CH	CH22	13001	39.9289	116.388	-1898541	1	United States	US	US		39.828175	-98.5795	US	4	Beijing, Beijing, China	CH	CH22	13001	39.9289	116.388	-1898541	20251010164500	https://wcbm.com/national-headline/trump-some-very-strange-things-are-happening-in-china/
1267917960	20251010	202510	2025	2025.7671	GOV	PRESIDENT						GOV			KOR	SOUTH KOREA	KOR								1	036	036	03	1	4.0	8	1	8	-3.78681626928472	1	United States	US	US		39.828175	-98.5795	US	4	Beijing, Beijing, China	CH	CH22	13001	39.9289	116.388	-1898541	1	United States	US	US		39.828175	-98.5795	US	20251010164500	https://www.independentsentinel.com/president-trump-on-some-strange-things-happening-in-china/
1267917961	20251010	202510	2025	2025.7671	GOV	ADMINISTRATION						GOV			LAB	WORKER						LAB			1	170	170	17	4	-7.0	5	1	5	-1.53550863723608	1	Ireland	EI	EI		53	-8	EI	1	Ireland	EI	EI		53	-8	EI	1	Ireland	EI	EI		53	-8	EI	20251010164500	https://universitytimes.ie/2025/10/the-world-is-failing-recent-graduates/
1267917962	20251010	202510	2025	2025.7671	GOV	GOVERNOR						GOV			LCA	SAINT LUCIA	LCA								1	043	043	04	1	2.8	4	1	4	4.12087912087913	1	Belize	BH	BH		17.25	-88.75	BH	1	Belize	BH	BH		17.25	-88.75	BH	1	Belize	BH	BH		17.25	-88.75	BH	20251010164500	https://focustaiwan.tw:443/politics/202510100018
1267917963	20251010	202510	2025	2025.7671	GOV	GOVERNOR						GOV			LCA	SAINT LUCIA	LCA								1	043	043	04	1	2.8	12	1	12	4.12087912087913	1	Belize	BH	BH		17.25	-88.75	BH	1	Saint Lucia	ST	ST		13.883333	-60.966667	ST	1	Belize	BH	BH		17.25	-88.75	BH	20251010164500	https://focustaiwan.tw:443/politics/202510100018
1267917964	20251010	202510	2025	2025.7671	GOV	PRESIDENT						GOV			LEG	HOUSE OF REPRESENTATIVES						LEG			1	043	043	04	1	2.8	8	1	8	-1.05263157894737	2	Nevada, United States	US	USNV		38.4199	-117.122	NV	2	Nevada, United States	US	USNV		38.4199	-117.122	NV	2	Nevada, United States	US	USNV		38.4199	-117.122	NV	20251010164500	https://news3lv.com/news/local/senate-passes-national-defense-bill-provisions-nevada-test-training-range-fallout-nuclear-toxins-nttr-radiation-military
1267917965	20251010	202510	2025	2025.7671	GOV	GOVERNMENT OFFICIAL						GOV			LEG	PARLIAMENTARIAN						LEG			1	045	045	04	1	5.0	5	1	5	1.04166666666666	4	Juba, Wilayat Bahr al Jabal, South Sudan	OD	OD01	37033	4.84597	31.6012	-7975	4	Juba, Wilayat Bahr al Jabal, South Sudan	OD	OD01	37033	4.84597	31.6012	-7975	4	Juba, Wilayat Bahr al Jabal, South Sudan	OD	OD01	37033	4.84597	31.6012	-7975	20251010164500	https://www.radiotamazuj.org/en/news/article/youth-led-ngo-urges-passage-of-stalled-policies-to-curb-frustration
1267917966	20251010	202510	2025	2025.7671	GOV	RULER						GOV			LEG	CONGRESS						LEG			1	112	112	11	3	-2.0	5	1	5	-3.92749244712991	4	Aboso, Ghana (general), Ghana	GH	GH00	190721	5.80843	-2.06329	-2067612	4	Aboso, Ghana (general), Ghana	GH	GH00	190721	5.80843	-2.06329	-2067612	4	Aboso, Ghana (general), Ghana	GH	GH00	190721	5.80843	-2.06329	-2067612	20251010164500	https://www.ghanaweb.com/GhanaHomePage/regional/NDC-s-Rivers-stole-my-mining-concession-Okogyeafo-Barima-I-2004563
1267917967	20251010	202510	2025	2025.7671	GOV	MINIST						GOV			MED	MEDIA						MED			0	051	051	05	1	3.4	6	1	6	1.12612612612613	3	Salt Lake City, Utah, United States	US	USUT	UT035	40.7608	-111.891	1454997	3	Salt Lake City, Utah, United States	US	USUT		40.7608	-111.891	1454997	3	Salt Lake City, Utah, United States	US	USUT		40.7608	-111.891	1454997	20251010164500	https://blogs.crossmap.com/stories/greg-laurie-will-host-harvest-crusade-event-at-utah-valley-university-after-charlie-kirk-tragedy-WGKb5QXd4S76xVLofvo64
1267917968	20251010	202510	2025	2025.7671	GOV	MINIST						GOV			MED	MEDIA						MED			0	051	051	05	1	3.4	4	1	4	1.12612612612613	2	Utah, United States	US	USUT		40.1135	-111.854	UT	2	Utah, United States	US	USUT		40.1135	-111.854	UT	2	Utah, United States	US	USUT		40.1135	-111.854	UT	20251010164500	https://blogs.crossmap.com/stories/greg-laurie-will-host-harvest-crusade-event-at-utah-valley-university-after-charlie-kirk-tragedy-WGKb5QXd4S76xVLofvo64
1267917969	20251010	202510	2025	2025.7671	GOV	PRIME MINISTER						GOV			MIL	MILITARY						MIL			1	042	042	04	1	1.9	5	1	5	2.67260579064588	4	Klementina, Borsod-AbaúmpléHU, Hungary	HU	HU04	17510	47.8333	20.6333	-858848	4	Klementina, Borsod-AbaúmpléHU, Hungary	HU	HU04	17510	47.8333	20.6333	-858848	4	Klementina, Borsod-AbaúmpléHU, Hungary	HU	HU04	17510	47.8333	20.6333	-858848	20251010164500	https://hungarytoday.hu/special-ops-on-display-in-natos-largest-regional-military-drill/
1267917970	20251010	202510	2025	2025.7671	GOV	PRIME MINISTER						GOV			MYS	KUALA LUMPUR	MYS								1	042	042	04	1	1.9	2	1	2	5.1150895140665	4	Gaza, Israel (general), Israel	IS	IS00	18315	31.4167	34.3333	-797156	4	Kuala Lumpur, Kuala Lumpur, Malaysia	MY	MY14	18585	3.16667	101.7	-2403010	4	Kuala Lumpur, Kuala Lumpur, Malaysia	MY	MY14	18585	3.16667	101.7	-2403010	20251010164500	https://www.pakistantoday.com.pk/2025/10/10/shehbazs-malaysia-visit-marks-new-milestone-in-bilateral-cooperation/
1267917971	20251010	202510	2025	2025.7671	GOV	GOVERNOR						GOV			NGA	ABUJA	NGA								1	010	010	01	1	0.0	2	1	2	6.50887573964497	5	Rivers State, Rivers, Nigeria	NI	NI50	23058	4.75	6.83333	-2025387	5	Rivers State, Rivers, Nigeria	NI	NI50	23058	4.75	6.83333	-2025387	5	Rivers State, Rivers, Nigeria	NI	NI50	23058	4.75	6.83333	-2025387	20251010164500	https://www.channelstv.com/2025/10/10/gov-fubara-thanks-tinubu-for-posthumous-pardon-national-honours-on-ogoni-13/
1267917972	20251010	202510	2025	2025.7671	GOV	GOVERNOR						GOV			NGA	ABUJA	NGA								1	057	057	05	1	8.0	10	1	10	6.50887573964497	4	Abuja, Abuja Federal Capital Territory, Nigeria	NI	NI11	191147	9.08333	7.53333	-1997013	4	Abuja, Abuja Federal Capital Territory, Nigeria	NI	NI11	191147	9.08333	7.53333	-1997013	4	Abuja, Abuja Federal Capital Territory, Nigeria	NI	NI11	191147	9.08333	7.53333	-1997013	20251010164500	https://www.channelstv.com/2025/10/10/gov-fubara-thanks-tinubu-for-posthumous-pardon-national-honours-on-ogoni-13/
1267917973	20251010	202510	2025	2025.7671	GOV	GOVERNMENT						GOV			OPP	THE OPPOSITION						OPP			0	110	110	11	3	-2.0	3	1	3	-9.42028985507248	4	Kobe, Hyogo, Japan	JA	JA13	34432	34.6833	135.167	-233817	4	Kobe, Hyogo, Japan	JA	JA13	34432	34.6833	135.167	-233817	4	Kobe, Hyogo, Japan	JA	JA13	34432	34.6833	135.167	-233817	20251010164500	https://www.odt.co.nz/opinion/swarbrick-culpable-hypocrisy
1267917974	20251010	202510	2025	2025.7671	GOV	GOVERNMENT						GOV			OPP	THE OPPOSITION						OPP			0	110	110	11	3	-2.0	1	1	1	-9.42028985507248	4	Kobe, Hyogo, Japan	JA	JA13	34432	34.6833	135.167	-233817	4	Gaza, Israel (general), Israel	IS	IS00	18315	31.4167	34.3333	-797156	4	Gaza, Israel (general), Israel	IS	IS00	18315	31.4167	34.3333	-797156	20251010164500	https://www.odt.co.nz/opinion/swarbrick-culpable-hypocrisy
1267917975	20251010	202510	2025	2025.7671	GOV	GOVERNMENT						GOV			OPP	THE OPPOSITION						OPP			0	110	110	11	3	-2.0	1	1	1	-9.42028985507248	4	Gaza, Israel (general), Israel	IS	IS00	18315	31.4167	34.3333	-797156	4	Gaza, Israel (general), Israel	IS	IS00	18315	31.4167	34.3333	-797156	4	Gaza, Israel (general), Israel	IS	IS00	18315	31.4167	34.3333	-797156	20251010164500	https://www.odt.co.nz/opinion/swarbrick-culpable-hypocrisy
1267917976	20251010	202510	2025	2025.7671	GOV	DIRECTOR GENERAL						GOV			PAK	PESHAWAR	PAK								1	010	010	01	1	0.0	2	1	2	-6.01851851851852	1	Afghanistan	AF	AF		33	66	AF	4	Peshawar, North-West Frontier, Pakistan	PK	PK03	40347	34.0078	71.5733	-2771364	4	Peshawar, North-West Frontier, Pakistan	PK	PK03	40347	34.0078	71.5733	-2771364	20251010164500	https://www.geo.tv/latest/627964-10-takeaways-from-dg-ispr-lt-gen-chaudhrys-press-conference
1267917977	20251010	202510	2025	2025.7671	GOV	EXTERNAL AFFAIRS MINIST						GOV			PAK	PAKISTAN	PAK								0	0841	084	08	2	7.0	2	1	2	0	4	Islamabad, Islamabad, Pakistan	PK	PK08	23674	33.7	73.1667	-2762812	4	Islamabad, Islamabad, Pakistan	PK	PK08	23674	33.7	73.1667	-2762812	4	Islamabad, Islamabad, Pakistan	PK	PK08	23674	33.7	73.1667	-2762812	20251010164500	https://www.freepressjournal.in/world/courage-of-afghans-should-not-be-tested-talibans-foreign-minister-amir-khan-muttaqi-issues-stern-warning-to-pakistan-in-india
1267917978	20251010	202510	2025	2025.7671	GOV	EXTERNAL AFFAIRS MINIST						GOV			PAK	PAKISTAN	PAK								0	0841	084	08	2	7.0	2	1	2	0	4	Kabul, Kabol, Afghanistan	AF	AF13	3580	34.5167	69.1833	-3378435	4	Islamabad, Islamabad, Pakistan	PK	PK08	23674	33.7	73.1667	-2762812	4	Kabul, Kabol, Afghanistan	AF	AF13	3580	34.5167	69.1833	-3378435	20251010164500	https://www.freepressjournal.in/world/courage-of-afghans-should-not-be-tested-talibans-foreign-minister-amir-khan-muttaqi-issues-stern-warning-to-pakistan-in-india
1267917979	20251010	202510	2025	2025.7671	GOV	PRESIDENT						GOV			PSE	GAZA	PSE								1	051	051	05	1	3.4	2	1	2	4.47284345047923	4	Gaza, Israel (general), Israel	IS	IS00	18315	31.4167	34.3333	-797156	3	White House, District of Columbia, United States	US	USDC		38.8951	-77.0364	531871	3	White House, District of Columbia, United States	US	USDC		38.8951	-77.0364	531871	20251010164500	https://www.geo.tv/latest/627968-white-house-says-nobel-committee-puts-politics-over-peace
1267917980	20251010	202510	2025	2025.7671	GOV	PRESIDENT						GOV			PSE	GAZA	PSE								1	110	110	11	3	-2.0	2	1	2	4.47284345047923	4	Gaza, Israel (general), Israel	IS	IS00	18315	31.4167	34.3333	-797156	3	White House, District of Columbia, United States	US	USDC		38.8951	-77.0364	531871	4	Gaza, Israel (general), Israel	IS	IS00	18315	31.4167	34.3333	-797156	20251010164500	https://www.geo.tv/latest/627968-white-house-says-nobel-committee-puts-politics-over-peace
1267917981	20251010	202510	2025	2025.7671	GOV	PRESIDENT						GOV			PSE	GAZA	PSE								0	110	110	11	3	-2.0	5	1	5	3.42298288508557	3	White House, District of Columbia, United States	US	USDC		38.8951	-77.0364	531871	3	White House, District of Columbia, United States	US	USDC		38.8951	-77.0364	531871	3	White House, District of Columbia, United States	US	USDC		38.8951	-77.0364	531871	20251010164500	https://tribune.com.pk/story/2571714/white-house-slams-nobel-committee-for-snubbing-trump-in-peace-prize-decision
1267917982	20251010	202510	2025	2025.7671	GOV	PRESIDENT						GOV			RUS	RUSSIA	RUS								0	040	040	04	1	1.0	1	1	1	-5.13833992094862	1	Ukraine	UP	UP		49	32	UP	4	Kremlin, Moskva, Russia	RS	RS48	25106	55.7522	37.6156	-2960561	4	Kremlin, Moskva, Russia	RS	RS48	25106	55.7522	37.6156	-2960561	20251010164500	https://news.sky.com/story/melania-trump-eight-ukrainian-children-taken-into-russia-have-been-reunited-with-families-13448191
1267917983	20251010	202510	2025	2025.7671	GOV	AUTOCRAT						GOV			RUS	RUSSIA	RUS								0	051	051	05	1	3.4	10	1	10	-3.91566265060241	1	France	FR	FR		46	2	FR	1	Russia	RS	RS		60	100	RS	1	France	FR	FR		46	2	FR	20251010164500	https://www.yahoo.com/news/articles/dangers-african-leaders-clinging-power-090038162.html
1267917984	20251010	202510	2025	2025.7671	GOV	MINIST						GOV			RWA	RWANDA	RWA								1	051	051	05	1	3.4	15	1	10	9.5940959409594	1	Rwanda	RW	RW		-2	30	RW	1	Rwanda	RW	RW		-2	30	RW	1	Rwanda	RW	RW		-2	30	RW	20251010164500	http://www.rnanews.com/minister-nsengimana-reaffirms-rwandas-commitment-to-science-and-innovation-at-aims-graduation/
1267917985	20251010	202510	2025	2025.7671	GOV	GOVERNMENT OFFICIAL						GOV			SDN	SUDAN	SDN								1	040	040	04	1	1.0	2	1	2	1.04166666666666	1	Sudan	SU	SU		16	30	SU	1	Sudan	SU	SU		16	30	SU	1	Sudan	SU	SU		16	30	SU	20251010164500	https://www.radiotamazuj.org/en/news/article/youth-led-ngo-urges-passage-of-stalled-policies-to-curb-frustration
1267917986	20251010	202510	2025	2025.7671	GOV	GOVERNMENT OFFICIAL						GOV			SSD	SOUTH SUDANESE	SSD								1	040	040	04	1	1.0	3	1	3	1.04166666666666	1	Sudan	SU	SU		16	30	SU	1	Sudan	SU	SU		16	30	SU	1	Sudan	SU	SU		16	30	SU	20251010164500	https://www.radiotamazuj.org/en/news/article/youth-led-ngo-urges-passage-of-stalled-policies-to-curb-frustration
1267917987	20251010	202510	2025	2025.7671	GOV	PRESIDENT						GOV			SSD	SOUTH SUDAN	SSD								1	173	173	17	4	-5.0	2	1	2	0.6872852233677	4	Juba, Wilayat Bahr al Jabal, South Sudan	OD	OD01	37033	4.84597	31.6012	-7975	4	Juba, Wilayat Bahr al Jabal, South Sudan	OD	OD01	37033	4.84597	31.6012	-7975	4	Juba, Wilayat Bahr al Jabal, South Sudan	OD	OD01	37033	4.84597	31.6012	-7975	20251010164500	https://www.radiotamazuj.org/en/news/article/south-african-dp-machatile-concludes-talks-in-south-sudan-on-peace-process
1267917988	20251010	202510	2025	2025.7671	GOV	PRESIDENT						GOV			TWN	TAIWAN	TWN								1	111	111	11	3	-2.0	10	1	10	-3.78681626928472	1	Taiwan	TW	TW		24	121	TW	1	Taiwan	TW	TW		24	121	TW	1	Taiwan	TW	TW		24	121	TW	20251010164500	https://www.independentsentinel.com/president-trump-on-some-strange-things-happening-in-china/
1267917989	20251010	202510	2025	2025.7671	GOV	ADMINISTRATION						GOV			USA	UNITED STATES	USA								1	036	036	03	1	4.0	6	1	6	-3.89221556886228	1	Russia	RS	RS		60	100	RS	3	Washington, District of Columbia, United States	US	USDC	DC001	38.8951	-77.0364	531871	4	Beijing, Beijing, China	CH	CH22	13001	39.9289	116.388	-1898541	20251010164500	https://www.el-balad.com/6728859
1267917990	20251010	202510	2025	2025.7671	GOV	ADMINISTRATION						GOV			USA	UNITED STATES	USA								1	036	036	03	1	4.0	2	1	2	-3.89221556886228	1	Russia	RS	RS		60	100	RS	3	Washington, District of Columbia, United States	US	USDC	DC001	38.8951	-77.0364	531871	1	Russia	RS	RS		60	100	RS	20251010164500	https://www.el-balad.com/6728859
1267917991	20251010	202510	2025	2025.7671	GOV	CABINET						GOV			USA	AMERICAN	USA								1	046	046	04	1	7.0	2	1	2	-6.99062233589087	4	Afula, Ha?afon, Israel	IS	IS03	18314	32.6095	35.2895	-779154	4	Afula, Ha?afon, Israel	IS	IS03	18314	32.6095	35.2895	-779154	4	Afula, Ha?afon, Israel	IS	IS03	18314	32.6095	35.2895	-779154	20251010164500	https://www.hakolhayehudi.co.il/item/english/thousands_of_terrorists_to_be_released__their_names_and_crimes
1267917992	20251010	202510	2025	2025.7671	GOV	AUTOCRAT						GOV			USA	THE US	USA								0	051	051	05	1	3.4	10	1	10	-3.91566265060241	1	France	FR	FR		46	2	FR	1	France	FR	FR		46	2	FR	1	France	FR	FR		46	2	FR	20251010164500	https://www.yahoo.com/news/articles/dangers-african-leaders-clinging-power-090038162.html
1267917993	20251010	202510	2025	2025.7671	GOV	PRESIDENT						GOV			USA	UNITED STATES	USA								0	112	112	11	3	-2.0	3	1	3	-3.15258511979823	4	Gaza, Israel (general), Israel	IS	IS00	18315	31.4167	34.3333	-797156	4	Gaza, Israel (general), Israel	IS	IS00	18315	31.4167	34.3333	-797156	4	Gaza, Israel (general), Israel	IS	IS00	18315	31.4167	34.3333	-797156	20251010164500	https://www.odt.co.nz/opinion/editorial/dare-we-hope-peace
1267917994	20251010	202510	2025	2025.7671	GOV	CABINET						GOV			USAGOV	AMERICAN	USA					GOV			1	046	046	04	1	7.0	6	1	6	-6.99062233589087	4	Afula, Ha?afon, Israel	IS	IS03	18314	32.6095	35.2895	-779154	4	Afula, Ha?afon, Israel	IS	IS03	18314	32.6095	35.2895	-779154	4	Afula, Ha?afon, Israel	IS	IS03	18314	32.6095	35.2895	-779154	20251010164500	https://www.hakolhayehudi.co.il/item/english/thousands_of_terrorists_to_be_released__their_names_and_crimes
1267917995	20251010	202510	2025	2025.7671	GOV	SECRETARY OF STATE						GOV			USAMED	REUTERS	USA					MED			1	042	042	04	1	1.9	3	1	3	4.47284345047923	3	White House, District of Columbia, United States	US	USDC		38.8951	-77.0364	531871	3	White House, District of Columbia, United States	US	USDC		38.8951	-77.0364	531871	3	White House, District of Columbia, United States	US	USDC		38.8951	-77.0364	531871	20251010164500	https://www.geo.tv/latest/627968-white-house-says-nobel-committee-puts-politics-over-peace
1267917996	20251010	202510	2025	2025.7671	GOV	GOVERNOR						GOV			USAMIL	TEXAS	USA					MIL			0	010	010	01	1	0.0	3	1	3	-1.68350168350168	2	Texas, United States	US	USTX		31.106	-97.6475	TX	2	Texas, United States	US	USTX		31.106	-97.6475	TX	2	Texas, United States	US	USTX		31.106	-97.6475	TX	20251010164500	https://capitolfax.com/2025/10/10/isabel%E2%80%99s-morning-briefing-609/
1267917997	20251010	202510	2025	2025.7671	GOV	GOVERNOR						GOV			USAREL	TEXAS	USA								0	112	112	11	3	-2.0	4	1	4	-1.68350168350168	2	Texas, United States	US	USTX		31.106	-97.6475	TX	2	Texas, United States	US	USTX		31.106	-97.6475	TX	2	Texas, United States	US	USTX		31.106	-97.6475	TX	20251010164500	https://capitolfax.com/2025/10/10/isabel%E2%80%99s-morning-briefing-609/
1267917998	20251010	202510	2025	2025.7671	GOV	GOVERNMENT						GOV			dal	DALIT			dal						0	160	160	16	4	-4.0	10	1	10	-7.73993808049536	0								0								0								20251010164500	https://www.tribuneindia.com/news/haryana/aap-calls-out-bjps-inaction-in-dalit-ips-officer-y-puran-kumars-suicide-case/
1267917999	20251010	202510	2025	2025.7671	GOVDEV	PUBLIC SERVICE COMMISSION						GOV	DEV												0	120	120	12	3	-4.0	5	1	5	-1.46471371504661	2	Maryland, United States	US	USMD		39.0724	-76.7902	MD	0								2	Maryland, United States	US	USMD		39.0724	-76.7902	MD	20251010164500	https://wcbm.com/local-story/third-lawsuit-filed-in-transmission-saga-developers-seek-access-to-more-private-property/
1267918000	20251010	202510	2025	2025.7671	GOVEDU	MINIST OF EDUCATION						GOV	EDU		AFR	AFRICA	AFR								1	046	046	04	1	7.0	10	1	10	9.5940959409594	1	Rwanda	RW	RW		-2	30	RW	1	Rwanda	RW	RW		-2	30	RW	1	Rwanda	RW	RW		-2	30	RW	20251010164500	http://www.rnanews.com/minister-nsengimana-reaffirms-rwandas-commitment-to-science-and-innovation-at-aims-graduation/
1267918001	20251010	202510	2025	2025.7671	GOVEDU	MINIST OF EDUCATION						GOV	EDU		EDU	SCHOOL						EDU			1	010	010	01	1	0.0	20	1	20	-4.08496732026144	4	Sunyani, Brong-Ahafo, Ghana	GH	GH03	190630	7.33991	-2.32676	-2079053	4	Sunyani, Brong-Ahafo, Ghana	GH	GH03	190630	7.33991	-2.32676	-2079053	4	Sunyani, Brong-Ahafo, Ghana	GH	GH03	190630	7.33991	-2.32676	-2079053	20251010164500	http://www.businessghana.com/site/news/general/336043/Govt-disburses-GHC195.5-million-for-feeding-SHS-students,-NSMQ-debt
1267918002	20251010	202510	2025	2025.7671	GOVEDU	MINIST OF EDUCATION						GOV	EDU		EDU	STUDENT						EDU			1	051	051	05	1	3.4	10	1	10	9.5940959409594	1	Rwanda	RW	RW		-2	30	RW	1	Rwanda	RW	RW		-2	30	RW	1	Rwanda	RW	RW		-2	30	RW	20251010164500	http://www.rnanews.com/minister-nsengimana-reaffirms-rwandas-commitment-to-science-and-innovation-at-aims-graduation/
1267918003	20251010	202510	2025	2025.7671	GOVHLH	MINIST OF HEALTH						GOV	HLH		LEG	LAWMAKER						LEG			0	020	020	02	1	3.0	10	1	10	1.04166666666666	1	Norway	NO	NO		62	10	NO	1	Norway	NO	NO		62	10	NO	1	Norway	NO	NO		62	10	NO	20251010164500	https://www.radiotamazuj.org/en/news/article/youth-led-ngo-urges-passage-of-stalled-policies-to-curb-frustration
1267918004	20251010	202510	2025	2025.7671	GOVMED	MINIST OF COMMUNICATION						GOV	MED												1	120	120	12	3	-4.0	3	1	3	-6	1	Ghana	GH	GH		8	-2	GH	0								1	Ghana	GH	GH		8	-2	GH	20251010164500	http://www.businessghana.com/site/news/general/336045/GAF-not-a-dumping-ground-for-
1267918005	20251010	202510	2025	2025.7671	GOVMED	MINIST OF COMMUNICATION						GOV	MED		GHA	GHANA	GHA								1	120	120	12	3	-4.0	2	1	2	-6	1	Ghana	GH	GH		8	-2	GH	1	Ghana	GH	GH		8	-2	GH	1	Ghana	GH	GH		8	-2	GH	20251010164500	http://www.businessghana.com/site/news/general/336045/GAF-not-a-dumping-ground-for-
1267918006	20251010	202510	2025	2025.7671	GOVMED	MINIST OF COMMUNICATION						GOV	MED		GHAMIL	GHANA	GHA					MIL			1	120	120	12	3	-4.0	3	1	3	-6	1	Ghana	GH	GH		8	-2	GH	1	Ghana	GH	GH		8	-2	GH	1	Ghana	GH	GH		8	-2	GH	20251010164500	http://www.businessghana.com/site/news/general/336045/GAF-not-a-dumping-ground-for-
1267918007	20251010	202510	2025	2025.7671	GOVMED	MINIST OF COMMUNICATION						GOV	MED		LEG	MEMBER OF PARLIAMENT						LEG			1	120	120	12	3	-4.0	2	1	2	-6	1	Ghana	GH	GH		8	-2	GH	1	Ghana	GH	GH		8	-2	GH	1	Ghana	GH	GH		8	-2	GH	20251010164500	http://www.businessghana.com/site/news/general/336045/GAF-not-a-dumping-ground-for-
1267918008	20251010	202510	2025	2025.7671	GOVMIL	MINIST OF DEFENSE						GOV	MIL												0	012	012	01	1	-0.4	10	1	10	-0.76544559868781	4	Gaza, Israel (general), Israel	IS	IS00	18315	31.4167	34.3333	-797156	0								4	Gaza, Israel (general), Israel	IS	IS00	18315	31.4167	34.3333	-797156	20251010164500	https://www.ynetnews.com/health_science/article/rk6ejiuaxe
1267918009	20251010	202510	2025	2025.7671	GOVMIL	DEFENCE MINIST						GOV	MIL		AUS	AUSTRALIA	AUS								1	036	036	03	1	4.0	5	1	5	4.94791666666667	4	Kuttabul, Queensland, Australia	AS	AS04	154701	-21.0333	148.9	-1582562	4	Kuttabul, Queensland, Australia	AS	AS04	154701	-21.0333	148.9	-1582562	4	Kuttabul, Queensland, Australia	AS	AS04	154701	-21.0333	148.9	-1582562	20251010164500	https://idrw.org/rajnath-singh-visits-strategic-australian-naval-facility-hmas-kuttabul/
1267918010	20251010	202510	2025	2025.7671	GOVMIL	MINIST OF CIVIL						GOV	MIL		CVL	CITIZEN						CVL			1	013	013	01	1	0.4	3	1	3	4.80549199084668	4	Beijing, Beijing, China	CH	CH22	13001	39.9289	116.388	-1898541	4	Beijing, Beijing, China	CH	CH22	13001	39.9289	116.388	-1898541	4	Beijing, Beijing, China	CH	CH22	13001	39.9289	116.388	-1898541	20251010164500	https://www.pakistantoday.com.pk/2025/10/10/chinas-social-safety-net-widens-its-reach-over-14th-five-year-plan-period/
1267918011	20251010	202510	2025	2025.7671	GOVMIL	DEFENSE DEPARTMENT						GOV	MIL		MIL	SERVICEM						MIL			1	020	020	02	1	3.0	10	1	10	-1.05263157894737	2	Nevada, United States	US	USNV		38.4199	-117.122	NV	2	Nevada, United States	US	USNV		38.4199	-117.122	NV	2	Nevada, United States	US	USNV		38.4199	-117.122	NV	20251010164500	https://news3lv.com/news/local/senate-passes-national-defense-bill-provisions-nevada-test-training-range-fallout-nuclear-toxins-nttr-radiation-military
1267918012	20251010	202510	2025	2025.7671	GOVPTY	RULING ALLIANCE						GOV			CVL	RESIDENTS						CVL			0	046	046	04	1	7.0	10	1	10	-6	0								0								0								20251010164500	https://www.freepressjournal.in/pune/bjp-leader-mama-rajwade-arrested-in-nashik-firing-case-amid-cms-visit
1267918013	20251010	202510	2025	2025.7671	GUY	GUYANA	GUY																		1	141	141	14	3	-6.5	5	1	5	4.95726495726496	4	Prince William, East Berbice-Corentyne, Guyana	GY	GY13	17148	6.18241	-57.4442	-922464	0								4	Prince William, East Berbice-Corentyne, Guyana	GY	GY13	17148	6.18241	-57.4442	-922464	20251010164500	http://www.businessghana.com/site/news/entertainment/336113/King-Charles-hopes-nature-film-will-
1267918014	20251010	202510	2025	2025.7671	HIN	HINDU				HIN															1	051	051	05	1	3.4	8	1	8	6.25	4	Kolkata, West Bengal, India	IN	IN28	70294	22.5697	88.3697	-2092511	0								4	Kolkata, West Bengal, India	IN	IN28	70294	22.5697	88.3697	-2092511	20251010164500	https://www.el-balad.com/6728858
1267918015	20251010	202510	2025	2025.7671	HLH	SURGEON						HLH													0	013	013	01	1	0.4	3	1	3	0.36730945821855	2	Utah, United States	US	USUT		40.1135	-111.854	UT	0								2	Utah, United States	US	USUT		40.1135	-111.854	UT	20251010164500	https://www.dailycal.org/opinion/opinion-columns/cal-in-color/my-name-their-narrative/article_a5adcac3-241f-4b66-9153-65e03bd36d8a.html
1267918016	20251010	202510	2025	2025.7671	HLH	HOSPITAL						HLH													1	043	043	04	1	2.8	10	1	10	-3.98230088495575	3	Hickman County, Tennessee, United States	US	USTN	TN081	35.8001	-87.4833	1639756	0								3	Hickman County, Tennessee, United States	US	USTN		35.8001	-87.4833	1639756	20251010164500	https://www.dailystar.co.uk/news/latest-news/breaking-19-missing-one-dead-36049294
1267918017	20251010	202510	2025	2025.7671	HLH	HOSPITAL						HLH													1	043	043	04	1	2.8	6	1	6	-8.74635568513119	3	Hollywood, California, United States	US	USCA	CA037	34.0983	-118.327	1660757	0								3	Hollywood, California, United States	US	USCA	CA037	34.0983	-118.327	1660757	20251010164500	https://perezhilton.com/ohio-woman-warrant-issued-breaking-inot-boyfriends-home-cutting-scrotum-open/
1267918018	20251010	202510	2025	2025.7671	HLH	DOCTOR						HLH													1	043	043	04	1	2.8	6	1	6	1.50214592274678	3	Fleming Island, Florida, United States	US	USFL	FL019	30.0933	-81.719	282570	0								3	Fleming Island, Florida, United States	US	USFL		30.0933	-81.719	282570	20251010164500	https://www.news4jax.com/news/local/2025/10/10/from-venezuela-to-fleming-island-how-this-husband-and-wife-help-patients-smile-again-through-their-dentistry-practice/
1267918019	20251010	202510	2025	2025.7671	HLH	HOSPITAL						HLH													1	043	043	04	1	2.8	4	1	4	-8.74635568513119	2	Ohio, United States	US	USOH		40.3736	-82.7755	OH	0								2	Ohio, United States	US	USOH		40.3736	-82.7755	OH	20251010164500	https://perezhilton.com/ohio-woman-warrant-issued-breaking-inot-boyfriends-home-cutting-scrotum-open/
1267918020	20251010	202510	2025	2025.7671	HLH	HOSPITAL						HLH													0	111	111	11	3	-2.0	5	1	5	-7.29166666666667	2	New York, United States	US	USNY		42.1497	-74.9384	NY	0								2	New York, United States	US	USNY		42.1497	-74.9384	NY	20251010164500	https://www.radiotamazuj.org/en/news/article/attacks-on-mosque-hospital-in-el-fasher-kill-at-least-20
1267918021	20251010	202510	2025	2025.7671	HLH	DOCTOR						HLH													1	120	120	12	3	-4.0	5	1	5	2.92397660818713	2	New Hampshire, United States	US	USNH		43.4108	-71.5653	NH	0								2	New Hampshire, United States	US	USNH		43.4108	-71.5653	NH	20251010164500	https://shark1053.com/ixp/701/p/dessert-wine-manchester-new-hampshire-barbie/
1267918022	20251010	202510	2025	2025.7671	HLH	HOSPITAL						HLH													1	190	190	19	4	-10.0	1	1	1	-7.29166666666667	4	Tawila, Shamal Darfur, Sudan	SU	SU55	37080	13.5	24.9	-15004	0								4	Tawila, Shamal Darfur, Sudan	SU	SU55	37080	13.5	24.9	-15004	20251010164500	https://www.radiotamazuj.org/en/news/article/attacks-on-mosque-hospital-in-el-fasher-kill-at-least-20
1267918023	20251010	202510	2025	2025.7671	HLH	HOSPITAL						HLH													1	192	192	19	4	-9.5	10	1	10	-2.42424242424242	2	Michigan, United States	US	USMI		43.3504	-84.5603	MI	0								2	Michigan, United States	US	USMI		43.3504	-84.5603	MI	20251010164500	https://news.yale.edu/2025/10/09/during-tripledemic-some-hospitals-overflowed-while-others-had-empty-beds
1267918024	20251010	202510	2025	2025.7671	HLH	DOCTOR						HLH			CMR	CAMEROON	CMR								0	042	042	04	1	1.9	10	1	10	3.11377245508982	4	Douala, Littoral, Cameroon	CM	CM05	18585	3.75528	9.94472	-3148347	4	Douala, Littoral, Cameroon	CM	CM05	18585	3.75528	9.94472	-3148347	4	Douala, Littoral, Cameroon	CM	CM05	18585	3.75528	9.94472	-3148347	20251010164500	https://www.kennesaw.edu/news/stories/2025/honors-student-builds-pathways-to-learning-in-cameroon.php
1267918025	20251010	202510	2025	2025.7671	HLH	SURGEON						HLH			GOV	PRESIDIUM						GOV			1	020	020	02	1	3.0	3	1	3	-2.23214285714285	1	Italy	IT	IT		42.833333	12.833333	IT	1	Italy	IT	IT		42.833333	12.833333	IT	1	Italy	IT	IT		42.833333	12.833333	IT	20251010164500	https://www.odnako.org/dulbecco-cardiac-surgery-in-catanzaro-and-advanced-technologies-mini-extracorporeal-circulation-program-launched-unique-in-the-whole-of-southern-italy/
1267918026	20251010	202510	2025	2025.7671	HLH	HOSPITAL						HLH			SDN	SUDAN	SDN								1	010	010	01	1	0.0	5	1	5	-9.6774193548387	4	Fasher, Kassala, Sudan	SU	SU52	68803	15.0667	35.95	-5808	4	Fasher, Kassala, Sudan	SU	SU52	68803	15.0667	35.95	-5808	4	Fasher, Kassala, Sudan	SU	SU52	68803	15.0667	35.95	-5808	20251010164500	http://www.businessghana.com/site/news/politics/336062/Thirteen-killed-as-hospital-shelled-in-besieged-Sudan-city,-BBC-told
1267918027	20251010	202510	2025	2025.7671	HLH	HOSPITAL						HLH			SDN	SUDAN	SDN								1	190	190	19	4	-10.0	2	1	2	-7.29166666666667	4	Tawila, Shamal Darfur, Sudan	SU	SU55	37080	13.5	24.9	-15004	4	El Fasher, Shamal Darfur, Sudan	SU	SU55	37080	13.6333	25.35	-1684	4	Tawila, Shamal Darfur, Sudan	SU	SU55	37080	13.5	24.9	-15004	20251010164500	https://www.radiotamazuj.org/en/news/article/attacks-on-mosque-hospital-in-el-fasher-kill-at-least-20
1267918028	20251010	202510	2025	2025.7671	HLH	HOSPITAL						HLH			SDN	SUDAN	SDN								1	193	193	19	4	-10.0	10	1	10	-9.6774193548387	4	El Fasher, Shamal Darfur, Sudan	SU	SU55	37080	13.6333	25.35	-1684	4	El Fasher, Shamal Darfur, Sudan	SU	SU55	37080	13.6333	25.35	-1684	4	El Fasher, Shamal Darfur, Sudan	SU	SU55	37080	13.6333	25.35	-1684	20251010164500	http://www.businessghana.com/site/news/politics/336062/Thirteen-killed-as-hospital-shelled-in-besieged-Sudan-city,-BBC-told
1267918029	20251010	202510	2025	2025.7671	HLH	SURGEON						HLH			USA	UNITED STATES	USA								0	036	036	03	1	4.0	2	1	2	0.36730945821855	2	Utah, United States	US	USUT		40.1135	-111.854	UT	2	Utah, United States	US	USUT		40.1135	-111.854	UT	2	Utah, United States	US	USUT		40.1135	-111.854	UT	20251010164500	https://www.dailycal.org/opinion/opinion-columns/cal-in-color/my-name-their-narrative/article_a5adcac3-241f-4b66-9153-65e03bd36d8a.html
1267918030	20251010	202510	2025	2025.7671	HLH	DOCTOR						HLH			USA	UNITED STATES	USA								1	043	043	04	1	2.8	2	1	2	1.50214592274678	3	Fleming Island, Florida, United States	US	USFL	FL019	30.0933	-81.719	282570	3	Fleming Island, Florida, United States	US	USFL		30.0933	-81.719	282570	3	Fleming Island, Florida, United States	US	USFL		30.0933	-81.719	282570	20251010164500	https://www.news4jax.com/news/local/2025/10/10/from-venezuela-to-fleming-island-how-this-husband-and-wife-help-patients-smile-again-through-their-dentistry-practice/
1267918031	20251010	202510	2025	2025.7671	HLH	DOCTOR						HLH			USA	UNITED STATES	USA								0	100	100	10	3	-5.0	2	1	2	1.50214592274678	3	Clay County, Florida, United States	US	USFL	FL019	29.9997	-81.8332	295726	3	Clay County, Florida, United States	US	USFL		29.9997	-81.8332	295726	3	Clay County, Florida, United States	US	USFL		29.9997	-81.8332	295726	20251010164500	https://www.news4jax.com/news/local/2025/10/10/from-venezuela-to-fleming-island-how-this-husband-and-wife-help-patients-smile-again-through-their-dentistry-practice/
1267918032	20251010	202510	2025	2025.7671	HRI	RIGHTS ACTIVIST						HRI													0	173	173	17	4	-5.0	5	1	5	-4.49050086355786	4	As Iran, Az¯arbayjan-e Sharqi, Iran	IR	IR33	40986	39.0251	47.0697	-3816384	0								4	As Iran, Az¯arbayjan-e Sharqi, Iran	IR	IR33	40986	39.0251	47.0697	-3816384	20251010164500	https://www.foxnews.com/world/uproar-un-elects-china-iran-human-rights-council-positions-without-shame
1267918033	20251010	202510	2025	2025.7671	HRI	RIGHTS ACTIVIST						HRI													0	173	173	17	4	-5.0	1	1	1	-4.49050086355786	3	Washington, District of Columbia, United States	US	USDC	DC001	38.8951	-77.0364	531871	0								4	Xinjiang, Jiangxi, China	CH	CH03	13167	27.7481	116.274	11065838	20251010164500	https://www.foxnews.com/world/uproar-un-elects-china-iran-human-rights-council-positions-without-shame
1267918034	20251010	202510	2025	2025.7671	HRI	RIGHTS ACTIVIST						HRI													0	173	173	17	4	-5.0	2	1	2	-4.49050086355786	3	Washington, District of Columbia, United States	US	USDC	DC001	38.8951	-77.0364	531871	0								3	Washington, District of Columbia, United States	US	USDC	DC001	38.8951	-77.0364	531871	20251010164500	https://www.foxnews.com/world/uproar-un-elects-china-iran-human-rights-council-positions-without-shame
1267918035	20251010	202510	2025	2025.7671	HRI	RIGHTS ACTIVIST						HRI													0	173	173	17	4	-5.0	2	1	2	-4.49050086355786	1	Denmark	DA	DA		56	10	DA	0								4	As Iran, Az¯arbayjan-e Sharqi, Iran	IR	IR33	40986	39.0251	47.0697	-3816384	20251010164500	https://www.foxnews.com/world/uproar-un-elects-china-iran-human-rights-council-positions-without-shame
1267918036	20251010	202510	2025	2025.7671	HRI	RIGHTS GROUP						HRI			RUS	RUSSIA	RUS								1	063	063	06	2	7.4	8	1	8	-2.22222222222223	1	Ukraine	UP	UP		49	32	UP	1	Ukraine	UP	UP		49	32	UP	1	Ukraine	UP	UP		49	32	UP	20251010164500	https://www.kyivpost.com/post/61868
1267918037	20251010	202510	2025	2025.7671	HUN	HUNGARIAN	HUN																		1	0833	083	08	2	5.0	8	1	8	6.41627543035993	4	Gyula, Bés, Hungary	HU	HU03	17503	46.65	21.2833	-854923	0								4	Gyula, Bés, Hungary	HU	HU03	17503	46.65	21.2833	-854923	20251010164500	https://hungarytoday.hu/pm-orban-the-nobel-prize-is-the-hungarians-right-to-exist/
1267918038	20251010	202510	2025	2025.7671	HUN	HUNGARY	HUN								BUS	COMPANIES						BUS			1	036	036	03	1	4.0	5	1	5	1.78571428571428	4	Budapest, Budapest, Hungary	HU	HU05	17514	47.5	19.0833	-850553	4	Budapest, Budapest, Hungary	HU	HU05	17514	47.5	19.0833	-850553	4	Budapest, Budapest, Hungary	HU	HU05	17514	47.5	19.0833	-850553	20251010164500	https://hungarytoday.hu/french-pharmaceutical-giant-expands-budapest-service-center-creating-500-new-jobs/
1267918039	20251010	202510	2025	2025.7671	HUN	BUDAPEST	HUN								EDU	SCHOLAR						EDU			1	017	017	01	1	0.0	10	1	10	2.76243093922652	4	Budapest, Budapest, Hungary	HU	HU05	17514	47.5	19.0833	-850553	4	Sulyok, Szabolcs-SzatmáBereg, Hungary	HU	HU18	17516	47.75	21.85	-866519	4	Sulyok, Szabolcs-SzatmáBereg, Hungary	HU	HU18	17516	47.75	21.85	-866519	20251010164500	https://hungarytoday.hu/president-marks-150-years-of-notary-profession-as-pillar-of-rule-of-law/
1267918040	20251010	202510	2025	2025.7671	HUN	HUNGARIAN	HUN								EUR	EUROPEAN	EUR								1	020	020	02	1	3.0	2	1	2	-5.52147239263803	1	South Korea	KS	KS		37	127.5	KS	1	South Korea	KS	KS		37	127.5	KS	1	South Korea	KS	KS		37	127.5	KS	20251010164500	https://enrsi.stvr.sk/articles/news/417797/fico-warns-eu-car-ban-could-harm-slovak-industry
1267918041	20251010	202510	2025	2025.7671	HUN	HUNGARIAN	HUN								EUR	EUROPEAN	EUR								1	026	026	02	1	4.0	2	1	2	-5.52147239263803	1	Hungary	HU	HU		47	20	HU	1	Hungary	HU	HU		47	20	HU	1	Hungary	HU	HU		47	20	HU	20251010164500	https://enrsi.stvr.sk/articles/news/417797/fico-warns-eu-car-ban-could-harm-slovak-industry
1267918042	20251010	202510	2025	2025.7671	HUN	HUNGARIAN	HUN								EUR	EUROPEAN	EUR								1	046	046	04	1	7.0	4	1	4	-5.52147239263803	1	Hungary	HU	HU		47	20	HU	1	Hungary	HU	HU		47	20	HU	1	Hungary	HU	HU		47	20	HU	20251010164500	https://enrsi.stvr.sk/articles/news/417797/fico-warns-eu-car-ban-could-harm-slovak-industry
1267918043	20251010	202510	2025	2025.7671	HUN	HUNGARIAN	HUN								HUNGOV	HUNGARY	HUN					GOV			1	020	020	02	1	3.0	2	1	2	-5.52147239263803	1	South Korea	KS	KS		37	127.5	KS	1	South Korea	KS	KS		37	127.5	KS	1	South Korea	KS	KS		37	127.5	KS	20251010164500	https://enrsi.stvr.sk/articles/news/417797/fico-warns-eu-car-ban-could-harm-slovak-industry
1267918044	20251010	202510	2025	2025.7671	HUN	HUNGARIAN	HUN								HUNGOV	HUNGARY	HUN					GOV			1	026	026	02	1	4.0	2	1	2	-5.52147239263803	1	Hungary	HU	HU		47	20	HU	1	Hungary	HU	HU		47	20	HU	1	Hungary	HU	HU		47	20	HU	20251010164500	https://enrsi.stvr.sk/articles/news/417797/fico-warns-eu-car-ban-could-harm-slovak-industry
1267918045	20251010	202510	2025	2025.7671	HUN	HUNGARIAN	HUN								ROU	ROMANIA									1	0833	083	08	2	5.0	2	1	2	6.41627543035993	4	Gyula, Bés, Hungary	HU	HU03	17503	46.65	21.2833	-854923	4	Gyula, Bés, Hungary	HU	HU03	17503	46.65	21.2833	-854923	4	Gyula, Bés, Hungary	HU	HU03	17503	46.65	21.2833	-854923	20251010164500	https://hungarytoday.hu/pm-orban-the-nobel-prize-is-the-hungarians-right-to-exist/
1267918046	20251010	202510	2025	2025.7671	HUNGOV	HUNGARIAN	HUN					GOV			EUR	EUROPEAN	EUR								1	020	020	02	1	3.0	6	1	6	-5.52147239263803	1	South Korea	KS	KS		37	127.5	KS	1	South Korea	KS	KS		37	127.5	KS	1	South Korea	KS	KS		37	127.5	KS	20251010164500	https://enrsi.stvr.sk/articles/news/417797/fico-warns-eu-car-ban-could-harm-slovak-industry
1267918047	20251010	202510	2025	2025.7671	HUNGOV	HUNGARIAN	HUN					GOV			EUR	EUROPEAN	EUR								1	026	026	02	1	4.0	6	1	6	-5.52147239263803	1	Hungary	HU	HU		47	20	HU	1	Hungary	HU	HU		47	20	HU	1	Hungary	HU	HU		47	20	HU	20251010164500	https://enrsi.stvr.sk/articles/news/417797/fico-warns-eu-car-ban-could-harm-slovak-industry
1267918048	20251010	202510	2025	2025.7671	HUNGOV	HUNGARIAN	HUN					GOV			EUR	EUROPEAN	EUR								1	046	046	04	1	7.0	6	1	6	-5.52147239263803	1	Hungary	HU	HU		47	20	HU	1	Hungary	HU	HU		47	20	HU	1	Hungary	HU	HU		47	20	HU	20251010164500	https://enrsi.stvr.sk/articles/news/417797/fico-warns-eu-car-ban-could-harm-slovak-industry
1267918049	20251010	202510	2025	2025.7671	IGOEUREEC	EUROPEAN COMMISSION	EUR	EEC				IGO													0	110	110	11	3	-2.0	5	1	5	0	0								0								0								20251010164500	https://www.odnako.org/the-general-states-of-the-minor-islands-begin-in-lipari-the-government-opens-the-discussion-on-the-future-of-the-island-territories/
1267918050	20251010	202510	2025	2025.7671	IGOEUREEC	EUROPEAN COMMISSION	EUR	EEC				IGO			ISR	ISRAEL	ISR								1	020	020	02	1	3.0	5	1	5	-3.94088669950739	4	Gaza, Israel (general), Israel	IS	IS00	18315	31.4167	34.3333	-797156	4	Gaza, Israel (general), Israel	IS	IS00	18315	31.4167	34.3333	-797156	4	Gaza, Israel (general), Israel	IS	IS00	18315	31.4167	34.3333	-797156	20251010164500	https://universitytimes.ie/2025/10/european-commission-proposes-sanctioning-israel/
1267918051	20251010	202510	2025	2025.7671	IGOJUDICC	INTERNATIONAL CRIMINAL COURT		ICC				IGO	JUD												1	100	100	10	3	-5.0	2	1	2	-4.26540284360189	1	Russia	RS	RS		60	100	RS	0								1	Russia	RS	RS		60	100	RS	20251010164500	https://www.newsweek.com/melania-trump-announcement-today-russia-ukraine-children-putin-10861846
1267918052	20251010	202510	2025	2025.7671	IGOJUDICC	INTERNATIONAL CRIMINAL COURT		ICC				IGO	JUD												1	100	100	10	3	-5.0	8	1	8	-4.26540284360189	1	Ukraine	UP	UP		49	32	UP	0								1	Ukraine	UP	UP		49	32	UP	20251010164500	https://www.newsweek.com/melania-trump-announcement-today-russia-ukraine-children-putin-10861846
1267918053	20251010	202510	2025	2025.7671	IGOJUDICC	INTERNATIONAL CRIMINAL COURT		ICC				IGO	JUD												1	112	112	11	3	-2.0	1	1	1	-4.26540284360189	1	Russia	RS	RS		60	100	RS	0								1	Ukraine	UP	UP		49	32	UP	20251010164500	https://www.newsweek.com/melania-trump-announcement-today-russia-ukraine-children-putin-10861846
1267918054	20251010	202510	2025	2025.7671	IGOJUDICC	INTERNATIONAL CRIMINAL COURT		ICC				IGO	JUD												1	112	112	11	3	-2.0	4	1	4	-4.26540284360189	1	Ukraine	UP	UP		49	32	UP	0								1	Ukraine	UP	UP		49	32	UP	20251010164500	https://www.newsweek.com/melania-trump-announcement-today-russia-ukraine-children-putin-10861846
1267918055	20251010	202510	2025	2025.7671	IGOJUDICC	INTERNATIONAL CRIMINAL COURT		ICC				IGO	JUD		USAMED	THE ASSOCIATED PRESS	USA					MED			1	112	112	11	3	-2.0	80	8	80	-4.51229270461295	1	Ukraine	UP	UP		49	32	UP	1	Russia	RS	RS		60	100	RS	1	Ukraine	UP	UP		49	32	UP	20251010164500	https://www.gazetteherald.co.uk/news/national/25534861.melania-trump-says-eight-children-reunited-families-talks-putin/
1267918056	20251010	202510	2025	2025.7671	IGOUNO	UNITED NATIONS		UNO				IGO			ARE	UNITED ARAB EMIRATES	ARE								1	040	040	04	1	1.0	10	1	10	-5.62770562770563	4	Vienna, Wien, Austria	AU	AU09	5672	48.2	16.3667	-1995499	1	United Arab Emirates	AE	AE		24	54	AE	1	United Arab Emirates	AE	AE		24	54	AE	20251010164500	http://www.iraqsun.com/news/278628853/uae-participates-in-15th-meeting-of-working-group-on-trafficking-in-persons-in-vienna
1267918057	20251010	202510	2025	2025.7671	IGOUNO	THE UN		UNO				IGO			ISR	ISRAEL	ISR								0	0231	023	02	1	3.4	4	1	4	0.93896713615023	4	Gaza, Israel (general), Israel	IS	IS00	18315	31.4167	34.3333	-797156	4	Gaza, Israel (general), Israel	IS	IS00	18315	31.4167	34.3333	-797156	4	Gaza, Israel (general), Israel	IS	IS00	18315	31.4167	34.3333	-797156	20251010164500	https://www.pakistantoday.com.pk/2025/10/10/un-relief-chief-outlines-60-day-plan-to-deliver-vital-aid-after-gaza-ceasefire/
1267918058	20251010	202510	2025	2025.7671	IGOUNO	THE UN		UNO				IGO			ISR	ISRAEL	ISR								0	071	071	07	2	7.4	6	1	6	0.93896713615023	4	Gaza, Israel (general), Israel	IS	IS00	18315	31.4167	34.3333	-797156	4	Gaza, Israel (general), Israel	IS	IS00	18315	31.4167	34.3333	-797156	4	Gaza, Israel (general), Israel	IS	IS00	18315	31.4167	34.3333	-797156	20251010164500	https://www.pakistantoday.com.pk/2025/10/10/un-relief-chief-outlines-60-day-plan-to-deliver-vital-aid-after-gaza-ceasefire/
1267918059	20251010	202510	2025	2025.7671	IGOUNO	THE UN		UNO				IGO			ISR	ISRAEL	ISR								0	1043	104	10	3	-5.0	10	1	10	-7.14285714285714	4	Gaza, Israel (general), Israel	IS	IS00	18315	31.4167	34.3333	-797156	4	Gaza, Israel (general), Israel	IS	IS00	18315	31.4167	34.3333	-797156	4	Gaza, Israel (general), Israel	IS	IS00	18315	31.4167	34.3333	-797156	20251010164500	https://universitytimes.ie/2025/10/october-7th-2023-two-years-later-a-conflict-still-without-resolution/
1267918060	20251010	202510	2025	2025.7671	IGOUNO	THE UN		UNO				IGO			ISR	ISRAEL	ISR								0	1124	112	11	3	-2.0	10	1	10	-7.14285714285714	4	Gaza, Israel (general), Israel	IS	IS00	18315	31.4167	34.3333	-797156	4	Gaza, Israel (general), Israel	IS	IS00	18315	31.4167	34.3333	-797156	4	Gaza, Israel (general), Israel	IS	IS00	18315	31.4167	34.3333	-797156	20251010164500	https://universitytimes.ie/2025/10/october-7th-2023-two-years-later-a-conflict-still-without-resolution/
1267918061	20251010	202510	2025	2025.7671	IGOUNO	THE UN		UNO				IGO			ISR	ISRAEL	ISR								0	130	130	13	3	-4.4	4	1	4	0.93896713615023	4	Gaza, Israel (general), Israel	IS	IS00	18315	31.4167	34.3333	-797156	4	Gaza, Israel (general), Israel	IS	IS00	18315	31.4167	34.3333	-797156	4	Gaza, Israel (general), Israel	IS	IS00	18315	31.4167	34.3333	-797156	20251010164500	https://www.pakistantoday.com.pk/2025/10/10/un-relief-chief-outlines-60-day-plan-to-deliver-vital-aid-after-gaza-ceasefire/
1267918062	20251010	202510	2025	2025.7671	IGOUNO	THE UN		UNO				IGO			ISR	ISRAEL	ISR								0	173	173	17	4	-5.0	2	1	2	-3.51270553064275	4	Gaza, Israel (general), Israel	IS	IS00	18315	31.4167	34.3333	-797156	1	Iran	IR	IR		32	53	IR	1	Iran	IR	IR		32	53	IR	20251010164500	https://www.pakistantoday.com.pk/2025/10/10/high-stakes-games-in-the-middle-east/
1267918063	20251010	202510	2025	2025.7671	IGOUNO	THE UN		UNO				IGO			ISR	ISRAEL	ISR								0	173	173	17	4	-5.0	8	1	8	-3.51270553064275	1	Iran	IR	IR		32	53	IR	4	Gaza, Israel (general), Israel	IS	IS00	18315	31.4167	34.3333	-797156	4	Gaza, Israel (general), Israel	IS	IS00	18315	31.4167	34.3333	-797156	20251010164500	https://www.pakistantoday.com.pk/2025/10/10/high-stakes-games-in-the-middle-east/
1267918064	20251010	202510	2025	2025.7671	IGOUNO	THE UN		UNO				IGO			PSE	PALESTINIAN	PSE								0	0231	023	02	1	3.4	6	1	6	0.93896713615023	4	Gaza, Israel (general), Israel	IS	IS00	18315	31.4167	34.3333	-797156	4	Gaza, Israel (general), Israel	IS	IS00	18315	31.4167	34.3333	-797156	4	Gaza, Israel (general), Israel	IS	IS00	18315	31.4167	34.3333	-797156	20251010164500	https://www.pakistantoday.com.pk/2025/10/10/un-relief-chief-outlines-60-day-plan-to-deliver-vital-aid-after-gaza-ceasefire/
1267918065	20251010	202510	2025	2025.7671	IGOUNO	THE UN		UNO				IGO			PSE	PALESTINIAN	PSE								0	071	071	07	2	7.4	2	1	2	0.93896713615023	4	Gaza, Israel (general), Israel	IS	IS00	18315	31.4167	34.3333	-797156	4	Gaza, Israel (general), Israel	IS	IS00	18315	31.4167	34.3333	-797156	4	Gaza, Israel (general), Israel	IS	IS00	18315	31.4167	34.3333	-797156	20251010164500	https://www.pakistantoday.com.pk/2025/10/10/un-relief-chief-outlines-60-day-plan-to-deliver-vital-aid-after-gaza-ceasefire/
1267918066	20251010	202510	2025	2025.7671	IGOUNO	THE UN		UNO				IGO			PSE	PALESTINIAN	PSE								0	130	130	13	3	-4.4	6	1	6	0.93896713615023	4	Gaza, Israel (general), Israel	IS	IS00	18315	31.4167	34.3333	-797156	4	Gaza, Israel (general), Israel	IS	IS00	18315	31.4167	34.3333	-797156	4	Gaza, Israel (general), Israel	IS	IS00	18315	31.4167	34.3333	-797156	20251010164500	https://www.pakistantoday.com.pk/2025/10/10/un-relief-chief-outlines-60-day-plan-to-deliver-vital-aid-after-gaza-ceasefire/
1267918067	20251010	202510	2025	2025.7671	IGOUNOAIE	INTERNATIONAL ENERGY AGENCY		UNO				IGO													1	070	070	07	2	7.0	10	1	10	3.81861575178998	1	Portugal	PO	PO		39.5	-8	PO	0								1	Portugal	PO	PO		39.5	-8	PO	20251010164500	https://www.pollutionsolutions-online.com/news/green-energy/42/abb-ltd/abb-to-power-worlds-first-floating-green-ammonia-production-vessel/66002
1267918068	20251010	202510	2025	2025.7671	IGOUNOJUDICJ	INTERNATIONAL COURT OF JUSTICE		UNO				IGO	JUD		ISR	ISRAEL	ISR								0	173	173	17	4	-5.0	8	1	8	-3.51270553064275	4	Gaza, Israel (general), Israel	IS	IS00	18315	31.4167	34.3333	-797156	4	Gaza, Israel (general), Israel	IS	IS00	18315	31.4167	34.3333	-797156	4	Gaza, Israel (general), Israel	IS	IS00	18315	31.4167	34.3333	-797156	20251010164500	https://www.pakistantoday.com.pk/2025/10/10/high-stakes-games-in-the-middle-east/
1267918069	20251010	202510	2025	2025.7671	IGOUNOJUDICJ	INTERNATIONAL COURT OF JUSTICE		UNO				IGO	JUD		ISR	ISRAEL	ISR								0	173	173	17	4	-5.0	2	1	2	-3.51270553064275	4	Gaza, Israel (general), Israel	IS	IS00	18315	31.4167	34.3333	-797156	1	Iran	IR	IR		32	53	IR	1	Iran	IR	IR		32	53	IR	20251010164500	https://www.pakistantoday.com.pk/2025/10/10/high-stakes-games-in-the-middle-east/
1267918070	20251010	202510	2025	2025.7671	IGOWSTNAT	NATO	WST	NAT				IGO													0	071	071	07	2	7.4	2	1	2	-2.1604938271605	3	White House, District of Columbia, United States	US	USDC		38.8951	-77.0364	531871	0								4	Moscow, Moskva, Russia	RS	RS48	25106	55.7522	37.6156	-2960561	20251010164500	https://www.dailymail.co.uk/debate/article-15181611/BORIS-JOHNSON-Trump-peace-Gaza-sheer-strength-needs-hard-word-Putin-know-will.html
1267918071	20251010	202510	2025	2025.7671	IGOWSTNAT	NATO	WST	NAT				IGO													0	071	071	07	2	7.4	2	1	2	-2.1604938271605	1	Ukraine	UP	UP		49	32	UP	0								1	Ukraine	UP	UP		49	32	UP	20251010164500	https://www.dailymail.co.uk/debate/article-15181611/BORIS-JOHNSON-Trump-peace-Gaza-sheer-strength-needs-hard-word-Putin-know-will.html
1267918072	20251010	202510	2025	2025.7671	IND	JODHPUR	IND																		1	012	012	01	1	-0.4	6	1	6	3.22108345534407	2	Virginia, United States	US	USVA		37.768	-78.2057	VA	0								3	Boxwood, Maryland, United States	US	USMD	MD005	39.4229	-76.6553	593547	20251010164500	https://www.islands.com/1990057/middleburg-virginia-outside-dc-horse-hunt-hamlet-vintage-charm-vineyards-boutiques/
1267918073	20251010	202510	2025	2025.7671	IND	JODHPUR	IND																		1	012	012	01	1	-0.4	4	1	4	3.22108345534407	2	Virginia, United States	US	USVA		37.768	-78.2057	VA	0								2	Virginia, United States	US	USVA		37.768	-78.2057	VA	20251010164500	https://www.islands.com/1990057/middleburg-virginia-outside-dc-horse-hunt-hamlet-vintage-charm-vineyards-boutiques/
1267918074	20251010	202510	2025	2025.7671	IND	UTTARAKHAND	IND																		1	020	020	02	1	3.0	1	1	1	-4.11585365853658	4	Haridwar, Uttaranchal, India	IN	IN39	70284	29.9667	78.1667	-2097190	0								4	Haridwar, Uttaranchal, India	IN	IN39	70284	29.9667	78.1667	-2097190	20251010164500	https://news.webindia123.com/news/Articles/India/20251010/4371180.html
1267918075	20251010	202510	2025	2025.7671	IND	UTTARAKHAND	IND																		1	020	020	02	1	3.0	1	1	1	-4.11585365853658	5	Uttarakhand, Uttaranchal, India	IN	IN39	70282	30.25	79.25	6240779	0								4	Haridwar, Uttaranchal, India	IN	IN39	70284	29.9667	78.1667	-2097190	20251010164500	https://news.webindia123.com/news/Articles/India/20251010/4371180.html
1267918076	20251010	202510	2025	2025.7671	IND	TRIPURA	IND																		0	114	114	11	3	-2.0	5	1	5	-1.58910329171396	5	Tripura, Tripura, India	IN	IN26	70256	24	92	-2113451	0								5	Tripura, Tripura, India	IN	IN26	70256	24	92	-2113451	20251010164500	https://www.indiawaterportal.org/people-and-culture/migration/dumboor-lake-when-fields-sank-and-farmers-became-fishers-in-tripura
1267918077	20251010	202510	2025	2025.7671	IND	MUMBAI	IND								ELI	ACTOR						ELI			1	110	110	11	3	-2.0	4	1	4	-9.81735159817347	4	Bombay, Maharashtra, India	IN	IN16	70184	18.975	72.8258	-2092174	4	Bombay, Maharashtra, India	IN	IN16	70184	18.975	72.8258	-2092174	4	Bombay, Maharashtra, India	IN	IN16	70184	18.975	72.8258	-2092174	20251010164500	https://www.freepressjournal.in/mumbai/bombay-hc-dismisses-nawazuddin-siddiquis-100-crore-defamation-suit-against-brother-estranged-wife
1267918078	20251010	202510	2025	2025.7671	IND	MUMBAI	IND								ELI	ACTOR						ELI			1	110	110	11	3	-2.0	2	1	2	-9.81735159817347	4	Dubai, Dubayy, United Arab Emirates	AE	AE03	28575	25.2522	55.28	-782831	4	Dubai, Dubayy, United Arab Emirates	AE	AE03	28575	25.2522	55.28	-782831	4	Dubai, Dubayy, United Arab Emirates	AE	AE03	28575	25.2522	55.28	-782831	20251010164500	https://www.freepressjournal.in/mumbai/bombay-hc-dismisses-nawazuddin-siddiquis-100-crore-defamation-suit-against-brother-estranged-wife
1267918079	20251010	202510	2025	2025.7671	IND	CHENNAI	IND								RUS	RUSSIA	RUS								0	020	020	02	1	3.0	4	1	4	1.203007518797	4	Chennai, Tamil Nadu, India	IN	IN25	70251	13.0833	80.2833	-2103041	4	To Panov, Khakasiya, Russia	RS	RS31	25066	54.5433	89.6592	-2953666	4	Chennai, Tamil Nadu, India	IN	IN25	70251	13.0833	80.2833	-2103041	20251010164500	https://idrw.org/india-russia-in-talks-for-construction-of-ice-class-shipping-vessels/
1267918080	20251010	202510	2025	2025.7671	IND	CHENNAI	IND								RUS	RUSSIA	RUS								0	020	020	02	1	3.0	2	1	2	1.203007518797	4	To Panov, Khakasiya, Russia	RS	RS31	25066	54.5433	89.6592	-2953666	4	Chennai, Tamil Nadu, India	IN	IN25	70251	13.0833	80.2833	-2103041	4	To Panov, Khakasiya, Russia	RS	RS31	25066	54.5433	89.6592	-2953666	20251010164500	https://idrw.org/india-russia-in-talks-for-construction-of-ice-class-shipping-vessels/
1267918081	20251010	202510	2025	2025.7671	IND	NEW DELHI	IND								RUS	VLADIMIR	RUS								1	040	040	04	1	1.0	1	1	1	1.203007518797	4	New Delhi, Delhi, India	IN	IN07	17911	28.6	77.2	-2106102	4	New Delhi, Delhi, India	IN	IN07	17911	28.6	77.2	-2106102	4	New Delhi, Delhi, India	IN	IN07	17911	28.6	77.2	-2106102	20251010164500	https://idrw.org/india-russia-in-talks-for-construction-of-ice-class-shipping-vessels/
1267918082	20251010	202510	2025	2025.7671	IND	NEW DELHI	IND								RUS	VLADIMIR	RUS								1	040	040	04	1	1.0	2	1	2	1.203007518797	4	New Delhi, Delhi, India	IN	IN07	17911	28.6	77.2	-2106102	4	To Panov, Khakasiya, Russia	RS	RS31	25066	54.5433	89.6592	-2953666	4	New Delhi, Delhi, India	IN	IN07	17911	28.6	77.2	-2106102	20251010164500	https://idrw.org/india-russia-in-talks-for-construction-of-ice-class-shipping-vessels/
1267918083	20251010	202510	2025	2025.7671	IND	NEW DELHI	IND								RUS	RUSSIA	RUS								1	040	040	04	1	1.0	2	1	2	1.203007518797	4	New Delhi, Delhi, India	IN	IN07	17911	28.6	77.2	-2106102	4	To Panov, Khakasiya, Russia	RS	RS31	25066	54.5433	89.6592	-2953666	4	To Panov, Khakasiya, Russia	RS	RS31	25066	54.5433	89.6592	-2953666	20251010164500	https://idrw.org/india-russia-in-talks-for-construction-of-ice-class-shipping-vessels/
1267918084	20251010	202510	2025	2025.7671	INDGOV	MANMOHAN SINGH	IND					GOV			FRA	PARIS	FRA								1	040	040	04	1	1.0	7	1	7	4.78468899521531	4	Paris, France (general), France	FR	FR00	16282	48.8667	2.33333	-1456928	4	Paris, France (general), France	FR	FR00	16282	48.8667	2.33333	-1456928	4	Paris, France (general), France	FR	FR00	16282	48.8667	2.33333	-1456928	20251010164500	https://www.tribuneindia.com/news/india/sarkozy-meets-ashwani-kumar-in-paris-remembers-former-pm-manmohan-singh/
1267918085	20251010	202510	2025	2025.7671	IRL	IRELAND	IRL																		1	010	010	01	1	0.0	4	1	4	1.6245487364621	4	Fenagh, Leitrim, Ireland	EI	EI14	18294	54.0208	-7.83306	-1502799	0								4	Fenagh, Leitrim, Ireland	EI	EI14	18294	54.0208	-7.83306	-1502799	20251010164500	https://www.leitrimobserver.ie/news/local-news/1915846/new-south-leitrim-childcare-facility-to-ease-waiting-lists-and-support-local-families.html
1267918086	20251010	202510	2025	2025.7671	IRL	IRELAND	IRL																		1	010	010	01	1	0.0	6	1	6	4.43686006825939	4	Leitrim, Galway, Ireland	EI	EI10	18305	53.1572	-8.45417	-1504154	0								4	Leitrim, Galway, Ireland	EI	EI10	18305	53.1572	-8.45417	-1504154	20251010164500	https://www.leitrimobserver.ie/news/local-news/1915199/nearly-5-000-leitrim-residents-to-benefit-from-new-companion-free-travel-pass.html
1267918087	20251010	202510	2025	2025.7671	IRL	IRISH	IRL																		1	010	010	01	1	0.0	6	1	6	-0.09208103130756	3	Hollywood, California, United States	US	USCA	CA037	34.0983	-118.327	1660757	0								3	Hollywood, California, United States	US	USCA	CA037	34.0983	-118.327	1660757	20251010164500	https://www.businessinsider.com/reference/bourbon-cocktails
1267918088	20251010	202510	2025	2025.7671	IRL	IRELAND	IRL																		1	020	020	02	1	3.0	1	1	1	-0.09208103130756	3	Hollywood, California, United States	US	USCA	CA037	34.0983	-118.327	1660757	0								3	Hollywood, California, United States	US	USCA	CA037	34.0983	-118.327	1660757	20251010164500	https://www.businessinsider.com/reference/bourbon-cocktails
1267918089	20251010	202510	2025	2025.7671	IRL	IRELAND	IRL																		1	051	051	05	1	3.4	8	1	8	4.43686006825939	4	Leitrim, Galway, Ireland	EI	EI10	18305	53.1572	-8.45417	-1504154	0								4	Leitrim, Galway, Ireland	EI	EI10	18305	53.1572	-8.45417	-1504154	20251010164500	https://www.leitrimobserver.ie/news/local-news/1915199/nearly-5-000-leitrim-residents-to-benefit-from-new-companion-free-travel-pass.html
1267918090	20251010	202510	2025	2025.7671	IRL	IRELAND	IRL																		1	051	051	05	1	3.4	6	1	6	6.89655172413793	4	Powerscourt, Wicklow, Ireland	EI	EI31	18309	53.1836	-6.18111	-1505134	0								4	Powerscourt, Wicklow, Ireland	EI	EI31	18309	53.1836	-6.18111	-1505134	20251010164500	https://universitytimes.ie/2025/10/one-weekend-100-artists-a-guide-to-navigating-dublin-gallery-weekend/
1267918091	20251010	202510	2025	2025.7671	IRL	IRELAND	IRL																		1	051	051	05	1	3.4	4	1	4	6.89655172413793	1	Japan	JA	JA		36	138	JA	0								4	Powerscourt, Wicklow, Ireland	EI	EI31	18309	53.1836	-6.18111	-1505134	20251010164500	https://universitytimes.ie/2025/10/one-weekend-100-artists-a-guide-to-navigating-dublin-gallery-weekend/
1267918092	20251010	202510	2025	2025.7671	IRL	IRELAND	IRL																		1	080	080	08	2	5.0	8	1	8	1.6245487364621	4	Leitrim, Galway, Ireland	EI	EI10	18305	53.1572	-8.45417	-1504154	0								4	Leitrim, Galway, Ireland	EI	EI10	18305	53.1572	-8.45417	-1504154	20251010164500	https://www.leitrimobserver.ie/news/local-news/1915846/new-south-leitrim-childcare-facility-to-ease-waiting-lists-and-support-local-families.html
1267918093	20251010	202510	2025	2025.7671	IRL	IRELAND	IRL								JPN	JAPAN	JPN								1	090	090	09	2	-2.0	2	1	2	6.89655172413793	4	Powerscourt, Wicklow, Ireland	EI	EI31	18309	53.1836	-6.18111	-1505134	4	Powerscourt, Wicklow, Ireland	EI	EI31	18309	53.1836	-6.18111	-1505134	1	Japan	JA	JA		36	138	JA	20251010164500	https://universitytimes.ie/2025/10/one-weekend-100-artists-a-guide-to-navigating-dublin-gallery-weekend/
1267918094	20251010	202510	2025	2025.7671	IRL	IRISH	IRL								JPN	JAPANESE	JPN								1	090	090	09	2	-2.0	3	1	3	6.89655172413793	4	Powerscourt, Wicklow, Ireland	EI	EI31	18309	53.1836	-6.18111	-1505134	1	Japan	JA	JA		36	138	JA	1	Japan	JA	JA		36	138	JA	20251010164500	https://universitytimes.ie/2025/10/one-weekend-100-artists-a-guide-to-navigating-dublin-gallery-weekend/
1267918095	20251010	202510	2025	2025.7671	IRN	IRAN	IRN								GOV	REGIME						GOV			0	110	110	11	3	-2.0	2	1	2	-4.49050086355786	4	As Iran, Az¯arbayjan-e Sharqi, Iran	IR	IR33	40986	39.0251	47.0697	-3816384	4	Xinjiang, Jiangxi, China	CH	CH03	13167	27.7481	116.274	11065838	4	As Iran, Az¯arbayjan-e Sharqi, Iran	IR	IR33	40986	39.0251	47.0697	-3816384	20251010164500	https://www.foxnews.com/world/uproar-un-elects-china-iran-human-rights-council-positions-without-shame
1267918096	20251010	202510	2025	2025.7671	IRN	IRAN	IRN								GOV	REGIME						GOV			0	110	110	11	3	-2.0	2	1	2	-4.49050086355786	4	Tehran, Tehran, Iran	IR	IR26	41130	35.75	51.5148	10074674	4	Xinjiang, Jiangxi, China	CH	CH03	13167	27.7481	116.274	11065838	4	As Iran, Az¯arbayjan-e Sharqi, Iran	IR	IR33	40986	39.0251	47.0697	-3816384	20251010164500	https://www.foxnews.com/world/uproar-un-elects-china-iran-human-rights-council-positions-without-shame
1267918097	20251010	202510	2025	2025.7671	IRN	IRANIAN	IRN								IRNMIL	IRAN	IRN					MIL			1	163	163	16	4	-8.0	1	1	1	-4.7923322683706	4	Tehran, Tehran, Iran	IR	IR26	41130	35.75	51.5148	10074674	4	Tehran, Tehran, Iran	IR	IR26	41130	35.75	51.5148	10074674	1	United States	US	US		39.828175	-98.5795	US	20251010164500	https://www.clevelandjewishnews.com/jns/us-sanctions-network-supporting-elite-iranian-forces-tehran-backed-iraqi-terror-groups/article_550c3f40-31dd-55ed-ab01-035c9ba91232.html
1267918098	20251010	202510	2025	2025.7671	IRN	IRANIAN	IRN								IRNMIL	IRAN	IRN					MIL			1	163	163	16	4	-8.0	1	1	1	-4.7923322683706	4	Tehran, Tehran, Iran	IR	IR26	41130	35.75	51.5148	10074674	1	Iraq	IZ	IZ		33	44	IZ	4	Tehran, Tehran, Iran	IR	IR26	41130	35.75	51.5148	10074674	20251010164500	https://www.clevelandjewishnews.com/jns/us-sanctions-network-supporting-elite-iranian-forces-tehran-backed-iraqi-terror-groups/article_550c3f40-31dd-55ed-ab01-035c9ba91232.html
1267918099	20251010	202510	2025	2025.7671	IRN	IRANIAN	IRN								IRQUAF	IRAQ	IRQ					UAF			1	163	163	16	4	-8.0	1	1	1	-4.7923322683706	4	Tehran, Tehran, Iran	IR	IR26	41130	35.75	51.5148	10074674	1	Iraq	IZ	IZ		33	44	IZ	4	Tehran, Tehran, Iran	IR	IR26	41130	35.75	51.5148	10074674	20251010164500	https://www.clevelandjewishnews.com/jns/us-sanctions-network-supporting-elite-iranian-forces-tehran-backed-iraqi-terror-groups/article_550c3f40-31dd-55ed-ab01-035c9ba91232.html
1267918100	20251010	202510	2025	2025.7671	IRN	IRANIAN	IRN								IRQUAF	IRAQ	IRQ					UAF			1	163	163	16	4	-8.0	1	1	1	-4.7923322683706	4	Tehran, Tehran, Iran	IR	IR26	41130	35.75	51.5148	10074674	1	Iraq	IZ	IZ		33	44	IZ	1	United States	US	US		39.828175	-98.5795	US	20251010164500	https://www.clevelandjewishnews.com/jns/us-sanctions-network-supporting-elite-iranian-forces-tehran-backed-iraqi-terror-groups/article_550c3f40-31dd-55ed-ab01-035c9ba91232.html
1267918101	20251010	202510	2025	2025.7671	IRN	IRANIAN	IRN								MOS	ISLAMIC				MOS					1	173	173	17	4	-5.0	3	1	3	-4.49050086355786	4	Tehran, Tehran, Iran	IR	IR26	41130	35.75	51.5148	10074674	4	Tehran, Tehran, Iran	IR	IR26	41130	35.75	51.5148	10074674	4	Tehran, Tehran, Iran	IR	IR26	41130	35.75	51.5148	10074674	20251010164500	https://www.foxnews.com/world/uproar-un-elects-china-iran-human-rights-council-positions-without-shame
1267918102	20251010	202510	2025	2025.7671	IRN	IRAN	IRN								QAT	QATAR	QAT								0	010	010	01	1	0.0	2	1	2	-2.73775216138328	1	Iran	IR	IR		32	53	IR	4	Gaza, Israel (general), Israel	IS	IS00	18315	31.4167	34.3333	-797156	4	Doha, Ad Daw?ah, Qatar	QA	QA01	25307	25.2867	51.5333	-785169	20251010164500	https://www.theguardian.com/commentisfree/2025/oct/10/donald-trump-gaza-us-benjamin-netanyahu-israel
1267918103	20251010	202510	2025	2025.7671	IRN	IRAN	IRN								QAT	QATAR	QAT								0	010	010	01	1	0.0	2	1	2	-2.73775216138328	1	Iran	IR	IR		32	53	IR	1	Qatar	QA	QA		25.5	51.25	QA	1	Qatar	QA	QA		25.5	51.25	QA	20251010164500	https://www.theguardian.com/commentisfree/2025/oct/10/donald-trump-gaza-us-benjamin-netanyahu-israel
1267918104	20251010	202510	2025	2025.7671	IRN	TEHRAN	IRN								USA	AMERICAN	USA								1	173	173	17	4	-5.0	1	1	1	-4.49050086355786	4	Tehran, Tehran, Iran	IR	IR26	41130	35.75	51.5148	10074674	3	Washington, District of Columbia, United States	US	USDC	DC001	38.8951	-77.0364	531871	4	Tehran, Tehran, Iran	IR	IR26	41130	35.75	51.5148	10074674	20251010164500	https://www.foxnews.com/world/uproar-un-elects-china-iran-human-rights-council-positions-without-shame
1267918105	20251010	202510	2025	2025.7671	IRN	TEHRAN	IRN								USA	AMERICAN	USA								1	173	173	17	4	-5.0	1	1	1	-4.49050086355786	4	Xinjiang, Jiangxi, China	CH	CH03	13167	27.7481	116.274	11065838	4	Xinjiang, Jiangxi, China	CH	CH03	13167	27.7481	116.274	11065838	4	Xinjiang, Jiangxi, China	CH	CH03	13167	27.7481	116.274	11065838	20251010164500	https://www.foxnews.com/world/uproar-un-elects-china-iran-human-rights-council-positions-without-shame
1267918106	20251010	202510	2025	2025.7671	IRN	IRAN	IRN								USAGOV	THE WHITE HOUSE	USA					GOV			0	010	010	01	1	0.0	1	1	1	-2.73775216138328	1	Iran	IR	IR		32	53	IR	3	White House, District of Columbia, United States	US	USDC		38.8951	-77.0364	531871	1	Iran	IR	IR		32	53	IR	20251010164500	https://www.theguardian.com/commentisfree/2025/oct/10/donald-trump-gaza-us-benjamin-netanyahu-israel
1267918107	20251010	202510	2025	2025.7671	IRN	IRAN	IRN								USAGOV	THE WHITE HOUSE	USA					GOV			0	010	010	01	1	0.0	1	1	1	-2.73775216138328	1	Iran	IR	IR		32	53	IR	1	Iran	IR	IR		32	53	IR	1	Iran	IR	IR		32	53	IR	20251010164500	https://www.theguardian.com/commentisfree/2025/oct/10/donald-trump-gaza-us-benjamin-netanyahu-israel
1267918108	20251010	202510	2025	2025.7671	IRN	TEHRAN	IRN								USAOPP	UNITED STATES	USA					OPP			1	173	173	17	4	-5.0	1	1	1	-4.49050086355786	4	Tehran, Tehran, Iran	IR	IR26	41130	35.75	51.5148	10074674	3	Washington, District of Columbia, United States	US	USDC	DC001	38.8951	-77.0364	531871	4	Tehran, Tehran, Iran	IR	IR26	41130	35.75	51.5148	10074674	20251010164500	https://www.foxnews.com/world/uproar-un-elects-china-iran-human-rights-council-positions-without-shame
1267918109	20251010	202510	2025	2025.7671	IRN	TEHRAN	IRN								USAOPP	UNITED STATES	USA					OPP			1	173	173	17	4	-5.0	1	1	1	-4.49050086355786	4	Xinjiang, Jiangxi, China	CH	CH03	13167	27.7481	116.274	11065838	4	Xinjiang, Jiangxi, China	CH	CH03	13167	27.7481	116.274	11065838	4	Xinjiang, Jiangxi, China	CH	CH03	13167	27.7481	116.274	11065838	20251010164500	https://www.foxnews.com/world/uproar-un-elects-china-iran-human-rights-council-positions-without-shame
1267918110	20251010	202510	2025	2025.7671	IRN	TEHRAN	IRN								USAOPP	AMERICAN	USA					OPP			1	173	173	17	4	-5.0	2	1	2	-4.49050086355786	3	Washington, District of Columbia, United States	US	USDC	DC001	38.8951	-77.0364	531871	4	As Iran, Az¯arbayjan-e Sharqi, Iran	IR	IR33	40986	39.0251	47.0697	-3816384	4	Xinjiang, Jiangxi, China	CH	CH03	13167	27.7481	116.274	11065838	20251010164500	https://www.foxnews.com/world/uproar-un-elects-china-iran-human-rights-council-positions-without-shame
1267918111	20251010	202510	2025	2025.7671	IRN	IRAN	IRN								USAOPP	UNITED STATES	USA					OPP			1	173	173	17	4	-5.0	1	1	1	-4.49050086355786	3	Washington, District of Columbia, United States	US	USDC	DC001	38.8951	-77.0364	531871	4	As Iran, Az¯arbayjan-e Sharqi, Iran	IR	IR33	40986	39.0251	47.0697	-3816384	3	Washington, District of Columbia, United States	US	USDC	DC001	38.8951	-77.0364	531871	20251010164500	https://www.foxnews.com/world/uproar-un-elects-china-iran-human-rights-council-positions-without-shame
1267918112	20251010	202510	2025	2025.7671	IRNMIL	IRANIAN	IRN					MIL													1	163	163	16	4	-8.0	6	1	6	-4.7923322683706	1	Iraq	IZ	IZ		33	44	IZ	0								4	Tehran, Tehran, Iran	IR	IR26	41130	35.75	51.5148	10074674	20251010164500	https://www.clevelandjewishnews.com/jns/us-sanctions-network-supporting-elite-iranian-forces-tehran-backed-iraqi-terror-groups/article_550c3f40-31dd-55ed-ab01-035c9ba91232.html
1267918113	20251010	202510	2025	2025.7671	IRQ	IRAQ	IRQ																		0	036	036	03	1	4.0	4	1	4	-4.59081836327345	1	Iraq	IZ	IZ		33	44	IZ	0								1	Iraq	IZ	IZ		33	44	IZ	20251010164500	https://www.stripes.com/branches/army/2025-10-10/army-drone-test-germany-19379835.html
1267918114	20251010	202510	2025	2025.7671	ISR	ISRAEL	ISR																		1	043	043	04	1	2.8	2	1	2	0.64935064935065	2	New York, United States	US	USNY		42.1497	-74.9384	NY	0								4	Gaza, Israel (general), Israel	IS	IS00	18315	31.4167	34.3333	-797156	20251010164500	https://www.independentsentinel.com/jeffries-doesnt-credit-trump-for-the-israel-hamas-peace-deal/
1267918115	20251010	202510	2025	2025.7671	ISR	ISRAEL	ISR																		1	051	051	05	1	3.4	1	1	1	-0.76544559868781	4	Ashkelon, HaDarom, Israel	IS	IS01	18315	31.6693	34.5715	-779275	0								4	Ashkelon, HaDarom, Israel	IS	IS01	18315	31.6693	34.5715	-779275	20251010164500	https://www.ynetnews.com/health_science/article/rk6ejiuaxe
1267918116	20251010	202510	2025	2025.7671	ISR	ISRAEL	ISR																		0	084	084	08	2	7.0	1	1	1	-6.99062233589087	4	Afula, Ha?afon, Israel	IS	IS03	18314	32.6095	35.2895	-779154	0								4	Gaza, Israel (general), Israel	IS	IS00	18315	31.4167	34.3333	-797156	20251010164500	https://www.hakolhayehudi.co.il/item/english/thousands_of_terrorists_to_be_released__their_names_and_crimes
1267918117	20251010	202510	2025	2025.7671	ISR	ISRAEL	ISR																		0	084	084	08	2	7.0	4	1	4	-6.99062233589087	4	Hebron, Israel (general), Israel	IS	IS00	18315	31.5333	35.1	-793097	0								4	Hebron, Israel (general), Israel	IS	IS00	18315	31.5333	35.1	-793097	20251010164500	https://www.hakolhayehudi.co.il/item/english/thousands_of_terrorists_to_be_released__their_names_and_crimes
1267918118	20251010	202510	2025	2025.7671	ISR	ISRAELI	ISR																		1	0871	087	08	2	9.0	5	1	5	-3.78619153674833	4	Sharm El-Sheikh, Janub Sina', Egypt	EG	EG26	66041	27.8518	34.305	-302053	0								4	Sharm El-Sheikh, Janub Sina', Egypt	EG	EG26	66041	27.8518	34.305	-302053	20251010164500	https://www.aol.co.uk/articles/blair-kushner-trump-key-people-161640955.html
1267918119	20251010	202510	2025	2025.7671	ISR	ISRAEL	ISR																		1	0871	087	08	2	9.0	2	1	2	-3.78619153674833	4	Doha, Ad Daw?ah, Qatar	QA	QA01	25307	25.2867	51.5333	-785169	0								4	Sharm El-Sheikh, Janub Sina', Egypt	EG	EG26	66041	27.8518	34.305	-302053	20251010164500	https://www.aol.co.uk/articles/blair-kushner-trump-key-people-161640955.html
1267918120	20251010	202510	2025	2025.7671	ISR	ISRAEL	ISR																		0	160	160	16	4	-4.0	2	1	2	1.64233576642336	3	Williamsburg, New York, United States	US	USNY	NY047	40.7143	-73.9535	971314	0								3	Williamsburg, New York, United States	US	USNY	NY047	40.7143	-73.9535	971314	20251010164500	https://www.clevelandjewishnews.com/jta/why-do-we-have-to-waste-a-few-weeks-satmar-rabbi-congratulates-mamdani-during-williamsburg/article_70c86a64-eb9d-5a79-a3fa-c718d16c4f44.html
1267918121	20251010	202510	2025	2025.7671	ISR	ISRAEL	ISR																		0	190	190	19	4	-10.0	1	1	1	-6.99062233589087	4	Afula, Ha?afon, Israel	IS	IS03	18314	32.6095	35.2895	-779154	0								4	Afula, Ha?afon, Israel	IS	IS03	18314	32.6095	35.2895	-779154	20251010164500	https://www.hakolhayehudi.co.il/item/english/thousands_of_terrorists_to_be_released__their_names_and_crimes
1267918122	20251010	202510	2025	2025.7671	ISR	ISRAEL	ISR								CVL	CIVILIAN						CVL			0	138	138	13	3	-7.0	2	1	2	-6.99062233589087	4	Jerusalem, Israel (general), Israel	IS	IS00	18315	31.7667	35.2333	-797092	4	Hebron, Israel (general), Israel	IS	IS00	18315	31.5333	35.1	-793097	4	Jerusalem, Israel (general), Israel	IS	IS00	18315	31.7667	35.2333	-797092	20251010164500	https://www.hakolhayehudi.co.il/item/english/thousands_of_terrorists_to_be_released__their_names_and_crimes
1267918123	20251010	202510	2025	2025.7671	ISR	ISRAEL	ISR								CVL	CIVILIAN						CVL			0	190	190	19	4	-10.0	2	1	2	-6.99062233589087	4	Jerusalem, Israel (general), Israel	IS	IS00	18315	31.7667	35.2333	-797092	4	Hebron, Israel (general), Israel	IS	IS00	18315	31.5333	35.1	-793097	4	Hebron, Israel (general), Israel	IS	IS00	18315	31.5333	35.1	-793097	20251010164500	https://www.hakolhayehudi.co.il/item/english/thousands_of_terrorists_to_be_released__their_names_and_crimes
1267918124	20251010	202510	2025	2025.7671	ISR	ISRAEL	ISR								DJI	DJIBOUTI	DJI								0	040	040	04	1	1.0	4	1	4	-3.78619153674833	4	Gaza, Israel (general), Israel	IS	IS00	18315	31.4167	34.3333	-797156	4	Red Sea, Djibouti (general), Djibouti	DJ	DJ00	25312	19	39.5	-2037160	4	Gaza, Israel (general), Israel	IS	IS00	18315	31.4167	34.3333	-797156	20251010164500	https://www.aol.co.uk/articles/blair-kushner-trump-key-people-161640955.html
1267918125	20251010	202510	2025	2025.7671	ISR	ISRAEL	ISR								DJI	DJIBOUTI	DJI								0	040	040	04	1	1.0	1	1	1	-3.78619153674833	4	Gaza, Israel (general), Israel	IS	IS00	18315	31.4167	34.3333	-797156	4	Sharm El-Sheikh, Janub Sina', Egypt	EG	EG26	66041	27.8518	34.305	-302053	4	Red Sea, Djibouti (general), Djibouti	DJ	DJ00	25312	19	39.5	-2037160	20251010164500	https://www.aol.co.uk/articles/blair-kushner-trump-key-people-161640955.html
1267918126	20251010	202510	2025	2025.7671	ISR	ISRAEL	ISR								DJI	DJIBOUTI	DJI								0	040	040	04	1	1.0	1	1	1	-3.78619153674833	4	Gaza, Israel (general), Israel	IS	IS00	18315	31.4167	34.3333	-797156	1	Iraq	IZ	IZ		33	44	IZ	4	Gaza, Israel (general), Israel	IS	IS00	18315	31.4167	34.3333	-797156	20251010164500	https://www.aol.co.uk/articles/blair-kushner-trump-key-people-161640955.html
1267918127	20251010	202510	2025	2025.7671	ISR	ISRAEL	ISR								EGY	EGYPT	EGY								0	040	040	04	1	1.0	1	1	1	-3.78619153674833	4	Gaza, Israel (general), Israel	IS	IS00	18315	31.4167	34.3333	-797156	4	Sharm El-Sheikh, Janub Sina', Egypt	EG	EG26	66041	27.8518	34.305	-302053	4	Red Sea, Djibouti (general), Djibouti	DJ	DJ00	25312	19	39.5	-2037160	20251010164500	https://www.aol.co.uk/articles/blair-kushner-trump-key-people-161640955.html
1267918128	20251010	202510	2025	2025.7671	ISR	ISRAELI	ISR								EGY	EGYPT	EGY								0	040	040	04	1	1.0	2	1	2	-3.78619153674833	4	Gaza, Israel (general), Israel	IS	IS00	18315	31.4167	34.3333	-797156	4	Sharm El-Sheikh, Janub Sina', Egypt	EG	EG26	66041	27.8518	34.305	-302053	4	Gaza, Israel (general), Israel	IS	IS00	18315	31.4167	34.3333	-797156	20251010164500	https://www.aol.co.uk/articles/blair-kushner-trump-key-people-161640955.html
1267918129	20251010	202510	2025	2025.7671	ISR	ISRAEL	ISR								EGY	EGYPT	EGY								0	040	040	04	1	1.0	1	1	1	-3.78619153674833	4	Gaza, Israel (general), Israel	IS	IS00	18315	31.4167	34.3333	-797156	1	Iraq	IZ	IZ		33	44	IZ	4	Gaza, Israel (general), Israel	IS	IS00	18315	31.4167	34.3333	-797156	20251010164500	https://www.aol.co.uk/articles/blair-kushner-trump-key-people-161640955.html
1267918130	20251010	202510	2025	2025.7671	ISR	ISRAEL	ISR								EGY	EGYPT	EGY								1	046	046	04	1	7.0	2	1	2	-3.78619153674833	4	Gaza, Israel (general), Israel	IS	IS00	18315	31.4167	34.3333	-797156	4	Sharm El-Sheikh, Janub Sina', Egypt	EG	EG26	66041	27.8518	34.305	-302053	4	Gaza, Israel (general), Israel	IS	IS00	18315	31.4167	34.3333	-797156	20251010164500	https://www.aol.co.uk/articles/blair-kushner-trump-key-people-161640955.html
1267918131	20251010	202510	2025	2025.7671	ISR	ISRAEL	ISR								EGY	EGYPT	EGY								1	051	051	05	1	3.4	2	1	2	0.24570024570024	4	Sharm El-Sheikh, Janub Sina', Egypt	EG	EG26	66041	27.8518	34.305	-302053	4	Gaza, Israel (general), Israel	IS	IS00	18315	31.4167	34.3333	-797156	4	Sharm El-Sheikh, Janub Sina', Egypt	EG	EG26	66041	27.8518	34.305	-302053	20251010164500	https://www.timesnownews.com/world/is-jared-kushner-the-man-behind-the-gaza-peace-deal-article-152978313
1267918132	20251010	202510	2025	2025.7671	ISR	ISRAEL	ISR								ELI	ACTOR						ELI			1	010	010	01	1	0.0	4	1	4	-9.42028985507248	4	Gaza, Israel (general), Israel	IS	IS00	18315	31.4167	34.3333	-797156	4	Gaza, Israel (general), Israel	IS	IS00	18315	31.4167	34.3333	-797156	4	Gaza, Israel (general), Israel	IS	IS00	18315	31.4167	34.3333	-797156	20251010164500	https://www.odt.co.nz/opinion/swarbrick-culpable-hypocrisy
1267918133	20251010	202510	2025	2025.7671	ISR	ISRAEL	ISR								ESPJUD	SPAIN	ESP					JUD			1	043	043	04	1	2.8	2	1	2	-7.45033112582781	4	Gaza, Israel (general), Israel	IS	IS00	18315	31.4167	34.3333	-797156	1	Spain	SP	SP		40	-4	SP	4	Gaza, Israel (general), Israel	IS	IS00	18315	31.4167	34.3333	-797156	20251010164500	https://www.ynetnews.com/article/bknmitl6eg
1267918134	20251010	202510	2025	2025.7671	ISR	ISRAEL	ISR								EUR	EUROPEAN	EUR								0	130	130	13	3	-4.4	10	1	10	-5.24822695035461	4	Jerusalem, Israel (general), Israel	IS	IS00	18315	31.7667	35.2333	-797092	4	Jerusalem, Israel (general), Israel	IS	IS00	18315	31.7667	35.2333	-797092	4	Jerusalem, Israel (general), Israel	IS	IS00	18315	31.7667	35.2333	-797092	20251010164500	https://www.middleeasteye.net/opinion/how-netanyahus-war-islam-fuels-antisemitism-europe
1267918135	20251010	202510	2025	2025.7671	ISR	ISRAEL	ISR								GBR	BRITAIN	GBR								0	111	111	11	3	-2.0	2	1	2	-5.24822695035461	4	Manchester, Manchester, United Kingdom	UK	UKI2	40118	53.5	-2.21667	-2602512	4	Manchester, Manchester, United Kingdom	UK	UKI2	40118	53.5	-2.21667	-2602512	4	Manchester, Manchester, United Kingdom	UK	UKI2	40118	53.5	-2.21667	-2602512	20251010164500	https://www.middleeasteye.net/opinion/how-netanyahus-war-islam-fuels-antisemitism-europe
1267918136	20251010	202510	2025	2025.7671	ISR	ISRAEL	ISR								GBRELI	UNITED KINGDOM	GBR					ELI			0	060	060	06	2	6.0	2	1	2	-1.30344108446298	4	Gaza, Israel (general), Israel	IS	IS00	18315	31.4167	34.3333	-797156	4	Gaza, Israel (general), Israel	IS	IS00	18315	31.4167	34.3333	-797156	4	Gaza, Israel (general), Israel	IS	IS00	18315	31.4167	34.3333	-797156	20251010164500	https://www.ynetnews.com/article/r1eb3piplg
1267918137	20251010	202510	2025	2025.7671	ISR	ISRAEL	ISR								GBRELI	UNITED KINGDOM	GBR					ELI			0	060	060	06	2	6.0	2	1	2	-1.30344108446298	4	Gaza, Israel (general), Israel	IS	IS00	18315	31.4167	34.3333	-797156	1	United Kingdom	UK	UK		54	-4	UK	1	United Kingdom	UK	UK		54	-4	UK	20251010164500	https://www.ynetnews.com/article/r1eb3piplg
1267918138	20251010	202510	2025	2025.7671	ISR	ISRAELI	ISR								GOV	GOVERNMENT						GOV			0	043	043	04	1	2.8	3	1	3	-5.24822695035461	4	Gaza, Israel (general), Israel	IS	IS00	18315	31.4167	34.3333	-797156	4	Manchester, Manchester, United Kingdom	UK	UKI2	40118	53.5	-2.21667	-2602512	4	Manchester, Manchester, United Kingdom	UK	UKI2	40118	53.5	-2.21667	-2602512	20251010164500	https://www.middleeasteye.net/opinion/how-netanyahus-war-islam-fuels-antisemitism-europe
1267918139	20251010	202510	2025	2025.7671	ISR	ISRAEL	ISR								IGOUNO	UNITED NATIONS		UNO				IGO			1	030	030	03	1	4.0	3	1	3	-0.47619047619047	4	Gaza, Israel (general), Israel	IS	IS00	18315	31.4167	34.3333	-797156	4	Gaza, Israel (general), Israel	IS	IS00	18315	31.4167	34.3333	-797156	4	Gaza, Israel (general), Israel	IS	IS00	18315	31.4167	34.3333	-797156	20251010164500	https://www.middleeasteye.net/live-blog/live-blog-update/un-official-says-scaled-aid-deliveries-gaza-begin-sunday
1267918140	20251010	202510	2025	2025.7671	ISR	ISRAEL	ISR								IGOUNO	UNITED NATIONS		UNO				IGO			1	073	073	07	2	7.4	2	1	2	-0.47619047619047	4	Gaza, Israel (general), Israel	IS	IS00	18315	31.4167	34.3333	-797156	4	Gaza, Israel (general), Israel	IS	IS00	18315	31.4167	34.3333	-797156	4	Gaza, Israel (general), Israel	IS	IS00	18315	31.4167	34.3333	-797156	20251010164500	https://www.middleeasteye.net/live-blog/live-blog-update/un-official-says-scaled-aid-deliveries-gaza-begin-sunday
1267918141	20251010	202510	2025	2025.7671	ISR	ISRAEL	ISR								ISRGOV	ISRAEL	ISR					GOV			0	042	042	04	1	1.9	1	1	1	0.24570024570024	4	Gaza, Israel (general), Israel	IS	IS00	18315	31.4167	34.3333	-797156	4	Sharm El-Sheikh, Janub Sina', Egypt	EG	EG26	66041	27.8518	34.305	-302053	4	Gaza, Israel (general), Israel	IS	IS00	18315	31.4167	34.3333	-797156	20251010164500	https://www.timesnownews.com/world/is-jared-kushner-the-man-behind-the-gaza-peace-deal-article-152978313
1267918142	20251010	202510	2025	2025.7671	ISR	ISRAEL	ISR								ISRRAD	ISRAEL	ISR					RAD			1	036	036	03	1	4.0	1	1	1	-5.24822695035461	4	Jerusalem, Israel (general), Israel	IS	IS00	18315	31.7667	35.2333	-797092	4	Jerusalem, Israel (general), Israel	IS	IS00	18315	31.7667	35.2333	-797092	4	Jerusalem, Israel (general), Israel	IS	IS00	18315	31.7667	35.2333	-797092	20251010164500	https://www.middleeasteye.net/opinion/how-netanyahus-war-islam-fuels-antisemitism-europe
1267918143	20251010	202510	2025	2025.7671	ISR	ISRAEL	ISR								ISRRAD	ISRAEL	ISR					RAD			1	190	190	19	4	-10.0	1	1	1	-5.24822695035461	4	Gaza, Israel (general), Israel	IS	IS00	18315	31.4167	34.3333	-797156	4	Gaza, Israel (general), Israel	IS	IS00	18315	31.4167	34.3333	-797156	4	Gaza, Israel (general), Israel	IS	IS00	18315	31.4167	34.3333	-797156	20251010164500	https://www.middleeasteye.net/opinion/how-netanyahus-war-islam-fuels-antisemitism-europe
1267918144	20251010	202510	2025	2025.7671	ISR	ISRAEL	ISR								JEWCVL	JEWISH				JEW		CVL			0	160	160	16	4	-4.0	2	1	2	-5.24822695035461	4	Gaza, Israel (general), Israel	IS	IS00	18315	31.4167	34.3333	-797156	4	Manchester, Manchester, United Kingdom	UK	UKI2	40118	53.5	-2.21667	-2602512	4	Manchester, Manchester, United Kingdom	UK	UKI2	40118	53.5	-2.21667	-2602512	20251010164500	https://www.middleeasteye.net/opinion/how-netanyahus-war-islam-fuels-antisemitism-europe
1267918145	20251010	202510	2025	2025.7671	ISR	ISRAEL	ISR								JEWCVL	JEWISH				JEW		CVL			0	160	160	16	4	-4.0	2	1	2	-5.24822695035461	4	Gaza, Israel (general), Israel	IS	IS00	18315	31.4167	34.3333	-797156	4	Gaza, Israel (general), Israel	IS	IS00	18315	31.4167	34.3333	-797156	4	Gaza, Israel (general), Israel	IS	IS00	18315	31.4167	34.3333	-797156	20251010164500	https://www.middleeasteye.net/opinion/how-netanyahus-war-islam-fuels-antisemitism-europe
1267918146	20251010	202510	2025	2025.7671	ISR	ISRAEL	ISR								JUD	ATTORNEY						JUD			1	043	043	04	1	2.8	3	1	3	-7.45033112582781	4	Gaza, Israel (general), Israel	IS	IS00	18315	31.4167	34.3333	-797156	4	Gaza, Israel (general), Israel	IS	IS00	18315	31.4167	34.3333	-797156	4	Gaza, Israel (general), Israel	IS	IS00	18315	31.4167	34.3333	-797156	20251010164500	https://www.ynetnews.com/article/bknmitl6eg
1267918147	20251010	202510	2025	2025.7671	ISR	ISRAEL	ISR								MDV	MALE	MDV								1	010	010	01	1	0.0	4	1	4	-3.55113636363636	1	Israel	IS	IS		31.5	34.75	IS	1	Israel	IS	IS		31.5	34.75	IS	1	Israel	IS	IS		31.5	34.75	IS	20251010164500	https://newstalkkgvo.com/missoula-police-assault-antisemitism/
1267918148	20251010	202510	2025	2025.7671	ISR	ISRAEL	ISR								MOS	ISLAMIC				MOS					1	051	051	05	1	3.4	14	2	14	-3.38881569620078	4	Jerusalem, Israel (general), Israel	IS	IS00	18315	31.7667	35.2333	-797092	4	Jerusalem, Israel (general), Israel	IS	IS00	18315	31.7667	35.2333	-797092	4	Jerusalem, Israel (general), Israel	IS	IS00	18315	31.7667	35.2333	-797092	20251010164500	https://www.clevelandjewishnews.com/jns/the-end-of-the-west/article_280e44bb-b514-571f-8d2c-ffee2c3a9b03.html
1267918149	20251010	202510	2025	2025.7671	ISR	ISRAEL	ISR								MOS	ISLAMIC				MOS					0	053	053	05	1	3.8	10	1	10	-2.64505119453925	4	Jerusalem, Israel (general), Israel	IS	IS00	18315	31.7667	35.2333	-797092	4	Jerusalem, Israel (general), Israel	IS	IS00	18315	31.7667	35.2333	-797092	4	Jerusalem, Israel (general), Israel	IS	IS00	18315	31.7667	35.2333	-797092	20251010164500	https://www.clevelandjewishnews.com/jns/the-end-of-the-west/article_280e44bb-b514-571f-8d2c-ffee2c3a9b03.html
1267918150	20251010	202510	2025	2025.7671	ISR	ISRAEL	ISR								PSE	GAZA	PSE								1	042	042	04	1	1.9	1	1	1	-1.07003891050583	4	Rafah, Shamal Sina', Egypt	EG	EG27	16446	31.2878	34.2369	-301033	4	Rafah, Shamal Sina', Egypt	EG	EG27	16446	31.2878	34.2369	-301033	4	Rafah, Shamal Sina', Egypt	EG	EG27	16446	31.2878	34.2369	-301033	20251010164500	https://www.ynetnews.com/article/hya5ww86xg
1267918151	20251010	202510	2025	2025.7671	ISR	ISRAELI	ISR								PSE	GAZA	PSE								1	0874	087	08	2	10.0	2	1	2	-2.1604938271605	4	Gaza, Israel (general), Israel	IS	IS00	18315	31.4167	34.3333	-797156	3	White House, District of Columbia, United States	US	USDC		38.8951	-77.0364	531871	3	White House, District of Columbia, United States	US	USDC		38.8951	-77.0364	531871	20251010164500	https://www.dailymail.co.uk/debate/article-15181611/BORIS-JOHNSON-Trump-peace-Gaza-sheer-strength-needs-hard-word-Putin-know-will.html
1267918152	20251010	202510	2025	2025.7671	ISR	ISRAEL	ISR								PSE	GAZA	PSE								0	0874	087	08	2	10.0	2	1	2	1.83150183150183	1	Gaza Strip	GZ	GZ		31.425074	34.373398	GZ	4	Gaza, Israel (general), Israel	IS	IS00	18315	31.4167	34.3333	-797156	1	Gaza Strip	GZ	GZ		31.425074	34.373398	GZ	20251010164500	https://www.yahoo.com/news/articles/qatari-air-force-facility-built-153722652.html
1267918153	20251010	202510	2025	2025.7671	ISR	ISRAEL	ISR								PSE	GAZA	PSE								0	0874	087	08	2	10.0	2	1	2	1.83150183150183	1	Qatar	QA	QA		25.5	51.25	QA	1	Qatar	QA	QA		25.5	51.25	QA	1	Qatar	QA	QA		25.5	51.25	QA	20251010164500	https://www.yahoo.com/news/articles/qatari-air-force-facility-built-153722652.html
1267918154	20251010	202510	2025	2025.7671	ISR	ISRAEL	ISR								PSE	PALESTINE	PSE								0	141	141	14	3	-6.5	2	1	2	-2.8235294117647	4	Rawalpindi, Punjab, Pakistan	PK	PK04	23674	33.6	73.0667	-2772585	4	Rawalpindi, Punjab, Pakistan	PK	PK04	23674	33.6	73.0667	-2772585	4	Rawalpindi, Punjab, Pakistan	PK	PK04	23674	33.6	73.0667	-2772585	20251010164500	https://www.geo.tv/latest/627957-internet-services-suspended-in-twin-cities-amid-tlps-march-towards-islamabad
1267918155	20251010	202510	2025	2025.7671	ISR	ISRAEL	ISR								PSEREB	HAMAS	PSE					REB			1	046	046	04	1	7.0	2	1	2	1.83150183150183	2	Idaho, United States	US	USID		44.2394	-114.51	ID	1	Qatar	QA	QA		25.5	51.25	QA	2	Idaho, United States	US	USID		44.2394	-114.51	ID	20251010164500	https://www.yahoo.com/news/articles/qatari-air-force-facility-built-153722652.html
1267918156	20251010	202510	2025	2025.7671	ISR	ISRAEL	ISR								PSEREBUAF	HAMAS	PSE					REB	UAF		1	043	043	04	1	2.8	2	1	2	-4.01606425702811	4	Gaza, Israel (general), Israel	IS	IS00	18315	31.4167	34.3333	-797156	4	Gaza, Israel (general), Israel	IS	IS00	18315	31.4167	34.3333	-797156	4	Gaza, Israel (general), Israel	IS	IS00	18315	31.4167	34.3333	-797156	20251010164500	https://www.aei.org/articles/wth-the-war-is-never-over/
1267918157	20251010	202510	2025	2025.7671	ISR	ISRAEL	ISR								PSEREBUAF	HAMAS	PSE					REB	UAF		1	051	051	05	1	3.4	10	1	10	-3.15258511979823	4	Gaza, Israel (general), Israel	IS	IS00	18315	31.4167	34.3333	-797156	4	Gaza, Israel (general), Israel	IS	IS00	18315	31.4167	34.3333	-797156	4	Gaza, Israel (general), Israel	IS	IS00	18315	31.4167	34.3333	-797156	20251010164500	https://www.odt.co.nz/opinion/editorial/dare-we-hope-peace
1267918158	20251010	202510	2025	2025.7671	ISR	ISRAEL	ISR								PSEREBUAF	HAMAS	PSE					REB	UAF		1	057	057	05	1	8.0	10	1	10	-3.15258511979823	4	Gaza, Israel (general), Israel	IS	IS00	18315	31.4167	34.3333	-797156	4	Gaza, Israel (general), Israel	IS	IS00	18315	31.4167	34.3333	-797156	4	Gaza, Israel (general), Israel	IS	IS00	18315	31.4167	34.3333	-797156	20251010164500	https://www.odt.co.nz/opinion/editorial/dare-we-hope-peace
1267918159	20251010	202510	2025	2025.7671	ISR	ISRAELI	ISR								PSEREBUAF	HAMAS	PSE					REB	UAF		1	084	084	08	2	7.0	7	1	7	-4.01606425702811	4	Gaza, Israel (general), Israel	IS	IS00	18315	31.4167	34.3333	-797156	4	Gaza, Israel (general), Israel	IS	IS00	18315	31.4167	34.3333	-797156	4	Gaza, Israel (general), Israel	IS	IS00	18315	31.4167	34.3333	-797156	20251010164500	https://www.aei.org/articles/wth-the-war-is-never-over/
1267918160	20251010	202510	2025	2025.7671	ISR	ISRAEL	ISR								PTY	DEMOCRATIC PARTY									0	111	111	11	3	-2.0	4	1	4	-6.21039290240811	4	Gaza, Israel (general), Israel	IS	IS00	18315	31.4167	34.3333	-797156	4	Gaza, Israel (general), Israel	IS	IS00	18315	31.4167	34.3333	-797156	4	Gaza, Israel (general), Israel	IS	IS00	18315	31.4167	34.3333	-797156	20251010164500	https://www.middleeasteye.net/trending/people-gaza-obama-ceasefire-tweet-criticised-dehumanising-language
1267918161	20251010	202510	2025	2025.7671	ISR	ISRAEL	ISR								RAD	EXTREMIST						RAD			1	036	036	03	1	4.0	1	1	1	-5.24822695035461	4	Jerusalem, Israel (general), Israel	IS	IS00	18315	31.7667	35.2333	-797092	4	Jerusalem, Israel (general), Israel	IS	IS00	18315	31.7667	35.2333	-797092	4	Jerusalem, Israel (general), Israel	IS	IS00	18315	31.7667	35.2333	-797092	20251010164500	https://www.middleeasteye.net/opinion/how-netanyahus-war-islam-fuels-antisemitism-europe
1267918162	20251010	202510	2025	2025.7671	ISR	ISRAEL	ISR								RAD	EXTREMIST						RAD			1	036	036	03	1	4.0	1	1	1	-5.24822695035461	4	Gaza, Israel (general), Israel	IS	IS00	18315	31.4167	34.3333	-797156	4	Gaza, Israel (general), Israel	IS	IS00	18315	31.4167	34.3333	-797156	4	Gaza, Israel (general), Israel	IS	IS00	18315	31.4167	34.3333	-797156	20251010164500	https://www.middleeasteye.net/opinion/how-netanyahus-war-islam-fuels-antisemitism-europe
1267918163	20251010	202510	2025	2025.7671	ISR	ISRAEL	ISR								RAD	EXTREMIST						RAD			1	190	190	19	4	-10.0	1	1	1	-5.24822695035461	4	Gaza, Israel (general), Israel	IS	IS00	18315	31.4167	34.3333	-797156	4	Gaza, Israel (general), Israel	IS	IS00	18315	31.4167	34.3333	-797156	4	Gaza, Israel (general), Israel	IS	IS00	18315	31.4167	34.3333	-797156	20251010164500	https://www.middleeasteye.net/opinion/how-netanyahus-war-islam-fuels-antisemitism-europe
1267918164	20251010	202510	2025	2025.7671	ISR	ISRAEL	ISR								SEA	SOUTHEAST ASIA	SEA								0	061	061	06	2	6.4	10	1	10	-3.96039603960396	1	India	IN	IN		20	77	IN	1	India	IN	IN		20	77	IN	1	India	IN	IN		20	77	IN	20251010164500	https://idrw.org/anadrone-systems-unveils-shakti-indias-affordable-long-range-strike-uav-set-to-transform-precision-warfare/
1267918165	20251010	202510	2025	2025.7671	ISR	ISRAEL	ISR								TUR	TURKISH	TUR								0	040	040	04	1	1.0	3	1	3	-1.30344108446298	4	Gaza, Israel (general), Israel	IS	IS00	18315	31.4167	34.3333	-797156	4	Ankara, Ankara, Turkey	TU	TU68	27516	39.9272	32.8644	-735338	4	Gaza, Israel (general), Israel	IS	IS00	18315	31.4167	34.3333	-797156	20251010164500	https://www.ynetnews.com/article/r1eb3piplg
1267918166	20251010	202510	2025	2025.7671	ISR	ISRAEL	ISR								UAF	TERRORIST						UAF			0	042	042	04	1	1.9	4	1	4	-6.99062233589087	4	Hebron, Israel (general), Israel	IS	IS00	18315	31.5333	35.1	-793097	4	Hebron, Israel (general), Israel	IS	IS00	18315	31.5333	35.1	-793097	4	Hebron, Israel (general), Israel	IS	IS00	18315	31.5333	35.1	-793097	20251010164500	https://www.hakolhayehudi.co.il/item/english/thousands_of_terrorists_to_be_released__their_names_and_crimes
1267918167	20251010	202510	2025	2025.7671	ISR	ISRAEL	ISR								UAF	TERRORIST						UAF			0	084	084	08	2	7.0	4	1	4	-6.99062233589087	4	Hebron, Israel (general), Israel	IS	IS00	18315	31.5333	35.1	-793097	4	Hebron, Israel (general), Israel	IS	IS00	18315	31.5333	35.1	-793097	4	Hebron, Israel (general), Israel	IS	IS00	18315	31.5333	35.1	-793097	20251010164500	https://www.hakolhayehudi.co.il/item/english/thousands_of_terrorists_to_be_released__their_names_and_crimes
1267918168	20251010	202510	2025	2025.7671	ISR	ISRAEL	ISR								USA	THE US	USA								0	111	111	11	3	-2.0	2	1	2	-5.24822695035461	4	Manchester, Manchester, United Kingdom	UK	UKI2	40118	53.5	-2.21667	-2602512	4	Gaza, Israel (general), Israel	IS	IS00	18315	31.4167	34.3333	-797156	4	Gaza, Israel (general), Israel	IS	IS00	18315	31.4167	34.3333	-797156	20251010164500	https://www.middleeasteye.net/opinion/how-netanyahus-war-islam-fuels-antisemitism-europe
1267918169	20251010	202510	2025	2025.7671	ISR	ISRAEL	ISR								USAGOVDEV	USAID	USA					GOV	DEV		1	051	051	05	1	3.4	6	1	6	-0.94339622641509	4	Gaza, Israel (general), Israel	IS	IS00	18315	31.4167	34.3333	-797156	1	Ukraine	UP	UP		49	32	UP	1	Ukraine	UP	UP		49	32	UP	20251010164500	https://www.penbaypilot.com:443/article/midcoast-local-reflects-three-years-living-middle-east/263395
1267918170	20251010	202510	2025	2025.7671	ISR	ISRAEL	ISR								USAGOVDEV	USAID	USA					GOV	DEV		1	051	051	05	1	3.4	2	1	2	-0.94339622641509	1	United Arab Emirates	AE	AE		24	54	AE	1	United States	US	US		39.828175	-98.5795	US	1	United States	US	US		39.828175	-98.5795	US	20251010164500	https://www.penbaypilot.com:443/article/midcoast-local-reflects-three-years-living-middle-east/263395
1267918171	20251010	202510	2025	2025.7671	ISR	ISRAEL	ISR								USAGOVDEV	USAID	USA					GOV	DEV		1	051	051	05	1	3.4	2	1	2	-0.94339622641509	1	Lebanon	LE	LE		33.833333	35.833333	LE	1	Ukraine	UP	UP		49	32	UP	1	Ukraine	UP	UP		49	32	UP	20251010164500	https://www.penbaypilot.com:443/article/midcoast-local-reflects-three-years-living-middle-east/263395
1267918172	20251010	202510	2025	2025.7671	ISR	ISRAEL	ISR								USAMED	REUTERS	USA					MED			1	043	043	04	1	2.8	4	1	2	-1.07003891050583	4	Gaza City, Israel (general), Israel	IS	IS00	18315	31.4167	34.3333	-797156	4	Gaza City, Israel (general), Israel	IS	IS00	18315	31.4167	34.3333	-797156	4	Gaza City, Israel (general), Israel	IS	IS00	18315	31.4167	34.3333	-797156	20251010164500	https://www.ynetnews.com/article/hya5ww86xg
1267918173	20251010	202510	2025	2025.7671	ISR	JERUSALEM	ISR								kur	KURD			kur						0	043	043	04	1	2.8	5	1	5	-6.99062233589087	4	Jerusalem, Israel (general), Israel	IS	IS00	18315	31.7667	35.2333	-797092	4	Jerusalem, Israel (general), Israel	IS	IS00	18315	31.7667	35.2333	-797092	4	Jerusalem, Israel (general), Israel	IS	IS00	18315	31.7667	35.2333	-797092	20251010164500	https://www.hakolhayehudi.co.il/item/english/thousands_of_terrorists_to_be_released__their_names_and_crimes
1267918174	20251010	202510	2025	2025.7671	ISRCVL	ISRAEL	ISR					CVL			PSE	GAZA	PSE								0	042	042	04	1	1.9	2	1	2	-1.07003891050583	4	Rafah, Shamal Sina', Egypt	EG	EG27	16446	31.2878	34.2369	-301033	4	Rafah, Shamal Sina', Egypt	EG	EG27	16446	31.2878	34.2369	-301033	4	Rafah, Shamal Sina', Egypt	EG	EG27	16446	31.2878	34.2369	-301033	20251010164500	https://www.ynetnews.com/article/hya5ww86xg
1267918175	20251010	202510	2025	2025.7671	ISRCVL	ISRAEL	ISR					CVL			PSE	GAZA	PSE								0	042	042	04	1	1.9	2	1	2	-1.07003891050583	4	Gaza, Israel (general), Israel	IS	IS00	18315	31.4167	34.3333	-797156	4	Gaza, Israel (general), Israel	IS	IS00	18315	31.4167	34.3333	-797156	4	Gaza, Israel (general), Israel	IS	IS00	18315	31.4167	34.3333	-797156	20251010164500	https://www.ynetnews.com/article/hya5ww86xg
1267918176	20251010	202510	2025	2025.7671	ISRGOV	ISRAEL	ISR					GOV			ISR	ISRAEL	ISR								0	043	043	04	1	2.8	1	1	1	0.24570024570024	4	Sharm El-Sheikh, Janub Sina', Egypt	EG	EG26	66041	27.8518	34.305	-302053	4	Gaza, Israel (general), Israel	IS	IS00	18315	31.4167	34.3333	-797156	4	Gaza, Israel (general), Israel	IS	IS00	18315	31.4167	34.3333	-797156	20251010164500	https://www.timesnownews.com/world/is-jared-kushner-the-man-behind-the-gaza-peace-deal-article-152978313
1267918177	20251010	202510	2025	2025.7671	ISRGOV	ISRAEL	ISR					GOV			MEDGOV	MEDIA						MED	GOV		1	0256	025	02	1	-0.3	4	1	4	-11	4	Gaza, Israel (general), Israel	IS	IS00	18315	31.4167	34.3333	-797156	4	Gaza, Israel (general), Israel	IS	IS00	18315	31.4167	34.3333	-797156	4	Gaza, Israel (general), Israel	IS	IS00	18315	31.4167	34.3333	-797156	20251010164500	https://www.middleeasteye.net/live-blog/live-blog-update/gaza-officials-call-immediate-war-crimes-probe
1267918178	20251010	202510	2025	2025.7671	ISRGOV	ISRAEL	ISR					GOV			PSE	GAZA	PSE								0	030	030	03	1	4.0	2	1	2	0.24570024570024	4	Sharm El-Sheikh, Janub Sina', Egypt	EG	EG26	66041	27.8518	34.305	-302053	4	Gaza, Israel (general), Israel	IS	IS00	18315	31.4167	34.3333	-797156	4	Gaza, Israel (general), Israel	IS	IS00	18315	31.4167	34.3333	-797156	20251010164500	https://www.timesnownews.com/world/is-jared-kushner-the-man-behind-the-gaza-peace-deal-article-152978313
1267918179	20251010	202510	2025	2025.7671	ISRGOV	ISRAEL	ISR					GOV			PSE	GAZA	PSE								0	043	043	04	1	2.8	1	1	1	0.24570024570024	4	Sharm El-Sheikh, Janub Sina', Egypt	EG	EG26	66041	27.8518	34.305	-302053	4	Gaza, Israel (general), Israel	IS	IS00	18315	31.4167	34.3333	-797156	4	Gaza, Israel (general), Israel	IS	IS00	18315	31.4167	34.3333	-797156	20251010164500	https://www.timesnownews.com/world/is-jared-kushner-the-man-behind-the-gaza-peace-deal-article-152978313
1267918180	20251010	202510	2025	2025.7671	ISRGOV	BIBI NETANYAHU	ISR					GOV			PSEREB	HAMAS	PSE					REB			0	012	012	01	1	-0.4	5	1	5	-2.1604938271605	4	Gaza, Israel (general), Israel	IS	IS00	18315	31.4167	34.3333	-797156	4	Gaza, Israel (general), Israel	IS	IS00	18315	31.4167	34.3333	-797156	4	Gaza, Israel (general), Israel	IS	IS00	18315	31.4167	34.3333	-797156	20251010164500	https://www.dailymail.co.uk/debate/article-15181611/BORIS-JOHNSON-Trump-peace-Gaza-sheer-strength-needs-hard-word-Putin-know-will.html
1267918181	20251010	202510	2025	2025.7671	ISRMIL	ISRAEL	ISR					MIL			FRA	FRANCE	FRA								0	190	190	19	4	-10.0	1	1	1	-7.14285714285714	4	Gaza, Israel (general), Israel	IS	IS00	18315	31.4167	34.3333	-797156	4	Gaza, Israel (general), Israel	IS	IS00	18315	31.4167	34.3333	-797156	4	Gaza, Israel (general), Israel	IS	IS00	18315	31.4167	34.3333	-797156	20251010164500	https://universitytimes.ie/2025/10/october-7th-2023-two-years-later-a-conflict-still-without-resolution/
1267918182	20251010	202510	2025	2025.7671	ISRMIL	ISRAELI	ISR					MIL			FRA	FRANCE	FRA								0	190	190	19	4	-10.0	7	1	7	-7.14285714285714	4	Gaza, Israel (general), Israel	IS	IS00	18315	31.4167	34.3333	-797156	1	France	FR	FR		46	2	FR	4	Gaza, Israel (general), Israel	IS	IS00	18315	31.4167	34.3333	-797156	20251010164500	https://universitytimes.ie/2025/10/october-7th-2023-two-years-later-a-conflict-still-without-resolution/
1267918183	20251010	202510	2025	2025.7671	ISRMIL	ISRAEL	ISR					MIL			GOV	PRIME MINISTER						GOV			1	020	020	02	1	3.0	5	1	5	-3.15258511979823	4	Gaza, Israel (general), Israel	IS	IS00	18315	31.4167	34.3333	-797156	4	Gaza, Israel (general), Israel	IS	IS00	18315	31.4167	34.3333	-797156	4	Gaza, Israel (general), Israel	IS	IS00	18315	31.4167	34.3333	-797156	20251010164500	https://www.odt.co.nz/opinion/editorial/dare-we-hope-peace
1267918184	20251010	202510	2025	2025.7671	ISRMIL	ISRAEL	ISR					MIL			ISRGOV	ISRAEL	ISR					GOV			1	020	020	02	1	3.0	1	1	1	-3.15258511979823	4	Gaza, Israel (general), Israel	IS	IS00	18315	31.4167	34.3333	-797156	4	Gaza, Israel (general), Israel	IS	IS00	18315	31.4167	34.3333	-797156	4	Gaza, Israel (general), Israel	IS	IS00	18315	31.4167	34.3333	-797156	20251010164500	https://www.odt.co.nz/opinion/editorial/dare-we-hope-peace
1267918185	20251010	202510	2025	2025.7671	ISROPP	ISRAEL	ISR					OPP													1	173	173	17	4	-5.0	2	1	2	-7.43243243243243	4	Gaza, Israel (general), Israel	IS	IS00	18315	31.4167	34.3333	-797156	0								4	Gaza, Israel (general), Israel	IS	IS00	18315	31.4167	34.3333	-797156	20251010164500	https://www.middleeasteye.net/live-blog/live-blog-update/six-high-profile-palestinian-prisoners-being-negotiated-over
1267918186	20251010	202510	2025	2025.7671	ITA	ITALY	ITA								ESP	SPAIN	ESP								0	1712	171	17	4	-9.2	1	1	1	-6.64031620553359	4	Manchester, Manchester, United Kingdom	UK	UKI2	40118	53.5	-2.21667	-2602512	4	Manchester, Manchester, United Kingdom	UK	UKI2	40118	53.5	-2.21667	-2602512	4	Manchester, Manchester, United Kingdom	UK	UKI2	40118	53.5	-2.21667	-2602512	20251010164500	https://www.clevelandjewishnews.com/jns/four-ways-to-combat-antisemitism-in-the-post-oct-7-world/article_0e6e49b8-dd26-57e3-b4bb-df9f2ce39be6.html
1267918187	20251010	202510	2025	2025.7671	ITA	ROME	ITA								JUD	TRIBUNAL						JUD			1	120	120	12	3	-4.0	6	1	6	-5.13833992094862	4	Rome, Lazio, Italy	IT	IT07	18350	41.9	12.4833	-126693	4	Rome, Lazio, Italy	IT	IT07	18350	41.9	12.4833	-126693	4	Rome, Lazio, Italy	IT	IT07	18350	41.9	12.4833	-126693	20251010164500	https://news.sky.com/story/melania-trump-eight-ukrainian-children-taken-into-russia-have-been-reunited-with-families-13448191
1267918188	20251010	202510	2025	2025.7671	ITA	ROME	ITA								JUD	TRIBUNAL						JUD			1	120	120	12	3	-4.0	2	1	2	-5.13833992094862	4	Rome, Lazio, Italy	IT	IT07	18350	41.9	12.4833	-126693	1	Ukraine	UP	UP		49	32	UP	4	Rome, Lazio, Italy	IT	IT07	18350	41.9	12.4833	-126693	20251010164500	https://news.sky.com/story/melania-trump-eight-ukrainian-children-taken-into-russia-have-been-reunited-with-families-13448191
1267918189	20251010	202510	2025	2025.7671	ITA	ROME	ITA								JUD	TRIBUNAL						JUD			1	120	120	12	3	-4.0	2	1	2	-5.13833992094862	4	Kremlin, Moskva, Russia	RS	RS48	25106	55.7522	37.6156	-2960561	4	Rome, Lazio, Italy	IT	IT07	18350	41.9	12.4833	-126693	4	Kremlin, Moskva, Russia	RS	RS48	25106	55.7522	37.6156	-2960561	20251010164500	https://news.sky.com/story/melania-trump-eight-ukrainian-children-taken-into-russia-have-been-reunited-with-families-13448191
1267918190	20251010	202510	2025	2025.7671	ITA	ITALY	ITA								PSEREBOPP	HAMAS	PSE					REB	OPP		0	191	191	19	4	-9.5	1	1	1	-6.64031620553359	4	Manchester, Manchester, United Kingdom	UK	UKI2	40118	53.5	-2.21667	-2602512	4	Manchester, Manchester, United Kingdom	UK	UKI2	40118	53.5	-2.21667	-2602512	4	Manchester, Manchester, United Kingdom	UK	UKI2	40118	53.5	-2.21667	-2602512	20251010164500	https://www.clevelandjewishnews.com/jns/four-ways-to-combat-antisemitism-in-the-post-oct-7-world/article_0e6e49b8-dd26-57e3-b4bb-df9f2ce39be6.html
1267918191	20251010	202510	2025	2025.7671	ITA	ITALIAN	ITA								USA	DETROIT	USA								0	051	051	05	1	3.4	5	1	5	3.86965376782078	4	Milan, Lombardia, Italy	IT	IT09	18363	45.4667	9.2	-121726	4	Milan, Lombardia, Italy	IT	IT09	18363	45.4667	9.2	-121726	4	Milan, Lombardia, Italy	IT	IT09	18363	45.4667	9.2	-121726	20251010164500	https://www.wxyz.com/news/voices/how-shewolf-is-bringing-a-taste-of-old-rome-to-detroits-cass-corridor
1267918192	20251010	202510	2025	2025.7671	ITA	ITALIAN	ITA								USA	DETROIT	USA								0	051	051	05	1	3.4	1	1	1	3.86965376782078	4	Rome, Lazio, Italy	IT	IT07	18350	41.9	12.4833	-126693	4	Rome, Lazio, Italy	IT	IT07	18350	41.9	12.4833	-126693	4	Rome, Lazio, Italy	IT	IT07	18350	41.9	12.4833	-126693	20251010164500	https://www.wxyz.com/news/voices/how-shewolf-is-bringing-a-taste-of-old-rome-to-detroits-cass-corridor
1267918193	20251010	202510	2025	2025.7671	ITA	ITALY	ITA								USA	UNITED STATES	USA								0	051	051	05	1	3.4	2	1	1	3.86965376782078	4	Rome, Lazio, Italy	IT	IT07	18350	41.9	12.4833	-126693	3	Detroit, Michigan, United States	US	USMI	MI163	42.3314	-83.0458	1617959	4	Rome, Lazio, Italy	IT	IT07	18350	41.9	12.4833	-126693	20251010164500	https://www.wxyz.com/news/voices/how-shewolf-is-bringing-a-taste-of-old-rome-to-detroits-cass-corridor
1267918194	20251010	202510	2025	2025.7671	ITA	ITALIAN	ITA								USA	DETROIT	USA								0	051	051	05	1	3.4	7	1	4	3.86965376782078	4	Rome, Lazio, Italy	IT	IT07	18350	41.9	12.4833	-126693	3	Detroit, Michigan, United States	US	USMI	MI163	42.3314	-83.0458	1617959	3	Detroit, Michigan, United States	US	USMI	MI163	42.3314	-83.0458	1617959	20251010164500	https://www.wxyz.com/news/voices/how-shewolf-is-bringing-a-taste-of-old-rome-to-detroits-cass-corridor
1267918195	20251010	202510	2025	2025.7671	JAM	JAMAICA	JAM																		1	171	171	17	4	-9.2	6	1	6	-9.21501706484637	1	Jamaica	JM	JM		18.25	-77.5	JM	0								1	Jamaica	JM	JM		18.25	-77.5	JM	20251010164500	https://www.realitytea.com/2025/10/10/rhop-wendy-eddie-osefo-arrested-fraud/
1267918196	20251010	202510	2025	2025.7671	JAM	JAMAICA	JAM								COP	PRISON						COP			0	0841	084	08	2	7.0	4	1	4	-9.21501706484637	1	Jamaica	JM	JM		18.25	-77.5	JM	1	Jamaica	JM	JM		18.25	-77.5	JM	1	Jamaica	JM	JM		18.25	-77.5	JM	20251010164500	https://www.realitytea.com/2025/10/10/rhop-wendy-eddie-osefo-arrested-fraud/
1267918197	20251010	202510	2025	2025.7671	JAM	KINGSTON	JAM								CVL	CITIZEN						CVL			1	036	036	03	1	4.0	10	1	10	1.42857142857143	0								0								0								20251010164500	https://www.dailyfreeman.com/2025/10/10/sawkill-senior-citizens-meet-oct-13-at-kingston-town-hall/
1267918198	20251010	202510	2025	2025.7671	JEW	JEWISH				JEW															1	120	120	12	3	-4.0	10	1	10	-2.93609671848014	4	Gaza, Israel (general), Israel	IS	IS00	18315	31.4167	34.3333	-797156	0								4	Gaza, Israel (general), Israel	IS	IS00	18315	31.4167	34.3333	-797156	20251010164500	https://www.dailycal.org/news/alameda-county/alameda-county-approves-ethical-investment-policy-delays-implementation/article_10ab502a-4e1b-4c03-bc6b-e6ad93bf7373.html
1267918199	20251010	202510	2025	2025.7671	JEW	JEWISH				JEW					EUR	EUROPE	EUR								0	163	163	16	4	-8.0	10	1	10	-5.24822695035461	4	Jerusalem, Israel (general), Israel	IS	IS00	18315	31.7667	35.2333	-797092	4	Jerusalem, Israel (general), Israel	IS	IS00	18315	31.7667	35.2333	-797092	4	Jerusalem, Israel (general), Israel	IS	IS00	18315	31.7667	35.2333	-797092	20251010164500	https://www.middleeasteye.net/opinion/how-netanyahus-war-islam-fuels-antisemitism-europe
1267918200	20251010	202510	2025	2025.7671	JEW	JEWISH				JEW					USA	UNITED STATES	USA								1	040	040	04	1	1.0	2	1	2	1.64233576642336	3	Williamsburg, New York, United States	US	USNY	NY047	40.7143	-73.9535	971314	3	Williamsburg, New York, United States	US	USNY	NY047	40.7143	-73.9535	971314	3	Williamsburg, New York, United States	US	USNY	NY047	40.7143	-73.9535	971314	20251010164500	https://www.clevelandjewishnews.com/jta/why-do-we-have-to-waste-a-few-weeks-satmar-rabbi-congratulates-mamdani-during-williamsburg/article_70c86a64-eb9d-5a79-a3fa-c718d16c4f44.html
1267918201	20251010	202510	2025	2025.7671	JEWCVL	JEWISH				JEW		CVL			ISRSEP	ISRAEL	ISR					SEP			0	190	190	19	4	-10.0	4	1	4	-6.99062233589087	4	Gaza, Israel (general), Israel	IS	IS00	18315	31.4167	34.3333	-797156	4	Gaza, Israel (general), Israel	IS	IS00	18315	31.4167	34.3333	-797156	4	Gaza, Israel (general), Israel	IS	IS00	18315	31.4167	34.3333	-797156	20251010164500	https://www.hakolhayehudi.co.il/item/english/thousands_of_terrorists_to_be_released__their_names_and_crimes
1267918202	20251010	202510	2025	2025.7671	JEWCVL	JEWISH				JEW		CVL			PSESEP	PALESTINE	PSE					SEP			0	190	190	19	4	-10.0	2	1	2	-6.99062233589087	4	Gaza, Israel (general), Israel	IS	IS00	18315	31.4167	34.3333	-797156	4	Gaza, Israel (general), Israel	IS	IS00	18315	31.4167	34.3333	-797156	4	Gaza, Israel (general), Israel	IS	IS00	18315	31.4167	34.3333	-797156	20251010164500	https://www.hakolhayehudi.co.il/item/english/thousands_of_terrorists_to_be_released__their_names_and_crimes
1267918203	20251010	202510	2025	2025.7671	JEWHSD020	SATMAR				JEW	HSD														1	051	051	05	1	3.4	2	1	2	1.64233576642336	3	Williamsburg, New York, United States	US	USNY	NY047	40.7143	-73.9535	971314	0								3	Williamsburg, New York, United States	US	USNY	NY047	40.7143	-73.9535	971314	20251010164500	https://www.clevelandjewishnews.com/jta/why-do-we-have-to-waste-a-few-weeks-satmar-rabbi-congratulates-mamdani-during-williamsburg/article_70c86a64-eb9d-5a79-a3fa-c718d16c4f44.html
1267918204	20251010	202510	2025	2025.7671	JEWHSD020	SATMAR				JEW	HSD				JEW	JEWISH				JEW					0	051	051	05	1	3.4	2	1	2	1.64233576642336	3	Williamsburg, New York, United States	US	USNY	NY047	40.7143	-73.9535	971314	3	Williamsburg, New York, United States	US	USNY	NY047	40.7143	-73.9535	971314	3	Williamsburg, New York, United States	US	USNY	NY047	40.7143	-73.9535	971314	20251010164500	https://www.clevelandjewishnews.com/jta/why-do-we-have-to-waste-a-few-weeks-satmar-rabbi-congratulates-mamdani-during-williamsburg/article_70c86a64-eb9d-5a79-a3fa-c718d16c4f44.html
1267918205	20251010	202510	2025	2025.7671	JEWHSD020	SATMAR				JEW	HSD				USA	UNITED STATES	USA								1	051	051	05	1	3.4	16	1	8	1.64233576642336	3	Williamsburg, New York, United States	US	USNY	NY047	40.7143	-73.9535	971314	3	Williamsburg, New York, United States	US	USNY	NY047	40.7143	-73.9535	971314	3	Williamsburg, New York, United States	US	USNY	NY047	40.7143	-73.9535	971314	20251010164500	https://www.clevelandjewishnews.com/jta/why-do-we-have-to-waste-a-few-weeks-satmar-rabbi-congratulates-mamdani-during-williamsburg/article_70c86a64-eb9d-5a79-a3fa-c718d16c4f44.html
1267918206	20251010	202510	2025	2025.7671	JOR	JORDAN	JOR								EGY	EGYPT	EGY								1	043	043	04	1	2.8	8	1	8	-0.47619047619047	1	Jordan	JO	JO		31	36	JO	1	Egypt	EG	EG		27	30	EG	1	Jordan	JO	JO		31	36	JO	20251010164500	https://www.middleeasteye.net/live-blog/live-blog-update/un-official-says-scaled-aid-deliveries-gaza-begin-sunday
1267918207	20251010	202510	2025	2025.7671	JOR	JORDAN	JOR								EGY	EGYPT	EGY								1	043	043	04	1	2.8	2	1	2	-0.47619047619047	1	Jordan	JO	JO		31	36	JO	1	Jordan	JO	JO		31	36	JO	1	Jordan	JO	JO		31	36	JO	20251010164500	https://www.middleeasteye.net/live-blog/live-blog-update/un-official-says-scaled-aid-deliveries-gaza-begin-sunday
1267918208	20251010	202510	2025	2025.7671	JOR	JORDAN	JOR								RWA	RWANDA	RWA								1	050	050	05	1	3.5	2	1	2	4.41767068273092	4	Kigali, (RW09), Rwanda	RW	RW09	21996	-1.95361	30.0606	-2181358	4	Kigali, (RW09), Rwanda	RW	RW09	21996	-1.95361	30.0606	-2181358	4	Kigali, (RW09), Rwanda	RW	RW09	21996	-1.95361	30.0606	-2181358	20251010164500	http://www.rnanews.com/rwanda-and-jordan-sign-memoranda-of-understanding-to-enhance-cooperation/
1267918209	20251010	202510	2025	2025.7671	JOR	JORDAN	JOR								RWA	RWANDA	RWA								1	050	050	05	1	3.5	8	1	8	4.41767068273092	1	Jordan	JO	JO		31	36	JO	4	Kigali, (RW09), Rwanda	RW	RW09	21996	-1.95361	30.0606	-2181358	4	Kigali, (RW09), Rwanda	RW	RW09	21996	-1.95361	30.0606	-2181358	20251010164500	http://www.rnanews.com/rwanda-and-jordan-sign-memoranda-of-understanding-to-enhance-cooperation/
1267918210	20251010	202510	2025	2025.7671	JOR	JORDAN	JOR								RWA	RWANDA	RWA								1	057	057	05	1	8.0	2	1	2	4.41767068273092	4	Kigali, (RW09), Rwanda	RW	RW09	21996	-1.95361	30.0606	-2181358	4	Kigali, (RW09), Rwanda	RW	RW09	21996	-1.95361	30.0606	-2181358	1	Jordan	JO	JO		31	36	JO	20251010164500	http://www.rnanews.com/rwanda-and-jordan-sign-memoranda-of-understanding-to-enhance-cooperation/
1267918211	20251010	202510	2025	2025.7671	JOR	JORDAN	JOR								RWA	RWANDA	RWA								1	057	057	05	1	8.0	8	1	8	4.41767068273092	1	Jordan	JO	JO		31	36	JO	4	Kigali, (RW09), Rwanda	RW	RW09	21996	-1.95361	30.0606	-2181358	1	Jordan	JO	JO		31	36	JO	20251010164500	http://www.rnanews.com/rwanda-and-jordan-sign-memoranda-of-understanding-to-enhance-cooperation/
1267918212	20251010	202510	2025	2025.7671	JPN	TOKYO	JPN								BUS	COMPANY						BUS			1	010	010	01	1	0.0	8	1	8	5.13595166163142	4	Tokyo, Tokyo, Japan	JA	JA40	36340	35.685	139.751	-246227	4	Tokyo, Tokyo, Japan	JA	JA40	36340	35.685	139.751	-246227	4	Tokyo, Tokyo, Japan	JA	JA40	36340	35.685	139.751	-246227	20251010164500	https://www.finanznachrichten.de/nachrichten-2025-10/66669216-honda-motor-co-ltd-honda-issues-integrated-report-honda-report-2025-011.htm
1267918213	20251010	202510	2025	2025.7671	JUD	PROSECUTOR						JUD													0	010	010	01	1	0.0	6	1	6	-7.45033112582781	4	Gaza, Israel (general), Israel	IS	IS00	18315	31.4167	34.3333	-797156	0								4	Gaza, Israel (general), Israel	IS	IS00	18315	31.4167	34.3333	-797156	20251010164500	https://www.ynetnews.com/article/bknmitl6eg
1267918214	20251010	202510	2025	2025.7671	JUD	PROSECUTOR						JUD													0	014	014	01	1	0.0	1	1	1	-7.45033112582781	1	Spain	SP	SP		40	-4	SP	0								4	Gaza, Israel (general), Israel	IS	IS00	18315	31.4167	34.3333	-797156	20251010164500	https://www.ynetnews.com/article/bknmitl6eg
1267918215	20251010	202510	2025	2025.7671	JUD	PROSECUTOR						JUD													0	014	014	01	1	0.0	1	1	1	-7.45033112582781	1	Spain	SP	SP		40	-4	SP	0								1	Spain	SP	SP		40	-4	SP	20251010164500	https://www.ynetnews.com/article/bknmitl6eg
1267918216	20251010	202510	2025	2025.7671	JUD	COUNSEL						JUD													1	020	020	02	1	3.0	6	1	6	-10.3286384976526	4	Abuja, Abuja Federal Capital Territory, Nigeria	NI	NI11	191147	9.08333	7.53333	-1997013	0								4	Abuja, Abuja Federal Capital Territory, Nigeria	NI	NI11	191147	9.08333	7.53333	-1997013	20251010164500	https://dailypost.ng/2025/10/10/efcc-arraigns-former-nsitf-chair-ngozi-olejeme-over-alleged-%E2%82%A61bn-fraud/
1267918217	20251010	202510	2025	2025.7671	JUD	COUNSEL						JUD													1	020	020	02	1	3.0	4	1	4	-10.3286384976526	4	Abuja, Abuja Federal Capital Territory, Nigeria	NI	NI11	191147	9.08333	7.53333	-1997013	0								4	Maitama, Nigeria (general), Nigeria	NI	NI00	191147	9.10306	7.49444	-2018513	20251010164500	https://dailypost.ng/2025/10/10/efcc-arraigns-former-nsitf-chair-ngozi-olejeme-over-alleged-%E2%82%A61bn-fraud/
1267918218	20251010	202510	2025	2025.7671	JUD	SUPREME COURT						JUD													1	040	040	04	1	1.0	10	1	10	-2.91777188328912	2	New Mexico, United States	US	USNM		34.8375	-106.237	NM	0								2	New Mexico, United States	US	USNM		34.8375	-106.237	NM	20251010164500	https://finance.yahoo.com/news/got-letter-supreme-court-scam-160300695.html
1267918219	20251010	202510	2025	2025.7671	JUD	APPEALS COURT						JUD													1	051	051	05	1	3.4	10	1	10	-7.93650793650793	3	City Of Minneapolis, Minnesota, United States	US	USMN	MN053	44.9625	-93.2673	2395345	0								3	City Of Minneapolis, Minnesota, United States	US	USMN		44.9625	-93.2673	2395345	20251010164500	https://www.workerscompensation.com/daily-headlines/could-officer-with-ptsd-capture-extra-30-penalty-from-employer/
1267918220	20251010	202510	2025	2025.7671	JUD	COUNSEL						JUD													1	084	084	08	2	7.0	6	1	6	-2.99539170506913	4	Ashanti, Ghana (general), Ghana	GH	GH00	190727	6.91428	0.536667	-2069925	0								4	Ashanti, Ghana (general), Ghana	GH	GH00	190727	6.91428	0.536667	-2069925	20251010164500	https://www.ghanaweb.com/GhanaHomePage/NewsArchive/Chairman-Wontumi-released-after-meeting-bail-conditions-2004557
1267918221	20251010	202510	2025	2025.7671	JUD	JUDGE						JUD													1	100	100	10	3	-5.0	4	1	4	-1.68350168350168	1	Argentina	AR	AR		-34	-64	AR	0								1	Argentina	AR	AR		-34	-64	AR	20251010164500	https://capitolfax.com/2025/10/10/isabel%E2%80%99s-morning-briefing-609/
1267918222	20251010	202510	2025	2025.7671	JUD	HIGH COURT						JUD													0	110	110	11	3	-2.0	6	1	6	-9.81735159817347	4	Dubai, Dubayy, United Arab Emirates	AE	AE03	28575	25.2522	55.28	-782831	0								4	Dubai, Dubayy, United Arab Emirates	AE	AE03	28575	25.2522	55.28	-782831	20251010164500	https://www.freepressjournal.in/mumbai/bombay-hc-dismisses-nawazuddin-siddiquis-100-crore-defamation-suit-against-brother-estranged-wife
1267918223	20251010	202510	2025	2025.7671	JUD	ADVOCATE						JUD													1	120	120	12	3	-4.0	3	1	3	-2.27272727272727	2	Wyoming, United States	US	USWY		42.7475	-107.209	WY	0								2	Wyoming, United States	US	USWY		42.7475	-107.209	WY	20251010164500	https://lavendermagazine.com/big-gay-news/bgn-topheadlines/wyoming-library-director-wins-700000-after-being-fired-for-defending-lgbtq-books/
1267918224	20251010	202510	2025	2025.7671	JUD	FEDERAL COURT						JUD			BUS	BUSINESS						BUS			1	128	128	12	3	-5.0	10	1	10	-10.377358490566	1	Australia	AS	AS		-25	135	AS	1	Australia	AS	AS		-25	135	AS	1	Australia	AS	AS		-25	135	AS	20251010164500	https://natlawreview.com/article/australian-clinical-labs-fined-au58-million-2022-medlab-data-breach-australian
1267918225	20251010	202510	2025	2025.7671	JUD	LAWYER						JUD			CHN	CHINESE	CHN								1	020	020	02	1	3.0	8	1	8	3.57142857142857	4	Kumasi, Ashanti, Ghana	GH	GH02	190720	6.68333	-1.61667	-2075172	4	Kumasi, Ashanti, Ghana	GH	GH02	190720	6.68333	-1.61667	-2075172	4	Kumasi, Ashanti, Ghana	GH	GH02	190720	6.68333	-1.61667	-2075172	20251010164500	https://www.ghanaweb.com/GhanaHomePage/NewsArchive/Meet-Paul-Chen-Chinese-national-called-to-the-Ghana-Bar-in-2025-2004564
1267918226	20251010	202510	2025	2025.7671	JUD	LAWYER						JUD			CHN	CHINESE	CHN								1	020	020	02	1	3.0	2	1	2	3.57142857142857	1	China	CH	CH		35	105	CH	1	China	CH	CH		35	105	CH	1	China	CH	CH		35	105	CH	20251010164500	https://www.ghanaweb.com/GhanaHomePage/NewsArchive/Meet-Paul-Chen-Chinese-national-called-to-the-Ghana-Bar-in-2025-2004564
1267918227	20251010	202510	2025	2025.7671	JUD	COUNSEL						JUD			CVL	HUNTER						CVL			0	016	016	01	1	-2.0	3	1	3	-10.3510351035103	3	White House, District of Columbia, United States	US	USDC		38.8951	-77.0364	531871	3	White House, District of Columbia, United States	US	USDC		38.8951	-77.0364	531871	3	White House, District of Columbia, United States	US	USDC		38.8951	-77.0364	531871	20251010164500	https://globalnews.ca/news/11473387/trump-comey-trial-analysis/
1267918228	20251010	202510	2025	2025.7671	JUD	HIGH COURT						JUD			ELI	ACTOR						ELI			1	110	110	11	3	-2.0	4	1	4	-9.81735159817347	4	Dubai, Dubayy, United Arab Emirates	AE	AE03	28575	25.2522	55.28	-782831	4	Dubai, Dubayy, United Arab Emirates	AE	AE03	28575	25.2522	55.28	-782831	4	Dubai, Dubayy, United Arab Emirates	AE	AE03	28575	25.2522	55.28	-782831	20251010164500	https://www.freepressjournal.in/mumbai/bombay-hc-dismisses-nawazuddin-siddiquis-100-crore-defamation-suit-against-brother-estranged-wife
1267918229	20251010	202510	2025	2025.7671	JUD	COUNSEL						JUD			GHA	GHANA	GHA								1	084	084	08	2	7.0	4	1	4	-2.99539170506913	4	Ashanti, Ghana (general), Ghana	GH	GH00	190727	6.91428	0.536667	-2069925	4	Ashanti, Ghana (general), Ghana	GH	GH00	190727	6.91428	0.536667	-2069925	4	Ashanti, Ghana (general), Ghana	GH	GH00	190727	6.91428	0.536667	-2069925	20251010164500	https://www.ghanaweb.com/GhanaHomePage/NewsArchive/Chairman-Wontumi-released-after-meeting-bail-conditions-2004557
1267918230	20251010	202510	2025	2025.7671	JUD	FEDERAL JUDGE						JUD			GOV	ADMINISTRATION						GOV			0	090	090	09	2	-2.0	10	1	10	-6.48351648351648	2	Colorado, United States	US	USCO		39.0646	-105.327	CO	2	Colorado, United States	US	USCO		39.0646	-105.327	CO	2	Colorado, United States	US	USCO		39.0646	-105.327	CO	20251010164500	https://www.durangoherald.com/articles/aclu-colorado-law-firms-sue-ice-to-stop-indiscriminate-arrests-and-detentions/
1267918231	20251010	202510	2025	2025.7671	JUD	JUDGE						JUD			GOV	ADMINISTRATION						GOV			1	112	112	11	3	-2.0	1	1	1	-2.22222222222222	2	Illinois, United States	US	USIL		40.3363	-89.0022	IL	2	Illinois, United States	US	USIL		40.3363	-89.0022	IL	2	Illinois, United States	US	USIL		40.3363	-89.0022	IL	20251010164500	https://www.sacurrent.com/news/texas-news/federal-judge-blocks-trumps-deployment-of-texas-national-guard-troops/
1267918232	20251010	202510	2025	2025.7671	JUD	PROSECUTOR						JUD			ISR	ISRAEL	ISR								0	014	014	01	1	0.0	3	1	3	-7.45033112582781	4	Gaza, Israel (general), Israel	IS	IS00	18315	31.4167	34.3333	-797156	4	Gaza, Israel (general), Israel	IS	IS00	18315	31.4167	34.3333	-797156	4	Gaza, Israel (general), Israel	IS	IS00	18315	31.4167	34.3333	-797156	20251010164500	https://www.ynetnews.com/article/bknmitl6eg
1267918233	20251010	202510	2025	2025.7671	JUD	PROSECUTOR						JUD			ISR	ISRAEL	ISR								0	014	014	01	1	0.0	1	1	1	-7.45033112582781	1	Spain	SP	SP		40	-4	SP	4	Gaza, Israel (general), Israel	IS	IS00	18315	31.4167	34.3333	-797156	4	Gaza, Israel (general), Israel	IS	IS00	18315	31.4167	34.3333	-797156	20251010164500	https://www.ynetnews.com/article/bknmitl6eg
1267918234	20251010	202510	2025	2025.7671	JUD	PROSECUTOR						JUD			ISR	ISRAEL	ISR								0	014	014	01	1	0.0	1	1	1	-7.45033112582781	1	Spain	SP	SP		40	-4	SP	1	Spain	SP	SP		40	-4	SP	1	Spain	SP	SP		40	-4	SP	20251010164500	https://www.ynetnews.com/article/bknmitl6eg
1267918235	20251010	202510	2025	2025.7671	JUD	ATTORNEY						JUD			ISR	ISRAEL	ISR								1	042	042	04	1	1.9	3	1	3	-7.45033112582781	4	Gaza, Israel (general), Israel	IS	IS00	18315	31.4167	34.3333	-797156	4	Gaza, Israel (general), Israel	IS	IS00	18315	31.4167	34.3333	-797156	4	Gaza, Israel (general), Israel	IS	IS00	18315	31.4167	34.3333	-797156	20251010164500	https://www.ynetnews.com/article/bknmitl6eg
1267918236	20251010	202510	2025	2025.7671	JUD	PROSECUTOR						JUD			ISR	ISRAEL	ISR								0	128	128	12	3	-5.0	3	1	3	-7.45033112582781	4	Gaza, Israel (general), Israel	IS	IS00	18315	31.4167	34.3333	-797156	4	Gaza, Israel (general), Israel	IS	IS00	18315	31.4167	34.3333	-797156	4	Gaza, Israel (general), Israel	IS	IS00	18315	31.4167	34.3333	-797156	20251010164500	https://www.ynetnews.com/article/bknmitl6eg
1267918237	20251010	202510	2025	2025.7671	JUD	PROSECUTOR						JUD			ISR	ISRAEL	ISR								0	128	128	12	3	-5.0	1	1	1	-7.45033112582781	1	Spain	SP	SP		40	-4	SP	4	Gaza, Israel (general), Israel	IS	IS00	18315	31.4167	34.3333	-797156	4	Gaza, Israel (general), Israel	IS	IS00	18315	31.4167	34.3333	-797156	20251010164500	https://www.ynetnews.com/article/bknmitl6eg
1267918238	20251010	202510	2025	2025.7671	JUD	PROSECUTOR						JUD			ISR	ISRAEL	ISR								0	128	128	12	3	-5.0	1	1	1	-7.45033112582781	1	Spain	SP	SP		40	-4	SP	1	Spain	SP	SP		40	-4	SP	1	Spain	SP	SP		40	-4	SP	20251010164500	https://www.ynetnews.com/article/bknmitl6eg
1267918239	20251010	202510	2025	2025.7671	JUD	ATTORNEY						JUD			ISR	ISRAEL	ISR								1	174	174	17	4	-5.0	3	1	3	-7.45033112582781	4	Gaza, Israel (general), Israel	IS	IS00	18315	31.4167	34.3333	-797156	4	Gaza, Israel (general), Israel	IS	IS00	18315	31.4167	34.3333	-797156	4	Gaza, Israel (general), Israel	IS	IS00	18315	31.4167	34.3333	-797156	20251010164500	https://www.ynetnews.com/article/bknmitl6eg
1267918240	20251010	202510	2025	2025.7671	JUD	JUDGE						JUD			PHLELI	PHILIPPINE	PHL					ELI			1	084	084	08	2	7.0	10	1	10	0	0								0								0								20251010164500	https://www.ctvnews.ca/world/article/icc-judges-decline-to-release-former-philippine-president-rodrigo-duterte-citing-flight-risk/
1267918241	20251010	202510	2025	2025.7671	JUD	JUDGE						JUD			PHLELI	PHILIPPINE	PHL					ELI			1	120	120	12	3	-4.0	10	1	10	0	0								0								0								20251010164500	https://www.ctvnews.ca/world/article/icc-judges-decline-to-release-former-philippine-president-rodrigo-duterte-citing-flight-risk/
1267918242	20251010	202510	2025	2025.7671	JUD	ADVOCATE						JUD			PSEREB	HAMAS	PSE					REB			1	020	020	02	1	3.0	6	1	6	-2.73775216138328	4	Gaza, Israel (general), Israel	IS	IS00	18315	31.4167	34.3333	-797156	4	Gaza, Israel (general), Israel	IS	IS00	18315	31.4167	34.3333	-797156	4	Gaza, Israel (general), Israel	IS	IS00	18315	31.4167	34.3333	-797156	20251010164500	https://www.theguardian.com/commentisfree/2025/oct/10/donald-trump-gaza-us-benjamin-netanyahu-israel
1267918243	20251010	202510	2025	2025.7671	JUD	LAWYER						JUD			USA	UNITED STATES	USA								1	010	010	01	1	0.0	2	1	2	-6.2402496099844	3	Berwyn, Illinois, United States	US	USIL	IL031	41.8506	-87.7937	404233	3	Dekalb County, Illinois, United States	US	USIL		41.9167	-88.7504	422190	3	Chicago, Illinois, United States	US	USIL	IL031	41.85	-87.6501	423587	20251010164500	https://www.gpb.org/news/2025/10/10/georgia-school-chief-indicted-for-alleged-kickback-scheme-in-illinois-school
1267918244	20251010	202510	2025	2025.7671	JUD	ATTORNEY						JUD			USA	ILLINOIS	USA								0	112	112	11	3	-2.0	3	1	3	-1.68350168350168	2	Illinois, United States	US	USIL		40.3363	-89.0022	IL	2	Illinois, United States	US	USIL		40.3363	-89.0022	IL	2	Illinois, United States	US	USIL		40.3363	-89.0022	IL	20251010164500	https://capitolfax.com/2025/10/10/isabel%E2%80%99s-morning-briefing-609/
1267918245	20251010	202510	2025	2025.7671	JUD	FEDERAL JUDGE						JUD			USA	TEXAS	USA								1	154	154	15	4	-7.2	2	1	2	-2.22222222222222	2	Texas, United States	US	USTX		31.106	-97.6475	TX	2	Texas, United States	US	USTX		31.106	-97.6475	TX	2	Texas, United States	US	USTX		31.106	-97.6475	TX	20251010164500	https://www.sacurrent.com/news/texas-news/federal-judge-blocks-trumps-deployment-of-texas-national-guard-troops/
1267918246	20251010	202510	2025	2025.7671	JUD	JUDGE						JUD			USAMIL	OREGON	USA					MIL			1	154	154	15	4	-7.2	6	1	6	-3.33333333333333	3	Portland, Oregon, United States	US	USOR	OR051	45.5235	-122.676	1136645	3	Portland, Oregon, United States	US	USOR	OR051	45.5235	-122.676	1136645	3	Portland, Oregon, United States	US	USOR	OR051	45.5235	-122.676	1136645	20251010164500	https://www.washtimesherald.com/news/national_news/aptopix-national-guard-oregon/image_4f935501-7472-5408-8f45-2e20a267d20a.html
1267918247	20251010	202510	2025	2025.7671	KEN	KENYA	KEN																		0	012	012	01	1	-0.4	4	1	4	-2.42468772961058	4	Nairobi, Nairobi Area, Kenya	KE	KE05	18585	-1.28333	36.8167	-2258072	0								4	Nairobi, Nairobi Area, Kenya	KE	KE05	18585	-1.28333	36.8167	-2258072	20251010164500	https://www.nzherald.co.nz/nz/christchurch-cold-case-samuel-njuguna-who-fled-to-kenya-yet-to-be-found-after-2009-murder/SMV2O26DCFA7RLH2RKNTA3NBSQ/
1267918248	20251010	202510	2025	2025.7671	KEN	KENYA	KEN																		0	080	080	08	2	5.0	4	1	4	-2.42468772961058	4	Nairobi, Nairobi Area, Kenya	KE	KE05	18585	-1.28333	36.8167	-2258072	0								4	Nairobi, Nairobi Area, Kenya	KE	KE05	18585	-1.28333	36.8167	-2258072	20251010164500	https://www.nzherald.co.nz/nz/christchurch-cold-case-samuel-njuguna-who-fled-to-kenya-yet-to-be-found-after-2009-murder/SMV2O26DCFA7RLH2RKNTA3NBSQ/
1267918249	20251010	202510	2025	2025.7671	KEN	KENYA	KEN																		0	173	173	17	4	-5.0	4	1	4	-2.42468772961058	4	Nairobi, Nairobi Area, Kenya	KE	KE05	18585	-1.28333	36.8167	-2258072	0								4	Nairobi, Nairobi Area, Kenya	KE	KE05	18585	-1.28333	36.8167	-2258072	20251010164500	https://www.nzherald.co.nz/nz/christchurch-cold-case-samuel-njuguna-who-fled-to-kenya-yet-to-be-found-after-2009-murder/SMV2O26DCFA7RLH2RKNTA3NBSQ/
1267918250	20251010	202510	2025	2025.7671	KEN	KENYA	KEN																		1	190	190	19	4	-10.0	4	1	4	-2.42468772961058	4	Nairobi, Nairobi Area, Kenya	KE	KE05	18585	-1.28333	36.8167	-2258072	0								4	Nairobi, Nairobi Area, Kenya	KE	KE05	18585	-1.28333	36.8167	-2258072	20251010164500	https://www.nzherald.co.nz/nz/christchurch-cold-case-samuel-njuguna-who-fled-to-kenya-yet-to-be-found-after-2009-murder/SMV2O26DCFA7RLH2RKNTA3NBSQ/
1267918251	20251010	202510	2025	2025.7671	KEN	KENYA	KEN								COP	POLICE						COP			0	090	090	09	2	-2.0	4	1	4	-2.42468772961058	4	Nairobi, Nairobi Area, Kenya	KE	KE05	18585	-1.28333	36.8167	-2258072	4	Nairobi, Nairobi Area, Kenya	KE	KE05	18585	-1.28333	36.8167	-2258072	4	Nairobi, Nairobi Area, Kenya	KE	KE05	18585	-1.28333	36.8167	-2258072	20251010164500	https://www.nzherald.co.nz/nz/christchurch-cold-case-samuel-njuguna-who-fled-to-kenya-yet-to-be-found-after-2009-murder/SMV2O26DCFA7RLH2RKNTA3NBSQ/
1267918252	20251010	202510	2025	2025.7671	KEN	KENYA	KEN								GOV	AUTHORITIES						GOV			0	043	043	04	1	2.8	10	1	10	-2.42468772961058	4	Nairobi, Nairobi Area, Kenya	KE	KE05	18585	-1.28333	36.8167	-2258072	4	Nairobi, Nairobi Area, Kenya	KE	KE05	18585	-1.28333	36.8167	-2258072	4	Nairobi, Nairobi Area, Kenya	KE	KE05	18585	-1.28333	36.8167	-2258072	20251010164500	https://www.nzherald.co.nz/nz/christchurch-cold-case-samuel-njuguna-who-fled-to-kenya-yet-to-be-found-after-2009-murder/SMV2O26DCFA7RLH2RKNTA3NBSQ/
1267918253	20251010	202510	2025	2025.7671	KEN	KENYA	KEN								NZL	CHRISTCHURCH	NZL								1	190	190	19	4	-10.0	4	1	4	-2.42468772961058	4	Nairobi, Nairobi Area, Kenya	KE	KE05	18585	-1.28333	36.8167	-2258072	4	Nairobi, Nairobi Area, Kenya	KE	KE05	18585	-1.28333	36.8167	-2258072	4	Nairobi, Nairobi Area, Kenya	KE	KE05	18585	-1.28333	36.8167	-2258072	20251010164500	https://www.nzherald.co.nz/nz/christchurch-cold-case-samuel-njuguna-who-fled-to-kenya-yet-to-be-found-after-2009-murder/SMV2O26DCFA7RLH2RKNTA3NBSQ/
1267918254	20251010	202510	2025	2025.7671	KHM	CAMBODIA	KHM																		1	061	061	06	2	6.4	5	1	5	2.03045685279188	1	Cambodia	CB	CB		13	105	CB	0								1	Cambodia	CB	CB		13	105	CB	20251010164500	https://www.azernews.az/region/248637.html
1267918255	20251010	202510	2025	2025.7671	KOR	SOUTH KOREA	KOR								GOV	PRESIDENT						GOV			0	036	036	03	1	4.0	2	1	2	-2.49653259361998	4	Beijing, Beijing, China	CH	CH22	13001	39.9289	116.388	-1898541	4	Beijing, Beijing, China	CH	CH22	13001	39.9289	116.388	-1898541	4	Beijing, Beijing, China	CH	CH22	13001	39.9289	116.388	-1898541	20251010164500	https://wcbm.com/national-headline/trump-some-very-strange-things-are-happening-in-china/
1267918256	20251010	202510	2025	2025.7671	LAB	EMPLOYEE						LAB													1	010	010	01	1	0.0	2	1	2	-3.10880829015544	3	Hickman County, Tennessee, United States	US	USTN	TN081	35.8001	-87.4833	1639756	0								3	Hickman County, Tennessee, United States	US	USTN		35.8001	-87.4833	1639756	20251010164500	https://nypost.com/2025/10/10/us-news/19-people-missing-after-bomb-factory-explosion-in-tennessee/
1267918257	20251010	202510	2025	2025.7671	LAB	EMPLOYEE						LAB													0	060	060	06	2	6.0	10	1	10	1.03950103950104	2	California, United States	US	USCA		36.17	-119.746	CA	0								2	California, United States	US	USCA		36.17	-119.746	CA	20251010164500	https://natlawreview.com/article/navigating-disability-accommodations-higher-education-processes-distinctions-and
1267918258	20251010	202510	2025	2025.7671	LAB	WORKER						LAB			BUS	COMPANY						BUS			0	014	014	01	1	0.0	6	1	6	-6.64993726474279	2	Arizona, United States	US	USAZ		33.7712	-111.388	AZ	2	Arizona, United States	US	USAZ		33.7712	-111.388	AZ	2	Arizona, United States	US	USAZ		33.7712	-111.388	AZ	20251010164500	https://www.workerscompensation.com/daily-headlines/arrest-made-in-bear-spray-attack-on-worker/
1267918259	20251010	202510	2025	2025.7671	LAB	WORKER						LAB			BUS	COMPANY						BUS			0	014	014	01	1	0.0	4	1	4	-6.64993726474279	2	Arizona, United States	US	USAZ		33.7712	-111.388	AZ	2	California, United States	US	USCA		36.17	-119.746	CA	2	California, United States	US	USCA		36.17	-119.746	CA	20251010164500	https://www.workerscompensation.com/daily-headlines/arrest-made-in-bear-spray-attack-on-worker/
1267918260	20251010	202510	2025	2025.7671	LAB	WORKER						LAB			USA	UNITED STATES	USA								0	042	042	04	1	1.9	4	1	4	-6.64993726474279	2	California, United States	US	USCA		36.17	-119.746	CA	2	California, United States	US	USCA		36.17	-119.746	CA	2	California, United States	US	USCA		36.17	-119.746	CA	20251010164500	https://www.workerscompensation.com/daily-headlines/arrest-made-in-bear-spray-attack-on-worker/
1267918261	20251010	202510	2025	2025.7671	LBN	LEBANON	LBN								USAGOVDEV	USAID	USA					GOV	DEV		1	051	051	05	1	3.4	2	1	2	-0.94339622641509	1	United Arab Emirates	AE	AE		24	54	AE	1	United States	US	US		39.828175	-98.5795	US	1	United States	US	US		39.828175	-98.5795	US	20251010164500	https://www.penbaypilot.com:443/article/midcoast-local-reflects-three-years-living-middle-east/263395
1267918262	20251010	202510	2025	2025.7671	LBN	LEBANON	LBN								USAGOVDEV	USAID	USA					GOV	DEV		1	051	051	05	1	3.4	6	1	6	-0.94339622641509	1	Lebanon	LE	LE		33.833333	35.833333	LE	1	Ukraine	UP	UP		49	32	UP	1	Ukraine	UP	UP		49	32	UP	20251010164500	https://www.penbaypilot.com:443/article/midcoast-local-reflects-three-years-living-middle-east/263395
1267918263	20251010	202510	2025	2025.7671	LBN	LEBANON	LBN								USAGOVDEV	USAID	USA					GOV	DEV		1	051	051	05	1	3.4	2	1	2	-0.94339622641509	1	Syria	SY	SY		35	38	SY	1	Ukraine	UP	UP		49	32	UP	1	Ukraine	UP	UP		49	32	UP	20251010164500	https://www.penbaypilot.com:443/article/midcoast-local-reflects-three-years-living-middle-east/263395
1267918264	20251010	202510	2025	2025.7671	LCA	SAINT LUCIA	LCA								GOV	GOVERNOR						GOV			1	042	042	04	1	1.9	4	1	4	4.12087912087913	1	Belize	BH	BH		17.25	-88.75	BH	1	Belize	BH	BH		17.25	-88.75	BH	1	Belize	BH	BH		17.25	-88.75	BH	20251010164500	https://focustaiwan.tw:443/politics/202510100018
1267918265	20251010	202510	2025	2025.7671	LCA	SAINT LUCIA	LCA								GOV	GOVERNOR						GOV			1	042	042	04	1	1.9	12	1	12	4.12087912087913	1	Saint Lucia	ST	ST		13.883333	-60.966667	ST	1	Belize	BH	BH		17.25	-88.75	BH	1	Belize	BH	BH		17.25	-88.75	BH	20251010164500	https://focustaiwan.tw:443/politics/202510100018
1267918266	20251010	202510	2025	2025.7671	LEG	PARLIAMENT						LEG													1	010	010	01	1	0.0	6	1	6	-3.51906158357771	4	Paris, France (general), France	FR	FR00	16282	48.8667	2.33333	-1456928	0								4	Paris, France (general), France	FR	FR00	16282	48.8667	2.33333	-1456928	20251010164500	https://www.marketscreener.com/news/france-s-macron-won-t-appoint-a-left-wing-pm-angry-leftist-leaders-say-ce7d5adade80f426
1267918267	20251010	202510	2025	2025.7671	LEG	MEMBER OF PARLIAMENT						LEG													1	010	010	01	1	0.0	6	1	6	5.99078341013825	4	Ashaiman, Ghana (general), Ghana	GH	GH00	190724	5.69951	-0.034844	-2069921	0								4	Ashaiman, Ghana (general), Ghana	GH	GH00	190724	5.69951	-0.034844	-2069921	20251010164500	https://gna.org.gh/2025/10/over-100-community-police-fire-service-assistants-inaugurated-in-ashaiman/
1267918268	20251010	202510	2025	2025.7671	LEG	LAWMAKER						LEG													0	010	010	01	1	0.0	1	1	1	-1.55925155925155	2	Virginia, United States	US	USVA		37.768	-78.2057	VA	0								2	Virginia, United States	US	USVA		37.768	-78.2057	VA	20251010164500	https://dailyprogress.com/news/state-regional/government-politics/article_e7752c90-9555-5e8f-9c7b-7d31f78e68d9.html
1267918269	20251010	202510	2025	2025.7671	LEG	REPRESENTATIVES						LEG													1	051	051	05	1	3.4	6	1	6	5.99078341013825	4	Ashaiman, Ghana (general), Ghana	GH	GH00	190724	5.69951	-0.034844	-2069921	0								4	Ashaiman, Ghana (general), Ghana	GH	GH00	190724	5.69951	-0.034844	-2069921	20251010164500	https://gna.org.gh/2025/10/over-100-community-police-fire-service-assistants-inaugurated-in-ashaiman/
1267918270	20251010	202510	2025	2025.7671	LEG	SENATOR						LEG													0	071	071	07	2	7.4	1	1	1	-2.22222222222223	1	Russia	RS	RS		60	100	RS	0								1	Russia	RS	RS		60	100	RS	20251010164500	https://www.kyivpost.com/post/61868
1267918271	20251010	202510	2025	2025.7671	LEG	SENATOR						LEG													0	071	071	07	2	7.4	9	1	9	-2.22222222222223	1	Ukraine	UP	UP		49	32	UP	0								1	Ukraine	UP	UP		49	32	UP	20251010164500	https://www.kyivpost.com/post/61868
1267918272	20251010	202510	2025	2025.7671	LEG	PARLIAMENT						LEG			FRA	FRANCE	FRA								1	010	010	01	1	0.0	4	1	4	-3.51906158357771	4	Paris, France (general), France	FR	FR00	16282	48.8667	2.33333	-1456928	4	Paris, France (general), France	FR	FR00	16282	48.8667	2.33333	-1456928	4	Paris, France (general), France	FR	FR00	16282	48.8667	2.33333	-1456928	20251010164500	https://www.marketscreener.com/news/france-s-macron-won-t-appoint-a-left-wing-pm-angry-leftist-leaders-say-ce7d5adade80f426
1267918273	20251010	202510	2025	2025.7671	LEG	DELEGATE						LEG			GBRGOV	UNITED KINGDOM	GBR					GOV			0	125	125	12	3	-5.0	10	1	10	1.1943539630836	4	London, London, City of, United Kingdom	UK	UKH9	40110	51.5	-0.116667	-2601889	4	London, London, City of, United Kingdom	UK	UKH9	40110	51.5	-0.116667	-2601889	4	London, London, City of, United Kingdom	UK	UKH9	40110	51.5	-0.116667	-2601889	20251010164500	https://www.icaew.com/insights/viewpoints-on-the-news/2025/oct-2025/how-should-the-uk-rethink-regulation-to-support-growth
1267918274	20251010	202510	2025	2025.7671	LEG	MEMBER OF PARLIAMENT						LEG			GHA	GHANA	GHA								1	010	010	01	1	0.0	2	1	2	5.99078341013825	4	Ashaiman, Ghana (general), Ghana	GH	GH00	190724	5.69951	-0.034844	-2069921	4	Ashaiman, Ghana (general), Ghana	GH	GH00	190724	5.69951	-0.034844	-2069921	4	Ashaiman, Ghana (general), Ghana	GH	GH00	190724	5.69951	-0.034844	-2069921	20251010164500	https://gna.org.gh/2025/10/over-100-community-police-fire-service-assistants-inaugurated-in-ashaiman/
1267918275	20251010	202510	2025	2025.7671	LEG	MEMBER OF PARLIAMENT						LEG			GHA	GHANA	GHA								1	051	051	05	1	3.4	4	1	4	5.99078341013825	4	Ashaiman, Ghana (general), Ghana	GH	GH00	190724	5.69951	-0.034844	-2069921	4	Ashaiman, Ghana (general), Ghana	GH	GH00	190724	5.69951	-0.034844	-2069921	4	Ashaiman, Ghana (general), Ghana	GH	GH00	190724	5.69951	-0.034844	-2069921	20251010164500	https://gna.org.gh/2025/10/over-100-community-police-fire-service-assistants-inaugurated-in-ashaiman/
1267918276	20251010	202510	2025	2025.7671	LEG	MEMBER OF PARLIAMENT						LEG			GHA	GHANA	GHA								1	051	051	05	1	3.4	1	1	1	0.98039215686275	4	Kumasi, Ashanti, Ghana	GH	GH02	190720	6.68333	-1.61667	-2075172	4	Kumasi, Ashanti, Ghana	GH	GH02	190720	6.68333	-1.61667	-2075172	4	Kumasi, Ashanti, Ghana	GH	GH02	190720	6.68333	-1.61667	-2075172	20251010164500	https://www.ghanaweb.com/GhanaHomePage/NewsArchive/Increasing-age-limit-for-GAF-recruitment-will-affect-productivity-Dr-Forkuo-Kwarteng-2004573
1267918277	20251010	202510	2025	2025.7671	LEG	MEMBER OF PARLIAMENT						LEG			GOV	GOVERNMENT						GOV			1	010	010	01	1	0.0	3	1	3	5.99078341013825	4	Ashaiman, Ghana (general), Ghana	GH	GH00	190724	5.69951	-0.034844	-2069921	4	Ashaiman, Ghana (general), Ghana	GH	GH00	190724	5.69951	-0.034844	-2069921	4	Ashaiman, Ghana (general), Ghana	GH	GH00	190724	5.69951	-0.034844	-2069921	20251010164500	https://gna.org.gh/2025/10/over-100-community-police-fire-service-assistants-inaugurated-in-ashaiman/
1267918278	20251010	202510	2025	2025.7671	LEG	LAWMAKER						LEG			GOV	PRESIDENT						GOV			0	040	040	04	1	1.0	2	1	2	-1.46471371504661	3	Carroll County, Maryland, United States	US	USMD	MD013	39.5501	-77.0164	1696228	2	Maryland, United States	US	USMD		39.0724	-76.7902	MD	3	Carroll County, Maryland, United States	US	USMD		39.5501	-77.0164	1696228	20251010164500	https://wcbm.com/local-story/third-lawsuit-filed-in-transmission-saga-developers-seek-access-to-more-private-property/
1267918279	20251010	202510	2025	2025.7671	LEG	HOUSE OF REPRESENTATIVES						LEG			GOV	PRESIDENT						GOV			1	042	042	04	1	1.9	8	1	8	-1.05263157894737	2	Nevada, United States	US	USNV		38.4199	-117.122	NV	2	Nevada, United States	US	USNV		38.4199	-117.122	NV	2	Nevada, United States	US	USNV		38.4199	-117.122	NV	20251010164500	https://news3lv.com/news/local/senate-passes-national-defense-bill-provisions-nevada-test-training-range-fallout-nuclear-toxins-nttr-radiation-military
1267918280	20251010	202510	2025	2025.7671	LEG	CHAMBER						LEG			GOV	CHIEF EXECUTIVE						GOV			0	051	051	05	1	3.4	6	1	6	4.58452722063037	1	Ireland	EI	EI		53	-8	EI	1	Ireland	EI	EI		53	-8	EI	1	Ireland	EI	EI		53	-8	EI	20251010164500	https://www.impartialreporter.com/news/25533953.support-councillors-speak-irish-meetings/
1267918281	20251010	202510	2025	2025.7671	LEG	PARLIAMENT						LEG			GOV	GOVERNMENT						GOV			1	071	071	07	2	7.4	10	1	10	-5.02283105022831	1	Ghana	GH	GH		8	-2	GH	1	Ghana	GH	GH		8	-2	GH	1	Ghana	GH	GH		8	-2	GH	20251010164500	https://www.ghanaweb.com/GhanaHomePage/NewsArchive/Parliament-s-Local-Government-Committee-uncovers-misuse-of-disability-funds-across-districts-2004566
1267918282	20251010	202510	2025	2025.7671	LEG	LAWMAKER						LEG			GOVHLH	MINIST OF HEALTH						GOV	HLH		0	020	020	02	1	3.0	10	1	10	1.04166666666666	1	Norway	NO	NO		62	10	NO	1	Norway	NO	NO		62	10	NO	1	Norway	NO	NO		62	10	NO	20251010164500	https://www.radiotamazuj.org/en/news/article/youth-led-ngo-urges-passage-of-stalled-policies-to-curb-frustration
1267918283	20251010	202510	2025	2025.7671	LEG	CHAMBER						LEG			IRL	IRISH	IRL								1	014	014	01	1	0.0	10	1	10	4.58452722063037	1	Ireland	EI	EI		53	-8	EI	1	Ireland	EI	EI		53	-8	EI	1	Ireland	EI	EI		53	-8	EI	20251010164500	https://www.impartialreporter.com/news/25533953.support-councillors-speak-irish-meetings/
1267918284	20251010	202510	2025	2025.7671	LEG	CHAMBER						LEG			IRL	IRELAND	IRL								0	051	051	05	1	3.4	2	1	2	4.58452722063037	1	Ireland	EI	EI		53	-8	EI	1	Ireland	EI	EI		53	-8	EI	1	Ireland	EI	EI		53	-8	EI	20251010164500	https://www.impartialreporter.com/news/25533953.support-councillors-speak-irish-meetings/
1267918285	20251010	202510	2025	2025.7671	LEG	CHAMBER						LEG			IRLGOV	IRELAND	IRL					GOV			0	051	051	05	1	3.4	2	1	2	4.58452722063037	1	Ireland	EI	EI		53	-8	EI	1	Ireland	EI	EI		53	-8	EI	1	Ireland	EI	EI		53	-8	EI	20251010164500	https://www.impartialreporter.com/news/25533953.support-councillors-speak-irish-meetings/
1267918286	20251010	202510	2025	2025.7671	LEG	CONGRESS						LEG			OPP	ACTIVIST						OPP			0	110	110	11	3	-2.0	5	1	5	-8.2687338501292	0								0								0								20251010164500	https://www.freepressjournal.in/pune/no-minister-will-roam-freely-mvas-stern-warning-to-govt-over-jalgaon-farmer-relief
1267918287	20251010	202510	2025	2025.7671	LEG	SENATOR						LEG			UKR	UKRAINE	UKR								0	181	181	18	4	-9.0	10	1	10	-2.22222222222223	1	Ukraine	UP	UP		49	32	UP	1	Ukraine	UP	UP		49	32	UP	1	Ukraine	UP	UP		49	32	UP	20251010164500	https://www.kyivpost.com/post/61868
1267918288	20251010	202510	2025	2025.7671	LEG	GENERAL ASSEMBLY						LEG			USA	OHIO	USA								1	057	057	05	1	8.0	5	1	5	4.19580419580419	1	United States	US	US		39.828175	-98.5795	US	1	United States	US	US		39.828175	-98.5795	US	1	United States	US	US		39.828175	-98.5795	US	20251010164500	https://highlandcountypress.com/headlines/rep-peterson-votes-support-resolution-honoring-us-marine-corps-250th-anniversary
1267918289	20251010	202510	2025	2025.7671	LEG	HOUSE OF REPRESENTATIVES						LEG			USAGOV	UNITED STATES	USA					GOV			1	042	042	04	1	1.9	2	1	2	-1.05263157894737	2	Nevada, United States	US	USNV		38.4199	-117.122	NV	2	Nevada, United States	US	USNV		38.4199	-117.122	NV	2	Nevada, United States	US	USNV		38.4199	-117.122	NV	20251010164500	https://news3lv.com/news/local/senate-passes-national-defense-bill-provisions-nevada-test-training-range-fallout-nuclear-toxins-nttr-radiation-military
1267918290	20251010	202510	2025	2025.7671	LEG	GENERAL ASSEMBLY						LEG			USAMIL	UNITED STATES	USA					MIL			1	057	057	05	1	8.0	5	1	5	4.19580419580419	1	United States	US	US		39.828175	-98.5795	US	1	United States	US	US		39.828175	-98.5795	US	1	United States	US	US		39.828175	-98.5795	US	20251010164500	https://highlandcountypress.com/headlines/rep-peterson-votes-support-resolution-honoring-us-marine-corps-250th-anniversary
1267918291	20251010	202510	2025	2025.7671	LTU	LITHUANIA	LTU								EDU	SCHOOL						EDU			1	071	071	07	2	7.4	2	1	2	4.51306413301663	4	Vilnius, Vilniaus Apskritis, Lithuania	LH	LH65	19171	54.6833	25.3167	-2620663	4	Vilnius, Vilniaus Apskritis, Lithuania	LH	LH65	19171	54.6833	25.3167	-2620663	4	Vilnius, Vilniaus Apskritis, Lithuania	LH	LH65	19171	54.6833	25.3167	-2620663	20251010164500	https://finance.yahoo.com/news/nationwide-initiative-generation-ai-launched-134500384.html
1267918292	20251010	202510	2025	2025.7671	MAR	MOROCCAN	MAR																		0	042	042	04	1	1.9	3	1	3	5.83732057416268	4	Borgerhout, Region Flamande, Belgium	BE	BE13	40442	51.2206	4.43726	-1954932	0								4	Borgerhout, Region Flamande, Belgium	BE	BE13	40442	51.2206	4.43726	-1954932	20251010164500	https://www.timeout.com/news/i-live-in-antwerp-home-to-europes-coolest-neighbourhood-heres-why-borgerhout-deserves-that-title-101025
1267918293	20251010	202510	2025	2025.7671	MAR	MOROCCO	MAR								BUS	BUSINESS						BUS			0	043	043	04	1	2.8	1	1	1	5.83732057416268	1	Morocco	MO	MO		32	-5	MO	4	Borgerhout, Region Flamande, Belgium	BE	BE13	40442	51.2206	4.43726	-1954932	1	Morocco	MO	MO		32	-5	MO	20251010164500	https://www.timeout.com/news/i-live-in-antwerp-home-to-europes-coolest-neighbourhood-heres-why-borgerhout-deserves-that-title-101025
1267918294	20251010	202510	2025	2025.7671	MAR	MOROCCAN	MAR								BUS	BUSINESS						BUS			0	043	043	04	1	2.8	4	1	4	5.83732057416268	1	Morocco	MO	MO		32	-5	MO	1	Morocco	MO	MO		32	-5	MO	1	Morocco	MO	MO		32	-5	MO	20251010164500	https://www.timeout.com/news/i-live-in-antwerp-home-to-europes-coolest-neighbourhood-heres-why-borgerhout-deserves-that-title-101025
1267918295	20251010	202510	2025	2025.7671	MDV	MALE	MDV								COP	DETECTIVE						COP			0	180	180	18	4	-9.0	5	1	5	-6.77777777777777	2	New Hampshire, United States	US	USNH		43.4108	-71.5653	NH	2	New Hampshire, United States	US	USNH		43.4108	-71.5653	NH	2	New Hampshire, United States	US	USNH		43.4108	-71.5653	NH	20251010164500	https://patch.com/new-hampshire/concord-nh/homeless-man-concord-arrested-strangulation-assault-charges-after-incident
1267918296	20251010	202510	2025	2025.7671	MDV	MALE	MDV								KEN	KENYA	KEN								1	080	080	08	2	5.0	10	1	10	-2.42468772961058	4	Nairobi, Nairobi Area, Kenya	KE	KE05	18585	-1.28333	36.8167	-2258072	4	Nairobi, Nairobi Area, Kenya	KE	KE05	18585	-1.28333	36.8167	-2258072	4	Nairobi, Nairobi Area, Kenya	KE	KE05	18585	-1.28333	36.8167	-2258072	20251010164500	https://www.nzherald.co.nz/nz/christchurch-cold-case-samuel-njuguna-who-fled-to-kenya-yet-to-be-found-after-2009-murder/SMV2O26DCFA7RLH2RKNTA3NBSQ/
1267918297	20251010	202510	2025	2025.7671	MDVOPP	MALE	MDV					OPP													0	1712	171	17	4	-9.2	1	1	1	-4.26540284360189	4	Bucharest, Bucuresti, Romania	RO	RO10	25006	44.4333	26.1	-1153951	0								4	Bucharest, Bucuresti, Romania	RO	RO10	25006	44.4333	26.1	-1153951	20251010164500	https://www.dailymail.co.uk/news/article-15178083/Undercover-spy-infiltrated-Newbury-Pass-eco-warriors-unmasked-paedophile-tried-sex-children-young-six.html
1267918298	20251010	202510	2025	2025.7671	MDVOPP	MALE	MDV					OPP													0	1712	171	17	4	-9.2	4	1	4	-4.26540284360189	4	Newbury, West Berkshire, United Kingdom	UK	UKP4	40096	51.4	-1.31667	-2603950	0								4	Newbury, West Berkshire, United Kingdom	UK	UKP4	40096	51.4	-1.31667	-2603950	20251010164500	https://www.dailymail.co.uk/news/article-15178083/Undercover-spy-infiltrated-Newbury-Pass-eco-warriors-unmasked-paedophile-tried-sex-children-young-six.html
1267918299	20251010	202510	2025	2025.7671	MED	MEDIA						MED													1	010	010	01	1	0.0	10	1	10	0.49019607843137	1	Ireland	EI	EI		53	-8	EI	0								1	Ireland	EI	EI		53	-8	EI	20251010164500	https://www.leitrimobserver.ie/news/national-news/1916261/a-window-into-somebody-s-home-psychotherapist-on-parent-influencers-and-its-affect-on-children.html
1267918300	20251010	202510	2025	2025.7671	MED	TELEVISION						MED													0	015	015	01	1	0.0	2	1	2	-5.88235294117647	3	Osage County, Kansas, United States	US	USKS	KS139	38.65	-95.7336	485033	0								3	Osage County, Kansas, United States	US	USKS		38.65	-95.7336	485033	20251010164500	https://www.the-independent.com/news/world/americas/crime/btk-killer-daughter-kerri-rawson-netflix-doc-b2842660.html
1267918301	20251010	202510	2025	2025.7671	MED	TELEVISION						MED													0	040	040	04	1	1.0	2	1	2	-5.88235294117647	3	Wichita, Kansas, United States	US	USKS	KS173	37.6922	-97.3375	473862	0								3	Wichita, Kansas, United States	US	USKS	KS173	37.6922	-97.3375	473862	20251010164500	https://www.the-independent.com/news/world/americas/crime/btk-killer-daughter-kerri-rawson-netflix-doc-b2842660.html
1267918302	20251010	202510	2025	2025.7671	MED	MAGAZINE						MED													0	043	043	04	1	2.8	6	1	6	0.47021943573668	4	Roissy, Îe-de-France, France	FR	FRA8	16281	48.7916	2.64747	-1462383	0								3	Hollywood, California, United States	US	USCA	CA037	34.0983	-118.327	1660757	20251010164500	https://variety.com/2025/film/global/former-cannes-president-pierre-lescure-emily-paris-studios-1236542939/
1267918303	20251010	202510	2025	2025.7671	MED	MEDIA						MED													0	060	060	06	2	6.0	5	1	5	-5.05263157894737	3	Atlanta, Georgia, United States	US	USGA	GA121	33.749	-84.388	351615	0								3	Atlanta, Georgia, United States	US	USGA	GA121	33.749	-84.388	351615	20251010164500	https://www.fox8live.com/2025/10/10/new-details-emerge-arrest-derrick-groves/
1267918304	20251010	202510	2025	2025.7671	MED	WRITER						MED													1	0833	083	08	2	5.0	3	1	3	-2.06766917293233	4	Vancouver, British Columbia, Canada	CA	CA02	12552	49.25	-123.133	-575268	0								4	Vancouver, British Columbia, Canada	CA	CA02	12552	49.25	-123.133	-575268	20251010164500	https://nypost.com/2025/10/10/us-news/city-official-fights-back-tears-apologizing-for-hosting-harry-potter-event/
1267918305	20251010	202510	2025	2025.7671	MED	NEWS OUTLET						MED													0	0874	087	08	2	10.0	6	1	6	-5.88235294117647	2	Oklahoma, United States	US	USOK		35.5376	-96.9247	OK	0								3	Osage County, Kansas, United States	US	USKS		38.65	-95.7336	485033	20251010164500	https://www.the-independent.com/news/world/americas/crime/btk-killer-daughter-kerri-rawson-netflix-doc-b2842660.html
1267918306	20251010	202510	2025	2025.7671	MED	PUBLISHER						MED													0	111	111	11	3	-2.0	4	1	4	0.79681274900398	1	India	IN	IN		20	77	IN	0								1	India	IN	IN		20	77	IN	20251010164500	http://www.businessghana.com/site/news/technology/336110/Google%E2%80%99s-Search-Live-comes-to-India,-AI-Mode-gets-more-languages
1267918307	20251010	202510	2025	2025.7671	MED	PUBLISHER						MED													0	111	111	11	3	-2.0	6	1	6	0.79681274900398	1	Japan	JA	JA		36	138	JA	0								1	Japan	JA	JA		36	138	JA	20251010164500	http://www.businessghana.com/site/news/technology/336110/Google%E2%80%99s-Search-Live-comes-to-India,-AI-Mode-gets-more-languages
1267918308	20251010	202510	2025	2025.7671	MED	WEBSITE						MED													1	130	130	13	3	-4.4	10	1	10	-5.52995391705069	2	Florida, United States	US	USFL		27.8333	-81.717	FL	0								2	Florida, United States	US	USFL		27.8333	-81.717	FL	20251010164500	https://www.forbes.com/sites/marshallshepherd/2025/10/10/why-meteorologists-are-stunned-by-subtropical-storm-karen/
1267918309	20251010	202510	2025	2025.7671	MED	MEDIA						MED													0	138	138	13	3	-7.0	3	1	3	-2.33100233100233	4	Gaza, Israel (general), Israel	IS	IS00	18315	31.4167	34.3333	-797156	0								4	Gaza, Israel (general), Israel	IS	IS00	18315	31.4167	34.3333	-797156	20251010164500	https://news.sky.com/story/hamas-official-thanks-donald-trump-for-peace-deal-but-warns-tony-blair-not-welcome-13448166
1267918310	20251010	202510	2025	2025.7671	MED	MEDIA						MED													0	138	138	13	3	-7.0	2	1	2	-2.33100233100233	1	United Kingdom	UK	UK		54	-4	UK	0								1	United Kingdom	UK	UK		54	-4	UK	20251010164500	https://news.sky.com/story/hamas-official-thanks-donald-trump-for-peace-deal-but-warns-tony-blair-not-welcome-13448166
1267918311	20251010	202510	2025	2025.7671	MED	SPOKESMAN						MED													0	162	162	16	4	-5.6	2	1	2	-7.29166666666667	4	El Fasher, Shamal Darfur, Sudan	SU	SU55	37080	13.6333	25.35	-1684	0								4	El Fasher, Shamal Darfur, Sudan	SU	SU55	37080	13.6333	25.35	-1684	20251010164500	https://www.radiotamazuj.org/en/news/article/attacks-on-mosque-hospital-in-el-fasher-kill-at-least-20
1267918312	20251010	202510	2025	2025.7671	MED	MEDIA						MED			COP	POLICE						COP			1	060	060	06	2	6.0	10	1	10	3.63636363636363	0								0								0								20251010164500	https://voiceonline.com/missing-south-asian-man-from-surrey-located-safe/
1267918313	20251010	202510	2025	2025.7671	MED	SPOKESMAN						MED			COP	POLICE						COP			1	173	173	17	4	-5.0	10	1	10	-12.7167630057803	0								0								0								20251010164500	https://www.expressandstar.com/news/crime/2025/10/10/man-arrested-in-walsall-after-police-officers-threatened-with-firearm/
1267918314	20251010	202510	2025	2025.7671	MED	TELECOM						MED			GBR	UNITED KINGDOM	GBR								1	057	057	05	1	8.0	2	1	2	5.78778135048231	1	India	IN	IN		20	77	IN	1	India	IN	IN		20	77	IN	1	United Kingdom	UK	UK		54	-4	UK	20251010164500	https://economictimes.indiatimes.com/news/economy/foreign-trade/india-uk-sign-pact-to-set-up-joint-innovation-centre-for-telecom-commit-rs-282-cr/articleshow/124458829.cms
1267918315	20251010	202510	2025	2025.7671	MED	TELECOM						MED			GBR	UNITED KINGDOM	GBR								1	057	057	05	1	8.0	8	1	8	5.78778135048231	1	India	IN	IN		20	77	IN	1	United Kingdom	UK	UK		54	-4	UK	1	United Kingdom	UK	UK		54	-4	UK	20251010164500	https://economictimes.indiatimes.com/news/economy/foreign-trade/india-uk-sign-pact-to-set-up-joint-innovation-centre-for-telecom-commit-rs-282-cr/articleshow/124458829.cms
1267918316	20251010	202510	2025	2025.7671	MED	SPOKESMAN						MED			IGOUNO	UNITED NATIONS		UNO				IGO			0	010	010	01	1	0.0	10	1	10	2.16802168021681	4	Gaza, Israel (general), Israel	IS	IS00	18315	31.4167	34.3333	-797156	4	Gaza, Israel (general), Israel	IS	IS00	18315	31.4167	34.3333	-797156	4	Gaza, Israel (general), Israel	IS	IS00	18315	31.4167	34.3333	-797156	20251010164500	https://www.clevelandjewishnews.com/jns/peace-deal-could-render-us-backed-aid-group-in-gaza-defunct/article_5b5fe630-801a-5842-afc1-99f40b25c71f.html
1267918317	20251010	202510	2025	2025.7671	MED	WEBSITE						MED			LAB	EMPLOYEE						LAB			0	010	010	01	1	0.0	10	1	10	-5.02092050209206	3	White House, District of Columbia, United States	US	USDC		38.8951	-77.0364	531871	3	White House, District of Columbia, United States	US	USDC		38.8951	-77.0364	531871	3	White House, District of Columbia, United States	US	USDC		38.8951	-77.0364	531871	20251010164500	https://biologicaldiversity.org/w/news/press-releases/hatch-act-complaint-filed-against-agencies-blaming-democrats-for-shutdown-2025-10-10/
1267918318	20251010	202510	2025	2025.7671	MED	PUBLISHER						MED			MNCUSAMED	GOOGLE	USA					MNC	MED		0	111	111	11	3	-2.0	4	1	4	0.79681274900398	1	India	IN	IN		20	77	IN	1	India	IN	IN		20	77	IN	1	India	IN	IN		20	77	IN	20251010164500	http://www.businessghana.com/site/news/technology/336110/Google%E2%80%99s-Search-Live-comes-to-India,-AI-Mode-gets-more-languages
1267918319	20251010	202510	2025	2025.7671	MED	PUBLISHER						MED			MNCUSAMED	GOOGLE	USA					MNC	MED		0	111	111	11	3	-2.0	6	1	6	0.79681274900398	1	Japan	JA	JA		36	138	JA	1	Japan	JA	JA		36	138	JA	1	Japan	JA	JA		36	138	JA	20251010164500	http://www.businessghana.com/site/news/technology/336110/Google%E2%80%99s-Search-Live-comes-to-India,-AI-Mode-gets-more-languages
1267918320	20251010	202510	2025	2025.7671	MED	WRITER						MED			RUS	VLADIMIR	RUS								1	010	010	01	1	0.0	2	1	2	1.203007518797	4	To Panov, Khakasiya, Russia	RS	RS31	25066	54.5433	89.6592	-2953666	4	New Delhi, Delhi, India	IN	IN07	17911	28.6	77.2	-2106102	4	New Delhi, Delhi, India	IN	IN07	17911	28.6	77.2	-2106102	20251010164500	https://idrw.org/india-russia-in-talks-for-construction-of-ice-class-shipping-vessels/
1267918321	20251010	202510	2025	2025.7671	MED	WRITER						MED			RUS	VLADIMIR	RUS								1	040	040	04	1	1.0	2	1	2	1.203007518797	4	Lomonosov, Sankt-Peterburg, Russia	RS	RS66	25095	59.9061	29.7725	-2947561	4	Lomonosov, Sankt-Peterburg, Russia	RS	RS66	25095	59.9061	29.7725	-2947561	4	Lomonosov, Sankt-Peterburg, Russia	RS	RS66	25095	59.9061	29.7725	-2947561	20251010164500	https://idrw.org/india-russia-in-talks-for-construction-of-ice-class-shipping-vessels/
1267918322	20251010	202510	2025	2025.7671	MED	SPOKESMAN						MED			SDN	SUDAN	SDN								0	162	162	16	4	-5.6	8	1	8	-7.29166666666667	4	El Fasher, Shamal Darfur, Sudan	SU	SU55	37080	13.6333	25.35	-1684	4	El Fasher, Shamal Darfur, Sudan	SU	SU55	37080	13.6333	25.35	-1684	4	El Fasher, Shamal Darfur, Sudan	SU	SU55	37080	13.6333	25.35	-1684	20251010164500	https://www.radiotamazuj.org/en/news/article/attacks-on-mosque-hospital-in-el-fasher-kill-at-least-20
1267918323	20251010	202510	2025	2025.7671	MED	WEBSITE						MED			USA	UNITED STATES	USA								0	013	013	01	1	0.4	2	1	2	2.84810126582279	2	Oregon, United States	US	USOR		44.5672	-122.127	OR	2	Oregon, United States	US	USOR		44.5672	-122.127	OR	2	Oregon, United States	US	USOR		44.5672	-122.127	OR	20251010164500	https://www.dailymail.co.uk/travel/article-15180859/Tourist-used-ChatGPT-plan-holiday-ended-expensive-wrong.html
1267918324	20251010	202510	2025	2025.7671	MED	WEBSITE						MED			USA	UNITED STATES	USA								0	013	013	01	1	0.4	8	1	8	2.84810126582279	1	United Kingdom	UK	UK		54	-4	UK	1	United Kingdom	UK	UK		54	-4	UK	1	United Kingdom	UK	UK		54	-4	UK	20251010164500	https://www.dailymail.co.uk/travel/article-15180859/Tourist-used-ChatGPT-plan-holiday-ended-expensive-wrong.html
1267918325	20251010	202510	2025	2025.7671	MED	TELEVISION						MED			USA	ILLINOIS	USA								0	0334	033	03	1	6.0	10	1	10	-4.2212518195051	2	Illinois, United States	US	USIL		40.3363	-89.0022	IL	2	Illinois, United States	US	USIL		40.3363	-89.0022	IL	2	Illinois, United States	US	USIL		40.3363	-89.0022	IL	20251010164500	https://globalnews.ca/news/11473256/judge-blocks-national-guard-chicago-memphis/
1267918326	20251010	202510	2025	2025.7671	MED	NEWS OUTLET						MED			USA	UNITED STATES	USA								0	173	173	17	4	-5.0	1	1	1	-5.62770562770563	2	Kentucky, United States	US	USKY		37.669	-84.6514	KY	2	Kentucky, United States	US	USKY		37.669	-84.6514	KY	2	Kentucky, United States	US	USKY		37.669	-84.6514	KY	20251010164500	https://www.newsweek.com/ice-detains-green-card-holder-toll-booth-10861101
1267918327	20251010	202510	2025	2025.7671	MED	NEWS OUTLET						MED			USA	KENTUCKY	USA								0	173	173	17	4	-5.0	4	1	4	-5.62770562770563	2	West Virginia, United States	US	USWV		38.468	-80.9696	WV	2	Kentucky, United States	US	USKY		37.669	-84.6514	KY	2	Kentucky, United States	US	USKY		37.669	-84.6514	KY	20251010164500	https://www.newsweek.com/ice-detains-green-card-holder-toll-booth-10861101
1267918328	20251010	202510	2025	2025.7671	MED	MEDIA						MED			USA	CALIFORNIA	USA								0	192	192	19	4	-9.5	10	1	10	-3.66636113657195	2	Hawaii, United States	US	USHI		21.1098	-157.531	HI	2	California, United States	US	USCA		36.17	-119.746	CA	2	California, United States	US	USCA		36.17	-119.746	CA	20251010164500	https://www.wokv.com/weather/talking-tropics-wmike-jerry-making-north-turnkaren-ne-atlanticlow-pressure-w-atlantic/5RZ6X5G7FJGWFI4SZBUHLHYZC4/
1267918329	20251010	202510	2025	2025.7671	MED	MEDIA						MED			USAGOV	BARACK OBAMA	USA					GOV			1	112	112	11	3	-2.0	10	1	10	-6.21039290240811	4	Gaza, Israel (general), Israel	IS	IS00	18315	31.4167	34.3333	-797156	4	Gaza, Israel (general), Israel	IS	IS00	18315	31.4167	34.3333	-797156	4	Gaza, Israel (general), Israel	IS	IS00	18315	31.4167	34.3333	-797156	20251010164500	https://www.middleeasteye.net/trending/people-gaza-obama-ceasefire-tweet-criticised-dehumanising-language
1267918330	20251010	202510	2025	2025.7671	MED	MEDIA						MED			cre	CREE			cre						1	051	051	05	1	3.4	10	1	10	7.54716981132075	0								0								0								20251010164500	https://www.cfrc.ca/news-events/news/2025/october/help-inspire-artwork-for-the-isabel-turner-branch-at-kfpl-s-painting-our-community-event
1267918331	20251010	202510	2025	2025.7671	MEX	MEXICO	MEX																		1	010	010	01	1	0.0	2	1	2	2.09205020920503	2	New Mexico, United States	US	USNM		34.8375	-106.237	NM	0								2	New Mexico, United States	US	USNM		34.8375	-106.237	NM	20251010164500	https://www.taosnews.com/news/politics/gov-signs-4-special-session-bills/article_c0a362d9-8a74-5341-b74f-e779dfaec89c.html
1267918332	20251010	202510	2025	2025.7671	MEX	MEXICO	MEX																		1	020	020	02	1	3.0	2	1	2	-2.59179265658748	4	Cocoyotla, Morelos, Mexico	MX	MX17	20445	18.75	-99.4333	-1658328	0								4	Cocoyotla, Morelos, Mexico	MX	MX17	20445	18.75	-99.4333	-1658328	20251010164500	https://qns.com/2025/10/street-vendor-reform-package-impact/
1267918333	20251010	202510	2025	2025.7671	MEX	MEXICO	MEX																		1	043	043	04	1	2.8	5	1	4	-2.59179265658748	4	Cocoyotla, Morelos, Mexico	MX	MX17	20445	18.75	-99.4333	-1658328	0								4	Cocoyotla, Morelos, Mexico	MX	MX17	20445	18.75	-99.4333	-1658328	20251010164500	https://qns.com/2025/10/street-vendor-reform-package-impact/
1267918334	20251010	202510	2025	2025.7671	MHL	MARSHALL ISLANDS	MHL																		0	042	042	04	1	1.9	4	1	4	-0.10913059294289	1	Marshall Islands	RM	RM		10	167	RM	0								1	Marshall Islands	RM	RM		10	167	RM	20251010164500	https://www.guitarworld.com/artists/guitarists/jake-e-lee-back-to-the-beginning
1267918335	20251010	202510	2025	2025.7671	MHL	MARSHALL ISLANDS	MHL																		0	0874	087	08	2	10.0	3	1	3	-0.10913059294289	1	Marshall Islands	RM	RM		10	167	RM	0								1	Marshall Islands	RM	RM		10	167	RM	20251010164500	https://www.guitarworld.com/artists/guitarists/jake-e-lee-back-to-the-beginning
1267918336	20251010	202510	2025	2025.7671	MHL	MARSHALL ISLANDS	MHL																		0	111	111	11	3	-2.0	4	1	4	-0.10913059294289	1	Marshall Islands	RM	RM		10	167	RM	0								1	Marshall Islands	RM	RM		10	167	RM	20251010164500	https://www.guitarworld.com/artists/guitarists/jake-e-lee-back-to-the-beginning
1267918337	20251010	202510	2025	2025.7671	MHL	MARSHALL ISLANDS	MHL								CRM	CARTEL						CRM			0	042	042	04	1	1.9	4	1	4	-0.10913059294289	1	Marshall Islands	RM	RM		10	167	RM	1	Marshall Islands	RM	RM		10	167	RM	1	Marshall Islands	RM	RM		10	167	RM	20251010164500	https://www.guitarworld.com/artists/guitarists/jake-e-lee-back-to-the-beginning
1267918338	20251010	202510	2025	2025.7671	MIL	NATIONAL GUARD						MIL			CVLGOV	CIVILIAN						CVL	GOV		0	060	060	06	2	6.0	5	1	5	-4.2212518195051	3	Chicago, Illinois, United States	US	USIL	IL031	41.85	-87.6501	423587	3	Chicago, Illinois, United States	US	USIL	IL031	41.85	-87.6501	423587	3	Chicago, Illinois, United States	US	USIL	IL031	41.85	-87.6501	423587	20251010164500	https://globalnews.ca/news/11473256/judge-blocks-national-guard-chicago-memphis/
1267918339	20251010	202510	2025	2025.7671	MIL	MILITARY						MIL			GOV	PRIME MINISTER						GOV			1	043	043	04	1	2.8	5	1	5	2.67260579064588	4	Klementina, Borsod-AbaúmpléHU, Hungary	HU	HU04	17510	47.8333	20.6333	-858848	4	Klementina, Borsod-AbaúmpléHU, Hungary	HU	HU04	17510	47.8333	20.6333	-858848	4	Klementina, Borsod-AbaúmpléHU, Hungary	HU	HU04	17510	47.8333	20.6333	-858848	20251010164500	https://hungarytoday.hu/special-ops-on-display-in-natos-largest-regional-military-drill/
1267918340	20251010	202510	2025	2025.7671	MIL	MILITARY						MIL			HUN	HUNGARIAN	HUN								1	150	150	15	4	-7.2	4	1	4	2.67260579064588	4	Klementina, Borsod-AbaúmpléHU, Hungary	HU	HU04	17510	47.8333	20.6333	-858848	4	Klementina, Borsod-AbaúmpléHU, Hungary	HU	HU04	17510	47.8333	20.6333	-858848	4	Klementina, Borsod-AbaúmpléHU, Hungary	HU	HU04	17510	47.8333	20.6333	-858848	20251010164500	https://hungarytoday.hu/special-ops-on-display-in-natos-largest-regional-military-drill/
1267918341	20251010	202510	2025	2025.7671	MIL	MILITARY						MIL			HUNGOVMIL	HUNGARIAN	HUN					GOV	MIL		1	150	150	15	4	-7.2	3	1	3	2.67260579064588	4	Klementina, Borsod-AbaúmpléHU, Hungary	HU	HU04	17510	47.8333	20.6333	-858848	4	Klementina, Borsod-AbaúmpléHU, Hungary	HU	HU04	17510	47.8333	20.6333	-858848	4	Klementina, Borsod-AbaúmpléHU, Hungary	HU	HU04	17510	47.8333	20.6333	-858848	20251010164500	https://hungarytoday.hu/special-ops-on-display-in-natos-largest-regional-military-drill/
1267918342	20251010	202510	2025	2025.7671	MIL	MILITARY						MIL			MED	MEDIA						MED			1	150	150	15	4	-7.2	3	1	3	2.67260579064588	4	Klementina, Borsod-AbaúmpléHU, Hungary	HU	HU04	17510	47.8333	20.6333	-858848	4	Klementina, Borsod-AbaúmpléHU, Hungary	HU	HU04	17510	47.8333	20.6333	-858848	4	Klementina, Borsod-AbaúmpléHU, Hungary	HU	HU04	17510	47.8333	20.6333	-858848	20251010164500	https://hungarytoday.hu/special-ops-on-display-in-natos-largest-regional-military-drill/
1267918343	20251010	202510	2025	2025.7671	MIL	LIEUTENANT COLONEL						MIL			PAK	PAKISTAN	PAK								1	190	190	19	4	-10.0	10	1	10	-2.98850574712644	4	Kabul, Kabol, Afghanistan	AF	AF13	3580	34.5167	69.1833	-3378435	5	Balochistan, Balochistan, Pakistan	PK	PK02	40300	28.4785	65.6436	-2755738	5	Balochistan, Balochistan, Pakistan	PK	PK02	40300	28.4785	65.6436	-2755738	20251010164500	https://www.pakistantoday.com.pk/2025/10/10/bombing-kabul/
1267918344	20251010	202510	2025	2025.7671	MIL	AIR FORCE						MIL			QAT	QATARI	QAT								1	043	043	04	1	2.8	3	3	3	0.847457627118646	2	Idaho, United States	US	USID		44.2394	-114.51	ID	1	Qatar	QA	QA		25.5	51.25	QA	1	Qatar	QA	QA		25.5	51.25	QA	20251010164500	https://wsbt.com/news/nation-world/mountain-home-air-force-base-to-host-qatari-air-force-facility-f-15-training
1267918345	20251010	202510	2025	2025.7671	MIL	AIR FORCE						MIL			QAT	QATARI	QAT								1	043	043	04	1	2.8	3	3	3	0.847457627118646	1	Qatar	QA	QA		25.5	51.25	QA	1	Qatar	QA	QA		25.5	51.25	QA	1	Qatar	QA	QA		25.5	51.25	QA	20251010164500	https://wsbt.com/news/nation-world/mountain-home-air-force-base-to-host-qatari-air-force-facility-f-15-training
1267918346	20251010	202510	2025	2025.7671	MIL	FIGHTER JET						MIL			QAT	QATARI	QAT								1	072	072	07	2	8.3	3	3	3	0.847457627118646	1	Qatar	QA	QA		25.5	51.25	QA	2	Idaho, United States	US	USID		44.2394	-114.51	ID	2	Idaho, United States	US	USID		44.2394	-114.51	ID	20251010164500	https://wsbt.com/news/nation-world/mountain-home-air-force-base-to-host-qatari-air-force-facility-f-15-training
1267918347	20251010	202510	2025	2025.7671	MIL	FIGHTER JET						MIL			QAT	QATARI	QAT								1	072	072	07	2	8.3	21	3	21	0.847457627118646	1	Qatar	QA	QA		25.5	51.25	QA	1	Qatar	QA	QA		25.5	51.25	QA	1	Qatar	QA	QA		25.5	51.25	QA	20251010164500	https://wsbt.com/news/nation-world/mountain-home-air-force-base-to-host-qatari-air-force-facility-f-15-training
1267918348	20251010	202510	2025	2025.7671	MIL	AIR FORCE						MIL			QATMIL	QATARI	QAT					MIL			1	043	043	04	1	2.8	6	3	6	0.847457627118646	2	Idaho, United States	US	USID		44.2394	-114.51	ID	1	Qatar	QA	QA		25.5	51.25	QA	1	Qatar	QA	QA		25.5	51.25	QA	20251010164500	https://wsbt.com/news/nation-world/mountain-home-air-force-base-to-host-qatari-air-force-facility-f-15-training
1267918349	20251010	202510	2025	2025.7671	MIL	PARAMILITARY						MIL			SAU	SAUDI	SAU								1	051	051	05	1	3.4	4	1	4	-7.29166666666667	1	Saudi Arabia	SA	SA		25	45	SA	1	Saudi Arabia	SA	SA		25	45	SA	1	Saudi Arabia	SA	SA		25	45	SA	20251010164500	https://www.radiotamazuj.org/en/news/article/attacks-on-mosque-hospital-in-el-fasher-kill-at-least-20
1267918350	20251010	202510	2025	2025.7671	MIL	PARAMILITARY						MIL			SAU	SAUDI	SAU								1	193	193	19	4	-10.0	4	1	4	-7.29166666666667	1	Saudi Arabia	SA	SA		25	45	SA	1	Saudi Arabia	SA	SA		25	45	SA	1	Saudi Arabia	SA	SA		25	45	SA	20251010164500	https://www.radiotamazuj.org/en/news/article/attacks-on-mosque-hospital-in-el-fasher-kill-at-least-20
1267918351	20251010	202510	2025	2025.7671	MIL	PARAMILITARY						MIL			SAUHLH	SAUDI	SAU					HLH			1	051	051	05	1	3.4	3	1	3	-7.29166666666667	4	El Fasher, Shamal Darfur, Sudan	SU	SU55	37080	13.6333	25.35	-1684	4	El Fasher, Shamal Darfur, Sudan	SU	SU55	37080	13.6333	25.35	-1684	4	El Fasher, Shamal Darfur, Sudan	SU	SU55	37080	13.6333	25.35	-1684	20251010164500	https://www.radiotamazuj.org/en/news/article/attacks-on-mosque-hospital-in-el-fasher-kill-at-least-20
1267918352	20251010	202510	2025	2025.7671	MIL	PARAMILITARY						MIL			SAUHLH	SAUDI	SAU					HLH			1	051	051	05	1	3.4	3	1	3	-7.29166666666667	1	Saudi Arabia	SA	SA		25	45	SA	1	Saudi Arabia	SA	SA		25	45	SA	1	Saudi Arabia	SA	SA		25	45	SA	20251010164500	https://www.radiotamazuj.org/en/news/article/attacks-on-mosque-hospital-in-el-fasher-kill-at-least-20
1267918353	20251010	202510	2025	2025.7671	MIL	PARAMILITARY						MIL			SAUHLH	SAUDI	SAU					HLH			1	193	193	19	4	-10.0	6	1	6	-7.29166666666667	1	Saudi Arabia	SA	SA		25	45	SA	1	Saudi Arabia	SA	SA		25	45	SA	1	Saudi Arabia	SA	SA		25	45	SA	20251010164500	https://www.radiotamazuj.org/en/news/article/attacks-on-mosque-hospital-in-el-fasher-kill-at-least-20
1267918354	20251010	202510	2025	2025.7671	MIL	MILITARY						MIL			TWN	TAIWAN	TWN								0	130	130	13	3	-4.4	10	1	10	-7.84313725490193	1	Taiwan	TW	TW		24	121	TW	1	Taiwan	TW	TW		24	121	TW	1	Taiwan	TW	TW		24	121	TW	20251010164500	https://www.pakistantoday.com.pk/2025/10/10/china-urges-foreign-politicians-to-stop-supporting-taiwan-independence-separatist-activities/
1267918355	20251010	202510	2025	2025.7671	MNCBELHLH	FORTIS	BEL					MNC	HLH		GOVHLH	AUTHORITIES						GOV	HLH		1	018	018	01	1	3.4	10	1	10	-2.97619047619047	4	Jalandhar, Punjab, India	IN	IN23	17829	31.3256	75.5792	-2098769	4	Jalandhar, Punjab, India	IN	IN23	17829	31.3256	75.5792	-2098769	4	Jalandhar, Punjab, India	IN	IN23	17829	31.3256	75.5792	-2098769	20251010164500	https://www.tribuneindia.com/news/jalandhar/what-led-to-famed-bodybuilder-varinder-singh-ghumans-untimely-demise/
1267918356	20251010	202510	2025	2025.7671	MNCUSA	NVIDIA	USA					MNC													1	010	010	01	1	0.0	5	1	5	-0.19880715705765	1	Taiwan	TW	TW		24	121	TW	0								1	Taiwan	TW	TW		24	121	TW	20251010164500	https://www.fool.co.uk/2025/10/10/this-high-flying-ftse-100-growth-share-is-a-play-on-elon-musks-spacex-excited-worried/
1267918357	20251010	202510	2025	2025.7671	MNCUSA	DISNEY	USA					MNC													1	042	042	04	1	1.9	6	1	6	5.17647058823529	3	Hollywood, California, United States	US	USCA	CA037	34.0983	-118.327	1660757	0								3	Hollywood, California, United States	US	USCA	CA037	34.0983	-118.327	1660757	20251010164500	https://comicbookmovie.com/birds-of-prey/wonder-man/wonder-man-nycc-display-reveals-first-look-at-the-original-wonder-man---possible-spoilers-a224217
1267918358	20251010	202510	2025	2025.7671	MNCUSA	DISNEY	USA					MNC			CVL	SMALL TOWN						CVL			1	192	192	19	4	-9.5	10	1	10	5.51724137931035	2	Oregon, United States	US	USOR		44.5672	-122.127	OR	2	Oregon, United States	US	USOR		44.5672	-122.127	OR	2	Oregon, United States	US	USOR		44.5672	-122.127	OR	20251010164500	https://bloody-disgusting.com/movie/3908447/the-spirt-of-halloweentown-new-documentary-visits-filming-location-of-the-disney-movie-trailer/
1267918359	20251010	202510	2025	2025.7671	MNCUSA	NETFLIX	USA					MNC			ELI	ACTOR						ELI			1	040	040	04	1	1.0	5	1	5	2.07547169811321	1	New Zealand	NZ	NZ		-42	174	NZ	1	New Zealand	NZ	NZ		-42	174	NZ	1	New Zealand	NZ	NZ		-42	174	NZ	20251010164500	https://www.attitude.co.uk/culture/film-tv/hunter-doohan-queer-visibility-advice-young-actors-499379/
1267918360	20251010	202510	2025	2025.7671	MNCUSA	NETFLIX	USA					MNC			USA	UNITED STATES	USA								0	173	173	17	4	-5.0	2	1	2	-5.88235294117647	3	Wichita, Kansas, United States	US	USKS	KS173	37.6922	-97.3375	473862	3	Wichita, Kansas, United States	US	USKS	KS173	37.6922	-97.3375	473862	3	Wichita, Kansas, United States	US	USKS	KS173	37.6922	-97.3375	473862	20251010164500	https://www.the-independent.com/news/world/americas/crime/btk-killer-daughter-kerri-rawson-netflix-doc-b2842660.html
1267918361	20251010	202510	2025	2025.7671	MNCUSA	NETFLIX	USA					MNC			USA	UNITED STATES	USA								0	173	173	17	4	-5.0	2	1	2	-5.88235294117647	2	Michigan, United States	US	USMI		43.3504	-84.5603	MI	2	Michigan, United States	US	USMI		43.3504	-84.5603	MI	2	Michigan, United States	US	USMI		43.3504	-84.5603	MI	20251010164500	https://www.the-independent.com/news/world/americas/crime/btk-killer-daughter-kerri-rawson-netflix-doc-b2842660.html
1267918362	20251010	202510	2025	2025.7671	MNCUSAMED	GOOGLE	USA					MNC	MED												1	051	051	05	1	3.4	5	1	5	6.51465798045603	1	United Kingdom	UK	UK		54	-4	UK	0								1	United Kingdom	UK	UK		54	-4	UK	20251010164500	https://www.islands.com/1986472/covell-californias-hidden-gem-rustic-clydesdale-ranch-can-ride-giants-across-rolling-hills/
1267918363	20251010	202510	2025	2025.7671	MNCUSAMED	QUALCOMM	USA					MNC	MED		BUS	INVESTOR						BUS			1	060	060	06	2	6.0	5	1	5	-2.34375	4	Beijing, Beijing, China	CH	CH22	13001	39.9289	116.388	-1898541	4	Beijing, Beijing, China	CH	CH22	13001	39.9289	116.388	-1898541	4	Beijing, Beijing, China	CH	CH22	13001	39.9289	116.388	-1898541	20251010164500	https://finance.yahoo.com/news/qualcomm-stock-slides-news-antitrust-155426066.html
1267918364	20251010	202510	2025	2025.7671	MNCUSAMED	QUALCOMM	USA					MNC	MED		CHN	CHINESE	CHN								1	090	090	09	2	-2.0	4	1	4	-2.34375	1	United States	US	US		39.828175	-98.5795	US	1	United States	US	US		39.828175	-98.5795	US	1	United States	US	US		39.828175	-98.5795	US	20251010164500	https://finance.yahoo.com/news/qualcomm-stock-slides-news-antitrust-155426066.html
1267918365	20251010	202510	2025	2025.7671	MNCUSAMED	QUALCOMM	USA					MNC	MED		CHNGOV	CHINESE	CHN					GOV			1	090	090	09	2	-2.0	6	1	6	-2.34375	1	United States	US	US		39.828175	-98.5795	US	1	United States	US	US		39.828175	-98.5795	US	1	United States	US	US		39.828175	-98.5795	US	20251010164500	https://finance.yahoo.com/news/qualcomm-stock-slides-news-antitrust-155426066.html
1267918366	20251010	202510	2025	2025.7671	MOS	ISLAMIC				MOS					AFG	AFGHANISTAN	AFG								0	120	120	12	3	-4.0	4	1	4	-0.37174721189591	4	Kabul, Kabol, Afghanistan	AF	AF13	3580	34.5167	69.1833	-3378435	4	Kabul, Kabol, Afghanistan	AF	AF13	3580	34.5167	69.1833	-3378435	4	New Delhi, Delhi, India	IN	IN07	17911	28.6	77.2	-2106102	20251010164500	https://www.tribuneindia.com/news/india/afghan-soil-wont-be-allowed-for-carrying-out-activities-detrimental-to-india-foreign-minister-muttaqi/
1267918367	20251010	202510	2025	2025.7671	MOS	ISLAMIC				MOS					AFG	AFGHANISTAN	AFG								0	120	120	12	3	-4.0	6	1	6	-0.37174721189591	4	Kabul, Kabol, Afghanistan	AF	AF13	3580	34.5167	69.1833	-3378435	4	Kabul, Kabol, Afghanistan	AF	AF13	3580	34.5167	69.1833	-3378435	4	Kabul, Kabol, Afghanistan	AF	AF13	3580	34.5167	69.1833	-3378435	20251010164500	https://www.tribuneindia.com/news/india/afghan-soil-wont-be-allowed-for-carrying-out-activities-detrimental-to-india-foreign-minister-muttaqi/
1267918368	20251010	202510	2025	2025.7671	MOS	MUSLIM				MOS					OPP	DISSENTER						OPP			0	111	111	11	3	-2.0	10	1	10	-5.24822695035461	4	Gaza, Israel (general), Israel	IS	IS00	18315	31.4167	34.3333	-797156	4	Gaza, Israel (general), Israel	IS	IS00	18315	31.4167	34.3333	-797156	4	Gaza, Israel (general), Israel	IS	IS00	18315	31.4167	34.3333	-797156	20251010164500	https://www.middleeasteye.net/opinion/how-netanyahus-war-islam-fuels-antisemitism-europe
1267918369	20251010	202510	2025	2025.7671	MOS	ISLAMIC				MOS					PSEREB	HAMAS	PSE					REB			1	050	050	05	1	3.5	5	1	5	-4.7923322683706	1	United States	US	US		39.828175	-98.5795	US	1	United States	US	US		39.828175	-98.5795	US	1	United States	US	US		39.828175	-98.5795	US	20251010164500	https://www.clevelandjewishnews.com/jns/us-sanctions-network-supporting-elite-iranian-forces-tehran-backed-iraqi-terror-groups/article_550c3f40-31dd-55ed-ab01-035c9ba91232.html
1267918370	20251010	202510	2025	2025.7671	MOS	MUSLIM				MOS					USA	UNITED STATES	USA								0	014	014	01	1	0.0	5	1	5	-3.51270553064275	3	Washington, District of Columbia, United States	US	USDC	DC001	38.8951	-77.0364	531871	3	Washington, District of Columbia, United States	US	USDC	DC001	38.8951	-77.0364	531871	3	Washington, District of Columbia, United States	US	USDC	DC001	38.8951	-77.0364	531871	20251010164500	https://www.pakistantoday.com.pk/2025/10/10/high-stakes-games-in-the-middle-east/
1267918371	20251010	202510	2025	2025.7671	MOSOPP	MUSLIM				MOS		OPP			GOV	PRESIDENT						GOV			0	010	010	01	1	0.0	10	1	10	-5.24822695035461	4	Jerusalem, Israel (general), Israel	IS	IS00	18315	31.7667	35.2333	-797092	4	Jerusalem, Israel (general), Israel	IS	IS00	18315	31.7667	35.2333	-797092	4	Jerusalem, Israel (general), Israel	IS	IS00	18315	31.7667	35.2333	-797092	20251010164500	https://www.middleeasteye.net/opinion/how-netanyahus-war-islam-fuels-antisemitism-europe
1267918372	20251010	202510	2025	2025.7671	MYS	KUALA LUMPUR	MYS								MYSBUS	MALAYSIA	MYS					BUS			1	043	043	04	1	2.8	10	1	10	-3.75722543352601	4	Kuala Lumpur, Kuala Lumpur, Malaysia	MY	MY14	18585	3.16667	101.7	-2403010	4	Kuala Lumpur, Kuala Lumpur, Malaysia	MY	MY14	18585	3.16667	101.7	-2403010	4	Kuala Lumpur, Kuala Lumpur, Malaysia	MY	MY14	18585	3.16667	101.7	-2403010	20251010164500	https://indianexpress.com/article/cities/mumbai/customs-arrest-passengers-airport-contraband-worth-rs-12-crore-seized-10299867/
1267918373	20251010	202510	2025	2025.7671	MYS	MALAYSIA	MYS								USA	ARIZONA	USA								1	061	061	06	2	6.4	4	1	4	0.8	1	Malaysia	MY	MY		2.5	112.5	MY	2	Arizona, United States	US	USAZ		33.7712	-111.388	AZ	1	Malaysia	MY	MY		2.5	112.5	MY	20251010164500	https://www.constructiondive.com/news/amkor-breaks-ground-peoria-semiconductor/802468/
1267918374	20251010	202510	2025	2025.7671	MYS	MALAYSIA	MYS								USA	UNITED STATES	USA								1	061	061	06	2	6.4	1	1	1	0.8	1	Thailand	TH	TH		15	100	TH	2	Arizona, United States	US	USAZ		33.7712	-111.388	AZ	1	Malaysia	MY	MY		2.5	112.5	MY	20251010164500	https://www.constructiondive.com/news/amkor-breaks-ground-peoria-semiconductor/802468/
1267918375	20251010	202510	2025	2025.7671	MYS	MALAYSIA	MYS								USA	ARIZONA	USA								1	061	061	06	2	6.4	2	1	2	0.8	1	Thailand	TH	TH		15	100	TH	2	Arizona, United States	US	USAZ		33.7712	-111.388	AZ	1	Thailand	TH	TH		15	100	TH	20251010164500	https://www.constructiondive.com/news/amkor-breaks-ground-peoria-semiconductor/802468/
1267918376	20251010	202510	2025	2025.7671	MYSBUS	MALAYSIA	MYS					BUS			MYS	MALAYSIAN	MYS								0	036	036	03	1	4.0	1	1	1	5.1150895140665	4	Islamabad, Islamabad, Pakistan	PK	PK08	23674	33.7	73.1667	-2762812	4	Islamabad, Islamabad, Pakistan	PK	PK08	23674	33.7	73.1667	-2762812	4	Islamabad, Islamabad, Pakistan	PK	PK08	23674	33.7	73.1667	-2762812	20251010164500	https://www.pakistantoday.com.pk/2025/10/10/shehbazs-malaysia-visit-marks-new-milestone-in-bilateral-cooperation/
1267918377	20251010	202510	2025	2025.7671	MYSBUS	MALAYSIA	MYS					BUS			MYS	KUALA LUMPUR	MYS								1	042	042	04	1	1.9	10	1	10	-3.75722543352601	4	Mumbai, Maharashtra, India	IN	IN16	70184	18.975	72.8258	-2092174	4	Mumbai, Maharashtra, India	IN	IN16	70184	18.975	72.8258	-2092174	4	Mumbai, Maharashtra, India	IN	IN16	70184	18.975	72.8258	-2092174	20251010164500	https://indianexpress.com/article/cities/mumbai/customs-arrest-passengers-airport-contraband-worth-rs-12-crore-seized-10299867/
1267918378	20251010	202510	2025	2025.7671	NGA	NIGERIA	NGA																		1	016	016	01	1	-2.0	2	1	2	-10.3286384976526	4	Abuja, Abuja Federal Capital Territory, Nigeria	NI	NI11	191147	9.08333	7.53333	-1997013	0								4	Abuja, Abuja Federal Capital Territory, Nigeria	NI	NI11	191147	9.08333	7.53333	-1997013	20251010164500	https://dailypost.ng/2025/10/10/efcc-arraigns-former-nsitf-chair-ngozi-olejeme-over-alleged-%E2%82%A61bn-fraud/
1267918379	20251010	202510	2025	2025.7671	NGA	NIGERIA	NGA																		1	016	016	01	1	-2.0	2	1	2	-10.3286384976526	4	Maitama, Nigeria (general), Nigeria	NI	NI00	191147	9.10306	7.49444	-2018513	0								4	Maitama, Nigeria (general), Nigeria	NI	NI00	191147	9.10306	7.49444	-2018513	20251010164500	https://dailypost.ng/2025/10/10/efcc-arraigns-former-nsitf-chair-ngozi-olejeme-over-alleged-%E2%82%A61bn-fraud/
1267918380	20251010	202510	2025	2025.7671	NGA	KANO	NGA								CRM	DEALER						CRM			1	080	080	08	2	5.0	5	1	5	-4	4	Kano, Kano, Nigeria	NI	NI29	191030	11.9964	8.51667	-2014610	4	Kano, Kano, Nigeria	NI	NI29	191030	11.9964	8.51667	-2014610	4	Kano, Kano, Nigeria	NI	NI29	191030	11.9964	8.51667	-2014610	20251010164500	https://dailypost.ng/2025/10/10/nscdc-kano-arrests-suspected-marijuana-dealer-hands-him-over-to-ndlea/
1267918381	20251010	202510	2025	2025.7671	NGA	NIGERIA	NGA								GOV	PRESIDENT						GOV			1	051	051	05	1	3.4	2	1	2	6.50887573964497	5	Rivers State, Rivers, Nigeria	NI	NI50	23058	4.75	6.83333	-2025387	5	Rivers State, Rivers, Nigeria	NI	NI50	23058	4.75	6.83333	-2025387	5	Rivers State, Rivers, Nigeria	NI	NI50	23058	4.75	6.83333	-2025387	20251010164500	https://www.channelstv.com/2025/10/10/gov-fubara-thanks-tinubu-for-posthumous-pardon-national-honours-on-ogoni-13/
1267918382	20251010	202510	2025	2025.7671	NGA	NIGERIA	NGA								GOV	PRESIDENT						GOV			1	112	112	11	3	-2.0	10	1	10	-6.52173913043478	1	Nigeria	NI	NI		10	8	NI	1	Nigeria	NI	NI		10	8	NI	1	Nigeria	NI	NI		10	8	NI	20251010164500	https://dailypost.ng/2025/10/10/tinubu-dismantling-terror-networks-no-christian-genocide-in-nigeria-bwala/
1267918383	20251010	202510	2025	2025.7671	NGA	NIGERIA	NGA								NGAGOV	NIGERIA	NGA					GOV			1	051	051	05	1	3.4	2	1	2	6.50887573964497	5	Rivers State, Rivers, Nigeria	NI	NI50	23058	4.75	6.83333	-2025387	5	Rivers State, Rivers, Nigeria	NI	NI50	23058	4.75	6.83333	-2025387	5	Rivers State, Rivers, Nigeria	NI	NI50	23058	4.75	6.83333	-2025387	20251010164500	https://www.channelstv.com/2025/10/10/gov-fubara-thanks-tinubu-for-posthumous-pardon-national-honours-on-ogoni-13/
1267918384	20251010	202510	2025	2025.7671	NGAGOV	NIGERIA	NGA					GOV			GOV	PRESIDENT						GOV			1	051	051	05	1	3.4	4	1	4	6.50887573964497	5	Rivers State, Rivers, Nigeria	NI	NI50	23058	4.75	6.83333	-2025387	5	Rivers State, Rivers, Nigeria	NI	NI50	23058	4.75	6.83333	-2025387	5	Rivers State, Rivers, Nigeria	NI	NI50	23058	4.75	6.83333	-2025387	20251010164500	https://www.channelstv.com/2025/10/10/gov-fubara-thanks-tinubu-for-posthumous-pardon-national-honours-on-ogoni-13/
1267918385	20251010	202510	2025	2025.7671	NGOCHR	YWCA				CHR		NGO													0	010	010	01	1	0.0	10	1	10	-1.60642570281124	3	New Britain, Connecticut, United States	US	USCT	CT003	41.6612	-72.7795	209217	0								3	New Britain, Connecticut, United States	US	USCT		41.6612	-72.7795	209217	20251010164500	https://www.wfsb.com/2025/10/10/state-finds-new-britain-ywca-failed-give-proper-first-aidcpr-death-2-year-old-boy-who-choked-meatball/
1267918386	20251010	202510	2025	2025.7671	NGOCHR	YWCA				CHR		NGO			GBR	BRITAIN	GBR								0	090	090	09	2	-2.0	3	1	3	-1.60642570281124	3	New Britain, Connecticut, United States	US	USCT	CT003	41.6612	-72.7795	209217	3	New Britain, Connecticut, United States	US	USCT		41.6612	-72.7795	209217	3	New Britain, Connecticut, United States	US	USCT		41.6612	-72.7795	209217	20251010164500	https://www.wfsb.com/2025/10/10/state-finds-new-britain-ywca-failed-give-proper-first-aidcpr-death-2-year-old-boy-who-choked-meatball/
1267918387	20251010	202510	2025	2025.7671	NGOCHR	YWCA				CHR		NGO			USA	UNITED STATES	USA								0	090	090	09	2	-2.0	2	1	2	-1.60642570281124	3	New Britain, Connecticut, United States	US	USCT	CT003	41.6612	-72.7795	209217	3	New Britain, Connecticut, United States	US	USCT		41.6612	-72.7795	209217	3	New Britain, Connecticut, United States	US	USCT		41.6612	-72.7795	209217	20251010164500	https://www.wfsb.com/2025/10/10/state-finds-new-britain-ywca-failed-give-proper-first-aidcpr-death-2-year-old-boy-who-choked-meatball/
1267918388	20251010	202510	2025	2025.7671	NGODEV	INSULA						NGO	DEV												1	090	090	09	2	-2.0	10	1	10	-1.32827324478179	4	Stockholm, Stockholm, Sweden	SW	SW26	26170	59.3333	18.05	-2524279	0								4	Stockholm, Stockholm, Sweden	SW	SW26	26170	59.3333	18.05	-2524279	20251010164500	https://www.sciencenews.org/article/brain-scans-flavor-insula-taste-smell
1267918389	20251010	202510	2025	2025.7671	NGOHRIAMN	AMNESTY INTERNATIONAL		AMN				NGO	HRI		CVL	CIVILIAN						CVL			0	111	111	11	3	-2.0	5	1	5	-7.14285714285714	4	Gaza, Israel (general), Israel	IS	IS00	18315	31.4167	34.3333	-797156	4	Gaza, Israel (general), Israel	IS	IS00	18315	31.4167	34.3333	-797156	4	Gaza, Israel (general), Israel	IS	IS00	18315	31.4167	34.3333	-797156	20251010164500	https://universitytimes.ie/2025/10/october-7th-2023-two-years-later-a-conflict-still-without-resolution/
1267918390	20251010	202510	2025	2025.7671	NGOHRIAMN	AMNESTY INTERNATIONAL		AMN				NGO	HRI		PSEREB	HAMAS	PSE					REB			0	1122	112	11	3	-2.0	5	1	5	-7.14285714285714	4	Gaza, Israel (general), Israel	IS	IS00	18315	31.4167	34.3333	-797156	4	Gaza, Israel (general), Israel	IS	IS00	18315	31.4167	34.3333	-797156	4	Gaza, Israel (general), Israel	IS	IS00	18315	31.4167	34.3333	-797156	20251010164500	https://universitytimes.ie/2025/10/october-7th-2023-two-years-later-a-conflict-still-without-resolution/
1267918391	20251010	202510	2025	2025.7671	NLD	NETHERLANDS	NLD																		1	020	020	02	1	3.0	4	1	4	0.4302925989673	4	Voort, Limburg, Netherlands	NL	NL05	16551	51.4372	6.16883	-2155020	0								4	Voort, Limburg, Netherlands	NL	NL05	16551	51.4372	6.16883	-2155020	20251010164500	https://www.e-flux.com/journal/157/6776777/propositional-politics
1267918392	20251010	202510	2025	2025.7671	NLD	HOLLAND	NLD																		1	020	020	02	1	3.0	6	1	6	-4.59081836327345	1	Poland	PL	PL		52	20	PL	0								1	Poland	PL	PL		52	20	PL	20251010164500	https://www.stripes.com/branches/army/2025-10-10/army-drone-test-germany-19379835.html
1267918393	20251010	202510	2025	2025.7671	NLD	DUTCH	NLD																		1	026	026	02	1	4.0	6	1	6	3.25497287522604	4	London, London, City of, United Kingdom	UK	UKH9	40110	51.5	-0.116667	-2601889	0								4	London, London, City of, United Kingdom	UK	UKH9	40110	51.5	-0.116667	-2601889	20251010164500	https://www.just-food.com/news/bol-foods-first-global-market/
1267918394	20251010	202510	2025	2025.7671	NLD	NETHERLANDS	NLD																		1	172	172	17	4	-5.0	2	1	2	5.83732057416268	4	Borgerhout, Region Flamande, Belgium	BE	BE13	40442	51.2206	4.43726	-1954932	0								4	Borgerhout, Region Flamande, Belgium	BE	BE13	40442	51.2206	4.43726	-1954932	20251010164500	https://www.timeout.com/news/i-live-in-antwerp-home-to-europes-coolest-neighbourhood-heres-why-borgerhout-deserves-that-title-101025
1267918395	20251010	202510	2025	2025.7671	NMR	NORTH AMERICA	NMR								SAU	RIYADH	SAU								1	036	036	03	1	4.0	1	1	1	-0.467289719626168	3	Chicago, Illinois, United States	US	USIL	IL031	41.85	-87.6501	423587	4	Riyadh, Ar Riya?, Saudi Arabia	SA	SA10	25316	24.6408	46.7728	-3093009	4	Riyadh, Ar Riya?, Saudi Arabia	SA	SA10	25316	24.6408	46.7728	-3093009	20251010164500	https://www.wrestlinginc.com/1992731/wwe-elimination-chamber-2026-heading-midwest/
1267918396	20251010	202510	2025	2025.7671	NMR	NORTH AMERICA	NMR								SAU	RIYADH	SAU								1	036	036	03	1	4.0	5	1	5	-0.467289719626168	2	Minnesota, United States	US	USMN		45.7326	-93.9196	MN	2	Minnesota, United States	US	USMN		45.7326	-93.9196	MN	2	Minnesota, United States	US	USMN		45.7326	-93.9196	MN	20251010164500	https://www.wrestlinginc.com/1992731/wwe-elimination-chamber-2026-heading-midwest/
1267918397	20251010	202510	2025	2025.7671	NMR	NORTH AMERICA	NMR								SAU	RIYADH	SAU								1	042	042	04	1	1.9	5	1	5	-0.467289719626168	3	Chicago, Illinois, United States	US	USIL	IL031	41.85	-87.6501	423587	4	Riyadh, Ar Riya?, Saudi Arabia	SA	SA10	25316	24.6408	46.7728	-3093009	4	Riyadh, Ar Riya?, Saudi Arabia	SA	SA10	25316	24.6408	46.7728	-3093009	20251010164500	https://www.wrestlinginc.com/1992731/wwe-elimination-chamber-2026-heading-midwest/
1267918398	20251010	202510	2025	2025.7671	NMR	NORTH AMERICA	NMR								SAU	RIYADH	SAU								1	042	042	04	1	1.9	1	1	1	-0.467289719626168	2	Minnesota, United States	US	USMN		45.7326	-93.9196	MN	2	Minnesota, United States	US	USMN		45.7326	-93.9196	MN	2	Minnesota, United States	US	USMN		45.7326	-93.9196	MN	20251010164500	https://www.wrestlinginc.com/1992731/wwe-elimination-chamber-2026-heading-midwest/
1267918399	20251010	202510	2025	2025.7671	NMR	NORTH AMERICA	NMR								USA	UNITED STATES	USA								1	036	036	03	1	4.0	4	1	4	-0.467289719626168	3	Chicago, Illinois, United States	US	USIL	IL031	41.85	-87.6501	423587	2	Minnesota, United States	US	USMN		45.7326	-93.9196	MN	4	Riyadh, Ar Riya?, Saudi Arabia	SA	SA10	25316	24.6408	46.7728	-3093009	20251010164500	https://www.wrestlinginc.com/1992731/wwe-elimination-chamber-2026-heading-midwest/
1267918400	20251010	202510	2025	2025.7671	NOR	NORWEGIAN	NOR																		1	0841	084	08	2	7.0	1	1	1	3.42298288508557	3	White House, District of Columbia, United States	US	USDC		38.8951	-77.0364	531871	0								3	White House, District of Columbia, United States	US	USDC		38.8951	-77.0364	531871	20251010164500	https://tribune.com.pk/story/2571714/white-house-slams-nobel-committee-for-snubbing-trump-in-peace-prize-decision
1267918401	20251010	202510	2025	2025.7671	NOR	NORWEGIAN	NOR																		1	0841	084	08	2	7.0	1	1	1	4.47284345047923	1	Venezuela	VE	VE		8	-66	VE	0								1	Norway	NO	NO		62	10	NO	20251010164500	https://www.geo.tv/latest/627968-white-house-says-nobel-committee-puts-politics-over-peace
1267918402	20251010	202510	2025	2025.7671	NOR	NORWEGIAN	NOR								AFR	AFRICA	AFR								1	046	046	04	1	7.0	4	1	4	7.84313725490196	1	Norway	NO	NO		62	10	NO	1	Norway	NO	NO		62	10	NO	1	Norway	NO	NO		62	10	NO	20251010164500	http://www.bignewsnetwork.com/news/278628936/shakhboot-bin-nahyan-discusses-strengthening-cooperation-in-africa-with-norwegian-special-envoy-to-horn-of-africa
1267918403	20251010	202510	2025	2025.7671	NOR	NORWAY	NOR								CVL	CIVILIAN						CVL			0	040	040	04	1	1.0	1	1	1	4.76190476190476	1	Norway	NO	NO		62	10	NO	1	Iran	IR	IR		32	53	IR	1	Norway	NO	NO		62	10	NO	20251010164500	https://news.webindia123.com/news/Articles/World/20251010/4371178.html
1267918404	20251010	202510	2025	2025.7671	NOR	NORWAY	NOR								VEN	VENEZUELA	VEN								0	013	013	01	1	0.4	2	1	2	1.44578313253012	4	Oslo, Oslo, Norway	NO	NO12	23413	59.9167	10.75	-273837	4	Caracas, Distrito Federal, Venezuela	VE	VE25	31959	10.5	-66.9167	-938457	4	Oslo, Oslo, Norway	NO	NO12	23413	59.9167	10.75	-273837	20251010164500	https://www.pakistantoday.com.pk/2025/10/10/venezuela-opposition-leader-maria-corina-machado-wins-nobel-peace-prize/
1267918405	20251010	202510	2025	2025.7671	NOR	NORWAY	NOR								VEN	VENEZUELA	VEN								0	013	013	01	1	0.4	2	1	2	1.44578313253012	4	Caracas, Distrito Federal, Venezuela	VE	VE25	31959	10.5	-66.9167	-938457	4	Caracas, Distrito Federal, Venezuela	VE	VE25	31959	10.5	-66.9167	-938457	4	Caracas, Distrito Federal, Venezuela	VE	VE25	31959	10.5	-66.9167	-938457	20251010164500	https://www.pakistantoday.com.pk/2025/10/10/venezuela-opposition-leader-maria-corina-machado-wins-nobel-peace-prize/
1267918406	20251010	202510	2025	2025.7671	NOR	NORWAY	NOR								VEN	VENEZUELA	VEN								0	020	020	02	1	3.0	2	1	2	4.76190476190476	4	Caracas, Distrito Federal, Venezuela	VE	VE25	31959	10.5	-66.9167	-938457	4	Caracas, Distrito Federal, Venezuela	VE	VE25	31959	10.5	-66.9167	-938457	4	Caracas, Distrito Federal, Venezuela	VE	VE25	31959	10.5	-66.9167	-938457	20251010164500	https://news.webindia123.com/news/Articles/World/20251010/4371178.html
1267918407	20251010	202510	2025	2025.7671	NOR	NORWAY	NOR								VEN	VENEZUELA	VEN								0	020	020	02	1	3.0	1	1	1	4.76190476190476	1	Norway	NO	NO		62	10	NO	4	Caracas, Distrito Federal, Venezuela	VE	VE25	31959	10.5	-66.9167	-938457	1	Norway	NO	NO		62	10	NO	20251010164500	https://news.webindia123.com/news/Articles/World/20251010/4371178.html
1267918408	20251010	202510	2025	2025.7671	NOR	NORWAY	NOR								VEN	VENEZUELA	VEN								0	020	020	02	1	3.0	1	1	1	4.76190476190476	1	Yemen	YM	YM		15.5	47.5	YM	1	Iran	IR	IR		32	53	IR	1	Yemen	YM	YM		15.5	47.5	YM	20251010164500	https://news.webindia123.com/news/Articles/World/20251010/4371178.html
1267918409	20251010	202510	2025	2025.7671	NOR	NORWAY	NOR								VENOPP	VENEZUELA	VEN					OPP			1	051	051	05	1	3.4	2	1	2	1.44578313253012	3	White House, District of Columbia, United States	US	USDC		38.8951	-77.0364	531871	3	White House, District of Columbia, United States	US	USDC		38.8951	-77.0364	531871	3	White House, District of Columbia, United States	US	USDC		38.8951	-77.0364	531871	20251010164500	https://www.pakistantoday.com.pk/2025/10/10/venezuela-opposition-leader-maria-corina-machado-wins-nobel-peace-prize/
1267918410	20251010	202510	2025	2025.7671	NZL	NEW ZEALAND	NZL																		0	023	023	02	1	3.4	2	1	2	-3.45622119815668	1	New Zealand	NZ	NZ		-42	174	NZ	0								1	New Zealand	NZ	NZ		-42	174	NZ	20251010164500	https://www.odt.co.nz/star-news/star-christchurch/young-man-died-after-eating-meal-peanut-traces-mental-health-facility-rnz
1267918411	20251010	202510	2025	2025.7671	NZL	NEW ZEALAND	NZL																		0	190	190	19	4	-10.0	2	1	2	-2.42468772961058	4	Nairobi, Nairobi Area, Kenya	KE	KE05	18585	-1.28333	36.8167	-2258072	0								4	Nairobi, Nairobi Area, Kenya	KE	KE05	18585	-1.28333	36.8167	-2258072	20251010164500	https://www.nzherald.co.nz/nz/christchurch-cold-case-samuel-njuguna-who-fled-to-kenya-yet-to-be-found-after-2009-murder/SMV2O26DCFA7RLH2RKNTA3NBSQ/
1267918412	20251010	202510	2025	2025.7671	NZL	NEW ZEALAND	NZL								AUS	AUSTRALIA	AUS								1	043	043	04	1	2.8	2	1	2	-2.12765957446808	4	Dover, Tasmania, Australia	AS	AS06	5340	-43.3142	147.015	-1570492	4	Dover, Tasmania, Australia	AS	AS06	5340	-43.3142	147.015	-1570492	4	Dover, Tasmania, Australia	AS	AS06	5340	-43.3142	147.015	-1570492	20251010164500	https://www.odt.co.nz/news/dunedin/quest-find-two-relatives-after-decades
1267918413	20251010	202510	2025	2025.7671	NZL	NEW ZEALAND	NZL								AUS	AUSTRALIA	AUS								1	043	043	04	1	2.8	2	1	2	-2.12765957446808	1	New Zealand	NZ	NZ		-42	174	NZ	4	Dover, Tasmania, Australia	AS	AS06	5340	-43.3142	147.015	-1570492	1	Fiji	FJ	FJ		-18	178	FJ	20251010164500	https://www.odt.co.nz/news/dunedin/quest-find-two-relatives-after-decades
1267918414	20251010	202510	2025	2025.7671	NZL	NEW ZEALAND	NZL								AUS	AUSTRALIA	AUS								1	043	043	04	1	2.8	4	1	4	-2.12765957446808	1	New Zealand	NZ	NZ		-42	174	NZ	4	Dover, Tasmania, Australia	AS	AS06	5340	-43.3142	147.015	-1570492	1	New Zealand	NZ	NZ		-42	174	NZ	20251010164500	https://www.odt.co.nz/news/dunedin/quest-find-two-relatives-after-decades
1267918415	20251010	202510	2025	2025.7671	NZL	NEW ZEALAND	NZL								FJI	FIJI	FJI								1	043	043	04	1	2.8	2	1	2	-2.12765957446808	1	New Zealand	NZ	NZ		-42	174	NZ	1	Fiji	FJ	FJ		-18	178	FJ	1	New Zealand	NZ	NZ		-42	174	NZ	20251010164500	https://www.odt.co.nz/news/dunedin/quest-find-two-relatives-after-decades
1267918416	20251010	202510	2025	2025.7671	NZL	CHRISTCHURCH	NZL								KEN	KENYA	KEN								1	080	080	08	2	5.0	10	1	10	-2.42468772961058	4	Nairobi, Nairobi Area, Kenya	KE	KE05	18585	-1.28333	36.8167	-2258072	4	Nairobi, Nairobi Area, Kenya	KE	KE05	18585	-1.28333	36.8167	-2258072	4	Nairobi, Nairobi Area, Kenya	KE	KE05	18585	-1.28333	36.8167	-2258072	20251010164500	https://www.nzherald.co.nz/nz/christchurch-cold-case-samuel-njuguna-who-fled-to-kenya-yet-to-be-found-after-2009-murder/SMV2O26DCFA7RLH2RKNTA3NBSQ/
1267918417	20251010	202510	2025	2025.7671	NZL	CHRISTCHURCH	NZL								KEN	KENYA	KEN								1	190	190	19	4	-10.0	10	1	10	-2.42468772961058	4	Nairobi, Nairobi Area, Kenya	KE	KE05	18585	-1.28333	36.8167	-2258072	4	Nairobi, Nairobi Area, Kenya	KE	KE05	18585	-1.28333	36.8167	-2258072	4	Nairobi, Nairobi Area, Kenya	KE	KE05	18585	-1.28333	36.8167	-2258072	20251010164500	https://www.nzherald.co.nz/nz/christchurch-cold-case-samuel-njuguna-who-fled-to-kenya-yet-to-be-found-after-2009-murder/SMV2O26DCFA7RLH2RKNTA3NBSQ/
1267918418	20251010	202510	2025	2025.7671	OPP	ACTIVIST						OPP													0	010	010	01	1	0.0	5	1	5	-1.58910329171396	5	Tripura, Tripura, India	IN	IN26	70256	24	92	-2113451	0								5	Tripura, Tripura, India	IN	IN26	70256	24	92	-2113451	20251010164500	https://www.indiawaterportal.org/people-and-culture/migration/dumboor-lake-when-fields-sank-and-farmers-became-fishers-in-tripura
1267918419	20251010	202510	2025	2025.7671	OPP	THE OPPOSITION						OPP													0	112	112	11	3	-2.0	6	1	6	-4.11585365853658	5	Uttarakhand, Uttaranchal, India	IN	IN39	70282	30.25	79.25	6240779	0								5	Uttarakhand, Uttaranchal, India	IN	IN39	70282	30.25	79.25	6240779	20251010164500	https://news.webindia123.com/news/Articles/India/20251010/4371180.html
1267918420	20251010	202510	2025	2025.7671	OPP	PROTESTER						OPP													0	154	154	15	4	-7.2	8	1	8	-1.68350168350168	3	Loyola University, Illinois, United States	US	USIL	IL031	42.0006	-87.6581	412733	0								3	Chicago, Illinois, United States	US	USIL	IL031	41.85	-87.6501	423587	20251010164500	https://capitolfax.com/2025/10/10/isabel%E2%80%99s-morning-briefing-609/
1267918421	20251010	202510	2025	2025.7671	OPP	PROTESTER						OPP													0	190	190	19	4	-10.0	8	1	8	-1.68350168350168	3	Loyola University, Illinois, United States	US	USIL	IL031	42.0006	-87.6581	412733	0								3	Loyola University, Illinois, United States	US	USIL		42.0006	-87.6581	412733	20251010164500	https://capitolfax.com/2025/10/10/isabel%E2%80%99s-morning-briefing-609/
1267918422	20251010	202510	2025	2025.7671	OPP	ACTIVIST						OPP			GOVMIL	KING						GOV	MIL		1	144	144	14	3	-7.5	10	1	10	-3.37301587301588	4	London, London, City of, United Kingdom	UK	UKH9	40110	51.5	-0.116667	-2601889	4	London, London, City of, United Kingdom	UK	UKH9	40110	51.5	-0.116667	-2601889	4	London, London, City of, United Kingdom	UK	UKH9	40110	51.5	-0.116667	-2601889	20251010164500	https://www.attitude.co.uk/news/the-kings-army-turning-point-uk-homophobic-soho-protest-499472/
1267918423	20251010	202510	2025	2025.7671	OPP	ACTIVIST						OPP			INDGOVAGR	SHARAD PAWAR	IND					GOV	AGR		0	110	110	11	3	-2.0	5	1	5	-8.2687338501292	0								0								0								20251010164500	https://www.freepressjournal.in/pune/no-minister-will-roam-freely-mvas-stern-warning-to-govt-over-jalgaon-farmer-relief
1267918424	20251010	202510	2025	2025.7671	OPP	THE OPPOSITION						OPP			PAK	PAKISTAN	PAK								0	130	130	13	3	-4.4	10	1	10	-2.73037542662116	4	Peshawar, North-West Frontier, Pakistan	PK	PK03	40347	34.0078	71.5733	-2771364	4	Peshawar, North-West Frontier, Pakistan	PK	PK03	40347	34.0078	71.5733	-2771364	4	Peshawar, North-West Frontier, Pakistan	PK	PK03	40347	34.0078	71.5733	-2771364	20251010164500	https://www.pakistantoday.com.pk/2025/10/10/gandapur-accepts-khans-decision-rules-out-future-party-or-govt-roles/
1267918425	20251010	202510	2025	2025.7671	OPP	ACTIVIST						OPP			idg	INDIGENOUS			idg						0	010	010	01	1	0.0	5	1	5	-1.58910329171396	5	Tripura, Tripura, India	IN	IN26	70256	24	92	-2113451	5	Tripura, Tripura, India	IN	IN26	70256	24	92	-2113451	5	Tripura, Tripura, India	IN	IN26	70256	24	92	-2113451	20251010164500	https://www.indiawaterportal.org/people-and-culture/migration/dumboor-lake-when-fields-sank-and-farmers-became-fishers-in-tripura
1267918426	20251010	202510	2025	2025.7671	PAK	PAKISTAN	PAK																		1	020	020	02	1	3.0	2	1	2	-11.7391304347826	4	Islamabad, Islamabad, Pakistan	PK	PK08	23674	33.7	73.1667	-2762812	0								4	Kabul, Kabol, Afghanistan	AF	AF13	3580	34.5167	69.1833	-3378435	20251010164500	https://www.khaama.com/dr-abdullah-abdullah-condemns-pakistani-airstrikes-on-kabul-and-paktika/
1267918427	20251010	202510	2025	2025.7671	PAK	PAKISTAN	PAK								AFG	AFGHANISTAN	AFG								0	051	051	05	1	3.4	1	1	1	0.16806722689076	4	Bagram, Parvan, Afghanistan	AF	AF40	99925	34.9669	69.265	-3369796	4	Moscow, Moskva, Russia	RS	RS48	25106	55.7522	37.6156	-2960561	4	Moscow, Moskva, Russia	RS	RS48	25106	55.7522	37.6156	-2960561	20251010164500	https://www.jagonews24.com/en/international/news/86271
1267918428	20251010	202510	2025	2025.7671	PAK	PAKISTAN	PAK								AFG	KABUL	AFG								1	111	111	11	3	-2.0	2	1	2	-11.7391304347826	4	Islamabad, Islamabad, Pakistan	PK	PK08	23674	33.7	73.1667	-2762812	4	Kabul, Kabol, Afghanistan	AF	AF13	3580	34.5167	69.1833	-3378435	4	Kabul, Kabol, Afghanistan	AF	AF13	3580	34.5167	69.1833	-3378435	20251010164500	https://www.khaama.com/dr-abdullah-abdullah-condemns-pakistani-airstrikes-on-kabul-and-paktika/
1267918429	20251010	202510	2025	2025.7671	PAK	PAKISTAN	PAK								AFG	AFGHAN	AFG								1	130	130	13	3	-4.4	1	1	1	0	4	Islamabad, Islamabad, Pakistan	PK	PK08	23674	33.7	73.1667	-2762812	4	New Delhi, Delhi, India	IN	IN07	17911	28.6	77.2	-2106102	4	New Delhi, Delhi, India	IN	IN07	17911	28.6	77.2	-2106102	20251010164500	https://www.freepressjournal.in/world/courage-of-afghans-should-not-be-tested-talibans-foreign-minister-amir-khan-muttaqi-issues-stern-warning-to-pakistan-in-india
1267918430	20251010	202510	2025	2025.7671	PAK	PAKISTAN	PAK								AFG	AFGHANISTAN	AFG								1	130	130	13	3	-4.4	1	1	1	0	4	Islamabad, Islamabad, Pakistan	PK	PK08	23674	33.7	73.1667	-2762812	4	Kabul, Kabol, Afghanistan	AF	AF13	3580	34.5167	69.1833	-3378435	4	New Delhi, Delhi, India	IN	IN07	17911	28.6	77.2	-2106102	20251010164500	https://www.freepressjournal.in/world/courage-of-afghans-should-not-be-tested-talibans-foreign-minister-amir-khan-muttaqi-issues-stern-warning-to-pakistan-in-india
1267918431	20251010	202510	2025	2025.7671	PAK	PAKISTAN	PAK								AFG	AFGHAN	AFG								1	174	174	17	4	-5.0	6	1	6	-2.22222222222222	1	Pakistan	PK	PK		30	70	PK	4	Takhta Pul, Kandahar, Afghanistan	AF	AF23	3596	31.3206	65.9611	-3394399	4	Takhta Pul, Kandahar, Afghanistan	AF	AF23	3596	31.3206	65.9611	-3394399	20251010164500	https://www.cnbctv18.com/world/pakistan-targeting-tehreek-i-taliban-ttp-in-afghanistan-implications-for-india-cross-border-terrorism-explained-19710601.htm
1267918432	20251010	202510	2025	2025.7671	PAK	PAKISTAN	PAK								AFG	AFGHANISTAN	AFG								1	174	174	17	4	-5.0	4	1	4	-2.22222222222222	1	Pakistan	PK	PK		30	70	PK	4	Takhta Pul, Kandahar, Afghanistan	AF	AF23	3596	31.3206	65.9611	-3394399	1	Pakistan	PK	PK		30	70	PK	20251010164500	https://www.cnbctv18.com/world/pakistan-targeting-tehreek-i-taliban-ttp-in-afghanistan-implications-for-india-cross-border-terrorism-explained-19710601.htm
1267918433	20251010	202510	2025	2025.7671	PAK	PAKISTAN	PAK								AFGINSTAL	TALIBAN	AFG	TAL				INS			1	051	051	05	1	3.4	2	1	2	-2.98850574712644	1	Russia	RS	RS		60	100	RS	1	United Kingdom	UK	UK		54	-4	UK	1	United Kingdom	UK	UK		54	-4	UK	20251010164500	https://www.pakistantoday.com.pk/2025/10/10/bombing-kabul/
1267918434	20251010	202510	2025	2025.7671	PAK	PAKISTAN	PAK								AFGINSTAL	TALIBAN	AFG	TAL				INS			1	051	051	05	1	3.4	8	1	8	-2.98850574712644	1	United Kingdom	UK	UK		54	-4	UK	1	United Kingdom	UK	UK		54	-4	UK	1	United Kingdom	UK	UK		54	-4	UK	20251010164500	https://www.pakistantoday.com.pk/2025/10/10/bombing-kabul/
1267918435	20251010	202510	2025	2025.7671	PAK	PAKISTAN	PAK								CHN	CHINA	CHN								1	190	190	19	4	-10.0	4	1	4	-3.37995337995338	4	Islamabad, Islamabad, Pakistan	PK	PK08	23674	33.7	73.1667	-2762812	4	Beijing, Beijing, China	CH	CH22	13001	39.9289	116.388	-1898541	4	New Delhi, Delhi, India	IN	IN07	17911	28.6	77.2	-2106102	20251010164500	https://idrw.org/russias-strategic-tightrope-dismissing-direct-engine-deals-with-pakistan-while-backchanneling-via-china/
1267918436	20251010	202510	2025	2025.7671	PAK	PAKISTAN	PAK								CRM	OUTLAW						CRM			0	130	130	13	3	-4.4	1	1	1	-6.63176265270506	4	Multan, Punjab, Pakistan	PK	PK04	23670	30.1956	71.4753	-2769709	4	Lanjar, Balochistan, Pakistan	PK	PK02	40300	27.4949	66.1966	10674894	4	Multan, Punjab, Pakistan	PK	PK04	23670	30.1956	71.4753	-2769709	20251010164500	https://tribune.com.pk/story/2571707/sindh-home-minister-confirms-lyari-gang-ringleaders-operating-from-iran
1267918437	20251010	202510	2025	2025.7671	PAK	PAKISTAN	PAK								CRM	OUTLAW						CRM			0	130	130	13	3	-4.4	1	1	1	-6.63176265270506	4	Lanjar, Balochistan, Pakistan	PK	PK02	40300	27.4949	66.1966	10674894	4	Lanjar, Balochistan, Pakistan	PK	PK02	40300	27.4949	66.1966	10674894	4	Lanjar, Balochistan, Pakistan	PK	PK02	40300	27.4949	66.1966	10674894	20251010164500	https://tribune.com.pk/story/2571707/sindh-home-minister-confirms-lyari-gang-ringleaders-operating-from-iran
1267918438	20251010	202510	2025	2025.7671	PAK	ISLAMABAD	PAK								GOV	DIRECTOR GENERAL						GOV			1	010	010	01	1	0.0	5	1	5	-7.23327305605786	4	Islamabad, Islamabad, Pakistan	PK	PK08	23674	33.7	73.1667	-2762812	4	Islamabad, Islamabad, Pakistan	PK	PK08	23674	33.7	73.1667	-2762812	4	Islamabad, Islamabad, Pakistan	PK	PK08	23674	33.7	73.1667	-2762812	20251010164500	https://www.geo.tv/latest/627956-analysts-say-dg-isprs-presser-sends-decisive-message-on-national-security
1267918439	20251010	202510	2025	2025.7671	PAK	PAKISTAN	PAK								GOV	CHIEF MINISTER						GOV			0	060	060	06	2	6.0	4	1	4	-2.73037542662116	4	Peshawar, North-West Frontier, Pakistan	PK	PK03	40347	34.0078	71.5733	-2771364	4	Peshawar, North-West Frontier, Pakistan	PK	PK03	40347	34.0078	71.5733	-2771364	4	Peshawar, North-West Frontier, Pakistan	PK	PK03	40347	34.0078	71.5733	-2771364	20251010164500	https://www.pakistantoday.com.pk/2025/10/10/gandapur-accepts-khans-decision-rules-out-future-party-or-govt-roles/
1267918440	20251010	202510	2025	2025.7671	PAK	PAKISTAN	PAK								GOV	MINIST						GOV			1	120	120	12	3	-4.0	4	1	4	-2.73037542662116	4	Peshawar, North-West Frontier, Pakistan	PK	PK03	40347	34.0078	71.5733	-2771364	4	Peshawar, North-West Frontier, Pakistan	PK	PK03	40347	34.0078	71.5733	-2771364	4	Peshawar, North-West Frontier, Pakistan	PK	PK03	40347	34.0078	71.5733	-2771364	20251010164500	https://www.pakistantoday.com.pk/2025/10/10/gandapur-accepts-khans-decision-rules-out-future-party-or-govt-roles/
1267918441	20251010	202510	2025	2025.7671	PAK	PAKISTAN	PAK								HIN	HINDU				HIN					1	112	112	11	3	-2.0	6	1	6	-3.03867403314917	4	New Delhi, Delhi, India	IN	IN07	17911	28.6	77.2	-2106102	4	New Delhi, Delhi, India	IN	IN07	17911	28.6	77.2	-2106102	4	New Delhi, Delhi, India	IN	IN07	17911	28.6	77.2	-2106102	20251010164500	https://timesofindia.indiatimes.com/india/pakistani-hindus-have-rights-on-indian-soil-amit-shah-defends-sir-diffrentiates-between-infiltrators-and-refugees/articleshow/124458545.cms
1267918442	20251010	202510	2025	2025.7671	PAK	PAKISTAN	PAK								HIN	HINDU				HIN					1	112	112	11	3	-2.0	4	1	4	-3.03867403314917	1	Pakistan	PK	PK		30	70	PK	1	Pakistan	PK	PK		30	70	PK	1	Pakistan	PK	PK		30	70	PK	20251010164500	https://timesofindia.indiatimes.com/india/pakistani-hindus-have-rights-on-indian-soil-amit-shah-defends-sir-diffrentiates-between-infiltrators-and-refugees/articleshow/124458545.cms
1267918443	20251010	202510	2025	2025.7671	PAK	PAKISTAN	PAK								MIL	LIEUTENANT COLONEL						MIL			1	190	190	19	4	-10.0	10	1	10	-2.98850574712644	5	Balochistan, Balochistan, Pakistan	PK	PK02	40300	28.4785	65.6436	-2755738	4	Kabul, Kabol, Afghanistan	AF	AF13	3580	34.5167	69.1833	-3378435	5	Balochistan, Balochistan, Pakistan	PK	PK02	40300	28.4785	65.6436	-2755738	20251010164500	https://www.pakistantoday.com.pk/2025/10/10/bombing-kabul/
1267918444	20251010	202510	2025	2025.7671	PAK	PAKISTAN	PAK								RUS	MOSCOW	RUS								0	051	051	05	1	3.4	1	1	1	0.16806722689076	4	Bagram, Parvan, Afghanistan	AF	AF40	99925	34.9669	69.265	-3369796	4	Bagram, Parvan, Afghanistan	AF	AF40	99925	34.9669	69.265	-3369796	4	Bagram, Parvan, Afghanistan	AF	AF40	99925	34.9669	69.265	-3369796	20251010164500	https://www.jagonews24.com/en/international/news/86271
1267918445	20251010	202510	2025	2025.7671	PAK	PAKISTAN	PAK								RUS	RUSSIA	RUS								1	190	190	19	4	-10.0	4	1	4	-3.37995337995338	4	Islamabad, Islamabad, Pakistan	PK	PK08	23674	33.7	73.1667	-2762812	4	Kremlin, Moskva, Russia	RS	RS48	25106	55.7522	37.6156	-2960561	4	New Delhi, Delhi, India	IN	IN07	17911	28.6	77.2	-2106102	20251010164500	https://idrw.org/russias-strategic-tightrope-dismissing-direct-engine-deals-with-pakistan-while-backchanneling-via-china/
1267918446	20251010	202510	2025	2025.7671	PAK	PAKISTAN	PAK								UAF	MILITANT						UAF			0	1124	112	11	3	-2.0	5	1	5	-11.7391304347826	4	Islamabad, Islamabad, Pakistan	PK	PK08	23674	33.7	73.1667	-2762812	4	Islamabad, Islamabad, Pakistan	PK	PK08	23674	33.7	73.1667	-2762812	4	Islamabad, Islamabad, Pakistan	PK	PK08	23674	33.7	73.1667	-2762812	20251010164500	https://www.khaama.com/dr-abdullah-abdullah-condemns-pakistani-airstrikes-on-kabul-and-paktika/
1267918447	20251010	202510	2025	2025.7671	PAKEDU	KARACHI	PAK					EDU			CVL	COMMUNITY						CVL			1	018	018	01	1	3.4	2	1	2	-5.33807829181495	4	Karachi, Sindh, Pakistan	PK	PK05	40398	24.8667	67.05	-2764584	4	Karachi, Sindh, Pakistan	PK	PK05	40398	24.8667	67.05	-2764584	4	Karachi, Sindh, Pakistan	PK	PK05	40398	24.8667	67.05	-2764584	20251010164500	https://www.pakistantoday.com.pk/2025/10/10/ku-student-dies-after-being-hit-by-campus-bus/
1267918448	20251010	202510	2025	2025.7671	PAKGOV	PAKISTAN	PAK					GOV													1	010	010	01	1	0.0	2	1	2	-11.0169491525424	4	Karachi, Sindh, Pakistan	PK	PK05	40398	24.8667	67.05	-2764584	0								4	Karachi, Sindh, Pakistan	PK	PK05	40398	24.8667	67.05	-2764584	20251010164500	https://www.geo.tv/latest/627966-extortion-a-serious-concern-in-karachi-says-home-minister
1267918449	20251010	202510	2025	2025.7671	PAKGOV	KARACHI	PAK					GOV			CVL	COMMUNITY						CVL			1	018	018	01	1	3.4	6	1	6	-5.33807829181495	4	Karachi, Sindh, Pakistan	PK	PK05	40398	24.8667	67.05	-2764584	4	Karachi, Sindh, Pakistan	PK	PK05	40398	24.8667	67.05	-2764584	4	Karachi, Sindh, Pakistan	PK	PK05	40398	24.8667	67.05	-2764584	20251010164500	https://www.pakistantoday.com.pk/2025/10/10/ku-student-dies-after-being-hit-by-campus-bus/
1267918450	20251010	202510	2025	2025.7671	PAKGOV	PAKISTAN	PAK					GOV			GOV	CHANCELLOR						GOV			0	090	090	09	2	-2.0	2	1	2	-7.39795918367347	4	Karachi, Sindh, Pakistan	PK	PK05	40398	24.8667	67.05	-2764584	4	Karachi, Sindh, Pakistan	PK	PK05	40398	24.8667	67.05	-2764584	4	Karachi, Sindh, Pakistan	PK	PK05	40398	24.8667	67.05	-2764584	20251010164500	https://www.geo.tv/latest/627978-ku-female-student-dies-after-being-struck-by-campus-bus
1267918451	20251010	202510	2025	2025.7671	PHL	FILIPINO	PHL								USA	UNITED STATES	USA								1	017	017	01	1	0.0	2	1	2	3.2520325203252	1	Philippines	RP	RP		13	122	RP	3	Clark County, Nevada, United States	US	USNV		36.0003	-114.876	863600	3	Clark County, Nevada, United States	US	USNV		36.0003	-114.876	863600	20251010164500	https://news3lv.com/news/local/community-celebrates-filipino-town-sign-unveiling-las-vegas-clark-county-boulevard-mall-cultural-district-aapi
1267918452	20251010	202510	2025	2025.7671	PHL	FILIPINO	PHL								USA	AMERICAN	USA								1	051	051	05	1	3.4	5	1	5	7.23192019950125	4	Manila, Manila, Philippines	RP	RPD9	24210	14.6042	120.982	-2437894	4	Manila, Manila, Philippines	RP	RPD9	24210	14.6042	120.982	-2437894	4	Manila, Manila, Philippines	RP	RPD9	24210	14.6042	120.982	-2437894	20251010164500	https://qns.com/2025/10/queens-food-tour-filipino-american-history-month/
1267918453	20251010	202510	2025	2025.7671	PHL	FILIPINO	PHL								USA	UNITED STATES	USA								1	051	051	05	1	3.4	2	1	2	3.2520325203252	1	Philippines	RP	RP		13	122	RP	3	Clark County, Nevada, United States	US	USNV		36.0003	-114.876	863600	3	Clark County, Nevada, United States	US	USNV		36.0003	-114.876	863600	20251010164500	https://news3lv.com/news/local/community-celebrates-filipino-town-sign-unveiling-las-vegas-clark-county-boulevard-mall-cultural-district-aapi
1267918454	20251010	202510	2025	2025.7671	PHLCVL	FILIPINO	PHL					CVL													1	017	017	01	1	0.0	2	1	2	3.2520325203252	1	Philippines	RP	RP		13	122	RP	0								1	Philippines	RP	RP		13	122	RP	20251010164500	https://news3lv.com/news/local/community-celebrates-filipino-town-sign-unveiling-las-vegas-clark-county-boulevard-mall-cultural-district-aapi
1267918455	20251010	202510	2025	2025.7671	PHLCVL	FILIPINO	PHL					CVL													1	051	051	05	1	3.4	2	1	2	3.2520325203252	1	Philippines	RP	RP		13	122	RP	0								3	Clark County, Nevada, United States	US	USNV		36.0003	-114.876	863600	20251010164500	https://news3lv.com/news/local/community-celebrates-filipino-town-sign-unveiling-las-vegas-clark-county-boulevard-mall-cultural-district-aapi
1267918456	20251010	202510	2025	2025.7671	PHLCVL	PHILIPPINE	PHL					CVL			USA	UNITED STATES	USA								1	017	017	01	1	0.0	4	1	4	3.2520325203252	1	Philippines	RP	RP		13	122	RP	3	Clark County, Nevada, United States	US	USNV		36.0003	-114.876	863600	1	Philippines	RP	RP		13	122	RP	20251010164500	https://news3lv.com/news/local/community-celebrates-filipino-town-sign-unveiling-las-vegas-clark-county-boulevard-mall-cultural-district-aapi
1267918457	20251010	202510	2025	2025.7671	PHLCVL	PHILIPPINE	PHL					CVL			USA	UNITED STATES	USA								1	051	051	05	1	3.4	2	1	2	3.2520325203252	1	Philippines	RP	RP		13	122	RP	3	Clark County, Nevada, United States	US	USNV		36.0003	-114.876	863600	3	Clark County, Nevada, United States	US	USNV		36.0003	-114.876	863600	20251010164500	https://news3lv.com/news/local/community-celebrates-filipino-town-sign-unveiling-las-vegas-clark-county-boulevard-mall-cultural-district-aapi
1267918458	20251010	202510	2025	2025.7671	PHLCVL	PHILIPPINE	PHL					CVL			USA	UNITED STATES	USA								1	051	051	05	1	3.4	2	1	2	3.2520325203252	1	Philippines	RP	RP		13	122	RP	3	Clark County, Nevada, United States	US	USNV		36.0003	-114.876	863600	1	Philippines	RP	RP		13	122	RP	20251010164500	https://news3lv.com/news/local/community-celebrates-filipino-town-sign-unveiling-las-vegas-clark-county-boulevard-mall-cultural-district-aapi
1267918459	20251010	202510	2025	2025.7671	POL	POLISH	POL																		1	080	080	08	2	5.0	3	1	3	0.26631158455393	4	London, London, City of, United Kingdom	UK	UKH9	40110	51.5	-0.116667	-2601889	0								4	London, London, City of, United Kingdom	UK	UKH9	40110	51.5	-0.116667	-2601889	20251010164500	https://www.dailymail.co.uk/home/you/article-15166663/Wrinkles-dryness-cancer-beauty-editor-Ill-NEVER-gel-manicure-incredible-products-work-just-well.html
1267918460	20251010	202510	2025	2025.7671	POL	POLAND	POL								CVL	POPULATION						CVL			1	010	010	01	1	0.0	3	1	3	-0.45248868778281	1	Poland	PL	PL		52	20	PL	1	Poland	PL	PL		52	20	PL	1	Poland	PL	PL		52	20	PL	20251010164500	https://www.leitrimobserver.ie/news/national-news/1916327/2-000-and-free-christening-parties-on-offer-from-hotel-if-you-conceive-while-staying-there.html
1267918461	20251010	202510	2025	2025.7671	POL	POLAND	POL								MED	CORRESPONDENT						MED			1	010	010	01	1	0.0	3	1	3	-0.45248868778281	1	Poland	PL	PL		52	20	PL	1	Poland	PL	PL		52	20	PL	1	Poland	PL	PL		52	20	PL	20251010164500	https://www.leitrimobserver.ie/news/national-news/1916327/2-000-and-free-christening-parties-on-offer-from-hotel-if-you-conceive-while-staying-there.html
1267918462	20251010	202510	2025	2025.7671	PRT	PORTUGAL	PRT																		1	042	042	04	1	1.9	2	1	2	-3.85852090032155	4	Praia Da Luz, Faro, Portugal	PO	PO09	24764	37.0833	-8.73333	-2168298	0								4	Praia Da Luz, Faro, Portugal	PO	PO09	24764	37.0833	-8.73333	-2168298	20251010164500	https://www.aol.co.uk/articles/madeleine-mccanns-great-aunt-says-162300861.html
1267918463	20251010	202510	2025	2025.7671	PRT	PORTUGAL	PRT																		1	042	042	04	1	1.9	2	1	2	-3.85852090032155	4	Praia Da Luz, Faro, Portugal	PO	PO09	24764	37.0833	-8.73333	-2168298	0								1	Poland	PL	PL		52	20	PL	20251010164500	https://www.aol.co.uk/articles/madeleine-mccanns-great-aunt-says-162300861.html
1267918464	20251010	202510	2025	2025.7671	PSE	GAZA	PSE																		0	043	043	04	1	2.8	1	1	1	-4.89296636085627	1	Gaza Strip	GZ	GZ		31.425074	34.373398	GZ	0								4	Gaza, Israel (general), Israel	IS	IS00	18315	31.4167	34.3333	-797156	20251010164500	https://chapelboro.com/world-news/israeli-military-says-ceasefire-takes-effect-in-gaza-raising-hopes-for-ending-the-war
1267918465	20251010	202510	2025	2025.7671	PSE	GAZA	PSE								GBR	BRITISH	GBR								0	060	060	06	2	6.0	1	1	1	-1.30344108446298	4	Gaza, Israel (general), Israel	IS	IS00	18315	31.4167	34.3333	-797156	1	Indonesia	ID	ID		-5	120	ID	1	Indonesia	ID	ID		-5	120	ID	20251010164500	https://www.ynetnews.com/article/r1eb3piplg
1267918466	20251010	202510	2025	2025.7671	PSE	GAZA	PSE								GBR	BRITISH	GBR								0	060	060	06	2	6.0	1	1	1	-1.30344108446298	4	Gaza, Israel (general), Israel	IS	IS00	18315	31.4167	34.3333	-797156	1	Saudi Arabia	SA	SA		25	45	SA	4	Gaza, Israel (general), Israel	IS	IS00	18315	31.4167	34.3333	-797156	20251010164500	https://www.ynetnews.com/article/r1eb3piplg
1267918467	20251010	202510	2025	2025.7671	PSE	GAZA	PSE								GBRELI	BRITISH	GBR					ELI			0	060	060	06	2	6.0	1	1	1	-1.30344108446298	4	Gaza, Israel (general), Israel	IS	IS00	18315	31.4167	34.3333	-797156	4	Gaza, Israel (general), Israel	IS	IS00	18315	31.4167	34.3333	-797156	4	Gaza, Israel (general), Israel	IS	IS00	18315	31.4167	34.3333	-797156	20251010164500	https://www.ynetnews.com/article/r1eb3piplg
1267918468	20251010	202510	2025	2025.7671	PSE	GAZA	PSE								GBRELI	BRITISH	GBR					ELI			0	060	060	06	2	6.0	1	1	1	-1.30344108446298	4	Gaza, Israel (general), Israel	IS	IS00	18315	31.4167	34.3333	-797156	1	United Kingdom	UK	UK		54	-4	UK	1	United Kingdom	UK	UK		54	-4	UK	20251010164500	https://www.ynetnews.com/article/r1eb3piplg
1267918469	20251010	202510	2025	2025.7671	PSE	GAZA	PSE								GBRGOV	UNITED KINGDOM	GBR					GOV			0	060	060	06	2	6.0	1	1	1	-1.30344108446298	4	Gaza, Israel (general), Israel	IS	IS00	18315	31.4167	34.3333	-797156	1	United Kingdom	UK	UK		54	-4	UK	4	Gaza, Israel (general), Israel	IS	IS00	18315	31.4167	34.3333	-797156	20251010164500	https://www.ynetnews.com/article/r1eb3piplg
1267918470	20251010	202510	2025	2025.7671	PSE	GAZA	PSE								GBRGOV	UNITED KINGDOM	GBR					GOV			0	060	060	06	2	6.0	1	1	1	-1.30344108446298	4	Gaza, Israel (general), Israel	IS	IS00	18315	31.4167	34.3333	-797156	1	United Kingdom	UK	UK		54	-4	UK	1	United Kingdom	UK	UK		54	-4	UK	20251010164500	https://www.ynetnews.com/article/r1eb3piplg
1267918471	20251010	202510	2025	2025.7671	PSE	PALESTINIAN	PSE								ISR	ISRAEL	ISR								1	051	051	05	1	3.4	4	1	4	-2.8235294117647	4	Islamabad, Islamabad, Pakistan	PK	PK08	23674	33.7	73.1667	-2762812	4	Islamabad, Islamabad, Pakistan	PK	PK08	23674	33.7	73.1667	-2762812	4	Islamabad, Islamabad, Pakistan	PK	PK08	23674	33.7	73.1667	-2762812	20251010164500	https://www.geo.tv/latest/627957-internet-services-suspended-in-twin-cities-amid-tlps-march-towards-islamabad
1267918472	20251010	202510	2025	2025.7671	PSE	GAZA	PSE								ISRCVL	ISRAEL	ISR					CVL			0	043	043	04	1	2.8	2	1	2	-1.07003891050583	4	Rafah, Shamal Sina', Egypt	EG	EG27	16446	31.2878	34.2369	-301033	4	Rafah, Shamal Sina', Egypt	EG	EG27	16446	31.2878	34.2369	-301033	4	Rafah, Shamal Sina', Egypt	EG	EG27	16446	31.2878	34.2369	-301033	20251010164500	https://www.ynetnews.com/article/hya5ww86xg
1267918473	20251010	202510	2025	2025.7671	PSE	GAZA	PSE								ISRCVL	ISRAEL	ISR					CVL			0	043	043	04	1	2.8	2	1	2	-1.07003891050583	4	Gaza, Israel (general), Israel	IS	IS00	18315	31.4167	34.3333	-797156	4	Gaza, Israel (general), Israel	IS	IS00	18315	31.4167	34.3333	-797156	4	Gaza, Israel (general), Israel	IS	IS00	18315	31.4167	34.3333	-797156	20251010164500	https://www.ynetnews.com/article/hya5ww86xg
1267918474	20251010	202510	2025	2025.7671	PSE	GAZA	PSE								ISRGOV	ISRAEL	ISR					GOV			0	042	042	04	1	1.9	1	1	1	0.24570024570024	4	Gaza, Israel (general), Israel	IS	IS00	18315	31.4167	34.3333	-797156	4	Sharm El-Sheikh, Janub Sina', Egypt	EG	EG26	66041	27.8518	34.305	-302053	4	Gaza, Israel (general), Israel	IS	IS00	18315	31.4167	34.3333	-797156	20251010164500	https://www.timesnownews.com/world/is-jared-kushner-the-man-behind-the-gaza-peace-deal-article-152978313
1267918475	20251010	202510	2025	2025.7671	PSE	GAZA	PSE								MEDGOV	MEDIA						MED	GOV		1	0256	025	02	1	-0.3	4	1	4	-11	4	Gaza, Israel (general), Israel	IS	IS00	18315	31.4167	34.3333	-797156	4	Gaza, Israel (general), Israel	IS	IS00	18315	31.4167	34.3333	-797156	4	Gaza, Israel (general), Israel	IS	IS00	18315	31.4167	34.3333	-797156	20251010164500	https://www.middleeasteye.net/live-blog/live-blog-update/gaza-officials-call-immediate-war-crimes-probe
1267918476	20251010	202510	2025	2025.7671	PSE	GAZA	PSE								PSECVL	PALESTINIAN	PSE					CVL			0	043	043	04	1	2.8	1	1	1	-1.07003891050583	4	Gaza, Israel (general), Israel	IS	IS00	18315	31.4167	34.3333	-797156	4	Gaza, Israel (general), Israel	IS	IS00	18315	31.4167	34.3333	-797156	4	Gaza, Israel (general), Israel	IS	IS00	18315	31.4167	34.3333	-797156	20251010164500	https://www.ynetnews.com/article/hya5ww86xg
1267918477	20251010	202510	2025	2025.7671	PSE	PALESTINIAN	PSE								PSEREBUAF	HAMAS	PSE					REB	UAF		1	043	043	04	1	2.8	10	1	10	-3.15258511979823	4	Gaza, Israel (general), Israel	IS	IS00	18315	31.4167	34.3333	-797156	4	Gaza, Israel (general), Israel	IS	IS00	18315	31.4167	34.3333	-797156	4	Gaza, Israel (general), Israel	IS	IS00	18315	31.4167	34.3333	-797156	20251010164500	https://www.odt.co.nz/opinion/editorial/dare-we-hope-peace
1267918478	20251010	202510	2025	2025.7671	PSE	PALESTINIAN	PSE								PSEREBUAF	HAMAS	PSE					REB	UAF		1	181	181	18	4	-9.0	10	1	10	-3.15258511979823	4	Gaza, Israel (general), Israel	IS	IS00	18315	31.4167	34.3333	-797156	4	Gaza, Israel (general), Israel	IS	IS00	18315	31.4167	34.3333	-797156	4	Gaza, Israel (general), Israel	IS	IS00	18315	31.4167	34.3333	-797156	20251010164500	https://www.odt.co.nz/opinion/editorial/dare-we-hope-peace
1267918479	20251010	202510	2025	2025.7671	PSE	PALESTINE	PSE								USAGOVDEV	USAID	USA					GOV	DEV		1	051	051	05	1	3.4	4	1	4	-0.94339622641509	4	Gaza, Israel (general), Israel	IS	IS00	18315	31.4167	34.3333	-797156	1	Ukraine	UP	UP		49	32	UP	1	Ukraine	UP	UP		49	32	UP	20251010164500	https://www.penbaypilot.com:443/article/midcoast-local-reflects-three-years-living-middle-east/263395
1267918480	20251010	202510	2025	2025.7671	PSE	PALESTINE	PSE								USAGOVDEV	USAID	USA					GOV	DEV		1	051	051	05	1	3.4	2	1	2	-0.94339622641509	1	United Arab Emirates	AE	AE		24	54	AE	1	United States	US	US		39.828175	-98.5795	US	1	United States	US	US		39.828175	-98.5795	US	20251010164500	https://www.penbaypilot.com:443/article/midcoast-local-reflects-three-years-living-middle-east/263395
1267918481	20251010	202510	2025	2025.7671	PSE	GAZA	PSE								VEN	VENEZUELA	VEN								0	042	042	04	1	1.9	2	1	2	4.76190476190476	3	White House, District of Columbia, United States	US	USDC		38.8951	-77.0364	531871	4	Caracas, Distrito Federal, Venezuela	VE	VE25	31959	10.5	-66.9167	-938457	4	Caracas, Distrito Federal, Venezuela	VE	VE25	31959	10.5	-66.9167	-938457	20251010164500	https://news.webindia123.com/news/Articles/World/20251010/4371178.html
1267918482	20251010	202510	2025	2025.7671	PSECVL	PALESTINIAN	PSE					CVL			PSE	GAZA	PSE								0	042	042	04	1	1.9	1	1	1	-1.07003891050583	4	Gaza, Israel (general), Israel	IS	IS00	18315	31.4167	34.3333	-797156	4	Gaza, Israel (general), Israel	IS	IS00	18315	31.4167	34.3333	-797156	4	Gaza, Israel (general), Israel	IS	IS00	18315	31.4167	34.3333	-797156	20251010164500	https://www.ynetnews.com/article/hya5ww86xg
1267918483	20251010	202510	2025	2025.7671	PSEGOV	GAZA	PSE					GOV			MEDGOV	MEDIA						MED	GOV		1	0256	025	02	1	-0.3	2	1	2	-11	4	Gaza, Israel (general), Israel	IS	IS00	18315	31.4167	34.3333	-797156	4	Gaza, Israel (general), Israel	IS	IS00	18315	31.4167	34.3333	-797156	4	Gaza, Israel (general), Israel	IS	IS00	18315	31.4167	34.3333	-797156	20251010164500	https://www.middleeasteye.net/live-blog/live-blog-update/gaza-officials-call-immediate-war-crimes-probe
1267918484	20251010	202510	2025	2025.7671	PSEREB	HAMAS	PSE					REB													0	080	080	08	2	5.0	1	1	1	-1.30344108446298	1	Indonesia	ID	ID		-5	120	ID	0								1	Indonesia	ID	ID		-5	120	ID	20251010164500	https://www.ynetnews.com/article/r1eb3piplg
1267918485	20251010	202510	2025	2025.7671	PSEREB	HAMAS	PSE					REB													0	130	130	13	3	-4.4	6	1	6	-2.1604938271605	1	Iran	IR	IR		32	53	IR	0								1	Iran	IR	IR		32	53	IR	20251010164500	https://www.dailymail.co.uk/debate/article-15181611/BORIS-JOHNSON-Trump-peace-Gaza-sheer-strength-needs-hard-word-Putin-know-will.html
1267918486	20251010	202510	2025	2025.7671	PSEREB	HAMAS	PSE					REB			GBR	UNITED KINGDOM	GBR								1	051	051	05	1	3.4	2	1	2	-2.33100233100233	4	Gaza, Israel (general), Israel	IS	IS00	18315	31.4167	34.3333	-797156	4	Gaza, Israel (general), Israel	IS	IS00	18315	31.4167	34.3333	-797156	4	Gaza, Israel (general), Israel	IS	IS00	18315	31.4167	34.3333	-797156	20251010164500	https://news.sky.com/story/hamas-official-thanks-donald-trump-for-peace-deal-but-warns-tony-blair-not-welcome-13448166
1267918487	20251010	202510	2025	2025.7671	PSEREB	HAMAS	PSE					REB			GBR	UNITED KINGDOM	GBR								1	051	051	05	1	3.4	2	1	2	-2.33100233100233	1	Afghanistan	AF	AF		33	66	AF	1	Afghanistan	AF	AF		33	66	AF	1	Afghanistan	AF	AF		33	66	AF	20251010164500	https://news.sky.com/story/hamas-official-thanks-donald-trump-for-peace-deal-but-warns-tony-blair-not-welcome-13448166
1267918488	20251010	202510	2025	2025.7671	PSEREB	HAMAS	PSE					REB			GBRELI	TONY BLAIR	GBR					ELI			1	051	051	05	1	3.4	10	1	10	-2.33100233100233	1	United Kingdom	UK	UK		54	-4	UK	1	United Kingdom	UK	UK		54	-4	UK	1	United Kingdom	UK	UK		54	-4	UK	20251010164500	https://news.sky.com/story/hamas-official-thanks-donald-trump-for-peace-deal-but-warns-tony-blair-not-welcome-13448166
1267918489	20251010	202510	2025	2025.7671	PSEREB	HAMAS	PSE					REB			GBRELI	TONY BLAIR	GBR					ELI			1	125	125	12	3	-5.0	10	1	10	-2.33100233100233	1	United Kingdom	UK	UK		54	-4	UK	1	United Kingdom	UK	UK		54	-4	UK	1	United Kingdom	UK	UK		54	-4	UK	20251010164500	https://news.sky.com/story/hamas-official-thanks-donald-trump-for-peace-deal-but-warns-tony-blair-not-welcome-13448166
1267918490	20251010	202510	2025	2025.7671	PSEREB	HAMAS	PSE					REB			GBRGOV	UNITED KINGDOM	GBR					GOV			1	051	051	05	1	3.4	2	1	2	-2.33100233100233	1	United Kingdom	UK	UK		54	-4	UK	1	United Kingdom	UK	UK		54	-4	UK	1	United Kingdom	UK	UK		54	-4	UK	20251010164500	https://news.sky.com/story/hamas-official-thanks-donald-trump-for-peace-deal-but-warns-tony-blair-not-welcome-13448166
1267918491	20251010	202510	2025	2025.7671	PSEREB	HAMAS	PSE					REB			GOV	PRESIDENT						GOV			1	051	051	05	1	3.4	8	1	8	-2.33100233100233	1	United Kingdom	UK	UK		54	-4	UK	1	United Kingdom	UK	UK		54	-4	UK	1	United Kingdom	UK	UK		54	-4	UK	20251010164500	https://news.sky.com/story/hamas-official-thanks-donald-trump-for-peace-deal-but-warns-tony-blair-not-welcome-13448166
1267918492	20251010	202510	2025	2025.7671	PSEREB	HAMAS	PSE					REB			ISR	ISRAELI	ISR								0	043	043	04	1	2.8	7	1	7	1.83150183150183	1	Gaza Strip	GZ	GZ		31.425074	34.373398	GZ	4	Gaza, Israel (general), Israel	IS	IS00	18315	31.4167	34.3333	-797156	4	Gaza, Israel (general), Israel	IS	IS00	18315	31.4167	34.3333	-797156	20251010164500	https://www.yahoo.com/news/articles/qatari-air-force-facility-built-153722652.html
1267918493	20251010	202510	2025	2025.7671	PSEREB	HAMAS	PSE					REB			ISR	ISRAEL	ISR								1	046	046	04	1	7.0	2	1	2	1.83150183150183	1	Qatar	QA	QA		25.5	51.25	QA	2	Idaho, United States	US	USID		44.2394	-114.51	ID	2	Idaho, United States	US	USID		44.2394	-114.51	ID	20251010164500	https://www.yahoo.com/news/articles/qatari-air-force-facility-built-153722652.html
1267918494	20251010	202510	2025	2025.7671	PSEREB	HAMAS	PSE					REB			ISR	ISRAELI	ISR								0	0841	084	08	2	7.0	6	1	6	1.83150183150183	1	Gaza Strip	GZ	GZ		31.425074	34.373398	GZ	4	Gaza, Israel (general), Israel	IS	IS00	18315	31.4167	34.3333	-797156	4	Gaza, Israel (general), Israel	IS	IS00	18315	31.4167	34.3333	-797156	20251010164500	https://www.yahoo.com/news/articles/qatari-air-force-facility-built-153722652.html
1267918495	20251010	202510	2025	2025.7671	PSEREB	HAMAS	PSE					REB			ISR	ISRAEL	ISR								0	0841	084	08	2	7.0	2	1	2	1.83150183150183	1	Gaza Strip	GZ	GZ		31.425074	34.373398	GZ	4	Gaza, Israel (general), Israel	IS	IS00	18315	31.4167	34.3333	-797156	1	Gaza Strip	GZ	GZ		31.425074	34.373398	GZ	20251010164500	https://www.yahoo.com/news/articles/qatari-air-force-facility-built-153722652.html
1267918496	20251010	202510	2025	2025.7671	PSEREB	HAMAS	PSE					REB			ISR	ISRAELI	ISR								0	0841	084	08	2	7.0	2	1	2	1.83150183150183	1	Qatar	QA	QA		25.5	51.25	QA	4	Gaza, Israel (general), Israel	IS	IS00	18315	31.4167	34.3333	-797156	4	Gaza, Israel (general), Israel	IS	IS00	18315	31.4167	34.3333	-797156	20251010164500	https://www.yahoo.com/news/articles/qatari-air-force-facility-built-153722652.html
1267918497	20251010	202510	2025	2025.7671	PSEREB	HAMAS	PSE					REB			ISRCOP	ISRAEL	ISR					COP			0	0841	084	08	2	7.0	4	1	4	-1.9471488178025	4	Gaza, Israel (general), Israel	IS	IS00	18315	31.4167	34.3333	-797156	4	Gaza, Israel (general), Israel	IS	IS00	18315	31.4167	34.3333	-797156	4	Gaza, Israel (general), Israel	IS	IS00	18315	31.4167	34.3333	-797156	20251010164500	https://www.independent.co.uk/news/world/americas/us-politics/us-troops-gaza-israel-ceasefire-b2843241.html
1267918498	20251010	202510	2025	2025.7671	PSEREB	HAMAS	PSE					REB			PSECOP	PALESTINIAN	PSE					COP			0	0841	084	08	2	7.0	2	1	2	-1.9471488178025	4	Gaza, Israel (general), Israel	IS	IS00	18315	31.4167	34.3333	-797156	4	Gaza, Israel (general), Israel	IS	IS00	18315	31.4167	34.3333	-797156	4	Gaza, Israel (general), Israel	IS	IS00	18315	31.4167	34.3333	-797156	20251010164500	https://www.independent.co.uk/news/world/americas/us-politics/us-troops-gaza-israel-ceasefire-b2843241.html
1267918499	20251010	202510	2025	2025.7671	PSEREB	HAMAS	PSE					REB			QAT	QATAR	QAT								0	190	190	19	4	-10.0	4	1	4	-3.78619153674833	4	Doha, Ad Daw?ah, Qatar	QA	QA01	25307	25.2867	51.5333	-785169	4	Doha, Ad Daw?ah, Qatar	QA	QA01	25307	25.2867	51.5333	-785169	4	Doha, Ad Daw?ah, Qatar	QA	QA01	25307	25.2867	51.5333	-785169	20251010164500	https://www.aol.co.uk/articles/blair-kushner-trump-key-people-161640955.html
1267918500	20251010	202510	2025	2025.7671	PSEREB	HAMAS	PSE					REB			QAT	QATAR	QAT								0	190	190	19	4	-10.0	6	1	6	-3.78619153674833	4	Doha, Ad Daw?ah, Qatar	QA	QA01	25307	25.2867	51.5333	-785169	4	Doha, Ad Daw?ah, Qatar	QA	QA01	25307	25.2867	51.5333	-785169	4	Gaza, Israel (general), Israel	IS	IS00	18315	31.4167	34.3333	-797156	20251010164500	https://www.aol.co.uk/articles/blair-kushner-trump-key-people-161640955.html
1267918501	20251010	202510	2025	2025.7671	PSEREBUAF	HAMAS	PSE					REB	UAF		ISR	ISRAEL	ISR								1	042	042	04	1	1.9	2	1	2	-4.01606425702811	4	Gaza, Israel (general), Israel	IS	IS00	18315	31.4167	34.3333	-797156	4	Gaza, Israel (general), Israel	IS	IS00	18315	31.4167	34.3333	-797156	4	Gaza, Israel (general), Israel	IS	IS00	18315	31.4167	34.3333	-797156	20251010164500	https://www.aei.org/articles/wth-the-war-is-never-over/
1267918502	20251010	202510	2025	2025.7671	PSEREBUAF	HAMAS	PSE					REB	UAF		ISR	ISRAEL	ISR								1	057	057	05	1	8.0	10	1	10	-3.15258511979823	4	Gaza, Israel (general), Israel	IS	IS00	18315	31.4167	34.3333	-797156	4	Gaza, Israel (general), Israel	IS	IS00	18315	31.4167	34.3333	-797156	4	Gaza, Israel (general), Israel	IS	IS00	18315	31.4167	34.3333	-797156	20251010164500	https://www.odt.co.nz/opinion/editorial/dare-we-hope-peace
1267918503	20251010	202510	2025	2025.7671	PSEREBUAF	HAMAS	PSE					REB	UAF		PSE	PALESTINIAN	PSE								1	042	042	04	1	1.9	10	1	10	-3.15258511979823	4	Gaza, Israel (general), Israel	IS	IS00	18315	31.4167	34.3333	-797156	4	Gaza, Israel (general), Israel	IS	IS00	18315	31.4167	34.3333	-797156	4	Gaza, Israel (general), Israel	IS	IS00	18315	31.4167	34.3333	-797156	20251010164500	https://www.odt.co.nz/opinion/editorial/dare-we-hope-peace
1267918504	20251010	202510	2025	2025.7671	PTY	DEMOCRATIC PARTY																			0	111	111	11	3	-2.0	3	1	3	-6.21039290240811	4	Gaza, Israel (general), Israel	IS	IS00	18315	31.4167	34.3333	-797156	0								4	Gaza, Israel (general), Israel	IS	IS00	18315	31.4167	34.3333	-797156	20251010164500	https://www.middleeasteye.net/trending/people-gaza-obama-ceasefire-tweet-criticised-dehumanising-language
1267918505	20251010	202510	2025	2025.7671	QAT	QATAR	QAT								ISR	ISRAEL	ISR								0	012	012	01	1	-0.4	1	1	1	-2.73775216138328	4	Doha, Ad Daw?ah, Qatar	QA	QA01	25307	25.2867	51.5333	-785169	4	Gaza, Israel (general), Israel	IS	IS00	18315	31.4167	34.3333	-797156	4	Doha, Ad Daw?ah, Qatar	QA	QA01	25307	25.2867	51.5333	-785169	20251010164500	https://www.theguardian.com/commentisfree/2025/oct/10/donald-trump-gaza-us-benjamin-netanyahu-israel
1267918506	20251010	202510	2025	2025.7671	QAT	QATAR	QAT								ISR	ISRAEL	ISR								0	012	012	01	1	-0.4	1	1	1	-2.73775216138328	1	Qatar	QA	QA		25.5	51.25	QA	1	Qatar	QA	QA		25.5	51.25	QA	1	Qatar	QA	QA		25.5	51.25	QA	20251010164500	https://www.theguardian.com/commentisfree/2025/oct/10/donald-trump-gaza-us-benjamin-netanyahu-israel
1267918507	20251010	202510	2025	2025.7671	QAT	QATARI	QAT								MIL	AIR FORCE						MIL			1	042	042	04	1	1.9	6	3	6	0.847457627118646	1	Qatar	QA	QA		25.5	51.25	QA	3	Mountain Home Air Force Base, Idaho, United States	US	USID		43.0529	-115.866	2512298	1	Qatar	QA	QA		25.5	51.25	QA	20251010164500	https://wsbt.com/news/nation-world/mountain-home-air-force-base-to-host-qatari-air-force-facility-f-15-training
1267918508	20251010	202510	2025	2025.7671	QAT	QATARI	QAT								USA	UNITED STATES	USA								1	042	042	04	1	1.9	6	3	6	0.847457627118646	1	Qatar	QA	QA		25.5	51.25	QA	3	Boise, Idaho, United States	US	USID	ID001	43.6135	-116.203	400590	1	Qatar	QA	QA		25.5	51.25	QA	20251010164500	https://wsbt.com/news/nation-world/mountain-home-air-force-base-to-host-qatari-air-force-facility-f-15-training
1267918509	20251010	202510	2025	2025.7671	QATJUD	QATAR	QAT					JUD			PSEREB	HAMAS	PSE					REB			1	020	020	02	1	3.0	4	1	4	-2.73775216138328	4	Gaza, Israel (general), Israel	IS	IS00	18315	31.4167	34.3333	-797156	4	Gaza, Israel (general), Israel	IS	IS00	18315	31.4167	34.3333	-797156	4	Gaza, Israel (general), Israel	IS	IS00	18315	31.4167	34.3333	-797156	20251010164500	https://www.theguardian.com/commentisfree/2025/oct/10/donald-trump-gaza-us-benjamin-netanyahu-israel
1267918510	20251010	202510	2025	2025.7671	QATMIL	QATARI	QAT					MIL			MIL	AIR FORCE						MIL			1	042	042	04	1	1.9	6	3	6	0.847457627118646	1	Qatar	QA	QA		25.5	51.25	QA	3	Mountain Home Air Force Base, Idaho, United States	US	USID		43.0529	-115.866	2512298	1	Qatar	QA	QA		25.5	51.25	QA	20251010164500	https://wsbt.com/news/nation-world/mountain-home-air-force-base-to-host-qatari-air-force-facility-f-15-training
1267918511	20251010	202510	2025	2025.7671	QATMIL	QATAR	QAT					MIL			USA	UNITED STATES	USA								1	042	042	04	1	1.9	6	3	6	0.847457627118646	1	Qatar	QA	QA		25.5	51.25	QA	3	Mountain Home Air Force Base, Idaho, United States	US	USID		43.0529	-115.866	2512298	3	Mountain Home Air Force Base, Idaho, United States	US	USID		43.0529	-115.866	2512298	20251010164500	https://wsbt.com/news/nation-world/mountain-home-air-force-base-to-host-qatari-air-force-facility-f-15-training
1267918512	20251010	202510	2025	2025.7671	QATMIL	QATAR	QAT					MIL			USA	UNITED STATES	USA								1	042	042	04	1	1.9	6	3	6	0.847457627118646	1	Qatar	QA	QA		25.5	51.25	QA	3	Mountain Home Air Force Base, Idaho, United States	US	USID		43.0529	-115.866	2512298	1	Qatar	QA	QA		25.5	51.25	QA	20251010164500	https://wsbt.com/news/nation-world/mountain-home-air-force-base-to-host-qatari-air-force-facility-f-15-training
1267918513	20251010	202510	2025	2025.7671	QATMIL	QATAR	QAT					MIL			USA	UNITED STATES	USA								1	042	042	04	1	1.9	12	3	12	0.847457627118646	1	Qatar	QA	QA		25.5	51.25	QA	3	Boise, Idaho, United States	US	USID	ID001	43.6135	-116.203	400590	1	Qatar	QA	QA		25.5	51.25	QA	20251010164500	https://wsbt.com/news/nation-world/mountain-home-air-force-base-to-host-qatari-air-force-facility-f-15-training
1267918514	20251010	202510	2025	2025.7671	QATMIL	QATARI	QAT					MIL			USA	IDAHO	USA								1	042	042	04	1	1.9	3	3	3	0.847457627118646	1	Qatar	QA	QA		25.5	51.25	QA	2	Idaho, United States	US	USID		44.2394	-114.51	ID	1	Qatar	QA	QA		25.5	51.25	QA	20251010164500	https://wsbt.com/news/nation-world/mountain-home-air-force-base-to-host-qatari-air-force-facility-f-15-training
1267918515	20251010	202510	2025	2025.7671	RAD	EXTREMIST						RAD			ISR	ISRAEL	ISR								1	036	036	03	1	4.0	3	1	3	-5.24822695035461	4	Jerusalem, Israel (general), Israel	IS	IS00	18315	31.7667	35.2333	-797092	4	Jerusalem, Israel (general), Israel	IS	IS00	18315	31.7667	35.2333	-797092	4	Jerusalem, Israel (general), Israel	IS	IS00	18315	31.7667	35.2333	-797092	20251010164500	https://www.middleeasteye.net/opinion/how-netanyahus-war-islam-fuels-antisemitism-europe
1267918516	20251010	202510	2025	2025.7671	RAD	EXTREMIST						RAD			ISR	ISRAEL	ISR								1	190	190	19	4	-10.0	3	1	3	-5.24822695035461	4	Gaza, Israel (general), Israel	IS	IS00	18315	31.4167	34.3333	-797156	4	Gaza, Israel (general), Israel	IS	IS00	18315	31.4167	34.3333	-797156	4	Gaza, Israel (general), Israel	IS	IS00	18315	31.4167	34.3333	-797156	20251010164500	https://www.middleeasteye.net/opinion/how-netanyahus-war-islam-fuels-antisemitism-europe
1267918517	20251010	202510	2025	2025.7671	REB	UPRISING						REB			IRN	IRANIAN	IRN								0	051	051	05	1	3.4	3	1	3	-4.49050086355786	4	As Iran, Az¯arbayjan-e Sharqi, Iran	IR	IR33	40986	39.0251	47.0697	-3816384	4	As Iran, Az¯arbayjan-e Sharqi, Iran	IR	IR33	40986	39.0251	47.0697	-3816384	4	As Iran, Az¯arbayjan-e Sharqi, Iran	IR	IR33	40986	39.0251	47.0697	-3816384	20251010164500	https://www.foxnews.com/world/uproar-un-elects-china-iran-human-rights-council-positions-without-shame
1267918518	20251010	202510	2025	2025.7671	REB	UPRISING						REB			IRN	IRANIAN	IRN								0	110	110	11	3	-2.0	3	1	3	-4.49050086355786	4	As Iran, Az¯arbayjan-e Sharqi, Iran	IR	IR33	40986	39.0251	47.0697	-3816384	4	As Iran, Az¯arbayjan-e Sharqi, Iran	IR	IR33	40986	39.0251	47.0697	-3816384	4	As Iran, Az¯arbayjan-e Sharqi, Iran	IR	IR33	40986	39.0251	47.0697	-3816384	20251010164500	https://www.foxnews.com/world/uproar-un-elects-china-iran-human-rights-council-positions-without-shame
1267918519	20251010	202510	2025	2025.7671	ROU	ROMANIA									COP	POLICE						COP			0	010	010	01	1	0.0	2	1	2	-4.26540284360189	4	Bucharest, Bucuresti, Romania	RO	RO10	25006	44.4333	26.1	-1153951	4	Bucharest, Bucuresti, Romania	RO	RO10	25006	44.4333	26.1	-1153951	4	Bucharest, Bucuresti, Romania	RO	RO10	25006	44.4333	26.1	-1153951	20251010164500	https://www.dailymail.co.uk/news/article-15178083/Undercover-spy-infiltrated-Newbury-Pass-eco-warriors-unmasked-paedophile-tried-sex-children-young-six.html
1267918520	20251010	202510	2025	2025.7671	ROU	ROMANIA									COP	POLICE						COP			0	060	060	06	2	6.0	2	1	2	-4.26540284360189	4	Bucharest, Bucuresti, Romania	RO	RO10	25006	44.4333	26.1	-1153951	4	Bucharest, Bucuresti, Romania	RO	RO10	25006	44.4333	26.1	-1153951	4	Bucharest, Bucuresti, Romania	RO	RO10	25006	44.4333	26.1	-1153951	20251010164500	https://www.dailymail.co.uk/news/article-15178083/Undercover-spy-infiltrated-Newbury-Pass-eco-warriors-unmasked-paedophile-tried-sex-children-young-six.html
1267918521	20251010	202510	2025	2025.7671	ROU	ROMANIA									GBR	UNITED KINGDOM	GBR								1	040	040	04	1	1.0	4	1	4	-4.26540284360189	4	Bucharest, Bucuresti, Romania	RO	RO10	25006	44.4333	26.1	-1153951	4	Newbury, West Berkshire, United Kingdom	UK	UKP4	40096	51.4	-1.31667	-2603950	4	Bucharest, Bucuresti, Romania	RO	RO10	25006	44.4333	26.1	-1153951	20251010164500	https://www.dailymail.co.uk/news/article-15178083/Undercover-spy-infiltrated-Newbury-Pass-eco-warriors-unmasked-paedophile-tried-sex-children-young-six.html
1267918522	20251010	202510	2025	2025.7671	ROU	ROMANIA									SLE	SIERRA LEONE	SLE								0	042	042	04	1	1.9	2	1	2	-4.26540284360189	4	Bucharest, Bucuresti, Romania	RO	RO10	25006	44.4333	26.1	-1153951	1	Dominican Republic	DR	DR		19	-70.666667	DR	1	Dominican Republic	DR	DR		19	-70.666667	DR	20251010164500	https://www.dailymail.co.uk/news/article-15178083/Undercover-spy-infiltrated-Newbury-Pass-eco-warriors-unmasked-paedophile-tried-sex-children-young-six.html
1267918523	20251010	202510	2025	2025.7671	ROU	ROMANIA									SLE	SIERRA LEONE	SLE								0	042	042	04	1	1.9	2	1	2	-4.26540284360189	4	Bucharest, Bucuresti, Romania	RO	RO10	25006	44.4333	26.1	-1153951	1	Sierra Leone	SL	SL		8.5	-11.5	SL	4	Bucharest, Bucuresti, Romania	RO	RO10	25006	44.4333	26.1	-1153951	20251010164500	https://www.dailymail.co.uk/news/article-15178083/Undercover-spy-infiltrated-Newbury-Pass-eco-warriors-unmasked-paedophile-tried-sex-children-young-six.html
1267918524	20251010	202510	2025	2025.7671	ROUGOVMIL	ROMANIA						GOV	MIL		DEU	GERMAN	DEU								1	060	060	06	2	6.0	7	1	7	0	1	Germany	GM	GM		51.5	10.5	GM	1	Romania	RO	RO		46	25	RO	1	Germany	GM	GM		51.5	10.5	GM	20251010164500	https://www.romania-insider.com/romania-drone-detection-rheinmetall-2025
1267918525	20251010	202510	2025	2025.7671	RUS	RUSSIA	RUS																		0	020	020	02	1	3.0	2	1	2	1.203007518797	4	Lomonosov, Sankt-Peterburg, Russia	RS	RS66	25095	59.9061	29.7725	-2947561	0								4	Lomonosov, Sankt-Peterburg, Russia	RS	RS66	25095	59.9061	29.7725	-2947561	20251010164500	https://idrw.org/india-russia-in-talks-for-construction-of-ice-class-shipping-vessels/
1267918526	20251010	202510	2025	2025.7671	RUS	RUSSIA	RUS																		0	020	020	02	1	3.0	2	1	2	1.203007518797	4	To Panov, Khakasiya, Russia	RS	RS31	25066	54.5433	89.6592	-2953666	0								4	Chennai, Tamil Nadu, India	IN	IN25	70251	13.0833	80.2833	-2103041	20251010164500	https://idrw.org/india-russia-in-talks-for-construction-of-ice-class-shipping-vessels/
1267918527	20251010	202510	2025	2025.7671	RUS	RUSSIA	RUS																		0	030	030	03	1	4.0	2	1	2	-6.58385093167702	4	Moscow, Moskva, Russia	RS	RS48	25106	55.7522	37.6156	-2960561	0								3	Washington, District of Columbia, United States	US	USDC	DC001	38.8951	-77.0364	531871	20251010164500	https://www.channelstv.com/2025/10/10/russian-attack-batters-ukraine-energy-grid-kills-seven-year-old/
1267918528	20251010	202510	2025	2025.7671	RUS	MOSCOW	RUS																		1	051	051	05	1	3.4	6	1	6	-3.37995337995338	4	Moscow, Moskva, Russia	RS	RS48	25106	55.7522	37.6156	-2960561	0								4	New Delhi, Delhi, India	IN	IN07	17911	28.6	77.2	-2106102	20251010164500	https://idrw.org/russias-strategic-tightrope-dismissing-direct-engine-deals-with-pakistan-while-backchanneling-via-china/
1267918529	20251010	202510	2025	2025.7671	RUS	RUSSIA	RUS																		0	163	163	16	4	-8.0	5	1	5	-3.37995337995338	4	Moscow, Moskva, Russia	RS	RS48	25106	55.7522	37.6156	-2960561	0								4	New Delhi, Delhi, India	IN	IN07	17911	28.6	77.2	-2106102	20251010164500	https://idrw.org/russias-strategic-tightrope-dismissing-direct-engine-deals-with-pakistan-while-backchanneling-via-china/
1267918530	20251010	202510	2025	2025.7671	RUS	MOSCOW	RUS								AFG	AFGHANISTAN	AFG								0	012	012	01	1	-0.4	5	1	5	-5.95238095238095	4	Moscow, Moskva, Russia	RS	RS48	25106	55.7522	37.6156	-2960561	4	Moscow, Moskva, Russia	RS	RS48	25106	55.7522	37.6156	-2960561	4	Moscow, Moskva, Russia	RS	RS48	25106	55.7522	37.6156	-2960561	20251010164500	https://www.khaama.com/putin-warns-afghanistan-still-faces-serious-security-and-stability-challenges/
1267918531	20251010	202510	2025	2025.7671	RUS	MOSCOW	RUS								AFG	AFGHANISTAN	AFG								0	012	012	01	1	-0.4	5	1	5	-5.95238095238095	4	Moscow, Moskva, Russia	RS	RS48	25106	55.7522	37.6156	-2960561	1	Afghanistan	AF	AF		33	66	AF	4	Moscow, Moskva, Russia	RS	RS48	25106	55.7522	37.6156	-2960561	20251010164500	https://www.khaama.com/putin-warns-afghanistan-still-faces-serious-security-and-stability-challenges/
1267918532	20251010	202510	2025	2025.7671	RUS	MOSCOW	RUS								AFG	AFGHANISTAN	AFG								0	050	050	05	1	3.5	7	1	7	-5.95238095238095	4	Moscow, Moskva, Russia	RS	RS48	25106	55.7522	37.6156	-2960561	1	Afghanistan	AF	AF		33	66	AF	4	Moscow, Moskva, Russia	RS	RS48	25106	55.7522	37.6156	-2960561	20251010164500	https://www.khaama.com/putin-warns-afghanistan-still-faces-serious-security-and-stability-challenges/
1267918533	20251010	202510	2025	2025.7671	RUS	MOSCOW	RUS								AFG	AFGHANISTAN	AFG								0	051	051	05	1	3.4	3	1	3	-5.95238095238095	4	Moscow, Moskva, Russia	RS	RS48	25106	55.7522	37.6156	-2960561	1	Afghanistan	AF	AF		33	66	AF	4	Moscow, Moskva, Russia	RS	RS48	25106	55.7522	37.6156	-2960561	20251010164500	https://www.khaama.com/putin-warns-afghanistan-still-faces-serious-security-and-stability-challenges/
1267918534	20251010	202510	2025	2025.7671	RUS	RUSSIA	RUS								AFG	AFGHANISTAN	AFG								0	051	051	05	1	3.4	1	1	1	0.16806722689076	4	Bagram, Parvan, Afghanistan	AF	AF40	99925	34.9669	69.265	-3369796	4	Moscow, Moskva, Russia	RS	RS48	25106	55.7522	37.6156	-2960561	4	Bagram, Parvan, Afghanistan	AF	AF40	99925	34.9669	69.265	-3369796	20251010164500	https://www.jagonews24.com/en/international/news/86271
1267918535	20251010	202510	2025	2025.7671	RUS	RUSSIA	RUS								AFGELIGOV	MOHAMMAD NAJIBULLAH	AFG					ELI	GOV		0	080	080	08	2	5.0	1	1	1	0.16806722689076	1	Pakistan	PK	PK		30	70	PK	1	Pakistan	PK	PK		30	70	PK	1	Pakistan	PK	PK		30	70	PK	20251010164500	https://www.jagonews24.com/en/international/news/86271
1267918536	20251010	202510	2025	2025.7671	RUS	MOSCOW	RUS								AFGINSTAL	TALIBAN	AFG	TAL				INS			0	046	046	04	1	7.0	3	1	3	-5.95238095238095	4	Moscow, Moskva, Russia	RS	RS48	25106	55.7522	37.6156	-2960561	4	Moscow, Moskva, Russia	RS	RS48	25106	55.7522	37.6156	-2960561	4	Moscow, Moskva, Russia	RS	RS48	25106	55.7522	37.6156	-2960561	20251010164500	https://www.khaama.com/putin-warns-afghanistan-still-faces-serious-security-and-stability-challenges/
1267918537	20251010	202510	2025	2025.7671	RUS	RUSSIA	RUS								BUS	AIRLINE						BUS			1	172	172	17	4	-5.0	2	1	2	-3.89221556886228	1	Russia	RS	RS		60	100	RS	4	Beijing, Beijing, China	CH	CH22	13001	39.9289	116.388	-1898541	1	Russia	RS	RS		60	100	RS	20251010164500	https://www.el-balad.com/6728859
1267918538	20251010	202510	2025	2025.7671	RUS	RUSSIA	RUS								CHN	CHINA	CHN								0	010	010	01	1	0.0	1	1	1	-3.51270553064275	4	Gaza, Israel (general), Israel	IS	IS00	18315	31.4167	34.3333	-797156	4	Gaza, Israel (general), Israel	IS	IS00	18315	31.4167	34.3333	-797156	4	Gaza, Israel (general), Israel	IS	IS00	18315	31.4167	34.3333	-797156	20251010164500	https://www.pakistantoday.com.pk/2025/10/10/high-stakes-games-in-the-middle-east/
1267918539	20251010	202510	2025	2025.7671	RUS	RUSSIA	RUS								CHN	CHINA	CHN								1	010	010	01	1	0.0	3	1	2	-3.51270553064275	1	China	CH	CH		35	105	CH	1	China	CH	CH		35	105	CH	1	Russia	RS	RS		60	100	RS	20251010164500	https://www.pakistantoday.com.pk/2025/10/10/high-stakes-games-in-the-middle-east/
1267918540	20251010	202510	2025	2025.7671	RUS	RUSSIA	RUS								CHN	CHINA	CHN								1	010	010	01	1	0.0	11	1	8	-3.51270553064275	1	Russia	RS	RS		60	100	RS	1	China	CH	CH		35	105	CH	1	Russia	RS	RS		60	100	RS	20251010164500	https://www.pakistantoday.com.pk/2025/10/10/high-stakes-games-in-the-middle-east/
1267918541	20251010	202510	2025	2025.7671	RUS	RUSSIA	RUS								CHN	CHINA	CHN								1	011	011	01	1	-0.1	4	1	4	-3.37995337995338	4	Kremlin, Moskva, Russia	RS	RS48	25106	55.7522	37.6156	-2960561	4	Beijing, Beijing, China	CH	CH22	13001	39.9289	116.388	-1898541	4	Kremlin, Moskva, Russia	RS	RS48	25106	55.7522	37.6156	-2960561	20251010164500	https://idrw.org/russias-strategic-tightrope-dismissing-direct-engine-deals-with-pakistan-while-backchanneling-via-china/
1267918542	20251010	202510	2025	2025.7671	RUS	RUSSIA	RUS								CHN	CHINESE	CHN								0	080	080	08	2	5.0	1	1	1	1.203007518797	4	Petersburg, Sankt-Peterburg, Russia	RS	RS66	25095	59.8944	30.2642	-2996338	4	Shanghai, Shanghai, China	CH	CH23	13243	31.2222	121.458	-1924465	4	Petersburg, Sankt-Peterburg, Russia	RS	RS66	25095	59.8944	30.2642	-2996338	20251010164500	https://idrw.org/india-russia-in-talks-for-construction-of-ice-class-shipping-vessels/
1267918543	20251010	202510	2025	2025.7671	RUS	RUSSIA	RUS								CHN	CHINESE	CHN								0	080	080	08	2	5.0	1	1	1	1.203007518797	4	Petersburg, Sankt-Peterburg, Russia	RS	RS66	25095	59.8944	30.2642	-2996338	4	To Panov, Khakasiya, Russia	RS	RS31	25066	54.5433	89.6592	-2953666	4	To Panov, Khakasiya, Russia	RS	RS31	25066	54.5433	89.6592	-2953666	20251010164500	https://idrw.org/india-russia-in-talks-for-construction-of-ice-class-shipping-vessels/
1267918544	20251010	202510	2025	2025.7671	RUS	RUSSIA	RUS								CHN	BEIJING	CHN								0	141	141	14	3	-6.5	4	1	4	-3.37995337995338	4	Moscow, Moskva, Russia	RS	RS48	25106	55.7522	37.6156	-2960561	4	Beijing, Beijing, China	CH	CH22	13001	39.9289	116.388	-1898541	4	Beijing, Beijing, China	CH	CH22	13001	39.9289	116.388	-1898541	20251010164500	https://idrw.org/russias-strategic-tightrope-dismissing-direct-engine-deals-with-pakistan-while-backchanneling-via-china/
1267918545	20251010	202510	2025	2025.7671	RUS	RUSSIA	RUS								CHN	CHINA	CHN								0	141	141	14	3	-6.5	1	1	1	-3.37995337995338	4	Moscow, Moskva, Russia	RS	RS48	25106	55.7522	37.6156	-2960561	4	Beijing, Beijing, China	CH	CH22	13001	39.9289	116.388	-1898541	4	Moscow, Moskva, Russia	RS	RS48	25106	55.7522	37.6156	-2960561	20251010164500	https://idrw.org/russias-strategic-tightrope-dismissing-direct-engine-deals-with-pakistan-while-backchanneling-via-china/
1267918546	20251010	202510	2025	2025.7671	RUS	RUSSIA	RUS								CHN	CHINA	CHN								0	141	141	14	3	-6.5	2	1	2	-3.37995337995338	4	Moscow, Moskva, Russia	RS	RS48	25106	55.7522	37.6156	-2960561	4	Moscow, Moskva, Russia	RS	RS48	25106	55.7522	37.6156	-2960561	4	Beijing, Beijing, China	CH	CH22	13001	39.9289	116.388	-1898541	20251010164500	https://idrw.org/russias-strategic-tightrope-dismissing-direct-engine-deals-with-pakistan-while-backchanneling-via-china/
1267918547	20251010	202510	2025	2025.7671	RUS	RUSSIAN	RUS								ELI	FIRST LADY						ELI			1	040	040	04	1	1.0	2	1	2	-5.13833992094862	4	Kremlin, Moskva, Russia	RS	RS48	25106	55.7522	37.6156	-2960561	4	Kremlin, Moskva, Russia	RS	RS48	25106	55.7522	37.6156	-2960561	4	Kremlin, Moskva, Russia	RS	RS48	25106	55.7522	37.6156	-2960561	20251010164500	https://news.sky.com/story/melania-trump-eight-ukrainian-children-taken-into-russia-have-been-reunited-with-families-13448191
1267918548	20251010	202510	2025	2025.7671	RUS	RUSSIAN	RUS								ELI	FIRST LADY						ELI			1	040	040	04	1	1.0	32	8	32	-4.51229270461294	1	Russia	RS	RS		60	100	RS	1	Russia	RS	RS		60	100	RS	1	Russia	RS	RS		60	100	RS	20251010164500	https://www.gazetteherald.co.uk/news/national/25534861.melania-trump-says-eight-children-reunited-families-talks-putin/
1267918549	20251010	202510	2025	2025.7671	RUS	VLADIMIR	RUS								ELI	FIRST LADY						ELI			0	040	040	04	1	1.0	1	1	1	-2.22222222222223	1	Ukraine	UP	UP		49	32	UP	1	Russia	RS	RS		60	100	RS	1	Ukraine	UP	UP		49	32	UP	20251010164500	https://www.kyivpost.com/post/61868
1267918550	20251010	202510	2025	2025.7671	RUS	VLADIMIR	RUS								ELI	FIRST LADY						ELI			0	040	040	04	1	1.0	4	1	4	-2.22222222222223	1	Ukraine	UP	UP		49	32	UP	1	Ukraine	UP	UP		49	32	UP	1	Ukraine	UP	UP		49	32	UP	20251010164500	https://www.kyivpost.com/post/61868
1267918551	20251010	202510	2025	2025.7671	RUS	RUSSIAN	RUS								ELI	FIRST LADY						ELI			1	046	046	04	1	7.0	2	1	2	-4.26540284360189	1	Russia	RS	RS		60	100	RS	1	Ukraine	UP	UP		49	32	UP	1	Russia	RS	RS		60	100	RS	20251010164500	https://www.newsweek.com/melania-trump-announcement-today-russia-ukraine-children-putin-10861846
1267918552	20251010	202510	2025	2025.7671	RUS	RUSSIA	RUS								ELI	FIRST LADY						ELI			1	181	181	18	4	-9.0	2	1	2	-1.16959064327485	3	White House, District of Columbia, United States	US	USDC		38.8951	-77.0364	531871	1	Ukraine	UP	UP		49	32	UP	3	White House, District of Columbia, United States	US	USDC		38.8951	-77.0364	531871	20251010164500	https://starlocalmedia.com/news/national/melania-trump-says-has-open-channel-with-putin-on-ukrainian-kids/article_8ec480bd-ef51-58e1-9b8a-cccd1418fdcb.html
1267918553	20251010	202510	2025	2025.7671	RUS	RUSSIA	RUS								GBR	UNITED KINGDOM	GBR								0	190	190	19	4	-10.0	2	1	2	-2.98850574712644	1	Russia	RS	RS		60	100	RS	1	United Kingdom	UK	UK		54	-4	UK	1	United States	US	US		39.828175	-98.5795	US	20251010164500	https://www.pakistantoday.com.pk/2025/10/10/bombing-kabul/
1267918554	20251010	202510	2025	2025.7671	RUS	RUSSIA	RUS								GOV	SOVEREIGN						GOV			0	111	111	11	3	-2.0	1	1	1	-5.41237113402061	4	Moscow, Moskva, Russia	RS	RS48	25106	55.7522	37.6156	-2960561	4	Moscow, Moskva, Russia	RS	RS48	25106	55.7522	37.6156	-2960561	4	Moscow, Moskva, Russia	RS	RS48	25106	55.7522	37.6156	-2960561	20251010164500	http://www.heraldglobe.com/news/278628850/eu-could-fail-to-strike-deal-on-frozen-russian-assets-media
1267918555	20251010	202510	2025	2025.7671	RUS	RUSSIA	RUS								GOV	SOVEREIGN						GOV			0	111	111	11	3	-2.0	1	1	1	-5.41237113402061	1	Belgium	BE	BE		50.833333	4	BE	4	Moscow, Moskva, Russia	RS	RS48	25106	55.7522	37.6156	-2960561	4	Moscow, Moskva, Russia	RS	RS48	25106	55.7522	37.6156	-2960561	20251010164500	http://www.heraldglobe.com/news/278628850/eu-could-fail-to-strike-deal-on-frozen-russian-assets-media
1267918556	20251010	202510	2025	2025.7671	RUS	VLADIMIR	RUS								IND	NEW DELHI	IND								1	040	040	04	1	1.0	5	1	5	1.203007518797	4	Lomonosov, Sankt-Peterburg, Russia	RS	RS66	25095	59.9061	29.7725	-2947561	4	Lomonosov, Sankt-Peterburg, Russia	RS	RS66	25095	59.9061	29.7725	-2947561	4	Lomonosov, Sankt-Peterburg, Russia	RS	RS66	25095	59.9061	29.7725	-2947561	20251010164500	https://idrw.org/india-russia-in-talks-for-construction-of-ice-class-shipping-vessels/
1267918557	20251010	202510	2025	2025.7671	RUS	VLADIMIR	RUS								MED	WRITER						MED			1	013	013	01	1	0.4	1	1	1	1.203007518797	4	New Delhi, Delhi, India	IN	IN07	17911	28.6	77.2	-2106102	4	To Panov, Khakasiya, Russia	RS	RS31	25066	54.5433	89.6592	-2953666	4	To Panov, Khakasiya, Russia	RS	RS31	25066	54.5433	89.6592	-2953666	20251010164500	https://idrw.org/india-russia-in-talks-for-construction-of-ice-class-shipping-vessels/
1267918558	20251010	202510	2025	2025.7671	RUS	RUSSIA	RUS								MED	WRITER						MED			1	013	013	01	1	0.4	4	1	4	1.203007518797	4	To Panov, Khakasiya, Russia	RS	RS31	25066	54.5433	89.6592	-2953666	4	To Panov, Khakasiya, Russia	RS	RS31	25066	54.5433	89.6592	-2953666	4	To Panov, Khakasiya, Russia	RS	RS31	25066	54.5433	89.6592	-2953666	20251010164500	https://idrw.org/india-russia-in-talks-for-construction-of-ice-class-shipping-vessels/
1267918559	20251010	202510	2025	2025.7671	RUS	VLADIMIR	RUS								MED	WRITER						MED			1	040	040	04	1	1.0	2	1	2	1.203007518797	4	New Delhi, Delhi, India	IN	IN07	17911	28.6	77.2	-2106102	4	To Panov, Khakasiya, Russia	RS	RS31	25066	54.5433	89.6592	-2953666	4	New Delhi, Delhi, India	IN	IN07	17911	28.6	77.2	-2106102	20251010164500	https://idrw.org/india-russia-in-talks-for-construction-of-ice-class-shipping-vessels/
1267918560	20251010	202510	2025	2025.7671	RUS	RUSSIAN	RUS								MED	MEDIA						MED			1	138	138	13	3	-7.0	14	2	14	-5.8829620765832	4	Moscow, Moskva, Russia	RS	RS48	25106	55.7522	37.6156	-2960561	4	Moscow, Moskva, Russia	RS	RS48	25106	55.7522	37.6156	-2960561	4	Moscow, Moskva, Russia	RS	RS48	25106	55.7522	37.6156	-2960561	20251010164500	http://www.bignewsnetwork.com/news/278628875/us-sanctions-serbian-oil-major-over-russia-ties
1267918561	20251010	202510	2025	2025.7671	RUS	RUSSIAN	RUS								MED	MEDIA						MED			0	138	138	13	3	-7.0	1	1	1	-6.51041666666666	4	Moscow, Moskva, Russia	RS	RS48	25106	55.7522	37.6156	-2960561	4	Pancevo, , Serbia	RI	RI00	47629	44.8708	20.6403	-91405	4	Moscow, Moskva, Russia	RS	RS48	25106	55.7522	37.6156	-2960561	20251010164500	http://www.bignewsnetwork.com/news/278628875/us-sanctions-serbian-oil-major-over-russia-ties
1267918562	20251010	202510	2025	2025.7671	RUS	RUSSIAN	RUS								MED	MEDIA						MED			0	138	138	13	3	-7.0	1	1	1	-6.51041666666666	4	Belgrade, Serbia (general),	RB	RB00	47629	44.8186	20.4681	-74897	4	Belgrade, Serbia (general),	RB	RB00	47629	44.8186	20.4681	-74897	4	Belgrade, Serbia (general),	RB	RB00	47629	44.8186	20.4681	-74897	20251010164500	http://www.bignewsnetwork.com/news/278628875/us-sanctions-serbian-oil-major-over-russia-ties
1267918563	20251010	202510	2025	2025.7671	RUS	MOSCOW	RUS								MIL	MILITARY						MIL			0	012	012	01	1	-0.4	7	1	7	-5.95238095238095	4	Moscow, Moskva, Russia	RS	RS48	25106	55.7522	37.6156	-2960561	4	Moscow, Moskva, Russia	RS	RS48	25106	55.7522	37.6156	-2960561	1	Afghanistan	AF	AF		33	66	AF	20251010164500	https://www.khaama.com/putin-warns-afghanistan-still-faces-serious-security-and-stability-challenges/
1267918564	20251010	202510	2025	2025.7671	RUS	MOSCOW	RUS								MIL	MILITARY						MIL			0	050	050	05	1	3.5	7	1	7	-5.95238095238095	4	Moscow, Moskva, Russia	RS	RS48	25106	55.7522	37.6156	-2960561	4	Moscow, Moskva, Russia	RS	RS48	25106	55.7522	37.6156	-2960561	4	Moscow, Moskva, Russia	RS	RS48	25106	55.7522	37.6156	-2960561	20251010164500	https://www.khaama.com/putin-warns-afghanistan-still-faces-serious-security-and-stability-challenges/
1267918565	20251010	202510	2025	2025.7671	RUS	RUSSIA	RUS								PAK	PAKISTAN	PAK								1	011	011	01	1	-0.1	2	1	2	-3.37995337995338	4	Kremlin, Moskva, Russia	RS	RS48	25106	55.7522	37.6156	-2960561	4	Islamabad, Islamabad, Pakistan	PK	PK08	23674	33.7	73.1667	-2762812	4	Kremlin, Moskva, Russia	RS	RS48	25106	55.7522	37.6156	-2960561	20251010164500	https://idrw.org/russias-strategic-tightrope-dismissing-direct-engine-deals-with-pakistan-while-backchanneling-via-china/
1267918566	20251010	202510	2025	2025.7671	RUS	RUSSIA	RUS								PAK	PAKISTAN	PAK								1	190	190	19	4	-10.0	4	1	4	-3.37995337995338	4	Kremlin, Moskva, Russia	RS	RS48	25106	55.7522	37.6156	-2960561	4	Islamabad, Islamabad, Pakistan	PK	PK08	23674	33.7	73.1667	-2762812	4	New Delhi, Delhi, India	IN	IN07	17911	28.6	77.2	-2106102	20251010164500	https://idrw.org/russias-strategic-tightrope-dismissing-direct-engine-deals-with-pakistan-while-backchanneling-via-china/
1267918567	20251010	202510	2025	2025.7671	RUS	RUSSIA	RUS								PAKMIL	PAKISTAN	PAK					MIL			0	190	190	19	4	-10.0	2	1	2	-2.98850574712644	1	Russia	RS	RS		60	100	RS	5	Balochistan, Balochistan, Pakistan	PK	PK02	40300	28.4785	65.6436	-2755738	1	United States	US	US		39.828175	-98.5795	US	20251010164500	https://www.pakistantoday.com.pk/2025/10/10/bombing-kabul/
1267918568	20251010	202510	2025	2025.7671	RUS	RUSSIA	RUS								PAKMIL	PAKISTAN	PAK					MIL			0	195	195	19	4	-10.0	10	1	10	-3.37995337995338	4	Moscow, Moskva, Russia	RS	RS48	25106	55.7522	37.6156	-2960561	4	Islamabad, Islamabad, Pakistan	PK	PK08	23674	33.7	73.1667	-2762812	4	Islamabad, Islamabad, Pakistan	PK	PK08	23674	33.7	73.1667	-2762812	20251010164500	https://idrw.org/russias-strategic-tightrope-dismissing-direct-engine-deals-with-pakistan-while-backchanneling-via-china/
1267918569	20251010	202510	2025	2025.7671	RUS	RUSSIA	RUS								RUSELI	RUSSIA	RUS					ELI			1	181	181	18	4	-9.0	2	1	2	-1.16959064327485	1	Ukraine	UP	UP		49	32	UP	1	Ukraine	UP	UP		49	32	UP	1	Ukraine	UP	UP		49	32	UP	20251010164500	https://starlocalmedia.com/news/national/melania-trump-says-has-open-channel-with-putin-on-ukrainian-kids/article_8ec480bd-ef51-58e1-9b8a-cccd1418fdcb.html
1267918570	20251010	202510	2025	2025.7671	RUS	RUSSIAN	RUS								RUSGOV	VLADIMIR PUTIN	RUS					GOV			0	036	036	03	1	4.0	1	1	1	1.203007518797	4	Chennai, Tamil Nadu, India	IN	IN25	70251	13.0833	80.2833	-2103041	4	Chennai, Tamil Nadu, India	IN	IN25	70251	13.0833	80.2833	-2103041	4	Chennai, Tamil Nadu, India	IN	IN25	70251	13.0833	80.2833	-2103041	20251010164500	https://idrw.org/india-russia-in-talks-for-construction-of-ice-class-shipping-vessels/
1267918571	20251010	202510	2025	2025.7671	RUS	RUSSIAN	RUS								RUSGOV	VLADIMIR PUTIN	RUS					GOV			0	036	036	03	1	4.0	1	1	1	1.203007518797	4	To Panov, Khakasiya, Russia	RS	RS31	25066	54.5433	89.6592	-2953666	4	To Panov, Khakasiya, Russia	RS	RS31	25066	54.5433	89.6592	-2953666	4	Chennai, Tamil Nadu, India	IN	IN25	70251	13.0833	80.2833	-2103041	20251010164500	https://idrw.org/india-russia-in-talks-for-construction-of-ice-class-shipping-vessels/
1267918572	20251010	202510	2025	2025.7671	RUS	RUSSIAN	RUS								RUSMIL	RUSSIA	RUS					MIL			0	046	046	04	1	7.0	1	1	1	-2.93515358361775	4	Kyiv, Kyyiv, Misto, Ukraine	UP	UP12	28554	50.4333	30.5167	-1044367	4	Kremlin, Moskva, Russia	RS	RS48	25106	55.7522	37.6156	-2960561	4	Kremlin, Moskva, Russia	RS	RS48	25106	55.7522	37.6156	-2960561	20251010164500	https://www.shtfplan.com/headline-news/giving-tomahawk-cruise-missiles-to-ukraine-would-be-an-absolutely-insane-thing-to-do
1267918573	20251010	202510	2025	2025.7671	RUS	RUSSIAN	RUS								RUSMIL	RUSSIA	RUS					MIL			0	046	046	04	1	7.0	1	1	1	-2.93515358361775	4	Kremlin, Moskva, Russia	RS	RS48	25106	55.7522	37.6156	-2960561	4	Kremlin, Moskva, Russia	RS	RS48	25106	55.7522	37.6156	-2960561	4	Kyiv, Kyyiv, Misto, Ukraine	UP	UP12	28554	50.4333	30.5167	-1044367	20251010164500	https://www.shtfplan.com/headline-news/giving-tomahawk-cruise-missiles-to-ukraine-would-be-an-absolutely-insane-thing-to-do
1267918574	20251010	202510	2025	2025.7671	RUS	RUSSIA	RUS								RUSMIL	RUSSIAN	RUS					MIL			0	046	046	04	1	7.0	3	1	3	-2.93515358361775	4	Kremlin, Moskva, Russia	RS	RS48	25106	55.7522	37.6156	-2960561	4	Kremlin, Moskva, Russia	RS	RS48	25106	55.7522	37.6156	-2960561	4	Kremlin, Moskva, Russia	RS	RS48	25106	55.7522	37.6156	-2960561	20251010164500	https://www.shtfplan.com/headline-news/giving-tomahawk-cruise-missiles-to-ukraine-would-be-an-absolutely-insane-thing-to-do
1267918575	20251010	202510	2025	2025.7671	RUS	RUSSIA	RUS								SEP	MUJAHIDEEN						SEP			0	051	051	05	1	3.4	1	1	1	0.16806722689076	1	Pakistan	PK	PK		30	70	PK	4	Kabul, Kabol, Afghanistan	AF	AF13	3580	34.5167	69.1833	-3378435	4	Kabul, Kabol, Afghanistan	AF	AF13	3580	34.5167	69.1833	-3378435	20251010164500	https://www.jagonews24.com/en/international/news/86271
1267918576	20251010	202510	2025	2025.7671	RUS	RUSSIA	RUS								UKR	UKRAINE	UKR								0	010	010	01	1	0.0	10	1	10	-0.35778175313059	4	Taipei, T'ai-pei, Taiwan	TW	TW03	13277	25.0478	121.532	-2637882	4	Taipei, T'ai-pei, Taiwan	TW	TW03	13277	25.0478	121.532	-2637882	4	Taipei, T'ai-pei, Taiwan	TW	TW03	13277	25.0478	121.532	-2637882	20251010164500	https://focustaiwan.tw:443/politics/202510100017
1267918577	20251010	202510	2025	2025.7671	RUS	RUSSIA	RUS								UKR	UKRAINE	UKR								1	010	010	01	1	0.0	2	2	2	-0.6035214922697	4	Kremlin, Moskva, Russia	RS	RS48	25106	55.7522	37.6156	-2960561	4	Kyiv, Kyyiv, Misto, Ukraine	UP	UP12	28554	50.4333	30.5167	-1044367	4	Kyiv, Kyyiv, Misto, Ukraine	UP	UP12	28554	50.4333	30.5167	-1044367	20251010164500	https://tass.com/politics/2028143
1267918578	20251010	202510	2025	2025.7671	RUS	RUSSIA	RUS								UKR	UKRAINE	UKR								1	125	125	12	3	-5.0	2	1	2	1.72811059907835	4	Moscow, Moskva, Russia	RS	RS48	25106	55.7522	37.6156	-2960561	4	Kiev, Ukraine (general), Ukraine	UP	UP00	28554	50.4333	30.5167	-1044367	3	Anchorage, Alaska, United States	US	USAK	AK020	61.2181	-149.9	1398242	20251010164500	https://tass.com/politics/2028143
1267918579	20251010	202510	2025	2025.7671	RUS	RUSSIA	RUS								UKR	UKRAINE	UKR								1	181	181	18	4	-9.0	2	1	2	-1.16959064327485	1	Russia	RS	RS		60	100	RS	1	Russia	RS	RS		60	100	RS	1	Russia	RS	RS		60	100	RS	20251010164500	https://starlocalmedia.com/news/national/melania-trump-says-has-open-channel-with-putin-on-ukrainian-kids/article_8ec480bd-ef51-58e1-9b8a-cccd1418fdcb.html
1267918580	20251010	202510	2025	2025.7671	RUS	RUSSIA	RUS								UKR	UKRAINE	UKR								1	181	181	18	4	-9.0	2	1	2	-1.16959064327485	1	Russia	RS	RS		60	100	RS	1	Ukraine	UP	UP		49	32	UP	1	Russia	RS	RS		60	100	RS	20251010164500	https://starlocalmedia.com/news/national/melania-trump-says-has-open-channel-with-putin-on-ukrainian-kids/article_8ec480bd-ef51-58e1-9b8a-cccd1418fdcb.html
1267918581	20251010	202510	2025	2025.7671	RUS	RUSSIAN	RUS								UKRELI	UKRAINE	UKR					ELI			1	046	046	04	1	7.0	2	1	2	-4.26540284360189	1	Ukraine	UP	UP		49	32	UP	1	Ukraine	UP	UP		49	32	UP	1	Ukraine	UP	UP		49	32	UP	20251010164500	https://www.newsweek.com/melania-trump-announcement-today-russia-ukraine-children-putin-10861846
1267918582	20251010	202510	2025	2025.7671	RUS	RUSSIA	RUS								USA	UNITED STATES	USA								1	010	010	01	1	0.0	4	1	4	1.72811059907835	4	Moscow, Moskva, Russia	RS	RS48	25106	55.7522	37.6156	-2960561	4	Moscow, Moskva, Russia	RS	RS48	25106	55.7522	37.6156	-2960561	4	Moscow, Moskva, Russia	RS	RS48	25106	55.7522	37.6156	-2960561	20251010164500	https://tass.com/politics/2028143
1267918583	20251010	202510	2025	2025.7671	RUS	RUSSIA	RUS								USA	UNITED STATES	USA								1	010	010	01	1	0.0	2	1	2	1.72811059907835	4	Moscow, Moskva, Russia	RS	RS48	25106	55.7522	37.6156	-2960561	3	Anchorage, Alaska, United States	US	USAK	AK020	61.2181	-149.9	1398242	4	Kiev, Ukraine (general), Ukraine	UP	UP00	28554	50.4333	30.5167	-1044367	20251010164500	https://tass.com/politics/2028143
1267918584	20251010	202510	2025	2025.7671	RUS	RUSSIA	RUS								USA	UNITED STATES	USA								1	010	010	01	1	0.0	2	1	2	1.72811059907835	2	Alaska, United States	US	USAK		61.385	-152.268	AK	3	Anchorage, Alaska, United States	US	USAK	AK020	61.2181	-149.9	1398242	4	Kiev, Ukraine (general), Ukraine	UP	UP00	28554	50.4333	30.5167	-1044367	20251010164500	https://tass.com/politics/2028143
1267918585	20251010	202510	2025	2025.7671	RUS	RUSSIA	RUS								USA	THE US	USA								1	040	040	04	1	1.0	11	2	11	1.10388782453044	4	Moscow, Moskva, Russia	RS	RS48	25106	55.7522	37.6156	-2960561	4	Moscow, Moskva, Russia	RS	RS48	25106	55.7522	37.6156	-2960561	4	Moscow, Moskva, Russia	RS	RS48	25106	55.7522	37.6156	-2960561	20251010164500	https://tass.com/politics/2028143
1267918586	20251010	202510	2025	2025.7671	RUS	RUSSIA	RUS								USA	UNITED STATES	USA								1	125	125	12	3	-5.0	4	1	4	1.72811059907835	4	Moscow, Moskva, Russia	RS	RS48	25106	55.7522	37.6156	-2960561	3	Anchorage, Alaska, United States	US	USAK	AK020	61.2181	-149.9	1398242	3	Anchorage, Alaska, United States	US	USAK	AK020	61.2181	-149.9	1398242	20251010164500	https://tass.com/politics/2028143
1267918587	20251010	202510	2025	2025.7671	RUS	RUSSIA	RUS								USA	UNITED STATES	USA								1	125	125	12	3	-5.0	4	1	4	1.72811059907835	2	Alaska, United States	US	USAK		61.385	-152.268	AK	3	Anchorage, Alaska, United States	US	USAK	AK020	61.2181	-149.9	1398242	3	Anchorage, Alaska, United States	US	USAK	AK020	61.2181	-149.9	1398242	20251010164500	https://tass.com/politics/2028143
1267918588	20251010	202510	2025	2025.7671	RUS	RUSSIA	RUS								USA	UNITED STATES	USA								0	190	190	19	4	-10.0	1	1	1	-2.98850574712644	1	Russia	RS	RS		60	100	RS	1	Russia	RS	RS		60	100	RS	1	United States	US	US		39.828175	-98.5795	US	20251010164500	https://www.pakistantoday.com.pk/2025/10/10/bombing-kabul/
1267918589	20251010	202510	2025	2025.7671	RUS	RUSSIA	RUS								USA	UNITED STATES	USA								0	190	190	19	4	-10.0	1	1	1	-2.98850574712644	1	Russia	RS	RS		60	100	RS	1	United States	US	US		39.828175	-98.5795	US	1	United States	US	US		39.828175	-98.5795	US	20251010164500	https://www.pakistantoday.com.pk/2025/10/10/bombing-kabul/
1267918590	20251010	202510	2025	2025.7671	RUSGOV	VLADIMIR PUTIN	RUS					GOV			AFG	AFGHANISTAN	AFG								1	130	130	13	3	-4.4	5	1	5	-5.95238095238095	4	Moscow, Moskva, Russia	RS	RS48	25106	55.7522	37.6156	-2960561	4	Moscow, Moskva, Russia	RS	RS48	25106	55.7522	37.6156	-2960561	4	Moscow, Moskva, Russia	RS	RS48	25106	55.7522	37.6156	-2960561	20251010164500	https://www.khaama.com/putin-warns-afghanistan-still-faces-serious-security-and-stability-challenges/
1267918591	20251010	202510	2025	2025.7671	RUSGOV	RUSSIAN	RUS					GOV			ELI	FIRST LADY						ELI			1	040	040	04	1	1.0	3	1	3	-5.13833992094862	4	Kremlin, Moskva, Russia	RS	RS48	25106	55.7522	37.6156	-2960561	4	Kremlin, Moskva, Russia	RS	RS48	25106	55.7522	37.6156	-2960561	4	Kremlin, Moskva, Russia	RS	RS48	25106	55.7522	37.6156	-2960561	20251010164500	https://news.sky.com/story/melania-trump-eight-ukrainian-children-taken-into-russia-have-been-reunited-with-families-13448191
1267918592	20251010	202510	2025	2025.7671	RUSGOV	RUSSIAN	RUS					GOV			ELI	FIRST LADY						ELI			1	040	040	04	1	1.0	48	8	48	-4.51229270461294	1	Russia	RS	RS		60	100	RS	1	Russia	RS	RS		60	100	RS	1	Russia	RS	RS		60	100	RS	20251010164500	https://www.gazetteherald.co.uk/news/national/25534861.melania-trump-says-eight-children-reunited-families-talks-putin/
1267918593	20251010	202510	2025	2025.7671	RUSGOV	RUSSIAN	RUS					GOV			ELI	FIRST LADY						ELI			1	181	181	18	4	-9.0	6	1	6	-1.16959064327485	3	White House, District of Columbia, United States	US	USDC		38.8951	-77.0364	531871	1	Ukraine	UP	UP		49	32	UP	3	White House, District of Columbia, United States	US	USDC		38.8951	-77.0364	531871	20251010164500	https://starlocalmedia.com/news/national/melania-trump-says-has-open-channel-with-putin-on-ukrainian-kids/article_8ec480bd-ef51-58e1-9b8a-cccd1418fdcb.html
1267918594	20251010	202510	2025	2025.7671	RUSGOV	VLADIMIR PUTIN	RUS					GOV			RUS	RUSSIAN	RUS								0	036	036	03	1	4.0	1	1	1	1.203007518797	4	Chennai, Tamil Nadu, India	IN	IN25	70251	13.0833	80.2833	-2103041	4	Chennai, Tamil Nadu, India	IN	IN25	70251	13.0833	80.2833	-2103041	4	Chennai, Tamil Nadu, India	IN	IN25	70251	13.0833	80.2833	-2103041	20251010164500	https://idrw.org/india-russia-in-talks-for-construction-of-ice-class-shipping-vessels/
1267918595	20251010	202510	2025	2025.7671	RUSGOV	VLADIMIR PUTIN	RUS					GOV			RUS	RUSSIAN	RUS								0	036	036	03	1	4.0	1	1	1	1.203007518797	4	To Panov, Khakasiya, Russia	RS	RS31	25066	54.5433	89.6592	-2953666	4	To Panov, Khakasiya, Russia	RS	RS31	25066	54.5433	89.6592	-2953666	4	Chennai, Tamil Nadu, India	IN	IN25	70251	13.0833	80.2833	-2103041	20251010164500	https://idrw.org/india-russia-in-talks-for-construction-of-ice-class-shipping-vessels/
1267918596	20251010	202510	2025	2025.7671	RUSGOV	RUSSIAN	RUS					GOV			RUS	RUSSIA	RUS								1	181	181	18	4	-9.0	6	1	6	-1.16959064327485	1	Russia	RS	RS		60	100	RS	1	Russia	RS	RS		60	100	RS	1	Russia	RS	RS		60	100	RS	20251010164500	https://starlocalmedia.com/news/national/melania-trump-says-has-open-channel-with-putin-on-ukrainian-kids/article_8ec480bd-ef51-58e1-9b8a-cccd1418fdcb.html
1267918597	20251010	202510	2025	2025.7671	RUSGOV	RUSSIA	RUS					GOV			RUSGOV	VLADIMIR PUTIN	RUS					GOV			0	036	036	03	1	4.0	2	1	2	1.203007518797	4	Chennai, Tamil Nadu, India	IN	IN25	70251	13.0833	80.2833	-2103041	4	To Panov, Khakasiya, Russia	RS	RS31	25066	54.5433	89.6592	-2953666	4	To Panov, Khakasiya, Russia	RS	RS31	25066	54.5433	89.6592	-2953666	20251010164500	https://idrw.org/india-russia-in-talks-for-construction-of-ice-class-shipping-vessels/
1267918598	20251010	202510	2025	2025.7671	RUSGOV	VLADIMIR PUTIN	RUS					GOV			RUSGOV	RUSSIA	RUS					GOV			0	036	036	03	1	4.0	2	1	2	1.203007518797	4	To Panov, Khakasiya, Russia	RS	RS31	25066	54.5433	89.6592	-2953666	4	Chennai, Tamil Nadu, India	IN	IN25	70251	13.0833	80.2833	-2103041	4	To Panov, Khakasiya, Russia	RS	RS31	25066	54.5433	89.6592	-2953666	20251010164500	https://idrw.org/india-russia-in-talks-for-construction-of-ice-class-shipping-vessels/
1267918599	20251010	202510	2025	2025.7671	RUSGOV	VLADIMIR PUTIN	RUS					GOV			RUSGOV	RUSSIAN	RUS					GOV			0	036	036	03	1	4.0	8	1	4	1.203007518797	4	To Panov, Khakasiya, Russia	RS	RS31	25066	54.5433	89.6592	-2953666	4	To Panov, Khakasiya, Russia	RS	RS31	25066	54.5433	89.6592	-2953666	4	Chennai, Tamil Nadu, India	IN	IN25	70251	13.0833	80.2833	-2103041	20251010164500	https://idrw.org/india-russia-in-talks-for-construction-of-ice-class-shipping-vessels/
1267918600	20251010	202510	2025	2025.7671	RUSGOV	RUSSIAN	RUS					GOV			RUSGOV	VLADIMIR PUTIN	RUS					GOV			1	040	040	04	1	1.0	6	1	6	-1.16959064327485	1	Russia	RS	RS		60	100	RS	1	Russia	RS	RS		60	100	RS	1	Russia	RS	RS		60	100	RS	20251010164500	https://starlocalmedia.com/news/national/melania-trump-says-has-open-channel-with-putin-on-ukrainian-kids/article_8ec480bd-ef51-58e1-9b8a-cccd1418fdcb.html
1267918601	20251010	202510	2025	2025.7671	RUSGOV	RUSSIAN	RUS					GOV			UKR	UKRAINIAN	UKR								1	046	046	04	1	7.0	6	1	6	-5.13833992094862	4	Kremlin, Moskva, Russia	RS	RS48	25106	55.7522	37.6156	-2960561	1	Ukraine	UP	UP		49	32	UP	4	Kremlin, Moskva, Russia	RS	RS48	25106	55.7522	37.6156	-2960561	20251010164500	https://news.sky.com/story/melania-trump-eight-ukrainian-children-taken-into-russia-have-been-reunited-with-families-13448191
1267918602	20251010	202510	2025	2025.7671	RUSGOV	RUSSIA	RUS					GOV			USAGOV	UNITED STATES	USA					GOV			1	040	040	04	1	1.0	1	1	1	-5.13833992094862	4	Kremlin, Moskva, Russia	RS	RS48	25106	55.7522	37.6156	-2960561	4	Kremlin, Moskva, Russia	RS	RS48	25106	55.7522	37.6156	-2960561	4	Kremlin, Moskva, Russia	RS	RS48	25106	55.7522	37.6156	-2960561	20251010164500	https://news.sky.com/story/melania-trump-eight-ukrainian-children-taken-into-russia-have-been-reunited-with-families-13448191
1267918603	20251010	202510	2025	2025.7671	RUSGOV	RUSSIAN	RUS					GOV			USAGOV	ALASKA	USA					GOV			1	040	040	04	1	1.0	2	1	2	-5.13833992094862	4	Kremlin, Moskva, Russia	RS	RS48	25106	55.7522	37.6156	-2960561	2	Alaska, United States	US	USAK		61.385	-152.268	AK	4	Kremlin, Moskva, Russia	RS	RS48	25106	55.7522	37.6156	-2960561	20251010164500	https://news.sky.com/story/melania-trump-eight-ukrainian-children-taken-into-russia-have-been-reunited-with-families-13448191
1267918604	20251010	202510	2025	2025.7671	RUSMIL	RUSSIA	RUS					MIL													0	046	046	04	1	7.0	1	1	1	-2.93515358361775	4	Kyiv, Kyyiv, Misto, Ukraine	UP	UP12	28554	50.4333	30.5167	-1044367	0								4	Kremlin, Moskva, Russia	RS	RS48	25106	55.7522	37.6156	-2960561	20251010164500	https://www.shtfplan.com/headline-news/giving-tomahawk-cruise-missiles-to-ukraine-would-be-an-absolutely-insane-thing-to-do
1267918605	20251010	202510	2025	2025.7671	RUSMIL	RUSSIA	RUS					MIL													0	046	046	04	1	7.0	1	1	1	-2.93515358361775	4	Kremlin, Moskva, Russia	RS	RS48	25106	55.7522	37.6156	-2960561	0								4	Kremlin, Moskva, Russia	RS	RS48	25106	55.7522	37.6156	-2960561	20251010164500	https://www.shtfplan.com/headline-news/giving-tomahawk-cruise-missiles-to-ukraine-would-be-an-absolutely-insane-thing-to-do
1267918606	20251010	202510	2025	2025.7671	RUSMIL	RUSSIAN	RUS					MIL			RUS	RUSSIA	RUS								0	010	010	01	1	0.0	3	1	3	-2.93515358361775	4	Kremlin, Moskva, Russia	RS	RS48	25106	55.7522	37.6156	-2960561	4	Kremlin, Moskva, Russia	RS	RS48	25106	55.7522	37.6156	-2960561	4	Kremlin, Moskva, Russia	RS	RS48	25106	55.7522	37.6156	-2960561	20251010164500	https://www.shtfplan.com/headline-news/giving-tomahawk-cruise-missiles-to-ukraine-would-be-an-absolutely-insane-thing-to-do
1267918607	20251010	202510	2025	2025.7671	RUSMIL	RUSSIA	RUS					MIL			RUS	RUSSIA	RUS								0	013	013	01	1	0.4	1	1	1	-2.93515358361775	4	Kyiv, Kyyiv, Misto, Ukraine	UP	UP12	28554	50.4333	30.5167	-1044367	4	Kremlin, Moskva, Russia	RS	RS48	25106	55.7522	37.6156	-2960561	4	Kremlin, Moskva, Russia	RS	RS48	25106	55.7522	37.6156	-2960561	20251010164500	https://www.shtfplan.com/headline-news/giving-tomahawk-cruise-missiles-to-ukraine-would-be-an-absolutely-insane-thing-to-do
1267918608	20251010	202510	2025	2025.7671	RUSMIL	RUSSIA	RUS					MIL			RUS	RUSSIA	RUS								0	013	013	01	1	0.4	1	1	1	-2.93515358361775	4	Kremlin, Moskva, Russia	RS	RS48	25106	55.7522	37.6156	-2960561	4	Kremlin, Moskva, Russia	RS	RS48	25106	55.7522	37.6156	-2960561	4	Kremlin, Moskva, Russia	RS	RS48	25106	55.7522	37.6156	-2960561	20251010164500	https://www.shtfplan.com/headline-news/giving-tomahawk-cruise-missiles-to-ukraine-would-be-an-absolutely-insane-thing-to-do
1267918609	20251010	202510	2025	2025.7671	RUSMIL	RUSSIA	RUS					MIL			RUS	RUSSIAN	RUS								0	046	046	04	1	7.0	1	1	1	-2.93515358361775	4	Kyiv, Kyyiv, Misto, Ukraine	UP	UP12	28554	50.4333	30.5167	-1044367	4	Kyiv, Kyyiv, Misto, Ukraine	UP	UP12	28554	50.4333	30.5167	-1044367	4	Kremlin, Moskva, Russia	RS	RS48	25106	55.7522	37.6156	-2960561	20251010164500	https://www.shtfplan.com/headline-news/giving-tomahawk-cruise-missiles-to-ukraine-would-be-an-absolutely-insane-thing-to-do
1267918610	20251010	202510	2025	2025.7671	RUSMIL	RUSSIAN	RUS					MIL			RUS	RUSSIA	RUS								0	046	046	04	1	7.0	3	1	3	-2.93515358361775	4	Kyiv, Kyyiv, Misto, Ukraine	UP	UP12	28554	50.4333	30.5167	-1044367	4	Kremlin, Moskva, Russia	RS	RS48	25106	55.7522	37.6156	-2960561	4	Kremlin, Moskva, Russia	RS	RS48	25106	55.7522	37.6156	-2960561	20251010164500	https://www.shtfplan.com/headline-news/giving-tomahawk-cruise-missiles-to-ukraine-would-be-an-absolutely-insane-thing-to-do
1267918611	20251010	202510	2025	2025.7671	RUSMIL	RUSSIA	RUS					MIL			RUS	RUSSIAN	RUS								0	046	046	04	1	7.0	1	1	1	-2.93515358361775	4	Kremlin, Moskva, Russia	RS	RS48	25106	55.7522	37.6156	-2960561	4	Kremlin, Moskva, Russia	RS	RS48	25106	55.7522	37.6156	-2960561	4	Kremlin, Moskva, Russia	RS	RS48	25106	55.7522	37.6156	-2960561	20251010164500	https://www.shtfplan.com/headline-news/giving-tomahawk-cruise-missiles-to-ukraine-would-be-an-absolutely-insane-thing-to-do
1267918612	20251010	202510	2025	2025.7671	RWA	RWANDA	RWA								JOR	JORDAN	JOR								1	050	050	05	1	3.5	2	1	2	4.41767068273092	4	Kigali, (RW09), Rwanda	RW	RW09	21996	-1.95361	30.0606	-2181358	4	Kigali, (RW09), Rwanda	RW	RW09	21996	-1.95361	30.0606	-2181358	4	Kigali, (RW09), Rwanda	RW	RW09	21996	-1.95361	30.0606	-2181358	20251010164500	http://www.rnanews.com/rwanda-and-jordan-sign-memoranda-of-understanding-to-enhance-cooperation/
1267918613	20251010	202510	2025	2025.7671	RWA	RWANDA	RWA								JOR	JORDAN	JOR								1	050	050	05	1	3.5	8	1	8	4.41767068273092	4	Kigali, (RW09), Rwanda	RW	RW09	21996	-1.95361	30.0606	-2181358	1	Jordan	JO	JO		31	36	JO	4	Kigali, (RW09), Rwanda	RW	RW09	21996	-1.95361	30.0606	-2181358	20251010164500	http://www.rnanews.com/rwanda-and-jordan-sign-memoranda-of-understanding-to-enhance-cooperation/
1267918614	20251010	202510	2025	2025.7671	RWA	RWANDA	RWA								JOR	JORDAN	JOR								1	057	057	05	1	8.0	10	1	10	4.41767068273092	4	Kigali, (RW09), Rwanda	RW	RW09	21996	-1.95361	30.0606	-2181358	4	Kigali, (RW09), Rwanda	RW	RW09	21996	-1.95361	30.0606	-2181358	4	Kigali, (RW09), Rwanda	RW	RW09	21996	-1.95361	30.0606	-2181358	20251010164500	http://www.rnanews.com/rwanda-and-jordan-sign-memoranda-of-understanding-to-enhance-cooperation/
1267918615	20251010	202510	2025	2025.7671	SAS	SOUTH ASIA	SAS								PAK	PAKISTAN	PAK								1	016	016	01	1	-2.0	4	1	4	-3.37995337995338	4	New Delhi, Delhi, India	IN	IN07	17911	28.6	77.2	-2106102	4	Moscow, Moskva, Russia	RS	RS48	25106	55.7522	37.6156	-2960561	4	Moscow, Moskva, Russia	RS	RS48	25106	55.7522	37.6156	-2960561	20251010164500	https://idrw.org/russias-strategic-tightrope-dismissing-direct-engine-deals-with-pakistan-while-backchanneling-via-china/
1267918616	20251010	202510	2025	2025.7671	SAS	SOUTH ASIA	SAS								PAK	PAKISTAN	PAK								1	016	016	01	1	-2.0	6	1	6	-3.37995337995338	4	Moscow, Moskva, Russia	RS	RS48	25106	55.7522	37.6156	-2960561	4	Moscow, Moskva, Russia	RS	RS48	25106	55.7522	37.6156	-2960561	4	Moscow, Moskva, Russia	RS	RS48	25106	55.7522	37.6156	-2960561	20251010164500	https://idrw.org/russias-strategic-tightrope-dismissing-direct-engine-deals-with-pakistan-while-backchanneling-via-china/
1267918617	20251010	202510	2025	2025.7671	SAU	SAUDI ARABIA	SAU								CHN	CHINA	CHN								1	042	042	04	1	1.9	2	1	2	-0.970873786407771	1	Saudi Arabia	SA	SA		25	45	SA	4	Guoqiang, Fujian, China	CH	CH07	13010	24.2756	117.179	-1907815	4	Guoqiang, Fujian, China	CH	CH07	13010	24.2756	117.179	-1907815	20251010164500	https://www.aol.co.uk/articles/ronnie-o-sullivan-continues-breeze-160009931.html
1267918618	20251010	202510	2025	2025.7671	SAU	SAUDI ARABIA	SAU								CHN	CHINA	CHN								1	042	042	04	1	1.9	2	1	2	-0.970873786407771	1	Saudi Arabia	SA	SA		25	45	SA	1	Saudi Arabia	SA	SA		25	45	SA	1	Saudi Arabia	SA	SA		25	45	SA	20251010164500	https://www.aol.co.uk/articles/ronnie-o-sullivan-continues-breeze-160009931.html
1267918619	20251010	202510	2025	2025.7671	SAU	SAUDI ARABIA	SAU								MIL	COMMANDER						MIL			0	190	190	19	4	-10.0	3	1	3	-6.99062233589087	4	Riyad, Ar Riya?, Saudi Arabia	SA	SA10	25316	24.6408	46.7728	-3093009	4	Jerusalem, Israel (general), Israel	IS	IS00	18315	31.7667	35.2333	-797092	4	Riyad, Ar Riya?, Saudi Arabia	SA	SA10	25316	24.6408	46.7728	-3093009	20251010164500	https://www.hakolhayehudi.co.il/item/english/thousands_of_terrorists_to_be_released__their_names_and_crimes
1267918620	20251010	202510	2025	2025.7671	SAU	RIYADH	SAU								NMR	NORTH AMERICA	NMR								1	036	036	03	1	4.0	2	1	2	-0.467289719626168	4	Riyadh, Ar Riya?, Saudi Arabia	SA	SA10	25316	24.6408	46.7728	-3093009	3	Chicago, Illinois, United States	US	USIL	IL031	41.85	-87.6501	423587	4	Riyadh, Ar Riya?, Saudi Arabia	SA	SA10	25316	24.6408	46.7728	-3093009	20251010164500	https://www.wrestlinginc.com/1992731/wwe-elimination-chamber-2026-heading-midwest/
1267918621	20251010	202510	2025	2025.7671	SAU	RIYADH	SAU								NMR	NORTH AMERICA	NMR								1	043	043	04	1	2.8	6	1	6	-0.467289719626168	4	Riyadh, Ar Riya?, Saudi Arabia	SA	SA10	25316	24.6408	46.7728	-3093009	3	Chicago, Illinois, United States	US	USIL	IL031	41.85	-87.6501	423587	4	Riyadh, Ar Riya?, Saudi Arabia	SA	SA10	25316	24.6408	46.7728	-3093009	20251010164500	https://www.wrestlinginc.com/1992731/wwe-elimination-chamber-2026-heading-midwest/
1267918622	20251010	202510	2025	2025.7671	SAU	SAUDI ARABIA	SAU								UAF	TERRORIST						UAF			0	0353	035	03	1	7.0	6	1	6	-6.99062233589087	4	Riyad, Ar Riya?, Saudi Arabia	SA	SA10	25316	24.6408	46.7728	-3093009	4	Riyad, Ar Riya?, Saudi Arabia	SA	SA10	25316	24.6408	46.7728	-3093009	4	Riyad, Ar Riya?, Saudi Arabia	SA	SA10	25316	24.6408	46.7728	-3093009	20251010164500	https://www.hakolhayehudi.co.il/item/english/thousands_of_terrorists_to_be_released__their_names_and_crimes
1267918623	20251010	202510	2025	2025.7671	SAU	SAUDI ARABIA	SAU								USA	UNITED STATES	USA								1	036	036	03	1	4.0	4	1	4	-0.467289719626168	4	Riyadh, Ar Riya?, Saudi Arabia	SA	SA10	25316	24.6408	46.7728	-3093009	3	Chicago, Illinois, United States	US	USIL	IL031	41.85	-87.6501	423587	4	Riyadh, Ar Riya?, Saudi Arabia	SA	SA10	25316	24.6408	46.7728	-3093009	20251010164500	https://www.wrestlinginc.com/1992731/wwe-elimination-chamber-2026-heading-midwest/
1267918624	20251010	202510	2025	2025.7671	SAU	SAUDI ARABIA	SAU								USA	UNITED STATES	USA								1	043	043	04	1	2.8	4	1	4	-0.467289719626168	4	Riyadh, Ar Riya?, Saudi Arabia	SA	SA10	25316	24.6408	46.7728	-3093009	3	Chicago, Illinois, United States	US	USIL	IL031	41.85	-87.6501	423587	4	Riyadh, Ar Riya?, Saudi Arabia	SA	SA10	25316	24.6408	46.7728	-3093009	20251010164500	https://www.wrestlinginc.com/1992731/wwe-elimination-chamber-2026-heading-midwest/
1267918625	20251010	202510	2025	2025.7671	SAUGOV	ABDULLAH	SAU					GOV													1	020	020	02	1	3.0	6	1	6	-11.7391304347826	4	Islamabad, Islamabad, Pakistan	PK	PK08	23674	33.7	73.1667	-2762812	0								4	Kabul, Kabol, Afghanistan	AF	AF13	3580	34.5167	69.1833	-3378435	20251010164500	https://www.khaama.com/dr-abdullah-abdullah-condemns-pakistani-airstrikes-on-kabul-and-paktika/
1267918626	20251010	202510	2025	2025.7671	SAUGOV	ABDULLAH	SAU					GOV													1	020	020	02	1	3.0	2	1	2	-11.7391304347826	4	Kabul, Kabol, Afghanistan	AF	AF13	3580	34.5167	69.1833	-3378435	0								4	Kabul, Kabol, Afghanistan	AF	AF13	3580	34.5167	69.1833	-3378435	20251010164500	https://www.khaama.com/dr-abdullah-abdullah-condemns-pakistani-airstrikes-on-kabul-and-paktika/
1267918627	20251010	202510	2025	2025.7671	SAUGOV	ABDULLAH	SAU					GOV			AFG	KABUL	AFG								1	111	111	11	3	-2.0	2	1	2	-11.7391304347826	4	Islamabad, Islamabad, Pakistan	PK	PK08	23674	33.7	73.1667	-2762812	4	Kabul, Kabol, Afghanistan	AF	AF13	3580	34.5167	69.1833	-3378435	4	Islamabad, Islamabad, Pakistan	PK	PK08	23674	33.7	73.1667	-2762812	20251010164500	https://www.khaama.com/dr-abdullah-abdullah-condemns-pakistani-airstrikes-on-kabul-and-paktika/
1267918628	20251010	202510	2025	2025.7671	SAUGOV	ABDULLAH	SAU					GOV			AFG	KABUL	AFG								1	111	111	11	3	-2.0	8	1	8	-11.7391304347826	4	Islamabad, Islamabad, Pakistan	PK	PK08	23674	33.7	73.1667	-2762812	1	India	IN	IN		20	77	IN	4	Islamabad, Islamabad, Pakistan	PK	PK08	23674	33.7	73.1667	-2762812	20251010164500	https://www.khaama.com/dr-abdullah-abdullah-condemns-pakistani-airstrikes-on-kabul-and-paktika/
1267918629	20251010	202510	2025	2025.7671	SAUGOV	ABDULLAH	SAU					GOV			AFG	KABUL	AFG								1	111	111	11	3	-2.0	6	1	6	-11.7391304347826	4	Kabul, Kabol, Afghanistan	AF	AF13	3580	34.5167	69.1833	-3378435	4	Kabul, Kabol, Afghanistan	AF	AF13	3580	34.5167	69.1833	-3378435	4	Islamabad, Islamabad, Pakistan	PK	PK08	23674	33.7	73.1667	-2762812	20251010164500	https://www.khaama.com/dr-abdullah-abdullah-condemns-pakistani-airstrikes-on-kabul-and-paktika/
1267918630	20251010	202510	2025	2025.7671	SDN	SUDAN	SDN																		1	190	190	19	4	-10.0	2	1	2	-7.29166666666667	4	El Fasher, Shamal Darfur, Sudan	SU	SU55	37080	13.6333	25.35	-1684	0								4	Tawila, Shamal Darfur, Sudan	SU	SU55	37080	13.5	24.9	-15004	20251010164500	https://www.radiotamazuj.org/en/news/article/attacks-on-mosque-hospital-in-el-fasher-kill-at-least-20
1267918631	20251010	202510	2025	2025.7671	SDN	SUDAN	SDN								GOV	GOVERNMENT OFFICIAL						GOV			1	040	040	04	1	1.0	2	1	2	1.04166666666666	1	Sudan	SU	SU		16	30	SU	1	Sudan	SU	SU		16	30	SU	1	Sudan	SU	SU		16	30	SU	20251010164500	https://www.radiotamazuj.org/en/news/article/youth-led-ngo-urges-passage-of-stalled-policies-to-curb-frustration
1267918632	20251010	202510	2025	2025.7671	SDN	SUDAN	SDN								MIL	MILITARY						MIL			0	111	111	11	3	-2.0	8	1	8	-7.29166666666667	4	El Fasher, Shamal Darfur, Sudan	SU	SU55	37080	13.6333	25.35	-1684	4	El Fasher, Shamal Darfur, Sudan	SU	SU55	37080	13.6333	25.35	-1684	4	El Fasher, Shamal Darfur, Sudan	SU	SU55	37080	13.6333	25.35	-1684	20251010164500	https://www.radiotamazuj.org/en/news/article/attacks-on-mosque-hospital-in-el-fasher-kill-at-least-20
1267918633	20251010	202510	2025	2025.7671	SDN	SUDAN	SDN								MIL	MILITARY						MIL			0	190	190	19	4	-10.0	8	1	8	-7.29166666666667	4	El Fasher, Shamal Darfur, Sudan	SU	SU55	37080	13.6333	25.35	-1684	4	El Fasher, Shamal Darfur, Sudan	SU	SU55	37080	13.6333	25.35	-1684	4	El Fasher, Shamal Darfur, Sudan	SU	SU55	37080	13.6333	25.35	-1684	20251010164500	https://www.radiotamazuj.org/en/news/article/attacks-on-mosque-hospital-in-el-fasher-kill-at-least-20
1267918634	20251010	202510	2025	2025.7671	SDN	SUDAN	SDN								USAGOVDEV	USAID	USA					GOV	DEV		1	051	051	05	1	3.4	2	1	2	-0.94339622641509	1	United Arab Emirates	AE	AE		24	54	AE	1	United States	US	US		39.828175	-98.5795	US	1	United States	US	US		39.828175	-98.5795	US	20251010164500	https://www.penbaypilot.com:443/article/midcoast-local-reflects-three-years-living-middle-east/263395
1267918635	20251010	202510	2025	2025.7671	SDN	SUDAN	SDN								USAGOVDEV	USAID	USA					GOV	DEV		1	051	051	05	1	3.4	6	1	6	-0.94339622641509	1	Sudan	SU	SU		16	30	SU	1	Ukraine	UP	UP		49	32	UP	1	Ukraine	UP	UP		49	32	UP	20251010164500	https://www.penbaypilot.com:443/article/midcoast-local-reflects-three-years-living-middle-east/263395
1267918636	20251010	202510	2025	2025.7671	SDN	SUDAN	SDN								USAGOVDEV	USAID	USA					GOV	DEV		1	051	051	05	1	3.4	2	1	2	-0.94339622641509	1	Ukraine	UP	UP		49	32	UP	1	Ukraine	UP	UP		49	32	UP	1	Ukraine	UP	UP		49	32	UP	20251010164500	https://www.penbaypilot.com:443/article/midcoast-local-reflects-three-years-living-middle-east/263395
1267918637	20251010	202510	2025	2025.7671	SDNHLH	SUDAN	SDN					HLH													1	190	190	19	4	-10.0	2	1	2	-7.29166666666667	4	Tawila, Shamal Darfur, Sudan	SU	SU55	37080	13.5	24.9	-15004	0								4	Tawila, Shamal Darfur, Sudan	SU	SU55	37080	13.5	24.9	-15004	20251010164500	https://www.radiotamazuj.org/en/news/article/attacks-on-mosque-hospital-in-el-fasher-kill-at-least-20
1267918638	20251010	202510	2025	2025.7671	SLE	SIERRA LEONE	SLE								ROU	ROMANIA									0	043	043	04	1	2.8	2	1	2	-4.26540284360189	1	Dominican Republic	DR	DR		19	-70.666667	DR	4	Bucharest, Bucuresti, Romania	RO	RO10	25006	44.4333	26.1	-1153951	1	Dominican Republic	DR	DR		19	-70.666667	DR	20251010164500	https://www.dailymail.co.uk/news/article-15178083/Undercover-spy-infiltrated-Newbury-Pass-eco-warriors-unmasked-paedophile-tried-sex-children-young-six.html
1267918639	20251010	202510	2025	2025.7671	SLE	SIERRA LEONE	SLE								ROU	ROMANIA									0	043	043	04	1	2.8	2	1	2	-4.26540284360189	1	Sierra Leone	SL	SL		8.5	-11.5	SL	4	Bucharest, Bucuresti, Romania	RO	RO10	25006	44.4333	26.1	-1153951	4	Bucharest, Bucuresti, Romania	RO	RO10	25006	44.4333	26.1	-1153951	20251010164500	https://www.dailymail.co.uk/news/article-15178083/Undercover-spy-infiltrated-Newbury-Pass-eco-warriors-unmasked-paedophile-tried-sex-children-young-six.html
1267918640	20251010	202510	2025	2025.7671	SPY	INTELLIGENCE						SPY													0	010	010	01	1	0.0	2	1	2	-4.26540284360189	4	Bucharest, Bucuresti, Romania	RO	RO10	25006	44.4333	26.1	-1153951	0								4	Bucharest, Bucuresti, Romania	RO	RO10	25006	44.4333	26.1	-1153951	20251010164500	https://www.dailymail.co.uk/news/article-15178083/Undercover-spy-infiltrated-Newbury-Pass-eco-warriors-unmasked-paedophile-tried-sex-children-young-six.html
1267918641	20251010	202510	2025	2025.7671	SPY	INTELLIGENCE						SPY													0	010	010	01	1	0.0	3	1	3	-4.26540284360189	4	Newbury, West Berkshire, United Kingdom	UK	UKP4	40096	51.4	-1.31667	-2603950	0								4	Newbury, West Berkshire, United Kingdom	UK	UKP4	40096	51.4	-1.31667	-2603950	20251010164500	https://www.dailymail.co.uk/news/article-15178083/Undercover-spy-infiltrated-Newbury-Pass-eco-warriors-unmasked-paedophile-tried-sex-children-young-six.html
1267918642	20251010	202510	2025	2025.7671	SPY	INTELLIGENCE						SPY													1	111	111	11	3	-2.0	10	1	10	6.25	0								0								0								20251010164500	https://en.apa.az/social/the-first-zeekr-001-handed-over-to-winner-in-bakcells-lottery-480294
1267918643	20251010	202510	2025	2025.7671	SPY	INTELLIGENCE						SPY													1	190	190	19	4	-10.0	10	1	10	-8.86075949367091	1	Lebanon	LE	LE		33.833333	35.833333	LE	0								1	Lebanon	LE	LE		33.833333	35.833333	LE	20251010164500	https://english.almanar.com.lb/2512666
1267918644	20251010	202510	2025	2025.7671	SPY	INTELLIGENCE						SPY			BUS	BUSINESS						BUS			1	192	192	19	4	-9.5	10	1	10	-2.88624787775891	2	California, United States	US	USCA		36.17	-119.746	CA	2	California, United States	US	USCA		36.17	-119.746	CA	2	California, United States	US	USCA		36.17	-119.746	CA	20251010164500	https://natlawreview.com/article/artificial-intelligence-hr
1267918645	20251010	202510	2025	2025.7671	SPY	INTELLIGENCE						SPY			OPP	PROTESTER						OPP			0	1712	171	17	4	-9.2	4	1	4	-4.26540284360189	4	Bucharest, Bucuresti, Romania	RO	RO10	25006	44.4333	26.1	-1153951	4	Bucharest, Bucuresti, Romania	RO	RO10	25006	44.4333	26.1	-1153951	4	Bucharest, Bucuresti, Romania	RO	RO10	25006	44.4333	26.1	-1153951	20251010164500	https://www.dailymail.co.uk/news/article-15178083/Undercover-spy-infiltrated-Newbury-Pass-eco-warriors-unmasked-paedophile-tried-sex-children-young-six.html
1267918646	20251010	202510	2025	2025.7671	SPY	INTELLIGENCE						SPY			OPP	PROTESTER						OPP			0	1712	171	17	4	-9.2	6	1	6	-4.26540284360189	4	Newbury, West Berkshire, United Kingdom	UK	UKP4	40096	51.4	-1.31667	-2603950	4	Newbury, West Berkshire, United Kingdom	UK	UKP4	40096	51.4	-1.31667	-2603950	4	Newbury, West Berkshire, United Kingdom	UK	UKP4	40096	51.4	-1.31667	-2603950	20251010164500	https://www.dailymail.co.uk/news/article-15178083/Undercover-spy-infiltrated-Newbury-Pass-eco-warriors-unmasked-paedophile-tried-sex-children-young-six.html
1267918647	20251010	202510	2025	2025.7671	SSD	SOUTH SUDAN	SSD																		1	020	020	02	1	3.0	1	1	1	1.04166666666666	4	Juba, Wilayat Bahr al Jabal, South Sudan	OD	OD01	37033	4.84597	31.6012	-7975	0								4	Juba, Wilayat Bahr al Jabal, South Sudan	OD	OD01	37033	4.84597	31.6012	-7975	20251010164500	https://www.radiotamazuj.org/en/news/article/youth-led-ngo-urges-passage-of-stalled-policies-to-curb-frustration
1267918648	20251010	202510	2025	2025.7671	SSD	SOUTH SUDANESE	SSD																		1	040	040	04	1	1.0	3	1	3	1.04166666666666	1	Sudan	SU	SU		16	30	SU	0								1	Sudan	SU	SU		16	30	SU	20251010164500	https://www.radiotamazuj.org/en/news/article/youth-led-ngo-urges-passage-of-stalled-policies-to-curb-frustration
1267918649	20251010	202510	2025	2025.7671	SSD	SOUTH SUDAN	SSD								AFR	AFRICA	AFR								1	043	043	04	1	2.8	2	1	2	0.6872852233677	4	Juba, Wilayat Bahr al Jabal, South Sudan	OD	OD01	37033	4.84597	31.6012	-7975	1	South Africa	SF	SF		-30	26	SF	4	Juba, Wilayat Bahr al Jabal, South Sudan	OD	OD01	37033	4.84597	31.6012	-7975	20251010164500	https://www.radiotamazuj.org/en/news/article/south-african-dp-machatile-concludes-talks-in-south-sudan-on-peace-process
1267918650	20251010	202510	2025	2025.7671	SSD	SOUTH SUDAN	SSD								AFR	AFRICA	AFR								1	043	043	04	1	2.8	2	1	2	0.6872852233677	4	Juba, Wilayat Bahr al Jabal, South Sudan	OD	OD01	37033	4.84597	31.6012	-7975	1	South Africa	SF	SF		-30	26	SF	1	South Africa	SF	SF		-30	26	SF	20251010164500	https://www.radiotamazuj.org/en/news/article/south-african-dp-machatile-concludes-talks-in-south-sudan-on-peace-process
1267918651	20251010	202510	2025	2025.7671	SSD	SOUTH SUDANESE	SSD								GOV	GOVERNMENT OFFICIAL						GOV			1	040	040	04	1	1.0	3	1	3	1.04166666666666	1	Sudan	SU	SU		16	30	SU	1	Sudan	SU	SU		16	30	SU	1	Sudan	SU	SU		16	30	SU	20251010164500	https://www.radiotamazuj.org/en/news/article/youth-led-ngo-urges-passage-of-stalled-policies-to-curb-frustration
1267918652	20251010	202510	2025	2025.7671	SSD	SOUTH SUDAN	SSD								ZAF	SOUTH AFRICAN	ZAF								1	043	043	04	1	2.8	6	1	6	0.6872852233677	4	Juba, Wilayat Bahr al Jabal, South Sudan	OD	OD01	37033	4.84597	31.6012	-7975	1	South Africa	SF	SF		-30	26	SF	4	Juba, Wilayat Bahr al Jabal, South Sudan	OD	OD01	37033	4.84597	31.6012	-7975	20251010164500	https://www.radiotamazuj.org/en/news/article/south-african-dp-machatile-concludes-talks-in-south-sudan-on-peace-process
1267918653	20251010	202510	2025	2025.7671	SVKGOV	SLOVAK	SVK					GOV													1	036	036	03	1	4.0	3	1	3	0	1	Slovak Republic	LO	LO		48.666667	19.5	LO	0								1	Slovak Republic	LO	LO		48.666667	19.5	LO	20251010164500	https://enrsi.stvr.sk/articles/news/417796/cabinet-meets-friday-to-discuss-public-finances
1267918654	20251010	202510	2025	2025.7671	SWE	STOCKHOLM	SWE								JUD	PROSECUTOR						JUD			1	010	010	01	1	0.0	5	1	5	-4.79452054794521	4	Stockholm, Stockholm, Sweden	SW	SW26	26170	59.3333	18.05	-2524279	4	Stockholm, Stockholm, Sweden	SW	SW26	26170	59.3333	18.05	-2524279	4	Stockholm, Stockholm, Sweden	SW	SW26	26170	59.3333	18.05	-2524279	20251010164500	https://www.aol.co.uk/articles/man-entered-uk-small-boat-161623346.html
1267918655	20251010	202510	2025	2025.7671	SWE	STOCKHOLM	SWE								JUD	PROSECUTOR						JUD			1	010	010	01	1	0.0	2	1	2	-4.79452054794521	4	Southwark, Southwark, United Kingdom	UK	UKM8	40110	51.5	-0.083333	-2608353	4	Southwark, Southwark, United Kingdom	UK	UKM8	40110	51.5	-0.083333	-2608353	4	Stockholm, Stockholm, Sweden	SW	SW26	26170	59.3333	18.05	-2524279	20251010164500	https://www.aol.co.uk/articles/man-entered-uk-small-boat-161623346.html
1267918656	20251010	202510	2025	2025.7671	SYR	SYRIA	SYR								USAGOVDEV	USAID	USA					GOV	DEV		1	051	051	05	1	3.4	2	1	2	-0.94339622641509	1	United Arab Emirates	AE	AE		24	54	AE	1	United States	US	US		39.828175	-98.5795	US	1	United States	US	US		39.828175	-98.5795	US	20251010164500	https://www.penbaypilot.com:443/article/midcoast-local-reflects-three-years-living-middle-east/263395
1267918657	20251010	202510	2025	2025.7671	SYR	SYRIA	SYR								USAGOVDEV	USAID	USA					GOV	DEV		1	051	051	05	1	3.4	2	1	2	-0.94339622641509	1	Afghanistan	AF	AF		33	66	AF	1	Ukraine	UP	UP		49	32	UP	1	Ukraine	UP	UP		49	32	UP	20251010164500	https://www.penbaypilot.com:443/article/midcoast-local-reflects-three-years-living-middle-east/263395
1267918658	20251010	202510	2025	2025.7671	SYR	SYRIA	SYR								USAGOVDEV	USAID	USA					GOV	DEV		1	051	051	05	1	3.4	6	1	6	-0.94339622641509	1	Syria	SY	SY		35	38	SY	1	Ukraine	UP	UP		49	32	UP	1	Ukraine	UP	UP		49	32	UP	20251010164500	https://www.penbaypilot.com:443/article/midcoast-local-reflects-three-years-living-middle-east/263395
1267918659	20251010	202510	2025	2025.7671	THA	THAILAND	THA																		1	010	010	01	1	0.0	4	1	4	-0.97919216646267	1	Canada	CA	CA		60	-96	CA	0								1	Canada	CA	CA		60	-96	CA	20251010164500	https://www.stcatharinesstandard.ca/business/fast-food-franchisor-mty-food-group-on-the-hunt-for-acquisitions-but-not-finding-much/article_14f628da-0da2-5472-8d40-0987ff773f19.html
1267918660	20251010	202510	2025	2025.7671	THA	THAILAND	THA								CHN	CHINA	CHN								1	050	050	05	1	3.5	8	1	8	10.7142857142857	4	Bangkok, Krung Thep Mahanakhon, Thailand	TH	TH40	26423	13.75	100.517	-3250083	4	Bangkok, Krung Thep Mahanakhon, Thailand	TH	TH40	26423	13.75	100.517	-3250083	4	Bangkok, Krung Thep Mahanakhon, Thailand	TH	TH40	26423	13.75	100.517	-3250083	20251010164500	https://english.news.cn/asiapacific/20251010/457f4982d46a4e15a82d2546337f906e/c.html
1267918661	20251010	202510	2025	2025.7671	THA	THAILAND	THA								CHN	CHINA	CHN								1	050	050	05	1	3.5	2	1	2	10.7142857142857	1	China	CH	CH		35	105	CH	4	Bangkok, Krung Thep Mahanakhon, Thailand	TH	TH40	26423	13.75	100.517	-3250083	4	Bangkok, Krung Thep Mahanakhon, Thailand	TH	TH40	26423	13.75	100.517	-3250083	20251010164500	https://english.news.cn/asiapacific/20251010/457f4982d46a4e15a82d2546337f906e/c.html
1267918662	20251010	202510	2025	2025.7671	THA	THAILAND	THA								MYS	MALAYSIA	MYS								1	061	061	06	2	6.4	3	1	3	0.8	2	Arizona, United States	US	USAZ		33.7712	-111.388	AZ	2	Arizona, United States	US	USAZ		33.7712	-111.388	AZ	2	Arizona, United States	US	USAZ		33.7712	-111.388	AZ	20251010164500	https://www.constructiondive.com/news/amkor-breaks-ground-peoria-semiconductor/802468/
1267918663	20251010	202510	2025	2025.7671	THA	THAILAND	THA								USA	ARIZONA	USA								1	061	061	06	2	6.4	7	1	7	0.8	2	Arizona, United States	US	USAZ		33.7712	-111.388	AZ	2	Arizona, United States	US	USAZ		33.7712	-111.388	AZ	2	Arizona, United States	US	USAZ		33.7712	-111.388	AZ	20251010164500	https://www.constructiondive.com/news/amkor-breaks-ground-peoria-semiconductor/802468/
1267918664	20251010	202510	2025	2025.7671	THA	THAI	THA								mnc	MANCHU			mnc						1	111	111	11	3	-2.0	3	1	3	-0.97919216646267	1	Canada	CA	CA		60	-96	CA	1	Canada	CA	CA		60	-96	CA	1	Canada	CA	CA		60	-96	CA	20251010164500	https://www.stcatharinesstandard.ca/business/fast-food-franchisor-mty-food-group-on-the-hunt-for-acquisitions-but-not-finding-much/article_14f628da-0da2-5472-8d40-0987ff773f19.html
1267918665	20251010	202510	2025	2025.7671	THA	THAI	THA								mnc	MANCHU			mnc						1	111	111	11	3	-2.0	2	1	2	-0.97919216646267	1	Thailand	TH	TH		15	100	TH	1	Thailand	TH	TH		15	100	TH	1	Thailand	TH	TH		15	100	TH	20251010164500	https://www.stcatharinesstandard.ca/business/fast-food-franchisor-mty-food-group-on-the-hunt-for-acquisitions-but-not-finding-much/article_14f628da-0da2-5472-8d40-0987ff773f19.html
1267918666	20251010	202510	2025	2025.7671	TJKGOV	TAJIK	TJK					GOV			TJKGOV	EMOMALI RAHMON	TJK					GOV			1	040	040	04	1	1.0	6	1	3	-5.95238095238095	4	Dushanbe, Tajikistan (general), Tajikistan	TI	TI00	37623	38.56	68.7739	-2555530	4	Dushanbe, Tajikistan (general), Tajikistan	TI	TI00	37623	38.56	68.7739	-2555530	4	Dushanbe, Tajikistan (general), Tajikistan	TI	TI00	37623	38.56	68.7739	-2555530	20251010164500	https://www.khaama.com/putin-warns-afghanistan-still-faces-serious-security-and-stability-challenges/
1267918667	20251010	202510	2025	2025.7671	TUN	ARIANA	TUN																		1	010	010	01	1	0.0	6	1	6	0	1	United Kingdom	UK	UK		54	-4	UK	0								1	United Kingdom	UK	UK		54	-4	UK	20251010164500	https://www.realitytea.com/2025/10/10/ariana-madix-katie-maloney-lawsuit-dropped-chef-penny/
1267918668	20251010	202510	2025	2025.7671	TUN	ARIANA	TUN								GBR	UNITED KINGDOM	GBR								1	010	010	01	1	0.0	2	1	2	0	1	United Kingdom	UK	UK		54	-4	UK	1	United Kingdom	UK	UK		54	-4	UK	1	United Kingdom	UK	UK		54	-4	UK	20251010164500	https://www.realitytea.com/2025/10/10/ariana-madix-katie-maloney-lawsuit-dropped-chef-penny/
1267918669	20251010	202510	2025	2025.7671	TUR	TURKEY	TUR																		0	114	114	11	3	-2.0	5	1	5	-1.30344108446298	4	Ankara, Ankara, Turkey	TU	TU68	27516	39.9272	32.8644	-735338	0								4	Ankara, Ankara, Turkey	TU	TU68	27516	39.9272	32.8644	-735338	20251010164500	https://www.ynetnews.com/article/r1eb3piplg
1267918670	20251010	202510	2025	2025.7671	TUR	TURKISH	TUR								ISR	ISRAEL	ISR								0	040	040	04	1	1.0	3	1	3	-1.30344108446298	4	Ankara, Ankara, Turkey	TU	TU68	27516	39.9272	32.8644	-735338	4	Gaza, Israel (general), Israel	IS	IS00	18315	31.4167	34.3333	-797156	4	Gaza, Israel (general), Israel	IS	IS00	18315	31.4167	34.3333	-797156	20251010164500	https://www.ynetnews.com/article/r1eb3piplg
1267918671	20251010	202510	2025	2025.7671	TWN	TAIWAN	TWN								BUS	COMPANY						BUS			1	010	010	01	1	0.0	5	1	5	-0.19880715705765	1	Taiwan	TW	TW		24	121	TW	1	Taiwan	TW	TW		24	121	TW	1	Taiwan	TW	TW		24	121	TW	20251010164500	https://www.fool.co.uk/2025/10/10/this-high-flying-ftse-100-growth-share-is-a-play-on-elon-musks-spacex-excited-worried/
1267918672	20251010	202510	2025	2025.7671	TWN	TAIPEI	TWN								CHN	CHINA	CHN								1	051	051	05	1	3.4	16	1	16	4.12087912087913	4	Taipei, T'ai-pei, Taiwan	TW	TW03	13277	25.0478	121.532	-2637882	4	Taipei, T'ai-pei, Taiwan	TW	TW03	13277	25.0478	121.532	-2637882	4	Taipei, T'ai-pei, Taiwan	TW	TW03	13277	25.0478	121.532	-2637882	20251010164500	https://focustaiwan.tw:443/politics/202510100018
1267918673	20251010	202510	2025	2025.7671	TWN	TAIPEI	TWN								CHN	CHINA	CHN								1	051	051	05	1	3.4	2	1	2	4.12087912087913	4	Taipei, T'ai-pei, Taiwan	TW	TW03	13277	25.0478	121.532	-2637882	1	Japan	JA	JA		36	138	JA	1	Japan	JA	JA		36	138	JA	20251010164500	https://focustaiwan.tw:443/politics/202510100018
1267918674	20251010	202510	2025	2025.7671	TWN	TAIPEI	TWN								CHN	CHINA	CHN								1	051	051	05	1	3.4	2	1	2	4.12087912087913	1	Sweden	SW	SW		62	15	SW	1	Japan	JA	JA		36	138	JA	1	Japan	JA	JA		36	138	JA	20251010164500	https://focustaiwan.tw:443/politics/202510100018
1267918675	20251010	202510	2025	2025.7671	UAF	TERRORIST						UAF													0	042	042	04	1	1.9	6	1	6	-6.99062233589087	4	Hebron, Israel (general), Israel	IS	IS00	18315	31.5333	35.1	-793097	0								4	Hebron, Israel (general), Israel	IS	IS00	18315	31.5333	35.1	-793097	20251010164500	https://www.hakolhayehudi.co.il/item/english/thousands_of_terrorists_to_be_released__their_names_and_crimes
1267918676	20251010	202510	2025	2025.7671	UAF	TERRORIST						UAF													0	084	084	08	2	7.0	7	1	6	-6.99062233589087	4	Riyad, Ar Riya?, Saudi Arabia	SA	SA10	25316	24.6408	46.7728	-3093009	0								4	Riyad, Ar Riya?, Saudi Arabia	SA	SA10	25316	24.6408	46.7728	-3093009	20251010164500	https://www.hakolhayehudi.co.il/item/english/thousands_of_terrorists_to_be_released__their_names_and_crimes
1267918677	20251010	202510	2025	2025.7671	UAF	TERRORIST						UAF													0	084	084	08	2	7.0	6	1	6	-6.99062233589087	4	Hebron, Israel (general), Israel	IS	IS00	18315	31.5333	35.1	-793097	0								4	Hebron, Israel (general), Israel	IS	IS00	18315	31.5333	35.1	-793097	20251010164500	https://www.hakolhayehudi.co.il/item/english/thousands_of_terrorists_to_be_released__their_names_and_crimes
1267918678	20251010	202510	2025	2025.7671	UAF	TERRORIST						UAF													0	0841	084	08	2	7.0	3	1	3	-6.99062233589087	4	Gaza, Israel (general), Israel	IS	IS00	18315	31.4167	34.3333	-797156	0								4	Gaza, Israel (general), Israel	IS	IS00	18315	31.4167	34.3333	-797156	20251010164500	https://www.hakolhayehudi.co.il/item/english/thousands_of_terrorists_to_be_released__their_names_and_crimes
1267918679	20251010	202510	2025	2025.7671	UAF	TERRORIST						UAF													0	114	114	11	3	-2.0	3	1	3	-6.99062233589087	4	Riyad, Ar Riya?, Saudi Arabia	SA	SA10	25316	24.6408	46.7728	-3093009	0								4	Riyad, Ar Riya?, Saudi Arabia	SA	SA10	25316	24.6408	46.7728	-3093009	20251010164500	https://www.hakolhayehudi.co.il/item/english/thousands_of_terrorists_to_be_released__their_names_and_crimes
1267918680	20251010	202510	2025	2025.7671	UAF	TERRORIST						UAF													0	114	114	11	3	-2.0	2	1	2	-6.99062233589087	4	Jerusalem, Israel (general), Israel	IS	IS00	18315	31.7667	35.2333	-797092	0								4	Jerusalem, Israel (general), Israel	IS	IS00	18315	31.7667	35.2333	-797092	20251010164500	https://www.hakolhayehudi.co.il/item/english/thousands_of_terrorists_to_be_released__their_names_and_crimes
1267918681	20251010	202510	2025	2025.7671	UAF	TERRORIST						UAF													1	138	138	13	3	-7.0	10	1	10	-8.86075949367091	1	Lebanon	LE	LE		33.833333	35.833333	LE	0								1	Lebanon	LE	LE		33.833333	35.833333	LE	20251010164500	https://english.almanar.com.lb/2512666
1267918682	20251010	202510	2025	2025.7671	UAF	TERRORIST						UAF													0	173	173	17	4	-5.0	3	1	3	-6.99062233589087	4	Riyad, Ar Riya?, Saudi Arabia	SA	SA10	25316	24.6408	46.7728	-3093009	0								4	Riyad, Ar Riya?, Saudi Arabia	SA	SA10	25316	24.6408	46.7728	-3093009	20251010164500	https://www.hakolhayehudi.co.il/item/english/thousands_of_terrorists_to_be_released__their_names_and_crimes
1267918683	20251010	202510	2025	2025.7671	UAF	TERRORIST						UAF													0	190	190	19	4	-10.0	3	1	3	-6.99062233589087	4	Riyad, Ar Riya?, Saudi Arabia	SA	SA10	25316	24.6408	46.7728	-3093009	0								4	Riyad, Ar Riya?, Saudi Arabia	SA	SA10	25316	24.6408	46.7728	-3093009	20251010164500	https://www.hakolhayehudi.co.il/item/english/thousands_of_terrorists_to_be_released__their_names_and_crimes
1267918684	20251010	202510	2025	2025.7671	UAF	TERRORIST						UAF			AFG	AFGHANISTAN	AFG								0	112	112	11	3	-2.0	2	1	2	-6.01851851851852	4	Peshawar, North-West Frontier, Pakistan	PK	PK03	40347	34.0078	71.5733	-2771364	1	Afghanistan	AF	AF		33	66	AF	4	Peshawar, North-West Frontier, Pakistan	PK	PK03	40347	34.0078	71.5733	-2771364	20251010164500	https://www.geo.tv/latest/627964-10-takeaways-from-dg-ispr-lt-gen-chaudhrys-press-conference
1267918685	20251010	202510	2025	2025.7671	UAF	TERRORIST						UAF			AFG	AFGHAN	AFG								0	112	112	11	3	-2.0	6	1	6	-6.01851851851852	1	Afghanistan	AF	AF		33	66	AF	1	Afghanistan	AF	AF		33	66	AF	4	Peshawar, North-West Frontier, Pakistan	PK	PK03	40347	34.0078	71.5733	-2771364	20251010164500	https://www.geo.tv/latest/627964-10-takeaways-from-dg-ispr-lt-gen-chaudhrys-press-conference
1267918686	20251010	202510	2025	2025.7671	UAF	TERRORIST						UAF			AFG	AFGHAN	AFG								0	112	112	11	3	-2.0	2	1	2	-6.01851851851852	1	Afghanistan	AF	AF		33	66	AF	1	Afghanistan	AF	AF		33	66	AF	1	Afghanistan	AF	AF		33	66	AF	20251010164500	https://www.geo.tv/latest/627964-10-takeaways-from-dg-ispr-lt-gen-chaudhrys-press-conference
1267918687	20251010	202510	2025	2025.7671	UAF	TERRORIST						UAF			ISR	ISRAELI	ISR								1	0353	035	03	1	7.0	2	1	2	-6.99062233589087	4	Jerusalem, Israel (general), Israel	IS	IS00	18315	31.7667	35.2333	-797092	4	Jerusalem, Israel (general), Israel	IS	IS00	18315	31.7667	35.2333	-797092	4	Jerusalem, Israel (general), Israel	IS	IS00	18315	31.7667	35.2333	-797092	20251010164500	https://www.hakolhayehudi.co.il/item/english/thousands_of_terrorists_to_be_released__their_names_and_crimes
1267918688	20251010	202510	2025	2025.7671	UAF	TERRORIST						UAF			ISR	ISRAEL	ISR								0	043	043	04	1	2.8	4	1	4	-6.99062233589087	4	Hebron, Israel (general), Israel	IS	IS00	18315	31.5333	35.1	-793097	4	Hebron, Israel (general), Israel	IS	IS00	18315	31.5333	35.1	-793097	4	Hebron, Israel (general), Israel	IS	IS00	18315	31.5333	35.1	-793097	20251010164500	https://www.hakolhayehudi.co.il/item/english/thousands_of_terrorists_to_be_released__their_names_and_crimes
1267918689	20251010	202510	2025	2025.7671	UAF	MERCENARIES						UAF			ISRMIL	ISRAELI	ISR					MIL			0	010	010	01	1	0.0	5	1	5	2.16802168021681	4	Gaza, Israel (general), Israel	IS	IS00	18315	31.4167	34.3333	-797156	4	Gaza, Israel (general), Israel	IS	IS00	18315	31.4167	34.3333	-797156	4	Gaza, Israel (general), Israel	IS	IS00	18315	31.4167	34.3333	-797156	20251010164500	https://www.clevelandjewishnews.com/jns/peace-deal-could-render-us-backed-aid-group-in-gaza-defunct/article_5b5fe630-801a-5842-afc1-99f40b25c71f.html
1267918690	20251010	202510	2025	2025.7671	UAF	TERRORIST						UAF			LBN	LEBANON	LBN								1	186	186	18	4	-10.0	3	1	3	-8.86075949367091	1	Israel	IS	IS		31.5	34.75	IS	1	Lebanon	LE	LE		33.833333	35.833333	LE	1	Lebanon	LE	LE		33.833333	35.833333	LE	20251010164500	https://english.almanar.com.lb/2512666
1267918691	20251010	202510	2025	2025.7671	UAF	TERRORIST						UAF			LBN	LEBANON	LBN								1	186	186	18	4	-10.0	2	1	2	-8.86075949367091	1	Lebanon	LE	LE		33.833333	35.833333	LE	1	Lebanon	LE	LE		33.833333	35.833333	LE	1	Lebanon	LE	LE		33.833333	35.833333	LE	20251010164500	https://english.almanar.com.lb/2512666
1267918692	20251010	202510	2025	2025.7671	UAF	TERRORIST						UAF			PAK	PAKISTAN	PAK								0	0334	033	03	1	6.0	2	1	2	-6.01851851851852	4	Peshawar, North-West Frontier, Pakistan	PK	PK03	40347	34.0078	71.5733	-2771364	4	Peshawar, North-West Frontier, Pakistan	PK	PK03	40347	34.0078	71.5733	-2771364	1	Afghanistan	AF	AF		33	66	AF	20251010164500	https://www.geo.tv/latest/627964-10-takeaways-from-dg-ispr-lt-gen-chaudhrys-press-conference
1267918693	20251010	202510	2025	2025.7671	UAF	TERRORIST						UAF			PAK	PAKISTAN	PAK								0	0334	033	03	1	6.0	6	1	6	-6.01851851851852	1	Afghanistan	AF	AF		33	66	AF	4	Peshawar, North-West Frontier, Pakistan	PK	PK03	40347	34.0078	71.5733	-2771364	4	Peshawar, North-West Frontier, Pakistan	PK	PK03	40347	34.0078	71.5733	-2771364	20251010164500	https://www.geo.tv/latest/627964-10-takeaways-from-dg-ispr-lt-gen-chaudhrys-press-conference
1267918694	20251010	202510	2025	2025.7671	UAF	TERRORIST						UAF			PAK	PAKISTAN	PAK								0	0334	033	03	1	6.0	2	1	2	-6.01851851851852	1	Afghanistan	AF	AF		33	66	AF	1	Afghanistan	AF	AF		33	66	AF	1	Afghanistan	AF	AF		33	66	AF	20251010164500	https://www.geo.tv/latest/627964-10-takeaways-from-dg-ispr-lt-gen-chaudhrys-press-conference
1267918695	20251010	202510	2025	2025.7671	UAF	TERRORIST						UAF			SAU	SAUDI ARABIA	SAU								0	173	173	17	4	-5.0	4	1	4	-6.99062233589087	4	Riyad, Ar Riya?, Saudi Arabia	SA	SA10	25316	24.6408	46.7728	-3093009	4	Riyad, Ar Riya?, Saudi Arabia	SA	SA10	25316	24.6408	46.7728	-3093009	4	Riyad, Ar Riya?, Saudi Arabia	SA	SA10	25316	24.6408	46.7728	-3093009	20251010164500	https://www.hakolhayehudi.co.il/item/english/thousands_of_terrorists_to_be_released__their_names_and_crimes
1267918696	20251010	202510	2025	2025.7671	UAF	TERRORIST						UAF			SAU	SAUDI ARABIA	SAU								0	190	190	19	4	-10.0	4	1	4	-6.99062233589087	4	Riyad, Ar Riya?, Saudi Arabia	SA	SA10	25316	24.6408	46.7728	-3093009	4	Riyad, Ar Riya?, Saudi Arabia	SA	SA10	25316	24.6408	46.7728	-3093009	4	Riyad, Ar Riya?, Saudi Arabia	SA	SA10	25316	24.6408	46.7728	-3093009	20251010164500	https://www.hakolhayehudi.co.il/item/english/thousands_of_terrorists_to_be_released__their_names_and_crimes
1267918697	20251010	202510	2025	2025.7671	UIS	THE INTERNATIONAL COMMUNITY						UIS			CHN	CHINA	CHN								0	051	051	05	1	3.4	10	1	10	-6.1856159089312	4	Beijing, Beijing, China	CH	CH22	13001	39.9289	116.388	-1898541	4	Beijing, Beijing, China	CH	CH22	13001	39.9289	116.388	-1898541	4	Beijing, Beijing, China	CH	CH22	13001	39.9289	116.388	-1898541	20251010164500	http://www.bignewsnetwork.com/news/278628935/1st-ld-writethru-china-urges-foreign-politicians-to-stop-supporting-taiwan-independence-separatist-activities
1267918698	20251010	202510	2025	2025.7671	UIS	THE INTERNATIONAL COMMUNITY						UIS			CHN	CHINA	CHN								0	051	051	05	1	3.4	5	1	5	-6.16822429906542	4	Beijing, Beijing, China	CH	CH22	13001	39.9289	116.388	-1898541	4	Beijing, Beijing, China	CH	CH22	13001	39.9289	116.388	-1898541	4	Taiwan Strait, Taiwan (general), Taiwan	TW	TW00		24	119	-2637942	20251010164500	http://www.bignewsnetwork.com/news/278628935/1st-ld-writethru-china-urges-foreign-politicians-to-stop-supporting-taiwan-independence-separatist-activities
1267918699	20251010	202510	2025	2025.7671	UIS	THE INTERNATIONAL COMMUNITY						UIS			CHN	CHINA	CHN								0	051	051	05	1	3.4	5	1	5	-6.20300751879699	4	Beijing, Beijing, China	CH	CH22	13001	39.9289	116.388	-1898541	4	Beijing, Beijing, China	CH	CH22	13001	39.9289	116.388	-1898541	1	Taiwan	TW	TW		24	121	TW	20251010164500	http://www.bignewsnetwork.com/news/278628940/update-china-urges-foreign-politicians-to-stop-supporting-taiwan-independence-separatist-activities
1267918700	20251010	202510	2025	2025.7671	UKR	UKRAINE	UKR																		0	010	010	01	1	0.0	2	1	2	-2.93515358361775	4	Kyiv, Kyyiv, Misto, Ukraine	UP	UP12	28554	50.4333	30.5167	-1044367	0								4	Kremlin, Moskva, Russia	RS	RS48	25106	55.7522	37.6156	-2960561	20251010164500	https://www.shtfplan.com/headline-news/giving-tomahawk-cruise-missiles-to-ukraine-would-be-an-absolutely-insane-thing-to-do
1267918701	20251010	202510	2025	2025.7671	UKR	UKRAINIAN	UKR																		0	100	100	10	3	-5.0	2	1	2	-2.1604938271605	3	White House, District of Columbia, United States	US	USDC		38.8951	-77.0364	531871	0								4	Gaza, Israel (general), Israel	IS	IS00	18315	31.4167	34.3333	-797156	20251010164500	https://www.dailymail.co.uk/debate/article-15181611/BORIS-JOHNSON-Trump-peace-Gaza-sheer-strength-needs-hard-word-Putin-know-will.html
1267918702	20251010	202510	2025	2025.7671	UKR	UKRAINE	UKR								DEU	GERMANY	DEU								0	010	010	01	1	0.0	2	1	2	-3.62882322446864	1	Ukraine	UP	UP		49	32	UP	4	Schweiz, Sachsen, Germany	GM	GM13	16563	50.7	12.5167	-1862580	1	Ukraine	UP	UP		49	32	UP	20251010164500	https://www.e-flux.com/journal/157/6776787/the-new-fascist-body
1267918703	20251010	202510	2025	2025.7671	UKR	UKRAINE	UKR								EUR	EUROPEAN	EUR								1	014	014	01	1	0.0	2	1	2	-1.28205128205129	1	Ukraine	UP	UP		49	32	UP	1	Ukraine	UP	UP		49	32	UP	3	White House, District of Columbia, United States	US	USDC		38.8951	-77.0364	531871	20251010164500	https://www.aei.org/podcast/wth-could-ukraine-do-with-300-billion-russian-dollars-stephen-rademaker-explains/
1267918704	20251010	202510	2025	2025.7671	UKR	UKRAINE	UKR								EUR	EUROPEAN	EUR								1	014	014	01	1	0.0	1	1	1	-1.28205128205129	1	Ukraine	UP	UP		49	32	UP	1	Ukraine	UP	UP		49	32	UP	1	Ukraine	UP	UP		49	32	UP	20251010164500	https://www.aei.org/podcast/wth-could-ukraine-do-with-300-billion-russian-dollars-stephen-rademaker-explains/
1267918705	20251010	202510	2025	2025.7671	UKR	UKRAINE	UKR								RUS	RUSSIA	RUS								0	020	020	02	1	3.0	1	1	1	2.41545893719807	4	Kyiv, Kyyiv, Misto, Ukraine	UP	UP12	28554	50.4333	30.5167	-1044367	1	Russia	RS	RS		60	100	RS	4	Kyiv, Kyyiv, Misto, Ukraine	UP	UP12	28554	50.4333	30.5167	-1044367	20251010164500	https://news.webindia123.com/news/Articles/World/20251010/4371181.html
1267918706	20251010	202510	2025	2025.7671	UKR	UKRAINE	UKR								RUS	RUSSIA	RUS								0	020	020	02	1	3.0	1	1	1	2.41545893719807	1	Russia	RS	RS		60	100	RS	4	Kyiv, Kyyiv, Misto, Ukraine	UP	UP12	28554	50.4333	30.5167	-1044367	1	Russia	RS	RS		60	100	RS	20251010164500	https://news.webindia123.com/news/Articles/World/20251010/4371181.html
1267918707	20251010	202510	2025	2025.7671	UKR	UKRAINE	UKR								RUS	RUSSIAN	RUS								1	046	046	04	1	7.0	2	1	2	-5.13833992094862	4	Rome, Lazio, Italy	IT	IT07	18350	41.9	12.4833	-126693	4	Kremlin, Moskva, Russia	RS	RS48	25106	55.7522	37.6156	-2960561	4	Kremlin, Moskva, Russia	RS	RS48	25106	55.7522	37.6156	-2960561	20251010164500	https://news.sky.com/story/melania-trump-eight-ukrainian-children-taken-into-russia-have-been-reunited-with-families-13448191
1267918708	20251010	202510	2025	2025.7671	UKR	UKRAINIAN	UKR								RUSGOV	RUSSIAN	RUS					GOV			1	046	046	04	1	7.0	6	1	6	-5.13833992094862	4	Kremlin, Moskva, Russia	RS	RS48	25106	55.7522	37.6156	-2960561	1	Ukraine	UP	UP		49	32	UP	1	Ukraine	UP	UP		49	32	UP	20251010164500	https://news.sky.com/story/melania-trump-eight-ukrainian-children-taken-into-russia-have-been-reunited-with-families-13448191
1267918709	20251010	202510	2025	2025.7671	UKR	KYIV	UKR								USAGOV	JOE BIDEN	USA					GOV			0	0232	023	02	1	3.4	1	1	1	2.41545893719807	4	Kyiv, Kyyiv, Misto, Ukraine	UP	UP12	28554	50.4333	30.5167	-1044367	1	Russia	RS	RS		60	100	RS	4	Kyiv, Kyyiv, Misto, Ukraine	UP	UP12	28554	50.4333	30.5167	-1044367	20251010164500	https://news.webindia123.com/news/Articles/World/20251010/4371181.html
1267918710	20251010	202510	2025	2025.7671	UKR	KYIV	UKR								USAGOV	JOE BIDEN	USA					GOV			0	0232	023	02	1	3.4	1	1	1	2.41545893719807	1	Russia	RS	RS		60	100	RS	4	Kyiv, Kyyiv, Misto, Ukraine	UP	UP12	28554	50.4333	30.5167	-1044367	4	Kyiv, Kyyiv, Misto, Ukraine	UP	UP12	28554	50.4333	30.5167	-1044367	20251010164500	https://news.webindia123.com/news/Articles/World/20251010/4371181.html
1267918711	20251010	202510	2025	2025.7671	UKR	KYIV	UKR								USAGOV	JOE BIDEN	USA					GOV			0	0232	023	02	1	3.4	6	1	6	2.41545893719807	1	Russia	RS	RS		60	100	RS	4	Kyiv, Kyyiv, Misto, Ukraine	UP	UP12	28554	50.4333	30.5167	-1044367	1	Russia	RS	RS		60	100	RS	20251010164500	https://news.webindia123.com/news/Articles/World/20251010/4371181.html
1267918712	20251010	202510	2025	2025.7671	UKR	UKRAINE	UKR								USAGOVDEV	USAID	USA					GOV	DEV		1	051	051	05	1	3.4	10	1	10	-0.94339622641509	4	Gaza, Israel (general), Israel	IS	IS00	18315	31.4167	34.3333	-797156	4	Gaza, Israel (general), Israel	IS	IS00	18315	31.4167	34.3333	-797156	4	Gaza, Israel (general), Israel	IS	IS00	18315	31.4167	34.3333	-797156	20251010164500	https://www.penbaypilot.com:443/article/midcoast-local-reflects-three-years-living-middle-east/263395
1267918713	20251010	202510	2025	2025.7671	UKRELI	UKRAINE	UKR					ELI			RUS	RUSSIAN	RUS								1	046	046	04	1	7.0	2	1	2	-4.26540284360189	1	Ukraine	UP	UP		49	32	UP	1	Ukraine	UP	UP		49	32	UP	1	Ukraine	UP	UP		49	32	UP	20251010164500	https://www.newsweek.com/melania-trump-announcement-today-russia-ukraine-children-putin-10861846
1267918714	20251010	202510	2025	2025.7671	USA	UNITED STATES	USA																		0	010	010	01	1	0.0	4	1	4	1.97594501718213	3	Wilkes County, North Carolina, United States	US	USNC	NC193	36.2168	-80.9998	1008595	0								3	Wilkes County, North Carolina, United States	US	USNC		36.2168	-80.9998	1008595	20251010164500	https://news.yale.edu/2025/10/09/three-yale-alumni-receive-macarthur-genius-grants
1267918715	20251010	202510	2025	2025.7671	USA	AMERICAN	USA																		0	010	010	01	1	0.0	6	1	6	-1.55925155925155	3	Suffolk, Virginia, United States	US	USVA	VA800	36.7282	-76.5836	1500187	0								3	Suffolk, Virginia, United States	US	USVA	VA800	36.7282	-76.5836	1500187	20251010164500	https://dailyprogress.com/news/state-regional/government-politics/article_e7752c90-9555-5e8f-9c7b-7d31f78e68d9.html
1267918716	20251010	202510	2025	2025.7671	USA	UNITED STATES	USA																		1	010	010	01	1	0.0	4	1	4	-3.10880829015544	3	Hickman County, Tennessee, United States	US	USTN	TN081	35.8001	-87.4833	1639756	0								3	Hickman County, Tennessee, United States	US	USTN		35.8001	-87.4833	1639756	20251010164500	https://nypost.com/2025/10/10/us-news/19-people-missing-after-bomb-factory-explosion-in-tennessee/
1267918717	20251010	202510	2025	2025.7671	USA	UNITED STATES	USA																		0	010	010	01	1	0.0	2	1	2	-1.68350168350168	3	Williamson County, Illinois, United States	US	USIL	IL199	37.7334	-88.9334	1785215	0								3	Williamson County, Illinois, United States	US	USIL		37.7334	-88.9334	1785215	20251010164500	https://capitolfax.com/2025/10/10/isabel%E2%80%99s-morning-briefing-609/
1267918718	20251010	202510	2025	2025.7671	USA	UNITED STATES	USA																		0	010	010	01	1	0.0	2	1	2	-1.68350168350168	3	Williamson County, Illinois, United States	US	USIL	IL199	37.7334	-88.9334	1785215	0								3	City Of Benton, Illinois, United States	US	USIL		38.0109	-88.918	2394140	20251010164500	https://capitolfax.com/2025/10/10/isabel%E2%80%99s-morning-briefing-609/
1267918719	20251010	202510	2025	2025.7671	USA	UNITED STATES	USA																		0	010	010	01	1	0.0	4	1	4	-5.88235294117647	3	El Dorado Correctional Facility, Kansas, United States	US	USKS	KS015	37.8042	-96.8164	2504312	0								3	El Dorado Correctional Facility, Kansas, United States	US	USKS		37.8042	-96.8164	2504312	20251010164500	https://www.the-independent.com/news/world/americas/crime/btk-killer-daughter-kerri-rawson-netflix-doc-b2842660.html
1267918720	20251010	202510	2025	2025.7671	USA	UNITED STATES	USA																		0	010	010	01	1	0.0	2	1	2	-3.02690582959641	3	Palm Beach County, Florida, United States	US	USFL	FL099	26.6503	-80.4498	295761	0								3	Palm Beach County, Florida, United States	US	USFL		26.6503	-80.4498	295761	20251010164500	https://www.constructiondive.com/news/palm-beach-county-incinerator-plan-approved/802568/
1267918721	20251010	202510	2025	2025.7671	USA	UNITED STATES	USA																		0	010	010	01	1	0.0	4	1	4	-5.88235294117647	3	Wichita, Kansas, United States	US	USKS	KS173	37.6922	-97.3375	473862	0								3	Wichita, Kansas, United States	US	USKS	KS173	37.6922	-97.3375	473862	20251010164500	https://www.the-independent.com/news/world/americas/crime/btk-killer-daughter-kerri-rawson-netflix-doc-b2842660.html
1267918722	20251010	202510	2025	2025.7671	USA	MAINE	USA																		1	010	010	01	1	0.0	6	1	6	0.47694753577107	1	Jordan	JO	JO		31	36	JO	0								2	Maine, United States	US	USME		44.6074	-69.3977	ME	20251010164500	https://www.penbaypilot.com:443/article/bernie-sanders-scolds-democrats-encouraging-gov-mills-enter-senate-race/263407
1267918723	20251010	202510	2025	2025.7671	USA	UNITED STATES	USA																		0	010	010	01	1	0.0	1	1	1	1.50753768844221	2	New Mexico, United States	US	USNM		34.8375	-106.237	NM	0								2	New Mexico, United States	US	USNM		34.8375	-106.237	NM	20251010164500	https://www.taosnews.com/tempo/music/marques-morel-to-perform-at-the-taos-inn/article_6ca89689-c238-572e-a2ca-2cb936f4758f.html
1267918724	20251010	202510	2025	2025.7671	USA	UNITED STATES	USA																		0	010	010	01	1	0.0	4	1	4	-5.62770562770563	2	West Virginia, United States	US	USWV		38.468	-80.9696	WV	0								2	Pennsylvania, United States	US	USPA		40.5773	-77.264	PA	20251010164500	https://www.newsweek.com/ice-detains-green-card-holder-toll-booth-10861101
1267918725	20251010	202510	2025	2025.7671	USA	CONNECTICUT	USA																		1	012	012	01	1	-0.4	1	1	1	0	3	West Haven, Connecticut, United States	US	USCT	CT009	41.2707	-72.947	211953	0								3	West Haven, Connecticut, United States	US	USCT		41.2707	-72.947	211953	20251010164500	https://medicine.yale.edu/internal-medicine/raci/news-article/rheumatology-care-homebound-veterans-connecticut/
1267918726	20251010	202510	2025	2025.7671	USA	CONNECTICUT	USA																		1	012	012	01	1	-0.4	1	1	1	0	2	Connecticut, United States	US	USCT		41.5834	-72.7622	CT	0								3	West Haven, Connecticut, United States	US	USCT		41.2707	-72.947	211953	20251010164500	https://medicine.yale.edu/internal-medicine/raci/news-article/rheumatology-care-homebound-veterans-connecticut/
1267918727	20251010	202510	2025	2025.7671	USA	UNITED STATES	USA																		1	017	017	01	1	0.0	2	1	2	5.25059665871121	3	Highland County, Ohio, United States	US	USOH	OH071	39.1834	-83.6166	1074048	0								3	Highland County, Ohio, United States	US	USOH		39.1834	-83.6166	1074048	20251010164500	https://highlandcountypress.com/news/highland-county-launches-america-250-ohio-heritage-tree-planting-liberty-park
1267918728	20251010	202510	2025	2025.7671	USA	UNITED STATES	USA																		1	020	020	02	1	3.0	8	1	8	-4.60526315789473	3	Humphreys County, Tennessee, United States	US	USTN	TN085	36.0501	-87.7667	1639757	0								3	Humphreys County, Tennessee, United States	US	USTN		36.0501	-87.7667	1639757	20251010164500	https://www.independent.co.uk/news/world/americas/explosion-bucksnort-tennessee-plant-death-toll-b2843396.html
1267918729	20251010	202510	2025	2025.7671	USA	UNITED STATES	USA																		0	020	020	02	1	3.0	2	1	2	-7.26172465960666	3	Evanston, Illinois, United States	US	USIL	IL031	42.0411	-87.6901	408101	0								3	Evanston, Illinois, United States	US	USIL	IL031	42.0411	-87.6901	408101	20251010164500	https://therealdeal.com/chicago/2025/10/10/federal-judge-dismisses-winnetka-lakefront-construction-lawsuit/
1267918730	20251010	202510	2025	2025.7671	USA	UNITED STATES	USA																		0	020	020	02	1	3.0	4	1	4	-7.26172465960666	3	Glencoe, Illinois, United States	US	USIL	IL031	42.135	-87.7581	409066	0								3	Glencoe, Illinois, United States	US	USIL	IL031	42.135	-87.7581	409066	20251010164500	https://therealdeal.com/chicago/2025/10/10/federal-judge-dismisses-winnetka-lakefront-construction-lawsuit/
1267918731	20251010	202510	2025	2025.7671	USA	UNITED STATES	USA																		0	020	020	02	1	3.0	2	1	2	-7.26172465960666	3	Highland Park, Illinois, United States	US	USIL	IL097	42.1817	-87.8003	410226	0								3	Highland Park, Illinois, United States	US	USIL		42.1817	-87.8003	410226	20251010164500	https://therealdeal.com/chicago/2025/10/10/federal-judge-dismisses-winnetka-lakefront-construction-lawsuit/
1267918732	20251010	202510	2025	2025.7671	USA	UNITED STATES	USA																		0	020	020	02	1	3.0	1	1	1	-7.26172465960666	3	Kenilworth, Illinois, United States	US	USIL	IL031	42.0859	-87.7176	411396	0								3	Kenilworth, Illinois, United States	US	USIL	IL031	42.0859	-87.7176	411396	20251010164500	https://therealdeal.com/chicago/2025/10/10/federal-judge-dismisses-winnetka-lakefront-construction-lawsuit/
1267918733	20251010	202510	2025	2025.7671	USA	UNITED STATES	USA																		0	020	020	02	1	3.0	5	1	5	-7.26172465960666	3	Lake Forest, Illinois, United States	US	USIL	IL097	42.2586	-87.8406	411708	0								3	Lake Forest, Illinois, United States	US	USIL		42.2586	-87.8406	411708	20251010164500	https://therealdeal.com/chicago/2025/10/10/federal-judge-dismisses-winnetka-lakefront-construction-lawsuit/
1267918734	20251010	202510	2025	2025.7671	USA	UNITED STATES	USA																		0	020	020	02	1	3.0	2	1	2	-5.88235294117647	3	Osage County, Kansas, United States	US	USKS	KS139	38.65	-95.7336	485033	0								3	Osage County, Kansas, United States	US	USKS		38.65	-95.7336	485033	20251010164500	https://www.the-independent.com/news/world/americas/crime/btk-killer-daughter-kerri-rawson-netflix-doc-b2842660.html
1267918735	20251010	202510	2025	2025.7671	USA	UNITED STATES	USA																		1	020	020	02	1	3.0	2	1	2	0.56179775280899	3	Coney Island, New York, United States	US	USNY	NY047	40.5779	-73.994	947270	0								3	Coney Island, New York, United States	US	USNY		40.5779	-73.994	947270	20251010164500	https://wrrv.com/manhattan-casino-bids-sunk/
1267918736	20251010	202510	2025	2025.7671	USA	NEW YORK CITY	USA																		1	020	020	02	1	3.0	6	1	6	0.56179775280899	3	Queens, New York, United States	US	USNY	NY081	40.7498	-73.7976	971983	0								3	Coney Island, New York, United States	US	USNY		40.5779	-73.994	947270	20251010164500	https://wrrv.com/manhattan-casino-bids-sunk/
1267918737	20251010	202510	2025	2025.7671	USA	UNITED STATES	USA																		1	020	020	02	1	3.0	2	1	2	0.56179775280899	3	Queens, New York, United States	US	USNY	NY081	40.7498	-73.7976	971983	0								3	Queens, New York, United States	US	USNY	NY081	40.7498	-73.7976	971983	20251010164500	https://wrrv.com/manhattan-casino-bids-sunk/
1267918738	20251010	202510	2025	2025.7671	USA	MINNEAPOLIS	USA																		0	031	031	03	1	5.2	8	1	8	-7.93650793650793	3	City Of Minneapolis, Minnesota, United States	US	USMN	MN053	44.9625	-93.2673	2395345	0								3	City Of Minneapolis, Minnesota, United States	US	USMN		44.9625	-93.2673	2395345	20251010164500	https://www.workerscompensation.com/daily-headlines/could-officer-with-ptsd-capture-extra-30-penalty-from-employer/
1267918739	20251010	202510	2025	2025.7671	USA	UNITED STATES	USA																		1	031	031	03	1	5.2	3	1	3	-3.02690582959641	3	Palm Beach County, Florida, United States	US	USFL	FL099	26.6503	-80.4498	295761	0								2	Florida, United States	US	USFL		27.8333	-81.717	FL	20251010164500	https://www.constructiondive.com/news/palm-beach-county-incinerator-plan-approved/802568/
1267918740	20251010	202510	2025	2025.7671	USA	UNITED STATES	USA																		1	036	036	03	1	4.0	1	1	1	5.32837670384139	3	Plainfield, Illinois, United States	US	USIL	IL197	41.627	-88.204	415751	0								3	Plainfield, Illinois, United States	US	USIL	IL197	41.627	-88.204	415751	20251010164500	https://www.islands.com/1990058/berwyn-tucked-next-chicago-gorgeous-walkable-suburban-city-full-arts-culture-affordable-homes/
1267918741	20251010	202510	2025	2025.7671	USA	UNITED STATES	USA																		0	036	036	03	1	4.0	1	1	1	1.50753768844221	2	New Mexico, United States	US	USNM		34.8375	-106.237	NM	0								2	New Mexico, United States	US	USNM		34.8375	-106.237	NM	20251010164500	https://www.taosnews.com/tempo/music/marques-morel-to-perform-at-the-taos-inn/article_6ca89689-c238-572e-a2ca-2cb936f4758f.html
1267918742	20251010	202510	2025	2025.7671	USA	UNITED STATES	USA																		0	040	040	04	1	1.0	3	1	2	-4.67445742904842	3	Salt Lake City, Utah, United States	US	USUT	UT035	40.7608	-111.891	1454997	0								3	Salt Lake City, Utah, United States	US	USUT		40.7608	-111.891	1454997	20251010164500	https://www.fox13now.com/news/shooting-of-charlie-kirk/fox-13-investigates-what-we-still-dont-know-about-charlie-kirks-murder-one-month-later
1267918743	20251010	202510	2025	2025.7671	USA	UNITED STATES	USA																		0	040	040	04	1	1.0	4	1	2	-4.67445742904842	3	Salt Lake City, Utah, United States	US	USUT	UT035	40.7608	-111.891	1454997	0								2	Utah, United States	US	USUT		40.1135	-111.854	UT	20251010164500	https://www.fox13now.com/news/shooting-of-charlie-kirk/fox-13-investigates-what-we-still-dont-know-about-charlie-kirks-murder-one-month-later
1267918744	20251010	202510	2025	2025.7671	USA	UNITED STATES	USA																		1	040	040	04	1	1.0	2	1	2	-1.55925155925155	3	Lynchburg, Virginia, United States	US	USVA	VA680	37.4138	-79.1423	1479007	0								3	Lynchburg, Virginia, United States	US	USVA	VA680	37.4138	-79.1423	1479007	20251010164500	https://dailyprogress.com/news/state-regional/government-politics/article_e7752c90-9555-5e8f-9c7b-7d31f78e68d9.html
1267918745	20251010	202510	2025	2025.7671	USA	UNITED STATES	USA																		1	040	040	04	1	1.0	4	1	4	-1.55925155925155	3	Lynchburg, Virginia, United States	US	USVA	VA680	37.4138	-79.1423	1479007	0								2	Virginia, United States	US	USVA		37.768	-78.2057	VA	20251010164500	https://dailyprogress.com/news/state-regional/government-politics/article_e7752c90-9555-5e8f-9c7b-7d31f78e68d9.html
1267918746	20251010	202510	2025	2025.7671	USA	UNITED STATES	USA																		0	040	040	04	1	1.0	4	1	4	-3.55113636363636	3	Missoula, Montana, United States	US	USMT	MT063	46.8721	-113.994	787504	0								1	Israel	IS	IS		31.5	34.75	IS	20251010164500	https://newstalkkgvo.com/missoula-police-assault-antisemitism/
1267918747	20251010	202510	2025	2025.7671	USA	UNITED STATES	USA																		0	042	042	04	1	1.9	2	1	2	1.97594501718213	3	Wilkes County, North Carolina, United States	US	USNC	NC193	36.2168	-80.9998	1008595	0								3	Wilkes County, North Carolina, United States	US	USNC		36.2168	-80.9998	1008595	20251010164500	https://news.yale.edu/2025/10/09/three-yale-alumni-receive-macarthur-genius-grants
1267918748	20251010	202510	2025	2025.7671	USA	UNITED STATES	USA																		1	042	042	04	1	1.9	4	1	4	-2.46636771300448	3	Monroeville Mall, Pennsylvania, United States	US	USPA	PA003	40.4209	-79.7948	1211295	0								3	Monroeville Mall, Pennsylvania, United States	US	USPA		40.4209	-79.7948	1211295	20251010164500	https://bloody-disgusting.com/the-further/3908419/walmart-hopes-to-demolish-the-dawn-of-the-dead-mall-within-the-next-two-years/
1267918749	20251010	202510	2025	2025.7671	USA	UNITED STATES	USA																		0	042	042	04	1	1.9	2	1	2	1.50214592274678	3	Clay County, Florida, United States	US	USFL	FL019	29.9997	-81.8332	295726	0								3	Clay County, Florida, United States	US	USFL		29.9997	-81.8332	295726	20251010164500	https://www.news4jax.com/news/local/2025/10/10/from-venezuela-to-fleming-island-how-this-husband-and-wife-help-patients-smile-again-through-their-dentistry-practice/
1267918750	20251010	202510	2025	2025.7671	USA	UNITED STATES	USA																		0	042	042	04	1	1.9	10	1	8	5.32837670384139	3	Berwyn, Illinois, United States	US	USIL	IL031	41.8506	-87.7937	404233	0								3	Berwyn, Illinois, United States	US	USIL	IL031	41.8506	-87.7937	404233	20251010164500	https://www.islands.com/1990058/berwyn-tucked-next-chicago-gorgeous-walkable-suburban-city-full-arts-culture-affordable-homes/
1267918751	20251010	202510	2025	2025.7671	USA	UNITED STATES	USA																		0	042	042	04	1	1.9	4	1	4	5.32837670384139	3	Plainfield, Illinois, United States	US	USIL	IL197	41.627	-88.204	415751	0								3	Plainfield, Illinois, United States	US	USIL	IL197	41.627	-88.204	415751	20251010164500	https://www.islands.com/1990058/berwyn-tucked-next-chicago-gorgeous-walkable-suburban-city-full-arts-culture-affordable-homes/
1267918752	20251010	202510	2025	2025.7671	USA	ATLANTA	USA																		0	042	042	04	1	1.9	3	1	3	-5.05263157894737	3	Orleans Parish, Louisiana, United States	US	USLA	LA071	30.0335	-89.9501	558113	0								3	Orleans Parish, Louisiana, United States	US	USLA		30.0335	-89.9501	558113	20251010164500	https://www.fox8live.com/2025/10/10/new-details-emerge-arrest-derrick-groves/
1267918753	20251010	202510	2025	2025.7671	USA	UNITED STATES	USA																		1	042	042	04	1	1.9	8	1	8	2.65957446808511	3	Stormville, New York, United States	US	USNY	NY027	41.5704	-73.7454	966602	0								3	Stormville, New York, United States	US	USNY	NY027	41.5704	-73.7454	966602	20251010164500	https://wrrv.com/flea-markets-october-hudson-valley/
1267918754	20251010	202510	2025	2025.7671	USA	ILLINOIS	USA																		0	042	042	04	1	1.9	1	1	1	5.32837670384139	2	Illinois, United States	US	USIL		40.3363	-89.0022	IL	0								3	Plainfield, Illinois, United States	US	USIL	IL197	41.627	-88.204	415751	20251010164500	https://www.islands.com/1990058/berwyn-tucked-next-chicago-gorgeous-walkable-suburban-city-full-arts-culture-affordable-homes/
1267918755	20251010	202510	2025	2025.7671	USA	SALT LAKE CITY	USA																		1	042	042	04	1	1.9	10	1	10	0.36730945821855	1	Mexico	MX	MX		23	-102	MX	0								1	Mexico	MX	MX		23	-102	MX	20251010164500	https://www.dailycal.org/opinion/opinion-columns/cal-in-color/my-name-their-narrative/article_a5adcac3-241f-4b66-9153-65e03bd36d8a.html
1267918756	20251010	202510	2025	2025.7671	USA	UNITED STATES	USA																		1	043	043	04	1	2.8	4	1	4	5.17647058823529	3	Hollywood, California, United States	US	USCA	CA037	34.0983	-118.327	1660757	0								2	New York, United States	US	USNY		42.1497	-74.9384	NY	20251010164500	https://comicbookmovie.com/birds-of-prey/wonder-man/wonder-man-nycc-display-reveals-first-look-at-the-original-wonder-man---possible-spoilers-a224217
1267918757	20251010	202510	2025	2025.7671	USA	UNITED STATES	USA																		0	043	043	04	1	2.8	2	1	2	1.50214592274678	3	Clay County, Florida, United States	US	USFL	FL019	29.9997	-81.8332	295726	0								3	Clay County, Florida, United States	US	USFL		29.9997	-81.8332	295726	20251010164500	https://www.news4jax.com/news/local/2025/10/10/from-venezuela-to-fleming-island-how-this-husband-and-wife-help-patients-smile-again-through-their-dentistry-practice/
1267918758	20251010	202510	2025	2025.7671	USA	UNITED STATES	USA																		1	043	043	04	1	2.8	6	1	6	5.12249443207127	3	Madison County, Iowa, United States	US	USIA	IA121	41.3333	-94.0169	465249	0								3	Madison County, Iowa, United States	US	USIA		41.3333	-94.0169	465249	20251010164500	https://kcrr.com/ixp/675/p/iowa-halloween-costume-ideas/
1267918759	20251010	202510	2025	2025.7671	USA	UNITED STATES	USA																		1	043	043	04	1	2.8	5	1	5	1.50753768844221	3	Taos, New Mexico, United States	US	USNM	NM055	36.4072	-105.573	911545	0								3	Taos, New Mexico, United States	US	USNM	NM055	36.4072	-105.573	911545	20251010164500	https://www.taosnews.com/tempo/music/marques-morel-to-perform-at-the-taos-inn/article_6ca89689-c238-572e-a2ca-2cb936f4758f.html
1267918760	20251010	202510	2025	2025.7671	USA	UNITED STATES	USA																		1	043	043	04	1	2.8	1	1	1	1.50753768844221	3	Taos, New Mexico, United States	US	USNM	NM055	36.4072	-105.573	911545	0								2	New Mexico, United States	US	USNM		34.8375	-106.237	NM	20251010164500	https://www.taosnews.com/tempo/music/marques-morel-to-perform-at-the-taos-inn/article_6ca89689-c238-572e-a2ca-2cb936f4758f.html
1267918761	20251010	202510	2025	2025.7671	USA	UNITED STATES	USA																		1	043	043	04	1	2.8	2	1	2	0.56179775280899	3	Queens, New York, United States	US	USNY	NY081	40.7498	-73.7976	971983	0								3	Queens, New York, United States	US	USNY	NY081	40.7498	-73.7976	971983	20251010164500	https://wrrv.com/manhattan-casino-bids-sunk/
1267918762	20251010	202510	2025	2025.7671	USA	TENNESSEE	USA																		1	043	043	04	1	2.8	4	1	4	-3.98230088495575	2	Tennessee, United States	US	USTN		35.7449	-86.7489	TN	0								3	Bucksnort, Tennessee, United States	US	USTN	TN081	35.8856	-87.6845	1314762	20251010164500	https://www.dailystar.co.uk/news/latest-news/breaking-19-missing-one-dead-36049294
1267918763	20251010	202510	2025	2025.7671	USA	UNITED STATES	USA																		1	051	051	05	1	3.4	4	1	4	3.72492836676218	4	Belfast, Belfast, United Kingdom	UK	UKR3	40158	54.5833	-5.93333	-2589607	0								4	Belfast, Belfast, United Kingdom	UK	UKR3	40158	54.5833	-5.93333	-2589607	20251010164500	https://www.attitude.co.uk/culture/film-tv/sam-nivola-new-york-city-russian-turkish-bathhouse-499473/
1267918764	20251010	202510	2025	2025.7671	USA	SAN ANTONIO	USA																		1	051	051	05	1	3.4	10	1	10	0.34013605442177	3	San Antonio, Texas, United States	US	USTX	TX029	29.4241	-98.4936	1380951	0								3	San Antonio, Texas, United States	US	USTX		29.4241	-98.4936	1380951	20251010164500	https://www.sacurrent.com/news/san-antonio-news/san-antonio-likely-to-seek-exemption-from-governors-order-on-rainbow-crosswalks/
1267918765	20251010	202510	2025	2025.7671	USA	SAN ANTONIO	USA																		1	051	051	05	1	3.4	4	1	4	0.34013605442177	3	San Antonio, Texas, United States	US	USTX	TX029	29.4241	-98.4936	1380951	0								2	Florida, United States	US	USFL		27.8333	-81.717	FL	20251010164500	https://www.sacurrent.com/news/san-antonio-news/san-antonio-likely-to-seek-exemption-from-governors-order-on-rainbow-crosswalks/
1267918766	20251010	202510	2025	2025.7671	USA	INDIANAPOLIS	USA																		0	051	051	05	1	3.4	4	1	4	2.26804123711341	3	Indianapolis, Indiana, United States	US	USIN	IN097	39.7684	-86.158	452890	0								3	Indianapolis, Indiana, United States	US	USIN	IN097	39.7684	-86.158	452890	20251010164500	https://www.el-balad.com/6728860
1267918767	20251010	202510	2025	2025.7671	USA	UNITED STATES	USA																		1	051	051	05	1	3.4	6	1	6	1.50753768844221	3	Taos, New Mexico, United States	US	USNM	NM055	36.4072	-105.573	911545	0								3	Taos, New Mexico, United States	US	USNM	NM055	36.4072	-105.573	911545	20251010164500	https://www.taosnews.com/tempo/music/marques-morel-to-perform-at-the-taos-inn/article_6ca89689-c238-572e-a2ca-2cb936f4758f.html
1267918768	20251010	202510	2025	2025.7671	USA	UNITED STATES	USA																		1	051	051	05	1	3.4	2	1	2	2.07547169811321	1	New Zealand	NZ	NZ		-42	174	NZ	0								1	New Zealand	NZ	NZ		-42	174	NZ	20251010164500	https://www.attitude.co.uk/culture/film-tv/hunter-doohan-queer-visibility-advice-young-actors-499379/
1267918769	20251010	202510	2025	2025.7671	USA	UNITED STATES	USA																		1	061	061	06	2	6.4	4	1	4	-3.02690582959641	3	Palm Beach County, Florida, United States	US	USFL	FL099	26.6503	-80.4498	295761	0								3	Palm Beach County, Florida, United States	US	USFL		26.6503	-80.4498	295761	20251010164500	https://www.constructiondive.com/news/palm-beach-county-incinerator-plan-approved/802568/
1267918770	20251010	202510	2025	2025.7671	USA	FLORIDA	USA																		1	061	061	06	2	6.4	6	1	6	-3.02690582959641	2	Florida, United States	US	USFL		27.8333	-81.717	FL	0								2	Florida, United States	US	USFL		27.8333	-81.717	FL	20251010164500	https://www.constructiondive.com/news/palm-beach-county-incinerator-plan-approved/802568/
1267918771	20251010	202510	2025	2025.7671	USA	UNITED STATES	USA																		0	070	070	07	2	7.0	2	1	2	1.97594501718213	3	Wilkes County, North Carolina, United States	US	USNC	NC193	36.2168	-80.9998	1008595	0								3	Wilkes County, North Carolina, United States	US	USNC		36.2168	-80.9998	1008595	20251010164500	https://news.yale.edu/2025/10/09/three-yale-alumni-receive-macarthur-genius-grants
1267918772	20251010	202510	2025	2025.7671	USA	WASHINGTON	USA																		0	070	070	07	2	7.0	1	1	1	-1.45310435931308	2	Vermont, United States	US	USVT		44.0407	-72.7093	VT	0								2	Maine, United States	US	USME		44.6074	-69.3977	ME	20251010164500	https://www.wokv.com/news/politics/maine-gov-janet/XYIQCRGYEU46RPGVAUKFXUKNLI/
1267918773	20251010	202510	2025	2025.7671	USA	NEW YORK	USA																		1	071	071	07	2	7.4	2	1	2	1.57687253613666	3	Houston, Texas, United States	US	USTX	TX201	29.7633	-95.3633	1380948	0								3	Houston, Texas, United States	US	USTX	TX201	29.7633	-95.3633	1380948	20251010164500	https://therealdeal.com/national/2025/10/10/assumable-mortgage-startup-offers-solution-to-lock-in-effect/
1267918774	20251010	202510	2025	2025.7671	USA	LAS VEGAS	USA																		0	080	080	08	2	5.0	10	1	10	-0.10913059294289	1	Marshall Islands	RM	RM		10	167	RM	0								1	Marshall Islands	RM	RM		10	167	RM	20251010164500	https://www.guitarworld.com/artists/guitarists/jake-e-lee-back-to-the-beginning
1267918775	20251010	202510	2025	2025.7671	USA	UNITED STATES	USA																		0	080	080	08	2	5.0	2	1	2	-6.7191844300278	1	Venezuela	VE	VE		8	-66	VE	0								3	Washington, District of Columbia, United States	US	USDC	DC001	38.8951	-77.0364	531871	20251010164500	https://www.stimson.org/2025/the-strategic-costs-of-us-strikes-against-venezuela/
1267918776	20251010	202510	2025	2025.7671	USA	UNITED STATES	USA																		1	084	084	08	2	7.0	2	1	2	-12.0567375886525	3	Dallas, Texas, United States	US	USTX	TX113	32.7831	-96.8067	1380944	0								3	Dallas, Texas, United States	US	USTX	TX113	32.7831	-96.8067	1380944	20251010164500	https://www.polkio.com/news/dallas-woman-sentenced-for-role-in-area-counterfeiting-operation/article_57203b24-ce28-44e5-ba6f-2f6c76e73e01.html
1267918777	20251010	202510	2025	2025.7671	USA	UNITED STATES	USA																		0	0874	087	08	2	10.0	2	1	2	-3.51270553064275	4	Gaza, Israel (general), Israel	IS	IS00	18315	31.4167	34.3333	-797156	0								3	Washington, District of Columbia, United States	US	USDC	DC001	38.8951	-77.0364	531871	20251010164500	https://www.pakistantoday.com.pk/2025/10/10/high-stakes-games-in-the-middle-east/
1267918778	20251010	202510	2025	2025.7671	USA	UNITED STATES	USA																		0	0874	087	08	2	10.0	8	1	8	-3.51270553064275	3	Washington, District of Columbia, United States	US	USDC	DC001	38.8951	-77.0364	531871	0								3	Washington, District of Columbia, United States	US	USDC	DC001	38.8951	-77.0364	531871	20251010164500	https://www.pakistantoday.com.pk/2025/10/10/high-stakes-games-in-the-middle-east/
1267918779	20251010	202510	2025	2025.7671	USA	PHILADELPHIA	USA																		1	0874	087	08	2	10.0	7	1	7	1.49253731343283	2	Vermont, United States	US	USVT		44.0407	-72.7093	VT	0								2	Vermont, United States	US	USVT		44.0407	-72.7093	VT	20251010164500	https://www.islands.com/1986470/cornish-windsor-covered-bridge-charming-new-england-kissing-connects-states-wild-history/
1267918780	20251010	202510	2025	2025.7671	USA	UNITED STATES	USA																		0	090	090	09	2	-2.0	2	1	2	-1.60642570281124	3	New Britain, Connecticut, United States	US	USCT	CT003	41.6612	-72.7795	209217	0								3	New Britain, Connecticut, United States	US	USCT		41.6612	-72.7795	209217	20251010164500	https://www.wfsb.com/2025/10/10/state-finds-new-britain-ywca-failed-give-proper-first-aidcpr-death-2-year-old-boy-who-choked-meatball/
1267918781	20251010	202510	2025	2025.7671	USA	UNITED STATES	USA																		0	090	090	09	2	-2.0	2	1	1	-5.88235294117647	3	El Dorado Correctional Facility, Kansas, United States	US	USKS	KS015	37.8042	-96.8164	2504312	0								3	El Dorado Correctional Facility, Kansas, United States	US	USKS		37.8042	-96.8164	2504312	20251010164500	https://www.the-independent.com/news/world/americas/crime/btk-killer-daughter-kerri-rawson-netflix-doc-b2842660.html
1267918782	20251010	202510	2025	2025.7671	USA	UNITED STATES	USA																		0	090	090	09	2	-2.0	10	1	5	-5.88235294117647	3	Osage County, Kansas, United States	US	USKS	KS139	38.65	-95.7336	485033	0								3	Osage County, Kansas, United States	US	USKS		38.65	-95.7336	485033	20251010164500	https://www.the-independent.com/news/world/americas/crime/btk-killer-daughter-kerri-rawson-netflix-doc-b2842660.html
1267918783	20251010	202510	2025	2025.7671	USA	UNITED STATES	USA																		0	090	090	09	2	-2.0	4	1	4	-4.67445742904842	2	Utah, United States	US	USUT		40.1135	-111.854	UT	0								3	Salt Lake City, Utah, United States	US	USUT		40.7608	-111.891	1454997	20251010164500	https://www.fox13now.com/news/shooting-of-charlie-kirk/fox-13-investigates-what-we-still-dont-know-about-charlie-kirks-murder-one-month-later
1267918784	20251010	202510	2025	2025.7671	USA	UNITED STATES	USA																		1	100	100	10	3	-5.0	6	1	6	-1.33333333333333	3	Jefferson County, Wisconsin, United States	US	USWI	WI055	43.0333	-88.7668	1581087	0								2	Wisconsin, United States	US	USWI		44.2563	-89.6385	WI	20251010164500	https://www.thecentersquare.com/wisconsin/article_30f62525-a2e5-4e5e-88df-c3484cf5ccfe.html
1267918785	20251010	202510	2025	2025.7671	USA	UNITED STATES	USA																		0	100	100	10	3	-5.0	4	1	4	-4.67445742904842	2	Utah, United States	US	USUT		40.1135	-111.854	UT	0								3	Salt Lake City, Utah, United States	US	USUT		40.7608	-111.891	1454997	20251010164500	https://www.fox13now.com/news/shooting-of-charlie-kirk/fox-13-investigates-what-we-still-dont-know-about-charlie-kirks-murder-one-month-later
1267918786	20251010	202510	2025	2025.7671	USA	ROCHESTER	USA																		1	110	110	11	3	-2.0	10	1	10	-8.68794326241135	0								0								0								20251010164500	https://www.wxyz.com/news/rochester-hills-doctor-accused-of-preying-on-women-children-pleads-no-contest-to-31-charges
1267918787	20251010	202510	2025	2025.7671	USA	FLORIDA	USA																		1	110	110	11	3	-2.0	10	1	10	-6.15384615384615	2	Connecticut, United States	US	USCT		41.5834	-72.7622	CT	0								2	Connecticut, United States	US	USCT		41.5834	-72.7622	CT	20251010164500	https://www.housingwire.com/articles/realtor-associations-mlss-push-back-on-steering-allegations/
1267918788	20251010	202510	2025	2025.7671	USA	UNITED STATES	USA																		1	111	111	11	3	-2.0	2	1	2	-4.13476263399694	4	Dubai, Dubayy, United Arab Emirates	AE	AE03	28575	25.2522	55.28	-782831	0								4	Dubai, Dubayy, United Arab Emirates	AE	AE03	28575	25.2522	55.28	-782831	20251010164500	https://climatechangedispatch.com/green-celebrities-climate-hypocrisy-private-jets/
1267918789	20251010	202510	2025	2025.7671	USA	IOWA	USA																		1	111	111	11	3	-2.0	7	1	7	5.12249443207127	3	Le Mars, Iowa, United States	US	USIA	IA149	42.7942	-96.1656	458255	0								2	Iowa, United States	US	USIA		42.0046	-93.214	IA	20251010164500	https://kcrr.com/ixp/675/p/iowa-halloween-costume-ideas/
1267918790	20251010	202510	2025	2025.7671	USA	IOWA	USA																		1	111	111	11	3	-2.0	3	1	3	5.12249443207127	2	Iowa, United States	US	USIA		42.0046	-93.214	IA	0								2	Iowa, United States	US	USIA		42.0046	-93.214	IA	20251010164500	https://kcrr.com/ixp/675/p/iowa-halloween-costume-ideas/
1267918791	20251010	202510	2025	2025.7671	USA	UNITED STATES	USA																		1	111	111	11	3	-2.0	2	1	2	3.49544072948328	1	Norway	NO	NO		62	10	NO	0								1	Norway	NO	NO		62	10	NO	20251010164500	https://www.euronews.com/2025/10/10/white-house-slams-nobel-committees-decision-not-to-award-2025-peace-prize-to-trump
1267918792	20251010	202510	2025	2025.7671	USA	UNITED STATES	USA																		0	111	111	11	3	-2.0	4	1	4	2.14689265536723	1	New Zealand	NZ	NZ		-42	174	NZ	0								1	New Zealand	NZ	NZ		-42	174	NZ	20251010164500	https://www.odt.co.nz/business/new-geraldine-factory-set-double-processing-capacity
1267918793	20251010	202510	2025	2025.7671	USA	UNITED STATES	USA																		1	1123	112	11	3	-2.0	7	1	4	-6.77777777777777	2	New Hampshire, United States	US	USNH		43.4108	-71.5653	NH	0								2	New Hampshire, United States	US	USNH		43.4108	-71.5653	NH	20251010164500	https://patch.com/new-hampshire/concord-nh/homeless-man-concord-arrested-strangulation-assault-charges-after-incident
1267918794	20251010	202510	2025	2025.7671	USA	UNITED STATES	USA																		1	120	120	12	3	-4.0	2	1	2	0.56179775280899	2	New York, United States	US	USNY		42.1497	-74.9384	NY	0								3	Manhattan, New York, United States	US	USNY	NY061	40.7834	-73.9662	971945	20251010164500	https://wrrv.com/manhattan-casino-bids-sunk/
1267918795	20251010	202510	2025	2025.7671	USA	NEVADA	USA																		1	125	125	12	3	-5.0	2	1	2	-1.05263157894737	2	Nevada, United States	US	USNV		38.4199	-117.122	NV	0								2	Nevada, United States	US	USNV		38.4199	-117.122	NV	20251010164500	https://news3lv.com/news/local/senate-passes-national-defense-bill-provisions-nevada-test-training-range-fallout-nuclear-toxins-nttr-radiation-military
1267918796	20251010	202510	2025	2025.7671	USA	UNITED STATES	USA																		1	1712	171	17	4	-9.2	4	1	4	-2.46636771300448	3	Monroeville Mall, Pennsylvania, United States	US	USPA	PA003	40.4209	-79.7948	1211295	0								3	Monroeville Mall, Pennsylvania, United States	US	USPA		40.4209	-79.7948	1211295	20251010164500	https://bloody-disgusting.com/the-further/3908419/walmart-hopes-to-demolish-the-dawn-of-the-dead-mall-within-the-next-two-years/
1267918797	20251010	202510	2025	2025.7671	USA	UNITED STATES	USA																		1	172	172	17	4	-5.0	4	1	4	0.63091482649843	2	South Dakota, United States	US	USSD		44.2853	-99.4632	SD	0								2	South Dakota, United States	US	USSD		44.2853	-99.4632	SD	20251010164500	https://kikn.com/ixp/486/p/whimps-place-burbank-closure/
1267918798	20251010	202510	2025	2025.7671	USA	UNITED STATES	USA																		0	173	173	17	4	-5.0	2	1	2	-5.88235294117647	3	Park City, Kansas, United States	US	USKS	KS173	37.8	-97.3184	473849	0								3	Park City, Kansas, United States	US	USKS		37.8	-97.3184	473849	20251010164500	https://www.the-independent.com/news/world/americas/crime/btk-killer-daughter-kerri-rawson-netflix-doc-b2842660.html
1267918799	20251010	202510	2025	2025.7671	USA	ATLANTA	USA																		1	173	173	17	4	-5.0	3	1	3	-5.05263157894737	3	Orleans Parish, Louisiana, United States	US	USLA	LA071	30.0335	-89.9501	558113	0								3	Orleans Parish, Louisiana, United States	US	USLA		30.0335	-89.9501	558113	20251010164500	https://www.fox8live.com/2025/10/10/new-details-emerge-arrest-derrick-groves/
1267918800	20251010	202510	2025	2025.7671	USA	UNITED STATES	USA																		0	180	180	18	4	-9.0	2	1	2	-6.64993726474279	2	Delaware, United States	US	USDE		39.3498	-75.5148	DE	0								2	Delaware, United States	US	USDE		39.3498	-75.5148	DE	20251010164500	https://www.workerscompensation.com/daily-headlines/arrest-made-in-bear-spray-attack-on-worker/
1267918801	20251010	202510	2025	2025.7671	USA	UNITED STATES	USA																		1	1822	182	18	4	-9.0	4	1	4	-5.88235294117647	3	Osage County, Kansas, United States	US	USKS	KS139	38.65	-95.7336	485033	0								3	Osage County, Kansas, United States	US	USKS		38.65	-95.7336	485033	20251010164500	https://www.the-independent.com/news/world/americas/crime/btk-killer-daughter-kerri-rawson-netflix-doc-b2842660.html
1267918802	20251010	202510	2025	2025.7671	USA	UNITED STATES	USA																		0	190	190	19	4	-10.0	4	1	4	-4.67445742904842	3	Salt Lake City, Utah, United States	US	USUT	UT035	40.7608	-111.891	1454997	0								2	Utah, United States	US	USUT		40.1135	-111.854	UT	20251010164500	https://www.fox13now.com/news/shooting-of-charlie-kirk/fox-13-investigates-what-we-still-dont-know-about-charlie-kirks-murder-one-month-later
1267918803	20251010	202510	2025	2025.7671	USA	ATLANTA	USA																		1	190	190	19	4	-10.0	5	1	5	-5.05263157894737	3	Atlanta, Georgia, United States	US	USGA	GA121	33.749	-84.388	351615	0								2	Louisiana, United States	US	USLA		31.1801	-91.8749	LA	20251010164500	https://www.fox8live.com/2025/10/10/new-details-emerge-arrest-derrick-groves/
1267918804	20251010	202510	2025	2025.7671	USA	CHICAGO	USA																		1	191	191	19	4	-9.5	4	1	4	-1.68350168350168	1	Argentina	AR	AR		-34	-64	AR	0								1	Argentina	AR	AR		-34	-64	AR	20251010164500	https://capitolfax.com/2025/10/10/isabel%E2%80%99s-morning-briefing-609/
1267918805	20251010	202510	2025	2025.7671	USA	CHICAGO	USA																		1	191	191	19	4	-9.5	1	1	1	-1.68350168350168	2	California, United States	US	USCA		36.17	-119.746	CA	0								1	Argentina	AR	AR		-34	-64	AR	20251010164500	https://capitolfax.com/2025/10/10/isabel%E2%80%99s-morning-briefing-609/
1267918806	20251010	202510	2025	2025.7671	USA	COLUMBUS	USA																		1	192	192	19	4	-9.5	10	1	10	-5.20833333333333	3	Puget Sound, Washington, United States	US	USWA	WA035	47.8332	-122.435	1507653	0								3	Puget Sound, Washington, United States	US	USWA		47.8332	-122.435	1507653	20251010164500	https://mynorthwest.com/pacific-northwest-weather/washington-wind-storms/4140829
1267918807	20251010	202510	2025	2025.7671	USA	ALASKA	USA																		1	192	192	19	4	-9.5	10	1	10	-5.20833333333333	2	Washington, United States	US	USWA		47.3917	-121.571	WA	0								2	Washington, United States	US	USWA		47.3917	-121.571	WA	20251010164500	https://mynorthwest.com/pacific-northwest-weather/washington-wind-storms/4140829
1267918808	20251010	202510	2025	2025.7671	USA	JERSEY	USA								BUS	COMPANY						BUS			1	010	010	01	1	0.0	1	1	1	-0.39193729003359	4	Blackrock, Jersey (general), Jersey	JE	JE00	40270	49.2556	-2.2525	237431	4	Blackrock, Jersey (general), Jersey	JE	JE00	40270	49.2556	-2.2525	237431	4	Blackrock, Jersey (general), Jersey	JE	JE00	40270	49.2556	-2.2525	237431	20251010164500	https://www.finanznachrichten.de/nachrichten-2025-10/66669213-sequana-medical-nv-transparency-notification-from-shareholder-399.htm
1267918809	20251010	202510	2025	2025.7671	USA	BOSTON	USA								BUS	PRODUCER						BUS			1	046	046	04	1	7.0	5	1	5	-2.56410256410257	3	Boston, Massachusetts, United States	US	USMA	MA025	42.3584	-71.0598	617565	3	Boston, Massachusetts, United States	US	USMA	MA025	42.3584	-71.0598	617565	3	Boston, Massachusetts, United States	US	USMA	MA025	42.3584	-71.0598	617565	20251010164500	https://www.boston.com/weather/weather/2025/10/10/boston-ma-weather-coastal-storm-holiday-weekend/
1267918810	20251010	202510	2025	2025.7671	USA	MINNESOTA	USA								BUS	EMPLOYER						BUS			0	051	051	05	1	3.4	4	1	4	-7.93650793650793	2	Minnesota, United States	US	USMN		45.7326	-93.9196	MN	2	Minnesota, United States	US	USMN		45.7326	-93.9196	MN	2	Minnesota, United States	US	USMN		45.7326	-93.9196	MN	20251010164500	https://www.workerscompensation.com/daily-headlines/could-officer-with-ptsd-capture-extra-30-penalty-from-employer/
1267918811	20251010	202510	2025	2025.7671	USA	UNITED STATES	USA								COP	POLICE OFFICER						COP			0	010	010	01	1	0.0	6	1	6	-1.55925155925155	3	Suffolk, Virginia, United States	US	USVA	VA800	36.7282	-76.5836	1500187	3	Suffolk, Virginia, United States	US	USVA	VA800	36.7282	-76.5836	1500187	3	Suffolk, Virginia, United States	US	USVA	VA800	36.7282	-76.5836	1500187	20251010164500	https://dailyprogress.com/news/state-regional/government-politics/article_e7752c90-9555-5e8f-9c7b-7d31f78e68d9.html
1267918812	20251010	202510	2025	2025.7671	USA	UNITED STATES	USA								COP	PRISON						COP			1	020	020	02	1	3.0	2	1	2	-12.0567375886525	3	Dallas, Texas, United States	US	USTX	TX113	32.7831	-96.8067	1380944	3	Dallas, Texas, United States	US	USTX	TX113	32.7831	-96.8067	1380944	3	Dallas, Texas, United States	US	USTX	TX113	32.7831	-96.8067	1380944	20251010164500	https://www.polkio.com/news/dallas-woman-sentenced-for-role-in-area-counterfeiting-operation/article_57203b24-ce28-44e5-ba6f-2f6c76e73e01.html
1267918813	20251010	202510	2025	2025.7671	USA	UNITED STATES	USA								COP	POLICE						COP			0	040	040	04	1	1.0	4	1	4	-5.88235294117647	2	Kansas, United States	US	USKS		38.5111	-96.8005	KS	2	Kansas, United States	US	USKS		38.5111	-96.8005	KS	2	Kansas, United States	US	USKS		38.5111	-96.8005	KS	20251010164500	https://www.the-independent.com/news/world/americas/crime/btk-killer-daughter-kerri-rawson-netflix-doc-b2842660.html
1267918814	20251010	202510	2025	2025.7671	USA	UNITED STATES	USA								COP	DETECTIVE						COP			0	040	040	04	1	1.0	4	1	4	-6.77777777777777	2	New Hampshire, United States	US	USNH		43.4108	-71.5653	NH	2	New Hampshire, United States	US	USNH		43.4108	-71.5653	NH	2	New Hampshire, United States	US	USNH		43.4108	-71.5653	NH	20251010164500	https://patch.com/new-hampshire/concord-nh/homeless-man-concord-arrested-strangulation-assault-charges-after-incident
1267918815	20251010	202510	2025	2025.7671	USA	UNITED STATES	USA								COP	PRISON						COP			1	042	042	04	1	1.9	8	1	8	-3.16239316239316	2	Alabama, United States	US	USAL		32.799	-86.8073	AL	2	Alabama, United States	US	USAL		32.799	-86.8073	AL	2	Alabama, United States	US	USAL		32.799	-86.8073	AL	20251010164500	https://www.goldderby.com/film/2025/the-alabama-solution-hbo-prison-documentary-interview/
1267918816	20251010	202510	2025	2025.7671	USA	ALABAMA	USA								COP	PRISON						COP			1	043	043	04	1	2.8	10	1	10	-3.16239316239316	2	Alabama, United States	US	USAL		32.799	-86.8073	AL	2	Alabama, United States	US	USAL		32.799	-86.8073	AL	2	Alabama, United States	US	USAL		32.799	-86.8073	AL	20251010164500	https://www.goldderby.com/film/2025/the-alabama-solution-hbo-prison-documentary-interview/
1267918817	20251010	202510	2025	2025.7671	USA	MINNESOTA	USA								COP	PRISON						COP			1	090	090	09	2	-2.0	2	1	2	-10.3174603174603	3	Chisago County, Minnesota, United States	US	USMN	MN025	45.5005	-92.9002	659458	3	Chisago County, Minnesota, United States	US	USMN		45.5005	-92.9002	659458	3	Chisago County, Minnesota, United States	US	USMN		45.5005	-92.9002	659458	20251010164500	https://kstp.com/kstp-news/local-news/inmate-death-at-rush-city-prison-being-investigated-as-possible-homicide/
1267918818	20251010	202510	2025	2025.7671	USA	UNITED STATES	USA								CRM	CRIMINAL						CRM			1	016	016	01	1	-2.0	4	1	4	-10.3510351035103	2	New York, United States	US	USNY		42.1497	-74.9384	NY	2	New York, United States	US	USNY		42.1497	-74.9384	NY	2	New York, United States	US	USNY		42.1497	-74.9384	NY	20251010164500	https://globalnews.ca/news/11473387/trump-comey-trial-analysis/
1267918819	20251010	202510	2025	2025.7671	USA	DENVER	USA								CVL	NEIGHBORHOOD						CVL			1	031	031	03	1	5.2	10	1	10	0.30303030303031	0								0								0								20251010164500	https://therealdeal.com/national/denver/2025/10/10/kentro-group-buys-denver-apartments-in-historic-trade/
1267918820	20251010	202510	2025	2025.7671	USA	UNITED STATES	USA								CVL	COMMUNITY						CVL			1	051	051	05	1	3.4	2	1	2	-0.89153046062407	2	Illinois, United States	US	USIL		40.3363	-89.0022	IL	2	Illinois, United States	US	USIL		40.3363	-89.0022	IL	2	Illinois, United States	US	USIL		40.3363	-89.0022	IL	20251010164500	https://capitolfax.com/2025/10/10/catching-up-with-the-congressionals-11/
1267918821	20251010	202510	2025	2025.7671	USA	UNITED STATES	USA								CVL	TENANTS						CVL			1	060	060	06	2	6.0	1	1	1	-0.593471810089019	3	Miami, Florida, United States	US	USFL	FL086	25.7743	-80.1937	295004	2	Florida, United States	US	USFL		27.8333	-81.717	FL	2	Florida, United States	US	USFL		27.8333	-81.717	FL	20251010164500	https://therealdeal.com/miami/2025/10/10/cofe-properties-pays-27m-for-seven-warehouses-near-medley/
1267918822	20251010	202510	2025	2025.7671	USA	UNITED STATES	USA								CVL	TENANTS						CVL			1	060	060	06	2	6.0	1	1	1	-0.593471810089019	2	Florida, United States	US	USFL		27.8333	-81.717	FL	2	Florida, United States	US	USFL		27.8333	-81.717	FL	2	Florida, United States	US	USFL		27.8333	-81.717	FL	20251010164500	https://therealdeal.com/miami/2025/10/10/cofe-properties-pays-27m-for-seven-warehouses-near-medley/
1267918823	20251010	202510	2025	2025.7671	USA	UNITED STATES	USA								CVL	TENANTS						CVL			1	084	084	08	2	7.0	1	1	1	-0.593471810089019	3	Miami, Florida, United States	US	USFL	FL086	25.7743	-80.1937	295004	2	Florida, United States	US	USFL		27.8333	-81.717	FL	2	Florida, United States	US	USFL		27.8333	-81.717	FL	20251010164500	https://therealdeal.com/miami/2025/10/10/cofe-properties-pays-27m-for-seven-warehouses-near-medley/
1267918824	20251010	202510	2025	2025.7671	USA	UNITED STATES	USA								CVL	TENANTS						CVL			1	084	084	08	2	7.0	1	1	1	-0.593471810089019	2	Florida, United States	US	USFL		27.8333	-81.717	FL	2	Florida, United States	US	USFL		27.8333	-81.717	FL	2	Florida, United States	US	USFL		27.8333	-81.717	FL	20251010164500	https://therealdeal.com/miami/2025/10/10/cofe-properties-pays-27m-for-seven-warehouses-near-medley/
1267918825	20251010	202510	2025	2025.7671	USA	UNITED STATES	USA								CVL	RESIDENTS						CVL			1	0874	087	08	2	10.0	8	4	8	-5.58363970588235	3	Lobelville, Tennessee, United States	US	USTN	TN135	35.772	-87.7839	1291752	3	Lobelville, Tennessee, United States	US	USTN	TN135	35.772	-87.7839	1291752	3	Lobelville, Tennessee, United States	US	USTN	TN135	35.772	-87.7839	1291752	20251010164500	https://www.baltimoresun.com/2025/10/10/tennessee-explosion/
1267918826	20251010	202510	2025	2025.7671	USA	MEMPHIS	USA								CVL	POPULATION						CVL			0	180	180	18	4	-9.0	4	1	4	-5.32687651331719	3	Philadelphia, Pennsylvania, United States	US	USPA	PA101	39.9523	-75.1638	1209052	3	Philadelphia, Pennsylvania, United States	US	USPA	PA101	39.9523	-75.1638	1209052	3	Philadelphia, Pennsylvania, United States	US	USPA	PA101	39.9523	-75.1638	1209052	20251010164500	https://www.wokv.com/news/national-guard/3MEPSLWBL424PDVWJYGGGKRK5I/
1267918827	20251010	202510	2025	2025.7671	USA	MEMPHIS	USA								CVL	POPULATION						CVL			0	180	180	18	4	-9.0	1	1	1	-5.32687651331719	2	Oregon, United States	US	USOR		44.5672	-122.127	OR	2	Iowa, United States	US	USIA		42.0046	-93.214	IA	2	Iowa, United States	US	USIA		42.0046	-93.214	IA	20251010164500	https://www.wokv.com/news/national-guard/3MEPSLWBL424PDVWJYGGGKRK5I/
1267918828	20251010	202510	2025	2025.7671	USA	UNITED STATES	USA								CVL	CIVILIAN						CVL			0	190	190	19	4	-10.0	1	1	1	-6.7191844300278	3	Washington, District of Columbia, United States	US	USDC	DC001	38.8951	-77.0364	531871	3	Washington, District of Columbia, United States	US	USDC	DC001	38.8951	-77.0364	531871	3	Washington, District of Columbia, United States	US	USDC	DC001	38.8951	-77.0364	531871	20251010164500	https://www.stimson.org/2025/the-strategic-costs-of-us-strikes-against-venezuela/
1267918829	20251010	202510	2025	2025.7671	USA	UNITED STATES	USA								CVL	CIVILIAN						CVL			0	190	190	19	4	-10.0	1	1	1	-6.7191844300278	1	Ukraine	UP	UP		49	32	UP	1	Ukraine	UP	UP		49	32	UP	1	Ukraine	UP	UP		49	32	UP	20251010164500	https://www.stimson.org/2025/the-strategic-costs-of-us-strikes-against-venezuela/
1267918830	20251010	202510	2025	2025.7671	USA	ILLINOIS	USA								CVLGOV	CITIZEN						CVL	GOV		0	020	020	02	1	3.0	1	1	1	-1.68350168350168	3	Chicago, Illinois, United States	US	USIL	IL031	41.85	-87.6501	423587	3	Chicago, Illinois, United States	US	USIL	IL031	41.85	-87.6501	423587	2	Illinois, United States	US	USIL		40.3363	-89.0022	IL	20251010164500	https://capitolfax.com/2025/10/10/isabel%E2%80%99s-morning-briefing-609/
1267918831	20251010	202510	2025	2025.7671	USA	ILLINOIS	USA								CVLGOV	CITIZEN						CVL	GOV		0	020	020	02	1	3.0	7	1	7	-1.68350168350168	2	Illinois, United States	US	USIL		40.3363	-89.0022	IL	3	Chicago, Illinois, United States	US	USIL	IL031	41.85	-87.6501	423587	2	Illinois, United States	US	USIL		40.3363	-89.0022	IL	20251010164500	https://capitolfax.com/2025/10/10/isabel%E2%80%99s-morning-briefing-609/
1267918832	20251010	202510	2025	2025.7671	USA	MARYLAND	USA								DEU	HANOVER	DEU								1	015	015	01	1	0.0	2	1	2	-12.5786163522012	3	Forestville, Maryland, United States	US	USMD	MD033	38.8451	-76.875	597413	3	Forestville, Maryland, United States	US	USMD	MD033	38.8451	-76.875	597413	3	Forestville, Maryland, United States	US	USMD	MD033	38.8451	-76.875	597413	20251010164500	https://wcbm.com/local-story/ex-live-casino-worker-admits-to-comps-scheme-that-stole-thousands/
1267918833	20251010	202510	2025	2025.7671	USA	UNITED STATES	USA								EDU	CONSERVATORY						EDU			1	042	042	04	1	1.9	4	1	4	6.98324022346369	3	Burlington, Ohio, United States	US	USOH	OH087	38.4073	-82.5357	1048568	3	Burlington, Ohio, United States	US	USOH	OH087	38.4073	-82.5357	1048568	3	Burlington, Ohio, United States	US	USOH	OH087	38.4073	-82.5357	1048568	20251010164500	https://www.thetimesnews.com/obituaries/barbara-kyte-knight/article_cc524e10-7ce9-5efe-a6a0-038bdbecf92c.html
1267918834	20251010	202510	2025	2025.7671	USA	UNITED STATES	USA								EDU	CONSERVATORY						EDU			1	042	042	04	1	1.9	1	1	1	6.98324022346369	3	Burlington, Ohio, United States	US	USOH	OH087	38.4073	-82.5357	1048568	3	Baltimore, Maryland, United States	US	USMD	MD510	39.2904	-76.6122	597040	3	Burlington, Ohio, United States	US	USOH	OH087	38.4073	-82.5357	1048568	20251010164500	https://www.thetimesnews.com/obituaries/barbara-kyte-knight/article_cc524e10-7ce9-5efe-a6a0-038bdbecf92c.html
1267918835	20251010	202510	2025	2025.7671	USA	UNITED STATES	USA								EDU	CONSERVATORY						EDU			1	042	042	04	1	1.9	1	1	1	6.98324022346369	3	Baltimore, Maryland, United States	US	USMD	MD510	39.2904	-76.6122	597040	3	Baltimore, Maryland, United States	US	USMD	MD510	39.2904	-76.6122	597040	3	Baltimore, Maryland, United States	US	USMD	MD510	39.2904	-76.6122	597040	20251010164500	https://www.thetimesnews.com/obituaries/barbara-kyte-knight/article_cc524e10-7ce9-5efe-a6a0-038bdbecf92c.html
1267918836	20251010	202510	2025	2025.7671	USA	AMERICAN	USA								EDU	SCHOOL						EDU			1	042	042	04	1	1.9	4	1	4	0.36730945821855	2	Utah, United States	US	USUT		40.1135	-111.854	UT	2	Utah, United States	US	USUT		40.1135	-111.854	UT	2	Utah, United States	US	USUT		40.1135	-111.854	UT	20251010164500	https://www.dailycal.org/opinion/opinion-columns/cal-in-color/my-name-their-narrative/article_a5adcac3-241f-4b66-9153-65e03bd36d8a.html
1267918837	20251010	202510	2025	2025.7671	USA	ATLANTA	USA								EDU	SCHOOL						EDU			1	173	173	17	4	-5.0	2	1	2	-6.2402496099844	3	Dekalb County, Illinois, United States	US	USIL	IL037	41.9167	-88.7504	422190	2	Georgia, United States	US	USGA		32.9866	-83.6487	GA	2	Georgia, United States	US	USGA		32.9866	-83.6487	GA	20251010164500	https://www.gpb.org/news/2025/10/10/georgia-school-chief-indicted-for-alleged-kickback-scheme-in-illinois-school
1267918838	20251010	202510	2025	2025.7671	USA	CHICAGO	USA								EDU	STUDENT						EDU			1	173	173	17	4	-5.0	1	1	1	-6.2402496099844	3	Chicago, Illinois, United States	US	USIL	IL031	41.85	-87.6501	423587	3	Dekalb County, Illinois, United States	US	USIL		41.9167	-88.7504	422190	3	Dekalb County, Illinois, United States	US	USIL		41.9167	-88.7504	422190	20251010164500	https://www.gpb.org/news/2025/10/10/georgia-school-chief-indicted-for-alleged-kickback-scheme-in-illinois-school
1267918839	20251010	202510	2025	2025.7671	USA	UNITED STATES	USA								EGY	EGYPT	EGY								0	043	043	04	1	2.8	1	1	1	-3.51270553064275	3	Washington, District of Columbia, United States	US	USDC	DC001	38.8951	-77.0364	531871	4	Gaza, Israel (general), Israel	IS	IS00	18315	31.4167	34.3333	-797156	3	Washington, District of Columbia, United States	US	USDC	DC001	38.8951	-77.0364	531871	20251010164500	https://www.pakistantoday.com.pk/2025/10/10/high-stakes-games-in-the-middle-east/
1267918840	20251010	202510	2025	2025.7671	USA	UNITED STATES	USA								EGY	EGYPT	EGY								0	043	043	04	1	2.8	2	1	2	-3.51270553064275	3	Washington, District of Columbia, United States	US	USDC	DC001	38.8951	-77.0364	531871	1	Egypt	EG	EG		27	30	EG	3	Washington, District of Columbia, United States	US	USDC	DC001	38.8951	-77.0364	531871	20251010164500	https://www.pakistantoday.com.pk/2025/10/10/high-stakes-games-in-the-middle-east/
1267918841	20251010	202510	2025	2025.7671	USA	UNITED STATES	USA								EGY	EGYPT	EGY								0	057	057	05	1	8.0	1	1	1	-3.51270553064275	3	Washington, District of Columbia, United States	US	USDC	DC001	38.8951	-77.0364	531871	4	Gaza, Israel (general), Israel	IS	IS00	18315	31.4167	34.3333	-797156	4	Gaza, Israel (general), Israel	IS	IS00	18315	31.4167	34.3333	-797156	20251010164500	https://www.pakistantoday.com.pk/2025/10/10/high-stakes-games-in-the-middle-east/
1267918842	20251010	202510	2025	2025.7671	USA	UNITED STATES	USA								EGY	EGYPT	EGY								0	057	057	05	1	8.0	2	1	2	-3.51270553064275	3	Washington, District of Columbia, United States	US	USDC	DC001	38.8951	-77.0364	531871	1	Egypt	EG	EG		27	30	EG	1	Egypt	EG	EG		27	30	EG	20251010164500	https://www.pakistantoday.com.pk/2025/10/10/high-stakes-games-in-the-middle-east/
1267918843	20251010	202510	2025	2025.7671	USA	UNITED STATES	USA								ELI	FIRST LADY						ELI			1	043	043	04	1	2.8	4	1	4	0	3	White House, District of Columbia, United States	US	USDC		38.8951	-77.0364	531871	1	Ukraine	UP	UP		49	32	UP	3	White House, District of Columbia, United States	US	USDC		38.8951	-77.0364	531871	20251010164500	https://justthenews.com/politics-policy/melania-trump-working-putin-reunite-ukrainian-children-families
1267918844	20251010	202510	2025	2025.7671	USA	COLORADO	USA								EUR	EUROPEAN	EUR								1	071	071	07	2	7.4	10	1	10	2.50569476082005	4	Sierra Nevada, Spain (general), Spain	SP	SP00	25779	37.0893	-2.78433	-393998	4	Sierra Nevada, Spain (general), Spain	SP	SP00	25779	37.0893	-2.78433	-393998	4	Sierra Nevada, Spain (general), Spain	SP	SP00	25779	37.0893	-2.78433	-393998	20251010164500	https://www.surinenglish.com/andalucia/costa-tropical/this-village-granada-have-the-largest-interurban-20251010073055-nt.html
1267918845	20251010	202510	2025	2025.7671	USA	UNITED STATES	USA								FRA	PARIS	FRA								0	040	040	04	1	1.0	1	1	1	2.84810126582279	2	Oregon, United States	US	USOR		44.5672	-122.127	OR	4	Paris, France (general), France	FR	FR00	16282	48.8667	2.33333	-1456928	2	Oregon, United States	US	USOR		44.5672	-122.127	OR	20251010164500	https://www.dailymail.co.uk/travel/article-15180859/Tourist-used-ChatGPT-plan-holiday-ended-expensive-wrong.html
1267918846	20251010	202510	2025	2025.7671	USA	UNITED STATES	USA								FRA	PARIS	FRA								0	040	040	04	1	1.0	1	1	1	2.84810126582279	2	Oregon, United States	US	USOR		44.5672	-122.127	OR	2	Oregon, United States	US	USOR		44.5672	-122.127	OR	1	Kenya	KE	KE		1	38	KE	20251010164500	https://www.dailymail.co.uk/travel/article-15180859/Tourist-used-ChatGPT-plan-holiday-ended-expensive-wrong.html
1267918847	20251010	202510	2025	2025.7671	USA	UNITED STATES	USA								FRA	PARIS	FRA								1	040	040	04	1	1.0	2	1	2	2.84810126582279	1	United Kingdom	UK	UK		54	-4	UK	1	United Kingdom	UK	UK		54	-4	UK	1	United Kingdom	UK	UK		54	-4	UK	20251010164500	https://www.dailymail.co.uk/travel/article-15180859/Tourist-used-ChatGPT-plan-holiday-ended-expensive-wrong.html
1267918848	20251010	202510	2025	2025.7671	USA	UNITED STATES	USA								FRA	PARIS	FRA								1	042	042	04	1	1.9	2	1	1	2.84810126582279	2	Oregon, United States	US	USOR		44.5672	-122.127	OR	4	Paris, France (general), France	FR	FR00	16282	48.8667	2.33333	-1456928	4	Paris, France (general), France	FR	FR00	16282	48.8667	2.33333	-1456928	20251010164500	https://www.dailymail.co.uk/travel/article-15180859/Tourist-used-ChatGPT-plan-holiday-ended-expensive-wrong.html
1267918849	20251010	202510	2025	2025.7671	USA	UNITED STATES	USA								FRA	PARIS	FRA								1	042	042	04	1	1.9	1	1	1	2.84810126582279	2	Oregon, United States	US	USOR		44.5672	-122.127	OR	4	Paris, France (general), France	FR	FR00	16282	48.8667	2.33333	-1456928	2	Oregon, United States	US	USOR		44.5672	-122.127	OR	20251010164500	https://www.dailymail.co.uk/travel/article-15180859/Tourist-used-ChatGPT-plan-holiday-ended-expensive-wrong.html
1267918850	20251010	202510	2025	2025.7671	USA	UNITED STATES	USA								FRA	PARIS	FRA								0	042	042	04	1	1.9	1	1	1	2.84810126582279	2	Oregon, United States	US	USOR		44.5672	-122.127	OR	2	Oregon, United States	US	USOR		44.5672	-122.127	OR	2	Oregon, United States	US	USOR		44.5672	-122.127	OR	20251010164500	https://www.dailymail.co.uk/travel/article-15180859/Tourist-used-ChatGPT-plan-holiday-ended-expensive-wrong.html
1267918851	20251010	202510	2025	2025.7671	USA	UNITED STATES	USA								GBR	BRITISH	GBR								0	190	190	19	4	-10.0	1	1	1	-2.98850574712644	1	United Kingdom	UK	UK		54	-4	UK	1	United Kingdom	UK	UK		54	-4	UK	1	United States	US	US		39.828175	-98.5795	US	20251010164500	https://www.pakistantoday.com.pk/2025/10/10/bombing-kabul/
1267918852	20251010	202510	2025	2025.7671	USA	UNITED STATES	USA								GBR	BRITISH	GBR								0	190	190	19	4	-10.0	1	1	1	-2.98850574712644	1	United States	US	US		39.828175	-98.5795	US	1	United Kingdom	UK	UK		54	-4	UK	5	Balochistan, Balochistan, Pakistan	PK	PK02	40300	28.4785	65.6436	-2755738	20251010164500	https://www.pakistantoday.com.pk/2025/10/10/bombing-kabul/
1267918853	20251010	202510	2025	2025.7671	USA	UNITED STATES	USA								GOV	PRESIDENT						GOV			0	020	020	02	1	3.0	4	1	4	-4.67445742904842	2	Utah, United States	US	USUT		40.1135	-111.854	UT	2	Utah, United States	US	USUT		40.1135	-111.854	UT	2	Utah, United States	US	USUT		40.1135	-111.854	UT	20251010164500	https://www.fox13now.com/news/shooting-of-charlie-kirk/fox-13-investigates-what-we-still-dont-know-about-charlie-kirks-murder-one-month-later
1267918854	20251010	202510	2025	2025.7671	USA	UNITED STATES	USA								GOV	PRESIDENT						GOV			1	020	020	02	1	3.0	4	1	4	5.85106382978723	1	Venezuela	VE	VE		8	-66	VE	3	White House, District of Columbia, United States	US	USDC		38.8951	-77.0364	531871	3	White House, District of Columbia, United States	US	USDC		38.8951	-77.0364	531871	20251010164500	https://www.channelstv.com/2025/10/10/nobel-peace-prize-winner-machado-dedicates-award-to-trump/
1267918855	20251010	202510	2025	2025.7671	USA	UNITED STATES	USA								GOV	CABINET						GOV			0	051	051	05	1	3.4	2	1	2	-1.45310435931308	2	Maine, United States	US	USME		44.6074	-69.3977	ME	3	Des Moines, Iowa, United States	US	USIA		41.6005	-93.6091	465961	3	Des Moines, Iowa, United States	US	USIA		41.6005	-93.6091	465961	20251010164500	https://www.wokv.com/news/politics/maine-gov-janet/XYIQCRGYEU46RPGVAUKFXUKNLI/
1267918856	20251010	202510	2025	2025.7671	USA	UNITED STATES	USA								GOV	GOVERNMENT						GOV			1	071	071	07	2	7.4	1	1	1	-1.55925155925155	3	Lynchburg, Virginia, United States	US	USVA	VA680	37.4138	-79.1423	1479007	3	Lynchburg, Virginia, United States	US	USVA	VA680	37.4138	-79.1423	1479007	3	Lynchburg, Virginia, United States	US	USVA	VA680	37.4138	-79.1423	1479007	20251010164500	https://dailyprogress.com/news/state-regional/government-politics/article_e7752c90-9555-5e8f-9c7b-7d31f78e68d9.html
1267918857	20251010	202510	2025	2025.7671	USA	UNITED STATES	USA								GOV	GOVERNMENT						GOV			1	071	071	07	2	7.4	1	1	1	-1.55925155925155	3	Lynchburg, Virginia, United States	US	USVA	VA680	37.4138	-79.1423	1479007	3	Suffolk, Virginia, United States	US	USVA	VA800	36.7282	-76.5836	1500187	3	Lynchburg, Virginia, United States	US	USVA	VA680	37.4138	-79.1423	1479007	20251010164500	https://dailyprogress.com/news/state-regional/government-politics/article_e7752c90-9555-5e8f-9c7b-7d31f78e68d9.html
1267918858	20251010	202510	2025	2025.7671	USA	UNITED STATES	USA								GOV	GOVERNMENT						GOV			1	071	071	07	2	7.4	2	1	2	-1.55925155925155	3	Suffolk, Virginia, United States	US	USVA	VA800	36.7282	-76.5836	1500187	3	Suffolk, Virginia, United States	US	USVA	VA800	36.7282	-76.5836	1500187	3	Suffolk, Virginia, United States	US	USVA	VA800	36.7282	-76.5836	1500187	20251010164500	https://dailyprogress.com/news/state-regional/government-politics/article_e7752c90-9555-5e8f-9c7b-7d31f78e68d9.html
1267918859	20251010	202510	2025	2025.7671	USA	UNITED STATES	USA								GOV	MAYOR						GOV			0	084	084	08	2	7.0	2	1	2	1.64233576642336	3	Williamsburg, New York, United States	US	USNY	NY047	40.7143	-73.9535	971314	1	Israel	IS	IS		31.5	34.75	IS	1	Israel	IS	IS		31.5	34.75	IS	20251010164500	https://www.clevelandjewishnews.com/jta/why-do-we-have-to-waste-a-few-weeks-satmar-rabbi-congratulates-mamdani-during-williamsburg/article_70c86a64-eb9d-5a79-a3fa-c718d16c4f44.html
1267918860	20251010	202510	2025	2025.7671	USA	UNITED STATES	USA								GOV	ADMINISTRATION						GOV			0	160	160	16	4	-4.0	2	1	2	-3.53159851301115	2	Virginia, United States	US	USVA		37.768	-78.2057	VA	2	Virginia, United States	US	USVA		37.768	-78.2057	VA	2	Virginia, United States	US	USVA		37.768	-78.2057	VA	20251010164500	https://www.independentsentinel.com/spanberger-is-going-to-let-boys-back-into-girls-bathrooms/
1267918861	20251010	202510	2025	2025.7671	USA	UNITED STATES	USA								HLH	DOCTOR						HLH			1	042	042	04	1	1.9	2	1	2	1.50214592274678	3	Clay County, Florida, United States	US	USFL	FL019	29.9997	-81.8332	295726	3	Clay County, Florida, United States	US	USFL		29.9997	-81.8332	295726	3	Clay County, Florida, United States	US	USFL		29.9997	-81.8332	295726	20251010164500	https://www.news4jax.com/news/local/2025/10/10/from-venezuela-to-fleming-island-how-this-husband-and-wife-help-patients-smile-again-through-their-dentistry-practice/
1267918862	20251010	202510	2025	2025.7671	USA	LOS ANGELES	USA								ISR	ISRAEL	ISR								1	112	112	11	3	-2.0	2	1	2	-4.78260869565217	1	France	FR	FR		46	2	FR	1	France	FR	FR		46	2	FR	1	France	FR	FR		46	2	FR	20251010164500	https://www.ynetnews.com/article/bj4qg2u6le
1267918863	20251010	202510	2025	2025.7671	USA	LOS ANGELES	USA								ISR	ISRAELI	ISR								1	112	112	11	3	-2.0	3	1	3	-4.78260869565217	1	Israel	IS	IS		31.5	34.75	IS	1	Israel	IS	IS		31.5	34.75	IS	1	Israel	IS	IS		31.5	34.75	IS	20251010164500	https://www.ynetnews.com/article/bj4qg2u6le
1267918864	20251010	202510	2025	2025.7671	USA	THE US	USA								ISR	ISRAEL	ISR								0	130	130	13	3	-4.4	10	1	10	-6.21039290240811	4	Gaza, Israel (general), Israel	IS	IS00	18315	31.4167	34.3333	-797156	4	Gaza, Israel (general), Israel	IS	IS00	18315	31.4167	34.3333	-797156	4	Gaza, Israel (general), Israel	IS	IS00	18315	31.4167	34.3333	-797156	20251010164500	https://www.middleeasteye.net/trending/people-gaza-obama-ceasefire-tweet-criticised-dehumanising-language
1267918865	20251010	202510	2025	2025.7671	USA	UNITED STATES	USA								ISRGOV	ISRAEL	ISR					GOV			0	084	084	08	2	7.0	2	1	2	1.64233576642336	3	Williamsburg, New York, United States	US	USNY	NY047	40.7143	-73.9535	971314	1	Israel	IS	IS		31.5	34.75	IS	1	Israel	IS	IS		31.5	34.75	IS	20251010164500	https://www.clevelandjewishnews.com/jta/why-do-we-have-to-waste-a-few-weeks-satmar-rabbi-congratulates-mamdani-during-williamsburg/article_70c86a64-eb9d-5a79-a3fa-c718d16c4f44.html
1267918866	20251010	202510	2025	2025.7671	USA	UNITED STATES	USA								JEW	JEWISH				JEW					1	040	040	04	1	1.0	2	1	2	1.64233576642336	3	Williamsburg, New York, United States	US	USNY	NY047	40.7143	-73.9535	971314	3	Williamsburg, New York, United States	US	USNY	NY047	40.7143	-73.9535	971314	3	Williamsburg, New York, United States	US	USNY	NY047	40.7143	-73.9535	971314	20251010164500	https://www.clevelandjewishnews.com/jta/why-do-we-have-to-waste-a-few-weeks-satmar-rabbi-congratulates-mamdani-during-williamsburg/article_70c86a64-eb9d-5a79-a3fa-c718d16c4f44.html
1267918867	20251010	202510	2025	2025.7671	USA	UNITED STATES	USA								JEW	RABBI				JEW					1	051	051	05	1	3.4	4	1	4	1.64233576642336	3	Williamsburg, New York, United States	US	USNY	NY047	40.7143	-73.9535	971314	3	Williamsburg, New York, United States	US	USNY	NY047	40.7143	-73.9535	971314	3	Williamsburg, New York, United States	US	USNY	NY047	40.7143	-73.9535	971314	20251010164500	https://www.clevelandjewishnews.com/jta/why-do-we-have-to-waste-a-few-weeks-satmar-rabbi-congratulates-mamdani-during-williamsburg/article_70c86a64-eb9d-5a79-a3fa-c718d16c4f44.html
1267918868	20251010	202510	2025	2025.7671	USA	UNITED STATES	USA								JUD	COUNSEL						JUD			0	016	016	01	1	-2.0	2	1	2	-10.3510351035103	3	White House, District of Columbia, United States	US	USDC		38.8951	-77.0364	531871	3	White House, District of Columbia, United States	US	USDC		38.8951	-77.0364	531871	3	White House, District of Columbia, United States	US	USDC		38.8951	-77.0364	531871	20251010164500	https://globalnews.ca/news/11473387/trump-comey-trial-analysis/
1267918869	20251010	202510	2025	2025.7671	USA	UNITED STATES	USA								JUD	JUDGE						JUD			0	154	154	15	4	-7.2	2	1	2	-5.32687651331719	2	Tennessee, United States	US	USTN		35.7449	-86.7489	TN	3	Portland, Oregon, United States	US	USOR	OR051	45.5235	-122.676	1136645	2	Oregon, United States	US	USOR		44.5672	-122.127	OR	20251010164500	https://www.wokv.com/news/national-guard/3MEPSLWBL424PDVWJYGGGKRK5I/
1267918870	20251010	202510	2025	2025.7671	USA	UNITED STATES	USA								LAB	WORKER						LAB			0	043	043	04	1	2.8	4	1	4	-6.64993726474279	2	California, United States	US	USCA		36.17	-119.746	CA	2	California, United States	US	USCA		36.17	-119.746	CA	2	California, United States	US	USCA		36.17	-119.746	CA	20251010164500	https://www.workerscompensation.com/daily-headlines/arrest-made-in-bear-spray-attack-on-worker/
1267918871	20251010	202510	2025	2025.7671	USA	ARIZONA	USA								LAB	WORKER						LAB			0	060	060	06	2	6.0	10	1	10	-6.64993726474279	2	Arizona, United States	US	USAZ		33.7712	-111.388	AZ	2	Arizona, United States	US	USAZ		33.7712	-111.388	AZ	2	Arizona, United States	US	USAZ		33.7712	-111.388	AZ	20251010164500	https://www.workerscompensation.com/daily-headlines/arrest-made-in-bear-spray-attack-on-worker/
1267918872	20251010	202510	2025	2025.7671	USA	TENNESSEE	USA								LAB	WORKER						LAB			1	090	090	09	2	-2.0	8	1	8	-4.60526315789473	3	Humphreys County, Tennessee, United States	US	USTN	TN085	36.0501	-87.7667	1639757	3	Humphreys County, Tennessee, United States	US	USTN		36.0501	-87.7667	1639757	3	Humphreys County, Tennessee, United States	US	USTN		36.0501	-87.7667	1639757	20251010164500	https://www.independent.co.uk/news/world/americas/explosion-bucksnort-tennessee-plant-death-toll-b2843396.html
1267918873	20251010	202510	2025	2025.7671	USA	CALIF	USA								LAB	WORKER						LAB			0	111	111	11	3	-2.0	10	1	10	-6.64993726474279	3	Fremont, California, United States	US	USCA	CA071	35.1916	-117.577	252893	3	Fremont, California, United States	US	USCA	CA071	35.1916	-117.577	252893	3	Fremont, California, United States	US	USCA	CA071	35.1916	-117.577	252893	20251010164500	https://www.workerscompensation.com/daily-headlines/arrest-made-in-bear-spray-attack-on-worker/
1267918874	20251010	202510	2025	2025.7671	USA	UNITED STATES	USA								LEG	LAWMAKER						LEG			0	013	013	01	1	0.4	7	1	7	-1.55925155925155	2	Virginia, United States	US	USVA		37.768	-78.2057	VA	2	Virginia, United States	US	USVA		37.768	-78.2057	VA	2	Virginia, United States	US	USVA		37.768	-78.2057	VA	20251010164500	https://dailyprogress.com/news/state-regional/government-politics/article_e7752c90-9555-5e8f-9c7b-7d31f78e68d9.html
1267918875	20251010	202510	2025	2025.7671	USA	MAINE	USA								LEG	SENATE						LEG			1	110	110	11	3	-2.0	10	1	10	-0.96618357487922	3	Washington, District of Columbia, United States	US	USDC	DC001	38.8951	-77.0364	531871	3	Washington, District of Columbia, United States	US	USDC	DC001	38.8951	-77.0364	531871	3	Washington, District of Columbia, United States	US	USDC	DC001	38.8951	-77.0364	531871	20251010164500	https://www.stcatharinesstandard.ca/news/world/united-states/maine-gov-janet-mills-will-challenge-sen-susan-collins-in-key-2026-senate-contest-ap/article_079eff48-8ce0-55c8-9e48-809a13257263.html
1267918876	20251010	202510	2025	2025.7671	USA	UNITED STATES	USA								LEG	SENATE						LEG			1	111	111	11	3	-2.0	2	1	2	0.47694753577107	1	Jordan	JO	JO		31	36	JO	2	Maine, United States	US	USME		44.6074	-69.3977	ME	1	Jordan	JO	JO		31	36	JO	20251010164500	https://www.penbaypilot.com:443/article/bernie-sanders-scolds-democrats-encouraging-gov-mills-enter-senate-race/263407
1267918877	20251010	202510	2025	2025.7671	USA	UNITED STATES	USA								LEG	SENATE						LEG			1	111	111	11	3	-2.0	2	1	2	0.47694753577107	2	New Mexico, United States	US	USNM		34.8375	-106.237	NM	2	New Mexico, United States	US	USNM		34.8375	-106.237	NM	2	New Mexico, United States	US	USNM		34.8375	-106.237	NM	20251010164500	https://www.penbaypilot.com:443/article/bernie-sanders-scolds-democrats-encouraging-gov-mills-enter-senate-race/263407
1267918878	20251010	202510	2025	2025.7671	USA	NEVADA	USA								LEG	SENATOR						LEG			1	125	125	12	3	-5.0	8	1	8	-1.05263157894737	2	Nevada, United States	US	USNV		38.4199	-117.122	NV	2	Nevada, United States	US	USNV		38.4199	-117.122	NV	2	Nevada, United States	US	USNV		38.4199	-117.122	NV	20251010164500	https://news3lv.com/news/local/senate-passes-national-defense-bill-provisions-nevada-test-training-range-fallout-nuclear-toxins-nttr-radiation-military
1267918879	20251010	202510	2025	2025.7671	USA	KENTUCKY	USA								MED	NEWS OUTLET						MED			0	010	010	01	1	0.0	2	1	2	-5.62770562770563	2	Kentucky, United States	US	USKY		37.669	-84.6514	KY	2	West Virginia, United States	US	USWV		38.468	-80.9696	WV	2	West Virginia, United States	US	USWV		38.468	-80.9696	WV	20251010164500	https://www.newsweek.com/ice-detains-green-card-holder-toll-booth-10861101
1267918880	20251010	202510	2025	2025.7671	USA	UNITED STATES	USA								MED	NEWS OUTLET						MED			0	013	013	01	1	0.4	1	1	1	-5.62770562770563	2	Kentucky, United States	US	USKY		37.669	-84.6514	KY	2	Kentucky, United States	US	USKY		37.669	-84.6514	KY	2	Kentucky, United States	US	USKY		37.669	-84.6514	KY	20251010164500	https://www.newsweek.com/ice-detains-green-card-holder-toll-booth-10861101
1267918881	20251010	202510	2025	2025.7671	USA	UNITED STATES	USA								MED	NEWS OUTLET						MED			0	013	013	01	1	0.4	5	1	5	-5.62770562770563	2	Kentucky, United States	US	USKY		37.669	-84.6514	KY	2	West Virginia, United States	US	USWV		38.468	-80.9696	WV	2	West Virginia, United States	US	USWV		38.468	-80.9696	WV	20251010164500	https://www.newsweek.com/ice-detains-green-card-holder-toll-booth-10861101
1267918882	20251010	202510	2025	2025.7671	USA	WEST VIRGINIA	USA								MED	NEWS STATION						MED			1	013	013	01	1	0.4	5	1	5	-5.62770562770563	2	Pennsylvania, United States	US	USPA		40.5773	-77.264	PA	2	Pennsylvania, United States	US	USPA		40.5773	-77.264	PA	2	Pennsylvania, United States	US	USPA		40.5773	-77.264	PA	20251010164500	https://www.newsweek.com/ice-detains-green-card-holder-toll-booth-10861101
1267918883	20251010	202510	2025	2025.7671	USA	UNITED STATES	USA								MED	MEDIA						MED			0	040	040	04	1	1.0	4	1	4	-5.88235294117647	2	Kansas, United States	US	USKS		38.5111	-96.8005	KS	2	Kansas, United States	US	USKS		38.5111	-96.8005	KS	2	Kansas, United States	US	USKS		38.5111	-96.8005	KS	20251010164500	https://www.the-independent.com/news/world/americas/crime/btk-killer-daughter-kerri-rawson-netflix-doc-b2842660.html
1267918884	20251010	202510	2025	2025.7671	USA	WASHINGTON	USA								MED	NEWSPAPER						MED			1	051	051	05	1	3.4	10	1	10	-0.69767441860465	3	Boston, Massachusetts, United States	US	USMA	MA025	42.3584	-71.0598	617565	3	Boston, Massachusetts, United States	US	USMA	MA025	42.3584	-71.0598	617565	3	Boston, Massachusetts, United States	US	USMA	MA025	42.3584	-71.0598	617565	20251010164500	https://www.independent.co.uk/news/world/americas/us-politics/washington-post-conservative-opinion-marc-thiessen-b2843302.html
1267918885	20251010	202510	2025	2025.7671	USA	UNITED STATES	USA								MED	NEWS OUTLET						MED			0	0874	087	08	2	10.0	2	1	2	-5.88235294117647	3	Osage County, Kansas, United States	US	USKS	KS139	38.65	-95.7336	485033	3	Osage County, Kansas, United States	US	USKS		38.65	-95.7336	485033	3	Osage County, Kansas, United States	US	USKS		38.65	-95.7336	485033	20251010164500	https://www.the-independent.com/news/world/americas/crime/btk-killer-daughter-kerri-rawson-netflix-doc-b2842660.html
1267918886	20251010	202510	2025	2025.7671	USA	UNITED STATES	USA								MED	NEWS OUTLET						MED			0	0874	087	08	2	10.0	2	1	2	-5.88235294117647	2	Oklahoma, United States	US	USOK		35.5376	-96.9247	OK	2	Oklahoma, United States	US	USOK		35.5376	-96.9247	OK	3	Osage County, Kansas, United States	US	USKS		38.65	-95.7336	485033	20251010164500	https://www.the-independent.com/news/world/americas/crime/btk-killer-daughter-kerri-rawson-netflix-doc-b2842660.html
1267918887	20251010	202510	2025	2025.7671	USA	UNITED STATES	USA								MED	JOURNALIST						MED			1	114	114	11	3	-2.0	4	1	4	-4.33884297520661	2	California, United States	US	USCA		36.17	-119.746	CA	2	California, United States	US	USCA		36.17	-119.746	CA	2	California, United States	US	USCA		36.17	-119.746	CA	20251010164500	https://nypost.com/2025/10/10/us-news/katie-porter-eviscerated-by-political-rival-in-brutal-new-ad/
1267918888	20251010	202510	2025	2025.7671	USA	WEST VIRGINIA	USA								MED	NEWS STATION						MED			0	173	173	17	4	-5.0	10	1	10	-5.62770562770563	2	West Virginia, United States	US	USWV		38.468	-80.9696	WV	2	West Virginia, United States	US	USWV		38.468	-80.9696	WV	2	West Virginia, United States	US	USWV		38.468	-80.9696	WV	20251010164500	https://www.newsweek.com/ice-detains-green-card-holder-toll-booth-10861101
1267918889	20251010	202510	2025	2025.7671	USA	CHICAGO	USA								MIL	NATIONAL GUARD						MIL			1	141	141	14	3	-6.5	4	1	4	-2.22222222222222	3	Chicago, Illinois, United States	US	USIL	IL031	41.85	-87.6501	423587	2	Texas, United States	US	USTX		31.106	-97.6475	TX	3	Chicago, Illinois, United States	US	USIL	IL031	41.85	-87.6501	423587	20251010164500	https://www.sacurrent.com/news/texas-news/federal-judge-blocks-trumps-deployment-of-texas-national-guard-troops/
1267918890	20251010	202510	2025	2025.7671	USA	CHICAGO	USA								MIL	NATIONAL GUARD						MIL			1	154	154	15	4	-7.2	4	1	4	-2.22222222222222	3	Chicago, Illinois, United States	US	USIL	IL031	41.85	-87.6501	423587	2	Texas, United States	US	USTX		31.106	-97.6475	TX	2	Texas, United States	US	USTX		31.106	-97.6475	TX	20251010164500	https://www.sacurrent.com/news/texas-news/federal-judge-blocks-trumps-deployment-of-texas-national-guard-troops/
1267918891	20251010	202510	2025	2025.7671	USA	AMERICAN	USA								MNC	MASTERCARD						MNC			0	120	120	12	3	-4.0	2	1	2	-6.51041666666666	3	Washington, District of Columbia, United States	US	USDC	DC001	38.8951	-77.0364	531871	3	Washington, District of Columbia, United States	US	USDC	DC001	38.8951	-77.0364	531871	4	Moscow, Moskva, Russia	RS	RS48	25106	55.7522	37.6156	-2960561	20251010164500	http://www.bignewsnetwork.com/news/278628875/us-sanctions-serbian-oil-major-over-russia-ties
1267918892	20251010	202510	2025	2025.7671	USA	AMERICAN	USA								MNC	MASTERCARD						MNC			0	120	120	12	3	-4.0	8	1	8	-6.51041666666666	3	Washington, District of Columbia, United States	US	USDC	DC001	38.8951	-77.0364	531871	3	Washington, District of Columbia, United States	US	USDC	DC001	38.8951	-77.0364	531871	3	Washington, District of Columbia, United States	US	USDC	DC001	38.8951	-77.0364	531871	20251010164500	http://www.bignewsnetwork.com/news/278628875/us-sanctions-serbian-oil-major-over-russia-ties
1267918893	20251010	202510	2025	2025.7671	USA	UNITED STATES	USA								NGOCHR	YWCA				CHR		NGO			1	070	070	07	2	7.0	4	1	4	-1.60642570281124	3	New Britain, Connecticut, United States	US	USCT	CT003	41.6612	-72.7795	209217	3	New Britain, Connecticut, United States	US	USCT		41.6612	-72.7795	209217	3	New Britain, Connecticut, United States	US	USCT		41.6612	-72.7795	209217	20251010164500	https://www.wfsb.com/2025/10/10/state-finds-new-britain-ywca-failed-give-proper-first-aidcpr-death-2-year-old-boy-who-choked-meatball/
1267918894	20251010	202510	2025	2025.7671	USA	UNITED STATES	USA								NMR	NORTH AMERICA	NMR								1	036	036	03	1	4.0	4	1	4	-0.467289719626168	2	Minnesota, United States	US	USMN		45.7326	-93.9196	MN	3	Chicago, Illinois, United States	US	USIL	IL031	41.85	-87.6501	423587	4	Riyadh, Ar Riya?, Saudi Arabia	SA	SA10	25316	24.6408	46.7728	-3093009	20251010164500	https://www.wrestlinginc.com/1992731/wwe-elimination-chamber-2026-heading-midwest/
1267918895	20251010	202510	2025	2025.7671	USA	UNITED STATES	USA								NMR	NORTH AMERICA	NMR								1	190	190	19	4	-10.0	4	1	4	4.59770114942529	1	Spain	SP	SP		40	-4	SP	1	Spain	SP	SP		40	-4	SP	1	Spain	SP	SP		40	-4	SP	20251010164500	https://www.constructiondive.com/news/construction-inclusion-week-2025-record-sponsorship/802544/
1267918896	20251010	202510	2025	2025.7671	USA	UNITED STATES	USA								PAKMIL	PAKISTAN	PAK					MIL			0	190	190	19	4	-10.0	1	1	1	-2.98850574712644	1	Russia	RS	RS		60	100	RS	5	Balochistan, Balochistan, Pakistan	PK	PK02	40300	28.4785	65.6436	-2755738	1	United States	US	US		39.828175	-98.5795	US	20251010164500	https://www.pakistantoday.com.pk/2025/10/10/bombing-kabul/
1267918897	20251010	202510	2025	2025.7671	USA	AMERICAN	USA								PAKMIL	PAKISTAN	PAK					MIL			0	190	190	19	4	-10.0	2	1	2	-2.98850574712644	1	United States	US	US		39.828175	-98.5795	US	5	Balochistan, Balochistan, Pakistan	PK	PK02	40300	28.4785	65.6436	-2755738	1	United States	US	US		39.828175	-98.5795	US	20251010164500	https://www.pakistantoday.com.pk/2025/10/10/bombing-kabul/
1267918898	20251010	202510	2025	2025.7671	USA	UNITED STATES	USA								QAT	QATARI	QAT								1	043	043	04	1	2.8	6	3	6	0.847457627118646	3	Boise, Idaho, United States	US	USID	ID001	43.6135	-116.203	400590	1	Qatar	QA	QA		25.5	51.25	QA	1	Qatar	QA	QA		25.5	51.25	QA	20251010164500	https://wsbt.com/news/nation-world/mountain-home-air-force-base-to-host-qatari-air-force-facility-f-15-training
1267918899	20251010	202510	2025	2025.7671	USA	IDAHO	USA								QAT	QATARI	QAT								1	043	043	04	1	2.8	3	3	3	0.847457627118646	2	Idaho, United States	US	USID		44.2394	-114.51	ID	1	Qatar	QA	QA		25.5	51.25	QA	1	Qatar	QA	QA		25.5	51.25	QA	20251010164500	https://wsbt.com/news/nation-world/mountain-home-air-force-base-to-host-qatari-air-force-facility-f-15-training
1267918900	20251010	202510	2025	2025.7671	USA	UNITED STATES	USA								QAT	QATARI	QAT								1	043	043	04	1	2.8	2	1	2	1.83150183150183	1	Qatar	QA	QA		25.5	51.25	QA	4	Gaza, Israel (general), Israel	IS	IS00	18315	31.4167	34.3333	-797156	4	Gaza, Israel (general), Israel	IS	IS00	18315	31.4167	34.3333	-797156	20251010164500	https://www.yahoo.com/news/articles/qatari-air-force-facility-built-153722652.html
1267918901	20251010	202510	2025	2025.7671	USA	IDAHO	USA								QAT	QATARI	QAT								1	043	043	04	1	2.8	3	3	3	0.847457627118646	1	Qatar	QA	QA		25.5	51.25	QA	1	Qatar	QA	QA		25.5	51.25	QA	1	Qatar	QA	QA		25.5	51.25	QA	20251010164500	https://wsbt.com/news/nation-world/mountain-home-air-force-base-to-host-qatari-air-force-facility-f-15-training
1267918902	20251010	202510	2025	2025.7671	USA	UNITED STATES	USA								QATMIL	QATAR	QAT					MIL			1	043	043	04	1	2.8	12	3	12	0.847457627118646	3	Boise, Idaho, United States	US	USID	ID001	43.6135	-116.203	400590	1	Qatar	QA	QA		25.5	51.25	QA	1	Qatar	QA	QA		25.5	51.25	QA	20251010164500	https://wsbt.com/news/nation-world/mountain-home-air-force-base-to-host-qatari-air-force-facility-f-15-training
1267918903	20251010	202510	2025	2025.7671	USA	UNITED STATES	USA								QATMIL	QATAR	QAT					MIL			1	043	043	04	1	2.8	6	3	6	0.847457627118646	2	Idaho, United States	US	USID		44.2394	-114.51	ID	1	Qatar	QA	QA		25.5	51.25	QA	2	Idaho, United States	US	USID		44.2394	-114.51	ID	20251010164500	https://wsbt.com/news/nation-world/mountain-home-air-force-base-to-host-qatari-air-force-facility-f-15-training
1267918904	20251010	202510	2025	2025.7671	USA	IDAHO	USA								QATMIL	QATARI	QAT					MIL			1	043	043	04	1	2.8	9	3	9	0.847457627118646	2	Idaho, United States	US	USID		44.2394	-114.51	ID	1	Qatar	QA	QA		25.5	51.25	QA	1	Qatar	QA	QA		25.5	51.25	QA	20251010164500	https://wsbt.com/news/nation-world/mountain-home-air-force-base-to-host-qatari-air-force-facility-f-15-training
1267918905	20251010	202510	2025	2025.7671	USA	CHICAGO	USA								REB	REBELLION						REB			1	112	112	11	3	-2.0	10	1	10	-4.2212518195051	3	Chicago, Illinois, United States	US	USIL	IL031	41.85	-87.6501	423587	2	Illinois, United States	US	USIL		40.3363	-89.0022	IL	3	Chicago, Illinois, United States	US	USIL	IL031	41.85	-87.6501	423587	20251010164500	https://globalnews.ca/news/11473256/judge-blocks-national-guard-chicago-memphis/
1267918906	20251010	202510	2025	2025.7671	USA	THE US	USA								RUS	RUSSIA	RUS								1	040	040	04	1	1.0	11	2	11	1.10388782453044	4	Moscow, Moskva, Russia	RS	RS48	25106	55.7522	37.6156	-2960561	4	Moscow, Moskva, Russia	RS	RS48	25106	55.7522	37.6156	-2960561	4	Moscow, Moskva, Russia	RS	RS48	25106	55.7522	37.6156	-2960561	20251010164500	https://tass.com/politics/2028143
1267918907	20251010	202510	2025	2025.7671	USA	WASHINGTON	USA								RUS	RUSSIAN	RUS								1	046	046	04	1	7.0	4	1	4	-4.74452554744525	1	Russia	RS	RS		60	100	RS	1	Ukraine	UP	UP		49	32	UP	1	Ukraine	UP	UP		49	32	UP	20251010164500	https://lasvegassun.com/news/2025/oct/10/melania-trump-says-8-children-are-reunited-with-fa/
1267918908	20251010	202510	2025	2025.7671	USA	UNITED STATES	USA								RUS	RUSSIA	RUS								0	161	161	16	4	-4.0	2	1	2	-6.51041666666666	4	Brussels, Bruxelles-Capitale, Belgium	BE	BE11	5850	50.8333	4.33333	-1955538	4	Moscow, Moskva, Russia	RS	RS48	25106	55.7522	37.6156	-2960561	4	Belgrade, Serbia (general),	RB	RB00	47629	44.8186	20.4681	-74897	20251010164500	http://www.bignewsnetwork.com/news/278628875/us-sanctions-serbian-oil-major-over-russia-ties
1267918909	20251010	202510	2025	2025.7671	USA	WASHINGTON	USA								RUS	MOSCOW	RUS								0	161	161	16	4	-4.0	2	1	2	-6.51041666666666	4	Moscow, Moskva, Russia	RS	RS48	25106	55.7522	37.6156	-2960561	3	Washington, District of Columbia, United States	US	USDC	DC001	38.8951	-77.0364	531871	1	Ukraine	UP	UP		49	32	UP	20251010164500	http://www.bignewsnetwork.com/news/278628875/us-sanctions-serbian-oil-major-over-russia-ties
1267918910	20251010	202510	2025	2025.7671	USA	WASHINGTON	USA								RUS	MOSCOW	RUS								0	161	161	16	4	-4.0	6	1	6	-6.51041666666666	3	Washington, District of Columbia, United States	US	USDC	DC001	38.8951	-77.0364	531871	4	Moscow, Moskva, Russia	RS	RS48	25106	55.7522	37.6156	-2960561	4	Belgrade, Serbia (general),	RB	RB00	47629	44.8186	20.4681	-74897	20251010164500	http://www.bignewsnetwork.com/news/278628875/us-sanctions-serbian-oil-major-over-russia-ties
1267918911	20251010	202510	2025	2025.7671	USA	WASHINGTON	USA								RUSGOV	RUSSIAN	RUS					GOV			1	046	046	04	1	7.0	6	1	6	-4.74452554744525	1	Russia	RS	RS		60	100	RS	1	Ukraine	UP	UP		49	32	UP	1	Ukraine	UP	UP		49	32	UP	20251010164500	https://lasvegassun.com/news/2025/oct/10/melania-trump-says-8-children-are-reunited-with-fa/
1267918912	20251010	202510	2025	2025.7671	USA	UNITED STATES	USA								SAU	SAUDI ARABIA	SAU								1	036	036	03	1	4.0	2	1	2	-0.467289719626168	3	Chicago, Illinois, United States	US	USIL	IL031	41.85	-87.6501	423587	4	Riyadh, Ar Riya?, Saudi Arabia	SA	SA10	25316	24.6408	46.7728	-3093009	4	Riyadh, Ar Riya?, Saudi Arabia	SA	SA10	25316	24.6408	46.7728	-3093009	20251010164500	https://www.wrestlinginc.com/1992731/wwe-elimination-chamber-2026-heading-midwest/
1267918913	20251010	202510	2025	2025.7671	USA	UNITED STATES	USA								SAU	SAUDI ARABIA	SAU								1	036	036	03	1	4.0	2	1	2	-0.467289719626168	2	Minnesota, United States	US	USMN		45.7326	-93.9196	MN	2	Minnesota, United States	US	USMN		45.7326	-93.9196	MN	2	Minnesota, United States	US	USMN		45.7326	-93.9196	MN	20251010164500	https://www.wrestlinginc.com/1992731/wwe-elimination-chamber-2026-heading-midwest/
1267918914	20251010	202510	2025	2025.7671	USA	UNITED STATES	USA								SAU	SAUDI ARABIA	SAU								1	042	042	04	1	1.9	2	1	2	-0.467289719626168	3	Chicago, Illinois, United States	US	USIL	IL031	41.85	-87.6501	423587	4	Riyadh, Ar Riya?, Saudi Arabia	SA	SA10	25316	24.6408	46.7728	-3093009	4	Riyadh, Ar Riya?, Saudi Arabia	SA	SA10	25316	24.6408	46.7728	-3093009	20251010164500	https://www.wrestlinginc.com/1992731/wwe-elimination-chamber-2026-heading-midwest/
1267918915	20251010	202510	2025	2025.7671	USA	UNITED STATES	USA								SAU	SAUDI ARABIA	SAU								1	042	042	04	1	1.9	2	1	2	-0.467289719626168	2	Minnesota, United States	US	USMN		45.7326	-93.9196	MN	2	Minnesota, United States	US	USMN		45.7326	-93.9196	MN	2	Minnesota, United States	US	USMN		45.7326	-93.9196	MN	20251010164500	https://www.wrestlinginc.com/1992731/wwe-elimination-chamber-2026-heading-midwest/
1267918916	20251010	202510	2025	2025.7671	USA	UNITED STATES	USA								SWE	SWEDEN	SWE								1	111	111	11	3	-2.0	2	1	2	3.49544072948328	1	Sweden	SW	SW		62	15	SW	1	Sweden	SW	SW		62	15	SW	1	Sweden	SW	SW		62	15	SW	20251010164500	https://www.euronews.com/2025/10/10/white-house-slams-nobel-committees-decision-not-to-award-2025-peace-prize-to-trump
1267918917	20251010	202510	2025	2025.7671	USA	THE US	USA								UKR	UKRAINE	UKR								1	010	010	01	1	0.0	2	1	2	1.72811059907835	4	Moscow, Moskva, Russia	RS	RS48	25106	55.7522	37.6156	-2960561	4	Kiev, Ukraine (general), Ukraine	UP	UP00	28554	50.4333	30.5167	-1044367	4	Kiev, Ukraine (general), Ukraine	UP	UP00	28554	50.4333	30.5167	-1044367	20251010164500	https://tass.com/politics/2028143
1267918918	20251010	202510	2025	2025.7671	USA	THE US	USA								UKR	UKRAINE	UKR								1	125	125	12	3	-5.0	2	1	2	1.72811059907835	4	Moscow, Moskva, Russia	RS	RS48	25106	55.7522	37.6156	-2960561	4	Kiev, Ukraine (general), Ukraine	UP	UP00	28554	50.4333	30.5167	-1044367	3	Anchorage, Alaska, United States	US	USAK	AK020	61.2181	-149.9	1398242	20251010164500	https://tass.com/politics/2028143
1267918919	20251010	202510	2025	2025.7671	USA	UNITED STATES	USA								USACOP	UNITED STATES	USA					COP			1	090	090	09	2	-2.0	2	1	2	-10.3174603174603	3	Rush City, Minnesota, United States	US	USMN	MN025	45.6855	-92.9655	650391	3	Chisago County, Minnesota, United States	US	USMN		45.5005	-92.9002	659458	3	Chisago County, Minnesota, United States	US	USMN		45.5005	-92.9002	659458	20251010164500	https://kstp.com/kstp-news/local-news/inmate-death-at-rush-city-prison-being-investigated-as-possible-homicide/
1267918920	20251010	202510	2025	2025.7671	USA	MINNESOTA	USA								USACOP	UNITED STATES	USA					COP			1	090	090	09	2	-2.0	6	1	6	-10.3174603174603	3	Chisago County, Minnesota, United States	US	USMN	MN025	45.5005	-92.9002	659458	3	Chisago County, Minnesota, United States	US	USMN		45.5005	-92.9002	659458	3	Chisago County, Minnesota, United States	US	USMN		45.5005	-92.9002	659458	20251010164500	https://kstp.com/kstp-news/local-news/inmate-death-at-rush-city-prison-being-investigated-as-possible-homicide/
1267918921	20251010	202510	2025	2025.7671	USA	UNITED STATES	USA								USACOP	UNITED STATES	USA					COP			1	180	180	18	4	-9.0	6	1	6	-3.55113636363636	2	Montana, United States	US	USMT		46.9048	-110.326	MT	2	Montana, United States	US	USMT		46.9048	-110.326	MT	2	Montana, United States	US	USMT		46.9048	-110.326	MT	20251010164500	https://newstalkkgvo.com/missoula-police-assault-antisemitism/
1267918922	20251010	202510	2025	2025.7671	USA	NEW ORLEANS	USA								USACVL	NEW ORLEANS	USA					CVL			1	014	014	01	1	0.0	10	1	10	-1.88679245283019	0								0								0								20251010164500	https://www.fox8live.com/2025/10/10/election-day-where-vote-new-orleans-find-your-polling-location-here/
1267918923	20251010	202510	2025	2025.7671	USA	UNITED STATES	USA								USACVL	UNITED STATES	USA					CVL			1	0874	087	08	2	10.0	8	4	8	-5.58363970588235	3	Lobelville, Tennessee, United States	US	USTN	TN135	35.772	-87.7839	1291752	3	Lobelville, Tennessee, United States	US	USTN	TN135	35.772	-87.7839	1291752	3	Lobelville, Tennessee, United States	US	USTN	TN135	35.772	-87.7839	1291752	20251010164500	https://www.baltimoresun.com/2025/10/10/tennessee-explosion/
1267918924	20251010	202510	2025	2025.7671	USA	THE US	USA								USAGOV	THE WHITE HOUSE	USA					GOV			0	042	042	04	1	1.9	1	1	1	1.44578313253012	4	Hiroshima, Hiroshima, Japan	JA	JA11	34163	34.4	132.45	-229436	4	Caracas, Distrito Federal, Venezuela	VE	VE25	31959	10.5	-66.9167	-938457	4	Caracas, Distrito Federal, Venezuela	VE	VE25	31959	10.5	-66.9167	-938457	20251010164500	https://www.pakistantoday.com.pk/2025/10/10/venezuela-opposition-leader-maria-corina-machado-wins-nobel-peace-prize/
1267918925	20251010	202510	2025	2025.7671	USA	UNITED STATES	USA								USAGOV	THE WHITE HOUSE	USA					GOV			0	043	043	04	1	2.8	1	1	1	-2.73775216138328	1	Iran	IR	IR		32	53	IR	1	Iran	IR	IR		32	53	IR	1	Iran	IR	IR		32	53	IR	20251010164500	https://www.theguardian.com/commentisfree/2025/oct/10/donald-trump-gaza-us-benjamin-netanyahu-israel
1267918926	20251010	202510	2025	2025.7671	USA	THE US	USA								USAGOV	THE US	USA					GOV			0	100	100	10	3	-5.0	3	1	3	-2.73775216138328	4	Gaza, Israel (general), Israel	IS	IS00	18315	31.4167	34.3333	-797156	4	Gaza, Israel (general), Israel	IS	IS00	18315	31.4167	34.3333	-797156	4	Gaza, Israel (general), Israel	IS	IS00	18315	31.4167	34.3333	-797156	20251010164500	https://www.theguardian.com/commentisfree/2025/oct/10/donald-trump-gaza-us-benjamin-netanyahu-israel
1267918927	20251010	202510	2025	2025.7671	USA	THE US	USA								USAGOV	THE US	USA					GOV			0	100	100	10	3	-5.0	2	1	2	-2.73775216138328	1	Iran	IR	IR		32	53	IR	1	Iran	IR	IR		32	53	IR	1	Iran	IR	IR		32	53	IR	20251010164500	https://www.theguardian.com/commentisfree/2025/oct/10/donald-trump-gaza-us-benjamin-netanyahu-israel
1267918928	20251010	202510	2025	2025.7671	USA	UNITED STATES	USA								USAHLH	UNITED STATES	USA					HLH			1	042	042	04	1	1.9	2	1	2	1.50214592274678	3	Clay County, Florida, United States	US	USFL	FL019	29.9997	-81.8332	295726	3	Clay County, Florida, United States	US	USFL		29.9997	-81.8332	295726	3	Clay County, Florida, United States	US	USFL		29.9997	-81.8332	295726	20251010164500	https://www.news4jax.com/news/local/2025/10/10/from-venezuela-to-fleming-island-how-this-husband-and-wife-help-patients-smile-again-through-their-dentistry-practice/
1267918929	20251010	202510	2025	2025.7671	USA	UNITED STATES	USA								USAJUD	UNITED STATES	USA					JUD			0	016	016	01	1	-2.0	1	1	1	-10.3510351035103	3	White House, District of Columbia, United States	US	USDC		38.8951	-77.0364	531871	3	White House, District of Columbia, United States	US	USDC		38.8951	-77.0364	531871	3	White House, District of Columbia, United States	US	USDC		38.8951	-77.0364	531871	20251010164500	https://globalnews.ca/news/11473387/trump-comey-trial-analysis/
1267918930	20251010	202510	2025	2025.7671	USA	VIRGINIA	USA								USAJUD	UNITED STATES	USA					JUD			0	120	120	12	3	-4.0	1	1	1	-1.55925155925155	3	Suffolk, Virginia, United States	US	USVA	VA800	36.7282	-76.5836	1500187	3	Suffolk, Virginia, United States	US	USVA	VA800	36.7282	-76.5836	1500187	3	Suffolk, Virginia, United States	US	USVA	VA800	36.7282	-76.5836	1500187	20251010164500	https://dailyprogress.com/news/state-regional/government-politics/article_e7752c90-9555-5e8f-9c7b-7d31f78e68d9.html
1267918931	20251010	202510	2025	2025.7671	USA	VIRGINIA	USA								USAJUD	UNITED STATES	USA					JUD			0	120	120	12	3	-4.0	1	1	1	-1.55925155925155	3	Suffolk, Virginia, United States	US	USVA	VA800	36.7282	-76.5836	1500187	2	Maryland, United States	US	USMD		39.0724	-76.7902	MD	3	Suffolk, Virginia, United States	US	USVA	VA800	36.7282	-76.5836	1500187	20251010164500	https://dailyprogress.com/news/state-regional/government-politics/article_e7752c90-9555-5e8f-9c7b-7d31f78e68d9.html
1267918932	20251010	202510	2025	2025.7671	USA	VIRGINIA	USA								USAJUD	UNITED STATES	USA					JUD			0	120	120	12	3	-4.0	2	1	2	-1.55925155925155	2	Virginia, United States	US	USVA		37.768	-78.2057	VA	2	Virginia, United States	US	USVA		37.768	-78.2057	VA	3	Suffolk, Virginia, United States	US	USVA	VA800	36.7282	-76.5836	1500187	20251010164500	https://dailyprogress.com/news/state-regional/government-politics/article_e7752c90-9555-5e8f-9c7b-7d31f78e68d9.html
1267918933	20251010	202510	2025	2025.7671	USA	BOSTON	USA								USAMED	MASSACHUSETTS	USA					MED			1	046	046	04	1	7.0	5	1	5	-2.56410256410257	3	Boston, Massachusetts, United States	US	USMA	MA025	42.3584	-71.0598	617565	2	Massachusetts, United States	US	USMA		42.2373	-71.5314	MA	3	Boston, Massachusetts, United States	US	USMA	MA025	42.3584	-71.0598	617565	20251010164500	https://www.boston.com/weather/weather/2025/10/10/boston-ma-weather-coastal-storm-holiday-weekend/
1267918934	20251010	202510	2025	2025.7671	USA	OKLAHOMA	USA								USAMIL	UNITED STATES	USA					MIL			0	010	010	01	1	0.0	1	1	1	-1.68350168350168	2	Illinois, United States	US	USIL		40.3363	-89.0022	IL	2	Illinois, United States	US	USIL		40.3363	-89.0022	IL	2	Illinois, United States	US	USIL		40.3363	-89.0022	IL	20251010164500	https://capitolfax.com/2025/10/10/isabel%E2%80%99s-morning-briefing-609/
1267918935	20251010	202510	2025	2025.7671	USA	COLUMBUS	USA								USAMIL	UNITED STATES	USA					MIL			1	017	017	01	1	0.0	10	1	10	4.19580419580419	1	United States	US	US		39.828175	-98.5795	US	1	United States	US	US		39.828175	-98.5795	US	1	United States	US	US		39.828175	-98.5795	US	20251010164500	https://highlandcountypress.com/headlines/rep-peterson-votes-support-resolution-honoring-us-marine-corps-250th-anniversary
1267918936	20251010	202510	2025	2025.7671	USA	COLUMBUS	USA								USAMIL	UNITED STATES	USA					MIL			1	051	051	05	1	3.4	10	1	10	4.19580419580419	1	United States	US	US		39.828175	-98.5795	US	1	United States	US	US		39.828175	-98.5795	US	1	United States	US	US		39.828175	-98.5795	US	20251010164500	https://highlandcountypress.com/headlines/rep-peterson-votes-support-resolution-honoring-us-marine-corps-250th-anniversary
1267918937	20251010	202510	2025	2025.7671	USA	UNITED STATES	USA								VEN	VENEZUELA	VEN								0	050	050	05	1	3.5	1	1	1	-6.7191844300278	3	Washington, District of Columbia, United States	US	USDC	DC001	38.8951	-77.0364	531871	1	Venezuela	VE	VE		8	-66	VE	3	Washington, District of Columbia, United States	US	USDC	DC001	38.8951	-77.0364	531871	20251010164500	https://www.stimson.org/2025/the-strategic-costs-of-us-strikes-against-venezuela/
1267918938	20251010	202510	2025	2025.7671	USA	UNITED STATES	USA								VEN	VENEZUELA	VEN								0	050	050	05	1	3.5	1	1	1	-6.7191844300278	3	Washington, District of Columbia, United States	US	USDC	DC001	38.8951	-77.0364	531871	1	Venezuela	VE	VE		8	-66	VE	1	Venezuela	VE	VE		8	-66	VE	20251010164500	https://www.stimson.org/2025/the-strategic-costs-of-us-strikes-against-venezuela/
1267918939	20251010	202510	2025	2025.7671	USA	UNITED STATES	USA								VENGOV	VENEZUELA	VEN					GOV			1	020	020	02	1	3.0	1	1	1	5.85106382978723	4	Aylesbury, Buckinghamshire, United Kingdom	UK	UKB9	40097	51.8167	-0.8	-2588872	1	Venezuela	VE	VE		8	-66	VE	4	Aylesbury, Buckinghamshire, United Kingdom	UK	UKB9	40097	51.8167	-0.8	-2588872	20251010164500	https://www.channelstv.com/2025/10/10/nobel-peace-prize-winner-machado-dedicates-award-to-trump/
1267918940	20251010	202510	2025	2025.7671	USA	UNITED STATES	USA								osa	OSAGE			osa						0	060	060	06	2	6.0	2	1	2	-5.88235294117647	3	Osage County, Kansas, United States	US	USKS	KS139	38.65	-95.7336	485033	3	Osage County, Kansas, United States	US	USKS		38.65	-95.7336	485033	3	Osage County, Kansas, United States	US	USKS		38.65	-95.7336	485033	20251010164500	https://www.the-independent.com/news/world/americas/crime/btk-killer-daughter-kerri-rawson-netflix-doc-b2842660.html
1267918941	20251010	202510	2025	2025.7671	USA	UNITED STATES	USA								osa	OSAGE			osa						0	060	060	06	2	6.0	1	1	1	-5.88235294117647	2	Oklahoma, United States	US	USOK		35.5376	-96.9247	OK	2	Oklahoma, United States	US	USOK		35.5376	-96.9247	OK	2	Oklahoma, United States	US	USOK		35.5376	-96.9247	OK	20251010164500	https://www.the-independent.com/news/world/americas/crime/btk-killer-daughter-kerri-rawson-netflix-doc-b2842660.html
1267918942	20251010	202510	2025	2025.7671	USA	KANSAS	USA								osa	OSAGE			osa						0	090	090	09	2	-2.0	4	1	4	-5.88235294117647	2	Kansas, United States	US	USKS		38.5111	-96.8005	KS	3	Osage County, Kansas, United States	US	USKS		38.65	-95.7336	485033	2	Kansas, United States	US	USKS		38.5111	-96.8005	KS	20251010164500	https://www.the-independent.com/news/world/americas/crime/btk-killer-daughter-kerri-rawson-netflix-doc-b2842660.html
1267918943	20251010	202510	2025	2025.7671	USA	UNITED STATES	USA								osa	OSAGE			osa						0	090	090	09	2	-2.0	2	1	2	-5.88235294117647	2	Oklahoma, United States	US	USOK		35.5376	-96.9247	OK	2	Oklahoma, United States	US	USOK		35.5376	-96.9247	OK	2	Oklahoma, United States	US	USOK		35.5376	-96.9247	OK	20251010164500	https://www.the-independent.com/news/world/americas/crime/btk-killer-daughter-kerri-rawson-netflix-doc-b2842660.html
1267918944	20251010	202510	2025	2025.7671	USACOP	UNITED STATES	USA					COP													1	180	180	18	4	-9.0	2	1	2	-3.55113636363636	2	Montana, United States	US	USMT		46.9048	-110.326	MT	0								2	Montana, United States	US	USMT		46.9048	-110.326	MT	20251010164500	https://newstalkkgvo.com/missoula-police-assault-antisemitism/
1267918945	20251010	202510	2025	2025.7671	USACOP	UNITED STATES	USA					COP			USA	UNITED STATES	USA								1	013	013	01	1	0.4	1	1	1	-5.32687651331719	2	Oregon, United States	US	USOR		44.5672	-122.127	OR	2	Oregon, United States	US	USOR		44.5672	-122.127	OR	2	Oregon, United States	US	USOR		44.5672	-122.127	OR	20251010164500	https://www.wokv.com/news/national-guard/3MEPSLWBL424PDVWJYGGGKRK5I/
1267918946	20251010	202510	2025	2025.7671	USACVL	MISSOURI	USA					CVL													1	111	111	11	3	-2.0	5	1	5	6.09756097560976	2	Missouri, United States	US	USMO		38.4623	-92.302	MO	0								2	Missouri, United States	US	USMO		38.4623	-92.302	MO	20251010164500	https://www.openpr.com/news/4218519/pittsburgh-seo-company-unveils-new-suite-of-services-designed
1267918947	20251010	202510	2025	2025.7671	USACVL	NATIONAL HOUSING CONFERENCE	USA					CVL			LEG	SENATE						LEG			0	051	051	05	1	3.4	10	1	10	2.07972270363952	1	United States	US	US		39.828175	-98.5795	US	1	United States	US	US		39.828175	-98.5795	US	1	United States	US	US		39.828175	-98.5795	US	20251010164500	https://www.housingwire.com/articles/senate-passes-road-to-housing-act-to-boost-housing-supply/
1267918948	20251010	202510	2025	2025.7671	USACVL	CHICAGO	USA					CVL			MIL	NATIONAL GUARD						MIL			1	141	141	14	3	-6.5	6	1	6	-2.22222222222222	2	Illinois, United States	US	USIL		40.3363	-89.0022	IL	2	Illinois, United States	US	USIL		40.3363	-89.0022	IL	2	Illinois, United States	US	USIL		40.3363	-89.0022	IL	20251010164500	https://www.sacurrent.com/news/texas-news/federal-judge-blocks-trumps-deployment-of-texas-national-guard-troops/
1267918949	20251010	202510	2025	2025.7671	USACVL	CHICAGO	USA					CVL			MIL	NATIONAL GUARD						MIL			1	154	154	15	4	-7.2	6	1	6	-2.22222222222222	3	Chicago, Illinois, United States	US	USIL	IL031	41.85	-87.6501	423587	3	Chicago, Illinois, United States	US	USIL	IL031	41.85	-87.6501	423587	3	Chicago, Illinois, United States	US	USIL	IL031	41.85	-87.6501	423587	20251010164500	https://www.sacurrent.com/news/texas-news/federal-judge-blocks-trumps-deployment-of-texas-national-guard-troops/
1267918950	20251010	202510	2025	2025.7671	USACVL	LAS VEGAS	USA					CVL			PHL	FILIPINO	PHL								1	051	051	05	1	3.4	10	1	10	3.2520325203252	1	Philippines	RP	RP		13	122	RP	1	Philippines	RP	RP		13	122	RP	1	Philippines	RP	RP		13	122	RP	20251010164500	https://news3lv.com/news/local/community-celebrates-filipino-town-sign-unveiling-las-vegas-clark-county-boulevard-mall-cultural-district-aapi
1267918951	20251010	202510	2025	2025.7671	USACVL	MISSOURI	USA					CVL			USA	UNITED STATES	USA								1	111	111	11	3	-2.0	2	1	2	6.09756097560976	2	Missouri, United States	US	USMO		38.4623	-92.302	MO	2	Missouri, United States	US	USMO		38.4623	-92.302	MO	2	Missouri, United States	US	USMO		38.4623	-92.302	MO	20251010164500	https://www.openpr.com/news/4218519/pittsburgh-seo-company-unveils-new-suite-of-services-designed
1267918952	20251010	202510	2025	2025.7671	USAEDU	ILLINOIS	USA					EDU													0	010	010	01	1	0.0	10	1	10	1.03950103950104	2	California, United States	US	USCA		36.17	-119.746	CA	0								2	California, United States	US	USCA		36.17	-119.746	CA	20251010164500	https://natlawreview.com/article/navigating-disability-accommodations-higher-education-processes-distinctions-and
1267918953	20251010	202510	2025	2025.7671	USAEDU	AMERICAN	USA					EDU			EDU	SCHOOL						EDU			1	042	042	04	1	1.9	6	1	6	0.36730945821855	2	Utah, United States	US	USUT		40.1135	-111.854	UT	2	Utah, United States	US	USUT		40.1135	-111.854	UT	2	Utah, United States	US	USUT		40.1135	-111.854	UT	20251010164500	https://www.dailycal.org/opinion/opinion-columns/cal-in-color/my-name-their-narrative/article_a5adcac3-241f-4b66-9153-65e03bd36d8a.html
1267918954	20251010	202510	2025	2025.7671	USAELI	UNITED STATES	USA					ELI			USA	UNITED STATES	USA								1	051	051	05	1	3.4	2	1	2	-0.89153046062407	2	Illinois, United States	US	USIL		40.3363	-89.0022	IL	2	Illinois, United States	US	USIL		40.3363	-89.0022	IL	2	Illinois, United States	US	USIL		40.3363	-89.0022	IL	20251010164500	https://capitolfax.com/2025/10/10/catching-up-with-the-congressionals-11/
1267918955	20251010	202510	2025	2025.7671	USAGOV	UNITED STATES	USA					GOV													0	010	010	01	1	0.0	4	1	4	-1.55925155925155	3	Suffolk, Virginia, United States	US	USVA	VA800	36.7282	-76.5836	1500187	0								3	Suffolk, Virginia, United States	US	USVA	VA800	36.7282	-76.5836	1500187	20251010164500	https://dailyprogress.com/news/state-regional/government-politics/article_e7752c90-9555-5e8f-9c7b-7d31f78e68d9.html
1267918956	20251010	202510	2025	2025.7671	USAGOV	UNITED STATES	USA					GOV													1	010	010	01	1	0.0	16	4	16	-7.0847306630206	3	Hickman County, Tennessee, United States	US	USTN	TN081	35.8001	-87.4833	1639756	0								3	Hickman County, Tennessee, United States	US	USTN		35.8001	-87.4833	1639756	20251010164500	https://wlec.com/us-news/multiple-people-dead-in-devastating-blast-at-explosives-manufacturer-in-tennessee-sheriff/
1267918957	20251010	202510	2025	2025.7671	USAGOV	THE WHITE HOUSE	USA					GOV													0	042	042	04	1	1.9	1	1	1	-2.73775216138328	1	Iran	IR	IR		32	53	IR	0								1	Iran	IR	IR		32	53	IR	20251010164500	https://www.theguardian.com/commentisfree/2025/oct/10/donald-trump-gaza-us-benjamin-netanyahu-israel
1267918958	20251010	202510	2025	2025.7671	USAGOV	HARTFORD	USA					GOV													1	073	073	07	2	7.4	10	1	10	0.6896551724138	0								0								0								20251010164500	https://www.wfsb.com/2025/10/10/hartford-firefighters-rescue-woman-third-floor-apartment/
1267918959	20251010	202510	2025	2025.7671	USAGOV	THE WHITE HOUSE	USA					GOV													0	110	110	11	3	-2.0	1	1	1	-2.73775216138328	3	White House, District of Columbia, United States	US	USDC		38.8951	-77.0364	531871	0								4	Doha, Ad Daw?ah, Qatar	QA	QA01	25307	25.2867	51.5333	-785169	20251010164500	https://www.theguardian.com/commentisfree/2025/oct/10/donald-trump-gaza-us-benjamin-netanyahu-israel
1267918960	20251010	202510	2025	2025.7671	USAGOV	THE WHITE HOUSE	USA					GOV													0	110	110	11	3	-2.0	1	1	1	-2.73775216138328	1	Iran	IR	IR		32	53	IR	0								1	Qatar	QA	QA		25.5	51.25	QA	20251010164500	https://www.theguardian.com/commentisfree/2025/oct/10/donald-trump-gaza-us-benjamin-netanyahu-israel
1267918961	20251010	202510	2025	2025.7671	USAGOV	THE WHITE HOUSE	USA					GOV													1	111	111	11	3	-2.0	1	1	1	3.49544072948328	1	Norway	NO	NO		62	10	NO	0								1	Norway	NO	NO		62	10	NO	20251010164500	https://www.euronews.com/2025/10/10/white-house-slams-nobel-committees-decision-not-to-award-2025-peace-prize-to-trump
1267918962	20251010	202510	2025	2025.7671	USAGOV	US AMBASSADOR	USA					GOV			COP	DEPUTY						COP			1	036	036	03	1	4.0	1	1	1	6.55737704918033	1	India	IN	IN		20	77	IN	1	United States	US	US		39.828175	-98.5795	US	1	United States	US	US		39.828175	-98.5795	US	20251010164500	https://idrw.org/us-ambassador-sergio-gor-deputy-secretary-rigas-begin-6-day-visit-to-india/
1267918963	20251010	202510	2025	2025.7671	USAGOV	THE WHITE HOUSE	USA					GOV			ELI	FIRST LADY						ELI			1	043	043	04	1	2.8	6	1	6	0	3	White House, District of Columbia, United States	US	USDC		38.8951	-77.0364	531871	1	Ukraine	UP	UP		49	32	UP	3	White House, District of Columbia, United States	US	USDC		38.8951	-77.0364	531871	20251010164500	https://justthenews.com/politics-policy/melania-trump-working-putin-reunite-ukrainian-children-families
1267918964	20251010	202510	2025	2025.7671	USAGOV	AMERICAN	USA					GOV			GOV	CABINET						GOV			1	042	042	04	1	1.9	6	1	6	-6.99062233589087	1	United States	US	US		39.828175	-98.5795	US	1	United States	US	US		39.828175	-98.5795	US	1	United States	US	US		39.828175	-98.5795	US	20251010164500	https://www.hakolhayehudi.co.il/item/english/thousands_of_terrorists_to_be_released__their_names_and_crimes
1267918965	20251010	202510	2025	2025.7671	USAGOV	AMERICAN	USA					GOV			GOV	CABINET						GOV			1	046	046	04	1	7.0	6	1	6	-6.99062233589087	1	United States	US	US		39.828175	-98.5795	US	1	United States	US	US		39.828175	-98.5795	US	1	United States	US	US		39.828175	-98.5795	US	20251010164500	https://www.hakolhayehudi.co.il/item/english/thousands_of_terrorists_to_be_released__their_names_and_crimes
1267918966	20251010	202510	2025	2025.7671	USAGOV	JOE BIDEN	USA					GOV			GOV	GOVERNMENT						GOV			0	051	051	05	1	3.4	5	1	5	-3.2051282051282	2	Wyoming, United States	US	USWY		42.7475	-107.209	WY	2	Wyoming, United States	US	USWY		42.7475	-107.209	WY	2	Wyoming, United States	US	USWY		42.7475	-107.209	WY	20251010164500	https://mycountry955.com/ixp/101/p/government-shutdown-2025-wyoming/
1267918967	20251010	202510	2025	2025.7671	USAGOV	UNITED STATES	USA					GOV			LEG	HOUSE OF REPRESENTATIVES						LEG			1	043	043	04	1	2.8	2	1	2	-1.05263157894737	2	Nevada, United States	US	USNV		38.4199	-117.122	NV	2	Nevada, United States	US	USNV		38.4199	-117.122	NV	2	Nevada, United States	US	USNV		38.4199	-117.122	NV	20251010164500	https://news3lv.com/news/local/senate-passes-national-defense-bill-provisions-nevada-test-training-range-fallout-nuclear-toxins-nttr-radiation-military
1267918968	20251010	202510	2025	2025.7671	USAGOV	US AMBASSADOR	USA					GOV			LVA	RIGA	LVA								1	036	036	03	1	4.0	5	1	5	6.55737704918033	1	United States	US	US		39.828175	-98.5795	US	1	India	IN	IN		20	77	IN	1	India	IN	IN		20	77	IN	20251010164500	https://idrw.org/us-ambassador-sergio-gor-deputy-secretary-rigas-begin-6-day-visit-to-india/
1267918969	20251010	202510	2025	2025.7671	USAGOV	OBAMA	USA					GOV			PTY	DEMOCRATIC PARTY									0	111	111	11	3	-2.0	3	1	3	-6.21039290240811	4	Gaza, Israel (general), Israel	IS	IS00	18315	31.4167	34.3333	-797156	4	Gaza, Israel (general), Israel	IS	IS00	18315	31.4167	34.3333	-797156	4	Gaza, Israel (general), Israel	IS	IS00	18315	31.4167	34.3333	-797156	20251010164500	https://www.middleeasteye.net/trending/people-gaza-obama-ceasefire-tweet-criticised-dehumanising-language
1267918970	20251010	202510	2025	2025.7671	USAGOV	UNITED STATES	USA					GOV			RUSGOV	RUSSIA	RUS					GOV			1	040	040	04	1	1.0	1	1	1	-5.13833992094862	4	Kremlin, Moskva, Russia	RS	RS48	25106	55.7522	37.6156	-2960561	4	Kremlin, Moskva, Russia	RS	RS48	25106	55.7522	37.6156	-2960561	4	Kremlin, Moskva, Russia	RS	RS48	25106	55.7522	37.6156	-2960561	20251010164500	https://news.sky.com/story/melania-trump-eight-ukrainian-children-taken-into-russia-have-been-reunited-with-families-13448191
1267918971	20251010	202510	2025	2025.7671	USAGOV	ALASKA	USA					GOV			RUSGOV	RUSSIAN	RUS					GOV			1	040	040	04	1	1.0	2	1	2	-5.13833992094862	2	Alaska, United States	US	USAK		61.385	-152.268	AK	4	Kremlin, Moskva, Russia	RS	RS48	25106	55.7522	37.6156	-2960561	4	Kremlin, Moskva, Russia	RS	RS48	25106	55.7522	37.6156	-2960561	20251010164500	https://news.sky.com/story/melania-trump-eight-ukrainian-children-taken-into-russia-have-been-reunited-with-families-13448191
1267918972	20251010	202510	2025	2025.7671	USAGOV	UNITED STATES	USA					GOV			USA	UNITED STATES	USA								0	010	010	01	1	0.0	2	1	2	-1.55925155925155	3	Suffolk, Virginia, United States	US	USVA	VA800	36.7282	-76.5836	1500187	3	Suffolk, Virginia, United States	US	USVA	VA800	36.7282	-76.5836	1500187	3	Suffolk, Virginia, United States	US	USVA	VA800	36.7282	-76.5836	1500187	20251010164500	https://dailyprogress.com/news/state-regional/government-politics/article_e7752c90-9555-5e8f-9c7b-7d31f78e68d9.html
1267918973	20251010	202510	2025	2025.7671	USAGOV	UNITED STATES	USA					GOV			USA	UNITED STATES	USA								1	010	010	01	1	0.0	8	4	8	-7.0847306630206	3	Hickman County, Tennessee, United States	US	USTN	TN081	35.8001	-87.4833	1639756	3	Hickman County, Tennessee, United States	US	USTN		35.8001	-87.4833	1639756	3	Hickman County, Tennessee, United States	US	USTN		35.8001	-87.4833	1639756	20251010164500	https://wlec.com/us-news/multiple-people-dead-in-devastating-blast-at-explosives-manufacturer-in-tennessee-sheriff/
1267918974	20251010	202510	2025	2025.7671	USAGOV	UNITED STATES	USA					GOV			USA	DALLAS	USA								1	013	013	01	1	0.4	2	1	2	-6.91562932226832	3	Johnson County, Texas, United States	US	USTX	TX251	32.3835	-97.367	1383911	3	Dallas, Texas, United States	US	USTX	TX113	32.7831	-96.8067	1380944	3	Dallas, Texas, United States	US	USTX	TX113	32.7831	-96.8067	1380944	20251010164500	https://www.dallasobserver.com/news/dallas-police-cameras-used-in-murder-investigation-after-abortion-40604138/
1267918975	20251010	202510	2025	2025.7671	USAGOV	UNITED STATES	USA					GOV			USA	AMERICAN	USA								0	040	040	04	1	1.0	1	1	1	-1.30344108446298	2	New York, United States	US	USNY		42.1497	-74.9384	NY	2	New York, United States	US	USNY		42.1497	-74.9384	NY	2	New York, United States	US	USNY		42.1497	-74.9384	NY	20251010164500	https://www.ynetnews.com/article/r1eb3piplg
1267918976	20251010	202510	2025	2025.7671	USAGOV	THE WHITE HOUSE	USA					GOV			USA	UNITED STATES	USA								0	042	042	04	1	1.9	1	1	1	-2.73775216138328	1	Iran	IR	IR		32	53	IR	1	Iran	IR	IR		32	53	IR	1	Iran	IR	IR		32	53	IR	20251010164500	https://www.theguardian.com/commentisfree/2025/oct/10/donald-trump-gaza-us-benjamin-netanyahu-israel
1267918977	20251010	202510	2025	2025.7671	USAGOV	THE WHITE HOUSE	USA					GOV			USA	THE US	USA								0	043	043	04	1	2.8	1	1	1	1.44578313253012	4	Caracas, Distrito Federal, Venezuela	VE	VE25	31959	10.5	-66.9167	-938457	4	Hiroshima, Hiroshima, Japan	JA	JA11	34163	34.4	132.45	-229436	4	Caracas, Distrito Federal, Venezuela	VE	VE25	31959	10.5	-66.9167	-938457	20251010164500	https://www.pakistantoday.com.pk/2025/10/10/venezuela-opposition-leader-maria-corina-machado-wins-nobel-peace-prize/
1267918978	20251010	202510	2025	2025.7671	USAGOV	THE WHITE HOUSE	USA					GOV			USA	UNITED STATES	USA								0	110	110	11	3	-2.0	1	1	1	-2.73775216138328	3	White House, District of Columbia, United States	US	USDC		38.8951	-77.0364	531871	3	White House, District of Columbia, United States	US	USDC		38.8951	-77.0364	531871	4	Doha, Ad Daw?ah, Qatar	QA	QA01	25307	25.2867	51.5333	-785169	20251010164500	https://www.theguardian.com/commentisfree/2025/oct/10/donald-trump-gaza-us-benjamin-netanyahu-israel
1267918979	20251010	202510	2025	2025.7671	USAGOV	THE WHITE HOUSE	USA					GOV			USA	UNITED STATES	USA								0	110	110	11	3	-2.0	1	1	1	-2.73775216138328	1	Iran	IR	IR		32	53	IR	1	Iran	IR	IR		32	53	IR	1	Qatar	QA	QA		25.5	51.25	QA	20251010164500	https://www.theguardian.com/commentisfree/2025/oct/10/donald-trump-gaza-us-benjamin-netanyahu-israel
1267918980	20251010	202510	2025	2025.7671	USAHLH	UNITED STATES	USA					HLH			USA	UNITED STATES	USA								1	043	043	04	1	2.8	2	1	2	1.50214592274678	3	Fleming Island, Florida, United States	US	USFL	FL019	30.0933	-81.719	282570	3	Clay County, Florida, United States	US	USFL		29.9997	-81.8332	295726	3	Fleming Island, Florida, United States	US	USFL		30.0933	-81.719	282570	20251010164500	https://www.news4jax.com/news/local/2025/10/10/from-venezuela-to-fleming-island-how-this-husband-and-wife-help-patients-smile-again-through-their-dentistry-practice/
1267918981	20251010	202510	2025	2025.7671	USAJUD	MINNESOTA	USA					JUD			BUS	EMPLOYER						BUS			0	051	051	05	1	3.4	6	1	6	-7.93650793650793	2	Minnesota, United States	US	USMN		45.7326	-93.9196	MN	2	Minnesota, United States	US	USMN		45.7326	-93.9196	MN	2	Minnesota, United States	US	USMN		45.7326	-93.9196	MN	20251010164500	https://www.workerscompensation.com/daily-headlines/could-officer-with-ptsd-capture-extra-30-penalty-from-employer/
1267918982	20251010	202510	2025	2025.7671	USAJUD	UNITED STATES	USA					JUD			GOV	ADMINISTRATION						GOV			1	112	112	11	3	-2.0	1	1	1	-2.22222222222222	2	Illinois, United States	US	USIL		40.3363	-89.0022	IL	2	Illinois, United States	US	USIL		40.3363	-89.0022	IL	2	Illinois, United States	US	USIL		40.3363	-89.0022	IL	20251010164500	https://www.sacurrent.com/news/texas-news/federal-judge-blocks-trumps-deployment-of-texas-national-guard-troops/
1267918983	20251010	202510	2025	2025.7671	USAJUD	UNITED STATES	USA					JUD			USA	UNITED STATES	USA								0	120	120	12	3	-4.0	4	1	4	-1.55925155925155	2	Virginia, United States	US	USVA		37.768	-78.2057	VA	3	Suffolk, Virginia, United States	US	USVA	VA800	36.7282	-76.5836	1500187	2	Virginia, United States	US	USVA		37.768	-78.2057	VA	20251010164500	https://dailyprogress.com/news/state-regional/government-politics/article_e7752c90-9555-5e8f-9c7b-7d31f78e68d9.html
1267918984	20251010	202510	2025	2025.7671	USAJUD	VIRGINIA	USA					JUD			USA	VIRGINIA	USA								0	120	120	12	3	-4.0	2	1	2	-1.55925155925155	2	Virginia, United States	US	USVA		37.768	-78.2057	VA	2	Virginia, United States	US	USVA		37.768	-78.2057	VA	2	Virginia, United States	US	USVA		37.768	-78.2057	VA	20251010164500	https://dailyprogress.com/news/state-regional/government-politics/article_e7752c90-9555-5e8f-9c7b-7d31f78e68d9.html
1267918985	20251010	202510	2025	2025.7671	USALEG	UNITED STATES	USA					LEG			USA	UNITED STATES	USA								0	051	051	05	1	3.4	4	1	4	0.47694753577107	2	New Mexico, United States	US	USNM		34.8375	-106.237	NM	2	Maine, United States	US	USME		44.6074	-69.3977	ME	2	Maine, United States	US	USME		44.6074	-69.3977	ME	20251010164500	https://www.penbaypilot.com:443/article/bernie-sanders-scolds-democrats-encouraging-gov-mills-enter-senate-race/263407
1267918986	20251010	202510	2025	2025.7671	USAMED	UNITED STATES	USA					MED													0	015	015	01	1	0.0	2	1	2	-5.88235294117647	3	Wichita, Kansas, United States	US	USKS	KS173	37.6922	-97.3375	473862	0								3	Wichita, Kansas, United States	US	USKS	KS173	37.6922	-97.3375	473862	20251010164500	https://www.the-independent.com/news/world/americas/crime/btk-killer-daughter-kerri-rawson-netflix-doc-b2842660.html
1267918987	20251010	202510	2025	2025.7671	USAMED	UNITED STATES	USA					MED													0	015	015	01	1	0.0	4	1	4	-5.88235294117647	3	Osage County, Kansas, United States	US	USKS	KS139	38.65	-95.7336	485033	0								3	Osage County, Kansas, United States	US	USKS		38.65	-95.7336	485033	20251010164500	https://www.the-independent.com/news/world/americas/crime/btk-killer-daughter-kerri-rawson-netflix-doc-b2842660.html
1267918988	20251010	202510	2025	2025.7671	USAMED	UNITED STATES	USA					MED													0	040	040	04	1	1.0	6	1	6	-5.88235294117647	3	Wichita, Kansas, United States	US	USKS	KS173	37.6922	-97.3375	473862	0								3	Wichita, Kansas, United States	US	USKS	KS173	37.6922	-97.3375	473862	20251010164500	https://www.the-independent.com/news/world/americas/crime/btk-killer-daughter-kerri-rawson-netflix-doc-b2842660.html
1267918989	20251010	202510	2025	2025.7671	USAMED	REUTERS	USA					MED			GOV	SECRETARY OF STATE						GOV			1	043	043	04	1	2.8	3	1	3	4.47284345047923	3	White House, District of Columbia, United States	US	USDC		38.8951	-77.0364	531871	3	White House, District of Columbia, United States	US	USDC		38.8951	-77.0364	531871	3	White House, District of Columbia, United States	US	USDC		38.8951	-77.0364	531871	20251010164500	https://www.geo.tv/latest/627968-white-house-says-nobel-committee-puts-politics-over-peace
1267918990	20251010	202510	2025	2025.7671	USAMED	REUTERS	USA					MED			ISR	ISRAEL	ISR								1	042	042	04	1	1.9	4	1	2	-1.07003891050583	4	Gaza City, Israel (general), Israel	IS	IS00	18315	31.4167	34.3333	-797156	4	Gaza City, Israel (general), Israel	IS	IS00	18315	31.4167	34.3333	-797156	4	Gaza City, Israel (general), Israel	IS	IS00	18315	31.4167	34.3333	-797156	20251010164500	https://www.ynetnews.com/article/hya5ww86xg
1267918991	20251010	202510	2025	2025.7671	USAMED	THE ASSOCIATED PRESS	USA					MED			UKR	UKRAINE	UKR								1	100	100	10	3	-5.0	2	1	2	-4.3046357615894	1	Russia	RS	RS		60	100	RS	3	Washington, District of Columbia, United States	US	USDC	DC001	38.8951	-77.0364	531871	1	Ukraine	UP	UP		49	32	UP	20251010164500	https://www.wokv.com/news/politics/melania-trump-says-8/JYJ7JM7NCQ5MVGXQLSC3WDE5LU/
1267918992	20251010	202510	2025	2025.7671	USAMED	THE ASSOCIATED PRESS	USA					MED			UKR	UKRAINE	UKR								1	100	100	10	3	-5.0	78	8	78	-4.51761724161355	1	Russia	RS	RS		60	100	RS	1	Ukraine	UP	UP		49	32	UP	1	Ukraine	UP	UP		49	32	UP	20251010164500	https://www.gazetteherald.co.uk/news/national/25534861.melania-trump-says-eight-children-reunited-families-talks-putin/
1267918993	20251010	202510	2025	2025.7671	USAMED	THE ASSOCIATED PRESS	USA					MED			UKR	UKRAINE	UKR								1	112	112	11	3	-2.0	2	1	2	-4.3046357615894	1	Russia	RS	RS		60	100	RS	3	Washington, District of Columbia, United States	US	USDC	DC001	38.8951	-77.0364	531871	1	Ukraine	UP	UP		49	32	UP	20251010164500	https://www.wokv.com/news/politics/melania-trump-says-8/JYJ7JM7NCQ5MVGXQLSC3WDE5LU/
1267918994	20251010	202510	2025	2025.7671	USAMED	THE ASSOCIATED PRESS	USA					MED			UKR	UKRAINE	UKR								1	112	112	11	3	-2.0	78	8	78	-4.51761724161355	1	Russia	RS	RS		60	100	RS	1	Ukraine	UP	UP		49	32	UP	1	Ukraine	UP	UP		49	32	UP	20251010164500	https://www.gazetteherald.co.uk/news/national/25534861.melania-trump-says-eight-children-reunited-families-talks-putin/
1267918995	20251010	202510	2025	2025.7671	USAMED	MASSACHUSETTS	USA					MED			USA	BOSTON	USA								1	046	046	04	1	7.0	5	1	5	-2.56410256410257	2	Massachusetts, United States	US	USMA		42.2373	-71.5314	MA	3	Boston, Massachusetts, United States	US	USMA	MA025	42.3584	-71.0598	617565	3	Boston, Massachusetts, United States	US	USMA	MA025	42.3584	-71.0598	617565	20251010164500	https://www.boston.com/weather/weather/2025/10/10/boston-ma-weather-coastal-storm-holiday-weekend/
1267918996	20251010	202510	2025	2025.7671	USAMED	ASSOCIATED PRESS	USA					MED			USA	UNITED STATES	USA								0	070	070	07	2	7.0	1	1	1	-5.32687651331719	2	Tennessee, United States	US	USTN		35.7449	-86.7489	TN	3	Philadelphia, Pennsylvania, United States	US	USPA	PA101	39.9523	-75.1638	1209052	3	Philadelphia, Pennsylvania, United States	US	USPA	PA101	39.9523	-75.1638	1209052	20251010164500	https://www.wokv.com/news/national-guard/3MEPSLWBL424PDVWJYGGGKRK5I/
1267918997	20251010	202510	2025	2025.7671	VAT	VATICAN	VAT								MED	LEADING NEWS						MED			1	040	040	04	1	1.0	6	1	6	-2.1978021978022	1	Ukraine	UP	UP		49	32	UP	1	Ukraine	UP	UP		49	32	UP	1	Ukraine	UP	UP		49	32	UP	20251010164500	https://nypost.com/2025/10/10/world-news/pope-leo-condemns-clickbait-in-vatican-meeting-with-journalists/
1267918998	20251010	202510	2025	2025.7671	VAT	VATICAN	VAT								MED	MEDIA						MED			1	111	111	11	3	-2.0	8	1	4	-2.1978021978022	1	Vatican City	VT	VT		41.9	12.45	VT	1	Vatican City	VT	VT		41.9	12.45	VT	1	Vatican City	VT	VT		41.9	12.45	VT	20251010164500	https://nypost.com/2025/10/10/world-news/pope-leo-condemns-clickbait-in-vatican-meeting-with-journalists/
1267918999	20251010	202510	2025	2025.7671	VEN	VENEZUELA	VEN																		1	051	051	05	1	3.4	1	1	1	8.97435897435896	1	United States	US	US		39.828175	-98.5795	US	0								1	Venezuela	VE	VE		8	-66	VE	20251010164500	https://www.independentsentinel.com/nobel-peace-prize-winner-honors-president-trump-venezuelans/
1267919000	20251010	202510	2025	2025.7671	VEN	VENEZUELAN	VEN																		0	100	100	10	3	-5.0	1	1	1	3.49544072948328	1	Norway	NO	NO		62	10	NO	0								1	Norway	NO	NO		62	10	NO	20251010164500	https://www.euronews.com/2025/10/10/white-house-slams-nobel-committees-decision-not-to-award-2025-peace-prize-to-trump
1267919001	20251010	202510	2025	2025.7671	VEN	VENEZUELA	VEN																		1	1822	182	18	4	-9.0	10	1	10	2.81879194630872	1	Venezuela	VE	VE		8	-66	VE	0								1	Venezuela	VE	VE		8	-66	VE	20251010164500	https://www.breitbart.com/latin-america/2025/10/10/conservatives-rejoice-as-anti-socialist-freedom-fighter-maria-corina-machado-wins-nobel-peace-prize/
1267919002	20251010	202510	2025	2025.7671	VEN	VENEZUELA	VEN								COL	COLOMBIA	COL								0	051	051	05	1	3.4	2	1	2	2.81879194630872	1	Venezuela	VE	VE		8	-66	VE	1	Colombia	CO	CO		4	-72	CO	1	Colombia	CO	CO		4	-72	CO	20251010164500	https://www.breitbart.com/latin-america/2025/10/10/conservatives-rejoice-as-anti-socialist-freedom-fighter-maria-corina-machado-wins-nobel-peace-prize/
1267919003	20251010	202510	2025	2025.7671	VEN	VENEZUELA	VEN								COL	COLOMBIA	COL								0	051	051	05	1	3.4	2	1	2	2.81879194630872	1	Venezuela	VE	VE		8	-66	VE	1	Venezuela	VE	VE		8	-66	VE	1	Venezuela	VE	VE		8	-66	VE	20251010164500	https://www.breitbart.com/latin-america/2025/10/10/conservatives-rejoice-as-anti-socialist-freedom-fighter-maria-corina-machado-wins-nobel-peace-prize/
1267919004	20251010	202510	2025	2025.7671	VEN	VENEZUELA	VEN								GOV	PRESIDENT						GOV			1	051	051	05	1	3.4	1	1	1	8.97435897435896	1	United States	US	US		39.828175	-98.5795	US	1	Venezuela	VE	VE		8	-66	VE	1	Venezuela	VE	VE		8	-66	VE	20251010164500	https://www.independentsentinel.com/nobel-peace-prize-winner-honors-president-trump-venezuelans/
1267919005	20251010	202510	2025	2025.7671	VEN	VENEZUELA	VEN								LEG	LAWMAKER						LEG			1	160	160	16	4	-4.0	5	1	5	2.81879194630872	1	Venezuela	VE	VE		8	-66	VE	1	Venezuela	VE	VE		8	-66	VE	1	Venezuela	VE	VE		8	-66	VE	20251010164500	https://www.breitbart.com/latin-america/2025/10/10/conservatives-rejoice-as-anti-socialist-freedom-fighter-maria-corina-machado-wins-nobel-peace-prize/
1267919006	20251010	202510	2025	2025.7671	VEN	VENEZUELA	VEN								PSE	GAZA	PSE								0	043	043	04	1	2.8	2	1	2	4.76190476190476	4	Caracas, Distrito Federal, Venezuela	VE	VE25	31959	10.5	-66.9167	-938457	3	White House, District of Columbia, United States	US	USDC		38.8951	-77.0364	531871	4	Caracas, Distrito Federal, Venezuela	VE	VE25	31959	10.5	-66.9167	-938457	20251010164500	https://news.webindia123.com/news/Articles/World/20251010/4371178.html
1267919007	20251010	202510	2025	2025.7671	VEN	VENEZUELA	VEN								USA	UNITED STATES	USA								0	050	050	05	1	3.5	1	1	1	-6.7191844300278	1	Venezuela	VE	VE		8	-66	VE	3	Washington, District of Columbia, United States	US	USDC	DC001	38.8951	-77.0364	531871	3	Washington, District of Columbia, United States	US	USDC	DC001	38.8951	-77.0364	531871	20251010164500	https://www.stimson.org/2025/the-strategic-costs-of-us-strikes-against-venezuela/
1267919008	20251010	202510	2025	2025.7671	VEN	VENEZUELA	VEN								USA	UNITED STATES	USA								0	050	050	05	1	3.5	1	1	1	-6.7191844300278	1	Venezuela	VE	VE		8	-66	VE	3	Washington, District of Columbia, United States	US	USDC	DC001	38.8951	-77.0364	531871	1	Venezuela	VE	VE		8	-66	VE	20251010164500	https://www.stimson.org/2025/the-strategic-costs-of-us-strikes-against-venezuela/
1267919009	20251010	202510	2025	2025.7671	VEN	VENEZUELA	VEN								USA	UNITED STATES	USA								1	0841	084	08	2	7.0	2	1	2	3.6117381489842	1	Venezuela	VE	VE		8	-66	VE	3	White House, District of Columbia, United States	US	USDC		38.8951	-77.0364	531871	1	Venezuela	VE	VE		8	-66	VE	20251010164500	https://thehill.com/homenews/5549522-trump-machado-nobel-peace-prize/
1267919010	20251010	202510	2025	2025.7671	VEN	VENEZUELAN	VEN								VENOPP	CARACAS	VEN					OPP			1	017	017	01	1	0.0	2	1	2	3.49514563106797	4	Oslo, Oslo, Norway	NO	NO12	23413	59.9167	10.75	-273837	4	Caracas, Distrito Federal, Venezuela	VE	VE25	31959	10.5	-66.9167	-938457	4	Caracas, Distrito Federal, Venezuela	VE	VE25	31959	10.5	-66.9167	-938457	20251010164500	https://hitsfm.net/world/e0f4f8d16b5d6e24114818a0a04fb282
1267919011	20251010	202510	2025	2025.7671	VENGOV	VENEZUELAN	VEN					GOV													1	130	130	13	3	-4.4	3	1	3	3.6117381489842	1	Venezuela	VE	VE		8	-66	VE	0								1	Venezuela	VE	VE		8	-66	VE	20251010164500	https://thehill.com/homenews/5549522-trump-machado-nobel-peace-prize/
1267919012	20251010	202510	2025	2025.7671	VENGOV	VENEZUELA	VEN					GOV			GBR	UNITED KINGDOM	GBR								0	042	042	04	1	1.9	2	1	2	5.85106382978723	1	Venezuela	VE	VE		8	-66	VE	1	Venezuela	VE	VE		8	-66	VE	1	Venezuela	VE	VE		8	-66	VE	20251010164500	https://www.channelstv.com/2025/10/10/nobel-peace-prize-winner-machado-dedicates-award-to-trump/
1267919013	20251010	202510	2025	2025.7671	VENGOV	VENEZUELA	VEN					GOV			VEN	VENEZUELA	VEN								0	051	051	05	1	3.4	1	1	1	3.49514563106797	4	Caracas, Distrito Federal, Venezuela	VE	VE25	31959	10.5	-66.9167	-938457	3	White House, District of Columbia, United States	US	USDC		38.8951	-77.0364	531871	3	White House, District of Columbia, United States	US	USDC		38.8951	-77.0364	531871	20251010164500	https://hitsfm.net/world/e0f4f8d16b5d6e24114818a0a04fb282
1267919014	20251010	202510	2025	2025.7671	ZAF	GAUTENG	ZAF																		1	030	030	03	1	4.0	2	1	2	3.1055900621118	5	Gauteng, Gauteng, South Africa	SF	SF06	77346	-26.0833	28.25	204226	0								5	Gauteng, Gauteng, South Africa	SF	SF06	77346	-26.0833	28.25	204226	20251010164500	http://www.businessghana.com/site/news/general/336034/Port-of-Gauteng-Initiative:-A-View-from-the-Road-freight-Association-in-the-Drive-to-Achieving...
1267919015	20251010	202510	2025	2025.7671	ZAF	GAUTENG	ZAF								AFR	AFRICA	AFR								1	030	030	03	1	4.0	2	1	2	3.1055900621118	5	Gauteng, Gauteng, South Africa	SF	SF06	77346	-26.0833	28.25	204226	5	Gauteng, Gauteng, South Africa	SF	SF06	77346	-26.0833	28.25	204226	5	Gauteng, Gauteng, South Africa	SF	SF06	77346	-26.0833	28.25	204226	20251010164500	http://www.businessghana.com/site/news/general/336034/Port-of-Gauteng-Initiative:-A-View-from-the-Road-freight-Association-in-the-Drive-to-Achieving...
1267919016	20251010	202510	2025	2025.7671	ZAF	NATAL	ZAF								CVL	CITIZEN						CVL			0	051	051	05	1	3.4	10	1	10	-2.64505119453925	4	Jerusalem, Israel (general), Israel	IS	IS00	18315	31.7667	35.2333	-797092	4	Jerusalem, Israel (general), Israel	IS	IS00	18315	31.7667	35.2333	-797092	4	Jerusalem, Israel (general), Israel	IS	IS00	18315	31.7667	35.2333	-797092	20251010164500	https://www.clevelandjewishnews.com/jns/the-end-of-the-west/article_280e44bb-b514-571f-8d2c-ffee2c3a9b03.html
1267919017	20251010	202510	2025	2025.7671	ZAF	SOUTH AFRICAN	ZAF								SSD	SOUTH SUDAN	SSD								1	042	042	04	1	1.9	6	1	6	0.6872852233677	1	South Africa	SF	SF		-30	26	SF	1	South Africa	SF	SF		-30	26	SF	1	South Africa	SF	SF		-30	26	SF	20251010164500	https://www.radiotamazuj.org/en/news/article/south-african-dp-machatile-concludes-talks-in-south-sudan-on-peace-process
1267919018	20251010	202510	2025	2025.7671	ZWE	ZIMBABWE	ZWE																		1	110	110	11	3	-2.0	2	1	2	1.11524163568774	1	Zimbabwe	ZI	ZI		-19	29	ZI	0								1	Zimbabwe	ZI	ZI		-19	29	ZI	20251010164500	https://www.techzim.co.zw/2025/10/netone-whatsapp-bundles-no-longer-support-whatsapp-calls/
1267919019	20251010	202510	2025	2025.7671	adi	ADIVASI			adi						REB	INSURGENT						REB			0	052	052	05	1	3.5	4	1	4	-12.094395280236	4	Chhattisgarh, Chhattisgarh, India	IN	IN37	70116	21.5	81.75	-2093188	4	Chhattisgarh, Chhattisgarh, India	IN	IN37	70116	21.5	81.75	-2093188	4	Chhattisgarh, Chhattisgarh, India	IN	IN37	70116	21.5	81.75	-2093188	20251010164500	https://www.pakistantoday.com.pk/2025/10/10/silencing-the-marginalised/
1267919020	20251010	202510	2025	2025.7671	adi	ADIVASI			adi						REB	INSURGENT						REB			0	052	052	05	1	3.5	6	1	6	-12.094395280236	4	Jagdalpur, Chhattisgarh, India	IN	IN37	70105	19.0667	82.0333	-2097970	4	Jagdalpur, Chhattisgarh, India	IN	IN37	70105	19.0667	82.0333	-2097970	4	Jagdalpur, Chhattisgarh, India	IN	IN37	70105	19.0667	82.0333	-2097970	20251010164500	https://www.pakistantoday.com.pk/2025/10/10/silencing-the-marginalised/
1267919021	20251010	202510	2025	2025.7671	adi	ADIVASI			adi						REB	INSURGENT						REB			0	111	111	11	3	-2.0	4	1	4	-12.094395280236	4	Chhattisgarh, Chhattisgarh, India	IN	IN37	70116	21.5	81.75	-2093188	4	Chhattisgarh, Chhattisgarh, India	IN	IN37	70116	21.5	81.75	-2093188	4	Chhattisgarh, Chhattisgarh, India	IN	IN37	70116	21.5	81.75	-2093188	20251010164500	https://www.pakistantoday.com.pk/2025/10/10/silencing-the-marginalised/
1267919022	20251010	202510	2025	2025.7671	adi	ADIVASI			adi						REB	INSURGENT						REB			0	111	111	11	3	-2.0	6	1	6	-12.094395280236	4	Jagdalpur, Chhattisgarh, India	IN	IN37	70105	19.0667	82.0333	-2097970	4	Jagdalpur, Chhattisgarh, India	IN	IN37	70105	19.0667	82.0333	-2097970	4	Jagdalpur, Chhattisgarh, India	IN	IN37	70105	19.0667	82.0333	-2097970	20251010164500	https://www.pakistantoday.com.pk/2025/10/10/silencing-the-marginalised/
1267919023	20251010	202510	2025	2025.7671	dak	SIOUX			dak																1	172	172	17	4	-5.0	2	1	2	0.63091482649843	2	South Dakota, United States	US	USSD		44.2853	-99.4632	SD	0								2	South Dakota, United States	US	USSD		44.2853	-99.4632	SD	20251010164500	https://kikn.com/ixp/486/p/whimps-place-burbank-closure/
1267919024	20251010	202510	2025	2025.7671	dak	SIOUX			dak						USA	UNITED STATES	USA								1	172	172	17	4	-5.0	2	1	2	0.63091482649843	2	South Dakota, United States	US	USSD		44.2853	-99.4632	SD	2	South Dakota, United States	US	USSD		44.2853	-99.4632	SD	2	South Dakota, United States	US	USSD		44.2853	-99.4632	SD	20251010164500	https://kikn.com/ixp/486/p/whimps-place-burbank-closure/
1267919025	20251010	202510	2025	2025.7671	dal	DALIT			dal																1	012	012	01	1	-0.4	10	1	10	-7.73993808049536	0								0								0								20251010164500	https://www.tribuneindia.com/news/haryana/aap-calls-out-bjps-inaction-in-dalit-ips-officer-y-puran-kumars-suicide-case/
1267919026	20251010	202510	2025	2025.7671	dal	DALIT			dal																0	040	040	04	1	1.0	10	1	10	-7.73993808049536	0								0								0								20251010164500	https://www.tribuneindia.com/news/haryana/aap-calls-out-bjps-inaction-in-dalit-ips-officer-y-puran-kumars-suicide-case/
1267919027	20251010	202510	2025	2025.7671	dal	DALIT			dal																0	130	130	13	3	-4.4	10	1	10	-7.73993808049536	0								0								0								20251010164500	https://www.tribuneindia.com/news/haryana/aap-calls-out-bjps-inaction-in-dalit-ips-officer-y-puran-kumars-suicide-case/
1267919028	20251010	202510	2025	2025.7671	idg	INDIGENOUS			idg																0	051	051	05	1	3.4	3	1	3	2.91828793774319	4	Montreal, Quebec, Canada	CA	CA10	12713	45.5	-73.5833	-569541	0								4	Montreal, Quebec, Canada	CA	CA10	12713	45.5	-73.5833	-569541	20251010164500	https://cashboxcanada.ca/features-music/quebec-legend-michel-pagliaro-induction-canadian-songwriters-hall-fame-hometown
1267919029	20251010	202510	2025	2025.7671	idg	INDIGENOUS			idg						CAN	MANITOBA	CAN								0	010	010	01	1	0.0	5	1	5	1.50537634408602	4	Ottawa, Ontario, Canada	CA	CA08	12755	45.4167	-75.7	-570760	4	Ottawa, Ontario, Canada	CA	CA08	12755	45.4167	-75.7	-570760	4	Ottawa, Ontario, Canada	CA	CA08	12755	45.4167	-75.7	-570760	20251010164500	https://www.cbc.ca/news/canada/manitoba/kivalliq-hydro-fibre-link-nunavut-9.6931778
1267919030	20251010	202510	2025	2025.7671	idg	INDIGENOUS			idg						CAN	CANADA	CAN								0	051	051	05	1	3.4	1	1	1	2.91828793774319	4	Montreal, Quebec, Canada	CA	CA10	12713	45.5	-73.5833	-569541	4	Quebec, Quebec, Canada	CA	CA10	12750	47.5	-72	-571850	4	Montreal, Quebec, Canada	CA	CA10	12713	45.5	-73.5833	-569541	20251010164500	https://cashboxcanada.ca/features-music/quebec-legend-michel-pagliaro-induction-canadian-songwriters-hall-fame-hometown
1267919031	20251010	202510	2025	2025.7671	idg	INDIGENOUS			idg						CAN	CANADA	CAN								0	051	051	05	1	3.4	1	1	1	2.91828793774319	4	Toronto, Ontario, Canada	CA	CA08	12686	43.6667	-79.4167	-574890	4	Montreal, Quebec, Canada	CA	CA10	12713	45.5	-73.5833	-569541	4	Toronto, Ontario, Canada	CA	CA08	12686	43.6667	-79.4167	-574890	20251010164500	https://cashboxcanada.ca/features-music/quebec-legend-michel-pagliaro-induction-canadian-songwriters-hall-fame-hometown
1267919032	20251010	202510	2025	2025.7671	iku	INUIT			iku						CAN	NUNAVUT	CAN								0	010	010	01	1	0.0	4	1	4	1.50537634408602	4	Ottawa, Ontario, Canada	CA	CA08	12755	45.4167	-75.7	-570760	4	Ottawa, Ontario, Canada	CA	CA08	12755	45.4167	-75.7	-570760	4	Ottawa, Ontario, Canada	CA	CA08	12755	45.4167	-75.7	-570760	20251010164500	https://www.cbc.ca/news/canada/manitoba/kivalliq-hydro-fibre-link-nunavut-9.6931778
1267919033	20251010	202510	2025	2025.7671	iku	INUIT			iku						CAN	NUNAVUT	CAN								0	010	010	01	1	0.0	6	1	6	1.50537634408602	4	Rankin Inlet, Nunavut, Canada	CA	CA14	25042	62.8167	-92.0833	-572004	4	Rankin Inlet, Nunavut, Canada	CA	CA14	25042	62.8167	-92.0833	-572004	4	Rankin Inlet, Nunavut, Canada	CA	CA14	25042	62.8167	-92.0833	-572004	20251010164500	https://www.cbc.ca/news/canada/manitoba/kivalliq-hydro-fibre-link-nunavut-9.6931778
1267919034	20251010	202510	2025	2025.7671	kno	KONO			kno																0	015	015	01	1	0.0	6	1	6	1.50537634408602	1	Russia	RS	RS		60	100	RS	0								1	Russia	RS	RS		60	100	RS	20251010164500	https://www.cbc.ca/news/canada/manitoba/kivalliq-hydro-fibre-link-nunavut-9.6931778
1267919035	20251010	202510	2025	2025.7671	kno	KONO			kno																0	046	046	04	1	7.0	6	1	6	1.50537634408602	4	Rankin Inlet, Nunavut, Canada	CA	CA14	25042	62.8167	-92.0833	-572004	0								4	Rankin Inlet, Nunavut, Canada	CA	CA14	25042	62.8167	-92.0833	-572004	20251010164500	https://www.cbc.ca/news/canada/manitoba/kivalliq-hydro-fibre-link-nunavut-9.6931778
1267919036	20251010	202510	2025	2025.7671	kno	KONO			kno																0	051	051	05	1	3.4	3	1	3	1.50537634408602	4	Ottawa, Ontario, Canada	CA	CA08	12755	45.4167	-75.7	-570760	0								4	Ottawa, Ontario, Canada	CA	CA08	12755	45.4167	-75.7	-570760	20251010164500	https://www.cbc.ca/news/canada/manitoba/kivalliq-hydro-fibre-link-nunavut-9.6931778
1267919037	20251010	202510	2025	2025.7671	kno	KONO			kno						CAN	CANADA	CAN								0	015	015	01	1	0.0	2	1	2	1.50537634408602	4	Ottawa, Ontario, Canada	CA	CA08	12755	45.4167	-75.7	-570760	4	Ottawa, Ontario, Canada	CA	CA08	12755	45.4167	-75.7	-570760	4	Ottawa, Ontario, Canada	CA	CA08	12755	45.4167	-75.7	-570760	20251010164500	https://www.cbc.ca/news/canada/manitoba/kivalliq-hydro-fibre-link-nunavut-9.6931778
1267919038	20251010	202510	2025	2025.7671	kno	KONO			kno						CAN	CANADA	CAN								0	046	046	04	1	7.0	2	1	2	1.50537634408602	4	Ottawa, Ontario, Canada	CA	CA08	12755	45.4167	-75.7	-570760	4	Ottawa, Ontario, Canada	CA	CA08	12755	45.4167	-75.7	-570760	4	Ottawa, Ontario, Canada	CA	CA08	12755	45.4167	-75.7	-570760	20251010164500	https://www.cbc.ca/news/canada/manitoba/kivalliq-hydro-fibre-link-nunavut-9.6931778
1267919039	20251010	202510	2025	2025.7671	kno	KONO			kno						CAN	CANADA	CAN								0	051	051	05	1	3.4	1	1	1	1.50537634408602	4	Ottawa, Ontario, Canada	CA	CA08	12755	45.4167	-75.7	-570760	4	Ottawa, Ontario, Canada	CA	CA08	12755	45.4167	-75.7	-570760	4	Ottawa, Ontario, Canada	CA	CA08	12755	45.4167	-75.7	-570760	20251010164500	https://www.cbc.ca/news/canada/manitoba/kivalliq-hydro-fibre-link-nunavut-9.6931778
1267919040	20251010	202510	2025	2025.7671	kno	KONO			kno						CVL	COMMUNITY						CVL			0	040	040	04	1	1.0	5	1	4	1.50537634408602	4	Ottawa, Ontario, Canada	CA	CA08	12755	45.4167	-75.7	-570760	4	Ottawa, Ontario, Canada	CA	CA08	12755	45.4167	-75.7	-570760	4	Ottawa, Ontario, Canada	CA	CA08	12755	45.4167	-75.7	-570760	20251010164500	https://www.cbc.ca/news/canada/manitoba/kivalliq-hydro-fibre-link-nunavut-9.6931778
1267919041	20251010	202510	2025	2025.7671	kno	KONO			kno						CVL	COMMUNITY						CVL			0	040	040	04	1	1.0	3	1	3	1.50537634408602	4	Rankin Inlet, Nunavut, Canada	CA	CA14	25042	62.8167	-92.0833	-572004	4	Rankin Inlet, Nunavut, Canada	CA	CA14	25042	62.8167	-92.0833	-572004	4	Rankin Inlet, Nunavut, Canada	CA	CA14	25042	62.8167	-92.0833	-572004	20251010164500	https://www.cbc.ca/news/canada/manitoba/kivalliq-hydro-fibre-link-nunavut-9.6931778
1267919042	20251010	202510	2025	2025.7671	kur	KURD			kur						ISR	JERUSALEM	ISR								0	042	042	04	1	1.9	5	1	5	-6.99062233589087	4	Jerusalem, Israel (general), Israel	IS	IS00	18315	31.7667	35.2333	-797092	4	Jerusalem, Israel (general), Israel	IS	IS00	18315	31.7667	35.2333	-797092	4	Jerusalem, Israel (general), Israel	IS	IS00	18315	31.7667	35.2333	-797092	20251010164500	https://www.hakolhayehudi.co.il/item/english/thousands_of_terrorists_to_be_released__their_names_and_crimes
1267919043	20251010	202510	2025	2025.7671	ogo	OGONI			ogo						NGA	NIGERIA	NGA								1	010	010	01	1	0.0	1	1	1	6.50887573964497	5	Rivers State, Rivers, Nigeria	NI	NI50	23058	4.75	6.83333	-2025387	5	Rivers State, Rivers, Nigeria	NI	NI50	23058	4.75	6.83333	-2025387	5	Rivers State, Rivers, Nigeria	NI	NI50	23058	4.75	6.83333	-2025387	20251010164500	https://www.channelstv.com/2025/10/10/gov-fubara-thanks-tinubu-for-posthumous-pardon-national-honours-on-ogoni-13/
1267919044	20251010	202510	2025	2025.7671	ogo	OGONI			ogo						NGA	NIGERIA	NGA								1	081	081	08	2	5.0	6	1	6	6.50887573964497	4	Abuja, Abuja Federal Capital Territory, Nigeria	NI	NI11	191147	9.08333	7.53333	-1997013	4	Abuja, Abuja Federal Capital Territory, Nigeria	NI	NI11	191147	9.08333	7.53333	-1997013	4	Abuja, Abuja Federal Capital Territory, Nigeria	NI	NI11	191147	9.08333	7.53333	-1997013	20251010164500	https://www.channelstv.com/2025/10/10/gov-fubara-thanks-tinubu-for-posthumous-pardon-national-honours-on-ogoni-13/
1267919045	20251010	202510	2025	2025.7671	ogo	OGONI			ogo						NGAGOV	NIGERIA	NGA					GOV			1	010	010	01	1	0.0	1	1	1	6.50887573964497	5	Rivers State, Rivers, Nigeria	NI	NI50	23058	4.75	6.83333	-2025387	5	Rivers State, Rivers, Nigeria	NI	NI50	23058	4.75	6.83333	-2025387	5	Rivers State, Rivers, Nigeria	NI	NI50	23058	4.75	6.83333	-2025387	20251010164500	https://www.channelstv.com/2025/10/10/gov-fubara-thanks-tinubu-for-posthumous-pardon-national-honours-on-ogoni-13/
1267919046	20251010	202510	2025	2025.7671	osa	OSAGE			osa																0	090	090	09	2	-2.0	4	1	2	-5.88235294117647	3	Osage County, Kansas, United States	US	USKS	KS139	38.65	-95.7336	485033	0								3	Osage County, Kansas, United States	US	USKS		38.65	-95.7336	485033	20251010164500	https://www.the-independent.com/news/world/americas/crime/btk-killer-daughter-kerri-rawson-netflix-doc-b2842660.html
1267919047	20251010	202510	2025	2025.7671	osa	OSAGE			osa						USA	UNITED STATES	USA								0	090	090	09	2	-2.0	2	1	1	-5.88235294117647	3	El Dorado Correctional Facility, Kansas, United States	US	USKS	KS015	37.8042	-96.8164	2504312	3	El Dorado Correctional Facility, Kansas, United States	US	USKS		37.8042	-96.8164	2504312	3	El Dorado Correctional Facility, Kansas, United States	US	USKS		37.8042	-96.8164	2504312	20251010164500	https://www.the-independent.com/news/world/americas/crime/btk-killer-daughter-kerri-rawson-netflix-doc-b2842660.html
1267919048	20251010	202510	2025	2025.7671	osa	OSAGE			osa						USA	UNITED STATES	USA								0	090	090	09	2	-2.0	2	1	1	-5.88235294117647	3	Osage County, Kansas, United States	US	USKS	KS139	38.65	-95.7336	485033	3	Osage County, Kansas, United States	US	USKS		38.65	-95.7336	485033	3	Osage County, Kansas, United States	US	USKS		38.65	-95.7336	485033	20251010164500	https://www.the-independent.com/news/world/americas/crime/btk-killer-daughter-kerri-rawson-netflix-doc-b2842660.html
1267919049	20251010	202510	2025	2025.7671	scoGOV	SCOTTISH			sco			GOV			GBR	BRITISH	GBR								0	030	030	03	1	4.0	4	1	4	-0.46082949308756	1	United Kingdom	UK	UK		54	-4	UK	1	United Kingdom	UK	UK		54	-4	UK	1	United Kingdom	UK	UK		54	-4	UK	20251010164500	https://www.bbc.co.uk/news/articles/cdr614l6ezlo
1267919050	20251010	202510	2025	2025.7671	scoGOV	SCOTTISH			sco			GOV			GBR	BRITISH	GBR								0	061	061	06	2	6.4	4	1	4	-0.46082949308756	1	United Kingdom	UK	UK		54	-4	UK	1	United Kingdom	UK	UK		54	-4	UK	1	United Kingdom	UK	UK		54	-4	UK	20251010164500	https://www.bbc.co.uk/news/articles/cdr614l6ezlo
1267919051	20251010	202510	2025	2025.7671	scoGOV	SCOTTISH			sco			GOV			GBRHLH	BRITISH	GBR					HLH			0	030	030	03	1	4.0	6	1	6	-0.46082949308756	1	United Kingdom	UK	UK		54	-4	UK	1	United Kingdom	UK	UK		54	-4	UK	1	United Kingdom	UK	UK		54	-4	UK	20251010164500	https://www.bbc.co.uk/news/articles/cdr614l6ezlo
1267919052	20251010	202510	2025	2025.7671	scoGOV	SCOTTISH			sco			GOV			GBRHLH	BRITISH	GBR					HLH			0	046	046	04	1	7.0	8	1	8	-0.46082949308756	1	United Kingdom	UK	UK		54	-4	UK	1	United Kingdom	UK	UK		54	-4	UK	1	United Kingdom	UK	UK		54	-4	UK	20251010164500	https://www.bbc.co.uk/news/articles/cdr614l6ezlo
1267919053	20251010	202510	2025	2025.7671	scoGOV	SCOTTISH			sco			GOV			GBRHLH	BRITISH	GBR					HLH			0	061	061	06	2	6.4	6	1	6	-0.46082949308756	1	United Kingdom	UK	UK		54	-4	UK	1	United Kingdom	UK	UK		54	-4	UK	1	United Kingdom	UK	UK		54	-4	UK	20251010164500	https://www.bbc.co.uk/news/articles/cdr614l6ezlo
1267919054	20251010	202510	2025	2025.7671	scoGOV	SCOTTISH			sco			GOV			sco	SCOTTISH			sco						1	010	010	01	1	0.0	6	1	6	-0.46082949308756	1	United Kingdom	UK	UK		54	-4	UK	1	United Kingdom	UK	UK		54	-4	UK	1	United Kingdom	UK	UK		54	-4	UK	20251010164500	https://www.bbc.co.uk/news/articles/cdr614l6ezlo
