1268379116	20241013	202410	2024	2024.7753	BUS	AIRLINE						BUS			GBR	LONDON	GBR								0	036	036	03	1	4.0	10	1	10	2.04379562043796	2	Alaska, United States	US	USAK		61.385	-152.268	AK	2	Alaska, United States	US	USAK		61.385	-152.268	AK	2	Alaska, United States	US	USAK		61.385	-152.268	AK	20251013181500	https://simpleflying.com/alaska-airlines-code-replacing-ha/
1268379117	20241013	202410	2024	2024.7753	COP	POLICE OFFICER						COP			MYS	SELANGOR	MYS								1	010	010	01	1	0.0	8	1	8	-5.88235294117647	1	Israel	IS	IS		31.5	34.75	IS	4	Kuala Lumpur, Kuala Lumpur, Malaysia	MY	MY14	18585	3.16667	101.7	-2403010	1	Israel	IS	IS		31.5	34.75	IS	20251013181500	https://www.freemalaysiatoday.com/category/nation/2025/10/13/cop-tells-of-discovery-of-pistol-in-black-bag
1268379118	20241013	202410	2024	2024.7753	ESP	SPAIN	ESP								ISR	ISRAEL	ISR								0	1312	131	13	3	-5.8	5	1	5	-3.33333333333334	1	Spain	SP	SP		40	-4	SP	4	Gaza, Israel (general), Israel	IS	IS00	18315	31.4167	34.3333	-797156	1	Spain	SP	SP		40	-4	SP	20251013181500	https://www.yahoo.com/news/articles/eurovision-organisers-push-back-israel-171201088.html
1268379119	20241013	202410	2024	2024.7753	LEG	LAWMAKER						LEG													0	129	129	12	3	-5.0	5	1	5	-2.68456375838926	3	Springfield, Illinois, United States	US	USIL	IL167	39.8017	-89.6437	426595	0								3	Springfield, Illinois, United States	US	USIL	IL167	39.8017	-89.6437	426595	20251013181500	https://www.chicagotribune.com/2025/10/13/cta-fare-hikes-budget/
1268379120	20241013	202410	2024	2024.7753	MYS	MALAYSIA	MYS																		0	016	016	01	1	-2.0	4	1	4	-5.88235294117647	4	Kampung Bukit Belimbing, Selangor, Malaysia	MY	MY12	18585	3.38333	101.267	-2367596	0								1	Israel	IS	IS		31.5	34.75	IS	20251013181500	https://www.freemalaysiatoday.com/category/nation/2025/10/13/cop-tells-of-discovery-of-pistol-in-black-bag
1268379121	20241013	202410	2024	2024.7753	MYS	MALAYSIA	MYS																		0	016	016	01	1	-2.0	4	1	4	-5.88235294117647	4	Kuala Selangor, Selangor, Malaysia	MY	MY12	18585	3.35	101.25	-2405315	0								4	Kuala Selangor, Selangor, Malaysia	MY	MY12	18585	3.35	101.25	-2405315	20251013181500	https://www.freemalaysiatoday.com/category/nation/2025/10/13/cop-tells-of-discovery-of-pistol-in-black-bag
1268379122	20241013	202410	2024	2024.7753	MYS	SELANGOR	MYS																		0	016	016	01	1	-2.0	2	1	2	-5.88235294117647	4	Kuala Selangor, Selangor, Malaysia	MY	MY12	18585	3.35	101.25	-2405315	0								1	Israel	IS	IS		31.5	34.75	IS	20251013181500	https://www.freemalaysiatoday.com/category/nation/2025/10/13/cop-tells-of-discovery-of-pistol-in-black-bag
1268379123	20241013	202410	2024	2024.7753	MYS	MALAYSIA	MYS																		0	173	173	17	4	-5.0	4	1	4	-5.88235294117647	4	Kampung Bukit Belimbing, Selangor, Malaysia	MY	MY12	18585	3.38333	101.267	-2367596	0								4	Kuala Selangor, Selangor, Malaysia	MY	MY12	18585	3.35	101.25	-2405315	20251013181500	https://www.freemalaysiatoday.com/category/nation/2025/10/13/cop-tells-of-discovery-of-pistol-in-black-bag
1268379124	20241013	202410	2024	2024.7753	MYS	MALAYSIA	MYS																		0	173	173	17	4	-5.0	2	1	2	-5.88235294117647	4	Kuala Selangor, Selangor, Malaysia	MY	MY12	18585	3.35	101.25	-2405315	0								4	Kampung Bukit Belimbing, Selangor, Malaysia	MY	MY12	18585	3.38333	101.267	-2367596	20251013181500	https://www.freemalaysiatoday.com/category/nation/2025/10/13/cop-tells-of-discovery-of-pistol-in-black-bag
1268379125	20241013	202410	2024	2024.7753	USA	UNITED STATES	USA																		0	030	030	03	1	4.0	4	1	4	-2.68456375838926	3	Springfield, Illinois, United States	US	USIL	IL167	39.8017	-89.6437	426595	0								3	Springfield, Illinois, United States	US	USIL	IL167	39.8017	-89.6437	426595	20251013181500	https://www.chicagotribune.com/2025/10/13/cta-fare-hikes-budget/
1268379126	20241013	202410	2024	2024.7753	USAGOV	THE WHITE HOUSE	USA					GOV			USA	UNITED STATES	USA								0	100	100	10	3	-5.0	2	1	2	-1.05124835742444	3	San Francisco, California, United States	US	USCA	CA075	37.7749	-122.419	277593	3	San Francisco, California, United States	US	USCA		37.7749	-122.419	277593	3	San Francisco, California, United States	US	USCA		37.7749	-122.419	277593	20251013181500	https://www.pressdemocrat.com/2025/10/10/marc-benioff-says-trump-should-send-guard-troops-to-san-francisco__trashed/
1268379127	20241013	202410	2024	2024.7753	USAGOV	THE WHITE HOUSE	USA					GOV			USA	UNITED STATES	USA								0	100	100	10	3	-5.0	2	1	2	-1.05124835742444	3	White House, District of Columbia, United States	US	USDC		38.8951	-77.0364	531871	3	San Francisco, California, United States	US	USCA		37.7749	-122.419	277593	3	White House, District of Columbia, United States	US	USDC		38.8951	-77.0364	531871	20251013181500	https://www.pressdemocrat.com/2025/10/10/marc-benioff-says-trump-should-send-guard-troops-to-san-francisco__trashed/
1268379128	20250913	202509	2025	2025.6932	GOV	KING						GOV			USA	UNITED STATES	USA								0	036	036	03	1	4.0	2	1	2	-1.05124835742444	4	Elon, Ha?afon, Israel	IS	IS03	18314	33.0637	35.2201	-779663	3	San Francisco, California, United States	US	USCA		37.7749	-122.419	277593	3	San Francisco, California, United States	US	USCA		37.7749	-122.419	277593	20251013181500	https://www.pressdemocrat.com/2025/10/10/marc-benioff-says-trump-should-send-guard-troops-to-san-francisco__trashed/
1268379129	20250913	202509	2025	2025.6932	GOV	KING						GOV			USA	UNITED STATES	USA								0	043	043	04	1	2.8	2	1	2	-1.05124835742444	4	Elon, Ha?afon, Israel	IS	IS03	18314	33.0637	35.2201	-779663	3	San Francisco, California, United States	US	USCA		37.7749	-122.419	277593	4	Elon, Ha?afon, Israel	IS	IS03	18314	33.0637	35.2201	-779663	20251013181500	https://www.pressdemocrat.com/2025/10/10/marc-benioff-says-trump-should-send-guard-troops-to-san-francisco__trashed/
1268379130	20250913	202509	2025	2025.6932	ISR	ISRAEL	ISR								USA	UNITED STATES	USA								0	036	036	03	1	4.0	2	1	2	-1.05124835742444	4	Elon, Ha?afon, Israel	IS	IS03	18314	33.0637	35.2201	-779663	3	San Francisco, California, United States	US	USCA		37.7749	-122.419	277593	3	San Francisco, California, United States	US	USCA		37.7749	-122.419	277593	20251013181500	https://www.pressdemocrat.com/2025/10/10/marc-benioff-says-trump-should-send-guard-troops-to-san-francisco__trashed/
1268379131	20250913	202509	2025	2025.6932	ISR	ISRAEL	ISR								USA	UNITED STATES	USA								0	043	043	04	1	2.8	2	1	2	-1.05124835742444	4	Elon, Ha?afon, Israel	IS	IS03	18314	33.0637	35.2201	-779663	3	San Francisco, California, United States	US	USCA		37.7749	-122.419	277593	4	Elon, Ha?afon, Israel	IS	IS03	18314	33.0637	35.2201	-779663	20251013181500	https://www.pressdemocrat.com/2025/10/10/marc-benioff-says-trump-should-send-guard-troops-to-san-francisco__trashed/
1268379132	20250913	202509	2025	2025.6932	MIL	ARMY						MIL													1	071	071	07	2	7.4	10	1	10	4.74860335195531	3	Washington, District of Columbia, United States	US	USDC	DC001	38.8951	-77.0364	531871	0								3	Washington, District of Columbia, United States	US	USDC	DC001	38.8951	-77.0364	531871	20251013181500	https://militaryembedded.com/unmanned/test/sec-driscoll-army-launching-silicon-valley-style-model-to-accelerate-modernization
1268379133	20250913	202509	2025	2025.6932	USA	KANSAS	USA																		1	015	015	01	1	0.0	10	1	10	-12.2362869198313	3	Crawford County, Kansas, United States	US	USKS	KS037	37.5167	-94.8502	484988	0								3	Crawford County, Kansas, United States	US	USKS		37.5167	-94.8502	484988	20251013181500	https://www.koamnewsnow.com/news/crime/mccune-man-to-be-sentenced-for-grandsons-killing/article_6d79271c-6046-4c98-a1dd-c620b273642e.html
1268379134	20250913	202509	2025	2025.6932	USA	UNITED STATES	USA								GOV	KING						GOV			0	042	042	04	1	1.9	2	1	2	-1.05124835742444	3	San Francisco, California, United States	US	USCA	CA075	37.7749	-122.419	277593	4	Elon, Ha?afon, Israel	IS	IS03	18314	33.0637	35.2201	-779663	4	Elon, Ha?afon, Israel	IS	IS03	18314	33.0637	35.2201	-779663	20251013181500	https://www.pressdemocrat.com/2025/10/10/marc-benioff-says-trump-should-send-guard-troops-to-san-francisco__trashed/
1268379135	20250913	202509	2025	2025.6932	USA	UNITED STATES	USA								ISR	ISRAEL	ISR								0	042	042	04	1	1.9	2	1	2	-1.05124835742444	3	San Francisco, California, United States	US	USCA	CA075	37.7749	-122.419	277593	4	Elon, Ha?afon, Israel	IS	IS03	18314	33.0637	35.2201	-779663	4	Elon, Ha?afon, Israel	IS	IS03	18314	33.0637	35.2201	-779663	20251013181500	https://www.pressdemocrat.com/2025/10/10/marc-benioff-says-trump-should-send-guard-troops-to-san-francisco__trashed/
1268379136	20251006	202510	2025	2025.7562	AFGGOV	AFGHANISTAN	AFG					GOV			AFGINSTAL	TALIBAN	AFG	TAL				INS			1	042	042	04	1	1.9	4	1	4	1.00671140939598	4	Kabul, Kabol, Afghanistan	AF	AF13	3580	34.5167	69.1833	-3378435	4	New Delhi, Delhi, India	IN	IN07	17911	28.6	77.2	-2106102	4	Kabul, Kabol, Afghanistan	AF	AF13	3580	34.5167	69.1833	-3378435	20251013181500	https://economictimes.indiatimes.com/opinion/et-editorial/cut-pakistan-out-of-india-afghanistan-ties/articleshow/124533571.cms
1268379137	20251006	202510	2025	2025.7562	AFGGOV	AFGHAN	AFG					GOV			IND	NEW DELHI	IND								1	042	042	04	1	1.9	5	1	5	1.00671140939598	4	Kabul, Kabol, Afghanistan	AF	AF13	3580	34.5167	69.1833	-3378435	4	Kabul, Kabol, Afghanistan	AF	AF13	3580	34.5167	69.1833	-3378435	4	Kabul, Kabol, Afghanistan	AF	AF13	3580	34.5167	69.1833	-3378435	20251013181500	https://economictimes.indiatimes.com/opinion/et-editorial/cut-pakistan-out-of-india-afghanistan-ties/articleshow/124533571.cms
1268379138	20251006	202510	2025	2025.7562	AFGINSTAL	TALIBAN	AFG	TAL				INS			AFGGOV	AFGHANISTAN	AFG					GOV			1	043	043	04	1	2.8	4	1	4	1.00671140939598	4	Kabul, Kabol, Afghanistan	AF	AF13	3580	34.5167	69.1833	-3378435	4	Kabul, Kabol, Afghanistan	AF	AF13	3580	34.5167	69.1833	-3378435	4	New Delhi, Delhi, India	IN	IN07	17911	28.6	77.2	-2106102	20251013181500	https://economictimes.indiatimes.com/opinion/et-editorial/cut-pakistan-out-of-india-afghanistan-ties/articleshow/124533571.cms
1268379139	20251006	202510	2025	2025.7562	EGY	EGYPT	EGY								ISR	ISRAEL	ISR								0	173	173	17	4	-5.0	1	1	1	-0.29585798816568	4	Gaza, Israel (general), Israel	IS	IS00	18315	31.4167	34.3333	-797156	4	Gaza, Israel (general), Israel	IS	IS00	18315	31.4167	34.3333	-797156	4	Gaza, Israel (general), Israel	IS	IS00	18315	31.4167	34.3333	-797156	20251013181500	https://www.islamicinvitationturkey.com/trump-us-supplied-israel-with-a-lot-of-weapons-faces-heckling-during-knesset-address/
1268379140	20251006	202510	2025	2025.7562	EGY	EGYPT	EGY								ISR	ISRAEL	ISR								0	173	173	17	4	-5.0	1	1	1	-0.29585798816568	1	Egypt	EG	EG		27	30	EG	4	Gaza, Israel (general), Israel	IS	IS00	18315	31.4167	34.3333	-797156	1	Egypt	EG	EG		27	30	EG	20251013181500	https://www.islamicinvitationturkey.com/trump-us-supplied-israel-with-a-lot-of-weapons-faces-heckling-during-knesset-address/
1268379141	20251006	202510	2025	2025.7562	IGOWSTNAT	NATO	WST	NAT				IGO			RUS	RUSSIA	RUS								1	111	111	11	3	-2.0	10	1	10	-6.92771084337349	4	Novorossiysk, Krasnodarskiy Kray, Russia	RS	RS38	25065	44.7244	37.7675	-2970141	4	Novorossiysk, Krasnodarskiy Kray, Russia	RS	RS38	25065	44.7244	37.7675	-2970141	4	Novorossiysk, Krasnodarskiy Kray, Russia	RS	RS38	25065	44.7244	37.7675	-2970141	20251013181500	https://www.yahoo.com/news/articles/nato-chief-mocks-russia-over-163342922.html
1268379142	20251006	202510	2025	2025.7562	IND	NEW DELHI	IND								AFGGOV	AFGHAN	AFG					GOV			1	043	043	04	1	2.8	5	1	5	1.00671140939598	4	New Delhi, Delhi, India	IN	IN07	17911	28.6	77.2	-2106102	4	Kabul, Kabol, Afghanistan	AF	AF13	3580	34.5167	69.1833	-3378435	4	New Delhi, Delhi, India	IN	IN07	17911	28.6	77.2	-2106102	20251013181500	https://economictimes.indiatimes.com/opinion/et-editorial/cut-pakistan-out-of-india-afghanistan-ties/articleshow/124533571.cms
1268379143	20251006	202510	2025	2025.7562	ISR	ISRAELI	ISR								USA	UNITED STATES	USA								1	020	020	02	1	3.0	6	3	6	0.99337748344371	2	New York, United States	US	USNY		42.1497	-74.9384	NY	3	White House, District of Columbia, United States	US	USDC		38.8951	-77.0364	531871	3	White House, District of Columbia, United States	US	USDC		38.8951	-77.0364	531871	20251013181500	https://www.ktvh.com/politics/the-president/the-war-in-gaza-is-over-trump-hails-deal-to-end-israel-hamas-conflict
1268379144	20251006	202510	2025	2025.7562	ISRGOV	ISRAEL	ISR					GOV			USA	UNITED STATES	USA								1	020	020	02	1	3.0	12	3	12	0.99337748344371	4	Gaza, Israel (general), Israel	IS	IS00	18315	31.4167	34.3333	-797156	3	White House, District of Columbia, United States	US	USDC		38.8951	-77.0364	531871	3	White House, District of Columbia, United States	US	USDC		38.8951	-77.0364	531871	20251013181500	https://www.ktvh.com/politics/the-president/the-war-in-gaza-is-over-trump-hails-deal-to-end-israel-hamas-conflict
1268379145	20251006	202510	2025	2025.7562	ISRGOV	ISRAELI	ISR					GOV			USAGOV	THE WHITE HOUSE	USA					GOV			1	020	020	02	1	3.0	6	3	6	0.99337748344371	4	Gaza, Israel (general), Israel	IS	IS00	18315	31.4167	34.3333	-797156	3	White House, District of Columbia, United States	US	USDC		38.8951	-77.0364	531871	3	White House, District of Columbia, United States	US	USDC		38.8951	-77.0364	531871	20251013181500	https://www.ktvh.com/politics/the-president/the-war-in-gaza-is-over-trump-hails-deal-to-end-israel-hamas-conflict
1268379146	20251006	202510	2025	2025.7562	JUD	ADVOCATE						JUD			GOV	GOVERNOR						GOV			0	025	025	02	1	-0.3	7	1	7	-8.9020771513353	2	Missouri, United States	US	USMO		38.4623	-92.302	MO	2	Missouri, United States	US	USMO		38.4623	-92.302	MO	2	Missouri, United States	US	USMO		38.4623	-92.302	MO	20251013181500	https://www.missourinet.com/2025/10/13/gov-mike-kehoe-says-he-will-not-block-missouris-scheduled-execution-of-convicted-cop-killer-lance-shockley/
1268379147	20251006	202510	2025	2025.7562	USA	UNITED STATES	USA																		1	071	071	07	2	7.4	2	1	2	-1.92198982475975	2	California, United States	US	USCA		36.17	-119.746	CA	0								3	San Diego, California, United States	US	USCA		32.7153	-117.157	1661377	20251013181500	https://www.sandiegouniontribune.com/2025/10/13/government-shutdown-state-funding/
1268379148	20251006	202510	2025	2025.7562	USA	UNITED STATES	USA								GOV	GOVERNMENT						GOV			1	112	112	11	3	-2.0	5	1	5	-4.11311053984576	3	Westchester County, New York, United States	US	USNY	NY119	41.1168	-73.7996	974157	3	Westchester County, New York, United States	US	USNY		41.1168	-73.7996	974157	3	Westchester County, New York, United States	US	USNY		41.1168	-73.7996	974157	20251013181500	https://newrepublic.com/post/201697/airports-pushing-back-kristi-noem-shutdown-propaganda
1268379149	20251006	202510	2025	2025.7562	USA	UNITED STATES	USA								GOV	GOVERNMENT						GOV			1	112	112	11	3	-2.0	1	1	1	-4.11311053984576	2	New York, United States	US	USNY		42.1497	-74.9384	NY	3	Westchester County, New York, United States	US	USNY		41.1168	-73.7996	974157	3	Westchester County, New York, United States	US	USNY		41.1168	-73.7996	974157	20251013181500	https://newrepublic.com/post/201697/airports-pushing-back-kristi-noem-shutdown-propaganda
1268379150	20251006	202510	2025	2025.7562	USAGOV	THE WHITE HOUSE	USA					GOV			GOV	GOVERNMENT						GOV			1	112	112	11	3	-2.0	3	1	3	-4.11311053984576	3	Westchester County, New York, United States	US	USNY	NY119	41.1168	-73.7996	974157	3	Westchester County, New York, United States	US	USNY		41.1168	-73.7996	974157	3	Westchester County, New York, United States	US	USNY		41.1168	-73.7996	974157	20251013181500	https://newrepublic.com/post/201697/airports-pushing-back-kristi-noem-shutdown-propaganda
1268379151	20251006	202510	2025	2025.7562	USAGOV	THE WHITE HOUSE	USA					GOV			GOV	GOVERNMENT						GOV			1	112	112	11	3	-2.0	1	1	1	-4.11311053984576	2	New York, United States	US	USNY		42.1497	-74.9384	NY	3	Westchester County, New York, United States	US	USNY		41.1168	-73.7996	974157	3	Westchester County, New York, United States	US	USNY		41.1168	-73.7996	974157	20251013181500	https://newrepublic.com/post/201697/airports-pushing-back-kristi-noem-shutdown-propaganda
1268379152	20251013	202510	2025	2025.7753											AFG	KABUL	AFG								0	020	020	02	1	3.0	1	1	1	-6.22605363984674	0								4	Quetta, Balochistan, Pakistan	PK	PK02	23627	30.199	67.0097	-2772048	4	Quetta, Balochistan, Pakistan	PK	PK02	23627	30.199	67.0097	-2772048	20251013181500	https://www.india.com/news/world/pakistan-and-taliban-once-close-friends-are-now-at-war-due-to-afghanistan-khyber-pakhtunkhwa-tehreek-e-taliban-pakistan-ttp-balochistan-bla-kabul-durand-line-isis-8130563/
1268379153	20251013	202510	2025	2025.7753											AFG	KABUL	AFG								0	020	020	02	1	3.0	9	1	9	-6.22605363984674	0								4	Kabul, Kabol, Afghanistan	AF	AF13	3580	34.5167	69.1833	-3378435	4	Quetta, Balochistan, Pakistan	PK	PK02	23627	30.199	67.0097	-2772048	20251013181500	https://www.india.com/news/world/pakistan-and-taliban-once-close-friends-are-now-at-war-due-to-afghanistan-khyber-pakhtunkhwa-tehreek-e-taliban-pakistan-ttp-balochistan-bla-kabul-durand-line-isis-8130563/
1268379154	20251013	202510	2025	2025.7753											AFG	AFGHANISTAN	AFG								1	042	042	04	1	1.9	2	1	2	-0.95320623916811	0								4	New Delhi, Delhi, India	IN	IN07	17911	28.6	77.2	-2106102	4	Kabul, Kabol, Afghanistan	AF	AF13	3580	34.5167	69.1833	-3378435	20251013181500	https://kashmirlife.net/is-india-quietly-restoring-diplomatic-ties-with-the-taliban-regime-409023/
1268379155	20251013	202510	2025	2025.7753											AFGINSTALUAF	TALIBAN	AFG	TAL				INS	UAF		0	190	190	19	4	-10.0	2	1	2	-6.22605363984674	0								4	Quetta, Balochistan, Pakistan	PK	PK02	23627	30.199	67.0097	-2772048	4	Quetta, Balochistan, Pakistan	PK	PK02	23627	30.199	67.0097	-2772048	20251013181500	https://www.india.com/news/world/pakistan-and-taliban-once-close-friends-are-now-at-war-due-to-afghanistan-khyber-pakhtunkhwa-tehreek-e-taliban-pakistan-ttp-balochistan-bla-kabul-durand-line-isis-8130563/
1268379156	20251013	202510	2025	2025.7753											AFGINSTALUAF	TALIBAN	AFG	TAL				INS	UAF		0	190	190	19	4	-10.0	3	1	3	-6.22605363984674	0								4	Quetta, Balochistan, Pakistan	PK	PK02	23627	30.199	67.0097	-2772048	4	Kabul, Kabol, Afghanistan	AF	AF13	3580	34.5167	69.1833	-3378435	20251013181500	https://www.india.com/news/world/pakistan-and-taliban-once-close-friends-are-now-at-war-due-to-afghanistan-khyber-pakhtunkhwa-tehreek-e-taliban-pakistan-ttp-balochistan-bla-kabul-durand-line-isis-8130563/
1268379157	20251013	202510	2025	2025.7753											BHS	BAHAMA	BHS								1	042	042	04	1	1.9	1	1	1	2.99295774647888	0								3	Washington, District of Columbia, United States	US	USDC	DC001	38.8951	-77.0364	531871	3	Washington, District of Columbia, United States	US	USDC	DC001	38.8951	-77.0364	531871	20251013181500	https://economictimes.indiatimes.com/news/international/us/social-security-shutdown-all-1400-offices-closed-nationwide-for-24-hours-know-the-reason/articleshow/124533062.cms
1268379158	20251013	202510	2025	2025.7753											BRA	BRAZIL	BRA								1	042	042	04	1	1.9	10	1	10	2.06540447504303	0								4	Curitiba, ParanáR, Brazil	BR	BR18	9183	-25.4167	-49.25	-639568	4	Fiocruz, Estado do Rio, Brazil	BR	BR21	9961	-22.9411	-43.4043	10873112	20251013181500	https://www.upi.com/Health_News/2025/10/13/brazil-mosquito-factory-dengue-Zika-chikungunya-viruses/5701760117419/
1268379159	20251013	202510	2025	2025.7753											BUS	INDUSTRY						BUS			1	042	042	04	1	1.9	10	1	10	0.64516129032258	0								2	Ohio, United States	US	USOH		40.3736	-82.7755	OH	2	Ohio, United States	US	USOH		40.3736	-82.7755	OH	20251013181500	https://www.cleveland.com/news/2025/10/ohio-house-bill-seeks-to-give-car-condo-owners-a-residential-tax-break.html
1268379160	20251013	202510	2025	2025.7753											BUS	BANK						BUS			1	051	051	05	1	3.4	10	1	10	3.2258064516129	0								4	Sabadell, Comunidad Autonoma de Cataluna, Spain	SP	SP56	25806	41.5433	2.10942	-399916	4	Sabadell, Comunidad Autonoma de Cataluna, Spain	SP	SP56	25806	41.5433	2.10942	-399916	20251013181500	https://www.webwire.com/ViewPressRel.asp?aId=345148
1268379161	20251013	202510	2025	2025.7753											BUS	COMPANY						BUS			1	125	125	12	3	-5.0	10	1	10	-2.12765957446808	0								2	Iowa, United States	US	USIA		42.0046	-93.214	IA	2	Iowa, United States	US	USIA		42.0046	-93.214	IA	20251013181500	https://www.iowapublicradio.org/ipr-news/2025-10-13/iowa-libraries-baker-and-taylor-shuts-down
1268379162	20251013	202510	2025	2025.7753											CAN	CANADA	CAN								0	046	046	04	1	7.0	2	1	2	-1.46036161335188	0								1	Canada	CA	CA		60	-96	CA	4	Gaza, Israel (general), Israel	IS	IS00	18315	31.4167	34.3333	-797156	20251013181500	https://www.cbc.ca/news/world/livestory/trump-mediators-sign-gaza-peace-deal-as-world-leaders-including-carney-attend-egypt-summit-9.6936751
1268379163	20251013	202510	2025	2025.7753											CHE	SWITZERLAND	CHE								1	051	051	05	1	3.4	1	1	1	3.94088669950739	0								4	Geneva, Genè, Switzerland	SZ	SZ07	16329	46.1956	6.14811	-2552151	4	Geneva, Genè, Switzerland	SZ	SZ07	16329	46.1956	6.14811	-2552151	20251013181500	https://www.infectioncontroltoday.com/view/clean-hospitals-next-chapter-access-collaboration-global-push-ahead-clean-hospitals-day
1268379164	20251013	202510	2025	2025.7753											CHN	CHINA	CHN								1	040	040	04	1	1.0	1	1	1	4.53514739229025	0								4	Beijing, Beijing, China	CH	CH22	13001	39.9289	116.388	-1898541	1	Sri Lanka	CE	CE		7	81	CE	20251013181500	https://srilankamirror.com/news/sc-rules-police-violated-fr-of-bus-owner-by-unlawful-arrest/
1268379165	20251013	202510	2025	2025.7753											CHN	CHINA	CHN								1	040	040	04	1	1.0	1	1	1	4.53514739229025	0								1	Sri Lanka	CE	CE		7	81	CE	4	Beijing, Beijing, China	CH	CH22	13001	39.9289	116.388	-1898541	20251013181500	https://srilankamirror.com/news/sc-rules-police-violated-fr-of-bus-owner-by-unlawful-arrest/
1268379166	20251013	202510	2025	2025.7753											CHN	CHINA	CHN								1	042	042	04	1	1.9	5	1	5	-0.48543689320389	0								2	California, United States	US	USCA		36.17	-119.746	CA	2	California, United States	US	USCA		36.17	-119.746	CA	20251013181500	https://sundial.csun.edu/198429/news/the-man-behind-the-masterpiece-david-obsts-imprint-on-history/
1268379167	20251013	202510	2025	2025.7753											CHN	CHINESE	CHN								0	043	043	04	1	2.8	2	1	2	2.73109243697479	0								4	Beijing, Beijing, China	CH	CH22	13001	39.9289	116.388	-1898541	4	Shanghai, Shanghai, China	CH	CH23	13243	31.2222	121.458	-1924465	20251013181500	https://www.globaltimes.cn/page/202510/1345562.shtml
1268379168	20251013	202510	2025	2025.7753											COP	TROOPER						COP			1	020	020	02	1	3.0	10	1	10	-5.49019607843137	0								2	Minnesota, United States	US	USMN		45.7326	-93.9196	MN	2	Minnesota, United States	US	USMN		45.7326	-93.9196	MN	20251013181500	https://www.perhamfocus.com/opinion/columns/ask-a-trooper-isnt-it-illegal-to-not-pull-over-and-stop-for-emergency-vehicles
1268379169	20251013	202510	2025	2025.7753											COP	POLICE OFFICER						COP			0	0311	031	03	1	5.2	6	1	6	0.51020408163265	0								3	San Francisco, California, United States	US	USCA		37.7749	-122.419	277593	3	San Francisco, California, United States	US	USCA		37.7749	-122.419	277593	20251013181500	https://www.nbcbayarea.com/news/local/san-francisco-benioff-musk-national-guard/3962820/
1268379170	20251013	202510	2025	2025.7753											COP	POLICE OFFICER						COP			0	051	051	05	1	3.4	6	1	6	0.51020408163265	0								3	San Francisco, California, United States	US	USCA		37.7749	-122.419	277593	3	San Francisco, California, United States	US	USCA		37.7749	-122.419	277593	20251013181500	https://www.nbcbayarea.com/news/local/san-francisco-benioff-musk-national-guard/3962820/
1268379171	20251013	202510	2025	2025.7753											COP	POLICE OFFICER						COP			1	053	053	05	1	3.8	2	1	2	-5.85106382978723	0								4	Islamabad, Islamabad, Pakistan	PK	PK08	23674	33.7	73.1667	-2762812	4	Islamabad, Islamabad, Pakistan	PK	PK08	23674	33.7	73.1667	-2762812	20251013181500	https://www.india.com/news/world/what-is-tehreek-e-labbaik-pakistan-that-has-shaken-islamabad-to-the-core-in-just-two-days-explained-here-tlp-shehbaz-sharif-palestine-lahore-islamabad-gaza-agreement-rawalpindi-8130699/
1268379172	20251013	202510	2025	2025.7753											COP	POLICE OFFICER						COP			1	053	053	05	1	3.8	3	1	3	-5.85106382978723	0								4	Lahore, Punjab, Pakistan	PK	PK04	23677	31.5497	74.3436	-2767043	4	Lahore, Punjab, Pakistan	PK	PK04	23677	31.5497	74.3436	-2767043	20251013181500	https://www.india.com/news/world/what-is-tehreek-e-labbaik-pakistan-that-has-shaken-islamabad-to-the-core-in-just-two-days-explained-here-tlp-shehbaz-sharif-palestine-lahore-islamabad-gaza-agreement-rawalpindi-8130699/
1268379173	20251013	202510	2025	2025.7753											COP	POLICE						COP			1	100	100	10	3	-5.0	5	1	5	-8.29694323144105	0								4	Panama City, PanamáM, Panama	PM	PM08	93693	8.96667	-79.5333	-168008	4	Panama City, PanamáM, Panama	PM	PM08	93693	8.96667	-79.5333	-168008	20251013181500	https://www.chattanoogan.com/2025/10/13/509835/Former-East-Ridge-Judge-Charged-With.aspx
1268379174	20251013	202510	2025	2025.7753											COP	POLICE OFFICER						COP			0	110	110	11	3	-2.0	1	1	1	-5.85106382978723	0								4	Islamabad, Islamabad, Pakistan	PK	PK08	23674	33.7	73.1667	-2762812	4	Islamabad, Islamabad, Pakistan	PK	PK08	23674	33.7	73.1667	-2762812	20251013181500	https://www.india.com/news/world/what-is-tehreek-e-labbaik-pakistan-that-has-shaken-islamabad-to-the-core-in-just-two-days-explained-here-tlp-shehbaz-sharif-palestine-lahore-islamabad-gaza-agreement-rawalpindi-8130699/
1268379175	20251013	202510	2025	2025.7753											COP	POLICE OFFICER						COP			0	110	110	11	3	-2.0	4	1	4	-5.85106382978723	0								4	Rawalpindi, Punjab, Pakistan	PK	PK04	23674	33.6	73.0667	-2772585	4	Rawalpindi, Punjab, Pakistan	PK	PK04	23674	33.6	73.0667	-2772585	20251013181500	https://www.india.com/news/world/what-is-tehreek-e-labbaik-pakistan-that-has-shaken-islamabad-to-the-core-in-just-two-days-explained-here-tlp-shehbaz-sharif-palestine-lahore-islamabad-gaza-agreement-rawalpindi-8130699/
1268379176	20251013	202510	2025	2025.7753											COP	POLICE OFFICER						COP			0	190	190	19	4	-10.0	1	1	1	-5.85106382978723	0								4	Islamabad, Islamabad, Pakistan	PK	PK08	23674	33.7	73.1667	-2762812	4	Rawalpindi, Punjab, Pakistan	PK	PK04	23674	33.6	73.0667	-2772585	20251013181500	https://www.india.com/news/world/what-is-tehreek-e-labbaik-pakistan-that-has-shaken-islamabad-to-the-core-in-just-two-days-explained-here-tlp-shehbaz-sharif-palestine-lahore-islamabad-gaza-agreement-rawalpindi-8130699/
1268379177	20251013	202510	2025	2025.7753											COP	POLICE OFFICER						COP			0	190	190	19	4	-10.0	4	1	4	-5.85106382978723	0								4	Rawalpindi, Punjab, Pakistan	PK	PK04	23674	33.6	73.0667	-2772585	4	Rawalpindi, Punjab, Pakistan	PK	PK04	23674	33.6	73.0667	-2772585	20251013181500	https://www.india.com/news/world/what-is-tehreek-e-labbaik-pakistan-that-has-shaken-islamabad-to-the-core-in-just-two-days-explained-here-tlp-shehbaz-sharif-palestine-lahore-islamabad-gaza-agreement-rawalpindi-8130699/
1268379178	20251013	202510	2025	2025.7753											CVL	RESIDENTS						CVL			0	020	020	02	1	3.0	1	1	1	-2.69005847953217	0								4	Wekusko, Manitoba, Canada	CA	CA03	154724	54.5	-99.5167	-575707	4	Wekusko, Manitoba, Canada	CA	CA03	154724	54.5	-99.5167	-575707	20251013181500	https://www.cbc.ca/news/canada/manitoba/major-winter-storm-hits-parts-of-northern-manitoba-9.6936857
1268379179	20251013	202510	2025	2025.7753											CVL	COMMUNITY						CVL			0	042	042	04	1	1.9	3	1	3	0.75642965204236	0								3	Boone County, Missouri, United States	US	USMO		39.0334	-92.3335	758464	3	Boone County, Missouri, United States	US	USMO		39.0334	-92.3335	758464	20251013181500	https://www.kbia.org/missouri-news-network/2025-10-13/buffaloe-looks-to-student-involvement-in-response-to-downtown-violence
1268379180	20251013	202510	2025	2025.7753											CVL	COMMUNITY						CVL			0	042	042	04	1	1.9	1	1	1	0.75642965204236	0								2	Missouri, United States	US	USMO		38.4623	-92.302	MO	2	Missouri, United States	US	USMO		38.4623	-92.302	MO	20251013181500	https://www.kbia.org/missouri-news-network/2025-10-13/buffaloe-looks-to-student-involvement-in-response-to-downtown-violence
1268379181	20251013	202510	2025	2025.7753											CVL	COMMUNITY						CVL			1	043	043	04	1	2.8	10	1	10	6	0								2	Virginia, United States	US	USVA		37.768	-78.2057	VA	2	Virginia, United States	US	USVA		37.768	-78.2057	VA	20251013181500	http://www.washingtonjewishweek.com/pozez-jcc-walks-in-solidarity-with-israeli-hostages/
1268379182	20251013	202510	2025	2025.7753											CVL	COMMUNITY						CVL			0	051	051	05	1	3.4	2	1	2	0.75642965204236	0								3	Boone County, Missouri, United States	US	USMO		39.0334	-92.3335	758464	3	Boone County, Missouri, United States	US	USMO		39.0334	-92.3335	758464	20251013181500	https://www.kbia.org/missouri-news-network/2025-10-13/buffaloe-looks-to-student-involvement-in-response-to-downtown-violence
1268379183	20251013	202510	2025	2025.7753											CVL	COMMUNITY						CVL			0	051	051	05	1	3.4	1	1	1	0.75642965204236	0								3	Boone County, Missouri, United States	US	USMO		39.0334	-92.3335	758464	2	Missouri, United States	US	USMO		38.4623	-92.302	MO	20251013181500	https://www.kbia.org/missouri-news-network/2025-10-13/buffaloe-looks-to-student-involvement-in-response-to-downtown-violence
1268379184	20251013	202510	2025	2025.7753											CVL	COMMUNITY						CVL			0	051	051	05	1	3.4	1	1	1	0.75642965204236	0								2	Missouri, United States	US	USMO		38.4623	-92.302	MO	2	Missouri, United States	US	USMO		38.4623	-92.302	MO	20251013181500	https://www.kbia.org/missouri-news-network/2025-10-13/buffaloe-looks-to-student-involvement-in-response-to-downtown-violence
1268379185	20251013	202510	2025	2025.7753											CVLGOV	VILLAGE						CVL	GOV		0	051	051	05	1	3.4	2	1	2	4.83271375464684	0								3	City Of Fort Wayne, Indiana, United States	US	USIN		41.0872	-85.1433	2394798	3	City Of Fort Wayne, Indiana, United States	US	USIN		41.0872	-85.1433	2394798	20251013181500	https://wowo.com/mayor-tucker-cuts-ribbon-on-meridian-health-clinic/
1268379186	20251013	202510	2025	2025.7753											EDU	PROFESSOR						EDU			1	040	040	04	1	1.0	3	1	3	1.28730251609128	0								2	Vermont, United States	US	USVT		44.0407	-72.7093	VT	2	Vermont, United States	US	USVT		44.0407	-72.7093	VT	20251013181500	https://thebulletin.org/2025/10/new-model-inspired-by-forest-fires-could-explain-why-some-ideas-go-viral/
1268379187	20251013	202510	2025	2025.7753											EDU	COLLEGE						EDU			1	046	046	04	1	7.0	6	1	6	-2.08333333333334	0								3	Washington, District of Columbia, United States	US	USDC	DC001	38.8951	-77.0364	531871	3	Washington, District of Columbia, United States	US	USDC	DC001	38.8951	-77.0364	531871	20251013181500	https://www.missourinet.com/2025/10/13/columbia-college-professor-weighs-in-on-the-government-shutdown-listen/
1268379188	20251013	202510	2025	2025.7753											EDU	STUDENT						EDU			0	051	051	05	1	3.4	5	1	5	-1.24320124320124	0								3	Department Of Education, District of Columbia, United States	US	USDC		38.8862	-77.0183	530857	3	Department Of Education, District of Columbia, United States	US	USDC		38.8862	-77.0183	530857	20251013181500	https://chicagocrusader.com/federal-shutdown-could-hurt-government-services-like-wic-snap-in-indiana/
1268379189	20251013	202510	2025	2025.7753											EDU	STUDENT						EDU			1	190	190	19	4	-10.0	6	1	6	-5.67375886524822	0								3	Seward High School, Nebraska, United States	US	USNE		40.9222	-97.0984	1881852	3	Seward High School, Nebraska, United States	US	USNE		40.9222	-97.0984	1881852	20251013181500	https://www.wowt.com/2025/10/13/today-history-oct-13-three-students-one-adult-killed-omaha-bus-crash/
1268379190	20251013	202510	2025	2025.7753											EDU	STUDENT						EDU			1	190	190	19	4	-10.0	4	1	4	-5.67375886524822	0								3	Seward High School, Nebraska, United States	US	USNE		40.9222	-97.0984	1881852	2	Nebraska, United States	US	USNE		41.1289	-98.2883	NE	20251013181500	https://www.wowt.com/2025/10/13/today-history-oct-13-three-students-one-adult-killed-omaha-bus-crash/
1268379191	20251013	202510	2025	2025.7753											EDUEDU	SCHOOL						EDU	EDU		1	190	190	19	4	-10.0	10	1	10	-5.67375886524822	0								2	Nebraska, United States	US	USNE		41.1289	-98.2883	NE	2	Nebraska, United States	US	USNE		41.1289	-98.2883	NE	20251013181500	https://www.wowt.com/2025/10/13/today-history-oct-13-three-students-one-adult-killed-omaha-bus-crash/
1268379192	20251013	202510	2025	2025.7753											ELI	ACTOR						ELI			1	042	042	04	1	1.9	2	1	2	-0.75075075075075	0								3	White House, District of Columbia, United States	US	USDC		38.8951	-77.0364	531871	3	White House, District of Columbia, United States	US	USDC		38.8951	-77.0364	531871	20251013181500	https://finance.yahoo.com/news/energy-most-critical-7-americas-173758336.html
1268379193	20251013	202510	2025	2025.7753											ETH	ETHIOPIA	ETH								0	162	162	16	4	-5.6	16	2	16	-2.56182100254474	0								1	Ethiopia	ET	ET		8	38	ET	1	Ethiopia	ET	ET		8	38	ET	20251013181500	https://www.seattletimes.com/nation-world/fact-focus-with-a-truce-in-israel-trump-now-says-hes-ended-eight-wars-his-numbers-are-off/
1268379194	20251013	202510	2025	2025.7753											ETH	ETHIOPIA	ETH								0	162	162	16	4	-5.6	4	2	4	-2.56182100254474	0								1	Sudan	SU	SU		16	30	SU	1	Sudan	SU	SU		16	30	SU	20251013181500	https://www.seattletimes.com/nation-world/fact-focus-with-a-truce-in-israel-trump-now-says-hes-ended-eight-wars-his-numbers-are-off/
1268379195	20251013	202510	2025	2025.7753											GBR	UNITED KINGDOM	GBR								1	042	042	04	1	1.9	8	1	8	0	0								5	Worcestershire, Worcestershire, United Kingdom	UK	UKQ4	40113	52.1667	-2.16667	-2612112	5	Worcestershire, Worcestershire, United Kingdom	UK	UKQ4	40113	52.1667	-2.16667	-2612112	20251013181500	https://www.tvguide.co.uk/schedule/ceb2680f-086c-552b-99fc-0fa00b6c6000/weird-britain
1268379196	20251013	202510	2025	2025.7753											GBR	UNITED KINGDOM	GBR								1	043	043	04	1	2.8	1	1	1	2.25806451612903	0								4	Windrush, Gloucestershire, United Kingdom	UK	UKE6	40109	51.8	-1.71667	-2611827	5	Essex, Essex, United Kingdom	UK	UKE4	40108	51.8333	0.583333	-2595724	20251013181500	https://www.erewashsound.com/news/borough-wide/childrens-tv-legend-floella-joins-mayor-in-windrush-salute/
1268379197	20251013	202510	2025	2025.7753											GBR	UNITED KINGDOM	GBR								1	043	043	04	1	2.8	5	1	5	2.25806451612903	0								4	Windrush, Gloucestershire, United Kingdom	UK	UKE6	40109	51.8	-1.71667	-2611827	4	Windrush, Gloucestershire, United Kingdom	UK	UKE6	40109	51.8	-1.71667	-2611827	20251013181500	https://www.erewashsound.com/news/borough-wide/childrens-tv-legend-floella-joins-mayor-in-windrush-salute/
1268379198	20251013	202510	2025	2025.7753											GBRSHN	ST HELENA	GBR			SHN					1	036	036	03	1	4.0	10	1	10	-4.16666666666667	0								2	South Carolina, United States	US	USSC		33.8191	-80.9066	SC	2	South Carolina, United States	US	USSC		33.8191	-80.9066	SC	20251013181500	https://www.ems1.com/mass-casualty-incidents-mci/4-dead-at-least-20-injured-in-shooting-at-s-c-bar
1268379199	20251013	202510	2025	2025.7753											GOV	MINISTRY						GOV			0	020	020	02	1	3.0	4	1	4	-3.24300310972901	0								3	Catholic University Of America, District of Columbia, United States	US	USDC		38.9329	-76.9978	531457	3	South Hill, Washington, United States	US	USWA		47.1412	-122.27	1867636	20251013181500	http://www.chronline.com/stories/a-washington-catholic-priest-accused-of-sexual-misconduct-is-removed-and-reported-to-police,388998
1268379200	20251013	202510	2025	2025.7753											GOV	MINISTRY						GOV			0	020	020	02	1	3.0	6	1	6	-3.24300310972901	0								3	Catholic University Of America, District of Columbia, United States	US	USDC		38.9329	-76.9978	531457	3	Catholic University Of America, District of Columbia, United States	US	USDC		38.9329	-76.9978	531457	20251013181500	http://www.chronline.com/stories/a-washington-catholic-priest-accused-of-sexual-misconduct-is-removed-and-reported-to-police,388998
1268379201	20251013	202510	2025	2025.7753											GOV	MINIST						GOV			0	033	033	03	1	5.2	1	1	1	-0.95320623916811	0								4	Kabul, Kabol, Afghanistan	AF	AF13	3580	34.5167	69.1833	-3378435	4	Kabul, Kabol, Afghanistan	AF	AF13	3580	34.5167	69.1833	-3378435	20251013181500	https://kashmirlife.net/is-india-quietly-restoring-diplomatic-ties-with-the-taliban-regime-409023/
1268379202	20251013	202510	2025	2025.7753											GOV	GOVERNOR						GOV			1	035	035	03	1	7.0	5	1	5	0.869565217391306	0								2	Michigan, United States	US	USMI		43.3504	-84.5603	MI	2	Michigan, United States	US	USMI		43.3504	-84.5603	MI	20251013181500	https://wwmt.com/news/state/governor-says-newly-signed-education-budget-delivers-record-10k-in-funding-per-student
1268379203	20251013	202510	2025	2025.7753											GOV	PRESIDENT						GOV			0	036	036	03	1	4.0	10	1	10	0	0								4	Rafah, Shamal Sina', Egypt	EG	EG27	16446	31.2878	34.2369	-301033	4	Rafah, Shamal Sina', Egypt	EG	EG27	16446	31.2878	34.2369	-301033	20251013181500	https://www.wlwt.com/article/whats-open-closed-columbus-day-indigenous-peoples-day/69016853
1268379204	20251013	202510	2025	2025.7753											GOV	GOVERNOR						GOV			0	040	040	04	1	1.0	6	1	6	0.75642965204236	0								2	Missouri, United States	US	USMO		38.4623	-92.302	MO	2	Missouri, United States	US	USMO		38.4623	-92.302	MO	20251013181500	https://www.kbia.org/missouri-news-network/2025-10-13/buffaloe-looks-to-student-involvement-in-response-to-downtown-violence
1268379205	20251013	202510	2025	2025.7753											GOV	PRESIDENT						GOV			0	042	042	04	1	1.9	10	1	10	0	0								4	Rafah, Shamal Sina', Egypt	EG	EG27	16446	31.2878	34.2369	-301033	4	Rafah, Shamal Sina', Egypt	EG	EG27	16446	31.2878	34.2369	-301033	20251013181500	https://www.wlwt.com/article/whats-open-closed-columbus-day-indigenous-peoples-day/69016853
1268379206	20251013	202510	2025	2025.7753											GOV	PRESIDENT						GOV			1	042	042	04	1	1.9	8	1	8	0.69124423963134	0								4	Gaza, Israel (general), Israel	IS	IS00	18315	31.4167	34.3333	-797156	1	Egypt	EG	EG		27	30	EG	20251013181500	https://townhall.com/tipsheet/amy-curtis/2025/10/13/rubio-most-important-day-for-world-peace-in-50-years-n2664865
1268379207	20251013	202510	2025	2025.7753											GOV	MAYOR						GOV			1	046	046	04	1	7.0	3	1	3	2.25806451612903	0								5	Essex, Essex, United Kingdom	UK	UKE4	40108	51.8333	0.583333	-2595724	5	Essex, Essex, United Kingdom	UK	UKE4	40108	51.8333	0.583333	-2595724	20251013181500	https://www.erewashsound.com/news/borough-wide/childrens-tv-legend-floella-joins-mayor-in-windrush-salute/
1268379208	20251013	202510	2025	2025.7753											GOV	MINISTRY						GOV			0	046	046	04	1	7.0	2	1	2	-3.24300310972901	0								3	South Hill, Washington, United States	US	USWA		47.1412	-122.27	1867636	3	South Hill, Washington, United States	US	USWA		47.1412	-122.27	1867636	20251013181500	http://www.chronline.com/stories/a-washington-catholic-priest-accused-of-sexual-misconduct-is-removed-and-reported-to-police,388998
1268379209	20251013	202510	2025	2025.7753											GOV	MINISTRY						GOV			0	046	046	04	1	7.0	3	1	3	-3.24300310972901	0								3	Catholic University Of America, District of Columbia, United States	US	USDC		38.9329	-76.9978	531457	3	Catholic University Of America, District of Columbia, United States	US	USDC		38.9329	-76.9978	531457	20251013181500	http://www.chronline.com/stories/a-washington-catholic-priest-accused-of-sexual-misconduct-is-removed-and-reported-to-police,388998
1268379210	20251013	202510	2025	2025.7753											GOV	MAYOR						GOV			1	046	046	04	1	7.0	1	1	1	2.25806451612903	0								1	Barbados	BB	BB		13.166667	-59.533333	BB	1	Barbados	BB	BB		13.166667	-59.533333	BB	20251013181500	https://www.erewashsound.com/news/borough-wide/childrens-tv-legend-floella-joins-mayor-in-windrush-salute/
1268379211	20251013	202510	2025	2025.7753											GOV	GOVERNOR						GOV			0	046	046	04	1	7.0	6	1	6	0.75642965204236	0								2	Missouri, United States	US	USMO		38.4623	-92.302	MO	2	Missouri, United States	US	USMO		38.4623	-92.302	MO	20251013181500	https://www.kbia.org/missouri-news-network/2025-10-13/buffaloe-looks-to-student-involvement-in-response-to-downtown-violence
1268379212	20251013	202510	2025	2025.7753											GOV	GOVERNMENT						GOV			0	190	190	19	4	-10.0	3	1	3	-5.4367201426025	0								4	Yerevan, Yerevan*, Armenia	AM	AM11	4936	40.1811	44.5136	-2325645	4	Yerevan, Yerevan*, Armenia	AM	AM11	4936	40.1811	44.5136	-2325645	20251013181500	https://www.ncregister.com/news/armenia-at-a-crossroads
1268379213	20251013	202510	2025	2025.7753											HINAST700	YOGA				HIN					1	020	020	02	1	3.0	40	4	40	2.21344287824941	0								4	Toronto, Ontario, Canada	CA	CA08	12686	43.6667	-79.4167	-574890	4	Toronto, Ontario, Canada	CA	CA08	12686	43.6667	-79.4167	-574890	20251013181500	https://www.sprucegroveexaminer.com:443/mental-health/hawthorne-breathing-through-stressors-and-self-doubt/wcm/acbe9048-0c53-4f2d-adc8-def7e51669e3
1268379214	20251013	202510	2025	2025.7753											HLH	HOSPITAL						HLH			1	020	020	02	1	3.0	10	1	10	-9.30232558139539	0								2	Kentucky, United States	US	USKY		37.669	-84.6514	KY	2	Kentucky, United States	US	USKY		37.669	-84.6514	KY	20251013181500	https://www.wkyt.com/2025/10/13/good-question-who-pays-medical-bills-mass-shooting-survivors/
1268379215	20251013	202510	2025	2025.7753											HLH	HOSPITAL						HLH			1	042	042	04	1	1.9	10	1	10	-9.30232558139539	0								2	Kentucky, United States	US	USKY		37.669	-84.6514	KY	2	Kentucky, United States	US	USKY		37.669	-84.6514	KY	20251013181500	https://www.wkyt.com/2025/10/13/good-question-who-pays-medical-bills-mass-shooting-survivors/
1268379216	20251013	202510	2025	2025.7753											IGOEUREEC	THE EU	EUR	EEC				IGO			1	042	042	04	1	1.9	2	1	2	2.7027027027027	0								4	Brussel, Bruxelles-Capitale, Belgium	BE	BE11	5850	50.8333	4.33333	-1955538	4	Brussel, Bruxelles-Capitale, Belgium	BE	BE11	5850	50.8333	4.33333	-1955538	20251013181500	https://biztoc.com/x/e76e2b6530bce2ae
1268379217	20251013	202510	2025	2025.7753											IGOUNOKID	UNICEF		UNO				IGO			0	040	040	04	1	1.0	6	1	6	-1.46036161335188	0								4	Gaza, Israel (general), Israel	IS	IS00	18315	31.4167	34.3333	-797156	4	Gaza, Israel (general), Israel	IS	IS00	18315	31.4167	34.3333	-797156	20251013181500	https://www.cbc.ca/news/world/livestory/trump-mediators-sign-gaza-peace-deal-as-world-leaders-including-carney-attend-egypt-summit-9.6936751
1268379218	20251013	202510	2025	2025.7753											ISR	ISRAEL	ISR								1	042	042	04	1	1.9	4	1	4	-11.3149847094802	0								4	Puebla, Puebla, Mexico	MX	MX21	20772	19.05	-98.2	-1690063	4	Puebla, Puebla, Mexico	MX	MX21	20772	19.05	-98.2	-1690063	20251013181500	https://www.albawaba.com/news/devastating-floods-mexico-leave-64-dead-1614409
1268379219	20251013	202510	2025	2025.7753											ISR	ISRAELI	ISR								0	042	042	04	1	1.9	3	1	3	-1.05124835742444	0								4	Elon, Ha?afon, Israel	IS	IS03	18314	33.0637	35.2201	-779663	4	Elon, Ha?afon, Israel	IS	IS03	18314	33.0637	35.2201	-779663	20251013181500	https://www.pressdemocrat.com/2025/10/10/marc-benioff-says-trump-should-send-guard-troops-to-san-francisco__trashed/
1268379220	20251013	202510	2025	2025.7753											ISR	ISRAEL	ISR								0	043	043	04	1	2.8	2	1	2	-5.7356608478803	0								4	Kfar Saba, HaMerkaz, Israel	IS	IS02	18311	32.1817	34.9358	-780316	3	Fort Worth, Texas, United States	US	USTX		32.7254	-97.3208	1380947	20251013181500	https://www.nbcdfw.com/news/national-international/who-are-released-israeli-hostages-hamas/3931257/
1268379221	20251013	202510	2025	2025.7753											ISR	ISRAEL	ISR								1	120	120	12	3	-4.0	4	1	4	-5.50161812297734	0								1	Jordan	JO	JO		31	36	JO	1	Jordan	JO	JO		31	36	JO	20251013181500	https://www.el-balad.com/6731404
1268379222	20251013	202510	2025	2025.7753											ISR	ISRAEL	ISR								0	181	181	18	4	-9.0	2	1	2	-5.7356608478803	0								4	Kfar Saba, HaMerkaz, Israel	IS	IS02	18311	32.1817	34.9358	-780316	3	Fort Worth, Texas, United States	US	USTX		32.7254	-97.3208	1380947	20251013181500	https://www.nbcdfw.com/news/national-international/who-are-released-israeli-hostages-hamas/3931257/
1268379223	20251013	202510	2025	2025.7753											ISRMIL	ISRAELI	ISR					MIL			0	181	181	18	4	-9.0	6	1	6	-4.15973377703827	0								4	Nahal Oz, HaDarom, Israel	IS	IS01	18315	31.4732	34.4978	-780808	4	Nahal Oz, HaDarom, Israel	IS	IS01	18315	31.4732	34.4978	-780808	20251013181500	https://kvia.com/news/us-world/cnn-world/2025/10/13/key-moments-from-a-momentous-day-for-israelis-and-palestinians/
1268379224	20251013	202510	2025	2025.7753											ISRMIL	ISRAELI	ISR					MIL			0	181	181	18	4	-9.0	6	1	6	-3.93391030684501	0								4	Tel Aviv, Tel Aviv, Israel	IS	IS05	18316	32.0667	34.7667	-781545	4	Nahal Oz, HaDarom, Israel	IS	IS01	18315	31.4732	34.4978	-780808	20251013181500	https://www.cnn.com/2025/10/13/middleeast/released-israeli-hostages-peace-summit-intl
1268379225	20251013	202510	2025	2025.7753											JPN	NARA	JPN								1	040	040	04	1	1.0	5	1	5	7.58620689655173	0								0								0								20251013181500	https://www.el-balad.com/6731399
1268379226	20251013	202510	2025	2025.7753											JUD	ATTORNEY						JUD			0	040	040	04	1	1.0	2	1	2	-4	0								3	Harrison County, Kentucky, United States	US	USKY		38.4501	-84.3499	516895	3	Harrison County, Kentucky, United States	US	USKY		38.4501	-84.3499	516895	20251013181500	https://www.wkyt.com/2025/10/13/ky-woman-accused-killing-dismembering-mother-scheduled-competency-hearing/
1268379227	20251013	202510	2025	2025.7753											JUD	ATTORNEY						JUD			0	040	040	04	1	1.0	6	1	6	-4	0								3	Robertson County, Kentucky, United States	US	USKY		38.5334	-84.0499	516947	3	Robertson County, Kentucky, United States	US	USKY		38.5334	-84.0499	516947	20251013181500	https://www.wkyt.com/2025/10/13/ky-woman-accused-killing-dismembering-mother-scheduled-competency-hearing/
1268379228	20251013	202510	2025	2025.7753											JUD	ADVOCATE						JUD			1	042	042	04	1	1.9	10	1	10	6	0								2	Virginia, United States	US	USVA		37.768	-78.2057	VA	2	Virginia, United States	US	USVA		37.768	-78.2057	VA	20251013181500	http://www.washingtonjewishweek.com/pozez-jcc-walks-in-solidarity-with-israeli-hostages/
1268379229	20251013	202510	2025	2025.7753											KOR	SOUTH KOREA	KOR								1	040	040	04	1	1.0	6	1	6	-7.35294117647059	0								1	China	CH	CH		35	105	CH	1	China	CH	CH		35	105	CH	20251013181500	https://biztoc.com/x/e9077fb5bfbae5ad
1268379230	20251013	202510	2025	2025.7753											LAB	UNIONS						LAB			0	014	014	01	1	0.0	4	1	4	-4.84375	0								3	Fort Worth, Texas, United States	US	USTX		32.7254	-97.3208	1380947	3	Fort Worth, Texas, United States	US	USTX		32.7254	-97.3208	1380947	20251013181500	https://www.nbcdfw.com/news/national-international/education-department-layoffs-special-ed-civil-rights-enforcement/3931338/
1268379231	20251013	202510	2025	2025.7753											LEG	LAWMAKER						LEG			0	043	043	04	1	2.8	2	1	2	-2.68456375838926	0								3	Springfield, Illinois, United States	US	USIL	IL167	39.8017	-89.6437	426595	3	Springfield, Illinois, United States	US	USIL	IL167	39.8017	-89.6437	426595	20251013181500	https://www.chicagotribune.com/2025/10/13/cta-fare-hikes-budget/
1268379232	20251013	202510	2025	2025.7753											MED	MEDIA						MED			0	040	040	04	1	1.0	2	1	2	-5.28691166989039	0								4	Ramallah, West Bank (general), West Bank	WE	WE00	68767	31.9026	35.1955	-795956	4	Tel Aviv, Tel Aviv, Israel	IS	IS05	18316	32.0667	34.7667	-781545	20251013181500	https://www.pressdemocrat.com/2025/10/13/israeli-hostages-released-hamas-ceasefire/
1268379233	20251013	202510	2025	2025.7753											MEDLEG	MEDIA						MED	LEG		1	043	043	04	1	2.8	5	1	5	3.14569536423841	0								4	Madrid, Madrid, Spain	SP	SP29	25820	40.4	-3.68333	-390625	4	Madrid, Madrid, Spain	SP	SP29	25820	40.4	-3.68333	-390625	20251013181500	https://www.webwire.com/ViewPressRel.asp?aId=345151
1268379234	20251013	202510	2025	2025.7753											MIL	MILITARY						MIL			0	030	030	03	1	4.0	3	1	3	-4.62962962962963	0								1	United States	US	US		39.828175	-98.5795	US	4	Gaza, Israel (general), Israel	IS	IS00	18315	31.4167	34.3333	-797156	20251013181500	https://www.islamicinvitationturkey.com/strategic-timing-behind-sudden-gaza-accord-raises-questions/
1268379235	20251013	202510	2025	2025.7753											MIL	MILITARY						MIL			1	040	040	04	1	1.0	5	1	5	0.20242914979757	0								3	Washington, District of Columbia, United States	US	USDC	DC001	38.8951	-77.0364	531871	3	Washington, District of Columbia, United States	US	USDC	DC001	38.8951	-77.0364	531871	20251013181500	https://www.militarytimes.com/news/pentagon-congress/2025/10/10/ausa-donates-more-than-1-million-for-conference-travel-amid-shutdown/
1268379236	20251013	202510	2025	2025.7753											MNCUSA	NVIDIA	USA					MNC			1	051	051	05	1	3.4	10	1	10	4.00763358778626	0								1	Taiwan	TW	TW		24	121	TW	1	Taiwan	TW	TW		24	121	TW	20251013181500	https://www.hpcwire.com/off-the-wire/nvidia-partners-drive-next-gen-efficient-gigawatt-ai-factories-in-buildup-for-vera-rubin/
1268379237	20251013	202510	2025	2025.7753											MNCUSA	NVIDIA	USA					MNC			1	051	051	05	1	3.4	10	1	10	4.00763358778626	0								2	Texas, United States	US	USTX		31.106	-97.6475	TX	2	Texas, United States	US	USTX		31.106	-97.6475	TX	20251013181500	https://www.hpcwire.com/off-the-wire/nvidia-partners-drive-next-gen-efficient-gigawatt-ai-factories-in-buildup-for-vera-rubin/
1268379238	20251013	202510	2025	2025.7753											MOS	ISLAMIC				MOS					0	043	043	04	1	2.8	7	1	6	-0.95320623916811	0								4	Deoband, Uttar Pradesh, India	IN	IN36	17936	29.7	77.6833	-2094259	4	Deoband, Uttar Pradesh, India	IN	IN36	17936	29.7	77.6833	-2094259	20251013181500	https://kashmirlife.net/is-india-quietly-restoring-diplomatic-ties-with-the-taliban-regime-409023/
1268379239	20251013	202510	2025	2025.7753											MYS	MALAYSIA	MYS								0	0356	035	03	1	7.0	4	2	4	-2.56182100254474	0								1	Malaysia	MY	MY		2.5	112.5	MY	1	Azerbaijan	AJ	AJ		40.5	47.5	AJ	20251013181500	https://www.seattletimes.com/nation-world/fact-focus-with-a-truce-in-israel-trump-now-says-hes-ended-eight-wars-his-numbers-are-off/
1268379240	20251013	202510	2025	2025.7753											MYS	MALAYSIA	MYS								0	0356	035	03	1	7.0	16	2	16	-2.56182100254474	0								1	Malaysia	MY	MY		2.5	112.5	MY	1	Thailand	TH	TH		15	100	TH	20251013181500	https://www.seattletimes.com/nation-world/fact-focus-with-a-truce-in-israel-trump-now-says-hes-ended-eight-wars-his-numbers-are-off/
1268379241	20251013	202510	2025	2025.7753											NAM	NAMIBIA	NAM								1	057	057	05	1	8.0	10	1	10	6.99300699300699	0								4	Oranjemund, Karas, Namibia	WA	WA31	22271	-28.55	16.4333	-2585363	4	Oranjemund, Karas, Namibia	WA	WA31	22271	-28.55	16.4333	-2585363	20251013181500	https://allafrica.com/stories/202510130743.html
1268379242	20251013	202510	2025	2025.7753											NOR	NORWEGIAN	NOR								1	040	040	04	1	1.0	5	1	5	2.96411856474259	0								4	Oslo, Oslo, Norway	NO	NO12	23413	59.9167	10.75	-273837	4	Oslo, Oslo, Norway	NO	NO12	23413	59.9167	10.75	-273837	20251013181500	https://www.wilsontimes.com/columns/who-won-the-nobel-peace-prize-and-who-didnt-83c4e394
1268379243	20251013	202510	2025	2025.7753											NZL	NEW ZEALAND	NZL								1	042	042	04	1	1.9	6	1	6	4.59183673469388	0								4	New Plymouth, New Zealand (general), New Zealand	NZ	NZ00	22388	-39.0667	174.083	-1514514	4	New Plymouth, New Zealand (general), New Zealand	NZ	NZ00	22388	-39.0667	174.083	-1514514	20251013181500	https://www.nbr.co.nz/te-ao-maori/maui-toa-targets-8-5-m-raise-for-fusion-venture-openstar/
1268379244	20251013	202510	2025	2025.7753											OPP	DETAINEE						OPP			0	051	051	05	1	3.4	1	1	1	-4.46601941747573	0								4	Ramallah, West Bank (general), West Bank	WE	WE00	68767	31.9026	35.1955	-795956	4	Ramallah, West Bank (general), West Bank	WE	WE00	68767	31.9026	35.1955	-795956	20251013181500	https://www.islamicinvitationturkey.com/mass-celebration-as-2000-palestinian-detainees-released-amidst-defiance-of-occupation/
1268379245	20251013	202510	2025	2025.7753											OPP	RIOTER						OPP			0	173	173	17	4	-5.0	1	1	1	-11.3018597997139	0								3	Chicago, Illinois, United States	US	USIL	IL031	41.85	-87.6501	423587	3	Chicago, Illinois, United States	US	USIL	IL031	41.85	-87.6501	423587	20251013181500	https://newrepublic.com/post/201684/donald-trump-ice-terrorizing-chicago
1268379246	20251013	202510	2025	2025.7753											OPP	RIOTER						OPP			0	173	173	17	4	-5.0	4	1	4	-11.3018597997139	0								1	Mexico	MX	MX		23	-102	MX	1	Mexico	MX	MX		23	-102	MX	20251013181500	https://newrepublic.com/post/201684/donald-trump-ice-terrorizing-chicago
1268379247	20251013	202510	2025	2025.7753											PAK	PAKISTAN	PAK								0	130	130	13	3	-4.4	5	1	5	-6.22605363984674	0								4	Quetta, Balochistan, Pakistan	PK	PK02	23627	30.199	67.0097	-2772048	4	Quetta, Balochistan, Pakistan	PK	PK02	23627	30.199	67.0097	-2772048	20251013181500	https://www.india.com/news/world/pakistan-and-taliban-once-close-friends-are-now-at-war-due-to-afghanistan-khyber-pakhtunkhwa-tehreek-e-taliban-pakistan-ttp-balochistan-bla-kabul-durand-line-isis-8130563/
1268379248	20251013	202510	2025	2025.7753											PER	PERU	PER								1	043	043	04	1	2.8	10	1	10	4.62724935732648	0								4	Machu Picchu, Cusco, Peru	PE	PE08	24084	-13.1583	-72.5314	-353770	4	Machu Picchu, Cusco, Peru	PE	PE08	24084	-13.1583	-72.5314	-353770	20251013181500	https://www.billboard.com/music/latin/gloria-estefan-npr-tiny-desk-concert-1236087740/
1268379249	20251013	202510	2025	2025.7753											PSE	GAZA	PSE								1	042	042	04	1	1.9	2	1	2	-11.3149847094802	0								4	Puebla, Puebla, Mexico	MX	MX21	20772	19.05	-98.2	-1690063	4	Puebla, Puebla, Mexico	MX	MX21	20772	19.05	-98.2	-1690063	20251013181500	https://www.albawaba.com/news/devastating-floods-mexico-leave-64-dead-1614409
1268379250	20251013	202510	2025	2025.7753											PSE	PALESTINIAN	PSE								0	050	050	05	1	3.5	6	1	6	-1.37236962488564	0								4	Tel Aviv, Tel Aviv, Israel	IS	IS05	18316	32.0667	34.7667	-781545	4	Tel Aviv, Tel Aviv, Israel	IS	IS05	18316	32.0667	34.7667	-781545	20251013181500	https://newrepublic.com/article/201680/hostages-returned-israel-palestine-process
1268379251	20251013	202510	2025	2025.7753											PSE	PALESTINIAN	PSE								0	050	050	05	1	3.5	4	1	4	-6.38297872340422	0								4	Tehran, Tehran, Iran	IR	IR26	41130	35.75	51.5148	10074674	4	Tehran, Tehran, Iran	IR	IR26	41130	35.75	51.5148	10074674	20251013181500	https://www.islamicinvitationturkey.com/iran-applauds-pause-to-gaza-conflict-cautions-against-israels-ceasefire-track-record/
1268379252	20251013	202510	2025	2025.7753											PSE	PALESTINIAN	PSE								0	100	100	10	3	-5.0	4	1	4	-6.38297872340422	0								4	Tehran, Tehran, Iran	IR	IR26	41130	35.75	51.5148	10074674	4	Gaza, Israel (general), Israel	IS	IS00	18315	31.4167	34.3333	-797156	20251013181500	https://www.islamicinvitationturkey.com/iran-applauds-pause-to-gaza-conflict-cautions-against-israels-ceasefire-track-record/
1268379253	20251013	202510	2025	2025.7753											REL	PRIEST									1	043	043	04	1	2.8	10	1	10	-3.24300310972901	0								3	South Hill, Washington, United States	US	USWA		47.1412	-122.27	1867636	3	South Hill, Washington, United States	US	USWA		47.1412	-122.27	1867636	20251013181500	http://www.chronline.com/stories/a-washington-catholic-priest-accused-of-sexual-misconduct-is-removed-and-reported-to-police,388998
1268379254	20251013	202510	2025	2025.7753											SAU	RIYADH	SAU								1	042	042	04	1	1.9	10	1	10	5.6379821958457	0								4	Dammam, Ash Sharqiyah, Saudi Arabia	SA	SA06	25307	26.4344	50.1033	-3091069	4	Dammam, Ash Sharqiyah, Saudi Arabia	SA	SA06	25307	26.4344	50.1033	-3091069	20251013181500	https://www.arabnews.com/node/2618766/saudi-arabia
1268379255	20251013	202510	2025	2025.7753											SYRGOV	SYRIAN	SYR					GOV			1	040	040	04	1	1.0	4	1	4	-1.1826544021025	0								4	Damascus, Dimashq, Syria	SY	SY13	26324	33.5	36.3	-2541260	4	Damascus, Dimashq, Syria	SY	SY13	26324	33.5	36.3	-2541260	20251013181500	https://nypost.com/2025/10/13/media/syrian-leader-appears-to-flirt-with-cbss-margaret-brennan-on-60-minutes/
1268379256	20251013	202510	2025	2025.7753											SYRGOV	SYRIA	SYR					GOV			1	040	040	04	1	1.0	2	1	2	-1.1826544021025	0								4	Damascus, Dimashq, Syria	SY	SY13	26324	33.5	36.3	-2541260	3	Washington, District of Columbia, United States	US	USDC	DC001	38.8951	-77.0364	531871	20251013181500	https://nypost.com/2025/10/13/media/syrian-leader-appears-to-flirt-with-cbss-margaret-brennan-on-60-minutes/
1268379257	20251013	202510	2025	2025.7753											UAF	FIGHTER						UAF			1	036	036	03	1	4.0	5	1	5	0.1779359430605	0								3	Washington, District of Columbia, United States	US	USDC	DC001	38.8951	-77.0364	531871	3	Washington, District of Columbia, United States	US	USDC	DC001	38.8951	-77.0364	531871	20251013181500	https://www.nme.com/news/music/watch-foo-fighters-play-album-version-of-breakout-for-first-time-since-2002-3898880
1268379258	20251013	202510	2025	2025.7753											UKR	UKRAINE	UKR								1	022	022	02	1	3.2	6	1	6	-4.22343324250681	0								4	Kyiv, Kyyiv, Misto, Ukraine	UP	UP12	28554	50.4333	30.5167	-1044367	4	Kyiv, Kyyiv, Misto, Ukraine	UP	UP12	28554	50.4333	30.5167	-1044367	20251013181500	https://www.aljazeera.com/news/2025/10/13/zelenskyy-to-meet-trump-in-dc-as-ukraine-seeks-defence-energy-support
1268379259	20251013	202510	2025	2025.7753											UKR	UKRAINE	UKR								0	046	046	04	1	7.0	4	1	4	-4.22343324250681	0								4	Kyiv, Kyyiv, Misto, Ukraine	UP	UP12	28554	50.4333	30.5167	-1044367	3	Washington, District of Columbia, United States	US	USDC	DC001	38.8951	-77.0364	531871	20251013181500	https://www.aljazeera.com/news/2025/10/13/zelenskyy-to-meet-trump-in-dc-as-ukraine-seeks-defence-energy-support
1268379260	20251013	202510	2025	2025.7753											USA	AMERICAN	USA								1	013	013	01	1	0.4	10	1	10	0.84210526315789	0								3	Henry County, Ohio, United States	US	USOH		41.3501	-84.0999	1074047	3	Henry County, Ohio, United States	US	USOH		41.3501	-84.0999	1074047	20251013181500	https://www.crescent-news.com/news/local_news/local-sons-chapter-completes-phase-i-of-250th-anniversary-project/article_09ee5e91-b837-4d3d-87b8-2c8665c4823c.html
1268379261	20251013	202510	2025	2025.7753											USA	PORTLAND	USA								1	014	014	01	1	0.0	5	1	5	-5.46218487394958	0								0								0								20251013181500	http://www.chronline.com/stories/possible-tornado-rips-off-roof-causes-other-damage-in-longview,388992
1268379262	20251013	202510	2025	2025.7753											USA	UNITED STATES	USA								0	016	016	01	1	-2.0	4	1	4	-7.7762619372442	0								3	Philadelphia, Pennsylvania, United States	US	USPA	PA101	39.9523	-75.1638	1209052	3	Philadelphia, Pennsylvania, United States	US	USPA	PA101	39.9523	-75.1638	1209052	20251013181500	https://www.dailymail.co.uk/news/article-15188473/ellen-greenberg-philadelphia-suicide-stabbing-death-ruling.html
1268379263	20251013	202510	2025	2025.7753											USA	UNITED STATES	USA								0	025	025	02	1	-0.3	4	1	4	3.00668151447662	0								3	Galion High School, Ohio, United States	US	USOH		40.7359	-82.7916	1055746	3	Galion High School, Ohio, United States	US	USOH		40.7359	-82.7916	1055746	20251013181500	https://www.richlandsource.com/2025/10/13/galions-cameron-fullen-gains-all-state-band-status-for-a-2nd-year/
1268379264	20251013	202510	2025	2025.7753											USA	UNITED STATES	USA								0	036	036	03	1	4.0	2	1	2	3.00668151447662	0								3	Galion High School, Ohio, United States	US	USOH		40.7359	-82.7916	1055746	3	Galion High School, Ohio, United States	US	USOH		40.7359	-82.7916	1055746	20251013181500	https://www.richlandsource.com/2025/10/13/galions-cameron-fullen-gains-all-state-band-status-for-a-2nd-year/
1268379265	20251013	202510	2025	2025.7753											USA	UNITED STATES	USA								1	040	040	04	1	1.0	2	1	2	1.28730251609128	0								2	Vermont, United States	US	USVT		44.0407	-72.7093	VT	2	Vermont, United States	US	USVT		44.0407	-72.7093	VT	20251013181500	https://thebulletin.org/2025/10/new-model-inspired-by-forest-fires-could-explain-why-some-ideas-go-viral/
1268379266	20251013	202510	2025	2025.7753											USA	UNITED STATES	USA								1	042	042	04	1	1.9	5	1	5	2.26876090750436	0								3	Westport, Connecticut, United States	US	USCT	CT001	41.1415	-73.3579	212029	3	Westport, Connecticut, United States	US	USCT	CT001	41.1415	-73.3579	212029	20251013181500	https://dailybulldog.com/arts/vienna-hosts-aztec-two-step-2-0/
1268379267	20251013	202510	2025	2025.7753											USA	UNITED STATES	USA								1	042	042	04	1	1.9	2	1	2	-4.58265139116203	0								3	Sun Valley, Idaho, United States	US	USID		43.6971	-114.352	398200	3	New Orleans, Louisiana, United States	US	USLA		29.9546	-90.0751	1629985	20251013181500	https://nypost.com/2025/10/13/entertainment/howard-stern-reveals-if-oprah-winfrey-is-still-his-enemy/
1268379268	20251013	202510	2025	2025.7753											USA	UNITED STATES	USA								1	042	042	04	1	1.9	2	1	2	-4.58265139116203	0								3	Sun Valley, Idaho, United States	US	USID		43.6971	-114.352	398200	3	Sun Valley, Idaho, United States	US	USID		43.6971	-114.352	398200	20251013181500	https://nypost.com/2025/10/13/entertainment/howard-stern-reveals-if-oprah-winfrey-is-still-his-enemy/
1268379269	20251013	202510	2025	2025.7753											USA	NEVADA	USA								1	042	042	04	1	1.9	10	1	10	0.22026431718061	0								3	Government Wash, Nevada, United States	US	USNV		36.1319	-114.833	840735	3	Government Wash, Nevada, United States	US	USNV		36.1319	-114.833	840735	20251013181500	https://www.kolotv.com/2025/10/11/lake-mead-campers-still-able-book-campsites-restrooms-clean-despite-government-shutdown/
1268379270	20251013	202510	2025	2025.7753											USA	UNITED STATES	USA								1	042	042	04	1	1.9	3	1	3	2.26876090750436	0								2	Connecticut, United States	US	USCT		41.5834	-72.7622	CT	3	Westport, Connecticut, United States	US	USCT	CT001	41.1415	-73.3579	212029	20251013181500	https://dailybulldog.com/arts/vienna-hosts-aztec-two-step-2-0/
1268379271	20251013	202510	2025	2025.7753											USA	UNITED STATES	USA								1	042	042	04	1	1.9	2	1	2	0	0								2	Tennessee, United States	US	USTN		35.7449	-86.7489	TN	3	Chattanooga, Tennessee, United States	US	USTN	TN065	35.0456	-85.3097	1307240	20251013181500	https://www.chattanoogan.com/2025/10/13/509834/New-Hamilton-County-Marriage-Licenses.aspx
1268379272	20251013	202510	2025	2025.7753											USA	UNITED STATES	USA								0	043	043	04	1	2.8	1	1	1	-3.24300310972901	0								3	South Hill, Washington, United States	US	USWA		47.1412	-122.27	1867636	3	South Hill, Washington, United States	US	USWA		47.1412	-122.27	1867636	20251013181500	http://www.chronline.com/stories/a-washington-catholic-priest-accused-of-sexual-misconduct-is-removed-and-reported-to-police,388998
1268379273	20251013	202510	2025	2025.7753											USA	UNITED STATES	USA								1	043	043	04	1	2.8	8	1	4	-4.58265139116203	0								3	Sun Valley, Idaho, United States	US	USID		43.6971	-114.352	398200	3	Sun Valley, Idaho, United States	US	USID		43.6971	-114.352	398200	20251013181500	https://nypost.com/2025/10/13/entertainment/howard-stern-reveals-if-oprah-winfrey-is-still-his-enemy/
1268379274	20251013	202510	2025	2025.7753											USA	UNITED STATES	USA								0	043	043	04	1	2.8	3	1	3	-3.24300310972901	0								3	Catholic University Of America, District of Columbia, United States	US	USDC		38.9329	-76.9978	531457	2	Washington, United States	US	USWA		47.3917	-121.571	WA	20251013181500	http://www.chronline.com/stories/a-washington-catholic-priest-accused-of-sexual-misconduct-is-removed-and-reported-to-police,388998
1268379275	20251013	202510	2025	2025.7753											USA	UNITED STATES	USA								0	043	043	04	1	2.8	6	1	6	-0.48543689320389	0								3	Washington, District of Columbia, United States	US	USDC	DC001	38.8951	-77.0364	531871	3	Berkeley, California, United States	US	USCA	CA001	37.8716	-122.273	1658037	20251013181500	https://sundial.csun.edu/198429/news/the-man-behind-the-masterpiece-david-obsts-imprint-on-history/
1268379276	20251013	202510	2025	2025.7753											USA	WASHINGTON	USA								0	043	043	04	1	2.8	2	1	2	-1.26829268292683	0								3	Washington, District of Columbia, United States	US	USDC	DC001	38.8951	-77.0364	531871	2	New York, United States	US	USNY		42.1497	-74.9384	NY	20251013181500	https://www.latimes.com/world-nation/story/2025-10-13/trumps-intervention-in-washington-prompts-calls-for-its-18-term-house-delegate-to-step-down
1268379277	20251013	202510	2025	2025.7753											USA	UNITED STATES	USA								0	046	046	04	1	7.0	2	1	2	5.55555555555556	0								3	North Mankato, Minnesota, United States	US	USMN		44.1733	-94.0338	648669	3	North Mankato, Minnesota, United States	US	USMN		44.1733	-94.0338	648669	20251013181500	https://www.mankatofreepress.com/news/local_news/credit-union-employees-plus-it-forward-at-nonprofit-that-feeds-students/article_f0a9f4df-de37-4e1b-ae99-751b04fe0ad3.html
1268379278	20251013	202510	2025	2025.7753											USA	UNITED STATES	USA								1	051	051	05	1	3.4	4	1	4	-4.58265139116203	0								3	Sun Valley, Idaho, United States	US	USID		43.6971	-114.352	398200	3	Sun Valley, Idaho, United States	US	USID		43.6971	-114.352	398200	20251013181500	https://nypost.com/2025/10/13/entertainment/howard-stern-reveals-if-oprah-winfrey-is-still-his-enemy/
1268379279	20251013	202510	2025	2025.7753											USA	NORTH CAROLINA	USA								1	051	051	05	1	3.4	3	1	3	4.47058823529411	0								2	North Carolina, United States	US	USNC		35.6411	-79.8431	NC	2	North Carolina, United States	US	USNC		35.6411	-79.8431	NC	20251013181500	https://www.wilsontimes.com/news/director-of-award-winning-museum-thanks-wilson-for-support-6d4bcf59
1268379280	20251013	202510	2025	2025.7753											USA	UNITED STATES	USA								0	061	061	06	2	6.4	1	1	1	-1.66297117516629	0								3	Hollywood, California, United States	US	USCA	CA037	34.0983	-118.327	1660757	3	Hollywood, California, United States	US	USCA	CA037	34.0983	-118.327	1660757	20251013181500	https://nypost.com/2025/10/13/media/heres-why-david-zaslav-isnt-tolerating-paramounts-lowball-offer-for-warner-bros-discovery/
1268379281	20251013	202510	2025	2025.7753											USA	UNITED STATES	USA								1	084	084	08	2	7.0	4	1	4	-11.3018597997139	0								3	Chicago, Illinois, United States	US	USIL	IL031	41.85	-87.6501	423587	3	Chicago, Illinois, United States	US	USIL	IL031	41.85	-87.6501	423587	20251013181500	https://newrepublic.com/post/201684/donald-trump-ice-terrorizing-chicago
1268379282	20251013	202510	2025	2025.7753											USA	UNITED STATES	USA								1	100	100	10	3	-5.0	2	1	2	-15.2866242038217	0								3	Cedar Rapids, Iowa, United States	US	USIA		42.0083	-91.6441	465941	3	Cedar Rapids, Iowa, United States	US	USIA		42.0083	-91.6441	465941	20251013181500	https://www.kcrg.com/2025/10/13/teen-charged-2023-murder-case-returns-court-sentencing/
1268379283	20251013	202510	2025	2025.7753											USA	VIRGINIA	USA								0	130	130	13	3	-4.4	2	1	2	-3.62844702467344	0								3	Delaware Bay, Delaware, United States	US	USDE		39.0501	-75.1496	216373	3	Delaware Bay, Delaware, United States	US	USDE		39.0501	-75.1496	216373	20251013181500	https://www.kiro7.com/news/dozens-rescued/XYRYNIYC5YZYDENK5E6MGRYDIE/
1268379284	20251013	202510	2025	2025.7753											USA	PHOENIX	USA								1	173	173	17	4	-5.0	2	1	2	-4.03022670025189	0								3	Phoenix, Arizona, United States	US	USAZ	AZ013	33.4484	-112.074	44784	3	Phoenix, Arizona, United States	US	USAZ	AZ013	33.4484	-112.074	44784	20251013181500	https://www.12news.com/article/news/local/valley/man-found-dead-phoenix-backyard-gunshot/75-776e35ba-fbd6-4d32-a399-3f3982b8b8cb
1268379285	20251013	202510	2025	2025.7753											USACHRCTH	WASHINGTON	USA			CHR	CTH				1	112	112	11	3	-2.0	3	1	3	-3.24300310972901	0								3	Catholic University Of America, District of Columbia, United States	US	USDC		38.9329	-76.9978	531457	3	Catholic University Of America, District of Columbia, United States	US	USDC		38.9329	-76.9978	531457	20251013181500	http://www.chronline.com/stories/a-washington-catholic-priest-accused-of-sexual-misconduct-is-removed-and-reported-to-police,388998
1268379286	20251013	202510	2025	2025.7753											USAGOV	THE US	USA					GOV			0	030	030	03	1	4.0	2	1	2	-0.79681274900399	0								2	New York, United States	US	USNY		42.1497	-74.9384	NY	3	White House, District of Columbia, United States	US	USDC		38.8951	-77.0364	531871	20251013181500	https://www.newstatesman.com/international-politics/2025/10/trumps-hostage-deal-was-the-easy-part
1268379287	20251013	202510	2025	2025.7753											USAGOV	NASA	USA					GOV			1	036	036	03	1	4.0	5	1	5	5.6379821958457	0								4	Dammam, Ash Sharqiyah, Saudi Arabia	SA	SA06	25307	26.4344	50.1033	-3091069	4	Dammam, Ash Sharqiyah, Saudi Arabia	SA	SA06	25307	26.4344	50.1033	-3091069	20251013181500	https://www.arabnews.com/node/2618766/saudi-arabia
1268379288	20251013	202510	2025	2025.7753											USAGOV	UNITED STATES	USA					GOV			0	040	040	04	1	1.0	2	1	2	0.75642965204236	0								2	Missouri, United States	US	USMO		38.4623	-92.302	MO	2	Missouri, United States	US	USMO		38.4623	-92.302	MO	20251013181500	https://www.kbia.org/missouri-news-network/2025-10-13/buffaloe-looks-to-student-involvement-in-response-to-downtown-violence
1268379289	20251013	202510	2025	2025.7753											USAGOV	UNITED STATES	USA					GOV			0	046	046	04	1	7.0	2	1	2	0.75642965204236	0								2	Missouri, United States	US	USMO		38.4623	-92.302	MO	2	Missouri, United States	US	USMO		38.4623	-92.302	MO	20251013181500	https://www.kbia.org/missouri-news-network/2025-10-13/buffaloe-looks-to-student-involvement-in-response-to-downtown-violence
1268379290	20251013	202510	2025	2025.7753											USAMED	REUTERS	USA					MED			1	040	040	04	1	1.0	5	1	5	-0.4739336492891	0								4	Bengaluru, Karnataka, India	IN	IN19	70159	12.9833	77.5833	-2090174	4	Bengaluru, Karnataka, India	IN	IN19	70159	12.9833	77.5833	-2090174	20251013181500	https://finance.yahoo.com/news/dating-app-grindr-explores-private-173555280.html
1268379291	20251013	202510	2025	2025.7753	AFG	AFGHANISTAN	AFG																		1	043	043	04	1	2.8	2	1	2	-0.95320623916811	4	New Delhi, Delhi, India	IN	IN07	17911	28.6	77.2	-2106102	0								4	Kabul, Kabol, Afghanistan	AF	AF13	3580	34.5167	69.1833	-3378435	20251013181500	https://kashmirlife.net/is-india-quietly-restoring-diplomatic-ties-with-the-taliban-regime-409023/
1268379292	20251013	202510	2025	2025.7753	AFG	AFGHANISTAN	AFG								IND	NEW DELHI	IND								0	010	010	01	1	0.0	2	1	2	-3.91849529780564	4	Kabul, Kabol, Afghanistan	AF	AF13	3580	34.5167	69.1833	-3378435	4	New Delhi, Delhi, India	IN	IN07	17911	28.6	77.2	-2106102	4	Kabul, Kabol, Afghanistan	AF	AF13	3580	34.5167	69.1833	-3378435	20251013181500	https://www.thehindu.com/news/international/pakistani-troops-on-high-alert-on-afghan-border-after-fighting-trade-halts/article70158999.ece
1268379293	20251013	202510	2025	2025.7753	AFG	AFGHANISTAN	AFG								IND	NEW DELHI	IND								0	010	010	01	1	0.0	1	1	1	-3.91849529780564	4	Kabul, Kabol, Afghanistan	AF	AF13	3580	34.5167	69.1833	-3378435	4	Kabul, Kabol, Afghanistan	AF	AF13	3580	34.5167	69.1833	-3378435	4	Kabul, Kabol, Afghanistan	AF	AF13	3580	34.5167	69.1833	-3378435	20251013181500	https://www.thehindu.com/news/international/pakistani-troops-on-high-alert-on-afghan-border-after-fighting-trade-halts/article70158999.ece
1268379294	20251013	202510	2025	2025.7753	AFG	AFGHANISTAN	AFG								PAK	PAKISTAN	PAK								0	075	075	07	2	7.0	2	1	2	-6.22605363984674	4	Quetta, Balochistan, Pakistan	PK	PK02	23627	30.199	67.0097	-2772048	4	Quetta, Balochistan, Pakistan	PK	PK02	23627	30.199	67.0097	-2772048	4	Quetta, Balochistan, Pakistan	PK	PK02	23627	30.199	67.0097	-2772048	20251013181500	https://www.india.com/news/world/pakistan-and-taliban-once-close-friends-are-now-at-war-due-to-afghanistan-khyber-pakhtunkhwa-tehreek-e-taliban-pakistan-ttp-balochistan-bla-kabul-durand-line-isis-8130563/
1268379295	20251013	202510	2025	2025.7753	AFG	AFGHANISTAN	AFG								PAK	PAKISTAN	PAK								0	075	075	07	2	7.0	2	1	2	-6.22605363984674	4	Kabul, Kabol, Afghanistan	AF	AF13	3580	34.5167	69.1833	-3378435	4	Quetta, Balochistan, Pakistan	PK	PK02	23627	30.199	67.0097	-2772048	4	Quetta, Balochistan, Pakistan	PK	PK02	23627	30.199	67.0097	-2772048	20251013181500	https://www.india.com/news/world/pakistan-and-taliban-once-close-friends-are-now-at-war-due-to-afghanistan-khyber-pakhtunkhwa-tehreek-e-taliban-pakistan-ttp-balochistan-bla-kabul-durand-line-isis-8130563/
1268379296	20251013	202510	2025	2025.7753	AFG	AFGHANISTAN	AFG								PAK	PAKISTAN	PAK								0	075	075	07	2	7.0	6	1	6	-6.22605363984674	4	Kabul, Kabol, Afghanistan	AF	AF13	3580	34.5167	69.1833	-3378435	4	Quetta, Balochistan, Pakistan	PK	PK02	23627	30.199	67.0097	-2772048	4	Kabul, Kabol, Afghanistan	AF	AF13	3580	34.5167	69.1833	-3378435	20251013181500	https://www.india.com/news/world/pakistan-and-taliban-once-close-friends-are-now-at-war-due-to-afghanistan-khyber-pakhtunkhwa-tehreek-e-taliban-pakistan-ttp-balochistan-bla-kabul-durand-line-isis-8130563/
1268379297	20251013	202510	2025	2025.7753	AFG	AFGHAN	AFG								PAK	PAKISTANI	PAK								0	111	111	11	3	-2.0	2	1	2	-6.22605363984674	4	Kabul, Kabol, Afghanistan	AF	AF13	3580	34.5167	69.1833	-3378435	4	Quetta, Balochistan, Pakistan	PK	PK02	23627	30.199	67.0097	-2772048	4	Kabul, Kabol, Afghanistan	AF	AF13	3580	34.5167	69.1833	-3378435	20251013181500	https://www.india.com/news/world/pakistan-and-taliban-once-close-friends-are-now-at-war-due-to-afghanistan-khyber-pakhtunkhwa-tehreek-e-taliban-pakistan-ttp-balochistan-bla-kabul-durand-line-isis-8130563/
1268379298	20251013	202510	2025	2025.7753	AFG	AFGHAN	AFG								PAK	PAKISTANI	PAK								0	111	111	11	3	-2.0	2	1	2	-6.22605363984674	4	Kabul, Kabol, Afghanistan	AF	AF13	3580	34.5167	69.1833	-3378435	4	Kabul, Kabol, Afghanistan	AF	AF13	3580	34.5167	69.1833	-3378435	4	Quetta, Balochistan, Pakistan	PK	PK02	23627	30.199	67.0097	-2772048	20251013181500	https://www.india.com/news/world/pakistan-and-taliban-once-close-friends-are-now-at-war-due-to-afghanistan-khyber-pakhtunkhwa-tehreek-e-taliban-pakistan-ttp-balochistan-bla-kabul-durand-line-isis-8130563/
1268379299	20251013	202510	2025	2025.7753	AFG	AFGHANISTAN	AFG								PAK	PAKISTAN	PAK								0	112	112	11	3	-2.0	1	1	1	-6.22605363984674	4	Quetta, Balochistan, Pakistan	PK	PK02	23627	30.199	67.0097	-2772048	4	Kabul, Kabol, Afghanistan	AF	AF13	3580	34.5167	69.1833	-3378435	4	Kabul, Kabol, Afghanistan	AF	AF13	3580	34.5167	69.1833	-3378435	20251013181500	https://www.india.com/news/world/pakistan-and-taliban-once-close-friends-are-now-at-war-due-to-afghanistan-khyber-pakhtunkhwa-tehreek-e-taliban-pakistan-ttp-balochistan-bla-kabul-durand-line-isis-8130563/
1268379300	20251013	202510	2025	2025.7753	AFG	AFGHANISTAN	AFG								PAK	PAKISTAN	PAK								0	112	112	11	3	-2.0	1	1	1	-6.22605363984674	4	Kabul, Kabol, Afghanistan	AF	AF13	3580	34.5167	69.1833	-3378435	4	Quetta, Balochistan, Pakistan	PK	PK02	23627	30.199	67.0097	-2772048	4	Quetta, Balochistan, Pakistan	PK	PK02	23627	30.199	67.0097	-2772048	20251013181500	https://www.india.com/news/world/pakistan-and-taliban-once-close-friends-are-now-at-war-due-to-afghanistan-khyber-pakhtunkhwa-tehreek-e-taliban-pakistan-ttp-balochistan-bla-kabul-durand-line-isis-8130563/
1268379301	20251013	202510	2025	2025.7753	AFG	AFGHAN	AFG								PAK	PAKISTANI	PAK								0	190	190	19	4	-10.0	1	1	1	-6.22605363984674	4	Quetta, Balochistan, Pakistan	PK	PK02	23627	30.199	67.0097	-2772048	4	Kabul, Kabol, Afghanistan	AF	AF13	3580	34.5167	69.1833	-3378435	4	Kabul, Kabol, Afghanistan	AF	AF13	3580	34.5167	69.1833	-3378435	20251013181500	https://www.india.com/news/world/pakistan-and-taliban-once-close-friends-are-now-at-war-due-to-afghanistan-khyber-pakhtunkhwa-tehreek-e-taliban-pakistan-ttp-balochistan-bla-kabul-durand-line-isis-8130563/
1268379302	20251013	202510	2025	2025.7753	AFG	AFGHAN	AFG								PAK	PAKISTANI	PAK								0	190	190	19	4	-10.0	3	1	2	-6.22605363984674	4	Kabul, Kabol, Afghanistan	AF	AF13	3580	34.5167	69.1833	-3378435	4	Quetta, Balochistan, Pakistan	PK	PK02	23627	30.199	67.0097	-2772048	4	Quetta, Balochistan, Pakistan	PK	PK02	23627	30.199	67.0097	-2772048	20251013181500	https://www.india.com/news/world/pakistan-and-taliban-once-close-friends-are-now-at-war-due-to-afghanistan-khyber-pakhtunkhwa-tehreek-e-taliban-pakistan-ttp-balochistan-bla-kabul-durand-line-isis-8130563/
1268379303	20251013	202510	2025	2025.7753	AFG	AFGHANISTAN	AFG								PAKMIL	PAKISTAN	PAK					MIL			0	111	111	11	3	-2.0	2	1	2	-6.22605363984674	4	Quetta, Balochistan, Pakistan	PK	PK02	23627	30.199	67.0097	-2772048	4	Quetta, Balochistan, Pakistan	PK	PK02	23627	30.199	67.0097	-2772048	4	Kabul, Kabol, Afghanistan	AF	AF13	3580	34.5167	69.1833	-3378435	20251013181500	https://www.india.com/news/world/pakistan-and-taliban-once-close-friends-are-now-at-war-due-to-afghanistan-khyber-pakhtunkhwa-tehreek-e-taliban-pakistan-ttp-balochistan-bla-kabul-durand-line-isis-8130563/
1268379304	20251013	202510	2025	2025.7753	AFG	AFGHAN	AFG								PAKMIL	PAKISTANI	PAK					MIL			0	111	111	11	3	-2.0	4	1	4	-6.22605363984674	4	Kabul, Kabol, Afghanistan	AF	AF13	3580	34.5167	69.1833	-3378435	4	Quetta, Balochistan, Pakistan	PK	PK02	23627	30.199	67.0097	-2772048	4	Kabul, Kabol, Afghanistan	AF	AF13	3580	34.5167	69.1833	-3378435	20251013181500	https://www.india.com/news/world/pakistan-and-taliban-once-close-friends-are-now-at-war-due-to-afghanistan-khyber-pakhtunkhwa-tehreek-e-taliban-pakistan-ttp-balochistan-bla-kabul-durand-line-isis-8130563/
1268379305	20251013	202510	2025	2025.7753	AFG	AFGHANISTAN	AFG								PAKMIL	PAKISTAN	PAK					MIL			0	190	190	19	4	-10.0	2	1	2	-6.22605363984674	4	Quetta, Balochistan, Pakistan	PK	PK02	23627	30.199	67.0097	-2772048	4	Quetta, Balochistan, Pakistan	PK	PK02	23627	30.199	67.0097	-2772048	4	Quetta, Balochistan, Pakistan	PK	PK02	23627	30.199	67.0097	-2772048	20251013181500	https://www.india.com/news/world/pakistan-and-taliban-once-close-friends-are-now-at-war-due-to-afghanistan-khyber-pakhtunkhwa-tehreek-e-taliban-pakistan-ttp-balochistan-bla-kabul-durand-line-isis-8130563/
1268379306	20251013	202510	2025	2025.7753	AFG	AFGHAN	AFG								PAKMIL	PAKISTANI	PAK					MIL			0	190	190	19	4	-10.0	4	1	4	-6.22605363984674	4	Kabul, Kabol, Afghanistan	AF	AF13	3580	34.5167	69.1833	-3378435	4	Quetta, Balochistan, Pakistan	PK	PK02	23627	30.199	67.0097	-2772048	4	Quetta, Balochistan, Pakistan	PK	PK02	23627	30.199	67.0097	-2772048	20251013181500	https://www.india.com/news/world/pakistan-and-taliban-once-close-friends-are-now-at-war-due-to-afghanistan-khyber-pakhtunkhwa-tehreek-e-taliban-pakistan-ttp-balochistan-bla-kabul-durand-line-isis-8130563/
1268379307	20251013	202510	2025	2025.7753	AFG	AFGHAN	AFG								PAKMIL	PAKISTANI	PAK					MIL			0	190	190	19	4	-10.0	6	1	6	-6.22605363984674	4	Kabul, Kabol, Afghanistan	AF	AF13	3580	34.5167	69.1833	-3378435	4	Quetta, Balochistan, Pakistan	PK	PK02	23627	30.199	67.0097	-2772048	4	Kabul, Kabol, Afghanistan	AF	AF13	3580	34.5167	69.1833	-3378435	20251013181500	https://www.india.com/news/world/pakistan-and-taliban-once-close-friends-are-now-at-war-due-to-afghanistan-khyber-pakhtunkhwa-tehreek-e-taliban-pakistan-ttp-balochistan-bla-kabul-durand-line-isis-8130563/
1268379308	20251013	202510	2025	2025.7753	AFG	KABUL	AFG								QAT	QATAR	QAT								0	0871	087	08	2	9.0	2	1	2	-3.91849529780564	4	Islamabad, Islamabad, Pakistan	PK	PK08	23674	33.7	73.1667	-2762812	4	Lin Jian, Shanghai, China	CH	CH23	13243	30.9348	121.026	10861193	4	Kabul, Kabol, Afghanistan	AF	AF13	3580	34.5167	69.1833	-3378435	20251013181500	https://www.thehindu.com/news/international/pakistani-troops-on-high-alert-on-afghan-border-after-fighting-trade-halts/article70158999.ece
1268379309	20251013	202510	2025	2025.7753	AFG	KABUL	AFG								SAU	SAUDI ARABIA	SAU								0	0871	087	08	2	9.0	2	1	2	-3.91849529780564	4	Islamabad, Islamabad, Pakistan	PK	PK08	23674	33.7	73.1667	-2762812	4	Lin Jian, Shanghai, China	CH	CH23	13243	30.9348	121.026	10861193	4	Kabul, Kabol, Afghanistan	AF	AF13	3580	34.5167	69.1833	-3378435	20251013181500	https://www.thehindu.com/news/international/pakistani-troops-on-high-alert-on-afghan-border-after-fighting-trade-halts/article70158999.ece
1268379310	20251013	202510	2025	2025.7753	AFGGOV	AFGHANISTAN	AFG					GOV			GOV	FOREIGN MINIST						GOV			1	040	040	04	1	1.0	2	1	2	-0.95320623916811	1	United States	US	US		39.828175	-98.5795	US	4	New Delhi, Delhi, India	IN	IN07	17911	28.6	77.2	-2106102	4	Kabul, Kabol, Afghanistan	AF	AF13	3580	34.5167	69.1833	-3378435	20251013181500	https://kashmirlife.net/is-india-quietly-restoring-diplomatic-ties-with-the-taliban-regime-409023/
1268379311	20251013	202510	2025	2025.7753	AFGGOV	AFGHANISTAN	AFG					GOV			GOV	FOREIGN MINIST						GOV			1	042	042	04	1	1.9	4	1	4	-0.95320623916811	4	Madrasah, Paktika, Afghanistan	AF	AF29	99902	33.1214	68.5533	-3383119	4	Islamabad, Islamabad, Pakistan	PK	PK08	23674	33.7	73.1667	-2762812	4	Madrasah, Paktika, Afghanistan	AF	AF29	99902	33.1214	68.5533	-3383119	20251013181500	https://kashmirlife.net/is-india-quietly-restoring-diplomatic-ties-with-the-taliban-regime-409023/
1268379312	20251013	202510	2025	2025.7753	AFGGOV	AFGHANISTAN	AFG					GOV			GOV	FOREIGN MINIST						GOV			1	046	046	04	1	7.0	2	1	2	-0.95320623916811	4	Deoband, Uttar Pradesh, India	IN	IN36	17936	29.7	77.6833	-2094259	4	Islamabad, Islamabad, Pakistan	PK	PK08	23674	33.7	73.1667	-2762812	4	Islamabad, Islamabad, Pakistan	PK	PK08	23674	33.7	73.1667	-2762812	20251013181500	https://kashmirlife.net/is-india-quietly-restoring-diplomatic-ties-with-the-taliban-regime-409023/
1268379313	20251013	202510	2025	2025.7753	AFGGOV	AFGHANISTAN	AFG					GOV			GOV	FOREIGN MINIST						GOV			1	046	046	04	1	7.0	2	1	2	-0.95320623916811	4	Deoband, Uttar Pradesh, India	IN	IN36	17936	29.7	77.6833	-2094259	1	United Kingdom	UK	UK		54	-4	UK	4	Madrasah, Paktika, Afghanistan	AF	AF29	99902	33.1214	68.5533	-3383119	20251013181500	https://kashmirlife.net/is-india-quietly-restoring-diplomatic-ties-with-the-taliban-regime-409023/
1268379314	20251013	202510	2025	2025.7753	AFGGOV	AFGHANISTAN	AFG					GOV			GOV	FOREIGN MINIST						GOV			1	046	046	04	1	7.0	2	1	2	-0.95320623916811	4	Madrasah, Paktika, Afghanistan	AF	AF29	99902	33.1214	68.5533	-3383119	4	Islamabad, Islamabad, Pakistan	PK	PK08	23674	33.7	73.1667	-2762812	4	Madrasah, Paktika, Afghanistan	AF	AF29	99902	33.1214	68.5533	-3383119	20251013181500	https://kashmirlife.net/is-india-quietly-restoring-diplomatic-ties-with-the-taliban-regime-409023/
1268379315	20251013	202510	2025	2025.7753	AFGINSTAL	TALIBAN	AFG	TAL				INS			UAF	FIGHTER						UAF			1	190	190	19	4	-10.0	2	1	2	-3.91849529780564	4	Beijing, Beijing, China	CH	CH22	13001	39.9289	116.388	-1898541	4	Islamabad, Islamabad, Pakistan	PK	PK08	23674	33.7	73.1667	-2762812	4	Islamabad, Islamabad, Pakistan	PK	PK08	23674	33.7	73.1667	-2762812	20251013181500	https://www.thehindu.com/news/international/pakistani-troops-on-high-alert-on-afghan-border-after-fighting-trade-halts/article70158999.ece
1268379316	20251013	202510	2025	2025.7753	AFR	AFRICA	AFR								CHN	CHINESE	CHN								0	010	010	01	1	0.0	1	1	1	-1.83574879227053	4	Lanzhou, Gansu, China	CH	CH15	13026	36.0564	103.792	-1914139	4	Lanzhou, Gansu, China	CH	CH15	13026	36.0564	103.792	-1914139	4	Lanzhou, Gansu, China	CH	CH15	13026	36.0564	103.792	-1914139	20251013181500	https://www.globaltimes.cn/page/202510/1345529.shtml
1268379317	20251013	202510	2025	2025.7753	AFR	AFRICA	AFR								CHN	CHINESE	CHN								0	010	010	01	1	0.0	1	1	1	-1.83574879227053	4	Gaza, Israel (general), Israel	IS	IS00	18315	31.4167	34.3333	-797156	4	Gaza, Israel (general), Israel	IS	IS00	18315	31.4167	34.3333	-797156	4	Lanzhou, Gansu, China	CH	CH15	13026	36.0564	103.792	-1914139	20251013181500	https://www.globaltimes.cn/page/202510/1345529.shtml
1268379318	20251013	202510	2025	2025.7753	AFR	AFRICA	AFR								ZAF	JOHANNESBURG	ZAF								1	112	112	11	3	-2.0	4	1	4	-0.64516129032258	4	Johannesburg, Gauteng, South Africa	SF	SF06	77364	-26.2	28.0833	-1240261	4	Johannesburg, Gauteng, South Africa	SF	SF06	77364	-26.2	28.0833	-1240261	4	Johannesburg, Gauteng, South Africa	SF	SF06	77364	-26.2	28.0833	-1240261	20251013181500	https://www.billboard.com/music/rb-hip-hop/travis-scott-johannesburg-show-delay-weather-1236087812/
1268379319	20251013	202510	2025	2025.7753	ARM	ARMENIA	ARM																		1	020	020	02	1	3.0	10	1	10	-0.38037276531	4	Metsamor, Armavir, Armenia	AM	AM03	4898	40.073	44.2896	-2325150	0								4	Metsamor, Armavir, Armenia	AM	AM03	4898	40.073	44.2896	-2325150	20251013181500	https://mirrorspectator.com/2025/10/13/evn-report-takes-on-the-washington-accords-at-mit/
1268379320	20251013	202510	2025	2025.7753	ARM	ARMENIA	ARM																		0	160	160	16	4	-4.0	2	1	2	-5.4367201426025	4	Yerevan, Yerevan*, Armenia	AM	AM11	4936	40.1811	44.5136	-2325645	0								4	Yerevan, Yerevan*, Armenia	AM	AM11	4936	40.1811	44.5136	-2325645	20251013181500	https://www.ncregister.com/news/armenia-at-a-crossroads
1268379321	20251013	202510	2025	2025.7753	ARM	ARMENIA	ARM																		0	160	160	16	4	-4.0	2	1	2	-5.4367201426025	4	Yerevan, Yerevan*, Armenia	AM	AM11	4936	40.1811	44.5136	-2325645	0								4	Moscow, Moskva, Russia	RS	RS48	25106	55.7522	37.6156	-2960561	20251013181500	https://www.ncregister.com/news/armenia-at-a-crossroads
1268379322	20251013	202510	2025	2025.7753	ARM	ARMENIA	ARM								AZE	AZERBAIJAN	AZE								0	057	057	05	1	8.0	2	1	2	-2.5897586815774	3	White House, District of Columbia, United States	US	USDC		38.8951	-77.0364	531871	3	White House, District of Columbia, United States	US	USDC		38.8951	-77.0364	531871	1	Armenia	AM	AM		40	45	AM	20251013181500	https://www.seattletimes.com/nation-world/fact-focus-with-a-truce-in-israel-trump-now-says-hes-ended-eight-wars-his-numbers-are-off/
1268379323	20251013	202510	2025	2025.7753	ARM	ARMENIA	ARM								AZE	AZERBAIJAN	AZE								0	192	192	19	4	-9.5	2	2	2	-2.56182100254474	1	Armenia	AM	AM		40	45	AM	1	Azerbaijan	AJ	AJ		40.5	47.5	AJ	1	Armenia	AM	AM		40	45	AM	20251013181500	https://www.seattletimes.com/nation-world/fact-focus-with-a-truce-in-israel-trump-now-says-hes-ended-eight-wars-his-numbers-are-off/
1268379324	20251013	202510	2025	2025.7753	ARM	ARMENIA	ARM								CHRCTH	ROMAN CATHOLIC				CHR	CTH				1	110	110	11	3	-2.0	4	1	4	-5.4367201426025	4	Shirak, Shirak, Armenia	AM	AM07	4921	40.8404	43.9158	-2325403	4	Shirak, Shirak, Armenia	AM	AM07	4921	40.8404	43.9158	-2325403	4	Shirak, Shirak, Armenia	AM	AM07	4921	40.8404	43.9158	-2325403	20251013181500	https://www.ncregister.com/news/armenia-at-a-crossroads
1268379325	20251013	202510	2025	2025.7753	ARM	ARMENIA	ARM								CHRCTH	ROMAN CATHOLIC				CHR	CTH				1	110	110	11	3	-2.0	6	1	6	-5.4367201426025	4	Yerevan, Yerevan*, Armenia	AM	AM11	4936	40.1811	44.5136	-2325645	4	Yerevan, Yerevan*, Armenia	AM	AM11	4936	40.1811	44.5136	-2325645	4	Yerevan, Yerevan*, Armenia	AM	AM11	4936	40.1811	44.5136	-2325645	20251013181500	https://www.ncregister.com/news/armenia-at-a-crossroads
1268379326	20251013	202510	2025	2025.7753	ARM	ARMENIA	ARM								GOV	GOVERNMENT						GOV			0	190	190	19	4	-10.0	6	1	6	-5.4367201426025	4	Yerevan, Yerevan*, Armenia	AM	AM11	4936	40.1811	44.5136	-2325645	4	Yerevan, Yerevan*, Armenia	AM	AM11	4936	40.1811	44.5136	-2325645	4	Yerevan, Yerevan*, Armenia	AM	AM11	4936	40.1811	44.5136	-2325645	20251013181500	https://www.ncregister.com/news/armenia-at-a-crossroads
1268379327	20251013	202510	2025	2025.7753	ARM	ARMENIA	ARM								ISR	ISRAEL	ISR								0	042	042	04	1	1.9	2	1	2	-2.53388332351208	3	White House, District of Columbia, United States	US	USDC		38.8951	-77.0364	531871	4	Gaza, Israel (general), Israel	IS	IS00	18315	31.4167	34.3333	-797156	4	Gaza, Israel (general), Israel	IS	IS00	18315	31.4167	34.3333	-797156	20251013181500	https://www.winnipegfreepress.com/world/2025/10/13/fact-focus-with-a-truce-in-israel-trump-now-says-hes-ended-eight-wars-his-numbers-are-off
1268379328	20251013	202510	2025	2025.7753	ARM	ARMENIA	ARM								ISR	ISRAEL	ISR								0	042	042	04	1	1.9	2	1	2	-2.5897586815774	3	White House, District of Columbia, United States	US	USDC		38.8951	-77.0364	531871	4	Gaza, Israel (general), Israel	IS	IS00	18315	31.4167	34.3333	-797156	3	White House, District of Columbia, United States	US	USDC		38.8951	-77.0364	531871	20251013181500	https://www.seattletimes.com/nation-world/fact-focus-with-a-truce-in-israel-trump-now-says-hes-ended-eight-wars-his-numbers-are-off/
1268379329	20251013	202510	2025	2025.7753	ARM	ARMENIA	ARM								ISR	ISRAEL	ISR								0	042	042	04	1	1.9	4	2	4	-2.56182100254474	1	Armenia	AM	AM		40	45	AM	4	Gaza, Israel (general), Israel	IS	IS00	18315	31.4167	34.3333	-797156	4	Gaza, Israel (general), Israel	IS	IS00	18315	31.4167	34.3333	-797156	20251013181500	https://www.seattletimes.com/nation-world/fact-focus-with-a-truce-in-israel-trump-now-says-hes-ended-eight-wars-his-numbers-are-off/
1268379330	20251013	202510	2025	2025.7753	ARM	ARMENIA	ARM								RUS	RUSSIA	RUS								0	192	192	19	4	-9.5	8	2	8	-2.56182100254474	1	Armenia	AM	AM		40	45	AM	4	Karabakh, Dagestan, Russia	RS	RS17	25069	42.4692	46.8645	-2920856	1	Armenia	AM	AM		40	45	AM	20251013181500	https://www.seattletimes.com/nation-world/fact-focus-with-a-truce-in-israel-trump-now-says-hes-ended-eight-wars-his-numbers-are-off/
1268379331	20251013	202510	2025	2025.7753	ARM	ARMENIA	ARM								RUS	RUSSIA	RUS								0	192	192	19	4	-9.5	4	2	4	-2.56182100254474	1	Armenia	AM	AM		40	45	AM	1	Armenia	AM	AM		40	45	AM	3	White House, District of Columbia, United States	US	USDC		38.8951	-77.0364	531871	20251013181500	https://www.seattletimes.com/nation-world/fact-focus-with-a-truce-in-israel-trump-now-says-hes-ended-eight-wars-his-numbers-are-off/
1268379332	20251013	202510	2025	2025.7753	ARMREL	ARMENIA	ARM								GOV	GOVERNMENT						GOV			0	111	111	11	3	-2.0	2	1	2	-5.4367201426025	4	Shirak, Shirak, Armenia	AM	AM07	4921	40.8404	43.9158	-2325403	4	Shirak, Shirak, Armenia	AM	AM07	4921	40.8404	43.9158	-2325403	4	Tavush, Azerbaijan (general), Azerbaijan	AJ	AJ00	554	41.0789	45.7681	-3017020	20251013181500	https://www.ncregister.com/news/armenia-at-a-crossroads
1268379333	20251013	202510	2025	2025.7753	AUS	AUSTRALIA	AUS																		1	080	080	08	2	5.0	8	1	8	-3.2258064516129	4	Dubbo, New South Wales, Australia	AS	AS02	5096	-32.243	148.605	-1570695	0								4	Dubbo, New South Wales, Australia	AS	AS02	5096	-32.243	148.605	-1570695	20251013181500	https://www.blayneychronicle.com.au/story/9075625/dubbo-woman-fined-in-orange-for-expired-interstate-licence/
1268379334	20251013	202510	2025	2025.7753	AUS	AUSTRALIA	AUS																		1	172	172	17	4	-5.0	10	1	8	-3.2258064516129	4	Dubbo, New South Wales, Australia	AS	AS02	5096	-32.243	148.605	-1570695	0								4	Dubbo, New South Wales, Australia	AS	AS02	5096	-32.243	148.605	-1570695	20251013181500	https://www.blayneychronicle.com.au/story/9075625/dubbo-woman-fined-in-orange-for-expired-interstate-licence/
1268379335	20251013	202510	2025	2025.7753	AUT	AUSTRIA	AUT																		0	1054	105	10	3	-5.0	10	1	10	-3.33333333333334	4	Vienna, Wien, Austria	AU	AU09	5672	48.2	16.3667	-1995499	0								4	Vienna, Wien, Austria	AU	AU09	5672	48.2	16.3667	-1995499	20251013181500	https://www.yahoo.com/news/articles/eurovision-organisers-push-back-israel-171201088.html
1268379336	20251013	202510	2025	2025.7753	AUT	AUSTRIA	AUT																		0	110	110	11	3	-2.0	10	1	10	-3.33333333333334	4	Vienna, Wien, Austria	AU	AU09	5672	48.2	16.3667	-1995499	0								4	Vienna, Wien, Austria	AU	AU09	5672	48.2	16.3667	-1995499	20251013181500	https://www.yahoo.com/news/articles/eurovision-organisers-push-back-israel-171201088.html
1268379337	20251013	202510	2025	2025.7753	AUT	AUSTRIA	AUT								DEU	GERMANY	DEU								0	112	112	11	3	-2.0	10	1	10	-3.33333333333334	4	Vienna, Wien, Austria	AU	AU09	5672	48.2	16.3667	-1995499	1	Germany	GM	GM		51.5	10.5	GM	1	Germany	GM	GM		51.5	10.5	GM	20251013181500	https://www.yahoo.com/news/articles/eurovision-organisers-push-back-israel-171201088.html
1268379338	20251013	202510	2025	2025.7753	AZE	BAKU	AZE																		1	036	036	03	1	4.0	5	1	5	3.17073170731707	4	Abuja, Abuja Federal Capital Territory, Nigeria	NI	NI11	191147	9.08333	7.53333	-1997013	0								4	Abuja, Abuja Federal Capital Territory, Nigeria	NI	NI11	191147	9.08333	7.53333	-1997013	20251013181500	https://www.nigerianeye.com/2025/10/nigeria-judges-admitted-into.html
1268379339	20251013	202510	2025	2025.7753	AZE	AZERBAIJAN	AZE								ARM	ARMENIA	ARM								0	057	057	05	1	8.0	2	1	2	-2.5897586815774	3	White House, District of Columbia, United States	US	USDC		38.8951	-77.0364	531871	3	White House, District of Columbia, United States	US	USDC		38.8951	-77.0364	531871	1	Armenia	AM	AM		40	45	AM	20251013181500	https://www.seattletimes.com/nation-world/fact-focus-with-a-truce-in-israel-trump-now-says-hes-ended-eight-wars-his-numbers-are-off/
1268379340	20251013	202510	2025	2025.7753	AZE	AZERBAIJAN	AZE								ARM	ARMENIA	ARM								0	111	111	11	3	-2.0	3	1	3	-0.38037276531	4	Metsamor, Armavir, Armenia	AM	AM03	4898	40.073	44.2896	-2325150	4	Metsamor, Armavir, Armenia	AM	AM03	4898	40.073	44.2896	-2325150	4	Metsamor, Armavir, Armenia	AM	AM03	4898	40.073	44.2896	-2325150	20251013181500	https://mirrorspectator.com/2025/10/13/evn-report-takes-on-the-washington-accords-at-mit/
1268379341	20251013	202510	2025	2025.7753	AZE	AZERBAIJAN	AZE								ARM	ARMENIA	ARM								0	111	111	11	3	-2.0	6	1	6	-0.38037276531	4	Baku, Baki*, Azerbaijan	AJ	AJ09	534	40.3953	49.8822	-2705195	4	Metsamor, Armavir, Armenia	AM	AM03	4898	40.073	44.2896	-2325150	4	Metsamor, Armavir, Armenia	AM	AM03	4898	40.073	44.2896	-2325150	20251013181500	https://mirrorspectator.com/2025/10/13/evn-report-takes-on-the-washington-accords-at-mit/
1268379342	20251013	202510	2025	2025.7753	AZE	AZERBAIJAN	AZE								ISR	ISRAEL	ISR								0	042	042	04	1	1.9	2	1	2	-2.53388332351208	3	White House, District of Columbia, United States	US	USDC		38.8951	-77.0364	531871	4	Gaza, Israel (general), Israel	IS	IS00	18315	31.4167	34.3333	-797156	4	Gaza, Israel (general), Israel	IS	IS00	18315	31.4167	34.3333	-797156	20251013181500	https://www.winnipegfreepress.com/world/2025/10/13/fact-focus-with-a-truce-in-israel-trump-now-says-hes-ended-eight-wars-his-numbers-are-off
1268379343	20251013	202510	2025	2025.7753	AZE	AZERBAIJAN	AZE								ISR	ISRAEL	ISR								0	042	042	04	1	1.9	2	1	2	-2.5897586815774	3	White House, District of Columbia, United States	US	USDC		38.8951	-77.0364	531871	4	Gaza, Israel (general), Israel	IS	IS00	18315	31.4167	34.3333	-797156	3	White House, District of Columbia, United States	US	USDC		38.8951	-77.0364	531871	20251013181500	https://www.seattletimes.com/nation-world/fact-focus-with-a-truce-in-israel-trump-now-says-hes-ended-eight-wars-his-numbers-are-off/
1268379344	20251013	202510	2025	2025.7753	AZE	AZERBAIJAN	AZE								ISR	ISRAEL	ISR								0	042	042	04	1	1.9	4	2	4	-2.56182100254474	1	Azerbaijan	AJ	AJ		40.5	47.5	AJ	4	Gaza, Israel (general), Israel	IS	IS00	18315	31.4167	34.3333	-797156	4	Gaza, Israel (general), Israel	IS	IS00	18315	31.4167	34.3333	-797156	20251013181500	https://www.seattletimes.com/nation-world/fact-focus-with-a-truce-in-israel-trump-now-says-hes-ended-eight-wars-his-numbers-are-off/
1268379345	20251013	202510	2025	2025.7753	AZE	AZERBAIJANI	AZE								ISR	ISRAEL	ISR								0	051	051	05	1	3.4	2	2	2	-2.56182100254474	4	Gaza, Israel (general), Israel	IS	IS00	18315	31.4167	34.3333	-797156	4	Gaza, Israel (general), Israel	IS	IS00	18315	31.4167	34.3333	-797156	4	Gaza, Israel (general), Israel	IS	IS00	18315	31.4167	34.3333	-797156	20251013181500	https://www.seattletimes.com/nation-world/fact-focus-with-a-truce-in-israel-trump-now-says-hes-ended-eight-wars-his-numbers-are-off/
1268379346	20251013	202510	2025	2025.7753	AZE	BAKU	AZE								NGA	NIGERIA	NGA								1	036	036	03	1	4.0	5	1	5	3.17073170731707	4	Baku, Baki*, Azerbaijan	AJ	AJ09	534	40.3953	49.8822	-2705195	4	Abuja, Abuja Federal Capital Territory, Nigeria	NI	NI11	191147	9.08333	7.53333	-1997013	4	Baku, Baki*, Azerbaijan	AJ	AJ09	534	40.3953	49.8822	-2705195	20251013181500	https://www.nigerianeye.com/2025/10/nigeria-judges-admitted-into.html
1268379347	20251013	202510	2025	2025.7753	AZE	AZERBAIJAN	AZE								RUS	RUSSIA	RUS								0	192	192	19	4	-9.5	6	2	6	-2.56182100254474	1	Azerbaijan	AJ	AJ		40.5	47.5	AJ	4	Karabakh, Dagestan, Russia	RS	RS17	25069	42.4692	46.8645	-2920856	1	Armenia	AM	AM		40	45	AM	20251013181500	https://www.seattletimes.com/nation-world/fact-focus-with-a-truce-in-israel-trump-now-says-hes-ended-eight-wars-his-numbers-are-off/
1268379348	20251013	202510	2025	2025.7753	AZE	AZERBAIJAN	AZE								RUS	RUSSIA	RUS								0	192	192	19	4	-9.5	4	2	4	-2.56182100254474	1	Azerbaijan	AJ	AJ		40.5	47.5	AJ	1	Armenia	AM	AM		40	45	AM	3	White House, District of Columbia, United States	US	USDC		38.8951	-77.0364	531871	20251013181500	https://www.seattletimes.com/nation-world/fact-focus-with-a-truce-in-israel-trump-now-says-hes-ended-eight-wars-his-numbers-are-off/
1268379349	20251013	202510	2025	2025.7753	AZE	AZERBAIJAN	AZE								RUS	RUSSIA	RUS								0	192	192	19	4	-9.5	2	2	2	-2.56182100254474	1	Armenia	AM	AM		40	45	AM	4	Karabakh, Dagestan, Russia	RS	RS17	25069	42.4692	46.8645	-2920856	1	Armenia	AM	AM		40	45	AM	20251013181500	https://www.seattletimes.com/nation-world/fact-focus-with-a-truce-in-israel-trump-now-says-hes-ended-eight-wars-his-numbers-are-off/
1268379350	20251013	202510	2025	2025.7753	AZEGOV	AZERBAIJANI	AZE					GOV			AZEGOV	ILHAM ALIYEV	AZE					GOV			0	051	051	05	1	3.4	12	2	12	-2.56182100254474	1	Azerbaijan	AJ	AJ		40.5	47.5	AJ	1	Azerbaijan	AJ	AJ		40.5	47.5	AJ	1	Azerbaijan	AJ	AJ		40.5	47.5	AJ	20251013181500	https://www.seattletimes.com/nation-world/fact-focus-with-a-truce-in-israel-trump-now-says-hes-ended-eight-wars-his-numbers-are-off/
1268379351	20251013	202510	2025	2025.7753	BEL	BELGIUM	BEL																		1	081	081	08	2	5.0	10	1	10	-9.6774193548387	1	Belgium	BE	BE		50.833333	4	BE	0								1	Belgium	BE	BE		50.833333	4	BE	20251013181500	https://biztoc.com/x/4bd41cc7058223f6
1268379352	20251013	202510	2025	2025.7753	BEL	BELGIUM	BEL								IGOEUREEC	THE EU	EUR	EEC				IGO			1	042	042	04	1	1.9	4	1	4	2.7027027027027	4	Brussel, Bruxelles-Capitale, Belgium	BE	BE11	5850	50.8333	4.33333	-1955538	4	Brussel, Bruxelles-Capitale, Belgium	BE	BE11	5850	50.8333	4.33333	-1955538	4	Brussel, Bruxelles-Capitale, Belgium	BE	BE11	5850	50.8333	4.33333	-1955538	20251013181500	https://biztoc.com/x/e76e2b6530bce2ae
1268379353	20251013	202510	2025	2025.7753	BEL	BELGIUM	BEL								IGOEUREEC	THE EU	EUR	EEC				IGO			1	043	043	04	1	2.8	4	1	4	2.7027027027027	4	Brussel, Bruxelles-Capitale, Belgium	BE	BE11	5850	50.8333	4.33333	-1955538	4	Brussel, Bruxelles-Capitale, Belgium	BE	BE11	5850	50.8333	4.33333	-1955538	4	Brussel, Bruxelles-Capitale, Belgium	BE	BE11	5850	50.8333	4.33333	-1955538	20251013181500	https://biztoc.com/x/e76e2b6530bce2ae
1268379354	20251013	202510	2025	2025.7753	BEL	BELGIUM	BEL								IGOEUREEC	THE EU	EUR	EEC				IGO			1	081	081	08	2	5.0	5	1	5	-9.6774193548387	1	Belgium	BE	BE		50.833333	4	BE	1	Belgium	BE	BE		50.833333	4	BE	1	Belgium	BE	BE		50.833333	4	BE	20251013181500	https://biztoc.com/x/4bd41cc7058223f6
1268379355	20251013	202510	2025	2025.7753	BGD	BANGLADESH	BGD								BTN	BHUTAN	BTN								0	050	050	05	1	3.5	1	1	1	6.85483870967742	4	Thimphu, Thimphu, Bhutan	BT	BT20	6071	27.4833	89.6	-2211419	4	Kurigram, Rangpur, Bangladesh	BG	BG87	5809	25.8137	89.6499	11232295	4	Thimphu, Thimphu, Bhutan	BT	BT20	6071	27.4833	89.6	-2211419	20251013181500	https://www.tbsnews.net/economy/bhutan-eager-sign-fta-bangladesh-envoy-1259841
1268379356	20251013	202510	2025	2025.7753	BGD	BANGLADESH	BGD								BTN	BHUTAN	BTN								0	050	050	05	1	3.5	3	1	3	6.85483870967742	4	Kurigram, Rangpur, Bangladesh	BG	BG87	5809	25.8137	89.6499	11232295	4	Thimphu, Thimphu, Bhutan	BT	BT20	6071	27.4833	89.6	-2211419	4	Thimphu, Thimphu, Bhutan	BT	BT20	6071	27.4833	89.6	-2211419	20251013181500	https://www.tbsnews.net/economy/bhutan-eager-sign-fta-bangladesh-envoy-1259841
1268379357	20251013	202510	2025	2025.7753	BGD	BANGLADESH	BGD								BTN	BHUTAN	BTN								0	050	050	05	1	3.5	1	1	1	6.85483870967742	4	Kurigram, Rangpur, Bangladesh	BG	BG87	5809	25.8137	89.6499	11232295	4	Kurigram, Rangpur, Bangladesh	BG	BG87	5809	25.8137	89.6499	11232295	4	Thimphu, Thimphu, Bhutan	BT	BT20	6071	27.4833	89.6	-2211419	20251013181500	https://www.tbsnews.net/economy/bhutan-eager-sign-fta-bangladesh-envoy-1259841
1268379358	20251013	202510	2025	2025.7753	BGD	BANGLADESH	BGD								BTN	BHUTAN	BTN								1	057	057	05	1	8.0	16	1	10	6.85483870967742	4	Dhaka, Dhaka, Bangladesh	BG	BG81	5778	23.7231	90.4086	-2737683	4	Thimphu, Thimphu, Bhutan	BT	BT20	6071	27.4833	89.6	-2211419	4	Thimphu, Thimphu, Bhutan	BT	BT20	6071	27.4833	89.6	-2211419	20251013181500	https://www.tbsnews.net/economy/bhutan-eager-sign-fta-bangladesh-envoy-1259841
1268379359	20251013	202510	2025	2025.7753	BGD	BANGLADESH	BGD								BTN	BHUTAN	BTN								1	057	057	05	1	8.0	4	1	4	6.85483870967742	4	Dhaka, Dhaka, Bangladesh	BG	BG81	5778	23.7231	90.4086	-2737683	4	Dhaka, Dhaka, Bangladesh	BG	BG81	5778	23.7231	90.4086	-2737683	4	Thimphu, Thimphu, Bhutan	BT	BT20	6071	27.4833	89.6	-2211419	20251013181500	https://www.tbsnews.net/economy/bhutan-eager-sign-fta-bangladesh-envoy-1259841
1268379360	20251013	202510	2025	2025.7753	BGDMIL	BANGLADESH	BGD					MIL			MIL	ARMED FORCES						MIL			0	154	154	15	4	-7.2	5	1	5	-0.80645161290323	4	Dhaka, Dhaka, Bangladesh	BG	BG81	5778	23.7231	90.4086	-2737683	4	Dhaka, Dhaka, Bangladesh	BG	BG81	5778	23.7231	90.4086	-2737683	4	Dhaka, Dhaka, Bangladesh	BG	BG81	5778	23.7231	90.4086	-2737683	20251013181500	https://theindianawaaz.com/officials-from-past-3-polls-barred-from-key-election-roles-in-bangladesh/
1268379361	20251013	202510	2025	2025.7753	BHS	BAHAMA	BHS								EUR	EUROPEAN	EUR								1	043	043	04	1	2.8	3	1	3	2.99295774647888	1	Bahamas, The	BF	BF		24	-76	BF	1	Bahamas, The	BF	BF		24	-76	BF	1	Bahamas, The	BF	BF		24	-76	BF	20251013181500	https://economictimes.indiatimes.com/news/international/us/social-security-shutdown-all-1400-offices-closed-nationwide-for-24-hours-know-the-reason/articleshow/124533062.cms
1268379362	20251013	202510	2025	2025.7753	BHS	BAHAMA	BHS								EUR	EUROPEAN	EUR								1	043	043	04	1	2.8	4	1	4	2.99295774647888	1	Bahamas, The	BF	BF		24	-76	BF	2	New York, United States	US	USNY		42.1497	-74.9384	NY	1	Bahamas, The	BF	BF		24	-76	BF	20251013181500	https://economictimes.indiatimes.com/news/international/us/social-security-shutdown-all-1400-offices-closed-nationwide-for-24-hours-know-the-reason/articleshow/124533062.cms
1268379363	20251013	202510	2025	2025.7753	BHS	BAHAMA	BHS								USA	UNITED STATES	USA								1	043	043	04	1	2.8	2	1	2	2.99295774647888	1	Bahamas, The	BF	BF		24	-76	BF	1	Bahamas, The	BF	BF		24	-76	BF	1	Bahamas, The	BF	BF		24	-76	BF	20251013181500	https://economictimes.indiatimes.com/news/international/us/social-security-shutdown-all-1400-offices-closed-nationwide-for-24-hours-know-the-reason/articleshow/124533062.cms
1268379364	20251013	202510	2025	2025.7753	BHS	BAHAMA	BHS								USA	NEW YORK	USA								1	051	051	05	1	3.4	1	1	1	2.99295774647888	1	Bahamas, The	BF	BF		24	-76	BF	1	Bahamas, The	BF	BF		24	-76	BF	1	Bahamas, The	BF	BF		24	-76	BF	20251013181500	https://economictimes.indiatimes.com/news/international/us/social-security-shutdown-all-1400-offices-closed-nationwide-for-24-hours-know-the-reason/articleshow/124533062.cms
1268379365	20251013	202510	2025	2025.7753	BRA	BRAZIL	BRA																		1	043	043	04	1	2.8	10	1	10	2.06540447504303	4	Fiocruz, Estado do Rio, Brazil	BR	BR21	9961	-22.9411	-43.4043	10873112	0								4	Fiocruz, Estado do Rio, Brazil	BR	BR21	9961	-22.9411	-43.4043	10873112	20251013181500	https://www.upi.com/Health_News/2025/10/13/brazil-mosquito-factory-dengue-Zika-chikungunya-viruses/5701760117419/
1268379366	20251013	202510	2025	2025.7753	BTN	BHUTAN	BTN								BGD	BANGLADESH	BGD								0	050	050	05	1	3.5	3	1	3	6.85483870967742	4	Thimphu, Thimphu, Bhutan	BT	BT20	6071	27.4833	89.6	-2211419	4	Kurigram, Rangpur, Bangladesh	BG	BG87	5809	25.8137	89.6499	11232295	4	Thimphu, Thimphu, Bhutan	BT	BT20	6071	27.4833	89.6	-2211419	20251013181500	https://www.tbsnews.net/economy/bhutan-eager-sign-fta-bangladesh-envoy-1259841
1268379367	20251013	202510	2025	2025.7753	BTN	BHUTAN	BTN								BGD	BANGLADESH	BGD								0	050	050	05	1	3.5	1	1	1	6.85483870967742	4	Kurigram, Rangpur, Bangladesh	BG	BG87	5809	25.8137	89.6499	11232295	4	Thimphu, Thimphu, Bhutan	BT	BT20	6071	27.4833	89.6	-2211419	4	Thimphu, Thimphu, Bhutan	BT	BT20	6071	27.4833	89.6	-2211419	20251013181500	https://www.tbsnews.net/economy/bhutan-eager-sign-fta-bangladesh-envoy-1259841
1268379368	20251013	202510	2025	2025.7753	BTN	BHUTAN	BTN								BGD	BANGLADESH	BGD								0	050	050	05	1	3.5	1	1	1	6.85483870967742	4	Kurigram, Rangpur, Bangladesh	BG	BG87	5809	25.8137	89.6499	11232295	4	Kurigram, Rangpur, Bangladesh	BG	BG87	5809	25.8137	89.6499	11232295	4	Thimphu, Thimphu, Bhutan	BT	BT20	6071	27.4833	89.6	-2211419	20251013181500	https://www.tbsnews.net/economy/bhutan-eager-sign-fta-bangladesh-envoy-1259841
1268379369	20251013	202510	2025	2025.7753	BTN	BHUTAN	BTN								BGD	BANGLADESH	BGD								1	057	057	05	1	8.0	10	1	10	6.85483870967742	4	Thimphu, Thimphu, Bhutan	BT	BT20	6071	27.4833	89.6	-2211419	4	Thimphu, Thimphu, Bhutan	BT	BT20	6071	27.4833	89.6	-2211419	4	Thimphu, Thimphu, Bhutan	BT	BT20	6071	27.4833	89.6	-2211419	20251013181500	https://www.tbsnews.net/economy/bhutan-eager-sign-fta-bangladesh-envoy-1259841
1268379370	20251013	202510	2025	2025.7753	BTN	BHUTAN	BTN								BGD	BANGLADESH	BGD								1	057	057	05	1	8.0	6	1	6	6.85483870967742	4	Thimphu, Thimphu, Bhutan	BT	BT20	6071	27.4833	89.6	-2211419	4	Dhaka, Dhaka, Bangladesh	BG	BG81	5778	23.7231	90.4086	-2737683	4	Thimphu, Thimphu, Bhutan	BT	BT20	6071	27.4833	89.6	-2211419	20251013181500	https://www.tbsnews.net/economy/bhutan-eager-sign-fta-bangladesh-envoy-1259841
1268379371	20251013	202510	2025	2025.7753	BTN	BHUTAN	BTN								BGD	BANGLADESH	BGD								1	057	057	05	1	8.0	4	1	4	6.85483870967742	4	Dhaka, Dhaka, Bangladesh	BG	BG81	5778	23.7231	90.4086	-2737683	4	Dhaka, Dhaka, Bangladesh	BG	BG81	5778	23.7231	90.4086	-2737683	4	Thimphu, Thimphu, Bhutan	BT	BT20	6071	27.4833	89.6	-2211419	20251013181500	https://www.tbsnews.net/economy/bhutan-eager-sign-fta-bangladesh-envoy-1259841
1268379372	20251013	202510	2025	2025.7753	BUD	BUDDHIST				BUD					CHN	GANSU	CHN								1	040	040	04	1	1.0	6	1	6	3.53846153846154	4	Dunhuang, Gansu, China	CH	CH15	13019	40.1667	94.6833	-1904651	5	Gansu, Gansu, China	CH	CH15	13209	38	102	-1906131	5	Gansu, Gansu, China	CH	CH15	13209	38	102	-1906131	20251013181500	https://www.thailand-business-news.com/pr-news/cities-unite-behind-cultural-preservation
1268379373	20251013	202510	2025	2025.7753	BUS	INVESTOR						BUS													1	020	020	02	1	3.0	2	1	2	2.44755244755244	4	Nusantara, Jawa Barat, Indonesia	ID	ID30	18585	-6.7619	108.543	10215215	0								4	Nusantara, Jawa Barat, Indonesia	ID	ID30	18585	-6.7619	108.543	10215215	20251013181500	https://www.manilatimes.net/2025/10/14/tmt-newswire/globenewswire/edena-token-lists-on-indonesias-largest-exchange-indodax-followed-by-mobee-exchange/2199811
1268379374	20251013	202510	2025	2025.7753	BUS	COMPANY						BUS													1	020	020	02	1	3.0	3	1	3	-0.838926174496646	3	Lutak Inlet, Alaska, United States	US	USAK	AK100	59.3028	-135.501	1423480	0								3	Lutak Inlet, Alaska, United States	US	USAK		59.3028	-135.501	1423480	20251013181500	https://alaskapublic.org/about/alaska-public-media-events/2025-10-13/timber-company-re-applies-to-store-logs-in-lutak-inlet-after-surveying-sea-floor
1268379375	20251013	202510	2025	2025.7753	BUS	ENTREPRENEUR						BUS													0	020	020	02	1	3.0	3	1	3	2.65577119509704	1	Belgium	BE	BE		50.833333	4	BE	0								1	Belgium	BE	BE		50.833333	4	BE	20251013181500	http://www.saltlakecitysun.com/news/278634561/chase-buchanan-forges-ahead-with-expansions-in-canada-france-and-portugal
1268379376	20251013	202510	2025	2025.7753	BUS	INDUSTRY						BUS													1	043	043	04	1	2.8	10	1	10	0.64516129032258	2	Ohio, United States	US	USOH		40.3736	-82.7755	OH	0								2	Ohio, United States	US	USOH		40.3736	-82.7755	OH	20251013181500	https://www.cleveland.com/news/2025/10/ohio-house-bill-seeks-to-give-car-condo-owners-a-residential-tax-break.html
1268379377	20251013	202510	2025	2025.7753	BUS	BUSINESS						BUS													1	0833	083	08	2	5.0	5	1	5	2.5	4	Highbridge, Somerset, United Kingdom	UK	UKM3	40129	51.2167	-2.98333	-2598645	0								4	Highbridge, Somerset, United Kingdom	UK	UKM3	40129	51.2167	-2.98333	-2598645	20251013181500	https://www.burnhamandhighbridgeweeklynews.co.uk/news/25539466.free-localiq-digital-marketing-courses-build-ai-skills/
1268379378	20251013	202510	2025	2025.7753	BUS	COMPANY						BUS													1	084	084	08	2	7.0	10	1	10	1.53846153846154	1	Estonia	EN	EN		59	26	EN	0								1	Estonia	EN	EN		59	26	EN	20251013181500	https://qctimes.com/life-entertainment/local/art-theater/article_7af433fb-357d-4bc5-b181-8cd7f47887b5.html
1268379379	20251013	202510	2025	2025.7753	BUS	BUSINESS LEADER						BUS													1	114	114	11	3	-2.0	10	1	10	-1.05124835742444	3	San Francisco, California, United States	US	USCA	CA075	37.7749	-122.419	277593	0								3	San Francisco, California, United States	US	USCA		37.7749	-122.419	277593	20251013181500	https://www.pressdemocrat.com/2025/10/10/marc-benioff-says-trump-should-send-guard-troops-to-san-francisco__trashed/
1268379380	20251013	202510	2025	2025.7753	BUS	INDUSTRY						BUS			ARM	ARMENIAN	ARM								0	014	014	01	1	0.0	10	1	10	-0.38037276531	4	Metsamor, Armavir, Armenia	AM	AM03	4898	40.073	44.2896	-2325150	4	Metsamor, Armavir, Armenia	AM	AM03	4898	40.073	44.2896	-2325150	4	Metsamor, Armavir, Armenia	AM	AM03	4898	40.073	44.2896	-2325150	20251013181500	https://mirrorspectator.com/2025/10/13/evn-report-takes-on-the-washington-accords-at-mit/
1268379381	20251013	202510	2025	2025.7753	BUS	INDUSTRY						BUS			ARM	ARMENIAN	ARM								0	070	070	07	2	7.0	10	1	10	-0.38037276531	4	Metsamor, Armavir, Armenia	AM	AM03	4898	40.073	44.2896	-2325150	4	Metsamor, Armavir, Armenia	AM	AM03	4898	40.073	44.2896	-2325150	4	Metsamor, Armavir, Armenia	AM	AM03	4898	40.073	44.2896	-2325150	20251013181500	https://mirrorspectator.com/2025/10/13/evn-report-takes-on-the-washington-accords-at-mit/
1268379382	20251013	202510	2025	2025.7753	BUS	COMPANY						BUS			CHN	CHINESE	CHN								0	010	010	01	1	0.0	7	1	7	-3.62473347547974	4	Shanghai, Shanghai, China	CH	CH23	13243	31.2222	121.458	-1924465	4	Shanghai, Shanghai, China	CH	CH23	13243	31.2222	121.458	-1924465	4	Shanghai, Shanghai, China	CH	CH23	13243	31.2222	121.458	-1924465	20251013181500	https://www.livemint.com/companies/news/dutch-government-takes-charge-of-chinese-owned-chipmaker-nexperia-parent-firms-shares-drop-10-in-shanghai-11760373107987.html
1268379383	20251013	202510	2025	2025.7753	BUS	INVESTOR						BUS			CHN	CHINA	CHN								1	061	061	06	2	6.4	10	1	10	-0.87976539589443	4	Beijing, Beijing, China	CH	CH22	13001	39.9289	116.388	-1898541	4	Beijing, Beijing, China	CH	CH22	13001	39.9289	116.388	-1898541	4	Beijing, Beijing, China	CH	CH22	13001	39.9289	116.388	-1898541	20251013181500	https://www.benzinga.com/trading-ideas/movers/25/10/48183253/energy-fuels-uuuu-shares-are-trading-higher-monday-whats-going-on
1268379384	20251013	202510	2025	2025.7753	BUS	BUSINESS						BUS			CVL	COMMUNITY						CVL			1	030	030	03	1	4.0	10	1	10	8.6021505376344	0								0								0								20251013181500	https://realradio804.com/artists-to-paint-in-essex-county-for-tidelands-plein-air-festival/
1268379385	20251013	202510	2025	2025.7753	BUS	INDUSTRY						BUS			DEU	GERMANY	DEU								1	042	042	04	1	1.9	10	1	10	1.08991825613079	1	China	CH	CH		35	105	CH	1	China	CH	CH		35	105	CH	1	China	CH	CH		35	105	CH	20251013181500	https://www.textileworld.com/textile-world/2025/10/plastics-releases-global-trends-report-u-s-plastics-remains-driver-of-global-economic-growth/
1268379386	20251013	202510	2025	2025.7753	BUS	INDUSTRY						BUS			GBR	UNITED KINGDOM	GBR								1	070	070	07	2	7.0	5	1	5	-3.55648535564854	1	United Kingdom	UK	UK		54	-4	UK	1	United Kingdom	UK	UK		54	-4	UK	1	United Kingdom	UK	UK		54	-4	UK	20251013181500	https://www.newstatesman.com/business/economics/2025/10/to-boost-growth-labour-should-lean-into-liberalism
1268379387	20251013	202510	2025	2025.7753	BUS	COMPANY						BUS			LAB	EMPLOYEE						LAB			1	046	046	04	1	7.0	5	1	5	1.2	1	Germany	GM	GM		51.5	10.5	GM	1	Germany	GM	GM		51.5	10.5	GM	1	Germany	GM	GM		51.5	10.5	GM	20251013181500	https://arstechnica.com/space/2025/10/one-of-spacexs-earliest-employees-is-going-to-space-via-blue-origin/
1268379388	20251013	202510	2025	2025.7753	BUS	SERVER						BUS			MIL	MILITARY						MIL			1	072	072	07	2	8.3	10	1	10	5.74162679425838	3	Coffee Lake, Washington, United States	US	USWA	WA025	47.8513	-119.025	1513277	3	Coffee Lake, Washington, United States	US	USWA		47.8513	-119.025	1513277	3	Coffee Lake, Washington, United States	US	USWA		47.8513	-119.025	1513277	20251013181500	https://militaryembedded.com/avionics/computers/secure-processing-modular-vpx-servers-showcased-at-ausa-by-mercury
1268379389	20251013	202510	2025	2025.7753	BUS	INDUSTRY						BUS			MNCUSA	NVIDIA	USA					MNC			1	030	030	03	1	4.0	10	1	10	4.00763358778626	1	Taiwan	TW	TW		24	121	TW	1	Taiwan	TW	TW		24	121	TW	1	Taiwan	TW	TW		24	121	TW	20251013181500	https://www.hpcwire.com/off-the-wire/nvidia-partners-drive-next-gen-efficient-gigawatt-ai-factories-in-buildup-for-vera-rubin/
1268379390	20251013	202510	2025	2025.7753	BUS	SERVER						BUS			MNCUSA	NVIDIA	USA					MNC			0	051	051	05	1	3.4	4	1	4	4.00763358778626	1	Taiwan	TW	TW		24	121	TW	1	Taiwan	TW	TW		24	121	TW	1	Taiwan	TW	TW		24	121	TW	20251013181500	https://www.hpcwire.com/off-the-wire/nvidia-partners-drive-next-gen-efficient-gigawatt-ai-factories-in-buildup-for-vera-rubin/
1268379391	20251013	202510	2025	2025.7753	BUS	SERVER						BUS			MNCUSA	NVIDIA	USA					MNC			0	051	051	05	1	3.4	2	1	2	4.00763358778626	2	Texas, United States	US	USTX		31.106	-97.6475	TX	2	Texas, United States	US	USTX		31.106	-97.6475	TX	1	Taiwan	TW	TW		24	121	TW	20251013181500	https://www.hpcwire.com/off-the-wire/nvidia-partners-drive-next-gen-efficient-gigawatt-ai-factories-in-buildup-for-vera-rubin/
1268379392	20251013	202510	2025	2025.7753	BUS	SERVER						BUS			MNCUSA	NVIDIA	USA					MNC			0	051	051	05	1	3.4	4	1	4	4.00763358778626	2	Texas, United States	US	USTX		31.106	-97.6475	TX	2	Texas, United States	US	USTX		31.106	-97.6475	TX	2	Texas, United States	US	USTX		31.106	-97.6475	TX	20251013181500	https://www.hpcwire.com/off-the-wire/nvidia-partners-drive-next-gen-efficient-gigawatt-ai-factories-in-buildup-for-vera-rubin/
1268379393	20251013	202510	2025	2025.7753	BUS	COMPANY						BUS			NLD	NIJMEGEN	NLD								1	043	043	04	1	2.8	3	1	3	-3.62473347547974	4	Amsterdam, Noord-Holland, Netherlands	NL	NL07	22373	52.35	4.91667	-2140479	4	Amsterdam, Noord-Holland, Netherlands	NL	NL07	22373	52.35	4.91667	-2140479	4	Amsterdam, Noord-Holland, Netherlands	NL	NL07	22373	52.35	4.91667	-2140479	20251013181500	https://www.livemint.com/companies/news/dutch-government-takes-charge-of-chinese-owned-chipmaker-nexperia-parent-firms-shares-drop-10-in-shanghai-11760373107987.html
1268379394	20251013	202510	2025	2025.7753	BUS	INDUSTRY						BUS			USA	THE US	USA								1	013	013	01	1	0.4	4	1	4	5.12820512820513	1	New Zealand	NZ	NZ		-42	174	NZ	1	New Zealand	NZ	NZ		-42	174	NZ	1	New Zealand	NZ	NZ		-42	174	NZ	20251013181500	https://www.nbr.co.nz/rich-list-2025/featured-rich-listers-marris-family/
1268379395	20251013	202510	2025	2025.7753	BUS	COMPANY						BUS			USA	UNITED STATES	USA								1	020	020	02	1	3.0	4	1	4	-0.838926174496646	3	Lutak Inlet, Alaska, United States	US	USAK	AK100	59.3028	-135.501	1423480	3	Lutak Inlet, Alaska, United States	US	USAK		59.3028	-135.501	1423480	3	Lutak Inlet, Alaska, United States	US	USAK		59.3028	-135.501	1423480	20251013181500	https://alaskapublic.org/about/alaska-public-media-events/2025-10-13/timber-company-re-applies-to-store-logs-in-lutak-inlet-after-surveying-sea-floor
1268379396	20251013	202510	2025	2025.7753	BUS	CORPORATION						BUS			USAELIBUS	GEORGE SOROS	USA					ELI	BUS		1	071	071	07	2	7.4	10	1	10	-1.08481262327416	1	United States	US	US		39.828175	-98.5795	US	1	United States	US	US		39.828175	-98.5795	US	1	United States	US	US		39.828175	-98.5795	US	20251013181500	https://www.baltimoresun.com/2025/10/13/misinformation-media/
1268379397	20251013	202510	2025	2025.7753	BUS	CORPORATION						BUS			USAMIL	UNITED STATES	USA					MIL			1	051	051	05	1	3.4	10	1	10	0	1	Canada	CA	CA		60	-96	CA	1	Canada	CA	CA		60	-96	CA	1	Canada	CA	CA		60	-96	CA	20251013181500	https://www.marketscreener.com/news/bell-textron-selects-curtiss-wright-corporation-to-provide-encrypted-flight-recorders-for-mv-75-long-ce7d5ad8d08df324
1268379398	20251013	202510	2025	2025.7753	BUSLEG	COMPANY						BUS	LEG		GOV	PRESIDENT						GOV			1	046	046	04	1	7.0	10	1	10	1.67785234899329	4	Kelani Valley, Central, Sri Lanka	CE	CE29	25845	6.9237	80.4477	10884854	4	Kelani Valley, Central, Sri Lanka	CE	CE29	25845	6.9237	80.4477	10884854	4	Kelani Valley, Central, Sri Lanka	CE	CE29	25845	6.9237	80.4477	10884854	20251013181500	https://srilankamirror.com/news/special-discussion-on-increasing-estate-workers-wages/
1268379399	20251013	202510	2025	2025.7753	CAN	CANADA	CAN																		1	013	013	01	1	0.4	4	1	4	4.78170478170478	4	Stockholm, Stockholm, Sweden	SW	SW26	26170	59.3333	18.05	-2524279	0								4	Stockholm, Stockholm, Sweden	SW	SW26	26170	59.3333	18.05	-2524279	20251013181500	https://www.cjme.com/2025/10/13/dream-of-a-lifetime-canadian-economist-peter-howitt-among-nobel-winners-in-economics/
1268379400	20251013	202510	2025	2025.7753	CAN	CANADA	CAN																		0	045	045	04	1	5.0	4	1	4	-1.46036161335188	1	Canada	CA	CA		60	-96	CA	0								1	Canada	CA	CA		60	-96	CA	20251013181500	https://www.cbc.ca/news/world/livestory/trump-mediators-sign-gaza-peace-deal-as-world-leaders-including-carney-attend-egypt-summit-9.6936751
1268379401	20251013	202510	2025	2025.7753	CAN	CANADA	CAN																		0	046	046	04	1	7.0	2	1	2	-1.46036161335188	1	Canada	CA	CA		60	-96	CA	0								4	Gaza, Israel (general), Israel	IS	IS00	18315	31.4167	34.3333	-797156	20251013181500	https://www.cbc.ca/news/world/livestory/trump-mediators-sign-gaza-peace-deal-as-world-leaders-including-carney-attend-egypt-summit-9.6936751
1268379402	20251013	202510	2025	2025.7753	CAN	CANADA	CAN								EGY	EGYPT	EGY								1	040	040	04	1	1.0	2	1	2	-1.46036161335188	4	Gaza, Israel (general), Israel	IS	IS00	18315	31.4167	34.3333	-797156	4	Gaza, Israel (general), Israel	IS	IS00	18315	31.4167	34.3333	-797156	4	Gaza, Israel (general), Israel	IS	IS00	18315	31.4167	34.3333	-797156	20251013181500	https://www.cbc.ca/news/world/livestory/trump-mediators-sign-gaza-peace-deal-as-world-leaders-including-carney-attend-egypt-summit-9.6936751
1268379403	20251013	202510	2025	2025.7753	CAN	CANADA	CAN								FRA	FRANCE	FRA								1	051	051	05	1	3.4	1	1	1	2.65577119509704	4	Toronto, Ontario, Canada	CA	CA08	12686	43.6667	-79.4167	-574890	1	Belgium	BE	BE		50.833333	4	BE	4	Toronto, Ontario, Canada	CA	CA08	12686	43.6667	-79.4167	-574890	20251013181500	http://www.saltlakecitysun.com/news/278634561/chase-buchanan-forges-ahead-with-expansions-in-canada-france-and-portugal
1268379404	20251013	202510	2025	2025.7753	CAN	CANADA	CAN								FRA	FRANCE	FRA								1	051	051	05	1	3.4	1	1	1	2.65577119509704	1	Belgium	BE	BE		50.833333	4	BE	1	Cyprus	CY	CY		35	33	CY	1	Belgium	BE	BE		50.833333	4	BE	20251013181500	http://www.saltlakecitysun.com/news/278634561/chase-buchanan-forges-ahead-with-expansions-in-canada-france-and-portugal
1268379405	20251013	202510	2025	2025.7753	CAN	CANADA	CAN								ISR	ISRAEL	ISR								0	043	043	04	1	2.8	2	1	2	-1.46036161335188	1	Canada	CA	CA		60	-96	CA	4	Gaza, Israel (general), Israel	IS	IS00	18315	31.4167	34.3333	-797156	4	Gaza, Israel (general), Israel	IS	IS00	18315	31.4167	34.3333	-797156	20251013181500	https://www.cbc.ca/news/world/livestory/trump-mediators-sign-gaza-peace-deal-as-world-leaders-including-carney-attend-egypt-summit-9.6936751
1268379406	20251013	202510	2025	2025.7753	CAN	CANADA	CAN								ISR	ISRAEL	ISR								0	043	043	04	1	2.8	2	1	2	-1.46036161335188	1	Canada	CA	CA		60	-96	CA	1	Canada	CA	CA		60	-96	CA	1	Canada	CA	CA		60	-96	CA	20251013181500	https://www.cbc.ca/news/world/livestory/trump-mediators-sign-gaza-peace-deal-as-world-leaders-including-carney-attend-egypt-summit-9.6936751
1268379407	20251013	202510	2025	2025.7753	CAN	CANADA	CAN								PSE	GAZA	PSE								0	0871	087	08	2	9.0	2	1	2	-1.46036161335188	4	Gaza, Israel (general), Israel	IS	IS00	18315	31.4167	34.3333	-797156	4	Gaza, Israel (general), Israel	IS	IS00	18315	31.4167	34.3333	-797156	4	Gaza, Israel (general), Israel	IS	IS00	18315	31.4167	34.3333	-797156	20251013181500	https://www.cbc.ca/news/world/livestory/trump-mediators-sign-gaza-peace-deal-as-world-leaders-including-carney-attend-egypt-summit-9.6936751
1268379408	20251013	202510	2025	2025.7753	CAN	CANADA	CAN								PSE	GAZA	PSE								0	0871	087	08	2	9.0	2	1	2	-1.46036161335188	1	Canada	CA	CA		60	-96	CA	1	Canada	CA	CA		60	-96	CA	1	Canada	CA	CA		60	-96	CA	20251013181500	https://www.cbc.ca/news/world/livestory/trump-mediators-sign-gaza-peace-deal-as-world-leaders-including-carney-attend-egypt-summit-9.6936751
1268379409	20251013	202510	2025	2025.7753	CANEDU	MCGILL	CAN					EDU			JUD	PROSECUTOR						JUD			0	043	043	04	1	2.8	10	1	10	-9.77060322854715	0								0								0								20251013181500	https://www.thejournal.ie/tom-niland-death-courts-6843452-Oct2025/
1268379410	20251013	202510	2025	2025.7753	CANGOV	CANADA	CAN					GOV													1	051	051	05	1	3.4	1	1	1	-1.46036161335188	1	Canada	CA	CA		60	-96	CA	0								1	Canada	CA	CA		60	-96	CA	20251013181500	https://www.cbc.ca/news/world/livestory/trump-mediators-sign-gaza-peace-deal-as-world-leaders-including-carney-attend-egypt-summit-9.6936751
1268379411	20251013	202510	2025	2025.7753	CANGOV	CANADA	CAN					GOV			CAN	CANADA	CAN								1	051	051	05	1	3.4	1	1	1	-1.46036161335188	4	Gaza, Israel (general), Israel	IS	IS00	18315	31.4167	34.3333	-797156	4	Gaza, Israel (general), Israel	IS	IS00	18315	31.4167	34.3333	-797156	4	Gaza, Israel (general), Israel	IS	IS00	18315	31.4167	34.3333	-797156	20251013181500	https://www.cbc.ca/news/world/livestory/trump-mediators-sign-gaza-peace-deal-as-world-leaders-including-carney-attend-egypt-summit-9.6936751
1268379412	20251013	202510	2025	2025.7753	CHE	SWITZER	CHE																		1	190	190	19	4	-10.0	10	1	10	-6.01503759398496	0								0								0								20251013181500	https://www.latimes.com/california/story/2025-10-13/torrance-school-stabbing
1268379413	20251013	202510	2025	2025.7753	CHN	CHINA	CHN																		1	040	040	04	1	1.0	1	1	1	4.53514739229025	4	Beijing, Beijing, China	CH	CH22	13001	39.9289	116.388	-1898541	0								1	Sri Lanka	CE	CE		7	81	CE	20251013181500	https://srilankamirror.com/news/sc-rules-police-violated-fr-of-bus-owner-by-unlawful-arrest/
1268379414	20251013	202510	2025	2025.7753	CHN	CHINA	CHN																		1	040	040	04	1	1.0	1	1	1	4.53514739229025	1	Sri Lanka	CE	CE		7	81	CE	0								4	Beijing, Beijing, China	CH	CH22	13001	39.9289	116.388	-1898541	20251013181500	https://srilankamirror.com/news/sc-rules-police-violated-fr-of-bus-owner-by-unlawful-arrest/
1268379415	20251013	202510	2025	2025.7753	CHN	CHINESE	CHN																		0	042	042	04	1	1.9	2	1	2	2.73109243697479	4	Beijing, Beijing, China	CH	CH22	13001	39.9289	116.388	-1898541	0								4	Shanghai, Shanghai, China	CH	CH23	13243	31.2222	121.458	-1924465	20251013181500	https://www.globaltimes.cn/page/202510/1345562.shtml
1268379416	20251013	202510	2025	2025.7753	CHN	CHINESE	CHN																		1	042	042	04	1	1.9	4	1	4	4.9438202247191	4	Beijing, Beijing, China	CH	CH22	13001	39.9289	116.388	-1898541	0								1	Solomon Islands	BP	BP		-8	159	BP	20251013181500	https://www.globaltimes.cn/page/202510/1345542.shtml
1268379417	20251013	202510	2025	2025.7753	CHN	CHINA	CHN																		1	043	043	04	1	2.8	1	1	1	-0.48543689320389	1	China	CH	CH		35	105	CH	0								2	California, United States	US	USCA		36.17	-119.746	CA	20251013181500	https://sundial.csun.edu/198429/news/the-man-behind-the-masterpiece-david-obsts-imprint-on-history/
1268379418	20251013	202510	2025	2025.7753	CHN	CHINA	CHN																		0	173	173	17	4	-5.0	2	1	2	-2.62857142857143	4	Weidong, Anhui, China	CH	CH01	12997	31.2036	118.82	10541761	0								4	Weidong, Anhui, China	CH	CH01	12997	31.2036	118.82	10541761	20251013181500	https://www.thestar.com.my/aseanplus/aseanplus-news/2025/10/13/as-fourth-plenum-looms-china-braces-for-a-major-central-committee-shake-up
1268379419	20251013	202510	2025	2025.7753	CHN	CHINA	CHN								AFG	AFGHANISTAN	AFG								1	010	010	01	1	0.0	1	1	1	-6.94444444444444	4	Lin Jian, Shanghai, China	CH	CH23	13243	30.9348	121.026	10861193	4	Islamabad, Islamabad, Pakistan	PK	PK08	23674	33.7	73.1667	-2762812	4	Kabul, Kabol, Afghanistan	AF	AF13	3580	34.5167	69.1833	-3378435	20251013181500	https://www.thehindu.com/news/international/china-calls-on-pakistan-and-afghanistan-to-end-conflict-address-mutual-concerns-through-dialogue/article70159341.ece
1268379420	20251013	202510	2025	2025.7753	CHN	CHINA	CHN								AFG	AFGHANISTAN	AFG								1	010	010	01	1	0.0	4	1	4	-6.94444444444444	4	Lin Jian, Shanghai, China	CH	CH23	13243	30.9348	121.026	10861193	4	Kabul, Kabol, Afghanistan	AF	AF13	3580	34.5167	69.1833	-3378435	4	Kabul, Kabol, Afghanistan	AF	AF13	3580	34.5167	69.1833	-3378435	20251013181500	https://www.thehindu.com/news/international/china-calls-on-pakistan-and-afghanistan-to-end-conflict-address-mutual-concerns-through-dialogue/article70159341.ece
1268379421	20251013	202510	2025	2025.7753	CHN	CHINA	CHN								AFG	AFGHANISTAN	AFG								1	100	100	10	3	-5.0	2	1	2	-6.94444444444444	4	Lin Jian, Shanghai, China	CH	CH23	13243	30.9348	121.026	10861193	4	Islamabad, Islamabad, Pakistan	PK	PK08	23674	33.7	73.1667	-2762812	4	Lin Jian, Shanghai, China	CH	CH23	13243	30.9348	121.026	10861193	20251013181500	https://www.thehindu.com/news/international/china-calls-on-pakistan-and-afghanistan-to-end-conflict-address-mutual-concerns-through-dialogue/article70159341.ece
1268379422	20251013	202510	2025	2025.7753	CHN	CHINA	CHN								AFG	AFGHANISTAN	AFG								1	100	100	10	3	-5.0	8	1	8	-6.94444444444444	4	Lin Jian, Shanghai, China	CH	CH23	13243	30.9348	121.026	10861193	4	Kabul, Kabol, Afghanistan	AF	AF13	3580	34.5167	69.1833	-3378435	4	Lin Jian, Shanghai, China	CH	CH23	13243	30.9348	121.026	10861193	20251013181500	https://www.thehindu.com/news/international/china-calls-on-pakistan-and-afghanistan-to-end-conflict-address-mutual-concerns-through-dialogue/article70159341.ece
1268379423	20251013	202510	2025	2025.7753	CHN	CHINA	CHN								BUS	INDUSTRY						BUS			1	051	051	05	1	3.4	10	1	10	4.90196078431372	4	Lecheng, Hainan, China	CH	CH31	13072	19.1425	110.519	133152	4	Lecheng, Hainan, China	CH	CH31	13072	19.1425	110.519	133152	4	Lecheng, Hainan, China	CH	CH31	13072	19.1425	110.519	133152	20251013181500	https://www.globaltimes.cn/page/202510/1345548.shtml
1268379424	20251013	202510	2025	2025.7753	CHN	CHINA	CHN								BUS	BANK						BUS			1	090	090	09	2	-2.0	2	1	2	-8.81458966565347	4	Weihai, Shandong, China	CH	CH25	13327	37.5017	122.114	-1930256	4	Weihai, Shandong, China	CH	CH25	13327	37.5017	122.114	-1930256	4	Weihai, Shandong, China	CH	CH25	13327	37.5017	122.114	-1930256	20251013181500	https://allafrica.com/stories/202510130530.html
1268379425	20251013	202510	2025	2025.7753	CHN	CHINESE	CHN								BUS	COMPANY						BUS			1	192	192	19	4	-9.5	1	1	1	-3.62473347547974	4	Shanghai, Shanghai, China	CH	CH23	13243	31.2222	121.458	-1924465	4	Shanghai, Shanghai, China	CH	CH23	13243	31.2222	121.458	-1924465	4	Amsterdam, Noord-Holland, Netherlands	NL	NL07	22373	52.35	4.91667	-2140479	20251013181500	https://www.livemint.com/companies/news/dutch-government-takes-charge-of-chinese-owned-chipmaker-nexperia-parent-firms-shares-drop-10-in-shanghai-11760373107987.html
1268379426	20251013	202510	2025	2025.7753	CHN	CHINESE	CHN								BUS	COMPANY						BUS			1	192	192	19	4	-9.5	1	1	1	-3.62473347547974	4	Shanghai, Shanghai, China	CH	CH23	13243	31.2222	121.458	-1924465	4	Amsterdam, Noord-Holland, Netherlands	NL	NL07	22373	52.35	4.91667	-2140479	4	Amsterdam, Noord-Holland, Netherlands	NL	NL07	22373	52.35	4.91667	-2140479	20251013181500	https://www.livemint.com/companies/news/dutch-government-takes-charge-of-chinese-owned-chipmaker-nexperia-parent-firms-shares-drop-10-in-shanghai-11760373107987.html
1268379427	20251013	202510	2025	2025.7753	CHN	CHINA	CHN								CHNELI	CHINA	CHN					ELI			0	128	128	12	3	-5.0	1	1	1	-2.62857142857143	5	Inner Mongolia, Nei Mongol, China	CH	CH20	13198	44	112	-1920094	5	Inner Mongolia, Nei Mongol, China	CH	CH20	13198	44	112	-1920094	5	Inner Mongolia, Nei Mongol, China	CH	CH20	13198	44	112	-1920094	20251013181500	https://www.thestar.com.my/aseanplus/aseanplus-news/2025/10/13/as-fourth-plenum-looms-china-braces-for-a-major-central-committee-shake-up
1268379428	20251013	202510	2025	2025.7753	CHN	CHINA	CHN								CHNELI	CHINA	CHN					ELI			0	128	128	12	3	-5.0	1	1	1	-2.62857142857143	4	Qin Gang, Anhui, China	CH	CH01	13144	32.5294	118.598	-3805099	5	Inner Mongolia, Nei Mongol, China	CH	CH20	13198	44	112	-1920094	5	Inner Mongolia, Nei Mongol, China	CH	CH20	13198	44	112	-1920094	20251013181500	https://www.thestar.com.my/aseanplus/aseanplus-news/2025/10/13/as-fourth-plenum-looms-china-braces-for-a-major-central-committee-shake-up
1268379429	20251013	202510	2025	2025.7753	CHN	CHINA	CHN								CHNGOV	CHINA	CHN					GOV			0	012	012	01	1	-0.4	2	1	2	-5.10510510510511	4	Beijing, Beijing, China	CH	CH22	13001	39.9289	116.388	-1898541	4	Beijing, Beijing, China	CH	CH22	13001	39.9289	116.388	-1898541	4	Highbridge, Somerset, United Kingdom	UK	UKM3	40129	51.2167	-2.98333	-2598645	20251013181500	https://www.burnhamandhighbridgeweeklynews.co.uk/news/national/25540176.china-poses-series-threats-national-security-uk-government-says/
1268379430	20251013	202510	2025	2025.7753	CHN	CHINA	CHN								CHNGOV	CHINA	CHN					GOV			0	012	012	01	1	-0.4	18	9	18	-5.14372163388805	4	Beijing, Beijing, China	CH	CH22	13001	39.9289	116.388	-1898541	4	Beijing, Beijing, China	CH	CH22	13001	39.9289	116.388	-1898541	1	United Kingdom	UK	UK		54	-4	UK	20251013181500	https://www.newsandstar.co.uk/news/national/25540176.china-poses-series-threats-national-security-uk-government-says/
1268379431	20251013	202510	2025	2025.7753	CHN	CHINESE	CHN								CHNGOV	CHINESE	CHN					GOV			1	042	042	04	1	1.9	6	1	6	4.9438202247191	4	Beijing, Beijing, China	CH	CH22	13001	39.9289	116.388	-1898541	4	Beijing, Beijing, China	CH	CH22	13001	39.9289	116.388	-1898541	1	Solomon Islands	BP	BP		-8	159	BP	20251013181500	https://www.globaltimes.cn/page/202510/1345542.shtml
1268379432	20251013	202510	2025	2025.7753	CHN	CHINA	CHN								CHNGOV	CHINA	CHN					GOV			0	112	112	11	3	-2.0	20	10	20	-5.13985998100975	4	Beijing, Beijing, China	CH	CH22	13001	39.9289	116.388	-1898541	4	Beijing, Beijing, China	CH	CH22	13001	39.9289	116.388	-1898541	4	Beijing, Beijing, China	CH	CH22	13001	39.9289	116.388	-1898541	20251013181500	https://www.newsandstar.co.uk/news/national/25540176.china-poses-series-threats-national-security-uk-government-says/
1268379433	20251013	202510	2025	2025.7753	CHN	CHINA	CHN								EDU	PROFESSOR						EDU			0	050	050	05	1	3.5	2	1	2	4.97512437810945	4	Chen Wei, Guangdong, China	CH	CH30	13043	23.7837	113.661	10467813	4	Jilin, Jilin, China	CH	CH05	13169	43.8508	126.56	-1912247	4	Chen Wei, Guangdong, China	CH	CH30	13043	23.7837	113.661	10467813	20251013181500	https://www.globaltimes.cn/page/202510/1345563.shtml
1268379434	20251013	202510	2025	2025.7753	CHN	CHINA	CHN								EDU	UNIVERSITY						EDU			0	050	050	05	1	3.5	1	1	1	4.97512437810945	4	Chen Wei, Guangdong, China	CH	CH30	13043	23.7837	113.661	10467813	4	Chen Wei, Guangdong, China	CH	CH30	13043	23.7837	113.661	10467813	4	Seoul, Soul-t'ukpyolsi, South Korea	KS	KS11	24984	37.5664	127	-716583	20251013181500	https://www.globaltimes.cn/page/202510/1345563.shtml
1268379435	20251013	202510	2025	2025.7753	CHN	CHINA	CHN								EDU	PROFESSOR						EDU			0	050	050	05	1	3.5	1	1	1	4.97512437810945	4	Chen Wei, Guangdong, China	CH	CH30	13043	23.7837	113.661	10467813	4	Chen Wei, Guangdong, China	CH	CH30	13043	23.7837	113.661	10467813	4	Chen Wei, Guangdong, China	CH	CH30	13043	23.7837	113.661	10467813	20251013181500	https://www.globaltimes.cn/page/202510/1345563.shtml
1268379436	20251013	202510	2025	2025.7753	CHN	CHINA	CHN								EDU	UNIVERSITY						EDU			0	141	141	14	3	-6.5	10	1	10	4.9438202247191	4	Beijing, Beijing, China	CH	CH22	13001	39.9289	116.388	-1898541	4	Beijing, Beijing, China	CH	CH22	13001	39.9289	116.388	-1898541	4	Beijing, Beijing, China	CH	CH22	13001	39.9289	116.388	-1898541	20251013181500	https://www.globaltimes.cn/page/202510/1345542.shtml
1268379437	20251013	202510	2025	2025.7753	CHN	CHINA	CHN								GOV	MINIST						GOV			0	012	012	01	1	-0.4	80	10	80	-5.13985998100975	4	Beijing, Beijing, China	CH	CH22	13001	39.9289	116.388	-1898541	4	Beijing, Beijing, China	CH	CH22	13001	39.9289	116.388	-1898541	4	Beijing, Beijing, China	CH	CH22	13001	39.9289	116.388	-1898541	20251013181500	https://www.newsandstar.co.uk/news/national/25540176.china-poses-series-threats-national-security-uk-government-says/
1268379438	20251013	202510	2025	2025.7753	CHN	CHINA	CHN								KOR	SOUTH KOREA	KOR								0	020	020	02	1	3.0	3	1	3	4.97512437810945	4	Seoul, Soul-t'ukpyolsi, South Korea	KS	KS11	24984	37.5664	127	-716583	4	Seoul, Soul-t'ukpyolsi, South Korea	KS	KS11	24984	37.5664	127	-716583	4	Seoul, Soul-t'ukpyolsi, South Korea	KS	KS11	24984	37.5664	127	-716583	20251013181500	https://www.globaltimes.cn/page/202510/1345563.shtml
1268379439	20251013	202510	2025	2025.7753	CHN	CHINA	CHN								KOR	SOUTH KOREA	KOR								0	020	020	02	1	3.0	4	1	4	4.97512437810945	4	Chen Wei, Guangdong, China	CH	CH30	13043	23.7837	113.661	10467813	4	Seoul, Soul-t'ukpyolsi, South Korea	KS	KS11	24984	37.5664	127	-716583	4	Seoul, Soul-t'ukpyolsi, South Korea	KS	KS11	24984	37.5664	127	-716583	20251013181500	https://www.globaltimes.cn/page/202510/1345563.shtml
1268379440	20251013	202510	2025	2025.7753	CHN	CHINA	CHN								KOR	SOUTH KOREA	KOR								0	020	020	02	1	3.0	1	1	1	4.97512437810945	4	Chen Wei, Guangdong, China	CH	CH30	13043	23.7837	113.661	10467813	4	Chen Wei, Guangdong, China	CH	CH30	13043	23.7837	113.661	10467813	4	Seoul, Soul-t'ukpyolsi, South Korea	KS	KS11	24984	37.5664	127	-716583	20251013181500	https://www.globaltimes.cn/page/202510/1345563.shtml
1268379441	20251013	202510	2025	2025.7753	CHN	CHINA	CHN								KOR	SOUTH KOREA	KOR								0	020	020	02	1	3.0	2	1	2	4.97512437810945	4	Chen Wei, Guangdong, China	CH	CH30	13043	23.7837	113.661	10467813	4	Chen Wei, Guangdong, China	CH	CH30	13043	23.7837	113.661	10467813	4	Chen Wei, Guangdong, China	CH	CH30	13043	23.7837	113.661	10467813	20251013181500	https://www.globaltimes.cn/page/202510/1345563.shtml
1268379442	20251013	202510	2025	2025.7753	CHN	CHINA	CHN								KOR	SOUTH KOREA	KOR								1	042	042	04	1	1.9	1	1	1	4.97512437810945	4	Seoul, Soul-t'ukpyolsi, South Korea	KS	KS11	24984	37.5664	127	-716583	4	Seoul, Soul-t'ukpyolsi, South Korea	KS	KS11	24984	37.5664	127	-716583	4	Seoul, Soul-t'ukpyolsi, South Korea	KS	KS11	24984	37.5664	127	-716583	20251013181500	https://www.globaltimes.cn/page/202510/1345563.shtml
1268379443	20251013	202510	2025	2025.7753	CHN	CHINA	CHN								KOR	REPUBLIC OF KOREA	KOR								1	042	042	04	1	1.9	2	1	2	4.97512437810945	4	Chen Wei, Guangdong, China	CH	CH30	13043	23.7837	113.661	10467813	4	Chen Wei, Guangdong, China	CH	CH30	13043	23.7837	113.661	10467813	4	Seoul, Soul-t'ukpyolsi, South Korea	KS	KS11	24984	37.5664	127	-716583	20251013181500	https://www.globaltimes.cn/page/202510/1345563.shtml
1268379444	20251013	202510	2025	2025.7753	CHN	CHINESE	CHN								KOR	SOUTH KOREA	KOR								1	043	043	04	1	2.8	1	1	1	4.97512437810945	4	Chen Wei, Guangdong, China	CH	CH30	13043	23.7837	113.661	10467813	4	Seoul, Soul-t'ukpyolsi, South Korea	KS	KS11	24984	37.5664	127	-716583	4	Seoul, Soul-t'ukpyolsi, South Korea	KS	KS11	24984	37.5664	127	-716583	20251013181500	https://www.globaltimes.cn/page/202510/1345563.shtml
1268379445	20251013	202510	2025	2025.7753	CHN	CHINA	CHN								KOR	REPUBLIC OF KOREA	KOR								1	043	043	04	1	2.8	2	1	2	4.97512437810945	4	Chen Wei, Guangdong, China	CH	CH30	13043	23.7837	113.661	10467813	4	Chen Wei, Guangdong, China	CH	CH30	13043	23.7837	113.661	10467813	4	Seoul, Soul-t'ukpyolsi, South Korea	KS	KS11	24984	37.5664	127	-716583	20251013181500	https://www.globaltimes.cn/page/202510/1345563.shtml
1268379446	20251013	202510	2025	2025.7753	CHN	CHINESE	CHN								LEG	REPRESENTATIVES						LEG			1	045	045	04	1	5.0	1	1	1	4.97512437810945	4	Seoul, Soul-t'ukpyolsi, South Korea	KS	KS11	24984	37.5664	127	-716583	4	Seoul, Soul-t'ukpyolsi, South Korea	KS	KS11	24984	37.5664	127	-716583	4	Chen Wei, Guangdong, China	CH	CH30	13043	23.7837	113.661	10467813	20251013181500	https://www.globaltimes.cn/page/202510/1345563.shtml
1268379447	20251013	202510	2025	2025.7753	CHN	CHINESE	CHN								LEG	REPRESENTATIVES						LEG			1	045	045	04	1	5.0	1	1	1	4.97512437810945	4	Chen Wei, Guangdong, China	CH	CH30	13043	23.7837	113.661	10467813	4	Chen Wei, Guangdong, China	CH	CH30	13043	23.7837	113.661	10467813	4	Chen Wei, Guangdong, China	CH	CH30	13043	23.7837	113.661	10467813	20251013181500	https://www.globaltimes.cn/page/202510/1345563.shtml
1268379448	20251013	202510	2025	2025.7753	CHN	CHINA	CHN								LKA	SRI LANKA	LKA								0	040	040	04	1	1.0	2	1	2	4.53514739229025	4	Beijing, Beijing, China	CH	CH22	13001	39.9289	116.388	-1898541	1	Sri Lanka	CE	CE		7	81	CE	4	Beijing, Beijing, China	CH	CH22	13001	39.9289	116.388	-1898541	20251013181500	https://srilankamirror.com/news/sc-rules-police-violated-fr-of-bus-owner-by-unlawful-arrest/
1268379449	20251013	202510	2025	2025.7753	CHN	CHINA	CHN								LKA	SRI LANKAN	LKA								1	040	040	04	1	1.0	2	1	2	4.53514739229025	1	Sri Lanka	CE	CE		7	81	CE	4	Beijing, Beijing, China	CH	CH22	13001	39.9289	116.388	-1898541	4	Beijing, Beijing, China	CH	CH22	13001	39.9289	116.388	-1898541	20251013181500	https://srilankamirror.com/news/sc-rules-police-violated-fr-of-bus-owner-by-unlawful-arrest/
1268379450	20251013	202510	2025	2025.7753	CHN	CHINA	CHN								LKA	SRI LANKAN	LKA								1	043	043	04	1	2.8	4	1	4	4.53514739229025	4	Beijing, Beijing, China	CH	CH22	13001	39.9289	116.388	-1898541	1	Sri Lanka	CE	CE		7	81	CE	4	Beijing, Beijing, China	CH	CH22	13001	39.9289	116.388	-1898541	20251013181500	https://srilankamirror.com/news/sc-rules-police-violated-fr-of-bus-owner-by-unlawful-arrest/
1268379451	20251013	202510	2025	2025.7753	CHN	BEIJING	CHN								LKAGOV	SRI LANKAN	LKA					GOV			1	043	043	04	1	2.8	6	1	6	4.53514739229025	4	Beijing, Beijing, China	CH	CH22	13001	39.9289	116.388	-1898541	1	Sri Lanka	CE	CE		7	81	CE	4	Beijing, Beijing, China	CH	CH22	13001	39.9289	116.388	-1898541	20251013181500	https://srilankamirror.com/news/sc-rules-police-violated-fr-of-bus-owner-by-unlawful-arrest/
1268379452	20251013	202510	2025	2025.7753	CHNBUS	CHINESE	CHN					BUS			BUS	COMPANY						BUS			1	192	192	19	4	-9.5	6	1	6	-3.62473347547974	4	Shanghai, Shanghai, China	CH	CH23	13243	31.2222	121.458	-1924465	4	Amsterdam, Noord-Holland, Netherlands	NL	NL07	22373	52.35	4.91667	-2140479	4	Amsterdam, Noord-Holland, Netherlands	NL	NL07	22373	52.35	4.91667	-2140479	20251013181500	https://www.livemint.com/companies/news/dutch-government-takes-charge-of-chinese-owned-chipmaker-nexperia-parent-firms-shares-drop-10-in-shanghai-11760373107987.html
1268379453	20251013	202510	2025	2025.7753	CHNBUS	CHINESE	CHN					BUS			GOV	COMMERCE DEPARTMENT						GOV			1	020	020	02	1	3.0	10	1	10	-0.390625	2	Arkansas, United States	US	USAR		34.9513	-92.3809	AR	2	Arkansas, United States	US	USAR		34.9513	-92.3809	AR	2	Arkansas, United States	US	USAR		34.9513	-92.3809	AR	20251013181500	https://www.fool.com/investing/2025/10/13/heres-how-china-sent-shares-of-standard-lithium-su/
1268379454	20251013	202510	2025	2025.7753	CHNBUS	CHINESE	CHN					BUS			GOV	COMMERCE DEPARTMENT						GOV			1	061	061	06	2	6.4	8	1	8	-0.390625	1	China	CH	CH		35	105	CH	1	China	CH	CH		35	105	CH	1	China	CH	CH		35	105	CH	20251013181500	https://www.fool.com/investing/2025/10/13/heres-how-china-sent-shares-of-standard-lithium-su/
1268379455	20251013	202510	2025	2025.7753	CHNELI	CHINA	CHN					ELI													0	128	128	12	3	-5.0	5	1	5	-2.62857142857143	5	Inner Mongolia, Nei Mongol, China	CH	CH20	13198	44	112	-1920094	0								5	Inner Mongolia, Nei Mongol, China	CH	CH20	13198	44	112	-1920094	20251013181500	https://www.thestar.com.my/aseanplus/aseanplus-news/2025/10/13/as-fourth-plenum-looms-china-braces-for-a-major-central-committee-shake-up
1268379456	20251013	202510	2025	2025.7753	CHNELI	CHINA	CHN					ELI													0	128	128	12	3	-5.0	3	1	3	-2.62857142857143	1	Algeria	AG	AG		28	3	AG	0								1	Algeria	AG	AG		28	3	AG	20251013181500	https://www.thestar.com.my/aseanplus/aseanplus-news/2025/10/13/as-fourth-plenum-looms-china-braces-for-a-major-central-committee-shake-up
1268379457	20251013	202510	2025	2025.7753	CHNGOV	CHINESE	CHN					GOV			KOR	SOUTH KOREA	KOR								1	042	042	04	1	1.9	3	1	3	4.97512437810945	4	Seoul, Soul-t'ukpyolsi, South Korea	KS	KS11	24984	37.5664	127	-716583	4	Seoul, Soul-t'ukpyolsi, South Korea	KS	KS11	24984	37.5664	127	-716583	4	Seoul, Soul-t'ukpyolsi, South Korea	KS	KS11	24984	37.5664	127	-716583	20251013181500	https://www.globaltimes.cn/page/202510/1345563.shtml
1268379458	20251013	202510	2025	2025.7753	CHNGOV	CHINA	CHN					GOV			LKA	SRI LANKAN	LKA								1	040	040	04	1	1.0	1	1	1	4.53514739229025	4	Beijing, Beijing, China	CH	CH22	13001	39.9289	116.388	-1898541	4	Beijing, Beijing, China	CH	CH22	13001	39.9289	116.388	-1898541	4	Beijing, Beijing, China	CH	CH22	13001	39.9289	116.388	-1898541	20251013181500	https://srilankamirror.com/news/sc-rules-police-violated-fr-of-bus-owner-by-unlawful-arrest/
1268379459	20251013	202510	2025	2025.7753	CHR	CHRISTIAN				CHR					USA	UNITED STATES	USA								1	043	043	04	1	2.8	4	1	2	-4.58265139116203	2	New York, United States	US	USNY		42.1497	-74.9384	NY	3	Sun Valley, Idaho, United States	US	USID		43.6971	-114.352	398200	2	New York, United States	US	USNY		42.1497	-74.9384	NY	20251013181500	https://nypost.com/2025/10/13/entertainment/howard-stern-reveals-if-oprah-winfrey-is-still-his-enemy/
1268379460	20251013	202510	2025	2025.7753	CHRCTH	CATHOLIC				CHR	CTH				USA	UNITED STATES	USA								0	020	020	02	1	3.0	8	2	8	2.21327967806841	2	New York, United States	US	USNY		42.1497	-74.9384	NY	2	New York, United States	US	USNY		42.1497	-74.9384	NY	2	New York, United States	US	USNY		42.1497	-74.9384	NY	20251013181500	https://www.themorningsun.com/2025/10/13/diane-keaton-movies-where-to-watch/
1268379461	20251013	202510	2025	2025.7753	CHRCTH441	FRANCISCANS				CHR	CTH														0	013	013	01	1	0.4	6	1	6	-1.05124835742444	2	New York, United States	US	USNY		42.1497	-74.9384	NY	0								3	San Francisco, California, United States	US	USCA		37.7749	-122.419	277593	20251013181500	https://www.pressdemocrat.com/2025/10/10/marc-benioff-says-trump-should-send-guard-troops-to-san-francisco__trashed/
1268379462	20251013	202510	2025	2025.7753	CHRDOX301	ARMENIAN APOSTOLIC CHURCH				CHR	DOX				GOV	GOVERNMENT						GOV			0	190	190	19	4	-10.0	1	1	1	-5.4367201426025	4	Yerevan, Yerevan*, Armenia	AM	AM11	4936	40.1811	44.5136	-2325645	4	Yerevan, Yerevan*, Armenia	AM	AM11	4936	40.1811	44.5136	-2325645	4	Yerevan, Yerevan*, Armenia	AM	AM11	4936	40.1811	44.5136	-2325645	20251013181500	https://www.ncregister.com/news/armenia-at-a-crossroads
1268379463	20251013	202510	2025	2025.7753	CHRPRO214	LUTHERAN WORLD FEDERATION				CHR	PRO				NAM	NAMIBIA	NAM								0	071	071	07	2	7.4	5	1	5	-1.51187904967603	4	Windhoek, Khomas, Namibia	WA	WA21	22288	-22.57	17.0836	-2587496	4	Windhoek, Khomas, Namibia	WA	WA21	22288	-22.57	17.0836	-2587496	4	Windhoek, Khomas, Namibia	WA	WA21	22288	-22.57	17.0836	-2587496	20251013181500	https://allafrica.com/stories/202510130749.html
1268379464	20251013	202510	2025	2025.7753	COD	CONGOLESE	COD								RWA	RWANDAN	RWA								0	057	057	05	1	8.0	1	1	1	-2.53388332351208	1	Congo	CF	CF		-1	15	CF	1	Congo	CF	CF		-1	15	CF	1	Congo	CF	CF		-1	15	CF	20251013181500	https://www.winnipegfreepress.com/world/2025/10/13/fact-focus-with-a-truce-in-israel-trump-now-says-hes-ended-eight-wars-his-numbers-are-off
1268379465	20251013	202510	2025	2025.7753	COD	CONGOLESE	COD								RWA	RWANDAN	RWA								0	057	057	05	1	8.0	1	1	1	-2.5897586815774	1	Democratic Republic Of The Congo	CG	CG		0	25	CG	1	Democratic Republic Of The Congo	CG	CG		0	25	CG	1	Democratic Republic Of The Congo	CG	CG		0	25	CG	20251013181500	https://www.seattletimes.com/nation-world/fact-focus-with-a-truce-in-israel-trump-now-says-hes-ended-eight-wars-his-numbers-are-off/
1268379466	20251013	202510	2025	2025.7753	COD	CONGOLESE	COD								RWAGOV	RWANDAN	RWA					GOV			0	057	057	05	1	8.0	12	2	12	-2.56182100254474	1	Rwanda	RW	RW		-2	30	RW	1	Rwanda	RW	RW		-2	30	RW	1	Rwanda	RW	RW		-2	30	RW	20251013181500	https://www.seattletimes.com/nation-world/fact-focus-with-a-truce-in-israel-trump-now-says-hes-ended-eight-wars-his-numbers-are-off/
1268379467	20251013	202510	2025	2025.7753	COL	COLOMBIA	COL								CHL	CHILE	CHL								0	036	036	03	1	4.0	1	1	1	0	1	Chile	CI	CI		-30	-71	CI	1	Chile	CI	CI		-30	-71	CI	1	Chile	CI	CI		-30	-71	CI	20251013181500	https://www.androidauthority.com/vivo-x300-pro-launch-hands-on-3605823/
1268379468	20251013	202510	2025	2025.7753	COL	COLOMBIA	COL								CHL	CHILE	CHL								0	036	036	03	1	4.0	1	1	1	0	1	Chile	CI	CI		-30	-71	CI	1	Chile	CI	CI		-30	-71	CI	1	Mexico	MX	MX		23	-102	MX	20251013181500	https://www.androidauthority.com/vivo-x300-pro-launch-hands-on-3605823/
1268379469	20251013	202510	2025	2025.7753	COL	COLOMBIA	COL								CHL	CHILE	CHL								0	036	036	03	1	4.0	3	1	3	0	1	Colombia	CO	CO		4	-72	CO	1	Chile	CI	CI		-30	-71	CI	1	Chile	CI	CI		-30	-71	CI	20251013181500	https://www.androidauthority.com/vivo-x300-pro-launch-hands-on-3605823/
1268379470	20251013	202510	2025	2025.7753	COP	POLICE OFFICER						COP													0	010	010	01	1	0.0	1	1	1	-0.17543859649123	3	Boulder, Colorado, United States	US	USCO	CO013	40.015	-105.271	178680	0								3	Jamestown, Colorado, United States	US	USCO	CO013	40.1155	-105.389	204677	20251013181500	https://www.timescall.com/2025/10/13/police-officer-deputy-salary-boulder-county/
1268379471	20251013	202510	2025	2025.7753	COP	POLICE						COP													0	010	010	01	1	0.0	10	1	10	-4.16666666666667	3	Boston, Massachusetts, United States	US	USMA	MA025	42.3584	-71.0598	617565	0								3	Boston, Massachusetts, United States	US	USMA	MA025	42.3584	-71.0598	617565	20251013181500	https://www.newsweek.com/two-dead-after-small-plane-crash-in-massachusetts-reports-10871133
1268379472	20251013	202510	2025	2025.7753	COP	POLICE						COP													1	010	010	01	1	0.0	3	1	3	-4.69208211143695	2	Arizona, United States	US	USAZ		33.7712	-111.388	AZ	0								2	Arizona, United States	US	USAZ		33.7712	-111.388	AZ	20251013181500	https://www.12news.com/article/news/crime/1-dead-peoria-shooting/75-acb8ff84-e363-45f5-b3bb-c897562502a3
1268379473	20251013	202510	2025	2025.7753	COP	POLICE						COP													1	012	012	01	1	-0.4	3	1	3	-5.85106382978723	4	Islamabad, Islamabad, Pakistan	PK	PK08	23674	33.7	73.1667	-2762812	0								4	Islamabad, Islamabad, Pakistan	PK	PK08	23674	33.7	73.1667	-2762812	20251013181500	https://www.india.com/news/world/what-is-tehreek-e-labbaik-pakistan-that-has-shaken-islamabad-to-the-core-in-just-two-days-explained-here-tlp-shehbaz-sharif-palestine-lahore-islamabad-gaza-agreement-rawalpindi-8130699/
1268379474	20251013	202510	2025	2025.7753	COP	POLICE						COP													1	012	012	01	1	-0.4	1	1	1	-5.85106382978723	4	Lahore, Punjab, Pakistan	PK	PK04	23677	31.5497	74.3436	-2767043	0								4	Islamabad, Islamabad, Pakistan	PK	PK08	23674	33.7	73.1667	-2762812	20251013181500	https://www.india.com/news/world/what-is-tehreek-e-labbaik-pakistan-that-has-shaken-islamabad-to-the-core-in-just-two-days-explained-here-tlp-shehbaz-sharif-palestine-lahore-islamabad-gaza-agreement-rawalpindi-8130699/
1268379475	20251013	202510	2025	2025.7753	COP	POLICE						COP													1	012	012	01	1	-0.4	6	1	6	-5.85106382978723	4	Lahore, Punjab, Pakistan	PK	PK04	23677	31.5497	74.3436	-2767043	0								4	Lahore, Punjab, Pakistan	PK	PK04	23677	31.5497	74.3436	-2767043	20251013181500	https://www.india.com/news/world/what-is-tehreek-e-labbaik-pakistan-that-has-shaken-islamabad-to-the-core-in-just-two-days-explained-here-tlp-shehbaz-sharif-palestine-lahore-islamabad-gaza-agreement-rawalpindi-8130699/
1268379476	20251013	202510	2025	2025.7753	COP	POLICE						COP													1	012	012	01	1	-0.4	4	1	4	-5.55555555555556	4	Vancouver, British Columbia, Canada	CA	CA02	12552	49.25	-123.133	-575268	0								4	Vancouver, British Columbia, Canada	CA	CA02	12552	49.25	-123.133	-575268	20251013181500	https://www.winnipegfreepress.com/uncategorized/2025/10/13/b-c-police-watchdog-investigating-after-person-in-custody-went-into-medical-distress
1268379477	20251013	202510	2025	2025.7753	COP	POLICE OFFICER						COP													0	020	020	02	1	3.0	3	1	3	-1.05124835742444	3	San Francisco, California, United States	US	USCA	CA075	37.7749	-122.419	277593	0								3	San Francisco, California, United States	US	USCA		37.7749	-122.419	277593	20251013181500	https://www.pressdemocrat.com/2025/10/10/marc-benioff-says-trump-should-send-guard-troops-to-san-francisco__trashed/
1268379478	20251013	202510	2025	2025.7753	COP	DETECTIVE						COP													1	0214	021	02	1	3.4	10	1	10	-8.23045267489712	1	Jersey	JE	JE		49.216667	-2.116667	JE	0								1	Jersey	JE	JE		49.216667	-2.116667	JE	20251013181500	https://catcountry1073.com/ixp/564/p/atlantic-city-homicide-christina-burdette/
1268379479	20251013	202510	2025	2025.7753	COP	POLICE						COP													1	023	023	02	1	3.4	10	1	10	-3.06122448979592	3	Washington, District of Columbia, United States	US	USDC	DC001	38.8951	-77.0364	531871	0								3	Washington, District of Columbia, United States	US	USDC	DC001	38.8951	-77.0364	531871	20251013181500	https://www.live5news.com/2025/10/13/north-charleston-police-search-missing-16-year-old/
1268379480	20251013	202510	2025	2025.7753	COP	DETECTIVE						COP													1	023	023	02	1	3.4	10	1	10	-8.23045267489712	1	Jersey	JE	JE		49.216667	-2.116667	JE	0								1	Jersey	JE	JE		49.216667	-2.116667	JE	20251013181500	https://catcountry1073.com/ixp/564/p/atlantic-city-homicide-christina-burdette/
1268379481	20251013	202510	2025	2025.7753	COP	POLICE						COP													0	0311	031	03	1	5.2	10	1	10	-3.24300310972901	3	Catholic University Of America, District of Columbia, United States	US	USDC	DC001	38.9329	-76.9978	531457	0								3	Catholic University Of America, District of Columbia, United States	US	USDC		38.9329	-76.9978	531457	20251013181500	http://www.chronline.com/stories/a-washington-catholic-priest-accused-of-sexual-misconduct-is-removed-and-reported-to-police,388998
1268379482	20251013	202510	2025	2025.7753	COP	POLICE OFFICER						COP													0	0332	033	03	1	5.2	3	1	3	-1.05124835742444	3	San Francisco, California, United States	US	USCA	CA075	37.7749	-122.419	277593	0								3	San Francisco, California, United States	US	USCA		37.7749	-122.419	277593	20251013181500	https://www.pressdemocrat.com/2025/10/10/marc-benioff-says-trump-should-send-guard-troops-to-san-francisco__trashed/
1268379483	20251013	202510	2025	2025.7753	COP	PRISON						COP													0	0353	035	03	1	7.0	5	1	5	-5.89171974522293	0								0								0								20251013181500	https://www.thenorthernecho.co.uk/news/25536078.man-left-shrine-threatened-kill-sister-consett/
1268379484	20251013	202510	2025	2025.7753	COP	POLICE						COP													1	084	084	08	2	7.0	4	1	4	-5.6379821958457	3	Wildwood Crest, New Jersey, United States	US	USNJ	NJ009	38.9748	-74.8335	881831	0								1	Jersey	JE	JE		49.216667	-2.116667	JE	20251013181500	https://wobm.com/ixp/385/p/south-jersey-marina-thefts/
1268379485	20251013	202510	2025	2025.7753	COP	POLICE						COP													1	090	090	09	2	-2.0	10	1	10	-3.06122448979592	3	Washington, District of Columbia, United States	US	USDC	DC001	38.8951	-77.0364	531871	0								3	Washington, District of Columbia, United States	US	USDC	DC001	38.8951	-77.0364	531871	20251013181500	https://www.live5news.com/2025/10/13/north-charleston-police-search-missing-16-year-old/
1268379486	20251013	202510	2025	2025.7753	COP	POLICE						COP													1	090	090	09	2	-2.0	7	1	7	-1.94690265486726	3	Scotts Bluff, Nebraska, United States	US	USNE	NE157	41.8666	-103.667	833318	0								3	Scotts Bluff, Nebraska, United States	US	USNE		41.8666	-103.667	833318	20251013181500	https://beatricedailysun.com/news/state-regional/crime-courts/article_2c25e9c9-7910-5a0c-9c63-9eecba4da879.html
1268379487	20251013	202510	2025	2025.7753	COP	DETECTIVE						COP													1	090	090	09	2	-2.0	10	1	10	-8.23045267489712	1	Jersey	JE	JE		49.216667	-2.116667	JE	0								1	Jersey	JE	JE		49.216667	-2.116667	JE	20251013181500	https://catcountry1073.com/ixp/564/p/atlantic-city-homicide-christina-burdette/
1268379488	20251013	202510	2025	2025.7753	COP	POLICE						COP													1	173	173	17	4	-5.0	2	1	2	-6.32911392405063	5	Benue State, Benue, Nigeria	NI	NI26	22689	7.33333	8.75	-2002535	0								5	Benue State, Benue, Nigeria	NI	NI26	22689	7.33333	8.75	-2002535	20251013181500	https://www.nigerianeye.com/2025/10/gunmen-ambush-police-patrol-in-benue.html
1268379489	20251013	202510	2025	2025.7753	COP	PRISON						COP													1	173	173	17	4	-5.0	3	1	3	-6.70498084291188	3	Orlando, Florida, United States	US	USFL	FL095	28.5383	-81.3792	288240	0								3	Orlando, Florida, United States	US	USFL	FL095	28.5383	-81.3792	288240	20251013181500	https://www.newsweek.com/susan-lorincz-perfect-neighbor-ajike-owens-netflix-docuseries-10872054
1268379490	20251013	202510	2025	2025.7753	COP	LAW ENFORCEMENT OFFICER						COP													1	191	191	19	4	-9.5	4	1	4	-1.94690265486726	3	Scotts Bluff, Nebraska, United States	US	USNE	NE157	41.8666	-103.667	833318	0								2	Wyoming, United States	US	USWY		42.7475	-107.209	WY	20251013181500	https://beatricedailysun.com/news/state-regional/crime-courts/article_2c25e9c9-7910-5a0c-9c63-9eecba4da879.html
1268379491	20251013	202510	2025	2025.7753	COP	POLICE						COP			CAN	CANADA	CAN								1	012	012	01	1	-0.4	6	1	6	-5.55555555555556	4	Vancouver, British Columbia, Canada	CA	CA02	12552	49.25	-123.133	-575268	4	Vancouver, British Columbia, Canada	CA	CA02	12552	49.25	-123.133	-575268	4	Vancouver, British Columbia, Canada	CA	CA02	12552	49.25	-123.133	-575268	20251013181500	https://www.winnipegfreepress.com/uncategorized/2025/10/13/b-c-police-watchdog-investigating-after-person-in-custody-went-into-medical-distress
1268379492	20251013	202510	2025	2025.7753	COP	POLICE						COP			CVL	CITIZEN						CVL			1	022	022	02	1	3.2	10	1	10	-1.04712041884816	0								0								0								20251013181500	https://kashmirlife.net/two-vehicles-booked-six-others-challaned-for-illegal-mining-408991/
1268379493	20251013	202510	2025	2025.7753	COP	POLICE						COP			GBR	UNITED KINGDOM	GBR								1	043	043	04	1	2.8	10	1	10	-2.06185567010309	5	Cambridgeshire, Cambridgeshire, United Kingdom	UK	UKC3	40098	52.3333	0.083333	-2591659	5	Cambridgeshire, Cambridgeshire, United Kingdom	UK	UKC3	40098	52.3333	0.083333	-2591659	5	Cambridgeshire, Cambridgeshire, United Kingdom	UK	UKC3	40098	52.3333	0.083333	-2591659	20251013181500	https://www.cambstimes.co.uk/news/25539691.police-cannabis-factory-wimblington-road-march/
1268379494	20251013	202510	2025	2025.7753	COP	POLICE						COP			GOV	ADMINISTRATION						GOV			1	010	010	01	1	0.0	10	1	10	-4.16666666666667	2	Massachusetts, United States	US	USMA		42.2373	-71.5314	MA	2	Massachusetts, United States	US	USMA		42.2373	-71.5314	MA	2	Massachusetts, United States	US	USMA		42.2373	-71.5314	MA	20251013181500	https://www.newsweek.com/two-dead-after-small-plane-crash-in-massachusetts-reports-10871133
1268379495	20251013	202510	2025	2025.7753	COP	PRISON						COP			ISROPP	ISRAEL	ISR					OPP			1	192	192	19	4	-9.5	2	1	2	-6.91823899371069	4	Gaza, Israel (general), Israel	IS	IS00	18315	31.4167	34.3333	-797156	4	Gaza, Israel (general), Israel	IS	IS00	18315	31.4167	34.3333	-797156	4	Gaza, Israel (general), Israel	IS	IS00	18315	31.4167	34.3333	-797156	20251013181500	https://www.islamicinvitationturkey.com/palestinian-abductees-israeli-captives-freed-in-gaza-ceasefire-agreement/
1268379496	20251013	202510	2025	2025.7753	COP	DEPUTIES						COP			MDV	MALE	MDV								1	050	050	05	1	3.5	5	1	5	-10.4545454545455	0								0								0								20251013181500	http://www.chronline.com/stories/pierce-county-deputy-shoots-and-injures-domestic-violence-suspect,388999
1268379497	20251013	202510	2025	2025.7753	COP	POLICE						COP			MEX	JUAREZ	MEX								1	010	010	01	1	0.0	5	1	5	-4.69208211143695	2	Arizona, United States	US	USAZ		33.7712	-111.388	AZ	2	Arizona, United States	US	USAZ		33.7712	-111.388	AZ	2	Arizona, United States	US	USAZ		33.7712	-111.388	AZ	20251013181500	https://www.12news.com/article/news/crime/1-dead-peoria-shooting/75-acb8ff84-e363-45f5-b3bb-c897562502a3
1268379498	20251013	202510	2025	2025.7753	COP	POLICE OFFICER						COP			MYS	SELANGOR	MYS								1	010	010	01	1	0.0	2	1	2	-5.88235294117647	1	Israel	IS	IS		31.5	34.75	IS	4	Kuala Lumpur, Kuala Lumpur, Malaysia	MY	MY14	18585	3.16667	101.7	-2403010	1	Israel	IS	IS		31.5	34.75	IS	20251013181500	https://www.freemalaysiatoday.com/category/nation/2025/10/13/cop-tells-of-discovery-of-pistol-in-black-bag
1268379499	20251013	202510	2025	2025.7753	COP	PRISON						COP			PSE	PALESTINIAN	PSE								1	192	192	19	4	-9.5	2	1	2	-6.91823899371069	4	Gaza, Israel (general), Israel	IS	IS00	18315	31.4167	34.3333	-797156	4	Gaza, Israel (general), Israel	IS	IS00	18315	31.4167	34.3333	-797156	4	Gaza, Israel (general), Israel	IS	IS00	18315	31.4167	34.3333	-797156	20251013181500	https://www.islamicinvitationturkey.com/palestinian-abductees-israeli-captives-freed-in-gaza-ceasefire-agreement/
1268379500	20251013	202510	2025	2025.7753	COP	PRISON						COP			PSEOPP	PALESTINIAN	PSE					OPP			1	192	192	19	4	-9.5	1	1	1	-6.91823899371069	4	Gaza, Israel (general), Israel	IS	IS00	18315	31.4167	34.3333	-797156	4	Gaza, Israel (general), Israel	IS	IS00	18315	31.4167	34.3333	-797156	4	Gaza, Israel (general), Israel	IS	IS00	18315	31.4167	34.3333	-797156	20251013181500	https://www.islamicinvitationturkey.com/palestinian-abductees-israeli-captives-freed-in-gaza-ceasefire-agreement/
1268379501	20251013	202510	2025	2025.7753	COP	POLICE						COP			USA	MASSACHUSETTS	USA								1	020	020	02	1	3.0	10	1	10	-4.16666666666667	2	Massachusetts, United States	US	USMA		42.2373	-71.5314	MA	2	Massachusetts, United States	US	USMA		42.2373	-71.5314	MA	2	Massachusetts, United States	US	USMA		42.2373	-71.5314	MA	20251013181500	https://www.newsweek.com/two-dead-after-small-plane-crash-in-massachusetts-reports-10871133
1268379502	20251013	202510	2025	2025.7753	COP	POLICE						COP			USA	UNITED STATES	USA								0	036	036	03	1	4.0	8	1	8	-9.35672514619883	3	New Bedford Regional Airport, Massachusetts, United States	US	USMA	MA005	41.6738	-70.958	619127	3	New Bedford Regional Airport, Massachusetts, United States	US	USMA		41.6738	-70.958	619127	3	New Bedford Regional Airport, Massachusetts, United States	US	USMA		41.6738	-70.958	619127	20251013181500	https://nypost.com/2025/10/13/us-news/small-plane-crashes-on-i-95-during-massachusetts-rush-hour-killing-2/
1268379503	20251013	202510	2025	2025.7753	COP	BORDER PATROL AGENT						COP			USA	CHICAGO	USA								1	173	173	17	4	-5.0	2	1	2	-11.3018597997139	3	Chicago, Illinois, United States	US	USIL	IL031	41.85	-87.6501	423587	3	Chicago, Illinois, United States	US	USIL	IL031	41.85	-87.6501	423587	3	Chicago, Illinois, United States	US	USIL	IL031	41.85	-87.6501	423587	20251013181500	https://newrepublic.com/post/201684/donald-trump-ice-terrorizing-chicago
1268379504	20251013	202510	2025	2025.7753	COP	PRISON						COP			USA	TEXAS	USA								1	173	173	17	4	-5.0	6	1	6	-0.45366169799093	1	China	CH	CH		35	105	CH	1	China	CH	CH		35	105	CH	1	China	CH	CH		35	105	CH	20251013181500	https://www.dailymail.co.uk/tvshowbiz/article-15188391/Jennifer-Aniston-terrified-make-career-Gwyneth-Paltrow-Scarlett-Johansson-done.html
1268379505	20251013	202510	2025	2025.7753	COP	PRISON						COP			USA	TEXAS	USA								1	173	173	17	4	-5.0	2	1	2	-0.45366169799093	2	Texas, United States	US	USTX		31.106	-97.6475	TX	2	Texas, United States	US	USTX		31.106	-97.6475	TX	2	Texas, United States	US	USTX		31.106	-97.6475	TX	20251013181500	https://www.dailymail.co.uk/tvshowbiz/article-15188391/Jennifer-Aniston-terrified-make-career-Gwyneth-Paltrow-Scarlett-Johansson-done.html
1268379506	20251013	202510	2025	2025.7753	COP	BORDER PATROL AGENT						COP			USAMED	CHICAGO	USA					MED			1	173	173	17	4	-5.0	3	1	3	-11.3018597997139	3	Chicago, Illinois, United States	US	USIL	IL031	41.85	-87.6501	423587	3	Chicago, Illinois, United States	US	USIL	IL031	41.85	-87.6501	423587	3	Chicago, Illinois, United States	US	USIL	IL031	41.85	-87.6501	423587	20251013181500	https://newrepublic.com/post/201684/donald-trump-ice-terrorizing-chicago
1268379507	20251013	202510	2025	2025.7753	CRM	FELON						CRM													0	050	050	05	1	3.5	2	1	2	-4.9645390070922	3	Jefferson County, Kentucky, United States	US	USKY	KY111	38.1834	-85.65	516902	0								3	Jefferson County, Kentucky, United States	US	USKY		38.1834	-85.65	516902	20251013181500	https://www.wkyt.com/2025/10/11/legal-analyst-talks-recent-ruling-that-says-kentucky-felons-cannot-possess-firearms/
1268379508	20251013	202510	2025	2025.7753	CRM	FELON						CRM													0	050	050	05	1	3.5	6	1	6	-4.9645390070922	2	Kentucky, United States	US	USKY		37.669	-84.6514	KY	0								2	Kentucky, United States	US	USKY		37.669	-84.6514	KY	20251013181500	https://www.wkyt.com/2025/10/11/legal-analyst-talks-recent-ruling-that-says-kentucky-felons-cannot-possess-firearms/
1268379509	20251013	202510	2025	2025.7753	CRM	ASSAILANT						CRM			COP	POLICE OFFICER						COP			1	190	190	19	4	-10.0	1	1	1	-6.32911392405063	5	Benue State, Benue, Nigeria	NI	NI26	22689	7.33333	8.75	-2002535	5	Benue State, Benue, Nigeria	NI	NI26	22689	7.33333	8.75	-2002535	5	Benue State, Benue, Nigeria	NI	NI26	22689	7.33333	8.75	-2002535	20251013181500	https://www.nigerianeye.com/2025/10/gunmen-ambush-police-patrol-in-benue.html
1268379510	20251013	202510	2025	2025.7753	CRM	ASSAILANT						CRM			GOV	GOVERNMENT						GOV			1	190	190	19	4	-10.0	1	1	1	-6.32911392405063	5	Benue State, Benue, Nigeria	NI	NI26	22689	7.33333	8.75	-2002535	5	Benue State, Benue, Nigeria	NI	NI26	22689	7.33333	8.75	-2002535	5	Benue State, Benue, Nigeria	NI	NI26	22689	7.33333	8.75	-2002535	20251013181500	https://www.nigerianeye.com/2025/10/gunmen-ambush-police-patrol-in-benue.html
1268379511	20251013	202510	2025	2025.7753	CRM	ASSAILANT						CRM			NGA	NIGERIA	NGA								1	190	190	19	4	-10.0	8	1	8	-6.32911392405063	5	Benue State, Benue, Nigeria	NI	NI26	22689	7.33333	8.75	-2002535	5	Benue State, Benue, Nigeria	NI	NI26	22689	7.33333	8.75	-2002535	5	Benue State, Benue, Nigeria	NI	NI26	22689	7.33333	8.75	-2002535	20251013181500	https://www.nigerianeye.com/2025/10/gunmen-ambush-police-patrol-in-benue.html
1268379512	20251013	202510	2025	2025.7753	CRM	CRIMINAL						CRM			OPP	DETAINEE						OPP			0	112	112	11	3	-2.0	10	1	10	-11.3018597997139	3	Chicago, Illinois, United States	US	USIL	IL031	41.85	-87.6501	423587	3	Chicago, Illinois, United States	US	USIL	IL031	41.85	-87.6501	423587	3	Chicago, Illinois, United States	US	USIL	IL031	41.85	-87.6501	423587	20251013181500	https://newrepublic.com/post/201684/donald-trump-ice-terrorizing-chicago
1268379513	20251013	202510	2025	2025.7753	CRM	CRIMINAL						CRM			REL	BISHOP									0	040	040	04	1	1.0	4	1	4	-3.24300310972901	3	South Hill, Washington, United States	US	USWA	WA053	47.1412	-122.27	1867636	3	Catholic University Of America, District of Columbia, United States	US	USDC		38.9329	-76.9978	531457	3	South Hill, Washington, United States	US	USWA		47.1412	-122.27	1867636	20251013181500	http://www.chronline.com/stories/a-washington-catholic-priest-accused-of-sexual-misconduct-is-removed-and-reported-to-police,388998
1268379514	20251013	202510	2025	2025.7753	CRM	CRIMINAL						CRM			REL	BISHOP									0	040	040	04	1	1.0	6	1	6	-3.24300310972901	3	Catholic University Of America, District of Columbia, United States	US	USDC	DC001	38.9329	-76.9978	531457	3	Catholic University Of America, District of Columbia, United States	US	USDC		38.9329	-76.9978	531457	3	Catholic University Of America, District of Columbia, United States	US	USDC		38.9329	-76.9978	531457	20251013181500	http://www.chronline.com/stories/a-washington-catholic-priest-accused-of-sexual-misconduct-is-removed-and-reported-to-police,388998
1268379515	20251013	202510	2025	2025.7753	CUB	HAVANA	CUB								GOV	ADMINISTRATION						GOV			1	042	042	04	1	1.9	8	1	8	-6.9672131147541	4	Havana, Ciudad de La Habana, Cuba	CU	CU02	14613	23.1319	-82.3642	-1628751	4	Havana, Ciudad de La Habana, Cuba	CU	CU02	14613	23.1319	-82.3642	-1628751	4	Havana, Ciudad de La Habana, Cuba	CU	CU02	14613	23.1319	-82.3642	-1628751	20251013181500	https://www.yahoo.com/news/articles/imprisoned-cuban-dissident-goes-exile-171031201.html
1268379516	20251013	202510	2025	2025.7753	CUB	HAVANA	CUB								GOV	ADMINISTRATION						GOV			1	042	042	04	1	1.9	2	1	2	-6.9672131147541	3	Miami, Florida, United States	US	USFL	FL086	25.7743	-80.1937	295004	4	Havana, Ciudad de La Habana, Cuba	CU	CU02	14613	23.1319	-82.3642	-1628751	4	Havana, Ciudad de La Habana, Cuba	CU	CU02	14613	23.1319	-82.3642	-1628751	20251013181500	https://www.yahoo.com/news/articles/imprisoned-cuban-dissident-goes-exile-171031201.html
1268379517	20251013	202510	2025	2025.7753	CUB	CUBA	CUB								GOV	GOVERNMENT						GOV			0	112	112	11	3	-2.0	6	1	6	-6.9672131147541	4	Havana, Ciudad de La Habana, Cuba	CU	CU02	14613	23.1319	-82.3642	-1628751	4	Havana, Ciudad de La Habana, Cuba	CU	CU02	14613	23.1319	-82.3642	-1628751	4	Havana, Ciudad de La Habana, Cuba	CU	CU02	14613	23.1319	-82.3642	-1628751	20251013181500	https://www.yahoo.com/news/articles/imprisoned-cuban-dissident-goes-exile-171031201.html
1268379518	20251013	202510	2025	2025.7753	CUB	CUBA	CUB								USA	UNITED STATES	USA								0	112	112	11	3	-2.0	2	1	2	-6.9672131147541	4	Havana, Ciudad de La Habana, Cuba	CU	CU02	14613	23.1319	-82.3642	-1628751	3	Miami, Florida, United States	US	USFL	FL086	25.7743	-80.1937	295004	4	Havana, Ciudad de La Habana, Cuba	CU	CU02	14613	23.1319	-82.3642	-1628751	20251013181500	https://www.yahoo.com/news/articles/imprisoned-cuban-dissident-goes-exile-171031201.html
1268379519	20251013	202510	2025	2025.7753	CUB	CUBA	CUB								USA	UNITED STATES	USA								0	112	112	11	3	-2.0	2	1	2	-6.9672131147541	3	Miami, Florida, United States	US	USFL	FL086	25.7743	-80.1937	295004	3	Miami, Florida, United States	US	USFL	FL086	25.7743	-80.1937	295004	3	Miami, Florida, United States	US	USFL	FL086	25.7743	-80.1937	295004	20251013181500	https://www.yahoo.com/news/articles/imprisoned-cuban-dissident-goes-exile-171031201.html
1268379520	20251013	202510	2025	2025.7753	CUB	CUBAN	CUB								USA	UNITED STATES	USA								1	173	173	17	4	-5.0	2	1	2	-6.9672131147541	4	Havana, Ciudad de La Habana, Cuba	CU	CU02	14613	23.1319	-82.3642	-1628751	3	Miami, Florida, United States	US	USFL	FL086	25.7743	-80.1937	295004	4	Havana, Ciudad de La Habana, Cuba	CU	CU02	14613	23.1319	-82.3642	-1628751	20251013181500	https://www.yahoo.com/news/articles/imprisoned-cuban-dissident-goes-exile-171031201.html
1268379521	20251013	202510	2025	2025.7753	CUB	CUBAN	CUB								USA	UNITED STATES	USA								1	173	173	17	4	-5.0	2	1	2	-6.9672131147541	3	Miami, Florida, United States	US	USFL	FL086	25.7743	-80.1937	295004	3	Miami, Florida, United States	US	USFL	FL086	25.7743	-80.1937	295004	3	Miami, Florida, United States	US	USFL	FL086	25.7743	-80.1937	295004	20251013181500	https://www.yahoo.com/news/articles/imprisoned-cuban-dissident-goes-exile-171031201.html
1268379522	20251013	202510	2025	2025.7753	CUBGOV	CUBAN	CUB					GOV			CUB	SANTIAGO DE CUBA	CUB								1	173	173	17	4	-5.0	3	1	3	-6.9672131147541	4	Havana, Ciudad de La Habana, Cuba	CU	CU02	14613	23.1319	-82.3642	-1628751	4	Havana, Ciudad de La Habana, Cuba	CU	CU02	14613	23.1319	-82.3642	-1628751	4	Havana, Ciudad de La Habana, Cuba	CU	CU02	14613	23.1319	-82.3642	-1628751	20251013181500	https://www.yahoo.com/news/articles/imprisoned-cuban-dissident-goes-exile-171031201.html
1268379523	20251013	202510	2025	2025.7753	CVL	CITIZEN						CVL													1	010	010	01	1	0.0	5	1	5	0.99667774086378	4	Dhaka, Dhaka, Bangladesh	BG	BG81	5778	23.7231	90.4086	-2737683	0								4	Dhaka, Dhaka, Bangladesh	BG	BG81	5778	23.7231	90.4086	-2737683	20251013181500	https://theindianawaaz.com/push-for-pr-system-aimed-at-delaying-polls-bnp/
1268379524	20251013	202510	2025	2025.7753	CVL	VOTER						CVL													1	010	010	01	1	0.0	6	1	6	-1.25786163522013	3	Scott County, Iowa, United States	US	USIA	IA163	41.6334	-90.6335	465270	0								3	Scott County, Iowa, United States	US	USIA		41.6334	-90.6335	465270	20251013181500	https://www.kwqc.com:443/2025/10/13/registration-absentee-early-voting-options-scott-county-city-school-election/
1268379525	20251013	202510	2025	2025.7753	CVL	VOTER						CVL													0	010	010	01	1	0.0	4	1	4	0.141442715700142	2	North Carolina, United States	US	USNC		35.6411	-79.8431	NC	0								3	Wilson County, North Carolina, United States	US	USNC		35.7168	-77.9164	1008596	20251013181500	https://www.wilsontimes.com/news/early-voting-begins-thursday-f1e2c9aa
1268379526	20251013	202510	2025	2025.7753	CVL	VOTER						CVL													0	010	010	01	1	0.0	6	1	6	0.141442715700142	2	North Carolina, United States	US	USNC		35.6411	-79.8431	NC	0								2	North Carolina, United States	US	USNC		35.6411	-79.8431	NC	20251013181500	https://www.wilsontimes.com/news/early-voting-begins-thursday-f1e2c9aa
1268379527	20251013	202510	2025	2025.7753	CVL	RESIDENTS						CVL													0	012	012	01	1	-0.4	8	1	8	-0.85632730732636	3	Altadena, California, United States	US	USCA	CA037	34.1897	-118.131	1652662	0								3	Altadena, California, United States	US	USCA	CA037	34.1897	-118.131	1652662	20251013181500	https://nypost.com/2025/10/13/real-estate/edwin-castro-is-buying-lots-damaged-in-the-la-wildfires/
1268379528	20251013	202510	2025	2025.7753	CVL	VOTER						CVL													1	014	014	01	1	0.0	4	1	4	0.141442715700142	3	Wilson County, North Carolina, United States	US	USNC	NC195	35.7168	-77.9164	1008596	0								3	Wilson County, North Carolina, United States	US	USNC		35.7168	-77.9164	1008596	20251013181500	https://www.wilsontimes.com/news/early-voting-begins-thursday-f1e2c9aa
1268379529	20251013	202510	2025	2025.7753	CVL	COMMUNITY						CVL													1	017	017	01	1	0.0	10	1	10	6	2	Virginia, United States	US	USVA		37.768	-78.2057	VA	0								2	Virginia, United States	US	USVA		37.768	-78.2057	VA	20251013181500	http://www.washingtonjewishweek.com/pozez-jcc-walks-in-solidarity-with-israeli-hostages/
1268379530	20251013	202510	2025	2025.7753	CVL	VOTER						CVL													1	020	020	02	1	3.0	10	1	10	0.141442715700142	3	Wilson County, North Carolina, United States	US	USNC	NC195	35.7168	-77.9164	1008596	0								3	Wilson County, North Carolina, United States	US	USNC		35.7168	-77.9164	1008596	20251013181500	https://www.wilsontimes.com/news/early-voting-begins-thursday-f1e2c9aa
1268379531	20251013	202510	2025	2025.7753	CVL	TRAVELER						CVL													0	020	020	02	1	3.0	2	1	2	2.04379562043796	2	Hawaii, United States	US	USHI		21.1098	-157.531	HI	0								2	Hawaii, United States	US	USHI		21.1098	-157.531	HI	20251013181500	https://simpleflying.com/alaska-airlines-code-replacing-ha/
1268379532	20251013	202510	2025	2025.7753	CVL	VOTER						CVL													0	020	020	02	1	3.0	4	1	4	0.141442715700142	2	North Carolina, United States	US	USNC		35.6411	-79.8431	NC	0								3	Wilson County, North Carolina, United States	US	USNC		35.7168	-77.9164	1008596	20251013181500	https://www.wilsontimes.com/news/early-voting-begins-thursday-f1e2c9aa
1268379533	20251013	202510	2025	2025.7753	CVL	VOTER						CVL													0	020	020	02	1	3.0	6	1	6	0.141442715700142	2	North Carolina, United States	US	USNC		35.6411	-79.8431	NC	0								2	North Carolina, United States	US	USNC		35.6411	-79.8431	NC	20251013181500	https://www.wilsontimes.com/news/early-voting-begins-thursday-f1e2c9aa
1268379534	20251013	202510	2025	2025.7753	CVL	COMMUNITY						CVL													1	030	030	03	1	4.0	10	1	10	5.55555555555556	3	North Mankato, Minnesota, United States	US	USMN	MN103	44.1733	-94.0338	648669	0								3	North Mankato, Minnesota, United States	US	USMN		44.1733	-94.0338	648669	20251013181500	https://www.mankatofreepress.com/news/local_news/credit-union-employees-plus-it-forward-at-nonprofit-that-feeds-students/article_f0a9f4df-de37-4e1b-ae99-751b04fe0ad3.html
1268379535	20251013	202510	2025	2025.7753	CVL	COMMUNITY						CVL													1	0311	031	03	1	5.2	2	1	2	2.77777777777778	3	Dorchester County, South Carolina, United States	US	USSC	SC035	33.1002	-80.3832	1247998	0								3	Dorchester County, South Carolina, United States	US	USSC		33.1002	-80.3832	1247998	20251013181500	https://www.live5news.com/2025/10/13/berkeley-dorchester-counties-receiving-end-9b-google-investment/
1268379536	20251013	202510	2025	2025.7753	CVL	COMMUNITY						CVL													0	0311	031	03	1	5.2	3	1	3	-0.85632730732636	1	Democratic Republic Of The Congo	CG	CG		0	25	CG	0								1	Democratic Republic Of The Congo	CG	CG		0	25	CG	20251013181500	https://nypost.com/2025/10/13/real-estate/edwin-castro-is-buying-lots-damaged-in-the-la-wildfires/
1268379537	20251013	202510	2025	2025.7753	CVL	VOTER						CVL													0	040	040	04	1	1.0	4	1	4	0.141442715700142	3	Wilson County, North Carolina, United States	US	USNC	NC195	35.7168	-77.9164	1008596	0								3	Wilson County, North Carolina, United States	US	USNC		35.7168	-77.9164	1008596	20251013181500	https://www.wilsontimes.com/news/early-voting-begins-thursday-f1e2c9aa
1268379538	20251013	202510	2025	2025.7753	CVL	COMMUNITY						CVL													1	040	040	04	1	1.0	4	1	4	5.55555555555556	3	North Mankato, Minnesota, United States	US	USMN	MN103	44.1733	-94.0338	648669	0								3	North Mankato, Minnesota, United States	US	USMN		44.1733	-94.0338	648669	20251013181500	https://www.mankatofreepress.com/news/local_news/credit-union-employees-plus-it-forward-at-nonprofit-that-feeds-students/article_f0a9f4df-de37-4e1b-ae99-751b04fe0ad3.html
1268379539	20251013	202510	2025	2025.7753	CVL	COMMUNITY						CVL													1	040	040	04	1	1.0	6	1	6	5.55555555555556	2	Minnesota, United States	US	USMN		45.7326	-93.9196	MN	0								2	Minnesota, United States	US	USMN		45.7326	-93.9196	MN	20251013181500	https://www.mankatofreepress.com/news/local_news/credit-union-employees-plus-it-forward-at-nonprofit-that-feeds-students/article_f0a9f4df-de37-4e1b-ae99-751b04fe0ad3.html
1268379540	20251013	202510	2025	2025.7753	CVL	COMMUNITY						CVL													1	042	042	04	1	1.9	10	1	10	6	2	Virginia, United States	US	USVA		37.768	-78.2057	VA	0								2	Virginia, United States	US	USVA		37.768	-78.2057	VA	20251013181500	http://www.washingtonjewishweek.com/pozez-jcc-walks-in-solidarity-with-israeli-hostages/
1268379541	20251013	202510	2025	2025.7753	CVL	COMMUNITY						CVL													0	043	043	04	1	2.8	3	1	3	0.75642965204236	3	Boone County, Missouri, United States	US	USMO	MO019	39.0334	-92.3335	758464	0								3	Boone County, Missouri, United States	US	USMO		39.0334	-92.3335	758464	20251013181500	https://www.kbia.org/missouri-news-network/2025-10-13/buffaloe-looks-to-student-involvement-in-response-to-downtown-violence
1268379542	20251013	202510	2025	2025.7753	CVL	COMMUNITY						CVL													0	043	043	04	1	2.8	1	1	1	0.75642965204236	2	Missouri, United States	US	USMO		38.4623	-92.302	MO	0								2	Missouri, United States	US	USMO		38.4623	-92.302	MO	20251013181500	https://www.kbia.org/missouri-news-network/2025-10-13/buffaloe-looks-to-student-involvement-in-response-to-downtown-violence
1268379543	20251013	202510	2025	2025.7753	CVL	COMMUNITY						CVL													1	051	051	05	1	3.4	2	1	2	1.30434782608695	3	Bucksnort, Tennessee, United States	US	USTN	TN081	35.8856	-87.6845	1314762	0								3	Bucksnort, Tennessee, United States	US	USTN	TN081	35.8856	-87.6845	1314762	20251013181500	https://www.wbbjtv.com/2025/10/13/the-salvation-army-responds-to-tragic-explosion-in-bucksnort/
1268379544	20251013	202510	2025	2025.7753	CVL	RESIDENTS						CVL													0	051	051	05	1	3.4	3	1	3	-0.85632730732636	3	Altadena, California, United States	US	USCA	CA037	34.1897	-118.131	1652662	0								3	Altadena, California, United States	US	USCA	CA037	34.1897	-118.131	1652662	20251013181500	https://nypost.com/2025/10/13/real-estate/edwin-castro-is-buying-lots-damaged-in-the-la-wildfires/
1268379545	20251013	202510	2025	2025.7753	CVL	COMMUNITY						CVL													1	051	051	05	1	3.4	5	1	5	5.98802395209581	2	Nevada, United States	US	USNV		38.4199	-117.122	NV	0								2	Nevada, United States	US	USNV		38.4199	-117.122	NV	20251013181500	https://www.kolotv.com/2025/10/13/reno-justice-court-introduces-her-court-therapeutic-court-northern-nevada-dedicated-women/
1268379546	20251013	202510	2025	2025.7753	CVL	VOTER						CVL													0	060	060	06	2	6.0	4	1	4	0.141442715700142	2	North Carolina, United States	US	USNC		35.6411	-79.8431	NC	0								3	Wilson County, North Carolina, United States	US	USNC		35.7168	-77.9164	1008596	20251013181500	https://www.wilsontimes.com/news/early-voting-begins-thursday-f1e2c9aa
1268379547	20251013	202510	2025	2025.7753	CVL	VOTER						CVL													0	060	060	06	2	6.0	6	1	6	0.141442715700142	2	North Carolina, United States	US	USNC		35.6411	-79.8431	NC	0								2	North Carolina, United States	US	USNC		35.6411	-79.8431	NC	20251013181500	https://www.wilsontimes.com/news/early-voting-begins-thursday-f1e2c9aa
1268379548	20251013	202510	2025	2025.7753	CVL	COMMUNITY						CVL													1	070	070	07	2	7.0	2	1	2	8.12182741116751	3	Cumberland County, New Jersey, United States	US	USNJ	NJ011	39.3501	-75.083	882275	0								3	Cumberland County, New Jersey, United States	US	USNJ		39.3501	-75.083	882275	20251013181500	https://snjtoday.com/the-guidance-center-to-honor-john-f-scarpa/
1268379549	20251013	202510	2025	2025.7753	CVL	RESIDENTS						CVL													1	072	072	07	2	8.3	7	1	7	-0.838926174496646	3	Chilkat, Alaska, United States	US	USAK	AK100	59.3997	-135.896	1421022	0								3	Chilkat, Alaska, United States	US	USAK	AK100	59.3997	-135.896	1421022	20251013181500	https://alaskapublic.org/about/alaska-public-media-events/2025-10-13/timber-company-re-applies-to-store-logs-in-lutak-inlet-after-surveying-sea-floor
1268379550	20251013	202510	2025	2025.7753	CVL	RESIDENTS						CVL													1	072	072	07	2	8.3	3	1	3	-0.838926174496646	3	Lutak Inlet, Alaska, United States	US	USAK	AK100	59.3028	-135.501	1423480	0								3	Lutak Inlet, Alaska, United States	US	USAK		59.3028	-135.501	1423480	20251013181500	https://alaskapublic.org/about/alaska-public-media-events/2025-10-13/timber-company-re-applies-to-store-logs-in-lutak-inlet-after-surveying-sea-floor
1268379551	20251013	202510	2025	2025.7753	CVL	CITIZEN						CVL													0	100	100	10	3	-5.0	5	1	5	-7.07070707070703	1	United States	US	US		39.828175	-98.5795	US	0								1	United States	US	US		39.828175	-98.5795	US	20251013181500	https://www.chattanoogan.com/2025/10/13/509842/Against-State-Censorship-The-Right.aspx
1268379552	20251013	202510	2025	2025.7753	CVL	VOTER						CVL													0	120	120	12	3	-4.0	6	1	6	0.141442715700142	3	Wilson County, North Carolina, United States	US	USNC	NC195	35.7168	-77.9164	1008596	0								3	Wilson County, North Carolina, United States	US	USNC		35.7168	-77.9164	1008596	20251013181500	https://www.wilsontimes.com/news/early-voting-begins-thursday-f1e2c9aa
1268379553	20251013	202510	2025	2025.7753	CVL	COMMUNITY						CVL			AFG	AFGHANISTAN	AFG								0	042	042	04	1	1.9	1	1	1	-0.95320623916811	4	Islamabad, Islamabad, Pakistan	PK	PK08	23674	33.7	73.1667	-2762812	4	Islamabad, Islamabad, Pakistan	PK	PK08	23674	33.7	73.1667	-2762812	4	Islamabad, Islamabad, Pakistan	PK	PK08	23674	33.7	73.1667	-2762812	20251013181500	https://kashmirlife.net/is-india-quietly-restoring-diplomatic-ties-with-the-taliban-regime-409023/
1268379554	20251013	202510	2025	2025.7753	CVL	COMMUNITY						CVL			BUS	INVESTOR						BUS			0	0311	031	03	1	5.2	3	1	3	-0.85632730732636	1	Democratic Republic Of The Congo	CG	CG		0	25	CG	1	Democratic Republic Of The Congo	CG	CG		0	25	CG	1	Democratic Republic Of The Congo	CG	CG		0	25	CG	20251013181500	https://nypost.com/2025/10/13/real-estate/edwin-castro-is-buying-lots-damaged-in-the-la-wildfires/
1268379555	20251013	202510	2025	2025.7753	CVL	COMMUNITY						CVL			BUS	INDUSTRY						BUS			0	090	090	09	2	-2.0	10	1	10	-8.35579514824797	4	Beijing, Beijing, China	CH	CH22	13001	39.9289	116.388	-1898541	4	Beijing, Beijing, China	CH	CH22	13001	39.9289	116.388	-1898541	4	Beijing, Beijing, China	CH	CH22	13001	39.9289	116.388	-1898541	20251013181500	https://techweez.com/2025/10/13/crypto-crash-sparks-blame-game/
1268379556	20251013	202510	2025	2025.7753	CVL	COMMUNITY						CVL			EDU	SCHOOL						EDU			1	071	071	07	2	7.4	2	1	2	2.77777777777778	3	Dorchester County, South Carolina, United States	US	USSC	SC035	33.1002	-80.3832	1247998	3	Dorchester County, South Carolina, United States	US	USSC		33.1002	-80.3832	1247998	3	Dorchester County, South Carolina, United States	US	USSC		33.1002	-80.3832	1247998	20251013181500	https://www.live5news.com/2025/10/13/berkeley-dorchester-counties-receiving-end-9b-google-investment/
1268379557	20251013	202510	2025	2025.7753	CVL	COMMUNITY						CVL			HLH	NURSE						HLH			1	051	051	05	1	3.4	1	1	1	-1.96850393700788	3	Sacramento, California, United States	US	USCA	CA067	38.5816	-121.494	1659564	3	Plumas, California, United States	US	USCA	CA035	39.7566	-120.083	275979	3	Plumas, California, United States	US	USCA	CA035	39.7566	-120.083	275979	20251013181500	https://www.ems1.com/line-of-duty-death-lodd/procession-honors-flight-nurse-killed-in-calif-medical-helicopter-crash
1268379558	20251013	202510	2025	2025.7753	CVL	COMMUNITY						CVL			HLH	NURSE						HLH			1	051	051	05	1	3.4	1	1	1	-1.96850393700788	3	Sacramento, California, United States	US	USCA	CA067	38.5816	-121.494	1659564	3	Redding, California, United States	US	USCA	CA089	40.5865	-122.392	277582	3	Sacramento, California, United States	US	USCA	CA067	38.5816	-121.494	1659564	20251013181500	https://www.ems1.com/line-of-duty-death-lodd/procession-honors-flight-nurse-killed-in-calif-medical-helicopter-crash
1268379559	20251013	202510	2025	2025.7753	CVL	COMMUNITY						CVL			HLH	NURSE						HLH			1	051	051	05	1	3.4	1	1	1	-1.96850393700788	3	Palo Cedro, California, United States	US	USCA	CA089	40.5638	-122.239	230275	3	Palo Cedro, California, United States	US	USCA		40.5638	-122.239	230275	3	Palo Cedro, California, United States	US	USCA		40.5638	-122.239	230275	20251013181500	https://www.ems1.com/line-of-duty-death-lodd/procession-honors-flight-nurse-killed-in-calif-medical-helicopter-crash
1268379560	20251013	202510	2025	2025.7753	CVL	COMMUNITY						CVL			HLH	NURSE						HLH			1	051	051	05	1	3.4	1	1	1	-1.96850393700788	3	Palo Cedro, California, United States	US	USCA	CA089	40.5638	-122.239	230275	3	Redding, California, United States	US	USCA	CA089	40.5865	-122.392	277582	3	Palo Cedro, California, United States	US	USCA		40.5638	-122.239	230275	20251013181500	https://www.ems1.com/line-of-duty-death-lodd/procession-honors-flight-nurse-killed-in-calif-medical-helicopter-crash
1268379561	20251013	202510	2025	2025.7753	CVL	COMMUNITY						CVL			HLH	NURSE						HLH			1	051	051	05	1	3.4	6	1	6	-1.96850393700788	3	Plumas, California, United States	US	USCA	CA035	39.7566	-120.083	275979	3	Plumas, California, United States	US	USCA	CA035	39.7566	-120.083	275979	3	Plumas, California, United States	US	USCA	CA035	39.7566	-120.083	275979	20251013181500	https://www.ems1.com/line-of-duty-death-lodd/procession-honors-flight-nurse-killed-in-calif-medical-helicopter-crash
1268379562	20251013	202510	2025	2025.7753	CVL	COMMUNITY						CVL			MED	JOURNALIST						MED			0	042	042	04	1	1.9	1	1	1	-0.95320623916811	4	Islamabad, Islamabad, Pakistan	PK	PK08	23674	33.7	73.1667	-2762812	4	New Delhi, Delhi, India	IN	IN07	17911	28.6	77.2	-2106102	4	Islamabad, Islamabad, Pakistan	PK	PK08	23674	33.7	73.1667	-2762812	20251013181500	https://kashmirlife.net/is-india-quietly-restoring-diplomatic-ties-with-the-taliban-regime-409023/
1268379563	20251013	202510	2025	2025.7753	CVL	COMMUNITY						CVL			NGOENV	WORLD WIDE FUND FOR NATURE						NGO	ENV		1	051	051	05	1	3.4	5	1	5	4.91803278688524	1	Philippines	RP	RP		13	122	RP	1	Philippines	RP	RP		13	122	RP	1	Philippines	RP	RP		13	122	RP	20251013181500	https://theindianawaaz.com/uae-pledges-10m-to-boost-disaster-resilience-in-asia-pacific/
1268379564	20251013	202510	2025	2025.7753	CVL	VOTER						CVL			USA	UNITED STATES	USA								1	010	010	01	1	0.0	4	1	4	-1.25786163522013	3	Scott County, Iowa, United States	US	USIA	IA163	41.6334	-90.6335	465270	3	Scott County, Iowa, United States	US	USIA		41.6334	-90.6335	465270	3	Scott County, Iowa, United States	US	USIA		41.6334	-90.6335	465270	20251013181500	https://www.kwqc.com:443/2025/10/13/registration-absentee-early-voting-options-scott-county-city-school-election/
1268379565	20251013	202510	2025	2025.7753	CVL	RESIDENTS						CVL			USA	UNITED STATES	USA								0	012	012	01	1	-0.4	2	1	2	-0.85632730732636	3	Altadena, California, United States	US	USCA	CA037	34.1897	-118.131	1652662	3	Altadena, California, United States	US	USCA	CA037	34.1897	-118.131	1652662	3	Altadena, California, United States	US	USCA	CA037	34.1897	-118.131	1652662	20251013181500	https://nypost.com/2025/10/13/real-estate/edwin-castro-is-buying-lots-damaged-in-the-la-wildfires/
1268379566	20251013	202510	2025	2025.7753	CVL	VOTER						CVL			USA	UNITED STATES	USA								1	014	014	01	1	0.0	6	1	6	0.141442715700142	3	Wilson County, North Carolina, United States	US	USNC	NC195	35.7168	-77.9164	1008596	3	Wilson County, North Carolina, United States	US	USNC		35.7168	-77.9164	1008596	3	Wilson County, North Carolina, United States	US	USNC		35.7168	-77.9164	1008596	20251013181500	https://www.wilsontimes.com/news/early-voting-begins-thursday-f1e2c9aa
1268379567	20251013	202510	2025	2025.7753	CVL	VILLAGE						CVL			USA	UNITED STATES	USA								1	042	042	04	1	1.9	2	1	2	-0.45366169799093	2	New York, United States	US	USNY		42.1497	-74.9384	NY	2	New York, United States	US	USNY		42.1497	-74.9384	NY	2	New York, United States	US	USNY		42.1497	-74.9384	NY	20251013181500	https://www.dailymail.co.uk/tvshowbiz/article-15188391/Jennifer-Aniston-terrified-make-career-Gwyneth-Paltrow-Scarlett-Johansson-done.html
1268379568	20251013	202510	2025	2025.7753	CVL	VILLAGE						CVL			USA	UNITED STATES	USA								1	042	042	04	1	1.9	2	1	2	-0.45366169799093	2	Texas, United States	US	USTX		31.106	-97.6475	TX	2	New York, United States	US	USNY		42.1497	-74.9384	NY	2	New York, United States	US	USNY		42.1497	-74.9384	NY	20251013181500	https://www.dailymail.co.uk/tvshowbiz/article-15188391/Jennifer-Aniston-terrified-make-career-Gwyneth-Paltrow-Scarlett-Johansson-done.html
1268379569	20251013	202510	2025	2025.7753	CVL	COMMUNITY						CVL			USA	UNITED STATES	USA								0	043	043	04	1	2.8	5	1	5	0.75642965204236	3	Boone County, Missouri, United States	US	USMO	MO019	39.0334	-92.3335	758464	3	Boone County, Missouri, United States	US	USMO		39.0334	-92.3335	758464	3	Boone County, Missouri, United States	US	USMO		39.0334	-92.3335	758464	20251013181500	https://www.kbia.org/missouri-news-network/2025-10-13/buffaloe-looks-to-student-involvement-in-response-to-downtown-violence
1268379570	20251013	202510	2025	2025.7753	CVL	COMMUNITY						CVL			USA	UNITED STATES	USA								0	043	043	04	1	2.8	1	1	1	0.75642965204236	2	Missouri, United States	US	USMO		38.4623	-92.302	MO	2	Missouri, United States	US	USMO		38.4623	-92.302	MO	2	Missouri, United States	US	USMO		38.4623	-92.302	MO	20251013181500	https://www.kbia.org/missouri-news-network/2025-10-13/buffaloe-looks-to-student-involvement-in-response-to-downtown-violence
1268379571	20251013	202510	2025	2025.7753	CVL	RESIDENTS						CVL			USA	UNITED STATES	USA								0	051	051	05	1	3.4	2	1	2	-0.85632730732636	3	Altadena, California, United States	US	USCA	CA037	34.1897	-118.131	1652662	3	Altadena, California, United States	US	USCA	CA037	34.1897	-118.131	1652662	3	Altadena, California, United States	US	USCA	CA037	34.1897	-118.131	1652662	20251013181500	https://nypost.com/2025/10/13/real-estate/edwin-castro-is-buying-lots-damaged-in-the-la-wildfires/
1268379572	20251013	202510	2025	2025.7753	CVL	COMMUNITY						CVL			USA	UNITED STATES	USA								1	051	051	05	1	3.4	4	1	4	8.12182741116751	2	Hawaii, United States	US	USHI		21.1098	-157.531	HI	2	Hawaii, United States	US	USHI		21.1098	-157.531	HI	2	Hawaii, United States	US	USHI		21.1098	-157.531	HI	20251013181500	https://snjtoday.com/the-guidance-center-to-honor-john-f-scarpa/
1268379573	20251013	202510	2025	2025.7753	CVL	COMMUNITY						CVL			USA	NORTH CAROLINA	USA								1	051	051	05	1	3.4	7	1	7	4.47058823529411	2	North Carolina, United States	US	USNC		35.6411	-79.8431	NC	2	North Carolina, United States	US	USNC		35.6411	-79.8431	NC	2	North Carolina, United States	US	USNC		35.6411	-79.8431	NC	20251013181500	https://www.wilsontimes.com/news/director-of-award-winning-museum-thanks-wilson-for-support-6d4bcf59
1268379574	20251013	202510	2025	2025.7753	CVL	COMMUNITY						CVL			USA	UNITED STATES	USA								1	070	070	07	2	7.0	4	1	4	8.12182741116751	3	Cumberland County, New Jersey, United States	US	USNJ	NJ011	39.3501	-75.083	882275	3	Cumberland County, New Jersey, United States	US	USNJ		39.3501	-75.083	882275	3	Cumberland County, New Jersey, United States	US	USNJ		39.3501	-75.083	882275	20251013181500	https://snjtoday.com/the-guidance-center-to-honor-john-f-scarpa/
1268379575	20251013	202510	2025	2025.7753	CVL	COMMUNITY						CVL			USA	NORTH CAROLINA	USA								1	070	070	07	2	7.0	7	1	7	4.47058823529411	2	North Carolina, United States	US	USNC		35.6411	-79.8431	NC	2	North Carolina, United States	US	USNC		35.6411	-79.8431	NC	2	North Carolina, United States	US	USNC		35.6411	-79.8431	NC	20251013181500	https://www.wilsontimes.com/news/director-of-award-winning-museum-thanks-wilson-for-support-6d4bcf59
1268379576	20251013	202510	2025	2025.7753	CVL	NEIGHBORHOOD						CVL			USA	UNITED STATES	USA								0	181	181	18	4	-9.0	2	1	2	-11.3018597997139	3	Chicago, Illinois, United States	US	USIL	IL031	41.85	-87.6501	423587	3	Chicago, Illinois, United States	US	USIL	IL031	41.85	-87.6501	423587	3	Chicago, Illinois, United States	US	USIL	IL031	41.85	-87.6501	423587	20251013181500	https://newrepublic.com/post/201684/donald-trump-ice-terrorizing-chicago
1268379577	20251013	202510	2025	2025.7753	CVLBUS	COMMUNITY						CVL	BUS												1	043	043	04	1	2.8	20	1	10	2.20125786163522	0								0								0								20251013181500	https://www.erewashsound.com/news/borough-wide/travel-discount-scheme-extended-to-derbyshire-community-bank-members/
1268379578	20251013	202510	2025	2025.7753	CVLEDU	COMMUNITY						CVL	EDU		MEX	MEXICO	MEX								0	043	043	04	1	2.8	2	1	2	-3.24300310972901	3	Walla Walla, Washington, United States	US	USWA	WA071	46.0646	-118.343	1512769	1	Mexico	MX	MX		23	-102	MX	1	Mexico	MX	MX		23	-102	MX	20251013181500	http://www.chronline.com/stories/a-washington-catholic-priest-accused-of-sexual-misconduct-is-removed-and-reported-to-police,388998
1268379579	20251013	202510	2025	2025.7753	CZECVL	PILSEN	CZE					CVL			JUD	ADVOCATE						JUD			0	130	130	13	3	-4.4	2	1	2	-11.3018597997139	3	Chicago, Illinois, United States	US	USIL	IL031	41.85	-87.6501	423587	3	Chicago, Illinois, United States	US	USIL	IL031	41.85	-87.6501	423587	3	Chicago, Illinois, United States	US	USIL	IL031	41.85	-87.6501	423587	20251013181500	https://newrepublic.com/post/201684/donald-trump-ice-terrorizing-chicago
1268379580	20251013	202510	2025	2025.7753	CZECVL	PILSEN	CZE					CVL			JUD	ADVOCATE						JUD			0	130	130	13	3	-4.4	8	1	8	-11.3018597997139	1	Mexico	MX	MX		23	-102	MX	1	Mexico	MX	MX		23	-102	MX	1	Mexico	MX	MX		23	-102	MX	20251013181500	https://newrepublic.com/post/201684/donald-trump-ice-terrorizing-chicago
1268379581	20251013	202510	2025	2025.7753	DEU	GERMANY	DEU																		1	172	172	17	4	-5.0	9	1	9	6.08108108108108	1	Singapore	SN	SN		1.366667	103.8	SN	0								1	Singapore	SN	SN		1.366667	103.8	SN	20251013181500	https://www.textileworld.com/textile-world/knitting-apparel/2025/10/karl-mayer-high-stretch-fabrics-from-2-bar-tricot-machines-upgrade-the-comfort-and-style-of-classic-clothing-items/
1268379582	20251013	202510	2025	2025.7753	DEU	GERMANY	DEU								BUS	INDUSTRY						BUS			1	043	043	04	1	2.8	10	1	10	1.08991825613079	1	Germany	GM	GM		51.5	10.5	GM	1	Germany	GM	GM		51.5	10.5	GM	1	Germany	GM	GM		51.5	10.5	GM	20251013181500	https://www.textileworld.com/textile-world/2025/10/plastics-releases-global-trends-report-u-s-plastics-remains-driver-of-global-economic-growth/
1268379583	20251013	202510	2025	2025.7753	DEU	MUNICH	DEU								EUR	EUROPE	EUR								1	040	040	04	1	1.0	3	1	3	4.42359249329759	1	United States	US	US		39.828175	-98.5795	US	1	United States	US	US		39.828175	-98.5795	US	1	United States	US	US		39.828175	-98.5795	US	20251013181500	https://www.ai-online.com/2025/10/beyond-driver-monitoring-trinamix-brings-alcohol-detection-and-face-unlock-to-the-vehicle/
1268379584	20251013	202510	2025	2025.7753	DEU	GERMANY	DEU								GOV	AUTHORITIES						GOV			0	010	010	01	1	0.0	1	1	1	-3.58306188925081	1	Germany	GM	GM		51.5	10.5	GM	4	Tehran, Tehran, Iran	IR	IR26	41130	35.75	51.5148	10074674	1	Germany	GM	GM		51.5	10.5	GM	20251013181500	https://indianexpress.com/article/world/iran-lures-transgender-foreigners-for-surgery-but-forces-operations-on-locals-10305037/
1268379585	20251013	202510	2025	2025.7753	DEU	GERMANY	DEU								GOV	AUTHORITIES						GOV			0	010	010	01	1	0.0	1	1	1	-3.58306188925081	1	Germany	GM	GM		51.5	10.5	GM	1	Germany	GM	GM		51.5	10.5	GM	1	Germany	GM	GM		51.5	10.5	GM	20251013181500	https://indianexpress.com/article/world/iran-lures-transgender-foreigners-for-surgery-but-forces-operations-on-locals-10305037/
1268379586	20251013	202510	2025	2025.7753	DEU	GERMANY	DEU								GOV	AUTHORITIES						GOV			0	173	173	17	4	-5.0	1	1	1	-3.58306188925081	1	Germany	GM	GM		51.5	10.5	GM	4	Tehran, Tehran, Iran	IR	IR26	41130	35.75	51.5148	10074674	1	Germany	GM	GM		51.5	10.5	GM	20251013181500	https://indianexpress.com/article/world/iran-lures-transgender-foreigners-for-surgery-but-forces-operations-on-locals-10305037/
1268379587	20251013	202510	2025	2025.7753	DEU	GERMANY	DEU								GOV	AUTHORITIES						GOV			0	173	173	17	4	-5.0	1	1	1	-3.58306188925081	1	Germany	GM	GM		51.5	10.5	GM	1	Germany	GM	GM		51.5	10.5	GM	1	Germany	GM	GM		51.5	10.5	GM	20251013181500	https://indianexpress.com/article/world/iran-lures-transgender-foreigners-for-surgery-but-forces-operations-on-locals-10305037/
1268379588	20251013	202510	2025	2025.7753	DEU	GERMAN	DEU								JPN	JAPAN	JPN								1	042	042	04	1	1.9	1	1	1	6.25592417061611	4	Osaka, Osaka, Japan	JA	JA32	35840	34.6667	135.5	-240905	4	Osaka, Osaka, Japan	JA	JA32	35840	34.6667	135.5	-240905	4	Osaka, Osaka, Japan	JA	JA32	35840	34.6667	135.5	-240905	20251013181500	https://www.thailand-business-news.com/pr-news/expo-2025-osaka-draws-to-a-close-today-koelnmesse-welcomed-three-million-visitors-to-the-award-winning-german-pavilion
1268379589	20251013	202510	2025	2025.7753	DEU	GERMAN	DEU								JPN	JAPAN	JPN								1	043	043	04	1	2.8	4	1	2	6.25592417061611	4	Berlin, Berlin, Germany	GM	GM16	16538	52.5167	13.4	-1746443	4	Osaka, Osaka, Japan	JA	JA32	35840	34.6667	135.5	-240905	4	Osaka, Osaka, Japan	JA	JA32	35840	34.6667	135.5	-240905	20251013181500	https://www.thailand-business-news.com/pr-news/expo-2025-osaka-draws-to-a-close-today-koelnmesse-welcomed-three-million-visitors-to-the-award-winning-german-pavilion
1268379590	20251013	202510	2025	2025.7753	DEU	GERMAN	DEU								JPN	JAPAN	JPN								0	043	043	04	1	2.8	1	1	1	6.25592417061611	4	Osaka, Osaka, Japan	JA	JA32	35840	34.6667	135.5	-240905	4	Osaka, Osaka, Japan	JA	JA32	35840	34.6667	135.5	-240905	4	Osaka, Osaka, Japan	JA	JA32	35840	34.6667	135.5	-240905	20251013181500	https://www.thailand-business-news.com/pr-news/expo-2025-osaka-draws-to-a-close-today-koelnmesse-welcomed-three-million-visitors-to-the-award-winning-german-pavilion
1268379591	20251013	202510	2025	2025.7753	DEU	GERMAN	DEU								MED	MEDIA						MED			0	042	042	04	1	1.9	1	1	1	6.25592417061611	4	Berlin, Berlin, Germany	GM	GM16	16538	52.5167	13.4	-1746443	4	Osaka, Osaka, Japan	JA	JA32	35840	34.6667	135.5	-240905	4	Osaka, Osaka, Japan	JA	JA32	35840	34.6667	135.5	-240905	20251013181500	https://www.thailand-business-news.com/pr-news/expo-2025-osaka-draws-to-a-close-today-koelnmesse-welcomed-three-million-visitors-to-the-award-winning-german-pavilion
1268379592	20251013	202510	2025	2025.7753	DEU	GERMAN	DEU								MED	MEDIA						MED			0	042	042	04	1	1.9	1	1	1	6.25592417061611	4	Osaka, Osaka, Japan	JA	JA32	35840	34.6667	135.5	-240905	4	Osaka, Osaka, Japan	JA	JA32	35840	34.6667	135.5	-240905	4	Osaka, Osaka, Japan	JA	JA32	35840	34.6667	135.5	-240905	20251013181500	https://www.thailand-business-news.com/pr-news/expo-2025-osaka-draws-to-a-close-today-koelnmesse-welcomed-three-million-visitors-to-the-award-winning-german-pavilion
1268379593	20251013	202510	2025	2025.7753	DEU	MUNICH	DEU								USA	UNITED STATES	USA								1	040	040	04	1	1.0	4	1	4	4.42359249329759	1	United States	US	US		39.828175	-98.5795	US	1	United States	US	US		39.828175	-98.5795	US	1	United States	US	US		39.828175	-98.5795	US	20251013181500	https://www.ai-online.com/2025/10/beyond-driver-monitoring-trinamix-brings-alcohol-detection-and-face-unlock-to-the-vehicle/
1268379594	20251013	202510	2025	2025.7753	DEU	GERMAN	DEU								USA	UNITED STATES	USA								0	181	181	18	4	-9.0	1	1	1	-5.7356608478803	4	Kiryat Bialik, H_efa, Israel	IS	IS04	18314	32.8275	35.0858	-781089	3	Fort Worth, Texas, United States	US	USTX		32.7254	-97.3208	1380947	3	Fort Worth, Texas, United States	US	USTX		32.7254	-97.3208	1380947	20251013181500	https://www.nbcdfw.com/news/national-international/who-are-released-israeli-hostages-hamas/3931257/
1268379595	20251013	202510	2025	2025.7753	DEU	GERMAN	DEU								USA	UNITED STATES	USA								0	181	181	18	4	-9.0	1	1	1	-5.7356608478803	1	Germany	GM	GM		51.5	10.5	GM	3	Fort Worth, Texas, United States	US	USTX		32.7254	-97.3208	1380947	1		RB	RB				RB	20251013181500	https://www.nbcdfw.com/news/national-international/who-are-released-israeli-hostages-hamas/3931257/
1268379596	20251013	202510	2025	2025.7753	DNK	DENMARK	DNK																		1	010	010	01	1	0.0	5	1	5	8.90410958904107	4	Skrydstrup, Syddanmark, Denmark	DA	DA21	15165	55.2452	9.25415	-2750569	0								4	Skrydstrup, Syddanmark, Denmark	DA	DA21	15165	55.2452	9.25415	-2750569	20251013181500	https://jang.com.pk/en/49831-crown-prince-of-denmarks-dream-came-true-as-he-piloted-f16-fighter-jet-news
1268379597	20251013	202510	2025	2025.7753	EDU	SCHOOL						EDU													1	030	030	03	1	4.0	2	1	2	8.12182741116751	3	Richland, New Jersey, United States	US	USNJ	NJ001	39.4918	-74.8707	879677	0								3	Cumberland County, New Jersey, United States	US	USNJ		39.3501	-75.083	882275	20251013181500	https://snjtoday.com/the-guidance-center-to-honor-john-f-scarpa/
1268379598	20251013	202510	2025	2025.7753	EDU	PROFESSOR						EDU													1	040	040	04	1	1.0	3	1	3	1.28730251609128	2	New Mexico, United States	US	USNM		34.8375	-106.237	NM	0								2	New Mexico, United States	US	USNM		34.8375	-106.237	NM	20251013181500	https://thebulletin.org/2025/10/new-model-inspired-by-forest-fires-could-explain-why-some-ideas-go-viral/
1268379599	20251013	202510	2025	2025.7753	EDU	COLLEGE						EDU													1	046	046	04	1	7.0	6	1	6	-2.08333333333334	3	Washington, District of Columbia, United States	US	USDC	DC001	38.8951	-77.0364	531871	0								3	Washington, District of Columbia, United States	US	USDC	DC001	38.8951	-77.0364	531871	20251013181500	https://www.missourinet.com/2025/10/13/columbia-college-professor-weighs-in-on-the-government-shutdown-listen/
1268379600	20251013	202510	2025	2025.7753	EDU	STUDENT						EDU													0	110	110	11	3	-2.0	5	1	5	-6.74698795180723	4	Ahmadu, Borno, Nigeria	NI	NI27	191097	10.4892	12.1675	10295470	0								4	Ahmadu, Borno, Nigeria	NI	NI27	191097	10.4892	12.1675	10295470	20251013181500	https://www.nigerianeye.com/2025/10/asuu-members-disrupt-exams-at-uniben.html
1268379601	20251013	202510	2025	2025.7753	EDU	SCHOOL						EDU													0	160	160	16	4	-4.0	5	1	5	9.45558739255014	4	Bihar, Bihar, India	IN	IN34	17615	25.1833	85.5167	-2091797	0								4	Bihar, Bihar, India	IN	IN34	17615	25.1833	85.5167	-2091797	20251013181500	https://www.jagranjosh.com/articles/school-holiday-on-14-december-october-2025-tuesday-schools-closed-in-these-states-due-to-rain-and-regional-festivals-1800004098-1
1268379602	20251013	202510	2025	2025.7753	EDU	PROFESSOR						EDU			CHN	JILIN	CHN								0	050	050	05	1	3.5	1	1	1	4.97512437810945	4	Jilin, Jilin, China	CH	CH05	13169	43.8508	126.56	-1912247	4	Jilin, Jilin, China	CH	CH05	13169	43.8508	126.56	-1912247	4	Chen Wei, Guangdong, China	CH	CH30	13043	23.7837	113.661	10467813	20251013181500	https://www.globaltimes.cn/page/202510/1345563.shtml
1268379603	20251013	202510	2025	2025.7753	EDU	LECTURER						EDU			CHN	CHINA	CHN								0	051	051	05	1	3.4	10	1	10	4.9438202247191	4	Beijing, Beijing, China	CH	CH22	13001	39.9289	116.388	-1898541	4	Beijing, Beijing, China	CH	CH22	13001	39.9289	116.388	-1898541	4	Beijing, Beijing, China	CH	CH22	13001	39.9289	116.388	-1898541	20251013181500	https://www.globaltimes.cn/page/202510/1345542.shtml
1268379604	20251013	202510	2025	2025.7753	EDU	SCHOOL						EDU			CVL	VILLAGE						CVL			1	075	075	07	2	7.0	2	1	2	-3.62844702467344	3	Delaware Bay, Delaware, United States	US	USDE	DE005	39.0501	-75.1496	216373	3	Delaware Bay, Delaware, United States	US	USDE		39.0501	-75.1496	216373	3	Delaware Bay, Delaware, United States	US	USDE		39.0501	-75.1496	216373	20251013181500	https://www.kiro7.com/news/dozens-rescued/XYRYNIYC5YZYDENK5E6MGRYDIE/
1268379605	20251013	202510	2025	2025.7753	EDU	COLLEGE						EDU			HLH	GENERAL PRACTITIONER						HLH			1	012	012	01	1	-0.4	10	1	10	-3.52480417754569	1	United Kingdom	UK	UK		54	-4	UK	1	United Kingdom	UK	UK		54	-4	UK	1	United Kingdom	UK	UK		54	-4	UK	20251013181500	https://www.aol.co.uk/news/snp-unveils-gp-walk-centres-175301161.html
1268379606	20251013	202510	2025	2025.7753	EDU	SCHOOL						EDU			HLH	HOSPITAL						HLH			0	043	043	04	1	2.8	5	1	5	-1.37236962488564	4	Gaza, Israel (general), Israel	IS	IS00	18315	31.4167	34.3333	-797156	4	Gaza, Israel (general), Israel	IS	IS00	18315	31.4167	34.3333	-797156	4	Gaza, Israel (general), Israel	IS	IS00	18315	31.4167	34.3333	-797156	20251013181500	https://newrepublic.com/article/201680/hostages-returned-israel-palestine-process
1268379607	20251013	202510	2025	2025.7753	EDU	SCHOOL						EDU			IND	ANDHRA PRADESH	IND								1	051	051	05	1	3.4	10	1	10	9.45558739255014	4	Bihar, Bihar, India	IN	IN34	17615	25.1833	85.5167	-2091797	4	Bihar, Bihar, India	IN	IN34	17615	25.1833	85.5167	-2091797	4	Bihar, Bihar, India	IN	IN34	17615	25.1833	85.5167	-2091797	20251013181500	https://www.jagranjosh.com/articles/school-holiday-on-14-december-october-2025-tuesday-schools-closed-in-these-states-due-to-rain-and-regional-festivals-1800004098-1
1268379608	20251013	202510	2025	2025.7753	EDU	SCHOOL						EDU			MNCUSA	MOHAWK INDUSTRIES INC	USA					MNC			1	051	051	05	1	3.4	2	1	2	6.30434782608696	2	Georgia, United States	US	USGA		32.9866	-83.6487	GA	2	Georgia, United States	US	USGA		32.9866	-83.6487	GA	2	Georgia, United States	US	USGA		32.9866	-83.6487	GA	20251013181500	https://coosavalleynews.com/2025/10/gntc-accepting-applications-for-latin-american-association-mohawk-scholarships/
1268379609	20251013	202510	2025	2025.7753	EDU	SCHOOL						EDU			NRMRAC020	CREATIVITY				NRM					1	051	051	05	1	3.4	10	1	10	11.8055555555556	0								0								0								20251013181500	https://www.kolotv.com/2025/10/13/mcqueen-high-school-hosts-40th-annual-craft-faire/
1268379610	20251013	202510	2025	2025.7753	EDU	UNIVERSITY						EDU			TWN	TAIWAN	TWN								1	013	013	01	1	0.4	4	1	4	0.29197080291971	4	Shanghai, Shanghai, China	CH	CH23	13243	31.2222	121.458	-1924465	4	Hualien, Hualian Xian, Taiwan	TW	TW10	13277	23.9769	121.604	-2631690	4	Shanghai, Shanghai, China	CH	CH23	13243	31.2222	121.458	-1924465	20251013181500	https://www.globaltimes.cn/page/202510/1345505.shtml
1268379611	20251013	202510	2025	2025.7753	EDU	UNIVERSITY						EDU			TWN	TAIWAN	TWN								1	013	013	01	1	0.4	6	1	6	0.29197080291971	4	Hualien, Hualian Xian, Taiwan	TW	TW10	13277	23.9769	121.604	-2631690	4	Hualien, Hualian Xian, Taiwan	TW	TW10	13277	23.9769	121.604	-2631690	4	Hualien, Hualian Xian, Taiwan	TW	TW10	13277	23.9769	121.604	-2631690	20251013181500	https://www.globaltimes.cn/page/202510/1345505.shtml
1268379612	20251013	202510	2025	2025.7753	EDU	SCHOOL						EDU			USA	UNITED STATES	USA								1	013	013	01	1	0.4	5	1	5	-1.82648401826484	1	United States	US	US		39.828175	-98.5795	US	1	United States	US	US		39.828175	-98.5795	US	1	United States	US	US		39.828175	-98.5795	US	20251013181500	https://newrepublic.com/post/201700/mike-johnson-donald-trump-shutdown-layoffs-education
1268379613	20251013	202510	2025	2025.7753	EDU	PROFESSOR						EDU			USA	UNITED STATES	USA								1	040	040	04	1	1.0	2	1	2	1.28730251609128	2	Vermont, United States	US	USVT		44.0407	-72.7093	VT	2	Vermont, United States	US	USVT		44.0407	-72.7093	VT	2	Vermont, United States	US	USVT		44.0407	-72.7093	VT	20251013181500	https://thebulletin.org/2025/10/new-model-inspired-by-forest-fires-could-explain-why-some-ideas-go-viral/
1268379614	20251013	202510	2025	2025.7753	EDU	SCHOOL						EDU			USA	UNITED STATES	USA								0	043	043	04	1	2.8	5	1	5	-0.45366169799093	3	Upper West Side, New York, United States	US	USNY	NY061	40.787	-73.9754	2062672	3	Upper West Side, New York, United States	US	USNY		40.787	-73.9754	2062672	3	Upper West Side, New York, United States	US	USNY		40.787	-73.9754	2062672	20251013181500	https://www.dailymail.co.uk/tvshowbiz/article-15188391/Jennifer-Aniston-terrified-make-career-Gwyneth-Paltrow-Scarlett-Johansson-done.html
1268379615	20251013	202510	2025	2025.7753	EDU	COLLEGE						EDU			USA	UNITED STATES	USA								1	046	046	04	1	7.0	4	1	4	-2.08333333333334	3	Washington, District of Columbia, United States	US	USDC	DC001	38.8951	-77.0364	531871	3	Washington, District of Columbia, United States	US	USDC	DC001	38.8951	-77.0364	531871	3	Washington, District of Columbia, United States	US	USDC	DC001	38.8951	-77.0364	531871	20251013181500	https://www.missourinet.com/2025/10/13/columbia-college-professor-weighs-in-on-the-government-shutdown-listen/
1268379616	20251013	202510	2025	2025.7753	EDU	SCHOOL						EDU			USA	UNITED STATES	USA								1	075	075	07	2	7.0	6	1	6	-3.62844702467344	3	Delaware Bay, Delaware, United States	US	USDE	DE005	39.0501	-75.1496	216373	3	Delaware Bay, Delaware, United States	US	USDE		39.0501	-75.1496	216373	3	Delaware Bay, Delaware, United States	US	USDE		39.0501	-75.1496	216373	20251013181500	https://www.kiro7.com/news/dozens-rescued/XYRYNIYC5YZYDENK5E6MGRYDIE/
1268379617	20251013	202510	2025	2025.7753	EDUEDU	SCHOOL						EDU	EDU		EDU	SCHOOL						EDU			0	010	010	01	1	0.0	10	1	10	-4.40456769983687	4	Westport, New Zealand (general), New Zealand	NZ	NZ00	22392	-41.75	171.567	275107	4	Westport, New Zealand (general), New Zealand	NZ	NZ00	22392	-41.75	171.567	275107	4	Westport, New Zealand (general), New Zealand	NZ	NZ00	22392	-41.75	171.567	275107	20251013181500	https://www.rnz.co.nz/news/national/575836/outgoing-buller-mayor-cries-as-he-talks-about-risks-facing-town
1268379618	20251013	202510	2025	2025.7753	EDUEDU	COLLEGE						EDU	EDU		GOV	GOVERNMENT						GOV			1	060	060	06	2	6.0	10	1	10	-2.08333333333334	3	Washington, District of Columbia, United States	US	USDC	DC001	38.8951	-77.0364	531871	3	Washington, District of Columbia, United States	US	USDC	DC001	38.8951	-77.0364	531871	3	Washington, District of Columbia, United States	US	USDC	DC001	38.8951	-77.0364	531871	20251013181500	https://www.missourinet.com/2025/10/13/columbia-college-professor-weighs-in-on-the-government-shutdown-listen/
1268379619	20251013	202510	2025	2025.7753	EDUREB	STUDENT						EDU	REB												0	010	010	01	1	0.0	2	1	2	-0.48543689320389	2	California, United States	US	USCA		36.17	-119.746	CA	0								2	California, United States	US	USCA		36.17	-119.746	CA	20251013181500	https://sundial.csun.edu/198429/news/the-man-behind-the-masterpiece-david-obsts-imprint-on-history/
1268379620	20251013	202510	2025	2025.7753	EDUREB	STUDENT						EDU	REB												0	010	010	01	1	0.0	6	1	6	-0.48543689320389	1	Vietnam, Republic Of	VM	VM		16.166667	107.833333	VM	0								1	Vietnam, Republic Of	VM	VM		16.166667	107.833333	VM	20251013181500	https://sundial.csun.edu/198429/news/the-man-behind-the-masterpiece-david-obsts-imprint-on-history/
1268379621	20251013	202510	2025	2025.7753	EDUREB	STUDENT						EDU	REB		USA	UNITED STATES	USA								0	010	010	01	1	0.0	2	1	2	-0.48543689320389	2	California, United States	US	USCA		36.17	-119.746	CA	2	California, United States	US	USCA		36.17	-119.746	CA	2	California, United States	US	USCA		36.17	-119.746	CA	20251013181500	https://sundial.csun.edu/198429/news/the-man-behind-the-masterpiece-david-obsts-imprint-on-history/
1268379622	20251013	202510	2025	2025.7753	EGY	EGYPTIAN	EGY								EUR	EUROPEAN	EUR								1	173	173	17	4	-5.0	3	1	3	-1.82724252491694	2	Pennsylvania, United States	US	USPA		40.5773	-77.264	PA	1	Indonesia	ID	ID		-5	120	ID	1	Indonesia	ID	ID		-5	120	ID	20251013181500	https://www.mentalfloss.com/animals/cats/7-superstitions-about-cats-around-world
1268379623	20251013	202510	2025	2025.7753	EGY	EGYPT	EGY								GBR	UNITED KINGDOM	GBR								1	043	043	04	1	2.8	1	1	1	1.21145374449339	4	Sharm El Sheikh, Janub Sina', Egypt	EG	EG26	66041	27.8518	34.305	-302053	4	Burnham, Somerset, United Kingdom	UK	UKM3	40129	51.2417	-2.99528	-2591330	4	Burnham, Somerset, United Kingdom	UK	UKM3	40129	51.2417	-2.99528	-2591330	20251013181500	https://www.burnhamandhighbridgeweeklynews.co.uk/news/national/25538074.starmer-expresses-deep-relief-release-remaining-israeli-hostages/
1268379624	20251013	202510	2025	2025.7753	EGY	EGYPT	EGY								GBR	UNITED KINGDOM	GBR								1	043	043	04	1	2.8	1	1	1	1.21145374449339	4	Sharm El Sheikh, Janub Sina', Egypt	EG	EG26	66041	27.8518	34.305	-302053	4	Burnham, Somerset, United Kingdom	UK	UKM3	40129	51.2417	-2.99528	-2591330	4	Gaza, Israel (general), Israel	IS	IS00	18315	31.4167	34.3333	-797156	20251013181500	https://www.burnhamandhighbridgeweeklynews.co.uk/news/national/25538074.starmer-expresses-deep-relief-release-remaining-israeli-hostages/
1268379625	20251013	202510	2025	2025.7753	EGY	EGYPTIAN	EGY								ISR	ISRAEL	ISR								0	043	043	04	1	2.8	1	1	1	0.60790273556231	4	Tehran, Tehran, Iran	IR	IR26	41130	35.75	51.5148	10074674	4	Sharm El-Sheikh, Janub Sina', Egypt	EG	EG26	66041	27.8518	34.305	-302053	4	Sharm El-Sheikh, Janub Sina', Egypt	EG	EG26	66041	27.8518	34.305	-302053	20251013181500	https://www.islamicinvitationturkey.com/iran-declines-participation-in-sharm-el-sheikh-summit/
1268379626	20251013	202510	2025	2025.7753	EGY	EGYPTIAN	EGY								ISR	ISRAEL	ISR								0	050	050	05	1	3.5	1	1	1	0.60790273556231	4	Tehran, Tehran, Iran	IR	IR26	41130	35.75	51.5148	10074674	4	Sharm El-Sheikh, Janub Sina', Egypt	EG	EG26	66041	27.8518	34.305	-302053	4	Sharm El-Sheikh, Janub Sina', Egypt	EG	EG26	66041	27.8518	34.305	-302053	20251013181500	https://www.islamicinvitationturkey.com/iran-declines-participation-in-sharm-el-sheikh-summit/
1268379627	20251013	202510	2025	2025.7753	EGY	EGYPT	EGY								JOR	JORDAN	JOR								0	043	043	04	1	2.8	2	2	2	-4.04682204194164	4	Sharm El-Sheikh, Janub Sina', Egypt	EG	EG26	66041	27.8518	34.305	-302053	1	Qatar	QA	QA		25.5	51.25	QA	4	Sharm El-Sheikh, Janub Sina', Egypt	EG	EG26	66041	27.8518	34.305	-302053	20251013181500	https://www.cnn.com/2025/10/13/middleeast/released-israeli-hostages-peace-summit-intl
1268379628	20251013	202510	2025	2025.7753	EGY	EGYPT	EGY								PSE	GAZA	PSE								0	043	043	04	1	2.8	4	2	4	-4.04682204194164	4	Sharm El-Sheikh, Janub Sina', Egypt	EG	EG26	66041	27.8518	34.305	-302053	1	Qatar	QA	QA		25.5	51.25	QA	4	Sharm El-Sheikh, Janub Sina', Egypt	EG	EG26	66041	27.8518	34.305	-302053	20251013181500	https://www.cnn.com/2025/10/13/middleeast/released-israeli-hostages-peace-summit-intl
1268379629	20251013	202510	2025	2025.7753	EGY	EGYPTIAN	EGY								PSE	GAZA	PSE								0	043	043	04	1	2.8	1	1	1	0.60790273556231	4	Tehran, Tehran, Iran	IR	IR26	41130	35.75	51.5148	10074674	4	Sharm El-Sheikh, Janub Sina', Egypt	EG	EG26	66041	27.8518	34.305	-302053	4	Sharm El-Sheikh, Janub Sina', Egypt	EG	EG26	66041	27.8518	34.305	-302053	20251013181500	https://www.islamicinvitationturkey.com/iran-declines-participation-in-sharm-el-sheikh-summit/
1268379630	20251013	202510	2025	2025.7753	EGY	EGYPTIAN	EGY								PSE	GAZA	PSE								0	050	050	05	1	3.5	1	1	1	0.60790273556231	4	Tehran, Tehran, Iran	IR	IR26	41130	35.75	51.5148	10074674	4	Sharm El-Sheikh, Janub Sina', Egypt	EG	EG26	66041	27.8518	34.305	-302053	4	Sharm El-Sheikh, Janub Sina', Egypt	EG	EG26	66041	27.8518	34.305	-302053	20251013181500	https://www.islamicinvitationturkey.com/iran-declines-participation-in-sharm-el-sheikh-summit/
1268379631	20251013	202510	2025	2025.7753	EGY	EGYPT	EGY								PSE	GAZA	PSE								1	057	057	05	1	8.0	1	1	1	-1.75438596491228	4	Sharm El-Sheikh, Janub Sina', Egypt	EG	EG26	66041	27.8518	34.305	-302053	4	Gaza, Israel (general), Israel	IS	IS00	18315	31.4167	34.3333	-797156	4	Gaza, Israel (general), Israel	IS	IS00	18315	31.4167	34.3333	-797156	20251013181500	https://www.rnz.co.nz/news/world/575808/live-israel-releases-palestinian-prisoners-trump-arrives-to-praise
1268379632	20251013	202510	2025	2025.7753	EGY	EGYPT	EGY								QAT	QATAR	QAT								0	057	057	05	1	8.0	2	1	2	-1.46036161335188	4	Sharm El-Sheikh, Janub Sina', Egypt	EG	EG26	66041	27.8518	34.305	-302053	4	Sharm El-Sheikh, Janub Sina', Egypt	EG	EG26	66041	27.8518	34.305	-302053	1	Turkey	TU	TU		39.059012	34.911546	TU	20251013181500	https://www.cbc.ca/news/world/livestory/trump-mediators-sign-gaza-peace-deal-as-world-leaders-including-carney-attend-egypt-summit-9.6936751
1268379633	20251013	202510	2025	2025.7753	EGY	EGYPT	EGY								QAT	QATAR	QAT								0	057	057	05	1	8.0	2	1	2	-1.46036161335188	4	Gaza, Israel (general), Israel	IS	IS00	18315	31.4167	34.3333	-797156	4	Gaza, Israel (general), Israel	IS	IS00	18315	31.4167	34.3333	-797156	4	Sharm El-Sheikh, Janub Sina', Egypt	EG	EG26	66041	27.8518	34.305	-302053	20251013181500	https://www.cbc.ca/news/world/livestory/trump-mediators-sign-gaza-peace-deal-as-world-leaders-including-carney-attend-egypt-summit-9.6936751
1268379634	20251013	202510	2025	2025.7753	EGY	EGYPT	EGY								QAT	QATAR	QAT								1	057	057	05	1	8.0	1	1	1	0.43956043956044	4	Gaza, Israel (general), Israel	IS	IS00	18315	31.4167	34.3333	-797156	4	Gaza, Israel (general), Israel	IS	IS00	18315	31.4167	34.3333	-797156	4	Gaza, Israel (general), Israel	IS	IS00	18315	31.4167	34.3333	-797156	20251013181500	https://indianexpress.com/article/world/after-israel-hamas-prisoner-swap-world-leaders-sign-gaza-deal-10305171/
1268379635	20251013	202510	2025	2025.7753	EGY	EGYPT	EGY								QAT	QATAR	QAT								1	057	057	05	1	8.0	2	1	2	0.43956043956044	4	Gaza, Israel (general), Israel	IS	IS00	18315	31.4167	34.3333	-797156	4	Gaza, Israel (general), Israel	IS	IS00	18315	31.4167	34.3333	-797156	1	Qatar	QA	QA		25.5	51.25	QA	20251013181500	https://indianexpress.com/article/world/after-israel-hamas-prisoner-swap-world-leaders-sign-gaza-deal-10305171/
1268379636	20251013	202510	2025	2025.7753	EGY	EGYPT	EGY								QAT	QATAR	QAT								1	057	057	05	1	8.0	2	1	2	0.43956043956044	4	Gaza, Israel (general), Israel	IS	IS00	18315	31.4167	34.3333	-797156	1	Qatar	QA	QA		25.5	51.25	QA	1	Qatar	QA	QA		25.5	51.25	QA	20251013181500	https://indianexpress.com/article/world/after-israel-hamas-prisoner-swap-world-leaders-sign-gaza-deal-10305171/
1268379637	20251013	202510	2025	2025.7753	EGY	EGYPT	EGY								TUR	TURKEY	TUR								1	057	057	05	1	8.0	4	2	4	-0.51040058689572	4	Sharm El Sheikh, Janub Sina', Egypt	EG	EG26	66041	27.8518	34.305	-302053	1	Qatar	QA	QA		25.5	51.25	QA	1	Turkey	TU	TU		39.059012	34.911546	TU	20251013181500	https://www.cbc.ca/news/world/livestory/trump-mediators-sign-gaza-peace-deal-as-world-leaders-including-carney-attend-egypt-summit-9.6936751
1268379638	20251013	202510	2025	2025.7753	EGY	EGYPT	EGY								TUR	TURKEY	TUR								0	057	057	05	1	8.0	2	1	2	-1.46036161335188	4	Gaza, Israel (general), Israel	IS	IS00	18315	31.4167	34.3333	-797156	4	Sharm El-Sheikh, Janub Sina', Egypt	EG	EG26	66041	27.8518	34.305	-302053	4	Sharm El-Sheikh, Janub Sina', Egypt	EG	EG26	66041	27.8518	34.305	-302053	20251013181500	https://www.cbc.ca/news/world/livestory/trump-mediators-sign-gaza-peace-deal-as-world-leaders-including-carney-attend-egypt-summit-9.6936751
1268379639	20251013	202510	2025	2025.7753	ELI	ACTOR						ELI													1	043	043	04	1	2.8	2	1	2	-0.75075075075075	3	Washington, District of Columbia, United States	US	USDC	DC001	38.8951	-77.0364	531871	0								3	Washington, District of Columbia, United States	US	USDC	DC001	38.8951	-77.0364	531871	20251013181500	https://finance.yahoo.com/news/energy-most-critical-7-americas-173758336.html
1268379640	20251013	202510	2025	2025.7753	ELI	ACTOR						ELI													0	110	110	11	3	-2.0	6	1	6	3.03664921465968	1	Australia	AS	AS		-25	135	AS	0								1	Australia	AS	AS		-25	135	AS	20251013181500	https://www.billboard.com/lists/ariana-grande-cynthia-erivo-oscar-nods-actor-same-character/
1268379641	20251013	202510	2025	2025.7753	ELI	ACTOR						ELI			GBR	UNITED KINGDOM	GBR								0	051	051	05	1	3.4	2	1	2	3.03664921465968	1	United Kingdom	UK	UK		54	-4	UK	1	United Kingdom	UK	UK		54	-4	UK	1	United Kingdom	UK	UK		54	-4	UK	20251013181500	https://www.billboard.com/lists/ariana-grande-cynthia-erivo-oscar-nods-actor-same-character/
1268379642	20251013	202510	2025	2025.7753	ESP	SPAIN	ESP																		1	045	045	04	1	5.0	4	1	4	2.91666666666667	1	Spain	SP	SP		40	-4	SP	0								1	Spain	SP	SP		40	-4	SP	20251013181500	https://www.latimes.com/b2b/commercial-real-estate/story/2025-10-13/holmby-hall-sells-32m-westwood-village
1268379643	20251013	202510	2025	2025.7753	ESP	SPAIN	ESP								SWE	SWEDEN	SWE								0	060	060	06	2	6.0	10	1	10	6.33663366336634	1	Spain	SP	SP		40	-4	SP	1	Sweden	SW	SW		62	15	SW	1	Spain	SP	SP		40	-4	SP	20251013181500	https://www.hpcwire.com/off-the-wire/eurohpc-ju-selects-ai-factory-antennas-to-broaden-ai-factories-initiative/
1268379644	20251013	202510	2025	2025.7753	EUR	EUROPEAN	EUR																		0	070	070	07	2	7.0	5	1	5	6.33663366336634	1	Austria	AU	AU		47.333333	13.333333	AU	0								1	Austria	AU	AU		47.333333	13.333333	AU	20251013181500	https://www.hpcwire.com/off-the-wire/eurohpc-ju-selects-ai-factory-antennas-to-broaden-ai-factories-initiative/
1268379645	20251013	202510	2025	2025.7753	EUR	EUROPEAN	EUR								BHS	BAHAMA	BHS								1	042	042	04	1	1.9	6	1	6	2.99295774647888	3	Washington, District of Columbia, United States	US	USDC	DC001	38.8951	-77.0364	531871	3	Washington, District of Columbia, United States	US	USDC	DC001	38.8951	-77.0364	531871	3	Washington, District of Columbia, United States	US	USDC	DC001	38.8951	-77.0364	531871	20251013181500	https://economictimes.indiatimes.com/news/international/us/social-security-shutdown-all-1400-offices-closed-nationwide-for-24-hours-know-the-reason/articleshow/124533062.cms
1268379646	20251013	202510	2025	2025.7753	EUR	EUROPEAN	EUR								BHS	BAHAMA	BHS								1	042	042	04	1	1.9	1	1	1	2.99295774647888	3	Washington, District of Columbia, United States	US	USDC	DC001	38.8951	-77.0364	531871	1	Bahamas, The	BF	BF		24	-76	BF	1	Bahamas, The	BF	BF		24	-76	BF	20251013181500	https://economictimes.indiatimes.com/news/international/us/social-security-shutdown-all-1400-offices-closed-nationwide-for-24-hours-know-the-reason/articleshow/124533062.cms
1268379647	20251013	202510	2025	2025.7753	EUR	EUROPE	EUR								DEU	MUNICH	DEU								1	040	040	04	1	1.0	3	1	3	4.42359249329759	1	United States	US	US		39.828175	-98.5795	US	4	Munich, Bayern, Germany	GM	GM02	16532	48.15	11.5833	-1829149	4	Munich, Bayern, Germany	GM	GM02	16532	48.15	11.5833	-1829149	20251013181500	https://www.ai-online.com/2025/10/beyond-driver-monitoring-trinamix-brings-alcohol-detection-and-face-unlock-to-the-vehicle/
1268379648	20251013	202510	2025	2025.7753	EUR	EUROPEAN	EUR								GBR	UNITED KINGDOM	GBR								1	046	046	04	1	7.0	10	1	10	-0.81743869209809	4	London, London, City of, United Kingdom	UK	UKH9	40110	51.5	-0.116667	-2601889	4	London, London, City of, United Kingdom	UK	UKH9	40110	51.5	-0.116667	-2601889	4	London, London, City of, United Kingdom	UK	UKH9	40110	51.5	-0.116667	-2601889	20251013181500	https://www.arabnews.com/node/2618767/world
1268379649	20251013	202510	2025	2025.7753	EUR	EUROPEAN	EUR								USAGOV	US GOVERNMENT	USA					GOV			1	043	043	04	1	2.8	10	1	10	-1.75438596491228	1	Malta	MT	MT		35.916667	14.433333	MT	1	Malta	MT	MT		35.916667	14.433333	MT	1	Malta	MT	MT		35.916667	14.433333	MT	20251013181500	https://biztoc.com/x/25fcf21fc1e7c827
1268379650	20251013	202510	2025	2025.7753	EURGOV	EUROPEAN	EUR					GOV			ESP	SPAIN	ESP								1	017	017	01	1	0.0	10	1	10	3.14569536423841	4	Bluesky, Alberta, Canada	CA	CA01	154724	56.0667	-118.25	-561397	4	Bluesky, Alberta, Canada	CA	CA01	154724	56.0667	-118.25	-561397	4	Bluesky, Alberta, Canada	CA	CA01	154724	56.0667	-118.25	-561397	20251013181500	https://www.webwire.com/ViewPressRel.asp?aId=345151
1268379651	20251013	202510	2025	2025.7753	FRA	FRENCH	FRA								FRAGOV	FRANCE	FRA					GOV			1	020	020	02	1	3.0	4	1	4	-2.20994475138122	1	France	FR	FR		46	2	FR	1	France	FR	FR		46	2	FR	1	France	FR	FR		46	2	FR	20251013181500	https://www.el-balad.com/6731410
1268379652	20251013	202510	2025	2025.7753	FRA	PARIS	FRA								GBR	LONDON	GBR								1	160	160	16	4	-4.0	1	1	1	-2.23048327137547	2	New York, United States	US	USNY		42.1497	-74.9384	NY	2	New York, United States	US	USNY		42.1497	-74.9384	NY	2	New York, United States	US	USNY		42.1497	-74.9384	NY	20251013181500	https://www.prnewswire.com/news-releases/investor-alert-pomerantz-law-firm-investigates-claims-on-behalf-of-investors-of-james-hardie-industries-plc--jhx-302582226.html
1268379653	20251013	202510	2025	2025.7753	FRA	PARIS	FRA								GOV	PREMIER						GOV			1	015	015	01	1	0.0	8	1	8	-2.23048327137547	4	Paris, France (general), France	FR	FR00	16282	48.8667	2.33333	-1456928	4	Paris, France (general), France	FR	FR00	16282	48.8667	2.33333	-1456928	4	Paris, France (general), France	FR	FR00	16282	48.8667	2.33333	-1456928	20251013181500	https://www.prnewswire.com/news-releases/investor-alert-pomerantz-law-firm-investigates-claims-on-behalf-of-investors-of-james-hardie-industries-plc--jhx-302582226.html
1268379654	20251013	202510	2025	2025.7753	FRA	PARIS	FRA								GOV	PREMIER						GOV			1	015	015	01	1	0.0	2	1	2	-2.23048327137547	2	New York, United States	US	USNY		42.1497	-74.9384	NY	3	Chicago, Illinois, United States	US	USIL	IL031	41.85	-87.6501	423587	2	New York, United States	US	USNY		42.1497	-74.9384	NY	20251013181500	https://www.prnewswire.com/news-releases/investor-alert-pomerantz-law-firm-investigates-claims-on-behalf-of-investors-of-james-hardie-industries-plc--jhx-302582226.html
1268379655	20251013	202510	2025	2025.7753	FRA	PARIS	FRA								JUD	PROSECUTOR						JUD			1	043	043	04	1	2.8	8	1	8	-6.89655172413793	4	Paris, France (general), France	FR	FR00	16282	48.8667	2.33333	-1456928	4	Paris, France (general), France	FR	FR00	16282	48.8667	2.33333	-1456928	4	Paris, France (general), France	FR	FR00	16282	48.8667	2.33333	-1456928	20251013181500	https://www.arabnews.com/node/2618765/world
1268379656	20251013	202510	2025	2025.7753	FRA	FRANCE	FRA								LUX	LUXEMBOURG	LUX								1	060	060	06	2	6.0	10	1	10	3.62438220757826	1	France	FR	FR		46	2	FR	1	Luxembourg	LU	LU		49.75	6.166667	LU	1	France	FR	FR		46	2	FR	20251013181500	https://www.hpcwire.com/off-the-wire/eurohpc-to-deploy-caspir-supercomputer-at-university-of-galway/
1268379657	20251013	202510	2025	2025.7753	FRAGOV	FRENCH	FRA					GOV			FRA	FRENCH	FRA								1	020	020	02	1	3.0	3	1	3	-2.20994475138122	1	France	FR	FR		46	2	FR	1	France	FR	FR		46	2	FR	1	France	FR	FR		46	2	FR	20251013181500	https://www.el-balad.com/6731410
1268379658	20251013	202510	2025	2025.7753	GBR	UNITED KINGDOM	GBR																		1	035	035	03	1	7.0	4	1	4	4.61538461538462	1	United Kingdom	UK	UK		54	-4	UK	0								1	United Kingdom	UK	UK		54	-4	UK	20251013181500	https://www.bainbridgereview.com/local-marketplace/celtic-crossroads-brings-a-taste-of-ireland-and-scotland-to-whidbey-island-this-october/
1268379659	20251013	202510	2025	2025.7753	GBR	UNITED KINGDOM	GBR																		1	042	042	04	1	1.9	1	1	1	2.25806451612903	4	Windrush, Gloucestershire, United Kingdom	UK	UKE6	40109	51.8	-1.71667	-2611827	0								5	Essex, Essex, United Kingdom	UK	UKE4	40108	51.8333	0.583333	-2595724	20251013181500	https://www.erewashsound.com/news/borough-wide/childrens-tv-legend-floella-joins-mayor-in-windrush-salute/
1268379660	20251013	202510	2025	2025.7753	GBR	UNITED KINGDOM	GBR																		1	042	042	04	1	1.9	5	1	5	2.25806451612903	4	Windrush, Gloucestershire, United Kingdom	UK	UKE6	40109	51.8	-1.71667	-2611827	0								4	Windrush, Gloucestershire, United Kingdom	UK	UKE6	40109	51.8	-1.71667	-2611827	20251013181500	https://www.erewashsound.com/news/borough-wide/childrens-tv-legend-floella-joins-mayor-in-windrush-salute/
1268379661	20251013	202510	2025	2025.7753	GBR	UNITED KINGDOM	GBR																		1	043	043	04	1	2.8	8	1	8	0	5	Worcestershire, Worcestershire, United Kingdom	UK	UKQ4	40113	52.1667	-2.16667	-2612112	0								5	Worcestershire, Worcestershire, United Kingdom	UK	UKQ4	40113	52.1667	-2.16667	-2612112	20251013181500	https://www.tvguide.co.uk/schedule/ceb2680f-086c-552b-99fc-0fa00b6c6000/weird-britain
1268379662	20251013	202510	2025	2025.7753	GBR	UNITED KINGDOM	GBR																		1	051	051	05	1	3.4	4	1	4	2.25806451612903	4	Long Eaton, Derbyshire, United Kingdom	UK	UKD3	40126	52.9	-1.26667	-2601935	0								4	Long Eaton, Derbyshire, United Kingdom	UK	UKD3	40126	52.9	-1.26667	-2601935	20251013181500	https://www.erewashsound.com/news/borough-wide/childrens-tv-legend-floella-joins-mayor-in-windrush-salute/
1268379663	20251013	202510	2025	2025.7753	GBR	UNITED KINGDOM	GBR																		1	051	051	05	1	3.4	4	1	4	2.25806451612903	4	Windrush, Gloucestershire, United Kingdom	UK	UKE6	40109	51.8	-1.71667	-2611827	0								4	Windrush, Gloucestershire, United Kingdom	UK	UKE6	40109	51.8	-1.71667	-2611827	20251013181500	https://www.erewashsound.com/news/borough-wide/childrens-tv-legend-floella-joins-mayor-in-windrush-salute/
1268379664	20251013	202510	2025	2025.7753	GBR	UNITED KINGDOM	GBR																		1	141	141	14	3	-6.5	2	1	2	2.61941448382126	4	Bristol, Bristol, City of, United Kingdom	UK	UKB7	40094	51.45	-2.58333	-2590919	0								4	Bristol, Bristol, City of, United Kingdom	UK	UKB7	40094	51.45	-2.58333	-2590919	20251013181500	https://www.webwire.com/ViewPressRel.asp?aId=345152
1268379665	20251013	202510	2025	2025.7753	GBR	UNITED KINGDOM	GBR								ARE	UNITED ARAB EMIRATES	ARE								1	061	061	06	2	6.4	2	1	2	3.09090909090909	1	Netherlands	NL	NL		52.5	5.75	NL	1	United States	US	US		39.828175	-98.5795	US	1	India	IN	IN		20	77	IN	20251013181500	https://theindianawaaz.com/indias-electronics-surge-powers-jobs-exports-and-global-industry-growth/
1268379666	20251013	202510	2025	2025.7753	GBR	UNITED KINGDOM	GBR								ARE	UNITED ARAB EMIRATES	ARE								1	061	061	06	2	6.4	6	1	6	3.09090909090909	1	United Kingdom	UK	UK		54	-4	UK	1	United Arab Emirates	AE	AE		24	54	AE	1	India	IN	IN		20	77	IN	20251013181500	https://theindianawaaz.com/indias-electronics-surge-powers-jobs-exports-and-global-industry-growth/
1268379667	20251013	202510	2025	2025.7753	GBR	UNITED KINGDOM	GBR								ARE	UNITED ARAB EMIRATES	ARE								1	061	061	06	2	6.4	2	1	2	3.09090909090909	1	United States	US	US		39.828175	-98.5795	US	1	United States	US	US		39.828175	-98.5795	US	1	India	IN	IN		20	77	IN	20251013181500	https://theindianawaaz.com/indias-electronics-surge-powers-jobs-exports-and-global-industry-growth/
1268379668	20251013	202510	2025	2025.7753	GBR	UNITED KINGDOM	GBR								BUS	BUSINESS						BUS			1	051	051	05	1	3.4	10	1	10	2.5	4	Highbridge, Somerset, United Kingdom	UK	UKM3	40129	51.2167	-2.98333	-2598645	4	Highbridge, Somerset, United Kingdom	UK	UKM3	40129	51.2167	-2.98333	-2598645	4	Highbridge, Somerset, United Kingdom	UK	UKM3	40129	51.2167	-2.98333	-2598645	20251013181500	https://www.burnhamandhighbridgeweeklynews.co.uk/news/25539466.free-localiq-digital-marketing-courses-build-ai-skills/
1268379669	20251013	202510	2025	2025.7753	GBR	UNITED KINGDOM	GBR								COP	POLICE						COP			1	042	042	04	1	1.9	10	1	10	-2.06185567010309	5	Cambridgeshire, Cambridgeshire, United Kingdom	UK	UKC3	40098	52.3333	0.083333	-2591659	5	Cambridgeshire, Cambridgeshire, United Kingdom	UK	UKC3	40098	52.3333	0.083333	-2591659	5	Cambridgeshire, Cambridgeshire, United Kingdom	UK	UKC3	40098	52.3333	0.083333	-2591659	20251013181500	https://www.cambstimes.co.uk/news/25539691.police-cannabis-factory-wimblington-road-march/
1268379670	20251013	202510	2025	2025.7753	GBR	UNITED KINGDOM	GBR								EGY	EGYPT	EGY								1	042	042	04	1	1.9	1	1	1	1.21145374449339	4	Burnham, Somerset, United Kingdom	UK	UKM3	40129	51.2417	-2.99528	-2591330	4	Sharm El Sheikh, Janub Sina', Egypt	EG	EG26	66041	27.8518	34.305	-302053	4	Burnham, Somerset, United Kingdom	UK	UKM3	40129	51.2417	-2.99528	-2591330	20251013181500	https://www.burnhamandhighbridgeweeklynews.co.uk/news/national/25538074.starmer-expresses-deep-relief-release-remaining-israeli-hostages/
1268379671	20251013	202510	2025	2025.7753	GBR	UNITED KINGDOM	GBR								EGY	EGYPT	EGY								1	042	042	04	1	1.9	1	1	1	1.21145374449339	4	Burnham, Somerset, United Kingdom	UK	UKM3	40129	51.2417	-2.99528	-2591330	4	Sharm El Sheikh, Janub Sina', Egypt	EG	EG26	66041	27.8518	34.305	-302053	4	Gaza, Israel (general), Israel	IS	IS00	18315	31.4167	34.3333	-797156	20251013181500	https://www.burnhamandhighbridgeweeklynews.co.uk/news/national/25538074.starmer-expresses-deep-relief-release-remaining-israeli-hostages/
1268379672	20251013	202510	2025	2025.7753	GBR	UNITED KINGDOM	GBR								ELI	ACTOR						ELI			0	110	110	11	3	-2.0	2	1	2	3.03664921465968	1	Australia	AS	AS		-25	135	AS	1	Australia	AS	AS		-25	135	AS	1	Australia	AS	AS		-25	135	AS	20251013181500	https://www.billboard.com/lists/ariana-grande-cynthia-erivo-oscar-nods-actor-same-character/
1268379673	20251013	202510	2025	2025.7753	GBR	UNITED KINGDOM	GBR								ELI	ACTOR						ELI			0	110	110	11	3	-2.0	2	1	2	3.03664921465968	1	United Kingdom	UK	UK		54	-4	UK	1	United Kingdom	UK	UK		54	-4	UK	1	United Kingdom	UK	UK		54	-4	UK	20251013181500	https://www.billboard.com/lists/ariana-grande-cynthia-erivo-oscar-nods-actor-same-character/
1268379674	20251013	202510	2025	2025.7753	GBR	UNITED KINGDOM	GBR								EUR	EUROPEAN	EUR								1	046	046	04	1	7.0	10	1	10	-0.81743869209809	4	London, London, City of, United Kingdom	UK	UKH9	40110	51.5	-0.116667	-2601889	4	London, London, City of, United Kingdom	UK	UKH9	40110	51.5	-0.116667	-2601889	4	London, London, City of, United Kingdom	UK	UKH9	40110	51.5	-0.116667	-2601889	20251013181500	https://www.arabnews.com/node/2618767/world
1268379675	20251013	202510	2025	2025.7753	GBR	WALES	GBR								GBRCOP	WALES	GBR					COP			0	173	173	17	4	-5.0	10	1	10	-5.95419847328244	0								0								0								20251013181500	https://www.vice.com/en/article/former-lostprophets-member-ian-watkins-murdered-in-prison-guitarist-lee-gaze-responds-to-news/
1268379676	20251013	202510	2025	2025.7753	GBR	SCOTLAND	GBR								GOV	MINIST						GOV			0	010	010	01	1	0.0	2	1	2	-0.21253985122211	4	Highbridge, Somerset, United Kingdom	UK	UKM3	40129	51.2167	-2.98333	-2598645	4	Highbridge, Somerset, United Kingdom	UK	UKM3	40129	51.2167	-2.98333	-2598645	4	Highbridge, Somerset, United Kingdom	UK	UKM3	40129	51.2167	-2.98333	-2598645	20251013181500	https://www.burnhamandhighbridgeweeklynews.co.uk/news/national/25539708.swinney-announces-network-15-walk-in-gp-centres-open-within-year/
1268379677	20251013	202510	2025	2025.7753	GBR	LONDON	GBR								GOV	PREMIER						GOV			1	015	015	01	1	0.0	8	1	8	-2.23048327137547	4	London, London, City of, United Kingdom	UK	UKH9	40110	51.5	-0.116667	-2601889	4	Paris, France (general), France	FR	FR00	16282	48.8667	2.33333	-1456928	4	Paris, France (general), France	FR	FR00	16282	48.8667	2.33333	-1456928	20251013181500	https://www.prnewswire.com/news-releases/investor-alert-pomerantz-law-firm-investigates-claims-on-behalf-of-investors-of-james-hardie-industries-plc--jhx-302582226.html
1268379678	20251013	202510	2025	2025.7753	GBR	LONDON	GBR								GOV	PREMIER						GOV			1	015	015	01	1	0.0	2	1	2	-2.23048327137547	2	New York, United States	US	USNY		42.1497	-74.9384	NY	3	Chicago, Illinois, United States	US	USIL	IL031	41.85	-87.6501	423587	2	New York, United States	US	USNY		42.1497	-74.9384	NY	20251013181500	https://www.prnewswire.com/news-releases/investor-alert-pomerantz-law-firm-investigates-claims-on-behalf-of-investors-of-james-hardie-industries-plc--jhx-302582226.html
1268379679	20251013	202510	2025	2025.7753	GBR	UNITED KINGDOM	GBR								GOV	MAYOR						GOV			1	046	046	04	1	7.0	1	1	1	2.25806451612903	5	Essex, Essex, United Kingdom	UK	UKE4	40108	51.8333	0.583333	-2595724	1	Barbados	BB	BB		13.166667	-59.533333	BB	1	Barbados	BB	BB		13.166667	-59.533333	BB	20251013181500	https://www.erewashsound.com/news/borough-wide/childrens-tv-legend-floella-joins-mayor-in-windrush-salute/
1268379680	20251013	202510	2025	2025.7753	GBR	UNITED KINGDOM	GBR								GOV	MAYOR						GOV			1	046	046	04	1	7.0	1	1	1	2.25806451612903	4	Long Eaton, Derbyshire, United Kingdom	UK	UKD3	40126	52.9	-1.26667	-2601935	5	Essex, Essex, United Kingdom	UK	UKE4	40108	51.8333	0.583333	-2595724	5	Essex, Essex, United Kingdom	UK	UKE4	40108	51.8333	0.583333	-2595724	20251013181500	https://www.erewashsound.com/news/borough-wide/childrens-tv-legend-floella-joins-mayor-in-windrush-salute/
1268379681	20251013	202510	2025	2025.7753	GBR	UNITED KINGDOM	GBR								GOV	PRINCE						GOV			0	046	046	04	1	7.0	4	1	4	-0.34662045060658	4	Northern Ireland, Craigavon, United Kingdom	UK	UKR8	40152	54.5	-6.5	-2604275	4	Northern Ireland, Craigavon, United Kingdom	UK	UKR8	40152	54.5	-6.5	-2604275	4	Northern Ireland, Craigavon, United Kingdom	UK	UKR8	40152	54.5	-6.5	-2604275	20251013181500	https://royalcentral.co.uk/uk/mental-health-day-212013/
1268379682	20251013	202510	2025	2025.7753	GBR	UNITED KINGDOM	GBR								GOV	PRESIDENT						GOV			1	141	141	14	3	-6.5	2	1	2	2.61941448382126	4	Bristol, Bristol, City of, United Kingdom	UK	UKB7	40094	51.45	-2.58333	-2590919	4	Bristol, Bristol, City of, United Kingdom	UK	UKB7	40094	51.45	-2.58333	-2590919	4	Bristol, Bristol, City of, United Kingdom	UK	UKB7	40094	51.45	-2.58333	-2590919	20251013181500	https://www.webwire.com/ViewPressRel.asp?aId=345152
1268379683	20251013	202510	2025	2025.7753	GBR	UNITED KINGDOM	GBR								IRL	IRELAND	IRL								1	040	040	04	1	1.0	2	1	2	4.61538461538462	1	Ireland	EI	EI		53	-8	EI	1	Ireland	EI	EI		53	-8	EI	1	Ireland	EI	EI		53	-8	EI	20251013181500	https://www.bainbridgereview.com/local-marketplace/celtic-crossroads-brings-a-taste-of-ireland-and-scotland-to-whidbey-island-this-october/
1268379684	20251013	202510	2025	2025.7753	GBR	SCOTLAND	GBR								IRL	IRELAND	IRL								1	040	040	04	1	1.0	8	1	8	4.61538461538462	1	United Kingdom	UK	UK		54	-4	UK	1	Ireland	EI	EI		53	-8	EI	1	Ireland	EI	EI		53	-8	EI	20251013181500	https://www.bainbridgereview.com/local-marketplace/celtic-crossroads-brings-a-taste-of-ireland-and-scotland-to-whidbey-island-this-october/
1268379685	20251013	202510	2025	2025.7753	GBR	UNITED KINGDOM	GBR								MCO	MONACO	MCO								0	042	042	04	1	1.9	4	1	4	9.17721518987342	4	Edinburgh, Edinburgh, City of, United Kingdom	UK	UKU8	40173	55.95	-3.2	-2595386	4	Monte Carlo, Monaco (general), Monaco	MN	MN00	16321	43.7393	7.42738	-1452685	4	Monte Carlo, Monaco (general), Monaco	MN	MN00	16321	43.7393	7.42738	-1452685	20251013181500	https://royalcentral.co.uk/europe/monaco/princess-sophie-monaco-214679/
1268379686	20251013	202510	2025	2025.7753	GBR	EDINBURGH	GBR								MCO	MONACO	MCO								0	042	042	04	1	1.9	6	1	6	9.17721518987342	4	Edinburgh, Edinburgh, City of, United Kingdom	UK	UKU8	40173	55.95	-3.2	-2595386	4	Monte Carlo, Monaco (general), Monaco	MN	MN00	16321	43.7393	7.42738	-1452685	4	Edinburgh, Edinburgh, City of, United Kingdom	UK	UKU8	40173	55.95	-3.2	-2595386	20251013181500	https://royalcentral.co.uk/europe/monaco/princess-sophie-monaco-214679/
1268379687	20251013	202510	2025	2025.7753	GBRGOV	UNITED KINGDOM	GBR					GOV			GOV	ADMINISTRATION						GOV			1	112	112	11	3	-2.0	20	10	20	-5.13985998100975	4	Beijing, Beijing, China	CH	CH22	13001	39.9289	116.388	-1898541	4	Beijing, Beijing, China	CH	CH22	13001	39.9289	116.388	-1898541	4	Beijing, Beijing, China	CH	CH22	13001	39.9289	116.388	-1898541	20251013181500	https://www.newsandstar.co.uk/news/national/25540176.china-poses-series-threats-national-security-uk-government-says/
1268379688	20251013	202510	2025	2025.7753	GBRSET	UNITED KINGDOM	GBR					SET			LAB	WORKER						LAB			1	051	051	05	1	3.4	6	1	6	2.25806451612903	4	Long Eaton, Derbyshire, United Kingdom	UK	UKD3	40126	52.9	-1.26667	-2601935	4	Long Eaton, Derbyshire, United Kingdom	UK	UKD3	40126	52.9	-1.26667	-2601935	4	Long Eaton, Derbyshire, United Kingdom	UK	UKD3	40126	52.9	-1.26667	-2601935	20251013181500	https://www.erewashsound.com/news/borough-wide/childrens-tv-legend-floella-joins-mayor-in-windrush-salute/
1268379689	20251013	202510	2025	2025.7753	GBRSHN	ST HELENA	GBR			SHN															1	036	036	03	1	4.0	10	1	10	-4.16666666666667	2	South Carolina, United States	US	USSC		33.8191	-80.9066	SC	0								2	South Carolina, United States	US	USSC		33.8191	-80.9066	SC	20251013181500	https://www.ems1.com/mass-casualty-incidents-mci/4-dead-at-least-20-injured-in-shooting-at-s-c-bar
1268379690	20251013	202510	2025	2025.7753	GHA	TAMALE	GHA								OPP	PROTESTER						OPP			0	043	043	04	1	2.8	8	1	8	-11.3018597997139	3	Hoffman Estates, Illinois, United States	US	USIL	IL031	42.0428	-88.0798	410341	3	Hoffman Estates, Illinois, United States	US	USIL		42.0428	-88.0798	410341	3	Hoffman Estates, Illinois, United States	US	USIL		42.0428	-88.0798	410341	20251013181500	https://newrepublic.com/post/201684/donald-trump-ice-terrorizing-chicago
1268379691	20251013	202510	2025	2025.7753	GHA	TAMALE	GHA								OPP	PROTESTER						OPP			0	043	043	04	1	2.8	2	1	2	-11.3018597997139	3	Chicago, Illinois, United States	US	USIL	IL031	41.85	-87.6501	423587	3	Chicago, Illinois, United States	US	USIL	IL031	41.85	-87.6501	423587	3	Chicago, Illinois, United States	US	USIL	IL031	41.85	-87.6501	423587	20251013181500	https://newrepublic.com/post/201684/donald-trump-ice-terrorizing-chicago
1268379692	20251013	202510	2025	2025.7753	GOV	GOVERNMENT						GOV													0	010	010	01	1	0.0	10	1	10	-6.74698795180723	4	Ahmadu, Borno, Nigeria	NI	NI27	191097	10.4892	12.1675	10295470	0								4	Ahmadu, Borno, Nigeria	NI	NI27	191097	10.4892	12.1675	10295470	20251013181500	https://www.nigerianeye.com/2025/10/asuu-members-disrupt-exams-at-uniben.html
1268379693	20251013	202510	2025	2025.7753	GOV	MINISTRY						GOV													0	010	010	01	1	0.0	1	1	1	-3.24300310972901	3	South Hill, Washington, United States	US	USWA	WA053	47.1412	-122.27	1867636	0								3	South Hill, Washington, United States	US	USWA		47.1412	-122.27	1867636	20251013181500	http://www.chronline.com/stories/a-washington-catholic-priest-accused-of-sexual-misconduct-is-removed-and-reported-to-police,388998
1268379694	20251013	202510	2025	2025.7753	GOV	PRESIDENT						GOV													1	010	010	01	1	0.0	3	1	3	0.51020408163265	3	San Francisco, California, United States	US	USCA	CA075	37.7749	-122.419	277593	0								3	San Francisco, California, United States	US	USCA		37.7749	-122.419	277593	20251013181500	https://www.nbcbayarea.com/news/local/san-francisco-benioff-musk-national-guard/3962820/
1268379695	20251013	202510	2025	2025.7753	GOV	PRESIDENT						GOV													0	010	010	01	1	0.0	2	1	2	4.9438202247191	1	Kyrgyzstan	KG	KG		41	75	KG	0								4	Beijing, Beijing, China	CH	CH22	13001	39.9289	116.388	-1898541	20251013181500	https://www.globaltimes.cn/page/202510/1345542.shtml
1268379696	20251013	202510	2025	2025.7753	GOV	PRESIDENT						GOV													1	010	010	01	1	0.0	3	1	3	-2.53388332351208	2	Michigan, United States	US	USMI		43.3504	-84.5603	MI	0								2	Michigan, United States	US	USMI		43.3504	-84.5603	MI	20251013181500	https://www.winnipegfreepress.com/world/2025/10/13/fact-focus-with-a-truce-in-israel-trump-now-says-hes-ended-eight-wars-his-numbers-are-off
1268379697	20251013	202510	2025	2025.7753	GOV	PRESIDENT						GOV													1	013	013	01	1	0.4	10	1	10	-3.59712230215827	4	Kano, Kano, Nigeria	NI	NI29	191030	11.9964	8.51667	-2014610	0								4	Kano, Kano, Nigeria	NI	NI29	191030	11.9964	8.51667	-2014610	20251013181500	https://www.nigerianeye.com/2025/10/2027jonathan-not-threat-to-tinubu.html
1268379698	20251013	202510	2025	2025.7753	GOV	PRESIDENT						GOV													1	018	018	01	1	3.4	2	1	2	4.95049504950495	4	Walvis Bay, Erongo, Namibia	WA	WA29	22259	-22.9575	14.5053	-1298950	0								4	Walvis Bay, Erongo, Namibia	WA	WA29	22259	-22.9575	14.5053	-1298950	20251013181500	https://allafrica.com/stories/202510130745.html
1268379699	20251013	202510	2025	2025.7753	GOV	PRESIDENT						GOV													1	018	018	01	1	3.4	8	1	8	4.95049504950495	5	Erongo, Erongo, Namibia	WA	WA29	22255	-22.0833	15.3333	311103	0								5	Erongo, Erongo, Namibia	WA	WA29	22255	-22.0833	15.3333	311103	20251013181500	https://allafrica.com/stories/202510130745.html
1268379700	20251013	202510	2025	2025.7753	GOV	PRINCE						GOV													0	026	026	02	1	4.0	2	1	2	9.17721518987342	4	Monte Carlo, Monaco (general), Monaco	MN	MN00	16321	43.7393	7.42738	-1452685	0								4	Monte Carlo, Monaco (general), Monaco	MN	MN00	16321	43.7393	7.42738	-1452685	20251013181500	https://royalcentral.co.uk/europe/monaco/princess-sophie-monaco-214679/
1268379701	20251013	202510	2025	2025.7753	GOV	PRINCE						GOV													0	026	026	02	1	4.0	6	1	6	9.17721518987342	4	London, London, City of, United Kingdom	UK	UKH9	40110	51.5	-0.116667	-2601889	0								4	Monte Carlo, Monaco (general), Monaco	MN	MN00	16321	43.7393	7.42738	-1452685	20251013181500	https://royalcentral.co.uk/europe/monaco/princess-sophie-monaco-214679/
1268379702	20251013	202510	2025	2025.7753	GOV	PRINCE						GOV													0	026	026	02	1	4.0	2	1	2	9.17721518987342	4	London, London, City of, United Kingdom	UK	UKH9	40110	51.5	-0.116667	-2601889	0								4	London, London, City of, United Kingdom	UK	UKH9	40110	51.5	-0.116667	-2601889	20251013181500	https://royalcentral.co.uk/europe/monaco/princess-sophie-monaco-214679/
1268379703	20251013	202510	2025	2025.7753	GOV	GOVERNMENT						GOV													1	0331	033	03	1	5.2	10	1	10	3.41137123745819	1	United States	US	US		39.828175	-98.5795	US	0								1	United States	US	US		39.828175	-98.5795	US	20251013181500	https://economictimes.indiatimes.com/news/international/us/rush-to-save-big-30-battery-tax-credit-ending-soon-heres-how-to-cash-in-fast/articleshow/124530269.cms
1268379704	20251013	202510	2025	2025.7753	GOV	PRESIDENT						GOV													0	036	036	03	1	4.0	10	1	10	0	4	Rafah, Shamal Sina', Egypt	EG	EG27	16446	31.2878	34.2369	-301033	0								4	Rafah, Shamal Sina', Egypt	EG	EG27	16446	31.2878	34.2369	-301033	20251013181500	https://www.wlwt.com/article/whats-open-closed-columbus-day-indigenous-peoples-day/69016853
1268379705	20251013	202510	2025	2025.7753	GOV	GOVERNOR						GOV													0	040	040	04	1	1.0	6	1	6	0.75642965204236	2	Missouri, United States	US	USMO		38.4623	-92.302	MO	0								2	Missouri, United States	US	USMO		38.4623	-92.302	MO	20251013181500	https://www.kbia.org/missouri-news-network/2025-10-13/buffaloe-looks-to-student-involvement-in-response-to-downtown-violence
1268379706	20251013	202510	2025	2025.7753	GOV	PRESIDENT						GOV													1	043	043	04	1	2.8	8	1	8	0.69124423963134	4	Gaza, Israel (general), Israel	IS	IS00	18315	31.4167	34.3333	-797156	0								1	Egypt	EG	EG		27	30	EG	20251013181500	https://townhall.com/tipsheet/amy-curtis/2025/10/13/rubio-most-important-day-for-world-peace-in-50-years-n2664865
1268379707	20251013	202510	2025	2025.7753	GOV	MAYOR						GOV													1	046	046	04	1	7.0	4	1	4	2.25806451612903	4	Windrush, Gloucestershire, United Kingdom	UK	UKE6	40109	51.8	-1.71667	-2611827	0								4	Windrush, Gloucestershire, United Kingdom	UK	UKE6	40109	51.8	-1.71667	-2611827	20251013181500	https://www.erewashsound.com/news/borough-wide/childrens-tv-legend-floella-joins-mayor-in-windrush-salute/
1268379708	20251013	202510	2025	2025.7753	GOV	GOVERNOR						GOV													0	046	046	04	1	7.0	6	1	6	0.75642965204236	2	Missouri, United States	US	USMO		38.4623	-92.302	MO	0								2	Missouri, United States	US	USMO		38.4623	-92.302	MO	20251013181500	https://www.kbia.org/missouri-news-network/2025-10-13/buffaloe-looks-to-student-involvement-in-response-to-downtown-violence
1268379709	20251013	202510	2025	2025.7753	GOV	STATE GOVERNOR						GOV													1	051	051	05	1	3.4	2	1	2	2.61660978384527	5	Oyo State, Oyo, Nigeria	NI	NI32	191166	8	4	-2024630	0								5	Oyo State, Oyo, Nigeria	NI	NI32	191166	8	4	-2024630	20251013181500	https://www.nigerianeye.com/2025/10/dont-despair-over-defections-victory.html
1268379710	20251013	202510	2025	2025.7753	GOV	GOVERNMENT						GOV													1	0831	083	08	2	5.0	1	1	1	-1.97802197802198	5	Kashmir, Jammu and Kashmir, India	IN	IN12	72809	33.9167	76.6667	-2098229	0								5	Kashmir, Jammu and Kashmir, India	IN	IN12	72809	33.9167	76.6667	-2098229	20251013181500	https://kashmirlife.net/former-ias-officer-who-resigned-over-kashmir-shutdown-joins-congress-409016/
1268379711	20251013	202510	2025	2025.7753	GOV	GOVERNMENT						GOV													1	0831	083	08	2	5.0	1	1	1	-1.97802197802198	4	Kottayam, Kerala, India	IN	IN13	17698	11.8333	75.5667	-2101654	0								5	Kashmir, Jammu and Kashmir, India	IN	IN12	72809	33.9167	76.6667	-2098229	20251013181500	https://kashmirlife.net/former-ias-officer-who-resigned-over-kashmir-shutdown-joins-congress-409016/
1268379712	20251013	202510	2025	2025.7753	GOV	GOVERNMENT						GOV													1	0831	083	08	2	5.0	3	1	3	-1.97802197802198	4	Kottayam, Kerala, India	IN	IN13	17698	11.8333	75.5667	-2101654	0								4	Kottayam, Kerala, India	IN	IN13	17698	11.8333	75.5667	-2101654	20251013181500	https://kashmirlife.net/former-ias-officer-who-resigned-over-kashmir-shutdown-joins-congress-409016/
1268379713	20251013	202510	2025	2025.7753	GOV	MINIST						GOV													1	112	112	11	3	-2.0	6	1	6	-5.10510510510511	4	Highbridge, Somerset, United Kingdom	UK	UKM3	40129	51.2167	-2.98333	-2598645	0								4	Highbridge, Somerset, United Kingdom	UK	UKM3	40129	51.2167	-2.98333	-2598645	20251013181500	https://www.burnhamandhighbridgeweeklynews.co.uk/news/national/25540176.china-poses-series-threats-national-security-uk-government-says/
1268379714	20251013	202510	2025	2025.7753	GOV	GOVERNOR						GOV													1	120	120	12	3	-4.0	7	1	7	2.61660978384527	4	Enugu, Enugu, Nigeria	NI	NI47	191302	6.4402	7.4943	-2006530	0								4	Enugu, Enugu, Nigeria	NI	NI47	191302	6.4402	7.4943	-2006530	20251013181500	https://www.nigerianeye.com/2025/10/dont-despair-over-defections-victory.html
1268379715	20251013	202510	2025	2025.7753	GOV	GOVERNOR						GOV													1	120	120	12	3	-4.0	1	1	1	2.61660978384527	5	Oyo State, Oyo, Nigeria	NI	NI32	191166	8	4	-2024630	0								4	Enugu, Enugu, Nigeria	NI	NI47	191302	6.4402	7.4943	-2006530	20251013181500	https://www.nigerianeye.com/2025/10/dont-despair-over-defections-victory.html
1268379716	20251013	202510	2025	2025.7753	GOV	ADMINISTRATION						GOV													1	140	140	14	3	-6.5	8	1	8	-9.43396226415095	3	Washington, District of Columbia, United States	US	USDC	DC001	38.8951	-77.0364	531871	0								3	Washington, District of Columbia, United States	US	USDC	DC001	38.8951	-77.0364	531871	20251013181500	https://arstechnica.com/health/2025/10/mass-firings-at-us-health-dept-partially-reversed-but-still-devastating/
1268379717	20251013	202510	2025	2025.7753	GOV	PRESIDENT						GOV													1	141	141	14	3	-6.5	3	1	3	2.61941448382126	4	Bristol, Bristol, City of, United Kingdom	UK	UKB7	40094	51.45	-2.58333	-2590919	0								4	Bristol, Bristol, City of, United Kingdom	UK	UKB7	40094	51.45	-2.58333	-2590919	20251013181500	https://www.webwire.com/ViewPressRel.asp?aId=345152
1268379718	20251013	202510	2025	2025.7753	GOV	KING						GOV													1	141	141	14	3	-6.5	10	1	10	-4.7008547008547	2	Michigan, United States	US	USMI		43.3504	-84.5603	MI	0								2	Michigan, United States	US	USMI		43.3504	-84.5603	MI	20251013181500	https://www.wkar.org/wkar-news/2025-10-13/over-100-michigan-communities-to-participate-in-no-kings-day-protest
1268379719	20251013	202510	2025	2025.7753	GOV	GOVERNMENT						GOV													1	173	173	17	4	-5.0	5	1	5	2.96411856474259	4	Oslo, Oslo, Norway	NO	NO12	23413	59.9167	10.75	-273837	0								4	Oslo, Oslo, Norway	NO	NO12	23413	59.9167	10.75	-273837	20251013181500	https://www.wilsontimes.com/columns/who-won-the-nobel-peace-prize-and-who-didnt-83c4e394
1268379720	20251013	202510	2025	2025.7753	GOV	MINIST						GOV													0	173	173	17	4	-5.0	2	1	2	-2.62857142857143	4	Weidong, Anhui, China	CH	CH01	12997	31.2036	118.82	10541761	0								4	Weidong, Anhui, China	CH	CH01	12997	31.2036	118.82	10541761	20251013181500	https://www.thestar.com.my/aseanplus/aseanplus-news/2025/10/13/as-fourth-plenum-looms-china-braces-for-a-major-central-committee-shake-up
1268379721	20251013	202510	2025	2025.7753	GOV	GOVERNMENT						GOV													0	190	190	19	4	-10.0	3	1	3	-5.4367201426025	4	Yerevan, Yerevan*, Armenia	AM	AM11	4936	40.1811	44.5136	-2325645	0								4	Yerevan, Yerevan*, Armenia	AM	AM11	4936	40.1811	44.5136	-2325645	20251013181500	https://www.ncregister.com/news/armenia-at-a-crossroads
1268379722	20251013	202510	2025	2025.7753	GOV	FOREIGN MINIST						GOV			AFGGOV	AFGHANISTAN	AFG					GOV			1	040	040	04	1	1.0	8	1	8	-0.95320623916811	4	New Delhi, Delhi, India	IN	IN07	17911	28.6	77.2	-2106102	4	Kabul, Kabol, Afghanistan	AF	AF13	3580	34.5167	69.1833	-3378435	4	New Delhi, Delhi, India	IN	IN07	17911	28.6	77.2	-2106102	20251013181500	https://kashmirlife.net/is-india-quietly-restoring-diplomatic-ties-with-the-taliban-regime-409023/
1268379723	20251013	202510	2025	2025.7753	GOV	FOREIGN MINIST						GOV			AFGGOV	AFGHANISTAN	AFG					GOV			1	040	040	04	1	1.0	2	1	2	-0.95320623916811	4	New Delhi, Delhi, India	IN	IN07	17911	28.6	77.2	-2106102	1	United States	US	US		39.828175	-98.5795	US	4	Kabul, Kabol, Afghanistan	AF	AF13	3580	34.5167	69.1833	-3378435	20251013181500	https://kashmirlife.net/is-india-quietly-restoring-diplomatic-ties-with-the-taliban-regime-409023/
1268379724	20251013	202510	2025	2025.7753	GOV	FOREIGN MINIST						GOV			AFGGOV	AFGHANISTAN	AFG					GOV			1	043	043	04	1	2.8	4	1	4	-0.95320623916811	4	New Delhi, Delhi, India	IN	IN07	17911	28.6	77.2	-2106102	4	Kabul, Kabol, Afghanistan	AF	AF13	3580	34.5167	69.1833	-3378435	4	New Delhi, Delhi, India	IN	IN07	17911	28.6	77.2	-2106102	20251013181500	https://kashmirlife.net/is-india-quietly-restoring-diplomatic-ties-with-the-taliban-regime-409023/
1268379725	20251013	202510	2025	2025.7753	GOV	FOREIGN MINIST						GOV			AFGGOV	AFGHANISTAN	AFG					GOV			1	046	046	04	1	7.0	2	1	2	-0.95320623916811	4	New Delhi, Delhi, India	IN	IN07	17911	28.6	77.2	-2106102	1	United States	US	US		39.828175	-98.5795	US	4	New Delhi, Delhi, India	IN	IN07	17911	28.6	77.2	-2106102	20251013181500	https://kashmirlife.net/is-india-quietly-restoring-diplomatic-ties-with-the-taliban-regime-409023/
1268379726	20251013	202510	2025	2025.7753	GOV	GOVERNMENT						GOV			ARM	ARMENIA	ARM								0	190	190	19	4	-10.0	6	1	6	-5.4367201426025	4	Yerevan, Yerevan*, Armenia	AM	AM11	4936	40.1811	44.5136	-2325645	4	Yerevan, Yerevan*, Armenia	AM	AM11	4936	40.1811	44.5136	-2325645	4	Yerevan, Yerevan*, Armenia	AM	AM11	4936	40.1811	44.5136	-2325645	20251013181500	https://www.ncregister.com/news/armenia-at-a-crossroads
1268379727	20251013	202510	2025	2025.7753	GOV	PRESIDENT						GOV			BUSLEG	COMPANY						BUS	LEG		1	046	046	04	1	7.0	10	1	10	1.67785234899329	4	Kelani Valley, Central, Sri Lanka	CE	CE29	25845	6.9237	80.4477	10884854	4	Kelani Valley, Central, Sri Lanka	CE	CE29	25845	6.9237	80.4477	10884854	4	Kelani Valley, Central, Sri Lanka	CE	CE29	25845	6.9237	80.4477	10884854	20251013181500	https://srilankamirror.com/news/special-discussion-on-increasing-estate-workers-wages/
1268379728	20251013	202510	2025	2025.7753	GOV	PRESIDENT						GOV			CAN	CANADA	CAN								1	051	051	05	1	3.4	4	1	4	-1.46036161335188	4	Gaza, Israel (general), Israel	IS	IS00	18315	31.4167	34.3333	-797156	4	Gaza, Israel (general), Israel	IS	IS00	18315	31.4167	34.3333	-797156	4	Gaza, Israel (general), Israel	IS	IS00	18315	31.4167	34.3333	-797156	20251013181500	https://www.cbc.ca/news/world/livestory/trump-mediators-sign-gaza-peace-deal-as-world-leaders-including-carney-attend-egypt-summit-9.6936751
1268379729	20251013	202510	2025	2025.7753	GOV	PRESIDENT						GOV			CHN	CHINA	CHN								0	141	141	14	3	-6.5	8	1	8	4.9438202247191	4	Beijing, Beijing, China	CH	CH22	13001	39.9289	116.388	-1898541	4	Beijing, Beijing, China	CH	CH22	13001	39.9289	116.388	-1898541	4	Beijing, Beijing, China	CH	CH22	13001	39.9289	116.388	-1898541	20251013181500	https://www.globaltimes.cn/page/202510/1345542.shtml
1268379730	20251013	202510	2025	2025.7753	GOV	PRESIDENT						GOV			CHN	CHINA	CHN								0	141	141	14	3	-6.5	2	1	2	4.9438202247191	1	Kyrgyzstan	KG	KG		41	75	KG	1	Kyrgyzstan	KG	KG		41	75	KG	1	Kyrgyzstan	KG	KG		41	75	KG	20251013181500	https://www.globaltimes.cn/page/202510/1345542.shtml
1268379731	20251013	202510	2025	2025.7753	GOV	GOVERNMENT						GOV			CHRDOX301	ARMENIAN APOSTOLIC CHURCH				CHR	DOX				0	190	190	19	4	-10.0	1	1	1	-5.4367201426025	4	Yerevan, Yerevan*, Armenia	AM	AM11	4936	40.1811	44.5136	-2325645	4	Yerevan, Yerevan*, Armenia	AM	AM11	4936	40.1811	44.5136	-2325645	4	Yerevan, Yerevan*, Armenia	AM	AM11	4936	40.1811	44.5136	-2325645	20251013181500	https://www.ncregister.com/news/armenia-at-a-crossroads
1268379732	20251013	202510	2025	2025.7753	GOV	ADMINISTRATION						GOV			CUB	HAVANA	CUB								1	043	043	04	1	2.8	6	1	6	-6.9672131147541	4	Havana, Ciudad de La Habana, Cuba	CU	CU02	14613	23.1319	-82.3642	-1628751	4	Havana, Ciudad de La Habana, Cuba	CU	CU02	14613	23.1319	-82.3642	-1628751	4	Havana, Ciudad de La Habana, Cuba	CU	CU02	14613	23.1319	-82.3642	-1628751	20251013181500	https://www.yahoo.com/news/articles/imprisoned-cuban-dissident-goes-exile-171031201.html
1268379733	20251013	202510	2025	2025.7753	GOV	ADMINISTRATION						GOV			CUB	HAVANA	CUB								1	043	043	04	1	2.8	4	1	4	-6.9672131147541	3	Miami, Florida, United States	US	USFL	FL086	25.7743	-80.1937	295004	4	Havana, Ciudad de La Habana, Cuba	CU	CU02	14613	23.1319	-82.3642	-1628751	4	Havana, Ciudad de La Habana, Cuba	CU	CU02	14613	23.1319	-82.3642	-1628751	20251013181500	https://www.yahoo.com/news/articles/imprisoned-cuban-dissident-goes-exile-171031201.html
1268379734	20251013	202510	2025	2025.7753	GOV	CABINET						GOV			CVLBUS	COMMUNITY						CVL	BUS		1	051	051	05	1	3.4	5	1	5	2.20125786163522	0								0								0								20251013181500	https://www.erewashsound.com/news/borough-wide/travel-discount-scheme-extended-to-derbyshire-community-bank-members/
1268379735	20251013	202510	2025	2025.7753	GOV	MINIST						GOV			GBR	SCOTLAND	GBR								0	013	013	01	1	0.4	5	1	5	-0.21253985122211	4	Highbridge, Somerset, United Kingdom	UK	UKM3	40129	51.2167	-2.98333	-2598645	4	Highbridge, Somerset, United Kingdom	UK	UKM3	40129	51.2167	-2.98333	-2598645	4	Highbridge, Somerset, United Kingdom	UK	UKM3	40129	51.2167	-2.98333	-2598645	20251013181500	https://www.burnhamandhighbridgeweeklynews.co.uk/news/national/25539708.swinney-announces-network-15-walk-in-gp-centres-open-within-year/
1268379736	20251013	202510	2025	2025.7753	GOV	MINIST						GOV			GBR	SCOT	GBR								1	014	014	01	1	0.0	10	1	10	-3.52480417754569	1	United Kingdom	UK	UK		54	-4	UK	1	United Kingdom	UK	UK		54	-4	UK	1	United Kingdom	UK	UK		54	-4	UK	20251013181500	https://www.aol.co.uk/news/snp-unveils-gp-walk-centres-175301161.html
1268379737	20251013	202510	2025	2025.7753	GOV	PRINCE						GOV			GBR	UNITED KINGDOM	GBR								0	046	046	04	1	7.0	4	1	4	-0.34662045060658	4	Northern Ireland, Craigavon, United Kingdom	UK	UKR8	40152	54.5	-6.5	-2604275	4	Northern Ireland, Craigavon, United Kingdom	UK	UKR8	40152	54.5	-6.5	-2604275	4	Northern Ireland, Craigavon, United Kingdom	UK	UKR8	40152	54.5	-6.5	-2604275	20251013181500	https://royalcentral.co.uk/uk/mental-health-day-212013/
1268379738	20251013	202510	2025	2025.7753	GOV	MAYOR						GOV			GBR	UNITED KINGDOM	GBR								1	046	046	04	1	7.0	2	1	2	2.25806451612903	4	Windrush, Gloucestershire, United Kingdom	UK	UKE6	40109	51.8	-1.71667	-2611827	4	Windrush, Gloucestershire, United Kingdom	UK	UKE6	40109	51.8	-1.71667	-2611827	4	Windrush, Gloucestershire, United Kingdom	UK	UKE6	40109	51.8	-1.71667	-2611827	20251013181500	https://www.erewashsound.com/news/borough-wide/childrens-tv-legend-floella-joins-mayor-in-windrush-salute/
1268379739	20251013	202510	2025	2025.7753	GOV	MINIST						GOV			GBR	UNITED KINGDOM	GBR								1	112	112	11	3	-2.0	2	1	2	-5.10510510510511	4	Highbridge, Somerset, United Kingdom	UK	UKM3	40129	51.2167	-2.98333	-2598645	4	Highbridge, Somerset, United Kingdom	UK	UKM3	40129	51.2167	-2.98333	-2598645	4	Highbridge, Somerset, United Kingdom	UK	UKM3	40129	51.2167	-2.98333	-2598645	20251013181500	https://www.burnhamandhighbridgeweeklynews.co.uk/news/national/25540176.china-poses-series-threats-national-security-uk-government-says/
1268379740	20251013	202510	2025	2025.7753	GOV	PRESIDENT						GOV			GOVLAB	GOVERNMENT						GOV	LAB		1	010	010	01	1	0.0	6	1	6	-1.82648401826484	1	United States	US	US		39.828175	-98.5795	US	1	United States	US	US		39.828175	-98.5795	US	1	United States	US	US		39.828175	-98.5795	US	20251013181500	https://newrepublic.com/post/201700/mike-johnson-donald-trump-shutdown-layoffs-education
1268379741	20251013	202510	2025	2025.7753	GOV	ENVOY						GOV			GOVLEG	MINIST						GOV	LEG		1	043	043	04	1	2.8	5	1	5	3.2032032032032	4	Beijing, Beijing, China	CH	CH22	13001	39.9289	116.388	-1898541	4	Beijing, Beijing, China	CH	CH22	13001	39.9289	116.388	-1898541	4	Beijing, Beijing, China	CH	CH22	13001	39.9289	116.388	-1898541	20251013181500	https://www.globaltimes.cn/page/202510/1345565.shtml
1268379742	20251013	202510	2025	2025.7753	GOV	FIREFIGHTER						GOV			HLH	HOSPITAL						HLH			1	111	111	11	3	-2.0	10	1	10	-2.53968253968254	2	Arizona, United States	US	USAZ		33.7712	-111.388	AZ	2	Arizona, United States	US	USAZ		33.7712	-111.388	AZ	2	Arizona, United States	US	USAZ		33.7712	-111.388	AZ	20251013181500	https://www.12news.com/article/news/local/valley/bee-swarm-found-peoria-arizona-backyard/75-fc127d28-3914-417b-824f-2d5e273cefeb
1268379743	20251013	202510	2025	2025.7753	GOV	EMBASSY						GOV			IND	NEW DELHI	IND								0	036	036	03	1	4.0	1	1	1	-0.95320623916811	4	Kabul, Kabol, Afghanistan	AF	AF13	3580	34.5167	69.1833	-3378435	4	New Delhi, Delhi, India	IN	IN07	17911	28.6	77.2	-2106102	4	New Delhi, Delhi, India	IN	IN07	17911	28.6	77.2	-2106102	20251013181500	https://kashmirlife.net/is-india-quietly-restoring-diplomatic-ties-with-the-taliban-regime-409023/
1268379744	20251013	202510	2025	2025.7753	GOV	FOREIGN MINIST						GOV			IRN	IRAN	IRN								1	120	120	12	3	-4.0	7	1	7	0.60790273556231	4	Tehran, Tehran, Iran	IR	IR26	41130	35.75	51.5148	10074674	4	Tehran, Tehran, Iran	IR	IR26	41130	35.75	51.5148	10074674	4	Tehran, Tehran, Iran	IR	IR26	41130	35.75	51.5148	10074674	20251013181500	https://www.islamicinvitationturkey.com/iran-declines-participation-in-sharm-el-sheikh-summit/
1268379745	20251013	202510	2025	2025.7753	GOV	FOREIGN MINIST						GOV			IRNGOV	IRANIAN	IRN					GOV			1	010	010	01	1	0.0	6	1	6	0.60790273556231	4	Tehran, Tehran, Iran	IR	IR26	41130	35.75	51.5148	10074674	4	Tehran, Tehran, Iran	IR	IR26	41130	35.75	51.5148	10074674	4	Tehran, Tehran, Iran	IR	IR26	41130	35.75	51.5148	10074674	20251013181500	https://www.islamicinvitationturkey.com/iran-declines-participation-in-sharm-el-sheikh-summit/
1268379746	20251013	202510	2025	2025.7753	GOV	PRESIDENT						GOV			ISR	ISRAEL	ISR								1	010	010	01	1	0.0	1	1	1	-2.53388332351208	2	Michigan, United States	US	USMI		43.3504	-84.5603	MI	2	Michigan, United States	US	USMI		43.3504	-84.5603	MI	2	Michigan, United States	US	USMI		43.3504	-84.5603	MI	20251013181500	https://www.winnipegfreepress.com/world/2025/10/13/fact-focus-with-a-truce-in-israel-trump-now-says-hes-ended-eight-wars-his-numbers-are-off
1268379747	20251013	202510	2025	2025.7753	GOV	PRESIDENT						GOV			ISR	ISRAEL	ISR								1	013	013	01	1	0.4	4	1	4	3.87096774193549	4	Tel Aviv, Tel Aviv, Israel	IS	IS05	18316	32.0667	34.7667	-781545	4	Tel Aviv, Tel Aviv, Israel	IS	IS05	18316	32.0667	34.7667	-781545	4	Tel Aviv, Tel Aviv, Israel	IS	IS05	18316	32.0667	34.7667	-781545	20251013181500	https://twincitiesnewstalk.iheart.com/content/2025-10-13-president-trump-speaks-in-egypt-after-signing-israel-hamas-ceasefire-deal/
1268379748	20251013	202510	2025	2025.7753	GOV	PRESIDENT						GOV			ISR	ISRAEL	ISR								1	014	014	01	1	0.0	4	1	4	-1.06951871657754	4	Tel Aviv, Tel Aviv, Israel	IS	IS05	18316	32.0667	34.7667	-781545	4	Tel Aviv, Tel Aviv, Israel	IS	IS05	18316	32.0667	34.7667	-781545	4	Tel Aviv, Tel Aviv, Israel	IS	IS05	18316	32.0667	34.7667	-781545	20251013181500	https://nypost.com/2025/10/13/us-news/trump-says-gaza-peace-process-could-be-greatest-deal-of-them-all/
1268379749	20251013	202510	2025	2025.7753	GOV	PRESIDENT						GOV			ISR	TEL AVIV	ISR								0	042	042	04	1	1.9	5	1	5	0	4	Rafah, Shamal Sina', Egypt	EG	EG27	16446	31.2878	34.2369	-301033	4	Rafah, Shamal Sina', Egypt	EG	EG27	16446	31.2878	34.2369	-301033	4	Rafah, Shamal Sina', Egypt	EG	EG27	16446	31.2878	34.2369	-301033	20251013181500	https://www.wlwt.com/article/whats-open-closed-columbus-day-indigenous-peoples-day/69016853
1268379750	20251013	202510	2025	2025.7753	GOV	PRESIDENT						GOV			ISR	ISRAELI	ISR								0	042	042	04	1	1.9	3	1	3	-1.05124835742444	4	Elon, Ha?afon, Israel	IS	IS03	18314	33.0637	35.2201	-779663	4	Elon, Ha?afon, Israel	IS	IS03	18314	33.0637	35.2201	-779663	4	Elon, Ha?afon, Israel	IS	IS03	18314	33.0637	35.2201	-779663	20251013181500	https://www.pressdemocrat.com/2025/10/10/marc-benioff-says-trump-should-send-guard-troops-to-san-francisco__trashed/
1268379751	20251013	202510	2025	2025.7753	GOV	PRESIDENT						GOV			ISR	ISRAEL	ISR								1	057	057	05	1	8.0	2	1	2	9.75609756097561	1	Egypt	EG	EG		27	30	EG	4	Gaza, Israel (general), Israel	IS	IS00	18315	31.4167	34.3333	-797156	1	Egypt	EG	EG		27	30	EG	20251013181500	https://www.israelnationalnews.com/flashes/668396
1268379752	20251013	202510	2025	2025.7753	GOV	PRESIDENT						GOV			ISR	ISRAEL	ISR								1	057	057	05	1	8.0	12	1	12	3.87096774193549	1	Turkey	TU	TU		39.059012	34.911546	TU	1	Turkey	TU	TU		39.059012	34.911546	TU	1	Turkey	TU	TU		39.059012	34.911546	TU	20251013181500	https://twincitiesnewstalk.iheart.com/content/2025-10-13-president-trump-speaks-in-egypt-after-signing-israel-hamas-ceasefire-deal/
1268379753	20251013	202510	2025	2025.7753	GOV	PRESIDENT						GOV			ISRLEG	ISRAEL	ISR					LEG			1	010	010	01	1	0.0	4	1	4	-2.53388332351208	2	Michigan, United States	US	USMI		43.3504	-84.5603	MI	2	Michigan, United States	US	USMI		43.3504	-84.5603	MI	2	Michigan, United States	US	USMI		43.3504	-84.5603	MI	20251013181500	https://www.winnipegfreepress.com/world/2025/10/13/fact-focus-with-a-truce-in-israel-trump-now-says-hes-ended-eight-wars-his-numbers-are-off
1268379754	20251013	202510	2025	2025.7753	GOV	PRESIDENT						GOV			KGZ	KYRGYZSTAN	KGZ								0	010	010	01	1	0.0	2	1	2	4.9438202247191	1	Kyrgyzstan	KG	KG		41	75	KG	1	Kyrgyzstan	KG	KG		41	75	KG	1	Kyrgyzstan	KG	KG		41	75	KG	20251013181500	https://www.globaltimes.cn/page/202510/1345542.shtml
1268379755	20251013	202510	2025	2025.7753	GOV	PRESIDENT						GOV			KGZLEG	KYRGYZSTAN	KGZ					LEG			0	010	010	01	1	0.0	3	1	3	4.9438202247191	1	Kyrgyzstan	KG	KG		41	75	KG	1	Kyrgyzstan	KG	KG		41	75	KG	1	Kyrgyzstan	KG	KG		41	75	KG	20251013181500	https://www.globaltimes.cn/page/202510/1345542.shtml
1268379756	20251013	202510	2025	2025.7753	GOV	GOVERNMENT						GOV			LEG	GENERAL ASSEMBLY						LEG			1	040	040	04	1	1.0	12	3	12	0.99337748344371	4	Gaza, Israel (general), Israel	IS	IS00	18315	31.4167	34.3333	-797156	4	Gaza, Israel (general), Israel	IS	IS00	18315	31.4167	34.3333	-797156	4	Gaza, Israel (general), Israel	IS	IS00	18315	31.4167	34.3333	-797156	20251013181500	https://www.ktvh.com/politics/the-president/the-war-in-gaza-is-over-trump-hails-deal-to-end-israel-hamas-conflict
1268379757	20251013	202510	2025	2025.7753	GOV	GOVERNMENT						GOV			LEG	GENERAL ASSEMBLY						LEG			1	040	040	04	1	1.0	6	3	6	0.99337748344371	2	New York, United States	US	USNY		42.1497	-74.9384	NY	4	Gaza, Israel (general), Israel	IS	IS00	18315	31.4167	34.3333	-797156	2	New York, United States	US	USNY		42.1497	-74.9384	NY	20251013181500	https://www.ktvh.com/politics/the-president/the-war-in-gaza-is-over-trump-hails-deal-to-end-israel-hamas-conflict
1268379758	20251013	202510	2025	2025.7753	GOV	GOVERNMENT						GOV			LEG	GENERAL ASSEMBLY						LEG			1	040	040	04	1	1.0	12	3	12	0.99337748344371	2	New York, United States	US	USNY		42.1497	-74.9384	NY	2	New York, United States	US	USNY		42.1497	-74.9384	NY	2	New York, United States	US	USNY		42.1497	-74.9384	NY	20251013181500	https://www.ktvh.com/politics/the-president/the-war-in-gaza-is-over-trump-hails-deal-to-end-israel-hamas-conflict
1268379759	20251013	202510	2025	2025.7753	GOV	FOREIGN MINIST						GOV			MDG	MADAGASCAR	MDG								1	042	042	04	1	1.9	1	1	1	-9.7297297297297	4	Moscow, Moskva, Russia	RS	RS48	25106	55.7522	37.6156	-2960561	1	Madagascar	MA	MA		-20	47	MA	4	Moscow, Moskva, Russia	RS	RS48	25106	55.7522	37.6156	-2960561	20251013181500	https://tass.com/politics/2029095
1268379760	20251013	202510	2025	2025.7753	GOV	FOREIGN MINIST						GOV			MDG	MADAGASCAR	MDG								1	042	042	04	1	1.9	2	1	2	-9.7297297297297	4	Moscow, Moskva, Russia	RS	RS48	25106	55.7522	37.6156	-2960561	1	Madagascar	MA	MA		-20	47	MA	1	Madagascar	MA	MA		-20	47	MA	20251013181500	https://tass.com/politics/2029095
1268379761	20251013	202510	2025	2025.7753	GOV	FOREIGN MINIST						GOV			MDG	MADAGASCAR	MDG								1	050	050	05	1	3.5	3	1	3	-9.7297297297297	4	Moscow, Moskva, Russia	RS	RS48	25106	55.7522	37.6156	-2960561	1	Madagascar	MA	MA		-20	47	MA	1	Madagascar	MA	MA		-20	47	MA	20251013181500	https://tass.com/politics/2029095
1268379762	20251013	202510	2025	2025.7753	GOV	PRIME MINISTER						GOV			MED	SPOKESMAN						MED			0	010	010	01	1	0.0	5	1	5	-5.10510510510511	4	Highbridge, Somerset, United Kingdom	UK	UKM3	40129	51.2167	-2.98333	-2598645	4	Highbridge, Somerset, United Kingdom	UK	UKM3	40129	51.2167	-2.98333	-2598645	4	Highbridge, Somerset, United Kingdom	UK	UKM3	40129	51.2167	-2.98333	-2598645	20251013181500	https://www.burnhamandhighbridgeweeklynews.co.uk/news/national/25540176.china-poses-series-threats-national-security-uk-government-says/
1268379763	20251013	202510	2025	2025.7753	GOV	REGIME						GOV			MIL	MILITARY						MIL			0	120	120	12	3	-4.0	10	1	10	-5.55555555555556	4	Gaza, Israel (general), Israel	IS	IS00	18315	31.4167	34.3333	-797156	4	Gaza, Israel (general), Israel	IS	IS00	18315	31.4167	34.3333	-797156	4	Gaza, Israel (general), Israel	IS	IS00	18315	31.4167	34.3333	-797156	20251013181500	https://www.islamicinvitationturkey.com/over-320-bodies-discovered-in-gaza-rubble-following-ceasefire/
1268379764	20251013	202510	2025	2025.7753	GOV	PRESIDENTIAL AIDE						GOV			NGA	NIGERIA	NGA								1	013	013	01	1	0.4	3	1	3	-3.59712230215827	4	Kano, Kano, Nigeria	NI	NI29	191030	11.9964	8.51667	-2014610	4	Kano, Kano, Nigeria	NI	NI29	191030	11.9964	8.51667	-2014610	4	Kano, Kano, Nigeria	NI	NI29	191030	11.9964	8.51667	-2014610	20251013181500	https://www.nigerianeye.com/2025/10/2027jonathan-not-threat-to-tinubu.html
1268379765	20251013	202510	2025	2025.7753	GOV	MINIST						GOV			OPP	OPPOSITION PARTIES						OPP			1	163	163	16	4	-8.0	10	1	10	-2.15384615384615	0								0								0								20251013181500	https://economictimes.indiatimes.com/news/politics-and-nation/congress-tells-rijiju-it-wont-join-parliament-joint-committee-on-bills-to-oust-jailed-cms-ministers/articleshow/124533254.cms
1268379766	20251013	202510	2025	2025.7753	GOV	PRESIDENT						GOV			PSE	GAZA	PSE								1	014	014	01	1	0.0	4	1	4	-1.06951871657754	4	Tel Aviv, Tel Aviv, Israel	IS	IS05	18316	32.0667	34.7667	-781545	4	Tel Aviv, Tel Aviv, Israel	IS	IS05	18316	32.0667	34.7667	-781545	4	Tel Aviv, Tel Aviv, Israel	IS	IS05	18316	32.0667	34.7667	-781545	20251013181500	https://nypost.com/2025/10/13/us-news/trump-says-gaza-peace-process-could-be-greatest-deal-of-them-all/
1268379767	20251013	202510	2025	2025.7753	GOV	PRESIDENT						GOV			PSE	GAZA	PSE								0	051	051	05	1	3.4	8	1	8	-5.28691166989039	4	Jerusalem, Israel (general), Israel	IS	IS00	18315	31.7667	35.2333	-797092	1	Gaza Strip	GZ	GZ		31.425074	34.373398	GZ	4	Jerusalem, Israel (general), Israel	IS	IS00	18315	31.7667	35.2333	-797092	20251013181500	https://www.pressdemocrat.com/2025/10/13/israeli-hostages-released-hamas-ceasefire/
1268379768	20251013	202510	2025	2025.7753	GOV	PRESIDENT						GOV			PSE	GAZA	PSE								1	051	051	05	1	3.4	3	1	3	9.75609756097561	1	Egypt	EG	EG		27	30	EG	4	Gaza, Israel (general), Israel	IS	IS00	18315	31.4167	34.3333	-797156	4	Gaza, Israel (general), Israel	IS	IS00	18315	31.4167	34.3333	-797156	20251013181500	https://www.israelnationalnews.com/flashes/668396
1268379769	20251013	202510	2025	2025.7753	GOV	PRESIDENT						GOV			PSE	GAZA	PSE								1	057	057	05	1	8.0	5	1	5	9.75609756097561	1	Egypt	EG	EG		27	30	EG	4	Gaza, Israel (general), Israel	IS	IS00	18315	31.4167	34.3333	-797156	1	Egypt	EG	EG		27	30	EG	20251013181500	https://www.israelnationalnews.com/flashes/668396
1268379770	20251013	202510	2025	2025.7753	GOV	PRESIDENT						GOV			PSEREB	HAMAS	PSE					REB			1	0356	035	03	1	7.0	10	1	10	6.66666666666667	4	Gaza, Israel (general), Israel	IS	IS00	18315	31.4167	34.3333	-797156	4	Gaza, Israel (general), Israel	IS	IS00	18315	31.4167	34.3333	-797156	4	Gaza, Israel (general), Israel	IS	IS00	18315	31.4167	34.3333	-797156	20251013181500	https://biztoc.com/x/b16660292285ac18
1268379771	20251013	202510	2025	2025.7753	GOV	PRESIDENT						GOV			PSEREB	HAMAS	PSE					REB			1	043	043	04	1	2.8	30	3	30	0.99337748344371	1	Egypt	EG	EG		27	30	EG	4	Gaza, Israel (general), Israel	IS	IS00	18315	31.4167	34.3333	-797156	4	Gaza, Israel (general), Israel	IS	IS00	18315	31.4167	34.3333	-797156	20251013181500	https://www.ktvh.com/politics/the-president/the-war-in-gaza-is-over-trump-hails-deal-to-end-israel-hamas-conflict
1268379772	20251013	202510	2025	2025.7753	GOV	PRESIDENT						GOV			PSEREB	HAMAS	PSE					REB			1	051	051	05	1	3.4	21	3	21	0.99337748344371	1	Egypt	EG	EG		27	30	EG	4	Gaza, Israel (general), Israel	IS	IS00	18315	31.4167	34.3333	-797156	4	Gaza, Israel (general), Israel	IS	IS00	18315	31.4167	34.3333	-797156	20251013181500	https://www.ktvh.com/politics/the-president/the-war-in-gaza-is-over-trump-hails-deal-to-end-israel-hamas-conflict
1268379773	20251013	202510	2025	2025.7753	GOV	PRESIDENT						GOV			PSEREB	HAMAS	PSE					REB			1	051	051	05	1	3.4	9	3	9	0.99337748344371	1	Pakistan	PK	PK		30	70	PK	1	Pakistan	PK	PK		30	70	PK	1	Pakistan	PK	PK		30	70	PK	20251013181500	https://www.ktvh.com/politics/the-president/the-war-in-gaza-is-over-trump-hails-deal-to-end-israel-hamas-conflict
1268379774	20251013	202510	2025	2025.7753	GOV	PRESIDENT						GOV			PSEREB	HAMAS	PSE					REB			1	057	057	05	1	8.0	16	1	16	3.87096774193549	4	Tel Aviv, Tel Aviv, Israel	IS	IS05	18316	32.0667	34.7667	-781545	4	Tel Aviv, Tel Aviv, Israel	IS	IS05	18316	32.0667	34.7667	-781545	4	Tel Aviv, Tel Aviv, Israel	IS	IS05	18316	32.0667	34.7667	-781545	20251013181500	https://twincitiesnewstalk.iheart.com/content/2025-10-13-president-trump-speaks-in-egypt-after-signing-israel-hamas-ceasefire-deal/
1268379775	20251013	202510	2025	2025.7753	GOV	PRESIDENT						GOV			PSEREB	HAMAS	PSE					REB			1	084	084	08	2	7.0	30	3	30	0.99337748344371	1	Egypt	EG	EG		27	30	EG	4	Gaza, Israel (general), Israel	IS	IS00	18315	31.4167	34.3333	-797156	4	Gaza, Israel (general), Israel	IS	IS00	18315	31.4167	34.3333	-797156	20251013181500	https://www.ktvh.com/politics/the-president/the-war-in-gaza-is-over-trump-hails-deal-to-end-israel-hamas-conflict
1268379776	20251013	202510	2025	2025.7753	GOV	STATE GOVERNOR						GOV			PTY	DEMOCRATIC PARTY									1	025	025	02	1	-0.3	2	1	2	2.61660978384527	4	Ibadan, Oyo, Nigeria	NI	NI32	191242	7.38778	3.89639	-2010458	4	Ibadan, Oyo, Nigeria	NI	NI32	191242	7.38778	3.89639	-2010458	4	Ibadan, Oyo, Nigeria	NI	NI32	191242	7.38778	3.89639	-2010458	20251013181500	https://www.nigerianeye.com/2025/10/dont-despair-over-defections-victory.html
1268379777	20251013	202510	2025	2025.7753	GOV	STATE GOVERNOR						GOV			PTY	DEMOCRATIC PARTY									1	120	120	12	3	-4.0	2	1	2	2.61660978384527	5	Oyo State, Oyo, Nigeria	NI	NI32	191166	8	4	-2024630	5	Oyo State, Oyo, Nigeria	NI	NI32	191166	8	4	-2024630	5	Oyo State, Oyo, Nigeria	NI	NI32	191166	8	4	-2024630	20251013181500	https://www.nigerianeye.com/2025/10/dont-despair-over-defections-victory.html
1268379778	20251013	202510	2025	2025.7753	GOV	GOVERNMENT						GOV			RUS	RUSSIAN	RUS								1	015	015	01	1	0.0	15	5	15	-3.72670807453416	1	United Kingdom	UK	UK		54	-4	UK	1	United Kingdom	UK	UK		54	-4	UK	1	United Kingdom	UK	UK		54	-4	UK	20251013181500	https://www.thenorthernecho.co.uk/news/national/25540215.mi5-tells-politicians-you-potential-target/
1268379779	20251013	202510	2025	2025.7753	GOV	ADMINISTRATION						GOV			RUS	MOSCOW	RUS								0	050	050	05	1	3.5	1	1	1	-5.4367201426025	4	Yerevan, Yerevan*, Armenia	AM	AM11	4936	40.1811	44.5136	-2325645	4	Yerevan, Yerevan*, Armenia	AM	AM11	4936	40.1811	44.5136	-2325645	4	Moscow, Moskva, Russia	RS	RS48	25106	55.7522	37.6156	-2960561	20251013181500	https://www.ncregister.com/news/armenia-at-a-crossroads
1268379780	20251013	202510	2025	2025.7753	GOV	ADMINISTRATION						GOV			RUS	MOSCOW	RUS								0	050	050	05	1	3.5	1	1	1	-5.4367201426025	4	Yerevan, Yerevan*, Armenia	AM	AM11	4936	40.1811	44.5136	-2325645	4	Moscow, Moskva, Russia	RS	RS48	25106	55.7522	37.6156	-2960561	4	Yerevan, Yerevan*, Armenia	AM	AM11	4936	40.1811	44.5136	-2325645	20251013181500	https://www.ncregister.com/news/armenia-at-a-crossroads
1268379781	20251013	202510	2025	2025.7753	GOV	FOREIGN MINIST						GOV			RUSCVL	RUSSIAN	RUS					CVL			1	020	020	02	1	3.0	3	1	3	-9.7297297297297	1	Madagascar	MA	MA		-20	47	MA	1	Madagascar	MA	MA		-20	47	MA	1	Madagascar	MA	MA		-20	47	MA	20251013181500	https://tass.com/politics/2029095
1268379782	20251013	202510	2025	2025.7753	GOV	PRESIDENT						GOV			SEN	DAKAR	SEN								1	042	042	04	1	1.9	6	1	6	-3.66492146596859	4	Rome, Lazio, Italy	IT	IT07	18350	41.9	12.4833	-126693	4	Dakar, Dakar, Senegal	SG	SG01		14.7367	-17.6339	-2266494	4	Rome, Lazio, Italy	IT	IT07	18350	41.9	12.4833	-126693	20251013181500	https://president.ie/en/diary/details/president-addresses-the-world-food-forum-grand-opening-2025
1268379783	20251013	202510	2025	2025.7753	GOV	PRESIDENT						GOV			SEN	DAKAR	SEN								1	042	042	04	1	1.9	4	1	4	-3.66492146596859	4	Rome, Lazio, Italy	IT	IT07	18350	41.9	12.4833	-126693	4	Dakar, Dakar, Senegal	SG	SG01		14.7367	-17.6339	-2266494	4	Dakar, Dakar, Senegal	SG	SG01		14.7367	-17.6339	-2266494	20251013181500	https://president.ie/en/diary/details/president-addresses-the-world-food-forum-grand-opening-2025
1268379784	20251013	202510	2025	2025.7753	GOV	PRESIDENT						GOV			SEN	DAKAR	SEN								1	073	073	07	2	7.4	10	1	10	-3.66492146596859	4	Rome, Lazio, Italy	IT	IT07	18350	41.9	12.4833	-126693	4	Dakar, Dakar, Senegal	SG	SG01		14.7367	-17.6339	-2266494	4	Dakar, Dakar, Senegal	SG	SG01		14.7367	-17.6339	-2266494	20251013181500	https://president.ie/en/diary/details/president-addresses-the-world-food-forum-grand-opening-2025
1268379785	20251013	202510	2025	2025.7753	GOV	PRESIDENT						GOV			SYR	SYRIAN	SYR								1	042	042	04	1	1.9	4	1	4	-1.1826544021025	3	White House, District of Columbia, United States	US	USDC		38.8951	-77.0364	531871	4	Damascus, Dimashq, Syria	SY	SY13	26324	33.5	36.3	-2541260	3	White House, District of Columbia, United States	US	USDC		38.8951	-77.0364	531871	20251013181500	https://nypost.com/2025/10/13/media/syrian-leader-appears-to-flirt-with-cbss-margaret-brennan-on-60-minutes/
1268379786	20251013	202510	2025	2025.7753	GOV	PRESIDENT						GOV			TWN	TAIPEI	TWN								0	040	040	04	1	1.0	3	1	3	3.17073170731707	1	Croatia	HR	HR		45.166667	15.5	HR	4	Taipei, T'ai-pei, Taiwan	TW	TW03	13277	25.0478	121.532	-2637882	4	Taipei, T'ai-pei, Taiwan	TW	TW03	13277	25.0478	121.532	-2637882	20251013181500	https://www.nigerianeye.com/2025/10/nigeria-judges-admitted-into.html
1268379787	20251013	202510	2025	2025.7753	GOV	PRESIDENT						GOV			UKRGOV	UKRAINIAN	UKR					GOV			1	036	036	03	1	4.0	6	1	6	1.69491525423729	3	White House, District of Columbia, United States	US	USDC		38.8951	-77.0364	531871	1	Ukraine	UP	UP		49	32	UP	1	Ukraine	UP	UP		49	32	UP	20251013181500	https://biztoc.com/x/e054f5a6edc547a2
1268379788	20251013	202510	2025	2025.7753	GOV	PRESIDENT						GOV			USA	UNITED STATES	USA								1	010	010	01	1	0.0	2	1	2	0.51020408163265	3	San Francisco, California, United States	US	USCA	CA075	37.7749	-122.419	277593	3	San Francisco, California, United States	US	USCA		37.7749	-122.419	277593	3	San Francisco, California, United States	US	USCA		37.7749	-122.419	277593	20251013181500	https://www.nbcbayarea.com/news/local/san-francisco-benioff-musk-national-guard/3962820/
1268379789	20251013	202510	2025	2025.7753	GOV	PRESIDENT						GOV			USA	SAN FRANCISCO	USA								0	014	014	01	1	0.0	4	1	4	-1.05124835742444	3	San Francisco, California, United States	US	USCA	CA075	37.7749	-122.419	277593	3	San Francisco, California, United States	US	USCA		37.7749	-122.419	277593	3	San Francisco, California, United States	US	USCA		37.7749	-122.419	277593	20251013181500	https://www.pressdemocrat.com/2025/10/10/marc-benioff-says-trump-should-send-guard-troops-to-san-francisco__trashed/
1268379790	20251013	202510	2025	2025.7753	GOV	PRESIDENT						GOV			USA	SAN FRANCISCO	USA								0	014	014	01	1	0.0	1	1	1	-1.05124835742444	3	San Francisco, California, United States	US	USCA	CA075	37.7749	-122.419	277593	3	Chicago, Illinois, United States	US	USIL	IL031	41.85	-87.6501	423587	3	Chicago, Illinois, United States	US	USIL	IL031	41.85	-87.6501	423587	20251013181500	https://www.pressdemocrat.com/2025/10/10/marc-benioff-says-trump-should-send-guard-troops-to-san-francisco__trashed/
1268379791	20251013	202510	2025	2025.7753	GOV	MAYOR						GOV			USA	SOUTH CAROLINA	USA								0	040	040	04	1	1.0	1	1	1	0.75642965204236	3	City Of Columbia, South Carolina, United States	US	USSC	SC079	34.0364	-80.9025	2404107	3	City Of Columbia, South Carolina, United States	US	USSC		34.0364	-80.9025	2404107	3	City Of Columbia, South Carolina, United States	US	USSC		34.0364	-80.9025	2404107	20251013181500	https://www.kbia.org/missouri-news-network/2025-10-13/buffaloe-looks-to-student-involvement-in-response-to-downtown-violence
1268379792	20251013	202510	2025	2025.7753	GOV	GOVERNOR						GOV			USA	UNITED STATES	USA								0	040	040	04	1	1.0	2	1	2	0.75642965204236	2	Missouri, United States	US	USMO		38.4623	-92.302	MO	2	Missouri, United States	US	USMO		38.4623	-92.302	MO	2	Missouri, United States	US	USMO		38.4623	-92.302	MO	20251013181500	https://www.kbia.org/missouri-news-network/2025-10-13/buffaloe-looks-to-student-involvement-in-response-to-downtown-violence
1268379793	20251013	202510	2025	2025.7753	GOV	MAYOR						GOV			USA	SOUTH CAROLINA	USA								0	040	040	04	1	1.0	1	1	1	0.75642965204236	2	South Carolina, United States	US	USSC		33.8191	-80.9066	SC	2	South Carolina, United States	US	USSC		33.8191	-80.9066	SC	2	South Carolina, United States	US	USSC		33.8191	-80.9066	SC	20251013181500	https://www.kbia.org/missouri-news-network/2025-10-13/buffaloe-looks-to-student-involvement-in-response-to-downtown-violence
1268379794	20251013	202510	2025	2025.7753	GOV	PRESIDENT						GOV			USA	UNITED STATES	USA								0	042	042	04	1	1.9	1	1	1	-1.05124835742444	3	San Francisco, California, United States	US	USCA	CA075	37.7749	-122.419	277593	3	San Francisco, California, United States	US	USCA		37.7749	-122.419	277593	4	Elon, Ha?afon, Israel	IS	IS03	18314	33.0637	35.2201	-779663	20251013181500	https://www.pressdemocrat.com/2025/10/10/marc-benioff-says-trump-should-send-guard-troops-to-san-francisco__trashed/
1268379795	20251013	202510	2025	2025.7753	GOV	PRESIDENT						GOV			USA	UNITED STATES	USA								0	042	042	04	1	1.9	1	1	1	-1.05124835742444	3	San Francisco, California, United States	US	USCA	CA075	37.7749	-122.419	277593	3	San Francisco, California, United States	US	USCA		37.7749	-122.419	277593	2	California, United States	US	USCA		36.17	-119.746	CA	20251013181500	https://www.pressdemocrat.com/2025/10/10/marc-benioff-says-trump-should-send-guard-troops-to-san-francisco__trashed/
1268379796	20251013	202510	2025	2025.7753	GOV	GOVERNOR						GOV			USA	UNITED STATES	USA								0	046	046	04	1	7.0	2	1	2	0.75642965204236	2	Missouri, United States	US	USMO		38.4623	-92.302	MO	2	Missouri, United States	US	USMO		38.4623	-92.302	MO	2	Missouri, United States	US	USMO		38.4623	-92.302	MO	20251013181500	https://www.kbia.org/missouri-news-network/2025-10-13/buffaloe-looks-to-student-involvement-in-response-to-downtown-violence
1268379797	20251013	202510	2025	2025.7753	GOV	KING						GOV			USA	TEXAS	USA								0	190	190	19	4	-10.0	5	1	5	-3.39805825242718	2	Texas, United States	US	USTX		31.106	-97.6475	TX	2	Texas, United States	US	USTX		31.106	-97.6475	TX	2	Texas, United States	US	USTX		31.106	-97.6475	TX	20251013181500	https://www.livemint.com/news/us-news/plumes-of-smoke-seen-above-interstate-195-after-jet-crashes-onto-a-massachusetts-highway-2-dead-11760376009294.html
1268379798	20251013	202510	2025	2025.7753	GOV	PRESIDENT						GOV			USAELI	BILL CLINTON	USA					ELI			1	043	043	04	1	2.8	5	1	5	-4.49438202247191	3	White House, District of Columbia, United States	US	USDC		38.8951	-77.0364	531871	3	White House, District of Columbia, United States	US	USDC		38.8951	-77.0364	531871	3	White House, District of Columbia, United States	US	USDC		38.8951	-77.0364	531871	20251013181500	https://newrepublic.com/post/201694/donald-trump-watergate-ukraine-impeachment-hoax
1268379799	20251013	202510	2025	2025.7753	GOV	PRESIDENT						GOV			USAGOV	OVAL OFFICE	USA					GOV			1	042	042	04	1	1.9	2	1	2	-1.05124835742444	3	San Francisco, California, United States	US	USCA	CA075	37.7749	-122.419	277593	3	San Francisco, California, United States	US	USCA		37.7749	-122.419	277593	3	San Francisco, California, United States	US	USCA		37.7749	-122.419	277593	20251013181500	https://www.pressdemocrat.com/2025/10/10/marc-benioff-says-trump-should-send-guard-troops-to-san-francisco__trashed/
1268379800	20251013	202510	2025	2025.7753	GOV	PRESIDENT						GOV			USAGOV	OVAL OFFICE	USA					GOV			1	042	042	04	1	1.9	2	1	2	-1.05124835742444	3	San Francisco, California, United States	US	USCA	CA075	37.7749	-122.419	277593	3	White House, District of Columbia, United States	US	USDC		38.8951	-77.0364	531871	3	White House, District of Columbia, United States	US	USDC		38.8951	-77.0364	531871	20251013181500	https://www.pressdemocrat.com/2025/10/10/marc-benioff-says-trump-should-send-guard-troops-to-san-francisco__trashed/
1268379801	20251013	202510	2025	2025.7753	GOV	PRESIDENT						GOV			USAGOV	OVAL OFFICE	USA					GOV			1	051	051	05	1	3.4	2	1	2	-1.05124835742444	3	San Francisco, California, United States	US	USCA	CA075	37.7749	-122.419	277593	3	San Francisco, California, United States	US	USCA		37.7749	-122.419	277593	3	San Francisco, California, United States	US	USCA		37.7749	-122.419	277593	20251013181500	https://www.pressdemocrat.com/2025/10/10/marc-benioff-says-trump-should-send-guard-troops-to-san-francisco__trashed/
1268379802	20251013	202510	2025	2025.7753	GOV	PRESIDENT						GOV			USAGOV	OVAL OFFICE	USA					GOV			1	051	051	05	1	3.4	2	1	2	-1.05124835742444	3	San Francisco, California, United States	US	USCA	CA075	37.7749	-122.419	277593	3	White House, District of Columbia, United States	US	USDC		38.8951	-77.0364	531871	3	San Francisco, California, United States	US	USCA		37.7749	-122.419	277593	20251013181500	https://www.pressdemocrat.com/2025/10/10/marc-benioff-says-trump-should-send-guard-troops-to-san-francisco__trashed/
1268379803	20251013	202510	2025	2025.7753	GOVEDU	EDUCATION DEPARTMENT						GOV	EDU		EDU	SCHOOL						EDU			1	071	071	07	2	7.4	5	1	5	-1.82648401826484	1	United States	US	US		39.828175	-98.5795	US	1	United States	US	US		39.828175	-98.5795	US	1	United States	US	US		39.828175	-98.5795	US	20251013181500	https://newrepublic.com/post/201700/mike-johnson-donald-trump-shutdown-layoffs-education
1268379804	20251013	202510	2025	2025.7753	GOVHLH	HEALTH OFFICIAL						GOV	HLH												1	080	080	08	2	5.0	10	1	10	-9.43396226415095	3	Washington, District of Columbia, United States	US	USDC	DC001	38.8951	-77.0364	531871	0								3	Washington, District of Columbia, United States	US	USDC	DC001	38.8951	-77.0364	531871	20251013181500	https://arstechnica.com/health/2025/10/mass-firings-at-us-health-dept-partially-reversed-but-still-devastating/
1268379805	20251013	202510	2025	2025.7753	GOVJUD	ADVOCATE GENERAL						GOV	JUD												0	010	010	01	1	0.0	10	1	10	9.2651757188498	4	Madras, Tamil Nadu, India	IN	IN25	70251	13.0833	80.2833	-2103041	0								4	Madras, Tamil Nadu, India	IN	IN25	70251	13.0833	80.2833	-2103041	20251013181500	https://www.thehindu.com/news/cities/Madurai/cj-given-warm-welcome-at-madurai-bench/article70160129.ece
1268379806	20251013	202510	2025	2025.7753	GOVLEG	MINIST						GOV	LEG												1	042	042	04	1	1.9	5	1	5	3.2032032032032	4	Beijing, Beijing, China	CH	CH22	13001	39.9289	116.388	-1898541	0								4	Beijing, Beijing, China	CH	CH22	13001	39.9289	116.388	-1898541	20251013181500	https://www.globaltimes.cn/page/202510/1345565.shtml
1268379807	20251013	202510	2025	2025.7753	GOVLEG	MINIST						GOV	LEG		GOV	ENVOY						GOV			1	042	042	04	1	1.9	5	1	5	3.2032032032032	4	Beijing, Beijing, China	CH	CH22	13001	39.9289	116.388	-1898541	4	Beijing, Beijing, China	CH	CH22	13001	39.9289	116.388	-1898541	4	Beijing, Beijing, China	CH	CH22	13001	39.9289	116.388	-1898541	20251013181500	https://www.globaltimes.cn/page/202510/1345565.shtml
1268379808	20251013	202510	2025	2025.7753	GOVMIL	MILITARY JUNTA						GOV	MIL		ogo	OGONI			ogo						1	190	190	19	4	-10.0	10	1	10	-7.981220657277	5	Rivers State, Rivers, Nigeria	NI	NI50	23058	4.75	6.83333	-2025387	5	Rivers State, Rivers, Nigeria	NI	NI50	23058	4.75	6.83333	-2025387	5	Rivers State, Rivers, Nigeria	NI	NI50	23058	4.75	6.83333	-2025387	20251013181500	https://www.nigerianeye.com/2025/10/how-abacha-military-junta-killed-4.html
1268379809	20251013	202510	2025	2025.7753	HIN	HINDU				HIN															1	051	051	05	1	3.4	10	1	10	9.74025974025975	4	Bhagwan, Madhya Pradesh, India	IN	IN35	17753	24.5728	79.1715	10464940	0								4	Bhagwan, Madhya Pradesh, India	IN	IN35	17753	24.5728	79.1715	10464940	20251013181500	https://www.nbcdfw.com/about-nbc-5/community/baps-diwali-annakut-hindu-festival-light-irving-2025/3927164/
1268379810	20251013	202510	2025	2025.7753	HIN	HINDU				HIN					ISR	ISRAEL	ISR								0	043	043	04	1	2.8	8	1	8	-10.0864553314121	4	Gaza, Israel (general), Israel	IS	IS00	18315	31.4167	34.3333	-797156	4	Gaza, Israel (general), Israel	IS	IS00	18315	31.4167	34.3333	-797156	4	Gaza, Israel (general), Israel	IS	IS00	18315	31.4167	34.3333	-797156	20251013181500	https://www.livemint.com/news/world/israel-releases-1-968-prisoners-under-gaza-ceasefire-deal-prison-service-confirms-11760372034868.html
1268379811	20251013	202510	2025	2025.7753	HIN	HINDU				HIN					ISR	ISRAEL	ISR								0	043	043	04	1	2.8	2	1	2	-10.0864553314121	1	Egypt	EG	EG		27	30	EG	1	Egypt	EG	EG		27	30	EG	1	Egypt	EG	EG		27	30	EG	20251013181500	https://www.livemint.com/news/world/israel-releases-1-968-prisoners-under-gaza-ceasefire-deal-prison-service-confirms-11760372034868.html
1268379812	20251013	202510	2025	2025.7753	HIN	HINDU				HIN					ISR	ISRAEL	ISR								0	181	181	18	4	-9.0	8	1	8	-10.0864553314121	4	Gaza, Israel (general), Israel	IS	IS00	18315	31.4167	34.3333	-797156	4	Gaza, Israel (general), Israel	IS	IS00	18315	31.4167	34.3333	-797156	4	Gaza, Israel (general), Israel	IS	IS00	18315	31.4167	34.3333	-797156	20251013181500	https://www.livemint.com/news/world/israel-releases-1-968-prisoners-under-gaza-ceasefire-deal-prison-service-confirms-11760372034868.html
1268379813	20251013	202510	2025	2025.7753	HIN	HINDU				HIN					ISR	ISRAEL	ISR								0	181	181	18	4	-9.0	2	1	2	-10.0864553314121	1	Egypt	EG	EG		27	30	EG	1	Egypt	EG	EG		27	30	EG	1	Egypt	EG	EG		27	30	EG	20251013181500	https://www.livemint.com/news/world/israel-releases-1-968-prisoners-under-gaza-ceasefire-deal-prison-service-confirms-11760372034868.html
1268379814	20251013	202510	2025	2025.7753	HLH	HOSPITAL						HLH													1	043	043	04	1	2.8	10	1	10	-9.30232558139539	2	Kentucky, United States	US	USKY		37.669	-84.6514	KY	0								2	Kentucky, United States	US	USKY		37.669	-84.6514	KY	20251013181500	https://www.wkyt.com/2025/10/13/good-question-who-pays-medical-bills-mass-shooting-survivors/
1268379815	20251013	202510	2025	2025.7753	HLH	PHYSICIAN						HLH													1	051	051	05	1	3.4	7	1	7	4.337899543379	3	Mankato, Minnesota, United States	US	USMN	MN013	44.1636	-93.9994	647438	0								2	Minnesota, United States	US	USMN		45.7326	-93.9196	MN	20251013181500	https://www.mankatofreepress.com/news/local_news/names-and-notables/article_da4db49d-5672-437a-a0e5-f59a1d0e1366.html
1268379816	20251013	202510	2025	2025.7753	HLH	PHYSICIAN						HLH													1	051	051	05	1	3.4	3	1	3	4.337899543379	2	Minnesota, United States	US	USMN		45.7326	-93.9196	MN	0								2	Minnesota, United States	US	USMN		45.7326	-93.9196	MN	20251013181500	https://www.mankatofreepress.com/news/local_news/names-and-notables/article_da4db49d-5672-437a-a0e5-f59a1d0e1366.html
1268379817	20251013	202510	2025	2025.7753	HLH	PHYSICIAN						HLH													1	070	070	07	2	7.0	8	1	8	4.337899543379	3	Mankato, Minnesota, United States	US	USMN	MN013	44.1636	-93.9994	647438	0								3	Mankato, Minnesota, United States	US	USMN	MN013	44.1636	-93.9994	647438	20251013181500	https://www.mankatofreepress.com/news/local_news/names-and-notables/article_da4db49d-5672-437a-a0e5-f59a1d0e1366.html
1268379818	20251013	202510	2025	2025.7753	HLH	PHYSICIAN						HLH													1	070	070	07	2	7.0	2	1	2	4.337899543379	2	Minnesota, United States	US	USMN		45.7326	-93.9196	MN	0								3	Mankato, Minnesota, United States	US	USMN	MN013	44.1636	-93.9994	647438	20251013181500	https://www.mankatofreepress.com/news/local_news/names-and-notables/article_da4db49d-5672-437a-a0e5-f59a1d0e1366.html
1268379819	20251013	202510	2025	2025.7753	HLH	HOSPITAL						HLH			EDU	SCHOOL						EDU			0	042	042	04	1	1.9	5	1	5	-1.37236962488564	4	Gaza, Israel (general), Israel	IS	IS00	18315	31.4167	34.3333	-797156	4	Gaza, Israel (general), Israel	IS	IS00	18315	31.4167	34.3333	-797156	4	Gaza, Israel (general), Israel	IS	IS00	18315	31.4167	34.3333	-797156	20251013181500	https://newrepublic.com/article/201680/hostages-returned-israel-palestine-process
1268379820	20251013	202510	2025	2025.7753	HUN	HUNGARIAN	HUN								IGOEUREECGOV	EUROPEAN COMMISSION	EUR	EEC				IGO	GOV		1	016	016	01	1	-2.0	10	1	10	-0.95238095238095	1	Hungary	HU	HU		47	20	HU	1	Hungary	HU	HU		47	20	HU	1	Hungary	HU	HU		47	20	HU	20251013181500	https://www.yahoo.com/news/articles/von-der-leyen-raises-espionage-144433344.html
1268379821	20251013	202510	2025	2025.7753	HUN	HUNGARIAN	HUN								IGOEUREECGOV	EUROPEAN COMMISSION	EUR	EEC				IGO	GOV		1	060	060	06	2	6.0	10	1	10	-0.95238095238095	1	Hungary	HU	HU		47	20	HU	1	Hungary	HU	HU		47	20	HU	1	Hungary	HU	HU		47	20	HU	20251013181500	https://www.yahoo.com/news/articles/von-der-leyen-raises-espionage-144433344.html
1268379822	20251013	202510	2025	2025.7753	HUNSPY	HUNGARY	HUN					SPY			HUN	HUNGARIAN	HUN								1	020	020	02	1	3.0	4	1	4	-0.95238095238095	1	Hungary	HU	HU		47	20	HU	1	Hungary	HU	HU		47	20	HU	1	Hungary	HU	HU		47	20	HU	20251013181500	https://www.yahoo.com/news/articles/von-der-leyen-raises-espionage-144433344.html
1268379823	20251013	202510	2025	2025.7753	IGOEUREEC	THE EU	EUR	EEC				IGO													1	043	043	04	1	2.8	2	1	2	2.7027027027027	4	Brussel, Bruxelles-Capitale, Belgium	BE	BE11	5850	50.8333	4.33333	-1955538	0								4	Brussel, Bruxelles-Capitale, Belgium	BE	BE11	5850	50.8333	4.33333	-1955538	20251013181500	https://biztoc.com/x/e76e2b6530bce2ae
1268379824	20251013	202510	2025	2025.7753	IGOEUREEC	THE EUROPEAN UNION	EUR	EEC				IGO													1	070	070	07	2	7.0	10	1	10	6.33663366336634	1	Belgium	BE	BE		50.833333	4	BE	0								1	Belgium	BE	BE		50.833333	4	BE	20251013181500	https://www.hpcwire.com/off-the-wire/eurohpc-ju-selects-ai-factory-antennas-to-broaden-ai-factories-initiative/
1268379825	20251013	202510	2025	2025.7753	IGOEUREEC	THE EUROPEAN UNION	EUR	EEC				IGO													1	071	071	07	2	7.4	10	1	10	6.33663366336634	1	Germany	GM	GM		51.5	10.5	GM	0								1	Germany	GM	GM		51.5	10.5	GM	20251013181500	https://www.hpcwire.com/off-the-wire/eurohpc-ju-selects-ai-factory-antennas-to-broaden-ai-factories-initiative/
1268379826	20251013	202510	2025	2025.7753	IGOEUREEC	THE EU	EUR	EEC				IGO			BEL	BELGIUM	BEL								1	042	042	04	1	1.9	4	1	4	2.7027027027027	4	Brussel, Bruxelles-Capitale, Belgium	BE	BE11	5850	50.8333	4.33333	-1955538	4	Brussel, Bruxelles-Capitale, Belgium	BE	BE11	5850	50.8333	4.33333	-1955538	4	Brussel, Bruxelles-Capitale, Belgium	BE	BE11	5850	50.8333	4.33333	-1955538	20251013181500	https://biztoc.com/x/e76e2b6530bce2ae
1268379827	20251013	202510	2025	2025.7753	IGOEUREEC	THE EU	EUR	EEC				IGO			BEL	BELGIUM	BEL								1	043	043	04	1	2.8	4	1	4	2.7027027027027	4	Brussel, Bruxelles-Capitale, Belgium	BE	BE11	5850	50.8333	4.33333	-1955538	4	Brussel, Bruxelles-Capitale, Belgium	BE	BE11	5850	50.8333	4.33333	-1955538	4	Brussel, Bruxelles-Capitale, Belgium	BE	BE11	5850	50.8333	4.33333	-1955538	20251013181500	https://biztoc.com/x/e76e2b6530bce2ae
1268379828	20251013	202510	2025	2025.7753	IGOEUREEC	EUROPEAN COMMISSION	EUR	EEC				IGO			BELMED	BRUSSELS	BEL					MED			1	013	013	01	1	0.4	8	1	8	-0.95238095238095	1	Hungary	HU	HU		47	20	HU	4	Brussels, Bruxelles-Capitale, Belgium	BE	BE11	5850	50.8333	4.33333	-1955538	4	Brussels, Bruxelles-Capitale, Belgium	BE	BE11	5850	50.8333	4.33333	-1955538	20251013181500	https://www.yahoo.com/news/articles/von-der-leyen-raises-espionage-144433344.html
1268379829	20251013	202510	2025	2025.7753	IGOEUREEC	EUROPEAN UNION	EUR	EEC				IGO			EURBUS	EUROPE	EUR					BUS			1	051	051	05	1	3.4	10	1	10	0.68965517241379	0								0								0								20251013181500	https://www.eppgroup.eu/newsroom/epp-drives-simplification-for-eu-businesses
1268379830	20251013	202510	2025	2025.7753	IGOEUREEC	EUROPEAN COMMISSION	EUR	EEC				IGO			HUNSPY	HUNGARIAN	HUN					SPY			1	020	020	02	1	3.0	6	1	6	-0.95238095238095	1	Hungary	HU	HU		47	20	HU	1	Hungary	HU	HU		47	20	HU	1	Hungary	HU	HU		47	20	HU	20251013181500	https://www.yahoo.com/news/articles/von-der-leyen-raises-espionage-144433344.html
1268379831	20251013	202510	2025	2025.7753	IGOUNOKID	UNICEF		UNO				IGO													0	040	040	04	1	1.0	6	1	6	-1.46036161335188	4	Gaza, Israel (general), Israel	IS	IS00	18315	31.4167	34.3333	-797156	0								4	Gaza, Israel (general), Israel	IS	IS00	18315	31.4167	34.3333	-797156	20251013181500	https://www.cbc.ca/news/world/livestory/trump-mediators-sign-gaza-peace-deal-as-world-leaders-including-carney-attend-egypt-summit-9.6936751
1268379832	20251013	202510	2025	2025.7753	IGOUNOKID	UNICEF		UNO				IGO			ISR	ISRAEL	ISR								0	040	040	04	1	1.0	4	1	4	-1.46036161335188	4	Gaza, Israel (general), Israel	IS	IS00	18315	31.4167	34.3333	-797156	4	Gaza City, Israel (general), Israel	IS	IS00	18315	31.4167	34.3333	-797156	4	Gaza, Israel (general), Israel	IS	IS00	18315	31.4167	34.3333	-797156	20251013181500	https://www.cbc.ca/news/world/livestory/trump-mediators-sign-gaza-peace-deal-as-world-leaders-including-carney-attend-egypt-summit-9.6936751
1268379833	20251013	202510	2025	2025.7753	IND	SRINAGAR	IND																		1	140	140	14	3	-6.5	1	1	1	-1.97802197802198	5	Kashmir, Jammu and Kashmir, India	IN	IN12	72809	33.9167	76.6667	-2098229	0								4	Jammu, Jammu and Kashmir, India	IN	IN12	72851	32.7333	74.8667	-2098228	20251013181500	https://kashmirlife.net/former-ias-officer-who-resigned-over-kashmir-shutdown-joins-congress-409016/
1268379834	20251013	202510	2025	2025.7753	IND	SRINAGAR	IND																		1	140	140	14	3	-6.5	4	1	4	-1.97802197802198	5	Kashmir, Jammu and Kashmir, India	IN	IN12	72809	33.9167	76.6667	-2098229	0								5	Kashmir, Jammu and Kashmir, India	IN	IN12	72809	33.9167	76.6667	-2098229	20251013181500	https://kashmirlife.net/former-ias-officer-who-resigned-over-kashmir-shutdown-joins-congress-409016/
1268379835	20251013	202510	2025	2025.7753	IND	SRINAGAR	IND																		1	141	141	14	3	-6.5	5	1	5	-1.97802197802198	5	Kashmir, Jammu and Kashmir, India	IN	IN12	72809	33.9167	76.6667	-2098229	0								4	Jammu, Jammu and Kashmir, India	IN	IN12	72851	32.7333	74.8667	-2098228	20251013181500	https://kashmirlife.net/former-ias-officer-who-resigned-over-kashmir-shutdown-joins-congress-409016/
1268379836	20251013	202510	2025	2025.7753	IND	SRINAGAR	IND																		1	180	180	18	4	-9.0	6	1	6	-3.50877192982456	4	Tarn Taran, Punjab, India	IN	IN23	17821	31.45	74.9253	-2112744	0								4	Mehdipur, Uttar Pradesh, India	IN	IN36	70268	27.0127	79.9791	10453754	20251013181500	https://kashmirlife.net/bsf-seizes-two-ak-47-rifles-ammunition-near-indo-pak-border-409002/
1268379837	20251013	202510	2025	2025.7753	IND	NEW DELHI	IND								GOV	EMBASSY						GOV			0	036	036	03	1	4.0	1	1	1	-0.95320623916811	4	New Delhi, Delhi, India	IN	IN07	17911	28.6	77.2	-2106102	4	Kabul, Kabol, Afghanistan	AF	AF13	3580	34.5167	69.1833	-3378435	4	New Delhi, Delhi, India	IN	IN07	17911	28.6	77.2	-2106102	20251013181500	https://kashmirlife.net/is-india-quietly-restoring-diplomatic-ties-with-the-taliban-regime-409023/
1268379838	20251013	202510	2025	2025.7753	IND	MADURAI	IND								INDJUD	MADRAS	IND					JUD			0	043	043	04	1	2.8	2	1	2	9.2651757188498	4	Madras, Tamil Nadu, India	IN	IN25	70251	13.0833	80.2833	-2103041	4	Madras, Tamil Nadu, India	IN	IN25	70251	13.0833	80.2833	-2103041	4	Madras, Tamil Nadu, India	IN	IN25	70251	13.0833	80.2833	-2103041	20251013181500	https://www.thehindu.com/news/cities/Madurai/cj-given-warm-welcome-at-madurai-bench/article70160129.ece
1268379839	20251013	202510	2025	2025.7753	IND	MADURAI	IND								INDJUD	MADRAS	IND					JUD			1	051	051	05	1	3.4	2	1	2	9.2651757188498	4	Madras, Tamil Nadu, India	IN	IN25	70251	13.0833	80.2833	-2103041	4	Madras, Tamil Nadu, India	IN	IN25	70251	13.0833	80.2833	-2103041	4	Madras, Tamil Nadu, India	IN	IN25	70251	13.0833	80.2833	-2103041	20251013181500	https://www.thehindu.com/news/cities/Madurai/cj-given-warm-welcome-at-madurai-bench/article70160129.ece
1268379840	20251013	202510	2025	2025.7753	IND	MADRAS	IND								JUD	CHIEF JUSTICE						JUD			0	042	042	04	1	1.9	4	1	4	9.2651757188498	4	Madras, Tamil Nadu, India	IN	IN25	70251	13.0833	80.2833	-2103041	4	Madras, Tamil Nadu, India	IN	IN25	70251	13.0833	80.2833	-2103041	4	Madras, Tamil Nadu, India	IN	IN25	70251	13.0833	80.2833	-2103041	20251013181500	https://www.thehindu.com/news/cities/Madurai/cj-given-warm-welcome-at-madurai-bench/article70160129.ece
1268379841	20251013	202510	2025	2025.7753	IND	MADURAI	IND								JUD	HIGH COURT						JUD			0	043	043	04	1	2.8	4	1	4	9.2651757188498	4	Madras, Tamil Nadu, India	IN	IN25	70251	13.0833	80.2833	-2103041	4	Madras, Tamil Nadu, India	IN	IN25	70251	13.0833	80.2833	-2103041	4	Madras, Tamil Nadu, India	IN	IN25	70251	13.0833	80.2833	-2103041	20251013181500	https://www.thehindu.com/news/cities/Madurai/cj-given-warm-welcome-at-madurai-bench/article70160129.ece
1268379842	20251013	202510	2025	2025.7753	IND	MADURAI	IND								JUD	HIGH COURT						JUD			1	051	051	05	1	3.4	2	1	2	9.2651757188498	4	Madras, Tamil Nadu, India	IN	IN25	70251	13.0833	80.2833	-2103041	4	Madras, Tamil Nadu, India	IN	IN25	70251	13.0833	80.2833	-2103041	4	Madras, Tamil Nadu, India	IN	IN25	70251	13.0833	80.2833	-2103041	20251013181500	https://www.thehindu.com/news/cities/Madurai/cj-given-warm-welcome-at-madurai-bench/article70160129.ece
1268379843	20251013	202510	2025	2025.7753	IND	MADURAI	IND								JUDJUD	HIGH COURT						JUD	JUD		1	051	051	05	1	3.4	6	1	6	9.2651757188498	4	Madras, Tamil Nadu, India	IN	IN25	70251	13.0833	80.2833	-2103041	4	Madras, Tamil Nadu, India	IN	IN25	70251	13.0833	80.2833	-2103041	4	Madras, Tamil Nadu, India	IN	IN25	70251	13.0833	80.2833	-2103041	20251013181500	https://www.thehindu.com/news/cities/Madurai/cj-given-warm-welcome-at-madurai-bench/article70160129.ece
1268379844	20251013	202510	2025	2025.7753	INDJUD	MADRAS	IND					JUD			IND	MADURAI	IND								0	042	042	04	1	1.9	2	1	2	9.2651757188498	4	Madras, Tamil Nadu, India	IN	IN25	70251	13.0833	80.2833	-2103041	4	Madras, Tamil Nadu, India	IN	IN25	70251	13.0833	80.2833	-2103041	4	Madras, Tamil Nadu, India	IN	IN25	70251	13.0833	80.2833	-2103041	20251013181500	https://www.thehindu.com/news/cities/Madurai/cj-given-warm-welcome-at-madurai-bench/article70160129.ece
1268379845	20251013	202510	2025	2025.7753	IRL	IRELAND	IRL								GBR	SCOTLAND	GBR								1	040	040	04	1	1.0	10	1	10	4.61538461538462	1	Ireland	EI	EI		53	-8	EI	1	Ireland	EI	EI		53	-8	EI	1	Ireland	EI	EI		53	-8	EI	20251013181500	https://www.bainbridgereview.com/local-marketplace/celtic-crossroads-brings-a-taste-of-ireland-and-scotland-to-whidbey-island-this-october/
1268379846	20251013	202510	2025	2025.7753	IRN	IRAN	IRN																		1	010	010	01	1	0.0	2	1	2	4.07239819004525	1	Qatar	QA	QA		25.5	51.25	QA	0								1	Qatar	QA	QA		25.5	51.25	QA	20251013181500	https://www.islamicinvitationturkey.com/irans-military-leadership-implements-fresh-tactics-to-address-emerging-threats/
1268379847	20251013	202510	2025	2025.7753	IRN	IRAN	IRN																		0	015	015	01	1	0.0	10	1	10	-4.62962962962963	1	Iran	IR	IR		32	53	IR	0								1	Iran	IR	IR		32	53	IR	20251013181500	https://www.islamicinvitationturkey.com/strategic-timing-behind-sudden-gaza-accord-raises-questions/
1268379848	20251013	202510	2025	2025.7753	IRN	IRAN	IRN																		0	072	072	07	2	8.3	4	2	4	-2.56182100254474	4	Natanz, Esfahan, Iran	IR	IR28	41048	33.4964	51.9266	10811460	0								4	Gaza, Israel (general), Israel	IS	IS00	18315	31.4167	34.3333	-797156	20251013181500	https://www.seattletimes.com/nation-world/fact-focus-with-a-truce-in-israel-trump-now-says-hes-ended-eight-wars-his-numbers-are-off/
1268379849	20251013	202510	2025	2025.7753	IRN	IRAN	IRN																		0	190	190	19	4	-10.0	10	1	10	-3.58306188925081	4	Tehran, Tehran, Iran	IR	IR26	41130	35.75	51.5148	10074674	0								4	Tehran, Tehran, Iran	IR	IR26	41130	35.75	51.5148	10074674	20251013181500	https://indianexpress.com/article/world/iran-lures-transgender-foreigners-for-surgery-but-forces-operations-on-locals-10305037/
1268379850	20251013	202510	2025	2025.7753	IRN	IRAN	IRN								DEU	GERMANY	DEU								0	080	080	08	2	5.0	6	1	6	-3.58306188925081	4	Tehran, Tehran, Iran	IR	IR26	41130	35.75	51.5148	10074674	1	Germany	GM	GM		51.5	10.5	GM	1	Germany	GM	GM		51.5	10.5	GM	20251013181500	https://indianexpress.com/article/world/iran-lures-transgender-foreigners-for-surgery-but-forces-operations-on-locals-10305037/
1268379851	20251013	202510	2025	2025.7753	IRN	IRAN	IRN								DEU	GERMANY	DEU								0	080	080	08	2	5.0	4	1	4	-3.58306188925081	1	Germany	GM	GM		51.5	10.5	GM	1	Germany	GM	GM		51.5	10.5	GM	1	Germany	GM	GM		51.5	10.5	GM	20251013181500	https://indianexpress.com/article/world/iran-lures-transgender-foreigners-for-surgery-but-forces-operations-on-locals-10305037/
1268379852	20251013	202510	2025	2025.7753	IRN	IRAN	IRN								ISR	ISRAELI	ISR								0	010	010	01	1	0.0	2	1	2	0.60790273556231	4	Tehran, Tehran, Iran	IR	IR26	41130	35.75	51.5148	10074674	4	Gaza, Israel (general), Israel	IS	IS00	18315	31.4167	34.3333	-797156	4	Gaza, Israel (general), Israel	IS	IS00	18315	31.4167	34.3333	-797156	20251013181500	https://www.islamicinvitationturkey.com/iran-declines-participation-in-sharm-el-sheikh-summit/
1268379853	20251013	202510	2025	2025.7753	IRN	IRAN	IRN								ISR	ISRAELI	ISR								0	010	010	01	1	0.0	2	1	2	0.60790273556231	4	Tehran, Tehran, Iran	IR	IR26	41130	35.75	51.5148	10074674	4	Tehran, Tehran, Iran	IR	IR26	41130	35.75	51.5148	10074674	4	Tehran, Tehran, Iran	IR	IR26	41130	35.75	51.5148	10074674	20251013181500	https://www.islamicinvitationturkey.com/iran-declines-participation-in-sharm-el-sheikh-summit/
1268379854	20251013	202510	2025	2025.7753	IRN	IRAN	IRN								ISR	ISRAEL	ISR								1	0871	087	08	2	9.0	4	1	4	0.60790273556231	4	Gaza, Israel (general), Israel	IS	IS00	18315	31.4167	34.3333	-797156	4	Gaza, Israel (general), Israel	IS	IS00	18315	31.4167	34.3333	-797156	4	Gaza, Israel (general), Israel	IS	IS00	18315	31.4167	34.3333	-797156	20251013181500	https://www.islamicinvitationturkey.com/iran-declines-participation-in-sharm-el-sheikh-summit/
1268379855	20251013	202510	2025	2025.7753	IRN	IRAN	IRN								ISR	ISRAEL	ISR								0	100	100	10	3	-5.0	5	2	5	-2.54505839512514	4	Natanz, Esfahan, Iran	IR	IR28	41048	33.4964	51.9266	10811460	4	Gaza, Israel (general), Israel	IS	IS00	18315	31.4167	34.3333	-797156	4	Gaza, Israel (general), Israel	IS	IS00	18315	31.4167	34.3333	-797156	20251013181500	https://www.winnipegfreepress.com/world/2025/10/13/fact-focus-with-a-truce-in-israel-trump-now-says-hes-ended-eight-wars-his-numbers-are-off
1268379856	20251013	202510	2025	2025.7753	IRN	IRAN	IRN								ISR	ISRAEL	ISR								0	100	100	10	3	-5.0	1	1	1	-2.5897586815774	4	Natanz, Esfahan, Iran	IR	IR28	41048	33.4964	51.9266	10811460	4	Gaza, Israel (general), Israel	IS	IS00	18315	31.4167	34.3333	-797156	4	Tehran, Tehran, Iran	IR	IR26	41130	35.75	51.5148	10074674	20251013181500	https://www.seattletimes.com/nation-world/fact-focus-with-a-truce-in-israel-trump-now-says-hes-ended-eight-wars-his-numbers-are-off/
1268379857	20251013	202510	2025	2025.7753	IRN	IRAN	IRN								ISR	ISRAEL	ISR								0	100	100	10	3	-5.0	1	1	1	-2.5897586815774	2	Michigan, United States	US	USMI		43.3504	-84.5603	MI	2	Michigan, United States	US	USMI		43.3504	-84.5603	MI	2	Michigan, United States	US	USMI		43.3504	-84.5603	MI	20251013181500	https://www.seattletimes.com/nation-world/fact-focus-with-a-truce-in-israel-trump-now-says-hes-ended-eight-wars-his-numbers-are-off/
1268379858	20251013	202510	2025	2025.7753	IRN	IRAN	IRN								ISR	ISRAEL	ISR								0	100	100	10	3	-5.0	1	1	1	-2.5897586815774	1	Malaysia	MY	MY		2.5	112.5	MY	2	Michigan, United States	US	USMI		43.3504	-84.5603	MI	2	Michigan, United States	US	USMI		43.3504	-84.5603	MI	20251013181500	https://www.seattletimes.com/nation-world/fact-focus-with-a-truce-in-israel-trump-now-says-hes-ended-eight-wars-his-numbers-are-off/
1268379859	20251013	202510	2025	2025.7753	IRN	IRAN	IRN								ISRGOV	ISRAELI	ISR					GOV			0	010	010	01	1	0.0	6	1	6	0.60790273556231	4	Tehran, Tehran, Iran	IR	IR26	41130	35.75	51.5148	10074674	4	Gaza, Israel (general), Israel	IS	IS00	18315	31.4167	34.3333	-797156	4	Gaza, Israel (general), Israel	IS	IS00	18315	31.4167	34.3333	-797156	20251013181500	https://www.islamicinvitationturkey.com/iran-declines-participation-in-sharm-el-sheikh-summit/
1268379860	20251013	202510	2025	2025.7753	IRN	IRAN	IRN								MOS	MUSLIM				MOS					1	051	051	05	1	3.4	2	1	2	-3.58306188925081	4	Tehran, Tehran, Iran	IR	IR26	41130	35.75	51.5148	10074674	4	Tehran, Tehran, Iran	IR	IR26	41130	35.75	51.5148	10074674	1	Canada	CA	CA		60	-96	CA	20251013181500	https://indianexpress.com/article/world/iran-lures-transgender-foreigners-for-surgery-but-forces-operations-on-locals-10305037/
1268379861	20251013	202510	2025	2025.7753	IRN	IRAN	IRN								MOS	MUSLIM				MOS					1	051	051	05	1	3.4	6	1	6	-3.58306188925081	1	Canada	CA	CA		60	-96	CA	1	Canada	CA	CA		60	-96	CA	4	Tehran, Tehran, Iran	IR	IR26	41130	35.75	51.5148	10074674	20251013181500	https://indianexpress.com/article/world/iran-lures-transgender-foreigners-for-surgery-but-forces-operations-on-locals-10305037/
1268379862	20251013	202510	2025	2025.7753	IRN	IRAN	IRN								MOS	MUSLIM				MOS					1	051	051	05	1	3.4	2	1	2	-3.58306188925081	1	Canada	CA	CA		60	-96	CA	1	Canada	CA	CA		60	-96	CA	1	Canada	CA	CA		60	-96	CA	20251013181500	https://indianexpress.com/article/world/iran-lures-transgender-foreigners-for-surgery-but-forces-operations-on-locals-10305037/
1268379863	20251013	202510	2025	2025.7753	IRN	IRAN	IRN								NGOHRI	HUMAN RIGHTS GROUP						NGO	HRI		0	173	173	17	4	-5.0	4	1	4	2.96411856474259	1	Iran	IR	IR		32	53	IR	1	Iran	IR	IR		32	53	IR	1	Iran	IR	IR		32	53	IR	20251013181500	https://www.wilsontimes.com/columns/who-won-the-nobel-peace-prize-and-who-didnt-83c4e394
1268379864	20251013	202510	2025	2025.7753	IRN	IRAN	IRN								PSE	GAZA	PSE								1	0871	087	08	2	9.0	2	1	2	0.60790273556231	4	Sharm El-Sheikh, Janub Sina', Egypt	EG	EG26	66041	27.8518	34.305	-302053	4	Gaza, Israel (general), Israel	IS	IS00	18315	31.4167	34.3333	-797156	4	Sharm El-Sheikh, Janub Sina', Egypt	EG	EG26	66041	27.8518	34.305	-302053	20251013181500	https://www.islamicinvitationturkey.com/iran-declines-participation-in-sharm-el-sheikh-summit/
1268379865	20251013	202510	2025	2025.7753	IRN	IRAN	IRN								PSE	GAZA	PSE								1	0871	087	08	2	9.0	4	1	4	0.60790273556231	4	Gaza, Israel (general), Israel	IS	IS00	18315	31.4167	34.3333	-797156	4	Gaza, Israel (general), Israel	IS	IS00	18315	31.4167	34.3333	-797156	4	Gaza, Israel (general), Israel	IS	IS00	18315	31.4167	34.3333	-797156	20251013181500	https://www.islamicinvitationturkey.com/iran-declines-participation-in-sharm-el-sheikh-summit/
1268379866	20251013	202510	2025	2025.7753	IRN	TEHRAN	IRN								USA	WASHINGTON	USA								1	046	046	04	1	7.0	1	1	1	-0.53475935828877	4	Tehran, Tehran, Iran	IR	IR26	41130	35.75	51.5148	10074674	4	Gaza, Israel (general), Israel	IS	IS00	18315	31.4167	34.3333	-797156	4	Tehran, Tehran, Iran	IR	IR26	41130	35.75	51.5148	10074674	20251013181500	https://www.middle-east-online.com/en/trump-says-us-ready-deal-iran-when-tehran
1268379867	20251013	202510	2025	2025.7753	IRN	TEHRAN	IRN								USA	WASHINGTON	USA								1	046	046	04	1	7.0	1	1	1	-0.53475935828877	4	Tehran, Tehran, Iran	IR	IR26	41130	35.75	51.5148	10074674	1	Egypt	EG	EG		27	30	EG	1	Egypt	EG	EG		27	30	EG	20251013181500	https://www.middle-east-online.com/en/trump-says-us-ready-deal-iran-when-tehran
1268379868	20251013	202510	2025	2025.7753	IRN	TEHRAN	IRN								USA	WASHINGTON	USA								1	046	046	04	1	7.0	6	1	6	-0.53475935828877	1	Egypt	EG	EG		27	30	EG	1	Egypt	EG	EG		27	30	EG	1	Egypt	EG	EG		27	30	EG	20251013181500	https://www.middle-east-online.com/en/trump-says-us-ready-deal-iran-when-tehran
1268379869	20251013	202510	2025	2025.7753	IRNGOV	EBRAHIM AZIZI	IRN					GOV			IRN	IRAN	IRN								1	051	051	05	1	3.4	4	1	4	4.07239819004525	1	Qatar	QA	QA		25.5	51.25	QA	4	Tehran, Tehran, Iran	IR	IR26	41130	35.75	51.5148	10074674	4	Tehran, Tehran, Iran	IR	IR26	41130	35.75	51.5148	10074674	20251013181500	https://www.islamicinvitationturkey.com/irans-military-leadership-implements-fresh-tactics-to-address-emerging-threats/
1268379870	20251013	202510	2025	2025.7753	IRNGOV	IRAN	IRN					GOV			IRN	IRAN	IRN								1	120	120	12	3	-4.0	1	1	1	0.60790273556231	4	Tehran, Tehran, Iran	IR	IR26	41130	35.75	51.5148	10074674	4	Tehran, Tehran, Iran	IR	IR26	41130	35.75	51.5148	10074674	4	Tehran, Tehran, Iran	IR	IR26	41130	35.75	51.5148	10074674	20251013181500	https://www.islamicinvitationturkey.com/iran-declines-participation-in-sharm-el-sheikh-summit/
1268379871	20251013	202510	2025	2025.7753	IRNGOV	EBRAHIM AZIZI	IRN					GOV			LEG	LEGISLATURE						LEG			1	010	010	01	1	0.0	6	1	6	4.07239819004525	4	Tehran, Tehran, Iran	IR	IR26	41130	35.75	51.5148	10074674	4	Tehran, Tehran, Iran	IR	IR26	41130	35.75	51.5148	10074674	4	Tehran, Tehran, Iran	IR	IR26	41130	35.75	51.5148	10074674	20251013181500	https://www.islamicinvitationturkey.com/irans-military-leadership-implements-fresh-tactics-to-address-emerging-threats/
1268379872	20251013	202510	2025	2025.7753	IRNGOV	EBRAHIM AZIZI	IRN					GOV			LEG	LEGISLATURE						LEG			1	010	010	01	1	0.0	2	1	2	4.07239819004525	1	Qatar	QA	QA		25.5	51.25	QA	4	Tehran, Tehran, Iran	IR	IR26	41130	35.75	51.5148	10074674	4	Tehran, Tehran, Iran	IR	IR26	41130	35.75	51.5148	10074674	20251013181500	https://www.islamicinvitationturkey.com/irans-military-leadership-implements-fresh-tactics-to-address-emerging-threats/
1268379873	20251013	202510	2025	2025.7753	IRNGOV	EBRAHIM AZIZI	IRN					GOV			LEG	LEGISLATURE						LEG			1	010	010	01	1	0.0	2	1	2	4.07239819004525	1	Qatar	QA	QA		25.5	51.25	QA	4	Tehran, Tehran, Iran	IR	IR26	41130	35.75	51.5148	10074674	1	Qatar	QA	QA		25.5	51.25	QA	20251013181500	https://www.islamicinvitationturkey.com/irans-military-leadership-implements-fresh-tactics-to-address-emerging-threats/
1268379874	20251013	202510	2025	2025.7753	IRNGOV	IRANIAN	IRN					GOV			SYRGOV	SYRIA	SYR					GOV			0	051	051	05	1	3.4	3	1	3	-1.37236962488564	1	Iran	IR	IR		32	53	IR	1	Syria	SY	SY		35	38	SY	1	Syria	SY	SY		35	38	SY	20251013181500	https://newrepublic.com/article/201680/hostages-returned-israel-palestine-process
1268379875	20251013	202510	2025	2025.7753	IRNOPP	IRANIAN	IRN					OPP			NGOHRI	HUMAN RIGHTS GROUP						NGO	HRI		0	173	173	17	4	-5.0	6	1	6	2.96411856474259	1	Iran	IR	IR		32	53	IR	1	Iran	IR	IR		32	53	IR	1	Iran	IR	IR		32	53	IR	20251013181500	https://www.wilsontimes.com/columns/who-won-the-nobel-peace-prize-and-who-didnt-83c4e394
1268379876	20251013	202510	2025	2025.7753	IRQ	IRAQ	IRQ								ISR	ISRAEL	ISR								0	070	070	07	2	7.0	2	1	2	-4.62962962962963	4	Gaza, Israel (general), Israel	IS	IS00	18315	31.4167	34.3333	-797156	4	Gaza, Israel (general), Israel	IS	IS00	18315	31.4167	34.3333	-797156	4	Gaza, Israel (general), Israel	IS	IS00	18315	31.4167	34.3333	-797156	20251013181500	https://www.islamicinvitationturkey.com/strategic-timing-behind-sudden-gaza-accord-raises-questions/
1268379877	20251013	202510	2025	2025.7753	IRQ	IRAQ	IRQ								ISR	ISRAEL	ISR								0	180	180	18	4	-9.0	2	1	2	-4.62962962962963	1	Iraq	IZ	IZ		33	44	IZ	4	Gaza, Israel (general), Israel	IS	IS00	18315	31.4167	34.3333	-797156	4	Gaza, Israel (general), Israel	IS	IS00	18315	31.4167	34.3333	-797156	20251013181500	https://www.islamicinvitationturkey.com/strategic-timing-behind-sudden-gaza-accord-raises-questions/
1268379878	20251013	202510	2025	2025.7753	IRQ	IRAQI	IRQ								ISR	ISRAEL	ISR								0	180	180	18	4	-9.0	4	1	4	-4.62962962962963	1	Iraq	IZ	IZ		33	44	IZ	4	Gaza, Israel (general), Israel	IS	IS00	18315	31.4167	34.3333	-797156	1	Iran	IR	IR		32	53	IR	20251013181500	https://www.islamicinvitationturkey.com/strategic-timing-behind-sudden-gaza-accord-raises-questions/
1268379879	20251013	202510	2025	2025.7753	IRQ	IRAQI	IRQ								PSE	GAZA	PSE								0	070	070	07	2	7.0	3	1	3	-4.62962962962963	4	Gaza, Israel (general), Israel	IS	IS00	18315	31.4167	34.3333	-797156	4	Gaza, Israel (general), Israel	IS	IS00	18315	31.4167	34.3333	-797156	4	Gaza, Israel (general), Israel	IS	IS00	18315	31.4167	34.3333	-797156	20251013181500	https://www.islamicinvitationturkey.com/strategic-timing-behind-sudden-gaza-accord-raises-questions/
1268379880	20251013	202510	2025	2025.7753	IRQ	IRAQI	IRQ								PSE	GAZA	PSE								0	070	070	07	2	7.0	2	1	2	-4.62962962962963	1	Iraq	IZ	IZ		33	44	IZ	4	Gaza, Israel (general), Israel	IS	IS00	18315	31.4167	34.3333	-797156	4	Gaza, Israel (general), Israel	IS	IS00	18315	31.4167	34.3333	-797156	20251013181500	https://www.islamicinvitationturkey.com/strategic-timing-behind-sudden-gaza-accord-raises-questions/
1268379881	20251013	202510	2025	2025.7753	IRQ	IRAQI	IRQ								PSE	GAZA	PSE								0	180	180	18	4	-9.0	1	1	1	-4.62962962962963	1	Iraq	IZ	IZ		33	44	IZ	4	Gaza, Israel (general), Israel	IS	IS00	18315	31.4167	34.3333	-797156	4	Gaza, Israel (general), Israel	IS	IS00	18315	31.4167	34.3333	-797156	20251013181500	https://www.islamicinvitationturkey.com/strategic-timing-behind-sudden-gaza-accord-raises-questions/
1268379882	20251013	202510	2025	2025.7753	IRQ	KARBALA	IRQ								UAF	FIGHTER						UAF			0	190	190	19	4	-10.0	1	1	1	-4.66867469879518	4	Binyamina, H_efa, Israel	IS	IS04	18312	32.5232	34.945	-779490	4	Binyamina, H_efa, Israel	IS	IS04	18312	32.5232	34.945	-779490	4	Binyamina, H_efa, Israel	IS	IS04	18312	32.5232	34.945	-779490	20251013181500	https://www.islamicinvitationturkey.com/hezbollah-intensifies-border-clashes-with-israeli-forces-amid-ongoing-2024-conflict/
1268379883	20251013	202510	2025	2025.7753	IRQ	KARBALA	IRQ								UAF	FIGHTER						UAF			0	190	190	19	4	-10.0	1	1	1	-4.66867469879518	4	Ramyah, Nabatî, Lebanon	LE	LE07	18314	33.1108	35.3103	-809604	4	Binyamina, H_efa, Israel	IS	IS04	18312	32.5232	34.945	-779490	4	Binyamina, H_efa, Israel	IS	IS04	18312	32.5232	34.945	-779490	20251013181500	https://www.islamicinvitationturkey.com/hezbollah-intensifies-border-clashes-with-israeli-forces-amid-ongoing-2024-conflict/
1268379884	20251013	202510	2025	2025.7753	IRQ	KARBALA	IRQ								UAF	FIGHTER						UAF			0	190	190	19	4	-10.0	3	1	3	-4.66867469879518	4	Ramyah, Nabatî, Lebanon	LE	LE07	18314	33.1108	35.3103	-809604	4	Binyamina, H_efa, Israel	IS	IS04	18312	32.5232	34.945	-779490	4	Ramyah, Nabatî, Lebanon	LE	LE07	18314	33.1108	35.3103	-809604	20251013181500	https://www.islamicinvitationturkey.com/hezbollah-intensifies-border-clashes-with-israeli-forces-amid-ongoing-2024-conflict/
1268379885	20251013	202510	2025	2025.7753	ISR	ISRAEL	ISR																		0	042	042	04	1	1.9	2	1	2	-5.7356608478803	4	Kfar Saba, HaMerkaz, Israel	IS	IS02	18311	32.1817	34.9358	-780316	0								3	Fort Worth, Texas, United States	US	USTX		32.7254	-97.3208	1380947	20251013181500	https://www.nbcdfw.com/news/national-international/who-are-released-israeli-hostages-hamas/3931257/
1268379886	20251013	202510	2025	2025.7753	ISR	ISRAELI	ISR																		1	043	043	04	1	2.8	3	1	3	2.96411856474259	4	Hiroshima, Hiroshima, Japan	JA	JA11	34163	34.4	132.45	-229436	0								4	Hiroshima, Hiroshima, Japan	JA	JA11	34163	34.4	132.45	-229436	20251013181500	https://www.wilsontimes.com/columns/who-won-the-nobel-peace-prize-and-who-didnt-83c4e394
1268379887	20251013	202510	2025	2025.7753	ISR	ISRAELI	ISR																		0	043	043	04	1	2.8	3	1	3	-1.05124835742444	4	Elon, Ha?afon, Israel	IS	IS03	18314	33.0637	35.2201	-779663	0								4	Elon, Ha?afon, Israel	IS	IS03	18314	33.0637	35.2201	-779663	20251013181500	https://www.pressdemocrat.com/2025/10/10/marc-benioff-says-trump-should-send-guard-troops-to-san-francisco__trashed/
1268379888	20251013	202510	2025	2025.7753	ISR	ISRAEL	ISR																		1	080	080	08	2	5.0	4	1	4	-4.93273542600897	4	Tehran, Tehran, Iran	IR	IR26	41130	35.75	51.5148	10074674	0								4	Tehran, Tehran, Iran	IR	IR26	41130	35.75	51.5148	10074674	20251013181500	https://www.mirror.co.uk/news/world-news/hostages-release-huge-step-still-36062237
1268379889	20251013	202510	2025	2025.7753	ISR	ISRAEL	ISR																		0	081	081	08	2	5.0	2	1	2	-4.62962962962963	4	Gaza, Israel (general), Israel	IS	IS00	18315	31.4167	34.3333	-797156	0								4	Gaza, Israel (general), Israel	IS	IS00	18315	31.4167	34.3333	-797156	20251013181500	https://www.islamicinvitationturkey.com/strategic-timing-behind-sudden-gaza-accord-raises-questions/
1268379890	20251013	202510	2025	2025.7753	ISR	ISRAELI	ISR																		0	084	084	08	2	7.0	3	1	3	-1.05124835742444	4	Elon, Ha?afon, Israel	IS	IS03	18314	33.0637	35.2201	-779663	0								4	Elon, Ha?afon, Israel	IS	IS03	18314	33.0637	35.2201	-779663	20251013181500	https://www.pressdemocrat.com/2025/10/10/marc-benioff-says-trump-should-send-guard-troops-to-san-francisco__trashed/
1268379891	20251013	202510	2025	2025.7753	ISR	ISRAEL	ISR																		0	111	111	11	3	-2.0	1	1	1	-0.29585798816568	4	Gaza, Israel (general), Israel	IS	IS00	18315	31.4167	34.3333	-797156	0								1	United States	US	US		39.828175	-98.5795	US	20251013181500	https://www.islamicinvitationturkey.com/trump-us-supplied-israel-with-a-lot-of-weapons-faces-heckling-during-knesset-address/
1268379892	20251013	202510	2025	2025.7753	ISR	ISRAEL	ISR																		0	120	120	12	3	-4.0	4	2	4	-4.04682204194164	4	Gaza, Israel (general), Israel	IS	IS00	18315	31.4167	34.3333	-797156	0								4	Sharm El-Sheikh, Janub Sina', Egypt	EG	EG26	66041	27.8518	34.305	-302053	20251013181500	https://www.cnn.com/2025/10/13/middleeast/released-israeli-hostages-peace-summit-intl
1268379893	20251013	202510	2025	2025.7753	ISR	ISRAEL	ISR																		0	125	125	12	3	-5.0	2	1	2	-4.15973377703827	4	Gaza, Israel (general), Israel	IS	IS00	18315	31.4167	34.3333	-797156	0								4	Sharm El-Sheikh, Janub Sina', Egypt	EG	EG26	66041	27.8518	34.305	-302053	20251013181500	https://kvia.com/news/us-world/cnn-world/2025/10/13/key-moments-from-a-momentous-day-for-israelis-and-palestinians/
1268379894	20251013	202510	2025	2025.7753	ISR	ISRAEL	ISR																		0	125	125	12	3	-5.0	4	2	4	-4.04682204194164	4	Gaza, Israel (general), Israel	IS	IS00	18315	31.4167	34.3333	-797156	0								1	United States	US	US		39.828175	-98.5795	US	20251013181500	https://www.cnn.com/2025/10/13/middleeast/released-israeli-hostages-peace-summit-intl
1268379895	20251013	202510	2025	2025.7753	ISR	ISRAEL	ISR																		1	181	181	18	4	-9.0	8	2	8	-4.04682204194164	1	Turkey	TU	TU		39.059012	34.911546	TU	0								1	Turkey	TU	TU		39.059012	34.911546	TU	20251013181500	https://www.cnn.com/2025/10/13/middleeast/released-israeli-hostages-peace-summit-intl
1268379896	20251013	202510	2025	2025.7753	ISR	ISRAELI	ISR																		1	194	194	19	4	-10.0	1	1	1	-5.50161812297734	1	Qatar	QA	QA		25.5	51.25	QA	0								1	Qatar	QA	QA		25.5	51.25	QA	20251013181500	https://www.el-balad.com/6731404
1268379897	20251013	202510	2025	2025.7753	ISR	ISRAEL	ISR								ARM	ARMENIA	ARM								0	043	043	04	1	2.8	2	1	2	-2.53388332351208	4	Gaza, Israel (general), Israel	IS	IS00	18315	31.4167	34.3333	-797156	3	White House, District of Columbia, United States	US	USDC		38.8951	-77.0364	531871	4	Gaza, Israel (general), Israel	IS	IS00	18315	31.4167	34.3333	-797156	20251013181500	https://www.winnipegfreepress.com/world/2025/10/13/fact-focus-with-a-truce-in-israel-trump-now-says-hes-ended-eight-wars-his-numbers-are-off
1268379898	20251013	202510	2025	2025.7753	ISR	ISRAEL	ISR								ARM	ARMENIA	ARM								0	043	043	04	1	2.8	2	1	2	-2.5897586815774	4	Gaza, Israel (general), Israel	IS	IS00	18315	31.4167	34.3333	-797156	3	White House, District of Columbia, United States	US	USDC		38.8951	-77.0364	531871	3	White House, District of Columbia, United States	US	USDC		38.8951	-77.0364	531871	20251013181500	https://www.seattletimes.com/nation-world/fact-focus-with-a-truce-in-israel-trump-now-says-hes-ended-eight-wars-his-numbers-are-off/
1268379899	20251013	202510	2025	2025.7753	ISR	ISRAEL	ISR								ARM	ARMENIA	ARM								0	043	043	04	1	2.8	4	2	4	-2.56182100254474	4	Gaza, Israel (general), Israel	IS	IS00	18315	31.4167	34.3333	-797156	1	Armenia	AM	AM		40	45	AM	4	Gaza, Israel (general), Israel	IS	IS00	18315	31.4167	34.3333	-797156	20251013181500	https://www.seattletimes.com/nation-world/fact-focus-with-a-truce-in-israel-trump-now-says-hes-ended-eight-wars-his-numbers-are-off/
1268379900	20251013	202510	2025	2025.7753	ISR	ISRAEL	ISR								AZE	AZERBAIJAN	AZE								0	043	043	04	1	2.8	2	1	2	-2.53388332351208	4	Gaza, Israel (general), Israel	IS	IS00	18315	31.4167	34.3333	-797156	3	White House, District of Columbia, United States	US	USDC		38.8951	-77.0364	531871	4	Gaza, Israel (general), Israel	IS	IS00	18315	31.4167	34.3333	-797156	20251013181500	https://www.winnipegfreepress.com/world/2025/10/13/fact-focus-with-a-truce-in-israel-trump-now-says-hes-ended-eight-wars-his-numbers-are-off
1268379901	20251013	202510	2025	2025.7753	ISR	ISRAEL	ISR								AZE	AZERBAIJAN	AZE								0	043	043	04	1	2.8	2	1	2	-2.5897586815774	4	Gaza, Israel (general), Israel	IS	IS00	18315	31.4167	34.3333	-797156	3	White House, District of Columbia, United States	US	USDC		38.8951	-77.0364	531871	3	White House, District of Columbia, United States	US	USDC		38.8951	-77.0364	531871	20251013181500	https://www.seattletimes.com/nation-world/fact-focus-with-a-truce-in-israel-trump-now-says-hes-ended-eight-wars-his-numbers-are-off/
1268379902	20251013	202510	2025	2025.7753	ISR	ISRAEL	ISR								AZE	AZERBAIJAN	AZE								0	043	043	04	1	2.8	4	2	4	-2.56182100254474	4	Gaza, Israel (general), Israel	IS	IS00	18315	31.4167	34.3333	-797156	1	Azerbaijan	AJ	AJ		40.5	47.5	AJ	4	Gaza, Israel (general), Israel	IS	IS00	18315	31.4167	34.3333	-797156	20251013181500	https://www.seattletimes.com/nation-world/fact-focus-with-a-truce-in-israel-trump-now-says-hes-ended-eight-wars-his-numbers-are-off/
1268379903	20251013	202510	2025	2025.7753	ISR	ISRAEL	ISR								CAN	CANADA	CAN								0	042	042	04	1	1.9	2	1	2	-1.46036161335188	4	Gaza, Israel (general), Israel	IS	IS00	18315	31.4167	34.3333	-797156	1	Canada	CA	CA		60	-96	CA	4	Gaza, Israel (general), Israel	IS	IS00	18315	31.4167	34.3333	-797156	20251013181500	https://www.cbc.ca/news/world/livestory/trump-mediators-sign-gaza-peace-deal-as-world-leaders-including-carney-attend-egypt-summit-9.6936751
1268379904	20251013	202510	2025	2025.7753	ISR	ISRAEL	ISR								CAN	CANADA	CAN								0	042	042	04	1	1.9	2	1	2	-1.46036161335188	1	Canada	CA	CA		60	-96	CA	1	Canada	CA	CA		60	-96	CA	1	Canada	CA	CA		60	-96	CA	20251013181500	https://www.cbc.ca/news/world/livestory/trump-mediators-sign-gaza-peace-deal-as-world-leaders-including-carney-attend-egypt-summit-9.6936751
1268379905	20251013	202510	2025	2025.7753	ISR	ISRAEL	ISR								CVL	CIVILIAN						CVL			0	080	080	08	2	5.0	2	1	2	-1.37236962488564	4	Gaza, Israel (general), Israel	IS	IS00	18315	31.4167	34.3333	-797156	4	Gaza, Israel (general), Israel	IS	IS00	18315	31.4167	34.3333	-797156	4	Gaza, Israel (general), Israel	IS	IS00	18315	31.4167	34.3333	-797156	20251013181500	https://newrepublic.com/article/201680/hostages-returned-israel-palestine-process
1268379906	20251013	202510	2025	2025.7753	ISR	ISRAEL	ISR								EGY	EGYPTIAN	EGY								0	042	042	04	1	1.9	1	1	1	0.60790273556231	4	Sharm El-Sheikh, Janub Sina', Egypt	EG	EG26	66041	27.8518	34.305	-302053	4	Tehran, Tehran, Iran	IR	IR26	41130	35.75	51.5148	10074674	4	Sharm El-Sheikh, Janub Sina', Egypt	EG	EG26	66041	27.8518	34.305	-302053	20251013181500	https://www.islamicinvitationturkey.com/iran-declines-participation-in-sharm-el-sheikh-summit/
1268379907	20251013	202510	2025	2025.7753	ISR	ISRAEL	ISR								EGY	EGYPT	EGY								0	045	045	04	1	5.0	5	2	5	-2.56740853835127	4	Gaza, Israel (general), Israel	IS	IS00	18315	31.4167	34.3333	-797156	4	Nile River, Egypt (general), Egypt	EG	EG00	65817	30.1667	31.1	-300347	1	Ethiopia	ET	ET		8	38	ET	20251013181500	https://www.seattletimes.com/nation-world/fact-focus-with-a-truce-in-israel-trump-now-says-hes-ended-eight-wars-his-numbers-are-off/
1268379908	20251013	202510	2025	2025.7753	ISR	ISRAEL	ISR								EGY	EGYPT	EGY								0	045	045	04	1	5.0	1	1	1	-2.53388332351208	4	Gaza, Israel (general), Israel	IS	IS00	18315	31.4167	34.3333	-797156	1	Ethiopia	ET	ET		8	38	ET	1	Ethiopia	ET	ET		8	38	ET	20251013181500	https://www.winnipegfreepress.com/world/2025/10/13/fact-focus-with-a-truce-in-israel-trump-now-says-hes-ended-eight-wars-his-numbers-are-off
1268379909	20251013	202510	2025	2025.7753	ISR	ISRAEL	ISR								ETH	ETHIOPIA	ETH								0	045	045	04	1	5.0	6	2	6	-2.56182100254474	4	Gaza, Israel (general), Israel	IS	IS00	18315	31.4167	34.3333	-797156	1	Ethiopia	ET	ET		8	38	ET	1	Ethiopia	ET	ET		8	38	ET	20251013181500	https://www.seattletimes.com/nation-world/fact-focus-with-a-truce-in-israel-trump-now-says-hes-ended-eight-wars-his-numbers-are-off/
1268379910	20251013	202510	2025	2025.7753	ISR	ISRAELI	ISR								GOV	PRESIDENT						GOV			0	043	043	04	1	2.8	3	1	3	-1.05124835742444	4	Elon, Ha?afon, Israel	IS	IS03	18314	33.0637	35.2201	-779663	4	Elon, Ha?afon, Israel	IS	IS03	18314	33.0637	35.2201	-779663	4	Elon, Ha?afon, Israel	IS	IS03	18314	33.0637	35.2201	-779663	20251013181500	https://www.pressdemocrat.com/2025/10/10/marc-benioff-says-trump-should-send-guard-troops-to-san-francisco__trashed/
1268379911	20251013	202510	2025	2025.7753	ISR	ISRAEL	ISR								GOV	PRESIDENT						GOV			0	050	050	05	1	3.5	4	2	4	-2.56182100254474	4	Gaza, Israel (general), Israel	IS	IS00	18315	31.4167	34.3333	-797156	1	Kosovo	KV	KV		42.583333	21	KV	1	Kosovo	KV	KV		42.583333	21	KV	20251013181500	https://www.seattletimes.com/nation-world/fact-focus-with-a-truce-in-israel-trump-now-says-hes-ended-eight-wars-his-numbers-are-off/
1268379912	20251013	202510	2025	2025.7753	ISR	ISRAELI	ISR								GOV	PRESIDENT						GOV			0	051	051	05	1	3.4	3	1	3	-1.05124835742444	4	Elon, Ha?afon, Israel	IS	IS03	18314	33.0637	35.2201	-779663	4	Elon, Ha?afon, Israel	IS	IS03	18314	33.0637	35.2201	-779663	4	Elon, Ha?afon, Israel	IS	IS03	18314	33.0637	35.2201	-779663	20251013181500	https://www.pressdemocrat.com/2025/10/10/marc-benioff-says-trump-should-send-guard-troops-to-san-francisco__trashed/
1268379913	20251013	202510	2025	2025.7753	ISR	ISRAEL	ISR								GOV	REGIME						GOV			0	051	051	05	1	3.4	1	1	1	-0.29585798816568	1	West Bank	WE	WE		31.666667	35.25	WE	4	Gaza, Israel (general), Israel	IS	IS00	18315	31.4167	34.3333	-797156	1	West Bank	WE	WE		31.666667	35.25	WE	20251013181500	https://www.islamicinvitationturkey.com/trump-us-supplied-israel-with-a-lot-of-weapons-faces-heckling-during-knesset-address/
1268379914	20251013	202510	2025	2025.7753	ISR	ISRAEL	ISR								GOV	PRESIDENT						GOV			1	057	057	05	1	8.0	16	1	16	3.87096774193549	4	Tel Aviv, Tel Aviv, Israel	IS	IS05	18316	32.0667	34.7667	-781545	4	Tel Aviv, Tel Aviv, Israel	IS	IS05	18316	32.0667	34.7667	-781545	4	Tel Aviv, Tel Aviv, Israel	IS	IS05	18316	32.0667	34.7667	-781545	20251013181500	https://twincitiesnewstalk.iheart.com/content/2025-10-13-president-trump-speaks-in-egypt-after-signing-israel-hamas-ceasefire-deal/
1268379915	20251013	202510	2025	2025.7753	ISR	ISRAEL	ISR								GOV	PRESIDENT						GOV			1	057	057	05	1	8.0	4	1	4	9.75609756097561	4	Gaza, Israel (general), Israel	IS	IS00	18315	31.4167	34.3333	-797156	1	Egypt	EG	EG		27	30	EG	1	Egypt	EG	EG		27	30	EG	20251013181500	https://www.israelnationalnews.com/flashes/668396
1268379916	20251013	202510	2025	2025.7753	ISR	ISRAEL	ISR								GOV	PRESIDENT						GOV			0	070	070	07	2	7.0	4	2	4	-2.56182100254474	4	Gaza, Israel (general), Israel	IS	IS00	18315	31.4167	34.3333	-797156	1	Kosovo	KV	KV		42.583333	21	KV	4	Gaza, Israel (general), Israel	IS	IS00	18315	31.4167	34.3333	-797156	20251013181500	https://www.seattletimes.com/nation-world/fact-focus-with-a-truce-in-israel-trump-now-says-hes-ended-eight-wars-his-numbers-are-off/
1268379917	20251013	202510	2025	2025.7753	ISR	ISRAELI	ISR								GOV	PRESIDENT						GOV			0	084	084	08	2	7.0	3	1	3	-1.05124835742444	4	Elon, Ha?afon, Israel	IS	IS03	18314	33.0637	35.2201	-779663	4	Elon, Ha?afon, Israel	IS	IS03	18314	33.0637	35.2201	-779663	4	Elon, Ha?afon, Israel	IS	IS03	18314	33.0637	35.2201	-779663	20251013181500	https://www.pressdemocrat.com/2025/10/10/marc-benioff-says-trump-should-send-guard-troops-to-san-francisco__trashed/
1268379918	20251013	202510	2025	2025.7753	ISR	ISRAEL	ISR								HIN	HINDU				HIN					0	042	042	04	1	1.9	8	1	8	-10.0864553314121	4	Gaza, Israel (general), Israel	IS	IS00	18315	31.4167	34.3333	-797156	4	Gaza, Israel (general), Israel	IS	IS00	18315	31.4167	34.3333	-797156	4	Gaza, Israel (general), Israel	IS	IS00	18315	31.4167	34.3333	-797156	20251013181500	https://www.livemint.com/news/world/israel-releases-1-968-prisoners-under-gaza-ceasefire-deal-prison-service-confirms-11760372034868.html
1268379919	20251013	202510	2025	2025.7753	ISR	ISRAEL	ISR								HIN	HINDU				HIN					0	042	042	04	1	1.9	2	1	2	-10.0864553314121	1	Egypt	EG	EG		27	30	EG	1	Egypt	EG	EG		27	30	EG	1	Egypt	EG	EG		27	30	EG	20251013181500	https://www.livemint.com/news/world/israel-releases-1-968-prisoners-under-gaza-ceasefire-deal-prison-service-confirms-11760372034868.html
1268379920	20251013	202510	2025	2025.7753	ISR	ISRAELI	ISR								IGOUNO	UNITED NATIONS		UNO				IGO			1	1712	171	17	4	-9.2	2	1	2	-5.55555555555556	4	Gaza, Israel (general), Israel	IS	IS00	18315	31.4167	34.3333	-797156	4	Gaza, Israel (general), Israel	IS	IS00	18315	31.4167	34.3333	-797156	4	Gaza, Israel (general), Israel	IS	IS00	18315	31.4167	34.3333	-797156	20251013181500	https://www.islamicinvitationturkey.com/over-320-bodies-discovered-in-gaza-rubble-following-ceasefire/
1268379921	20251013	202510	2025	2025.7753	ISR	ISRAEL	ISR								IGOUNOKID	UNICEF		UNO				IGO			0	040	040	04	1	1.0	4	1	4	-1.46036161335188	4	Gaza City, Israel (general), Israel	IS	IS00	18315	31.4167	34.3333	-797156	4	Gaza, Israel (general), Israel	IS	IS00	18315	31.4167	34.3333	-797156	4	Gaza, Israel (general), Israel	IS	IS00	18315	31.4167	34.3333	-797156	20251013181500	https://www.cbc.ca/news/world/livestory/trump-mediators-sign-gaza-peace-deal-as-world-leaders-including-carney-attend-egypt-summit-9.6936751
1268379922	20251013	202510	2025	2025.7753	ISR	ISRAEL	ISR								IRN	IRAN	IRN								0	120	120	12	3	-4.0	8	1	8	-4.93273542600897	4	Gaza, Israel (general), Israel	IS	IS00	18315	31.4167	34.3333	-797156	4	Tehran, Tehran, Iran	IR	IR26	41130	35.75	51.5148	10074674	4	Gaza, Israel (general), Israel	IS	IS00	18315	31.4167	34.3333	-797156	20251013181500	https://www.mirror.co.uk/news/world-news/hostages-release-huge-step-still-36062237
1268379923	20251013	202510	2025	2025.7753	ISR	ISRAEL	ISR								IRN	IRAN	IRN								0	195	195	19	4	-10.0	1	1	1	-2.53388332351208	4	Gaza, Israel (general), Israel	IS	IS00	18315	31.4167	34.3333	-797156	4	Gaza, Israel (general), Israel	IS	IS00	18315	31.4167	34.3333	-797156	4	Gaza, Israel (general), Israel	IS	IS00	18315	31.4167	34.3333	-797156	20251013181500	https://www.winnipegfreepress.com/world/2025/10/13/fact-focus-with-a-truce-in-israel-trump-now-says-hes-ended-eight-wars-his-numbers-are-off
1268379924	20251013	202510	2025	2025.7753	ISR	ISRAEL	ISR								IRN	IRAN	IRN								0	195	195	19	4	-10.0	1	1	1	-2.53388332351208	4	Gaza, Israel (general), Israel	IS	IS00	18315	31.4167	34.3333	-797156	4	Isfahan, Esfahan, Iran	IR	IR28	40941	32.6597	51.6714	6013426	4	Isfahan, Esfahan, Iran	IR	IR28	40941	32.6597	51.6714	6013426	20251013181500	https://www.winnipegfreepress.com/world/2025/10/13/fact-focus-with-a-truce-in-israel-trump-now-says-hes-ended-eight-wars-his-numbers-are-off
1268379925	20251013	202510	2025	2025.7753	ISR	ISRAEL	ISR								IRN	IRAN	IRN								0	195	195	19	4	-10.0	1	1	1	-2.5897586815774	2	Michigan, United States	US	USMI		43.3504	-84.5603	MI	2	Michigan, United States	US	USMI		43.3504	-84.5603	MI	2	Michigan, United States	US	USMI		43.3504	-84.5603	MI	20251013181500	https://www.seattletimes.com/nation-world/fact-focus-with-a-truce-in-israel-trump-now-says-hes-ended-eight-wars-his-numbers-are-off/
1268379926	20251013	202510	2025	2025.7753	ISR	ISRAEL	ISR								IRN	IRAN	IRN								0	195	195	19	4	-10.0	1	1	1	-2.5897586815774	1	Malaysia	MY	MY		2.5	112.5	MY	2	Michigan, United States	US	USMI		43.3504	-84.5603	MI	2	Michigan, United States	US	USMI		43.3504	-84.5603	MI	20251013181500	https://www.seattletimes.com/nation-world/fact-focus-with-a-truce-in-israel-trump-now-says-hes-ended-eight-wars-his-numbers-are-off/
1268379927	20251013	202510	2025	2025.7753	ISR	ISRAEL	ISR								ISRCOP	ISRAEL	ISR					COP			1	046	046	04	1	7.0	2	1	2	-10.0864553314121	4	Gaza, Israel (general), Israel	IS	IS00	18315	31.4167	34.3333	-797156	4	Gaza, Israel (general), Israel	IS	IS00	18315	31.4167	34.3333	-797156	4	Gaza, Israel (general), Israel	IS	IS00	18315	31.4167	34.3333	-797156	20251013181500	https://www.livemint.com/news/world/israel-releases-1-968-prisoners-under-gaza-ceasefire-deal-prison-service-confirms-11760372034868.html
1268379928	20251013	202510	2025	2025.7753	ISR	ISRAEL	ISR								ISRGOV	ISRAEL	ISR					GOV			1	057	057	05	1	8.0	4	1	4	3.87096774193549	4	Tel Aviv, Tel Aviv, Israel	IS	IS05	18316	32.0667	34.7667	-781545	4	Tel Aviv, Tel Aviv, Israel	IS	IS05	18316	32.0667	34.7667	-781545	4	Tel Aviv, Tel Aviv, Israel	IS	IS05	18316	32.0667	34.7667	-781545	20251013181500	https://twincitiesnewstalk.iheart.com/content/2025-10-13-president-trump-speaks-in-egypt-after-signing-israel-hamas-ceasefire-deal/
1268379929	20251013	202510	2025	2025.7753	ISR	ISRAELI	ISR								ISRMIL	ISRAEL	ISR					MIL			0	181	181	18	4	-9.0	3	2	3	-4.08445928697385	4	Nahal Oz, HaDarom, Israel	IS	IS01	18315	31.4732	34.4978	-780808	4	Nahal Oz, HaDarom, Israel	IS	IS01	18315	31.4732	34.4978	-780808	4	Nahal Oz, HaDarom, Israel	IS	IS01	18315	31.4732	34.4978	-780808	20251013181500	https://kvia.com/news/us-world/cnn-world/2025/10/13/key-moments-from-a-momentous-day-for-israelis-and-palestinians/
1268379930	20251013	202510	2025	2025.7753	ISR	ISRAELI	ISR								ISRMIL	ISRAEL	ISR					MIL			0	181	181	18	4	-9.0	1	1	1	-3.93391030684501	4	Tel Aviv, Tel Aviv, Israel	IS	IS05	18316	32.0667	34.7667	-781545	4	Tel Aviv, Tel Aviv, Israel	IS	IS05	18316	32.0667	34.7667	-781545	4	Nahal Oz, HaDarom, Israel	IS	IS01	18315	31.4732	34.4978	-780808	20251013181500	https://www.cnn.com/2025/10/13/middleeast/released-israeli-hostages-peace-summit-intl
1268379931	20251013	202510	2025	2025.7753	ISR	ISRAEL	ISR								ISROPP	ISRAEL	ISR					OPP			1	045	045	04	1	5.0	4	1	4	-0.70921985815603	4	Gaza, Israel (general), Israel	IS	IS00	18315	31.4167	34.3333	-797156	4	Gaza, Israel (general), Israel	IS	IS00	18315	31.4167	34.3333	-797156	4	Gaza, Israel (general), Israel	IS	IS00	18315	31.4167	34.3333	-797156	20251013181500	https://www.nj.com/politics/2025/10/maga-fumes-after-top-democrat-doesnt-thank-trump-just-say-it.html
1268379932	20251013	202510	2025	2025.7753	ISR	ISRAEL	ISR								JOR	JORDAN	JOR								0	040	040	04	1	1.0	2	2	2	-4.04682204194164	4	Gaza, Israel (general), Israel	IS	IS00	18315	31.4167	34.3333	-797156	4	Gaza, Israel (general), Israel	IS	IS00	18315	31.4167	34.3333	-797156	4	Gaza, Israel (general), Israel	IS	IS00	18315	31.4167	34.3333	-797156	20251013181500	https://www.cnn.com/2025/10/13/middleeast/released-israeli-hostages-peace-summit-intl
1268379933	20251013	202510	2025	2025.7753	ISR	ISRAEL	ISR								JOR	JORDAN	JOR								0	040	040	04	1	1.0	2	2	2	-4.04682204194164	4	Gaza, Israel (general), Israel	IS	IS00	18315	31.4167	34.3333	-797156	1	Jordan	JO	JO		31	36	JO	4	Sharm El-Sheikh, Janub Sina', Egypt	EG	EG26	66041	27.8518	34.305	-302053	20251013181500	https://www.cnn.com/2025/10/13/middleeast/released-israeli-hostages-peace-summit-intl
1268379934	20251013	202510	2025	2025.7753	ISR	ISRAEL	ISR								JUD	ADVOCATE						JUD			1	020	020	02	1	3.0	2	1	2	-0.29585798816568	4	Gaza, Israel (general), Israel	IS	IS00	18315	31.4167	34.3333	-797156	4	Gaza, Israel (general), Israel	IS	IS00	18315	31.4167	34.3333	-797156	4	Gaza, Israel (general), Israel	IS	IS00	18315	31.4167	34.3333	-797156	20251013181500	https://www.islamicinvitationturkey.com/trump-us-supplied-israel-with-a-lot-of-weapons-faces-heckling-during-knesset-address/
1268379935	20251013	202510	2025	2025.7753	ISR	ISRAELI	ISR								LBN	LEBANON	LBN								1	017	017	01	1	0.0	8	1	8	-4.66867469879518	4	Galilee, Ha?afon, Israel	IS	IS03	18314	32.9	35.3333	-779978	4	Galilee, Ha?afon, Israel	IS	IS03	18314	32.9	35.3333	-779978	4	Galilee, Ha?afon, Israel	IS	IS03	18314	32.9	35.3333	-779978	20251013181500	https://www.islamicinvitationturkey.com/hezbollah-intensifies-border-clashes-with-israeli-forces-amid-ongoing-2024-conflict/
1268379936	20251013	202510	2025	2025.7753	ISR	ISRAEL	ISR								LBN	LEBANON	LBN								0	128	128	12	3	-5.0	5	1	5	-4.62962962962963	4	Gaza, Israel (general), Israel	IS	IS00	18315	31.4167	34.3333	-797156	1	Lebanon	LE	LE		33.833333	35.833333	LE	1	Gaza Strip	GZ	GZ		31.425074	34.373398	GZ	20251013181500	https://www.islamicinvitationturkey.com/strategic-timing-behind-sudden-gaza-accord-raises-questions/
1268379937	20251013	202510	2025	2025.7753	ISR	ISRAELI	ISR								LEG	PARLIAMENT						LEG			0	010	010	01	1	0.0	2	1	2	-0.29585798816568	4	Gaza, Israel (general), Israel	IS	IS00	18315	31.4167	34.3333	-797156	4	Tel Aviv, Tel Aviv, Israel	IS	IS05	18316	32.0667	34.7667	-781545	4	Tel Aviv, Tel Aviv, Israel	IS	IS05	18316	32.0667	34.7667	-781545	20251013181500	https://www.islamicinvitationturkey.com/trump-us-supplied-israel-with-a-lot-of-weapons-faces-heckling-during-knesset-address/
1268379938	20251013	202510	2025	2025.7753	ISR	ISRAELI	ISR								MOS	ISLAMIC				MOS					1	017	017	01	1	0.0	2	1	2	-4.66867469879518	4	Galilee, Ha?afon, Israel	IS	IS03	18314	32.9	35.3333	-779978	4	Galilee, Ha?afon, Israel	IS	IS03	18314	32.9	35.3333	-779978	4	Galilee, Ha?afon, Israel	IS	IS03	18314	32.9	35.3333	-779978	20251013181500	https://www.islamicinvitationturkey.com/hezbollah-intensifies-border-clashes-with-israeli-forces-amid-ongoing-2024-conflict/
1268379939	20251013	202510	2025	2025.7753	ISR	ISRAEL	ISR								MOS	MUSLIM				MOS					0	051	051	05	1	3.4	2	1	2	0.43956043956044	4	Gaza, Israel (general), Israel	IS	IS00	18315	31.4167	34.3333	-797156	4	Gaza, Israel (general), Israel	IS	IS00	18315	31.4167	34.3333	-797156	4	Gaza, Israel (general), Israel	IS	IS00	18315	31.4167	34.3333	-797156	20251013181500	https://indianexpress.com/article/world/after-israel-hamas-prisoner-swap-world-leaders-sign-gaza-deal-10305171/
1268379940	20251013	202510	2025	2025.7753	ISR	ISRAEL	ISR								NGOHLHIRC	RED CROSS		IRC				NGO	HLH		0	0353	035	03	1	7.0	1	1	1	-6.38297872340422	4	Tel Aviv, Tel Aviv, Israel	IS	IS05	18316	32.0667	34.7667	-781545	4	Tel Aviv, Tel Aviv, Israel	IS	IS05	18316	32.0667	34.7667	-781545	4	Tehran, Tehran, Iran	IR	IR26	41130	35.75	51.5148	10074674	20251013181500	https://www.islamicinvitationturkey.com/iran-applauds-pause-to-gaza-conflict-cautions-against-israels-ceasefire-track-record/
1268379941	20251013	202510	2025	2025.7753	ISR	ISRAEL	ISR								NGOHLHIRC	RED CROSS		IRC				NGO	HLH		0	0353	035	03	1	7.0	1	1	1	-6.38297872340422	4	Tehran, Tehran, Iran	IR	IR26	41130	35.75	51.5148	10074674	4	Tel Aviv, Tel Aviv, Israel	IS	IS05	18316	32.0667	34.7667	-781545	4	Tehran, Tehran, Iran	IR	IR26	41130	35.75	51.5148	10074674	20251013181500	https://www.islamicinvitationturkey.com/iran-applauds-pause-to-gaza-conflict-cautions-against-israels-ceasefire-track-record/
1268379942	20251013	202510	2025	2025.7753	ISR	ISRAELI	ISR								NGOHLHIRC	RED CROSS		IRC				NGO	HLH		0	043	043	04	1	2.8	4	2	4	-4.04682204194164	4	Nahal Oz, HaDarom, Israel	IS	IS01	18315	31.4732	34.4978	-780808	4	Nahal Oz, HaDarom, Israel	IS	IS01	18315	31.4732	34.4978	-780808	4	Nahal Oz, HaDarom, Israel	IS	IS01	18315	31.4732	34.4978	-780808	20251013181500	https://www.cnn.com/2025/10/13/middleeast/released-israeli-hostages-peace-summit-intl
1268379943	20251013	202510	2025	2025.7753	ISR	ISRAELI	ISR								NGOHLHIRC	RED CROSS		IRC				NGO	HLH		0	043	043	04	1	2.8	4	2	4	-4.04682204194164	4	Nahal Oz, HaDarom, Israel	IS	IS01	18315	31.4732	34.4978	-780808	4	Gaza, Israel (general), Israel	IS	IS00	18315	31.4167	34.3333	-797156	4	Nahal Oz, HaDarom, Israel	IS	IS01	18315	31.4732	34.4978	-780808	20251013181500	https://www.cnn.com/2025/10/13/middleeast/released-israeli-hostages-peace-summit-intl
1268379944	20251013	202510	2025	2025.7753	ISR	ISRAELI	ISR								NGOHLHIRC	RED CROSS		IRC				NGO	HLH		0	0841	084	08	2	7.0	4	2	4	-4.04682204194164	4	Nahal Oz, HaDarom, Israel	IS	IS01	18315	31.4732	34.4978	-780808	4	Nahal Oz, HaDarom, Israel	IS	IS01	18315	31.4732	34.4978	-780808	4	Nahal Oz, HaDarom, Israel	IS	IS01	18315	31.4732	34.4978	-780808	20251013181500	https://www.cnn.com/2025/10/13/middleeast/released-israeli-hostages-peace-summit-intl
1268379945	20251013	202510	2025	2025.7753	ISR	ISRAELI	ISR								NGOHLHIRC	RED CROSS		IRC				NGO	HLH		0	0841	084	08	2	7.0	4	2	4	-4.04682204194164	4	Nahal Oz, HaDarom, Israel	IS	IS01	18315	31.4732	34.4978	-780808	4	Gaza, Israel (general), Israel	IS	IS00	18315	31.4167	34.3333	-797156	4	Nahal Oz, HaDarom, Israel	IS	IS01	18315	31.4732	34.4978	-780808	20251013181500	https://www.cnn.com/2025/10/13/middleeast/released-israeli-hostages-peace-summit-intl
1268379946	20251013	202510	2025	2025.7753	ISR	ISRAEL	ISR								OPP	DETAINEE						OPP			0	064	064	06	2	7.0	4	1	4	-4.46601941747573	4	Gaza, Israel (general), Israel	IS	IS00	18315	31.4167	34.3333	-797156	4	Gaza, Israel (general), Israel	IS	IS00	18315	31.4167	34.3333	-797156	4	Gaza, Israel (general), Israel	IS	IS00	18315	31.4167	34.3333	-797156	20251013181500	https://www.islamicinvitationturkey.com/mass-celebration-as-2000-palestinian-detainees-released-amidst-defiance-of-occupation/
1268379947	20251013	202510	2025	2025.7753	ISR	ISRAELI	ISR								PSE	GAZA	PSE								0	051	051	05	1	3.4	8	1	8	-5.28691166989039	4	Tel Aviv, Tel Aviv, Israel	IS	IS05	18316	32.0667	34.7667	-781545	1	Gaza Strip	GZ	GZ		31.425074	34.373398	GZ	4	Tel Aviv, Tel Aviv, Israel	IS	IS05	18316	32.0667	34.7667	-781545	20251013181500	https://www.pressdemocrat.com/2025/10/13/israeli-hostages-released-hamas-ceasefire/
1268379948	20251013	202510	2025	2025.7753	ISR	ISRAELI	ISR								PSE	GAZA	PSE								0	0841	084	08	2	7.0	6	3	6	0.99337748344371	3	White House, District of Columbia, United States	US	USDC		38.8951	-77.0364	531871	4	Gaza, Israel (general), Israel	IS	IS00	18315	31.4167	34.3333	-797156	4	Gaza, Israel (general), Israel	IS	IS00	18315	31.4167	34.3333	-797156	20251013181500	https://www.ktvh.com/politics/the-president/the-war-in-gaza-is-over-trump-hails-deal-to-end-israel-hamas-conflict
1268379949	20251013	202510	2025	2025.7753	ISR	ISRAEL	ISR								PSE	GAZA	PSE								0	0874	087	08	2	10.0	4	2	4	-4.04682204194164	1	United States	US	US		39.828175	-98.5795	US	1	United States	US	US		39.828175	-98.5795	US	1	United States	US	US		39.828175	-98.5795	US	20251013181500	https://www.cnn.com/2025/10/13/middleeast/released-israeli-hostages-peace-summit-intl
1268379950	20251013	202510	2025	2025.7753	ISR	TEL AVIV	ISR								PSE	PALESTINIAN	PSE								0	111	111	11	3	-2.0	2	1	2	-6.38297872340422	4	Tel Aviv, Tel Aviv, Israel	IS	IS05	18316	32.0667	34.7667	-781545	4	Tel Aviv, Tel Aviv, Israel	IS	IS05	18316	32.0667	34.7667	-781545	4	Tel Aviv, Tel Aviv, Israel	IS	IS05	18316	32.0667	34.7667	-781545	20251013181500	https://www.islamicinvitationturkey.com/iran-applauds-pause-to-gaza-conflict-cautions-against-israels-ceasefire-track-record/
1268379951	20251013	202510	2025	2025.7753	ISR	ISRAEL	ISR								PSE	GAZA	PSE								0	120	120	12	3	-4.0	1	1	1	-4.62962962962963	4	Gaza, Israel (general), Israel	IS	IS00	18315	31.4167	34.3333	-797156	1	Gaza Strip	GZ	GZ		31.425074	34.373398	GZ	4	Gaza, Israel (general), Israel	IS	IS00	18315	31.4167	34.3333	-797156	20251013181500	https://www.islamicinvitationturkey.com/strategic-timing-behind-sudden-gaza-accord-raises-questions/
1268379952	20251013	202510	2025	2025.7753	ISR	ISRAEL	ISR								PSE	GAZA	PSE								0	120	120	12	3	-4.0	4	1	4	-4.62962962962963	4	Gaza, Israel (general), Israel	IS	IS00	18315	31.4167	34.3333	-797156	1	Gaza Strip	GZ	GZ		31.425074	34.373398	GZ	1	Gaza Strip	GZ	GZ		31.425074	34.373398	GZ	20251013181500	https://www.islamicinvitationturkey.com/strategic-timing-behind-sudden-gaza-accord-raises-questions/
1268379953	20251013	202510	2025	2025.7753	ISR	ISRAELI	ISR								PSE	GAZA	PSE								1	194	194	19	4	-10.0	3	1	3	-5.50161812297734	4	Gaza, Israel (general), Israel	IS	IS00	18315	31.4167	34.3333	-797156	4	Gaza, Israel (general), Israel	IS	IS00	18315	31.4167	34.3333	-797156	4	Gaza, Israel (general), Israel	IS	IS00	18315	31.4167	34.3333	-797156	20251013181500	https://www.el-balad.com/6731404
1268379954	20251013	202510	2025	2025.7753	ISR	ISRAELI	ISR								PSE	GAZA	PSE								1	194	194	19	4	-10.0	1	1	1	-5.50161812297734	1	Qatar	QA	QA		25.5	51.25	QA	1	Qatar	QA	QA		25.5	51.25	QA	1	Qatar	QA	QA		25.5	51.25	QA	20251013181500	https://www.el-balad.com/6731404
1268379955	20251013	202510	2025	2025.7753	ISR	ISRAEL	ISR								PSEOPP	PALESTINIAN	PSE					OPP			1	045	045	04	1	5.0	1	1	1	-0.70921985815603	4	Gaza, Israel (general), Israel	IS	IS00	18315	31.4167	34.3333	-797156	4	Gaza, Israel (general), Israel	IS	IS00	18315	31.4167	34.3333	-797156	4	Gaza, Israel (general), Israel	IS	IS00	18315	31.4167	34.3333	-797156	20251013181500	https://www.nj.com/politics/2025/10/maga-fumes-after-top-democrat-doesnt-thank-trump-just-say-it.html
1268379956	20251013	202510	2025	2025.7753	ISR	ISRAEL	ISR								PSEREB	HAMAS	PSE					REB			0	042	042	04	1	1.9	1	1	1	-0.29585798816568	4	Gaza, Israel (general), Israel	IS	IS00	18315	31.4167	34.3333	-797156	1	Egypt	EG	EG		27	30	EG	1	Egypt	EG	EG		27	30	EG	20251013181500	https://www.islamicinvitationturkey.com/trump-us-supplied-israel-with-a-lot-of-weapons-faces-heckling-during-knesset-address/
1268379957	20251013	202510	2025	2025.7753	ISR	ISRAELI	ISR								PSEREB	HAMAS	PSE					REB			1	043	043	04	1	2.8	4	1	4	-6.91823899371069	4	Gaza, Israel (general), Israel	IS	IS00	18315	31.4167	34.3333	-797156	4	Ramallah, West Bank (general), West Bank	WE	WE00	68767	31.9026	35.1955	-795956	4	Ramallah, West Bank (general), West Bank	WE	WE00	68767	31.9026	35.1955	-795956	20251013181500	https://www.islamicinvitationturkey.com/palestinian-abductees-israeli-captives-freed-in-gaza-ceasefire-agreement/
1268379958	20251013	202510	2025	2025.7753	ISR	ISRAELI	ISR								PSEREB	HAMAS	PSE					REB			1	043	043	04	1	2.8	4	1	4	-0.79681274900399	1	Canada	CA	CA		60	-96	CA	1	Canada	CA	CA		60	-96	CA	1	Canada	CA	CA		60	-96	CA	20251013181500	https://www.newstatesman.com/international-politics/2025/10/trumps-hostage-deal-was-the-easy-part
1268379959	20251013	202510	2025	2025.7753	ISR	ISRAEL	ISR								PSEREB	HAMAS	PSE					REB			0	084	084	08	2	7.0	1	1	1	-0.29585798816568	4	Gaza, Israel (general), Israel	IS	IS00	18315	31.4167	34.3333	-797156	1	Egypt	EG	EG		27	30	EG	4	Gaza, Israel (general), Israel	IS	IS00	18315	31.4167	34.3333	-797156	20251013181500	https://www.islamicinvitationturkey.com/trump-us-supplied-israel-with-a-lot-of-weapons-faces-heckling-during-knesset-address/
1268379960	20251013	202510	2025	2025.7753	ISR	ISRAEL	ISR								PSEREBUAF	HAMAS	PSE					REB	UAF		0	171	171	17	4	-9.2	8	2	8	-4.04682204194164	4	Nahal Oz, HaDarom, Israel	IS	IS01	18315	31.4732	34.4978	-780808	4	Nahal Oz, HaDarom, Israel	IS	IS01	18315	31.4732	34.4978	-780808	4	Nahal Oz, HaDarom, Israel	IS	IS01	18315	31.4732	34.4978	-780808	20251013181500	https://www.cnn.com/2025/10/13/middleeast/released-israeli-hostages-peace-summit-intl
1268379961	20251013	202510	2025	2025.7753	ISR	ISRAEL	ISR								QAT	QATAR	QAT								0	040	040	04	1	1.0	2	2	2	-4.04682204194164	4	Gaza, Israel (general), Israel	IS	IS00	18315	31.4167	34.3333	-797156	1	Qatar	QA	QA		25.5	51.25	QA	4	Sharm El-Sheikh, Janub Sina', Egypt	EG	EG26	66041	27.8518	34.305	-302053	20251013181500	https://www.cnn.com/2025/10/13/middleeast/released-israeli-hostages-peace-summit-intl
1268379962	20251013	202510	2025	2025.7753	ISR	ISRAELI	ISR								QAT	QATAR	QAT								0	050	050	05	1	3.5	1	1	1	-0.79681274900399	4	Gaza, Israel (general), Israel	IS	IS00	18315	31.4167	34.3333	-797156	4	Doha, Ad Daw?ah, Qatar	QA	QA01	25307	25.2867	51.5333	-785169	4	Gaza, Israel (general), Israel	IS	IS00	18315	31.4167	34.3333	-797156	20251013181500	https://www.newstatesman.com/international-politics/2025/10/trumps-hostage-deal-was-the-easy-part
1268379963	20251013	202510	2025	2025.7753	ISR	ISRAELI	ISR								QAT	QATAR	QAT								0	050	050	05	1	3.5	1	1	1	-0.79681274900399	2	New York, United States	US	USNY		42.1497	-74.9384	NY	4	Doha, Ad Daw?ah, Qatar	QA	QA01	25307	25.2867	51.5333	-785169	2	New York, United States	US	USNY		42.1497	-74.9384	NY	20251013181500	https://www.newstatesman.com/international-politics/2025/10/trumps-hostage-deal-was-the-easy-part
1268379964	20251013	202510	2025	2025.7753	ISR	ISRAEL	ISR								QATGOV	QATAR	QAT					GOV			0	055	055	05	1	7.0	1	1	1	-0.79681274900399	4	Gaza, Israel (general), Israel	IS	IS00	18315	31.4167	34.3333	-797156	4	Doha, Ad Daw?ah, Qatar	QA	QA01	25307	25.2867	51.5333	-785169	4	Doha, Ad Daw?ah, Qatar	QA	QA01	25307	25.2867	51.5333	-785169	20251013181500	https://www.newstatesman.com/international-politics/2025/10/trumps-hostage-deal-was-the-easy-part
1268379965	20251013	202510	2025	2025.7753	ISR	ISRAEL	ISR								QATGOV	QATAR	QAT					GOV			0	055	055	05	1	7.0	1	1	1	-0.79681274900399	4	Gaza, Israel (general), Israel	IS	IS00	18315	31.4167	34.3333	-797156	4	Gaza, Israel (general), Israel	IS	IS00	18315	31.4167	34.3333	-797156	4	Gaza, Israel (general), Israel	IS	IS00	18315	31.4167	34.3333	-797156	20251013181500	https://www.newstatesman.com/international-politics/2025/10/trumps-hostage-deal-was-the-easy-part
1268379966	20251013	202510	2025	2025.7753	ISR	ISRAEL	ISR								SAUGOV	SAUDI	SAU					GOV			0	051	051	05	1	3.4	4	1	4	0.43956043956044	4	Gaza, Israel (general), Israel	IS	IS00	18315	31.4167	34.3333	-797156	4	Gaza, Israel (general), Israel	IS	IS00	18315	31.4167	34.3333	-797156	4	Gaza, Israel (general), Israel	IS	IS00	18315	31.4167	34.3333	-797156	20251013181500	https://indianexpress.com/article/world/after-israel-hamas-prisoner-swap-world-leaders-sign-gaza-deal-10305171/
1268379967	20251013	202510	2025	2025.7753	ISR	ISRAEL	ISR								USA	UNITED STATES	USA								0	040	040	04	1	1.0	1	1	1	-0.79681274900399	4	Gaza, Israel (general), Israel	IS	IS00	18315	31.4167	34.3333	-797156	3	White House, District of Columbia, United States	US	USDC		38.8951	-77.0364	531871	2	New York, United States	US	USNY		42.1497	-74.9384	NY	20251013181500	https://www.newstatesman.com/international-politics/2025/10/trumps-hostage-deal-was-the-easy-part
1268379968	20251013	202510	2025	2025.7753	ISR	ISRAEL	ISR								USA	UNITED STATES	USA								0	040	040	04	1	1.0	2	1	2	-4.62962962962963	1	United States	US	US		39.828175	-98.5795	US	1	United States	US	US		39.828175	-98.5795	US	4	Gaza, Israel (general), Israel	IS	IS00	18315	31.4167	34.3333	-797156	20251013181500	https://www.islamicinvitationturkey.com/strategic-timing-behind-sudden-gaza-accord-raises-questions/
1268379969	20251013	202510	2025	2025.7753	ISR	ISRAEL	ISR								USA	UNITED STATES	USA								0	040	040	04	1	1.0	2	1	2	-4.62962962962963	1	United States	US	US		39.828175	-98.5795	US	1	United States	US	US		39.828175	-98.5795	US	1	United States	US	US		39.828175	-98.5795	US	20251013181500	https://www.islamicinvitationturkey.com/strategic-timing-behind-sudden-gaza-accord-raises-questions/
1268379970	20251013	202510	2025	2025.7753	ISR	ISRAEL	ISR								USA	AMERICAN	USA								0	042	042	04	1	1.9	1	1	1	-1.37236962488564	1	Iran	IR	IR		32	53	IR	1	Iran	IR	IR		32	53	IR	1	Iran	IR	IR		32	53	IR	20251013181500	https://newrepublic.com/article/201680/hostages-returned-israel-palestine-process
1268379971	20251013	202510	2025	2025.7753	ISR	ISRAEL	ISR								USA	UNITED STATES	USA								0	050	050	05	1	3.5	2	1	2	-0.79681274900399	4	Gaza, Israel (general), Israel	IS	IS00	18315	31.4167	34.3333	-797156	3	White House, District of Columbia, United States	US	USDC		38.8951	-77.0364	531871	4	Gaza, Israel (general), Israel	IS	IS00	18315	31.4167	34.3333	-797156	20251013181500	https://www.newstatesman.com/international-politics/2025/10/trumps-hostage-deal-was-the-easy-part
1268379972	20251013	202510	2025	2025.7753	ISR	ISRAEL	ISR								USA	UNITED STATES	USA								0	181	181	18	4	-9.0	3	1	3	-5.7356608478803	4	Kiryat Bialik, H_efa, Israel	IS	IS04	18314	32.8275	35.0858	-781089	3	Fort Worth, Texas, United States	US	USTX		32.7254	-97.3208	1380947	1		RB	RB				RB	20251013181500	https://www.nbcdfw.com/news/national-international/who-are-released-israeli-hostages-hamas/3931257/
1268379973	20251013	202510	2025	2025.7753	ISR	ISRAELI	ISR								USA	UNITED STATES	USA								0	181	181	18	4	-9.0	1	1	1	-5.7356608478803	3	Fort Worth, Texas, United States	US	USTX	TX439	32.7254	-97.3208	1380947	3	Fort Worth, Texas, United States	US	USTX		32.7254	-97.3208	1380947	3	Fort Worth, Texas, United States	US	USTX		32.7254	-97.3208	1380947	20251013181500	https://www.nbcdfw.com/news/national-international/who-are-released-israeli-hostages-hamas/3931257/
1268379974	20251013	202510	2025	2025.7753	ISR	ISRAELI	ISR								USAGOV	THE WHITE HOUSE	USA					GOV			0	040	040	04	1	1.0	1	1	1	-0.79681274900399	4	Gaza, Israel (general), Israel	IS	IS00	18315	31.4167	34.3333	-797156	3	White House, District of Columbia, United States	US	USDC		38.8951	-77.0364	531871	2	New York, United States	US	USNY		42.1497	-74.9384	NY	20251013181500	https://www.newstatesman.com/international-politics/2025/10/trumps-hostage-deal-was-the-easy-part
1268379975	20251013	202510	2025	2025.7753	ISR	ISRAELI	ISR								USAGOV	THE WHITE HOUSE	USA					GOV			0	050	050	05	1	3.5	1	1	1	-0.79681274900399	4	Gaza, Israel (general), Israel	IS	IS00	18315	31.4167	34.3333	-797156	3	White House, District of Columbia, United States	US	USDC		38.8951	-77.0364	531871	4	Gaza, Israel (general), Israel	IS	IS00	18315	31.4167	34.3333	-797156	20251013181500	https://www.newstatesman.com/international-politics/2025/10/trumps-hostage-deal-was-the-easy-part
1268379976	20251013	202510	2025	2025.7753	ISR	ISRAEL	ISR								USAGOV	UNITED STATES	USA					GOV			1	057	057	05	1	8.0	2	1	2	12.8205128205128	4	Gaza, Israel (general), Israel	IS	IS00	18315	31.4167	34.3333	-797156	4	Gaza, Israel (general), Israel	IS	IS00	18315	31.4167	34.3333	-797156	1	United States	US	US		39.828175	-98.5795	US	20251013181500	https://biztoc.com/x/ae1a274ef50819c8
1268379977	20251013	202510	2025	2025.7753	ISR	ISRAEL	ISR								USAGOV	UNITED STATES	USA					GOV			1	057	057	05	1	8.0	3	1	3	12.8205128205128	4	Gaza, Israel (general), Israel	IS	IS00	18315	31.4167	34.3333	-797156	1	United States	US	US		39.828175	-98.5795	US	1	United States	US	US		39.828175	-98.5795	US	20251013181500	https://biztoc.com/x/ae1a274ef50819c8
1268379978	20251013	202510	2025	2025.7753	ISRCOP	ISRAEL	ISR					COP			ISR	ISRAEL	ISR								1	046	046	04	1	7.0	2	1	2	-10.0864553314121	4	Gaza, Israel (general), Israel	IS	IS00	18315	31.4167	34.3333	-797156	4	Gaza, Israel (general), Israel	IS	IS00	18315	31.4167	34.3333	-797156	4	Gaza, Israel (general), Israel	IS	IS00	18315	31.4167	34.3333	-797156	20251013181500	https://www.livemint.com/news/world/israel-releases-1-968-prisoners-under-gaza-ceasefire-deal-prison-service-confirms-11760372034868.html
1268379979	20251013	202510	2025	2025.7753	ISRCOP	ISRAELI	ISR					COP			OPP	DETAINEE						OPP			1	0871	087	08	2	9.0	6	1	6	-10.0864553314121	4	Gaza, Israel (general), Israel	IS	IS00	18315	31.4167	34.3333	-797156	4	Gaza, Israel (general), Israel	IS	IS00	18315	31.4167	34.3333	-797156	4	Gaza, Israel (general), Israel	IS	IS00	18315	31.4167	34.3333	-797156	20251013181500	https://www.livemint.com/news/world/israel-releases-1-968-prisoners-under-gaza-ceasefire-deal-prison-service-confirms-11760372034868.html
1268379980	20251013	202510	2025	2025.7753	ISRCOP	ISRAELI	ISR					COP			PSE	GAZA	PSE								1	046	046	04	1	7.0	1	1	1	-10.0864553314121	4	Gaza, Israel (general), Israel	IS	IS00	18315	31.4167	34.3333	-797156	4	Gaza, Israel (general), Israel	IS	IS00	18315	31.4167	34.3333	-797156	4	Gaza, Israel (general), Israel	IS	IS00	18315	31.4167	34.3333	-797156	20251013181500	https://www.livemint.com/news/world/israel-releases-1-968-prisoners-under-gaza-ceasefire-deal-prison-service-confirms-11760372034868.html
1268379981	20251013	202510	2025	2025.7753	ISRCVL	ISRAELI	ISR					CVL			OPP	DETAINEE						OPP			0	190	190	19	4	-10.0	6	1	6	-10.0864553314121	4	Gaza, Israel (general), Israel	IS	IS00	18315	31.4167	34.3333	-797156	4	Gaza, Israel (general), Israel	IS	IS00	18315	31.4167	34.3333	-797156	4	Gaza, Israel (general), Israel	IS	IS00	18315	31.4167	34.3333	-797156	20251013181500	https://www.livemint.com/news/world/israel-releases-1-968-prisoners-under-gaza-ceasefire-deal-prison-service-confirms-11760372034868.html
1268379982	20251013	202510	2025	2025.7753	ISRGOV	ISRAELI	ISR					GOV													0	141	141	14	3	-6.5	6	1	6	-0.79681274900399	4	Gaza, Israel (general), Israel	IS	IS00	18315	31.4167	34.3333	-797156	0								4	Gaza, Israel (general), Israel	IS	IS00	18315	31.4167	34.3333	-797156	20251013181500	https://www.newstatesman.com/international-politics/2025/10/trumps-hostage-deal-was-the-easy-part
1268379983	20251013	202510	2025	2025.7753	ISRGOV	ISRAEL	ISR					GOV			IRN	IRAN	IRN								0	072	072	07	2	8.3	4	2	4	-2.56182100254474	4	Gaza, Israel (general), Israel	IS	IS00	18315	31.4167	34.3333	-797156	4	Natanz, Esfahan, Iran	IR	IR28	41048	33.4964	51.9266	10811460	4	Gaza, Israel (general), Israel	IS	IS00	18315	31.4167	34.3333	-797156	20251013181500	https://www.seattletimes.com/nation-world/fact-focus-with-a-truce-in-israel-trump-now-says-hes-ended-eight-wars-his-numbers-are-off/
1268379984	20251013	202510	2025	2025.7753	ISRGOV	ISRAEL	ISR					GOV			ISR	ISRAEL	ISR								1	010	010	01	1	0.0	1	1	1	-2.53388332351208	2	Michigan, United States	US	USMI		43.3504	-84.5603	MI	2	Michigan, United States	US	USMI		43.3504	-84.5603	MI	2	Michigan, United States	US	USMI		43.3504	-84.5603	MI	20251013181500	https://www.winnipegfreepress.com/world/2025/10/13/fact-focus-with-a-truce-in-israel-trump-now-says-hes-ended-eight-wars-his-numbers-are-off
1268379985	20251013	202510	2025	2025.7753	ISRGOV	ISRAEL	ISR					GOV			ISR	ISRAEL	ISR								1	013	013	01	1	0.4	2	1	2	3.87096774193549	4	Tel Aviv, Tel Aviv, Israel	IS	IS05	18316	32.0667	34.7667	-781545	4	Tel Aviv, Tel Aviv, Israel	IS	IS05	18316	32.0667	34.7667	-781545	4	Tel Aviv, Tel Aviv, Israel	IS	IS05	18316	32.0667	34.7667	-781545	20251013181500	https://twincitiesnewstalk.iheart.com/content/2025-10-13-president-trump-speaks-in-egypt-after-signing-israel-hamas-ceasefire-deal/
1268379986	20251013	202510	2025	2025.7753	ISRGOV	ISRAEL	ISR					GOV			ISR	ISRAEL	ISR								1	057	057	05	1	8.0	4	1	4	3.87096774193549	4	Sharm El-Sheikh, Janub Sina', Egypt	EG	EG26	66041	27.8518	34.305	-302053	4	Gaza, Israel (general), Israel	IS	IS00	18315	31.4167	34.3333	-797156	4	Sharm El-Sheikh, Janub Sina', Egypt	EG	EG26	66041	27.8518	34.305	-302053	20251013181500	https://twincitiesnewstalk.iheart.com/content/2025-10-13-president-trump-speaks-in-egypt-after-signing-israel-hamas-ceasefire-deal/
1268379987	20251013	202510	2025	2025.7753	ISRGOV	ISRAEL	ISR					GOV			ISR	ISRAEL	ISR								1	110	110	11	3	-2.0	2	1	2	-4.62962962962963	4	Gaza, Israel (general), Israel	IS	IS00	18315	31.4167	34.3333	-797156	4	Gaza, Israel (general), Israel	IS	IS00	18315	31.4167	34.3333	-797156	4	Gaza, Israel (general), Israel	IS	IS00	18315	31.4167	34.3333	-797156	20251013181500	https://www.islamicinvitationturkey.com/strategic-timing-behind-sudden-gaza-accord-raises-questions/
1268379988	20251013	202510	2025	2025.7753	ISRGOV	ISRAEL	ISR					GOV			ISRGOV	ISRAEL	ISR					GOV			0	051	051	05	1	3.4	2	1	2	-5.28691166989039	4	Tel Aviv, Tel Aviv, Israel	IS	IS05	18316	32.0667	34.7667	-781545	4	Ben Gurion, HaMerkaz, Israel	IS	IS02	18311	32.0114	34.8867	149507	4	Tel Aviv, Tel Aviv, Israel	IS	IS05	18316	32.0667	34.7667	-781545	20251013181500	https://www.pressdemocrat.com/2025/10/13/israeli-hostages-released-hamas-ceasefire/
1268379989	20251013	202510	2025	2025.7753	ISRGOV	ISRAEL	ISR					GOV			ISRLEG	ISRAEL	ISR					LEG			1	010	010	01	1	0.0	1	1	1	-2.53388332351208	2	Michigan, United States	US	USMI		43.3504	-84.5603	MI	2	Michigan, United States	US	USMI		43.3504	-84.5603	MI	2	Michigan, United States	US	USMI		43.3504	-84.5603	MI	20251013181500	https://www.winnipegfreepress.com/world/2025/10/13/fact-focus-with-a-truce-in-israel-trump-now-says-hes-ended-eight-wars-his-numbers-are-off
1268379990	20251013	202510	2025	2025.7753	ISRGOV	ISRAEL	ISR					GOV			PSE	GAZA	PSE								1	014	014	01	1	0.0	2	1	2	-1.06951871657754	4	Tel Aviv, Tel Aviv, Israel	IS	IS05	18316	32.0667	34.7667	-781545	4	Tel Aviv, Tel Aviv, Israel	IS	IS05	18316	32.0667	34.7667	-781545	4	Tel Aviv, Tel Aviv, Israel	IS	IS05	18316	32.0667	34.7667	-781545	20251013181500	https://nypost.com/2025/10/13/us-news/trump-says-gaza-peace-process-could-be-greatest-deal-of-them-all/
1268379991	20251013	202510	2025	2025.7753	ISRGOV	ISRAEL	ISR					GOV			PSE	GAZA	PSE								0	051	051	05	1	3.4	2	1	2	-5.28691166989039	4	Tel Aviv, Tel Aviv, Israel	IS	IS05	18316	32.0667	34.7667	-781545	4	Jerusalem, Israel (general), Israel	IS	IS00	18315	31.7667	35.2333	-797092	4	Jerusalem, Israel (general), Israel	IS	IS00	18315	31.7667	35.2333	-797092	20251013181500	https://www.pressdemocrat.com/2025/10/13/israeli-hostages-released-hamas-ceasefire/
1268379992	20251013	202510	2025	2025.7753	ISRGOV	ISRAELI	ISR					GOV			PSE	PALESTINIAN	PSE								1	110	110	11	3	-2.0	1	1	1	-4.62962962962963	4	Gaza, Israel (general), Israel	IS	IS00	18315	31.4167	34.3333	-797156	4	Gaza, Israel (general), Israel	IS	IS00	18315	31.4167	34.3333	-797156	4	Gaza, Israel (general), Israel	IS	IS00	18315	31.4167	34.3333	-797156	20251013181500	https://www.islamicinvitationturkey.com/strategic-timing-behind-sudden-gaza-accord-raises-questions/
1268379993	20251013	202510	2025	2025.7753	ISRGOV	TEL AVIV	ISR					GOV			PSE	PALESTINIAN	PSE								0	111	111	11	3	-2.0	3	1	3	-6.38297872340422	4	Tel Aviv, Tel Aviv, Israel	IS	IS05	18316	32.0667	34.7667	-781545	4	Tel Aviv, Tel Aviv, Israel	IS	IS05	18316	32.0667	34.7667	-781545	4	Tel Aviv, Tel Aviv, Israel	IS	IS05	18316	32.0667	34.7667	-781545	20251013181500	https://www.islamicinvitationturkey.com/iran-applauds-pause-to-gaza-conflict-cautions-against-israels-ceasefire-track-record/
1268379994	20251013	202510	2025	2025.7753	ISRGOV	ISRAEL	ISR					GOV			PSEREB	HAMAS	PSE					REB			1	043	043	04	1	2.8	2	1	2	-1.26050420168067	4	Gaza, Israel (general), Israel	IS	IS00	18315	31.4167	34.3333	-797156	2	Georgia, United States	US	USGA		32.9866	-83.6487	GA	2	Georgia, United States	US	USGA		32.9866	-83.6487	GA	20251013181500	https://georgiatoday.ge/georgian-embassy-in-israel-shares-in-joy-over-hostages-release/
1268379995	20251013	202510	2025	2025.7753	ISRGOV	ISRAEL	ISR					GOV			PSEREB	HAMAS	PSE					REB			1	057	057	05	1	8.0	4	1	4	3.87096774193549	4	Tel Aviv, Tel Aviv, Israel	IS	IS05	18316	32.0667	34.7667	-781545	4	Tel Aviv, Tel Aviv, Israel	IS	IS05	18316	32.0667	34.7667	-781545	4	Tel Aviv, Tel Aviv, Israel	IS	IS05	18316	32.0667	34.7667	-781545	20251013181500	https://twincitiesnewstalk.iheart.com/content/2025-10-13-president-trump-speaks-in-egypt-after-signing-israel-hamas-ceasefire-deal/
1268379996	20251013	202510	2025	2025.7753	ISRGOV	ISRAEL	ISR					GOV			USAGOV	THE WHITE HOUSE	USA					GOV			0	057	057	05	1	8.0	2	2	2	-2.56182100254474	4	Gaza, Israel (general), Israel	IS	IS00	18315	31.4167	34.3333	-797156	3	White House, District of Columbia, United States	US	USDC		38.8951	-77.0364	531871	1	Rwanda	RW	RW		-2	30	RW	20251013181500	https://www.seattletimes.com/nation-world/fact-focus-with-a-truce-in-israel-trump-now-says-hes-ended-eight-wars-his-numbers-are-off/
1268379997	20251013	202510	2025	2025.7753	ISRGOV	ISRAEL	ISR					GOV			USAGOV	THE WHITE HOUSE	USA					GOV			0	057	057	05	1	8.0	1	1	1	-2.53388332351208	4	Gaza, Israel (general), Israel	IS	IS00	18315	31.4167	34.3333	-797156	1	Congo	CF	CF		-1	15	CF	1	Congo	CF	CF		-1	15	CF	20251013181500	https://www.winnipegfreepress.com/world/2025/10/13/fact-focus-with-a-truce-in-israel-trump-now-says-hes-ended-eight-wars-his-numbers-are-off
1268379998	20251013	202510	2025	2025.7753	ISRGOV	ISRAEL	ISR					GOV			USAGOV	THE WHITE HOUSE	USA					GOV			0	057	057	05	1	8.0	1	1	1	-2.5897586815774	4	Gaza, Israel (general), Israel	IS	IS00	18315	31.4167	34.3333	-797156	1	Democratic Republic Of The Congo	CG	CG		0	25	CG	1	Democratic Republic Of The Congo	CG	CG		0	25	CG	20251013181500	https://www.seattletimes.com/nation-world/fact-focus-with-a-truce-in-israel-trump-now-says-hes-ended-eight-wars-his-numbers-are-off/
1268379999	20251013	202510	2025	2025.7753	ISRLEG	ISRAEL	ISR					LEG			USAMED	REUTERS	USA					MED			0	043	043	04	1	2.8	1	1	1	-1.83574879227053	4	Gaza, Israel (general), Israel	IS	IS00	18315	31.4167	34.3333	-797156	4	Gaza, Israel (general), Israel	IS	IS00	18315	31.4167	34.3333	-797156	4	Gaza, Israel (general), Israel	IS	IS00	18315	31.4167	34.3333	-797156	20251013181500	https://www.globaltimes.cn/page/202510/1345529.shtml
1268380000	20251013	202510	2025	2025.7753	ISRMED	ISRAEL	ISR					MED			ISROPP	ISRAEL	ISR					OPP			1	010	010	01	1	0.0	2	1	2	-6.91823899371069	4	Gaza, Israel (general), Israel	IS	IS00	18315	31.4167	34.3333	-797156	4	Gaza, Israel (general), Israel	IS	IS00	18315	31.4167	34.3333	-797156	4	Gaza, Israel (general), Israel	IS	IS00	18315	31.4167	34.3333	-797156	20251013181500	https://www.islamicinvitationturkey.com/palestinian-abductees-israeli-captives-freed-in-gaza-ceasefire-agreement/
1268380001	20251013	202510	2025	2025.7753	ISRMED	ISRAELI	ISR					MED			NGOHLHIRC	RED CROSS		IRC				NGO	HLH		1	010	010	01	1	0.0	3	1	3	-6.91823899371069	4	Gaza, Israel (general), Israel	IS	IS00	18315	31.4167	34.3333	-797156	4	Gaza, Israel (general), Israel	IS	IS00	18315	31.4167	34.3333	-797156	4	Gaza, Israel (general), Israel	IS	IS00	18315	31.4167	34.3333	-797156	20251013181500	https://www.islamicinvitationturkey.com/palestinian-abductees-israeli-captives-freed-in-gaza-ceasefire-agreement/
1268380002	20251013	202510	2025	2025.7753	ISRMED	ISRAELI	ISR					MED			PSEOPP	PALESTINIAN	PSE					OPP			1	010	010	01	1	0.0	1	1	1	-6.91823899371069	4	Gaza, Israel (general), Israel	IS	IS00	18315	31.4167	34.3333	-797156	4	Gaza, Israel (general), Israel	IS	IS00	18315	31.4167	34.3333	-797156	4	Gaza, Israel (general), Israel	IS	IS00	18315	31.4167	34.3333	-797156	20251013181500	https://www.islamicinvitationturkey.com/palestinian-abductees-israeli-captives-freed-in-gaza-ceasefire-agreement/
1268380003	20251013	202510	2025	2025.7753	ISRMIL	ISRAELI	ISR					MIL			PSE	GAZA	PSE								1	080	080	08	2	5.0	1	1	1	-10.6976744186047	4	Gaza, Israel (general), Israel	IS	IS00	18315	31.4167	34.3333	-797156	4	Gaza, Israel (general), Israel	IS	IS00	18315	31.4167	34.3333	-797156	4	Gaza, Israel (general), Israel	IS	IS00	18315	31.4167	34.3333	-797156	20251013181500	https://tass.com/world/2029107
1268380004	20251013	202510	2025	2025.7753	ISRMIL	ISRAELI	ISR					MIL			PSEREB	HAMAS	PSE					REB			1	043	043	04	1	2.8	6	1	6	-6.91823899371069	4	Gaza, Israel (general), Israel	IS	IS00	18315	31.4167	34.3333	-797156	4	Ramallah, West Bank (general), West Bank	WE	WE00	68767	31.9026	35.1955	-795956	4	Ramallah, West Bank (general), West Bank	WE	WE00	68767	31.9026	35.1955	-795956	20251013181500	https://www.islamicinvitationturkey.com/palestinian-abductees-israeli-captives-freed-in-gaza-ceasefire-agreement/
1268380005	20251013	202510	2025	2025.7753	ISRMIL	ISRAEL	ISR					MIL			PSEREB	HAMAS	PSE					REB			1	043	043	04	1	2.8	1	1	1	-1.46036161335188	1	Canada	CA	CA		60	-96	CA	4	Gaza, Israel (general), Israel	IS	IS00	18315	31.4167	34.3333	-797156	4	Gaza, Israel (general), Israel	IS	IS00	18315	31.4167	34.3333	-797156	20251013181500	https://www.cbc.ca/news/world/livestory/trump-mediators-sign-gaza-peace-deal-as-world-leaders-including-carney-attend-egypt-summit-9.6936751
1268380006	20251013	202510	2025	2025.7753	ISROPP	ISRAEL	ISR					OPP													0	1822	182	18	4	-9.0	6	1	6	-4.46601941747573	4	Gaza, Israel (general), Israel	IS	IS00	18315	31.4167	34.3333	-797156	0								4	Gaza, Israel (general), Israel	IS	IS00	18315	31.4167	34.3333	-797156	20251013181500	https://www.islamicinvitationturkey.com/mass-celebration-as-2000-palestinian-detainees-released-amidst-defiance-of-occupation/
1268380007	20251013	202510	2025	2025.7753	ISROPP	ISRAEL	ISR					OPP			COP	PRISON						COP			0	0353	035	03	1	7.0	2	1	2	-5.55555555555556	4	Gaza, Israel (general), Israel	IS	IS00	18315	31.4167	34.3333	-797156	4	Gaza, Israel (general), Israel	IS	IS00	18315	31.4167	34.3333	-797156	4	Gaza, Israel (general), Israel	IS	IS00	18315	31.4167	34.3333	-797156	20251013181500	https://www.islamicinvitationturkey.com/over-320-bodies-discovered-in-gaza-rubble-following-ceasefire/
1268380008	20251013	202510	2025	2025.7753	ISROPP	ISRAEL	ISR					OPP			EGY	EGYPT	EGY								0	063	063	06	2	7.4	2	2	2	-4.04682204194164	4	Gaza, Israel (general), Israel	IS	IS00	18315	31.4167	34.3333	-797156	4	Sharm El-Sheikh, Janub Sina', Egypt	EG	EG26	66041	27.8518	34.305	-302053	4	Sharm El-Sheikh, Janub Sina', Egypt	EG	EG26	66041	27.8518	34.305	-302053	20251013181500	https://www.cnn.com/2025/10/13/middleeast/released-israeli-hostages-peace-summit-intl
1268380009	20251013	202510	2025	2025.7753	ISROPP	ISRAEL	ISR					OPP			EGY	EGYPT	EGY								0	063	063	06	2	7.4	2	2	2	-4.04682204194164	4	Gaza, Israel (general), Israel	IS	IS00	18315	31.4167	34.3333	-797156	4	Sharm El-Sheikh, Janub Sina', Egypt	EG	EG26	66041	27.8518	34.305	-302053	4	Gaza, Israel (general), Israel	IS	IS00	18315	31.4167	34.3333	-797156	20251013181500	https://www.cnn.com/2025/10/13/middleeast/released-israeli-hostages-peace-summit-intl
1268380010	20251013	202510	2025	2025.7753	ISROPP	ISRAEL	ISR					OPP			ISR	ISRAEL	ISR								0	012	012	01	1	-0.4	4	1	4	-8.71794871794872	4	Gaza, Israel (general), Israel	IS	IS00	18315	31.4167	34.3333	-797156	4	Gaza, Israel (general), Israel	IS	IS00	18315	31.4167	34.3333	-797156	4	Gaza, Israel (general), Israel	IS	IS00	18315	31.4167	34.3333	-797156	20251013181500	https://www.islamicinvitationturkey.com/zionist-regime-exiles-154-palestinian-prisoners-following-gaza-ceasefire-agreement/
1268380011	20251013	202510	2025	2025.7753	ISROPP	ISRAEL	ISR					OPP			ISR	ISRAEL	ISR								0	192	192	19	4	-9.5	4	1	4	-1.83574879227053	4	Gaza, Israel (general), Israel	IS	IS00	18315	31.4167	34.3333	-797156	4	Gaza, Israel (general), Israel	IS	IS00	18315	31.4167	34.3333	-797156	4	Gaza, Israel (general), Israel	IS	IS00	18315	31.4167	34.3333	-797156	20251013181500	https://www.globaltimes.cn/page/202510/1345529.shtml
1268380012	20251013	202510	2025	2025.7753	ISRREB	ISRAEL	ISR					REB			ISRMIL	ISRAEL	ISR					MIL			1	0356	035	03	1	7.0	2	1	2	-4.62962962962963	4	Gaza, Israel (general), Israel	IS	IS00	18315	31.4167	34.3333	-797156	4	Gaza, Israel (general), Israel	IS	IS00	18315	31.4167	34.3333	-797156	4	Gaza, Israel (general), Israel	IS	IS00	18315	31.4167	34.3333	-797156	20251013181500	https://www.islamicinvitationturkey.com/strategic-timing-behind-sudden-gaza-accord-raises-questions/
1268380013	20251013	202510	2025	2025.7753	ITA	ITALY	ITA																		1	010	010	01	1	0.0	4	1	4	-2.63504611330698	4	Campi Flegrei, Italy (general), Italy	IT	IT00	18332	40.85	14.1333	-112769	0								4	Campi Flegrei, Italy (general), Italy	IT	IT00	18332	40.85	14.1333	-112769	20251013181500	https://www.livescience.com/planet-earth/volcanos/ai-reveals-hidden-ring-fault-that-is-unleashing-earthquakes-at-italys-campi-flegrei-volcano
1268380014	20251013	202510	2025	2025.7753	ITA	ITALY	ITA								ARE	UNITED ARAB EMIRATES	ARE								1	061	061	06	2	6.4	2	1	2	3.09090909090909	1	United Arab Emirates	AE	AE		24	54	AE	1	United States	US	US		39.828175	-98.5795	US	1	India	IN	IN		20	77	IN	20251013181500	https://theindianawaaz.com/indias-electronics-surge-powers-jobs-exports-and-global-industry-growth/
1268380015	20251013	202510	2025	2025.7753	ITA	ITALY	ITA								ARE	UNITED ARAB EMIRATES	ARE								1	061	061	06	2	6.4	6	1	6	3.09090909090909	1	Italy	IT	IT		42.833333	12.833333	IT	1	United Arab Emirates	AE	AE		24	54	AE	1	India	IN	IN		20	77	IN	20251013181500	https://theindianawaaz.com/indias-electronics-surge-powers-jobs-exports-and-global-industry-growth/
1268380016	20251013	202510	2025	2025.7753	ITA	ITALY	ITA								ARE	UNITED ARAB EMIRATES	ARE								1	061	061	06	2	6.4	2	1	2	3.09090909090909	1	Italy	IT	IT		42.833333	12.833333	IT	1	United States	US	US		39.828175	-98.5795	US	1	India	IN	IN		20	77	IN	20251013181500	https://theindianawaaz.com/indias-electronics-surge-powers-jobs-exports-and-global-industry-growth/
1268380017	20251013	202510	2025	2025.7753	ITA	ITALY	ITA								CVL	INDIGENOUS PEOPLE						CVL			0	015	015	01	1	0.0	1	1	1	1.1015911872705	1	Italy	IT	IT		42.833333	12.833333	IT	1	Italy	IT	IT		42.833333	12.833333	IT	1	Italy	IT	IT		42.833333	12.833333	IT	20251013181500	https://www.cleveland.com/news/2025/10/columbus-ohio-could-lose-federal-money-under-ohio-congressmans-columbus-day-bill.html
1268380018	20251013	202510	2025	2025.7753	ITA	ITALY	ITA								ISR	ISRAEL	ISR								1	010	010	01	1	0.0	4	1	4	4.87804878048782	4	Gaza, Israel (general), Israel	IS	IS00	18315	31.4167	34.3333	-797156	4	Gaza, Israel (general), Israel	IS	IS00	18315	31.4167	34.3333	-797156	4	Gaza, Israel (general), Israel	IS	IS00	18315	31.4167	34.3333	-797156	20251013181500	https://www.el-balad.com/6731400
1268380019	20251013	202510	2025	2025.7753	ITA	ITALY	ITA								PSE	GAZA	PSE								1	010	010	01	1	0.0	6	1	6	4.87804878048782	4	Gaza, Israel (general), Israel	IS	IS00	18315	31.4167	34.3333	-797156	4	Gaza, Israel (general), Israel	IS	IS00	18315	31.4167	34.3333	-797156	4	Gaza, Israel (general), Israel	IS	IS00	18315	31.4167	34.3333	-797156	20251013181500	https://www.el-balad.com/6731400
1268380020	20251013	202510	2025	2025.7753	ITA	MILAN	ITA								USA	UNITED STATES	USA								1	043	043	04	1	2.8	4	1	4	-0.45366169799093	2	New York, United States	US	USNY		42.1497	-74.9384	NY	2	New York, United States	US	USNY		42.1497	-74.9384	NY	2	New York, United States	US	USNY		42.1497	-74.9384	NY	20251013181500	https://www.dailymail.co.uk/tvshowbiz/article-15188391/Jennifer-Aniston-terrified-make-career-Gwyneth-Paltrow-Scarlett-Johansson-done.html
1268380021	20251013	202510	2025	2025.7753	ITA	ITALY	ITA								nav	NAVAJO			nav						0	051	051	05	1	3.4	1	1	1	1.1015911872705	1	Italy	IT	IT		42.833333	12.833333	IT	1	Italy	IT	IT		42.833333	12.833333	IT	3	Washington, District of Columbia, United States	US	USDC	DC001	38.8951	-77.0364	531871	20251013181500	https://www.cleveland.com/news/2025/10/columbus-ohio-could-lose-federal-money-under-ohio-congressmans-columbus-day-bill.html
1268380022	20251013	202510	2025	2025.7753	ITAGOV	GIORGIA MELONI	ITA					GOV			ITAGOV	ITALIAN	ITA					GOV			1	040	040	04	1	1.0	3	1	3	-2.20994475138122	1	Italy	IT	IT		42.833333	12.833333	IT	1	Italy	IT	IT		42.833333	12.833333	IT	1	Turkey	TU	TU		39.059012	34.911546	TU	20251013181500	https://www.el-balad.com/6731410
1268380023	20251013	202510	2025	2025.7753	ITAGOV	ITALIAN	ITA					GOV			ITAGOV	GIORGIA MELONI	ITA					GOV			1	040	040	04	1	1.0	3	1	3	-2.20994475138122	1	Tunisia	TS	TS		34	9	TS	1	Tunisia	TS	TS		34	9	TS	1	Tunisia	TS	TS		34	9	TS	20251013181500	https://www.el-balad.com/6731410
1268380024	20251013	202510	2025	2025.7753	ITAGOV	ITALIAN	ITA					GOV			TURGOV	TURKISH	TUR					GOV			1	040	040	04	1	1.0	3	1	3	-2.20994475138122	1	Italy	IT	IT		42.833333	12.833333	IT	1	Turkey	TU	TU		39.059012	34.911546	TU	1	Turkey	TU	TU		39.059012	34.911546	TU	20251013181500	https://www.el-balad.com/6731410
1268380025	20251013	202510	2025	2025.7753	JEW	RABBI				JEW					USA	UNITED STATES	USA								0	043	043	04	1	2.8	4	1	4	-5.7356608478803	3	Fort Worth, Texas, United States	US	USTX	TX439	32.7254	-97.3208	1380947	3	Fort Worth, Texas, United States	US	USTX		32.7254	-97.3208	1380947	3	Fort Worth, Texas, United States	US	USTX		32.7254	-97.3208	1380947	20251013181500	https://www.nbcdfw.com/news/national-international/who-are-released-israeli-hostages-hamas/3931257/
1268380026	20251013	202510	2025	2025.7753	JOR	JORDAN	JOR								EGY	EGYPT	EGY								0	042	042	04	1	1.9	2	2	2	-4.04682204194164	1	Qatar	QA	QA		25.5	51.25	QA	4	Sharm El-Sheikh, Janub Sina', Egypt	EG	EG26	66041	27.8518	34.305	-302053	4	Sharm El-Sheikh, Janub Sina', Egypt	EG	EG26	66041	27.8518	34.305	-302053	20251013181500	https://www.cnn.com/2025/10/13/middleeast/released-israeli-hostages-peace-summit-intl
1268380027	20251013	202510	2025	2025.7753	JOR	JORDAN	JOR								ISR	ISRAEL	ISR								0	040	040	04	1	1.0	2	2	2	-4.04682204194164	4	Gaza, Israel (general), Israel	IS	IS00	18315	31.4167	34.3333	-797156	4	Gaza, Israel (general), Israel	IS	IS00	18315	31.4167	34.3333	-797156	4	Gaza, Israel (general), Israel	IS	IS00	18315	31.4167	34.3333	-797156	20251013181500	https://www.cnn.com/2025/10/13/middleeast/released-israeli-hostages-peace-summit-intl
1268380028	20251013	202510	2025	2025.7753	JOR	JORDAN	JOR								ISR	ISRAEL	ISR								0	040	040	04	1	1.0	2	2	2	-4.04682204194164	1	Jordan	JO	JO		31	36	JO	4	Gaza, Israel (general), Israel	IS	IS00	18315	31.4167	34.3333	-797156	4	Sharm El-Sheikh, Janub Sina', Egypt	EG	EG26	66041	27.8518	34.305	-302053	20251013181500	https://www.cnn.com/2025/10/13/middleeast/released-israeli-hostages-peace-summit-intl
1268380029	20251013	202510	2025	2025.7753	JPN	JAPAN	JPN																		0	017	017	01	1	0.0	4	1	4	6.25592417061611	4	Osaka, Osaka, Japan	JA	JA32	35840	34.6667	135.5	-240905	0								4	Osaka, Osaka, Japan	JA	JA32	35840	34.6667	135.5	-240905	20251013181500	https://www.thailand-business-news.com/pr-news/expo-2025-osaka-draws-to-a-close-today-koelnmesse-welcomed-three-million-visitors-to-the-award-winning-german-pavilion
1268380030	20251013	202510	2025	2025.7753	JPN	NARA	JPN																		1	040	040	04	1	1.0	5	1	5	7.58620689655173	0								0								0								20251013181500	https://www.el-balad.com/6731399
1268380031	20251013	202510	2025	2025.7753	JPN	NARA	JPN																		1	051	051	05	1	3.4	20	1	10	7.58620689655173	0								0								0								20251013181500	https://www.el-balad.com/6731399
1268380032	20251013	202510	2025	2025.7753	JPN	JAPAN	JPN								DEU	GERMAN	DEU								1	042	042	04	1	1.9	4	1	2	6.25592417061611	4	Osaka, Osaka, Japan	JA	JA32	35840	34.6667	135.5	-240905	4	Berlin, Berlin, Germany	GM	GM16	16538	52.5167	13.4	-1746443	4	Osaka, Osaka, Japan	JA	JA32	35840	34.6667	135.5	-240905	20251013181500	https://www.thailand-business-news.com/pr-news/expo-2025-osaka-draws-to-a-close-today-koelnmesse-welcomed-three-million-visitors-to-the-award-winning-german-pavilion
1268380033	20251013	202510	2025	2025.7753	JPN	JAPAN	JPN								DEU	GERMAN	DEU								0	042	042	04	1	1.9	1	1	1	6.25592417061611	4	Osaka, Osaka, Japan	JA	JA32	35840	34.6667	135.5	-240905	4	Osaka, Osaka, Japan	JA	JA32	35840	34.6667	135.5	-240905	4	Osaka, Osaka, Japan	JA	JA32	35840	34.6667	135.5	-240905	20251013181500	https://www.thailand-business-news.com/pr-news/expo-2025-osaka-draws-to-a-close-today-koelnmesse-welcomed-three-million-visitors-to-the-award-winning-german-pavilion
1268380034	20251013	202510	2025	2025.7753	JPN	OSAKA	JPN								DEU	GERMAN	DEU								1	043	043	04	1	2.8	8	1	8	6.25592417061611	4	Berlin, Berlin, Germany	GM	GM16	16538	52.5167	13.4	-1746443	1	Thailand	TH	TH		15	100	TH	1	Thailand	TH	TH		15	100	TH	20251013181500	https://www.thailand-business-news.com/pr-news/expo-2025-osaka-draws-to-a-close-today-koelnmesse-welcomed-three-million-visitors-to-the-award-winning-german-pavilion
1268380035	20251013	202510	2025	2025.7753	JPN	OSAKA	JPN								DEU	GERMAN	DEU								1	043	043	04	1	2.8	3	1	2	6.25592417061611	4	Osaka, Osaka, Japan	JA	JA32	35840	34.6667	135.5	-240905	4	Osaka, Osaka, Japan	JA	JA32	35840	34.6667	135.5	-240905	4	Osaka, Osaka, Japan	JA	JA32	35840	34.6667	135.5	-240905	20251013181500	https://www.thailand-business-news.com/pr-news/expo-2025-osaka-draws-to-a-close-today-koelnmesse-welcomed-three-million-visitors-to-the-award-winning-german-pavilion
1268380036	20251013	202510	2025	2025.7753	JPN	JAPAN	JPN								EDU	PROFESSOR						EDU			1	010	010	01	1	0.0	2	1	2	-0.41208791208792	4	Tokyo, Tokyo, Japan	JA	JA40	36340	35.685	139.751	-246227	4	Tokyo, Tokyo, Japan	JA	JA40	36340	35.685	139.751	-246227	4	Tokyo, Tokyo, Japan	JA	JA40	36340	35.685	139.751	-246227	20251013181500	https://www.livescience.com/health/mysterious-chunks-of-dna-called-inocles-could-be-hiding-in-your-mouth
1268380037	20251013	202510	2025	2025.7753	JUD	PROSECUTOR						JUD													1	010	010	01	1	0.0	10	1	10	-12.4463519313305	4	Lagos, Lagos, Nigeria	NI	NI05	191416	6.45306	3.39583	-2017355	0								4	Lagos, Lagos, Nigeria	NI	NI05	191416	6.45306	3.39583	-2017355	20251013181500	https://saharareporters.com/2025/10/13/lagos-government-re-arraigns-billionaire-kidnapper-evans-alleged-murder-two-policemen
1268380038	20251013	202510	2025	2025.7753	JUD	TRIBUNAL						JUD													0	010	010	01	1	0.0	5	1	5	-7.981220657277	5	Rivers State, Rivers, Nigeria	NI	NI50	23058	4.75	6.83333	-2025387	0								5	Rivers State, Rivers, Nigeria	NI	NI50	23058	4.75	6.83333	-2025387	20251013181500	https://www.nigerianeye.com/2025/10/how-abacha-military-junta-killed-4.html
1268380039	20251013	202510	2025	2025.7753	JUD	ADVOCATE						JUD													1	010	010	01	1	0.0	3	1	3	0.34662045060659	4	Hiroshima, Hiroshima, Japan	JA	JA11	34163	34.4	132.45	-229436	0								4	Hiroshima, Hiroshima, Japan	JA	JA11	34163	34.4	132.45	-229436	20251013181500	https://news.nd.edu/news/cardinal-robert-mcelroy-archbishop-of-washington-dc-to-speak-at-notre-dame-forum-event-on-healing-our-national-dialogue-and-political-life/
1268380040	20251013	202510	2025	2025.7753	JUD	PROSECUTOR						JUD													0	010	010	01	1	0.0	3	1	3	-8.10157194679565	3	Denver, Colorado, United States	US	USCO	CO031	39.7392	-104.985	201738	0								3	Denver, Colorado, United States	US	USCO	CO031	39.7392	-104.985	201738	20251013181500	https://www.dailymail.co.uk/news/article-15187889/denver-meteorologist-kylie-bearse-stalker-viewer.html
1268380041	20251013	202510	2025	2025.7753	JUD	PROSECUTOR						JUD													0	010	010	01	1	0.0	9	1	6	-8.10157194679565	2	Colorado, United States	US	USCO		39.0646	-105.327	CO	0								2	Colorado, United States	US	USCO		39.0646	-105.327	CO	20251013181500	https://www.dailymail.co.uk/news/article-15187889/denver-meteorologist-kylie-bearse-stalker-viewer.html
1268380042	20251013	202510	2025	2025.7753	JUD	LAWYER						JUD													1	010	010	01	1	0.0	10	1	10	4.91803278688525	1	New Zealand	NZ	NZ		-42	174	NZ	0								1	New Zealand	NZ	NZ		-42	174	NZ	20251013181500	https://www.nbr.co.nz/the-nbr-podcast/the-nbr-podcast-dealmakers-78/
1268380043	20251013	202510	2025	2025.7753	JUD	ATTORNEY						JUD													0	040	040	04	1	1.0	2	1	2	-4	3	Harrison County, Kentucky, United States	US	USKY	KY097	38.4501	-84.3499	516895	0								3	Harrison County, Kentucky, United States	US	USKY		38.4501	-84.3499	516895	20251013181500	https://www.wkyt.com/2025/10/13/ky-woman-accused-killing-dismembering-mother-scheduled-competency-hearing/
1268380044	20251013	202510	2025	2025.7753	JUD	ATTORNEY						JUD													0	040	040	04	1	1.0	6	1	6	-4	3	Robertson County, Kentucky, United States	US	USKY	KY201	38.5334	-84.0499	516947	0								3	Robertson County, Kentucky, United States	US	USKY		38.5334	-84.0499	516947	20251013181500	https://www.wkyt.com/2025/10/13/ky-woman-accused-killing-dismembering-mother-scheduled-competency-hearing/
1268380045	20251013	202510	2025	2025.7753	JUD	ADVOCATE						JUD													1	043	043	04	1	2.8	10	1	10	6	2	Virginia, United States	US	USVA		37.768	-78.2057	VA	0								2	Virginia, United States	US	USVA		37.768	-78.2057	VA	20251013181500	http://www.washingtonjewishweek.com/pozez-jcc-walks-in-solidarity-with-israeli-hostages/
1268380046	20251013	202510	2025	2025.7753	JUD	HIGH COURT						JUD													0	071	071	07	2	7.4	5	1	5	-8.81458966565347	4	Weihai, Shandong, China	CH	CH25	13327	37.5017	122.114	-1930256	0								4	Weihai, Shandong, China	CH	CH25	13327	37.5017	122.114	-1930256	20251013181500	https://allafrica.com/stories/202510130530.html
1268380047	20251013	202510	2025	2025.7753	JUD	ADVOCATE						JUD													0	0841	084	08	2	7.0	10	1	10	-4.62962962962963	4	Gaza, Israel (general), Israel	IS	IS00	18315	31.4167	34.3333	-797156	0								4	Gaza, Israel (general), Israel	IS	IS00	18315	31.4167	34.3333	-797156	20251013181500	https://www.islamicinvitationturkey.com/strategic-timing-behind-sudden-gaza-accord-raises-questions/
1268380048	20251013	202510	2025	2025.7753	JUD	ATTORNEY						JUD													0	110	110	11	3	-2.0	6	1	6	-4.9645390070922	2	Kentucky, United States	US	USKY		37.669	-84.6514	KY	0								2	Kentucky, United States	US	USKY		37.669	-84.6514	KY	20251013181500	https://www.wkyt.com/2025/10/11/legal-analyst-talks-recent-ruling-that-says-kentucky-felons-cannot-possess-firearms/
1268380049	20251013	202510	2025	2025.7753	JUD	HIGH COURT						JUD													1	128	128	12	3	-5.0	6	1	6	1.66666666666667	1	New Zealand	NZ	NZ		-42	174	NZ	0								1	New Zealand	NZ	NZ		-42	174	NZ	20251013181500	https://www.nbr.co.nz/law/court-finds-oppression-breach-of-duties-in-carbon-case/
1268380050	20251013	202510	2025	2025.7753	JUD	MAGISTRATE						JUD													1	172	172	17	4	-5.0	8	1	8	-3.2258064516129	4	Dubbo, New South Wales, Australia	AS	AS02	5096	-32.243	148.605	-1570695	0								4	Dubbo, New South Wales, Australia	AS	AS02	5096	-32.243	148.605	-1570695	20251013181500	https://www.blayneychronicle.com.au/story/9075625/dubbo-woman-fined-in-orange-for-expired-interstate-licence/
1268380051	20251013	202510	2025	2025.7753	JUD	JUDGE						JUD													0	173	173	17	4	-5.0	4	1	4	-4	3	Harrison County, Kentucky, United States	US	USKY	KY097	38.4501	-84.3499	516895	0								3	Harrison County, Kentucky, United States	US	USKY		38.4501	-84.3499	516895	20251013181500	https://www.wkyt.com/2025/10/13/ky-woman-accused-killing-dismembering-mother-scheduled-competency-hearing/
1268380052	20251013	202510	2025	2025.7753	JUD	JUDGE						JUD													0	173	173	17	4	-5.0	6	1	6	-4	3	Robertson County, Kentucky, United States	US	USKY	KY201	38.5334	-84.0499	516947	0								3	Robertson County, Kentucky, United States	US	USKY		38.5334	-84.0499	516947	20251013181500	https://www.wkyt.com/2025/10/13/ky-woman-accused-killing-dismembering-mother-scheduled-competency-hearing/
1268380053	20251013	202510	2025	2025.7753	JUD	PROSECUTOR						JUD													1	190	190	19	4	-10.0	6	1	6	-12.2362869198313	3	Crawford County, Kansas, United States	US	USKS	KS037	37.5167	-94.8502	484988	0								3	Crawford County, Kansas, United States	US	USKS		37.5167	-94.8502	484988	20251013181500	https://www.koamnewsnow.com/news/crime/mccune-man-to-be-sentenced-for-grandsons-killing/article_6d79271c-6046-4c98-a1dd-c620b273642e.html
1268380054	20251013	202510	2025	2025.7753	JUD	PROSECUTOR						JUD													1	190	190	19	4	-10.0	4	1	4	-12.2362869198313	2	Kansas, United States	US	USKS		38.5111	-96.8005	KS	0								2	Kansas, United States	US	USKS		38.5111	-96.8005	KS	20251013181500	https://www.koamnewsnow.com/news/crime/mccune-man-to-be-sentenced-for-grandsons-killing/article_6d79271c-6046-4c98-a1dd-c620b273642e.html
1268380055	20251013	202510	2025	2025.7753	JUD	PROSECUTOR						JUD			CANEDU	MCGILL	CAN					EDU			0	042	042	04	1	1.9	10	1	10	-9.77060322854715	0								0								0								20251013181500	https://www.thejournal.ie/tom-niland-death-courts-6843452-Oct2025/
1268380056	20251013	202510	2025	2025.7753	JUD	LAWYER						JUD			CHN	CHINESE	CHN								1	100	100	10	3	-5.0	15	5	15	-3.72670807453416	1	Russia	RS	RS		60	100	RS	1	China	CH	CH		35	105	CH	1	Russia	RS	RS		60	100	RS	20251013181500	https://www.thenorthernecho.co.uk/news/national/25540215.mi5-tells-politicians-you-potential-target/
1268380057	20251013	202510	2025	2025.7753	JUD	LAWYER						JUD			CHN	CHINESE	CHN								1	100	100	10	3	-5.0	15	5	15	-3.72670807453416	1	United Kingdom	UK	UK		54	-4	UK	1	United Kingdom	UK	UK		54	-4	UK	1	United Kingdom	UK	UK		54	-4	UK	20251013181500	https://www.thenorthernecho.co.uk/news/national/25540215.mi5-tells-politicians-you-potential-target/
1268380058	20251013	202510	2025	2025.7753	JUD	PROSECUTOR						JUD			FRA	PARIS	FRA								1	042	042	04	1	1.9	8	1	8	-6.89655172413793	4	Paris, France (general), France	FR	FR00	16282	48.8667	2.33333	-1456928	4	Paris, France (general), France	FR	FR00	16282	48.8667	2.33333	-1456928	4	Paris, France (general), France	FR	FR00	16282	48.8667	2.33333	-1456928	20251013181500	https://www.arabnews.com/node/2618765/world
1268380059	20251013	202510	2025	2025.7753	JUD	HIGH COURT						JUD			IND	MADURAI	IND								0	042	042	04	1	1.9	4	1	4	9.2651757188498	4	Madras, Tamil Nadu, India	IN	IN25	70251	13.0833	80.2833	-2103041	4	Madras, Tamil Nadu, India	IN	IN25	70251	13.0833	80.2833	-2103041	4	Madras, Tamil Nadu, India	IN	IN25	70251	13.0833	80.2833	-2103041	20251013181500	https://www.thehindu.com/news/cities/Madurai/cj-given-warm-welcome-at-madurai-bench/article70160129.ece
1268380060	20251013	202510	2025	2025.7753	JUD	CHIEF JUSTICE						JUD			IND	MADURAI	IND								1	051	051	05	1	3.4	10	1	10	9.2651757188498	4	Madras, Tamil Nadu, India	IN	IN25	70251	13.0833	80.2833	-2103041	4	Madras, Tamil Nadu, India	IN	IN25	70251	13.0833	80.2833	-2103041	4	Madras, Tamil Nadu, India	IN	IN25	70251	13.0833	80.2833	-2103041	20251013181500	https://www.thehindu.com/news/cities/Madurai/cj-given-warm-welcome-at-madurai-bench/article70160129.ece
1268380061	20251013	202510	2025	2025.7753	JUD	ADVOCATE						JUD			ISRCVL	ISRAEL	ISR					CVL			0	051	051	05	1	3.4	8	1	8	-4.62962962962963	4	Gaza, Israel (general), Israel	IS	IS00	18315	31.4167	34.3333	-797156	4	Gaza, Israel (general), Israel	IS	IS00	18315	31.4167	34.3333	-797156	4	Gaza, Israel (general), Israel	IS	IS00	18315	31.4167	34.3333	-797156	20251013181500	https://www.islamicinvitationturkey.com/strategic-timing-behind-sudden-gaza-accord-raises-questions/
1268380062	20251013	202510	2025	2025.7753	JUD	JUDGE						JUD			MED	MEDIA						MED			0	010	010	01	1	0.0	5	1	5	-5.89171974522293	0								0								0								20251013181500	https://www.thenorthernecho.co.uk/news/25536078.man-left-shrine-threatened-kill-sister-consett/
1268380063	20251013	202510	2025	2025.7753	JUD	JUDGE						JUD			MED	MEDIA						MED			0	040	040	04	1	1.0	5	1	5	-5.89171974522293	0								0								0								20251013181500	https://www.thenorthernecho.co.uk/news/25536078.man-left-shrine-threatened-kill-sister-consett/
1268380064	20251013	202510	2025	2025.7753	JUD	LAWYER						JUD			OPP	DETAINEE						OPP			0	064	064	06	2	7.0	6	1	6	-4.46601941747573	4	Gaza, Israel (general), Israel	IS	IS00	18315	31.4167	34.3333	-797156	4	Gaza, Israel (general), Israel	IS	IS00	18315	31.4167	34.3333	-797156	4	Gaza, Israel (general), Israel	IS	IS00	18315	31.4167	34.3333	-797156	20251013181500	https://www.islamicinvitationturkey.com/mass-celebration-as-2000-palestinian-detainees-released-amidst-defiance-of-occupation/
1268380065	20251013	202510	2025	2025.7753	JUD	JUDGE						JUD			PAN	PANAMA CITY	PAN								1	138	138	13	3	-7.0	10	1	10	-8.29694323144105	4	Panama City, PanamáM, Panama	PM	PM08	93693	8.96667	-79.5333	-168008	4	Panama City, PanamáM, Panama	PM	PM08	93693	8.96667	-79.5333	-168008	4	Panama City, PanamáM, Panama	PM	PM08	93693	8.96667	-79.5333	-168008	20251013181500	https://www.chattanoogan.com/2025/10/13/509835/Former-East-Ridge-Judge-Charged-With.aspx
1268380066	20251013	202510	2025	2025.7753	JUD	ADVOCATE						JUD			PSECVL	PALESTINIAN	PSE					CVL			0	051	051	05	1	3.4	2	1	2	-4.62962962962963	4	Gaza, Israel (general), Israel	IS	IS00	18315	31.4167	34.3333	-797156	4	Gaza, Israel (general), Israel	IS	IS00	18315	31.4167	34.3333	-797156	4	Gaza, Israel (general), Israel	IS	IS00	18315	31.4167	34.3333	-797156	20251013181500	https://www.islamicinvitationturkey.com/strategic-timing-behind-sudden-gaza-accord-raises-questions/
1268380067	20251013	202510	2025	2025.7753	JUD	JUDGE						JUD			TWN	TAIPEI	TWN								0	040	040	04	1	1.0	1	1	1	3.17073170731707	4	Taipei, T'ai-pei, Taiwan	TW	TW03	13277	25.0478	121.532	-2637882	4	Taipei, T'ai-pei, Taiwan	TW	TW03	13277	25.0478	121.532	-2637882	4	Taipei, T'ai-pei, Taiwan	TW	TW03	13277	25.0478	121.532	-2637882	20251013181500	https://www.nigerianeye.com/2025/10/nigeria-judges-admitted-into.html
1268380068	20251013	202510	2025	2025.7753	JUD	JUDGE						JUD			TWN	TAIPEI	TWN								0	040	040	04	1	1.0	4	1	4	3.17073170731707	1	Croatia	HR	HR		45.166667	15.5	HR	4	Taipei, T'ai-pei, Taiwan	TW	TW03	13277	25.0478	121.532	-2637882	4	Taipei, T'ai-pei, Taiwan	TW	TW03	13277	25.0478	121.532	-2637882	20251013181500	https://www.nigerianeye.com/2025/10/nigeria-judges-admitted-into.html
1268380069	20251013	202510	2025	2025.7753	JUD	PROSECUTOR						JUD			USA	UNITED STATES	USA								0	010	010	01	1	0.0	8	1	4	-8.10157194679565	3	Denver, Colorado, United States	US	USCO	CO031	39.7392	-104.985	201738	3	Denver, Colorado, United States	US	USCO	CO031	39.7392	-104.985	201738	3	Denver, Colorado, United States	US	USCO	CO031	39.7392	-104.985	201738	20251013181500	https://www.dailymail.co.uk/news/article-15187889/denver-meteorologist-kylie-bearse-stalker-viewer.html
1268380070	20251013	202510	2025	2025.7753	JUD	ATTORNEY						JUD			USA	UNITED STATES	USA								0	040	040	04	1	1.0	2	1	2	-4	3	Harrison County, Kentucky, United States	US	USKY	KY097	38.4501	-84.3499	516895	3	Harrison County, Kentucky, United States	US	USKY		38.4501	-84.3499	516895	3	Harrison County, Kentucky, United States	US	USKY		38.4501	-84.3499	516895	20251013181500	https://www.wkyt.com/2025/10/13/ky-woman-accused-killing-dismembering-mother-scheduled-competency-hearing/
1268380071	20251013	202510	2025	2025.7753	JUD	ATTORNEY						JUD			USA	UNITED STATES	USA								0	040	040	04	1	1.0	2	1	2	0.75642965204236	2	Missouri, United States	US	USMO		38.4623	-92.302	MO	3	Boone County, Missouri, United States	US	USMO		39.0334	-92.3335	758464	3	Boone County, Missouri, United States	US	USMO		39.0334	-92.3335	758464	20251013181500	https://www.kbia.org/missouri-news-network/2025-10-13/buffaloe-looks-to-student-involvement-in-response-to-downtown-violence
1268380072	20251013	202510	2025	2025.7753	JUD	JUDGE						JUD			USA	UNITED STATES	USA								1	043	043	04	1	2.8	2	1	2	-4.58265139116203	3	New Orleans, Louisiana, United States	US	USLA	LA071	29.9546	-90.0751	1629985	3	Sun Valley, Idaho, United States	US	USID		43.6971	-114.352	398200	3	Sun Valley, Idaho, United States	US	USID		43.6971	-114.352	398200	20251013181500	https://nypost.com/2025/10/13/entertainment/howard-stern-reveals-if-oprah-winfrey-is-still-his-enemy/
1268380073	20251013	202510	2025	2025.7753	JUD	JUDGE						JUD			USA	UNITED STATES	USA								1	043	043	04	1	2.8	2	1	2	-4.58265139116203	2	Idaho, United States	US	USID		44.2394	-114.51	ID	3	Sun Valley, Idaho, United States	US	USID		43.6971	-114.352	398200	3	Sun Valley, Idaho, United States	US	USID		43.6971	-114.352	398200	20251013181500	https://nypost.com/2025/10/13/entertainment/howard-stern-reveals-if-oprah-winfrey-is-still-his-enemy/
1268380074	20251013	202510	2025	2025.7753	JUD	ATTORNEY						JUD			USA	MISSOURI	USA								0	046	046	04	1	7.0	2	1	2	0.75642965204236	2	Missouri, United States	US	USMO		38.4623	-92.302	MO	3	Boone County, Missouri, United States	US	USMO		39.0334	-92.3335	758464	2	Missouri, United States	US	USMO		38.4623	-92.302	MO	20251013181500	https://www.kbia.org/missouri-news-network/2025-10-13/buffaloe-looks-to-student-involvement-in-response-to-downtown-violence
1268380075	20251013	202510	2025	2025.7753	JUD	ATTORNEY						JUD			USA	MISSOURI	USA								0	046	046	04	1	7.0	2	1	2	0.75642965204236	2	Missouri, United States	US	USMO		38.4623	-92.302	MO	2	Missouri, United States	US	USMO		38.4623	-92.302	MO	2	Missouri, United States	US	USMO		38.4623	-92.302	MO	20251013181500	https://www.kbia.org/missouri-news-network/2025-10-13/buffaloe-looks-to-student-involvement-in-response-to-downtown-violence
1268380076	20251013	202510	2025	2025.7753	JUD	ATTORNEY						JUD			USA	MISSOURI	USA								0	046	046	04	1	7.0	6	1	6	0.75642965204236	2	South Carolina, United States	US	USSC		33.8191	-80.9066	SC	2	South Carolina, United States	US	USSC		33.8191	-80.9066	SC	2	South Carolina, United States	US	USSC		33.8191	-80.9066	SC	20251013181500	https://www.kbia.org/missouri-news-network/2025-10-13/buffaloe-looks-to-student-involvement-in-response-to-downtown-violence
1268380077	20251013	202510	2025	2025.7753	KEN	NAIROBI	KEN								CHN	CHINESE	CHN								1	112	112	11	3	-2.0	8	1	8	-8.81458966565347	4	Weihai, Shandong, China	CH	CH25	13327	37.5017	122.114	-1930256	4	Weihai, Shandong, China	CH	CH25	13327	37.5017	122.114	-1930256	4	Weihai, Shandong, China	CH	CH25	13327	37.5017	122.114	-1930256	20251013181500	https://allafrica.com/stories/202510130530.html
1268380078	20251013	202510	2025	2025.7753	KHM	CAMBODIA	KHM								ISR	ISRAEL	ISR								0	0356	035	03	1	7.0	4	2	4	-2.56182100254474	4	Gaza, Israel (general), Israel	IS	IS00	18315	31.4167	34.3333	-797156	4	Gaza, Israel (general), Israel	IS	IS00	18315	31.4167	34.3333	-797156	4	Gaza, Israel (general), Israel	IS	IS00	18315	31.4167	34.3333	-797156	20251013181500	https://www.seattletimes.com/nation-world/fact-focus-with-a-truce-in-israel-trump-now-says-hes-ended-eight-wars-his-numbers-are-off/
1268380079	20251013	202510	2025	2025.7753	KHM	CAMBODIA	KHM								ISR	ISRAEL	ISR								0	0356	035	03	1	7.0	4	2	4	-2.56182100254474	1	Cambodia	CB	CB		13	105	CB	4	Gaza, Israel (general), Israel	IS	IS00	18315	31.4167	34.3333	-797156	4	Gaza, Israel (general), Israel	IS	IS00	18315	31.4167	34.3333	-797156	20251013181500	https://www.seattletimes.com/nation-world/fact-focus-with-a-truce-in-israel-trump-now-says-hes-ended-eight-wars-his-numbers-are-off/
1268380080	20251013	202510	2025	2025.7753	KHM	CAMBODIA	KHM								THA	THAILAND	THA								0	190	190	19	4	-10.0	4	2	4	-2.56182100254474	1	Azerbaijan	AJ	AJ		40.5	47.5	AJ	1	Azerbaijan	AJ	AJ		40.5	47.5	AJ	1	Azerbaijan	AJ	AJ		40.5	47.5	AJ	20251013181500	https://www.seattletimes.com/nation-world/fact-focus-with-a-truce-in-israel-trump-now-says-hes-ended-eight-wars-his-numbers-are-off/
1268380081	20251013	202510	2025	2025.7753	KHM	CAMBODIA	KHM								THA	THAILAND	THA								0	190	190	19	4	-10.0	4	2	4	-2.56182100254474	1	Cambodia	CB	CB		13	105	CB	1	Cambodia	CB	CB		13	105	CB	1	Thailand	TH	TH		15	100	TH	20251013181500	https://www.seattletimes.com/nation-world/fact-focus-with-a-truce-in-israel-trump-now-says-hes-ended-eight-wars-his-numbers-are-off/
1268380082	20251013	202510	2025	2025.7753	KHM	CAMBODIA	KHM								THA	THAILAND	THA								0	190	190	19	4	-10.0	12	2	12	-2.56182100254474	1	Cambodia	CB	CB		13	105	CB	1	Thailand	TH	TH		15	100	TH	1	Thailand	TH	TH		15	100	TH	20251013181500	https://www.seattletimes.com/nation-world/fact-focus-with-a-truce-in-israel-trump-now-says-hes-ended-eight-wars-his-numbers-are-off/
1268380083	20251013	202510	2025	2025.7753	KOR	SEOUL	KOR																		1	010	010	01	1	0.0	8	1	8	3.44827586206896	1	Japan	JA	JA		36	138	JA	0								1	Japan	JA	JA		36	138	JA	20251013181500	https://www.allkpop.com/article/2025/10/tws-shares-determined-thoughts-on-comeback-with-mini-album-play-hard
1268380084	20251013	202510	2025	2025.7753	KOR	SOUTH KOREA	KOR								CHN	CHINESE	CHN								1	042	042	04	1	1.9	1	1	1	4.97512437810945	4	Jilin, Jilin, China	CH	CH05	13169	43.8508	126.56	-1912247	4	Seoul, Soul-t'ukpyolsi, South Korea	KS	KS11	24984	37.5664	127	-716583	4	Seoul, Soul-t'ukpyolsi, South Korea	KS	KS11	24984	37.5664	127	-716583	20251013181500	https://www.globaltimes.cn/page/202510/1345563.shtml
1268380085	20251013	202510	2025	2025.7753	KOR	REPUBLIC OF KOREA	KOR								CHN	CHINA	CHN								1	042	042	04	1	1.9	2	1	2	4.97512437810945	4	Seoul, Soul-t'ukpyolsi, South Korea	KS	KS11	24984	37.5664	127	-716583	4	Seoul, Soul-t'ukpyolsi, South Korea	KS	KS11	24984	37.5664	127	-716583	4	Seoul, Soul-t'ukpyolsi, South Korea	KS	KS11	24984	37.5664	127	-716583	20251013181500	https://www.globaltimes.cn/page/202510/1345563.shtml
1268380086	20251013	202510	2025	2025.7753	KOR	SOUTH KOREA	KOR								CHN	CHINA	CHN								1	043	043	04	1	2.8	1	1	1	4.97512437810945	4	Seoul, Soul-t'ukpyolsi, South Korea	KS	KS11	24984	37.5664	127	-716583	4	Chen Wei, Guangdong, China	CH	CH30	13043	23.7837	113.661	10467813	4	Seoul, Soul-t'ukpyolsi, South Korea	KS	KS11	24984	37.5664	127	-716583	20251013181500	https://www.globaltimes.cn/page/202510/1345563.shtml
1268380087	20251013	202510	2025	2025.7753	KOR	REPUBLIC OF KOREA	KOR								CHN	CHINA	CHN								1	043	043	04	1	2.8	2	1	2	4.97512437810945	4	Chen Wei, Guangdong, China	CH	CH30	13043	23.7837	113.661	10467813	4	Chen Wei, Guangdong, China	CH	CH30	13043	23.7837	113.661	10467813	4	Seoul, Soul-t'ukpyolsi, South Korea	KS	KS11	24984	37.5664	127	-716583	20251013181500	https://www.globaltimes.cn/page/202510/1345563.shtml
1268380088	20251013	202510	2025	2025.7753	KOR	SOUTH KOREA	KOR								CHNGOV	CHINESE	CHN					GOV			1	043	043	04	1	2.8	3	1	3	4.97512437810945	4	Seoul, Soul-t'ukpyolsi, South Korea	KS	KS11	24984	37.5664	127	-716583	4	Chen Wei, Guangdong, China	CH	CH30	13043	23.7837	113.661	10467813	4	Seoul, Soul-t'ukpyolsi, South Korea	KS	KS11	24984	37.5664	127	-716583	20251013181500	https://www.globaltimes.cn/page/202510/1345563.shtml
1268380089	20251013	202510	2025	2025.7753	KOR	SOUTH KOREAN	KOR								LEG	REPRESENTATIVES						LEG			1	045	045	04	1	5.0	1	1	1	4.97512437810945	4	Seoul, Soul-t'ukpyolsi, South Korea	KS	KS11	24984	37.5664	127	-716583	4	Seoul, Soul-t'ukpyolsi, South Korea	KS	KS11	24984	37.5664	127	-716583	4	Chen Wei, Guangdong, China	CH	CH30	13043	23.7837	113.661	10467813	20251013181500	https://www.globaltimes.cn/page/202510/1345563.shtml
1268380090	20251013	202510	2025	2025.7753	KOR	SOUTH KOREAN	KOR								LEG	REPRESENTATIVES						LEG			1	045	045	04	1	5.0	1	1	1	4.97512437810945	4	Seoul, Soul-t'ukpyolsi, South Korea	KS	KS11	24984	37.5664	127	-716583	4	Chen Wei, Guangdong, China	CH	CH30	13043	23.7837	113.661	10467813	4	Chen Wei, Guangdong, China	CH	CH30	13043	23.7837	113.661	10467813	20251013181500	https://www.globaltimes.cn/page/202510/1345563.shtml
1268380091	20251013	202510	2025	2025.7753	LAB	EMPLOYEE						LAB													1	070	070	07	2	7.0	20	1	20	3.64238410596026	4	Frankfurt, Brandenburg, Germany	GM	GM11	16538	52.35	14.55	-1771146	0								4	Frankfurt, Brandenburg, Germany	GM	GM11	16538	52.35	14.55	-1771146	20251013181500	https://www.newswiretoday.com/news/184862/
1268380092	20251013	202510	2025	2025.7753	LAB	WORKER						LAB													1	090	090	09	2	-2.0	8	1	8	-4.98687664041995	3	San Francisco, California, United States	US	USCA	CA075	37.7749	-122.419	277593	0								3	San Francisco, California, United States	US	USCA		37.7749	-122.419	277593	20251013181500	https://www.wlwt.com/article/education-department-layoffs-impact-schools/69019401
1268380093	20251013	202510	2025	2025.7753	LAB	WORKER						LAB													0	112	112	11	3	-2.0	5	1	5	-5.51948051948052	2	Texas, United States	US	USTX		31.106	-97.6475	TX	0								2	Texas, United States	US	USTX		31.106	-97.6475	TX	20251013181500	https://myfox28columbus.com/news/local/man-andrew-hoskinson-tala-smith-licking-county-newark-ohio-changed-his-plea-in-girlfriends-death-sentenced-march-17-2024
1268380094	20251013	202510	2025	2025.7753	LAB	WORKER						LAB													0	114	114	11	3	-2.0	5	1	5	-9.30232558139539	2	Kentucky, United States	US	USKY		37.669	-84.6514	KY	0								2	Kentucky, United States	US	USKY		37.669	-84.6514	KY	20251013181500	https://www.wkyt.com/2025/10/13/good-question-who-pays-medical-bills-mass-shooting-survivors/
1268380095	20251013	202510	2025	2025.7753	LAB	WORKER						LAB													1	172	172	17	4	-5.0	1	1	1	-4.60526315789473	4	Tel Aviv, Tel Aviv, Israel	IS	IS05	18316	32.0667	34.7667	-781545	0								4	Tel Aviv, Tel Aviv, Israel	IS	IS05	18316	32.0667	34.7667	-781545	20251013181500	https://www.prnewswire.com/news-releases/investor-alert-pomerantz-law-firm-investigates-claims-on-behalf-of-investors-of-freeport-mcmoran-inc---fcx-302582267.html
1268380096	20251013	202510	2025	2025.7753	LAB	WORKER						LAB													1	172	172	17	4	-5.0	4	1	4	-4.60526315789473	3	Freeport, New York, United States	US	USNY	NY059	40.6576	-73.5832	970151	0								1	Indonesia	ID	ID		-5	120	ID	20251013181500	https://www.prnewswire.com/news-releases/investor-alert-pomerantz-law-firm-investigates-claims-on-behalf-of-investors-of-freeport-mcmoran-inc---fcx-302582267.html
1268380097	20251013	202510	2025	2025.7753	LAB	EMPLOYEE						LAB			BUS	COMPANY						BUS			1	046	046	04	1	7.0	5	1	5	1.2	1	Germany	GM	GM		51.5	10.5	GM	1	Germany	GM	GM		51.5	10.5	GM	1	Germany	GM	GM		51.5	10.5	GM	20251013181500	https://arstechnica.com/space/2025/10/one-of-spacexs-earliest-employees-is-going-to-space-via-blue-origin/
1268380098	20251013	202510	2025	2025.7753	LAB	EMPLOYEE						LAB			USA	UNITED STATES	USA								1	193	193	19	4	-10.0	1	1	1	-0.17543859649123	3	Boulder, Colorado, United States	US	USCO	CO013	40.015	-105.271	178680	3	Jamestown, Colorado, United States	US	USCO	CO013	40.1155	-105.389	204677	3	Boulder, Colorado, United States	US	USCO	CO013	40.015	-105.271	178680	20251013181500	https://www.timescall.com/2025/10/13/police-officer-deputy-salary-boulder-county/
1268380099	20251013	202510	2025	2025.7753	LBYGOV	LIBYAN	LBY					GOV			FRA	FRANCE	FRA								1	173	173	17	4	-5.0	3	1	3	-6.89655172413793	4	Paris, France (general), France	FR	FR00	16282	48.8667	2.33333	-1456928	4	Paris, France (general), France	FR	FR00	16282	48.8667	2.33333	-1456928	4	Paris, France (general), France	FR	FR00	16282	48.8667	2.33333	-1456928	20251013181500	https://www.arabnews.com/node/2618765/world
1268380100	20251013	202510	2025	2025.7753	LEG	SENATOR						LEG													1	036	036	03	1	4.0	10	1	10	1.96850393700787	3	Chattanooga, Tennessee, United States	US	USTN	TN065	35.0456	-85.3097	1307240	0								3	Chattanooga, Tennessee, United States	US	USTN	TN065	35.0456	-85.3097	1307240	20251013181500	https://www.chattanoogan.com/2025/10/13/509850/Learning-From-Chattanooga-Venture.aspx
1268380101	20251013	202510	2025	2025.7753	LEG	LAWMAKER						LEG													0	042	042	04	1	1.9	2	1	2	-2.68456375838926	3	Springfield, Illinois, United States	US	USIL	IL167	39.8017	-89.6437	426595	0								3	Springfield, Illinois, United States	US	USIL	IL167	39.8017	-89.6437	426595	20251013181500	https://www.chicagotribune.com/2025/10/13/cta-fare-hikes-budget/
1268380102	20251013	202510	2025	2025.7753	LEG	LAWMAKER						LEG													0	129	129	12	3	-5.0	8	1	8	-2.68456375838926	3	Springfield, Illinois, United States	US	USIL	IL167	39.8017	-89.6437	426595	0								3	Springfield, Illinois, United States	US	USIL	IL167	39.8017	-89.6437	426595	20251013181500	https://www.chicagotribune.com/2025/10/13/cta-fare-hikes-budget/
1268380103	20251013	202510	2025	2025.7753	LEG	REPRESENTATIVES						LEG			BUS	INDUSTRY						BUS			1	010	010	01	1	0.0	10	1	10	1.67785234899329	4	Kelani Valley, Central, Sri Lanka	CE	CE29	25845	6.9237	80.4477	10884854	4	Kelani Valley, Central, Sri Lanka	CE	CE29	25845	6.9237	80.4477	10884854	4	Kelani Valley, Central, Sri Lanka	CE	CE29	25845	6.9237	80.4477	10884854	20251013181500	https://srilankamirror.com/news/special-discussion-on-increasing-estate-workers-wages/
1268380104	20251013	202510	2025	2025.7753	LEG	GENERAL ASSEMBLY						LEG			GOV	GOVERNMENT						GOV			1	040	040	04	1	1.0	12	3	12	0.99337748344371	4	Gaza, Israel (general), Israel	IS	IS00	18315	31.4167	34.3333	-797156	4	Gaza, Israel (general), Israel	IS	IS00	18315	31.4167	34.3333	-797156	4	Gaza, Israel (general), Israel	IS	IS00	18315	31.4167	34.3333	-797156	20251013181500	https://www.ktvh.com/politics/the-president/the-war-in-gaza-is-over-trump-hails-deal-to-end-israel-hamas-conflict
1268380105	20251013	202510	2025	2025.7753	LEG	GENERAL ASSEMBLY						LEG			GOV	GOVERNMENT						GOV			1	040	040	04	1	1.0	6	3	6	0.99337748344371	4	Gaza, Israel (general), Israel	IS	IS00	18315	31.4167	34.3333	-797156	2	New York, United States	US	USNY		42.1497	-74.9384	NY	2	New York, United States	US	USNY		42.1497	-74.9384	NY	20251013181500	https://www.ktvh.com/politics/the-president/the-war-in-gaza-is-over-trump-hails-deal-to-end-israel-hamas-conflict
1268380106	20251013	202510	2025	2025.7753	LEG	GENERAL ASSEMBLY						LEG			GOV	GOVERNMENT						GOV			1	040	040	04	1	1.0	12	3	12	0.99337748344371	2	New York, United States	US	USNY		42.1497	-74.9384	NY	2	New York, United States	US	USNY		42.1497	-74.9384	NY	2	New York, United States	US	USNY		42.1497	-74.9384	NY	20251013181500	https://www.ktvh.com/politics/the-president/the-war-in-gaza-is-over-trump-hails-deal-to-end-israel-hamas-conflict
1268380107	20251013	202510	2025	2025.7753	LEG	CONGRESS						LEG			GOV	GOVERNMENT						GOV			1	071	071	07	2	7.4	3	1	3	-4.11311053984576	3	Seattle, Washington, United States	US	USWA	WA033	47.6062	-122.332	1512650	3	Seattle, Washington, United States	US	USWA	WA033	47.6062	-122.332	1512650	3	Seattle, Washington, United States	US	USWA	WA033	47.6062	-122.332	1512650	20251013181500	https://newrepublic.com/post/201697/airports-pushing-back-kristi-noem-shutdown-propaganda
1268380108	20251013	202510	2025	2025.7753	LEG	GENERAL ASSEMBLY						LEG			USA	NEW YORK	USA								1	020	020	02	1	3.0	6	3	6	0.99337748344371	4	Gaza, Israel (general), Israel	IS	IS00	18315	31.4167	34.3333	-797156	4	Gaza, Israel (general), Israel	IS	IS00	18315	31.4167	34.3333	-797156	4	Gaza, Israel (general), Israel	IS	IS00	18315	31.4167	34.3333	-797156	20251013181500	https://www.ktvh.com/politics/the-president/the-war-in-gaza-is-over-trump-hails-deal-to-end-israel-hamas-conflict
1268380109	20251013	202510	2025	2025.7753	LEG	GENERAL ASSEMBLY						LEG			USA	NEW YORK	USA								1	020	020	02	1	3.0	6	3	6	0.99337748344371	4	Gaza, Israel (general), Israel	IS	IS00	18315	31.4167	34.3333	-797156	2	New York, United States	US	USNY		42.1497	-74.9384	NY	4	Gaza, Israel (general), Israel	IS	IS00	18315	31.4167	34.3333	-797156	20251013181500	https://www.ktvh.com/politics/the-president/the-war-in-gaza-is-over-trump-hails-deal-to-end-israel-hamas-conflict
1268380110	20251013	202510	2025	2025.7753	LEG	GENERAL ASSEMBLY						LEG			USA	UNITED STATES	USA								1	020	020	02	1	3.0	6	3	6	0.99337748344371	4	Gaza, Israel (general), Israel	IS	IS00	18315	31.4167	34.3333	-797156	2	New York, United States	US	USNY		42.1497	-74.9384	NY	2	New York, United States	US	USNY		42.1497	-74.9384	NY	20251013181500	https://www.ktvh.com/politics/the-president/the-war-in-gaza-is-over-trump-hails-deal-to-end-israel-hamas-conflict
1268380111	20251013	202510	2025	2025.7753	LEG	GENERAL ASSEMBLY						LEG			USA	NEW YORK	USA								1	020	020	02	1	3.0	12	3	12	0.99337748344371	2	New York, United States	US	USNY		42.1497	-74.9384	NY	2	New York, United States	US	USNY		42.1497	-74.9384	NY	2	New York, United States	US	USNY		42.1497	-74.9384	NY	20251013181500	https://www.ktvh.com/politics/the-president/the-war-in-gaza-is-over-trump-hails-deal-to-end-israel-hamas-conflict
1268380112	20251013	202510	2025	2025.7753	LEG	LAWMAKER						LEG			USA	UNITED STATES	USA								0	042	042	04	1	1.9	6	1	6	-2.68456375838926	3	Springfield, Illinois, United States	US	USIL	IL167	39.8017	-89.6437	426595	3	Springfield, Illinois, United States	US	USIL	IL167	39.8017	-89.6437	426595	3	Springfield, Illinois, United States	US	USIL	IL167	39.8017	-89.6437	426595	20251013181500	https://www.chicagotribune.com/2025/10/13/cta-fare-hikes-budget/
1268380113	20251013	202510	2025	2025.7753	LEG	CONGRESS						LEG			USA	NEVADA	USA								0	042	042	04	1	1.9	5	1	5	-0.67189249720045	2	Nevada, United States	US	USNV		38.4199	-117.122	NV	2	Nevada, United States	US	USNV		38.4199	-117.122	NV	2	Nevada, United States	US	USNV		38.4199	-117.122	NV	20251013181500	https://knpr.org/politics/2025-10-13/out-of-land-the-role-of-federal-public-lands-in-the-wests-housing-crisis
1268380114	20251013	202510	2025	2025.7753	LKA	SRI LANKAN	LKA								CHN	CHINA	CHN								1	042	042	04	1	1.9	3	1	3	4.53514739229025	1	Sri Lanka	CE	CE		7	81	CE	4	Beijing, Beijing, China	CH	CH22	13001	39.9289	116.388	-1898541	4	Beijing, Beijing, China	CH	CH22	13001	39.9289	116.388	-1898541	20251013181500	https://srilankamirror.com/news/sc-rules-police-violated-fr-of-bus-owner-by-unlawful-arrest/
1268380115	20251013	202510	2025	2025.7753	LKA	SRI LANKAN	LKA								CHNGOV	CHINA	CHN					GOV			1	040	040	04	1	1.0	1	1	1	4.53514739229025	1	Sri Lanka	CE	CE		7	81	CE	4	Beijing, Beijing, China	CH	CH22	13001	39.9289	116.388	-1898541	4	Beijing, Beijing, China	CH	CH22	13001	39.9289	116.388	-1898541	20251013181500	https://srilankamirror.com/news/sc-rules-police-violated-fr-of-bus-owner-by-unlawful-arrest/
1268380116	20251013	202510	2025	2025.7753	LKA	SRI LANKA	LKA								LKAGOV	SRI LANKA	LKA					GOV			1	042	042	04	1	1.9	2	1	2	4.53514739229025	1	Sri Lanka	CE	CE		7	81	CE	1	Sri Lanka	CE	CE		7	81	CE	1	Sri Lanka	CE	CE		7	81	CE	20251013181500	https://srilankamirror.com/news/sc-rules-police-violated-fr-of-bus-owner-by-unlawful-arrest/
1268380117	20251013	202510	2025	2025.7753	LKAGOV	SRI LANKAN	LKA					GOV			CHN	BEIJING	CHN								1	042	042	04	1	1.9	6	1	6	4.53514739229025	1	Sri Lanka	CE	CE		7	81	CE	4	Beijing, Beijing, China	CH	CH22	13001	39.9289	116.388	-1898541	4	Beijing, Beijing, China	CH	CH22	13001	39.9289	116.388	-1898541	20251013181500	https://srilankamirror.com/news/sc-rules-police-violated-fr-of-bus-owner-by-unlawful-arrest/
1268380118	20251013	202510	2025	2025.7753	LKAGOV	SRI LANKA	LKA					GOV			LKA	SRI LANKA	LKA								1	043	043	04	1	2.8	2	1	2	4.53514739229025	1	Sri Lanka	CE	CE		7	81	CE	1	Sri Lanka	CE	CE		7	81	CE	1	Sri Lanka	CE	CE		7	81	CE	20251013181500	https://srilankamirror.com/news/sc-rules-police-violated-fr-of-bus-owner-by-unlawful-arrest/
1268380119	20251013	202510	2025	2025.7753	LKAGOV	SRI LANKA	LKA					GOV			qia	QIANG			qia						1	040	040	04	1	1.0	2	1	2	4.53514739229025	1	Sri Lanka	CE	CE		7	81	CE	4	Beijing, Beijing, China	CH	CH22	13001	39.9289	116.388	-1898541	4	Beijing, Beijing, China	CH	CH22	13001	39.9289	116.388	-1898541	20251013181500	https://srilankamirror.com/news/sc-rules-police-violated-fr-of-bus-owner-by-unlawful-arrest/
1268380120	20251013	202510	2025	2025.7753	LKAGOV	SRI LANKAN	LKA					GOV			qia	QIANG			qia						1	040	040	04	1	1.0	4	1	4	4.53514739229025	1	Sri Lanka	CE	CE		7	81	CE	4	Beijing, Beijing, China	CH	CH22	13001	39.9289	116.388	-1898541	1	Sri Lanka	CE	CE		7	81	CE	20251013181500	https://srilankamirror.com/news/sc-rules-police-violated-fr-of-bus-owner-by-unlawful-arrest/
1268380121	20251013	202510	2025	2025.7753	LUX	LUXEMBOURG	LUX								FRA	FRANCE	FRA								1	060	060	06	2	6.0	10	1	10	3.62438220757826	1	Italy	IT	IT		42.833333	12.833333	IT	1	Italy	IT	IT		42.833333	12.833333	IT	1	Italy	IT	IT		42.833333	12.833333	IT	20251013181500	https://www.hpcwire.com/off-the-wire/eurohpc-to-deploy-caspir-supercomputer-at-university-of-galway/
1268380122	20251013	202510	2025	2025.7753	MCO	MONACO	MCO								GBR	UNITED KINGDOM	GBR								0	043	043	04	1	2.8	4	1	4	9.17721518987342	4	Monte Carlo, Monaco (general), Monaco	MN	MN00	16321	43.7393	7.42738	-1452685	4	Edinburgh, Edinburgh, City of, United Kingdom	UK	UKU8	40173	55.95	-3.2	-2595386	4	Monte Carlo, Monaco (general), Monaco	MN	MN00	16321	43.7393	7.42738	-1452685	20251013181500	https://royalcentral.co.uk/europe/monaco/princess-sophie-monaco-214679/
1268380123	20251013	202510	2025	2025.7753	MCO	MONACO	MCO								GBR	EDINBURGH	GBR								0	043	043	04	1	2.8	6	1	6	9.17721518987342	4	Monte Carlo, Monaco (general), Monaco	MN	MN00	16321	43.7393	7.42738	-1452685	4	Edinburgh, Edinburgh, City of, United Kingdom	UK	UKU8	40173	55.95	-3.2	-2595386	4	Edinburgh, Edinburgh, City of, United Kingdom	UK	UKU8	40173	55.95	-3.2	-2595386	20251013181500	https://royalcentral.co.uk/europe/monaco/princess-sophie-monaco-214679/
1268380124	20251013	202510	2025	2025.7753	MCO	MONACO	MCO								GOV	ROYAL PALACE						GOV			1	051	051	05	1	3.4	10	1	10	9.17721518987342	4	Edinburgh, Edinburgh, City of, United Kingdom	UK	UKU8	40173	55.95	-3.2	-2595386	4	Edinburgh, Edinburgh, City of, United Kingdom	UK	UKU8	40173	55.95	-3.2	-2595386	4	Edinburgh, Edinburgh, City of, United Kingdom	UK	UKU8	40173	55.95	-3.2	-2595386	20251013181500	https://royalcentral.co.uk/europe/monaco/princess-sophie-monaco-214679/
1268380125	20251013	202510	2025	2025.7753	MDG	MADAGASCAR	MDG								GOV	FOREIGN MINIST						GOV			1	043	043	04	1	2.8	1	1	1	-9.7297297297297	1	Madagascar	MA	MA		-20	47	MA	4	Moscow, Moskva, Russia	RS	RS48	25106	55.7522	37.6156	-2960561	4	Moscow, Moskva, Russia	RS	RS48	25106	55.7522	37.6156	-2960561	20251013181500	https://tass.com/politics/2029095
1268380126	20251013	202510	2025	2025.7753	MDG	MADAGASCAR	MDG								GOV	FOREIGN MINIST						GOV			1	043	043	04	1	2.8	2	1	2	-9.7297297297297	1	Madagascar	MA	MA		-20	47	MA	4	Moscow, Moskva, Russia	RS	RS48	25106	55.7522	37.6156	-2960561	1	Madagascar	MA	MA		-20	47	MA	20251013181500	https://tass.com/politics/2029095
1268380127	20251013	202510	2025	2025.7753	MDV	MALE	MDV								COP	DEPUTIES						COP			1	050	050	05	1	3.5	5	1	5	-10.4545454545455	0								0								0								20251013181500	http://www.chronline.com/stories/pierce-county-deputy-shoots-and-injures-domestic-violence-suspect,388999
1268380128	20251013	202510	2025	2025.7753	MED	PUBLICATION						MED													0	011	011	01	1	-0.1	8	1	8	-3.26409495548962	1	Israel	IS	IS		31.5	34.75	IS	0								1	Israel	IS	IS		31.5	34.75	IS	20251013181500	http://www.washingtonjewishweek.com/reston-apple-store-sued-for-religious-discrimination-against-jewish-employee/
1268380129	20251013	202510	2025	2025.7753	MED	PUBLICATION						MED													0	011	011	01	1	-0.1	2	1	2	-3.26409495548962	2	Virginia, United States	US	USVA		37.768	-78.2057	VA	0								2	Virginia, United States	US	USVA		37.768	-78.2057	VA	20251013181500	http://www.washingtonjewishweek.com/reston-apple-store-sued-for-religious-discrimination-against-jewish-employee/
1268380130	20251013	202510	2025	2025.7753	MED	MEDIA						MED													0	040	040	04	1	1.0	2	1	2	-5.28691166989039	4	Ramallah, West Bank (general), West Bank	WE	WE00	68767	31.9026	35.1955	-795956	0								4	Tel Aviv, Tel Aviv, Israel	IS	IS05	18316	32.0667	34.7667	-781545	20251013181500	https://www.pressdemocrat.com/2025/10/13/israeli-hostages-released-hamas-ceasefire/
1268380131	20251013	202510	2025	2025.7753	MED	MEDIA						MED													0	072	072	07	2	8.3	4	2	4	-2.56182100254474	1	Ethiopia	ET	ET		8	38	ET	0								4	Nile River, Egypt (general), Egypt	EG	EG00	65817	30.1667	31.1	-300347	20251013181500	https://www.seattletimes.com/nation-world/fact-focus-with-a-truce-in-israel-trump-now-says-hes-ended-eight-wars-his-numbers-are-off/
1268380132	20251013	202510	2025	2025.7753	MED	MEDIA						MED													0	072	072	07	2	8.3	16	2	16	-2.56182100254474	1	Ethiopia	ET	ET		8	38	ET	0								1	Ethiopia	ET	ET		8	38	ET	20251013181500	https://www.seattletimes.com/nation-world/fact-focus-with-a-truce-in-israel-trump-now-says-hes-ended-eight-wars-his-numbers-are-off/
1268380133	20251013	202510	2025	2025.7753	MED	MEDIA						MED													0	111	111	11	3	-2.0	3	1	3	0.51020408163265	3	San Francisco, California, United States	US	USCA	CA075	37.7749	-122.419	277593	0								3	San Francisco, California, United States	US	USCA		37.7749	-122.419	277593	20251013181500	https://www.nbcbayarea.com/news/local/san-francisco-benioff-musk-national-guard/3962820/
1268380134	20251013	202510	2025	2025.7753	MED	MAGAZINE						MED													0	120	120	12	3	-4.0	6	1	6	-0.48543689320389	2	New York, United States	US	USNY		42.1497	-74.9384	NY	0								2	New York, United States	US	USNY		42.1497	-74.9384	NY	20251013181500	https://sundial.csun.edu/198429/news/the-man-behind-the-masterpiece-david-obsts-imprint-on-history/
1268380135	20251013	202510	2025	2025.7753	MED	PUBLICATION						MED													0	124	124	12	3	-4.0	8	1	8	-3.26409495548962	1	Israel	IS	IS		31.5	34.75	IS	0								1	Israel	IS	IS		31.5	34.75	IS	20251013181500	http://www.washingtonjewishweek.com/reston-apple-store-sued-for-religious-discrimination-against-jewish-employee/
1268380136	20251013	202510	2025	2025.7753	MED	PUBLICATION						MED													0	124	124	12	3	-4.0	2	1	2	-3.26409495548962	2	Virginia, United States	US	USVA		37.768	-78.2057	VA	0								2	Virginia, United States	US	USVA		37.768	-78.2057	VA	20251013181500	http://www.washingtonjewishweek.com/reston-apple-store-sued-for-religious-discrimination-against-jewish-employee/
1268380137	20251013	202510	2025	2025.7753	MED	MEDIA						MED													1	173	173	17	4	-5.0	5	1	5	-6.3231850117096	4	Mussoorie, Uttaranchal, India	IN	IN39	70287	30.45	78.0833	-2105202	0								4	Mussoorie, Uttaranchal, India	IN	IN39	70287	30.45	78.0833	-2105202	20251013181500	https://www.india.com/education/what-was-rank-of-ias-dr-nagarjuna-b-gowda-officer-srishti-deshmukhs-husband-who-is-now-accused-in-%E2%82%B951-crore-alleged-corruption-case-upsc-mbbs-8130434/
1268380138	20251013	202510	2025	2025.7753	MED	MEDIA						MED			DEU	GERMAN	DEU								0	043	043	04	1	2.8	1	1	1	6.25592417061611	4	Osaka, Osaka, Japan	JA	JA32	35840	34.6667	135.5	-240905	4	Berlin, Berlin, Germany	GM	GM16	16538	52.5167	13.4	-1746443	4	Osaka, Osaka, Japan	JA	JA32	35840	34.6667	135.5	-240905	20251013181500	https://www.thailand-business-news.com/pr-news/expo-2025-osaka-draws-to-a-close-today-koelnmesse-welcomed-three-million-visitors-to-the-award-winning-german-pavilion
1268380139	20251013	202510	2025	2025.7753	MED	MEDIA						MED			DEU	GERMAN	DEU								0	043	043	04	1	2.8	1	1	1	6.25592417061611	4	Osaka, Osaka, Japan	JA	JA32	35840	34.6667	135.5	-240905	4	Osaka, Osaka, Japan	JA	JA32	35840	34.6667	135.5	-240905	4	Osaka, Osaka, Japan	JA	JA32	35840	34.6667	135.5	-240905	20251013181500	https://www.thailand-business-news.com/pr-news/expo-2025-osaka-draws-to-a-close-today-koelnmesse-welcomed-three-million-visitors-to-the-award-winning-german-pavilion
1268380140	20251013	202510	2025	2025.7753	MED	SPOKESMAN						MED			GOV	PRIME MINISTER						GOV			0	013	013	01	1	0.4	5	1	5	-5.10510510510511	4	Highbridge, Somerset, United Kingdom	UK	UKM3	40129	51.2167	-2.98333	-2598645	4	Highbridge, Somerset, United Kingdom	UK	UKM3	40129	51.2167	-2.98333	-2598645	4	Highbridge, Somerset, United Kingdom	UK	UKM3	40129	51.2167	-2.98333	-2598645	20251013181500	https://www.burnhamandhighbridgeweeklynews.co.uk/news/national/25540176.china-poses-series-threats-national-security-uk-government-says/
1268380141	20251013	202510	2025	2025.7753	MED	MEDIA						MED			GOV	ADMINISTRATION						GOV			0	014	014	01	1	0.0	5	1	5	-3.39805825242718	2	New York, United States	US	USNY		42.1497	-74.9384	NY	2	New York, United States	US	USNY		42.1497	-74.9384	NY	2	New York, United States	US	USNY		42.1497	-74.9384	NY	20251013181500	https://www.livemint.com/news/us-news/plumes-of-smoke-seen-above-interstate-195-after-jet-crashes-onto-a-massachusetts-highway-2-dead-11760376009294.html
1268380142	20251013	202510	2025	2025.7753	MED	CORRESPONDENT						MED			OPP	DETAINEE						OPP			1	042	042	04	1	1.9	6	1	6	-4.46601941747573	4	Gaza, Israel (general), Israel	IS	IS00	18315	31.4167	34.3333	-797156	4	Ramallah, West Bank (general), West Bank	WE	WE00	68767	31.9026	35.1955	-795956	4	Gaza, Israel (general), Israel	IS	IS00	18315	31.4167	34.3333	-797156	20251013181500	https://www.islamicinvitationturkey.com/mass-celebration-as-2000-palestinian-detainees-released-amidst-defiance-of-occupation/
1268380143	20251013	202510	2025	2025.7753	MED	CORRESPONDENT						MED			OPP	DETAINEE						OPP			1	051	051	05	1	3.4	4	1	4	-4.46601941747573	4	Gaza, Israel (general), Israel	IS	IS00	18315	31.4167	34.3333	-797156	4	Ramallah, West Bank (general), West Bank	WE	WE00	68767	31.9026	35.1955	-795956	4	Ramallah, West Bank (general), West Bank	WE	WE00	68767	31.9026	35.1955	-795956	20251013181500	https://www.islamicinvitationturkey.com/mass-celebration-as-2000-palestinian-detainees-released-amidst-defiance-of-occupation/
1268380144	20251013	202510	2025	2025.7753	MED	CORRESPONDENT						MED			OPP	DETAINEE						OPP			1	051	051	05	1	3.4	2	1	2	-4.46601941747573	4	Gaza, Israel (general), Israel	IS	IS00	18315	31.4167	34.3333	-797156	4	Ramallah, West Bank (general), West Bank	WE	WE00	68767	31.9026	35.1955	-795956	4	Gaza, Israel (general), Israel	IS	IS00	18315	31.4167	34.3333	-797156	20251013181500	https://www.islamicinvitationturkey.com/mass-celebration-as-2000-palestinian-detainees-released-amidst-defiance-of-occupation/
1268380145	20251013	202510	2025	2025.7753	MED	JOURNALIST						MED			USA	UNITED STATES	USA								1	043	043	04	1	2.8	2	1	2	-0.88028169014084	3	Washington, District of Columbia, United States	US	USDC	DC001	38.8951	-77.0364	531871	3	Washington, District of Columbia, United States	US	USDC	DC001	38.8951	-77.0364	531871	3	Washington, District of Columbia, United States	US	USDC	DC001	38.8951	-77.0364	531871	20251013181500	https://www.ocregister.com/2025/10/13/the-new-editor-in-chief-of-cbs-news-is-not-like-the-others/
1268380146	20251013	202510	2025	2025.7753	MED	JOURNALIST						MED			USA	AMERICAN	USA								1	043	043	04	1	2.8	3	1	3	-0.88028169014084	2	New York, United States	US	USNY		42.1497	-74.9384	NY	2	New York, United States	US	USNY		42.1497	-74.9384	NY	2	New York, United States	US	USNY		42.1497	-74.9384	NY	20251013181500	https://www.ocregister.com/2025/10/13/the-new-editor-in-chief-of-cbs-news-is-not-like-the-others/
1268380147	20251013	202510	2025	2025.7753	MED	MEDIA						MED			USA	UNITED STATES	USA								1	051	051	05	1	3.4	2	1	2	-1.96850393700788	3	Palo Cedro, California, United States	US	USCA	CA089	40.5638	-122.239	230275	3	Sacramento, California, United States	US	USCA	CA067	38.5816	-121.494	1659564	3	Sacramento, California, United States	US	USCA	CA067	38.5816	-121.494	1659564	20251013181500	https://www.ems1.com/line-of-duty-death-lodd/procession-honors-flight-nurse-killed-in-calif-medical-helicopter-crash
1268380148	20251013	202510	2025	2025.7753	MED	MEDIA						MED			USA	UNITED STATES	USA								0	061	061	06	2	6.4	1	1	1	-1.66297117516629	3	Hollywood, California, United States	US	USCA	CA037	34.0983	-118.327	1660757	3	Hollywood, California, United States	US	USCA	CA037	34.0983	-118.327	1660757	3	Hollywood, California, United States	US	USCA	CA037	34.0983	-118.327	1660757	20251013181500	https://nypost.com/2025/10/13/media/heres-why-david-zaslav-isnt-tolerating-paramounts-lowball-offer-for-warner-bros-discovery/
1268380149	20251013	202510	2025	2025.7753	MED	MAGAZINE						MED			USA	UNITED STATES	USA								0	120	120	12	3	-4.0	4	1	4	-0.48543689320389	2	California, United States	US	USCA		36.17	-119.746	CA	2	California, United States	US	USCA		36.17	-119.746	CA	2	California, United States	US	USCA		36.17	-119.746	CA	20251013181500	https://sundial.csun.edu/198429/news/the-man-behind-the-masterpiece-david-obsts-imprint-on-history/
1268380150	20251013	202510	2025	2025.7753	MEDLEG	MEDIA						MED	LEG												1	042	042	04	1	1.9	5	1	5	3.14569536423841	4	Madrid, Madrid, Spain	SP	SP29	25820	40.4	-3.68333	-390625	0								4	Madrid, Madrid, Spain	SP	SP29	25820	40.4	-3.68333	-390625	20251013181500	https://www.webwire.com/ViewPressRel.asp?aId=345151
1268380151	20251013	202510	2025	2025.7753	MEDLEG	MEDIA						MED	LEG												1	051	051	05	1	3.4	5	1	5	3.14569536423841	4	Madrid, Madrid, Spain	SP	SP29	25820	40.4	-3.68333	-390625	0								4	Madrid, Madrid, Spain	SP	SP29	25820	40.4	-3.68333	-390625	20251013181500	https://www.webwire.com/ViewPressRel.asp?aId=345151
1268380152	20251013	202510	2025	2025.7753	MEX	MEXICO	MEX								CVLEDU	COMMUNITY						CVL	EDU		0	042	042	04	1	1.9	2	1	2	-3.24300310972901	1	Mexico	MX	MX		23	-102	MX	3	Walla Walla, Washington, United States	US	USWA		46.0646	-118.343	1512769	1	Mexico	MX	MX		23	-102	MX	20251013181500	http://www.chronline.com/stories/a-washington-catholic-priest-accused-of-sexual-misconduct-is-removed-and-reported-to-police,388998
1268380153	20251013	202510	2025	2025.7753	MEX	MEXICO	MEX								USA	UNITED STATES	USA								0	042	042	04	1	1.9	3	1	3	-3.24300310972901	1	Mexico	MX	MX		23	-102	MX	3	Walla Walla, Washington, United States	US	USWA		46.0646	-118.343	1512769	1	Mexico	MX	MX		23	-102	MX	20251013181500	http://www.chronline.com/stories/a-washington-catholic-priest-accused-of-sexual-misconduct-is-removed-and-reported-to-police,388998
1268380154	20251013	202510	2025	2025.7753	MIL	NATIONAL GUARD						MIL													1	010	010	01	1	0.0	6	1	6	0.51020408163265	3	San Francisco, California, United States	US	USCA	CA075	37.7749	-122.419	277593	0								3	San Francisco, California, United States	US	USCA		37.7749	-122.419	277593	20251013181500	https://www.nbcbayarea.com/news/local/san-francisco-benioff-musk-national-guard/3962820/
1268380155	20251013	202510	2025	2025.7753	MIL	MILITARY						MIL													0	020	020	02	1	3.0	3	1	3	-4.62962962962963	1	United States	US	US		39.828175	-98.5795	US	0								4	Gaza, Israel (general), Israel	IS	IS00	18315	31.4167	34.3333	-797156	20251013181500	https://www.islamicinvitationturkey.com/strategic-timing-behind-sudden-gaza-accord-raises-questions/
1268380156	20251013	202510	2025	2025.7753	MIL	MILITARY						MIL													0	030	030	03	1	4.0	3	1	3	-4.62962962962963	1	United States	US	US		39.828175	-98.5795	US	0								4	Gaza, Israel (general), Israel	IS	IS00	18315	31.4167	34.3333	-797156	20251013181500	https://www.islamicinvitationturkey.com/strategic-timing-behind-sudden-gaza-accord-raises-questions/
1268380157	20251013	202510	2025	2025.7753	MIL	MILITARY						MIL													1	040	040	04	1	1.0	2	1	2	0.20242914979757	3	White House, District of Columbia, United States	US	USDC		38.8951	-77.0364	531871	0								3	White House, District of Columbia, United States	US	USDC		38.8951	-77.0364	531871	20251013181500	https://www.militarytimes.com/news/pentagon-congress/2025/10/10/ausa-donates-more-than-1-million-for-conference-travel-amid-shutdown/
1268380158	20251013	202510	2025	2025.7753	MIL	MILITARY						MIL													1	040	040	04	1	1.0	3	1	3	0.20242914979757	1	Afghanistan	AF	AF		33	66	AF	0								1	Afghanistan	AF	AF		33	66	AF	20251013181500	https://www.militarytimes.com/news/pentagon-congress/2025/10/10/ausa-donates-more-than-1-million-for-conference-travel-amid-shutdown/
1268380159	20251013	202510	2025	2025.7753	MIL	COAST GUARD						MIL													1	090	090	09	2	-2.0	10	1	10	-3.97553516819572	2	Alaska, United States	US	USAK		61.385	-152.268	AK	0								2	Alaska, United States	US	USAK		61.385	-152.268	AK	20251013181500	https://www.aol.com/articles/people-missing-dozens-rescued-western-151550477.html
1268380160	20251013	202510	2025	2025.7753	MIL	ARMED FORCES						MIL													0	154	154	15	4	-7.2	5	1	5	-0.80645161290323	4	Dhaka, Dhaka, Bangladesh	BG	BG81	5778	23.7231	90.4086	-2737683	0								4	Dhaka, Dhaka, Bangladesh	BG	BG81	5778	23.7231	90.4086	-2737683	20251013181500	https://theindianawaaz.com/officials-from-past-3-polls-barred-from-key-election-roles-in-bangladesh/
1268380161	20251013	202510	2025	2025.7753	MIL	MILITARY						MIL			LEG	HOUSE SPEAKER						LEG			0	100	100	10	3	-5.0	2	1	2	0.20242914979757	3	White House, District of Columbia, United States	US	USDC		38.8951	-77.0364	531871	3	White House, District of Columbia, United States	US	USDC		38.8951	-77.0364	531871	3	White House, District of Columbia, United States	US	USDC		38.8951	-77.0364	531871	20251013181500	https://www.militarytimes.com/news/pentagon-congress/2025/10/10/ausa-donates-more-than-1-million-for-conference-travel-amid-shutdown/
1268380162	20251013	202510	2025	2025.7753	MIL	NATIONAL GUARD						MIL			USA	SAN FRANCISCO	USA								0	036	036	03	1	4.0	10	1	10	0.51020408163265	3	San Francisco, California, United States	US	USCA	CA075	37.7749	-122.419	277593	3	San Francisco, California, United States	US	USCA		37.7749	-122.419	277593	3	San Francisco, California, United States	US	USCA		37.7749	-122.419	277593	20251013181500	https://www.nbcbayarea.com/news/local/san-francisco-benioff-musk-national-guard/3962820/
1268380163	20251013	202510	2025	2025.7753	MIL	NATIONAL GUARD						MIL			USA	SAN FRANCISCO	USA								1	072	072	07	2	8.3	4	1	4	-1.05124835742444	3	San Francisco, California, United States	US	USCA	CA075	37.7749	-122.419	277593	3	San Francisco, California, United States	US	USCA		37.7749	-122.419	277593	3	San Francisco, California, United States	US	USCA		37.7749	-122.419	277593	20251013181500	https://www.pressdemocrat.com/2025/10/10/marc-benioff-says-trump-should-send-guard-troops-to-san-francisco__trashed/
1268380164	20251013	202510	2025	2025.7753	MIL	NATIONAL GUARD						MIL			USA	SAN FRANCISCO	USA								1	072	072	07	2	8.3	6	1	6	-1.05124835742444	3	San Francisco, California, United States	US	USCA	CA075	37.7749	-122.419	277593	2	New York, United States	US	USNY		42.1497	-74.9384	NY	3	San Francisco, California, United States	US	USCA		37.7749	-122.419	277593	20251013181500	https://www.pressdemocrat.com/2025/10/10/marc-benioff-says-trump-should-send-guard-troops-to-san-francisco__trashed/
1268380165	20251013	202510	2025	2025.7753	MILMED	MILITARY						MIL	MED												1	010	010	01	1	0.0	10	1	10	-4.66867469879518	4	Ramyah, Nabatî, Lebanon	LE	LE07	18314	33.1108	35.3103	-809604	0								4	Ramyah, Nabatî, Lebanon	LE	LE07	18314	33.1108	35.3103	-809604	20251013181500	https://www.islamicinvitationturkey.com/hezbollah-intensifies-border-clashes-with-israeli-forces-amid-ongoing-2024-conflict/
1268380166	20251013	202510	2025	2025.7753	MNCJPN	SONY	JPN					MNC			USA	UNITED STATES	USA								1	043	043	04	1	2.8	4	1	4	-0.45366169799093	2	New York, United States	US	USNY		42.1497	-74.9384	NY	2	New York, United States	US	USNY		42.1497	-74.9384	NY	2	New York, United States	US	USNY		42.1497	-74.9384	NY	20251013181500	https://www.dailymail.co.uk/tvshowbiz/article-15188391/Jennifer-Aniston-terrified-make-career-Gwyneth-Paltrow-Scarlett-Johansson-done.html
1268380167	20251013	202510	2025	2025.7753	MNCUSA	NVIDIA	USA					MNC													0	0331	033	03	1	5.2	2	1	2	4.00763358778626	1	Taiwan	TW	TW		24	121	TW	0								1	Taiwan	TW	TW		24	121	TW	20251013181500	https://www.hpcwire.com/off-the-wire/nvidia-partners-drive-next-gen-efficient-gigawatt-ai-factories-in-buildup-for-vera-rubin/
1268380168	20251013	202510	2025	2025.7753	MNCUSA	NVIDIA	USA					MNC													0	0331	033	03	1	5.2	3	1	3	4.00763358778626	2	Texas, United States	US	USTX		31.106	-97.6475	TX	0								2	Texas, United States	US	USTX		31.106	-97.6475	TX	20251013181500	https://www.hpcwire.com/off-the-wire/nvidia-partners-drive-next-gen-efficient-gigawatt-ai-factories-in-buildup-for-vera-rubin/
1268380169	20251013	202510	2025	2025.7753	MNCUSA	NVIDIA	USA					MNC													0	070	070	07	2	7.0	10	1	10	4.00763358778626	1	Taiwan	TW	TW		24	121	TW	0								1	Taiwan	TW	TW		24	121	TW	20251013181500	https://www.hpcwire.com/off-the-wire/nvidia-partners-drive-next-gen-efficient-gigawatt-ai-factories-in-buildup-for-vera-rubin/
1268380170	20251013	202510	2025	2025.7753	MNCUSA	GOLDMAN SACHS	USA					MNC													0	071	071	07	2	7.4	2	1	2	3.2258064516129	4	Sabadell, Comunidad Autonoma de Cataluna, Spain	SP	SP56	25806	41.5433	2.10942	-399916	0								4	Sabadell, Comunidad Autonoma de Cataluna, Spain	SP	SP56	25806	41.5433	2.10942	-399916	20251013181500	https://www.webwire.com/ViewPressRel.asp?aId=345148
1268380171	20251013	202510	2025	2025.7753	MNCUSA	DISNEY	USA					MNC													1	084	084	08	2	7.0	3	1	3	3.41207349081365	1	United Kingdom	UK	UK		54	-4	UK	0								1	United Kingdom	UK	UK		54	-4	UK	20251013181500	https://www.filmfare.com/news/hollywood/taylor-swift-announces-docuseries-concert-film-the-end-of-an-era-78426.html
1268380172	20251013	202510	2025	2025.7753	MNCUSA	NVIDIA	USA					MNC			ARM	ARMENIAN	ARM								0	051	051	05	1	3.4	2	1	2	-0.38037276531	4	Metsamor, Armavir, Armenia	AM	AM03	4898	40.073	44.2896	-2325150	4	Metsamor, Armavir, Armenia	AM	AM03	4898	40.073	44.2896	-2325150	4	Metsamor, Armavir, Armenia	AM	AM03	4898	40.073	44.2896	-2325150	20251013181500	https://mirrorspectator.com/2025/10/13/evn-report-takes-on-the-washington-accords-at-mit/
1268380173	20251013	202510	2025	2025.7753	MNCUSAMED	GOOGLE	USA					MNC	MED												1	090	090	09	2	-2.0	10	1	10	2.5	4	Highbridge, Somerset, United Kingdom	UK	UKM3	40129	51.2167	-2.98333	-2598645	0								4	Highbridge, Somerset, United Kingdom	UK	UKM3	40129	51.2167	-2.98333	-2598645	20251013181500	https://www.burnhamandhighbridgeweeklynews.co.uk/news/25539466.free-localiq-digital-marketing-courses-build-ai-skills/
1268380174	20251013	202510	2025	2025.7753	MNCUSAMED	GOOGLE	USA					MNC	MED												1	111	111	11	3	-2.0	10	1	10	2.5	4	Highbridge, Somerset, United Kingdom	UK	UKM3	40129	51.2167	-2.98333	-2598645	0								4	Highbridge, Somerset, United Kingdom	UK	UKM3	40129	51.2167	-2.98333	-2598645	20251013181500	https://www.burnhamandhighbridgeweeklynews.co.uk/news/25539466.free-localiq-digital-marketing-courses-build-ai-skills/
1268380175	20251013	202510	2025	2025.7753	MNGGOV	MONGOLIA	MNG					GOV			MNG	MONGOLIAN	MNG								1	036	036	03	1	4.0	2	1	2	4.27807486631016	1	Mongolia	MG	MG		46	105	MG	1	Mongolia	MG	MG		46	105	MG	1	Mongolia	MG	MG		46	105	MG	20251013181500	https://theindianawaaz.com/president-of-mongolia-khurelsukh-ukhnaa-arrives-in-new-delhi-for-4-day-visit/
1268380176	20251013	202510	2025	2025.7753	MOS	ISLAMIC				MOS															0	042	042	04	1	1.9	7	1	6	-0.95320623916811	4	Deoband, Uttar Pradesh, India	IN	IN36	17936	29.7	77.6833	-2094259	0								4	Deoband, Uttar Pradesh, India	IN	IN36	17936	29.7	77.6833	-2094259	20251013181500	https://kashmirlife.net/is-india-quietly-restoring-diplomatic-ties-with-the-taliban-regime-409023/
1268380177	20251013	202510	2025	2025.7753	MOS	ISLAMIC				MOS					ISR	ISRAELI	ISR								0	190	190	19	4	-10.0	2	1	2	-4.62962962962963	1	Iran	IR	IR		32	53	IR	4	Gaza, Israel (general), Israel	IS	IS00	18315	31.4167	34.3333	-797156	4	Gaza, Israel (general), Israel	IS	IS00	18315	31.4167	34.3333	-797156	20251013181500	https://www.islamicinvitationturkey.com/strategic-timing-behind-sudden-gaza-accord-raises-questions/
1268380178	20251013	202510	2025	2025.7753	MOS	MUSLIM				MOS					TUR	TURKEY	TUR								0	051	051	05	1	3.4	2	1	2	3.87096774193549	4	Sharm El-Sheikh, Janub Sina', Egypt	EG	EG26	66041	27.8518	34.305	-302053	1	Turkey	TU	TU		39.059012	34.911546	TU	1	Turkey	TU	TU		39.059012	34.911546	TU	20251013181500	https://twincitiesnewstalk.iheart.com/content/2025-10-13-president-trump-speaks-in-egypt-after-signing-israel-hamas-ceasefire-deal/
1268380179	20251013	202510	2025	2025.7753	MOS	MUSLIM				MOS					TUR	TURKISH	TUR								0	051	051	05	1	3.4	2	1	2	3.87096774193549	1	Iran	IR	IR		32	53	IR	1	Turkey	TU	TU		39.059012	34.911546	TU	1	Turkey	TU	TU		39.059012	34.911546	TU	20251013181500	https://twincitiesnewstalk.iheart.com/content/2025-10-13-president-trump-speaks-in-egypt-after-signing-israel-hamas-ceasefire-deal/
1268380180	20251013	202510	2025	2025.7753	MOS	MUSLIM				MOS					TURGOV	TURKEY	TUR					GOV			0	051	051	05	1	3.4	2	1	2	3.87096774193549	1	Iran	IR	IR		32	53	IR	1	Turkey	TU	TU		39.059012	34.911546	TU	1	Turkey	TU	TU		39.059012	34.911546	TU	20251013181500	https://twincitiesnewstalk.iheart.com/content/2025-10-13-president-trump-speaks-in-egypt-after-signing-israel-hamas-ceasefire-deal/
1268380181	20251013	202510	2025	2025.7753	NAM	NAMIBIA	NAM																		1	057	057	05	1	8.0	10	1	10	6.99300699300699	4	Oranjemund, Karas, Namibia	WA	WA31	22271	-28.55	16.4333	-2585363	0								4	Oranjemund, Karas, Namibia	WA	WA31	22271	-28.55	16.4333	-2585363	20251013181500	https://allafrica.com/stories/202510130743.html
1268380182	20251013	202510	2025	2025.7753	NAM	NAMIBIA	NAM								COP	POLICE						COP			1	010	010	01	1	0.0	8	1	8	-3.03030303030303	4	Kavango, Namibia (general), Namibia	WA	WA00	22274	-18.5	19.5	-2582903	4	Kavango, Namibia (general), Namibia	WA	WA00	22274	-18.5	19.5	-2582903	4	Kavango, Namibia (general), Namibia	WA	WA00	22274	-18.5	19.5	-2582903	20251013181500	https://allafrica.com/stories/202510130720.html
1268380183	20251013	202510	2025	2025.7753	NAM	NAMIBIA	NAM								COP	POLICE						COP			1	060	060	06	2	6.0	4	1	4	-3.03030303030303	4	Kavango, Namibia (general), Namibia	WA	WA00	22274	-18.5	19.5	-2582903	4	Kavango, Namibia (general), Namibia	WA	WA00	22274	-18.5	19.5	-2582903	4	Kavango, Namibia (general), Namibia	WA	WA00	22274	-18.5	19.5	-2582903	20251013181500	https://allafrica.com/stories/202510130720.html
1268380184	20251013	202510	2025	2025.7753	NAM	NAMIBIA	NAM								CVL	COMMUNITY						CVL			1	020	020	02	1	3.0	4	1	4	-3.03030303030303	4	Kavango, Namibia (general), Namibia	WA	WA00	22274	-18.5	19.5	-2582903	4	Kavango, Namibia (general), Namibia	WA	WA00	22274	-18.5	19.5	-2582903	4	Kavango, Namibia (general), Namibia	WA	WA00	22274	-18.5	19.5	-2582903	20251013181500	https://allafrica.com/stories/202510130720.html
1268380185	20251013	202510	2025	2025.7753	NAM	NAMIBIA	NAM								CVL	VILLAGE						CVL			1	090	090	09	2	-2.0	4	1	4	-3.03030303030303	4	Nkurenkuru, Okavango, Namibia	WA	WA34	22275	-17.6167	18.6	-2584272	4	Nkurenkuru, Okavango, Namibia	WA	WA34	22275	-17.6167	18.6	-2584272	4	Nkurenkuru, Okavango, Namibia	WA	WA34	22275	-17.6167	18.6	-2584272	20251013181500	https://allafrica.com/stories/202510130720.html
1268380186	20251013	202510	2025	2025.7753	NAM	NAMIBIA	NAM								LAB	EMPLOYEE						LAB			1	051	051	05	1	3.4	7	1	7	6.99300699300699	4	Oranjemund, Karas, Namibia	WA	WA31	22271	-28.55	16.4333	-2585363	4	Oranjemund, Karas, Namibia	WA	WA31	22271	-28.55	16.4333	-2585363	4	Oranjemund, Karas, Namibia	WA	WA31	22271	-28.55	16.4333	-2585363	20251013181500	https://allafrica.com/stories/202510130743.html
1268380187	20251013	202510	2025	2025.7753	NAMGOV	NAMIBIA	NAM					GOV													1	070	070	07	2	7.0	2	1	2	4.95049504950495	4	Walvis Bay, Erongo, Namibia	WA	WA29	22259	-22.9575	14.5053	-1298950	0								4	Walvis Bay, Erongo, Namibia	WA	WA29	22259	-22.9575	14.5053	-1298950	20251013181500	https://allafrica.com/stories/202510130745.html
1268380188	20251013	202510	2025	2025.7753	NAMGOV	NAMIBIA	NAM					GOV			NAM	NAMIBIA	NAM								1	010	010	01	1	0.0	2	1	2	4.95049504950495	4	Walvis Bay, Erongo, Namibia	WA	WA29	22259	-22.9575	14.5053	-1298950	4	Walvis Bay, Erongo, Namibia	WA	WA29	22259	-22.9575	14.5053	-1298950	4	Walvis Bay, Erongo, Namibia	WA	WA29	22259	-22.9575	14.5053	-1298950	20251013181500	https://allafrica.com/stories/202510130745.html
1268380189	20251013	202510	2025	2025.7753	NAMGOVBUS	NETUMBO NANDI NDAITWAH	NAM					GOV	BUS												1	070	070	07	2	7.0	8	1	8	4.95049504950495	4	Walvis Bay, Erongo, Namibia	WA	WA29	22259	-22.9575	14.5053	-1298950	0								5	Erongo, Erongo, Namibia	WA	WA29	22255	-22.0833	15.3333	311103	20251013181500	https://allafrica.com/stories/202510130745.html
1268380190	20251013	202510	2025	2025.7753	NAMGOVBUS	NETUMBO NANDI NDAITWAH	NAM					GOV	BUS		BUSCVL	BUSINESS						BUS	CVL		1	010	010	01	1	0.0	2	1	2	4.95049504950495	5	Erongo, Erongo, Namibia	WA	WA29	22255	-22.0833	15.3333	311103	1	Cyprus	CY	CY		35	33	CY	5	Erongo, Erongo, Namibia	WA	WA29	22255	-22.0833	15.3333	311103	20251013181500	https://allafrica.com/stories/202510130745.html
1268380191	20251013	202510	2025	2025.7753	NAMGOVBUS	NETUMBO NANDI NDAITWAH	NAM					GOV	BUS		NAM	NAMIBIA	NAM								1	010	010	01	1	0.0	2	1	2	4.95049504950495	4	Walvis Bay, Erongo, Namibia	WA	WA29	22259	-22.9575	14.5053	-1298950	4	Walvis Bay, Erongo, Namibia	WA	WA29	22259	-22.9575	14.5053	-1298950	4	Walvis Bay, Erongo, Namibia	WA	WA29	22259	-22.9575	14.5053	-1298950	20251013181500	https://allafrica.com/stories/202510130745.html
1268380192	20251013	202510	2025	2025.7753	NAMGOVBUS	NETUMBO NANDI NDAITWAH	NAM					GOV	BUS		NAM	NAMIBIA	NAM								1	010	010	01	1	0.0	4	1	4	4.95049504950495	5	Erongo, Erongo, Namibia	WA	WA29	22255	-22.0833	15.3333	311103	5	Erongo, Erongo, Namibia	WA	WA29	22255	-22.0833	15.3333	311103	5	Erongo, Erongo, Namibia	WA	WA29	22255	-22.0833	15.3333	311103	20251013181500	https://allafrica.com/stories/202510130745.html
1268380193	20251013	202510	2025	2025.7753	NGA	NIGERIA	NGA																		1	013	013	01	1	0.4	3	1	3	-3.59712230215827	4	Kano, Kano, Nigeria	NI	NI29	191030	11.9964	8.51667	-2014610	0								4	Kano, Kano, Nigeria	NI	NI29	191030	11.9964	8.51667	-2014610	20251013181500	https://www.nigerianeye.com/2025/10/2027jonathan-not-threat-to-tinubu.html
1268380194	20251013	202510	2025	2025.7753	NGA	NIGERIA	NGA																		1	051	051	05	1	3.4	6	1	4	4.37710437710437	5	Ekiti State, Ekiti, Nigeria	NI	NI54	22967	7.66667	5.25	9098618	0								5	Ekiti State, Ekiti, Nigeria	NI	NI54	22967	7.66667	5.25	9098618	20251013181500	https://www.nigerianeye.com/2025/10/ekiti-state-disburses-n2-billion-to-800.html
1268380195	20251013	202510	2025	2025.7753	NGA	NIGERIA	NGA																		1	080	080	08	2	5.0	10	1	10	-2.56410256410256	4	Buhari, Kano, Nigeria	NI	NI29	191078	11.4148	8.25082	-2008713	0								4	Buhari, Kano, Nigeria	NI	NI29	191078	11.4148	8.25082	-2008713	20251013181500	https://www.nigerianeye.com/2025/10/tinubu-emeritus-professor-of-nepotism.html
1268380196	20251013	202510	2025	2025.7753	NGA	NIGERIA	NGA								AZE	BAKU	AZE								1	036	036	03	1	4.0	5	1	5	3.17073170731707	4	Abuja, Abuja Federal Capital Territory, Nigeria	NI	NI11	191147	9.08333	7.53333	-1997013	4	Abuja, Abuja Federal Capital Territory, Nigeria	NI	NI11	191147	9.08333	7.53333	-1997013	4	Abuja, Abuja Federal Capital Territory, Nigeria	NI	NI11	191147	9.08333	7.53333	-1997013	20251013181500	https://www.nigerianeye.com/2025/10/nigeria-judges-admitted-into.html
1268380197	20251013	202510	2025	2025.7753	NGA	NIGERIA	NGA								COP	POLICE OFFICER						COP			1	111	111	11	3	-2.0	4	1	4	-6.32911392405063	5	Benue State, Benue, Nigeria	NI	NI26	22689	7.33333	8.75	-2002535	5	Benue State, Benue, Nigeria	NI	NI26	22689	7.33333	8.75	-2002535	4	Ogobia, Benue, Nigeria	NI	NI26	191218	7.3502	8.0483	-2002910	20251013181500	https://www.nigerianeye.com/2025/10/gunmen-ambush-police-patrol-in-benue.html
1268380198	20251013	202510	2025	2025.7753	NGA	NIGERIA	NGA								COP	POLICE OFFICER						COP			1	111	111	11	3	-2.0	1	1	1	-6.32911392405063	5	Benue State, Benue, Nigeria	NI	NI26	22689	7.33333	8.75	-2002535	4	Ogobia, Benue, Nigeria	NI	NI26	191218	7.3502	8.0483	-2002910	4	Ogobia, Benue, Nigeria	NI	NI26	191218	7.3502	8.0483	-2002910	20251013181500	https://www.nigerianeye.com/2025/10/gunmen-ambush-police-patrol-in-benue.html
1268380199	20251013	202510	2025	2025.7753	NGA	LAGOS	NGA								CRM	KIDNAPPER						CRM			1	173	173	17	4	-5.0	3	1	3	-12.4463519313305	4	Lagos, Lagos, Nigeria	NI	NI05	191416	6.45306	3.39583	-2017355	4	Lagos, Lagos, Nigeria	NI	NI05	191416	6.45306	3.39583	-2017355	4	Lagos, Lagos, Nigeria	NI	NI05	191416	6.45306	3.39583	-2017355	20251013181500	https://saharareporters.com/2025/10/13/lagos-government-re-arraigns-billionaire-kidnapper-evans-alleged-murder-two-policemen
1268380200	20251013	202510	2025	2025.7753	NGA	LAGOS	NGA								CRM	KIDNAPPER						CRM			1	190	190	19	4	-10.0	3	1	3	-12.4463519313305	4	Lagos, Lagos, Nigeria	NI	NI05	191416	6.45306	3.39583	-2017355	4	Lagos, Lagos, Nigeria	NI	NI05	191416	6.45306	3.39583	-2017355	4	Lagos, Lagos, Nigeria	NI	NI05	191416	6.45306	3.39583	-2017355	20251013181500	https://saharareporters.com/2025/10/13/lagos-government-re-arraigns-billionaire-kidnapper-evans-alleged-murder-two-policemen
1268380201	20251013	202510	2025	2025.7753	NGA	NIGERIA	NGA								GOV	GOVERNOR						GOV			1	010	010	01	1	0.0	4	1	4	4.37710437710437	5	Ekiti State, Ekiti, Nigeria	NI	NI54	22967	7.66667	5.25	9098618	5	Ekiti State, Ekiti, Nigeria	NI	NI54	22967	7.66667	5.25	9098618	5	Ekiti State, Ekiti, Nigeria	NI	NI54	22967	7.66667	5.25	9098618	20251013181500	https://www.nigerianeye.com/2025/10/ekiti-state-disburses-n2-billion-to-800.html
1268380202	20251013	202510	2025	2025.7753	NGA	NIGERIA	NGA								GOV	PRESIDENTIAL AIDE						GOV			1	013	013	01	1	0.4	2	1	2	-3.59712230215827	4	Kano, Kano, Nigeria	NI	NI29	191030	11.9964	8.51667	-2014610	4	Kano, Kano, Nigeria	NI	NI29	191030	11.9964	8.51667	-2014610	4	Kano, Kano, Nigeria	NI	NI29	191030	11.9964	8.51667	-2014610	20251013181500	https://www.nigerianeye.com/2025/10/2027jonathan-not-threat-to-tinubu.html
1268380203	20251013	202510	2025	2025.7753	NGA	NIGERIA	NGA								LAB	WORKER						LAB			1	051	051	05	1	3.4	2	1	2	4.37710437710437	5	Ekiti State, Ekiti, Nigeria	NI	NI54	22967	7.66667	5.25	9098618	5	Ekiti State, Ekiti, Nigeria	NI	NI54	22967	7.66667	5.25	9098618	5	Ekiti State, Ekiti, Nigeria	NI	NI54	22967	7.66667	5.25	9098618	20251013181500	https://www.nigerianeye.com/2025/10/ekiti-state-disburses-n2-billion-to-800.html
1268380204	20251013	202510	2025	2025.7753	NGA	NIGERIA	NGA								NGAMED	NIGERIA	NGA					MED			1	013	013	01	1	0.4	2	1	2	-3.59712230215827	4	Kano, Kano, Nigeria	NI	NI29	191030	11.9964	8.51667	-2014610	4	Kano, Kano, Nigeria	NI	NI29	191030	11.9964	8.51667	-2014610	4	Kano, Kano, Nigeria	NI	NI29	191030	11.9964	8.51667	-2014610	20251013181500	https://www.nigerianeye.com/2025/10/2027jonathan-not-threat-to-tinubu.html
1268380205	20251013	202510	2025	2025.7753	NGA	NIGERIA	NGA								PTY	DEMOCRATIC PARTY									1	025	025	02	1	-0.3	2	1	2	2.61660978384527	4	Ibadan, Oyo, Nigeria	NI	NI32	191242	7.38778	3.89639	-2010458	4	Ibadan, Oyo, Nigeria	NI	NI32	191242	7.38778	3.89639	-2010458	4	Ibadan, Oyo, Nigeria	NI	NI32	191242	7.38778	3.89639	-2010458	20251013181500	https://www.nigerianeye.com/2025/10/dont-despair-over-defections-victory.html
1268380206	20251013	202510	2025	2025.7753	NGA	NIGERIA	NGA								PTY	DEMOCRATIC PARTY									1	120	120	12	3	-4.0	2	1	2	2.61660978384527	5	Oyo State, Oyo, Nigeria	NI	NI32	191166	8	4	-2024630	5	Oyo State, Oyo, Nigeria	NI	NI32	191166	8	4	-2024630	5	Oyo State, Oyo, Nigeria	NI	NI32	191166	8	4	-2024630	20251013181500	https://www.nigerianeye.com/2025/10/dont-despair-over-defections-victory.html
1268380207	20251013	202510	2025	2025.7753	NGACOP	NIGERIA	NGA					COP													1	173	173	17	4	-5.0	6	1	6	-6.32911392405063	5	Benue State, Benue, Nigeria	NI	NI26	22689	7.33333	8.75	-2002535	0								5	Benue State, Benue, Nigeria	NI	NI26	22689	7.33333	8.75	-2002535	20251013181500	https://www.nigerianeye.com/2025/10/gunmen-ambush-police-patrol-in-benue.html
1268380208	20251013	202510	2025	2025.7753	NGACOP	NIGERIA	NGA					COP													1	173	173	17	4	-5.0	2	1	2	-6.32911392405063	4	Otukpo, Cross River, Nigeria	NI	NI22	22726	6.815	8.6531	-2024382	0								5	Benue State, Benue, Nigeria	NI	NI26	22689	7.33333	8.75	-2002535	20251013181500	https://www.nigerianeye.com/2025/10/gunmen-ambush-police-patrol-in-benue.html
1268380209	20251013	202510	2025	2025.7753	NGAGOV	NIGERIA	NGA					GOV													1	051	051	05	1	3.4	6	1	6	2.61660978384527	5	Oyo State, Oyo, Nigeria	NI	NI32	191166	8	4	-2024630	0								5	Oyo State, Oyo, Nigeria	NI	NI32	191166	8	4	-2024630	20251013181500	https://www.nigerianeye.com/2025/10/dont-despair-over-defections-victory.html
1268380210	20251013	202510	2025	2025.7753	NGAGOV	NIGERIA	NGA					GOV			NGA	NIGERIA	NGA								1	120	120	12	3	-4.0	6	1	6	2.61660978384527	5	Oyo State, Oyo, Nigeria	NI	NI32	191166	8	4	-2024630	5	Oyo State, Oyo, Nigeria	NI	NI32	191166	8	4	-2024630	5	Oyo State, Oyo, Nigeria	NI	NI32	191166	8	4	-2024630	20251013181500	https://www.nigerianeye.com/2025/10/dont-despair-over-defections-victory.html
1268380211	20251013	202510	2025	2025.7753	NGAGOV	NIGERIA	NGA					GOV			PTY	DEMOCRATIC PARTY									1	025	025	02	1	-0.3	6	1	6	2.61660978384527	4	Ibadan, Oyo, Nigeria	NI	NI32	191242	7.38778	3.89639	-2010458	4	Ibadan, Oyo, Nigeria	NI	NI32	191242	7.38778	3.89639	-2010458	4	Ibadan, Oyo, Nigeria	NI	NI32	191242	7.38778	3.89639	-2010458	20251013181500	https://www.nigerianeye.com/2025/10/dont-despair-over-defections-victory.html
1268380212	20251013	202510	2025	2025.7753	NGAOPP	NIGERIA	NGA					OPP													1	0841	084	08	2	7.0	2	1	2	-2.56410256410256	4	Buhari, Kano, Nigeria	NI	NI29	191078	11.4148	8.25082	-2008713	0								4	Buhari, Kano, Nigeria	NI	NI29	191078	11.4148	8.25082	-2008713	20251013181500	https://www.nigerianeye.com/2025/10/tinubu-emeritus-professor-of-nepotism.html
1268380213	20251013	202510	2025	2025.7753	NGAOPP	NIGERIA	NGA					OPP			GOV	PRESIDENT						GOV			1	112	112	11	3	-2.0	2	1	2	-2.56410256410256	4	Buhari, Kano, Nigeria	NI	NI29	191078	11.4148	8.25082	-2008713	4	Buhari, Kano, Nigeria	NI	NI29	191078	11.4148	8.25082	-2008713	4	Buhari, Kano, Nigeria	NI	NI29	191078	11.4148	8.25082	-2008713	20251013181500	https://www.nigerianeye.com/2025/10/tinubu-emeritus-professor-of-nepotism.html
1268380214	20251013	202510	2025	2025.7753	NGO	NON GOVERNMENTAL ORGANIZATION						NGO			SLB	SOLOMON ISLAND	SLB								0	010	010	01	1	0.0	5	1	5	4.9438202247191	1	Solomon Islands	BP	BP		-8	159	BP	1	Solomon Islands	BP	BP		-8	159	BP	1	Solomon Islands	BP	BP		-8	159	BP	20251013181500	https://www.globaltimes.cn/page/202510/1345542.shtml
1268380215	20251013	202510	2025	2025.7753	NGOENV	GREENPEACE						NGO	ENV		GBR	UNITED KINGDOM	GBR								0	1124	112	11	3	-2.0	5	1	5	0.604229607250749	4	Northern Ireland, Craigavon, United Kingdom	UK	UKR8	40152	54.5	-6.5	-2604275	4	Northern Ireland, Craigavon, United Kingdom	UK	UKR8	40152	54.5	-6.5	-2604275	4	Northern Ireland, Craigavon, United Kingdom	UK	UKR8	40152	54.5	-6.5	-2604275	20251013181500	https://www.independent.co.uk/news/uk/home-news/greenpeace-crown-estate-energy-prices-b2844386.html
1268380216	20251013	202510	2025	2025.7753	NGOHLHIRC	RED CROSS		IRC				NGO	HLH		ISR	ISRAEL	ISR								0	0353	035	03	1	7.0	2	1	2	-6.38297872340422	4	Tel Aviv, Tel Aviv, Israel	IS	IS05	18316	32.0667	34.7667	-781545	4	Tel Aviv, Tel Aviv, Israel	IS	IS05	18316	32.0667	34.7667	-781545	4	Tehran, Tehran, Iran	IR	IR26	41130	35.75	51.5148	10074674	20251013181500	https://www.islamicinvitationturkey.com/iran-applauds-pause-to-gaza-conflict-cautions-against-israels-ceasefire-track-record/
1268380217	20251013	202510	2025	2025.7753	NGOHLHIRC	RED CROSS		IRC				NGO	HLH		ISR	ISRAELI	ISR								0	042	042	04	1	1.9	4	2	4	-4.04682204194164	4	Nahal Oz, HaDarom, Israel	IS	IS01	18315	31.4732	34.4978	-780808	4	Nahal Oz, HaDarom, Israel	IS	IS01	18315	31.4732	34.4978	-780808	4	Nahal Oz, HaDarom, Israel	IS	IS01	18315	31.4732	34.4978	-780808	20251013181500	https://www.cnn.com/2025/10/13/middleeast/released-israeli-hostages-peace-summit-intl
1268380218	20251013	202510	2025	2025.7753	NGOHLHIRC	RED CROSS		IRC				NGO	HLH		ISR	ISRAELI	ISR								0	042	042	04	1	1.9	4	2	4	-4.04682204194164	4	Gaza, Israel (general), Israel	IS	IS00	18315	31.4167	34.3333	-797156	4	Nahal Oz, HaDarom, Israel	IS	IS01	18315	31.4732	34.4978	-780808	4	Nahal Oz, HaDarom, Israel	IS	IS01	18315	31.4732	34.4978	-780808	20251013181500	https://www.cnn.com/2025/10/13/middleeast/released-israeli-hostages-peace-summit-intl
1268380219	20251013	202510	2025	2025.7753	NGOHLHIRC	RED CROSS		IRC				NGO	HLH		ISRMED	ISRAELI	ISR					MED			1	181	181	18	4	-9.0	3	1	3	-6.91823899371069	4	Gaza, Israel (general), Israel	IS	IS00	18315	31.4167	34.3333	-797156	4	Gaza, Israel (general), Israel	IS	IS00	18315	31.4167	34.3333	-797156	4	Gaza, Israel (general), Israel	IS	IS00	18315	31.4167	34.3333	-797156	20251013181500	https://www.islamicinvitationturkey.com/palestinian-abductees-israeli-captives-freed-in-gaza-ceasefire-agreement/
1268380220	20251013	202510	2025	2025.7753	NGOHLHIRC	RED CROSS		IRC				NGO	HLH		PSE	GAZA	PSE								0	0353	035	03	1	7.0	1	1	1	-6.38297872340422	4	Tel Aviv, Tel Aviv, Israel	IS	IS05	18316	32.0667	34.7667	-781545	4	Tel Aviv, Tel Aviv, Israel	IS	IS05	18316	32.0667	34.7667	-781545	4	Tehran, Tehran, Iran	IR	IR26	41130	35.75	51.5148	10074674	20251013181500	https://www.islamicinvitationturkey.com/iran-applauds-pause-to-gaza-conflict-cautions-against-israels-ceasefire-track-record/
1268380221	20251013	202510	2025	2025.7753	NLD	NETHERLANDS	NLD								ARE	UNITED ARAB EMIRATES	ARE								1	061	061	06	2	6.4	2	1	2	3.09090909090909	1	United Arab Emirates	AE	AE		24	54	AE	1	United States	US	US		39.828175	-98.5795	US	1	India	IN	IN		20	77	IN	20251013181500	https://theindianawaaz.com/indias-electronics-surge-powers-jobs-exports-and-global-industry-growth/
1268380222	20251013	202510	2025	2025.7753	NLD	NETHERLANDS	NLD								ARE	UNITED ARAB EMIRATES	ARE								1	061	061	06	2	6.4	6	1	6	3.09090909090909	1	Netherlands	NL	NL		52.5	5.75	NL	1	United Arab Emirates	AE	AE		24	54	AE	1	India	IN	IN		20	77	IN	20251013181500	https://theindianawaaz.com/indias-electronics-surge-powers-jobs-exports-and-global-industry-growth/
1268380223	20251013	202510	2025	2025.7753	NLD	NETHERLANDS	NLD								ARE	UNITED ARAB EMIRATES	ARE								1	061	061	06	2	6.4	2	1	2	3.09090909090909	1	United States	US	US		39.828175	-98.5795	US	1	United States	US	US		39.828175	-98.5795	US	1	India	IN	IN		20	77	IN	20251013181500	https://theindianawaaz.com/indias-electronics-surge-powers-jobs-exports-and-global-industry-growth/
1268380224	20251013	202510	2025	2025.7753	NLD	NIJMEGEN	NLD								BUS	COMPANY						BUS			1	042	042	04	1	1.9	3	1	3	-3.62473347547974	4	Amsterdam, Noord-Holland, Netherlands	NL	NL07	22373	52.35	4.91667	-2140479	4	Amsterdam, Noord-Holland, Netherlands	NL	NL07	22373	52.35	4.91667	-2140479	4	Amsterdam, Noord-Holland, Netherlands	NL	NL07	22373	52.35	4.91667	-2140479	20251013181500	https://www.livemint.com/companies/news/dutch-government-takes-charge-of-chinese-owned-chipmaker-nexperia-parent-firms-shares-drop-10-in-shanghai-11760373107987.html
1268380225	20251013	202510	2025	2025.7753	NLD	HOLLAND	NLD								CAN	OTTAWA	CAN								1	057	057	05	1	8.0	10	1	10	-4.67289719626168	1	Netherlands	NL	NL		52.5	5.75	NL	1	Netherlands	NL	NL		52.5	5.75	NL	1	Netherlands	NL	NL		52.5	5.75	NL	20251013181500	https://wwmt.com/news/local/two-injured-crash-man-run-stop-sign-crashes-f150-driver-minor-injuries-us-131-136-avenue-ottawa-county-sheriff-office-deputies-traffic-western-michigan
1268380226	20251013	202510	2025	2025.7753	NLD	DUTCH	NLD								CHN	CHINESE	CHN								1	192	192	19	4	-9.5	1	1	1	-3.62473347547974	4	Shanghai, Shanghai, China	CH	CH23	13243	31.2222	121.458	-1924465	4	Shanghai, Shanghai, China	CH	CH23	13243	31.2222	121.458	-1924465	4	Amsterdam, Noord-Holland, Netherlands	NL	NL07	22373	52.35	4.91667	-2140479	20251013181500	https://www.livemint.com/companies/news/dutch-government-takes-charge-of-chinese-owned-chipmaker-nexperia-parent-firms-shares-drop-10-in-shanghai-11760373107987.html
1268380227	20251013	202510	2025	2025.7753	NLD	DUTCH	NLD								GOV	GOVERNMENT						GOV			1	020	020	02	1	3.0	1	1	1	-6.44329896907217	4	Beijing, Beijing, China	CH	CH22	13001	39.9289	116.388	-1898541	1	Netherlands	NL	NL		52.5	5.75	NL	1	Netherlands	NL	NL		52.5	5.75	NL	20251013181500	https://www.benzinga.com/news/politics/25/10/48181837/west-scared-of-china-trump-us-europe
1268380228	20251013	202510	2025	2025.7753	NLD	DUTCH	NLD								GOV	GOVERNMENT						GOV			1	020	020	02	1	3.0	1	1	1	-6.44329896907217	1	Netherlands	NL	NL		52.5	5.75	NL	4	Beijing, Beijing, China	CH	CH22	13001	39.9289	116.388	-1898541	4	Beijing, Beijing, China	CH	CH22	13001	39.9289	116.388	-1898541	20251013181500	https://www.benzinga.com/news/politics/25/10/48181837/west-scared-of-china-trump-us-europe
1268380229	20251013	202510	2025	2025.7753	NLD	DUTCH	NLD								GOV	GOVERNMENT						GOV			1	020	020	02	1	3.0	3	1	3	-6.44329896907217	1	Netherlands	NL	NL		52.5	5.75	NL	4	Beijing, Beijing, China	CH	CH22	13001	39.9289	116.388	-1898541	1	Netherlands	NL	NL		52.5	5.75	NL	20251013181500	https://www.benzinga.com/news/politics/25/10/48181837/west-scared-of-china-trump-us-europe
1268380230	20251013	202510	2025	2025.7753	NLDGOV	THE NETHERLAND	NLD					GOV			CHN	CHINA	CHN								1	192	192	19	4	-9.5	2	1	2	-3.62473347547974	4	Shanghai, Shanghai, China	CH	CH23	13243	31.2222	121.458	-1924465	4	Beijing, Beijing, China	CH	CH22	13001	39.9289	116.388	-1898541	4	Amsterdam, Noord-Holland, Netherlands	NL	NL07	22373	52.35	4.91667	-2140479	20251013181500	https://www.livemint.com/companies/news/dutch-government-takes-charge-of-chinese-owned-chipmaker-nexperia-parent-firms-shares-drop-10-in-shanghai-11760373107987.html
1268380231	20251013	202510	2025	2025.7753	NMR	NORTH AMERICA	NMR																		1	120	120	12	3	-4.0	2	1	2	-12.8205128205128	1	United States	US	US		39.828175	-98.5795	US	0								1	United States	US	US		39.828175	-98.5795	US	20251013181500	https://biztoc.com/x/164c6c504d58094c
1268380232	20251013	202510	2025	2025.7753	NMR	NORTH AMERICA	NMR								SWE	SWEDEN	SWE								1	020	020	02	1	3.0	1	1	1	4.78170478170478	1	United States	US	US		39.828175	-98.5795	US	1	United States	US	US		39.828175	-98.5795	US	1	United States	US	US		39.828175	-98.5795	US	20251013181500	https://www.cjme.com/2025/10/13/dream-of-a-lifetime-canadian-economist-peter-howitt-among-nobel-winners-in-economics/
1268380233	20251013	202510	2025	2025.7753	NMR	NORTH AMERICA	NMR								USA	UNITED STATES	USA								1	120	120	12	3	-4.0	2	1	2	-12.8205128205128	1	United States	US	US		39.828175	-98.5795	US	1	United States	US	US		39.828175	-98.5795	US	1	United States	US	US		39.828175	-98.5795	US	20251013181500	https://biztoc.com/x/164c6c504d58094c
1268380234	20251013	202510	2025	2025.7753	NOR	NORWEGIAN	NOR																		1	040	040	04	1	1.0	5	1	5	2.96411856474259	4	Hiroshima, Hiroshima, Japan	JA	JA11	34163	34.4	132.45	-229436	0								4	Hiroshima, Hiroshima, Japan	JA	JA11	34163	34.4	132.45	-229436	20251013181500	https://www.wilsontimes.com/columns/who-won-the-nobel-peace-prize-and-who-didnt-83c4e394
1268380235	20251013	202510	2025	2025.7753	NZL	NEW ZEALAND	NZL																		1	010	010	01	1	0.0	8	1	4	-4.40456769983687	4	Westport, New Zealand (general), New Zealand	NZ	NZ00	22392	-41.75	171.567	275107	0								4	Westport, New Zealand (general), New Zealand	NZ	NZ00	22392	-41.75	171.567	275107	20251013181500	https://www.rnz.co.nz/news/national/575836/outgoing-buller-mayor-cries-as-he-talks-about-risks-facing-town
1268380236	20251013	202510	2025	2025.7753	NZL	NEW ZEALAND	NZL																		1	043	043	04	1	2.8	6	1	6	4.59183673469388	4	New Plymouth, New Zealand (general), New Zealand	NZ	NZ00	22388	-39.0667	174.083	-1514514	0								4	New Plymouth, New Zealand (general), New Zealand	NZ	NZ00	22388	-39.0667	174.083	-1514514	20251013181500	https://www.nbr.co.nz/te-ao-maori/maui-toa-targets-8-5-m-raise-for-fusion-venture-openstar/
1268380237	20251013	202510	2025	2025.7753	NZL	NEW ZEALAND	NZL								GOV	ADMINISTRATION						GOV			1	071	071	07	2	7.4	4	1	4	2.23463687150838	1	New Zealand	NZ	NZ		-42	174	NZ	1	New Zealand	NZ	NZ		-42	174	NZ	1	New Zealand	NZ	NZ		-42	174	NZ	20251013181500	https://www.nbr.co.nz/primary-industries/myfarm-rockit-apple-fund-tipped-into-volutnary-administration/
1268380238	20251013	202510	2025	2025.7753	NZL	NEW ZEALAND	NZL								JUD	HIGH COURT						JUD			1	128	128	12	3	-5.0	4	1	4	1.66666666666667	1	New Zealand	NZ	NZ		-42	174	NZ	1	New Zealand	NZ	NZ		-42	174	NZ	1	New Zealand	NZ	NZ		-42	174	NZ	20251013181500	https://www.nbr.co.nz/law/court-finds-oppression-breach-of-duties-in-carbon-case/
1268380239	20251013	202510	2025	2025.7753	NZL	NEW ZEALAND	NZL								USA	THE US	USA								1	013	013	01	1	0.4	3	1	3	5.12820512820513	1	New Zealand	NZ	NZ		-42	174	NZ	1	New Zealand	NZ	NZ		-42	174	NZ	1	New Zealand	NZ	NZ		-42	174	NZ	20251013181500	https://www.nbr.co.nz/rich-list-2025/featured-rich-listers-marris-family/
1268380240	20251013	202510	2025	2025.7753	NZL	NEW ZEALAND	NZL								USA	THE US	USA								1	110	110	11	3	-2.0	3	1	3	5.12820512820513	1	New Zealand	NZ	NZ		-42	174	NZ	1	New Zealand	NZ	NZ		-42	174	NZ	1	New Zealand	NZ	NZ		-42	174	NZ	20251013181500	https://www.nbr.co.nz/rich-list-2025/featured-rich-listers-marris-family/
1268380241	20251013	202510	2025	2025.7753	OPP	DETAINEE						OPP													0	051	051	05	1	3.4	2	1	2	-4.46601941747573	4	Ramallah, West Bank (general), West Bank	WE	WE00	68767	31.9026	35.1955	-795956	0								4	Ramallah, West Bank (general), West Bank	WE	WE00	68767	31.9026	35.1955	-795956	20251013181500	https://www.islamicinvitationturkey.com/mass-celebration-as-2000-palestinian-detainees-released-amidst-defiance-of-occupation/
1268380242	20251013	202510	2025	2025.7753	OPP	ACTIVIST						OPP													1	0841	084	08	2	7.0	8	1	8	-2.56410256410256	4	Buhari, Kano, Nigeria	NI	NI29	191078	11.4148	8.25082	-2008713	0								4	Buhari, Kano, Nigeria	NI	NI29	191078	11.4148	8.25082	-2008713	20251013181500	https://www.nigerianeye.com/2025/10/tinubu-emeritus-professor-of-nepotism.html
1268380243	20251013	202510	2025	2025.7753	OPP	PROTESTER						OPP													0	100	100	10	3	-5.0	5	1	5	-9.7297297297297	1	Madagascar	MA	MA		-20	47	MA	0								1	Madagascar	MA	MA		-20	47	MA	20251013181500	https://tass.com/politics/2029095
1268380244	20251013	202510	2025	2025.7753	OPP	PROTESTER						OPP													0	1411	141	14	3	-6.5	5	1	5	-9.7297297297297	1	Madagascar	MA	MA		-20	47	MA	0								1	Madagascar	MA	MA		-20	47	MA	20251013181500	https://tass.com/politics/2029095
1268380245	20251013	202510	2025	2025.7753	OPP	PRISONER						OPP			EGYHLH	NASSER	EGY					HLH			0	017	017	01	1	0.0	2	1	2	-5.28691166989039	4	Beitunia, West Bank (general), West Bank	WE	WE00	68767	31.8966	35.1705	-793875	4	Beitunia, West Bank (general), West Bank	WE	WE00	68767	31.8966	35.1705	-793875	4	Ramallah, West Bank (general), West Bank	WE	WE00	68767	31.9026	35.1955	-795956	20251013181500	https://www.pressdemocrat.com/2025/10/13/israeli-hostages-released-hamas-ceasefire/
1268380246	20251013	202510	2025	2025.7753	OPP	PROTESTER						OPP			GHA	TAMALE	GHA								0	042	042	04	1	1.9	8	1	8	-11.3018597997139	3	Hoffman Estates, Illinois, United States	US	USIL	IL031	42.0428	-88.0798	410341	3	Hoffman Estates, Illinois, United States	US	USIL		42.0428	-88.0798	410341	3	Hoffman Estates, Illinois, United States	US	USIL		42.0428	-88.0798	410341	20251013181500	https://newrepublic.com/post/201684/donald-trump-ice-terrorizing-chicago
1268380247	20251013	202510	2025	2025.7753	OPP	PROTESTER						OPP			GHA	TAMALE	GHA								0	042	042	04	1	1.9	2	1	2	-11.3018597997139	3	Chicago, Illinois, United States	US	USIL	IL031	41.85	-87.6501	423587	3	Chicago, Illinois, United States	US	USIL	IL031	41.85	-87.6501	423587	3	Chicago, Illinois, United States	US	USIL	IL031	41.85	-87.6501	423587	20251013181500	https://newrepublic.com/post/201684/donald-trump-ice-terrorizing-chicago
1268380248	20251013	202510	2025	2025.7753	OPP	PROTESTER						OPP			GOV	PRESIDENT						GOV			0	100	100	10	3	-5.0	5	1	5	-9.7297297297297	1	Madagascar	MA	MA		-20	47	MA	1	Madagascar	MA	MA		-20	47	MA	1	Madagascar	MA	MA		-20	47	MA	20251013181500	https://tass.com/politics/2029095
1268380249	20251013	202510	2025	2025.7753	OPP	ACTIVIST						OPP			GOV	PRESIDENT						GOV			1	112	112	11	3	-2.0	18	1	10	-2.56410256410256	4	Buhari, Kano, Nigeria	NI	NI29	191078	11.4148	8.25082	-2008713	4	Buhari, Kano, Nigeria	NI	NI29	191078	11.4148	8.25082	-2008713	4	Buhari, Kano, Nigeria	NI	NI29	191078	11.4148	8.25082	-2008713	20251013181500	https://www.nigerianeye.com/2025/10/tinubu-emeritus-professor-of-nepotism.html
1268380250	20251013	202510	2025	2025.7753	OPP	PROTESTER						OPP			GOV	PRESIDENT						GOV			0	1411	141	14	3	-6.5	5	1	5	-9.7297297297297	1	Madagascar	MA	MA		-20	47	MA	1	Madagascar	MA	MA		-20	47	MA	1	Madagascar	MA	MA		-20	47	MA	20251013181500	https://tass.com/politics/2029095
1268380251	20251013	202510	2025	2025.7753	OPP	PRISONER						OPP			PSE	WEST BANK	PSE								1	043	043	04	1	2.8	10	1	10	-4.46601941747573	4	Ramallah, West Bank (general), West Bank	WE	WE00	68767	31.9026	35.1955	-795956	4	Ramallah, West Bank (general), West Bank	WE	WE00	68767	31.9026	35.1955	-795956	4	Ramallah, West Bank (general), West Bank	WE	WE00	68767	31.9026	35.1955	-795956	20251013181500	https://www.islamicinvitationturkey.com/mass-celebration-as-2000-palestinian-detainees-released-amidst-defiance-of-occupation/
1268380252	20251013	202510	2025	2025.7753	OPP	DETAINEE						OPP			PSE	WEST BANK	PSE								0	051	051	05	1	3.4	4	1	4	-4.46601941747573	4	Ramallah, West Bank (general), West Bank	WE	WE00	68767	31.9026	35.1955	-795956	4	Ramallah, West Bank (general), West Bank	WE	WE00	68767	31.9026	35.1955	-795956	4	Ramallah, West Bank (general), West Bank	WE	WE00	68767	31.9026	35.1955	-795956	20251013181500	https://www.islamicinvitationturkey.com/mass-celebration-as-2000-palestinian-detainees-released-amidst-defiance-of-occupation/
1268380253	20251013	202510	2025	2025.7753	OPP	DETAINEE						OPP			PSE	WEST BANK	PSE								0	051	051	05	1	3.4	1	1	1	-4.46601941747573	4	Ramallah, West Bank (general), West Bank	WE	WE00	68767	31.9026	35.1955	-795956	4	Ramallah, West Bank (general), West Bank	WE	WE00	68767	31.9026	35.1955	-795956	4	Gaza, Israel (general), Israel	IS	IS00	18315	31.4167	34.3333	-797156	20251013181500	https://www.islamicinvitationturkey.com/mass-celebration-as-2000-palestinian-detainees-released-amidst-defiance-of-occupation/
1268380254	20251013	202510	2025	2025.7753	OPP	PRISONER						OPP			PSEHLH	GAZA	PSE					HLH			0	042	042	04	1	1.9	2	1	2	-5.28691166989039	4	Beitunia, West Bank (general), West Bank	WE	WE00	68767	31.8966	35.1705	-793875	4	Beitunia, West Bank (general), West Bank	WE	WE00	68767	31.8966	35.1705	-793875	4	Beitunia, West Bank (general), West Bank	WE	WE00	68767	31.8966	35.1705	-793875	20251013181500	https://www.pressdemocrat.com/2025/10/13/israeli-hostages-released-hamas-ceasefire/
1268380255	20251013	202510	2025	2025.7753	OPP	ACTIVIST						OPP			SWE	MALMO	SWE								0	141	141	14	3	-6.5	2	1	2	-3.33333333333334	4	Gaza, Israel (general), Israel	IS	IS00	18315	31.4167	34.3333	-797156	4	Gaza, Israel (general), Israel	IS	IS00	18315	31.4167	34.3333	-797156	4	Gaza, Israel (general), Israel	IS	IS00	18315	31.4167	34.3333	-797156	20251013181500	https://www.yahoo.com/news/articles/eurovision-organisers-push-back-israel-171201088.html
1268380256	20251013	202510	2025	2025.7753	OPP	ACTIVIST						OPP			SWE	MALMO	SWE								0	141	141	14	3	-6.5	2	1	2	-3.33333333333334	4	Gaza, Israel (general), Israel	IS	IS00	18315	31.4167	34.3333	-797156	1	Sweden	SW	SW		62	15	SW	4	Gaza, Israel (general), Israel	IS	IS00	18315	31.4167	34.3333	-797156	20251013181500	https://www.yahoo.com/news/articles/eurovision-organisers-push-back-israel-171201088.html
1268380257	20251013	202510	2025	2025.7753	OPP	REFORMER						OPP			SYR	DAMASCUS	SYR								0	192	192	19	4	-9.5	6	1	6	-1.1826544021025	4	Damascus, Dimashq, Syria	SY	SY13	26324	33.5	36.3	-2541260	4	Damascus, Dimashq, Syria	SY	SY13	26324	33.5	36.3	-2541260	4	Damascus, Dimashq, Syria	SY	SY13	26324	33.5	36.3	-2541260	20251013181500	https://nypost.com/2025/10/13/media/syrian-leader-appears-to-flirt-with-cbss-margaret-brennan-on-60-minutes/
1268380258	20251013	202510	2025	2025.7753	OPP	REFORMER						OPP			SYR	SYRIA	SYR								0	192	192	19	4	-9.5	2	1	2	-1.1826544021025	4	Moscow, Moskva, Russia	RS	RS48	25106	55.7522	37.6156	-2960561	4	Damascus, Dimashq, Syria	SY	SY13	26324	33.5	36.3	-2541260	4	Damascus, Dimashq, Syria	SY	SY13	26324	33.5	36.3	-2541260	20251013181500	https://nypost.com/2025/10/13/media/syrian-leader-appears-to-flirt-with-cbss-margaret-brennan-on-60-minutes/
1268380259	20251013	202510	2025	2025.7753	OPP	REFORMER						OPP			SYR	DAMASCUS	SYR								0	192	192	19	4	-9.5	2	1	2	-1.1826544021025	3	Washington, District of Columbia, United States	US	USDC	DC001	38.8951	-77.0364	531871	4	Damascus, Dimashq, Syria	SY	SY13	26324	33.5	36.3	-2541260	4	Damascus, Dimashq, Syria	SY	SY13	26324	33.5	36.3	-2541260	20251013181500	https://nypost.com/2025/10/13/media/syrian-leader-appears-to-flirt-with-cbss-margaret-brennan-on-60-minutes/
1268380260	20251013	202510	2025	2025.7753	PAK	RAWALPINDI	PAK																		1	017	017	01	1	0.0	10	1	10	-9.3333333333333	4	Kabul, Kabol, Afghanistan	AF	AF13	3580	34.5167	69.1833	-3378435	0								4	Kabul, Kabol, Afghanistan	AF	AF13	3580	34.5167	69.1833	-3378435	20251013181500	https://english.mathrubhumi.com/news/world/pakistan-afghanistan-border-closed-second-day-after-deadly-clashes-d6atwe7l
1268380261	20251013	202510	2025	2025.7753	PAK	PAKISTANI	PAK																		1	060	060	06	2	6.0	3	1	3	-6.22605363984674	4	Quetta, Balochistan, Pakistan	PK	PK02	23627	30.199	67.0097	-2772048	0								4	Quetta, Balochistan, Pakistan	PK	PK02	23627	30.199	67.0097	-2772048	20251013181500	https://www.india.com/news/world/pakistan-and-taliban-once-close-friends-are-now-at-war-due-to-afghanistan-khyber-pakhtunkhwa-tehreek-e-taliban-pakistan-ttp-balochistan-bla-kabul-durand-line-isis-8130563/
1268380262	20251013	202510	2025	2025.7753	PAK	PAKISTANI	PAK																		1	060	060	06	2	6.0	1	1	1	-6.22605363984674	4	Quetta, Balochistan, Pakistan	PK	PK02	23627	30.199	67.0097	-2772048	0								4	Kabul, Kabol, Afghanistan	AF	AF13	3580	34.5167	69.1833	-3378435	20251013181500	https://www.india.com/news/world/pakistan-and-taliban-once-close-friends-are-now-at-war-due-to-afghanistan-khyber-pakhtunkhwa-tehreek-e-taliban-pakistan-ttp-balochistan-bla-kabul-durand-line-isis-8130563/
1268380263	20251013	202510	2025	2025.7753	PAK	PAKISTANI	PAK																		1	060	060	06	2	6.0	1	1	1	-6.22605363984674	4	Kabul, Kabol, Afghanistan	AF	AF13	3580	34.5167	69.1833	-3378435	0								4	Quetta, Balochistan, Pakistan	PK	PK02	23627	30.199	67.0097	-2772048	20251013181500	https://www.india.com/news/world/pakistan-and-taliban-once-close-friends-are-now-at-war-due-to-afghanistan-khyber-pakhtunkhwa-tehreek-e-taliban-pakistan-ttp-balochistan-bla-kabul-durand-line-isis-8130563/
1268380264	20251013	202510	2025	2025.7753	PAK	PAKISTAN	PAK																		0	110	110	11	3	-2.0	1	1	1	1.57068062827225	4	Anadolu, Turkey (general), Turkey	TU	TU00	28356	39	35	-735281	0								4	Islamabad, Islamabad, Pakistan	PK	PK08	23674	33.7	73.1667	-2762812	20251013181500	https://www.aa.com.tr/en/asia-pacific/our-greatest-wish-is-an-end-to-bloodshed-in-gaza-says-turkish-parliament-speaker/3716260
1268380265	20251013	202510	2025	2025.7753	PAK	PAKISTAN	PAK								AFGINSTAL	TALIBAN	AFG	TAL				INS			0	112	112	11	3	-2.0	8	1	8	-6.22605363984674	4	Quetta, Balochistan, Pakistan	PK	PK02	23627	30.199	67.0097	-2772048	4	Quetta, Balochistan, Pakistan	PK	PK02	23627	30.199	67.0097	-2772048	4	Quetta, Balochistan, Pakistan	PK	PK02	23627	30.199	67.0097	-2772048	20251013181500	https://www.india.com/news/world/pakistan-and-taliban-once-close-friends-are-now-at-war-due-to-afghanistan-khyber-pakhtunkhwa-tehreek-e-taliban-pakistan-ttp-balochistan-bla-kabul-durand-line-isis-8130563/
1268380266	20251013	202510	2025	2025.7753	PAK	PAKISTAN	PAK								AFGINSTAL	TALIBAN	AFG	TAL				INS			0	112	112	11	3	-2.0	2	1	2	-6.22605363984674	4	Kabul, Kabol, Afghanistan	AF	AF13	3580	34.5167	69.1833	-3378435	4	Kabul, Kabol, Afghanistan	AF	AF13	3580	34.5167	69.1833	-3378435	4	Kabul, Kabol, Afghanistan	AF	AF13	3580	34.5167	69.1833	-3378435	20251013181500	https://www.india.com/news/world/pakistan-and-taliban-once-close-friends-are-now-at-war-due-to-afghanistan-khyber-pakhtunkhwa-tehreek-e-taliban-pakistan-ttp-balochistan-bla-kabul-durand-line-isis-8130563/
1268380267	20251013	202510	2025	2025.7753	PAK	PAKISTAN	PAK								AFGINSTAL	TALIBAN	AFG	TAL				INS			0	1124	112	11	3	-2.0	5	1	5	-9.3333333333333	4	Islamabad, Islamabad, Pakistan	PK	PK08	23674	33.7	73.1667	-2762812	4	Islamabad, Islamabad, Pakistan	PK	PK08	23674	33.7	73.1667	-2762812	4	Islamabad, Islamabad, Pakistan	PK	PK08	23674	33.7	73.1667	-2762812	20251013181500	https://english.mathrubhumi.com/news/world/pakistan-afghanistan-border-closed-second-day-after-deadly-clashes-d6atwe7l
1268380268	20251013	202510	2025	2025.7753	PAK	PAKISTAN	PAK								AFGINSTAL	TALIBAN	AFG	TAL				INS			0	1124	112	11	3	-2.0	2	1	2	-9.3333333333333	4	Kabul, Kabol, Afghanistan	AF	AF13	3580	34.5167	69.1833	-3378435	4	Kabul, Kabol, Afghanistan	AF	AF13	3580	34.5167	69.1833	-3378435	4	Kabul, Kabol, Afghanistan	AF	AF13	3580	34.5167	69.1833	-3378435	20251013181500	https://english.mathrubhumi.com/news/world/pakistan-afghanistan-border-closed-second-day-after-deadly-clashes-d6atwe7l
1268380269	20251013	202510	2025	2025.7753	PAK	PAKISTAN	PAK								AZE	AZERBAIJAN	AZE								0	051	051	05	1	3.4	2	1	2	1.57068062827225	4	Islamabad, Islamabad, Pakistan	PK	PK08	23674	33.7	73.1667	-2762812	1	Azerbaijan	AJ	AJ		40.5	47.5	AJ	4	Islamabad, Islamabad, Pakistan	PK	PK08	23674	33.7	73.1667	-2762812	20251013181500	https://www.aa.com.tr/en/asia-pacific/our-greatest-wish-is-an-end-to-bloodshed-in-gaza-says-turkish-parliament-speaker/3716260
1268380270	20251013	202510	2025	2025.7753	PAK	PAKISTAN	PAK								AZE	AZERBAIJAN	AZE								0	051	051	05	1	3.4	2	1	2	1.57068062827225	4	Anadolu, Turkey (general), Turkey	TU	TU00	28356	39	35	-735281	4	Anadolu, Turkey (general), Turkey	TU	TU00	28356	39	35	-735281	4	Anadolu, Turkey (general), Turkey	TU	TU00	28356	39	35	-735281	20251013181500	https://www.aa.com.tr/en/asia-pacific/our-greatest-wish-is-an-end-to-bloodshed-in-gaza-says-turkish-parliament-speaker/3716260
1268380271	20251013	202510	2025	2025.7753	PAK	PAKISTAN	PAK								TUR	TURKISH	TUR								0	051	051	05	1	3.4	2	1	2	1.57068062827225	4	Islamabad, Islamabad, Pakistan	PK	PK08	23674	33.7	73.1667	-2762812	4	Anadolu, Turkey (general), Turkey	TU	TU00	28356	39	35	-735281	4	Islamabad, Islamabad, Pakistan	PK	PK08	23674	33.7	73.1667	-2762812	20251013181500	https://www.aa.com.tr/en/asia-pacific/our-greatest-wish-is-an-end-to-bloodshed-in-gaza-says-turkish-parliament-speaker/3716260
1268380272	20251013	202510	2025	2025.7753	PAK	PAKISTAN	PAK								TUR	TURKISH	TUR								0	051	051	05	1	3.4	2	1	2	1.57068062827225	4	Islamabad, Islamabad, Pakistan	PK	PK08	23674	33.7	73.1667	-2762812	1	Azerbaijan	AJ	AJ		40.5	47.5	AJ	4	Islamabad, Islamabad, Pakistan	PK	PK08	23674	33.7	73.1667	-2762812	20251013181500	https://www.aa.com.tr/en/asia-pacific/our-greatest-wish-is-an-end-to-bloodshed-in-gaza-says-turkish-parliament-speaker/3716260
1268380273	20251013	202510	2025	2025.7753	PAN	PANAMA CITY	PAN								JUD	JUDGE						JUD			1	173	173	17	4	-5.0	10	1	10	-8.29694323144105	4	Panama City, PanamáM, Panama	PM	PM08	93693	8.96667	-79.5333	-168008	4	Panama City, PanamáM, Panama	PM	PM08	93693	8.96667	-79.5333	-168008	4	Panama City, PanamáM, Panama	PM	PM08	93693	8.96667	-79.5333	-168008	20251013181500	https://www.chattanoogan.com/2025/10/13/509835/Former-East-Ridge-Judge-Charged-With.aspx
1268380274	20251013	202510	2025	2025.7753	PER	PERU	PER																		1	042	042	04	1	1.9	10	1	10	4.62724935732648	4	Machu Picchu, Cusco, Peru	PE	PE08	24084	-13.1583	-72.5314	-353770	0								4	Machu Picchu, Cusco, Peru	PE	PE08	24084	-13.1583	-72.5314	-353770	20251013181500	https://www.billboard.com/music/latin/gloria-estefan-npr-tiny-desk-concert-1236087740/
1268380275	20251013	202510	2025	2025.7753	POLGOV	DONALD TUSK	POL					GOV			POL	WARSAW	POL								1	013	013	01	1	0.4	10	1	10	-3.80710659898477	1	Poland	PL	PL		52	20	PL	1	Poland	PL	PL		52	20	PL	1	Poland	PL	PL		52	20	PL	20251013181500	https://newrepublic.com/post/201698/trump-touts-peace-poland-war-ukraine-russia-gaza
1268380276	20251013	202510	2025	2025.7753	PSE	GAZA	PSE																		0	017	017	01	1	0.0	1	1	1	-3.93391030684501	4	Sharm El-Sheikh, Janub Sina', Egypt	EG	EG26	66041	27.8518	34.305	-302053	0								1	Germany	GM	GM		51.5	10.5	GM	20251013181500	https://www.cnn.com/2025/10/13/middleeast/released-israeli-hostages-peace-summit-intl
1268380277	20251013	202510	2025	2025.7753	PSE	GAZA	PSE																		0	017	017	01	1	0.0	1	1	1	-4.15973377703827	1	United Kingdom	UK	UK		54	-4	UK	0								1	France	FR	FR		46	2	FR	20251013181500	https://kvia.com/news/us-world/cnn-world/2025/10/13/key-moments-from-a-momentous-day-for-israelis-and-palestinians/
1268380278	20251013	202510	2025	2025.7753	PSE	GAZA	PSE																		0	0233	023	02	1	3.4	8	1	8	-5.28691166989039	4	Jerusalem, Israel (general), Israel	IS	IS00	18315	31.7667	35.2333	-797092	0								4	Jerusalem, Israel (general), Israel	IS	IS00	18315	31.7667	35.2333	-797092	20251013181500	https://www.pressdemocrat.com/2025/10/13/israeli-hostages-released-hamas-ceasefire/
1268380279	20251013	202510	2025	2025.7753	PSE	GAZA	PSE																		1	080	080	08	2	5.0	2	1	2	-4.93273542600897	4	Tehran, Tehran, Iran	IR	IR26	41130	35.75	51.5148	10074674	0								4	Tehran, Tehran, Iran	IR	IR26	41130	35.75	51.5148	10074674	20251013181500	https://www.mirror.co.uk/news/world-news/hostages-release-huge-step-still-36062237
1268380280	20251013	202510	2025	2025.7753	PSE	GAZA	PSE																		1	181	181	18	4	-9.0	4	2	4	-4.04682204194164	1	Turkey	TU	TU		39.059012	34.911546	TU	0								1	Turkey	TU	TU		39.059012	34.911546	TU	20251013181500	https://www.cnn.com/2025/10/13/middleeast/released-israeli-hostages-peace-summit-intl
1268380281	20251013	202510	2025	2025.7753	PSE	GAZA	PSE								CAN	CANADA	CAN								0	0871	087	08	2	9.0	2	1	2	-1.46036161335188	4	Gaza, Israel (general), Israel	IS	IS00	18315	31.4167	34.3333	-797156	4	Gaza, Israel (general), Israel	IS	IS00	18315	31.4167	34.3333	-797156	4	Gaza, Israel (general), Israel	IS	IS00	18315	31.4167	34.3333	-797156	20251013181500	https://www.cbc.ca/news/world/livestory/trump-mediators-sign-gaza-peace-deal-as-world-leaders-including-carney-attend-egypt-summit-9.6936751
1268380282	20251013	202510	2025	2025.7753	PSE	GAZA	PSE								CAN	CANADA	CAN								0	0871	087	08	2	9.0	2	1	2	-1.46036161335188	1	Canada	CA	CA		60	-96	CA	1	Canada	CA	CA		60	-96	CA	1	Canada	CA	CA		60	-96	CA	20251013181500	https://www.cbc.ca/news/world/livestory/trump-mediators-sign-gaza-peace-deal-as-world-leaders-including-carney-attend-egypt-summit-9.6936751
1268380283	20251013	202510	2025	2025.7753	PSE	GAZA	PSE								EGY	EGYPTIAN	EGY								0	042	042	04	1	1.9	1	1	1	0.60790273556231	4	Sharm El-Sheikh, Janub Sina', Egypt	EG	EG26	66041	27.8518	34.305	-302053	4	Tehran, Tehran, Iran	IR	IR26	41130	35.75	51.5148	10074674	4	Sharm El-Sheikh, Janub Sina', Egypt	EG	EG26	66041	27.8518	34.305	-302053	20251013181500	https://www.islamicinvitationturkey.com/iran-declines-participation-in-sharm-el-sheikh-summit/
1268380284	20251013	202510	2025	2025.7753	PSE	GAZA	PSE								EGY	EGYPT	EGY								0	042	042	04	1	1.9	4	2	4	-4.04682204194164	1	Qatar	QA	QA		25.5	51.25	QA	4	Sharm El-Sheikh, Janub Sina', Egypt	EG	EG26	66041	27.8518	34.305	-302053	4	Sharm El-Sheikh, Janub Sina', Egypt	EG	EG26	66041	27.8518	34.305	-302053	20251013181500	https://www.cnn.com/2025/10/13/middleeast/released-israeli-hostages-peace-summit-intl
1268380285	20251013	202510	2025	2025.7753	PSE	PALESTINIAN	PSE								EGY	EGYPT	EGY								0	063	063	06	2	7.4	2	2	2	-4.04682204194164	4	Ramallah, West Bank (general), West Bank	WE	WE00	68767	31.9026	35.1955	-795956	4	Gaza, Israel (general), Israel	IS	IS00	18315	31.4167	34.3333	-797156	4	Gaza, Israel (general), Israel	IS	IS00	18315	31.4167	34.3333	-797156	20251013181500	https://www.cnn.com/2025/10/13/middleeast/released-israeli-hostages-peace-summit-intl
1268380286	20251013	202510	2025	2025.7753	PSE	PALESTINIAN	PSE								EGY	EGYPT	EGY								0	063	063	06	2	7.4	2	2	2	-4.04682204194164	4	Gaza, Israel (general), Israel	IS	IS00	18315	31.4167	34.3333	-797156	4	Sharm El-Sheikh, Janub Sina', Egypt	EG	EG26	66041	27.8518	34.305	-302053	4	Sharm El-Sheikh, Janub Sina', Egypt	EG	EG26	66041	27.8518	34.305	-302053	20251013181500	https://www.cnn.com/2025/10/13/middleeast/released-israeli-hostages-peace-summit-intl
1268380287	20251013	202510	2025	2025.7753	PSE	GAZA	PSE								GOV	PRESIDENT						GOV			1	057	057	05	1	8.0	6	1	6	9.75609756097561	4	Gaza, Israel (general), Israel	IS	IS00	18315	31.4167	34.3333	-797156	1	Egypt	EG	EG		27	30	EG	1	Egypt	EG	EG		27	30	EG	20251013181500	https://www.israelnationalnews.com/flashes/668396
1268380288	20251013	202510	2025	2025.7753	PSE	GAZA	PSE								ISR	ISRAEL	ISR								0	017	017	01	1	0.0	1	1	1	-3.93391030684501	4	Sharm El-Sheikh, Janub Sina', Egypt	EG	EG26	66041	27.8518	34.305	-302053	4	Sharm El-Sheikh, Janub Sina', Egypt	EG	EG26	66041	27.8518	34.305	-302053	1	Germany	GM	GM		51.5	10.5	GM	20251013181500	https://www.cnn.com/2025/10/13/middleeast/released-israeli-hostages-peace-summit-intl
1268380289	20251013	202510	2025	2025.7753	PSE	GAZA	PSE								ISR	ISRAEL	ISR								0	017	017	01	1	0.0	1	1	1	-4.15973377703827	1	United Kingdom	UK	UK		54	-4	UK	4	Sharm El-Sheikh, Janub Sina', Egypt	EG	EG26	66041	27.8518	34.305	-302053	1	France	FR	FR		46	2	FR	20251013181500	https://kvia.com/news/us-world/cnn-world/2025/10/13/key-moments-from-a-momentous-day-for-israelis-and-palestinians/
1268380290	20251013	202510	2025	2025.7753	PSE	GAZA	PSE								ISR	ISRAEL	ISR								0	030	030	03	1	4.0	1	1	1	0.60790273556231	4	Sharm El-Sheikh, Janub Sina', Egypt	EG	EG26	66041	27.8518	34.305	-302053	4	Sharm El-Sheikh, Janub Sina', Egypt	EG	EG26	66041	27.8518	34.305	-302053	4	Gaza, Israel (general), Israel	IS	IS00	18315	31.4167	34.3333	-797156	20251013181500	https://www.islamicinvitationturkey.com/iran-declines-participation-in-sharm-el-sheikh-summit/
1268380291	20251013	202510	2025	2025.7753	PSE	GAZA	PSE								ISR	ISRAEL	ISR								1	042	042	04	1	1.9	4	1	4	-11.3149847094802	4	Puebla, Puebla, Mexico	MX	MX21	20772	19.05	-98.2	-1690063	4	Puebla, Puebla, Mexico	MX	MX21	20772	19.05	-98.2	-1690063	4	Puebla, Puebla, Mexico	MX	MX21	20772	19.05	-98.2	-1690063	20251013181500	https://www.albawaba.com/news/devastating-floods-mexico-leave-64-dead-1614409
1268380292	20251013	202510	2025	2025.7753	PSE	GAZA	PSE								ISR	ISRAEL	ISR								1	051	051	05	1	3.4	6	3	6	0.99337748344371	4	Gaza, Israel (general), Israel	IS	IS00	18315	31.4167	34.3333	-797156	1	Pakistan	PK	PK		30	70	PK	4	Gaza, Israel (general), Israel	IS	IS00	18315	31.4167	34.3333	-797156	20251013181500	https://www.ktvh.com/politics/the-president/the-war-in-gaza-is-over-trump-hails-deal-to-end-israel-hamas-conflict
1268380293	20251013	202510	2025	2025.7753	PSE	GAZA	PSE								ISR	ISRAEL	ISR								1	051	051	05	1	3.4	3	3	3	0.99337748344371	1	Pakistan	PK	PK		30	70	PK	1	Pakistan	PK	PK		30	70	PK	1	Pakistan	PK	PK		30	70	PK	20251013181500	https://www.ktvh.com/politics/the-president/the-war-in-gaza-is-over-trump-hails-deal-to-end-israel-hamas-conflict
1268380294	20251013	202510	2025	2025.7753	PSE	GAZA	PSE								ISR	ISRAEL	ISR								1	080	080	08	2	5.0	4	1	4	-4.93273542600897	4	Tehran, Tehran, Iran	IR	IR26	41130	35.75	51.5148	10074674	4	Tehran, Tehran, Iran	IR	IR26	41130	35.75	51.5148	10074674	4	Tehran, Tehran, Iran	IR	IR26	41130	35.75	51.5148	10074674	20251013181500	https://www.mirror.co.uk/news/world-news/hostages-release-huge-step-still-36062237
1268380295	20251013	202510	2025	2025.7753	PSE	PALESTINIAN	PSE								ISR	ISRAEL	ISR								0	1822	182	18	4	-9.0	2	1	2	-4.46601941747573	4	Gaza, Israel (general), Israel	IS	IS00	18315	31.4167	34.3333	-797156	4	Gaza, Israel (general), Israel	IS	IS00	18315	31.4167	34.3333	-797156	4	Gaza, Israel (general), Israel	IS	IS00	18315	31.4167	34.3333	-797156	20251013181500	https://www.islamicinvitationturkey.com/mass-celebration-as-2000-palestinian-detainees-released-amidst-defiance-of-occupation/
1268380296	20251013	202510	2025	2025.7753	PSE	GAZA	PSE								ISRCOP	ISRAELI	ISR					COP			1	046	046	04	1	7.0	1	1	1	-10.0864553314121	4	Gaza, Israel (general), Israel	IS	IS00	18315	31.4167	34.3333	-797156	4	Gaza, Israel (general), Israel	IS	IS00	18315	31.4167	34.3333	-797156	4	Gaza, Israel (general), Israel	IS	IS00	18315	31.4167	34.3333	-797156	20251013181500	https://www.livemint.com/news/world/israel-releases-1-968-prisoners-under-gaza-ceasefire-deal-prison-service-confirms-11760372034868.html
1268380297	20251013	202510	2025	2025.7753	PSE	GAZA	PSE								ISRMED	ISRAEL	ISR					MED			0	190	190	19	4	-10.0	2	1	2	2.96411856474259	4	Hiroshima, Hiroshima, Japan	JA	JA11	34163	34.4	132.45	-229436	4	Hiroshima, Hiroshima, Japan	JA	JA11	34163	34.4	132.45	-229436	4	Hiroshima, Hiroshima, Japan	JA	JA11	34163	34.4	132.45	-229436	20251013181500	https://www.wilsontimes.com/columns/who-won-the-nobel-peace-prize-and-who-didnt-83c4e394
1268380298	20251013	202510	2025	2025.7753	PSE	GAZA	PSE								PSEREB	HAMAS	PSE					REB			0	100	100	10	3	-5.0	3	1	3	-5.55555555555556	4	Gaza, Israel (general), Israel	IS	IS00	18315	31.4167	34.3333	-797156	4	Gaza, Israel (general), Israel	IS	IS00	18315	31.4167	34.3333	-797156	4	Gaza, Israel (general), Israel	IS	IS00	18315	31.4167	34.3333	-797156	20251013181500	https://www.islamicinvitationturkey.com/over-320-bodies-discovered-in-gaza-rubble-following-ceasefire/
1268380299	20251013	202510	2025	2025.7753	PSE	PALESTINIAN	PSE								SWE	MALMO	SWE								0	141	141	14	3	-6.5	1	1	1	-3.33333333333334	4	Gaza, Israel (general), Israel	IS	IS00	18315	31.4167	34.3333	-797156	4	Gaza, Israel (general), Israel	IS	IS00	18315	31.4167	34.3333	-797156	4	Gaza, Israel (general), Israel	IS	IS00	18315	31.4167	34.3333	-797156	20251013181500	https://www.yahoo.com/news/articles/eurovision-organisers-push-back-israel-171201088.html
1268380300	20251013	202510	2025	2025.7753	PSE	PALESTINIAN	PSE								SWE	MALMO	SWE								0	141	141	14	3	-6.5	1	1	1	-3.33333333333334	4	Gaza, Israel (general), Israel	IS	IS00	18315	31.4167	34.3333	-797156	1	Sweden	SW	SW		62	15	SW	4	Gaza, Israel (general), Israel	IS	IS00	18315	31.4167	34.3333	-797156	20251013181500	https://www.yahoo.com/news/articles/eurovision-organisers-push-back-israel-171201088.html
1268380301	20251013	202510	2025	2025.7753	PSE	GAZA	PSE								USA	THE US	USA								0	042	042	04	1	1.9	4	2	4	-4.04682204194164	4	Gaza, Israel (general), Israel	IS	IS00	18315	31.4167	34.3333	-797156	4	Sharm El-Sheikh, Janub Sina', Egypt	EG	EG26	66041	27.8518	34.305	-302053	4	Sharm El-Sheikh, Janub Sina', Egypt	EG	EG26	66041	27.8518	34.305	-302053	20251013181500	https://www.cnn.com/2025/10/13/middleeast/released-israeli-hostages-peace-summit-intl
1268380302	20251013	202510	2025	2025.7753	PSEHLH	GAZA	PSE					HLH			OPP	PRISONER						OPP			0	043	043	04	1	2.8	2	1	2	-5.28691166989039	4	Beitunia, West Bank (general), West Bank	WE	WE00	68767	31.8966	35.1705	-793875	4	Beitunia, West Bank (general), West Bank	WE	WE00	68767	31.8966	35.1705	-793875	4	Beitunia, West Bank (general), West Bank	WE	WE00	68767	31.8966	35.1705	-793875	20251013181500	https://www.pressdemocrat.com/2025/10/13/israeli-hostages-released-hamas-ceasefire/
1268380303	20251013	202510	2025	2025.7753	PSEOPP	PALESTINIAN	PSE					OPP			COP	PRISON						COP			0	0353	035	03	1	7.0	1	1	1	-5.55555555555556	4	Gaza, Israel (general), Israel	IS	IS00	18315	31.4167	34.3333	-797156	4	Gaza, Israel (general), Israel	IS	IS00	18315	31.4167	34.3333	-797156	4	Gaza, Israel (general), Israel	IS	IS00	18315	31.4167	34.3333	-797156	20251013181500	https://www.islamicinvitationturkey.com/over-320-bodies-discovered-in-gaza-rubble-following-ceasefire/
1268380304	20251013	202510	2025	2025.7753	PSEOPP	PALESTINIAN	PSE					OPP			EGY	EGYPT	EGY								0	063	063	06	2	7.4	2	2	2	-4.04682204194164	4	Gaza, Israel (general), Israel	IS	IS00	18315	31.4167	34.3333	-797156	4	Sharm El-Sheikh, Janub Sina', Egypt	EG	EG26	66041	27.8518	34.305	-302053	4	Sharm El-Sheikh, Janub Sina', Egypt	EG	EG26	66041	27.8518	34.305	-302053	20251013181500	https://www.cnn.com/2025/10/13/middleeast/released-israeli-hostages-peace-summit-intl
1268380305	20251013	202510	2025	2025.7753	PSEOPP	PALESTINIAN	PSE					OPP			ISROPP	ISRAELI	ISR					OPP			0	1822	182	18	4	-9.0	2	1	2	-4.46601941747573	4	Gaza, Israel (general), Israel	IS	IS00	18315	31.4167	34.3333	-797156	4	Gaza, Israel (general), Israel	IS	IS00	18315	31.4167	34.3333	-797156	4	Gaza, Israel (general), Israel	IS	IS00	18315	31.4167	34.3333	-797156	20251013181500	https://www.islamicinvitationturkey.com/mass-celebration-as-2000-palestinian-detainees-released-amidst-defiance-of-occupation/
1268380306	20251013	202510	2025	2025.7753	PSEOPP	PALESTINIAN	PSE					OPP			PSE	PALESTINIAN	PSE								0	012	012	01	1	-0.4	2	1	2	-8.71794871794872	4	Gaza, Israel (general), Israel	IS	IS00	18315	31.4167	34.3333	-797156	4	Gaza, Israel (general), Israel	IS	IS00	18315	31.4167	34.3333	-797156	4	Gaza, Israel (general), Israel	IS	IS00	18315	31.4167	34.3333	-797156	20251013181500	https://www.islamicinvitationturkey.com/zionist-regime-exiles-154-palestinian-prisoners-following-gaza-ceasefire-agreement/
1268380307	20251013	202510	2025	2025.7753	PSEOPP	PALESTINIAN	PSE					OPP			PSE	GAZA	PSE								0	192	192	19	4	-9.5	2	1	2	-1.83574879227053	4	Gaza, Israel (general), Israel	IS	IS00	18315	31.4167	34.3333	-797156	4	Gaza, Israel (general), Israel	IS	IS00	18315	31.4167	34.3333	-797156	4	Gaza, Israel (general), Israel	IS	IS00	18315	31.4167	34.3333	-797156	20251013181500	https://www.globaltimes.cn/page/202510/1345529.shtml
1268380308	20251013	202510	2025	2025.7753	PSEOPP	PALESTINIAN	PSE					OPP			SWE	MALMO	SWE								0	141	141	14	3	-6.5	2	1	2	-3.33333333333334	4	Gaza, Israel (general), Israel	IS	IS00	18315	31.4167	34.3333	-797156	1	Sweden	SW	SW		62	15	SW	4	Gaza, Israel (general), Israel	IS	IS00	18315	31.4167	34.3333	-797156	20251013181500	https://www.yahoo.com/news/articles/eurovision-organisers-push-back-israel-171201088.html
1268380309	20251013	202510	2025	2025.7753	PSEREB	HAMAS	PSE					REB													0	020	020	02	1	3.0	2	1	2	-0.29585798816568	1	Egypt	EG	EG		27	30	EG	0								4	Gaza, Israel (general), Israel	IS	IS00	18315	31.4167	34.3333	-797156	20251013181500	https://www.islamicinvitationturkey.com/trump-us-supplied-israel-with-a-lot-of-weapons-faces-heckling-during-knesset-address/
1268380310	20251013	202510	2025	2025.7753	PSEREB	HAMAS	PSE					REB			GOV	PRESIDENT						GOV			1	042	042	04	1	1.9	30	3	30	0.99337748344371	4	Gaza, Israel (general), Israel	IS	IS00	18315	31.4167	34.3333	-797156	1	Egypt	EG	EG		27	30	EG	4	Gaza, Israel (general), Israel	IS	IS00	18315	31.4167	34.3333	-797156	20251013181500	https://www.ktvh.com/politics/the-president/the-war-in-gaza-is-over-trump-hails-deal-to-end-israel-hamas-conflict
1268380311	20251013	202510	2025	2025.7753	PSEREB	HAMAS	PSE					REB			GOV	PRESIDENT						GOV			1	057	057	05	1	8.0	16	1	16	3.87096774193549	4	Tel Aviv, Tel Aviv, Israel	IS	IS05	18316	32.0667	34.7667	-781545	4	Tel Aviv, Tel Aviv, Israel	IS	IS05	18316	32.0667	34.7667	-781545	4	Tel Aviv, Tel Aviv, Israel	IS	IS05	18316	32.0667	34.7667	-781545	20251013181500	https://twincitiesnewstalk.iheart.com/content/2025-10-13-president-trump-speaks-in-egypt-after-signing-israel-hamas-ceasefire-deal/
1268380312	20251013	202510	2025	2025.7753	PSEREB	HAMAS	PSE					REB			ISR	ISRAEL	ISR								0	020	020	02	1	3.0	1	1	1	-0.29585798816568	1	Egypt	EG	EG		27	30	EG	4	Gaza, Israel (general), Israel	IS	IS00	18315	31.4167	34.3333	-797156	4	Gaza, Israel (general), Israel	IS	IS00	18315	31.4167	34.3333	-797156	20251013181500	https://www.islamicinvitationturkey.com/trump-us-supplied-israel-with-a-lot-of-weapons-faces-heckling-during-knesset-address/
1268380313	20251013	202510	2025	2025.7753	PSEREB	HAMAS	PSE					REB			ISR	ISRAEL	ISR								0	020	020	02	1	3.0	1	1	1	-0.29585798816568	1	Egypt	EG	EG		27	30	EG	4	Gaza, Israel (general), Israel	IS	IS00	18315	31.4167	34.3333	-797156	1	Egypt	EG	EG		27	30	EG	20251013181500	https://www.islamicinvitationturkey.com/trump-us-supplied-israel-with-a-lot-of-weapons-faces-heckling-during-knesset-address/
1268380314	20251013	202510	2025	2025.7753	PSEREB	HAMAS	PSE					REB			ISR	ISRAELI	ISR								0	0353	035	03	1	7.0	4	1	4	-6.38297872340422	4	Tehran, Tehran, Iran	IR	IR26	41130	35.75	51.5148	10074674	4	Tel Aviv, Tel Aviv, Israel	IS	IS05	18316	32.0667	34.7667	-781545	4	Tehran, Tehran, Iran	IR	IR26	41130	35.75	51.5148	10074674	20251013181500	https://www.islamicinvitationturkey.com/iran-applauds-pause-to-gaza-conflict-cautions-against-israels-ceasefire-track-record/
1268380315	20251013	202510	2025	2025.7753	PSEREB	HAMAS	PSE					REB			ISR	ISRAELI	ISR								0	0353	035	03	1	7.0	1	1	1	-6.38297872340422	4	Tehran, Tehran, Iran	IR	IR26	41130	35.75	51.5148	10074674	4	Tehran, Tehran, Iran	IR	IR26	41130	35.75	51.5148	10074674	4	Tehran, Tehran, Iran	IR	IR26	41130	35.75	51.5148	10074674	20251013181500	https://www.islamicinvitationturkey.com/iran-applauds-pause-to-gaza-conflict-cautions-against-israels-ceasefire-track-record/
1268380316	20251013	202510	2025	2025.7753	PSEREB	HAMAS	PSE					REB			ISR	ISRAEL	ISR								1	0841	084	08	2	7.0	1	1	1	-0.79681274900399	1	Canada	CA	CA		60	-96	CA	1	Canada	CA	CA		60	-96	CA	1	Canada	CA	CA		60	-96	CA	20251013181500	https://www.newstatesman.com/international-politics/2025/10/trumps-hostage-deal-was-the-easy-part
1268380317	20251013	202510	2025	2025.7753	PSEREB	HAMAS	PSE					REB			ISR	ISRAELI	ISR								1	190	190	19	4	-10.0	1	1	1	-1.37236962488564	4	Gaza, Israel (general), Israel	IS	IS00	18315	31.4167	34.3333	-797156	3	Washington, District of Columbia, United States	US	USDC	DC001	38.8951	-77.0364	531871	4	Gaza, Israel (general), Israel	IS	IS00	18315	31.4167	34.3333	-797156	20251013181500	https://newrepublic.com/article/201680/hostages-returned-israel-palestine-process
1268380318	20251013	202510	2025	2025.7753	PSEREB	HAMAS	PSE					REB			ISRGOV	ISRAEL	ISR					GOV			1	042	042	04	1	1.9	2	1	2	-1.26050420168067	2	Georgia, United States	US	USGA		32.9866	-83.6487	GA	4	Gaza, Israel (general), Israel	IS	IS00	18315	31.4167	34.3333	-797156	2	Georgia, United States	US	USGA		32.9866	-83.6487	GA	20251013181500	https://georgiatoday.ge/georgian-embassy-in-israel-shares-in-joy-over-hostages-release/
1268380319	20251013	202510	2025	2025.7753	PSEREB	HAMAS	PSE					REB			ISRGOV	ISRAEL	ISR					GOV			1	057	057	05	1	8.0	4	1	4	3.87096774193549	4	Tel Aviv, Tel Aviv, Israel	IS	IS05	18316	32.0667	34.7667	-781545	4	Tel Aviv, Tel Aviv, Israel	IS	IS05	18316	32.0667	34.7667	-781545	4	Tel Aviv, Tel Aviv, Israel	IS	IS05	18316	32.0667	34.7667	-781545	20251013181500	https://twincitiesnewstalk.iheart.com/content/2025-10-13-president-trump-speaks-in-egypt-after-signing-israel-hamas-ceasefire-deal/
1268380320	20251013	202510	2025	2025.7753	PSEREB	HAMAS	PSE					REB			ISRGOV	ISRAEL	ISR					GOV			1	181	181	18	4	-9.0	10	1	10	-1.26050420168067	2	Georgia, United States	US	USGA		32.9866	-83.6487	GA	4	Gaza, Israel (general), Israel	IS	IS00	18315	31.4167	34.3333	-797156	2	Georgia, United States	US	USGA		32.9866	-83.6487	GA	20251013181500	https://georgiatoday.ge/georgian-embassy-in-israel-shares-in-joy-over-hostages-release/
1268380321	20251013	202510	2025	2025.7753	PSEREB	PALESTINIAN	PSE					REB			ISRMIL	ISRAELI	ISR					MIL			1	0356	035	03	1	7.0	1	1	1	-4.62962962962963	4	Gaza, Israel (general), Israel	IS	IS00	18315	31.4167	34.3333	-797156	4	Gaza, Israel (general), Israel	IS	IS00	18315	31.4167	34.3333	-797156	4	Gaza, Israel (general), Israel	IS	IS00	18315	31.4167	34.3333	-797156	20251013181500	https://www.islamicinvitationturkey.com/strategic-timing-behind-sudden-gaza-accord-raises-questions/
1268380322	20251013	202510	2025	2025.7753	PSEREB	HAMAS	PSE					REB			ISRMIL	ISRAEL	ISR					MIL			1	042	042	04	1	1.9	1	1	1	-1.46036161335188	4	Gaza, Israel (general), Israel	IS	IS00	18315	31.4167	34.3333	-797156	1	Canada	CA	CA		60	-96	CA	4	Gaza, Israel (general), Israel	IS	IS00	18315	31.4167	34.3333	-797156	20251013181500	https://www.cbc.ca/news/world/livestory/trump-mediators-sign-gaza-peace-deal-as-world-leaders-including-carney-attend-egypt-summit-9.6936751
1268380323	20251013	202510	2025	2025.7753	PSEREB	HAMAS	PSE					REB			ISRMIL	ISRAELI	ISR					MIL			1	190	190	19	4	-10.0	6	1	6	-1.37236962488564	4	Gaza, Israel (general), Israel	IS	IS00	18315	31.4167	34.3333	-797156	3	Washington, District of Columbia, United States	US	USDC	DC001	38.8951	-77.0364	531871	4	Gaza, Israel (general), Israel	IS	IS00	18315	31.4167	34.3333	-797156	20251013181500	https://newrepublic.com/article/201680/hostages-returned-israel-palestine-process
1268380324	20251013	202510	2025	2025.7753	PSEREB	HAMAS	PSE					REB			USAGOV	UNITED STATES	USA					GOV			1	042	042	04	1	1.9	8	1	8	-1.26050420168067	2	Georgia, United States	US	USGA		32.9866	-83.6487	GA	2	Georgia, United States	US	USGA		32.9866	-83.6487	GA	2	Georgia, United States	US	USGA		32.9866	-83.6487	GA	20251013181500	https://georgiatoday.ge/georgian-embassy-in-israel-shares-in-joy-over-hostages-release/
1268380325	20251013	202510	2025	2025.7753	PSEREB	HAMAS	PSE					REB			USAGOV	UNITED STATES	USA					GOV			1	057	057	05	1	8.0	2	1	2	12.8205128205128	4	Gaza, Israel (general), Israel	IS	IS00	18315	31.4167	34.3333	-797156	4	Gaza, Israel (general), Israel	IS	IS00	18315	31.4167	34.3333	-797156	1	United States	US	US		39.828175	-98.5795	US	20251013181500	https://biztoc.com/x/ae1a274ef50819c8
1268380326	20251013	202510	2025	2025.7753	PSEREB	HAMAS	PSE					REB			USAGOV	UNITED STATES	USA					GOV			1	057	057	05	1	8.0	3	1	3	12.8205128205128	4	Gaza, Israel (general), Israel	IS	IS00	18315	31.4167	34.3333	-797156	1	United States	US	US		39.828175	-98.5795	US	1	United States	US	US		39.828175	-98.5795	US	20251013181500	https://biztoc.com/x/ae1a274ef50819c8
1268380327	20251013	202510	2025	2025.7753	PSEREB	HAMAS	PSE					REB			USAMED	REUTERS	USA					MED			1	043	043	04	1	2.8	3	1	3	-0.79681274900399	4	Gaza, Israel (general), Israel	IS	IS00	18315	31.4167	34.3333	-797156	4	Gaza, Israel (general), Israel	IS	IS00	18315	31.4167	34.3333	-797156	4	Gaza, Israel (general), Israel	IS	IS00	18315	31.4167	34.3333	-797156	20251013181500	https://www.newstatesman.com/international-politics/2025/10/trumps-hostage-deal-was-the-easy-part
1268380328	20251013	202510	2025	2025.7753	PSEREB	HAMAS	PSE					REB			USAMED	REUTERS	USA					MED			1	0841	084	08	2	7.0	3	1	3	-0.79681274900399	1	Canada	CA	CA		60	-96	CA	1	Canada	CA	CA		60	-96	CA	1	Canada	CA	CA		60	-96	CA	20251013181500	https://www.newstatesman.com/international-politics/2025/10/trumps-hostage-deal-was-the-easy-part
1268380329	20251013	202510	2025	2025.7753	PSEREBUAF	HAMAS	PSE					REB	UAF												0	171	171	17	4	-9.2	4	2	4	-4.04682204194164	4	Nahal Oz, HaDarom, Israel	IS	IS01	18315	31.4732	34.4978	-780808	0								4	Nahal Oz, HaDarom, Israel	IS	IS01	18315	31.4732	34.4978	-780808	20251013181500	https://www.cnn.com/2025/10/13/middleeast/released-israeli-hostages-peace-summit-intl
1268380330	20251013	202510	2025	2025.7753	PSEREBUAF	HAMAS	PSE					REB	UAF		ISR	ISRAEL	ISR								0	171	171	17	4	-9.2	8	2	8	-4.04682204194164	4	Nahal Oz, HaDarom, Israel	IS	IS01	18315	31.4732	34.4978	-780808	4	Nahal Oz, HaDarom, Israel	IS	IS01	18315	31.4732	34.4978	-780808	4	Nahal Oz, HaDarom, Israel	IS	IS01	18315	31.4732	34.4978	-780808	20251013181500	https://www.cnn.com/2025/10/13/middleeast/released-israeli-hostages-peace-summit-intl
1268380331	20251013	202510	2025	2025.7753	PTY	POLITICIAN																			1	111	111	11	3	-2.0	5	1	5	0.29197080291971	4	Hualien, Hualian Xian, Taiwan	TW	TW10	13277	23.9769	121.604	-2631690	0								4	Hualien, Hualian Xian, Taiwan	TW	TW10	13277	23.9769	121.604	-2631690	20251013181500	https://www.globaltimes.cn/page/202510/1345505.shtml
1268380332	20251013	202510	2025	2025.7753	QAT	QATAR	QAT								EGY	EGYPT	EGY								1	057	057	05	1	8.0	4	2	4	-0.51040058689572	4	Sharm El Sheikh, Janub Sina', Egypt	EG	EG26	66041	27.8518	34.305	-302053	4	Sharm El Sheikh, Janub Sina', Egypt	EG	EG26	66041	27.8518	34.305	-302053	1	Turkey	TU	TU		39.059012	34.911546	TU	20251013181500	https://www.cbc.ca/news/world/livestory/trump-mediators-sign-gaza-peace-deal-as-world-leaders-including-carney-attend-egypt-summit-9.6936751
1268380333	20251013	202510	2025	2025.7753	QAT	QATAR	QAT								EGY	EGYPT	EGY								0	057	057	05	1	8.0	2	1	2	-1.46036161335188	4	Gaza, Israel (general), Israel	IS	IS00	18315	31.4167	34.3333	-797156	4	Gaza, Israel (general), Israel	IS	IS00	18315	31.4167	34.3333	-797156	4	Sharm El-Sheikh, Janub Sina', Egypt	EG	EG26	66041	27.8518	34.305	-302053	20251013181500	https://www.cbc.ca/news/world/livestory/trump-mediators-sign-gaza-peace-deal-as-world-leaders-including-carney-attend-egypt-summit-9.6936751
1268380334	20251013	202510	2025	2025.7753	QAT	QATAR	QAT								ISR	ISRAEL	ISR								0	040	040	04	1	1.0	2	2	2	-4.04682204194164	1	Qatar	QA	QA		25.5	51.25	QA	4	Gaza, Israel (general), Israel	IS	IS00	18315	31.4167	34.3333	-797156	4	Sharm El-Sheikh, Janub Sina', Egypt	EG	EG26	66041	27.8518	34.305	-302053	20251013181500	https://www.cnn.com/2025/10/13/middleeast/released-israeli-hostages-peace-summit-intl
1268380335	20251013	202510	2025	2025.7753	QAT	QATAR	QAT								ISR	ISRAELI	ISR								0	050	050	05	1	3.5	1	1	1	-0.79681274900399	4	Doha, Ad Daw?ah, Qatar	QA	QA01	25307	25.2867	51.5333	-785169	4	Gaza, Israel (general), Israel	IS	IS00	18315	31.4167	34.3333	-797156	4	Gaza, Israel (general), Israel	IS	IS00	18315	31.4167	34.3333	-797156	20251013181500	https://www.newstatesman.com/international-politics/2025/10/trumps-hostage-deal-was-the-easy-part
1268380336	20251013	202510	2025	2025.7753	QAT	QATAR	QAT								ISR	ISRAELI	ISR								0	050	050	05	1	3.5	1	1	1	-0.79681274900399	4	Doha, Ad Daw?ah, Qatar	QA	QA01	25307	25.2867	51.5333	-785169	2	New York, United States	US	USNY		42.1497	-74.9384	NY	2	New York, United States	US	USNY		42.1497	-74.9384	NY	20251013181500	https://www.newstatesman.com/international-politics/2025/10/trumps-hostage-deal-was-the-easy-part
1268380337	20251013	202510	2025	2025.7753	QAT	QATAR	QAT								TUR	TURKEY	TUR								1	057	057	05	1	8.0	4	2	4	-0.51040058689572	4	Sharm El Sheikh, Janub Sina', Egypt	EG	EG26	66041	27.8518	34.305	-302053	1	Qatar	QA	QA		25.5	51.25	QA	1	Turkey	TU	TU		39.059012	34.911546	TU	20251013181500	https://www.cbc.ca/news/world/livestory/trump-mediators-sign-gaza-peace-deal-as-world-leaders-including-carney-attend-egypt-summit-9.6936751
1268380338	20251013	202510	2025	2025.7753	QAT	QATAR	QAT								TUR	TURKEY	TUR								0	057	057	05	1	8.0	2	1	2	-1.46036161335188	4	Gaza, Israel (general), Israel	IS	IS00	18315	31.4167	34.3333	-797156	4	Sharm El-Sheikh, Janub Sina', Egypt	EG	EG26	66041	27.8518	34.305	-302053	4	Sharm El-Sheikh, Janub Sina', Egypt	EG	EG26	66041	27.8518	34.305	-302053	20251013181500	https://www.cbc.ca/news/world/livestory/trump-mediators-sign-gaza-peace-deal-as-world-leaders-including-carney-attend-egypt-summit-9.6936751
1268380339	20251013	202510	2025	2025.7753	QAT	QATAR	QAT								TUR	TURKEY	TUR								1	057	057	05	1	8.0	1	1	1	0.43956043956044	4	Gaza, Israel (general), Israel	IS	IS00	18315	31.4167	34.3333	-797156	4	Gaza, Israel (general), Israel	IS	IS00	18315	31.4167	34.3333	-797156	4	Gaza, Israel (general), Israel	IS	IS00	18315	31.4167	34.3333	-797156	20251013181500	https://indianexpress.com/article/world/after-israel-hamas-prisoner-swap-world-leaders-sign-gaza-deal-10305171/
1268380340	20251013	202510	2025	2025.7753	REF	EXPATRIATE						REF			BUS	BUSINESS						BUS			1	051	051	05	1	3.4	1	1	1	2.65577119509704	4	Toronto, Ontario, Canada	CA	CA08	12686	43.6667	-79.4167	-574890	4	Toronto, Ontario, Canada	CA	CA08	12686	43.6667	-79.4167	-574890	4	Toronto, Ontario, Canada	CA	CA08	12686	43.6667	-79.4167	-574890	20251013181500	http://www.saltlakecitysun.com/news/278634561/chase-buchanan-forges-ahead-with-expansions-in-canada-france-and-portugal
1268380341	20251013	202510	2025	2025.7753	REF	EXPATRIATE						REF			BUS	BUSINESS						BUS			1	051	051	05	1	3.4	1	1	1	2.65577119509704	1	Belgium	BE	BE		50.833333	4	BE	4	Toronto, Ontario, Canada	CA	CA08	12686	43.6667	-79.4167	-574890	1	Cyprus	CY	CY		35	33	CY	20251013181500	http://www.saltlakecitysun.com/news/278634561/chase-buchanan-forges-ahead-with-expansions-in-canada-france-and-portugal
1268380342	20251013	202510	2025	2025.7753	REF	EXPATRIATE						REF			BUS	BUSINESS						BUS			1	051	051	05	1	3.4	3	1	3	2.65577119509704	1	Belgium	BE	BE		50.833333	4	BE	1	Belgium	BE	BE		50.833333	4	BE	1	Cyprus	CY	CY		35	33	CY	20251013181500	http://www.saltlakecitysun.com/news/278634561/chase-buchanan-forges-ahead-with-expansions-in-canada-france-and-portugal
1268380343	20251013	202510	2025	2025.7753	REL	BISHOP																			0	010	010	01	1	0.0	9	1	6	-3.24300310972901	3	Seattle, Washington, United States	US	USWA	WA033	47.6062	-122.332	1512650	0								3	Seattle, Washington, United States	US	USWA	WA033	47.6062	-122.332	1512650	20251013181500	http://www.chronline.com/stories/a-washington-catholic-priest-accused-of-sexual-misconduct-is-removed-and-reported-to-police,388998
1268380344	20251013	202510	2025	2025.7753	REL	PRIEST																			1	042	042	04	1	1.9	7	1	7	-3.24300310972901	3	South Hill, Washington, United States	US	USWA	WA053	47.1412	-122.27	1867636	0								3	South Hill, Washington, United States	US	USWA		47.1412	-122.27	1867636	20251013181500	http://www.chronline.com/stories/a-washington-catholic-priest-accused-of-sexual-misconduct-is-removed-and-reported-to-police,388998
1268380345	20251013	202510	2025	2025.7753	REL	PRIEST																			1	042	042	04	1	1.9	3	1	3	-3.24300310972901	3	Catholic University Of America, District of Columbia, United States	US	USDC	DC001	38.9329	-76.9978	531457	0								3	Catholic University Of America, District of Columbia, United States	US	USDC		38.9329	-76.9978	531457	20251013181500	http://www.chronline.com/stories/a-washington-catholic-priest-accused-of-sexual-misconduct-is-removed-and-reported-to-police,388998
1268380346	20251013	202510	2025	2025.7753	REL	BISHOP									CRM	CRIMINAL						CRM			0	040	040	04	1	1.0	4	1	4	-3.24300310972901	3	Catholic University Of America, District of Columbia, United States	US	USDC	DC001	38.9329	-76.9978	531457	3	South Hill, Washington, United States	US	USWA		47.1412	-122.27	1867636	3	South Hill, Washington, United States	US	USWA		47.1412	-122.27	1867636	20251013181500	http://www.chronline.com/stories/a-washington-catholic-priest-accused-of-sexual-misconduct-is-removed-and-reported-to-police,388998
1268380347	20251013	202510	2025	2025.7753	REL	BISHOP									CRM	CRIMINAL						CRM			0	040	040	04	1	1.0	6	1	6	-3.24300310972901	3	Catholic University Of America, District of Columbia, United States	US	USDC	DC001	38.9329	-76.9978	531457	3	Catholic University Of America, District of Columbia, United States	US	USDC		38.9329	-76.9978	531457	3	Catholic University Of America, District of Columbia, United States	US	USDC		38.9329	-76.9978	531457	20251013181500	http://www.chronline.com/stories/a-washington-catholic-priest-accused-of-sexual-misconduct-is-removed-and-reported-to-police,388998
1268380348	20251013	202510	2025	2025.7753	REL	ARCHBISHOP									GOV	GOVERNMENT						GOV			0	111	111	11	3	-2.0	2	1	2	-5.4367201426025	4	Shirak, Shirak, Armenia	AM	AM07	4921	40.8404	43.9158	-2325403	4	Shirak, Shirak, Armenia	AM	AM07	4921	40.8404	43.9158	-2325403	4	Shirak, Shirak, Armenia	AM	AM07	4921	40.8404	43.9158	-2325403	20251013181500	https://www.ncregister.com/news/armenia-at-a-crossroads
1268380349	20251013	202510	2025	2025.7753	REL	ARCHBISHOP									GOV	GOVERNMENT						GOV			0	111	111	11	3	-2.0	6	1	6	-5.4367201426025	4	Tavush, Azerbaijan (general), Azerbaijan	AJ	AJ00	554	41.0789	45.7681	-3017020	4	Shirak, Shirak, Armenia	AM	AM07	4921	40.8404	43.9158	-2325403	4	Shirak, Shirak, Armenia	AM	AM07	4921	40.8404	43.9158	-2325403	20251013181500	https://www.ncregister.com/news/armenia-at-a-crossroads
1268380350	20251013	202510	2025	2025.7753	REL	BISHOP									USA	SEATTLE	USA								0	010	010	01	1	0.0	3	1	3	-3.24300310972901	3	Seattle, Washington, United States	US	USWA	WA033	47.6062	-122.332	1512650	3	Seattle, Washington, United States	US	USWA	WA033	47.6062	-122.332	1512650	3	Seattle, Washington, United States	US	USWA	WA033	47.6062	-122.332	1512650	20251013181500	http://www.chronline.com/stories/a-washington-catholic-priest-accused-of-sexual-misconduct-is-removed-and-reported-to-police,388998
1268380351	20251013	202510	2025	2025.7753	REL	BISHOP									USA	UNITED STATES	USA								0	010	010	01	1	0.0	2	1	2	-3.24300310972901	3	South Hill, Washington, United States	US	USWA	WA053	47.1412	-122.27	1867636	3	Seattle, Washington, United States	US	USWA	WA033	47.6062	-122.332	1512650	3	South Hill, Washington, United States	US	USWA		47.1412	-122.27	1867636	20251013181500	http://www.chronline.com/stories/a-washington-catholic-priest-accused-of-sexual-misconduct-is-removed-and-reported-to-police,388998
1268380352	20251013	202510	2025	2025.7753	REL	BISHOP									USA	UNITED STATES	USA								0	010	010	01	1	0.0	2	1	2	-3.24300310972901	3	South Hill, Washington, United States	US	USWA	WA053	47.1412	-122.27	1867636	3	South Hill, Washington, United States	US	USWA		47.1412	-122.27	1867636	3	South Hill, Washington, United States	US	USWA		47.1412	-122.27	1867636	20251013181500	http://www.chronline.com/stories/a-washington-catholic-priest-accused-of-sexual-misconduct-is-removed-and-reported-to-police,388998
1268380353	20251013	202510	2025	2025.7753	REL	BISHOP									USA	SEATTLE	USA								0	040	040	04	1	1.0	3	1	3	-3.24300310972901	3	Seattle, Washington, United States	US	USWA	WA033	47.6062	-122.332	1512650	3	Seattle, Washington, United States	US	USWA	WA033	47.6062	-122.332	1512650	3	Seattle, Washington, United States	US	USWA	WA033	47.6062	-122.332	1512650	20251013181500	http://www.chronline.com/stories/a-washington-catholic-priest-accused-of-sexual-misconduct-is-removed-and-reported-to-police,388998
1268380354	20251013	202510	2025	2025.7753	REL	BISHOP									USA	UNITED STATES	USA								0	040	040	04	1	1.0	1	1	1	-3.24300310972901	3	South Hill, Washington, United States	US	USWA	WA053	47.1412	-122.27	1867636	3	Seattle, Washington, United States	US	USWA	WA033	47.6062	-122.332	1512650	3	South Hill, Washington, United States	US	USWA		47.1412	-122.27	1867636	20251013181500	http://www.chronline.com/stories/a-washington-catholic-priest-accused-of-sexual-misconduct-is-removed-and-reported-to-police,388998
1268380355	20251013	202510	2025	2025.7753	REL	BISHOP									USA	UNITED STATES	USA								0	040	040	04	1	1.0	1	1	1	-3.24300310972901	3	South Hill, Washington, United States	US	USWA	WA053	47.1412	-122.27	1867636	3	South Hill, Washington, United States	US	USWA		47.1412	-122.27	1867636	3	South Hill, Washington, United States	US	USWA		47.1412	-122.27	1867636	20251013181500	http://www.chronline.com/stories/a-washington-catholic-priest-accused-of-sexual-misconduct-is-removed-and-reported-to-police,388998
1268380356	20251013	202510	2025	2025.7753	REL	BISHOP									USA	SEATTLE	USA								0	042	042	04	1	1.9	3	1	3	-3.24300310972901	3	Seattle, Washington, United States	US	USWA	WA033	47.6062	-122.332	1512650	3	Seattle, Washington, United States	US	USWA	WA033	47.6062	-122.332	1512650	3	Seattle, Washington, United States	US	USWA	WA033	47.6062	-122.332	1512650	20251013181500	http://www.chronline.com/stories/a-washington-catholic-priest-accused-of-sexual-misconduct-is-removed-and-reported-to-police,388998
1268380357	20251013	202510	2025	2025.7753	REL	BISHOP									USA	UNITED STATES	USA								0	043	043	04	1	2.8	1	1	1	-3.24300310972901	3	South Hill, Washington, United States	US	USWA	WA053	47.1412	-122.27	1867636	3	South Hill, Washington, United States	US	USWA		47.1412	-122.27	1867636	3	Seattle, Washington, United States	US	USWA	WA033	47.6062	-122.332	1512650	20251013181500	http://www.chronline.com/stories/a-washington-catholic-priest-accused-of-sexual-misconduct-is-removed-and-reported-to-police,388998
1268380358	20251013	202510	2025	2025.7753	RELJUD	PRIEST						JUD													0	030	030	03	1	4.0	4	1	4	-3.24300310972901	3	South Hill, Washington, United States	US	USWA	WA053	47.1412	-122.27	1867636	0								3	South Hill, Washington, United States	US	USWA		47.1412	-122.27	1867636	20251013181500	http://www.chronline.com/stories/a-washington-catholic-priest-accused-of-sexual-misconduct-is-removed-and-reported-to-police,388998
1268380359	20251013	202510	2025	2025.7753	RELJUD	PRIEST						JUD													0	030	030	03	1	4.0	6	1	6	-3.24300310972901	3	Catholic University Of America, District of Columbia, United States	US	USDC	DC001	38.9329	-76.9978	531457	0								3	Catholic University Of America, District of Columbia, United States	US	USDC		38.9329	-76.9978	531457	20251013181500	http://www.chronline.com/stories/a-washington-catholic-priest-accused-of-sexual-misconduct-is-removed-and-reported-to-police,388998
1268380360	20251013	202510	2025	2025.7753	RELJUD	PRIEST						JUD			REL	BISHOP									0	026	026	02	1	4.0	3	1	3	-3.24300310972901	3	Catholic University Of America, District of Columbia, United States	US	USDC	DC001	38.9329	-76.9978	531457	3	Catholic University Of America, District of Columbia, United States	US	USDC		38.9329	-76.9978	531457	3	Catholic University Of America, District of Columbia, United States	US	USDC		38.9329	-76.9978	531457	20251013181500	http://www.chronline.com/stories/a-washington-catholic-priest-accused-of-sexual-misconduct-is-removed-and-reported-to-police,388998
1268380361	20251013	202510	2025	2025.7753	RELJUD	PRIEST						JUD			REL	PRIEST									0	120	120	12	3	-4.0	4	1	4	-3.24300310972901	3	South Hill, Washington, United States	US	USWA	WA053	47.1412	-122.27	1867636	3	South Hill, Washington, United States	US	USWA		47.1412	-122.27	1867636	3	South Hill, Washington, United States	US	USWA		47.1412	-122.27	1867636	20251013181500	http://www.chronline.com/stories/a-washington-catholic-priest-accused-of-sexual-misconduct-is-removed-and-reported-to-police,388998
1268380362	20251013	202510	2025	2025.7753	RELJUD	PRIEST						JUD			REL	PRIEST									0	120	120	12	3	-4.0	6	1	6	-3.24300310972901	3	Catholic University Of America, District of Columbia, United States	US	USDC	DC001	38.9329	-76.9978	531457	3	Catholic University Of America, District of Columbia, United States	US	USDC		38.9329	-76.9978	531457	3	Catholic University Of America, District of Columbia, United States	US	USDC		38.9329	-76.9978	531457	20251013181500	http://www.chronline.com/stories/a-washington-catholic-priest-accused-of-sexual-misconduct-is-removed-and-reported-to-police,388998
1268380363	20251013	202510	2025	2025.7753	RELJUD	PRIEST						JUD			USA	UNITED STATES	USA								0	026	026	02	1	4.0	2	1	2	-3.24300310972901	3	South Hill, Washington, United States	US	USWA	WA053	47.1412	-122.27	1867636	3	South Hill, Washington, United States	US	USWA		47.1412	-122.27	1867636	3	South Hill, Washington, United States	US	USWA		47.1412	-122.27	1867636	20251013181500	http://www.chronline.com/stories/a-washington-catholic-priest-accused-of-sexual-misconduct-is-removed-and-reported-to-police,388998
1268380364	20251013	202510	2025	2025.7753	RUS	RUSSIA	RUS																		0	114	114	11	3	-2.0	1	1	1	-4.22343324250681	4	Kyiv, Kyyiv, Misto, Ukraine	UP	UP12	28554	50.4333	30.5167	-1044367	0								4	Kyiv, Kyyiv, Misto, Ukraine	UP	UP12	28554	50.4333	30.5167	-1044367	20251013181500	https://www.aljazeera.com/news/2025/10/13/zelenskyy-to-meet-trump-in-dc-as-ukraine-seeks-defence-energy-support
1268380365	20251013	202510	2025	2025.7753	RUS	RUSSIA	RUS																		0	114	114	11	3	-2.0	1	1	1	-4.22343324250681	4	Moscow, Moskva, Russia	RS	RS48	25106	55.7522	37.6156	-2960561	0								4	Kyiv, Kyyiv, Misto, Ukraine	UP	UP12	28554	50.4333	30.5167	-1044367	20251013181500	https://www.aljazeera.com/news/2025/10/13/zelenskyy-to-meet-trump-in-dc-as-ukraine-seeks-defence-energy-support
1268380366	20251013	202510	2025	2025.7753	RUS	RUSSIA	RUS								CHN	CHINESE	CHN								1	100	100	10	3	-5.0	20	5	20	-3.72670807453416	1	United Kingdom	UK	UK		54	-4	UK	1	United Kingdom	UK	UK		54	-4	UK	1	United Kingdom	UK	UK		54	-4	UK	20251013181500	https://www.thenorthernecho.co.uk/news/national/25540215.mi5-tells-politicians-you-potential-target/
1268380367	20251013	202510	2025	2025.7753	RUS	RUSSIA	RUS								GBR	BRITAIN	GBR								1	012	012	01	1	-0.4	10	5	10	-3.72670807453416	1	Russia	RS	RS		60	100	RS	1	Russia	RS	RS		60	100	RS	1	Russia	RS	RS		60	100	RS	20251013181500	https://www.thenorthernecho.co.uk/news/national/25540215.mi5-tells-politicians-you-potential-target/
1268380368	20251013	202510	2025	2025.7753	RUS	RUSSIA	RUS								GBR	BRITAIN	GBR								1	012	012	01	1	-0.4	10	5	10	-3.72670807453416	1	Russia	RS	RS		60	100	RS	1	United Kingdom	UK	UK		54	-4	UK	1	United Kingdom	UK	UK		54	-4	UK	20251013181500	https://www.thenorthernecho.co.uk/news/national/25540215.mi5-tells-politicians-you-potential-target/
1268380369	20251013	202510	2025	2025.7753	RUS	MOSCOW	RUS								GOV	ADMINISTRATION						GOV			0	050	050	05	1	3.5	1	1	1	-5.4367201426025	4	Yerevan, Yerevan*, Armenia	AM	AM11	4936	40.1811	44.5136	-2325645	4	Yerevan, Yerevan*, Armenia	AM	AM11	4936	40.1811	44.5136	-2325645	4	Moscow, Moskva, Russia	RS	RS48	25106	55.7522	37.6156	-2960561	20251013181500	https://www.ncregister.com/news/armenia-at-a-crossroads
1268380370	20251013	202510	2025	2025.7753	RUS	MOSCOW	RUS								GOV	ADMINISTRATION						GOV			0	050	050	05	1	3.5	1	1	1	-5.4367201426025	4	Moscow, Moskva, Russia	RS	RS48	25106	55.7522	37.6156	-2960561	4	Yerevan, Yerevan*, Armenia	AM	AM11	4936	40.1811	44.5136	-2325645	4	Yerevan, Yerevan*, Armenia	AM	AM11	4936	40.1811	44.5136	-2325645	20251013181500	https://www.ncregister.com/news/armenia-at-a-crossroads
1268380371	20251013	202510	2025	2025.7753	RUS	RUSSIA	RUS								MDG	MADAGASCAR	MDG								1	025	025	02	1	-0.3	5	1	5	-9.7297297297297	1	Madagascar	MA	MA		-20	47	MA	1	Madagascar	MA	MA		-20	47	MA	1	Madagascar	MA	MA		-20	47	MA	20251013181500	https://tass.com/politics/2029095
1268380372	20251013	202510	2025	2025.7753	RUS	RUSSIAN	RUS								UKR	UKRAINE	UKR								0	130	130	13	3	-4.4	2	1	2	-4.22343324250681	4	Kyiv, Kyyiv, Misto, Ukraine	UP	UP12	28554	50.4333	30.5167	-1044367	4	Kremlin, Moskva, Russia	RS	RS48	25106	55.7522	37.6156	-2960561	3	Washington, District of Columbia, United States	US	USDC	DC001	38.8951	-77.0364	531871	20251013181500	https://www.aljazeera.com/news/2025/10/13/zelenskyy-to-meet-trump-in-dc-as-ukraine-seeks-defence-energy-support
1268380373	20251013	202510	2025	2025.7753	RUS	RUSSIAN	RUS								UKR	UKRAINE	UKR								0	130	130	13	3	-4.4	2	1	2	-4.22343324250681	4	Kremlin, Moskva, Russia	RS	RS48	25106	55.7522	37.6156	-2960561	4	Kyiv, Kyyiv, Misto, Ukraine	UP	UP12	28554	50.4333	30.5167	-1044367	3	Washington, District of Columbia, United States	US	USDC	DC001	38.8951	-77.0364	531871	20251013181500	https://www.aljazeera.com/news/2025/10/13/zelenskyy-to-meet-trump-in-dc-as-ukraine-seeks-defence-energy-support
1268380374	20251013	202510	2025	2025.7753	RUS	RUSSIA	RUS								USA	WASHINGTON	USA								0	040	040	04	1	1.0	1	1	1	-4.22343324250681	4	Kremlin, Moskva, Russia	RS	RS48	25106	55.7522	37.6156	-2960561	4	Kremlin, Moskva, Russia	RS	RS48	25106	55.7522	37.6156	-2960561	4	Kremlin, Moskva, Russia	RS	RS48	25106	55.7522	37.6156	-2960561	20251013181500	https://www.aljazeera.com/news/2025/10/13/zelenskyy-to-meet-trump-in-dc-as-ukraine-seeks-defence-energy-support
1268380375	20251013	202510	2025	2025.7753	RUSGOV	RUSSIAN	RUS					GOV			UKR	UKRAINE	UKR								0	130	130	13	3	-4.4	4	1	4	-4.22343324250681	4	Moscow, Moskva, Russia	RS	RS48	25106	55.7522	37.6156	-2960561	4	Kyiv, Kyyiv, Misto, Ukraine	UP	UP12	28554	50.4333	30.5167	-1044367	4	Kyiv, Kyyiv, Misto, Ukraine	UP	UP12	28554	50.4333	30.5167	-1044367	20251013181500	https://www.aljazeera.com/news/2025/10/13/zelenskyy-to-meet-trump-in-dc-as-ukraine-seeks-defence-energy-support
1268380376	20251013	202510	2025	2025.7753	RUSGOV	RUSSIA	RUS					GOV			UKR	UKRAINE	UKR								0	130	130	13	3	-4.4	2	1	2	-4.22343324250681	4	Kremlin, Moskva, Russia	RS	RS48	25106	55.7522	37.6156	-2960561	4	Kyiv, Kyyiv, Misto, Ukraine	UP	UP12	28554	50.4333	30.5167	-1044367	4	Moscow, Moskva, Russia	RS	RS48	25106	55.7522	37.6156	-2960561	20251013181500	https://www.aljazeera.com/news/2025/10/13/zelenskyy-to-meet-trump-in-dc-as-ukraine-seeks-defence-energy-support
1268380377	20251013	202510	2025	2025.7753	RWA	RWANDAN	RWA								COD	CONGOLESE	COD								0	057	057	05	1	8.0	1	1	1	-2.53388332351208	1	Congo	CF	CF		-1	15	CF	1	Congo	CF	CF		-1	15	CF	1	Congo	CF	CF		-1	15	CF	20251013181500	https://www.winnipegfreepress.com/world/2025/10/13/fact-focus-with-a-truce-in-israel-trump-now-says-hes-ended-eight-wars-his-numbers-are-off
1268380378	20251013	202510	2025	2025.7753	RWA	RWANDAN	RWA								COD	CONGOLESE	COD								0	057	057	05	1	8.0	1	1	1	-2.5897586815774	1	Democratic Republic Of The Congo	CG	CG		0	25	CG	1	Democratic Republic Of The Congo	CG	CG		0	25	CG	1	Democratic Republic Of The Congo	CG	CG		0	25	CG	20251013181500	https://www.seattletimes.com/nation-world/fact-focus-with-a-truce-in-israel-trump-now-says-hes-ended-eight-wars-his-numbers-are-off/
1268380379	20251013	202510	2025	2025.7753	RWAGOV	RWANDAN	RWA					GOV			COD	CONGOLESE	COD								0	057	057	05	1	8.0	12	2	12	-2.56182100254474	1	Rwanda	RW	RW		-2	30	RW	1	Rwanda	RW	RW		-2	30	RW	1	Rwanda	RW	RW		-2	30	RW	20251013181500	https://www.seattletimes.com/nation-world/fact-focus-with-a-truce-in-israel-trump-now-says-hes-ended-eight-wars-his-numbers-are-off/
1268380380	20251013	202510	2025	2025.7753	SEA	SOUTHEAST ASIA	SEA																		0	030	030	03	1	4.0	6	2	6	-2.56182100254474	2	Michigan, United States	US	USMI		43.3504	-84.5603	MI	0								1	Cambodia	CB	CB		13	105	CB	20251013181500	https://www.seattletimes.com/nation-world/fact-focus-with-a-truce-in-israel-trump-now-says-hes-ended-eight-wars-his-numbers-are-off/
1268380381	20251013	202510	2025	2025.7753	SEA	SOUTHEAST ASIA	SEA																		0	030	030	03	1	4.0	2	2	2	-2.56182100254474	2	Michigan, United States	US	USMI		43.3504	-84.5603	MI	0								2	Michigan, United States	US	USMI		43.3504	-84.5603	MI	20251013181500	https://www.seattletimes.com/nation-world/fact-focus-with-a-truce-in-israel-trump-now-says-hes-ended-eight-wars-his-numbers-are-off/
1268380382	20251013	202510	2025	2025.7753	SEA	SOUTHEAST ASIA	SEA																		0	030	030	03	1	4.0	2	2	2	-2.56182100254474	1	Thailand	TH	TH		15	100	TH	0								1	Thailand	TH	TH		15	100	TH	20251013181500	https://www.seattletimes.com/nation-world/fact-focus-with-a-truce-in-israel-trump-now-says-hes-ended-eight-wars-his-numbers-are-off/
1268380383	20251013	202510	2025	2025.7753	SEN	DAKAR	SEN								GOV	PRESIDENT						GOV			1	043	043	04	1	2.8	6	1	6	-3.66492146596859	4	Dakar, Dakar, Senegal	SG	SG01		14.7367	-17.6339	-2266494	4	Rome, Lazio, Italy	IT	IT07	18350	41.9	12.4833	-126693	4	Rome, Lazio, Italy	IT	IT07	18350	41.9	12.4833	-126693	20251013181500	https://president.ie/en/diary/details/president-addresses-the-world-food-forum-grand-opening-2025
1268380384	20251013	202510	2025	2025.7753	SEN	DAKAR	SEN								GOV	PRESIDENT						GOV			1	043	043	04	1	2.8	4	1	4	-3.66492146596859	4	Dakar, Dakar, Senegal	SG	SG01		14.7367	-17.6339	-2266494	4	Rome, Lazio, Italy	IT	IT07	18350	41.9	12.4833	-126693	4	Dakar, Dakar, Senegal	SG	SG01		14.7367	-17.6339	-2266494	20251013181500	https://president.ie/en/diary/details/president-addresses-the-world-food-forum-grand-opening-2025
1268380385	20251013	202510	2025	2025.7753	SEP	LIBERATION ARMY						SEP			MIL	GENERALS						MIL			0	190	190	19	4	-10.0	2	1	2	-2.62857142857143	4	Shanxi, Fujian, China	CH	CH07	13167	26.9512	116.692	10771269	4	Shanxi, Fujian, China	CH	CH07	13167	26.9512	116.692	10771269	4	Shanxi, Fujian, China	CH	CH07	13167	26.9512	116.692	10771269	20251013181500	https://www.thestar.com.my/aseanplus/aseanplus-news/2025/10/13/as-fourth-plenum-looms-china-braces-for-a-major-central-committee-shake-up
1268380386	20251013	202510	2025	2025.7753	SEP	LIBERATION ARMY						SEP			MIL	GENERALS						MIL			0	190	190	19	4	-10.0	8	1	8	-2.62857142857143	4	Miao Hua, Gansu, China	CH	CH15	13220	36.0161	107.976	10857636	4	Miao Hua, Gansu, China	CH	CH15	13220	36.0161	107.976	10857636	4	Miao Hua, Gansu, China	CH	CH15	13220	36.0161	107.976	10857636	20251013181500	https://www.thestar.com.my/aseanplus/aseanplus-news/2025/10/13/as-fourth-plenum-looms-china-braces-for-a-major-central-committee-shake-up
1268380387	20251013	202510	2025	2025.7753	SET	SETTLER						SET			LAB	WORKER						LAB			1	051	051	05	1	3.4	2	1	2	2.25806451612903	4	Long Eaton, Derbyshire, United Kingdom	UK	UKD3	40126	52.9	-1.26667	-2601935	4	Long Eaton, Derbyshire, United Kingdom	UK	UKD3	40126	52.9	-1.26667	-2601935	4	Long Eaton, Derbyshire, United Kingdom	UK	UKD3	40126	52.9	-1.26667	-2601935	20251013181500	https://www.erewashsound.com/news/borough-wide/childrens-tv-legend-floella-joins-mayor-in-windrush-salute/
1268380388	20251013	202510	2025	2025.7753	SGPBUS	SINGAPORE	SGP					BUS			IDN	INDONESIAN	IDN								1	071	071	07	2	7.4	8	1	8	2.44755244755244	4	Nusantara, Jawa Barat, Indonesia	ID	ID30	18585	-6.7619	108.543	10215215	4	Nusantara, Jawa Barat, Indonesia	ID	ID30	18585	-6.7619	108.543	10215215	4	Nusantara, Jawa Barat, Indonesia	ID	ID30	18585	-6.7619	108.543	10215215	20251013181500	https://www.manilatimes.net/2025/10/14/tmt-newswire/globenewswire/edena-token-lists-on-indonesias-largest-exchange-indodax-followed-by-mobee-exchange/2199811
1268380389	20251013	202510	2025	2025.7753	SWE	SWEDEN	SWE								ESP	SPAIN	ESP								0	060	060	06	2	6.0	10	1	10	6.33663366336634	1	Sweden	SW	SW		62	15	SW	1	Spain	SP	SP		40	-4	SP	1	Spain	SP	SP		40	-4	SP	20251013181500	https://www.hpcwire.com/off-the-wire/eurohpc-ju-selects-ai-factory-antennas-to-broaden-ai-factories-initiative/
1268380390	20251013	202510	2025	2025.7753	SYR	SYRIA	SYR																		1	012	012	01	1	-0.4	1	1	1	-1.1826544021025	4	Damascus, Dimashq, Syria	SY	SY13	26324	33.5	36.3	-2541260	0								1	Israel	IS	IS		31.5	34.75	IS	20251013181500	https://nypost.com/2025/10/13/media/syrian-leader-appears-to-flirt-with-cbss-margaret-brennan-on-60-minutes/
1268380391	20251013	202510	2025	2025.7753	SYR	SYRIA	SYR																		1	012	012	01	1	-0.4	1	1	1	-1.1826544021025	3	White House, District of Columbia, United States	US	USDC		38.8951	-77.0364	531871	0								4	Damascus, Dimashq, Syria	SY	SY13	26324	33.5	36.3	-2541260	20251013181500	https://nypost.com/2025/10/13/media/syrian-leader-appears-to-flirt-with-cbss-margaret-brennan-on-60-minutes/
1268380392	20251013	202510	2025	2025.7753	SYR	SYRIAN	SYR								GOV	PRESIDENT						GOV			1	043	043	04	1	2.8	4	1	4	-1.1826544021025	4	Damascus, Dimashq, Syria	SY	SY13	26324	33.5	36.3	-2541260	4	Damascus, Dimashq, Syria	SY	SY13	26324	33.5	36.3	-2541260	4	Damascus, Dimashq, Syria	SY	SY13	26324	33.5	36.3	-2541260	20251013181500	https://nypost.com/2025/10/13/media/syrian-leader-appears-to-flirt-with-cbss-margaret-brennan-on-60-minutes/
1268380393	20251013	202510	2025	2025.7753	SYR	SYRIA	SYR								SYRGOV	SYRIA	SYR					GOV			1	040	040	04	1	1.0	2	1	2	-1.1826544021025	4	Damascus, Dimashq, Syria	SY	SY13	26324	33.5	36.3	-2541260	4	Damascus, Dimashq, Syria	SY	SY13	26324	33.5	36.3	-2541260	4	Damascus, Dimashq, Syria	SY	SY13	26324	33.5	36.3	-2541260	20251013181500	https://nypost.com/2025/10/13/media/syrian-leader-appears-to-flirt-with-cbss-margaret-brennan-on-60-minutes/
1268380394	20251013	202510	2025	2025.7753	SYR	SYRIA	SYR								SYRGOV	SYRIA	SYR					GOV			1	040	040	04	1	1.0	2	1	2	-1.1826544021025	4	Damascus, Dimashq, Syria	SY	SY13	26324	33.5	36.3	-2541260	3	Washington, District of Columbia, United States	US	USDC	DC001	38.8951	-77.0364	531871	4	Damascus, Dimashq, Syria	SY	SY13	26324	33.5	36.3	-2541260	20251013181500	https://nypost.com/2025/10/13/media/syrian-leader-appears-to-flirt-with-cbss-margaret-brennan-on-60-minutes/
1268380395	20251013	202510	2025	2025.7753	SYR	SYRIA	SYR								SYRGOV	SYRIA	SYR					GOV			1	043	043	04	1	2.8	1	1	1	-1.1826544021025	4	Damascus, Dimashq, Syria	SY	SY13	26324	33.5	36.3	-2541260	4	Damascus, Dimashq, Syria	SY	SY13	26324	33.5	36.3	-2541260	4	Damascus, Dimashq, Syria	SY	SY13	26324	33.5	36.3	-2541260	20251013181500	https://nypost.com/2025/10/13/media/syrian-leader-appears-to-flirt-with-cbss-margaret-brennan-on-60-minutes/
1268380396	20251013	202510	2025	2025.7753	SYR	SYRIA	SYR								USA	UNITED STATES	USA								0	040	040	04	1	1.0	1	1	1	-1.1826544021025	4	Damascus, Dimashq, Syria	SY	SY13	26324	33.5	36.3	-2541260	4	Damascus, Dimashq, Syria	SY	SY13	26324	33.5	36.3	-2541260	4	Damascus, Dimashq, Syria	SY	SY13	26324	33.5	36.3	-2541260	20251013181500	https://nypost.com/2025/10/13/media/syrian-leader-appears-to-flirt-with-cbss-margaret-brennan-on-60-minutes/
1268380397	20251013	202510	2025	2025.7753	SYR	SYRIA	SYR								USA	UNITED STATES	USA								0	040	040	04	1	1.0	1	1	1	-1.1826544021025	4	Riyadh, Ar Riya?, Saudi Arabia	SA	SA10	25316	24.6408	46.7728	-3093009	3	Washington, District of Columbia, United States	US	USDC	DC001	38.8951	-77.0364	531871	4	Damascus, Dimashq, Syria	SY	SY13	26324	33.5	36.3	-2541260	20251013181500	https://nypost.com/2025/10/13/media/syrian-leader-appears-to-flirt-with-cbss-margaret-brennan-on-60-minutes/
1268380398	20251013	202510	2025	2025.7753	SYRGOV	SYRIAN	SYR					GOV													1	040	040	04	1	1.0	4	1	4	-1.1826544021025	4	Damascus, Dimashq, Syria	SY	SY13	26324	33.5	36.3	-2541260	0								4	Damascus, Dimashq, Syria	SY	SY13	26324	33.5	36.3	-2541260	20251013181500	https://nypost.com/2025/10/13/media/syrian-leader-appears-to-flirt-with-cbss-margaret-brennan-on-60-minutes/
1268380399	20251013	202510	2025	2025.7753	SYRGOV	SYRIA	SYR					GOV													1	040	040	04	1	1.0	2	1	2	-1.1826544021025	4	Damascus, Dimashq, Syria	SY	SY13	26324	33.5	36.3	-2541260	0								3	White House, District of Columbia, United States	US	USDC		38.8951	-77.0364	531871	20251013181500	https://nypost.com/2025/10/13/media/syrian-leader-appears-to-flirt-with-cbss-margaret-brennan-on-60-minutes/
1268380400	20251013	202510	2025	2025.7753	SYRGOV	SYRIA	SYR					GOV			SYR	SYRIA	SYR								1	040	040	04	1	1.0	2	1	2	-1.1826544021025	4	Damascus, Dimashq, Syria	SY	SY13	26324	33.5	36.3	-2541260	4	Damascus, Dimashq, Syria	SY	SY13	26324	33.5	36.3	-2541260	4	Damascus, Dimashq, Syria	SY	SY13	26324	33.5	36.3	-2541260	20251013181500	https://nypost.com/2025/10/13/media/syrian-leader-appears-to-flirt-with-cbss-margaret-brennan-on-60-minutes/
1268380401	20251013	202510	2025	2025.7753	SYRGOV	SYRIA	SYR					GOV			SYR	SYRIA	SYR								1	040	040	04	1	1.0	2	1	2	-1.1826544021025	3	Washington, District of Columbia, United States	US	USDC	DC001	38.8951	-77.0364	531871	4	Damascus, Dimashq, Syria	SY	SY13	26324	33.5	36.3	-2541260	4	Damascus, Dimashq, Syria	SY	SY13	26324	33.5	36.3	-2541260	20251013181500	https://nypost.com/2025/10/13/media/syrian-leader-appears-to-flirt-with-cbss-margaret-brennan-on-60-minutes/
1268380402	20251013	202510	2025	2025.7753	SYRGOV	SYRIA	SYR					GOV			SYR	SYRIA	SYR								1	042	042	04	1	1.9	1	1	1	-1.1826544021025	1	Israel	IS	IS		31.5	34.75	IS	1	Israel	IS	IS		31.5	34.75	IS	1	Israel	IS	IS		31.5	34.75	IS	20251013181500	https://nypost.com/2025/10/13/media/syrian-leader-appears-to-flirt-with-cbss-margaret-brennan-on-60-minutes/
1268380403	20251013	202510	2025	2025.7753	SYRGOV	SYRIA	SYR					GOV			USA	UNITED STATES	USA								0	013	013	01	1	0.4	4	1	4	-1.1826544021025	4	Damascus, Dimashq, Syria	SY	SY13	26324	33.5	36.3	-2541260	3	White House, District of Columbia, United States	US	USDC		38.8951	-77.0364	531871	3	White House, District of Columbia, United States	US	USDC		38.8951	-77.0364	531871	20251013181500	https://nypost.com/2025/10/13/media/syrian-leader-appears-to-flirt-with-cbss-margaret-brennan-on-60-minutes/
1268380404	20251013	202510	2025	2025.7753	SYRGOV	SYRIAN	SYR					GOV			USAGOV	THE WHITE HOUSE	USA					GOV			0	013	013	01	1	0.4	2	1	2	-1.1826544021025	4	Damascus, Dimashq, Syria	SY	SY13	26324	33.5	36.3	-2541260	3	White House, District of Columbia, United States	US	USDC		38.8951	-77.0364	531871	3	White House, District of Columbia, United States	US	USDC		38.8951	-77.0364	531871	20251013181500	https://nypost.com/2025/10/13/media/syrian-leader-appears-to-flirt-with-cbss-margaret-brennan-on-60-minutes/
1268380405	20251013	202510	2025	2025.7753	TCD	CHAD	TCD																		1	010	010	01	1	0.0	10	1	10	1.97802197802198	1	Chad	CD	CD		15	19	CD	0								1	Chad	CD	CD		15	19	CD	20251013181500	https://finance.yahoo.com/news/don-t-150k-build-wealth-173636552.html
1268380406	20251013	202510	2025	2025.7753	TCD	CHAD	TCD																		1	070	070	07	2	7.0	10	1	10	1.97802197802198	1	Chad	CD	CD		15	19	CD	0								1	Chad	CD	CD		15	19	CD	20251013181500	https://finance.yahoo.com/news/don-t-150k-build-wealth-173636552.html
1268380407	20251013	202510	2025	2025.7753	THA	THAILAND	THA								ISR	ISRAEL	ISR								0	0356	035	03	1	7.0	4	2	4	-2.56182100254474	4	Gaza, Israel (general), Israel	IS	IS00	18315	31.4167	34.3333	-797156	4	Gaza, Israel (general), Israel	IS	IS00	18315	31.4167	34.3333	-797156	4	Gaza, Israel (general), Israel	IS	IS00	18315	31.4167	34.3333	-797156	20251013181500	https://www.seattletimes.com/nation-world/fact-focus-with-a-truce-in-israel-trump-now-says-hes-ended-eight-wars-his-numbers-are-off/
1268380408	20251013	202510	2025	2025.7753	THA	THAILAND	THA								ISR	ISRAEL	ISR								0	0356	035	03	1	7.0	4	2	4	-2.56182100254474	1	Thailand	TH	TH		15	100	TH	4	Gaza, Israel (general), Israel	IS	IS00	18315	31.4167	34.3333	-797156	4	Gaza, Israel (general), Israel	IS	IS00	18315	31.4167	34.3333	-797156	20251013181500	https://www.seattletimes.com/nation-world/fact-focus-with-a-truce-in-israel-trump-now-says-hes-ended-eight-wars-his-numbers-are-off/
1268380409	20251013	202510	2025	2025.7753	THA	THAILAND	THA								KHM	CAMBODIA	KHM								0	0356	035	03	1	7.0	8	2	8	-2.56182100254474	1	Thailand	TH	TH		15	100	TH	1	Cambodia	CB	CB		13	105	CB	1	Cambodia	CB	CB		13	105	CB	20251013181500	https://www.seattletimes.com/nation-world/fact-focus-with-a-truce-in-israel-trump-now-says-hes-ended-eight-wars-his-numbers-are-off/
1268380410	20251013	202510	2025	2025.7753	THA	THAILAND	THA								KHM	CAMBODIA	KHM								0	0356	035	03	1	7.0	4	2	4	-2.56182100254474	1	Thailand	TH	TH		15	100	TH	1	Thailand	TH	TH		15	100	TH	1	Cambodia	CB	CB		13	105	CB	20251013181500	https://www.seattletimes.com/nation-world/fact-focus-with-a-truce-in-israel-trump-now-says-hes-ended-eight-wars-his-numbers-are-off/
1268380411	20251013	202510	2025	2025.7753	THA	THAILAND	THA								KHM	CAMBODIA	KHM								0	190	190	19	4	-10.0	4	2	4	-2.56182100254474	1	Azerbaijan	AJ	AJ		40.5	47.5	AJ	1	Azerbaijan	AJ	AJ		40.5	47.5	AJ	1	Azerbaijan	AJ	AJ		40.5	47.5	AJ	20251013181500	https://www.seattletimes.com/nation-world/fact-focus-with-a-truce-in-israel-trump-now-says-hes-ended-eight-wars-his-numbers-are-off/
1268380412	20251013	202510	2025	2025.7753	THA	THAILAND	THA								KHM	CAMBODIA	KHM								0	190	190	19	4	-10.0	4	2	4	-2.56182100254474	1	Cambodia	CB	CB		13	105	CB	1	Cambodia	CB	CB		13	105	CB	1	Thailand	TH	TH		15	100	TH	20251013181500	https://www.seattletimes.com/nation-world/fact-focus-with-a-truce-in-israel-trump-now-says-hes-ended-eight-wars-his-numbers-are-off/
1268380413	20251013	202510	2025	2025.7753	THA	THAILAND	THA								KHM	CAMBODIA	KHM								0	190	190	19	4	-10.0	12	2	12	-2.56182100254474	1	Thailand	TH	TH		15	100	TH	1	Cambodia	CB	CB		13	105	CB	1	Thailand	TH	TH		15	100	TH	20251013181500	https://www.seattletimes.com/nation-world/fact-focus-with-a-truce-in-israel-trump-now-says-hes-ended-eight-wars-his-numbers-are-off/
1268380414	20251013	202510	2025	2025.7753	TUN	ARIANA	TUN								GBR	UNITED KINGDOM	GBR								1	051	051	05	1	3.4	2	1	2	3.03664921465968	1	Australia	AS	AS		-25	135	AS	1	Australia	AS	AS		-25	135	AS	1	Australia	AS	AS		-25	135	AS	20251013181500	https://www.billboard.com/lists/ariana-grande-cynthia-erivo-oscar-nods-actor-same-character/
1268380415	20251013	202510	2025	2025.7753	TUR	TURKEY	TUR																		0	050	050	05	1	3.5	1	1	1	-5.4367201426025	4	Moscow, Moskva, Russia	RS	RS48	25106	55.7522	37.6156	-2960561	0								4	Moscow, Moskva, Russia	RS	RS48	25106	55.7522	37.6156	-2960561	20251013181500	https://www.ncregister.com/news/armenia-at-a-crossroads
1268380416	20251013	202510	2025	2025.7753	TUR	TURKEY	TUR								EGY	EGYPT	EGY								0	057	057	05	1	8.0	2	1	2	-1.46036161335188	4	Sharm El-Sheikh, Janub Sina', Egypt	EG	EG26	66041	27.8518	34.305	-302053	4	Gaza, Israel (general), Israel	IS	IS00	18315	31.4167	34.3333	-797156	4	Sharm El-Sheikh, Janub Sina', Egypt	EG	EG26	66041	27.8518	34.305	-302053	20251013181500	https://www.cbc.ca/news/world/livestory/trump-mediators-sign-gaza-peace-deal-as-world-leaders-including-carney-attend-egypt-summit-9.6936751
1268380417	20251013	202510	2025	2025.7753	TUR	TURKEY	TUR								EGY	EGYPT	EGY								1	057	057	05	1	8.0	4	2	4	-0.51040058689572	1	Qatar	QA	QA		25.5	51.25	QA	4	Sharm El Sheikh, Janub Sina', Egypt	EG	EG26	66041	27.8518	34.305	-302053	1	Turkey	TU	TU		39.059012	34.911546	TU	20251013181500	https://www.cbc.ca/news/world/livestory/trump-mediators-sign-gaza-peace-deal-as-world-leaders-including-carney-attend-egypt-summit-9.6936751
1268380418	20251013	202510	2025	2025.7753	TUR	TURKISH	TUR								MOS	MUSLIM				MOS					0	051	051	05	1	3.4	6	1	6	3.87096774193549	1	Turkey	TU	TU		39.059012	34.911546	TU	4	Sharm El-Sheikh, Janub Sina', Egypt	EG	EG26	66041	27.8518	34.305	-302053	1	Turkey	TU	TU		39.059012	34.911546	TU	20251013181500	https://twincitiesnewstalk.iheart.com/content/2025-10-13-president-trump-speaks-in-egypt-after-signing-israel-hamas-ceasefire-deal/
1268380419	20251013	202510	2025	2025.7753	TUR	TURKEY	TUR								QAT	QATAR	QAT								0	057	057	05	1	8.0	2	1	2	-1.46036161335188	4	Sharm El-Sheikh, Janub Sina', Egypt	EG	EG26	66041	27.8518	34.305	-302053	4	Gaza, Israel (general), Israel	IS	IS00	18315	31.4167	34.3333	-797156	4	Sharm El-Sheikh, Janub Sina', Egypt	EG	EG26	66041	27.8518	34.305	-302053	20251013181500	https://www.cbc.ca/news/world/livestory/trump-mediators-sign-gaza-peace-deal-as-world-leaders-including-carney-attend-egypt-summit-9.6936751
1268380420	20251013	202510	2025	2025.7753	TUR	TURKEY	TUR								QAT	QATAR	QAT								1	057	057	05	1	8.0	1	1	1	0.43956043956044	4	Gaza, Israel (general), Israel	IS	IS00	18315	31.4167	34.3333	-797156	4	Gaza, Israel (general), Israel	IS	IS00	18315	31.4167	34.3333	-797156	4	Gaza, Israel (general), Israel	IS	IS00	18315	31.4167	34.3333	-797156	20251013181500	https://indianexpress.com/article/world/after-israel-hamas-prisoner-swap-world-leaders-sign-gaza-deal-10305171/
1268380421	20251013	202510	2025	2025.7753	TUR	TURKEY	TUR								QAT	QATAR	QAT								1	057	057	05	1	8.0	4	2	4	-0.51040058689572	1	Qatar	QA	QA		25.5	51.25	QA	4	Sharm El Sheikh, Janub Sina', Egypt	EG	EG26	66041	27.8518	34.305	-302053	1	Turkey	TU	TU		39.059012	34.911546	TU	20251013181500	https://www.cbc.ca/news/world/livestory/trump-mediators-sign-gaza-peace-deal-as-world-leaders-including-carney-attend-egypt-summit-9.6936751
1268380422	20251013	202510	2025	2025.7753	TUR	TURKEY	TUR								TURGOV	TURKEY	TUR					GOV			0	100	100	10	3	-5.0	2	1	2	3.87096774193549	1	Turkey	TU	TU		39.059012	34.911546	TU	1	Turkey	TU	TU		39.059012	34.911546	TU	4	Sharm El-Sheikh, Janub Sina', Egypt	EG	EG26	66041	27.8518	34.305	-302053	20251013181500	https://twincitiesnewstalk.iheart.com/content/2025-10-13-president-trump-speaks-in-egypt-after-signing-israel-hamas-ceasefire-deal/
1268380423	20251013	202510	2025	2025.7753	TURGOV	TURKISH	TUR					GOV			ITAGOV	ITALIAN	ITA					GOV			1	040	040	04	1	1.0	3	1	3	-2.20994475138122	1	Tunisia	TS	TS		34	9	TS	1	Tunisia	TS	TS		34	9	TS	1	Tunisia	TS	TS		34	9	TS	20251013181500	https://www.el-balad.com/6731410
1268380424	20251013	202510	2025	2025.7753	TWN	TAIWAN	TWN																		0	010	010	01	1	0.0	2	1	2	0.29197080291971	4	Hualien, Hualian Xian, Taiwan	TW	TW10	13277	23.9769	121.604	-2631690	0								4	Hualien, Hualian Xian, Taiwan	TW	TW10	13277	23.9769	121.604	-2631690	20251013181500	https://www.globaltimes.cn/page/202510/1345505.shtml
1268380425	20251013	202510	2025	2025.7753	TWN	TAIPEI	TWN								GOV	PRESIDENT						GOV			0	040	040	04	1	1.0	3	1	3	3.17073170731707	4	Taipei, T'ai-pei, Taiwan	TW	TW03	13277	25.0478	121.532	-2637882	1	Croatia	HR	HR		45.166667	15.5	HR	4	Taipei, T'ai-pei, Taiwan	TW	TW03	13277	25.0478	121.532	-2637882	20251013181500	https://www.nigerianeye.com/2025/10/nigeria-judges-admitted-into.html
1268380426	20251013	202510	2025	2025.7753	TWN	TAIPEI	TWN								JUD	JUDGE						JUD			0	040	040	04	1	1.0	1	1	1	3.17073170731707	4	Taipei, T'ai-pei, Taiwan	TW	TW03	13277	25.0478	121.532	-2637882	4	Taipei, T'ai-pei, Taiwan	TW	TW03	13277	25.0478	121.532	-2637882	4	Taipei, T'ai-pei, Taiwan	TW	TW03	13277	25.0478	121.532	-2637882	20251013181500	https://www.nigerianeye.com/2025/10/nigeria-judges-admitted-into.html
1268380427	20251013	202510	2025	2025.7753	TWN	TAIPEI	TWN								JUD	JUDGE						JUD			0	040	040	04	1	1.0	4	1	4	3.17073170731707	4	Taipei, T'ai-pei, Taiwan	TW	TW03	13277	25.0478	121.532	-2637882	1	Croatia	HR	HR		45.166667	15.5	HR	4	Taipei, T'ai-pei, Taiwan	TW	TW03	13277	25.0478	121.532	-2637882	20251013181500	https://www.nigerianeye.com/2025/10/nigeria-judges-admitted-into.html
1268380428	20251013	202510	2025	2025.7753	UAF	FIGHTER						UAF													1	036	036	03	1	4.0	5	1	5	0.1779359430605	3	Washington, District of Columbia, United States	US	USDC	DC001	38.8951	-77.0364	531871	0								3	Washington, District of Columbia, United States	US	USDC	DC001	38.8951	-77.0364	531871	20251013181500	https://www.nme.com/news/music/watch-foo-fighters-play-album-version-of-breakout-for-first-time-since-2002-3898880
1268380429	20251013	202510	2025	2025.7753	UAF	FIGHTER						UAF			AFGINSTAL	TALIBAN	AFG	TAL				INS			1	190	190	19	4	-10.0	10	1	10	-3.91849529780564	4	Kabul, Kabol, Afghanistan	AF	AF13	3580	34.5167	69.1833	-3378435	4	Kabul, Kabol, Afghanistan	AF	AF13	3580	34.5167	69.1833	-3378435	4	Kabul, Kabol, Afghanistan	AF	AF13	3580	34.5167	69.1833	-3378435	20251013181500	https://www.thehindu.com/news/international/pakistani-troops-on-high-alert-on-afghan-border-after-fighting-trade-halts/article70158999.ece
1268380430	20251013	202510	2025	2025.7753	UAF	ARMED MEN						UAF			COP	POLICE OFFICER						COP			1	180	180	18	4	-9.0	3	1	3	-6.32911392405063	4	Adoka, Nigeria (general), Nigeria	NI	NI00	22689	7.26667	8.51667	-1997424	5	Benue State, Benue, Nigeria	NI	NI26	22689	7.33333	8.75	-2002535	4	Adoka, Nigeria (general), Nigeria	NI	NI00	22689	7.26667	8.51667	-1997424	20251013181500	https://www.nigerianeye.com/2025/10/gunmen-ambush-police-patrol-in-benue.html
1268380431	20251013	202510	2025	2025.7753	UAF	ARMED MEN						UAF			COP	POLICE OFFICER						COP			1	180	180	18	4	-9.0	1	1	1	-6.32911392405063	5	Benue State, Benue, Nigeria	NI	NI26	22689	7.33333	8.75	-2002535	4	Ogobia, Benue, Nigeria	NI	NI26	191218	7.3502	8.0483	-2002910	5	Benue State, Benue, Nigeria	NI	NI26	22689	7.33333	8.75	-2002535	20251013181500	https://www.nigerianeye.com/2025/10/gunmen-ambush-police-patrol-in-benue.html
1268380432	20251013	202510	2025	2025.7753	UAF	ARMED MEN						UAF			CRM	ASSAILANT						CRM			1	180	180	18	4	-9.0	3	1	3	-6.32911392405063	4	Adoka, Nigeria (general), Nigeria	NI	NI00	22689	7.26667	8.51667	-1997424	4	Ogobia, Benue, Nigeria	NI	NI26	191218	7.3502	8.0483	-2002910	4	Adoka, Nigeria (general), Nigeria	NI	NI00	22689	7.26667	8.51667	-1997424	20251013181500	https://www.nigerianeye.com/2025/10/gunmen-ambush-police-patrol-in-benue.html
1268380433	20251013	202510	2025	2025.7753	UAF	FIGHTER						UAF			IRQ	KARBALA	IRQ								0	190	190	19	4	-10.0	1	1	1	-4.66867469879518	4	Binyamina, H_efa, Israel	IS	IS04	18312	32.5232	34.945	-779490	4	Binyamina, H_efa, Israel	IS	IS04	18312	32.5232	34.945	-779490	4	Binyamina, H_efa, Israel	IS	IS04	18312	32.5232	34.945	-779490	20251013181500	https://www.islamicinvitationturkey.com/hezbollah-intensifies-border-clashes-with-israeli-forces-amid-ongoing-2024-conflict/
1268380434	20251013	202510	2025	2025.7753	UAF	FIGHTER						UAF			IRQ	KARBALA	IRQ								0	190	190	19	4	-10.0	1	1	1	-4.66867469879518	4	Binyamina, H_efa, Israel	IS	IS04	18312	32.5232	34.945	-779490	4	Ramyah, Nabatî, Lebanon	LE	LE07	18314	33.1108	35.3103	-809604	4	Binyamina, H_efa, Israel	IS	IS04	18312	32.5232	34.945	-779490	20251013181500	https://www.islamicinvitationturkey.com/hezbollah-intensifies-border-clashes-with-israeli-forces-amid-ongoing-2024-conflict/
1268380435	20251013	202510	2025	2025.7753	UAF	FIGHTER						UAF			IRQ	KARBALA	IRQ								0	190	190	19	4	-10.0	3	1	3	-4.66867469879518	4	Binyamina, H_efa, Israel	IS	IS04	18312	32.5232	34.945	-779490	4	Ramyah, Nabatî, Lebanon	LE	LE07	18314	33.1108	35.3103	-809604	4	Ramyah, Nabatî, Lebanon	LE	LE07	18314	33.1108	35.3103	-809604	20251013181500	https://www.islamicinvitationturkey.com/hezbollah-intensifies-border-clashes-with-israeli-forces-amid-ongoing-2024-conflict/
1268380436	20251013	202510	2025	2025.7753	UAF	ARMED MEN						UAF			NGA	NIGERIA	NGA								1	180	180	18	4	-9.0	2	1	2	-6.32911392405063	4	Adoka, Nigeria (general), Nigeria	NI	NI00	22689	7.26667	8.51667	-1997424	4	Ogobia, Benue, Nigeria	NI	NI26	191218	7.3502	8.0483	-2002910	5	Benue State, Benue, Nigeria	NI	NI26	22689	7.33333	8.75	-2002535	20251013181500	https://www.nigerianeye.com/2025/10/gunmen-ambush-police-patrol-in-benue.html
1268380437	20251013	202510	2025	2025.7753	UAF	ARMED MEN						UAF			NGA	NIGERIA	NGA								1	180	180	18	4	-9.0	1	1	1	-6.32911392405063	5	Benue State, Benue, Nigeria	NI	NI26	22689	7.33333	8.75	-2002535	4	Ogobia, Benue, Nigeria	NI	NI26	191218	7.3502	8.0483	-2002910	5	Benue State, Benue, Nigeria	NI	NI26	22689	7.33333	8.75	-2002535	20251013181500	https://www.nigerianeye.com/2025/10/gunmen-ambush-police-patrol-in-benue.html
1268380438	20251013	202510	2025	2025.7753	UKR	UKRAINE	UKR																		0	046	046	04	1	7.0	4	1	4	-4.22343324250681	4	Kyiv, Kyyiv, Misto, Ukraine	UP	UP12	28554	50.4333	30.5167	-1044367	0								3	Washington, District of Columbia, United States	US	USDC	DC001	38.8951	-77.0364	531871	20251013181500	https://www.aljazeera.com/news/2025/10/13/zelenskyy-to-meet-trump-in-dc-as-ukraine-seeks-defence-energy-support
1268380439	20251013	202510	2025	2025.7753	UKR	UKRAINIAN	UKR								UKRGOV	UKRAINE	UKR					GOV			1	036	036	03	1	4.0	2	1	2	1.69491525423729	3	White House, District of Columbia, United States	US	USDC		38.8951	-77.0364	531871	1	Ukraine	UP	UP		49	32	UP	1	Ukraine	UP	UP		49	32	UP	20251013181500	https://biztoc.com/x/e054f5a6edc547a2
1268380440	20251013	202510	2025	2025.7753	UKR	UKRAINE	UKR								USA	UNITED STATES	USA								1	022	022	02	1	3.2	4	1	4	-4.22343324250681	4	Kyiv, Kyyiv, Misto, Ukraine	UP	UP12	28554	50.4333	30.5167	-1044367	3	Washington, District of Columbia, United States	US	USDC	DC001	38.8951	-77.0364	531871	4	Kyiv, Kyyiv, Misto, Ukraine	UP	UP12	28554	50.4333	30.5167	-1044367	20251013181500	https://www.aljazeera.com/news/2025/10/13/zelenskyy-to-meet-trump-in-dc-as-ukraine-seeks-defence-energy-support
1268380441	20251013	202510	2025	2025.7753	UKR	UKRAINE	UKR								USA	UNITED STATES	USA								1	036	036	03	1	4.0	2	1	2	1.69491525423729	3	White House, District of Columbia, United States	US	USDC		38.8951	-77.0364	531871	3	White House, District of Columbia, United States	US	USDC		38.8951	-77.0364	531871	1	Ukraine	UP	UP		49	32	UP	20251013181500	https://biztoc.com/x/e054f5a6edc547a2
1268380442	20251013	202510	2025	2025.7753	UKR	UKRAINE	UKR								USA	UNITED STATES	USA								1	036	036	03	1	4.0	6	1	6	1.69491525423729	1	Ukraine	UP	UP		49	32	UP	3	White House, District of Columbia, United States	US	USDC		38.8951	-77.0364	531871	1	Ukraine	UP	UP		49	32	UP	20251013181500	https://biztoc.com/x/e054f5a6edc547a2
1268380443	20251013	202510	2025	2025.7753	UKR	UKRAINE	UKR								USA	UNITED STATES	USA								1	040	040	04	1	1.0	2	1	2	-4.22343324250681	4	Moscow, Moskva, Russia	RS	RS48	25106	55.7522	37.6156	-2960561	4	Kyiv, Kyyiv, Misto, Ukraine	UP	UP12	28554	50.4333	30.5167	-1044367	4	Moscow, Moskva, Russia	RS	RS48	25106	55.7522	37.6156	-2960561	20251013181500	https://www.aljazeera.com/news/2025/10/13/zelenskyy-to-meet-trump-in-dc-as-ukraine-seeks-defence-energy-support
1268380444	20251013	202510	2025	2025.7753	UKRGOV	UKRAINIAN	UKR					GOV			GOV	PRESIDENT						GOV			1	036	036	03	1	4.0	6	1	6	1.69491525423729	1	Ukraine	UP	UP		49	32	UP	3	White House, District of Columbia, United States	US	USDC		38.8951	-77.0364	531871	1	Ukraine	UP	UP		49	32	UP	20251013181500	https://biztoc.com/x/e054f5a6edc547a2
1268380445	20251013	202510	2025	2025.7753	UKRGOV	UKRAINE	UKR					GOV			UKR	UKRAINIAN	UKR								1	036	036	03	1	4.0	2	1	2	1.69491525423729	1	Ukraine	UP	UP		49	32	UP	3	White House, District of Columbia, United States	US	USDC		38.8951	-77.0364	531871	1	Ukraine	UP	UP		49	32	UP	20251013181500	https://biztoc.com/x/e054f5a6edc547a2
1268380446	20251013	202510	2025	2025.7753	USA	UNITED STATES	USA																		1	010	010	01	1	0.0	1	1	1	-3.3203125	3	Oregon State University, Oregon, United States	US	USOR	OR003	44.5643	-123.275	1147267	0								3	Oregon State University, Oregon, United States	US	USOR		44.5643	-123.275	1147267	20251013181500	https://www.livescience.com/planet-earth/earthquakes/link-between-cascadia-and-san-andreas-fault-earthquakes-discovered-30-years-after-lost-vessel-stumbled-across-key-data
1268380447	20251013	202510	2025	2025.7753	USA	UNITED STATES	USA																		1	010	010	01	1	0.0	2	1	2	-9.14285714285716	3	El Paso, Texas, United States	US	USTX	TX141	31.7587	-106.487	1380946	0								3	El Paso, Texas, United States	US	USTX		31.7587	-106.487	1380946	20251013181500	https://kvia.com/news/abc-7-alert-center/2025/10/13/el-paso-deputies-arrest-man-for-illegal-dumping/
1268380448	20251013	202510	2025	2025.7753	USA	UNITED STATES	USA																		0	010	010	01	1	0.0	4	1	4	-0.838926174496646	3	Lutak Inlet, Alaska, United States	US	USAK	AK100	59.3028	-135.501	1423480	0								3	Lutak Inlet, Alaska, United States	US	USAK		59.3028	-135.501	1423480	20251013181500	https://alaskapublic.org/about/alaska-public-media-events/2025-10-13/timber-company-re-applies-to-store-logs-in-lutak-inlet-after-surveying-sea-floor
1268380449	20251013	202510	2025	2025.7753	USA	UNITED STATES	USA																		0	010	010	01	1	0.0	4	1	2	-3.24300310972901	3	South Hill, Washington, United States	US	USWA	WA053	47.1412	-122.27	1867636	0								3	South Hill, Washington, United States	US	USWA		47.1412	-122.27	1867636	20251013181500	http://www.chronline.com/stories/a-washington-catholic-priest-accused-of-sexual-misconduct-is-removed-and-reported-to-police,388998
1268380450	20251013	202510	2025	2025.7753	USA	UNITED STATES	USA																		1	010	010	01	1	0.0	1	1	1	-3.3203125	3	San Andreas, California, United States	US	USCA	CA009	38.196	-120.68	277590	0								3	San Andreas, California, United States	US	USCA		38.196	-120.68	277590	20251013181500	https://www.livescience.com/planet-earth/earthquakes/link-between-cascadia-and-san-andreas-fault-earthquakes-discovered-30-years-after-lost-vessel-stumbled-across-key-data
1268380451	20251013	202510	2025	2025.7753	USA	UNITED STATES	USA																		1	010	010	01	1	0.0	4	1	4	-4.58265139116203	3	Sun Valley, Idaho, United States	US	USID	ID013	43.6971	-114.352	398200	0								3	Sun Valley, Idaho, United States	US	USID		43.6971	-114.352	398200	20251013181500	https://nypost.com/2025/10/13/entertainment/howard-stern-reveals-if-oprah-winfrey-is-still-his-enemy/
1268380452	20251013	202510	2025	2025.7753	USA	UNITED STATES	USA																		0	010	010	01	1	0.0	4	1	4	2.2667829119442	3	Lovilia, Iowa, United States	US	USIA	IA135	41.1358	-92.9041	458647	0								3	Lovilia, Iowa, United States	US	USIA	IA135	41.1358	-92.9041	458647	20251013181500	https://www.iowapublicradio.org/studioone/news/2025-10-13/bonne-finken-icon
1268380453	20251013	202510	2025	2025.7753	USA	UNITED STATES	USA																		0	010	010	01	1	0.0	4	1	4	-3.24300310972901	3	Catholic University Of America, District of Columbia, United States	US	USDC	DC001	38.9329	-76.9978	531457	0								3	Catholic University Of America, District of Columbia, United States	US	USDC		38.9329	-76.9978	531457	20251013181500	http://www.chronline.com/stories/a-washington-catholic-priest-accused-of-sexual-misconduct-is-removed-and-reported-to-police,388998
1268380454	20251013	202510	2025	2025.7753	USA	UNITED STATES	USA																		1	010	010	01	1	0.0	4	1	4	-9.35672514619883	3	New Bedford Regional Airport, Massachusetts, United States	US	USMA	MA005	41.6738	-70.958	619127	0								3	New Bedford Regional Airport, Massachusetts, United States	US	USMA		41.6738	-70.958	619127	20251013181500	https://nypost.com/2025/10/13/us-news/small-plane-crashes-on-i-95-during-massachusetts-rush-hour-killing-2/
1268380455	20251013	202510	2025	2025.7753	USA	UNITED STATES	USA																		1	010	010	01	1	0.0	4	1	4	-1.94690265486726	3	Scotts Bluff, Nebraska, United States	US	USNE	NE157	41.8666	-103.667	833318	0								3	Scotts Bluff, Nebraska, United States	US	USNE		41.8666	-103.667	833318	20251013181500	https://beatricedailysun.com/news/state-regional/crime-courts/article_2c25e9c9-7910-5a0c-9c63-9eecba4da879.html
1268380456	20251013	202510	2025	2025.7753	USA	MASSACHUSETTS	USA																		0	010	010	01	1	0.0	2	1	2	-4.16666666666667	2	Massachusetts, United States	US	USMA		42.2373	-71.5314	MA	0								3	Boston, Massachusetts, United States	US	USMA	MA025	42.3584	-71.0598	617565	20251013181500	https://www.newsweek.com/two-dead-after-small-plane-crash-in-massachusetts-reports-10871133
1268380457	20251013	202510	2025	2025.7753	USA	UNITED STATES	USA																		1	010	010	01	1	0.0	2	1	2	-2.58751902587519	1	New Zealand	NZ	NZ		-42	174	NZ	0								1	New Zealand	NZ	NZ		-42	174	NZ	20251013181500	https://www.curetoday.com/view/fda-grants-breakthrough-therapy-designation-to-ficerafusp-alfa-in-head-and-neck-cancer
1268380458	20251013	202510	2025	2025.7753	USA	UNITED STATES	USA																		0	012	012	01	1	-0.4	2	1	2	-3.26409495548962	1	Israel	IS	IS		31.5	34.75	IS	0								1	Israel	IS	IS		31.5	34.75	IS	20251013181500	http://www.washingtonjewishweek.com/reston-apple-store-sued-for-religious-discrimination-against-jewish-employee/
1268380459	20251013	202510	2025	2025.7753	USA	THE US	USA																		1	013	013	01	1	0.4	3	1	3	5.12820512820513	1	New Zealand	NZ	NZ		-42	174	NZ	0								1	New Zealand	NZ	NZ		-42	174	NZ	20251013181500	https://www.nbr.co.nz/rich-list-2025/featured-rich-listers-marris-family/
1268380460	20251013	202510	2025	2025.7753	USA	IOWA	USA																		1	015	015	01	1	0.0	14	1	10	-15.2866242038217	3	Cedar Rapids, Iowa, United States	US	USIA	IA113	42.0083	-91.6441	465941	0								3	Cedar Rapids, Iowa, United States	US	USIA		42.0083	-91.6441	465941	20251013181500	https://www.kcrg.com/2025/10/13/teen-charged-2023-murder-case-returns-court-sentencing/
1268380461	20251013	202510	2025	2025.7753	USA	UNITED STATES	USA																		1	015	015	01	1	0.0	3	1	3	-12.2362869198313	2	Kansas, United States	US	USKS		38.5111	-96.8005	KS	0								2	Kansas, United States	US	USKS		38.5111	-96.8005	KS	20251013181500	https://www.koamnewsnow.com/news/crime/mccune-man-to-be-sentenced-for-grandsons-killing/article_6d79271c-6046-4c98-a1dd-c620b273642e.html
1268380462	20251013	202510	2025	2025.7753	USA	UNITED STATES	USA																		0	020	020	02	1	3.0	3	1	3	-5.7356608478803	3	Fort Worth, Texas, United States	US	USTX	TX439	32.7254	-97.3208	1380947	0								3	Fort Worth, Texas, United States	US	USTX		32.7254	-97.3208	1380947	20251013181500	https://www.nbcdfw.com/news/national-international/who-are-released-israeli-hostages-hamas/3931257/
1268380463	20251013	202510	2025	2025.7753	USA	UNITED STATES	USA																		1	030	030	03	1	4.0	2	1	2	8.12182741116751	3	Cumberland County, New Jersey, United States	US	USNJ	NJ011	39.3501	-75.083	882275	0								3	Cumberland County, New Jersey, United States	US	USNJ		39.3501	-75.083	882275	20251013181500	https://snjtoday.com/the-guidance-center-to-honor-john-f-scarpa/
1268380464	20251013	202510	2025	2025.7753	USA	CINCINNATI	USA																		0	033	033	03	1	5.2	2	1	2	0.40916530278232	3	Cincinnati, Ohio, United States	US	USOH	OH061	39.162	-84.4569	1066650	0								3	Cincinnati, Ohio, United States	US	USOH	OH061	39.162	-84.4569	1066650	20251013181500	https://www.wlwt.com/article/cincinnati-public-schools-safe-sleep-lot-homeless-families/69016370
1268380465	20251013	202510	2025	2025.7753	USA	MASSACHUSETTS	USA																		0	033	033	03	1	5.2	6	1	6	-9.35672514619883	3	New Bedford Regional Airport, Massachusetts, United States	US	USMA	MA005	41.6738	-70.958	619127	0								3	New Bedford Regional Airport, Massachusetts, United States	US	USMA		41.6738	-70.958	619127	20251013181500	https://nypost.com/2025/10/13/us-news/small-plane-crashes-on-i-95-during-massachusetts-rush-hour-killing-2/
1268380466	20251013	202510	2025	2025.7753	USA	MASSACHUSETTS	USA																		0	033	033	03	1	5.2	4	1	4	-9.35672514619883	2	Massachusetts, United States	US	USMA		42.2373	-71.5314	MA	0								2	Massachusetts, United States	US	USMA		42.2373	-71.5314	MA	20251013181500	https://nypost.com/2025/10/13/us-news/small-plane-crashes-on-i-95-during-massachusetts-rush-hour-killing-2/
1268380467	20251013	202510	2025	2025.7753	USA	UNITED STATES	USA																		0	036	036	03	1	4.0	2	1	2	3.00668151447662	3	Galion High School, Ohio, United States	US	USOH	OH033	40.7359	-82.7916	1055746	0								3	Galion High School, Ohio, United States	US	USOH		40.7359	-82.7916	1055746	20251013181500	https://www.richlandsource.com/2025/10/13/galions-cameron-fullen-gains-all-state-band-status-for-a-2nd-year/
1268380468	20251013	202510	2025	2025.7753	USA	UNITED STATES	USA																		0	036	036	03	1	4.0	2	1	2	0.51020408163265	3	San Francisco, California, United States	US	USCA	CA075	37.7749	-122.419	277593	0								3	San Francisco, California, United States	US	USCA		37.7749	-122.419	277593	20251013181500	https://www.nbcbayarea.com/news/local/san-francisco-benioff-musk-national-guard/3962820/
1268380469	20251013	202510	2025	2025.7753	USA	UNITED STATES	USA																		0	040	040	04	1	1.0	2	1	2	0.141442715700142	3	Wilson County, North Carolina, United States	US	USNC	NC195	35.7168	-77.9164	1008596	0								3	Wilson County, North Carolina, United States	US	USNC		35.7168	-77.9164	1008596	20251013181500	https://www.wilsontimes.com/news/early-voting-begins-thursday-f1e2c9aa
1268380470	20251013	202510	2025	2025.7753	USA	UNITED STATES	USA																		1	040	040	04	1	1.0	2	1	2	1.28730251609128	2	Vermont, United States	US	USVT		44.0407	-72.7093	VT	0								2	Vermont, United States	US	USVT		44.0407	-72.7093	VT	20251013181500	https://thebulletin.org/2025/10/new-model-inspired-by-forest-fires-could-explain-why-some-ideas-go-viral/
1268380471	20251013	202510	2025	2025.7753	USA	UNITED STATES	USA																		0	042	042	04	1	1.9	1	1	1	-3.24300310972901	3	South Hill, Washington, United States	US	USWA	WA053	47.1412	-122.27	1867636	0								3	South Hill, Washington, United States	US	USWA		47.1412	-122.27	1867636	20251013181500	http://www.chronline.com/stories/a-washington-catholic-priest-accused-of-sexual-misconduct-is-removed-and-reported-to-police,388998
1268380472	20251013	202510	2025	2025.7753	USA	UNITED STATES	USA																		1	042	042	04	1	1.9	8	1	4	-4.58265139116203	3	Sun Valley, Idaho, United States	US	USID	ID013	43.6971	-114.352	398200	0								3	Sun Valley, Idaho, United States	US	USID		43.6971	-114.352	398200	20251013181500	https://nypost.com/2025/10/13/entertainment/howard-stern-reveals-if-oprah-winfrey-is-still-his-enemy/
1268380473	20251013	202510	2025	2025.7753	USA	UNITED STATES	USA																		0	042	042	04	1	1.9	3	1	3	-3.24300310972901	3	Catholic University Of America, District of Columbia, United States	US	USDC	DC001	38.9329	-76.9978	531457	0								2	Washington, United States	US	USWA		47.3917	-121.571	WA	20251013181500	http://www.chronline.com/stories/a-washington-catholic-priest-accused-of-sexual-misconduct-is-removed-and-reported-to-police,388998
1268380474	20251013	202510	2025	2025.7753	USA	UNITED STATES	USA																		0	042	042	04	1	1.9	6	1	6	-0.48543689320389	3	Washington, District of Columbia, United States	US	USDC	DC001	38.8951	-77.0364	531871	0								3	Berkeley, California, United States	US	USCA	CA001	37.8716	-122.273	1658037	20251013181500	https://sundial.csun.edu/198429/news/the-man-behind-the-masterpiece-david-obsts-imprint-on-history/
1268380475	20251013	202510	2025	2025.7753	USA	WASHINGTON	USA																		0	042	042	04	1	1.9	2	1	2	-1.26829268292683	3	Washington, District of Columbia, United States	US	USDC	DC001	38.8951	-77.0364	531871	0								2	New York, United States	US	USNY		42.1497	-74.9384	NY	20251013181500	https://www.latimes.com/world-nation/story/2025-10-13/trumps-intervention-in-washington-prompts-calls-for-its-18-term-house-delegate-to-step-down
1268380476	20251013	202510	2025	2025.7753	USA	UNITED STATES	USA																		1	043	043	04	1	2.8	5	1	5	2.26876090750436	3	Westport, Connecticut, United States	US	USCT	CT001	41.1415	-73.3579	212029	0								3	Westport, Connecticut, United States	US	USCT	CT001	41.1415	-73.3579	212029	20251013181500	https://dailybulldog.com/arts/vienna-hosts-aztec-two-step-2-0/
1268380477	20251013	202510	2025	2025.7753	USA	UNITED STATES	USA																		1	043	043	04	1	2.8	2	1	2	-4.58265139116203	3	Sun Valley, Idaho, United States	US	USID	ID013	43.6971	-114.352	398200	0								3	New Orleans, Louisiana, United States	US	USLA		29.9546	-90.0751	1629985	20251013181500	https://nypost.com/2025/10/13/entertainment/howard-stern-reveals-if-oprah-winfrey-is-still-his-enemy/
1268380478	20251013	202510	2025	2025.7753	USA	UNITED STATES	USA																		1	043	043	04	1	2.8	2	1	2	-4.58265139116203	3	Sun Valley, Idaho, United States	US	USID	ID013	43.6971	-114.352	398200	0								3	Sun Valley, Idaho, United States	US	USID		43.6971	-114.352	398200	20251013181500	https://nypost.com/2025/10/13/entertainment/howard-stern-reveals-if-oprah-winfrey-is-still-his-enemy/
1268380479	20251013	202510	2025	2025.7753	USA	UNITED STATES	USA																		1	043	043	04	1	2.8	3	1	3	2.26876090750436	2	Connecticut, United States	US	USCT		41.5834	-72.7622	CT	0								3	Westport, Connecticut, United States	US	USCT	CT001	41.1415	-73.3579	212029	20251013181500	https://dailybulldog.com/arts/vienna-hosts-aztec-two-step-2-0/
1268380480	20251013	202510	2025	2025.7753	USA	UNITED STATES	USA																		0	045	045	04	1	5.0	2	1	2	-3.24300310972901	3	Catholic University Of America, District of Columbia, United States	US	USDC	DC001	38.9329	-76.9978	531457	0								3	Catholic University Of America, District of Columbia, United States	US	USDC		38.9329	-76.9978	531457	20251013181500	http://www.chronline.com/stories/a-washington-catholic-priest-accused-of-sexual-misconduct-is-removed-and-reported-to-police,388998
1268380481	20251013	202510	2025	2025.7753	USA	UNITED STATES	USA																		0	046	046	04	1	7.0	2	1	2	5.55555555555556	3	North Mankato, Minnesota, United States	US	USMN	MN103	44.1733	-94.0338	648669	0								3	North Mankato, Minnesota, United States	US	USMN		44.1733	-94.0338	648669	20251013181500	https://www.mankatofreepress.com/news/local_news/credit-union-employees-plus-it-forward-at-nonprofit-that-feeds-students/article_f0a9f4df-de37-4e1b-ae99-751b04fe0ad3.html
1268380482	20251013	202510	2025	2025.7753	USA	THE US	USA																		0	050	050	05	1	3.5	10	1	10	-0.38037276531	4	Metsamor, Armavir, Armenia	AM	AM03	4898	40.073	44.2896	-2325150	0								4	Metsamor, Armavir, Armenia	AM	AM03	4898	40.073	44.2896	-2325150	20251013181500	https://mirrorspectator.com/2025/10/13/evn-report-takes-on-the-washington-accords-at-mit/
1268380483	20251013	202510	2025	2025.7753	USA	UNITED STATES	USA																		0	050	050	05	1	3.5	1	1	1	-0.38037276531	3	Washington, District of Columbia, United States	US	USDC	DC001	38.8951	-77.0364	531871	0								4	Metsamor, Armavir, Armenia	AM	AM03	4898	40.073	44.2896	-2325150	20251013181500	https://mirrorspectator.com/2025/10/13/evn-report-takes-on-the-washington-accords-at-mit/
1268380484	20251013	202510	2025	2025.7753	USA	UNITED STATES	USA																		0	050	050	05	1	3.5	1	1	1	-0.38037276531	1	China	CH	CH		35	105	CH	0								3	Washington, District of Columbia, United States	US	USDC	DC001	38.8951	-77.0364	531871	20251013181500	https://mirrorspectator.com/2025/10/13/evn-report-takes-on-the-washington-accords-at-mit/
1268380485	20251013	202510	2025	2025.7753	USA	UNITED STATES	USA																		0	051	051	05	1	3.4	2	1	2	-5.7356608478803	3	Fort Worth, Texas, United States	US	USTX	TX439	32.7254	-97.3208	1380947	0								4	Gaza, Israel (general), Israel	IS	IS00	18315	31.4167	34.3333	-797156	20251013181500	https://www.nbcdfw.com/news/national-international/who-are-released-israeli-hostages-hamas/3931257/
1268380486	20251013	202510	2025	2025.7753	USA	UNITED STATES	USA																		0	051	051	05	1	3.4	2	1	2	-5.7356608478803	3	Fort Worth, Texas, United States	US	USTX	TX439	32.7254	-97.3208	1380947	0								3	Fort Worth, Texas, United States	US	USTX		32.7254	-97.3208	1380947	20251013181500	https://www.nbcdfw.com/news/national-international/who-are-released-israeli-hostages-hamas/3931257/
1268380487	20251013	202510	2025	2025.7753	USA	UNITED STATES	USA																		0	051	051	05	1	3.4	4	1	4	4.29362880886426	3	Heritage Center, Georgia, United States	US	USGA	GA299	31.2341	-82.3826	357683	0								3	Heritage Center, Georgia, United States	US	USGA		31.2341	-82.3826	357683	20251013181500	https://www.chattanoogan.com/2025/10/13/509849/National-Medal-of-Honor-Heritage-Center.aspx
1268380488	20251013	202510	2025	2025.7753	USA	COLUMBUS	USA																		1	060	060	06	2	6.0	10	1	10	4.337899543379	3	Mankato, Minnesota, United States	US	USMN	MN013	44.1636	-93.9994	647438	0								3	Mankato, Minnesota, United States	US	USMN	MN013	44.1636	-93.9994	647438	20251013181500	https://www.mankatofreepress.com/news/local_news/names-and-notables/article_da4db49d-5672-437a-a0e5-f59a1d0e1366.html
1268380489	20251013	202510	2025	2025.7753	USA	MISSOURI	USA																		0	060	060	06	2	6.0	2	1	2	0.75642965204236	3	Boone County, Missouri, United States	US	USMO	MO019	39.0334	-92.3335	758464	0								3	Boone County, Missouri, United States	US	USMO		39.0334	-92.3335	758464	20251013181500	https://www.kbia.org/missouri-news-network/2025-10-13/buffaloe-looks-to-student-involvement-in-response-to-downtown-violence
1268380490	20251013	202510	2025	2025.7753	USA	WYOMING	USA																		1	060	060	06	2	6.0	3	1	3	-1.94690265486726	3	Scotts Bluff, Nebraska, United States	US	USNE	NE157	41.8666	-103.667	833318	0								3	Scotts Bluff, Nebraska, United States	US	USNE		41.8666	-103.667	833318	20251013181500	https://beatricedailysun.com/news/state-regional/crime-courts/article_2c25e9c9-7910-5a0c-9c63-9eecba4da879.html
1268380491	20251013	202510	2025	2025.7753	USA	UNITED STATES	USA																		0	061	061	06	2	6.4	1	1	1	-1.66297117516629	3	Hollywood, California, United States	US	USCA	CA037	34.0983	-118.327	1660757	0								3	Hollywood, California, United States	US	USCA	CA037	34.0983	-118.327	1660757	20251013181500	https://nypost.com/2025/10/13/media/heres-why-david-zaslav-isnt-tolerating-paramounts-lowball-offer-for-warner-bros-discovery/
1268380492	20251013	202510	2025	2025.7753	USA	UNITED STATES	USA																		0	070	070	07	2	7.0	4	2	4	-2.56182100254474	2	Michigan, United States	US	USMI		43.3504	-84.5603	MI	0								2	Michigan, United States	US	USMI		43.3504	-84.5603	MI	20251013181500	https://www.seattletimes.com/nation-world/fact-focus-with-a-truce-in-israel-trump-now-says-hes-ended-eight-wars-his-numbers-are-off/
1268380493	20251013	202510	2025	2025.7753	USA	UNITED STATES	USA																		0	071	071	07	2	7.4	1	1	1	-0.38037276531	1	China	CH	CH		35	105	CH	0								3	Washington, District of Columbia, United States	US	USDC	DC001	38.8951	-77.0364	531871	20251013181500	https://mirrorspectator.com/2025/10/13/evn-report-takes-on-the-washington-accords-at-mit/
1268380494	20251013	202510	2025	2025.7753	USA	UNITED STATES	USA																		0	084	084	08	2	7.0	3	1	3	-5.7356608478803	3	Fort Worth, Texas, United States	US	USTX	TX439	32.7254	-97.3208	1380947	0								3	Fort Worth, Texas, United States	US	USTX		32.7254	-97.3208	1380947	20251013181500	https://www.nbcdfw.com/news/national-international/who-are-released-israeli-hostages-hamas/3931257/
1268380495	20251013	202510	2025	2025.7753	USA	MISSOURI	USA																		0	084	084	08	2	7.0	2	1	2	0.75642965204236	3	Boone County, Missouri, United States	US	USMO	MO019	39.0334	-92.3335	758464	0								2	Missouri, United States	US	USMO		38.4623	-92.302	MO	20251013181500	https://www.kbia.org/missouri-news-network/2025-10-13/buffaloe-looks-to-student-involvement-in-response-to-downtown-violence
1268380496	20251013	202510	2025	2025.7753	USA	MISSOURI	USA																		0	084	084	08	2	7.0	2	1	2	0.75642965204236	2	Missouri, United States	US	USMO		38.4623	-92.302	MO	0								2	Missouri, United States	US	USMO		38.4623	-92.302	MO	20251013181500	https://www.kbia.org/missouri-news-network/2025-10-13/buffaloe-looks-to-student-involvement-in-response-to-downtown-violence
1268380497	20251013	202510	2025	2025.7753	USA	UNITED STATES	USA																		0	090	090	09	2	-2.0	2	1	2	-7.7762619372442	2	New York, United States	US	USNY		42.1497	-74.9384	NY	0								3	Philadelphia, Pennsylvania, United States	US	USPA	PA101	39.9523	-75.1638	1209052	20251013181500	https://www.dailymail.co.uk/news/article-15188473/ellen-greenberg-philadelphia-suicide-stabbing-death-ruling.html
1268380498	20251013	202510	2025	2025.7753	USA	WASHINGTON	USA																		1	090	090	09	2	-2.0	10	1	10	-4.11311053984576	2	Washington, United States	US	USWA		47.3917	-121.571	WA	0								2	Oregon, United States	US	USOR		44.5672	-122.127	OR	20251013181500	https://newrepublic.com/post/201697/airports-pushing-back-kristi-noem-shutdown-propaganda
1268380499	20251013	202510	2025	2025.7753	USA	UNITED STATES	USA																		0	110	110	11	3	-2.0	1	1	1	-3.3203125	3	Cascadia, Oregon, United States	US	USOR	OR043	44.3973	-122.482	1139425	0								3	San Andreas, California, United States	US	USCA		38.196	-120.68	277590	20251013181500	https://www.livescience.com/planet-earth/earthquakes/link-between-cascadia-and-san-andreas-fault-earthquakes-discovered-30-years-after-lost-vessel-stumbled-across-key-data
1268380500	20251013	202510	2025	2025.7753	USA	UNITED STATES	USA																		0	110	110	11	3	-2.0	1	1	1	-3.3203125	3	San Andreas, California, United States	US	USCA	CA009	38.196	-120.68	277590	0								3	San Andreas, California, United States	US	USCA		38.196	-120.68	277590	20251013181500	https://www.livescience.com/planet-earth/earthquakes/link-between-cascadia-and-san-andreas-fault-earthquakes-discovered-30-years-after-lost-vessel-stumbled-across-key-data
1268380501	20251013	202510	2025	2025.7753	USA	THE US	USA																		1	110	110	11	3	-2.0	3	1	3	5.12820512820513	1	New Zealand	NZ	NZ		-42	174	NZ	0								1	New Zealand	NZ	NZ		-42	174	NZ	20251013181500	https://www.nbr.co.nz/rich-list-2025/featured-rich-listers-marris-family/
1268380502	20251013	202510	2025	2025.7753	USA	UNITED STATES	USA																		1	110	110	11	3	-2.0	4	1	4	1.66112956810632	1	Syria	SY	SY		35	38	SY	0								1	Syria	SY	SY		35	38	SY	20251013181500	http://www.washingtonjewishweek.com/8-interesting-events-coming-up-in-jewish-dmv-12/
1268380503	20251013	202510	2025	2025.7753	USA	UNITED STATES	USA																		0	112	112	11	3	-2.0	4	1	4	-3.24300310972901	3	Catholic University Of America, District of Columbia, United States	US	USDC	DC001	38.9329	-76.9978	531457	0								3	Catholic University Of America, District of Columbia, United States	US	USDC		38.9329	-76.9978	531457	20251013181500	http://www.chronline.com/stories/a-washington-catholic-priest-accused-of-sexual-misconduct-is-removed-and-reported-to-police,388998
1268380504	20251013	202510	2025	2025.7753	USA	UNITED STATES	USA																		1	114	114	11	3	-2.0	4	1	4	4.29362880886426	3	Heritage Center, Georgia, United States	US	USGA	GA299	31.2341	-82.3826	357683	0								3	Heritage Center, Georgia, United States	US	USGA		31.2341	-82.3826	357683	20251013181500	https://www.chattanoogan.com/2025/10/13/509849/National-Medal-of-Honor-Heritage-Center.aspx
1268380505	20251013	202510	2025	2025.7753	USA	UNITED STATES	USA																		0	129	129	12	3	-5.0	2	1	2	-2.68456375838926	3	Springfield, Illinois, United States	US	USIL	IL167	39.8017	-89.6437	426595	0								3	Springfield, Illinois, United States	US	USIL	IL167	39.8017	-89.6437	426595	20251013181500	https://www.chicagotribune.com/2025/10/13/cta-fare-hikes-budget/
1268380506	20251013	202510	2025	2025.7753	USA	UNITED STATES	USA																		0	173	173	17	4	-5.0	2	1	2	-0.48543689320389	2	California, United States	US	USCA		36.17	-119.746	CA	0								2	New York, United States	US	USNY		42.1497	-74.9384	NY	20251013181500	https://sundial.csun.edu/198429/news/the-man-behind-the-masterpiece-david-obsts-imprint-on-history/
1268380507	20251013	202510	2025	2025.7753	USA	UNITED STATES	USA																		1	182	182	18	4	-9.5	2	1	2	-7.7762619372442	3	Philadelphia, Pennsylvania, United States	US	USPA	PA101	39.9523	-75.1638	1209052	0								3	Philadelphia, Pennsylvania, United States	US	USPA	PA101	39.9523	-75.1638	1209052	20251013181500	https://www.dailymail.co.uk/news/article-15188473/ellen-greenberg-philadelphia-suicide-stabbing-death-ruling.html
1268380508	20251013	202510	2025	2025.7753	USA	PHILADELPHIA	USA																		1	182	182	18	4	-9.5	8	1	8	-7.7762619372442	2	New York, United States	US	USNY		42.1497	-74.9384	NY	0								2	New York, United States	US	USNY		42.1497	-74.9384	NY	20251013181500	https://www.dailymail.co.uk/news/article-15188473/ellen-greenberg-philadelphia-suicide-stabbing-death-ruling.html
1268380509	20251013	202510	2025	2025.7753	USA	UNITED STATES	USA																		1	190	190	19	4	-10.0	8	2	8	2.21327967806841	3	Hollywood, California, United States	US	USCA	CA037	34.0983	-118.327	1660757	0								2	Vermont, United States	US	USVT		44.0407	-72.7093	VT	20251013181500	https://www.themorningsun.com/2025/10/13/diane-keaton-movies-where-to-watch/
1268380510	20251013	202510	2025	2025.7753	USA	UNITED STATES	USA																		1	190	190	19	4	-10.0	4	1	4	-15.2866242038217	3	Cedar Rapids, Iowa, United States	US	USIA	IA113	42.0083	-91.6441	465941	0								3	Cedar Rapids, Iowa, United States	US	USIA		42.0083	-91.6441	465941	20251013181500	https://www.kcrg.com/2025/10/13/teen-charged-2023-murder-case-returns-court-sentencing/
1268380511	20251013	202510	2025	2025.7753	USA	UNITED STATES	USA																		1	193	193	19	4	-10.0	6	1	6	-15.2866242038217	3	Cedar Rapids, Iowa, United States	US	USIA	IA113	42.0083	-91.6441	465941	0								3	Cedar Rapids, Iowa, United States	US	USIA		42.0083	-91.6441	465941	20251013181500	https://www.kcrg.com/2025/10/13/teen-charged-2023-murder-case-returns-court-sentencing/
1268380512	20251013	202510	2025	2025.7753	USA	IOWA	USA																		1	193	193	19	4	-10.0	4	1	4	-15.2866242038217	2	Iowa, United States	US	USIA		42.0046	-93.214	IA	0								3	Cedar Rapids, Iowa, United States	US	USIA		42.0083	-91.6441	465941	20251013181500	https://www.kcrg.com/2025/10/13/teen-charged-2023-murder-case-returns-court-sentencing/
1268380513	20251013	202510	2025	2025.7753	USA	UNITED STATES	USA								ARE	UNITED ARAB EMIRATES	ARE								1	061	061	06	2	6.4	10	1	10	3.09090909090909	1	India	IN	IN		20	77	IN	1	India	IN	IN		20	77	IN	1	India	IN	IN		20	77	IN	20251013181500	https://theindianawaaz.com/indias-electronics-surge-powers-jobs-exports-and-global-industry-growth/
1268380514	20251013	202510	2025	2025.7753	USA	THE US	USA								ARM	ARMENIA	ARM								0	110	110	11	3	-2.0	10	1	10	-0.38037276531	4	Metsamor, Armavir, Armenia	AM	AM03	4898	40.073	44.2896	-2325150	4	Metsamor, Armavir, Armenia	AM	AM03	4898	40.073	44.2896	-2325150	4	Metsamor, Armavir, Armenia	AM	AM03	4898	40.073	44.2896	-2325150	20251013181500	https://mirrorspectator.com/2025/10/13/evn-report-takes-on-the-washington-accords-at-mit/
1268380515	20251013	202510	2025	2025.7753	USA	UNITED STATES	USA								ARM	ARMENIAN	ARM								0	203	203	20	4	-10.0	3	1	3	-0.38037276531	3	Washington, District of Columbia, United States	US	USDC	DC001	38.8951	-77.0364	531871	4	Metsamor, Armavir, Armenia	AM	AM03	4898	40.073	44.2896	-2325150	4	Metsamor, Armavir, Armenia	AM	AM03	4898	40.073	44.2896	-2325150	20251013181500	https://mirrorspectator.com/2025/10/13/evn-report-takes-on-the-washington-accords-at-mit/
1268380516	20251013	202510	2025	2025.7753	USA	UNITED STATES	USA								BHS	BAHAMA	BHS								1	042	042	04	1	1.9	1	1	1	2.99295774647888	3	Washington, District of Columbia, United States	US	USDC	DC001	38.8951	-77.0364	531871	3	Washington, District of Columbia, United States	US	USDC	DC001	38.8951	-77.0364	531871	3	Washington, District of Columbia, United States	US	USDC	DC001	38.8951	-77.0364	531871	20251013181500	https://economictimes.indiatimes.com/news/international/us/social-security-shutdown-all-1400-offices-closed-nationwide-for-24-hours-know-the-reason/articleshow/124533062.cms
1268380517	20251013	202510	2025	2025.7753	USA	UNITED STATES	USA								BHS	BAHAMA	BHS								1	042	042	04	1	1.9	1	1	1	2.99295774647888	3	Washington, District of Columbia, United States	US	USDC	DC001	38.8951	-77.0364	531871	1	Bahamas, The	BF	BF		24	-76	BF	1	Bahamas, The	BF	BF		24	-76	BF	20251013181500	https://economictimes.indiatimes.com/news/international/us/social-security-shutdown-all-1400-offices-closed-nationwide-for-24-hours-know-the-reason/articleshow/124533062.cms
1268380518	20251013	202510	2025	2025.7753	USA	COLUMBUS	USA								BHS	BAHAMA	BHS								1	051	051	05	1	3.4	1	1	1	2.99295774647888	1	Bahamas, The	BF	BF		24	-76	BF	1	Bahamas, The	BF	BF		24	-76	BF	2	New York, United States	US	USNY		42.1497	-74.9384	NY	20251013181500	https://economictimes.indiatimes.com/news/international/us/social-security-shutdown-all-1400-offices-closed-nationwide-for-24-hours-know-the-reason/articleshow/124533062.cms
1268380519	20251013	202510	2025	2025.7753	USA	UNITED STATES	USA								BUS	BUSINESS						BUS			0	071	071	07	2	7.4	2	1	2	-1.05124835742444	3	San Francisco, California, United States	US	USCA	CA075	37.7749	-122.419	277593	3	San Francisco, California, United States	US	USCA		37.7749	-122.419	277593	3	San Francisco, California, United States	US	USCA		37.7749	-122.419	277593	20251013181500	https://www.pressdemocrat.com/2025/10/10/marc-benioff-says-trump-should-send-guard-troops-to-san-francisco__trashed/
1268380520	20251013	202510	2025	2025.7753	USA	UNITED STATES	USA								BUS	BUSINESS						BUS			0	071	071	07	2	7.4	2	1	2	-1.05124835742444	3	San Francisco, California, United States	US	USCA	CA075	37.7749	-122.419	277593	3	White House, District of Columbia, United States	US	USDC		38.8951	-77.0364	531871	3	San Francisco, California, United States	US	USCA		37.7749	-122.419	277593	20251013181500	https://www.pressdemocrat.com/2025/10/10/marc-benioff-says-trump-should-send-guard-troops-to-san-francisco__trashed/
1268380521	20251013	202510	2025	2025.7753	USA	UNITED STATES	USA								CHR	CHRISTIAN				CHR					1	042	042	04	1	1.9	4	1	2	-4.58265139116203	3	Sun Valley, Idaho, United States	US	USID	ID013	43.6971	-114.352	398200	2	New York, United States	US	USNY		42.1497	-74.9384	NY	2	New York, United States	US	USNY		42.1497	-74.9384	NY	20251013181500	https://nypost.com/2025/10/13/entertainment/howard-stern-reveals-if-oprah-winfrey-is-still-his-enemy/
1268380522	20251013	202510	2025	2025.7753	USA	UNITED STATES	USA								CHRCTH441	FRANCISCANS				CHR	CTH				0	013	013	01	1	0.4	4	1	4	-1.05124835742444	3	San Francisco, California, United States	US	USCA	CA075	37.7749	-122.419	277593	3	San Francisco, California, United States	US	USCA		37.7749	-122.419	277593	3	San Francisco, California, United States	US	USCA		37.7749	-122.419	277593	20251013181500	https://www.pressdemocrat.com/2025/10/10/marc-benioff-says-trump-should-send-guard-troops-to-san-francisco__trashed/
1268380523	20251013	202510	2025	2025.7753	USA	MASSACHUSETTS	USA								COP	POLICE						COP			1	010	010	01	1	0.0	10	1	10	-4.16666666666667	3	Boston, Massachusetts, United States	US	USMA	MA025	42.3584	-71.0598	617565	3	Boston, Massachusetts, United States	US	USMA	MA025	42.3584	-71.0598	617565	3	Boston, Massachusetts, United States	US	USMA	MA025	42.3584	-71.0598	617565	20251013181500	https://www.newsweek.com/two-dead-after-small-plane-crash-in-massachusetts-reports-10871133
1268380524	20251013	202510	2025	2025.7753	USA	UNITED STATES	USA								COP	POLICE OFFICER						COP			0	030	030	03	1	4.0	4	1	4	0.51020408163265	3	San Francisco, California, United States	US	USCA	CA075	37.7749	-122.419	277593	3	San Francisco, California, United States	US	USCA		37.7749	-122.419	277593	3	San Francisco, California, United States	US	USCA		37.7749	-122.419	277593	20251013181500	https://www.nbcbayarea.com/news/local/san-francisco-benioff-musk-national-guard/3962820/
1268380525	20251013	202510	2025	2025.7753	USA	UNITED STATES	USA								COP	POLICE OFFICER						COP			0	0311	031	03	1	5.2	4	1	4	0.51020408163265	3	San Francisco, California, United States	US	USCA	CA075	37.7749	-122.419	277593	3	San Francisco, California, United States	US	USCA		37.7749	-122.419	277593	3	San Francisco, California, United States	US	USCA		37.7749	-122.419	277593	20251013181500	https://www.nbcbayarea.com/news/local/san-francisco-benioff-musk-national-guard/3962820/
1268380526	20251013	202510	2025	2025.7753	USA	TEXAS	USA								COP	DEPUTIES						COP			1	173	173	17	4	-5.0	10	1	10	-9.14285714285716	3	El Paso, Texas, United States	US	USTX	TX141	31.7587	-106.487	1380946	3	El Paso, Texas, United States	US	USTX		31.7587	-106.487	1380946	3	El Paso, Texas, United States	US	USTX		31.7587	-106.487	1380946	20251013181500	https://kvia.com/news/abc-7-alert-center/2025/10/13/el-paso-deputies-arrest-man-for-illegal-dumping/
1268380527	20251013	202510	2025	2025.7753	USA	MASSACHUSETTS	USA								COPMED	POLICE						COP	MED		0	010	010	01	1	0.0	1	1	1	-4.16666666666667	2	Massachusetts, United States	US	USMA		42.2373	-71.5314	MA	3	Boston, Massachusetts, United States	US	USMA	MA025	42.3584	-71.0598	617565	3	Boston, Massachusetts, United States	US	USMA	MA025	42.3584	-71.0598	617565	20251013181500	https://www.newsweek.com/two-dead-after-small-plane-crash-in-massachusetts-reports-10871133
1268380528	20251013	202510	2025	2025.7753	USA	MASSACHUSETTS	USA								COPMED	POLICE						COP	MED		0	010	010	01	1	0.0	6	1	6	-4.16666666666667	2	Massachusetts, United States	US	USMA		42.2373	-71.5314	MA	2	Massachusetts, United States	US	USMA		42.2373	-71.5314	MA	3	Boston, Massachusetts, United States	US	USMA	MA025	42.3584	-71.0598	617565	20251013181500	https://www.newsweek.com/two-dead-after-small-plane-crash-in-massachusetts-reports-10871133
1268380529	20251013	202510	2025	2025.7753	USA	UNITED STATES	USA								CRM	FELON						CRM			1	173	173	17	4	-5.0	4	1	4	-4.9645390070922	3	Jefferson County, Kentucky, United States	US	USKY	KY111	38.1834	-85.65	516902	3	Jefferson County, Kentucky, United States	US	USKY		38.1834	-85.65	516902	3	Jefferson County, Kentucky, United States	US	USKY		38.1834	-85.65	516902	20251013181500	https://www.wkyt.com/2025/10/11/legal-analyst-talks-recent-ruling-that-says-kentucky-felons-cannot-possess-firearms/
1268380530	20251013	202510	2025	2025.7753	USA	UNITED STATES	USA								CRM	FELON						CRM			1	173	173	17	4	-5.0	4	1	4	-4.9645390070922	2	Kentucky, United States	US	USKY		37.669	-84.6514	KY	2	Kentucky, United States	US	USKY		37.669	-84.6514	KY	2	Kentucky, United States	US	USKY		37.669	-84.6514	KY	20251013181500	https://www.wkyt.com/2025/10/11/legal-analyst-talks-recent-ruling-that-says-kentucky-felons-cannot-possess-firearms/
1268380531	20251013	202510	2025	2025.7753	USA	AMERICAN	USA								CUB	CUBA	CUB								1	051	051	05	1	3.4	2	1	2	4.62724935732648	4	Machu Picchu, Cusco, Peru	PE	PE08	24084	-13.1583	-72.5314	-353770	4	Machu Picchu, Cusco, Peru	PE	PE08	24084	-13.1583	-72.5314	-353770	1	Cuba	CU	CU		22	-79.5	CU	20251013181500	https://www.billboard.com/music/latin/gloria-estefan-npr-tiny-desk-concert-1236087740/
1268380532	20251013	202510	2025	2025.7753	USA	AMERICAN	USA								CUB	CUBAN	CUB								1	051	051	05	1	3.4	6	1	6	4.62724935732648	3	Miami, Florida, United States	US	USFL	FL086	25.7743	-80.1937	295004	3	Miami, Florida, United States	US	USFL	FL086	25.7743	-80.1937	295004	3	Miami, Florida, United States	US	USFL	FL086	25.7743	-80.1937	295004	20251013181500	https://www.billboard.com/music/latin/gloria-estefan-npr-tiny-desk-concert-1236087740/
1268380533	20251013	202510	2025	2025.7753	USA	AMERICAN	USA								CUB	CUBA	CUB								1	051	051	05	1	3.4	2	1	2	4.62724935732648	3	Miami, Florida, United States	US	USFL	FL086	25.7743	-80.1937	295004	3	Miami, Florida, United States	US	USFL	FL086	25.7743	-80.1937	295004	1	Cuba	CU	CU		22	-79.5	CU	20251013181500	https://www.billboard.com/music/latin/gloria-estefan-npr-tiny-desk-concert-1236087740/
1268380534	20251013	202510	2025	2025.7753	USA	NORTH CAROLINA	USA								CVL	VOTER						CVL			0	010	010	01	1	0.0	10	1	10	0.141442715700142	2	North Carolina, United States	US	USNC		35.6411	-79.8431	NC	2	North Carolina, United States	US	USNC		35.6411	-79.8431	NC	2	North Carolina, United States	US	USNC		35.6411	-79.8431	NC	20251013181500	https://www.wilsontimes.com/news/early-voting-begins-thursday-f1e2c9aa
1268380535	20251013	202510	2025	2025.7753	USA	COLUMBUS	USA								CVL	INDIGENOUS PEOPLE						CVL			0	015	015	01	1	0.0	3	1	3	1.1015911872705	2	California, United States	US	USCA		36.17	-119.746	CA	2	California, United States	US	USCA		36.17	-119.746	CA	2	California, United States	US	USCA		36.17	-119.746	CA	20251013181500	https://www.cleveland.com/news/2025/10/columbus-ohio-could-lose-federal-money-under-ohio-congressmans-columbus-day-bill.html
1268380536	20251013	202510	2025	2025.7753	USA	COLUMBUS	USA								CVL	INDIGENOUS PEOPLE						CVL			0	015	015	01	1	0.0	1	1	1	1.1015911872705	1	Italy	IT	IT		42.833333	12.833333	IT	1	Italy	IT	IT		42.833333	12.833333	IT	1	Italy	IT	IT		42.833333	12.833333	IT	20251013181500	https://www.cleveland.com/news/2025/10/columbus-ohio-could-lose-federal-money-under-ohio-congressmans-columbus-day-bill.html
1268380537	20251013	202510	2025	2025.7753	USA	UNITED STATES	USA								CVL	COMMUNITY						CVL			0	018	018	01	1	3.4	2	1	2	-1.96850393700788	3	Sacramento, California, United States	US	USCA	CA067	38.5816	-121.494	1659564	3	Sacramento, California, United States	US	USCA	CA067	38.5816	-121.494	1659564	3	Sacramento, California, United States	US	USCA	CA067	38.5816	-121.494	1659564	20251013181500	https://www.ems1.com/line-of-duty-death-lodd/procession-honors-flight-nurse-killed-in-calif-medical-helicopter-crash
1268380538	20251013	202510	2025	2025.7753	USA	UNITED STATES	USA								CVL	RESIDENTS						CVL			0	020	020	02	1	3.0	4	1	4	-2.69005847953217	4	Wekusko, Manitoba, Canada	CA	CA03	154724	54.5	-99.5167	-575707	4	Wekusko, Manitoba, Canada	CA	CA03	154724	54.5	-99.5167	-575707	4	Wekusko, Manitoba, Canada	CA	CA03	154724	54.5	-99.5167	-575707	20251013181500	https://www.cbc.ca/news/canada/manitoba/major-winter-storm-hits-parts-of-northern-manitoba-9.6936857
1268380539	20251013	202510	2025	2025.7753	USA	UNITED STATES	USA								CVL	COMMUNITY						CVL			0	0311	031	03	1	5.2	4	1	4	-0.85632730732636	3	Altadena, California, United States	US	USCA	CA037	34.1897	-118.131	1652662	3	Altadena, California, United States	US	USCA	CA037	34.1897	-118.131	1652662	3	Altadena, California, United States	US	USCA	CA037	34.1897	-118.131	1652662	20251013181500	https://nypost.com/2025/10/13/real-estate/edwin-castro-is-buying-lots-damaged-in-the-la-wildfires/
1268380540	20251013	202510	2025	2025.7753	USA	UNITED STATES	USA								CVL	COMMUNITY						CVL			0	042	042	04	1	1.9	5	1	5	0.75642965204236	3	Boone County, Missouri, United States	US	USMO	MO019	39.0334	-92.3335	758464	3	Boone County, Missouri, United States	US	USMO		39.0334	-92.3335	758464	3	Boone County, Missouri, United States	US	USMO		39.0334	-92.3335	758464	20251013181500	https://www.kbia.org/missouri-news-network/2025-10-13/buffaloe-looks-to-student-involvement-in-response-to-downtown-violence
1268380541	20251013	202510	2025	2025.7753	USA	UNITED STATES	USA								CVL	COMMUNITY						CVL			0	042	042	04	1	1.9	1	1	1	0.75642965204236	2	Missouri, United States	US	USMO		38.4623	-92.302	MO	2	Missouri, United States	US	USMO		38.4623	-92.302	MO	2	Missouri, United States	US	USMO		38.4623	-92.302	MO	20251013181500	https://www.kbia.org/missouri-news-network/2025-10-13/buffaloe-looks-to-student-involvement-in-response-to-downtown-violence
1268380542	20251013	202510	2025	2025.7753	USA	UNITED STATES	USA								CVL	VILLAGE						CVL			1	043	043	04	1	2.8	2	1	2	-0.45366169799093	2	New York, United States	US	USNY		42.1497	-74.9384	NY	2	New York, United States	US	USNY		42.1497	-74.9384	NY	2	New York, United States	US	USNY		42.1497	-74.9384	NY	20251013181500	https://www.dailymail.co.uk/tvshowbiz/article-15188391/Jennifer-Aniston-terrified-make-career-Gwyneth-Paltrow-Scarlett-Johansson-done.html
1268380543	20251013	202510	2025	2025.7753	USA	UNITED STATES	USA								CVL	VILLAGE						CVL			1	043	043	04	1	2.8	2	1	2	-0.45366169799093	2	New York, United States	US	USNY		42.1497	-74.9384	NY	2	Texas, United States	US	USTX		31.106	-97.6475	TX	2	New York, United States	US	USNY		42.1497	-74.9384	NY	20251013181500	https://www.dailymail.co.uk/tvshowbiz/article-15188391/Jennifer-Aniston-terrified-make-career-Gwyneth-Paltrow-Scarlett-Johansson-done.html
1268380544	20251013	202510	2025	2025.7753	USA	UNITED STATES	USA								CVL	COMMUNITY						CVL			1	051	051	05	1	3.4	8	1	8	1.30434782608695	3	Bucksnort, Tennessee, United States	US	USTN	TN081	35.8856	-87.6845	1314762	3	Bucksnort, Tennessee, United States	US	USTN	TN081	35.8856	-87.6845	1314762	3	Bucksnort, Tennessee, United States	US	USTN	TN081	35.8856	-87.6845	1314762	20251013181500	https://www.wbbjtv.com/2025/10/13/the-salvation-army-responds-to-tragic-explosion-in-bucksnort/
1268380545	20251013	202510	2025	2025.7753	USA	UNITED STATES	USA								CVL	COMMUNITY						CVL			0	051	051	05	1	3.4	2	1	2	-1.96850393700788	3	Sacramento, California, United States	US	USCA	CA067	38.5816	-121.494	1659564	3	Sacramento, California, United States	US	USCA	CA067	38.5816	-121.494	1659564	3	Sacramento, California, United States	US	USCA	CA067	38.5816	-121.494	1659564	20251013181500	https://www.ems1.com/line-of-duty-death-lodd/procession-honors-flight-nurse-killed-in-calif-medical-helicopter-crash
1268380546	20251013	202510	2025	2025.7753	USA	UNITED STATES	USA								CVL	COMMUNITY						CVL			0	051	051	05	1	3.4	4	1	4	0.75642965204236	3	Boone County, Missouri, United States	US	USMO	MO019	39.0334	-92.3335	758464	3	Boone County, Missouri, United States	US	USMO		39.0334	-92.3335	758464	3	Boone County, Missouri, United States	US	USMO		39.0334	-92.3335	758464	20251013181500	https://www.kbia.org/missouri-news-network/2025-10-13/buffaloe-looks-to-student-involvement-in-response-to-downtown-violence
1268380547	20251013	202510	2025	2025.7753	USA	UNITED STATES	USA								CVL	COMMUNITY						CVL			0	051	051	05	1	3.4	1	1	1	0.75642965204236	3	Boone County, Missouri, United States	US	USMO	MO019	39.0334	-92.3335	758464	3	Boone County, Missouri, United States	US	USMO		39.0334	-92.3335	758464	2	Missouri, United States	US	USMO		38.4623	-92.302	MO	20251013181500	https://www.kbia.org/missouri-news-network/2025-10-13/buffaloe-looks-to-student-involvement-in-response-to-downtown-violence
1268380548	20251013	202510	2025	2025.7753	USA	UNITED STATES	USA								CVL	COMMUNITY						CVL			1	051	051	05	1	3.4	4	1	4	8.12182741116751	3	Cumberland County, New Jersey, United States	US	USNJ	NJ011	39.3501	-75.083	882275	3	Cumberland County, New Jersey, United States	US	USNJ		39.3501	-75.083	882275	3	Cumberland County, New Jersey, United States	US	USNJ		39.3501	-75.083	882275	20251013181500	https://snjtoday.com/the-guidance-center-to-honor-john-f-scarpa/
1268380549	20251013	202510	2025	2025.7753	USA	OHIO	USA								CVL	INDIGENOUS PEOPLE						CVL			1	051	051	05	1	3.4	6	1	6	1.1015911872705	2	California, United States	US	USCA		36.17	-119.746	CA	2	California, United States	US	USCA		36.17	-119.746	CA	2	California, United States	US	USCA		36.17	-119.746	CA	20251013181500	https://www.cleveland.com/news/2025/10/columbus-ohio-could-lose-federal-money-under-ohio-congressmans-columbus-day-bill.html
1268380550	20251013	202510	2025	2025.7753	USA	UNITED STATES	USA								CVL	COMMUNITY						CVL			0	051	051	05	1	3.4	1	1	1	0.75642965204236	2	Missouri, United States	US	USMO		38.4623	-92.302	MO	2	Missouri, United States	US	USMO		38.4623	-92.302	MO	2	Missouri, United States	US	USMO		38.4623	-92.302	MO	20251013181500	https://www.kbia.org/missouri-news-network/2025-10-13/buffaloe-looks-to-student-involvement-in-response-to-downtown-violence
1268380551	20251013	202510	2025	2025.7753	USA	OHIO	USA								CVL	INDIGENOUS PEOPLE						CVL			0	051	051	05	1	3.4	5	1	5	1.1015911872705	2	Ohio, United States	US	USOH		40.3736	-82.7755	OH	2	Ohio, United States	US	USOH		40.3736	-82.7755	OH	2	Ohio, United States	US	USOH		40.3736	-82.7755	OH	20251013181500	https://www.cleveland.com/news/2025/10/columbus-ohio-could-lose-federal-money-under-ohio-congressmans-columbus-day-bill.html
1268380552	20251013	202510	2025	2025.7753	USA	UNITED STATES	USA								CVL	COMMUNITY						CVL			1	070	070	07	2	7.0	4	1	4	8.12182741116751	3	Cumberland County, New Jersey, United States	US	USNJ	NJ011	39.3501	-75.083	882275	3	Cumberland County, New Jersey, United States	US	USNJ		39.3501	-75.083	882275	3	Cumberland County, New Jersey, United States	US	USNJ		39.3501	-75.083	882275	20251013181500	https://snjtoday.com/the-guidance-center-to-honor-john-f-scarpa/
1268380553	20251013	202510	2025	2025.7753	USA	ALASKA	USA								CVL	RESIDENTS						CVL			1	071	071	07	2	7.4	10	1	10	-3.47490347490348	2	Virginia, United States	US	USVA		37.768	-78.2057	VA	2	Virginia, United States	US	USVA		37.768	-78.2057	VA	2	Virginia, United States	US	USVA		37.768	-78.2057	VA	20251013181500	https://www.fox5dc.com/news/irs-direct-deposit-stimulus-october-heres-what-we-know
1268380554	20251013	202510	2025	2025.7753	USA	CHARLOTTE	USA								CVLBUS	COMMUNITY						CVL	BUS		1	051	051	05	1	3.4	5	1	5	2.20125786163522	0								0								0								20251013181500	https://www.erewashsound.com/news/borough-wide/travel-discount-scheme-extended-to-derbyshire-community-bank-members/
1268380555	20251013	202510	2025	2025.7753	USA	UNITED STATES	USA								DEU	MUNICH	DEU								1	040	040	04	1	1.0	4	1	4	4.42359249329759	1	United States	US	US		39.828175	-98.5795	US	4	Munich, Bayern, Germany	GM	GM02	16532	48.15	11.5833	-1829149	1	United States	US	US		39.828175	-98.5795	US	20251013181500	https://www.ai-online.com/2025/10/beyond-driver-monitoring-trinamix-brings-alcohol-detection-and-face-unlock-to-the-vehicle/
1268380556	20251013	202510	2025	2025.7753	USA	AMERICAN	USA								DEU	GERMAN	DEU								0	075	075	07	2	7.0	1	1	1	-5.7356608478803	4	Kiryat Bialik, H_efa, Israel	IS	IS04	18314	32.8275	35.0858	-781089	1	Germany	GM	GM		51.5	10.5	GM	3	Fort Worth, Texas, United States	US	USTX		32.7254	-97.3208	1380947	20251013181500	https://www.nbcdfw.com/news/national-international/who-are-released-israeli-hostages-hamas/3931257/
1268380557	20251013	202510	2025	2025.7753	USA	UNITED STATES	USA								DEU	GERMAN	DEU								0	075	075	07	2	7.0	2	1	2	-5.7356608478803	3	Fort Worth, Texas, United States	US	USTX	TX439	32.7254	-97.3208	1380947	4	Kiryat Bialik, H_efa, Israel	IS	IS04	18314	32.8275	35.0858	-781089	3	Fort Worth, Texas, United States	US	USTX		32.7254	-97.3208	1380947	20251013181500	https://www.nbcdfw.com/news/national-international/who-are-released-israeli-hostages-hamas/3931257/
1268380558	20251013	202510	2025	2025.7753	USA	UNITED STATES	USA								DEU	GERMANY	DEU								0	075	075	07	2	7.0	4	1	4	-5.7356608478803	3	Fort Worth, Texas, United States	US	USTX	TX439	32.7254	-97.3208	1380947	1	Germany	GM	GM		51.5	10.5	GM	3	Fort Worth, Texas, United States	US	USTX		32.7254	-97.3208	1380947	20251013181500	https://www.nbcdfw.com/news/national-international/who-are-released-israeli-hostages-hamas/3931257/
1268380559	20251013	202510	2025	2025.7753	USA	UNITED STATES	USA								EDU	STUDENT						EDU			1	020	020	02	1	3.0	4	1	4	0.75642965204236	3	City Of Columbia, South Carolina, United States	US	USSC	SC079	34.0364	-80.9025	2404107	3	City Of Columbia, South Carolina, United States	US	USSC		34.0364	-80.9025	2404107	3	City Of Columbia, South Carolina, United States	US	USSC		34.0364	-80.9025	2404107	20251013181500	https://www.kbia.org/missouri-news-network/2025-10-13/buffaloe-looks-to-student-involvement-in-response-to-downtown-violence
1268380560	20251013	202510	2025	2025.7753	USA	UNITED STATES	USA								EDU	SCHOOL						EDU			1	030	030	03	1	4.0	1	1	1	8.12182741116751	3	Cumberland County, New Jersey, United States	US	USNJ	NJ011	39.3501	-75.083	882275	3	Richland, New Jersey, United States	US	USNJ	NJ001	39.4918	-74.8707	879677	3	Cumberland County, New Jersey, United States	US	USNJ		39.3501	-75.083	882275	20251013181500	https://snjtoday.com/the-guidance-center-to-honor-john-f-scarpa/
1268380561	20251013	202510	2025	2025.7753	USA	UNITED STATES	USA								EDU	SCHOOL						EDU			1	030	030	03	1	4.0	1	1	1	8.12182741116751	3	Cumberland County, New Jersey, United States	US	USNJ	NJ011	39.3501	-75.083	882275	3	Cumberland County, New Jersey, United States	US	USNJ		39.3501	-75.083	882275	3	Cumberland County, New Jersey, United States	US	USNJ		39.3501	-75.083	882275	20251013181500	https://snjtoday.com/the-guidance-center-to-honor-john-f-scarpa/
1268380562	20251013	202510	2025	2025.7753	USA	UNITED STATES	USA								EDU	PROFESSOR						EDU			1	040	040	04	1	1.0	2	1	2	1.28730251609128	2	Vermont, United States	US	USVT		44.0407	-72.7093	VT	2	Vermont, United States	US	USVT		44.0407	-72.7093	VT	2	Vermont, United States	US	USVT		44.0407	-72.7093	VT	20251013181500	https://thebulletin.org/2025/10/new-model-inspired-by-forest-fires-could-explain-why-some-ideas-go-viral/
1268380563	20251013	202510	2025	2025.7753	USA	UNITED STATES	USA								EDU	SCHOOL						EDU			0	042	042	04	1	1.9	5	1	5	-0.45366169799093	3	Upper West Side, New York, United States	US	USNY	NY061	40.787	-73.9754	2062672	3	Upper West Side, New York, United States	US	USNY		40.787	-73.9754	2062672	3	Upper West Side, New York, United States	US	USNY		40.787	-73.9754	2062672	20251013181500	https://www.dailymail.co.uk/tvshowbiz/article-15188391/Jennifer-Aniston-terrified-make-career-Gwyneth-Paltrow-Scarlett-Johansson-done.html
1268380564	20251013	202510	2025	2025.7753	USA	UNITED STATES	USA								EDU	COLLEGE						EDU			1	046	046	04	1	7.0	4	1	4	-2.08333333333334	3	Washington, District of Columbia, United States	US	USDC	DC001	38.8951	-77.0364	531871	3	Washington, District of Columbia, United States	US	USDC	DC001	38.8951	-77.0364	531871	3	Washington, District of Columbia, United States	US	USDC	DC001	38.8951	-77.0364	531871	20251013181500	https://www.missourinet.com/2025/10/13/columbia-college-professor-weighs-in-on-the-government-shutdown-listen/
1268380565	20251013	202510	2025	2025.7753	USA	CINCINNATI	USA								EDUEDU	SCHOOL						EDU	EDU		0	033	033	03	1	5.2	18	1	10	0.40916530278232	3	Cincinnati, Ohio, United States	US	USOH	OH061	39.162	-84.4569	1066650	3	Cincinnati, Ohio, United States	US	USOH	OH061	39.162	-84.4569	1066650	3	Cincinnati, Ohio, United States	US	USOH	OH061	39.162	-84.4569	1066650	20251013181500	https://www.wlwt.com/article/cincinnati-public-schools-safe-sleep-lot-homeless-families/69016370
1268380566	20251013	202510	2025	2025.7753	USA	ALASKA	USA								EUR	EUROPEAN	EUR								0	020	020	02	1	3.0	2	1	2	2.04379562043796	2	Alaska, United States	US	USAK		61.385	-152.268	AK	2	Alaska, United States	US	USAK		61.385	-152.268	AK	2	Alaska, United States	US	USAK		61.385	-152.268	AK	20251013181500	https://simpleflying.com/alaska-airlines-code-replacing-ha/
1268380567	20251013	202510	2025	2025.7753	USA	NEW YORK	USA								GBR	LONDON	GBR								1	160	160	16	4	-4.0	6	1	6	-2.23048327137547	4	Paris, France (general), France	FR	FR00	16282	48.8667	2.33333	-1456928	4	Paris, France (general), France	FR	FR00	16282	48.8667	2.33333	-1456928	4	Paris, France (general), France	FR	FR00	16282	48.8667	2.33333	-1456928	20251013181500	https://www.prnewswire.com/news-releases/investor-alert-pomerantz-law-firm-investigates-claims-on-behalf-of-investors-of-james-hardie-industries-plc--jhx-302582226.html
1268380568	20251013	202510	2025	2025.7753	USA	CHICAGO	USA								GHA	TAMALE	GHA								0	173	173	17	4	-5.0	8	1	8	-11.3018597997139	3	Chicago, Illinois, United States	US	USIL	IL031	41.85	-87.6501	423587	3	Hoffman Estates, Illinois, United States	US	USIL		42.0428	-88.0798	410341	3	Chicago, Illinois, United States	US	USIL	IL031	41.85	-87.6501	423587	20251013181500	https://newrepublic.com/post/201684/donald-trump-ice-terrorizing-chicago
1268380569	20251013	202510	2025	2025.7753	USA	CHICAGO	USA								GHA	TAMALE	GHA								0	173	173	17	4	-5.0	2	1	2	-11.3018597997139	3	Chicago, Illinois, United States	US	USIL	IL031	41.85	-87.6501	423587	3	Chicago, Illinois, United States	US	USIL	IL031	41.85	-87.6501	423587	3	Chicago, Illinois, United States	US	USIL	IL031	41.85	-87.6501	423587	20251013181500	https://newrepublic.com/post/201684/donald-trump-ice-terrorizing-chicago
1268380570	20251013	202510	2025	2025.7753	USA	UNITED STATES	USA								GOV	PRESIDENT						GOV			0	010	010	01	1	0.0	4	1	4	-1.04333868378812	2	Utah, United States	US	USUT		40.1135	-111.854	UT	2	Utah, United States	US	USUT		40.1135	-111.854	UT	2	Utah, United States	US	USUT		40.1135	-111.854	UT	20251013181500	https://navajotimes.com/reznews/texts-show-nygren-pressing-to-unlock-p-cards-while-mccabe-says-there-is-no-budget/
1268380571	20251013	202510	2025	2025.7753	USA	NEW YORK	USA								GOV	PREMIER						GOV			1	015	015	01	1	0.0	7	1	7	-2.23048327137547	2	New York, United States	US	USNY		42.1497	-74.9384	NY	4	Paris, France (general), France	FR	FR00	16282	48.8667	2.33333	-1456928	4	Paris, France (general), France	FR	FR00	16282	48.8667	2.33333	-1456928	20251013181500	https://www.prnewswire.com/news-releases/investor-alert-pomerantz-law-firm-investigates-claims-on-behalf-of-investors-of-james-hardie-industries-plc--jhx-302582226.html
1268380572	20251013	202510	2025	2025.7753	USA	NEW YORK	USA								GOV	PREMIER						GOV			1	015	015	01	1	0.0	1	1	1	-2.23048327137547	2	New York, United States	US	USNY		42.1497	-74.9384	NY	3	Chicago, Illinois, United States	US	USIL	IL031	41.85	-87.6501	423587	2	New York, United States	US	USNY		42.1497	-74.9384	NY	20251013181500	https://www.prnewswire.com/news-releases/investor-alert-pomerantz-law-firm-investigates-claims-on-behalf-of-investors-of-james-hardie-industries-plc--jhx-302582226.html
1268380573	20251013	202510	2025	2025.7753	USA	UNITED STATES	USA								GOV	GOVERNOR						GOV			0	040	040	04	1	1.0	2	1	2	0.75642965204236	2	Missouri, United States	US	USMO		38.4623	-92.302	MO	2	Missouri, United States	US	USMO		38.4623	-92.302	MO	2	Missouri, United States	US	USMO		38.4623	-92.302	MO	20251013181500	https://www.kbia.org/missouri-news-network/2025-10-13/buffaloe-looks-to-student-involvement-in-response-to-downtown-violence
1268380574	20251013	202510	2025	2025.7753	USA	UNITED STATES	USA								GOV	PRESIDENT						GOV			0	043	043	04	1	2.8	1	1	1	-1.05124835742444	3	San Francisco, California, United States	US	USCA	CA075	37.7749	-122.419	277593	3	San Francisco, California, United States	US	USCA		37.7749	-122.419	277593	4	Elon, Ha?afon, Israel	IS	IS03	18314	33.0637	35.2201	-779663	20251013181500	https://www.pressdemocrat.com/2025/10/10/marc-benioff-says-trump-should-send-guard-troops-to-san-francisco__trashed/
1268380575	20251013	202510	2025	2025.7753	USA	UNITED STATES	USA								GOV	PRESIDENT						GOV			0	043	043	04	1	2.8	1	1	1	-1.05124835742444	3	San Francisco, California, United States	US	USCA	CA075	37.7749	-122.419	277593	3	San Francisco, California, United States	US	USCA		37.7749	-122.419	277593	2	California, United States	US	USCA		36.17	-119.746	CA	20251013181500	https://www.pressdemocrat.com/2025/10/10/marc-benioff-says-trump-should-send-guard-troops-to-san-francisco__trashed/
1268380576	20251013	202510	2025	2025.7753	USA	UNITED STATES	USA								GOV	GOVERNOR						GOV			0	046	046	04	1	7.0	2	1	2	0.75642965204236	2	Missouri, United States	US	USMO		38.4623	-92.302	MO	2	Missouri, United States	US	USMO		38.4623	-92.302	MO	2	Missouri, United States	US	USMO		38.4623	-92.302	MO	20251013181500	https://www.kbia.org/missouri-news-network/2025-10-13/buffaloe-looks-to-student-involvement-in-response-to-downtown-violence
1268380577	20251013	202510	2025	2025.7753	USA	DELAWARE	USA								GOV	MAYOR						GOV			1	100	100	10	3	-5.0	2	1	2	-3.69003690036901	3	Dewey Beach, Delaware, United States	US	USDE	DE005	38.6929	-75.0746	213884	3	Dewey Beach, Delaware, United States	US	USDE		38.6929	-75.0746	213884	3	Sussex County, Delaware, United States	US	USDE		38.7001	-75.4163	217269	20251013181500	https://www.yahoo.com/news/articles/noreaster-causes-beach-erosion-flooding-170211618.html
1268380578	20251013	202510	2025	2025.7753	USA	UNITED STATES	USA								GOV	MAYOR						GOV			1	100	100	10	3	-5.0	2	1	2	-3.69003690036901	3	Dewey Beach, Delaware, United States	US	USDE	DE005	38.6929	-75.0746	213884	3	Sussex County, Delaware, United States	US	USDE		38.7001	-75.4163	217269	3	Sussex County, Delaware, United States	US	USDE		38.7001	-75.4163	217269	20251013181500	https://www.yahoo.com/news/articles/noreaster-causes-beach-erosion-flooding-170211618.html
1268380579	20251013	202510	2025	2025.7753	USA	MICHIGAN	USA								GOV	ADMINISTRATION						GOV			1	110	110	11	3	-2.0	10	1	10	-4.7008547008547	2	Michigan, United States	US	USMI		43.3504	-84.5603	MI	2	Michigan, United States	US	USMI		43.3504	-84.5603	MI	2	Michigan, United States	US	USMI		43.3504	-84.5603	MI	20251013181500	https://www.wkar.org/wkar-news/2025-10-13/over-100-michigan-communities-to-participate-in-no-kings-day-protest
1268380580	20251013	202510	2025	2025.7753	USA	WASHINGTON	USA								GOV	GOVERNMENT						GOV			1	112	112	11	3	-2.0	10	1	10	-2.08333333333334	3	Washington, District of Columbia, United States	US	USDC	DC001	38.8951	-77.0364	531871	3	Washington, District of Columbia, United States	US	USDC	DC001	38.8951	-77.0364	531871	3	Washington, District of Columbia, United States	US	USDC	DC001	38.8951	-77.0364	531871	20251013181500	https://www.missourinet.com/2025/10/13/columbia-college-professor-weighs-in-on-the-government-shutdown-listen/
1268380581	20251013	202510	2025	2025.7753	USA	MICHIGAN	USA								GOV	ADMINISTRATION						GOV			1	133	133	13	3	-5.8	10	1	10	-4.7008547008547	2	Michigan, United States	US	USMI		43.3504	-84.5603	MI	2	Michigan, United States	US	USMI		43.3504	-84.5603	MI	2	Michigan, United States	US	USMI		43.3504	-84.5603	MI	20251013181500	https://www.wkar.org/wkar-news/2025-10-13/over-100-michigan-communities-to-participate-in-no-kings-day-protest
1268380582	20251013	202510	2025	2025.7753	USA	UNITED STATES	USA								GOV	ADMINISTRATION						GOV			1	140	140	14	3	-6.5	2	1	2	-9.43396226415095	3	Washington, District of Columbia, United States	US	USDC	DC001	38.8951	-77.0364	531871	3	Washington, District of Columbia, United States	US	USDC	DC001	38.8951	-77.0364	531871	3	Washington, District of Columbia, United States	US	USDC	DC001	38.8951	-77.0364	531871	20251013181500	https://arstechnica.com/health/2025/10/mass-firings-at-us-health-dept-partially-reversed-but-still-devastating/
1268380583	20251013	202510	2025	2025.7753	USA	UNITED STATES	USA								GOV	ADMINISTRATION						GOV			1	141	141	14	3	-6.5	2	1	2	-9.43396226415095	3	Washington, District of Columbia, United States	US	USDC	DC001	38.8951	-77.0364	531871	3	Washington, District of Columbia, United States	US	USDC	DC001	38.8951	-77.0364	531871	3	Washington, District of Columbia, United States	US	USDC	DC001	38.8951	-77.0364	531871	20251013181500	https://arstechnica.com/health/2025/10/mass-firings-at-us-health-dept-partially-reversed-but-still-devastating/
1268380584	20251013	202510	2025	2025.7753	USA	UNITED STATES	USA								GOV	ADMINISTRATION						GOV			1	1721	172	17	4	-5.0	2	1	2	-9.43396226415095	3	Washington, District of Columbia, United States	US	USDC	DC001	38.8951	-77.0364	531871	3	Washington, District of Columbia, United States	US	USDC	DC001	38.8951	-77.0364	531871	3	Washington, District of Columbia, United States	US	USDC	DC001	38.8951	-77.0364	531871	20251013181500	https://arstechnica.com/health/2025/10/mass-firings-at-us-health-dept-partially-reversed-but-still-devastating/
1268380585	20251013	202510	2025	2025.7753	USA	NEW YORK	USA								GOVEDU	EDUCATION DEPARTMENT						GOV	EDU		1	010	010	01	1	0.0	7	1	7	-1.31826741996234	2	New York, United States	US	USNY		42.1497	-74.9384	NY	2	New York, United States	US	USNY		42.1497	-74.9384	NY	2	New York, United States	US	USNY		42.1497	-74.9384	NY	20251013181500	https://nypost.com/2025/10/13/us-news/new-york-schools-slow-to-adopt-updated-phonics-based-curriculum-state-lawmaker-alleges/
1268380586	20251013	202510	2025	2025.7753	USA	UNITED STATES	USA								GOVLAB	GOVERNMENT						GOV	LAB		1	010	010	01	1	0.0	4	1	4	-1.82648401826484	1	United States	US	US		39.828175	-98.5795	US	1	United States	US	US		39.828175	-98.5795	US	1	United States	US	US		39.828175	-98.5795	US	20251013181500	https://newrepublic.com/post/201700/mike-johnson-donald-trump-shutdown-layoffs-education
1268380587	20251013	202510	2025	2025.7753	USA	OREGON	USA								GOVLAB	GOVERNMENT						GOV	LAB		1	172	172	17	4	-5.0	8	1	8	-4.11311053984576	2	Oregon, United States	US	USOR		44.5672	-122.127	OR	2	Oregon, United States	US	USOR		44.5672	-122.127	OR	2	Oregon, United States	US	USOR		44.5672	-122.127	OR	20251013181500	https://newrepublic.com/post/201697/airports-pushing-back-kristi-noem-shutdown-propaganda
1268380588	20251013	202510	2025	2025.7753	USA	UNITED STATES	USA								IDN	INDONESIA	IDN								1	084	084	08	2	7.0	4	1	4	-4.60526315789473	4	Tel Aviv, Tel Aviv, Israel	IS	IS05	18316	32.0667	34.7667	-781545	4	Tel Aviv, Tel Aviv, Israel	IS	IS05	18316	32.0667	34.7667	-781545	4	Tel Aviv, Tel Aviv, Israel	IS	IS05	18316	32.0667	34.7667	-781545	20251013181500	https://www.prnewswire.com/news-releases/investor-alert-pomerantz-law-firm-investigates-claims-on-behalf-of-investors-of-freeport-mcmoran-inc---fcx-302582267.html
1268380589	20251013	202510	2025	2025.7753	USA	UNITED STATES	USA								IDN	INDONESIA	IDN								1	084	084	08	2	7.0	4	1	4	-4.60526315789473	3	Freeport, New York, United States	US	USNY	NY059	40.6576	-73.5832	970151	3	Freeport, New York, United States	US	USNY	NY059	40.6576	-73.5832	970151	3	Freeport, New York, United States	US	USNY	NY059	40.6576	-73.5832	970151	20251013181500	https://www.prnewswire.com/news-releases/investor-alert-pomerantz-law-firm-investigates-claims-on-behalf-of-investors-of-freeport-mcmoran-inc---fcx-302582267.html
1268380590	20251013	202510	2025	2025.7753	USA	UNITED STATES	USA								IRN	IRAN	IRN								0	195	195	19	4	-10.0	2	1	2	-2.53388332351208	3	White House, District of Columbia, United States	US	USDC		38.8951	-77.0364	531871	4	Isfahan, Esfahan, Iran	IR	IR28	40941	32.6597	51.6714	6013426	3	White House, District of Columbia, United States	US	USDC		38.8951	-77.0364	531871	20251013181500	https://www.winnipegfreepress.com/world/2025/10/13/fact-focus-with-a-truce-in-israel-trump-now-says-hes-ended-eight-wars-his-numbers-are-off
1268380591	20251013	202510	2025	2025.7753	USA	AMERICAN	USA								IRN	IRAN	IRN								0	195	195	19	4	-10.0	4	1	4	-2.53388332351208	3	White House, District of Columbia, United States	US	USDC		38.8951	-77.0364	531871	4	Isfahan, Esfahan, Iran	IR	IR28	40941	32.6597	51.6714	6013426	4	Isfahan, Esfahan, Iran	IR	IR28	40941	32.6597	51.6714	6013426	20251013181500	https://www.winnipegfreepress.com/world/2025/10/13/fact-focus-with-a-truce-in-israel-trump-now-says-hes-ended-eight-wars-his-numbers-are-off
1268380592	20251013	202510	2025	2025.7753	USA	AMERICAN	USA								IRN	IRAN	IRN								0	195	195	19	4	-10.0	6	1	6	-2.5897586815774	2	Michigan, United States	US	USMI		43.3504	-84.5603	MI	2	Michigan, United States	US	USMI		43.3504	-84.5603	MI	2	Michigan, United States	US	USMI		43.3504	-84.5603	MI	20251013181500	https://www.seattletimes.com/nation-world/fact-focus-with-a-truce-in-israel-trump-now-says-hes-ended-eight-wars-his-numbers-are-off/
1268380593	20251013	202510	2025	2025.7753	USA	UNITED STATES	USA								ISR	ISRAEL	ISR								0	013	013	01	1	0.4	4	1	4	-4.62962962962963	1	United States	US	US		39.828175	-98.5795	US	1	United States	US	US		39.828175	-98.5795	US	1	United States	US	US		39.828175	-98.5795	US	20251013181500	https://www.islamicinvitationturkey.com/strategic-timing-behind-sudden-gaza-accord-raises-questions/
1268380594	20251013	202510	2025	2025.7753	USA	UNITED STATES	USA								ISR	ISRAEL	ISR								0	040	040	04	1	1.0	1	1	1	-0.79681274900399	3	White House, District of Columbia, United States	US	USDC		38.8951	-77.0364	531871	4	Gaza, Israel (general), Israel	IS	IS00	18315	31.4167	34.3333	-797156	4	Gaza, Israel (general), Israel	IS	IS00	18315	31.4167	34.3333	-797156	20251013181500	https://www.newstatesman.com/international-politics/2025/10/trumps-hostage-deal-was-the-easy-part
1268380595	20251013	202510	2025	2025.7753	USA	UNITED STATES	USA								ISR	ISRAEL	ISR								0	040	040	04	1	1.0	1	1	1	-0.79681274900399	3	White House, District of Columbia, United States	US	USDC		38.8951	-77.0364	531871	4	Gaza, Israel (general), Israel	IS	IS00	18315	31.4167	34.3333	-797156	2	New York, United States	US	USNY		42.1497	-74.9384	NY	20251013181500	https://www.newstatesman.com/international-politics/2025/10/trumps-hostage-deal-was-the-easy-part
1268380596	20251013	202510	2025	2025.7753	USA	UNITED STATES	USA								ISR	ISRAEL	ISR								0	040	040	04	1	1.0	2	1	2	-4.62962962962963	1	United States	US	US		39.828175	-98.5795	US	1	United States	US	US		39.828175	-98.5795	US	4	Gaza, Israel (general), Israel	IS	IS00	18315	31.4167	34.3333	-797156	20251013181500	https://www.islamicinvitationturkey.com/strategic-timing-behind-sudden-gaza-accord-raises-questions/
1268380597	20251013	202510	2025	2025.7753	USA	UNITED STATES	USA								ISR	ISRAEL	ISR								0	040	040	04	1	1.0	2	1	2	-4.62962962962963	1	United States	US	US		39.828175	-98.5795	US	1	United States	US	US		39.828175	-98.5795	US	1	United States	US	US		39.828175	-98.5795	US	20251013181500	https://www.islamicinvitationturkey.com/strategic-timing-behind-sudden-gaza-accord-raises-questions/
1268380598	20251013	202510	2025	2025.7753	USA	AMERICAN	USA								ISR	ISRAEL	ISR								0	043	043	04	1	2.8	1	1	1	-1.37236962488564	1	Iran	IR	IR		32	53	IR	1	Iran	IR	IR		32	53	IR	1	Iran	IR	IR		32	53	IR	20251013181500	https://newrepublic.com/article/201680/hostages-returned-israel-palestine-process
1268380599	20251013	202510	2025	2025.7753	USA	UNITED STATES	USA								ISR	ISRAEL	ISR								0	050	050	05	1	3.5	2	1	2	-0.79681274900399	3	White House, District of Columbia, United States	US	USDC		38.8951	-77.0364	531871	4	Gaza, Israel (general), Israel	IS	IS00	18315	31.4167	34.3333	-797156	4	Gaza, Israel (general), Israel	IS	IS00	18315	31.4167	34.3333	-797156	20251013181500	https://www.newstatesman.com/international-politics/2025/10/trumps-hostage-deal-was-the-easy-part
1268380600	20251013	202510	2025	2025.7753	USA	UNITED STATES	USA								ISR	ISRAEL	ISR								0	190	190	19	4	-10.0	3	1	3	-5.7356608478803	3	Fort Worth, Texas, United States	US	USTX	TX439	32.7254	-97.3208	1380947	4	Kiryat Bialik, H_efa, Israel	IS	IS04	18314	32.8275	35.0858	-781089	4	Kiryat Bialik, H_efa, Israel	IS	IS04	18314	32.8275	35.0858	-781089	20251013181500	https://www.nbcdfw.com/news/national-international/who-are-released-israeli-hostages-hamas/3931257/
1268380601	20251013	202510	2025	2025.7753	USA	UNITED STATES	USA								ISR	ISRAEL	ISR								0	190	190	19	4	-10.0	1	1	1	-5.7356608478803	3	Fort Worth, Texas, United States	US	USTX	TX439	32.7254	-97.3208	1380947	3	Fort Worth, Texas, United States	US	USTX		32.7254	-97.3208	1380947	3	Fort Worth, Texas, United States	US	USTX		32.7254	-97.3208	1380947	20251013181500	https://www.nbcdfw.com/news/national-international/who-are-released-israeli-hostages-hamas/3931257/
1268380602	20251013	202510	2025	2025.7753	USA	UNITED STATES	USA								ITA	MILAN	ITA								1	042	042	04	1	1.9	4	1	4	-0.45366169799093	1	China	CH	CH		35	105	CH	1	China	CH	CH		35	105	CH	1	China	CH	CH		35	105	CH	20251013181500	https://www.dailymail.co.uk/tvshowbiz/article-15188391/Jennifer-Aniston-terrified-make-career-Gwyneth-Paltrow-Scarlett-Johansson-done.html
1268380603	20251013	202510	2025	2025.7753	USA	UNITED STATES	USA								ITA	ITALY	ITA								0	051	051	05	1	3.4	4	1	4	1.1015911872705	3	Washington, District of Columbia, United States	US	USDC	DC001	38.8951	-77.0364	531871	1	Italy	IT	IT		42.833333	12.833333	IT	1	Italy	IT	IT		42.833333	12.833333	IT	20251013181500	https://www.cleveland.com/news/2025/10/columbus-ohio-could-lose-federal-money-under-ohio-congressmans-columbus-day-bill.html
1268380604	20251013	202510	2025	2025.7753	USA	UNITED STATES	USA								JEW	RABBI				JEW					0	042	042	04	1	1.9	4	1	4	-5.7356608478803	3	Fort Worth, Texas, United States	US	USTX	TX439	32.7254	-97.3208	1380947	3	Fort Worth, Texas, United States	US	USTX		32.7254	-97.3208	1380947	3	Fort Worth, Texas, United States	US	USTX		32.7254	-97.3208	1380947	20251013181500	https://www.nbcdfw.com/news/national-international/who-are-released-israeli-hostages-hamas/3931257/
1268380605	20251013	202510	2025	2025.7753	USA	UNITED STATES	USA								JEW	RABBI				JEW					0	084	084	08	2	7.0	4	1	4	-5.7356608478803	3	Fort Worth, Texas, United States	US	USTX	TX439	32.7254	-97.3208	1380947	3	Fort Worth, Texas, United States	US	USTX		32.7254	-97.3208	1380947	3	Fort Worth, Texas, United States	US	USTX		32.7254	-97.3208	1380947	20251013181500	https://www.nbcdfw.com/news/national-international/who-are-released-israeli-hostages-hamas/3931257/
1268380606	20251013	202510	2025	2025.7753	USA	CHICAGO	USA								JPN	HIROSHIMA	JPN								0	017	017	01	1	0.0	8	1	8	0.34662045060659	3	Chicago, Illinois, United States	US	USIL	IL031	41.85	-87.6501	423587	4	Hiroshima, Hiroshima, Japan	JA	JA11	34163	34.4	132.45	-229436	4	Hiroshima, Hiroshima, Japan	JA	JA11	34163	34.4	132.45	-229436	20251013181500	https://news.nd.edu/news/cardinal-robert-mcelroy-archbishop-of-washington-dc-to-speak-at-notre-dame-forum-event-on-healing-our-national-dialogue-and-political-life/
1268380607	20251013	202510	2025	2025.7753	USA	CHICAGO	USA								JPN	HIROSHIMA	JPN								0	017	017	01	1	0.0	2	1	2	0.34662045060659	3	Washington, District of Columbia, United States	US	USDC	DC001	38.8951	-77.0364	531871	3	Washington, District of Columbia, United States	US	USDC	DC001	38.8951	-77.0364	531871	3	Washington, District of Columbia, United States	US	USDC	DC001	38.8951	-77.0364	531871	20251013181500	https://news.nd.edu/news/cardinal-robert-mcelroy-archbishop-of-washington-dc-to-speak-at-notre-dame-forum-event-on-healing-our-national-dialogue-and-political-life/
1268380608	20251013	202510	2025	2025.7753	USA	CHICAGO	USA								JPN	JAPAN	JPN								0	042	042	04	1	1.9	5	1	5	0.34662045060659	4	Hiroshima, Hiroshima, Japan	JA	JA11	34163	34.4	132.45	-229436	4	Hiroshima, Hiroshima, Japan	JA	JA11	34163	34.4	132.45	-229436	4	Hiroshima, Hiroshima, Japan	JA	JA11	34163	34.4	132.45	-229436	20251013181500	https://news.nd.edu/news/cardinal-robert-mcelroy-archbishop-of-washington-dc-to-speak-at-notre-dame-forum-event-on-healing-our-national-dialogue-and-political-life/
1268380609	20251013	202510	2025	2025.7753	USA	CHICAGO	USA								JPN	JAPAN	JPN								0	042	042	04	1	1.9	2	1	2	0.34662045060659	3	Washington, District of Columbia, United States	US	USDC	DC001	38.8951	-77.0364	531871	3	Washington, District of Columbia, United States	US	USDC	DC001	38.8951	-77.0364	531871	3	Washington, District of Columbia, United States	US	USDC	DC001	38.8951	-77.0364	531871	20251013181500	https://news.nd.edu/news/cardinal-robert-mcelroy-archbishop-of-washington-dc-to-speak-at-notre-dame-forum-event-on-healing-our-national-dialogue-and-political-life/
1268380610	20251013	202510	2025	2025.7753	USA	UNITED STATES	USA								JUD	CHIEF JUSTICE						JUD			0	010	010	01	1	0.0	2	1	2	-1.04333868378812	2	Utah, United States	US	USUT		40.1135	-111.854	UT	2	Utah, United States	US	USUT		40.1135	-111.854	UT	2	Utah, United States	US	USUT		40.1135	-111.854	UT	20251013181500	https://navajotimes.com/reznews/texts-show-nygren-pressing-to-unlock-p-cards-while-mccabe-says-there-is-no-budget/
1268380611	20251013	202510	2025	2025.7753	USA	UNITED STATES	USA								JUD	APPEALS COURT						JUD			0	013	013	01	1	0.4	4	1	4	-4.9645390070922	3	Jefferson County, Kentucky, United States	US	USKY	KY111	38.1834	-85.65	516902	3	Jefferson County, Kentucky, United States	US	USKY		38.1834	-85.65	516902	3	Jefferson County, Kentucky, United States	US	USKY		38.1834	-85.65	516902	20251013181500	https://www.wkyt.com/2025/10/11/legal-analyst-talks-recent-ruling-that-says-kentucky-felons-cannot-possess-firearms/
1268380612	20251013	202510	2025	2025.7753	USA	UNITED STATES	USA								JUD	ADVOCATE						JUD			0	020	020	02	1	3.0	4	1	4	1.46082337317397	3	Stephens College, Missouri, United States	US	USMO	MO019	38.9506	-92.323	727070	3	Stephens College, Missouri, United States	US	USMO		38.9506	-92.323	727070	3	Stephens College, Missouri, United States	US	USMO		38.9506	-92.323	727070	20251013181500	https://www.myozarksonline.com/missouri-health-professionals-worry-about-vaping-access-in-young-people/
1268380613	20251013	202510	2025	2025.7753	USA	UNITED STATES	USA								JUD	ATTORNEY						JUD			0	040	040	04	1	1.0	2	1	2	-4	3	Harrison County, Kentucky, United States	US	USKY	KY097	38.4501	-84.3499	516895	3	Harrison County, Kentucky, United States	US	USKY		38.4501	-84.3499	516895	3	Harrison County, Kentucky, United States	US	USKY		38.4501	-84.3499	516895	20251013181500	https://www.wkyt.com/2025/10/13/ky-woman-accused-killing-dismembering-mother-scheduled-competency-hearing/
1268380614	20251013	202510	2025	2025.7753	USA	UNITED STATES	USA								JUD	ATTORNEY						JUD			0	040	040	04	1	1.0	2	1	2	0.75642965204236	3	Boone County, Missouri, United States	US	USMO	MO019	39.0334	-92.3335	758464	2	Missouri, United States	US	USMO		38.4623	-92.302	MO	3	Boone County, Missouri, United States	US	USMO		39.0334	-92.3335	758464	20251013181500	https://www.kbia.org/missouri-news-network/2025-10-13/buffaloe-looks-to-student-involvement-in-response-to-downtown-violence
1268380615	20251013	202510	2025	2025.7753	USA	UNITED STATES	USA								JUD	JUDGE						JUD			1	042	042	04	1	1.9	2	1	2	-4.58265139116203	3	Sun Valley, Idaho, United States	US	USID	ID013	43.6971	-114.352	398200	3	New Orleans, Louisiana, United States	US	USLA		29.9546	-90.0751	1629985	3	Sun Valley, Idaho, United States	US	USID		43.6971	-114.352	398200	20251013181500	https://nypost.com/2025/10/13/entertainment/howard-stern-reveals-if-oprah-winfrey-is-still-his-enemy/
1268380616	20251013	202510	2025	2025.7753	USA	UNITED STATES	USA								JUD	JUDGE						JUD			1	042	042	04	1	1.9	2	1	2	-4.58265139116203	3	Sun Valley, Idaho, United States	US	USID	ID013	43.6971	-114.352	398200	2	Idaho, United States	US	USID		44.2394	-114.51	ID	3	Sun Valley, Idaho, United States	US	USID		43.6971	-114.352	398200	20251013181500	https://nypost.com/2025/10/13/entertainment/howard-stern-reveals-if-oprah-winfrey-is-still-his-enemy/
1268380617	20251013	202510	2025	2025.7753	USA	MISSOURI	USA								JUD	ATTORNEY						JUD			0	046	046	04	1	7.0	2	1	2	0.75642965204236	3	Boone County, Missouri, United States	US	USMO	MO019	39.0334	-92.3335	758464	2	Missouri, United States	US	USMO		38.4623	-92.302	MO	2	Missouri, United States	US	USMO		38.4623	-92.302	MO	20251013181500	https://www.kbia.org/missouri-news-network/2025-10-13/buffaloe-looks-to-student-involvement-in-response-to-downtown-violence
1268380618	20251013	202510	2025	2025.7753	USA	UNITED STATES	USA								JUD	ATTORNEY						JUD			0	046	046	04	1	7.0	2	1	2	0.75642965204236	2	Missouri, United States	US	USMO		38.4623	-92.302	MO	2	Missouri, United States	US	USMO		38.4623	-92.302	MO	3	Boone County, Missouri, United States	US	USMO		39.0334	-92.3335	758464	20251013181500	https://www.kbia.org/missouri-news-network/2025-10-13/buffaloe-looks-to-student-involvement-in-response-to-downtown-violence
1268380619	20251013	202510	2025	2025.7753	USA	MISSOURI	USA								JUD	ATTORNEY						JUD			0	046	046	04	1	7.0	6	1	6	0.75642965204236	2	Missouri, United States	US	USMO		38.4623	-92.302	MO	2	Missouri, United States	US	USMO		38.4623	-92.302	MO	2	Missouri, United States	US	USMO		38.4623	-92.302	MO	20251013181500	https://www.kbia.org/missouri-news-network/2025-10-13/buffaloe-looks-to-student-involvement-in-response-to-downtown-violence
1268380620	20251013	202510	2025	2025.7753	USA	UNITED STATES	USA								JUD	ATTORNEY						JUD			0	110	110	11	3	-2.0	4	1	4	-4.9645390070922	3	Jefferson County, Kentucky, United States	US	USKY	KY111	38.1834	-85.65	516902	3	Jefferson County, Kentucky, United States	US	USKY		38.1834	-85.65	516902	3	Jefferson County, Kentucky, United States	US	USKY		38.1834	-85.65	516902	20251013181500	https://www.wkyt.com/2025/10/11/legal-analyst-talks-recent-ruling-that-says-kentucky-felons-cannot-possess-firearms/
1268380621	20251013	202510	2025	2025.7753	USA	THE US	USA								LBN	LEBANON	LBN								1	100	100	10	3	-5.0	2	1	2	-4.5662100456621	4	Beirut, Beyrouth, Lebanon	LE	LE04	18808	33.8719	35.5097	-801546	4	Gaza, Israel (general), Israel	IS	IS00	18315	31.4167	34.3333	-797156	4	Gaza, Israel (general), Israel	IS	IS00	18315	31.4167	34.3333	-797156	20251013181500	https://www.middle-east-online.com/en/lebanon-president-calls-negotiations-israel
1268380622	20251013	202510	2025	2025.7753	USA	THE US	USA								LBN	LEBANON	LBN								1	100	100	10	3	-5.0	2	1	2	-4.5662100456621	4	Beirut, Beyrouth, Lebanon	LE	LE04	18808	33.8719	35.5097	-801546	4	Gaza, Israel (general), Israel	IS	IS00	18315	31.4167	34.3333	-797156	4	Beirut, Beyrouth, Lebanon	LE	LE04	18808	33.8719	35.5097	-801546	20251013181500	https://www.middle-east-online.com/en/lebanon-president-calls-negotiations-israel
1268380623	20251013	202510	2025	2025.7753	USA	THE US	USA								LBN	LEBANON	LBN								1	100	100	10	3	-5.0	6	1	6	-4.5662100456621	1	Saudi Arabia	SA	SA		25	45	SA	4	Beirut, Beyrouth, Lebanon	LE	LE04	18808	33.8719	35.5097	-801546	4	Beirut, Beyrouth, Lebanon	LE	LE04	18808	33.8719	35.5097	-801546	20251013181500	https://www.middle-east-online.com/en/lebanon-president-calls-negotiations-israel
1268380624	20251013	202510	2025	2025.7753	USA	UNITED STATES	USA								LEG	LAWMAKER						LEG			0	043	043	04	1	2.8	6	1	6	-2.68456375838926	3	Springfield, Illinois, United States	US	USIL	IL167	39.8017	-89.6437	426595	3	Springfield, Illinois, United States	US	USIL	IL167	39.8017	-89.6437	426595	3	Springfield, Illinois, United States	US	USIL	IL167	39.8017	-89.6437	426595	20251013181500	https://www.chicagotribune.com/2025/10/13/cta-fare-hikes-budget/
1268380625	20251013	202510	2025	2025.7753	USA	NEVADA	USA								LEG	CONGRESS						LEG			0	043	043	04	1	2.8	5	1	5	-0.67189249720045	2	Nevada, United States	US	USNV		38.4199	-117.122	NV	2	Nevada, United States	US	USNV		38.4199	-117.122	NV	2	Nevada, United States	US	USNV		38.4199	-117.122	NV	20251013181500	https://knpr.org/politics/2025-10-13/out-of-land-the-role-of-federal-public-lands-in-the-wests-housing-crisis
1268380626	20251013	202510	2025	2025.7753	USA	UNITED STATES	USA								MED	SPOKESMAN						MED			0	013	013	01	1	0.4	8	1	4	-3.24300310972901	3	Catholic University Of America, District of Columbia, United States	US	USDC	DC001	38.9329	-76.9978	531457	3	Catholic University Of America, District of Columbia, United States	US	USDC		38.9329	-76.9978	531457	3	Catholic University Of America, District of Columbia, United States	US	USDC		38.9329	-76.9978	531457	20251013181500	http://www.chronline.com/stories/a-washington-catholic-priest-accused-of-sexual-misconduct-is-removed-and-reported-to-police,388998
1268380627	20251013	202510	2025	2025.7753	USA	UNITED STATES	USA								MED	MEDIA						MED			0	020	020	02	1	3.0	4	1	4	-1.66297117516629	3	Hollywood, California, United States	US	USCA	CA037	34.0983	-118.327	1660757	3	Hollywood, California, United States	US	USCA	CA037	34.0983	-118.327	1660757	3	Hollywood, California, United States	US	USCA	CA037	34.0983	-118.327	1660757	20251013181500	https://nypost.com/2025/10/13/media/heres-why-david-zaslav-isnt-tolerating-paramounts-lowball-offer-for-warner-bros-discovery/
1268380628	20251013	202510	2025	2025.7753	USA	UNITED STATES	USA								MED	JOURNALIST						MED			1	042	042	04	1	1.9	2	1	2	-0.88028169014084	3	Washington, District of Columbia, United States	US	USDC	DC001	38.8951	-77.0364	531871	3	Washington, District of Columbia, United States	US	USDC	DC001	38.8951	-77.0364	531871	3	Washington, District of Columbia, United States	US	USDC	DC001	38.8951	-77.0364	531871	20251013181500	https://www.ocregister.com/2025/10/13/the-new-editor-in-chief-of-cbs-news-is-not-like-the-others/
1268380629	20251013	202510	2025	2025.7753	USA	AMERICAN	USA								MED	JOURNALIST						MED			1	042	042	04	1	1.9	3	1	3	-0.88028169014084	2	New York, United States	US	USNY		42.1497	-74.9384	NY	2	New York, United States	US	USNY		42.1497	-74.9384	NY	2	New York, United States	US	USNY		42.1497	-74.9384	NY	20251013181500	https://www.ocregister.com/2025/10/13/the-new-editor-in-chief-of-cbs-news-is-not-like-the-others/
1268380630	20251013	202510	2025	2025.7753	USA	UNITED STATES	USA								MED	MEDIA						MED			0	061	061	06	2	6.4	1	1	1	-1.66297117516629	3	Hollywood, California, United States	US	USCA	CA037	34.0983	-118.327	1660757	3	Hollywood, California, United States	US	USCA	CA037	34.0983	-118.327	1660757	3	Hollywood, California, United States	US	USCA	CA037	34.0983	-118.327	1660757	20251013181500	https://nypost.com/2025/10/13/media/heres-why-david-zaslav-isnt-tolerating-paramounts-lowball-offer-for-warner-bros-discovery/
1268380631	20251013	202510	2025	2025.7753	USA	SAN FRANCISCO	USA								MED	MEDIA						MED			0	111	111	11	3	-2.0	5	1	5	0.51020408163265	3	San Francisco, California, United States	US	USCA	CA075	37.7749	-122.419	277593	3	San Francisco, California, United States	US	USCA		37.7749	-122.419	277593	3	San Francisco, California, United States	US	USCA		37.7749	-122.419	277593	20251013181500	https://www.nbcbayarea.com/news/local/san-francisco-benioff-musk-national-guard/3962820/
1268380632	20251013	202510	2025	2025.7753	USA	UNITED STATES	USA								MEX	MEXICO	MEX								0	043	043	04	1	2.8	3	1	3	-3.24300310972901	3	Walla Walla, Washington, United States	US	USWA	WA071	46.0646	-118.343	1512769	1	Mexico	MX	MX		23	-102	MX	1	Mexico	MX	MX		23	-102	MX	20251013181500	http://www.chronline.com/stories/a-washington-catholic-priest-accused-of-sexual-misconduct-is-removed-and-reported-to-police,388998
1268380633	20251013	202510	2025	2025.7753	USA	UNITED STATES	USA								MIL	NATIONAL GUARD						MIL			1	010	010	01	1	0.0	4	1	4	0.51020408163265	3	San Francisco, California, United States	US	USCA	CA075	37.7749	-122.419	277593	3	San Francisco, California, United States	US	USCA		37.7749	-122.419	277593	3	San Francisco, California, United States	US	USCA		37.7749	-122.419	277593	20251013181500	https://www.nbcbayarea.com/news/local/san-francisco-benioff-musk-national-guard/3962820/
1268380634	20251013	202510	2025	2025.7753	USA	SAN FRANCISCO	USA								MIL	NATIONAL GUARD						MIL			1	086	086	08	2	9.0	10	1	10	-1.05124835742444	3	San Francisco, California, United States	US	USCA	CA075	37.7749	-122.419	277593	3	San Francisco, California, United States	US	USCA		37.7749	-122.419	277593	3	San Francisco, California, United States	US	USCA		37.7749	-122.419	277593	20251013181500	https://www.pressdemocrat.com/2025/10/10/marc-benioff-says-trump-should-send-guard-troops-to-san-francisco__trashed/
1268380635	20251013	202510	2025	2025.7753	USA	PORTLAND	USA								MIL	NATIONAL GUARD						MIL			1	141	141	14	3	-6.5	2	1	2	-4.48275862068965	3	Portland, Oregon, United States	US	USOR	OR051	45.5235	-122.676	1136645	2	Oregon, United States	US	USOR		44.5672	-122.127	OR	3	Portland, Oregon, United States	US	USOR	OR051	45.5235	-122.676	1136645	20251013181500	http://www.chronline.com/stories/cyclists-in-the-buff-and-in-costume-mix-with-wet-weather-at-portland-ice,388991
1268380636	20251013	202510	2025	2025.7753	USA	UNITED STATES	USA								MNCJPN	SONY	JPN					MNC			1	042	042	04	1	1.9	4	1	4	-0.45366169799093	2	New York, United States	US	USNY		42.1497	-74.9384	NY	2	New York, United States	US	USNY		42.1497	-74.9384	NY	2	New York, United States	US	USNY		42.1497	-74.9384	NY	20251013181500	https://www.dailymail.co.uk/tvshowbiz/article-15188391/Jennifer-Aniston-terrified-make-career-Gwyneth-Paltrow-Scarlett-Johansson-done.html
1268380637	20251013	202510	2025	2025.7753	USA	THE US	USA								PRT	PORTUGAL	PRT								0	020	020	02	1	3.0	10	1	10	2.65577119509704	4	Quarteira, Faro, Portugal	PO	PO09	24765	37.0695	-8.10064	-2173524	4	Quarteira, Faro, Portugal	PO	PO09	24765	37.0695	-8.10064	-2173524	4	Quarteira, Faro, Portugal	PO	PO09	24765	37.0695	-8.10064	-2173524	20251013181500	http://www.saltlakecitysun.com/news/278634561/chase-buchanan-forges-ahead-with-expansions-in-canada-france-and-portugal
1268380638	20251013	202510	2025	2025.7753	USA	THE US	USA								PSE	GAZA	PSE								0	043	043	04	1	2.8	4	2	4	-4.04682204194164	4	Sharm El-Sheikh, Janub Sina', Egypt	EG	EG26	66041	27.8518	34.305	-302053	4	Gaza, Israel (general), Israel	IS	IS00	18315	31.4167	34.3333	-797156	4	Sharm El-Sheikh, Janub Sina', Egypt	EG	EG26	66041	27.8518	34.305	-302053	20251013181500	https://www.cnn.com/2025/10/13/middleeast/released-israeli-hostages-peace-summit-intl
1268380639	20251013	202510	2025	2025.7753	USA	SEATTLE	USA								REL	BISHOP									0	040	040	04	1	1.0	3	1	3	-3.24300310972901	3	Seattle, Washington, United States	US	USWA	WA033	47.6062	-122.332	1512650	3	Seattle, Washington, United States	US	USWA	WA033	47.6062	-122.332	1512650	3	Seattle, Washington, United States	US	USWA	WA033	47.6062	-122.332	1512650	20251013181500	http://www.chronline.com/stories/a-washington-catholic-priest-accused-of-sexual-misconduct-is-removed-and-reported-to-police,388998
1268380640	20251013	202510	2025	2025.7753	USA	UNITED STATES	USA								REL	BISHOP									0	040	040	04	1	1.0	1	1	1	-3.24300310972901	3	Seattle, Washington, United States	US	USWA	WA033	47.6062	-122.332	1512650	3	South Hill, Washington, United States	US	USWA		47.1412	-122.27	1867636	3	South Hill, Washington, United States	US	USWA		47.1412	-122.27	1867636	20251013181500	http://www.chronline.com/stories/a-washington-catholic-priest-accused-of-sexual-misconduct-is-removed-and-reported-to-police,388998
1268380641	20251013	202510	2025	2025.7753	USA	UNITED STATES	USA								REL	BISHOP									0	040	040	04	1	1.0	1	1	1	-3.24300310972901	3	South Hill, Washington, United States	US	USWA	WA053	47.1412	-122.27	1867636	3	South Hill, Washington, United States	US	USWA		47.1412	-122.27	1867636	3	South Hill, Washington, United States	US	USWA		47.1412	-122.27	1867636	20251013181500	http://www.chronline.com/stories/a-washington-catholic-priest-accused-of-sexual-misconduct-is-removed-and-reported-to-police,388998
1268380642	20251013	202510	2025	2025.7753	USA	UNITED STATES	USA								REL	BISHOP									0	042	042	04	1	1.9	1	1	1	-3.24300310972901	3	South Hill, Washington, United States	US	USWA	WA053	47.1412	-122.27	1867636	3	South Hill, Washington, United States	US	USWA		47.1412	-122.27	1867636	3	Seattle, Washington, United States	US	USWA	WA033	47.6062	-122.332	1512650	20251013181500	http://www.chronline.com/stories/a-washington-catholic-priest-accused-of-sexual-misconduct-is-removed-and-reported-to-police,388998
1268380643	20251013	202510	2025	2025.7753	USA	SEATTLE	USA								REL	BISHOP									0	043	043	04	1	2.8	3	1	3	-3.24300310972901	3	Seattle, Washington, United States	US	USWA	WA033	47.6062	-122.332	1512650	3	Seattle, Washington, United States	US	USWA	WA033	47.6062	-122.332	1512650	3	Seattle, Washington, United States	US	USWA	WA033	47.6062	-122.332	1512650	20251013181500	http://www.chronline.com/stories/a-washington-catholic-priest-accused-of-sexual-misconduct-is-removed-and-reported-to-police,388998
1268380644	20251013	202510	2025	2025.7753	USA	UNITED STATES	USA								REL	BISHOP									0	120	120	12	3	-4.0	2	1	2	-3.24300310972901	3	South Hill, Washington, United States	US	USWA	WA053	47.1412	-122.27	1867636	3	South Hill, Washington, United States	US	USWA		47.1412	-122.27	1867636	3	South Hill, Washington, United States	US	USWA		47.1412	-122.27	1867636	20251013181500	http://www.chronline.com/stories/a-washington-catholic-priest-accused-of-sexual-misconduct-is-removed-and-reported-to-police,388998
1268380645	20251013	202510	2025	2025.7753	USA	WASHINGTON	USA								RUS	RUSSIA	RUS								0	040	040	04	1	1.0	1	1	1	-4.22343324250681	4	Kremlin, Moskva, Russia	RS	RS48	25106	55.7522	37.6156	-2960561	4	Kremlin, Moskva, Russia	RS	RS48	25106	55.7522	37.6156	-2960561	4	Kremlin, Moskva, Russia	RS	RS48	25106	55.7522	37.6156	-2960561	20251013181500	https://www.aljazeera.com/news/2025/10/13/zelenskyy-to-meet-trump-in-dc-as-ukraine-seeks-defence-energy-support
1268380646	20251013	202510	2025	2025.7753	USA	NEVADA	USA								SET	SETTLER						SET			1	080	080	08	2	5.0	10	1	10	-0.67189249720045	2	Nevada, United States	US	USNV		38.4199	-117.122	NV	2	Nevada, United States	US	USNV		38.4199	-117.122	NV	2	Nevada, United States	US	USNV		38.4199	-117.122	NV	20251013181500	https://knpr.org/politics/2025-10-13/out-of-land-the-role-of-federal-public-lands-in-the-wests-housing-crisis
1268380647	20251013	202510	2025	2025.7753	USA	UNITED STATES	USA								SWE	SWEDEN	SWE								1	020	020	02	1	3.0	1	1	1	4.78170478170478	1	United States	US	US		39.828175	-98.5795	US	1	United States	US	US		39.828175	-98.5795	US	1	United States	US	US		39.828175	-98.5795	US	20251013181500	https://www.cjme.com/2025/10/13/dream-of-a-lifetime-canadian-economist-peter-howitt-among-nobel-winners-in-economics/
1268380648	20251013	202510	2025	2025.7753	USA	UNITED STATES	USA								SYR	SYRIA	SYR								0	040	040	04	1	1.0	1	1	1	-1.1826544021025	4	Damascus, Dimashq, Syria	SY	SY13	26324	33.5	36.3	-2541260	4	Damascus, Dimashq, Syria	SY	SY13	26324	33.5	36.3	-2541260	4	Damascus, Dimashq, Syria	SY	SY13	26324	33.5	36.3	-2541260	20251013181500	https://nypost.com/2025/10/13/media/syrian-leader-appears-to-flirt-with-cbss-margaret-brennan-on-60-minutes/
1268380649	20251013	202510	2025	2025.7753	USA	UNITED STATES	USA								SYR	SYRIA	SYR								0	040	040	04	1	1.0	1	1	1	-1.1826544021025	3	Washington, District of Columbia, United States	US	USDC	DC001	38.8951	-77.0364	531871	4	Riyadh, Ar Riya?, Saudi Arabia	SA	SA10	25316	24.6408	46.7728	-3093009	4	Damascus, Dimashq, Syria	SY	SY13	26324	33.5	36.3	-2541260	20251013181500	https://nypost.com/2025/10/13/media/syrian-leader-appears-to-flirt-with-cbss-margaret-brennan-on-60-minutes/
1268380650	20251013	202510	2025	2025.7753	USA	UNITED STATES	USA								UKR	UKRAINE	UKR								1	036	036	03	1	4.0	2	1	2	1.69491525423729	1	Ukraine	UP	UP		49	32	UP	1	Ukraine	UP	UP		49	32	UP	3	White House, District of Columbia, United States	US	USDC		38.8951	-77.0364	531871	20251013181500	https://biztoc.com/x/e054f5a6edc547a2
1268380651	20251013	202510	2025	2025.7753	USA	UNITED STATES	USA								USAAGR	UNITED STATES	USA					AGR			0	173	173	17	4	-5.0	1	1	1	-8.0082135523614	3	Scott County, Illinois, United States	US	USIL	IL171	39.65	-90.4668	424286	3	Henry County, Illinois, United States	US	USIL		41.35	-90.1501	424238	3	Scott County, Illinois, United States	US	USIL		39.65	-90.4668	424286	20251013181500	https://qctimes.com/news/local/crime-courts/article_c663868b-0f0b-4331-843f-6088a4cd1650.html
1268380652	20251013	202510	2025	2025.7753	USA	UNITED STATES	USA								USACVL	UNITED STATES	USA					CVL			0	013	013	01	1	0.4	8	1	8	0.141442715700142	3	Wilson County, North Carolina, United States	US	USNC	NC195	35.7168	-77.9164	1008596	3	Wilson County, North Carolina, United States	US	USNC		35.7168	-77.9164	1008596	3	Wilson County, North Carolina, United States	US	USNC		35.7168	-77.9164	1008596	20251013181500	https://www.wilsontimes.com/news/early-voting-begins-thursday-f1e2c9aa
1268380653	20251013	202510	2025	2025.7753	USA	UNITED STATES	USA								USACVL	UNITED STATES	USA					CVL			1	020	020	02	1	3.0	2	1	2	4.83271375464684	3	City Of Fort Wayne, Indiana, United States	US	USIN	IN003	41.0872	-85.1433	2394798	3	City Of Fort Wayne, Indiana, United States	US	USIN		41.0872	-85.1433	2394798	3	City Of Fort Wayne, Indiana, United States	US	USIN		41.0872	-85.1433	2394798	20251013181500	https://wowo.com/mayor-tucker-cuts-ribbon-on-meridian-health-clinic/
1268380654	20251013	202510	2025	2025.7753	USA	UNITED STATES	USA								USACVL	UNITED STATES	USA					CVL			1	020	020	02	1	3.0	4	1	4	4.83271375464684	3	City Of Fort Wayne, Indiana, United States	US	USIN	IN003	41.0872	-85.1433	2394798	2	Indiana, United States	US	USIN		39.8647	-86.2604	IN	3	City Of Fort Wayne, Indiana, United States	US	USIN		41.0872	-85.1433	2394798	20251013181500	https://wowo.com/mayor-tucker-cuts-ribbon-on-meridian-health-clinic/
1268380655	20251013	202510	2025	2025.7753	USA	UNITED STATES	USA								USACVL	UNITED STATES	USA					CVL			1	020	020	02	1	3.0	2	1	2	4.83271375464684	3	City Of Fort Wayne, Indiana, United States	US	USIN	IN003	41.0872	-85.1433	2394798	2	Indiana, United States	US	USIN		39.8647	-86.2604	IN	2	Indiana, United States	US	USIN		39.8647	-86.2604	IN	20251013181500	https://wowo.com/mayor-tucker-cuts-ribbon-on-meridian-health-clinic/
1268380656	20251013	202510	2025	2025.7753	USA	UNITED STATES	USA								USAEDU	UNITED STATES	USA					EDU			1	030	030	03	1	4.0	4	1	4	8.12182741116751	3	Cumberland County, New Jersey, United States	US	USNJ	NJ011	39.3501	-75.083	882275	3	Richland, New Jersey, United States	US	USNJ	NJ001	39.4918	-74.8707	879677	3	Cumberland County, New Jersey, United States	US	USNJ		39.3501	-75.083	882275	20251013181500	https://snjtoday.com/the-guidance-center-to-honor-john-f-scarpa/
1268380657	20251013	202510	2025	2025.7753	USA	UNITED STATES	USA								USAGOV	THE WHITE HOUSE	USA					GOV			0	013	013	01	1	0.4	1	1	1	-1.1826544021025	3	White House, District of Columbia, United States	US	USDC		38.8951	-77.0364	531871	3	White House, District of Columbia, United States	US	USDC		38.8951	-77.0364	531871	4	Damascus, Dimashq, Syria	SY	SY13	26324	33.5	36.3	-2541260	20251013181500	https://nypost.com/2025/10/13/media/syrian-leader-appears-to-flirt-with-cbss-margaret-brennan-on-60-minutes/
1268380658	20251013	202510	2025	2025.7753	USA	UNITED STATES	USA								USAGOV	THE WHITE HOUSE	USA					GOV			0	013	013	01	1	0.4	1	1	1	-1.1826544021025	1	Israel	IS	IS		31.5	34.75	IS	4	Damascus, Dimashq, Syria	SY	SY13	26324	33.5	36.3	-2541260	1	Israel	IS	IS		31.5	34.75	IS	20251013181500	https://nypost.com/2025/10/13/media/syrian-leader-appears-to-flirt-with-cbss-margaret-brennan-on-60-minutes/
1268380659	20251013	202510	2025	2025.7753	USA	MICHIGAN	USA								USAGOV	UNITED STATES	USA					GOV			1	043	043	04	1	2.8	2	1	2	0.869565217391306	2	Michigan, United States	US	USMI		43.3504	-84.5603	MI	2	Michigan, United States	US	USMI		43.3504	-84.5603	MI	2	Michigan, United States	US	USMI		43.3504	-84.5603	MI	20251013181500	https://wwmt.com/news/state/governor-says-newly-signed-education-budget-delivers-record-10k-in-funding-per-student
1268380660	20251013	202510	2025	2025.7753	USA	UNITED STATES	USA								USAGOV	UNITED STATES	USA					GOV			1	051	051	05	1	3.4	1	1	1	-1.05124835742444	3	San Francisco, California, United States	US	USCA	CA075	37.7749	-122.419	277593	3	San Francisco, California, United States	US	USCA		37.7749	-122.419	277593	3	San Francisco, California, United States	US	USCA		37.7749	-122.419	277593	20251013181500	https://www.pressdemocrat.com/2025/10/10/marc-benioff-says-trump-should-send-guard-troops-to-san-francisco__trashed/
1268380661	20251013	202510	2025	2025.7753	USA	UNITED STATES	USA								USAGOV	UNITED STATES	USA					GOV			1	100	100	10	3	-5.0	2	1	2	-3.69003690036901	3	Sussex County, Delaware, United States	US	USDE	DE005	38.7001	-75.4163	217269	3	Dewey Beach, Delaware, United States	US	USDE		38.6929	-75.0746	213884	3	Dewey Beach, Delaware, United States	US	USDE		38.6929	-75.0746	213884	20251013181500	https://www.yahoo.com/news/articles/noreaster-causes-beach-erosion-flooding-170211618.html
1268380662	20251013	202510	2025	2025.7753	USA	UNITED STATES	USA								USAGOV	UNITED STATES	USA					GOV			1	100	100	10	3	-5.0	2	1	2	-3.69003690036901	3	Sussex County, Delaware, United States	US	USDE	DE005	38.7001	-75.4163	217269	3	Dewey Beach, Delaware, United States	US	USDE		38.6929	-75.0746	213884	3	Sussex County, Delaware, United States	US	USDE		38.7001	-75.4163	217269	20251013181500	https://www.yahoo.com/news/articles/noreaster-causes-beach-erosion-flooding-170211618.html
1268380663	20251013	202510	2025	2025.7753	USA	THE US	USA								USAGOV	THE US	USA					GOV			0	130	130	13	3	-4.4	12	2	12	-4.04682204194164	4	Gaza, Israel (general), Israel	IS	IS00	18315	31.4167	34.3333	-797156	4	Gaza, Israel (general), Israel	IS	IS00	18315	31.4167	34.3333	-797156	4	Gaza, Israel (general), Israel	IS	IS00	18315	31.4167	34.3333	-797156	20251013181500	https://www.cnn.com/2025/10/13/middleeast/released-israeli-hostages-peace-summit-intl
1268380664	20251013	202510	2025	2025.7753	USA	MISSOURI	USA								USAHLH	UNITED STATES	USA					HLH			1	012	012	01	1	-0.4	4	1	4	1.46082337317397	3	Stephens College, Missouri, United States	US	USMO	MO019	38.9506	-92.323	727070	3	Stephens College, Missouri, United States	US	USMO		38.9506	-92.323	727070	3	Stephens College, Missouri, United States	US	USMO		38.9506	-92.323	727070	20251013181500	https://www.myozarksonline.com/missouri-health-professionals-worry-about-vaping-access-in-young-people/
1268380665	20251013	202510	2025	2025.7753	USA	UNITED STATES	USA								USAHLH	UNITED STATES	USA					HLH			1	051	051	05	1	3.4	2	1	2	4.337899543379	2	Minnesota, United States	US	USMN		45.7326	-93.9196	MN	2	Minnesota, United States	US	USMN		45.7326	-93.9196	MN	2	Minnesota, United States	US	USMN		45.7326	-93.9196	MN	20251013181500	https://www.mankatofreepress.com/news/local_news/names-and-notables/article_da4db49d-5672-437a-a0e5-f59a1d0e1366.html
1268380666	20251013	202510	2025	2025.7753	USA	MASSACHUSETTS	USA								USAMED	UNITED STATES	USA					MED			0	010	010	01	1	0.0	1	1	1	-4.16666666666667	2	Massachusetts, United States	US	USMA		42.2373	-71.5314	MA	3	Boston, Massachusetts, United States	US	USMA	MA025	42.3584	-71.0598	617565	3	Boston, Massachusetts, United States	US	USMA	MA025	42.3584	-71.0598	617565	20251013181500	https://www.newsweek.com/two-dead-after-small-plane-crash-in-massachusetts-reports-10871133
1268380667	20251013	202510	2025	2025.7753	USA	SAN FRANCISCO	USA								USAMIL	SAN FRANCISCO	USA					MIL			0	020	020	02	1	3.0	7	1	7	0.51020408163265	3	San Francisco, California, United States	US	USCA	CA075	37.7749	-122.419	277593	3	San Francisco, California, United States	US	USCA		37.7749	-122.419	277593	3	San Francisco, California, United States	US	USCA		37.7749	-122.419	277593	20251013181500	https://www.nbcbayarea.com/news/local/san-francisco-benioff-musk-national-guard/3962820/
1268380668	20251013	202510	2025	2025.7753	USA	UNITED STATES	USA								VNM	VIETNAM	VNM								1	010	010	01	1	0.0	4	1	4	-1.08481262327416	1	United States	US	US		39.828175	-98.5795	US	1	United States	US	US		39.828175	-98.5795	US	1	United States	US	US		39.828175	-98.5795	US	20251013181500	https://www.baltimoresun.com/2025/10/13/misinformation-media/
1268380669	20251013	202510	2025	2025.7753	USA	UNITED STATES	USA								VNM	VIETNAM	VNM								1	043	043	04	1	2.8	1	1	1	-1.08481262327416	1	United States	US	US		39.828175	-98.5795	US	1	Vietnam, Republic Of	VM	VM		16.166667	107.833333	VM	1	United States	US	US		39.828175	-98.5795	US	20251013181500	https://www.baltimoresun.com/2025/10/13/misinformation-media/
1268380670	20251013	202510	2025	2025.7753	USA	AMERICAN	USA								VNM	VIETNAM	VNM								0	190	190	19	4	-10.0	2	1	2	-0.48543689320389	2	California, United States	US	USCA		36.17	-119.746	CA	3	Washington, District of Columbia, United States	US	USDC	DC001	38.8951	-77.0364	531871	2	California, United States	US	USCA		36.17	-119.746	CA	20251013181500	https://sundial.csun.edu/198429/news/the-man-behind-the-masterpiece-david-obsts-imprint-on-history/
1268380671	20251013	202510	2025	2025.7753	USA	AMERICAN	USA								VNM	VIETNAM	VNM								0	190	190	19	4	-10.0	2	1	2	-0.48543689320389	2	California, United States	US	USCA		36.17	-119.746	CA	1	Vietnam, Republic Of	VM	VM		16.166667	107.833333	VM	2	California, United States	US	USCA		36.17	-119.746	CA	20251013181500	https://sundial.csun.edu/198429/news/the-man-behind-the-masterpiece-david-obsts-imprint-on-history/
1268380672	20251013	202510	2025	2025.7753	USA	AMERICAN	USA								VNM	VIETNAM	VNM								0	190	190	19	4	-10.0	6	1	6	-0.48543689320389	2	New York, United States	US	USNY		42.1497	-74.9384	NY	1	Vietnam, Republic Of	VM	VM		16.166667	107.833333	VM	2	New York, United States	US	USNY		42.1497	-74.9384	NY	20251013181500	https://sundial.csun.edu/198429/news/the-man-behind-the-masterpiece-david-obsts-imprint-on-history/
1268380673	20251013	202510	2025	2025.7753	USA	UNITED STATES	USA								haw	HAWAIIAN			haw						1	020	020	02	1	3.0	2	1	2	2.04379562043796	2	Alaska, United States	US	USAK		61.385	-152.268	AK	2	Alaska, United States	US	USAK		61.385	-152.268	AK	2	Alaska, United States	US	USAK		61.385	-152.268	AK	20251013181500	https://simpleflying.com/alaska-airlines-code-replacing-ha/
1268380674	20251013	202510	2025	2025.7753	USA	SOUTH DAKOTA	USA								nai	NATIVE AMERICAN			nai						0	051	051	05	1	3.4	2	1	2	1.1015911872705	1	Italy	IT	IT		42.833333	12.833333	IT	2	South Dakota, United States	US	USSD		44.2853	-99.4632	SD	2	South Dakota, United States	US	USSD		44.2853	-99.4632	SD	20251013181500	https://www.cleveland.com/news/2025/10/columbus-ohio-could-lose-federal-money-under-ohio-congressmans-columbus-day-bill.html
1268380675	20251013	202510	2025	2025.7753	USA	SOUTH DAKOTA	USA								nai	NATIVE AMERICAN			nai						0	051	051	05	1	3.4	4	1	4	1.1015911872705	2	South Dakota, United States	US	USSD		44.2853	-99.4632	SD	3	Berkeley, California, United States	US	USCA	CA001	37.8716	-122.273	1658037	3	Berkeley, California, United States	US	USCA	CA001	37.8716	-122.273	1658037	20251013181500	https://www.cleveland.com/news/2025/10/columbus-ohio-could-lose-federal-money-under-ohio-congressmans-columbus-day-bill.html
1268380676	20251013	202510	2025	2025.7753	USA	COLUMBUS	USA								nav	NAVAJO			nav						0	051	051	05	1	3.4	3	1	3	1.1015911872705	2	California, United States	US	USCA		36.17	-119.746	CA	1	Italy	IT	IT		42.833333	12.833333	IT	1	Italy	IT	IT		42.833333	12.833333	IT	20251013181500	https://www.cleveland.com/news/2025/10/columbus-ohio-could-lose-federal-money-under-ohio-congressmans-columbus-day-bill.html
1268380677	20251013	202510	2025	2025.7753	USABUS	ALASKA	USA					BUS			EUR	EUROPEAN	EUR								0	020	020	02	1	3.0	8	1	8	2.04379562043796	2	Alaska, United States	US	USAK		61.385	-152.268	AK	2	Alaska, United States	US	USAK		61.385	-152.268	AK	2	Alaska, United States	US	USAK		61.385	-152.268	AK	20251013181500	https://simpleflying.com/alaska-airlines-code-replacing-ha/
1268380678	20251013	202510	2025	2025.7753	USACRM	UNITED STATES	USA					CRM													0	050	050	05	1	3.5	2	1	2	-4.9645390070922	3	Jefferson County, Kentucky, United States	US	USKY	KY111	38.1834	-85.65	516902	0								3	Jefferson County, Kentucky, United States	US	USKY		38.1834	-85.65	516902	20251013181500	https://www.wkyt.com/2025/10/11/legal-analyst-talks-recent-ruling-that-says-kentucky-felons-cannot-possess-firearms/
1268380679	20251013	202510	2025	2025.7753	USACVL	UNITED STATES	USA					CVL													0	020	020	02	1	3.0	1	1	1	2.65577119509704	1	United Kingdom	UK	UK		54	-4	UK	0								1	United Kingdom	UK	UK		54	-4	UK	20251013181500	http://www.saltlakecitysun.com/news/278634561/chase-buchanan-forges-ahead-with-expansions-in-canada-france-and-portugal
1268380680	20251013	202510	2025	2025.7753	USACVL	AMERICAN	USA					CVL													0	020	020	02	1	3.0	7	1	7	2.65577119509704	1	United States	US	US		39.828175	-98.5795	US	0								1	United States	US	US		39.828175	-98.5795	US	20251013181500	http://www.saltlakecitysun.com/news/278634561/chase-buchanan-forges-ahead-with-expansions-in-canada-france-and-portugal
1268380681	20251013	202510	2025	2025.7753	USACVL	UNITED STATES	USA					CVL			USA	AMERICAN	USA								0	020	020	02	1	3.0	1	1	1	2.65577119509704	1	United Kingdom	UK	UK		54	-4	UK	1	United Kingdom	UK	UK		54	-4	UK	1	United Kingdom	UK	UK		54	-4	UK	20251013181500	http://www.saltlakecitysun.com/news/278634561/chase-buchanan-forges-ahead-with-expansions-in-canada-france-and-portugal
1268380682	20251013	202510	2025	2025.7753	USACVL	UNITED STATES	USA					CVL			USA	AMERICAN	USA								0	020	020	02	1	3.0	1	1	1	2.65577119509704	1	United States	US	US		39.828175	-98.5795	US	1	United States	US	US		39.828175	-98.5795	US	1	United States	US	US		39.828175	-98.5795	US	20251013181500	http://www.saltlakecitysun.com/news/278634561/chase-buchanan-forges-ahead-with-expansions-in-canada-france-and-portugal
1268380683	20251013	202510	2025	2025.7753	USACVL	PHOENIX	USA					CVL			USA	PHOENIX	USA								1	173	173	17	4	-5.0	8	1	8	-4.03022670025189	3	Phoenix, Arizona, United States	US	USAZ	AZ013	33.4484	-112.074	44784	3	Phoenix, Arizona, United States	US	USAZ	AZ013	33.4484	-112.074	44784	3	Phoenix, Arizona, United States	US	USAZ	AZ013	33.4484	-112.074	44784	20251013181500	https://www.12news.com/article/news/local/valley/man-found-dead-phoenix-backyard-gunshot/75-776e35ba-fbd6-4d32-a399-3f3982b8b8cb
1268380684	20251013	202510	2025	2025.7753	USACVL	PHOENIX	USA					CVL			USA	PHOENIX	USA								1	193	193	19	4	-10.0	6	1	6	-4.03022670025189	3	Phoenix, Arizona, United States	US	USAZ	AZ013	33.4484	-112.074	44784	3	Phoenix, Arizona, United States	US	USAZ	AZ013	33.4484	-112.074	44784	3	Phoenix, Arizona, United States	US	USAZ	AZ013	33.4484	-112.074	44784	20251013181500	https://www.12news.com/article/news/local/valley/man-found-dead-phoenix-backyard-gunshot/75-776e35ba-fbd6-4d32-a399-3f3982b8b8cb
1268380685	20251013	202510	2025	2025.7753	USAEDU	OKLAHOMA	USA					EDU													1	010	010	01	1	0.0	10	1	10	0	3	Los Angeles, California, United States	US	USCA	CA037	34.0522	-118.244	1662328	0								3	Los Angeles, California, United States	US	USCA		34.0522	-118.244	1662328	20251013181500	https://www.latimes.com/00000199-cb52-d547-abdf-eb56819e0000-123
1268380686	20251013	202510	2025	2025.7753	USAEDU	UNITED STATES	USA					EDU													0	010	010	01	1	0.0	4	1	4	-0.48543689320389	2	California, United States	US	USCA		36.17	-119.746	CA	0								2	California, United States	US	USCA		36.17	-119.746	CA	20251013181500	https://sundial.csun.edu/198429/news/the-man-behind-the-masterpiece-david-obsts-imprint-on-history/
1268380687	20251013	202510	2025	2025.7753	USAEDU	MISSOURI	USA					EDU													0	060	060	06	2	6.0	6	1	6	0.75642965204236	2	Missouri, United States	US	USMO		38.4623	-92.302	MO	0								2	Missouri, United States	US	USMO		38.4623	-92.302	MO	20251013181500	https://www.kbia.org/missouri-news-network/2025-10-13/buffaloe-looks-to-student-involvement-in-response-to-downtown-violence
1268380688	20251013	202510	2025	2025.7753	USAEDU	MISSOURI	USA					EDU													0	084	084	08	2	7.0	3	1	3	0.75642965204236	2	Missouri, United States	US	USMO		38.4623	-92.302	MO	0								2	Missouri, United States	US	USMO		38.4623	-92.302	MO	20251013181500	https://www.kbia.org/missouri-news-network/2025-10-13/buffaloe-looks-to-student-involvement-in-response-to-downtown-violence
1268380689	20251013	202510	2025	2025.7753	USAELI	DETROIT	USA					ELI													1	022	022	02	1	3.2	10	1	10	0	2	Michigan, United States	US	USMI		43.3504	-84.5603	MI	0								2	Michigan, United States	US	USMI		43.3504	-84.5603	MI	20251013181500	https://www.wkar.org/podcast/michigan-minute/2025-10-13/remembering-douglass-houghton-october-13
1268380690	20251013	202510	2025	2025.7753	USAELI	DETROIT	USA					ELI													1	071	071	07	2	7.4	6	1	6	0	2	Michigan, United States	US	USMI		43.3504	-84.5603	MI	0								3	Eagle River, Michigan, United States	US	USMI		47.4138	-88.2957	625096	20251013181500	https://www.wkar.org/podcast/michigan-minute/2025-10-13/remembering-douglass-houghton-october-13
1268380691	20251013	202510	2025	2025.7753	USAELI	DETROIT	USA					ELI													1	071	071	07	2	7.4	4	1	4	0	2	Michigan, United States	US	USMI		43.3504	-84.5603	MI	0								2	Michigan, United States	US	USMI		43.3504	-84.5603	MI	20251013181500	https://www.wkar.org/podcast/michigan-minute/2025-10-13/remembering-douglass-houghton-october-13
1268380692	20251013	202510	2025	2025.7753	USAELI	BILL CLINTON	USA					ELI			GOV	PRESIDENT						GOV			1	042	042	04	1	1.9	5	1	5	-4.49438202247191	3	White House, District of Columbia, United States	US	USDC		38.8951	-77.0364	531871	3	White House, District of Columbia, United States	US	USDC		38.8951	-77.0364	531871	3	White House, District of Columbia, United States	US	USDC		38.8951	-77.0364	531871	20251013181500	https://newrepublic.com/post/201694/donald-trump-watergate-ukraine-impeachment-hoax
1268380693	20251013	202510	2025	2025.7753	USAGOV	THE US	USA					GOV													0	013	013	01	1	0.4	2	1	2	0.43956043956044	4	Sharm El-Sheikh, Janub Sina', Egypt	EG	EG26	66041	27.8518	34.305	-302053	0								4	Sharm El-Sheikh, Janub Sina', Egypt	EG	EG26	66041	27.8518	34.305	-302053	20251013181500	https://indianexpress.com/article/world/after-israel-hamas-prisoner-swap-world-leaders-sign-gaza-deal-10305171/
1268380694	20251013	202510	2025	2025.7753	USAGOV	THE US	USA					GOV													0	013	013	01	1	0.4	8	1	8	0.43956043956044	4	Gaza, Israel (general), Israel	IS	IS00	18315	31.4167	34.3333	-797156	0								4	Gaza, Israel (general), Israel	IS	IS00	18315	31.4167	34.3333	-797156	20251013181500	https://indianexpress.com/article/world/after-israel-hamas-prisoner-swap-world-leaders-sign-gaza-deal-10305171/
1268380695	20251013	202510	2025	2025.7753	USAGOV	THE US	USA					GOV													0	030	030	03	1	4.0	2	1	2	-0.79681274900399	2	New York, United States	US	USNY		42.1497	-74.9384	NY	0								3	White House, District of Columbia, United States	US	USDC		38.8951	-77.0364	531871	20251013181500	https://www.newstatesman.com/international-politics/2025/10/trumps-hostage-deal-was-the-easy-part
1268380696	20251013	202510	2025	2025.7753	USAGOV	UNITED STATES	USA					GOV													0	040	040	04	1	1.0	2	1	2	0.75642965204236	2	Missouri, United States	US	USMO		38.4623	-92.302	MO	0								2	Missouri, United States	US	USMO		38.4623	-92.302	MO	20251013181500	https://www.kbia.org/missouri-news-network/2025-10-13/buffaloe-looks-to-student-involvement-in-response-to-downtown-violence
1268380697	20251013	202510	2025	2025.7753	USAGOV	UNITED STATES	USA					GOV													0	046	046	04	1	7.0	2	1	2	0.75642965204236	2	Missouri, United States	US	USMO		38.4623	-92.302	MO	0								2	Missouri, United States	US	USMO		38.4623	-92.302	MO	20251013181500	https://www.kbia.org/missouri-news-network/2025-10-13/buffaloe-looks-to-student-involvement-in-response-to-downtown-violence
1268380698	20251013	202510	2025	2025.7753	USAGOV	US GOVERNMENT	USA					GOV			EUR	EUROPEAN	EUR								1	042	042	04	1	1.9	10	1	10	-1.75438596491228	1	Malta	MT	MT		35.916667	14.433333	MT	1	Malta	MT	MT		35.916667	14.433333	MT	1	Malta	MT	MT		35.916667	14.433333	MT	20251013181500	https://biztoc.com/x/25fcf21fc1e7c827
1268380699	20251013	202510	2025	2025.7753	USAGOV	OVAL OFFICE	USA					GOV			GOV	PRESIDENT						GOV			1	043	043	04	1	2.8	2	1	2	-1.05124835742444	3	San Francisco, California, United States	US	USCA	CA075	37.7749	-122.419	277593	3	San Francisco, California, United States	US	USCA		37.7749	-122.419	277593	3	San Francisco, California, United States	US	USCA		37.7749	-122.419	277593	20251013181500	https://www.pressdemocrat.com/2025/10/10/marc-benioff-says-trump-should-send-guard-troops-to-san-francisco__trashed/
1268380700	20251013	202510	2025	2025.7753	USAGOV	OVAL OFFICE	USA					GOV			GOV	PRESIDENT						GOV			1	043	043	04	1	2.8	2	1	2	-1.05124835742444	3	White House, District of Columbia, United States	US	USDC		38.8951	-77.0364	531871	3	San Francisco, California, United States	US	USCA		37.7749	-122.419	277593	3	White House, District of Columbia, United States	US	USDC		38.8951	-77.0364	531871	20251013181500	https://www.pressdemocrat.com/2025/10/10/marc-benioff-says-trump-should-send-guard-troops-to-san-francisco__trashed/
1268380701	20251013	202510	2025	2025.7753	USAGOV	THE WHITE HOUSE	USA					GOV			ISR	ISRAELI	ISR								0	040	040	04	1	1.0	1	1	1	-0.79681274900399	3	White House, District of Columbia, United States	US	USDC		38.8951	-77.0364	531871	4	Gaza, Israel (general), Israel	IS	IS00	18315	31.4167	34.3333	-797156	2	New York, United States	US	USNY		42.1497	-74.9384	NY	20251013181500	https://www.newstatesman.com/international-politics/2025/10/trumps-hostage-deal-was-the-easy-part
1268380702	20251013	202510	2025	2025.7753	USAGOV	THE WHITE HOUSE	USA					GOV			ISR	ISRAELI	ISR								0	050	050	05	1	3.5	1	1	1	-0.79681274900399	3	White House, District of Columbia, United States	US	USDC		38.8951	-77.0364	531871	4	Gaza, Israel (general), Israel	IS	IS00	18315	31.4167	34.3333	-797156	4	Gaza, Israel (general), Israel	IS	IS00	18315	31.4167	34.3333	-797156	20251013181500	https://www.newstatesman.com/international-politics/2025/10/trumps-hostage-deal-was-the-easy-part
1268380703	20251013	202510	2025	2025.7753	USAGOV	UNITED STATES	USA					GOV			ISR	ISRAEL	ISR								1	057	057	05	1	8.0	2	1	2	12.8205128205128	4	Gaza, Israel (general), Israel	IS	IS00	18315	31.4167	34.3333	-797156	4	Gaza, Israel (general), Israel	IS	IS00	18315	31.4167	34.3333	-797156	1	United States	US	US		39.828175	-98.5795	US	20251013181500	https://biztoc.com/x/ae1a274ef50819c8
1268380704	20251013	202510	2025	2025.7753	USAGOV	UNITED STATES	USA					GOV			ISR	ISRAEL	ISR								1	057	057	05	1	8.0	3	1	3	12.8205128205128	1	United States	US	US		39.828175	-98.5795	US	4	Gaza, Israel (general), Israel	IS	IS00	18315	31.4167	34.3333	-797156	1	United States	US	US		39.828175	-98.5795	US	20251013181500	https://biztoc.com/x/ae1a274ef50819c8
1268380705	20251013	202510	2025	2025.7753	USAGOV	THE US	USA					GOV			ISR	ISRAEL	ISR								0	130	130	13	3	-4.4	8	2	8	-4.04682204194164	4	Gaza, Israel (general), Israel	IS	IS00	18315	31.4167	34.3333	-797156	4	Gaza, Israel (general), Israel	IS	IS00	18315	31.4167	34.3333	-797156	4	Gaza, Israel (general), Israel	IS	IS00	18315	31.4167	34.3333	-797156	20251013181500	https://www.cnn.com/2025/10/13/middleeast/released-israeli-hostages-peace-summit-intl
1268380706	20251013	202510	2025	2025.7753	USAGOV	UNITED STATES	USA					GOV			ISRGOV	ISRAEL	ISR					GOV			1	010	010	01	1	0.0	8	1	8	-1.26050420168067	4	Gaza, Israel (general), Israel	IS	IS00	18315	31.4167	34.3333	-797156	4	Gaza, Israel (general), Israel	IS	IS00	18315	31.4167	34.3333	-797156	4	Gaza, Israel (general), Israel	IS	IS00	18315	31.4167	34.3333	-797156	20251013181500	https://georgiatoday.ge/georgian-embassy-in-israel-shares-in-joy-over-hostages-release/
1268380707	20251013	202510	2025	2025.7753	USAGOV	UNITED STATES	USA					GOV			ISRGOV	ISRAEL	ISR					GOV			1	051	051	05	1	3.4	8	1	8	-1.26050420168067	2	Georgia, United States	US	USGA		32.9866	-83.6487	GA	4	Gaza, Israel (general), Israel	IS	IS00	18315	31.4167	34.3333	-797156	4	Gaza, Israel (general), Israel	IS	IS00	18315	31.4167	34.3333	-797156	20251013181500	https://georgiatoday.ge/georgian-embassy-in-israel-shares-in-joy-over-hostages-release/
1268380708	20251013	202510	2025	2025.7753	USAGOV	THE WHITE HOUSE	USA					GOV			ISRGOV	ISRAEL	ISR					GOV			0	057	057	05	1	8.0	2	2	2	-2.56182100254474	3	White House, District of Columbia, United States	US	USDC		38.8951	-77.0364	531871	4	Gaza, Israel (general), Israel	IS	IS00	18315	31.4167	34.3333	-797156	1	Rwanda	RW	RW		-2	30	RW	20251013181500	https://www.seattletimes.com/nation-world/fact-focus-with-a-truce-in-israel-trump-now-says-hes-ended-eight-wars-his-numbers-are-off/
1268380709	20251013	202510	2025	2025.7753	USAGOV	THE WHITE HOUSE	USA					GOV			ISRGOV	ISRAEL	ISR					GOV			0	057	057	05	1	8.0	1	1	1	-2.53388332351208	1	Congo	CF	CF		-1	15	CF	4	Gaza, Israel (general), Israel	IS	IS00	18315	31.4167	34.3333	-797156	1	Congo	CF	CF		-1	15	CF	20251013181500	https://www.winnipegfreepress.com/world/2025/10/13/fact-focus-with-a-truce-in-israel-trump-now-says-hes-ended-eight-wars-his-numbers-are-off
1268380710	20251013	202510	2025	2025.7753	USAGOV	THE WHITE HOUSE	USA					GOV			ISRGOV	ISRAEL	ISR					GOV			0	057	057	05	1	8.0	1	1	1	-2.5897586815774	1	Democratic Republic Of The Congo	CG	CG		0	25	CG	4	Gaza, Israel (general), Israel	IS	IS00	18315	31.4167	34.3333	-797156	1	Democratic Republic Of The Congo	CG	CG		0	25	CG	20251013181500	https://www.seattletimes.com/nation-world/fact-focus-with-a-truce-in-israel-trump-now-says-hes-ended-eight-wars-his-numbers-are-off/
1268380711	20251013	202510	2025	2025.7753	USAGOV	UNITED STATES	USA					GOV			PSEREB	HAMAS	PSE					REB			1	043	043	04	1	2.8	8	1	8	-1.26050420168067	2	Georgia, United States	US	USGA		32.9866	-83.6487	GA	2	Georgia, United States	US	USGA		32.9866	-83.6487	GA	2	Georgia, United States	US	USGA		32.9866	-83.6487	GA	20251013181500	https://georgiatoday.ge/georgian-embassy-in-israel-shares-in-joy-over-hostages-release/
1268380712	20251013	202510	2025	2025.7753	USAGOV	UNITED STATES	USA					GOV			PSEREB	HAMAS	PSE					REB			1	057	057	05	1	8.0	2	1	2	12.8205128205128	4	Gaza, Israel (general), Israel	IS	IS00	18315	31.4167	34.3333	-797156	4	Gaza, Israel (general), Israel	IS	IS00	18315	31.4167	34.3333	-797156	1	United States	US	US		39.828175	-98.5795	US	20251013181500	https://biztoc.com/x/ae1a274ef50819c8
1268380713	20251013	202510	2025	2025.7753	USAGOV	UNITED STATES	USA					GOV			PSEREB	HAMAS	PSE					REB			1	057	057	05	1	8.0	3	1	3	12.8205128205128	1	United States	US	US		39.828175	-98.5795	US	4	Gaza, Israel (general), Israel	IS	IS00	18315	31.4167	34.3333	-797156	1	United States	US	US		39.828175	-98.5795	US	20251013181500	https://biztoc.com/x/ae1a274ef50819c8
1268380714	20251013	202510	2025	2025.7753	USAGOV	THE US	USA					GOV			SYR	SYRIA	SYR								0	051	051	05	1	3.4	4	1	4	-1.1826544021025	4	Damascus, Dimashq, Syria	SY	SY13	26324	33.5	36.3	-2541260	4	Damascus, Dimashq, Syria	SY	SY13	26324	33.5	36.3	-2541260	4	Damascus, Dimashq, Syria	SY	SY13	26324	33.5	36.3	-2541260	20251013181500	https://nypost.com/2025/10/13/media/syrian-leader-appears-to-flirt-with-cbss-margaret-brennan-on-60-minutes/
1268380715	20251013	202510	2025	2025.7753	USAGOV	THE US	USA					GOV			UAF	MILITANT						UAF			0	051	051	05	1	3.4	6	1	6	-1.1826544021025	1	Israel	IS	IS		31.5	34.75	IS	1	Israel	IS	IS		31.5	34.75	IS	1	Israel	IS	IS		31.5	34.75	IS	20251013181500	https://nypost.com/2025/10/13/media/syrian-leader-appears-to-flirt-with-cbss-margaret-brennan-on-60-minutes/
1268380716	20251013	202510	2025	2025.7753	USAGOV	UNITED STATES	USA					GOV			USA	MICHIGAN	USA								1	042	042	04	1	1.9	2	1	2	0.869565217391306	2	Michigan, United States	US	USMI		43.3504	-84.5603	MI	2	Michigan, United States	US	USMI		43.3504	-84.5603	MI	2	Michigan, United States	US	USMI		43.3504	-84.5603	MI	20251013181500	https://wwmt.com/news/state/governor-says-newly-signed-education-budget-delivers-record-10k-in-funding-per-student
1268380717	20251013	202510	2025	2025.7753	USAHLH	MISSOURI	USA					HLH													1	012	012	01	1	-0.4	6	1	6	1.46082337317397	3	Stephens College, Missouri, United States	US	USMO	MO019	38.9506	-92.323	727070	0								3	Stephens College, Missouri, United States	US	USMO		38.9506	-92.323	727070	20251013181500	https://www.myozarksonline.com/missouri-health-professionals-worry-about-vaping-access-in-young-people/
1268380718	20251013	202510	2025	2025.7753	USAHLH	MINNESOTA	USA					HLH													1	051	051	05	1	3.4	6	1	6	4.337899543379	2	Minnesota, United States	US	USMN		45.7326	-93.9196	MN	0								2	Minnesota, United States	US	USMN		45.7326	-93.9196	MN	20251013181500	https://www.mankatofreepress.com/news/local_news/names-and-notables/article_da4db49d-5672-437a-a0e5-f59a1d0e1366.html
1268380719	20251013	202510	2025	2025.7753	USAJUD	UNITED STATES	USA					JUD			USA	UNITED STATES	USA								0	173	173	17	4	-5.0	1	1	1	-8.0082135523614	3	Scott County, Illinois, United States	US	USIL	IL171	39.65	-90.4668	424286	3	Henry County, Illinois, United States	US	USIL		41.35	-90.1501	424238	3	Henry County, Illinois, United States	US	USIL		41.35	-90.1501	424238	20251013181500	https://qctimes.com/news/local/crime-courts/article_c663868b-0f0b-4331-843f-6088a4cd1650.html
1268380720	20251013	202510	2025	2025.7753	USAJUD	UNITED STATES	USA					JUD			USAAGR	UNITED STATES	USA					AGR			0	173	173	17	4	-5.0	1	1	1	-8.0082135523614	3	Scott County, Illinois, United States	US	USIL	IL171	39.65	-90.4668	424286	3	Henry County, Illinois, United States	US	USIL		41.35	-90.1501	424238	3	Henry County, Illinois, United States	US	USIL		41.35	-90.1501	424238	20251013181500	https://qctimes.com/news/local/crime-courts/article_c663868b-0f0b-4331-843f-6088a4cd1650.html
1268380721	20251013	202510	2025	2025.7753	USAMED	THE ASSOCIATED PRESS	USA					MED													1	030	030	03	1	4.0	10	1	10	-4.98533724340176	3	State College, Pennsylvania, United States	US	USPA	PA027	40.7934	-77.86	1198224	0								3	State College, Pennsylvania, United States	US	USPA		40.7934	-77.86	1198224	20251013181500	https://www.pennlive.com/weather/2025/10/noreaster-bringing-major-flooding-and-astronomical-high-tides-heres-what-to-know.html
1268380722	20251013	202510	2025	2025.7753	USAMED	REUTERS	USA					MED													1	040	040	04	1	1.0	5	1	5	-0.4739336492891	4	Bengaluru, Karnataka, India	IN	IN19	70159	12.9833	77.5833	-2090174	0								4	Bengaluru, Karnataka, India	IN	IN19	70159	12.9833	77.5833	-2090174	20251013181500	https://finance.yahoo.com/news/dating-app-grindr-explores-private-173555280.html
1268380723	20251013	202510	2025	2025.7753	USAMED	REUTERS	USA					MED			ISRLEG	ISRAEL	ISR					LEG			0	010	010	01	1	0.0	1	1	1	-1.83574879227053	4	Gaza, Israel (general), Israel	IS	IS00	18315	31.4167	34.3333	-797156	4	Gaza, Israel (general), Israel	IS	IS00	18315	31.4167	34.3333	-797156	4	Gaza, Israel (general), Israel	IS	IS00	18315	31.4167	34.3333	-797156	20251013181500	https://www.globaltimes.cn/page/202510/1345529.shtml
1268380724	20251013	202510	2025	2025.7753	USAMED	REUTERS	USA					MED			ISRLEG	ISRAEL	ISR					LEG			0	042	042	04	1	1.9	1	1	1	-1.83574879227053	4	Gaza, Israel (general), Israel	IS	IS00	18315	31.4167	34.3333	-797156	4	Gaza, Israel (general), Israel	IS	IS00	18315	31.4167	34.3333	-797156	4	Gaza, Israel (general), Israel	IS	IS00	18315	31.4167	34.3333	-797156	20251013181500	https://www.globaltimes.cn/page/202510/1345529.shtml
1268380725	20251013	202510	2025	2025.7753	USAMED	REUTERS	USA					MED			PSEREB	HAMAS	PSE					REB			1	042	042	04	1	1.9	3	1	3	-0.79681274900399	4	Gaza, Israel (general), Israel	IS	IS00	18315	31.4167	34.3333	-797156	4	Gaza, Israel (general), Israel	IS	IS00	18315	31.4167	34.3333	-797156	4	Gaza, Israel (general), Israel	IS	IS00	18315	31.4167	34.3333	-797156	20251013181500	https://www.newstatesman.com/international-politics/2025/10/trumps-hostage-deal-was-the-easy-part
1268380726	20251013	202510	2025	2025.7753	USAMED	ASSOCIATED PRESS	USA					MED			USA	UNITED STATES	USA								0	070	070	07	2	7.0	4	2	4	-2.56182100254474	1	Malaysia	MY	MY		2.5	112.5	MY	2	Michigan, United States	US	USMI		43.3504	-84.5603	MI	1	Thailand	TH	TH		15	100	TH	20251013181500	https://www.seattletimes.com/nation-world/fact-focus-with-a-truce-in-israel-trump-now-says-hes-ended-eight-wars-his-numbers-are-off/
1268380727	20251013	202510	2025	2025.7753	VNM	VIETNAM	VNM								USA	UNITED STATES	USA								0	010	010	01	1	0.0	1	1	1	-0.48543689320389	1	Vietnam, Republic Of	VM	VM		16.166667	107.833333	VM	3	Washington, District of Columbia, United States	US	USDC	DC001	38.8951	-77.0364	531871	3	Philadelphia, Pennsylvania, United States	US	USPA	PA101	39.9523	-75.1638	1209052	20251013181500	https://sundial.csun.edu/198429/news/the-man-behind-the-masterpiece-david-obsts-imprint-on-history/
1268380728	20251013	202510	2025	2025.7753	VNM	VIETNAM	VNM								USA	UNITED STATES	USA								0	010	010	01	1	0.0	1	1	1	-0.48543689320389	1	Vietnam, Republic Of	VM	VM		16.166667	107.833333	VM	3	Washington, District of Columbia, United States	US	USDC	DC001	38.8951	-77.0364	531871	3	Washington, District of Columbia, United States	US	USDC	DC001	38.8951	-77.0364	531871	20251013181500	https://sundial.csun.edu/198429/news/the-man-behind-the-masterpiece-david-obsts-imprint-on-history/
1268380729	20251013	202510	2025	2025.7753	VNM	VIETNAM	VNM								USA	UNITED STATES	USA								1	010	010	01	1	0.0	1	1	1	-1.08481262327416	1	Vietnam, Republic Of	VM	VM		16.166667	107.833333	VM	1	United States	US	US		39.828175	-98.5795	US	1	United States	US	US		39.828175	-98.5795	US	20251013181500	https://www.baltimoresun.com/2025/10/13/misinformation-media/
1268380730	20251013	202510	2025	2025.7753	VNM	VIETNAM	VNM								USA	UNITED STATES	USA								1	042	042	04	1	1.9	1	1	1	-1.08481262327416	1	United States	US	US		39.828175	-98.5795	US	1	United States	US	US		39.828175	-98.5795	US	1	United States	US	US		39.828175	-98.5795	US	20251013181500	https://www.baltimoresun.com/2025/10/13/misinformation-media/
1268380731	20251013	202510	2025	2025.7753	VNM	VIETNAM	VNM								USA	UNITED STATES	USA								0	090	090	09	2	-2.0	1	1	1	-0.48543689320389	1	Vietnam, Republic Of	VM	VM		16.166667	107.833333	VM	3	Washington, District of Columbia, United States	US	USDC	DC001	38.8951	-77.0364	531871	2	New York, United States	US	USNY		42.1497	-74.9384	NY	20251013181500	https://sundial.csun.edu/198429/news/the-man-behind-the-masterpiece-david-obsts-imprint-on-history/
1268380732	20251013	202510	2025	2025.7753	VNM	VIETNAM	VNM								USA	UNITED STATES	USA								0	090	090	09	2	-2.0	1	1	1	-0.48543689320389	1	Vietnam, Republic Of	VM	VM		16.166667	107.833333	VM	2	New York, United States	US	USNY		42.1497	-74.9384	NY	2	New York, United States	US	USNY		42.1497	-74.9384	NY	20251013181500	https://sundial.csun.edu/198429/news/the-man-behind-the-masterpiece-david-obsts-imprint-on-history/
1268380733	20251013	202510	2025	2025.7753	gun	GUAN			gun																1	0214	021	02	1	3.4	10	1	10	-4.34782608695652	0								0								0								20251013181500	https://www.freemalaysiatoday.com/category/nation/2025/10/13/cops-record-17-statements-in-probe-on-umany-president-says-saifuddin
1268380734	20251013	202510	2025	2025.7753	gun	GUAN			gun						EDU	SCHOOL						EDU			1	020	020	02	1	3.0	10	1	10	-4.34782608695652	0								0								0								20251013181500	https://www.freemalaysiatoday.com/category/nation/2025/10/13/cops-record-17-statements-in-probe-on-umany-president-says-saifuddin
1268380735	20251013	202510	2025	2025.7753	idgLEG	INDIGENOUS			idg			LEG			CVL	INDIGENOUS PEOPLE						CVL			0	020	020	02	1	3.0	2	1	2	1.1015911872705	1	Italy	IT	IT		42.833333	12.833333	IT	1	Italy	IT	IT		42.833333	12.833333	IT	1	Italy	IT	IT		42.833333	12.833333	IT	20251013181500	https://www.cleveland.com/news/2025/10/columbus-ohio-could-lose-federal-money-under-ohio-congressmans-columbus-day-bill.html
1268380736	20251013	202510	2025	2025.7753	idgLEG	INDIGENOUS			idg			LEG			CVL	INDIGENOUS PEOPLE						CVL			0	020	020	02	1	3.0	8	1	8	1.1015911872705	2	South Dakota, United States	US	USSD		44.2853	-99.4632	SD	2	South Dakota, United States	US	USSD		44.2853	-99.4632	SD	2	South Dakota, United States	US	USSD		44.2853	-99.4632	SD	20251013181500	https://www.cleveland.com/news/2025/10/columbus-ohio-could-lose-federal-money-under-ohio-congressmans-columbus-day-bill.html
1268380737	20251013	202510	2025	2025.7753	idgLEG	INDIGENOUS			idg			LEG			CVL	INDIGENOUS PEOPLE						CVL			0	040	040	04	1	1.0	2	1	2	1.1015911872705	1	Italy	IT	IT		42.833333	12.833333	IT	1	Italy	IT	IT		42.833333	12.833333	IT	1	Italy	IT	IT		42.833333	12.833333	IT	20251013181500	https://www.cleveland.com/news/2025/10/columbus-ohio-could-lose-federal-money-under-ohio-congressmans-columbus-day-bill.html
1268380738	20251013	202510	2025	2025.7753	idgLEG	INDIGENOUS			idg			LEG			CVL	INDIGENOUS PEOPLE						CVL			0	040	040	04	1	1.0	8	1	8	1.1015911872705	2	South Dakota, United States	US	USSD		44.2853	-99.4632	SD	2	South Dakota, United States	US	USSD		44.2853	-99.4632	SD	2	South Dakota, United States	US	USSD		44.2853	-99.4632	SD	20251013181500	https://www.cleveland.com/news/2025/10/columbus-ohio-could-lose-federal-money-under-ohio-congressmans-columbus-day-bill.html
1268380739	20251013	202510	2025	2025.7753	kav	KAVANGO			kav						COP	POLICE						COP			1	010	010	01	1	0.0	6	1	6	-3.03030303030303	4	Kavango, Namibia (general), Namibia	WA	WA00	22274	-18.5	19.5	-2582903	4	Kavango, Namibia (general), Namibia	WA	WA00	22274	-18.5	19.5	-2582903	4	Kavango, Namibia (general), Namibia	WA	WA00	22274	-18.5	19.5	-2582903	20251013181500	https://allafrica.com/stories/202510130720.html
1268380740	20251013	202510	2025	2025.7753	kav	KAVANGO			kav						CVL	VILLAGE						CVL			1	090	090	09	2	-2.0	2	1	2	-3.03030303030303	4	Nkurenkuru, Okavango, Namibia	WA	WA34	22275	-17.6167	18.6	-2584272	4	Nkurenkuru, Okavango, Namibia	WA	WA34	22275	-17.6167	18.6	-2584272	4	Nkurenkuru, Okavango, Namibia	WA	WA34	22275	-17.6167	18.6	-2584272	20251013181500	https://allafrica.com/stories/202510130720.html
1268380741	20251013	202510	2025	2025.7753	kav	KAVANGO			kav						NAM	NAMIBIA	NAM								1	090	090	09	2	-2.0	4	1	4	-3.03030303030303	4	Kavango, Namibia (general), Namibia	WA	WA00	22274	-18.5	19.5	-2582903	4	Kavango, Namibia (general), Namibia	WA	WA00	22274	-18.5	19.5	-2582903	4	Kavango, Namibia (general), Namibia	WA	WA00	22274	-18.5	19.5	-2582903	20251013181500	https://allafrica.com/stories/202510130720.html
1268380742	20251013	202510	2025	2025.7753	moh	MOHAWK			moh						USA	UNITED STATES	USA								1	051	051	05	1	3.4	1	1	1	6.30434782608696	2	Georgia, United States	US	USGA		32.9866	-83.6487	GA	2	Georgia, United States	US	USGA		32.9866	-83.6487	GA	2	Georgia, United States	US	USGA		32.9866	-83.6487	GA	20251013181500	https://coosavalleynews.com/2025/10/gntc-accepting-applications-for-latin-american-association-mohawk-scholarships/
1268380743	20251013	202510	2025	2025.7753	moh	MOHAWK			moh						USA	UNITED STATES	USA								1	1124	112	11	3	-2.0	2	1	2	6.30434782608696	2	Georgia, United States	US	USGA		32.9866	-83.6487	GA	2	Georgia, United States	US	USGA		32.9866	-83.6487	GA	2	Georgia, United States	US	USGA		32.9866	-83.6487	GA	20251013181500	https://coosavalleynews.com/2025/10/gntc-accepting-applications-for-latin-american-association-mohawk-scholarships/
1268380744	20251013	202510	2025	2025.7753	nai	NATIVE AMERICAN			nai																1	071	071	07	2	7.4	2	1	2	0	1	United States	US	US		39.828175	-98.5795	US	0								1	United States	US	US		39.828175	-98.5795	US	20251013181500	https://biztoc.com/x/f0b7f7f4265a87aa
1268380745	20251013	202510	2025	2025.7753	nai	NATIVE AMERICAN			nai						USA	UNITED STATES	USA								1	071	071	07	2	7.4	4	1	4	0	1	United States	US	US		39.828175	-98.5795	US	1	United States	US	US		39.828175	-98.5795	US	1	United States	US	US		39.828175	-98.5795	US	20251013181500	https://biztoc.com/x/f0b7f7f4265a87aa
1268380746	20251013	202510	2025	2025.7753	nav	NAVAJO			nav						CVL	INDIGENOUS PEOPLE						CVL			0	051	051	05	1	3.4	3	1	3	1.1015911872705	1	Italy	IT	IT		42.833333	12.833333	IT	2	California, United States	US	USCA		36.17	-119.746	CA	1	Italy	IT	IT		42.833333	12.833333	IT	20251013181500	https://www.cleveland.com/news/2025/10/columbus-ohio-could-lose-federal-money-under-ohio-congressmans-columbus-day-bill.html
1268380747	20251013	202510	2025	2025.7753	nav	NAVAJO			nav						CVL	INDIGENOUS PEOPLE						CVL			0	051	051	05	1	3.4	2	1	2	1.1015911872705	1	Italy	IT	IT		42.833333	12.833333	IT	1	Italy	IT	IT		42.833333	12.833333	IT	1	Italy	IT	IT		42.833333	12.833333	IT	20251013181500	https://www.cleveland.com/news/2025/10/columbus-ohio-could-lose-federal-money-under-ohio-congressmans-columbus-day-bill.html
1268380748	20251013	202510	2025	2025.7753	nav	NAVAJO			nav						GOV	PRESIDENT						GOV			0	051	051	05	1	3.4	4	1	4	1.1015911872705	1	Italy	IT	IT		42.833333	12.833333	IT	1	Italy	IT	IT		42.833333	12.833333	IT	1	Italy	IT	IT		42.833333	12.833333	IT	20251013181500	https://www.cleveland.com/news/2025/10/columbus-ohio-could-lose-federal-money-under-ohio-congressmans-columbus-day-bill.html
1268380749	20251013	202510	2025	2025.7753	nav	NAVAJO			nav						ITAGOV	ITALY	ITA					GOV			0	051	051	05	1	3.4	1	1	1	1.1015911872705	1	Italy	IT	IT		42.833333	12.833333	IT	1	Italy	IT	IT		42.833333	12.833333	IT	3	Washington, District of Columbia, United States	US	USDC	DC001	38.8951	-77.0364	531871	20251013181500	https://www.cleveland.com/news/2025/10/columbus-ohio-could-lose-federal-money-under-ohio-congressmans-columbus-day-bill.html
1268380750	20251013	202510	2025	2025.7753	nav	NAVAJO			nav						idg	INDIGENOUS			idg						0	051	051	05	1	3.4	1	1	1	1.1015911872705	1	Italy	IT	IT		42.833333	12.833333	IT	3	Washington, District of Columbia, United States	US	USDC	DC001	38.8951	-77.0364	531871	1	Italy	IT	IT		42.833333	12.833333	IT	20251013181500	https://www.cleveland.com/news/2025/10/columbus-ohio-could-lose-federal-money-under-ohio-congressmans-columbus-day-bill.html
1268380751	20251013	202510	2025	2025.7753	nav	NAVAJO			nav						idg	INDIGENOUS			idg						0	051	051	05	1	3.4	4	1	4	1.1015911872705	1	Italy	IT	IT		42.833333	12.833333	IT	1	Italy	IT	IT		42.833333	12.833333	IT	1	Italy	IT	IT		42.833333	12.833333	IT	20251013181500	https://www.cleveland.com/news/2025/10/columbus-ohio-could-lose-federal-money-under-ohio-congressmans-columbus-day-bill.html
1268380752	20251013	202510	2025	2025.7753	qia	QIANG			qia						LKAGOV	SRI LANKAN	LKA					GOV			1	040	040	04	1	1.0	6	1	6	4.53514739229025	1	Sri Lanka	CE	CE		7	81	CE	1	Sri Lanka	CE	CE		7	81	CE	1	Sri Lanka	CE	CE		7	81	CE	20251013181500	https://srilankamirror.com/news/sc-rules-police-violated-fr-of-bus-owner-by-unlawful-arrest/
1268380753	20251013	202510	2025	2025.7753	tel	TELUGU			tel																1	193	193	19	4	-10.0	10	1	10	1.70940170940171	0								0								0								20251013181500	https://www.filmfare.com/news/south/samantha-ruth-prabhu-says-next-year-is-going-to-be-crazy-78432.html
