1273131689	20241108	202411	2024	2024.8438											BUS	AIRLINE						BUS			1	040	040	04	1	1.0	6	1	6	1.3840830449827	0								4	Sumburgh, Shetland Islands, United Kingdom	UK	UKW3	40175	59.8667	-1.28333	-2609108	4	Sumburgh, Shetland Islands, United Kingdom	UK	UKW3	40175	59.8667	-1.28333	-2609108	20251108111500	https://www.shetlandtimes.co.uk/news/five-years-flying-high-loganair-celebrates-domestic-air-418862/
1273131690	20241108	202411	2024	2024.8438	AFG	AFGHANISTAN	AFG								USA	AMERICAN	USA								0	086	086	08	2	9.0	2	1	2	-9.43877551020403	3	White House, District of Columbia, United States	US	USDC		38.8951	-77.0364	531871	3	White House, District of Columbia, United States	US	USDC		38.8951	-77.0364	531871	3	White House, District of Columbia, United States	US	USDC		38.8951	-77.0364	531871	20251108111500	https://www.postregister.com/opinion/columns/opinion-we-owe-veterans-much-more-than-thanks-praise/article_f246f9b1-b325-4ba1-aac0-9fc58e886f08.html
1273131691	20241108	202411	2024	2024.8438	AFG	AFGHANISTAN	AFG								USA	AMERICAN	USA								0	086	086	08	2	9.0	8	1	8	-9.43877551020403	1	Afghanistan	AF	AF		33	66	AF	3	White House, District of Columbia, United States	US	USDC		38.8951	-77.0364	531871	3	White House, District of Columbia, United States	US	USDC		38.8951	-77.0364	531871	20251108111500	https://www.postregister.com/opinion/columns/opinion-we-owe-veterans-much-more-than-thanks-praise/article_f246f9b1-b325-4ba1-aac0-9fc58e886f08.html
1273131692	20241108	202411	2024	2024.8438	BUS	AIRLINE						BUS													1	040	040	04	1	1.0	6	1	6	1.3840830449827	4	Sumburgh, Shetland Islands, United Kingdom	UK	UKW3	40175	59.8667	-1.28333	-2609108	0								4	Sumburgh, Shetland Islands, United Kingdom	UK	UKW3	40175	59.8667	-1.28333	-2609108	20251108111500	https://www.shetlandtimes.co.uk/news/five-years-flying-high-loganair-celebrates-domestic-air-418862/
1273131693	20241108	202411	2024	2024.8438	BUS	AIRLINE						BUS			GBR	UNITED KINGDOM	GBR								1	040	040	04	1	1.0	4	1	4	1.3840830449827	4	Sumburgh, Shetland Islands, United Kingdom	UK	UKW3	40175	59.8667	-1.28333	-2609108	4	Sumburgh, Shetland Islands, United Kingdom	UK	UKW3	40175	59.8667	-1.28333	-2609108	4	Sumburgh, Shetland Islands, United Kingdom	UK	UKW3	40175	59.8667	-1.28333	-2609108	20251108111500	https://www.shetlandtimes.co.uk/news/five-years-flying-high-loganair-celebrates-domestic-air-418862/
1273131694	20241108	202411	2024	2024.8438	GBR	UNITED KINGDOM	GBR								BUS	AIRLINE						BUS			1	040	040	04	1	1.0	4	1	4	1.3840830449827	4	Sumburgh, Shetland Islands, United Kingdom	UK	UKW3	40175	59.8667	-1.28333	-2609108	4	Sumburgh, Shetland Islands, United Kingdom	UK	UKW3	40175	59.8667	-1.28333	-2609108	4	Sumburgh, Shetland Islands, United Kingdom	UK	UKW3	40175	59.8667	-1.28333	-2609108	20251108111500	https://www.shetlandtimes.co.uk/news/five-years-flying-high-loganair-celebrates-domestic-air-418862/
1273131695	20241108	202411	2024	2024.8438	IGOUNO	THE UN		UNO				IGO			DEU	GERMAN	DEU								1	0233	023	02	1	3.4	1	1	1	-4.9618320610687	1	United States	US	US		39.828175	-98.5795	US	1	United Kingdom	UK	UK		54	-4	UK	4	Berlin, Berlin, Germany	GM	GM16	16538	52.5167	13.4	-1746443	20251108111500	https://www.yahoo.com/news/articles/less-aid-means-more-refugees-080834560.html
1273131696	20241108	202411	2024	2024.8438	IGOUNO	THE UN		UNO				IGO			DEU	GERMAN	DEU								1	0233	023	02	1	3.4	1	1	1	-4.9618320610687	1	United States	US	US		39.828175	-98.5795	US	1	United States	US	US		39.828175	-98.5795	US	1	United States	US	US		39.828175	-98.5795	US	20251108111500	https://www.yahoo.com/news/articles/less-aid-means-more-refugees-080834560.html
1273131697	20241108	202411	2024	2024.8438	RUS	MOSCOW	RUS								RUSCOP	RUSSIA	RUS					COP			1	060	060	06	2	6.0	6	1	6	-4.02298850574713	4	Moscow, Moskva, Russia	RS	RS48	25106	55.7522	37.6156	-2960561	4	Moscow, Moskva, Russia	RS	RS48	25106	55.7522	37.6156	-2960561	4	Moscow, Moskva, Russia	RS	RS48	25106	55.7522	37.6156	-2960561	20251108111500	https://www.marketscreener.com/news/putin-appoints-deputy-defence-minister-bulyga-to-security-council-ce7d5fdbda80f125
1273131698	20241108	202411	2024	2024.8438	USA	AMERICAN	USA								AFG	AFGHANISTAN	AFG								0	072	072	07	2	8.3	2	1	2	-9.43877551020403	3	White House, District of Columbia, United States	US	USDC		38.8951	-77.0364	531871	3	White House, District of Columbia, United States	US	USDC		38.8951	-77.0364	531871	3	White House, District of Columbia, United States	US	USDC		38.8951	-77.0364	531871	20251108111500	https://www.postregister.com/opinion/columns/opinion-we-owe-veterans-much-more-than-thanks-praise/article_f246f9b1-b325-4ba1-aac0-9fc58e886f08.html
1273131699	20241108	202411	2024	2024.8438	USA	AMERICAN	USA								AFG	AFGHANISTAN	AFG								0	072	072	07	2	8.3	8	1	8	-9.43877551020403	3	White House, District of Columbia, United States	US	USDC		38.8951	-77.0364	531871	1	Afghanistan	AF	AF		33	66	AF	3	White House, District of Columbia, United States	US	USDC		38.8951	-77.0364	531871	20251108111500	https://www.postregister.com/opinion/columns/opinion-we-owe-veterans-much-more-than-thanks-praise/article_f246f9b1-b325-4ba1-aac0-9fc58e886f08.html
1273131700	20251009	202510	2025	2025.7644	ARE	DUBAI	ARE								BUSCVL	BUSINESS						BUS	CVL		0	043	043	04	1	2.8	1	1	1	1.3840830449827	4	Sumburgh, Shetland Islands, United Kingdom	UK	UKW3	40175	59.8667	-1.28333	-2609108	4	Sumburgh, Shetland Islands, United Kingdom	UK	UKW3	40175	59.8667	-1.28333	-2609108	4	Sumburgh, Shetland Islands, United Kingdom	UK	UKW3	40175	59.8667	-1.28333	-2609108	20251108111500	https://www.shetlandtimes.co.uk/news/five-years-flying-high-loganair-celebrates-domestic-air-418862/
1273131701	20251009	202510	2025	2025.7644	ARE	UNITED ARAB EMIRATES	ARE								BUSCVL	BUSINESS						BUS	CVL		0	043	043	04	1	2.8	2	1	2	1.3840830449827	4	Dubai, Dubayy, United Arab Emirates	AE	AE03	28575	25.2522	55.28	-782831	4	Sumburgh, Shetland Islands, United Kingdom	UK	UKW3	40175	59.8667	-1.28333	-2609108	4	Sumburgh, Shetland Islands, United Kingdom	UK	UKW3	40175	59.8667	-1.28333	-2609108	20251108111500	https://www.shetlandtimes.co.uk/news/five-years-flying-high-loganair-celebrates-domestic-air-418862/
1273131702	20251009	202510	2025	2025.7644	ARE	DUBAI	ARE								BUSCVL	BUSINESS						BUS	CVL		0	043	043	04	1	2.8	5	1	5	1.3840830449827	4	Dubai, Dubayy, United Arab Emirates	AE	AE03	28575	25.2522	55.28	-782831	4	Sumburgh, Shetland Islands, United Kingdom	UK	UKW3	40175	59.8667	-1.28333	-2609108	4	Dubai, Dubayy, United Arab Emirates	AE	AE03	28575	25.2522	55.28	-782831	20251108111500	https://www.shetlandtimes.co.uk/news/five-years-flying-high-loganair-celebrates-domestic-air-418862/
1273131703	20251009	202510	2025	2025.7644	BUSCVL	BUSINESS						BUS	CVL		ARE	DUBAI	ARE								0	042	042	04	1	1.9	1	1	1	1.3840830449827	4	Sumburgh, Shetland Islands, United Kingdom	UK	UKW3	40175	59.8667	-1.28333	-2609108	4	Sumburgh, Shetland Islands, United Kingdom	UK	UKW3	40175	59.8667	-1.28333	-2609108	4	Sumburgh, Shetland Islands, United Kingdom	UK	UKW3	40175	59.8667	-1.28333	-2609108	20251108111500	https://www.shetlandtimes.co.uk/news/five-years-flying-high-loganair-celebrates-domestic-air-418862/
1273131704	20251009	202510	2025	2025.7644	BUSCVL	BUSINESS						BUS	CVL		ARE	UNITED ARAB EMIRATES	ARE								0	042	042	04	1	1.9	2	1	2	1.3840830449827	4	Sumburgh, Shetland Islands, United Kingdom	UK	UKW3	40175	59.8667	-1.28333	-2609108	4	Dubai, Dubayy, United Arab Emirates	AE	AE03	28575	25.2522	55.28	-782831	4	Sumburgh, Shetland Islands, United Kingdom	UK	UKW3	40175	59.8667	-1.28333	-2609108	20251108111500	https://www.shetlandtimes.co.uk/news/five-years-flying-high-loganair-celebrates-domestic-air-418862/
1273131705	20251009	202510	2025	2025.7644	BUSCVL	BUSINESS						BUS	CVL		ARE	DUBAI	ARE								0	042	042	04	1	1.9	5	1	5	1.3840830449827	4	Sumburgh, Shetland Islands, United Kingdom	UK	UKW3	40175	59.8667	-1.28333	-2609108	4	Dubai, Dubayy, United Arab Emirates	AE	AE03	28575	25.2522	55.28	-782831	4	Dubai, Dubayy, United Arab Emirates	AE	AE03	28575	25.2522	55.28	-782831	20251108111500	https://www.shetlandtimes.co.uk/news/five-years-flying-high-loganair-celebrates-domestic-air-418862/
1273131706	20251009	202510	2025	2025.7644	BUSCVL	BUSINESS						BUS	CVL		BUS	BUSINESS						BUS			0	111	111	11	3	-2.0	3	1	3	1.3840830449827	4	Sumburgh, Shetland Islands, United Kingdom	UK	UKW3	40175	59.8667	-1.28333	-2609108	4	Sumburgh, Shetland Islands, United Kingdom	UK	UKW3	40175	59.8667	-1.28333	-2609108	4	Sumburgh, Shetland Islands, United Kingdom	UK	UKW3	40175	59.8667	-1.28333	-2609108	20251108111500	https://www.shetlandtimes.co.uk/news/five-years-flying-high-loganair-celebrates-domestic-air-418862/
1273131707	20251009	202510	2025	2025.7644	BUSCVL	BUSINESS						BUS	CVL		GBR	GLASGOW	GBR								0	111	111	11	3	-2.0	7	1	7	1.3840830449827	4	Sumburgh, Shetland Islands, United Kingdom	UK	UKW3	40175	59.8667	-1.28333	-2609108	4	Sumburgh, Shetland Islands, United Kingdom	UK	UKW3	40175	59.8667	-1.28333	-2609108	4	Sumburgh, Shetland Islands, United Kingdom	UK	UKW3	40175	59.8667	-1.28333	-2609108	20251108111500	https://www.shetlandtimes.co.uk/news/five-years-flying-high-loganair-celebrates-domestic-air-418862/
1273131708	20251009	202510	2025	2025.7644	HLH	HOSPITAL						HLH			USA	UNITED STATES	USA								0	010	010	01	1	0.0	2	1	2	-1.32362673726009	3	Waterbury Hospital, Connecticut, United States	US	USCT	CT009	41.5595	-73.0591	1933084	2	Connecticut, United States	US	USCT		41.5834	-72.7622	CT	2	Connecticut, United States	US	USCT		41.5834	-72.7622	CT	20251108111500	https://www.courant.com/2025/11/08/ct-gov-lamont-calls-special-session-for-next-week-heres-whats-on-the-agenda/
1273131709	20251009	202510	2025	2025.7644	HLH	HOSPITAL						HLH			USA	CONNECTICUT	USA								0	010	010	01	1	0.0	4	1	4	-1.32362673726009	2	Connecticut, United States	US	USCT		41.5834	-72.7622	CT	2	Connecticut, United States	US	USCT		41.5834	-72.7622	CT	2	Connecticut, United States	US	USCT		41.5834	-72.7622	CT	20251108111500	https://www.courant.com/2025/11/08/ct-gov-lamont-calls-special-session-for-next-week-heres-whats-on-the-agenda/
1273131710	20251101	202511	2025	2025.8247											LEG	REPRESENTATIVES						LEG			0	036	036	03	1	4.0	10	1	10	-2	0								4	London, London, City of, United Kingdom	UK	UKH9	40110	51.5	-0.116667	-2601889	4	London, London, City of, United Kingdom	UK	UKH9	40110	51.5	-0.116667	-2601889	20251108111500	https://www.getsurrey.co.uk/news/surrey-news/woking-residents-despair-car-park-32790786
1273131711	20251101	202511	2025	2025.8247	LEG	REPRESENTATIVES						LEG													0	036	036	03	1	4.0	10	1	10	-2	4	London, London, City of, United Kingdom	UK	UKH9	40110	51.5	-0.116667	-2601889	0								4	London, London, City of, United Kingdom	UK	UKH9	40110	51.5	-0.116667	-2601889	20251108111500	https://www.getsurrey.co.uk/news/surrey-news/woking-residents-despair-car-park-32790786
1273131712	20251107	202511	2025	2025.8411	IRL	GALWAY	IRL																		1	191	191	19	4	-9.5	10	1	10	-0.58139534883721	0								0								0								20251108111500	https://www.thejournal.ie/woman-death-an-spideal-galway-garda-investigation-6868565-Nov2025/
1273131713	20251107	202511	2025	2025.8411	LBN	LEBANON	LBN								ISR	ISRAEL	ISR								0	182	182	18	4	-9.5	1	1	1	-7.34693877551021	4	Jbeil, Mont-Liban, Lebanon	LE	LE05	18810	34.1252	35.7991	-805164	4	Gaza, Israel (general), Israel	IS	IS00	18315	31.4167	34.3333	-797156	4	Gaza, Israel (general), Israel	IS	IS00	18315	31.4167	34.3333	-797156	20251108111500	https://www.thejournal.ie/israel-body-gaza-identified-lebanon-strike-6868577-Nov2025/
1273131714	20251107	202511	2025	2025.8411	LBN	LEBANON	LBN								ISR	ISRAELI	ISR								0	182	182	18	4	-9.5	4	1	4	-7.34693877551021	4	Jbeil, Mont-Liban, Lebanon	LE	LE05	18810	34.1252	35.7991	-805164	4	Gaza, Israel (general), Israel	IS	IS00	18315	31.4167	34.3333	-797156	4	Jbeil, Mont-Liban, Lebanon	LE	LE05	18810	34.1252	35.7991	-805164	20251108111500	https://www.thejournal.ie/israel-body-gaza-identified-lebanon-strike-6868577-Nov2025/
1273131715	20251108	202511	2025	2025.8438											AFR	AFRICA	AFR								0	042	042	04	1	1.9	4	1	4	-3.75360923965351	0								4	Lanseria, Mpumalanga, South Africa	SF	SF07	77339	-26.5497	28.7306	-1251590	4	Lanseria, Mpumalanga, South Africa	SF	SF07	77339	-26.5497	28.7306	-1251590	20251108111500	https://udm.org.za/post/renewed-concerns-over-probable-governance-irregularities-and-conflicts-of-interest-at-the-public-investment-corporation-the-pics-confuseding-rhetoric-regarding-the-lanseria-and-flysafair-deals
1273131716	20251108	202511	2025	2025.8438											AUS	AUSTRALIA	AUS								0	051	051	05	1	3.4	2	1	2	1.22699386503067	0								4	Stringybark Creek, Victoria, Australia	AS	AS07	5431	-37.7667	145.417	-1602624	4	Stringybark Creek, Victoria, Australia	AS	AS07	5431	-37.7667	145.417	-1602624	20251108111500	https://www.anglocelt.ie/2025/11/08/aussie-bandit-ned-kelly-no-hero-says-author-who-found-fore-links/
1273131717	20251108	202511	2025	2025.8438											BEL	BRUSSELS	BEL								1	0256	025	02	1	-0.3	1	1	1	-7.86885245901639	0								1	Iran	IR	IR		32	53	IR	1	Israel	IS	IS		31.5	34.75	IS	20251108111500	https://www.bssnews.net/international/329765
1273131718	20251108	202511	2025	2025.8438											BEL	BRUSSELS	BEL								1	0256	025	02	1	-0.3	1	1	1	-7.86885245901639	0								1	Israel	IS	IS		31.5	34.75	IS	1	Israel	IS	IS		31.5	34.75	IS	20251108111500	https://www.bssnews.net/international/329765
1273131719	20251108	202511	2025	2025.8438											BUS	BUSINESS						BUS			1	040	040	04	1	1.0	4	1	4	1.48148148148148	0								3	Jacksonville Beach, Florida, United States	US	USFL		30.2947	-81.3931	284697	3	Jacksonville Beach, Florida, United States	US	USFL		30.2947	-81.3931	284697	20251108111500	https://sfbaytimes.com/interview-with-tom-lenoble-author-of-the-new-autobiography-my-life-in-business-suits-hospital-gowns-and-high-heels-in-control-being-controlled-out-of-control/
1273131720	20251108	202511	2025	2025.8438											BUS	COMPANY						BUS			0	100	100	10	3	-5.0	6	1	6	-1.71379605826906	0								4	Mullingar, Westmeath, Ireland	EI	EI29	18307	53.5333	-7.35	-1504774	4	Mullingar, Westmeath, Ireland	EI	EI29	18307	53.5333	-7.35	-1504774	20251108111500	https://www.thejournal.ie/fastway-staff-parcels-payment-deliveries-6866593-Nov2025/
1273131721	20251108	202511	2025	2025.8438											BUS	COMPANY						BUS			0	112	112	11	3	-2.0	1	1	1	0.62814070351759	0								5	Shetland Islands, Shetland Islands, United Kingdom	UK	UKW3	40175	60.3333	-1.33333	-2607640	5	Shetland Islands, Shetland Islands, United Kingdom	UK	UKW3	40175	60.3333	-1.33333	-2607640	20251108111500	https://www.shetlandtimes.co.uk/news/energy-giant-in-conversations-about-affordable-housing-propo-418861/
1273131722	20251108	202511	2025	2025.8438											BUS	COMPANY						BUS			0	112	112	11	3	-2.0	9	1	9	0.62814070351759	0								4	Stornoway, Eilean Siar, United Kingdom	UK	UKW8	40178	58.2167	-6.36667	-2608862	4	Stornoway, Eilean Siar, United Kingdom	UK	UKW8	40178	58.2167	-6.36667	-2608862	20251108111500	https://www.shetlandtimes.co.uk/news/energy-giant-in-conversations-about-affordable-housing-propo-418861/
1273131723	20251108	202511	2025	2025.8438											BUS	COMPANY						BUS			0	120	120	12	3	-4.0	10	1	10	0.62814070351759	0								4	Stornoway, Eilean Siar, United Kingdom	UK	UKW8	40178	58.2167	-6.36667	-2608862	4	Stornoway, Eilean Siar, United Kingdom	UK	UKW8	40178	58.2167	-6.36667	-2608862	20251108111500	https://www.shetlandtimes.co.uk/news/energy-giant-in-conversations-about-affordable-housing-propo-418861/
1273131724	20251108	202511	2025	2025.8438											CAN	MANITOBA	CAN								0	020	020	02	1	3.0	5	1	5	-3.33817126269957	0								0								0								20251108111500	https://www.cp24.com/news/canada/2025/11/08/you-have-to-advocate-for-yourself-woman-shares-story-of-near-death-experience-in-winnipeg-hospital-er/
1273131725	20251108	202511	2025	2025.8438											CANBUS	CANADIAN	CAN					BUS			1	061	061	06	2	6.4	6	1	6	0	0								1	Canada	CA	CA		60	-96	CA	1	Canada	CA	CA		60	-96	CA	20251108111500	https://www.dailypolitical.com/2025/11/08/dorel-industries-tsedii-a-share-price-passes-above-fifty-day-moving-average-should-you-sell.html
1273131726	20251108	202511	2025	2025.8438											CHN	CHINESE	CHN								1	114	114	11	3	-2.0	2	1	2	-0.25641025641026	0								1	China	CH	CH		35	105	CH	1	China	CH	CH		35	105	CH	20251108111500	https://timesofindia.indiatimes.com/technology/tech-news/nvidia-ceo-jensen-huang-clarifies-china-will-win-ai-race-thats-not-what-i-said-what-i-said-was-/articleshow/125183199.cms
1273131727	20251108	202511	2025	2025.8438											CHN	CHINESE	CHN								1	114	114	11	3	-2.0	2	1	2	-0.25641025641026	0								1	United States	US	US		39.828175	-98.5795	US	1	China	CH	CH		35	105	CH	20251108111500	https://timesofindia.indiatimes.com/technology/tech-news/nvidia-ceo-jensen-huang-clarifies-china-will-win-ai-race-thats-not-what-i-said-what-i-said-was-/articleshow/125183199.cms
1273131728	20251108	202511	2025	2025.8438											COP	PRISON						COP			1	173	173	17	4	-5.0	1	1	1	-9.66386554621852	0								4	Vorizia, Perifereia Kritis, Greece	GR	GR60	16707	35.15	24.8333	-830620	4	Vorizia, Perifereia Kritis, Greece	GR	GR60	16707	35.15	24.8333	-830620	20251108111500	https://athens-times.com/vorizia-relatives-of-39-year-old-suspect-in-bomb-case-face-prosecutor-second-indictment-against-kargakides/
1273131729	20251108	202511	2025	2025.8438											COP	POLICEMEN						COP			1	190	190	19	4	-10.0	2	1	2	1.22699386503067	0								4	Stringybark Creek, Victoria, Australia	AS	AS07	5431	-37.7667	145.417	-1602624	4	Stringybark Creek, Victoria, Australia	AS	AS07	5431	-37.7667	145.417	-1602624	20251108111500	https://www.anglocelt.ie/2025/11/08/aussie-bandit-ned-kelly-no-hero-says-author-who-found-fore-links/
1273131730	20251108	202511	2025	2025.8438											CVL	NEIGHBORHOOD						CVL			0	014	014	01	1	0.0	3	1	3	0.92378752886836	0								1	Puerto Rico	RQ	RQ		18.2359	-66.4838	RQ	1	Puerto Rico	RQ	RQ		18.2359	-66.4838	RQ	20251108111500	https://www.businessinsider.com/day-traders-moving-to-puerto-rico-capital-gains-genz-millennials-2025-11
1273131731	20251108	202511	2025	2025.8438											CVL	NEIGHBORHOOD						CVL			0	014	014	01	1	0.0	3	1	3	0.92378752886836	0								1	Spain	SP	SP		40	-4	SP	1	Spain	SP	SP		40	-4	SP	20251108111500	https://www.businessinsider.com/day-traders-moving-to-puerto-rico-capital-gains-genz-millennials-2025-11
1273131732	20251108	202511	2025	2025.8438											CVL	CITIZEN						CVL			0	042	042	04	1	1.9	6	1	6	-4.8728813559322	0								4	Jahangirnagar, Bangladesh (general), Bangladesh	BG	BG00	5787	24.5333	90.5833	-2722360	4	Jahangirnagar, Bangladesh (general), Bangladesh	BG	BG00	5787	24.5333	90.5833	-2722360	20251108111500	https://www.bssnews.net/news-flash/329732
1273131733	20251108	202511	2025	2025.8438											CVL	RESIDENTS						CVL			0	046	046	04	1	7.0	10	1	10	-2	0								4	London, London, City of, United Kingdom	UK	UKH9	40110	51.5	-0.116667	-2601889	4	London, London, City of, United Kingdom	UK	UKH9	40110	51.5	-0.116667	-2601889	20251108111500	https://www.getsurrey.co.uk/news/surrey-news/woking-residents-despair-car-park-32790786
1273131734	20251108	202511	2025	2025.8438											CVL	CIVILIAN						CVL			0	190	190	19	4	-10.0	1	1	1	-2.68895348837209	0								4	Islamabad, Islamabad, Pakistan	PK	PK08	23674	33.7	73.1667	-2762812	4	Islamabad, Islamabad, Pakistan	PK	PK08	23674	33.7	73.1667	-2762812	20251108111500	https://indianexpress.com/article/upsc-current-affairs/upsc-essentials/the-world-this-week-zohran-mamdani-trump-putin-sudan-upsc-international-relations-10352282/
1273131735	20251108	202511	2025	2025.8438											CVL	CIVILIAN						CVL			0	190	190	19	4	-10.0	4	1	4	-2.68895348837209	0								4	Kabul, Kabol, Afghanistan	AF	AF13	3580	34.5167	69.1833	-3378435	4	Kabul, Kabol, Afghanistan	AF	AF13	3580	34.5167	69.1833	-3378435	20251108111500	https://indianexpress.com/article/upsc-current-affairs/upsc-essentials/the-world-this-week-zohran-mamdani-trump-putin-sudan-upsc-international-relations-10352282/
1273131736	20251108	202511	2025	2025.8438											EDU	COLLEGE						EDU			1	042	042	04	1	1.9	2	1	2	0	0								4	Hyderabad, Andhra Pradesh, India	IN	IN02	17564	17.3753	78.4744	-2097701	4	Jammu, Jammu and Kashmir, India	IN	IN12	72851	32.7333	74.8667	-2098228	20251108111500	https://www.siasat.com/raja-singh-demands-cancellation-of-minority-quota-at-medical-college-in-jk-3293283/
1273131737	20251108	202511	2025	2025.8438											EDU	COLLEGE						EDU			1	043	043	04	1	2.8	2	1	2	0	0								4	Jammu, Jammu and Kashmir, India	IN	IN12	72851	32.7333	74.8667	-2098228	4	Jammu, Jammu and Kashmir, India	IN	IN12	72851	32.7333	74.8667	-2098228	20251108111500	https://www.siasat.com/raja-singh-demands-cancellation-of-minority-quota-at-medical-college-in-jk-3293283/
1273131738	20251108	202511	2025	2025.8438											EDU	COLLEGE						EDU			1	120	120	12	3	-4.0	8	1	8	0	0								4	Jammu, Jammu and Kashmir, India	IN	IN12	72851	32.7333	74.8667	-2098228	4	Jammu, Jammu and Kashmir, India	IN	IN12	72851	32.7333	74.8667	-2098228	20251108111500	https://www.siasat.com/raja-singh-demands-cancellation-of-minority-quota-at-medical-college-in-jk-3293283/
1273131739	20251108	202511	2025	2025.8438											FJI	FIJIAN	FJI								1	025	025	02	1	-0.3	6	1	6	-4.0133779264214	0								4	Nabouwalu, Central, Fiji	FJ	FJ01	40204	-18.2667	177.9	-1190780	4	Nabouwalu, Central, Fiji	FJ	FJ01	40204	-18.2667	177.9	-1190780	20251108111500	https://pina.com.fj/2021/08/25/fiji-records-302-new-cases-of-covid-19-nine-new-deaths-reported/
1273131740	20251108	202511	2025	2025.8438											FJI	FIJIAN	FJI								1	025	025	02	1	-0.3	4	1	4	-4.0133779264214	0								4	Vitilevu, Fiji (general), Fiji	FJ	FJ00	40204	-18	178	-1196743	4	Vitilevu, Fiji (general), Fiji	FJ	FJ00	40204	-18	178	-1196743	20251108111500	https://pina.com.fj/2021/08/25/fiji-records-302-new-cases-of-covid-19-nine-new-deaths-reported/
1273131741	20251108	202511	2025	2025.8438											FJI	FIJIAN	FJI								1	036	036	03	1	4.0	10	1	10	-4.0133779264214	0								4	Viti Levu, Fiji (general), Fiji	FJ	FJ00	40204	-18	178	-1196743	4	Viti Levu, Fiji (general), Fiji	FJ	FJ00	40204	-18	178	-1196743	20251108111500	https://pina.com.fj/2021/08/25/fiji-records-302-new-cases-of-covid-19-nine-new-deaths-reported/
1273131742	20251108	202511	2025	2025.8438											GBR	UNITED KINGDOM	GBR								1	043	043	04	1	2.8	4	1	4	-1.54320987654321	0								5	Hertfordshire, Hertfordshire, United Kingdom	UK	UKF8	40114	51.8333	-0.25	-2598579	5	Hertfordshire, Hertfordshire, United Kingdom	UK	UKF8	40114	51.8333	-0.25	-2598579	20251108111500	https://www.stalbansreview.co.uk/news/25606685.jack-whitehall-orgy-watford-strip-club-amazon-drama/
1273131743	20251108	202511	2025	2025.8438											GBR	UNITED KINGDOM	GBR								1	051	051	05	1	3.4	6	1	6	0.62814070351759	0								5	Shetland Islands, Shetland Islands, United Kingdom	UK	UKW3	40175	60.3333	-1.33333	-2607640	5	Shetland Islands, Shetland Islands, United Kingdom	UK	UKW3	40175	60.3333	-1.33333	-2607640	20251108111500	https://www.shetlandtimes.co.uk/news/energy-giant-in-conversations-about-affordable-housing-propo-418861/
1273131744	20251108	202511	2025	2025.8438											GBRGOV	BRITISH	GBR					GOV			1	046	046	04	1	7.0	3	1	3	0.67114093959731	0								3	San Francisco, California, United States	US	USCA		37.7749	-122.419	277593	3	San Francisco, California, United States	US	USCA		37.7749	-122.419	277593	20251108111500	https://sfbaytimes.com/rainbow-honor-walk-plaque-installation-honoring-roger-casement-irelands-lgbtq-hero/
1273131745	20251108	202511	2025	2025.8438											GBRGOV	BRITISH	GBR					GOV			1	046	046	04	1	7.0	3	1	3	0.67114093959731	0								1	United Kingdom	UK	UK		54	-4	UK	1	United Kingdom	UK	UK		54	-4	UK	20251108111500	https://sfbaytimes.com/rainbow-honor-walk-plaque-installation-honoring-roger-casement-irelands-lgbtq-hero/
1273131746	20251108	202511	2025	2025.8438											GOV	PRESIDENT						GOV			0	043	043	04	1	2.8	1	1	1	-2.00222469410456	0								3	Fairfield County, Connecticut, United States	US	USCT		41.2668	-73.3162	212794	3	Fairfield County, Connecticut, United States	US	USCT		41.2668	-73.3162	212794	20251108111500	https://www.courant.com/2025/11/08/three-unions-bolt-ct-afl-cio-after-failure-to-oust-leader/
1273131747	20251108	202511	2025	2025.8438											GOV	GOVERNMENT						GOV			1	100	100	10	3	-5.0	5	1	5	-2.61627906976744	0								4	Colombo, Western, Sri Lanka	CE	CE36	25852	6.93194	79.8478	-2214877	4	Colombo, Western, Sri Lanka	CE	CE36	25852	6.93194	79.8478	-2214877	20251108111500	https://retail.economictimes.indiatimes.com/news/apparel-fashion/apparel/sri-lankas-apparel-forum-urges-key-reforms-at-colombo-port-to-stay-competitive/125182229
1273131748	20251108	202511	2025	2025.8438											GOV	PRESIDENT						GOV			1	173	173	17	4	-5.0	1	1	1	-5.67010309278351	0								4	Khilgaon, Bangladesh (general), Bangladesh	BG	BG00	5789	24.05	90.6167	-2725467	4	Khilgaon, Bangladesh (general), Bangladesh	BG	BG00	5789	24.05	90.6167	-2725467	20251108111500	https://www.bssnews.net/others/329773
1273131749	20251108	202511	2025	2025.8438											GRCCOP	GREECE	GRC					COP			1	173	173	17	4	-5.0	2	1	2	-9.66386554621852	0								4	Vorizia, Perifereia Kritis, Greece	GR	GR60	16707	35.15	24.8333	-830620	4	Vorizia, Perifereia Kritis, Greece	GR	GR60	16707	35.15	24.8333	-830620	20251108111500	https://athens-times.com/vorizia-relatives-of-39-year-old-suspect-in-bomb-case-face-prosecutor-second-indictment-against-kargakides/
1273131750	20251108	202511	2025	2025.8438											HLH	HOSPITAL						HLH			1	112	112	11	3	-2.0	10	1	10	-10	0								0								0								20251108111500	https://vocm.com/2025/11/08/284384/
1273131751	20251108	202511	2025	2025.8438											IND	CHENNAI	IND								1	036	036	03	1	4.0	12	1	12	-0.63191153238547	0								4	Chennai, Tamil Nadu, India	IN	IN25	70251	13.0833	80.2833	-2103041	4	Chennai, Tamil Nadu, India	IN	IN25	70251	13.0833	80.2833	-2103041	20251108111500	https://www.shippingtribune.com/news/shipping/Connectivity,+capacity+upgrades+lift+small+ports
1273131752	20251108	202511	2025	2025.8438											IND	BIHAR	IND								1	043	043	04	1	2.8	6	1	6	-3.33333333333333	0								4	Bihar, Bihar, India	IN	IN34	17615	25.1833	85.5167	-2091797	4	Bihar, Bihar, India	IN	IN34	17615	25.1833	85.5167	-2091797	20251108111500	https://www.hindustantimes.com/india-news/as-ljp-mp-shambhavi-chaudharys-2-inked-fingers-sparks-row-during-bihar-election-patna-admin-responds-101762593299301.html
1273131753	20251108	202511	2025	2025.8438											IRLJUD	CORK	IRL					JUD			1	036	036	03	1	4.0	10	1	10	-1.54639175257732	0								0								0								20251108111500	https://www.thejournal.ie/man-court-drugs-guns-seizure-cork-6868589-Nov2025/
1273131754	20251108	202511	2025	2025.8438											ISR	ISRAEL	ISR								1	190	190	19	4	-10.0	2	1	2	-9.23694779116468	0								4	Alumim, HaDarom, Israel	IS	IS01	18315	31.4523	34.5138	-779186	4	Alumim, HaDarom, Israel	IS	IS01	18315	31.4523	34.5138	-779186	20251108111500	https://athens-times.com/hamas-returns-remains-of-last-israeli-hostage-lior-rudaeff-who-are-the-5-unreturned-bodies/
1273131755	20251108	202511	2025	2025.8438											ISR	ISRAEL	ISR								1	190	190	19	4	-10.0	2	1	2	-9.23694779116468	0								4	Alumim, HaDarom, Israel	IS	IS01	18315	31.4523	34.5138	-779186	4	Gaza, Israel (general), Israel	IS	IS00	18315	31.4167	34.3333	-797156	20251108111500	https://athens-times.com/hamas-returns-remains-of-last-israeli-hostage-lior-rudaeff-who-are-the-5-unreturned-bodies/
1273131756	20251108	202511	2025	2025.8438											ISRMIL	ISRAEL	ISR					MIL			1	043	043	04	1	2.8	10	1	10	-7.34693877551021	0								4	Gaza, Israel (general), Israel	IS	IS00	18315	31.4167	34.3333	-797156	4	Gaza, Israel (general), Israel	IS	IS00	18315	31.4167	34.3333	-797156	20251108111500	https://www.thejournal.ie/israel-body-gaza-identified-lebanon-strike-6868577-Nov2025/
1273131757	20251108	202511	2025	2025.8438											JAN	JAIN				JAN					0	042	042	04	1	1.9	5	1	5	-1.74165457184325	0								1	India	IN	IN		20	77	IN	1	India	IN	IN		20	77	IN	20251108111500	https://timesofindia.indiatimes.com/entertainment/hindi/bollywood/news/saif-ali-khan-who-shah-rukh-khan-almost-quit-yes-boss-after-being-told-the-hum-tum-actor-might-replace-him/articleshow/125183072.cms
1273131758	20251108	202511	2025	2025.8438											JAN	JAIN				JAN					0	055	055	05	1	7.0	5	1	5	-1.74165457184325	0								1	India	IN	IN		20	77	IN	1	India	IN	IN		20	77	IN	20251108111500	https://timesofindia.indiatimes.com/entertainment/hindi/bollywood/news/saif-ali-khan-who-shah-rukh-khan-almost-quit-yes-boss-after-being-told-the-hum-tum-actor-might-replace-him/articleshow/125183072.cms
1273131759	20251108	202511	2025	2025.8438											JUD	FEDERAL COURT						JUD			0	1243	124	12	3	-4.0	3	1	3	-2.8620988725065	0								1	France	FR	FR		46	2	FR	1	France	FR	FR		46	2	FR	20251108111500	https://www.clickondetroit.com/news/local/2025/11/08/the-code-word-fbi-says-tipped-them-off-that-dearborn-terror-attack-was-set-for-halloween/
1273131760	20251108	202511	2025	2025.8438											MDVELI	MALE	MDV					ELI			0	020	020	02	1	3.0	5	1	5	-1.76678445229682	0								0								0								20251108111500	https://indianexpress.com/article/entertainment/tamil/gouri-kishan-sexist-question-not-harass-journalist-inappropriate-question-he-says-it-was-fun-10353350/
1273131761	20251108	202511	2025	2025.8438											NGO	ROTARY CLUB						NGO			1	080	080	08	2	5.0	10	1	10	1.66666666666667	0								1	Ukraine	UP	UP		49	32	UP	1	Ukraine	UP	UP		49	32	UP	20251108111500	https://lichfieldlive.co.uk/2025/11/08/organisations-donation-helps-provide-access-to-clean-water-for-communities-in-crisis-around-the-world/
1273131762	20251108	202511	2025	2025.8438											OPP	ACTIVIST						OPP			1	182	182	18	4	-9.5	10	1	10	-9.77443609022558	0								1	Israel	IS	IS		31.5	34.75	IS	1	Israel	IS	IS		31.5	34.75	IS	20251108111500	https://english.wafa.ps/Pages/Details/164196
1273131763	20251108	202511	2025	2025.8438											PSEREBUAF	HAMAS	PSE					REB	UAF		1	190	190	19	4	-10.0	2	1	2	-9.23694779116468	0								4	Alumim, HaDarom, Israel	IS	IS01	18315	31.4523	34.5138	-779186	4	Alumim, HaDarom, Israel	IS	IS01	18315	31.4523	34.5138	-779186	20251108111500	https://athens-times.com/hamas-returns-remains-of-last-israeli-hostage-lior-rudaeff-who-are-the-5-unreturned-bodies/
1273131764	20251108	202511	2025	2025.8438											PTY	POLITICIAN									1	043	043	04	1	2.8	10	1	10	0.31347962382445	0								1	Ireland	EI	EI		53	-8	EI	1	Ireland	EI	EI		53	-8	EI	20251108111500	https://www.dundalkdemocrat.ie/news/local-news/1937135/louth-politicians-attend-oireachtas-na-samhna.html
1273131765	20251108	202511	2025	2025.8438											RUS	RUSSIA	RUS								0	190	190	19	4	-10.0	3	3	3	-7.41479471263036	0								4	Moscow, Moskva, Russia	RS	RS48	25106	55.7522	37.6156	-2960561	4	Kharkiv, Kharkivs'ka Oblast', Ukraine	UP	UP07	25036	49.9808	36.2527	-1041320	20251108111500	https://www.straitstimes.com/world/europe/russia-hits-several-key-ukraine-energy-facilities-kills-three-people
1273131766	20251108	202511	2025	2025.8438											TJK	TAJIKISTAN	TJK								1	0874	087	08	2	10.0	6	1	6	-0.34843205574913	0								1	United States	US	US		39.828175	-98.5795	US	1	United States	US	US		39.828175	-98.5795	US	20251108111500	https://indianexpress.com/article/explained/india-ayni-airbase-10353656/
1273131767	20251108	202511	2025	2025.8438											UAF	FIGHTER						UAF			0	017	017	01	1	0.0	5	1	5	-0.34843205574913	0								1	India	IN	IN		20	77	IN	1	India	IN	IN		20	77	IN	20251108111500	https://indianexpress.com/article/explained/india-ayni-airbase-10353656/
1273131768	20251108	202511	2025	2025.8438											UGA	UGANDA	UGA								0	173	173	17	4	-5.0	2	1	2	-16.1290322580645	0								1	Uganda	UG	UG		2	33	UG	1	Uganda	UG	UG		2	33	UG	20251108111500	https://www.tbsnews.net/world/icc-confirms-war-crimes-charges-against-ugandas-kony-1279696
1273131769	20251108	202511	2025	2025.8438											USA	INDIANAPOLIS	USA								1	042	042	04	1	1.9	7	1	7	-9.70464135021097	0								3	Benton County, Indiana, United States	US	USIN		40.6167	-87.3209	450403	3	Benton County, Indiana, United States	US	USIN		40.6167	-87.3209	450403	20251108111500	https://athens-times.com/tragedy-in-indiana-housekeeper-killed-by-gunshot-after-entering-wrong-home-2/
1273131770	20251108	202511	2025	2025.8438											USA	UNITED STATES	USA								0	043	043	04	1	2.8	2	1	2	-2.00222469410456	0								3	Fairfield County, Connecticut, United States	US	USCT		41.2668	-73.3162	212794	3	Fairfield County, Connecticut, United States	US	USCT		41.2668	-73.3162	212794	20251108111500	https://www.courant.com/2025/11/08/three-unions-bolt-ct-afl-cio-after-failure-to-oust-leader/
1273131771	20251108	202511	2025	2025.8438											USA	UNITED STATES	USA								0	043	043	04	1	2.8	1	1	1	-0.34129692832765	0								3	Monroe County, Florida, United States	US	USFL		25.3129	-80.9373	295759	3	Monroe County, Florida, United States	US	USFL		25.3129	-80.9373	295759	20251108111500	https://www.postregister.com/features/smart_living/what-to-know-about-the-annual-sign-up-window-for-health-insurance/article_941e8bec-f774-4c7b-aa63-b92c18ca9019.html
1273131772	20251108	202511	2025	2025.8438											USA	UNITED STATES	USA								1	043	043	04	1	2.8	1	1	1	2.34741784037559	0								1	United States	US	US		39.828175	-98.5795	US	4	Toronto, Ontario, Canada	CA	CA08	12686	43.6667	-79.4167	-574890	20251108111500	https://www.investmentexecutive.com/news/industry-moves-this-week-99/
1273131773	20251108	202511	2025	2025.8438											USA	UNITED STATES	USA								1	051	051	05	1	3.4	1	1	1	2	0								2	New York, United States	US	USNY		42.1497	-74.9384	NY	3	Brooklyn, New York, United States	US	USNY	NY025	42.3442	-75.1704	944840	20251108111500	https://www.birminghammail.co.uk/news/showbiz-tv/itv-good-morning-britain-star-32836470
1273131774	20251108	202511	2025	2025.8438											USA	UNITED STATES	USA								1	080	080	08	2	5.0	4	1	4	1.75438596491228	0								2	Washington, United States	US	USWA		47.3917	-121.571	WA	3	Chinook Pass, Washington, United States	US	USWA		46.8721	-121.516	1517726	20251108111500	https://kpq.com/ixp/1137/p/mount-rainier-snowfall-records/
1273131775	20251108	202511	2025	2025.8438											USAEDU	THE US	USA					EDU			0	190	190	19	4	-10.0	3	1	3	-2.83333333333333	0								3	Columbia University, New York, United States	US	USNY		40.809	-73.9613	947193	3	Columbia University, New York, United States	US	USNY		40.809	-73.9613	947193	20251108111500	https://www.thehindubusinessline.com/news/education/cornell-university-research-funds-to-be-restored-in-deal-with-trump-administration/article70255865.ece
1273131776	20251108	202511	2025	2025.8438											USAEDU	THE US	USA					EDU			0	190	190	19	4	-10.0	1	1	1	-2.83333333333333	0								3	Cornell University, New York, United States	US	USNY		42.447	-76.483	947467	3	Cornell University, New York, United States	US	USNY		42.447	-76.483	947467	20251108111500	https://www.thehindubusinessline.com/news/education/cornell-university-research-funds-to-be-restored-in-deal-with-trump-administration/article70255865.ece
1273131777	20251108	202511	2025	2025.8438											USAEDU	THE US	USA					EDU			0	190	190	19	4	-10.0	1	1	1	-2.83333333333333	0								1	Israel	IS	IS		31.5	34.75	IS	3	Cornell University, New York, United States	US	USNY		42.447	-76.483	947467	20251108111500	https://www.thehindubusinessline.com/news/education/cornell-university-research-funds-to-be-restored-in-deal-with-trump-administration/article70255865.ece
1273131778	20251108	202511	2025	2025.8438											USAGOV	JOE BIDEN	USA					GOV			0	112	112	11	3	-2.0	3	1	3	-2.73871206513694	0								2	California, United States	US	USCA		36.17	-119.746	CA	2	California, United States	US	USCA		36.17	-119.746	CA	20251108111500	https://www.marketscreener.com/news/federal-shutdown-threatens-these-trump-voters-livelihoods-but-not-their-political-loyalties-ce7d5fdbda8ef223
1273131779	20251108	202511	2025	2025.8438											USAGOVEDU	WYOMING	USA					GOV	EDU		1	042	042	04	1	1.9	14	1	8	0.28011204481792	0								2	Wyoming, United States	US	USWY		42.7475	-107.209	WY	2	Wyoming, United States	US	USWY		42.7475	-107.209	WY	20251108111500	https://www.jhnewsandguide.com/news/health/local/wyoming-department-of-education-hosts-measles-prevention-trainining/article_6f22e27d-f30a-4775-bacb-0371dd66ca31.html
1273131780	20251108	202511	2025	2025.8438											yor	YORUBA			yor						0	130	130	13	3	-4.4	10	1	10	-4.27350427350428	0								0								0								20251108111500	https://dailypost.ng/2025/11/08/owo-monarch-bans-suspended-council-chairman-from-ondo-community/
1273131781	20251108	202511	2025	2025.8438	AFG	AFGHANISTAN	AFG								AFGINSTAL	TALIBAN	AFG	TAL				INS			1	190	190	19	4	-10.0	5	1	5	-3.57142857142857	1	Afghanistan	AF	AF		33	66	AF	4	Islamabad, Islamabad, Pakistan	PK	PK08	23674	33.7	73.1667	-2762812	4	Islamabad, Islamabad, Pakistan	PK	PK08	23674	33.7	73.1667	-2762812	20251108111500	https://article.wn.com/view/2025/11/08/PakistanAfghanistan_peace_talks_collapse_Taliban_says_ceasef/
1273131782	20251108	202511	2025	2025.8438	AFGGOV	AFGHANISTAN	AFG					GOV			AFG	AFGHANISTAN	AFG								0	120	120	12	3	-4.0	2	1	2	-2.68895348837209	4	Islamabad, Islamabad, Pakistan	PK	PK08	23674	33.7	73.1667	-2762812	4	Islamabad, Islamabad, Pakistan	PK	PK08	23674	33.7	73.1667	-2762812	4	Kabul, Kabol, Afghanistan	AF	AF13	3580	34.5167	69.1833	-3378435	20251108111500	https://indianexpress.com/article/upsc-current-affairs/upsc-essentials/the-world-this-week-zohran-mamdani-trump-putin-sudan-upsc-international-relations-10352282/
1273131783	20251108	202511	2025	2025.8438	AFGGOV	AFGHANISTAN	AFG					GOV			AFG	AFGHANISTAN	AFG								0	120	120	12	3	-4.0	8	1	8	-2.68895348837209	4	Kabul, Kabol, Afghanistan	AF	AF13	3580	34.5167	69.1833	-3378435	4	Kabul, Kabol, Afghanistan	AF	AF13	3580	34.5167	69.1833	-3378435	4	Kabul, Kabol, Afghanistan	AF	AF13	3580	34.5167	69.1833	-3378435	20251108111500	https://indianexpress.com/article/upsc-current-affairs/upsc-essentials/the-world-this-week-zohran-mamdani-trump-putin-sudan-upsc-international-relations-10352282/
1273131784	20251108	202511	2025	2025.8438	AFGINSTAL	TALIBAN	AFG	TAL				INS			PAK	PAKISTAN	PAK								0	046	046	04	1	7.0	2	1	2	-2.68895348837209	4	Islamabad, Islamabad, Pakistan	PK	PK08	23674	33.7	73.1667	-2762812	4	Kabul, Kabol, Afghanistan	AF	AF13	3580	34.5167	69.1833	-3378435	4	Islamabad, Islamabad, Pakistan	PK	PK08	23674	33.7	73.1667	-2762812	20251108111500	https://indianexpress.com/article/upsc-current-affairs/upsc-essentials/the-world-this-week-zohran-mamdani-trump-putin-sudan-upsc-international-relations-10352282/
1273131785	20251108	202511	2025	2025.8438	AFGINSTAL	TALIBAN	AFG	TAL				INS			PAK	PAKISTAN	PAK								0	046	046	04	1	7.0	2	1	2	-2.68895348837209	4	Kabul, Kabol, Afghanistan	AF	AF13	3580	34.5167	69.1833	-3378435	4	Islamabad, Islamabad, Pakistan	PK	PK08	23674	33.7	73.1667	-2762812	4	Islamabad, Islamabad, Pakistan	PK	PK08	23674	33.7	73.1667	-2762812	20251108111500	https://indianexpress.com/article/upsc-current-affairs/upsc-essentials/the-world-this-week-zohran-mamdani-trump-putin-sudan-upsc-international-relations-10352282/
1273131786	20251108	202511	2025	2025.8438	AFGINSTAL	TALIBAN	AFG	TAL				INS			PAK	PAKISTAN	PAK								0	046	046	04	1	7.0	8	1	5	-2.68895348837209	4	Kabul, Kabol, Afghanistan	AF	AF13	3580	34.5167	69.1833	-3378435	4	Islamabad, Islamabad, Pakistan	PK	PK08	23674	33.7	73.1667	-2762812	4	Kabul, Kabol, Afghanistan	AF	AF13	3580	34.5167	69.1833	-3378435	20251108111500	https://indianexpress.com/article/upsc-current-affairs/upsc-essentials/the-world-this-week-zohran-mamdani-trump-putin-sudan-upsc-international-relations-10352282/
1273131787	20251108	202511	2025	2025.8438	AFGINSTAL	TALIBAN	AFG	TAL				INS			PAK	PAKISTAN	PAK								0	046	046	04	1	7.0	2	1	2	-2.68895348837209	1	Canada	CA	CA		60	-96	CA	1	Canada	CA	CA		60	-96	CA	1	Canada	CA	CA		60	-96	CA	20251108111500	https://indianexpress.com/article/upsc-current-affairs/upsc-essentials/the-world-this-week-zohran-mamdani-trump-putin-sudan-upsc-international-relations-10352282/
1273131788	20251108	202511	2025	2025.8438	AFGINSTAL	TALIBAN	AFG	TAL				INS			PAK	PAKISTAN	PAK								1	164	164	16	4	-7.0	5	1	5	-4.65116279069767	1	Pakistan	PK	PK		30	70	PK	1	Pakistan	PK	PK		30	70	PK	4	Kabul, Kabol, Afghanistan	AF	AF13	3580	34.5167	69.1833	-3378435	20251108111500	https://www.bssnews.net/international/329726
1273131789	20251108	202511	2025	2025.8438	AFGINSTALGOV	TALIBAN	AFG	TAL				INS	GOV		PAK	PAKISTAN	PAK								0	046	046	04	1	7.0	8	1	8	-2.68895348837209	4	Islamabad, Islamabad, Pakistan	PK	PK08	23674	33.7	73.1667	-2762812	4	Islamabad, Islamabad, Pakistan	PK	PK08	23674	33.7	73.1667	-2762812	4	Kabul, Kabol, Afghanistan	AF	AF13	3580	34.5167	69.1833	-3378435	20251108111500	https://indianexpress.com/article/upsc-current-affairs/upsc-essentials/the-world-this-week-zohran-mamdani-trump-putin-sudan-upsc-international-relations-10352282/
1273131790	20251108	202511	2025	2025.8438	AFGINSTALGOV	TALIBAN	AFG	TAL				INS	GOV		PAK	PAKISTAN	PAK								0	046	046	04	1	7.0	2	1	2	-2.68895348837209	1	Canada	CA	CA		60	-96	CA	1	Canada	CA	CA		60	-96	CA	1	Canada	CA	CA		60	-96	CA	20251108111500	https://indianexpress.com/article/upsc-current-affairs/upsc-essentials/the-world-this-week-zohran-mamdani-trump-putin-sudan-upsc-international-relations-10352282/
1273131791	20251108	202511	2025	2025.8438	AFGINSTALGOV	TALIBAN	AFG	TAL				INS	GOV		TUR	TURKEY	TUR								0	046	046	04	1	7.0	2	1	2	-2.68895348837209	4	Islamabad, Islamabad, Pakistan	PK	PK08	23674	33.7	73.1667	-2762812	4	Istanbul, Istanbul, Turkey	TU	TU34	27897	41.0186	28.9647	-755070	4	Kabul, Kabol, Afghanistan	AF	AF13	3580	34.5167	69.1833	-3378435	20251108111500	https://indianexpress.com/article/upsc-current-affairs/upsc-essentials/the-world-this-week-zohran-mamdani-trump-putin-sudan-upsc-international-relations-10352282/
1273131792	20251108	202511	2025	2025.8438	AFGINSTALGOV	TALIBAN	AFG	TAL				INS	GOV		TUR	TURKISH	TUR								0	046	046	04	1	7.0	6	1	6	-2.68895348837209	4	Islamabad, Islamabad, Pakistan	PK	PK08	23674	33.7	73.1667	-2762812	4	Istanbul, Istanbul, Turkey	TU	TU34	27897	41.0186	28.9647	-755070	4	Istanbul, Istanbul, Turkey	TU	TU34	27897	41.0186	28.9647	-755070	20251108111500	https://indianexpress.com/article/upsc-current-affairs/upsc-essentials/the-world-this-week-zohran-mamdani-trump-putin-sudan-upsc-international-relations-10352282/
1273131793	20251108	202511	2025	2025.8438	AFGINSTALGOV	TALIBAN	AFG	TAL				INS	GOV		TUR	TURKISH	TUR								0	046	046	04	1	7.0	2	1	2	-2.68895348837209	1	Canada	CA	CA		60	-96	CA	1	India	IN	IN		20	77	IN	1	Canada	CA	CA		60	-96	CA	20251108111500	https://indianexpress.com/article/upsc-current-affairs/upsc-essentials/the-world-this-week-zohran-mamdani-trump-putin-sudan-upsc-international-relations-10352282/
1273131794	20251108	202511	2025	2025.8438	AFR	AFRICA	AFR																		0	017	017	01	1	0.0	2	1	2	-3.75360923965351	4	Lanseria, Mpumalanga, South Africa	SF	SF07	77339	-26.5497	28.7306	-1251590	0								4	Bryanston, Gauteng, South Africa	SF	SF06	77346	-26.0521	28.0281	-1215906	20251108111500	https://udm.org.za/post/renewed-concerns-over-probable-governance-irregularities-and-conflicts-of-interest-at-the-public-investment-corporation-the-pics-confuseding-rhetoric-regarding-the-lanseria-and-flysafair-deals
1273131795	20251108	202511	2025	2025.8438	AFR	AFRICA	AFR																		0	017	017	01	1	0.0	2	1	2	-3.75360923965351	4	Lanseria, Mpumalanga, South Africa	SF	SF07	77339	-26.5497	28.7306	-1251590	0								4	Lanseria, Mpumalanga, South Africa	SF	SF07	77339	-26.5497	28.7306	-1251590	20251108111500	https://udm.org.za/post/renewed-concerns-over-probable-governance-irregularities-and-conflicts-of-interest-at-the-public-investment-corporation-the-pics-confuseding-rhetoric-regarding-the-lanseria-and-flysafair-deals
1273131796	20251108	202511	2025	2025.8438	AFR	AFRICA	AFR																		0	043	043	04	1	2.8	4	1	4	-3.75360923965351	4	Lanseria, Mpumalanga, South Africa	SF	SF07	77339	-26.5497	28.7306	-1251590	0								4	Lanseria, Mpumalanga, South Africa	SF	SF07	77339	-26.5497	28.7306	-1251590	20251108111500	https://udm.org.za/post/renewed-concerns-over-probable-governance-irregularities-and-conflicts-of-interest-at-the-public-investment-corporation-the-pics-confuseding-rhetoric-regarding-the-lanseria-and-flysafair-deals
1273131797	20251108	202511	2025	2025.8438	AFR	AFRICA	AFR																		1	051	051	05	1	3.4	5	1	5	2.38751147842057	4	Nairobi, Nairobi Area, Kenya	KE	KE05	18585	-1.28333	36.8167	-2258072	0								4	Nairobi, Nairobi Area, Kenya	KE	KE05	18585	-1.28333	36.8167	-2258072	20251108111500	https://www.the-star.co.ke/climate-change/2025-11-08-kenyas-green-power-surge-sets-tone-for-cop30
1273131798	20251108	202511	2025	2025.8438	AFR	AFRICA	AFR																		0	070	070	07	2	7.0	10	1	10	2.38751147842057	4	Nairobi, Nairobi Area, Kenya	KE	KE05	18585	-1.28333	36.8167	-2258072	0								4	Nairobi, Nairobi Area, Kenya	KE	KE05	18585	-1.28333	36.8167	-2258072	20251108111500	https://www.the-star.co.ke/climate-change/2025-11-08-kenyas-green-power-surge-sets-tone-for-cop30
1273131799	20251108	202511	2025	2025.8438	AFR	AFRICA	AFR																		1	070	070	07	2	7.0	3	1	3	2.38751147842057	4	Lake Turkana, Kenya (general), Kenya	KE	KE00	18585	3.5	36	-2261787	0								4	Lake Turkana, Kenya (general), Kenya	KE	KE00	18585	3.5	36	-2261787	20251108111500	https://www.the-star.co.ke/climate-change/2025-11-08-kenyas-green-power-surge-sets-tone-for-cop30
1273131800	20251108	202511	2025	2025.8438	AFR	AFRICA	AFR																		0	071	071	07	2	7.4	10	1	10	2.38751147842057	4	Nairobi, Nairobi Area, Kenya	KE	KE05	18585	-1.28333	36.8167	-2258072	0								4	Nairobi, Nairobi Area, Kenya	KE	KE05	18585	-1.28333	36.8167	-2258072	20251108111500	https://www.the-star.co.ke/climate-change/2025-11-08-kenyas-green-power-surge-sets-tone-for-cop30
1273131801	20251108	202511	2025	2025.8438	AFR	AFRICA	AFR								AGR	FARMER						AGR			1	125	125	12	3	-5.0	4	1	4	-2.4390243902439	1	South Africa	SF	SF		-30	26	SF	1	South Africa	SF	SF		-30	26	SF	1	South Africa	SF	SF		-30	26	SF	20251108111500	https://article.wn.com/view/2025/11/08/Trump_says_US_will_boycott_G20_Summit_in_South_Africa_over_t/
1273131802	20251108	202511	2025	2025.8438	AFR	AFRICA	AFR								AGR	FARMER						AGR			1	1312	131	13	3	-5.8	4	1	4	-2.4390243902439	1	South Africa	SF	SF		-30	26	SF	1	South Africa	SF	SF		-30	26	SF	1	South Africa	SF	SF		-30	26	SF	20251108111500	https://article.wn.com/view/2025/11/08/Trump_says_US_will_boycott_G20_Summit_in_South_Africa_over_t/
1273131803	20251108	202511	2025	2025.8438	AFR	AFRICA	AFR								USA	THE US	USA								0	042	042	04	1	1.9	1	1	1	-3.58974358974359	4	Johannesburg, Gauteng, South Africa	SF	SF06	77364	-26.2	28.0833	-1240261	4	Johannesburg, Gauteng, South Africa	SF	SF06	77364	-26.2	28.0833	-1240261	4	Johannesburg, Gauteng, South Africa	SF	SF06	77364	-26.2	28.0833	-1240261	20251108111500	https://cyprus-mail.com/2025/11/08/trump-says-no-us-government-official-will-attend-g20-summit-in-south-africa
1273131804	20251108	202511	2025	2025.8438	AFR	AFRICA	AFR								USA	THE US	USA								0	042	042	04	1	1.9	1	1	1	-3.58974358974359	4	Johannesburg, Gauteng, South Africa	SF	SF06	77364	-26.2	28.0833	-1240261	4	Gaza, Israel (general), Israel	IS	IS00	18315	31.4167	34.3333	-797156	4	Gaza, Israel (general), Israel	IS	IS00	18315	31.4167	34.3333	-797156	20251108111500	https://cyprus-mail.com/2025/11/08/trump-says-no-us-government-official-will-attend-g20-summit-in-south-africa
1273131805	20251108	202511	2025	2025.8438	AFR	AFRICA	AFR								USAGOV	US GOVERNMENT	USA					GOV			1	040	040	04	1	1.0	4	1	4	-3.58974358974359	4	Pretoria, Gauteng, South Africa	SF	SF06	77346	-25.7069	28.2294	-1273769	4	Pretoria, Gauteng, South Africa	SF	SF06	77346	-25.7069	28.2294	-1273769	4	Pretoria, Gauteng, South Africa	SF	SF06	77346	-25.7069	28.2294	-1273769	20251108111500	https://cyprus-mail.com/2025/11/08/trump-says-no-us-government-official-will-attend-g20-summit-in-south-africa
1273131806	20251108	202511	2025	2025.8438	AGR	FARMER						AGR													1	012	012	01	1	-0.4	10	1	10	-0.79470198675497	1	Denmark	DA	DA		56	10	DA	0								1	Denmark	DA	DA		56	10	DA	20251108111500	https://www.yahoo.com/news/articles/methane-cutting-cow-feed-trials-084158445.html
1273131807	20251108	202511	2025	2025.8438	AGR	FARMER						AGR			TUR	TURKEY	TUR								1	020	020	02	1	3.0	15	1	10	-0.20876826722339	1	Turkey	TU	TU		39.059012	34.911546	TU	1	Turkey	TU	TU		39.059012	34.911546	TU	1	Turkey	TU	TU		39.059012	34.911546	TU	20251108111500	https://www.bssnews.net/district/329730
1273131808	20251108	202511	2025	2025.8438	ARE	DUBAI	ARE								AREGOV	UNITED ARAB EMIRATES	ARE					GOV			1	051	051	05	1	3.4	2	1	2	7.36543909348442	4	Dubai, Dubayy, United Arab Emirates	AE	AE03	28575	25.2522	55.28	-782831	4	Dubai, Dubayy, United Arab Emirates	AE	AE03	28575	25.2522	55.28	-782831	1	India	IN	IN		20	77	IN	20251108111500	https://www.hindustantimes.com/trending/dubai-ruler-gifts-personally-signed-copy-of-new-book-to-indian-billionaire-extremely-thankful-101762597966755.html
1273131809	20251108	202511	2025	2025.8438	ARE	DUBAI	ARE								AREGOV	UNITED ARAB EMIRATES	ARE					GOV			1	051	051	05	1	3.4	2	1	2	7.36543909348442	1	India	IN	IN		20	77	IN	1	India	IN	IN		20	77	IN	1	India	IN	IN		20	77	IN	20251108111500	https://www.hindustantimes.com/trending/dubai-ruler-gifts-personally-signed-copy-of-new-book-to-indian-billionaire-extremely-thankful-101762597966755.html
1273131810	20251108	202511	2025	2025.8438	AREGOV	DUBAI	ARE					GOV													1	051	051	05	1	3.4	3	1	3	7.36543909348442	1	India	IN	IN		20	77	IN	0								1	India	IN	IN		20	77	IN	20251108111500	https://www.hindustantimes.com/trending/dubai-ruler-gifts-personally-signed-copy-of-new-book-to-indian-billionaire-extremely-thankful-101762597966755.html
1273131811	20251108	202511	2025	2025.8438	AUS	AUSTRALIA	AUS																		1	100	100	10	3	-5.0	4	1	2	-7.40157480314961	1	Australia	AS	AS		-25	135	AS	0								1	Australia	AS	AS		-25	135	AS	20251108111500	https://www.mirror.co.uk/news/royals/i-interviewed-sarah-ferguson-made-36202872
1273131812	20251108	202511	2025	2025.8438	AUS	AUSTRALIA	AUS								BUS	COMPANY						BUS			0	013	013	01	1	0.4	2	1	2	-0.31088082901554	1	Australia	AS	AS		-25	135	AS	1	Australia	AS	AS		-25	135	AS	1	Australia	AS	AS		-25	135	AS	20251108111500	https://www.straitstimes.com/asia/se-asia/malaysia-banks-on-lynas-expansion-to-become-vital-cog-in-rare-earth-supply-chain
1273131813	20251108	202511	2025	2025.8438	AUS	AUSTRALIA	AUS								COP	POLICEMEN						COP			1	190	190	19	4	-10.0	2	1	2	1.22699386503067	4	Mansfield, Victoria, Australia	AS	AS07	154649	-37.052	146.088	-1585658	4	Mansfield, Victoria, Australia	AS	AS07	154649	-37.052	146.088	-1585658	4	Mansfield, Victoria, Australia	AS	AS07	154649	-37.052	146.088	-1585658	20251108111500	https://www.anglocelt.ie/2025/11/08/aussie-bandit-ned-kelly-no-hero-says-author-who-found-fore-links/
1273131814	20251108	202511	2025	2025.8438	AUS	AUSTRALIA	AUS								COP	POLICEMEN						COP			1	190	190	19	4	-10.0	6	1	6	1.22699386503067	4	Stringybark Creek, Victoria, Australia	AS	AS07	5431	-37.7667	145.417	-1602624	4	Stringybark Creek, Victoria, Australia	AS	AS07	5431	-37.7667	145.417	-1602624	4	Stringybark Creek, Victoria, Australia	AS	AS07	5431	-37.7667	145.417	-1602624	20251108111500	https://www.anglocelt.ie/2025/11/08/aussie-bandit-ned-kelly-no-hero-says-author-who-found-fore-links/
1273131815	20251108	202511	2025	2025.8438	AUS	AUSTRALIA	AUS								IRL	IRISH	IRL								1	190	190	19	4	-10.0	4	1	4	1.22699386503067	4	Stringybark Creek, Victoria, Australia	AS	AS07	5431	-37.7667	145.417	-1602624	4	Stringybark Creek, Victoria, Australia	AS	AS07	5431	-37.7667	145.417	-1602624	4	Stringybark Creek, Victoria, Australia	AS	AS07	5431	-37.7667	145.417	-1602624	20251108111500	https://www.anglocelt.ie/2025/11/08/aussie-bandit-ned-kelly-no-hero-says-author-who-found-fore-links/
1273131816	20251108	202511	2025	2025.8438	AUS	AUSTRALIA	AUS								MED	JOURNALIST						MED			0	010	010	01	1	0.0	1	1	1	-7.40157480314961	1	Australia	AS	AS		-25	135	AS	1	Australia	AS	AS		-25	135	AS	1	Australia	AS	AS		-25	135	AS	20251108111500	https://www.mirror.co.uk/news/royals/i-interviewed-sarah-ferguson-made-36202872
1273131817	20251108	202511	2025	2025.8438	AUSGOV	AUSTRALIA	AUS					GOV													0	030	030	03	1	4.0	1	1	1	-0.31088082901554	1	Australia	AS	AS		-25	135	AS	0								1	Australia	AS	AS		-25	135	AS	20251108111500	https://www.straitstimes.com/asia/se-asia/malaysia-banks-on-lynas-expansion-to-become-vital-cog-in-rare-earth-supply-chain
1273131818	20251108	202511	2025	2025.8438	AUSGOV	AUSTRALIA	AUS					GOV			BUS	COMPANY						BUS			0	010	010	01	1	0.0	2	1	2	-0.31088082901554	1	Australia	AS	AS		-25	135	AS	1	Australia	AS	AS		-25	135	AS	1	Australia	AS	AS		-25	135	AS	20251108111500	https://www.straitstimes.com/asia/se-asia/malaysia-banks-on-lynas-expansion-to-become-vital-cog-in-rare-earth-supply-chain
1273131819	20251108	202511	2025	2025.8438	AZE	AZERBAIJAN	AZE								TURCVL	TURKISH	TUR					CVL			1	051	051	05	1	3.4	5	1	5	12.7272727272727	4	Baku, Baki*, Azerbaijan	AJ	AJ09	534	40.3953	49.8822	-2705195	1	Turkey	TU	TU		39.059012	34.911546	TU	4	Baku, Baki*, Azerbaijan	AJ	AJ09	534	40.3953	49.8822	-2705195	20251108111500	https://www.trend.az/azerbaijan/society/4115241.html
1273131820	20251108	202511	2025	2025.8438	BEL	BELGIUM	BEL								BUS	COMPANIES						BUS			1	070	070	07	2	7.0	2	1	2	5.94512195121952	1	Belgium	BE	BE		50.833333	4	BE	1	Belgium	BE	BE		50.833333	4	BE	1	Belgium	BE	BE		50.833333	4	BE	20251108111500	https://healthcare-digital.com/news/estee-lauders-journey-towards-a-sustainable-health-sector
1273131821	20251108	202511	2025	2025.8438	BEL	BRUSSELS	BEL								ISR	ISRAELI	ISR								1	111	111	11	3	-2.0	15	2	15	-8.17917340106209	1	Iran	IR	IR		32	53	IR	1	Israel	IS	IS		31.5	34.75	IS	1	Israel	IS	IS		31.5	34.75	IS	20251108111500	https://www.bssnews.net/international/329765
1273131822	20251108	202511	2025	2025.8438	BEL	BRUSSELS	BEL								ISR	ISRAELI	ISR								1	111	111	11	3	-2.0	1	1	1	-7.86885245901639	1	Israel	IS	IS		31.5	34.75	IS	1	Israel	IS	IS		31.5	34.75	IS	1	Israel	IS	IS		31.5	34.75	IS	20251108111500	https://www.bssnews.net/international/329765
1273131823	20251108	202511	2025	2025.8438	BGD	HABIGANJ	BGD																		1	173	173	17	4	-5.0	10	1	10	-5.67010309278351	4	Khilgaon, Bangladesh (general), Bangladesh	BG	BG00	5789	24.05	90.6167	-2725467	0								4	Khilgaon, Bangladesh (general), Bangladesh	BG	BG00	5789	24.05	90.6167	-2725467	20251108111500	https://www.bssnews.net/others/329773
1273131824	20251108	202511	2025	2025.8438	BGD	BANGLADESH	BGD								BGDGOV	BANGLADESH	BGD					GOV			1	173	173	17	4	-5.0	2	1	2	-5.67010309278351	4	Khilgaon, Bangladesh (general), Bangladesh	BG	BG00	5789	24.05	90.6167	-2725467	4	Khilgaon, Bangladesh (general), Bangladesh	BG	BG00	5789	24.05	90.6167	-2725467	4	Khilgaon, Bangladesh (general), Bangladesh	BG	BG00	5789	24.05	90.6167	-2725467	20251108111500	https://www.bssnews.net/others/329773
1273131825	20251108	202511	2025	2025.8438	BGD	DHAKA	BGD								GOV	GOVERNMENT						GOV			1	173	173	17	4	-5.0	10	1	10	2.40549828178694	4	Dhaka, Dhaka, Bangladesh	BG	BG81	5778	23.7231	90.4086	-2737683	4	Dhaka, Dhaka, Bangladesh	BG	BG81	5778	23.7231	90.4086	-2737683	4	Dhaka, Dhaka, Bangladesh	BG	BG81	5778	23.7231	90.4086	-2737683	20251108111500	https://www.bssnews.net/business/329753
1273131826	20251108	202511	2025	2025.8438	BRA	BRAZIL	BRA																		0	020	020	02	1	3.0	3	1	3	-0.85561497326203	4	Candiota, Rio Grande do Sul, Brazil	BR	BR23	22379	-31.6	-53.7333	-634505	0								4	Candiota, Rio Grande do Sul, Brazil	BR	BR23	22379	-31.6	-53.7333	-634505	20251108111500	https://www.thehindubusinessline.com/news/world/why-coal-still-clings-on-in-renewable-energy-powerhouse-brazil/article70255977.ece
1273131827	20251108	202511	2025	2025.8438	BRA	BRAZIL	BRA																		1	090	090	09	2	-2.0	5	1	5	-0.85561497326203	4	Candiota, Rio Grande do Sul, Brazil	BR	BR23	22379	-31.6	-53.7333	-634505	0								4	Candiota, Rio Grande do Sul, Brazil	BR	BR23	22379	-31.6	-53.7333	-634505	20251108111500	https://www.thehindubusinessline.com/news/world/why-coal-still-clings-on-in-renewable-energy-powerhouse-brazil/article70255977.ece
1273131828	20251108	202511	2025	2025.8438	BRA	BRAZIL	BRA																		0	129	129	12	3	-5.0	4	1	4	-0.85561497326203	4	Belem, ParáR, Brazil	BR	BR16	18585	-1.45	-48.4833	-629039	0								4	Belem, ParáR, Brazil	BR	BR16	18585	-1.45	-48.4833	-629039	20251108111500	https://www.thehindubusinessline.com/news/world/why-coal-still-clings-on-in-renewable-energy-powerhouse-brazil/article70255977.ece
1273131829	20251108	202511	2025	2025.8438	BRA	BRAZIL	BRA								IGOUNO	UNITED NATIONS		UNO				IGO			1	020	020	02	1	3.0	10	1	10	-0.85561497326203	4	Belem, ParáR, Brazil	BR	BR16	18585	-1.45	-48.4833	-629039	4	Belem, ParáR, Brazil	BR	BR16	18585	-1.45	-48.4833	-629039	4	Belem, ParáR, Brazil	BR	BR16	18585	-1.45	-48.4833	-629039	20251108111500	https://www.thehindubusinessline.com/news/world/why-coal-still-clings-on-in-renewable-energy-powerhouse-brazil/article70255977.ece
1273131830	20251108	202511	2025	2025.8438	BRA	BRAZIL	BRA								IGOUNO	UNITED NATIONS		UNO				IGO			1	043	043	04	1	2.8	10	1	10	-0.85561497326203	4	Candiota, Rio Grande do Sul, Brazil	BR	BR23	22379	-31.6	-53.7333	-634505	4	Candiota, Rio Grande do Sul, Brazil	BR	BR23	22379	-31.6	-53.7333	-634505	4	Candiota, Rio Grande do Sul, Brazil	BR	BR23	22379	-31.6	-53.7333	-634505	20251108111500	https://www.thehindubusinessline.com/news/world/why-coal-still-clings-on-in-renewable-energy-powerhouse-brazil/article70255977.ece
1273131831	20251108	202511	2025	2025.8438	BUS	INDUSTRY						BUS													1	010	010	01	1	0.0	10	1	10	1.14613180515759	1	Ireland	EI	EI		53	-8	EI	0								1	Ireland	EI	EI		53	-8	EI	20251108111500	https://irishbuildingmagazine.ie/magazine/mediapack/
1273131832	20251108	202511	2025	2025.8438	BUS	MANUFACTURER						BUS													0	012	012	01	1	-0.4	5	1	5	-0.79470198675497	1	Denmark	DA	DA		56	10	DA	0								1	Denmark	DA	DA		56	10	DA	20251108111500	https://www.yahoo.com/news/articles/methane-cutting-cow-feed-trials-084158445.html
1273131833	20251108	202511	2025	2025.8438	BUS	TRADER						BUS													1	023	023	02	1	3.4	3	1	3	0.92378752886836	1	Spain	SP	SP		40	-4	SP	0								1	Spain	SP	SP		40	-4	SP	20251108111500	https://www.businessinsider.com/day-traders-moving-to-puerto-rico-capital-gains-genz-millennials-2025-11
1273131834	20251108	202511	2025	2025.8438	BUS	BUSINESS						BUS													1	040	040	04	1	1.0	4	1	4	1.48148148148148	3	Jacksonville Beach, Florida, United States	US	USFL	FL031	30.2947	-81.3931	284697	0								3	Jacksonville Beach, Florida, United States	US	USFL		30.2947	-81.3931	284697	20251108111500	https://sfbaytimes.com/interview-with-tom-lenoble-author-of-the-new-autobiography-my-life-in-business-suits-hospital-gowns-and-high-heels-in-control-being-controlled-out-of-control/
1273131835	20251108	202511	2025	2025.8438	BUS	COMPANIES						BUS													1	070	070	07	2	7.0	3	1	3	5.94512195121952	1	Belgium	BE	BE		50.833333	4	BE	0								1	Belgium	BE	BE		50.833333	4	BE	20251108111500	https://healthcare-digital.com/news/estee-lauders-journey-towards-a-sustainable-health-sector
1273131836	20251108	202511	2025	2025.8438	BUS	COMPANY						BUS													0	100	100	10	3	-5.0	10	1	10	-0.31088082901554	4	Kuantan, Pahang, Malaysia	MY	MY06	18585	3.8077	103.326	-2402944	0								4	Kuantan, Pahang, Malaysia	MY	MY06	18585	3.8077	103.326	-2402944	20251108111500	https://www.straitstimes.com/asia/se-asia/malaysia-banks-on-lynas-expansion-to-become-vital-cog-in-rare-earth-supply-chain
1273131837	20251108	202511	2025	2025.8438	BUS	MANUFACTURER						BUS			AGR	FARMER						AGR			0	012	012	01	1	-0.4	5	1	5	-0.79470198675497	1	Denmark	DA	DA		56	10	DA	1	Denmark	DA	DA		56	10	DA	1	Denmark	DA	DA		56	10	DA	20251108111500	https://www.yahoo.com/news/articles/methane-cutting-cow-feed-trials-084158445.html
1273131838	20251108	202511	2025	2025.8438	BUS	BUSINESS						BUS			BGD	DHAKA	BGD								1	026	026	02	1	4.0	10	1	10	2.40549828178694	4	Dhaka, Dhaka, Bangladesh	BG	BG81	5778	23.7231	90.4086	-2737683	4	Dhaka, Dhaka, Bangladesh	BG	BG81	5778	23.7231	90.4086	-2737683	4	Dhaka, Dhaka, Bangladesh	BG	BG81	5778	23.7231	90.4086	-2737683	20251108111500	https://www.bssnews.net/business/329753
1273131839	20251108	202511	2025	2025.8438	BUS	PRODUCER						BUS			JAN	JAIN				JAN					1	040	040	04	1	1.0	10	1	10	-1.74165457184325	1	India	IN	IN		20	77	IN	1	India	IN	IN		20	77	IN	1	India	IN	IN		20	77	IN	20251108111500	https://timesofindia.indiatimes.com/entertainment/hindi/bollywood/news/saif-ali-khan-who-shah-rukh-khan-almost-quit-yes-boss-after-being-told-the-hum-tum-actor-might-replace-him/articleshow/125183072.cms
1273131840	20251108	202511	2025	2025.8438	BUS	COMMERCIAL BANK						BUS			NMR	NORTH AMERICA	NMR								1	042	042	04	1	1.9	2	1	2	2.34741784037559	4	Toronto, Ontario, Canada	CA	CA08	12686	43.6667	-79.4167	-574890	4	Toronto, Ontario, Canada	CA	CA08	12686	43.6667	-79.4167	-574890	4	Toronto, Ontario, Canada	CA	CA08	12686	43.6667	-79.4167	-574890	20251108111500	https://www.investmentexecutive.com/news/industry-moves-this-week-99/
1273131841	20251108	202511	2025	2025.8438	BUS	COMMERCIAL BANK						BUS			NMR	NORTH AMERICA	NMR								1	042	042	04	1	1.9	1	1	1	2.34741784037559	1	United States	US	US		39.828175	-98.5795	US	1	United States	US	US		39.828175	-98.5795	US	1	United States	US	US		39.828175	-98.5795	US	20251108111500	https://www.investmentexecutive.com/news/industry-moves-this-week-99/
1273131842	20251108	202511	2025	2025.8438	BUS	COMPANY						BUS			USA	LAS VEGAS	USA								1	130	130	13	3	-4.4	4	1	4	0.28517110266159	3	San Francisco, California, United States	US	USCA	CA075	37.7749	-122.419	277593	3	San Francisco, California, United States	US	USCA		37.7749	-122.419	277593	3	San Francisco, California, United States	US	USCA		37.7749	-122.419	277593	20251108111500	https://www.businessinsider.com/elon-musk-tesla-robotaxi-deadline-hiring-testing-cities-2025-11
1273131843	20251108	202511	2025	2025.8438	BUS	COMPANY						BUS			USA	LAS VEGAS	USA								1	130	130	13	3	-4.4	6	1	6	0.28517110266159	2	Texas, United States	US	USTX		31.106	-97.6475	TX	2	Texas, United States	US	USTX		31.106	-97.6475	TX	2	Texas, United States	US	USTX		31.106	-97.6475	TX	20251108111500	https://www.businessinsider.com/elon-musk-tesla-robotaxi-deadline-hiring-testing-cities-2025-11
1273131844	20251108	202511	2025	2025.8438	BUS	TRADER						BUS			USAPRI	PUERTO RICO	USA								1	023	023	02	1	3.4	1	1	1	0.92378752886836	1	Puerto Rico	RQ	RQ		18.2359	-66.4838	RQ	1	Puerto Rico	RQ	RQ		18.2359	-66.4838	RQ	1	Puerto Rico	RQ	RQ		18.2359	-66.4838	RQ	20251108111500	https://www.businessinsider.com/day-traders-moving-to-puerto-rico-capital-gains-genz-millennials-2025-11
1273131845	20251108	202511	2025	2025.8438	BUS	TRADER						BUS			USAPRI	PUERTO RICO	USA								1	023	023	02	1	3.4	1	1	1	0.92378752886836	1	Spain	SP	SP		40	-4	SP	1	Spain	SP	SP		40	-4	SP	1	Spain	SP	SP		40	-4	SP	20251108111500	https://www.businessinsider.com/day-traders-moving-to-puerto-rico-capital-gains-genz-millennials-2025-11
1273131846	20251108	202511	2025	2025.8438	BUS	BUSINESS						BUS			USAPRI	PUERTO RICO	USA								1	042	042	04	1	1.9	1	1	1	0.92378752886836	1	Puerto Rico	RQ	RQ		18.2359	-66.4838	RQ	1	Puerto Rico	RQ	RQ		18.2359	-66.4838	RQ	1	Puerto Rico	RQ	RQ		18.2359	-66.4838	RQ	20251108111500	https://www.businessinsider.com/day-traders-moving-to-puerto-rico-capital-gains-genz-millennials-2025-11
1273131847	20251108	202511	2025	2025.8438	BUS	BUSINESS						BUS			USAPRI	PUERTO RICO	USA								1	042	042	04	1	1.9	1	1	1	0.92378752886836	1	Spain	SP	SP		40	-4	SP	1	Spain	SP	SP		40	-4	SP	1	Spain	SP	SP		40	-4	SP	20251108111500	https://www.businessinsider.com/day-traders-moving-to-puerto-rico-capital-gains-genz-millennials-2025-11
1273131848	20251108	202511	2025	2025.8438	CAN	CANADA	CAN																		1	010	010	01	1	0.0	4	1	4	1.31950989632423	4	Cottonwood, British Columbia, Canada	CA	CA02	154724	53.05	-122.15	-563050	0								4	Cottonwood, British Columbia, Canada	CA	CA02	154724	53.05	-122.15	-563050	20251108111500	https://www.dailypolitical.com/2025/11/08/jpmorgan-chase-co-jpm-shares-sold-by-mendel-money-management.html
1273131849	20251108	202511	2025	2025.8438	CAN	CANADIAN	CAN								CANBUS	CANADA	CAN					BUS			1	061	061	06	2	6.4	2	1	2	0	1	Canada	CA	CA		60	-96	CA	1	Canada	CA	CA		60	-96	CA	1	Canada	CA	CA		60	-96	CA	20251108111500	https://www.dailypolitical.com/2025/11/08/dorel-industries-tsedii-a-share-price-passes-above-fifty-day-moving-average-should-you-sell.html
1273131850	20251108	202511	2025	2025.8438	CAN	CANADA	CAN								CANSPY	CANADA	CAN					SPY			1	046	046	04	1	7.0	2	1	2	1.76991150442478	1	Canada	CA	CA		60	-96	CA	1	Canada	CA	CA		60	-96	CA	1	Canada	CA	CA		60	-96	CA	20251108111500	https://www.investmentexecutive.com/news/industry-moves/
1273131851	20251108	202511	2025	2025.8438	CAN	CANADA	CAN								GBR	UNITED KINGDOM	GBR								1	043	043	04	1	2.8	2	1	2	2.61306532663316	4	Vancouver, British Columbia, Canada	CA	CA02	12552	49.25	-123.133	-575268	4	Vancouver, British Columbia, Canada	CA	CA02	12552	49.25	-123.133	-575268	4	Vancouver, British Columbia, Canada	CA	CA02	12552	49.25	-123.133	-575268	20251108111500	https://www.businessinsider.com/vancouver-canada-luxury-wealth-signs-real-estate-2025-11
1273131852	20251108	202511	2025	2025.8438	CAN	VANCOUVER	CAN								GBR	BRITISH	GBR								1	043	043	04	1	2.8	6	1	6	2.61306532663316	4	Vancouver, British Columbia, Canada	CA	CA02	12552	49.25	-123.133	-575268	1	United Kingdom	UK	UK		54	-4	UK	4	Vancouver, British Columbia, Canada	CA	CA02	12552	49.25	-123.133	-575268	20251108111500	https://www.businessinsider.com/vancouver-canada-luxury-wealth-signs-real-estate-2025-11
1273131853	20251108	202511	2025	2025.8438	CAN	CANADA	CAN								GOV	PRESIDENT						GOV			1	071	071	07	2	7.4	6	1	6	2.34741784037559	4	Toronto, Ontario, Canada	CA	CA08	12686	43.6667	-79.4167	-574890	4	Toronto, Ontario, Canada	CA	CA08	12686	43.6667	-79.4167	-574890	4	Toronto, Ontario, Canada	CA	CA08	12686	43.6667	-79.4167	-574890	20251108111500	https://www.investmentexecutive.com/news/industry-moves-this-week-99/
1273131854	20251108	202511	2025	2025.8438	CAN	CANADA	CAN								USA	UNITED STATES	USA								1	036	036	03	1	4.0	1	1	1	-2.67639902676399	1	Canada	CA	CA		60	-96	CA	3	Honolulu, Hawaii, United States	US	USHI	HI003	21.3069	-157.858	366212	1	Canada	CA	CA		60	-96	CA	20251108111500	https://www.hawaiinewsnow.com/2025/11/08/flight-reductions-start-disrupt-travel-plans-around-islands/
1273131855	20251108	202511	2025	2025.8438	CAN	CANADA	CAN								USA	UNITED STATES	USA								1	036	036	03	1	4.0	1	1	1	-2.67639902676399	1	Canada	CA	CA		60	-96	CA	1	Canada	CA	CA		60	-96	CA	1	Canada	CA	CA		60	-96	CA	20251108111500	https://www.hawaiinewsnow.com/2025/11/08/flight-reductions-start-disrupt-travel-plans-around-islands/
1273131856	20251108	202511	2025	2025.8438	CAN	CANADA	CAN								USA	UNITED STATES	USA								1	036	036	03	1	4.0	4	1	4	-2.67639902676399	2	Hawaii, United States	US	USHI		21.1098	-157.531	HI	2	Hawaii, United States	US	USHI		21.1098	-157.531	HI	2	Hawaii, United States	US	USHI		21.1098	-157.531	HI	20251108111500	https://www.hawaiinewsnow.com/2025/11/08/flight-reductions-start-disrupt-travel-plans-around-islands/
1273131857	20251108	202511	2025	2025.8438	CANBUS	CANADIAN	CAN					BUS													1	061	061	06	2	6.4	6	1	6	0	1	Canada	CA	CA		60	-96	CA	0								1	Canada	CA	CA		60	-96	CA	20251108111500	https://www.dailypolitical.com/2025/11/08/dorel-industries-tsedii-a-share-price-passes-above-fifty-day-moving-average-should-you-sell.html
1273131858	20251108	202511	2025	2025.8438	CANBUS	CANADA	CAN					BUS			CAN	CANADIAN	CAN								1	061	061	06	2	6.4	2	1	2	0	1	Canada	CA	CA		60	-96	CA	1	Canada	CA	CA		60	-96	CA	1	Canada	CA	CA		60	-96	CA	20251108111500	https://www.dailypolitical.com/2025/11/08/dorel-industries-tsedii-a-share-price-passes-above-fifty-day-moving-average-should-you-sell.html
1273131859	20251108	202511	2025	2025.8438	CANSPY	CANADA	CAN					SPY			CAN	CANADA	CAN								1	046	046	04	1	7.0	2	1	2	1.76991150442478	1	Canada	CA	CA		60	-96	CA	1	Canada	CA	CA		60	-96	CA	1	Canada	CA	CA		60	-96	CA	20251108111500	https://www.investmentexecutive.com/news/industry-moves/
1273131860	20251108	202511	2025	2025.8438	CHN	CHINA	CHN																		1	013	013	01	1	0.4	2	1	2	-2.22575516693164	4	Nipawin, Saskatchewan, Canada	CA	CA11	154724	53.3667	-104.017	-570186	0								4	Nipawin, Saskatchewan, Canada	CA	CA11	154724	53.3667	-104.017	-570186	20251108111500	https://www.cp24.com/news/money/2025/11/08/we-are-losing-money-by-growing-peas-saskatchewan-producers-react-to-latest-tariff-threats/
1273131861	20251108	202511	2025	2025.8438	CHN	CHINA	CHN																		1	084	084	08	2	7.0	4	1	4	1.84804928131417	4	Yuxing, Sichuan, China	CH	CH32	13260	30.9349	104.731	10336515	0								4	Yuxing, Sichuan, China	CH	CH32	13260	30.9349	104.731	10336515	20251108111500	https://www.dailypolitical.com/2025/11/08/head-to-head-survey-enlightify-enfy-and-its-peers.html
1273131862	20251108	202511	2025	2025.8438	CHN	CHINA	CHN								DJIMIL	DJIBOUTI	DJI					MIL			0	080	080	08	2	5.0	5	1	5	-0.34843205574913	4	Xinjiang, Jiangxi, China	CH	CH03	13167	27.7481	116.274	11065838	1	Djibouti	DJ	DJ		11.5	42.5	DJ	4	Xinjiang, Jiangxi, China	CH	CH03	13167	27.7481	116.274	11065838	20251108111500	https://indianexpress.com/article/explained/india-ayni-airbase-10353656/
1273131863	20251108	202511	2025	2025.8438	COP	POLICE						COP													1	010	010	01	1	0.0	10	1	10	-8.92857142857143	4	Hyderabad, Andhra Pradesh, India	IN	IN02	17564	17.3753	78.4744	-2097701	0								4	Hyderabad, Andhra Pradesh, India	IN	IN02	17564	17.3753	78.4744	-2097701	20251108111500	https://www.siasat.com/drunk-man-sleeps-under-tractor-crushed-to-death-in-hyderabad-3293256/
1273131864	20251108	202511	2025	2025.8438	COP	POLICE						COP													0	090	090	09	2	-2.0	10	1	10	-6.13333333333333	4	Meriden, Solihull, United Kingdom	UK	UKM2	40136	52.4333	-1.61667	-2602909	0								4	Meriden, Solihull, United Kingdom	UK	UKM2	40136	52.4333	-1.61667	-2602909	20251108111500	https://www.yahoo.com/news/articles/suspects-sophisticated-england-fraud-ring-102000212.html
1273131865	20251108	202511	2025	2025.8438	COP	POLICE						COP													1	192	192	19	4	-9.5	10	1	10	-6.13333333333333	4	Meriden, Solihull, United Kingdom	UK	UKM2	40136	52.4333	-1.61667	-2602909	0								4	Meriden, Solihull, United Kingdom	UK	UKM2	40136	52.4333	-1.61667	-2602909	20251108111500	https://www.yahoo.com/news/articles/suspects-sophisticated-england-fraud-ring-102000212.html
1273131866	20251108	202511	2025	2025.8438	COP	POLICE						COP			GBR	BIRMINGHAM	GBR								1	020	020	02	1	3.0	20	2	20	-6.53032794372888	0								0								0								20251108111500	https://metro.co.uk/2025/11/08/woman-critically-hurt-stabbed-neck-unprovoked-attack-24651879/
1273131867	20251108	202511	2025	2025.8438	COP	POLICE						COP			GBR	BIRMINGHAM	GBR								1	020	020	02	1	3.0	2	1	2	-6.21468926553672	4	West Midlands, United Kingdom (general), United Kingdom	UK	UK00	40136	52.5	-1.96667	-2611326	4	West Midlands, United Kingdom (general), United Kingdom	UK	UK00	40136	52.5	-1.96667	-2611326	4	West Midlands, United Kingdom (general), United Kingdom	UK	UK00	40136	52.5	-1.96667	-2611326	20251108111500	https://www.theguardian.com/uk-news/2025/nov/08/woman-stabbed-in-neck-in-unprovoked-attack-in-birmingham-city-centre
1273131868	20251108	202511	2025	2025.8438	COP	POLICE						COP			GOV	AUTHORITIES						GOV			1	090	090	09	2	-2.0	5	1	5	-5.02793296089385	0								0								0								20251108111500	https://athens-times.com/patra-40-year-old-teacher-shows-naked-photos-of-his-children-to-student-and-is-arrested/
1273131869	20251108	202511	2025	2025.8438	COP	PRISON						COP			GRC	GREECE	GRC								1	173	173	17	4	-5.0	2	1	2	-9.66386554621852	4	Vorizia, Perifereia Kritis, Greece	GR	GR60	16707	35.15	24.8333	-830620	4	Vorizia, Perifereia Kritis, Greece	GR	GR60	16707	35.15	24.8333	-830620	4	Vorizia, Perifereia Kritis, Greece	GR	GR60	16707	35.15	24.8333	-830620	20251108111500	https://athens-times.com/vorizia-relatives-of-39-year-old-suspect-in-bomb-case-face-prosecutor-second-indictment-against-kargakides/
1273131870	20251108	202511	2025	2025.8438	COP	DEPUTY						COP			ISR	ISRAEL	ISR								1	190	190	19	4	-10.0	4	1	4	-9.771986970684	1	Israel	IS	IS		31.5	34.75	IS	1	Israel	IS	IS		31.5	34.75	IS	1	Israel	IS	IS		31.5	34.75	IS	20251108111500	https://english.wafa.ps/Pages/Details/164194
1273131871	20251108	202511	2025	2025.8438	COP	POLICE						COP			MIL	BATTALION						MIL			1	173	173	17	4	-5.0	10	1	10	-3.20512820512821	0								0								0								20251108111500	https://www.bssnews.net/district/329728
1273131872	20251108	202511	2025	2025.8438	COP	DEPUTY						COP			MOS	ISLAM				MOS					1	042	042	04	1	1.9	10	1	10	2.8169014084507	0								0								0								20251108111500	https://www.bssnews.net/district/329760
1273131873	20251108	202511	2025	2025.8438	COP	DEPUTY						COP			PSE	PALESTINIAN	PSE								1	190	190	19	4	-10.0	6	1	6	-9.771986970684	1	Israel	IS	IS		31.5	34.75	IS	1	Israel	IS	IS		31.5	34.75	IS	1	Israel	IS	IS		31.5	34.75	IS	20251108111500	https://english.wafa.ps/Pages/Details/164194
1273131874	20251108	202511	2025	2025.8438	COPGOV	DEPUTY						COP	GOV												1	141	141	14	3	-6.5	3	1	3	-4.02298850574713	4	Kremlin, Moskva, Russia	RS	RS48	25106	55.7522	37.6156	-2960561	0								4	Kremlin, Moskva, Russia	RS	RS48	25106	55.7522	37.6156	-2960561	20251108111500	https://www.marketscreener.com/news/putin-appoints-deputy-defence-minister-bulyga-to-security-council-ce7d5fdbda80f125
1273131875	20251108	202511	2025	2025.8438	COPGOV	DEPUTY						COP	GOV		CVL	COLONIST						CVL			1	010	010	01	1	0.0	5	1	5	-6.79012345679012	0								0								0								20251108111500	https://english.wafa.ps/Pages/Details/164195
1273131876	20251108	202511	2025	2025.8438	COPGOVMIL	DEPUTY						COP	GOV	MIL	GOV	SECURITY COUNCIL						GOV			1	060	060	06	2	6.0	6	1	6	-4.02298850574713	1	Ukraine	UP	UP		49	32	UP	1	Ukraine	UP	UP		49	32	UP	1	Ukraine	UP	UP		49	32	UP	20251108111500	https://www.marketscreener.com/news/putin-appoints-deputy-defence-minister-bulyga-to-security-council-ce7d5fdbda80f125
1273131877	20251108	202511	2025	2025.8438	COPGOVMIL	DEPUTY						COP	GOV	MIL	RUS	RUSSIA	RUS								1	060	060	06	2	6.0	2	1	2	-4.02298850574713	1	Ukraine	UP	UP		49	32	UP	1	Ukraine	UP	UP		49	32	UP	1	Ukraine	UP	UP		49	32	UP	20251108111500	https://www.marketscreener.com/news/putin-appoints-deputy-defence-minister-bulyga-to-security-council-ce7d5fdbda80f125
1273131878	20251108	202511	2025	2025.8438	COPGOVMIL	DEPUTY						COP	GOV	MIL	RUSGOVMIL	RUSSIA	RUS					GOV	MIL		1	060	060	06	2	6.0	2	1	2	-4.02298850574713	1	Ukraine	UP	UP		49	32	UP	1	Ukraine	UP	UP		49	32	UP	1	Ukraine	UP	UP		49	32	UP	20251108111500	https://www.marketscreener.com/news/putin-appoints-deputy-defence-minister-bulyga-to-security-council-ce7d5fdbda80f125
1273131879	20251108	202511	2025	2025.8438	CVL	CITIZEN						CVL													0	020	020	02	1	3.0	4	1	4	0.92378752886836	1	Puerto Rico	RQ	RQ		18.2359	-66.4838	RQ	0								1	Puerto Rico	RQ	RQ		18.2359	-66.4838	RQ	20251108111500	https://www.businessinsider.com/day-traders-moving-to-puerto-rico-capital-gains-genz-millennials-2025-11
1273131880	20251108	202511	2025	2025.8438	CVL	CITIZEN						CVL													0	043	043	04	1	2.8	6	1	6	-4.8728813559322	4	Jahangirnagar, Bangladesh (general), Bangladesh	BG	BG00	5787	24.5333	90.5833	-2722360	0								4	Jahangirnagar, Bangladesh (general), Bangladesh	BG	BG00	5787	24.5333	90.5833	-2722360	20251108111500	https://www.bssnews.net/news-flash/329732
1273131881	20251108	202511	2025	2025.8438	CVL	COMMUNITY						CVL													1	051	051	05	1	3.4	10	1	10	6.49895178197065	3	San Francisco, California, United States	US	USCA	CA075	37.7749	-122.419	277593	0								3	San Francisco, California, United States	US	USCA		37.7749	-122.419	277593	20251108111500	https://sfbaytimes.com/marlena-absolute-empress-xxv-of-san-francisco/
1273131882	20251108	202511	2025	2025.8438	CVL	VOTER						CVL													1	090	090	09	2	-2.0	5	1	5	3.14358538657604	2	New York, United States	US	USNY		42.1497	-74.9384	NY	0								2	New York, United States	US	USNY		42.1497	-74.9384	NY	20251108111500	https://www.tbsnews.net/splash/mr-cardamom-you-heard-his-victory-speech-now-stream-his-mix-tapes-1280141
1273131883	20251108	202511	2025	2025.8438	CVL	SCIENTIST						CVL													0	110	110	11	3	-2.0	10	1	10	-6.16216216216216	3	Washington, District of Columbia, United States	US	USDC	DC001	38.8951	-77.0364	531871	0								3	Washington, District of Columbia, United States	US	USDC	DC001	38.8951	-77.0364	531871	20251108111500	https://www.postregister.com/features/smart_living/disease-of-1-000-faces-shows-how-science-is-tackling-immunitys-dark-side/article_c8ebfdda-50e0-453a-a3e0-0c84e0485ab0.html
1273131884	20251108	202511	2025	2025.8438	CVL	COLONIST						CVL													0	190	190	19	4	-10.0	4	1	4	-9.771986970684	4	Deir Jarir, West Bank (general), West Bank	WE	WE00	32686	31.9664	35.2926	-794105	0								4	Deir Jarir, West Bank (general), West Bank	WE	WE00	32686	31.9664	35.2926	-794105	20251108111500	https://english.wafa.ps/Pages/Details/164194
1273131885	20251108	202511	2025	2025.8438	CVL	COLONIST						CVL													1	190	190	19	4	-10.0	5	1	5	-5.88235294117647	4	Ramallah, West Bank (general), West Bank	WE	WE00	68767	31.9026	35.1955	-795956	0								4	Ramallah, West Bank (general), West Bank	WE	WE00	68767	31.9026	35.1955	-795956	20251108111500	https://english.wafa.ps/Pages/Details/164190
1273131886	20251108	202511	2025	2025.8438	CVL	NATIONALS						CVL			AFG	KABUL	AFG								1	192	192	19	4	-9.5	10	1	10	-0.34843205574913	1	India	IN	IN		20	77	IN	4	Kabul, Kabol, Afghanistan	AF	AF13	3580	34.5167	69.1833	-3378435	4	Kabul, Kabol, Afghanistan	AF	AF13	3580	34.5167	69.1833	-3378435	20251108111500	https://indianexpress.com/article/explained/india-ayni-airbase-10353656/
1273131887	20251108	202511	2025	2025.8438	CVL	NATIONALS						CVL			AFGINSTAL	TALIBAN	AFG	TAL				INS			1	160	160	16	4	-4.0	6	1	6	-0.34843205574913	1	India	IN	IN		20	77	IN	4	Kabul, Kabol, Afghanistan	AF	AF13	3580	34.5167	69.1833	-3378435	1	India	IN	IN		20	77	IN	20251108111500	https://indianexpress.com/article/explained/india-ayni-airbase-10353656/
1273131888	20251108	202511	2025	2025.8438	CVL	NATIONALS						CVL			AFGINSTAL	TALIBAN	AFG	TAL				INS			1	160	160	16	4	-4.0	4	1	4	-0.34843205574913	1	United States	US	US		39.828175	-98.5795	US	1	South Korea	KS	KS		37	127.5	KS	1	United States	US	US		39.828175	-98.5795	US	20251108111500	https://indianexpress.com/article/explained/india-ayni-airbase-10353656/
1273131889	20251108	202511	2025	2025.8438	CVL	COLONIST						CVL			CHE	BASEL	CHE								1	180	180	18	4	-9.0	3	1	3	-5.88235294117647	4	Ramallah, West Bank (general), West Bank	WE	WE00	68767	31.9026	35.1955	-795956	1	Israel	IS	IS		31.5	34.75	IS	4	Ramallah, West Bank (general), West Bank	WE	WE00	68767	31.9026	35.1955	-795956	20251108111500	https://english.wafa.ps/Pages/Details/164190
1273131890	20251108	202511	2025	2025.8438	CVL	COLONIST						CVL			CHE	BASEL	CHE								1	180	180	18	4	-9.0	1	1	1	-5.88235294117647	4	Ramallah, West Bank (general), West Bank	WE	WE00	68767	31.9026	35.1955	-795956	1	Israel	IS	IS		31.5	34.75	IS	1	Israel	IS	IS		31.5	34.75	IS	20251108111500	https://english.wafa.ps/Pages/Details/164190
1273131891	20251108	202511	2025	2025.8438	CVL	COMMUNITY						CVL			EDU	SCHOLAR						EDU			1	071	071	07	2	7.4	10	1	10	4.52755905511811	4	Cambridge, Cambridgeshire, United Kingdom	UK	UKC3	40098	52.2	0.116667	-2591658	4	Cambridge, Cambridgeshire, United Kingdom	UK	UKC3	40098	52.2	0.116667	-2591658	4	Cambridge, Cambridgeshire, United Kingdom	UK	UKC3	40098	52.2	0.116667	-2591658	20251108111500	https://www.jagranjosh.com/colleges/cambridge-hdpsp-fully-funded-phd-scholarships-apply-now-clga-1870000493-1
1273131892	20251108	202511	2025	2025.8438	CVL	VILLAGE						CVL			GBR	BRITISH	GBR								1	043	043	04	1	2.8	10	1	10	8.22784810126583	5	North Yorkshire, North Yorkshire, United Kingdom	UK	UKJ7	40123	54.1667	-1.5	-2604430	5	North Yorkshire, North Yorkshire, United Kingdom	UK	UKJ7	40123	54.1667	-1.5	-2604430	5	North Yorkshire, North Yorkshire, United Kingdom	UK	UKJ7	40123	54.1667	-1.5	-2604430	20251108111500	https://www.mirror.co.uk/travel/uk-ireland/best-roast-uk-staithes-village-36212403
1273131893	20251108	202511	2025	2025.8438	CVL	COMMUNITY						CVL			GOV	MONARCH						GOV			1	172	172	17	4	-5.0	10	1	10	-4.27350427350428	0								0								0								20251108111500	https://dailypost.ng/2025/11/08/owo-monarch-bans-suspended-council-chairman-from-ondo-community/
1273131894	20251108	202511	2025	2025.8438	CVL	COLONIST						CVL			ISR	ISRAEL	ISR								1	180	180	18	4	-9.0	1	1	1	-5.88235294117647	4	Ramallah, West Bank (general), West Bank	WE	WE00	68767	31.9026	35.1955	-795956	1	Israel	IS	IS		31.5	34.75	IS	1	Israel	IS	IS		31.5	34.75	IS	20251108111500	https://english.wafa.ps/Pages/Details/164190
1273131895	20251108	202511	2025	2025.8438	CVL	COLONIST						CVL			ISR	ISRAELI	ISR								0	190	190	19	4	-10.0	2	1	2	-9.771986970684	1	Israel	IS	IS		31.5	34.75	IS	1	Israel	IS	IS		31.5	34.75	IS	1	Israel	IS	IS		31.5	34.75	IS	20251108111500	https://english.wafa.ps/Pages/Details/164194
1273131896	20251108	202511	2025	2025.8438	CVL	SETTLEMENT						CVL			ISRCVL	ISRAEL	ISR					CVL			1	190	190	19	4	-10.0	2	1	2	-5.88235294117647	1	Israel	IS	IS		31.5	34.75	IS	1	Israel	IS	IS		31.5	34.75	IS	1	Israel	IS	IS		31.5	34.75	IS	20251108111500	https://english.wafa.ps/Pages/Details/164190
1273131897	20251108	202511	2025	2025.8438	CVL	COLONIST						CVL			ISRMIL	ISRAELI	ISR					MIL			0	190	190	19	4	-10.0	3	1	3	-9.771986970684	1	Israel	IS	IS		31.5	34.75	IS	1	Israel	IS	IS		31.5	34.75	IS	1	Israel	IS	IS		31.5	34.75	IS	20251108111500	https://english.wafa.ps/Pages/Details/164194
1273131898	20251108	202511	2025	2025.8438	CVL	VILLAGER						CVL			JUD	JUDGE						JUD			1	051	051	05	1	3.4	10	1	10	10.6796116504854	0								0								0								20251108111500	https://lichfieldlive.co.uk/2025/11/08/whittington-celebrates-another-heart-of-england-in-bloom-gold-award/
1273131899	20251108	202511	2025	2025.8438	CVL	RESIDENTS						CVL			MED	MEDIA						MED			1	190	190	19	4	-10.0	5	1	5	-3.89105058365758	4	El-Obeid, Shamal Kurdufan, Sudan	SU	SU56	37087	13.1833	30.2167	-2236	4	El-Obeid, Shamal Kurdufan, Sudan	SU	SU56	37087	13.1833	30.2167	-2236	4	El-Obeid, Shamal Kurdufan, Sudan	SU	SU56	37087	13.1833	30.2167	-2236	20251108111500	https://www.aa.com.tr/en/middle-east/sudanese-army-shoots-down-rsf-drone-in-north-kordofan/3738351
1273131900	20251108	202511	2025	2025.8438	CVL	NATIONALS						CVL			MLI	MALI	MLI								1	181	181	18	4	-9.0	10	1	10	-8.33333333333333	1	Mali	ML	ML		17	-4	ML	1	Mali	ML	ML		17	-4	ML	1	Mali	ML	ML		17	-4	ML	20251108111500	https://article.wn.com/view/2025/11/08/Five_Indian_nationals_abducted_in_Mali_amid_surging_unrest_b/
1273131901	20251108	202511	2025	2025.8438	CVL	COLONIST						CVL			PSE	WEST BANK	PSE								0	190	190	19	4	-10.0	6	1	6	-9.771986970684	4	Deir Jarir, West Bank (general), West Bank	WE	WE00	32686	31.9664	35.2926	-794105	4	Deir Jarir, West Bank (general), West Bank	WE	WE00	32686	31.9664	35.2926	-794105	4	Deir Jarir, West Bank (general), West Bank	WE	WE00	32686	31.9664	35.2926	-794105	20251108111500	https://english.wafa.ps/Pages/Details/164194
1273131902	20251108	202511	2025	2025.8438	CVL	SETTLEMENT						CVL			PSE	PALESTINIAN	PSE								1	190	190	19	4	-10.0	2	1	2	-5.88235294117647	1	Israel	IS	IS		31.5	34.75	IS	1	Israel	IS	IS		31.5	34.75	IS	1	Israel	IS	IS		31.5	34.75	IS	20251108111500	https://english.wafa.ps/Pages/Details/164190
1273131903	20251108	202511	2025	2025.8438	CVL	COLONIST						CVL			PSE	PALESTINIAN	PSE								0	193	193	19	4	-10.0	14	1	10	-9.771986970684	4	Deir Jarir, West Bank (general), West Bank	WE	WE00	32686	31.9664	35.2926	-794105	4	Deir Jarir, West Bank (general), West Bank	WE	WE00	32686	31.9664	35.2926	-794105	4	Deir Jarir, West Bank (general), West Bank	WE	WE00	32686	31.9664	35.2926	-794105	20251108111500	https://english.wafa.ps/Pages/Details/164194
1273131904	20251108	202511	2025	2025.8438	CVL	SETTLEMENT						CVL			PSECVL	PALESTINIAN	PSE					CVL			1	190	190	19	4	-10.0	1	1	1	-5.88235294117647	1	Israel	IS	IS		31.5	34.75	IS	1	Israel	IS	IS		31.5	34.75	IS	1	Israel	IS	IS		31.5	34.75	IS	20251108111500	https://english.wafa.ps/Pages/Details/164190
1273131905	20251108	202511	2025	2025.8438	CVL	CIVILIAN						CVL			SDN	DARFUR	SDN								0	190	190	19	4	-10.0	3	1	3	-2.68895348837209	4	Darfur, Gharb Darfur, Sudan	SU	SU47	37140	13.5	23.5	-17505	4	Darfur, Gharb Darfur, Sudan	SU	SU47	37140	13.5	23.5	-17505	4	Darfur, Gharb Darfur, Sudan	SU	SU47	37140	13.5	23.5	-17505	20251108111500	https://indianexpress.com/article/upsc-current-affairs/upsc-essentials/the-world-this-week-zohran-mamdani-trump-putin-sudan-upsc-international-relations-10352282/
1273131906	20251108	202511	2025	2025.8438	DNK	DENMARK	DNK								MED	MEDIA						MED			1	172	172	17	4	-5.0	8	1	8	-1.16472545757072	1	Denmark	DA	DA		56	10	DA	1	Australia	AS	AS		-25	135	AS	1	Denmark	DA	DA		56	10	DA	20251108111500	https://timesofindia.indiatimes.com/world/europe/denmark-to-ban-social-media-for-children-under-15/articleshow/125183637.cms
1273131907	20251108	202511	2025	2025.8438	DNKEDU	DENMARK	DNK					EDU			MED	MEDIA						MED			0	010	010	01	1	0.0	1	1	1	-0.79470198675497	1	Denmark	DA	DA		56	10	DA	1	Denmark	DA	DA		56	10	DA	1	Denmark	DA	DA		56	10	DA	20251108111500	https://www.yahoo.com/news/articles/methane-cutting-cow-feed-trials-084158445.html
1273131908	20251108	202511	2025	2025.8438	DNKEDU	DENMARK	DNK					EDU			MED	MEDIA						MED			0	012	012	01	1	-0.4	1	1	1	-0.79470198675497	1	Denmark	DA	DA		56	10	DA	1	Denmark	DA	DA		56	10	DA	1	Denmark	DA	DA		56	10	DA	20251108111500	https://www.yahoo.com/news/articles/methane-cutting-cow-feed-trials-084158445.html
1273131909	20251108	202511	2025	2025.8438	EDU	SCHOLAR						EDU													1	010	010	01	1	0.0	10	1	10	4.52755905511811	4	Cambridge, Cambridgeshire, United Kingdom	UK	UKC3	40098	52.2	0.116667	-2591658	0								4	Cambridge, Cambridgeshire, United Kingdom	UK	UKC3	40098	52.2	0.116667	-2591658	20251108111500	https://www.jagranjosh.com/colleges/cambridge-hdpsp-fully-funded-phd-scholarships-apply-now-clga-1870000493-1
1273131910	20251108	202511	2025	2025.8438	EDU	STUDENT						EDU													1	010	010	01	1	0.0	3	1	3	3.14358538657604	2	New York, United States	US	USNY		42.1497	-74.9384	NY	0								4	Katwe, Kasese, Uganda	UG	UG40	18585	-0.141667	29.8303	-1729528	20251108111500	https://www.tbsnews.net/splash/mr-cardamom-you-heard-his-victory-speech-now-stream-his-mix-tapes-1280141
1273131911	20251108	202511	2025	2025.8438	EDU	COLLEGE						EDU													1	043	043	04	1	2.8	8	1	8	0	4	Jammu, Jammu and Kashmir, India	IN	IN12	72851	32.7333	74.8667	-2098228	0								4	Jammu, Jammu and Kashmir, India	IN	IN12	72851	32.7333	74.8667	-2098228	20251108111500	https://www.siasat.com/raja-singh-demands-cancellation-of-minority-quota-at-medical-college-in-jk-3293283/
1273131912	20251108	202511	2025	2025.8438	EDU	SCHOLAR						EDU													1	071	071	07	2	7.4	2	1	2	4.52755905511811	4	Cambridge, Cambridgeshire, United Kingdom	UK	UKC3	40098	52.2	0.116667	-2591658	0								4	Cambridge, Cambridgeshire, United Kingdom	UK	UKC3	40098	52.2	0.116667	-2591658	20251108111500	https://www.jagranjosh.com/colleges/cambridge-hdpsp-fully-funded-phd-scholarships-apply-now-clga-1870000493-1
1273131913	20251108	202511	2025	2025.8438	EDU	STUDENT						EDU													1	090	090	09	2	-2.0	5	1	5	4.84330484330485	4	Delhi, Delhi, India	IN	IN07	17911	28.6667	77.2167	-2094230	0								4	Delhi, Delhi, India	IN	IN07	17911	28.6667	77.2167	-2094230	20251108111500	https://timesofindia.indiatimes.com/education/news/delhi-govt-launches-school-web-app-can-it-truly-drive-the-digitisation-of-education/articleshow/125183179.cms
1273131914	20251108	202511	2025	2025.8438	EDU	COLLEGE						EDU													1	120	120	12	3	-4.0	2	1	2	0	4	Jammu, Jammu and Kashmir, India	IN	IN12	72851	32.7333	74.8667	-2098228	0								4	Jammu, Jammu and Kashmir, India	IN	IN12	72851	32.7333	74.8667	-2098228	20251108111500	https://www.siasat.com/raja-singh-demands-cancellation-of-minority-quota-at-medical-college-in-jk-3293283/
1273131915	20251108	202511	2025	2025.8438	EDU	SCHOLAR						EDU			GBREDU	UNITED KINGDOM	GBR					EDU			1	071	071	07	2	7.4	4	1	4	4.52755905511811	4	Cambridge, Cambridgeshire, United Kingdom	UK	UKC3	40098	52.2	0.116667	-2591658	4	Cambridge, Cambridgeshire, United Kingdom	UK	UKC3	40098	52.2	0.116667	-2591658	4	Cambridge, Cambridgeshire, United Kingdom	UK	UKC3	40098	52.2	0.116667	-2591658	20251108111500	https://www.jagranjosh.com/colleges/cambridge-hdpsp-fully-funded-phd-scholarships-apply-now-clga-1870000493-1
1273131916	20251108	202511	2025	2025.8438	EDU	SCHOOL						EDU			ISR	ISRAELI	ISR								1	043	043	04	1	2.8	2	1	2	-0.31152647975078	4	Jerusalem, Israel (general), Israel	IS	IS00	18315	31.7667	35.2333	-797092	4	Jerusalem, Israel (general), Israel	IS	IS00	18315	31.7667	35.2333	-797092	4	Jerusalem, Israel (general), Israel	IS	IS00	18315	31.7667	35.2333	-797092	20251108111500	https://www.belfastlive.co.uk/news/northern-ireland/stormonts-no-confidence-vote-shows-32832602
1273131917	20251108	202511	2025	2025.8438	EDUEDU	SCHOOL						EDU	EDU		HLH	HOSPITAL						HLH			1	042	042	04	1	1.9	10	1	10	-8.49673202614379	0								0								0								20251108111500	https://athens-times.com/patras-student-collapses-from-drug-use-at-school-rushed-to-hospital-with-seizures/
1273131918	20251108	202511	2025	2025.8438	EGY	NASSER	EGY								ISR	ISRAEL	ISR								1	042	042	04	1	1.9	7	1	7	-4.8	4	Gaza, Israel (general), Israel	IS	IS00	18315	31.4167	34.3333	-797156	4	Gaza, Israel (general), Israel	IS	IS00	18315	31.4167	34.3333	-797156	4	Gaza, Israel (general), Israel	IS	IS00	18315	31.4167	34.3333	-797156	20251108111500	https://english.wafa.ps/Pages/Details/164197
1273131919	20251108	202511	2025	2025.8438	EGY	NASSER	EGY								PSE	GAZA	PSE								1	042	042	04	1	1.9	2	1	2	-4.8	4	Gaza, Israel (general), Israel	IS	IS00	18315	31.4167	34.3333	-797156	4	Gaza, Israel (general), Israel	IS	IS00	18315	31.4167	34.3333	-797156	4	Gaza, Israel (general), Israel	IS	IS00	18315	31.4167	34.3333	-797156	20251108111500	https://english.wafa.ps/Pages/Details/164197
1273131920	20251108	202511	2025	2025.8438	ELI	ACTOR						ELI													1	173	173	17	4	-5.0	10	1	10	1.21457489878542	4	Hyderabad, Andhra Pradesh, India	IN	IN02	17564	17.3753	78.4744	-2097701	0								4	Hyderabad, Andhra Pradesh, India	IN	IN02	17564	17.3753	78.4744	-2097701	20251108111500	https://timesofindia.indiatimes.com/entertainment/telugu/movies/news/psych-siddhartha-teaser-nandhu-stuns-as-frustrated-everyman-varan-reddy-promises-a-wild-comic-ride/articleshow/125183361.cms
1273131921	20251108	202511	2025	2025.8438	EUR	EUROPE	EUR																		1	010	010	01	1	0.0	4	1	4	3.49854227405248	4	New Delhi, Delhi, India	IN	IN07	17911	28.6	77.2	-2106102	0								4	New Delhi, Delhi, India	IN	IN07	17911	28.6	77.2	-2106102	20251108111500	https://www.hindustantimes.com/entertainment/euff-offers-rare-glimpse-into-europe-s-filmmaking-cultures-says-eu-ambassador-herve-delphin-101762596240704.html
1273131922	20251108	202511	2025	2025.8438	FRA	FRENCH	FRA								FRAGOV	FRANCE	FRA					GOV			1	013	013	01	1	0.4	4	1	4	-5.16431924882629	4	Paris, France (general), France	FR	FR00	16282	48.8667	2.33333	-1456928	4	Paris, France (general), France	FR	FR00	16282	48.8667	2.33333	-1456928	4	Paris, France (general), France	FR	FR00	16282	48.8667	2.33333	-1456928	20251108111500	https://athens-times.com/louvre-heist-macrons-assurance-on-crown-jewels-recovery-and-louvre-security-code-shock/
1273131923	20251108	202511	2025	2025.8438	FRA	FRANCE	FRA								FRAGOV	FRANCE	FRA					GOV			1	111	111	11	3	-2.0	5	1	5	-5.16431924882629	4	Paris, France (general), France	FR	FR00	16282	48.8667	2.33333	-1456928	4	Paris, France (general), France	FR	FR00	16282	48.8667	2.33333	-1456928	4	Paris, France (general), France	FR	FR00	16282	48.8667	2.33333	-1456928	20251108111500	https://athens-times.com/louvre-heist-macrons-assurance-on-crown-jewels-recovery-and-louvre-security-code-shock/
1273131924	20251108	202511	2025	2025.8438	FRA	FRANCE	FRA								FRAGOV	FRANCE	FRA					GOV			1	112	112	11	3	-2.0	5	1	5	-5.16431924882629	4	Paris, France (general), France	FR	FR00	16282	48.8667	2.33333	-1456928	4	Paris, France (general), France	FR	FR00	16282	48.8667	2.33333	-1456928	4	Paris, France (general), France	FR	FR00	16282	48.8667	2.33333	-1456928	20251108111500	https://athens-times.com/louvre-heist-macrons-assurance-on-crown-jewels-recovery-and-louvre-security-code-shock/
1273131925	20251108	202511	2025	2025.8438	FRAGOV	FRENCH	FRA					GOV													1	013	013	01	1	0.4	6	1	6	-5.16431924882629	4	Paris, France (general), France	FR	FR00	16282	48.8667	2.33333	-1456928	0								4	Paris, France (general), France	FR	FR00	16282	48.8667	2.33333	-1456928	20251108111500	https://athens-times.com/louvre-heist-macrons-assurance-on-crown-jewels-recovery-and-louvre-security-code-shock/
1273131926	20251108	202511	2025	2025.8438	FRAGOV	FRANCE	FRA					GOV													1	111	111	11	3	-2.0	5	1	5	-5.16431924882629	4	Paris, France (general), France	FR	FR00	16282	48.8667	2.33333	-1456928	0								4	Paris, France (general), France	FR	FR00	16282	48.8667	2.33333	-1456928	20251108111500	https://athens-times.com/louvre-heist-macrons-assurance-on-crown-jewels-recovery-and-louvre-security-code-shock/
1273131927	20251108	202511	2025	2025.8438	GBR	UNITED KINGDOM	GBR																		1	010	010	01	1	0.0	4	1	4	-1.54320987654321	5	Hertfordshire, Hertfordshire, United Kingdom	UK	UKF8	40114	51.8333	-0.25	-2598579	0								5	Hertfordshire, Hertfordshire, United Kingdom	UK	UKF8	40114	51.8333	-0.25	-2598579	20251108111500	https://www.stalbansreview.co.uk/news/25606685.jack-whitehall-orgy-watford-strip-club-amazon-drama/
1273131928	20251108	202511	2025	2025.8438	GBR	UNITED KINGDOM	GBR																		1	051	051	05	1	3.4	4	1	4	-1.54320987654321	5	Hertfordshire, Hertfordshire, United Kingdom	UK	UKF8	40114	51.8333	-0.25	-2598579	0								5	Hertfordshire, Hertfordshire, United Kingdom	UK	UKF8	40114	51.8333	-0.25	-2598579	20251108111500	https://www.stalbansreview.co.uk/news/25606685.jack-whitehall-orgy-watford-strip-club-amazon-drama/
1273131929	20251108	202511	2025	2025.8438	GBR	BIRMINGHAM	GBR																		0	051	051	05	1	3.4	10	1	10	4.35540069686411	1	United States	US	US		39.828175	-98.5795	US	0								1	United States	US	US		39.828175	-98.5795	US	20251108111500	https://www.birminghammail.co.uk/news/midlands-news/ozzy-osbourne-receives-posthumous-grammy-32836791
1273131930	20251108	202511	2025	2025.8438	GBR	BRITISH	GBR								CAN	VANCOUVER	CAN								1	042	042	04	1	1.9	8	1	8	2.61306532663316	4	Vancouver, British Columbia, Canada	CA	CA02	12552	49.25	-123.133	-575268	4	Vancouver, British Columbia, Canada	CA	CA02	12552	49.25	-123.133	-575268	4	Vancouver, British Columbia, Canada	CA	CA02	12552	49.25	-123.133	-575268	20251108111500	https://www.businessinsider.com/vancouver-canada-luxury-wealth-signs-real-estate-2025-11
1273131931	20251108	202511	2025	2025.8438	GBR	BRITISH	GBR								CVL	VILLAGE						CVL			1	042	042	04	1	1.9	10	1	10	8.22784810126583	4	Staithes, North Yorkshire, United Kingdom	UK	UKJ7	40123	54.5517	-0.789722	-2608538	4	Staithes, North Yorkshire, United Kingdom	UK	UKJ7	40123	54.5517	-0.789722	-2608538	4	Staithes, North Yorkshire, United Kingdom	UK	UKJ7	40123	54.5517	-0.789722	-2608538	20251108111500	https://www.mirror.co.uk/travel/uk-ireland/best-roast-uk-staithes-village-36212403
1273131932	20251108	202511	2025	2025.8438	GBR	UNITED KINGDOM	GBR								EDU	UNIVERSITY						EDU			1	071	071	07	2	7.4	4	1	4	4.52755905511811	4	Cambridge, Cambridgeshire, United Kingdom	UK	UKC3	40098	52.2	0.116667	-2591658	4	Cambridge, Cambridgeshire, United Kingdom	UK	UKC3	40098	52.2	0.116667	-2591658	4	Cambridge, Cambridgeshire, United Kingdom	UK	UKC3	40098	52.2	0.116667	-2591658	20251108111500	https://www.jagranjosh.com/colleges/cambridge-hdpsp-fully-funded-phd-scholarships-apply-now-clga-1870000493-1
1273131933	20251108	202511	2025	2025.8438	GBR	BRITISH	GBR								GBRGOV	UNITED KINGDOM	GBR					GOV			1	046	046	04	1	7.0	1	1	1	0.67114093959731	1	Ireland	EI	EI		53	-8	EI	1	Ireland	EI	EI		53	-8	EI	1	Ireland	EI	EI		53	-8	EI	20251108111500	https://sfbaytimes.com/rainbow-honor-walk-plaque-installation-honoring-roger-casement-irelands-lgbtq-hero/
1273131934	20251108	202511	2025	2025.8438	GBR	BRITISH	GBR								GBRGOV	UNITED KINGDOM	GBR					GOV			1	046	046	04	1	7.0	1	1	1	0.67114093959731	1	United Kingdom	UK	UK		54	-4	UK	1	United Kingdom	UK	UK		54	-4	UK	1	United Kingdom	UK	UK		54	-4	UK	20251108111500	https://sfbaytimes.com/rainbow-honor-walk-plaque-installation-honoring-roger-casement-irelands-lgbtq-hero/
1273131935	20251108	202511	2025	2025.8438	GBR	BIRMINGHAM	GBR								HLH	HOSPITAL						HLH			1	190	190	19	4	-10.0	10	1	10	-8.07017543859649	0								0								0								20251108111500	https://www.birminghammail.co.uk/news/midlands-news/woman-fighting-life-after-unprovoked-32836400
1273131936	20251108	202511	2025	2025.8438	GBR	UNITED KINGDOM	GBR								IRL	IRELAND	IRL								1	043	043	04	1	2.8	6	1	6	0.31347962382445	4	Belfast, Belfast, United Kingdom	UK	UKR3	40158	54.5833	-5.93333	-2589607	1	Ireland	EI	EI		53	-8	EI	1	Ireland	EI	EI		53	-8	EI	20251108111500	https://www.dundalkdemocrat.ie/news/local-news/1937135/louth-politicians-attend-oireachtas-na-samhna.html
1273131937	20251108	202511	2025	2025.8438	GBR	UNITED KINGDOM	GBR								IRL	IRELAND	IRL								1	043	043	04	1	2.8	2	1	2	0.31347962382445	1	Ireland	EI	EI		53	-8	EI	1	Ireland	EI	EI		53	-8	EI	1	Ireland	EI	EI		53	-8	EI	20251108111500	https://www.dundalkdemocrat.ie/news/local-news/1937135/louth-politicians-attend-oireachtas-na-samhna.html
1273131938	20251108	202511	2025	2025.8438	GBR	UNITED KINGDOM	GBR								IRL	IRELAND	IRL								1	046	046	04	1	7.0	2	1	2	0.31347962382445	4	Belfast, Belfast, United Kingdom	UK	UKR3	40158	54.5833	-5.93333	-2589607	1	Ireland	EI	EI		53	-8	EI	4	Belfast, Belfast, United Kingdom	UK	UKR3	40158	54.5833	-5.93333	-2589607	20251108111500	https://www.dundalkdemocrat.ie/news/local-news/1937135/louth-politicians-attend-oireachtas-na-samhna.html
1273131939	20251108	202511	2025	2025.8438	GBR	UNITED KINGDOM	GBR								IRL	IRELAND	IRL								1	046	046	04	1	7.0	2	1	2	0.31347962382445	4	Belfast, Belfast, United Kingdom	UK	UKR3	40158	54.5833	-5.93333	-2589607	1	Ireland	EI	EI		53	-8	EI	1	Ireland	EI	EI		53	-8	EI	20251108111500	https://www.dundalkdemocrat.ie/news/local-news/1937135/louth-politicians-attend-oireachtas-na-samhna.html
1273131940	20251108	202511	2025	2025.8438	GBR	UNITED KINGDOM	GBR								MEDMED	PRESS ASSOCIATION						MED	MED		0	050	050	05	1	3.5	1	1	1	-3.59712230215827	1	United Kingdom	UK	UK		54	-4	UK	4	Nairobi, Nairobi Area, Kenya	KE	KE05	18585	-1.28333	36.8167	-2258072	4	Nairobi, Nairobi Area, Kenya	KE	KE05	18585	-1.28333	36.8167	-2258072	20251108111500	https://www.spacewar.com/afp/251108092155.sa7ptx6i.html
1273131941	20251108	202511	2025	2025.8438	GBR	UNITED KINGDOM	GBR								MEDMED	PRESS ASSOCIATION						MED	MED		0	050	050	05	1	3.5	1	1	1	-3.59712230215827	1	United Kingdom	UK	UK		54	-4	UK	1	United Kingdom	UK	UK		54	-4	UK	1	United Kingdom	UK	UK		54	-4	UK	20251108111500	https://www.spacewar.com/afp/251108092155.sa7ptx6i.html
1273131942	20251108	202511	2025	2025.8438	GBR	UNITED KINGDOM	GBR								USA	UNITED STATES	USA								1	010	010	01	1	0.0	1	1	1	2	3	Brooklyn, New York, United States	US	USNY	NY025	42.3442	-75.1704	944840	3	Brooklyn, New York, United States	US	USNY	NY025	42.3442	-75.1704	944840	3	Brooklyn, New York, United States	US	USNY	NY025	42.3442	-75.1704	944840	20251108111500	https://www.birminghammail.co.uk/news/showbiz-tv/itv-good-morning-britain-star-32836470
1273131943	20251108	202511	2025	2025.8438	GBR	UNITED KINGDOM	GBR								USA	UNITED STATES	USA								1	010	010	01	1	0.0	1	1	1	2	2	New York, United States	US	USNY		42.1497	-74.9384	NY	2	New York, United States	US	USNY		42.1497	-74.9384	NY	2	New York, United States	US	USNY		42.1497	-74.9384	NY	20251108111500	https://www.birminghammail.co.uk/news/showbiz-tv/itv-good-morning-britain-star-32836470
1273131944	20251108	202511	2025	2025.8438	GBR	UNITED KINGDOM	GBR								USA	UNITED STATES	USA								1	020	020	02	1	3.0	1	1	1	2	3	Brooklyn, New York, United States	US	USNY	NY025	42.3442	-75.1704	944840	3	Brooklyn, New York, United States	US	USNY	NY025	42.3442	-75.1704	944840	3	Brooklyn, New York, United States	US	USNY	NY025	42.3442	-75.1704	944840	20251108111500	https://www.birminghammail.co.uk/news/showbiz-tv/itv-good-morning-britain-star-32836470
1273131945	20251108	202511	2025	2025.8438	GBR	UNITED KINGDOM	GBR								USA	UNITED STATES	USA								1	020	020	02	1	3.0	1	1	1	2	2	New York, United States	US	USNY		42.1497	-74.9384	NY	2	New York, United States	US	USNY		42.1497	-74.9384	NY	2	New York, United States	US	USNY		42.1497	-74.9384	NY	20251108111500	https://www.birminghammail.co.uk/news/showbiz-tv/itv-good-morning-britain-star-32836470
1273131946	20251108	202511	2025	2025.8438	GBR	UNITED KINGDOM	GBR								USA	UNITED STATES	USA								1	020	020	02	1	3.0	2	1	2	2	1	United Kingdom	UK	UK		54	-4	UK	2	New York, United States	US	USNY		42.1497	-74.9384	NY	2	New York, United States	US	USNY		42.1497	-74.9384	NY	20251108111500	https://www.birminghammail.co.uk/news/showbiz-tv/itv-good-morning-britain-star-32836470
1273131947	20251108	202511	2025	2025.8438	GBRCOP	UNITED KINGDOM	GBR					COP			GBR	UNITED KINGDOM	GBR								1	020	020	02	1	3.0	8	1	8	-6.21468926553672	4	West Midlands, United Kingdom (general), United Kingdom	UK	UK00	40136	52.5	-1.96667	-2611326	4	West Midlands, United Kingdom (general), United Kingdom	UK	UK00	40136	52.5	-1.96667	-2611326	4	West Midlands, United Kingdom (general), United Kingdom	UK	UK00	40136	52.5	-1.96667	-2611326	20251108111500	https://www.theguardian.com/uk-news/2025/nov/08/woman-stabbed-in-neck-in-unprovoked-attack-in-birmingham-city-centre
1273131948	20251108	202511	2025	2025.8438	GBRGOV	BRITISH	GBR					GOV													1	046	046	04	1	7.0	6	1	6	0.67114093959731	1	United Kingdom	UK	UK		54	-4	UK	0								1	United Kingdom	UK	UK		54	-4	UK	20251108111500	https://sfbaytimes.com/rainbow-honor-walk-plaque-installation-honoring-roger-casement-irelands-lgbtq-hero/
1273131949	20251108	202511	2025	2025.8438	GBRGOV	UNITED KINGDOM	GBR					GOV													1	051	051	05	1	3.4	2	1	2	1.3840830449827	4	Edinburgh, Edinburgh, City of, United Kingdom	UK	UKU8	40173	55.95	-3.2	-2595386	0								4	Edinburgh, Edinburgh, City of, United Kingdom	UK	UKU8	40173	55.95	-3.2	-2595386	20251108111500	https://www.shetlandtimes.co.uk/news/five-years-flying-high-loganair-celebrates-domestic-air-418862/
1273131950	20251108	202511	2025	2025.8438	GBRGOV	UNITED KINGDOM	GBR					GOV			DNK	DENMARK	DNK								1	020	020	02	1	3.0	10	1	10	-2.03045685279188	4	Nottingham, Nottingham, United Kingdom	UK	UKJ8	40126	52.9667	-1.16667	-2604469	4	Nottingham, Nottingham, United Kingdom	UK	UKJ8	40126	52.9667	-1.16667	-2604469	4	Nottingham, Nottingham, United Kingdom	UK	UKJ8	40126	52.9667	-1.16667	-2604469	20251108111500	https://www.thenational.scot/news/25606619.uk-government-looks-denmark-immigration-system/
1273131951	20251108	202511	2025	2025.8438	GBRGOV	UNITED KINGDOM	GBR					GOV			GBR	BRITISH	GBR								1	046	046	04	1	7.0	2	1	2	0.67114093959731	3	San Francisco, California, United States	US	USCA	CA075	37.7749	-122.419	277593	3	San Francisco, California, United States	US	USCA		37.7749	-122.419	277593	3	San Francisco, California, United States	US	USCA		37.7749	-122.419	277593	20251108111500	https://sfbaytimes.com/rainbow-honor-walk-plaque-installation-honoring-roger-casement-irelands-lgbtq-hero/
1273131952	20251108	202511	2025	2025.8438	GHA	GHANA	GHA																		1	070	070	07	2	7.0	5	1	5	-1.97183098591549	1	Bermuda	BD	BD		32.333333	-64.75	BD	0								1	Bermuda	BD	BD		32.333333	-64.75	BD	20251108111500	https://www.graphic.com.gh/news/general-news/ghana-news-ghana-donates-relief-items-to-hurricane-melissa-sudan-war-victims.html
1273131953	20251108	202511	2025	2025.8438	GHA	GHANA	GHA								CVL	POPULATION						CVL			1	042	042	04	1	1.9	10	1	10	-1.97183098591549	4	Adidome, Ghana (general), Ghana	GH	GH00	190671	6.06568	0.507124	-2068155	1	Jamaica	JM	JM		18.25	-77.5	JM	4	Adidome, Ghana (general), Ghana	GH	GH00	190671	6.06568	0.507124	-2068155	20251108111500	https://www.graphic.com.gh/news/general-news/ghana-news-ghana-donates-relief-items-to-hurricane-melissa-sudan-war-victims.html
1273131954	20251108	202511	2025	2025.8438	GHA	GHANA	GHA								SDN	SUDAN	SDN								1	070	070	07	2	7.0	5	1	5	-1.97183098591549	1	Bermuda	BD	BD		32.333333	-64.75	BD	1	Bermuda	BD	BD		32.333333	-64.75	BD	1	Bermuda	BD	BD		32.333333	-64.75	BD	20251108111500	https://www.graphic.com.gh/news/general-news/ghana-news-ghana-donates-relief-items-to-hurricane-melissa-sudan-war-victims.html
1273131955	20251108	202511	2025	2025.8438	GOV	CHIEF MINISTER						GOV													1	010	010	01	1	0.0	8	1	8	4.18410041841004	4	Arunachal, Assam, India	IN	IN03	70088	24.8667	92.7667	-2089162	0								4	Arunachal, Assam, India	IN	IN03	70088	24.8667	92.7667	-2089162	20251108111500	https://www.thehindubusinessline.com/news/science/rare-plant-species-discovered-in-arunachal-cm-hails-botanists/article70255897.ece
1273131956	20251108	202511	2025	2025.8438	GOV	MINIST						GOV													1	010	010	01	1	0.0	3	1	3	-0.31088082901554	4	Kuantan, Pahang, Malaysia	MY	MY06	18585	3.8077	103.326	-2402944	0								4	Kuantan, Pahang, Malaysia	MY	MY06	18585	3.8077	103.326	-2402944	20251108111500	https://www.straitstimes.com/asia/se-asia/malaysia-banks-on-lynas-expansion-to-become-vital-cog-in-rare-earth-supply-chain
1273131957	20251108	202511	2025	2025.8438	GOV	GOVERNOR						GOV													0	020	020	02	1	3.0	6	1	6	-2.00222469410456	3	Fairfield County, Connecticut, United States	US	USCT	CT001	41.2668	-73.3162	212794	0								3	Fairfield County, Connecticut, United States	US	USCT		41.2668	-73.3162	212794	20251108111500	https://www.courant.com/2025/11/08/three-unions-bolt-ct-afl-cio-after-failure-to-oust-leader/
1273131958	20251108	202511	2025	2025.8438	GOV	GOVERNMENT						GOV													1	036	036	03	1	4.0	10	1	10	2.40549828178694	4	Dhaka, Dhaka, Bangladesh	BG	BG81	5778	23.7231	90.4086	-2737683	0								4	Dhaka, Dhaka, Bangladesh	BG	BG81	5778	23.7231	90.4086	-2737683	20251108111500	https://www.bssnews.net/business/329753
1273131959	20251108	202511	2025	2025.8438	GOV	PRESIDENT						GOV													0	042	042	04	1	1.9	1	1	1	-2.00222469410456	3	Fairfield County, Connecticut, United States	US	USCT	CT001	41.2668	-73.3162	212794	0								3	Fairfield County, Connecticut, United States	US	USCT		41.2668	-73.3162	212794	20251108111500	https://www.courant.com/2025/11/08/three-unions-bolt-ct-afl-cio-after-failure-to-oust-leader/
1273131960	20251108	202511	2025	2025.8438	GOV	MINISTRY						GOV													1	051	051	05	1	3.4	10	1	10	1.75438596491228	4	Gaza, Israel (general), Israel	IS	IS00	18315	31.4167	34.3333	-797156	0								4	Gaza, Israel (general), Israel	IS	IS00	18315	31.4167	34.3333	-797156	20251108111500	https://sana.sy/en/international/2276498/
1273131961	20251108	202511	2025	2025.8438	GOV	EMPRESS						GOV													1	051	051	05	1	3.4	10	1	10	6.49895178197065	3	San Francisco, California, United States	US	USCA	CA075	37.7749	-122.419	277593	0								3	San Francisco, California, United States	US	USCA		37.7749	-122.419	277593	20251108111500	https://sfbaytimes.com/marlena-absolute-empress-xxv-of-san-francisco/
1273131962	20251108	202511	2025	2025.8438	GOV	AUTHORITIES						GOV													1	090	090	09	2	-2.0	10	1	10	-4.34782608695652	4	Ahmedabad, Gujarat, India	IN	IN09	17644	23.0333	72.6167	-2088270	0								4	Ahmedabad, Gujarat, India	IN	IN09	17644	23.0333	72.6167	-2088270	20251108111500	https://www.siasat.com/ahmedabad-shopkeeper-slaps-woman-17-times-for-throwing-chilli-powder-3293223/
1273131963	20251108	202511	2025	2025.8438	GOV	PRESIDENT						GOV													0	120	120	12	3	-4.0	8	1	8	-2.55822833142421	4	Paris, France (general), France	FR	FR00	16282	48.8667	2.33333	-1456928	0								4	Paris, France (general), France	FR	FR00	16282	48.8667	2.33333	-1456928	20251108111500	https://www.newsbusters.org/blogs/nb/kyle-drennen/2015/11/22/meet-press-panel-accuses-americans-islamophobia
1273131964	20251108	202511	2025	2025.8438	GOV	GOVERNOR						GOV													0	129	129	12	3	-5.0	3	1	3	-2.00222469410456	3	New London, Connecticut, United States	US	USCT	CT011	41.3557	-72.0995	209237	0								3	New London, Connecticut, United States	US	USCT		41.3557	-72.0995	209237	20251108111500	https://www.courant.com/2025/11/08/three-unions-bolt-ct-afl-cio-after-failure-to-oust-leader/
1273131965	20251108	202511	2025	2025.8438	GOV	PRINCE						GOV													1	192	192	19	4	-9.5	10	1	10	-1.0752688172043	4	Sandringham, Victoria, Australia	AS	AS07	5360	-37.95	145	-1599212	0								4	Sandringham, Victoria, Australia	AS	AS07	5360	-37.95	145	-1599212	20251108111500	https://www.mirror.co.uk/news/royals/andrew-fergies-sleeping-arrangements-revealed-36212154
1273131966	20251108	202511	2025	2025.8438	GOV	MINISTRY						GOV			BGD	BANGLADESH	BGD								1	090	090	09	2	-2.0	1	1	1	1.21951219512195	4	Dhaka, Dhaka, Bangladesh	BG	BG81	5778	23.7231	90.4086	-2737683	4	Dhaka, Dhaka, Bangladesh	BG	BG81	5778	23.7231	90.4086	-2737683	4	Dhaka, Dhaka, Bangladesh	BG	BG81	5778	23.7231	90.4086	-2737683	20251108111500	https://www.bssnews.net/others/329745
1273131967	20251108	202511	2025	2025.8438	GOV	PRESIDENT						GOV			BGD	BANGLADESH	BGD								1	173	173	17	4	-5.0	2	1	2	-5.67010309278351	4	Khilgaon, Bangladesh (general), Bangladesh	BG	BG00	5789	24.05	90.6167	-2725467	4	Khilgaon, Bangladesh (general), Bangladesh	BG	BG00	5789	24.05	90.6167	-2725467	4	Khilgaon, Bangladesh (general), Bangladesh	BG	BG00	5789	24.05	90.6167	-2725467	20251108111500	https://www.bssnews.net/others/329773
1273131968	20251108	202511	2025	2025.8438	GOV	CHIEF EXECUTIVE						GOV			BUS	COMPANY						BUS			0	010	010	01	1	0.0	6	1	6	-0.31088082901554	1	Australia	AS	AS		-25	135	AS	1	Australia	AS	AS		-25	135	AS	1	Australia	AS	AS		-25	135	AS	20251108111500	https://www.straitstimes.com/asia/se-asia/malaysia-banks-on-lynas-expansion-to-become-vital-cog-in-rare-earth-supply-chain
1273131969	20251108	202511	2025	2025.8438	GOV	GOVERNMENT						GOV			BUS	COMPANY						BUS			1	013	013	01	1	0.4	10	1	10	-0.31088082901554	4	Kuantan, Pahang, Malaysia	MY	MY06	18585	3.8077	103.326	-2402944	4	Kuantan, Pahang, Malaysia	MY	MY06	18585	3.8077	103.326	-2402944	4	Kuantan, Pahang, Malaysia	MY	MY06	18585	3.8077	103.326	-2402944	20251108111500	https://www.straitstimes.com/asia/se-asia/malaysia-banks-on-lynas-expansion-to-become-vital-cog-in-rare-earth-supply-chain
1273131970	20251108	202511	2025	2025.8438	GOV	CHANCELLOR						GOV			BUS	EMPLOYER						BUS			1	070	070	07	2	7.0	20	1	10	-3.06603773584906	0								0								0								20251108111500	https://www.birminghammail.co.uk/news/cost-of-living/workers-punished-240-pay-cut-32836485
1273131971	20251108	202511	2025	2025.8438	GOV	MINIST						GOV			CVL	COMMUNITY						CVL			1	020	020	02	1	3.0	5	1	5	-0.31152647975078	4	Jerusalem, Israel (general), Israel	IS	IS00	18315	31.7667	35.2333	-797092	4	Jerusalem, Israel (general), Israel	IS	IS00	18315	31.7667	35.2333	-797092	4	Jerusalem, Israel (general), Israel	IS	IS00	18315	31.7667	35.2333	-797092	20251108111500	https://www.belfastlive.co.uk/news/northern-ireland/stormonts-no-confidence-vote-shows-32832602
1273131972	20251108	202511	2025	2025.8438	GOV	HOME MINIST						GOV			IMGSEAMOSJMA	HAMZAH	SEA			MOS		IMG			1	043	043	04	1	2.8	6	1	6	2.91479820627803	4	Kedah, Kelantan, Malaysia	MY	MY03	37360	5.48333	102.1	-2403052	4	Kedah, Kelantan, Malaysia	MY	MY03	37360	5.48333	102.1	-2403052	4	Kedah, Kelantan, Malaysia	MY	MY03	37360	5.48333	102.1	-2403052	20251108111500	https://www.thestar.com.my/news/nation/2025/11/08/anwar-inaugurates-seberang-perai-utc-to-serve-over-one-million-residents
1273131973	20251108	202511	2025	2025.8438	GOV	CHIEF MINISTER						GOV			IND	ARUNACHAL PRADESH	IND								1	010	010	01	1	0.0	2	1	2	4.18410041841004	4	Arunachal, Assam, India	IN	IN03	70088	24.8667	92.7667	-2089162	4	Arunachal, Assam, India	IN	IN03	70088	24.8667	92.7667	-2089162	4	Arunachal, Assam, India	IN	IN03	70088	24.8667	92.7667	-2089162	20251108111500	https://www.thehindubusinessline.com/news/science/rare-plant-species-discovered-in-arunachal-cm-hails-botanists/article70255897.ece
1273131974	20251108	202511	2025	2025.8438	GOV	ADMINISTRATION						GOV			JUD	APPEALS COURT						JUD			0	071	071	07	2	7.4	5	1	5	-1.32362673726009	3	Brookfield, Connecticut, United States	US	USCT	CT001	41.4826	-73.4096	205748	3	Brookfield, Connecticut, United States	US	USCT	CT001	41.4826	-73.4096	205748	3	Brookfield, Connecticut, United States	US	USCT	CT001	41.4826	-73.4096	205748	20251108111500	https://www.courant.com/2025/11/08/ct-gov-lamont-calls-special-session-for-next-week-heres-whats-on-the-agenda/
1273131975	20251108	202511	2025	2025.8438	GOV	PRIME MINISTER						GOV			KOR	SOUTH KOREA	KOR								0	010	010	01	1	0.0	8	1	8	-0.31088082901554	1	South Korea	KS	KS		37	127.5	KS	1	South Korea	KS	KS		37	127.5	KS	1	South Korea	KS	KS		37	127.5	KS	20251108111500	https://www.straitstimes.com/asia/se-asia/malaysia-banks-on-lynas-expansion-to-become-vital-cog-in-rare-earth-supply-chain
1273131976	20251108	202511	2025	2025.8438	GOV	ADMINISTRATION						GOV			LAB	WORKER						LAB			0	012	012	01	1	-0.4	3	1	3	-2.73871206513694	3	Washington, District of Columbia, United States	US	USDC	DC001	38.8951	-77.0364	531871	3	Washington, District of Columbia, United States	US	USDC	DC001	38.8951	-77.0364	531871	3	Washington, District of Columbia, United States	US	USDC	DC001	38.8951	-77.0364	531871	20251108111500	https://www.marketscreener.com/news/federal-shutdown-threatens-these-trump-voters-livelihoods-but-not-their-political-loyalties-ce7d5fdbda8ef223
1273131977	20251108	202511	2025	2025.8438	GOV	ADMINISTRATION						GOV			LAB	WORKER						LAB			0	012	012	01	1	-0.4	1	1	1	-2.73871206513694	2	California, United States	US	USCA		36.17	-119.746	CA	2	New York, United States	US	USNY		42.1497	-74.9384	NY	2	New York, United States	US	USNY		42.1497	-74.9384	NY	20251108111500	https://www.marketscreener.com/news/federal-shutdown-threatens-these-trump-voters-livelihoods-but-not-their-political-loyalties-ce7d5fdbda8ef223
1273131978	20251108	202511	2025	2025.8438	GOV	ADMINISTRATION						GOV			LAB	WORKER						LAB			0	012	012	01	1	-0.4	2	1	2	-2.73871206513694	2	New York, United States	US	USNY		42.1497	-74.9384	NY	2	New York, United States	US	USNY		42.1497	-74.9384	NY	2	New York, United States	US	USNY		42.1497	-74.9384	NY	20251108111500	https://www.marketscreener.com/news/federal-shutdown-threatens-these-trump-voters-livelihoods-but-not-their-political-loyalties-ce7d5fdbda8ef223
1273131979	20251108	202511	2025	2025.8438	GOV	CHANCELLOR						GOV			LAB	EMPLOYEE						LAB			1	070	070	07	2	7.0	20	1	10	-3.06603773584906	0								0								0								20251108111500	https://www.birminghammail.co.uk/news/cost-of-living/workers-punished-240-pay-cut-32836485
1273131980	20251108	202511	2025	2025.8438	GOV	GOVERNMENT						GOV			MIL	MILITARY						MIL			0	190	190	19	4	-10.0	10	1	10	-16.1290322580645	1	Uganda	UG	UG		2	33	UG	1	Uganda	UG	UG		2	33	UG	1	Uganda	UG	UG		2	33	UG	20251108111500	https://www.tbsnews.net/world/icc-confirms-war-crimes-charges-against-ugandas-kony-1279696
1273131981	20251108	202511	2025	2025.8438	GOV	HOME MINIST						GOV			MYS	MALAYSIA	MYS								1	043	043	04	1	2.8	3	1	3	2.91479820627803	4	Kedah, Kelantan, Malaysia	MY	MY03	37360	5.48333	102.1	-2403052	4	Kedah, Kelantan, Malaysia	MY	MY03	37360	5.48333	102.1	-2403052	4	Kedah, Kelantan, Malaysia	MY	MY03	37360	5.48333	102.1	-2403052	20251108111500	https://www.thestar.com.my/news/nation/2025/11/08/anwar-inaugurates-seberang-perai-utc-to-serve-over-one-million-residents
1273131982	20251108	202511	2025	2025.8438	GOV	PRIME MINISTER						GOV			MYSGOV	MALAYSIA	MYS					GOV			1	042	042	04	1	1.9	1	1	1	2.91479820627803	4	Kedah, Kelantan, Malaysia	MY	MY03	37360	5.48333	102.1	-2403052	4	Kedah, Kelantan, Malaysia	MY	MY03	37360	5.48333	102.1	-2403052	4	Kedah, Kelantan, Malaysia	MY	MY03	37360	5.48333	102.1	-2403052	20251108111500	https://www.thestar.com.my/news/nation/2025/11/08/anwar-inaugurates-seberang-perai-utc-to-serve-over-one-million-residents
1273131983	20251108	202511	2025	2025.8438	GOV	STATE OWNED						GOV			RUS	RUSSIA	RUS								1	061	061	06	2	6.4	10	1	10	-3.75494071146245	1	India	IN	IN		20	77	IN	1	India	IN	IN		20	77	IN	1	Ukraine	UP	UP		49	32	UP	20251108111500	https://www.shippingtribune.com/news/shipping/Despite+higher+discount,+Russian+crude+oil+imports+by+PSU+refiners+in+September+2025,+lowest+since+May+2022
1273131984	20251108	202511	2025	2025.8438	GOV	PRESIDENT						GOV			SYR	SYRIAN	SYR								1	036	036	03	1	4.0	3	1	3	7.05882352941176	1	Brazil	BR	BR		-10	-55	BR	1	Brazil	BR	BR		-10	-55	BR	1	Brazil	BR	BR		-10	-55	BR	20251108111500	https://article.wn.com/view/2025/11/08/President_alSharaa_meets_Syrian_Families_residing_in_Bel_m_B/
1273131985	20251108	202511	2025	2025.8438	GOV	PRESIDENT						GOV			USA	UNITED STATES	USA								0	042	042	04	1	1.9	2	1	2	-2.00222469410456	3	Fairfield County, Connecticut, United States	US	USCT	CT001	41.2668	-73.3162	212794	3	Fairfield County, Connecticut, United States	US	USCT		41.2668	-73.3162	212794	3	Fairfield County, Connecticut, United States	US	USCT		41.2668	-73.3162	212794	20251108111500	https://www.courant.com/2025/11/08/three-unions-bolt-ct-afl-cio-after-failure-to-oust-leader/
1273131986	20251108	202511	2025	2025.8438	GOV	PRESIDENT						GOV			USA	UNITED STATES	USA								0	043	043	04	1	2.8	2	1	2	-2.00222469410456	3	Fairfield County, Connecticut, United States	US	USCT	CT001	41.2668	-73.3162	212794	3	Fairfield County, Connecticut, United States	US	USCT		41.2668	-73.3162	212794	3	Fairfield County, Connecticut, United States	US	USCT		41.2668	-73.3162	212794	20251108111500	https://www.courant.com/2025/11/08/three-unions-bolt-ct-afl-cio-after-failure-to-oust-leader/
1273131987	20251108	202511	2025	2025.8438	GOV	GOVERNMENT						GOV			USA	UNITED STATES	USA								1	173	173	17	4	-5.0	4	1	4	-5.61056105610561	2	Texas, United States	US	USTX		31.106	-97.6475	TX	2	Texas, United States	US	USTX		31.106	-97.6475	TX	2	Texas, United States	US	USTX		31.106	-97.6475	TX	20251108111500	https://victoriaadvocate.com/2025/11/08/victoria-business-owner-accepts-plea-agreement-in-federal-case/
1273131988	20251108	202511	2025	2025.8438	GOVHLH	HEALTH DEPARTMENT						GOV	HLH												1	010	010	01	1	0.0	1	1	1	0.28011204481792	3	Jackson Hole, Utah, United States	US	USUT	UT019	38.513	-109.638	1429103	0								3	Jackson Hole, Utah, United States	US	USUT		38.513	-109.638	1429103	20251108111500	https://www.jhnewsandguide.com/news/health/local/wyoming-department-of-education-hosts-measles-prevention-trainining/article_6f22e27d-f30a-4775-bacb-0371dd66ca31.html
1273131989	20251108	202511	2025	2025.8438	GOVHLH	HEALTH DEPARTMENT						GOV	HLH		MED	PUBLICATION						MED			1	013	013	01	1	0.4	1	1	1	0.28011204481792	3	Jackson Hole, Utah, United States	US	USUT	UT019	38.513	-109.638	1429103	3	Jackson Hole, Utah, United States	US	USUT		38.513	-109.638	1429103	3	Jackson Hole, Utah, United States	US	USUT		38.513	-109.638	1429103	20251108111500	https://www.jhnewsandguide.com/news/health/local/wyoming-department-of-education-hosts-measles-prevention-trainining/article_6f22e27d-f30a-4775-bacb-0371dd66ca31.html
1273131990	20251108	202511	2025	2025.8438	GOVHLH	HEALTH DEPARTMENT						GOV	HLH		USA	UNITED STATES	USA								1	010	010	01	1	0.0	2	1	2	0.28011204481792	3	Jackson Hole, Utah, United States	US	USUT	UT019	38.513	-109.638	1429103	3	Jackson Hole, Utah, United States	US	USUT		38.513	-109.638	1429103	3	Jackson Hole, Utah, United States	US	USUT		38.513	-109.638	1429103	20251108111500	https://www.jhnewsandguide.com/news/health/local/wyoming-department-of-education-hosts-measles-prevention-trainining/article_6f22e27d-f30a-4775-bacb-0371dd66ca31.html
1273131991	20251108	202511	2025	2025.8438	GOVHLH	HEALTH DEPARTMENT						GOV	HLH		USA	UNITED STATES	USA								1	013	013	01	1	0.4	2	1	2	0.28011204481792	3	Jackson Hole, Utah, United States	US	USUT	UT019	38.513	-109.638	1429103	3	Jackson Hole, Utah, United States	US	USUT		38.513	-109.638	1429103	3	Jackson Hole, Utah, United States	US	USUT		38.513	-109.638	1429103	20251108111500	https://www.jhnewsandguide.com/news/health/local/wyoming-department-of-education-hosts-measles-prevention-trainining/article_6f22e27d-f30a-4775-bacb-0371dd66ca31.html
1273131992	20251108	202511	2025	2025.8438	GOVMIL	DEFENCE MINIST						GOV	MIL		PAK	PAKISTAN	PAK								0	130	130	13	3	-4.4	8	1	8	-0.37383177570093	4	Sir Creek, Pakistan (general), Pakistan	PK	PK00		23.6167	68.1	-2111511	4	Sir Creek, Pakistan (general), Pakistan	PK	PK00		23.6167	68.1	-2111511	4	Sir Creek, Pakistan (general), Pakistan	PK	PK00		23.6167	68.1	-2111511	20251108111500	https://www.hindustantimes.com/india-news/exercise-trishul-in-full-swing-across-western-sector-arabian-sea-101762597769583.html
1273131993	20251108	202511	2025	2025.8438	GRC	GREECE	GRC																		1	016	016	01	1	-2.0	4	1	4	-9.66386554621852	4	Vorizia, Perifereia Kritis, Greece	GR	GR60	16707	35.15	24.8333	-830620	0								4	Vorizia, Perifereia Kritis, Greece	GR	GR60	16707	35.15	24.8333	-830620	20251108111500	https://athens-times.com/vorizia-relatives-of-39-year-old-suspect-in-bomb-case-face-prosecutor-second-indictment-against-kargakides/
1273131994	20251108	202511	2025	2025.8438	GRC	GREECE	GRC								COP	PRISON						COP			1	173	173	17	4	-5.0	2	1	2	-9.66386554621852	4	Vorizia, Perifereia Kritis, Greece	GR	GR60	16707	35.15	24.8333	-830620	4	Vorizia, Perifereia Kritis, Greece	GR	GR60	16707	35.15	24.8333	-830620	4	Vorizia, Perifereia Kritis, Greece	GR	GR60	16707	35.15	24.8333	-830620	20251108111500	https://athens-times.com/vorizia-relatives-of-39-year-old-suspect-in-bomb-case-face-prosecutor-second-indictment-against-kargakides/
1273131995	20251108	202511	2025	2025.8438	HLH	HOSPITAL						HLH													1	010	010	01	1	0.0	1	1	1	-8.3969465648855	4	Yatta, West Bank (general), West Bank	WE	WE00	18315	31.4459	35.0944	-796914	0								4	Hebron, Israel (general), Israel	IS	IS00	18315	31.5333	35.1	-793097	20251108111500	https://english.wafa.ps/Pages/Details/164191
1273131996	20251108	202511	2025	2025.8438	HLH	DOCTOR						HLH													0	020	020	02	1	3.0	10	1	10	0	2	New York, United States	US	USNY		42.1497	-74.9384	NY	0								2	New York, United States	US	USNY		42.1497	-74.9384	NY	20251108111500	https://timesofindia.indiatimes.com/life-style/health-fitness/health-news/when-is-the-ideal-time-to-take-your-blood-pressure-medicine-top-cardiologist-reveals-surprising-fact/articleshow/125135399.cms
1273131997	20251108	202511	2025	2025.8438	HLH	HOSPITAL						HLH			CRM	PIRATE						CRM			0	051	051	05	1	3.4	3	1	3	-2.73871206513694	2	California, United States	US	USCA		36.17	-119.746	CA	2	New York, United States	US	USNY		42.1497	-74.9384	NY	2	New York, United States	US	USNY		42.1497	-74.9384	NY	20251108111500	https://www.marketscreener.com/news/federal-shutdown-threatens-these-trump-voters-livelihoods-but-not-their-political-loyalties-ce7d5fdbda8ef223
1273131998	20251108	202511	2025	2025.8438	HLH	HOSPITAL						HLH			CRM	PIRATE						CRM			0	051	051	05	1	3.4	2	1	2	-2.73871206513694	2	Montana, United States	US	USMT		46.9048	-110.326	MT	2	Montana, United States	US	USMT		46.9048	-110.326	MT	2	Montana, United States	US	USMT		46.9048	-110.326	MT	20251108111500	https://www.marketscreener.com/news/federal-shutdown-threatens-these-trump-voters-livelihoods-but-not-their-political-loyalties-ce7d5fdbda8ef223
1273131999	20251108	202511	2025	2025.8438	HLH	HOSPITAL						HLH			EDUEDU	SCHOOL						EDU	EDU		1	043	043	04	1	2.8	10	1	10	-8.49673202614379	0								0								0								20251108111500	https://athens-times.com/patras-student-collapses-from-drug-use-at-school-rushed-to-hospital-with-seizures/
1273132000	20251108	202511	2025	2025.8438	HLH	HOSPITAL						HLH			ISR	ISRAEL	ISR								1	042	042	04	1	1.9	1	1	1	0	1	Gaza Strip	GZ	GZ		31.425074	34.373398	GZ	4	Gaza, Israel (general), Israel	IS	IS00	18315	31.4167	34.3333	-797156	4	Gaza, Israel (general), Israel	IS	IS00	18315	31.4167	34.3333	-797156	20251108111500	https://www.channel3000.com/news/national-and-world-news/hospital-officials-in-gaza-say-they-have-received-the-bodies-of-15-palestinians-returned-from/article_298f85a1-50cc-508f-9cd2-c86d1d0af1ed.html
1273132001	20251108	202511	2025	2025.8438	HLH	HOSPITAL						HLH			USA	CONNECTICUT	USA								0	010	010	01	1	0.0	2	1	2	-1.32362673726009	2	Connecticut, United States	US	USCT		41.5834	-72.7622	CT	2	Connecticut, United States	US	USCT		41.5834	-72.7622	CT	2	Connecticut, United States	US	USCT		41.5834	-72.7622	CT	20251108111500	https://www.courant.com/2025/11/08/ct-gov-lamont-calls-special-session-for-next-week-heres-whats-on-the-agenda/
1273132002	20251108	202511	2025	2025.8438	HLH	DOCTOR						HLH			USA	UNITED STATES	USA								0	020	020	02	1	3.0	4	1	4	-6.16216216216216	2	Massachusetts, United States	US	USMA		42.2373	-71.5314	MA	2	Massachusetts, United States	US	USMA		42.2373	-71.5314	MA	2	Massachusetts, United States	US	USMA		42.2373	-71.5314	MA	20251108111500	https://www.postregister.com/features/smart_living/disease-of-1-000-faces-shows-how-science-is-tackling-immunitys-dark-side/article_c8ebfdda-50e0-453a-a3e0-0c84e0485ab0.html
1273132003	20251108	202511	2025	2025.8438	HLH	HOSPITAL						HLH			USA	UNITED STATES	USA								0	020	020	02	1	3.0	4	1	4	-2.73871206513694	2	Montana, United States	US	USMT		46.9048	-110.326	MT	2	Montana, United States	US	USMT		46.9048	-110.326	MT	2	Montana, United States	US	USMT		46.9048	-110.326	MT	20251108111500	https://www.marketscreener.com/news/federal-shutdown-threatens-these-trump-voters-livelihoods-but-not-their-political-loyalties-ce7d5fdbda8ef223
1273132004	20251108	202511	2025	2025.8438	HUN	HUNGARY	HUN								IGOEUREEC	EUROPEAN UNION	EUR	EEC				IGO			1	111	111	11	3	-2.0	5	1	5	-4.87804878048781	3	Washington, District of Columbia, United States	US	USDC	DC001	38.8951	-77.0364	531871	1	Russia	RS	RS		60	100	RS	1	Russia	RS	RS		60	100	RS	20251108111500	https://www.shippingtribune.com/news/shipping/Crude+recovers+late+in+session+on+hopes+over+US-Hungary+meeting
1273132005	20251108	202511	2025	2025.8438	HUN	HUNGARY	HUN								IGOEUREEC	EUROPEAN UNION	EUR	EEC				IGO			1	111	111	11	3	-2.0	2	1	2	-4.87804878048781	1	Russia	RS	RS		60	100	RS	1	Russia	RS	RS		60	100	RS	3	Washington, District of Columbia, United States	US	USDC	DC001	38.8951	-77.0364	531871	20251108111500	https://www.shippingtribune.com/news/shipping/Crude+recovers+late+in+session+on+hopes+over+US-Hungary+meeting
1273132006	20251108	202511	2025	2025.8438	HUN	HUNGARY	HUN								IGOWSTNAT	NATO	WST	NAT				IGO			1	111	111	11	3	-2.0	2	1	2	-4.87804878048781	1	Hungary	HU	HU		47	20	HU	1	Ukraine	UP	UP		49	32	UP	1	Russia	RS	RS		60	100	RS	20251108111500	https://www.shippingtribune.com/news/shipping/Crude+recovers+late+in+session+on+hopes+over+US-Hungary+meeting
1273132007	20251108	202511	2025	2025.8438	IGOEUREEC	THE EU	EUR	EEC				IGO			ISR	ISRAEL	ISR								0	100	100	10	3	-5.0	5	1	5	-7.34693877551021	4	Gaza, Israel (general), Israel	IS	IS00	18315	31.4167	34.3333	-797156	4	Gaza, Israel (general), Israel	IS	IS00	18315	31.4167	34.3333	-797156	4	Gaza, Israel (general), Israel	IS	IS00	18315	31.4167	34.3333	-797156	20251108111500	https://www.thejournal.ie/israel-body-gaza-identified-lebanon-strike-6868577-Nov2025/
1273132008	20251108	202511	2025	2025.8438	IGOUNO	UNITED NATIONS		UNO				IGO			BRA	BRAZIL	BRA								1	042	042	04	1	1.9	10	1	10	-0.85561497326203	4	Belem, ParáR, Brazil	BR	BR16	18585	-1.45	-48.4833	-629039	4	Belem, ParáR, Brazil	BR	BR16	18585	-1.45	-48.4833	-629039	4	Belem, ParáR, Brazil	BR	BR16	18585	-1.45	-48.4833	-629039	20251108111500	https://www.thehindubusinessline.com/news/world/why-coal-still-clings-on-in-renewable-energy-powerhouse-brazil/article70255977.ece
1273132009	20251108	202511	2025	2025.8438	IGOUNO	THE UN		UNO				IGO			DEULEG	GERMAN	DEU					LEG			1	0233	023	02	1	3.4	2	1	2	-4.9618320610687	1	United States	US	US		39.828175	-98.5795	US	4	Berlin, Berlin, Germany	GM	GM16	16538	52.5167	13.4	-1746443	1	United States	US	US		39.828175	-98.5795	US	20251108111500	https://www.yahoo.com/news/articles/less-aid-means-more-refugees-080834560.html
1273132010	20251108	202511	2025	2025.8438	IGOUNO	THE UN		UNO				IGO			DEULEG	GERMANY	DEU					LEG			1	0233	023	02	1	3.4	1	1	1	-4.9618320610687	1	United States	US	US		39.828175	-98.5795	US	1	United States	US	US		39.828175	-98.5795	US	1	United States	US	US		39.828175	-98.5795	US	20251108111500	https://www.yahoo.com/news/articles/less-aid-means-more-refugees-080834560.html
1273132011	20251108	202511	2025	2025.8438	IGOUNO	UNITED NATIONS		UNO				IGO			ISRCVL	ISRAELI	ISR					CVL			1	190	190	19	4	-10.0	2	1	2	-9.771986970684	1	Israel	IS	IS		31.5	34.75	IS	1	Israel	IS	IS		31.5	34.75	IS	1	Israel	IS	IS		31.5	34.75	IS	20251108111500	https://english.wafa.ps/Pages/Details/164194
1273132012	20251108	202511	2025	2025.8438	IGOUNO	UNITED NATIONS		UNO				IGO			PSE	PALESTINIAN	PSE								1	190	190	19	4	-10.0	2	1	2	-9.771986970684	1	Israel	IS	IS		31.5	34.75	IS	4	Ramallah, West Bank (general), West Bank	WE	WE00	68767	31.9026	35.1955	-795956	1	Israel	IS	IS		31.5	34.75	IS	20251108111500	https://english.wafa.ps/Pages/Details/164194
1273132013	20251108	202511	2025	2025.8438	IMGSEAMOSJMA	HAMZAH	SEA			MOS		IMG			GOV	HOME MINIST						GOV			1	042	042	04	1	1.9	6	1	6	2.91479820627803	4	Kedah, Kelantan, Malaysia	MY	MY03	37360	5.48333	102.1	-2403052	4	Kedah, Kelantan, Malaysia	MY	MY03	37360	5.48333	102.1	-2403052	4	Kedah, Kelantan, Malaysia	MY	MY03	37360	5.48333	102.1	-2403052	20251108111500	https://www.thestar.com.my/news/nation/2025/11/08/anwar-inaugurates-seberang-perai-utc-to-serve-over-one-million-residents
1273132014	20251108	202511	2025	2025.8438	IND	CHENNAI	IND																		1	036	036	03	1	4.0	4	1	4	-0.63191153238547	4	Mumbai, Maharashtra, India	IN	IN16	70184	18.975	72.8258	-2092174	0								4	New Mangalore, Karnataka, India	IN	IN19	17685	12.9278	74.8208	-2106105	20251108111500	https://www.shippingtribune.com/news/shipping/Connectivity,+capacity+upgrades+lift+small+ports
1273132015	20251108	202511	2025	2025.8438	IND	CHENNAI	IND																		1	036	036	03	1	4.0	4	1	4	-0.63191153238547	4	New Mangalore, Karnataka, India	IN	IN19	17685	12.9278	74.8208	-2106105	0								4	New Mangalore, Karnataka, India	IN	IN19	17685	12.9278	74.8208	-2106105	20251108111500	https://www.shippingtribune.com/news/shipping/Connectivity,+capacity+upgrades+lift+small+ports
1273132016	20251108	202511	2025	2025.8438	IND	BIHAR	IND																		1	042	042	04	1	1.9	6	1	6	-3.33333333333333	4	Bihar, Bihar, India	IN	IN34	17615	25.1833	85.5167	-2091797	0								4	Bihar, Bihar, India	IN	IN34	17615	25.1833	85.5167	-2091797	20251108111500	https://www.hindustantimes.com/india-news/as-ljp-mp-shambhavi-chaudharys-2-inked-fingers-sparks-row-during-bihar-election-patna-admin-responds-101762593299301.html
1273132017	20251108	202511	2025	2025.8438	IND	NEW DELHI	IND								GOV	GOVERNMENT						GOV			1	030	030	03	1	4.0	3	1	3	8.10810810810814	4	New Delhi, Delhi, India	IN	IN07	17911	28.6	77.2	-2106102	4	New Delhi, Delhi, India	IN	IN07	17911	28.6	77.2	-2106102	4	New Delhi, Delhi, India	IN	IN07	17911	28.6	77.2	-2106102	20251108111500	https://kuenselonline.com/news/sacred-buddha-relics-from-india-to-arrive-for-global-peace-prayer-festival
1273132018	20251108	202511	2025	2025.8438	IND	NEW DELHI	IND								GOV	GOVERNMENT						GOV			1	036	036	03	1	4.0	3	1	3	8.10810810810814	4	New Delhi, Delhi, India	IN	IN07	17911	28.6	77.2	-2106102	4	New Delhi, Delhi, India	IN	IN07	17911	28.6	77.2	-2106102	4	New Delhi, Delhi, India	IN	IN07	17911	28.6	77.2	-2106102	20251108111500	https://kuenselonline.com/news/sacred-buddha-relics-from-india-to-arrive-for-global-peace-prayer-festival
1273132019	20251108	202511	2025	2025.8438	IRL	IRISH	IRL								BUS	COMPANY						BUS			0	070	070	07	2	7.0	5	1	5	5.88957055214724	1	Ireland	EI	EI		53	-8	EI	3	San Francisco, California, United States	US	USCA		37.7749	-122.419	277593	3	San Francisco, California, United States	US	USCA		37.7749	-122.419	277593	20251108111500	https://sfbaytimes.com/donnas-chronicles-our-efforts-to-attend-as-many-annual-galas-as-possible/
1273132020	20251108	202511	2025	2025.8438	IRL	IRISH	IRL								BUS	COMPANY						BUS			0	070	070	07	2	7.0	2	1	2	5.88957055214724	1	Ireland	EI	EI		53	-8	EI	1	Ireland	EI	EI		53	-8	EI	1	Ireland	EI	EI		53	-8	EI	20251108111500	https://sfbaytimes.com/donnas-chronicles-our-efforts-to-attend-as-many-annual-galas-as-possible/
1273132021	20251108	202511	2025	2025.8438	IRL	IRELAND	IRL								BUS	COMPANY						BUS			0	100	100	10	3	-5.0	4	1	4	-1.71379605826906	4	Mullingar, Westmeath, Ireland	EI	EI29	18307	53.5333	-7.35	-1504774	4	Mullingar, Westmeath, Ireland	EI	EI29	18307	53.5333	-7.35	-1504774	4	Mullingar, Westmeath, Ireland	EI	EI29	18307	53.5333	-7.35	-1504774	20251108111500	https://www.thejournal.ie/fastway-staff-parcels-payment-deliveries-6866593-Nov2025/
1273132022	20251108	202511	2025	2025.8438	IRL	IRELAND	IRL								GBR	UNITED KINGDOM	GBR								1	042	042	04	1	1.9	6	1	6	0.31347962382445	1	Ireland	EI	EI		53	-8	EI	4	Belfast, Belfast, United Kingdom	UK	UKR3	40158	54.5833	-5.93333	-2589607	1	Ireland	EI	EI		53	-8	EI	20251108111500	https://www.dundalkdemocrat.ie/news/local-news/1937135/louth-politicians-attend-oireachtas-na-samhna.html
1273132023	20251108	202511	2025	2025.8438	IRL	IRELAND	IRL								GBR	UNITED KINGDOM	GBR								1	042	042	04	1	1.9	2	1	2	0.31347962382445	1	Ireland	EI	EI		53	-8	EI	1	Ireland	EI	EI		53	-8	EI	1	Ireland	EI	EI		53	-8	EI	20251108111500	https://www.dundalkdemocrat.ie/news/local-news/1937135/louth-politicians-attend-oireachtas-na-samhna.html
1273132024	20251108	202511	2025	2025.8438	IRL	IRELAND	IRL								GBR	UNITED KINGDOM	GBR								1	046	046	04	1	7.0	2	1	2	0.31347962382445	1	Ireland	EI	EI		53	-8	EI	4	Belfast, Belfast, United Kingdom	UK	UKR3	40158	54.5833	-5.93333	-2589607	4	Belfast, Belfast, United Kingdom	UK	UKR3	40158	54.5833	-5.93333	-2589607	20251108111500	https://www.dundalkdemocrat.ie/news/local-news/1937135/louth-politicians-attend-oireachtas-na-samhna.html
1273132025	20251108	202511	2025	2025.8438	IRL	IRELAND	IRL								GBR	UNITED KINGDOM	GBR								1	046	046	04	1	7.0	2	1	2	0.31347962382445	1	Ireland	EI	EI		53	-8	EI	4	Belfast, Belfast, United Kingdom	UK	UKR3	40158	54.5833	-5.93333	-2589607	1	Ireland	EI	EI		53	-8	EI	20251108111500	https://www.dundalkdemocrat.ie/news/local-news/1937135/louth-politicians-attend-oireachtas-na-samhna.html
1273132026	20251108	202511	2025	2025.8438	IRL	IRISH	IRL								IRLGOVDEV	IRELAND	IRL					GOV	DEV		0	042	042	04	1	1.9	2	1	2	5.88957055214724	3	Palm Springs, California, United States	US	USCA	CA065	33.8303	-116.545	1652768	3	San Francisco, California, United States	US	USCA		37.7749	-122.419	277593	3	San Francisco, California, United States	US	USCA		37.7749	-122.419	277593	20251108111500	https://sfbaytimes.com/donnas-chronicles-our-efforts-to-attend-as-many-annual-galas-as-possible/
1273132027	20251108	202511	2025	2025.8438	IRL	IRISH	IRL								IRLGOVDEV	IRELAND	IRL					GOV	DEV		0	042	042	04	1	1.9	8	1	8	5.88957055214724	3	San Francisco, California, United States	US	USCA	CA075	37.7749	-122.419	277593	3	San Francisco, California, United States	US	USCA		37.7749	-122.419	277593	3	San Francisco, California, United States	US	USCA		37.7749	-122.419	277593	20251108111500	https://sfbaytimes.com/donnas-chronicles-our-efforts-to-attend-as-many-annual-galas-as-possible/
1273132028	20251108	202511	2025	2025.8438	IRL	IRISH	IRL								LEG	REPRESENTATIVES						LEG			1	042	042	04	1	1.9	2	1	2	0.31347962382445	1	Ireland	EI	EI		53	-8	EI	4	Belfast, Belfast, United Kingdom	UK	UKR3	40158	54.5833	-5.93333	-2589607	1	Ireland	EI	EI		53	-8	EI	20251108111500	https://www.dundalkdemocrat.ie/news/local-news/1937135/louth-politicians-attend-oireachtas-na-samhna.html
1273132029	20251108	202511	2025	2025.8438	IRL	IRELAND	IRL								LEG	REPRESENTATIVES						LEG			1	111	111	11	3	-2.0	6	1	6	-5.41871921182266	4	Louth, Louth, Ireland	EI	EI19	18297	53.9486	-6.54139	-1504338	4	Louth, Louth, Ireland	EI	EI19	18297	53.9486	-6.54139	-1504338	4	Louth, Louth, Ireland	EI	EI19	18297	53.9486	-6.54139	-1504338	20251108111500	https://www.dundalkdemocrat.ie/news/local-news/1937131/fastway-receivership-impacting-workers-and-businesses-in-louth-says-watters.html
1273132030	20251108	202511	2025	2025.8438	IRLBUS	IRELAND	IRL					BUS			IRL	IRELAND	IRL								0	010	010	01	1	0.0	10	1	10	3.41697810998398	4	Dublin, Dublin, Ireland	EI	EI07	18288	53.3331	-6.24889	-1502554	4	Dublin, Dublin, Ireland	EI	EI07	18288	53.3331	-6.24889	-1502554	4	Dublin, Dublin, Ireland	EI	EI07	18288	53.3331	-6.24889	-1502554	20251108111500	https://irishbuildingmagazine.ie/construction-industry-resources-and-associations/
1273132031	20251108	202511	2025	2025.8438	IRLGOVDEV	IRELAND	IRL					GOV	DEV		IRL	IRISH	IRL								0	043	043	04	1	2.8	10	1	10	5.88957055214724	1	Ireland	EI	EI		53	-8	EI	1	Ireland	EI	EI		53	-8	EI	1	Ireland	EI	EI		53	-8	EI	20251108111500	https://sfbaytimes.com/donnas-chronicles-our-efforts-to-attend-as-many-annual-galas-as-possible/
1273132032	20251108	202511	2025	2025.8438	IRLGOVMIL	MICHAEL SMITH	IRL					GOV	MIL		IRLOPP	IRISH	IRL					OPP			1	051	051	05	1	3.4	3	1	3	0.67114093959731	3	San Francisco, California, United States	US	USCA	CA075	37.7749	-122.419	277593	3	San Francisco, California, United States	US	USCA		37.7749	-122.419	277593	3	San Francisco, California, United States	US	USCA		37.7749	-122.419	277593	20251108111500	https://sfbaytimes.com/rainbow-honor-walk-plaque-installation-honoring-roger-casement-irelands-lgbtq-hero/
1273132033	20251108	202511	2025	2025.8438	IRLJUD	IRELAND	IRL					JUD													1	020	020	02	1	3.0	1	1	1	15.3846153846154	1	Ireland	EI	EI		53	-8	EI	0								1	Ireland	EI	EI		53	-8	EI	20251108111500	https://irishbuildingmagazine.ie/category/general/
1273132034	20251108	202511	2025	2025.8438	IRLJUD	CORK	IRL					JUD													1	036	036	03	1	4.0	10	1	10	-1.54639175257732	0								0								0								20251108111500	https://www.thejournal.ie/man-court-drugs-guns-seizure-cork-6868589-Nov2025/
1273132035	20251108	202511	2025	2025.8438	ISR	ISRAEL	ISR																		0	013	013	01	1	0.4	3	1	3	-0.8	1	Iraq	IZ	IZ		33	44	IZ	0								1	Iraq	IZ	IZ		33	44	IZ	20251108111500	https://www.nbcnews.com/politics/2026-election/graham-platner-says-no-john-fetterman-gets-concerns-rcna242667
1273132036	20251108	202511	2025	2025.8438	ISR	ISRAELI	ISR								CVL	VILLAGE						CVL			1	174	174	17	4	-5.0	2	1	2	-7.86885245901639	1	Israel	IS	IS		31.5	34.75	IS	1	Israel	IS	IS		31.5	34.75	IS	1	Israel	IS	IS		31.5	34.75	IS	20251108111500	https://www.bssnews.net/international/329765
1273132037	20251108	202511	2025	2025.8438	ISR	ISRAELI	ISR								CVL	VILLAGE						CVL			1	180	180	18	4	-9.0	2	1	2	-5.88235294117647	1	Israel	IS	IS		31.5	34.75	IS	4	Ramallah, West Bank (general), West Bank	WE	WE00	68767	31.9026	35.1955	-795956	1	Israel	IS	IS		31.5	34.75	IS	20251108111500	https://english.wafa.ps/Pages/Details/164190
1273132038	20251108	202511	2025	2025.8438	ISR	ISRAELI	ISR								CVL	VILLAGE						CVL			1	180	180	18	4	-9.0	1	1	1	-5.88235294117647	1	Israel	IS	IS		31.5	34.75	IS	1	Israel	IS	IS		31.5	34.75	IS	1	Israel	IS	IS		31.5	34.75	IS	20251108111500	https://english.wafa.ps/Pages/Details/164190
1273132039	20251108	202511	2025	2025.8438	ISR	ISRAELI	ISR								EDU	SCHOOL						EDU			1	042	042	04	1	1.9	2	1	2	-0.31152647975078	4	Jerusalem, Israel (general), Israel	IS	IS00	18315	31.7667	35.2333	-797092	4	Jerusalem, Israel (general), Israel	IS	IS00	18315	31.7667	35.2333	-797092	4	Jerusalem, Israel (general), Israel	IS	IS00	18315	31.7667	35.2333	-797092	20251108111500	https://www.belfastlive.co.uk/news/northern-ireland/stormonts-no-confidence-vote-shows-32832602
1273132040	20251108	202511	2025	2025.8438	ISR	ISRAEL	ISR								EDU	SCHOOL						EDU			1	071	071	07	2	7.4	2	1	2	-0.31152647975078	4	Jerusalem, Israel (general), Israel	IS	IS00	18315	31.7667	35.2333	-797092	4	Jerusalem, Israel (general), Israel	IS	IS00	18315	31.7667	35.2333	-797092	4	Jerusalem, Israel (general), Israel	IS	IS00	18315	31.7667	35.2333	-797092	20251108111500	https://www.belfastlive.co.uk/news/northern-ireland/stormonts-no-confidence-vote-shows-32832602
1273132041	20251108	202511	2025	2025.8438	ISR	ISRAEL	ISR								EGY	NASSER	EGY								1	043	043	04	1	2.8	7	1	7	-4.8	4	Gaza, Israel (general), Israel	IS	IS00	18315	31.4167	34.3333	-797156	4	Gaza, Israel (general), Israel	IS	IS00	18315	31.4167	34.3333	-797156	4	Gaza, Israel (general), Israel	IS	IS00	18315	31.4167	34.3333	-797156	20251108111500	https://english.wafa.ps/Pages/Details/164197
1273132042	20251108	202511	2025	2025.8438	ISR	ISRAEL	ISR								HLH	HOSPITAL						HLH			1	043	043	04	1	2.8	1	1	1	0	4	Gaza, Israel (general), Israel	IS	IS00	18315	31.4167	34.3333	-797156	1	Gaza Strip	GZ	GZ		31.425074	34.373398	GZ	4	Gaza, Israel (general), Israel	IS	IS00	18315	31.4167	34.3333	-797156	20251108111500	https://www.channel3000.com/news/national-and-world-news/hospital-officials-in-gaza-say-they-have-received-the-bodies-of-15-palestinians-returned-from/article_298f85a1-50cc-508f-9cd2-c86d1d0af1ed.html
1273132043	20251108	202511	2025	2025.8438	ISR	ISRAEL	ISR								ISRUAF	ISRAEL	ISR					UAF			1	060	060	06	2	6.0	4	1	4	-0.54347826086956	4	Gaza, Israel (general), Israel	IS	IS00	18315	31.4167	34.3333	-797156	4	Gaza, Israel (general), Israel	IS	IS00	18315	31.4167	34.3333	-797156	3	Washington, District of Columbia, United States	US	USDC	DC001	38.8951	-77.0364	531871	20251108111500	https://www.straitstimes.com/world/middle-east/us-forces-working-with-israel-on-gaza-aid-israeli-official-says
1273132044	20251108	202511	2025	2025.8438	ISR	ISRAELI	ISR								LBN	LEBANON	LBN								1	128	128	12	3	-5.0	4	1	4	-15.0943396226415	1	Israel	IS	IS		31.5	34.75	IS	4	Jbeil, Mont-Liban, Lebanon	LE	LE05	18810	34.1252	35.7991	-805164	4	Jbeil, Mont-Liban, Lebanon	LE	LE05	18810	34.1252	35.7991	-805164	20251108111500	https://article.wn.com/view/2025/11/08/Israeli_drone_strike_injures_7_in_southern_Lebanon_amid_ceas/
1273132045	20251108	202511	2025	2025.8438	ISR	ISRAELI	ISR								LBN	LEBANON	LBN								1	128	128	12	3	-5.0	6	1	6	-15.0943396226415	1	Israel	IS	IS		31.5	34.75	IS	1	Israel	IS	IS		31.5	34.75	IS	4	Jbeil, Mont-Liban, Lebanon	LE	LE05	18810	34.1252	35.7991	-805164	20251108111500	https://article.wn.com/view/2025/11/08/Israeli_drone_strike_injures_7_in_southern_Lebanon_amid_ceas/
1273132046	20251108	202511	2025	2025.8438	ISR	ISRAEL	ISR								MIL	MILITARY						MIL			1	180	180	18	4	-9.0	4	1	4	-8.3969465648855	4	Hebron, Israel (general), Israel	IS	IS00	18315	31.5333	35.1	-793097	4	Hebron, Israel (general), Israel	IS	IS00	18315	31.5333	35.1	-793097	4	Hebron, Israel (general), Israel	IS	IS00	18315	31.5333	35.1	-793097	20251108111500	https://english.wafa.ps/Pages/Details/164191
1273132047	20251108	202511	2025	2025.8438	ISR	ISRAEL	ISR								PSE	GAZA	PSE								1	042	042	04	1	1.9	4	1	4	-7.34693877551021	4	Jbeil, Mont-Liban, Lebanon	LE	LE05	18810	34.1252	35.7991	-805164	4	Jbeil, Mont-Liban, Lebanon	LE	LE05	18810	34.1252	35.7991	-805164	4	Jbeil, Mont-Liban, Lebanon	LE	LE05	18810	34.1252	35.7991	-805164	20251108111500	https://www.thejournal.ie/israel-body-gaza-identified-lebanon-strike-6868577-Nov2025/
1273132048	20251108	202511	2025	2025.8438	ISR	ISRAEL	ISR								PSE	PALESTINIAN	PSE								1	060	060	06	2	6.0	2	1	2	-0.54347826086956	4	Gaza, Israel (general), Israel	IS	IS00	18315	31.4167	34.3333	-797156	4	Gaza, Israel (general), Israel	IS	IS00	18315	31.4167	34.3333	-797156	3	Washington, District of Columbia, United States	US	USDC	DC001	38.8951	-77.0364	531871	20251108111500	https://www.straitstimes.com/world/middle-east/us-forces-working-with-israel-on-gaza-aid-israeli-official-says
1273132049	20251108	202511	2025	2025.8438	ISR	ISRAEL	ISR								PSE	PALESTINIAN	PSE								1	060	060	06	2	6.0	2	1	2	-0.54347826086956	3	Washington, District of Columbia, United States	US	USDC	DC001	38.8951	-77.0364	531871	4	Gaza, Israel (general), Israel	IS	IS00	18315	31.4167	34.3333	-797156	4	Gaza, Israel (general), Israel	IS	IS00	18315	31.4167	34.3333	-797156	20251108111500	https://www.straitstimes.com/world/middle-east/us-forces-working-with-israel-on-gaza-aid-israeli-official-says
1273132050	20251108	202511	2025	2025.8438	ISR	ISRAEL	ISR								PSE	WEST BANK	PSE								1	180	180	18	4	-9.0	8	1	8	-8.3969465648855	4	Hebron, Israel (general), Israel	IS	IS00	18315	31.5333	35.1	-793097	4	Yatta, West Bank (general), West Bank	WE	WE00	18315	31.4459	35.0944	-796914	4	Hebron, Israel (general), Israel	IS	IS00	18315	31.5333	35.1	-793097	20251108111500	https://english.wafa.ps/Pages/Details/164191
1273132051	20251108	202511	2025	2025.8438	ISR	ISRAELI	ISR								PSECVL	WEST BANK	PSE					CVL			1	180	180	18	4	-9.0	1	1	1	-5.88235294117647	1	Israel	IS	IS		31.5	34.75	IS	1	Israel	IS	IS		31.5	34.75	IS	1	Israel	IS	IS		31.5	34.75	IS	20251108111500	https://english.wafa.ps/Pages/Details/164190
1273132052	20251108	202511	2025	2025.8438	ISR	ISRAEL	ISR								PSEREB	HAMAS	PSE					REB			1	042	042	04	1	1.9	1	1	1	-9.23694779116468	4	Alumim, HaDarom, Israel	IS	IS01	18315	31.4523	34.5138	-779186	4	Alumim, HaDarom, Israel	IS	IS01	18315	31.4523	34.5138	-779186	4	Alumim, HaDarom, Israel	IS	IS01	18315	31.4523	34.5138	-779186	20251108111500	https://athens-times.com/hamas-returns-remains-of-last-israeli-hostage-lior-rudaeff-who-are-the-5-unreturned-bodies/
1273132053	20251108	202511	2025	2025.8438	ISR	ISRAEL	ISR								PSEREB	HAMAS	PSE					REB			1	042	042	04	1	1.9	1	1	1	-9.23694779116468	4	Alumim, HaDarom, Israel	IS	IS01	18315	31.4523	34.5138	-779186	4	Gaza, Israel (general), Israel	IS	IS00	18315	31.4167	34.3333	-797156	4	Alumim, HaDarom, Israel	IS	IS01	18315	31.4523	34.5138	-779186	20251108111500	https://athens-times.com/hamas-returns-remains-of-last-israeli-hostage-lior-rudaeff-who-are-the-5-unreturned-bodies/
1273132054	20251108	202511	2025	2025.8438	ISR	ISRAEL	ISR								PSEREB	HAMAS	PSE					REB			1	084	084	08	2	7.0	1	1	1	-9.23694779116468	4	Alumim, HaDarom, Israel	IS	IS01	18315	31.4523	34.5138	-779186	4	Alumim, HaDarom, Israel	IS	IS01	18315	31.4523	34.5138	-779186	4	Alumim, HaDarom, Israel	IS	IS01	18315	31.4523	34.5138	-779186	20251108111500	https://athens-times.com/hamas-returns-remains-of-last-israeli-hostage-lior-rudaeff-who-are-the-5-unreturned-bodies/
1273132055	20251108	202511	2025	2025.8438	ISR	ISRAEL	ISR								PSEREB	HAMAS	PSE					REB			1	084	084	08	2	7.0	1	1	1	-9.23694779116468	4	Alumim, HaDarom, Israel	IS	IS01	18315	31.4523	34.5138	-779186	4	Gaza, Israel (general), Israel	IS	IS00	18315	31.4167	34.3333	-797156	4	Alumim, HaDarom, Israel	IS	IS01	18315	31.4523	34.5138	-779186	20251108111500	https://athens-times.com/hamas-returns-remains-of-last-israeli-hostage-lior-rudaeff-who-are-the-5-unreturned-bodies/
1273132056	20251108	202511	2025	2025.8438	ISR	ISRAEL	ISR								PSEREBUAF	HAMAS	PSE					REB	UAF		1	190	190	19	4	-10.0	8	1	8	-9.23694779116468	4	Alumim, HaDarom, Israel	IS	IS01	18315	31.4523	34.5138	-779186	4	Alumim, HaDarom, Israel	IS	IS01	18315	31.4523	34.5138	-779186	4	Alumim, HaDarom, Israel	IS	IS01	18315	31.4523	34.5138	-779186	20251108111500	https://athens-times.com/hamas-returns-remains-of-last-israeli-hostage-lior-rudaeff-who-are-the-5-unreturned-bodies/
1273132057	20251108	202511	2025	2025.8438	ISR	ISRAEL	ISR								PSEUAF	PALESTINIAN	PSE					UAF			1	060	060	06	2	6.0	2	1	2	-0.54347826086956	4	Gaza, Israel (general), Israel	IS	IS00	18315	31.4167	34.3333	-797156	4	Gaza, Israel (general), Israel	IS	IS00	18315	31.4167	34.3333	-797156	3	Washington, District of Columbia, United States	US	USDC	DC001	38.8951	-77.0364	531871	20251108111500	https://www.straitstimes.com/world/middle-east/us-forces-working-with-israel-on-gaza-aid-israeli-official-says
1273132058	20251108	202511	2025	2025.8438	ISR	ISRAEL	ISR								USA	UNITED STATES	USA								0	190	190	19	4	-10.0	1	1	1	-0.8	1	Israel	IS	IS		31.5	34.75	IS	2	Maine, United States	US	USME		44.6074	-69.3977	ME	1	Israel	IS	IS		31.5	34.75	IS	20251108111500	https://www.nbcnews.com/politics/2026-election/graham-platner-says-no-john-fetterman-gets-concerns-rcna242667
1273132059	20251108	202511	2025	2025.8438	ISR	ISRAEL	ISR								USA	UNITED STATES	USA								0	190	190	19	4	-10.0	1	1	1	-0.8	2	Maine, United States	US	USME		44.6074	-69.3977	ME	2	Maine, United States	US	USME		44.6074	-69.3977	ME	2	Maine, United States	US	USME		44.6074	-69.3977	ME	20251108111500	https://www.nbcnews.com/politics/2026-election/graham-platner-says-no-john-fetterman-gets-concerns-rcna242667
1273132060	20251108	202511	2025	2025.8438	ISRCVL	ISRAEL	ISR					CVL			ISR	ISRAEL	ISR								1	180	180	18	4	-9.0	4	1	4	-5.88235294117647	1	Israel	IS	IS		31.5	34.75	IS	1	Israel	IS	IS		31.5	34.75	IS	1	Israel	IS	IS		31.5	34.75	IS	20251108111500	https://english.wafa.ps/Pages/Details/164190
1273132061	20251108	202511	2025	2025.8438	ISRCVL	ISRAELI	ISR					CVL			PSE	PALESTINIAN	PSE								1	180	180	18	4	-9.0	2	1	2	-5.88235294117647	1	Israel	IS	IS		31.5	34.75	IS	1	Israel	IS	IS		31.5	34.75	IS	1	Israel	IS	IS		31.5	34.75	IS	20251108111500	https://english.wafa.ps/Pages/Details/164190
1273132062	20251108	202511	2025	2025.8438	ISRCVL	ISRAEL	ISR					CVL			PSE	PALESTINIAN	PSE								1	190	190	19	4	-10.0	2	1	2	-9.771986970684	1	Israel	IS	IS		31.5	34.75	IS	1	Israel	IS	IS		31.5	34.75	IS	1	Israel	IS	IS		31.5	34.75	IS	20251108111500	https://english.wafa.ps/Pages/Details/164194
1273132063	20251108	202511	2025	2025.8438	ISRGOV	ISRAEL	ISR					GOV			IRN	IRAN	IRN								1	112	112	11	3	-2.0	2	1	2	-8.10810810810809	1	Mexico	MX	MX		23	-102	MX	1	Mexico	MX	MX		23	-102	MX	1	Israel	IS	IS		31.5	34.75	IS	20251108111500	https://article.wn.com/view/2025/11/08/Alleged_Iranian_plot_to_kill_Israels_ambassador_to_Mexico_th/
1273132064	20251108	202511	2025	2025.8438	ISRGOV	ISRAEL	ISR					GOV			IRN	IRANIAN	IRN								1	112	112	11	3	-2.0	6	1	6	-8.10810810810809	1	United States	US	US		39.828175	-98.5795	US	1	Mexico	MX	MX		23	-102	MX	1	Mexico	MX	MX		23	-102	MX	20251108111500	https://article.wn.com/view/2025/11/08/Alleged_Iranian_plot_to_kill_Israels_ambassador_to_Mexico_th/
1273132065	20251108	202511	2025	2025.8438	ISRGOV	ISRAEL	ISR					GOV			PSE	PALESTINIAN	PSE								1	080	080	08	2	5.0	10	1	10	-4.8	4	Gaza, Israel (general), Israel	IS	IS00	18315	31.4167	34.3333	-797156	4	Gaza, Israel (general), Israel	IS	IS00	18315	31.4167	34.3333	-797156	4	Gaza, Israel (general), Israel	IS	IS00	18315	31.4167	34.3333	-797156	20251108111500	https://english.wafa.ps/Pages/Details/164197
1273132066	20251108	202511	2025	2025.8438	ISRGOVHLH	ISRAEL	ISR					GOV	HLH		ISR	ISRAEL	ISR								1	084	084	08	2	7.0	4	1	4	1.75438596491228	4	Gaza, Israel (general), Israel	IS	IS00	18315	31.4167	34.3333	-797156	4	Gaza, Israel (general), Israel	IS	IS00	18315	31.4167	34.3333	-797156	4	Gaza, Israel (general), Israel	IS	IS00	18315	31.4167	34.3333	-797156	20251108111500	https://sana.sy/en/international/2276498/
1273132067	20251108	202511	2025	2025.8438	ISRMIL	ISRAEL	ISR					MIL													1	042	042	04	1	1.9	4	1	4	-7.34693877551021	4	Gaza, Israel (general), Israel	IS	IS00	18315	31.4167	34.3333	-797156	0								4	Gaza, Israel (general), Israel	IS	IS00	18315	31.4167	34.3333	-797156	20251108111500	https://www.thejournal.ie/israel-body-gaza-identified-lebanon-strike-6868577-Nov2025/
1273132068	20251108	202511	2025	2025.8438	ISRMIL	ISRAEL	ISR					MIL													1	042	042	04	1	1.9	6	1	6	-7.34693877551021	4	Jbeil, Mont-Liban, Lebanon	LE	LE05	18810	34.1252	35.7991	-805164	0								4	Jbeil, Mont-Liban, Lebanon	LE	LE05	18810	34.1252	35.7991	-805164	20251108111500	https://www.thejournal.ie/israel-body-gaza-identified-lebanon-strike-6868577-Nov2025/
1273132069	20251108	202511	2025	2025.8438	ISRMIL	ISRAEL	ISR					MIL			CVL	RESIDENTS						CVL			1	013	013	01	1	0.4	2	1	2	-7.86885245901639	1	Israel	IS	IS		31.5	34.75	IS	1	Israel	IS	IS		31.5	34.75	IS	1	Israel	IS	IS		31.5	34.75	IS	20251108111500	https://www.bssnews.net/international/329765
1273132070	20251108	202511	2025	2025.8438	ISRUAF	ISRAEL	ISR					UAF			ISR	ISRAEL	ISR								1	060	060	06	2	6.0	4	1	4	-0.54347826086956	4	Gaza, Israel (general), Israel	IS	IS00	18315	31.4167	34.3333	-797156	4	Gaza, Israel (general), Israel	IS	IS00	18315	31.4167	34.3333	-797156	4	Gaza, Israel (general), Israel	IS	IS00	18315	31.4167	34.3333	-797156	20251108111500	https://www.straitstimes.com/world/middle-east/us-forces-working-with-israel-on-gaza-aid-israeli-official-says
1273132071	20251108	202511	2025	2025.8438	ITA	PIEDMONT	ITA								USA	ATLANTA	USA								0	010	010	01	1	0.0	10	1	10	5.70342205323194	0								0								0								20251108111500	https://www.tickerreport.com/banking-finance/13235015/head-to-head-comparison-piedmont-realty-trust-nysepdm-vs-jbg-smith-properties-nysejbgs.html
1273132072	20251108	202511	2025	2025.8438	ITA	PIEDMONT	ITA								USA	ATLANTA	USA								0	042	042	04	1	1.9	10	1	10	5.70342205323194	0								0								0								20251108111500	https://www.tickerreport.com/banking-finance/13235015/head-to-head-comparison-piedmont-realty-trust-nysepdm-vs-jbg-smith-properties-nysejbgs.html
1273132073	20251108	202511	2025	2025.8438	JAN	JAIN				JAN															0	043	043	04	1	2.8	5	1	5	-1.74165457184325	1	India	IN	IN		20	77	IN	0								1	India	IN	IN		20	77	IN	20251108111500	https://timesofindia.indiatimes.com/entertainment/hindi/bollywood/news/saif-ali-khan-who-shah-rukh-khan-almost-quit-yes-boss-after-being-told-the-hum-tum-actor-might-replace-him/articleshow/125183072.cms
1273132074	20251108	202511	2025	2025.8438	JAN	JAIN				JAN															0	055	055	05	1	7.0	5	1	5	-1.74165457184325	1	India	IN	IN		20	77	IN	0								1	India	IN	IN		20	77	IN	20251108111500	https://timesofindia.indiatimes.com/entertainment/hindi/bollywood/news/saif-ali-khan-who-shah-rukh-khan-almost-quit-yes-boss-after-being-told-the-hum-tum-actor-might-replace-him/articleshow/125183072.cms
1273132075	20251108	202511	2025	2025.8438	JAN	JAIN				JAN					BUS	PRODUCER						BUS			1	040	040	04	1	1.0	10	1	10	-1.74165457184325	1	India	IN	IN		20	77	IN	1	India	IN	IN		20	77	IN	1	India	IN	IN		20	77	IN	20251108111500	https://timesofindia.indiatimes.com/entertainment/hindi/bollywood/news/saif-ali-khan-who-shah-rukh-khan-almost-quit-yes-boss-after-being-told-the-hum-tum-actor-might-replace-him/articleshow/125183072.cms
1273132076	20251108	202511	2025	2025.8438	JPN	JAPANESE	JPN								BUS	BUSINESS						BUS			1	010	010	01	1	0.0	2	1	2	-0.46728971962617	4	Dhaka, Dhaka, Bangladesh	BG	BG81	5778	23.7231	90.4086	-2737683	4	Dhaka, Dhaka, Bangladesh	BG	BG81	5778	23.7231	90.4086	-2737683	4	Dhaka, Dhaka, Bangladesh	BG	BG81	5778	23.7231	90.4086	-2737683	20251108111500	https://www.bssnews.net/interview/329490
1273132077	20251108	202511	2025	2025.8438	JPNBUS	JAPANESE	JPN					BUS			JPN	JAPANESE	JPN								1	010	010	01	1	0.0	6	1	6	-0.46728971962617	4	Dhaka, Dhaka, Bangladesh	BG	BG81	5778	23.7231	90.4086	-2737683	4	Dhaka, Dhaka, Bangladesh	BG	BG81	5778	23.7231	90.4086	-2737683	4	Dhaka, Dhaka, Bangladesh	BG	BG81	5778	23.7231	90.4086	-2737683	20251108111500	https://www.bssnews.net/interview/329490
1273132078	20251108	202511	2025	2025.8438	JUD	JUDGE						JUD													0	010	010	01	1	0.0	5	1	5	6.19266055045872	2	Ohio, United States	US	USOH		40.3736	-82.7755	OH	0								2	Ohio, United States	US	USOH		40.3736	-82.7755	OH	20251108111500	https://www.timesleaderonline.com/news/community/2025/11/oue-now-accepting-mlk-writing-contest-submissions/
1273132079	20251108	202511	2025	2025.8438	JUD	ADVOCATE						JUD													1	020	020	02	1	3.0	3	1	3	15.3846153846154	1	Ireland	EI	EI		53	-8	EI	0								1	Ireland	EI	EI		53	-8	EI	20251108111500	https://irishbuildingmagazine.ie/category/general/
1273132080	20251108	202511	2025	2025.8438	JUD	LAWYER						JUD													1	051	051	05	1	3.4	8	1	8	2.65700483091788	4	Universiti Kebangsaan Malaysia, Selangor, Malaysia	MY	MY12	18585	2.9282	101.78	11154051	0								4	Universiti Kebangsaan Malaysia, Selangor, Malaysia	MY	MY12	18585	2.9282	101.78	11154051	20251108111500	https://www.thestar.com.my/news/nation/2025/11/08/bernama-chairman-launches-039tough-as-nails039-book-a-tribute-to-resilience-and-human-spirit
1273132081	20251108	202511	2025	2025.8438	JUD	PROSECUTOR						JUD													0	051	051	05	1	3.4	10	1	10	-16.1290322580645	1	Uganda	UG	UG		2	33	UG	0								1	Uganda	UG	UG		2	33	UG	20251108111500	https://www.tbsnews.net/world/icc-confirms-war-crimes-charges-against-ugandas-kony-1279696
1273132082	20251108	202511	2025	2025.8438	JUD	JUDGE						JUD													0	110	110	11	3	-2.0	10	1	10	6.19266055045872	2	Ohio, United States	US	USOH		40.3736	-82.7755	OH	0								2	Ohio, United States	US	USOH		40.3736	-82.7755	OH	20251108111500	https://www.timesleaderonline.com/news/community/2025/11/oue-now-accepting-mlk-writing-contest-submissions/
1273132083	20251108	202511	2025	2025.8438	JUD	JUDGE						JUD													0	120	120	12	3	-4.0	2	1	2	-3.59712230215827	1	United Kingdom	UK	UK		54	-4	UK	0								1	United Kingdom	UK	UK		54	-4	UK	20251108111500	https://www.spacewar.com/afp/251108092155.sa7ptx6i.html
1273132084	20251108	202511	2025	2025.8438	JUD	APPEALS COURT						JUD													0	127	127	12	3	-5.0	10	1	10	-0.12338062924121	3	Boston, Massachusetts, United States	US	USMA	MA025	42.3584	-71.0598	617565	0								3	Boston, Massachusetts, United States	US	USMA	MA025	42.3584	-71.0598	617565	20251108111500	https://masslawyersweekly.com/2025/11/08/appeals-court-sua-sponte-rule-60b-consumer-fraud/
1273132085	20251108	202511	2025	2025.8438	JUD	COUNSEL						JUD			BGD	BANGLADESH	BGD								1	010	010	01	1	0.0	14	1	10	0.45662100456621	4	Dhaka, Dhaka, Bangladesh	BG	BG81	5778	23.7231	90.4086	-2737683	4	Dhaka, Dhaka, Bangladesh	BG	BG81	5778	23.7231	90.4086	-2737683	4	Dhaka, Dhaka, Bangladesh	BG	BG81	5778	23.7231	90.4086	-2737683	20251108111500	https://www.bssnews.net/news-flash/329761
1273132086	20251108	202511	2025	2025.8438	JUD	SUPREME COURT						JUD			BGD	BANGLADESH	BGD								1	010	010	01	1	0.0	1	1	1	0.45662100456621	1	Switzerland	SZ	SZ		47	8	SZ	4	Dhaka, Dhaka, Bangladesh	BG	BG81	5778	23.7231	90.4086	-2737683	4	Dhaka, Dhaka, Bangladesh	BG	BG81	5778	23.7231	90.4086	-2737683	20251108111500	https://www.bssnews.net/news-flash/329761
1273132087	20251108	202511	2025	2025.8438	JUD	SUPREME COURT						JUD			BGD	BANGLADESH	BGD								1	042	042	04	1	1.9	1	1	1	0.45662100456621	1	Switzerland	SZ	SZ		47	8	SZ	4	Dhaka, Dhaka, Bangladesh	BG	BG81	5778	23.7231	90.4086	-2737683	4	Dhaka, Dhaka, Bangladesh	BG	BG81	5778	23.7231	90.4086	-2737683	20251108111500	https://www.bssnews.net/news-flash/329761
1273132088	20251108	202511	2025	2025.8438	JUD	SUPREME COURT						JUD			EDU	ECONOMIST						EDU			1	010	010	01	1	0.0	4	1	4	0.45662100456621	4	Dhaka, Dhaka, Bangladesh	BG	BG81	5778	23.7231	90.4086	-2737683	4	Dhaka, Dhaka, Bangladesh	BG	BG81	5778	23.7231	90.4086	-2737683	4	Dhaka, Dhaka, Bangladesh	BG	BG81	5778	23.7231	90.4086	-2737683	20251108111500	https://www.bssnews.net/news-flash/329761
1273132089	20251108	202511	2025	2025.8438	JUD	SUPREME COURT						JUD			EDU	ECONOMIST						EDU			1	010	010	01	1	0.0	1	1	1	0.45662100456621	1	Switzerland	SZ	SZ		47	8	SZ	4	Dhaka, Dhaka, Bangladesh	BG	BG81	5778	23.7231	90.4086	-2737683	4	Dhaka, Dhaka, Bangladesh	BG	BG81	5778	23.7231	90.4086	-2737683	20251108111500	https://www.bssnews.net/news-flash/329761
1273132090	20251108	202511	2025	2025.8438	JUD	FEDERAL COURT						JUD			FRA	FRANCE	FRA								0	1243	124	12	3	-4.0	2	1	2	-2.8620988725065	1	France	FR	FR		46	2	FR	1	France	FR	FR		46	2	FR	1	France	FR	FR		46	2	FR	20251108111500	https://www.clickondetroit.com/news/local/2025/11/08/the-code-word-fbi-says-tipped-them-off-that-dearborn-terror-attack-was-set-for-halloween/
1273132091	20251108	202511	2025	2025.8438	JUD	SUPREME COURT						JUD			GOV	GOVERNMENT						GOV			1	012	012	01	1	-0.4	5	1	5	-3.240058910162	3	Washington, District of Columbia, United States	US	USDC	DC001	38.8951	-77.0364	531871	3	Washington, District of Columbia, United States	US	USDC	DC001	38.8951	-77.0364	531871	3	Washington, District of Columbia, United States	US	USDC	DC001	38.8951	-77.0364	531871	20251108111500	https://www.newstribune.com/news/2025/nov/08/supreme-court-lets-trump-block-transgender/
1273132092	20251108	202511	2025	2025.8438	JUD	ADVOCATE						JUD			IRL	IRELAND	IRL								1	020	020	02	1	3.0	2	1	2	15.3846153846154	1	Ireland	EI	EI		53	-8	EI	1	Ireland	EI	EI		53	-8	EI	1	Ireland	EI	EI		53	-8	EI	20251108111500	https://irishbuildingmagazine.ie/category/general/
1273132093	20251108	202511	2025	2025.8438	JUD	JUDGE						JUD			NRMRAC020	CREATIVITY				NRM					0	010	010	01	1	0.0	5	1	5	6.19266055045872	2	Ohio, United States	US	USOH		40.3736	-82.7755	OH	2	Ohio, United States	US	USOH		40.3736	-82.7755	OH	2	Ohio, United States	US	USOH		40.3736	-82.7755	OH	20251108111500	https://www.timesleaderonline.com/news/community/2025/11/oue-now-accepting-mlk-writing-contest-submissions/
1273132094	20251108	202511	2025	2025.8438	JUD	SUPREME COURT						JUD			USA	AMERICAN	USA								1	020	020	02	1	3.0	5	1	5	-1.05820105820106	2	New York, United States	US	USNY		42.1497	-74.9384	NY	2	New York, United States	US	USNY		42.1497	-74.9384	NY	2	New York, United States	US	USNY		42.1497	-74.9384	NY	20251108111500	https://athens-times.com/shutdown-judicial-block-halts-low-income-aid-in-the-u-s/
1273132095	20251108	202511	2025	2025.8438	JUD	DISTRICT COURT						JUD			USA	CONNECTICUT	USA								1	043	043	04	1	2.8	1	1	1	-0.12338062924121	3	Boston, Massachusetts, United States	US	USMA	MA025	42.3584	-71.0598	617565	3	Boston, Massachusetts, United States	US	USMA	MA025	42.3584	-71.0598	617565	3	Boston, Massachusetts, United States	US	USMA	MA025	42.3584	-71.0598	617565	20251108111500	https://masslawyersweekly.com/2025/11/08/appeals-court-sua-sponte-rule-60b-consumer-fraud/
1273132096	20251108	202511	2025	2025.8438	JUD	SUPREME COURT						JUD			USA	AMERICAN	USA								1	060	060	06	2	6.0	5	1	5	-1.05820105820106	2	New York, United States	US	USNY		42.1497	-74.9384	NY	2	New York, United States	US	USNY		42.1497	-74.9384	NY	2	New York, United States	US	USNY		42.1497	-74.9384	NY	20251108111500	https://athens-times.com/shutdown-judicial-block-halts-low-income-aid-in-the-u-s/
1273132097	20251108	202511	2025	2025.8438	JUD	COUNSEL						JUD			USA	BOSTON	USA								0	110	110	11	3	-2.0	8	1	8	-0.12338062924121	3	Boston, Massachusetts, United States	US	USMA	MA025	42.3584	-71.0598	617565	3	Boston, Massachusetts, United States	US	USMA	MA025	42.3584	-71.0598	617565	3	Boston, Massachusetts, United States	US	USMA	MA025	42.3584	-71.0598	617565	20251108111500	https://masslawyersweekly.com/2025/11/08/appeals-court-sua-sponte-rule-60b-consumer-fraud/
1273132098	20251108	202511	2025	2025.8438	KEN	KENYA	KEN																		1	010	010	01	1	0.0	5	1	5	2.38751147842057	4	Nairobi, Nairobi Area, Kenya	KE	KE05	18585	-1.28333	36.8167	-2258072	0								4	Nairobi, Nairobi Area, Kenya	KE	KE05	18585	-1.28333	36.8167	-2258072	20251108111500	https://www.the-star.co.ke/climate-change/2025-11-08-kenyas-green-power-surge-sets-tone-for-cop30
1273132099	20251108	202511	2025	2025.8438	KEN	KENYA	KEN																		1	010	010	01	1	0.0	5	1	5	2.38751147842057	4	Olkaria, Rift Valley, Kenya	KE	KE08	18585	-0.88656	36.2696	-2260590	0								4	Olkaria, Rift Valley, Kenya	KE	KE08	18585	-0.88656	36.2696	-2260590	20251108111500	https://www.the-star.co.ke/climate-change/2025-11-08-kenyas-green-power-surge-sets-tone-for-cop30
1273132100	20251108	202511	2025	2025.8438	KEN	KENYAN	KEN																		0	020	020	02	1	3.0	8	1	8	2.38751147842057	4	Lake Turkana, Kenya (general), Kenya	KE	KE00	18585	3.5	36	-2261787	0								4	Lake Turkana, Kenya (general), Kenya	KE	KE00	18585	3.5	36	-2261787	20251108111500	https://www.the-star.co.ke/climate-change/2025-11-08-kenyas-green-power-surge-sets-tone-for-cop30
1273132101	20251108	202511	2025	2025.8438	KEN	KENYA	KEN								AFR	AFRICA	AFR								1	070	070	07	2	7.0	1	1	1	2.38751147842057	4	Naivasha, Rift Valley, Kenya	KE	KE08	18585	-0.716667	36.4359	-2258110	4	Lake Turkana, Kenya (general), Kenya	KE	KE00	18585	3.5	36	-2261787	4	Lake Turkana, Kenya (general), Kenya	KE	KE00	18585	3.5	36	-2261787	20251108111500	https://www.the-star.co.ke/climate-change/2025-11-08-kenyas-green-power-surge-sets-tone-for-cop30
1273132102	20251108	202511	2025	2025.8438	KEN	KENYA	KEN								AFR	AFRICA	AFR								1	070	070	07	2	7.0	3	1	3	2.38751147842057	4	Lake Turkana, Kenya (general), Kenya	KE	KE00	18585	3.5	36	-2261787	4	Lake Turkana, Kenya (general), Kenya	KE	KE00	18585	3.5	36	-2261787	4	Lake Turkana, Kenya (general), Kenya	KE	KE00	18585	3.5	36	-2261787	20251108111500	https://www.the-star.co.ke/climate-change/2025-11-08-kenyas-green-power-surge-sets-tone-for-cop30
1273132103	20251108	202511	2025	2025.8438	KEN	KENYA	KEN								AFR	AFRICA	AFR								0	071	071	07	2	7.4	3	1	3	2.38751147842057	4	Nairobi, Nairobi Area, Kenya	KE	KE05	18585	-1.28333	36.8167	-2258072	4	Nairobi, Nairobi Area, Kenya	KE	KE05	18585	-1.28333	36.8167	-2258072	4	Nairobi, Nairobi Area, Kenya	KE	KE05	18585	-1.28333	36.8167	-2258072	20251108111500	https://www.the-star.co.ke/climate-change/2025-11-08-kenyas-green-power-surge-sets-tone-for-cop30
1273132104	20251108	202511	2025	2025.8438	KEN	KENYAN	KEN								GBR	UNITED KINGDOM	GBR								1	051	051	05	1	3.4	8	1	8	-3.59712230215827	4	Nairobi, Nairobi Area, Kenya	KE	KE05	18585	-1.28333	36.8167	-2258072	4	Nairobi, Nairobi Area, Kenya	KE	KE05	18585	-1.28333	36.8167	-2258072	4	Nairobi, Nairobi Area, Kenya	KE	KE05	18585	-1.28333	36.8167	-2258072	20251108111500	https://www.spacewar.com/afp/251108092155.sa7ptx6i.html
1273132105	20251108	202511	2025	2025.8438	KEN	KENYAN	KEN								GBR	UNITED KINGDOM	GBR								1	051	051	05	1	3.4	6	1	6	-3.59712230215827	4	Nairobi, Nairobi Area, Kenya	KE	KE05	18585	-1.28333	36.8167	-2258072	1	United Kingdom	UK	UK		54	-4	UK	4	Nairobi, Nairobi Area, Kenya	KE	KE05	18585	-1.28333	36.8167	-2258072	20251108111500	https://www.spacewar.com/afp/251108092155.sa7ptx6i.html
1273132106	20251108	202511	2025	2025.8438	KEN	KENYAN	KEN								GBR	UNITED KINGDOM	GBR								1	051	051	05	1	3.4	4	1	4	-3.59712230215827	4	Nairobi, Nairobi Area, Kenya	KE	KE05	18585	-1.28333	36.8167	-2258072	1	United Kingdom	UK	UK		54	-4	UK	1	United Kingdom	UK	UK		54	-4	UK	20251108111500	https://www.spacewar.com/afp/251108092155.sa7ptx6i.html
1273132107	20251108	202511	2025	2025.8438	KEN	KENYAN	KEN								GBR	UNITED KINGDOM	GBR								1	051	051	05	1	3.4	2	1	2	-3.59712230215827	1	United Kingdom	UK	UK		54	-4	UK	1	United Kingdom	UK	UK		54	-4	UK	1	United Kingdom	UK	UK		54	-4	UK	20251108111500	https://www.spacewar.com/afp/251108092155.sa7ptx6i.html
1273132108	20251108	202511	2025	2025.8438	KEN	NAIROBI	KEN								GBR	UNITED KINGDOM	GBR								0	100	100	10	3	-5.0	1	1	1	-3.59712230215827	4	Nairobi, Nairobi Area, Kenya	KE	KE05	18585	-1.28333	36.8167	-2258072	1	United Kingdom	UK	UK		54	-4	UK	1	United Kingdom	UK	UK		54	-4	UK	20251108111500	https://www.spacewar.com/afp/251108092155.sa7ptx6i.html
1273132109	20251108	202511	2025	2025.8438	KEN	NAIROBI	KEN								GBR	UNITED KINGDOM	GBR								0	100	100	10	3	-5.0	1	1	1	-3.59712230215827	1	United Kingdom	UK	UK		54	-4	UK	1	United Kingdom	UK	UK		54	-4	UK	1	United Kingdom	UK	UK		54	-4	UK	20251108111500	https://www.spacewar.com/afp/251108092155.sa7ptx6i.html
1273132110	20251108	202511	2025	2025.8438	KEN	KENYAN	KEN								GBR	UNITED KINGDOM	GBR								1	190	190	19	4	-10.0	20	1	10	-3.59712230215827	4	Nairobi, Nairobi Area, Kenya	KE	KE05	18585	-1.28333	36.8167	-2258072	1	United Kingdom	UK	UK		54	-4	UK	4	Nairobi, Nairobi Area, Kenya	KE	KE05	18585	-1.28333	36.8167	-2258072	20251108111500	https://www.spacewar.com/afp/251108092155.sa7ptx6i.html
1273132111	20251108	202511	2025	2025.8438	KEN	KENYA	KEN								KENGOV	KENYA	KEN					GOV			1	0841	084	08	2	7.0	2	1	2	3.57142857142857	4	Busia, Western, Kenya	KE	KE09	18585	0.467084	34.0882	-2242746	4	Busia, Western, Kenya	KE	KE09	18585	0.467084	34.0882	-2242746	4	Busia, Western, Kenya	KE	KE09	18585	0.467084	34.0882	-2242746	20251108111500	https://www.standardmedia.co.ke/article/2001533744/how-kenya-secured-release-of-activists-njagi-and-oyoo-in-uganda
1273132112	20251108	202511	2025	2025.8438	KEN	KENYA	KEN								OPP	HUMAN RIGHTS ACTIVIST						OPP			1	051	051	05	1	3.4	10	1	10	3.57142857142857	4	Busia, Western, Kenya	KE	KE09	18585	0.467084	34.0882	-2242746	4	Busia, Western, Kenya	KE	KE09	18585	0.467084	34.0882	-2242746	4	Busia, Western, Kenya	KE	KE09	18585	0.467084	34.0882	-2242746	20251108111500	https://www.standardmedia.co.ke/article/2001533744/how-kenya-secured-release-of-activists-njagi-and-oyoo-in-uganda
1273132113	20251108	202511	2025	2025.8438	KEN	KENYA	KEN								OPP	ACTIVIST						OPP			1	084	084	08	2	7.0	8	1	8	3.57142857142857	4	Kampala, Kampala, Uganda	UG	UG37	18585	0.315556	32.5656	-1728891	4	Kampala, Kampala, Uganda	UG	UG37	18585	0.315556	32.5656	-1728891	4	Kampala, Kampala, Uganda	UG	UG37	18585	0.315556	32.5656	-1728891	20251108111500	https://www.standardmedia.co.ke/article/2001533744/how-kenya-secured-release-of-activists-njagi-and-oyoo-in-uganda
1273132114	20251108	202511	2025	2025.8438	KEN	KENYA	KEN								UGA	UGANDA	UGA								1	084	084	08	2	7.0	2	1	2	3.57142857142857	4	Busia, Western, Kenya	KE	KE09	18585	0.467084	34.0882	-2242746	4	Kampala, Kampala, Uganda	UG	UG37	18585	0.315556	32.5656	-1728891	4	Busia, Western, Kenya	KE	KE09	18585	0.467084	34.0882	-2242746	20251108111500	https://www.standardmedia.co.ke/article/2001533744/how-kenya-secured-release-of-activists-njagi-and-oyoo-in-uganda
1273132115	20251108	202511	2025	2025.8438	KEN	KENYA	KEN								UGA	KAMPALA	UGA								1	181	181	18	4	-9.0	5	1	5	3.57142857142857	4	Busia, Western, Kenya	KE	KE09	18585	0.467084	34.0882	-2242746	4	Kampala, Kampala, Uganda	UG	UG37	18585	0.315556	32.5656	-1728891	4	Kampala, Kampala, Uganda	UG	UG37	18585	0.315556	32.5656	-1728891	20251108111500	https://www.standardmedia.co.ke/article/2001533744/how-kenya-secured-release-of-activists-njagi-and-oyoo-in-uganda
1273132116	20251108	202511	2025	2025.8438	KEN	KENYA	KEN								UGAOPP	UGANDA	UGA					OPP			1	084	084	08	2	7.0	2	1	2	3.57142857142857	4	Kampala, Kampala, Uganda	UG	UG37	18585	0.315556	32.5656	-1728891	4	Kampala, Kampala, Uganda	UG	UG37	18585	0.315556	32.5656	-1728891	4	Kampala, Kampala, Uganda	UG	UG37	18585	0.315556	32.5656	-1728891	20251108111500	https://www.standardmedia.co.ke/article/2001533744/how-kenya-secured-release-of-activists-njagi-and-oyoo-in-uganda
1273132117	20251108	202511	2025	2025.8438	KENJUD	KENYA	KEN					JUD			GBR	UNITED KINGDOM	GBR								0	100	100	10	3	-5.0	1	1	1	-3.59712230215827	4	Nairobi, Nairobi Area, Kenya	KE	KE05	18585	-1.28333	36.8167	-2258072	1	United Kingdom	UK	UK		54	-4	UK	1	United Kingdom	UK	UK		54	-4	UK	20251108111500	https://www.spacewar.com/afp/251108092155.sa7ptx6i.html
1273132118	20251108	202511	2025	2025.8438	KENJUD	KENYA	KEN					JUD			GBR	UNITED KINGDOM	GBR								0	100	100	10	3	-5.0	1	1	1	-3.59712230215827	1	United Kingdom	UK	UK		54	-4	UK	1	United Kingdom	UK	UK		54	-4	UK	1	United Kingdom	UK	UK		54	-4	UK	20251108111500	https://www.spacewar.com/afp/251108092155.sa7ptx6i.html
1273132119	20251108	202511	2025	2025.8438	KENJUD	NAIROBI	KEN					JUD			JUD	PROSECUTOR						JUD			0	100	100	10	3	-5.0	6	1	6	-3.59712230215827	4	Nairobi, Nairobi Area, Kenya	KE	KE05	18585	-1.28333	36.8167	-2258072	4	Nairobi, Nairobi Area, Kenya	KE	KE05	18585	-1.28333	36.8167	-2258072	4	Nairobi, Nairobi Area, Kenya	KE	KE05	18585	-1.28333	36.8167	-2258072	20251108111500	https://www.spacewar.com/afp/251108092155.sa7ptx6i.html
1273132120	20251108	202511	2025	2025.8438	KORGOV	SOUTH KOREA	KOR					GOV			KOR	SOUTH KOREA	KOR								0	010	010	01	1	0.0	2	1	2	-0.31088082901554	1	South Korea	KS	KS		37	127.5	KS	1	South Korea	KS	KS		37	127.5	KS	1	South Korea	KS	KS		37	127.5	KS	20251108111500	https://www.straitstimes.com/asia/se-asia/malaysia-banks-on-lynas-expansion-to-become-vital-cog-in-rare-earth-supply-chain
1273132121	20251108	202511	2025	2025.8438	LAB	WORKER						LAB													1	010	010	01	1	0.0	10	1	10	-1.71379605826906	4	Rathcoole, Cork, Ireland	EI	EI04	18286	52.0833	-8.96667	-1505205	0								4	Rathcoole, Cork, Ireland	EI	EI04	18286	52.0833	-8.96667	-1505205	20251108111500	https://www.thejournal.ie/fastway-staff-parcels-payment-deliveries-6866593-Nov2025/
1273132122	20251108	202511	2025	2025.8438	LAB	WORKER						LAB													1	020	020	02	1	3.0	3	1	3	0.62814070351759	5	Shetland Islands, Shetland Islands, United Kingdom	UK	UKW3	40175	60.3333	-1.33333	-2607640	0								5	Shetland Islands, Shetland Islands, United Kingdom	UK	UKW3	40175	60.3333	-1.33333	-2607640	20251108111500	https://www.shetlandtimes.co.uk/news/energy-giant-in-conversations-about-affordable-housing-propo-418861/
1273132123	20251108	202511	2025	2025.8438	LAB	WORKER						LAB													1	020	020	02	1	3.0	2	1	2	0.62814070351759	4	Stornoway, Eilean Siar, United Kingdom	UK	UKW8	40178	58.2167	-6.36667	-2608862	0								4	Stornoway, Eilean Siar, United Kingdom	UK	UKW8	40178	58.2167	-6.36667	-2608862	20251108111500	https://www.shetlandtimes.co.uk/news/energy-giant-in-conversations-about-affordable-housing-propo-418861/
1273132124	20251108	202511	2025	2025.8438	LAB	WORKER						LAB													0	090	090	09	2	-2.0	10	1	10	-0.85561497326203	4	Candiota, Rio Grande do Sul, Brazil	BR	BR23	22379	-31.6	-53.7333	-634505	0								4	Candiota, Rio Grande do Sul, Brazil	BR	BR23	22379	-31.6	-53.7333	-634505	20251108111500	https://www.thehindubusinessline.com/news/world/why-coal-still-clings-on-in-renewable-energy-powerhouse-brazil/article70255977.ece
1273132125	20251108	202511	2025	2025.8438	LAB	WORKER						LAB			BUS	BUSINESS						BUS			1	013	013	01	1	0.4	5	1	5	0.28517110266159	3	San Francisco, California, United States	US	USCA	CA075	37.7749	-122.419	277593	3	San Francisco, California, United States	US	USCA		37.7749	-122.419	277593	3	San Francisco, California, United States	US	USCA		37.7749	-122.419	277593	20251108111500	https://www.businessinsider.com/elon-musk-tesla-robotaxi-deadline-hiring-testing-cities-2025-11
1273132126	20251108	202511	2025	2025.8438	LEG	LEGISLATURE						LEG													1	036	036	03	1	4.0	10	1	10	5.76271186440678	3	Los Angeles, California, United States	US	USCA	CA037	34.0522	-118.244	1662328	0								3	Los Angeles, California, United States	US	USCA		34.0522	-118.244	1662328	20251108111500	https://www.newsbusters.org/blogs/nb/noel-sheppard/2012/11/25/morgan-freeman-narrates-ad-promoting-same-sex-marriage
1273132127	20251108	202511	2025	2025.8438	LEG	LEGISLATURE						LEG													1	040	040	04	1	1.0	10	1	10	5.76271186440678	2	California, United States	US	USCA		36.17	-119.746	CA	0								2	California, United States	US	USCA		36.17	-119.746	CA	20251108111500	https://www.newsbusters.org/blogs/nb/noel-sheppard/2012/11/25/morgan-freeman-narrates-ad-promoting-same-sex-marriage
1273132128	20251108	202511	2025	2025.8438	LEG	CHAMBER						LEG													1	051	051	05	1	3.4	6	1	6	7.90190735694823	3	Savannah River, South Carolina, United States	US	USSC	SC053	32.0377	-80.8501	1253486	0								3	Savannah River, South Carolina, United States	US	USSC		32.0377	-80.8501	1253486	20251108111500	https://finance.yahoo.com/news/meta-gives-75k-chamber-foundation-104800672.html
1273132129	20251108	202511	2025	2025.8438	LEG	CHAMBER						LEG													1	051	051	05	1	3.4	4	1	4	7.90190735694823	2	South Carolina, United States	US	USSC		33.8191	-80.9066	SC	0								2	South Carolina, United States	US	USSC		33.8191	-80.9066	SC	20251108111500	https://finance.yahoo.com/news/meta-gives-75k-chamber-foundation-104800672.html
1273132130	20251108	202511	2025	2025.8438	LEG	PARLIAMENT						LEG													1	057	057	05	1	8.0	5	1	5	2.66666666666667	0								0								0								20251108111500	https://kuenselonline.com/news/parliament-to-deliberate-five-bills-in-winter-session
1273132131	20251108	202511	2025	2025.8438	LEG	LEGISLATURE						LEG													0	071	071	07	2	7.4	3	1	3	-1.32362673726009	3	Waterbury Hospital, Connecticut, United States	US	USCT	CT009	41.5595	-73.0591	1933084	0								3	Waterbury Hospital, Connecticut, United States	US	USCT		41.5595	-73.0591	1933084	20251108111500	https://www.courant.com/2025/11/08/ct-gov-lamont-calls-special-session-for-next-week-heres-whats-on-the-agenda/
1273132132	20251108	202511	2025	2025.8438	LEG	LEGISLATURE						LEG													0	071	071	07	2	7.4	5	1	5	-1.32362673726009	3	Brookfield, Connecticut, United States	US	USCT	CT001	41.4826	-73.4096	205748	0								3	Brookfield, Connecticut, United States	US	USCT	CT001	41.4826	-73.4096	205748	20251108111500	https://www.courant.com/2025/11/08/ct-gov-lamont-calls-special-session-for-next-week-heres-whats-on-the-agenda/
1273132133	20251108	202511	2025	2025.8438	LEG	LEGISLATURE						LEG													0	071	071	07	2	7.4	1	1	1	-1.32362673726009	2	Connecticut, United States	US	USCT		41.5834	-72.7622	CT	0								3	Waterbury Hospital, Connecticut, United States	US	USCT		41.5595	-73.0591	1933084	20251108111500	https://www.courant.com/2025/11/08/ct-gov-lamont-calls-special-session-for-next-week-heres-whats-on-the-agenda/
1273132134	20251108	202511	2025	2025.8438	LEG	LEGISLATURE						LEG													0	071	071	07	2	7.4	1	1	1	-1.32362673726009	2	Connecticut, United States	US	USCT		41.5834	-72.7622	CT	0								2	Connecticut, United States	US	USCT		41.5834	-72.7622	CT	20251108111500	https://www.courant.com/2025/11/08/ct-gov-lamont-calls-special-session-for-next-week-heres-whats-on-the-agenda/
1273132135	20251108	202511	2025	2025.8438	LEG	CONGRESS						LEG													1	090	090	09	2	-2.0	2	1	2	-9.43877551020403	3	White House, District of Columbia, United States	US	USDC		38.8951	-77.0364	531871	0								3	White House, District of Columbia, United States	US	USDC		38.8951	-77.0364	531871	20251108111500	https://www.postregister.com/opinion/columns/opinion-we-owe-veterans-much-more-than-thanks-praise/article_f246f9b1-b325-4ba1-aac0-9fc58e886f08.html
1273132136	20251108	202511	2025	2025.8438	LEG	SENATE						LEG													0	090	090	09	2	-2.0	10	1	10	-0.59435364041605	2	Florida, United States	US	USFL		27.8333	-81.717	FL	0								2	Florida, United States	US	USFL		27.8333	-81.717	FL	20251108111500	https://www.clickorlando.com/news/florida/2025/11/08/heres-what-to-know-about-the-10-new-florida-bills-that-were-just-filed/
1273132137	20251108	202511	2025	2025.8438	LEG	LAWMAKER						LEG													1	111	111	11	3	-2.0	15	3	15	-3.37941628264209	4	Kremlin, Moskva, Russia	RS	RS48	25106	55.7522	37.6156	-2960561	0								4	Kremlin, Moskva, Russia	RS	RS48	25106	55.7522	37.6156	-2960561	20251108111500	https://www.clickondetroit.com/business/2025/11/08/bulgaria-moves-to-prevent-shutdown-of-its-only-oil-refinery-ahead-of-us-sanctions/
1273132138	20251108	202511	2025	2025.8438	LEG	SENATE						LEG													1	173	173	17	4	-5.0	10	1	10	-0.59435364041605	2	Florida, United States	US	USFL		27.8333	-81.717	FL	0								2	Florida, United States	US	USFL		27.8333	-81.717	FL	20251108111500	https://www.clickorlando.com/news/florida/2025/11/08/heres-what-to-know-about-the-10-new-florida-bills-that-were-just-filed/
1273132139	20251108	202511	2025	2025.8438	LEG	LAWMAKER						LEG			BGR	BULGARIA	BGR								1	030	030	03	1	4.0	15	3	15	-3.37941628264209	4	Kremlin, Moskva, Russia	RS	RS48	25106	55.7522	37.6156	-2960561	4	Kremlin, Moskva, Russia	RS	RS48	25106	55.7522	37.6156	-2960561	4	Kremlin, Moskva, Russia	RS	RS48	25106	55.7522	37.6156	-2960561	20251108111500	https://www.clickondetroit.com/business/2025/11/08/bulgaria-moves-to-prevent-shutdown-of-its-only-oil-refinery-ahead-of-us-sanctions/
1273132140	20251108	202511	2025	2025.8438	LEG	LAWMAKER						LEG			BGR	BULGARIA	BGR								1	111	111	11	3	-2.0	15	3	15	-3.37941628264209	4	Burgas, Burgas, Bulgaria	BU	BU39	11864	42.5061	27.4678	-832673	4	Burgas, Burgas, Bulgaria	BU	BU39	11864	42.5061	27.4678	-832673	4	Burgas, Burgas, Bulgaria	BU	BU39	11864	42.5061	27.4678	-832673	20251108111500	https://www.clickondetroit.com/business/2025/11/08/bulgaria-moves-to-prevent-shutdown-of-its-only-oil-refinery-ahead-of-us-sanctions/
1273132141	20251108	202511	2025	2025.8438	LEG	CHAMBER						LEG			BUS	BUSINESS						BUS			1	051	051	05	1	3.4	10	1	10	5.49450549450549	0								0								0								20251108111500	https://www.elkharttruth.com/news/chamber-celebrates-minority-business-excellence/article_5106d13d-509f-585b-9618-6190e69bbadf.html
1273132142	20251108	202511	2025	2025.8438	LEG	REPRESENTATIVES						LEG			IRL	IRISH	IRL								1	043	043	04	1	2.8	2	1	2	0.31347962382445	4	Belfast, Belfast, United Kingdom	UK	UKR3	40158	54.5833	-5.93333	-2589607	1	Ireland	EI	EI		53	-8	EI	1	Ireland	EI	EI		53	-8	EI	20251108111500	https://www.dundalkdemocrat.ie/news/local-news/1937135/louth-politicians-attend-oireachtas-na-samhna.html
1273132143	20251108	202511	2025	2025.8438	LEG	CONGRESS						LEG			MIL	MILITARY						MIL			1	090	090	09	2	-2.0	2	1	2	-9.43877551020403	3	White House, District of Columbia, United States	US	USDC		38.8951	-77.0364	531871	3	White House, District of Columbia, United States	US	USDC		38.8951	-77.0364	531871	3	White House, District of Columbia, United States	US	USDC		38.8951	-77.0364	531871	20251108111500	https://www.postregister.com/opinion/columns/opinion-we-owe-veterans-much-more-than-thanks-praise/article_f246f9b1-b325-4ba1-aac0-9fc58e886f08.html
1273132144	20251108	202511	2025	2025.8438	LEG	SENATE						LEG			USA	UNITED STATES	USA								0	071	071	07	2	7.4	4	1	4	-0.44543429844098	3	White House, District of Columbia, United States	US	USDC		38.8951	-77.0364	531871	3	White House, District of Columbia, United States	US	USDC		38.8951	-77.0364	531871	3	White House, District of Columbia, United States	US	USDC		38.8951	-77.0364	531871	20251108111500	https://www.postregister.com/opinion/guest_column/opinion-trump-idaho-gop-insist-on-making-health-care-unaffordable/article_45c98000-aaa0-4dd2-a7a0-c47c1500cf60.html
1273132145	20251108	202511	2025	2025.8438	LEG	SENATOR						LEG			USA	AMERICAN	USA								1	110	110	11	3	-2.0	10	1	10	-9.43877551020403	3	White House, District of Columbia, United States	US	USDC		38.8951	-77.0364	531871	3	White House, District of Columbia, United States	US	USDC		38.8951	-77.0364	531871	3	White House, District of Columbia, United States	US	USDC		38.8951	-77.0364	531871	20251108111500	https://www.postregister.com/opinion/columns/opinion-we-owe-veterans-much-more-than-thanks-praise/article_f246f9b1-b325-4ba1-aac0-9fc58e886f08.html
1273132146	20251108	202511	2025	2025.8438	LEG	SENATE						LEG			USAGOV	THE WHITE HOUSE	USA					GOV			0	071	071	07	2	7.4	1	1	1	-0.44543429844098	3	White House, District of Columbia, United States	US	USDC		38.8951	-77.0364	531871	3	White House, District of Columbia, United States	US	USDC		38.8951	-77.0364	531871	3	White House, District of Columbia, United States	US	USDC		38.8951	-77.0364	531871	20251108111500	https://www.postregister.com/opinion/guest_column/opinion-trump-idaho-gop-insist-on-making-health-care-unaffordable/article_45c98000-aaa0-4dd2-a7a0-c47c1500cf60.html
1273132147	20251108	202511	2025	2025.8438	LEG	CONGRESS						LEG			USAMIL	UNITED STATES	USA					MIL			1	090	090	09	2	-2.0	6	1	6	-9.43877551020403	3	White House, District of Columbia, United States	US	USDC		38.8951	-77.0364	531871	3	White House, District of Columbia, United States	US	USDC		38.8951	-77.0364	531871	3	White House, District of Columbia, United States	US	USDC		38.8951	-77.0364	531871	20251108111500	https://www.postregister.com/opinion/columns/opinion-we-owe-veterans-much-more-than-thanks-praise/article_f246f9b1-b325-4ba1-aac0-9fc58e886f08.html
1273132148	20251108	202511	2025	2025.8438	LKA	SRI LANKAN	LKA								USA	THE US	USA								1	061	061	06	2	6.4	4	1	4	-2.61627906976744	4	Colombo, Western, Sri Lanka	CE	CE36	25852	6.93194	79.8478	-2214877	4	Colombo, Western, Sri Lanka	CE	CE36	25852	6.93194	79.8478	-2214877	4	Colombo, Western, Sri Lanka	CE	CE36	25852	6.93194	79.8478	-2214877	20251108111500	https://retail.economictimes.indiatimes.com/news/apparel-fashion/apparel/sri-lankas-apparel-forum-urges-key-reforms-at-colombo-port-to-stay-competitive/125182229
1273132149	20251108	202511	2025	2025.8438	LKABUS	SRI LANKAN	LKA					BUS			USA	THE US	USA								1	061	061	06	2	6.4	6	1	6	-2.61627906976744	4	Colombo, Western, Sri Lanka	CE	CE36	25852	6.93194	79.8478	-2214877	4	Colombo, Western, Sri Lanka	CE	CE36	25852	6.93194	79.8478	-2214877	4	Colombo, Western, Sri Lanka	CE	CE36	25852	6.93194	79.8478	-2214877	20251108111500	https://retail.economictimes.indiatimes.com/news/apparel-fashion/apparel/sri-lankas-apparel-forum-urges-key-reforms-at-colombo-port-to-stay-competitive/125182229
1273132150	20251108	202511	2025	2025.8438	MDV	MALE	MDV								MDVELI	MALE	MDV					ELI			0	020	020	02	1	3.0	5	1	5	-1.76678445229682	0								0								0								20251108111500	https://indianexpress.com/article/entertainment/tamil/gouri-kishan-sexist-question-not-harass-journalist-inappropriate-question-he-says-it-was-fun-10353350/
1273132151	20251108	202511	2025	2025.8438	MDV	MALE	MDV								MDVELI	MALE	MDV					ELI			0	060	060	06	2	6.0	5	1	5	-1.76678445229682	0								0								0								20251108111500	https://indianexpress.com/article/entertainment/tamil/gouri-kishan-sexist-question-not-harass-journalist-inappropriate-question-he-says-it-was-fun-10353350/
1273132152	20251108	202511	2025	2025.8438	MED	GAZETTE						MED													1	010	010	01	1	0.0	1	1	1	3.53982300884956	3	Texarkana, Texas, United States	US	USTX	TX037	33.4251	-94.0477	1369752	0								3	Texarkana, Texas, United States	US	USTX	TX037	33.4251	-94.0477	1369752	20251108111500	https://www.texarkanagazette.com/news/2025/nov/08/church-news-for-saturday-nov-8-2025/
1273132153	20251108	202511	2025	2025.8438	MED	JOURNALIST						MED													0	010	010	01	1	0.0	7	1	7	-7.40157480314961	1	Australia	AS	AS		-25	135	AS	0								1	Australia	AS	AS		-25	135	AS	20251108111500	https://www.mirror.co.uk/news/royals/i-interviewed-sarah-ferguson-made-36202872
1273132154	20251108	202511	2025	2025.8438	MED	MEDIA						MED													0	012	012	01	1	-0.4	5	1	5	-0.79470198675497	1	Denmark	DA	DA		56	10	DA	0								1	Denmark	DA	DA		56	10	DA	20251108111500	https://www.yahoo.com/news/articles/methane-cutting-cow-feed-trials-084158445.html
1273132155	20251108	202511	2025	2025.8438	MED	SPOKESMAN						MED													1	051	051	05	1	3.4	10	1	10	0.552486187845304	5	Staffordshire, Staffordshire, United Kingdom	UK	UKM9	40131	52.8333	-2	-2608511	0								5	Staffordshire, Staffordshire, United Kingdom	UK	UKM9	40131	52.8333	-2	-2608511	20251108111500	https://www.birminghammail.co.uk/whats-on/shopping/new-look-shutting-another-store-32836385
1273132156	20251108	202511	2025	2025.8438	MED	MEDIA						MED													1	111	111	11	3	-2.0	2	1	2	1.79372197309417	4	Petaling, Malaysia (general), Malaysia	MY	MY00	18585	3.08333	101.667	-2403014	0								4	Petaling, Malaysia (general), Malaysia	MY	MY00	18585	3.08333	101.667	-2403014	20251108111500	https://www.thestar.com.my/news/nation/2025/11/08/beware-of-fake-social-media-profile-impersonating-the-star
1273132157	20251108	202511	2025	2025.8438	MED	MEDIA						MED			GOV	AUTHORITIES						GOV			1	020	020	02	1	3.0	10	1	10	-5.84415584415584	4	Hyderabad, Andhra Pradesh, India	IN	IN02	17564	17.3753	78.4744	-2097701	4	Hyderabad, Andhra Pradesh, India	IN	IN02	17564	17.3753	78.4744	-2097701	4	Hyderabad, Andhra Pradesh, India	IN	IN02	17564	17.3753	78.4744	-2097701	20251108111500	https://www.siasat.com/passengers-irate-after-12-hour-flight-delay-at-hyderabad-airport-3293176/
1273132158	20251108	202511	2025	2025.8438	MED	MEDIA						MED			IRLBUS	IRELAND	IRL					BUS			1	111	111	11	3	-2.0	10	1	10	1.14613180515759	1	Ireland	EI	EI		53	-8	EI	1	Ireland	EI	EI		53	-8	EI	1	Ireland	EI	EI		53	-8	EI	20251108111500	https://irishbuildingmagazine.ie/magazine/mediapack/
1273132159	20251108	202511	2025	2025.8438	MEX	MEXICAN	MEX								CRM	GANG						CRM			1	173	173	17	4	-5.0	2	1	2	-5.16431924882629	1	Mexico	MX	MX		23	-102	MX	1	United States	US	US		39.828175	-98.5795	US	1	United States	US	US		39.828175	-98.5795	US	20251108111500	https://athens-times.com/louvre-heist-macrons-assurance-on-crown-jewels-recovery-and-louvre-security-code-shock/
1273132160	20251108	202511	2025	2025.8438	MIL	AIR FORCE						MIL													1	051	051	05	1	3.4	10	1	10	7.63888888888889	1	Greece	GR	GR		39	22	GR	0								1	Greece	GR	GR		39	22	GR	20251108111500	https://athens-times.com/kyriakos-mitsotakis-many-happy-returns-to-our-air-force-greek-wings-stronger-than-ever/
1273132161	20251108	202511	2025	2025.8438	MIL	LIEUTENANT GENERAL						MIL			COPGOV	DEPUTY						COP	GOV		1	141	141	14	3	-6.5	3	1	3	-4.02298850574713	4	Kremlin, Moskva, Russia	RS	RS48	25106	55.7522	37.6156	-2960561	4	Kremlin, Moskva, Russia	RS	RS48	25106	55.7522	37.6156	-2960561	4	Kremlin, Moskva, Russia	RS	RS48	25106	55.7522	37.6156	-2960561	20251108111500	https://www.marketscreener.com/news/putin-appoints-deputy-defence-minister-bulyga-to-security-council-ce7d5fdbda80f125
1273132162	20251108	202511	2025	2025.8438	MIL	MILITARY						MIL			GOV	GOVERNMENT						GOV			0	190	190	19	4	-10.0	10	1	10	-16.1290322580645	1	Uganda	UG	UG		2	33	UG	1	Uganda	UG	UG		2	33	UG	1	Uganda	UG	UG		2	33	UG	20251108111500	https://www.tbsnews.net/world/icc-confirms-war-crimes-charges-against-ugandas-kony-1279696
1273132163	20251108	202511	2025	2025.8438	MIL	MILITARY OFFICIAL						MIL			SDN	SUDAN	SDN								1	010	010	01	1	0.0	7	1	7	-5.02092050209205	4	Khartoum, Al Khartum, Sudan	SU	SU29	37069	15.5881	32.5342	-1987	4	Khartoum, Al Khartum, Sudan	SU	SU29	37069	15.5881	32.5342	-1987	4	Khartoum, Al Khartum, Sudan	SU	SU29	37069	15.5881	32.5342	-1987	20251108111500	https://www.dailypioneer.com/2025/world/sudanese-army-intercepts-rsf-drones-targeting-two-cities.html
1273132164	20251108	202511	2025	2025.8438	MNCCANCVL	TESCO	CAN					MNC	CVL		CVL	COMMUNITY						CVL			1	071	071	07	2	7.4	10	1	10	6.06060606060606	2	Virginia, United States	US	USVA		37.768	-78.2057	VA	2	Virginia, United States	US	USVA		37.768	-78.2057	VA	2	Virginia, United States	US	USVA		37.768	-78.2057	VA	20251108111500	https://www.anglocelt.ie/2025/11/08/tesco-virginia-proud-to-support-the-local-community/
1273132165	20251108	202511	2025	2025.8438	MNCDEU	DZ BANK	DEU					MNC													1	010	010	01	1	0.0	10	1	10	1.88679245283019	1	China	CH	CH		35	105	CH	0								1	China	CH	CH		35	105	CH	20251108111500	https://www.tickerreport.com/banking-finance/13235007/strategic-financial-services-inc-sells-535-shares-of-jpmorgan-chase-co-jpm.html
1273132166	20251108	202511	2025	2025.8438	MNCUSA	NVIDIA	USA					MNC			CHN	CHINA	CHN								1	112	112	11	3	-2.0	1	1	1	-0.25641025641026	1	China	CH	CH		35	105	CH	1	China	CH	CH		35	105	CH	1	China	CH	CH		35	105	CH	20251108111500	https://timesofindia.indiatimes.com/technology/tech-news/nvidia-ceo-jensen-huang-clarifies-china-will-win-ai-race-thats-not-what-i-said-what-i-said-was-/articleshow/125183199.cms
1273132167	20251108	202511	2025	2025.8438	MNCUSA	NVIDIA	USA					MNC			CHN	CHINA	CHN								1	112	112	11	3	-2.0	1	1	1	-0.25641025641026	1	China	CH	CH		35	105	CH	1	United States	US	US		39.828175	-98.5795	US	1	United States	US	US		39.828175	-98.5795	US	20251108111500	https://timesofindia.indiatimes.com/technology/tech-news/nvidia-ceo-jensen-huang-clarifies-china-will-win-ai-race-thats-not-what-i-said-what-i-said-was-/articleshow/125183199.cms
1273132168	20251108	202511	2025	2025.8438	MNCUSA	NVIDIA	USA					MNC			CHN	CHINA	CHN								1	112	112	11	3	-2.0	3	1	3	-0.25641025641026	1	United States	US	US		39.828175	-98.5795	US	1	United States	US	US		39.828175	-98.5795	US	1	United States	US	US		39.828175	-98.5795	US	20251108111500	https://timesofindia.indiatimes.com/technology/tech-news/nvidia-ceo-jensen-huang-clarifies-china-will-win-ai-race-thats-not-what-i-said-what-i-said-was-/articleshow/125183199.cms
1273132169	20251108	202511	2025	2025.8438	MNCUSAMED	GOOGLE	USA					MNC	MED		BUS	BUSINESS						BUS			1	012	012	01	1	-0.4	3	1	3	3.66197183098592	3	White House, District of Columbia, United States	US	USDC		38.8951	-77.0364	531871	3	White House, District of Columbia, United States	US	USDC		38.8951	-77.0364	531871	3	White House, District of Columbia, United States	US	USDC		38.8951	-77.0364	531871	20251108111500	https://www.businessinsider.com/wharton-ai-expert-ethan-mollick-gen-z-jobs-skills-tasks-2025-11
1273132170	20251108	202511	2025	2025.8438	MNCUSAMED	GOOGLE	USA					MNC	MED		BUS	BUSINESS						BUS			1	020	020	02	1	3.0	3	1	3	3.66197183098592	3	White House, District of Columbia, United States	US	USDC		38.8951	-77.0364	531871	3	White House, District of Columbia, United States	US	USDC		38.8951	-77.0364	531871	3	White House, District of Columbia, United States	US	USDC		38.8951	-77.0364	531871	20251108111500	https://www.businessinsider.com/wharton-ai-expert-ethan-mollick-gen-z-jobs-skills-tasks-2025-11
1273132171	20251108	202511	2025	2025.8438	MNCUSAMED	GOOGLE	USA					MNC	MED		USA	UNITED STATES	USA								0	043	043	04	1	2.8	1	1	1	-0.34129692832765	3	Monroe County, Florida, United States	US	USFL	FL087	25.3129	-80.9373	295759	3	Monroe County, Florida, United States	US	USFL		25.3129	-80.9373	295759	3	Monroe County, Florida, United States	US	USFL		25.3129	-80.9373	295759	20251108111500	https://www.postregister.com/features/smart_living/what-to-know-about-the-annual-sign-up-window-for-health-insurance/article_941e8bec-f774-4c7b-aa63-b92c18ca9019.html
1273132172	20251108	202511	2025	2025.8438	MOS	ISLAMIC				MOS															0	010	010	01	1	0.0	15	1	10	-2.8620988725065	1	France	FR	FR		46	2	FR	0								1	France	FR	FR		46	2	FR	20251108111500	https://www.clickondetroit.com/news/local/2025/11/08/the-code-word-fbi-says-tipped-them-off-that-dearborn-terror-attack-was-set-for-halloween/
1273132173	20251108	202511	2025	2025.8438	MOS	ISLAMIC				MOS															0	020	020	02	1	3.0	5	1	5	-2.8620988725065	1	France	FR	FR		46	2	FR	0								1	France	FR	FR		46	2	FR	20251108111500	https://www.clickondetroit.com/news/local/2025/11/08/the-code-word-fbi-says-tipped-them-off-that-dearborn-terror-attack-was-set-for-halloween/
1273132174	20251108	202511	2025	2025.8438	MOS	ISLAM				MOS					COP	DEPUTY						COP			1	043	043	04	1	2.8	10	1	10	2.8169014084507	0								0								0								20251108111500	https://www.bssnews.net/district/329760
1273132175	20251108	202511	2025	2025.8438	MYS	MALAYSIA	MYS								AUS	AUSTRALIA	AUS								0	061	061	06	2	6.4	2	1	2	-0.31088082901554	4	Kuantan, Pahang, Malaysia	MY	MY06	18585	3.8077	103.326	-2402944	4	Kuantan, Pahang, Malaysia	MY	MY06	18585	3.8077	103.326	-2402944	4	Kuantan, Pahang, Malaysia	MY	MY06	18585	3.8077	103.326	-2402944	20251108111500	https://www.straitstimes.com/asia/se-asia/malaysia-banks-on-lynas-expansion-to-become-vital-cog-in-rare-earth-supply-chain
1273132176	20251108	202511	2025	2025.8438	MYS	MALAYSIA	MYS								AUS	AUSTRALIA	AUS								0	061	061	06	2	6.4	2	1	2	-0.31088082901554	4	Kuantan, Pahang, Malaysia	MY	MY06	18585	3.8077	103.326	-2402944	1	Australia	AS	AS		-25	135	AS	4	Kuantan, Pahang, Malaysia	MY	MY06	18585	3.8077	103.326	-2402944	20251108111500	https://www.straitstimes.com/asia/se-asia/malaysia-banks-on-lynas-expansion-to-become-vital-cog-in-rare-earth-supply-chain
1273132177	20251108	202511	2025	2025.8438	MYS	MALAYSIA	MYS								AUS	AUSTRALIA	AUS								0	061	061	06	2	6.4	6	1	6	-0.31088082901554	4	Kuantan, Pahang, Malaysia	MY	MY06	18585	3.8077	103.326	-2402944	1	Australia	AS	AS		-25	135	AS	1	Australia	AS	AS		-25	135	AS	20251108111500	https://www.straitstimes.com/asia/se-asia/malaysia-banks-on-lynas-expansion-to-become-vital-cog-in-rare-earth-supply-chain
1273132178	20251108	202511	2025	2025.8438	MYS	MALAYSIA	MYS								GOV	HOME MINIST						GOV			1	042	042	04	1	1.9	3	1	3	2.91479820627803	4	Kedah, Kelantan, Malaysia	MY	MY03	37360	5.48333	102.1	-2403052	4	Kedah, Kelantan, Malaysia	MY	MY03	37360	5.48333	102.1	-2403052	4	Kedah, Kelantan, Malaysia	MY	MY03	37360	5.48333	102.1	-2403052	20251108111500	https://www.thestar.com.my/news/nation/2025/11/08/anwar-inaugurates-seberang-perai-utc-to-serve-over-one-million-residents
1273132179	20251108	202511	2025	2025.8438	MYSGOV	MALAYSIA	MYS					GOV			GOV	PRIME MINISTER						GOV			1	043	043	04	1	2.8	1	1	1	2.91479820627803	4	Kedah, Kelantan, Malaysia	MY	MY03	37360	5.48333	102.1	-2403052	4	Kedah, Kelantan, Malaysia	MY	MY03	37360	5.48333	102.1	-2403052	4	Kedah, Kelantan, Malaysia	MY	MY03	37360	5.48333	102.1	-2403052	20251108111500	https://www.thestar.com.my/news/nation/2025/11/08/anwar-inaugurates-seberang-perai-utc-to-serve-over-one-million-residents
1273132180	20251108	202511	2025	2025.8438	NGA	LAGOS	NGA								AFR	AFRICA	AFR								1	111	111	11	3	-2.0	5	1	5	17.6136363636364	4	Lagos, Lagos, Nigeria	NI	NI05	191416	6.45306	3.39583	-2017355	4	Lagos, Lagos, Nigeria	NI	NI05	191416	6.45306	3.39583	-2017355	4	Lagos, Lagos, Nigeria	NI	NI05	191416	6.45306	3.39583	-2017355	20251108111500	https://dailypost.ng/2025/11/08/lush-hair-launches-new-lush-nova-line-at-lagos-fashion-week-2025/
1273132181	20251108	202511	2025	2025.8438	NMR	NORTH AMERICA	NMR								BUS	COMMERCIAL BANK						BUS			1	043	043	04	1	2.8	1	1	1	2.34741784037559	4	Toronto, Ontario, Canada	CA	CA08	12686	43.6667	-79.4167	-574890	4	Toronto, Ontario, Canada	CA	CA08	12686	43.6667	-79.4167	-574890	4	Toronto, Ontario, Canada	CA	CA08	12686	43.6667	-79.4167	-574890	20251108111500	https://www.investmentexecutive.com/news/industry-moves-this-week-99/
1273132182	20251108	202511	2025	2025.8438	NMR	NORTH AMERICA	NMR								BUS	COMMERCIAL BANK						BUS			1	043	043	04	1	2.8	2	1	2	2.34741784037559	1	United States	US	US		39.828175	-98.5795	US	1	United States	US	US		39.828175	-98.5795	US	1	United States	US	US		39.828175	-98.5795	US	20251108111500	https://www.investmentexecutive.com/news/industry-moves-this-week-99/
1273132183	20251108	202511	2025	2025.8438	OPP	ACTIVIST						OPP			CVL	RESIDENTS						CVL			1	051	051	05	1	3.4	5	1	5	-3.89105058365758	4	El-Obeid, Shamal Kurdufan, Sudan	SU	SU56	37087	13.1833	30.2167	-2236	4	El-Obeid, Shamal Kurdufan, Sudan	SU	SU56	37087	13.1833	30.2167	-2236	4	El-Obeid, Shamal Kurdufan, Sudan	SU	SU56	37087	13.1833	30.2167	-2236	20251108111500	https://www.aa.com.tr/en/middle-east/sudanese-army-shoots-down-rsf-drone-in-north-kordofan/3738351
1273132184	20251108	202511	2025	2025.8438	OPP	ACTIVIST						OPP			CVL	COLONIST						CVL			1	180	180	18	4	-9.0	10	1	10	-9.77443609022558	1	Israel	IS	IS		31.5	34.75	IS	1	Israel	IS	IS		31.5	34.75	IS	1	Israel	IS	IS		31.5	34.75	IS	20251108111500	https://english.wafa.ps/Pages/Details/164196
1273132185	20251108	202511	2025	2025.8438	OPP	ACTIVIST						OPP			ISR	ISRAELI	ISR								1	190	190	19	4	-10.0	4	1	4	-9.77443609022558	1	Israel	IS	IS		31.5	34.75	IS	1	Israel	IS	IS		31.5	34.75	IS	1	Israel	IS	IS		31.5	34.75	IS	20251108111500	https://english.wafa.ps/Pages/Details/164196
1273132186	20251108	202511	2025	2025.8438	OPP	ACTIVIST						OPP			ISRCVL	ISRAELI	ISR					CVL			1	190	190	19	4	-10.0	6	1	6	-9.77443609022558	1	Israel	IS	IS		31.5	34.75	IS	1	Israel	IS	IS		31.5	34.75	IS	1	Israel	IS	IS		31.5	34.75	IS	20251108111500	https://english.wafa.ps/Pages/Details/164196
1273132187	20251108	202511	2025	2025.8438	OPP	ACTIVIST						OPP			MED	MEDIA						MED			1	190	190	19	4	-10.0	3	1	3	-3.89105058365758	4	El-Obeid, Shamal Kurdufan, Sudan	SU	SU56	37087	13.1833	30.2167	-2236	4	El-Obeid, Shamal Kurdufan, Sudan	SU	SU56	37087	13.1833	30.2167	-2236	4	El-Obeid, Shamal Kurdufan, Sudan	SU	SU56	37087	13.1833	30.2167	-2236	20251108111500	https://www.aa.com.tr/en/middle-east/sudanese-army-shoots-down-rsf-drone-in-north-kordofan/3738351
1273132188	20251108	202511	2025	2025.8438	OPP	ACTIVIST						OPP			MED	MEDIA						MED			1	190	190	19	4	-10.0	2	1	2	-3.89105058365758	4	Anadolu, Turkey (general), Turkey	TU	TU00	28356	39	35	-735281	4	Anadolu, Turkey (general), Turkey	TU	TU00	28356	39	35	-735281	4	Anadolu, Turkey (general), Turkey	TU	TU00	28356	39	35	-735281	20251108111500	https://www.aa.com.tr/en/middle-east/sudanese-army-shoots-down-rsf-drone-in-north-kordofan/3738351
1273132189	20251108	202511	2025	2025.8438	PAK	PAKISTAN	PAK																		1	020	020	02	1	3.0	10	1	10	-1.0752688172043	4	Kashmir, North-West Frontier, Pakistan	PK	PK03	40350	34.796	72.1502	-2764806	0								4	Kashmir, North-West Frontier, Pakistan	PK	PK03	40350	34.796	72.1502	-2764806	20251108111500	https://timesofindia.indiatimes.com/world/pakistan/taught-us-many-lessons-pakistan-tables-amendment-to-make-army-stronger-did-tensions-with-india-trigger-the-move-article-243-27th-constitutional-amendment/articleshow/125182228.cms
1273132190	20251108	202511	2025	2025.8438	PAK	ISLAMABAD	PAK																		1	110	110	11	3	-2.0	2	1	2	-3.57142857142857	4	Islamabad, Islamabad, Pakistan	PK	PK08	23674	33.7	73.1667	-2762812	0								4	Islamabad, Islamabad, Pakistan	PK	PK08	23674	33.7	73.1667	-2762812	20251108111500	https://article.wn.com/view/2025/11/08/PakistanAfghanistan_peace_talks_collapse_Taliban_says_ceasef/
1273132191	20251108	202511	2025	2025.8438	PAK	PAKISTAN	PAK								AFG	AFGHANISTAN	AFG								1	046	046	04	1	7.0	4	1	4	-3.57142857142857	4	Islamabad, Islamabad, Pakistan	PK	PK08	23674	33.7	73.1667	-2762812	1	Afghanistan	AF	AF		33	66	AF	1	Afghanistan	AF	AF		33	66	AF	20251108111500	https://article.wn.com/view/2025/11/08/PakistanAfghanistan_peace_talks_collapse_Taliban_says_ceasef/
1273132192	20251108	202511	2025	2025.8438	PAK	PAKISTAN	PAK								AFG	AFGHANISTAN	AFG								0	112	112	11	3	-2.0	1	1	1	-2.68895348837209	4	Kabul, Kabol, Afghanistan	AF	AF13	3580	34.5167	69.1833	-3378435	4	Istanbul, Istanbul, Turkey	TU	TU34	27897	41.0186	28.9647	-755070	4	Istanbul, Istanbul, Turkey	TU	TU34	27897	41.0186	28.9647	-755070	20251108111500	https://indianexpress.com/article/upsc-current-affairs/upsc-essentials/the-world-this-week-zohran-mamdani-trump-putin-sudan-upsc-international-relations-10352282/
1273132193	20251108	202511	2025	2025.8438	PAK	PAKISTAN	PAK								AFGINSTAL	TALIBAN	AFG	TAL				INS			0	046	046	04	1	7.0	2	1	2	-2.68895348837209	4	Islamabad, Islamabad, Pakistan	PK	PK08	23674	33.7	73.1667	-2762812	4	Kabul, Kabol, Afghanistan	AF	AF13	3580	34.5167	69.1833	-3378435	4	Islamabad, Islamabad, Pakistan	PK	PK08	23674	33.7	73.1667	-2762812	20251108111500	https://indianexpress.com/article/upsc-current-affairs/upsc-essentials/the-world-this-week-zohran-mamdani-trump-putin-sudan-upsc-international-relations-10352282/
1273132194	20251108	202511	2025	2025.8438	PAK	PAKISTAN	PAK								AFGINSTAL	TALIBAN	AFG	TAL				INS			0	046	046	04	1	7.0	8	1	5	-2.68895348837209	4	Islamabad, Islamabad, Pakistan	PK	PK08	23674	33.7	73.1667	-2762812	4	Kabul, Kabol, Afghanistan	AF	AF13	3580	34.5167	69.1833	-3378435	4	Kabul, Kabol, Afghanistan	AF	AF13	3580	34.5167	69.1833	-3378435	20251108111500	https://indianexpress.com/article/upsc-current-affairs/upsc-essentials/the-world-this-week-zohran-mamdani-trump-putin-sudan-upsc-international-relations-10352282/
1273132195	20251108	202511	2025	2025.8438	PAK	PAKISTAN	PAK								AFGINSTAL	TALIBAN	AFG	TAL				INS			0	046	046	04	1	7.0	2	1	2	-2.68895348837209	4	Kabul, Kabol, Afghanistan	AF	AF13	3580	34.5167	69.1833	-3378435	4	Islamabad, Islamabad, Pakistan	PK	PK08	23674	33.7	73.1667	-2762812	4	Islamabad, Islamabad, Pakistan	PK	PK08	23674	33.7	73.1667	-2762812	20251108111500	https://indianexpress.com/article/upsc-current-affairs/upsc-essentials/the-world-this-week-zohran-mamdani-trump-putin-sudan-upsc-international-relations-10352282/
1273132196	20251108	202511	2025	2025.8438	PAK	PAKISTAN	PAK								AFGINSTAL	TALIBAN	AFG	TAL				INS			0	046	046	04	1	7.0	2	1	2	-2.68895348837209	1	Canada	CA	CA		60	-96	CA	1	Canada	CA	CA		60	-96	CA	1	Canada	CA	CA		60	-96	CA	20251108111500	https://indianexpress.com/article/upsc-current-affairs/upsc-essentials/the-world-this-week-zohran-mamdani-trump-putin-sudan-upsc-international-relations-10352282/
1273132197	20251108	202511	2025	2025.8438	PAK	PAKISTAN	PAK								AFGINSTAL	TALIBAN	AFG	TAL				INS			1	190	190	19	4	-10.0	1	1	1	-3.57142857142857	1	Afghanistan	AF	AF		33	66	AF	4	Islamabad, Islamabad, Pakistan	PK	PK08	23674	33.7	73.1667	-2762812	4	Islamabad, Islamabad, Pakistan	PK	PK08	23674	33.7	73.1667	-2762812	20251108111500	https://article.wn.com/view/2025/11/08/PakistanAfghanistan_peace_talks_collapse_Taliban_says_ceasef/
1273132198	20251108	202511	2025	2025.8438	PAK	PAKISTAN	PAK								AFGINSTALGOV	TALIBAN	AFG	TAL				INS	GOV		1	010	010	01	1	0.0	1	1	1	-4.65116279069767	1	Pakistan	PK	PK		30	70	PK	1	Pakistan	PK	PK		30	70	PK	1	Pakistan	PK	PK		30	70	PK	20251108111500	https://www.bssnews.net/international/329726
1273132199	20251108	202511	2025	2025.8438	PAK	PAKISTAN	PAK								AFGINSTALGOV	TALIBAN	AFG	TAL				INS	GOV		1	010	010	01	1	0.0	4	1	4	-4.65116279069767	1	Pakistan	PK	PK		30	70	PK	1	Pakistan	PK	PK		30	70	PK	1	Qatar	QA	QA		25.5	51.25	QA	20251108111500	https://www.bssnews.net/international/329726
1273132200	20251108	202511	2025	2025.8438	PAK	PAKISTAN	PAK								AFGINSTALGOV	TALIBAN	AFG	TAL				INS	GOV		0	046	046	04	1	7.0	8	1	8	-2.68895348837209	4	Islamabad, Islamabad, Pakistan	PK	PK08	23674	33.7	73.1667	-2762812	4	Islamabad, Islamabad, Pakistan	PK	PK08	23674	33.7	73.1667	-2762812	4	Kabul, Kabol, Afghanistan	AF	AF13	3580	34.5167	69.1833	-3378435	20251108111500	https://indianexpress.com/article/upsc-current-affairs/upsc-essentials/the-world-this-week-zohran-mamdani-trump-putin-sudan-upsc-international-relations-10352282/
1273132201	20251108	202511	2025	2025.8438	PAK	PAKISTAN	PAK								AFGINSTALGOV	TALIBAN	AFG	TAL				INS	GOV		0	046	046	04	1	7.0	2	1	2	-2.68895348837209	1	Canada	CA	CA		60	-96	CA	1	Canada	CA	CA		60	-96	CA	1	Canada	CA	CA		60	-96	CA	20251108111500	https://indianexpress.com/article/upsc-current-affairs/upsc-essentials/the-world-this-week-zohran-mamdani-trump-putin-sudan-upsc-international-relations-10352282/
1273132202	20251108	202511	2025	2025.8438	PAK	PAKISTAN	PAK								PAKMIL	PAKISTAN	PAK					MIL			0	0871	087	08	2	9.0	2	1	2	-1.0752688172043	4	Pahalgam, Jammu and Kashmir, India	IN	IN12	72789	34.0333	75.3333	-2106704	4	Pahalgam, Jammu and Kashmir, India	IN	IN12	72789	34.0333	75.3333	-2106704	4	Pahalgam, Jammu and Kashmir, India	IN	IN12	72789	34.0333	75.3333	-2106704	20251108111500	https://timesofindia.indiatimes.com/world/pakistan/taught-us-many-lessons-pakistan-tables-amendment-to-make-army-stronger-did-tensions-with-india-trigger-the-move-article-243-27th-constitutional-amendment/articleshow/125182228.cms
1273132203	20251108	202511	2025	2025.8438	PAK	PAKISTAN	PAK								PAKMIL	PAKISTANI	PAK					MIL			0	0871	087	08	2	9.0	8	1	8	-1.0752688172043	4	Kashmir, North-West Frontier, Pakistan	PK	PK03	40350	34.796	72.1502	-2764806	4	Kashmir, North-West Frontier, Pakistan	PK	PK03	40350	34.796	72.1502	-2764806	4	Kashmir, North-West Frontier, Pakistan	PK	PK03	40350	34.796	72.1502	-2764806	20251108111500	https://timesofindia.indiatimes.com/world/pakistan/taught-us-many-lessons-pakistan-tables-amendment-to-make-army-stronger-did-tensions-with-india-trigger-the-move-article-243-27th-constitutional-amendment/articleshow/125182228.cms
1273132204	20251108	202511	2025	2025.8438	PAK	PAKISTAN	PAK								TUR	TURKEY	TUR								0	046	046	04	1	7.0	2	1	2	-2.68895348837209	4	Islamabad, Islamabad, Pakistan	PK	PK08	23674	33.7	73.1667	-2762812	4	Istanbul, Istanbul, Turkey	TU	TU34	27897	41.0186	28.9647	-755070	4	Kabul, Kabol, Afghanistan	AF	AF13	3580	34.5167	69.1833	-3378435	20251108111500	https://indianexpress.com/article/upsc-current-affairs/upsc-essentials/the-world-this-week-zohran-mamdani-trump-putin-sudan-upsc-international-relations-10352282/
1273132205	20251108	202511	2025	2025.8438	PAK	PAKISTAN	PAK								TUR	TURKISH	TUR								0	046	046	04	1	7.0	6	1	6	-2.68895348837209	4	Islamabad, Islamabad, Pakistan	PK	PK08	23674	33.7	73.1667	-2762812	4	Istanbul, Istanbul, Turkey	TU	TU34	27897	41.0186	28.9647	-755070	4	Istanbul, Istanbul, Turkey	TU	TU34	27897	41.0186	28.9647	-755070	20251108111500	https://indianexpress.com/article/upsc-current-affairs/upsc-essentials/the-world-this-week-zohran-mamdani-trump-putin-sudan-upsc-international-relations-10352282/
1273132206	20251108	202511	2025	2025.8438	PAK	PAKISTAN	PAK								TUR	TURKISH	TUR								0	046	046	04	1	7.0	2	1	2	-2.68895348837209	1	Canada	CA	CA		60	-96	CA	1	India	IN	IN		20	77	IN	1	Canada	CA	CA		60	-96	CA	20251108111500	https://indianexpress.com/article/upsc-current-affairs/upsc-essentials/the-world-this-week-zohran-mamdani-trump-putin-sudan-upsc-international-relations-10352282/
1273132207	20251108	202511	2025	2025.8438	PHL	PHILIPPINE	PHL																		0	1712	171	17	4	-9.2	1	1	1	-8.66013071895424	1	Thailand	TH	TH		15	100	TH	0								1	Australia	AS	AS		-25	135	AS	20251108111500	https://www.newcastleherald.com.au/story/9107318/kalmaegi-toll-at-204-as-new-typhoon-nears-philippines/
1273132208	20251108	202511	2025	2025.8438	PRTELI	ANTONIO GUTERRES	PRT					ELI			ISR	ISRAEL	ISR								0	027	027	02	1	4.0	3	1	3	-7.34693877551021	4	Gaza, Israel (general), Israel	IS	IS00	18315	31.4167	34.3333	-797156	4	Gaza, Israel (general), Israel	IS	IS00	18315	31.4167	34.3333	-797156	4	Gaza, Israel (general), Israel	IS	IS00	18315	31.4167	34.3333	-797156	20251108111500	https://www.thejournal.ie/israel-body-gaza-identified-lebanon-strike-6868577-Nov2025/
1273132209	20251108	202511	2025	2025.8438	PRTELI	ANTONIO GUTERRES	PRT					ELI			ISR	ISRAEL	ISR								0	027	027	02	1	4.0	1	1	1	-7.34693877551021	4	Gaza, Israel (general), Israel	IS	IS00	18315	31.4167	34.3333	-797156	4	Jbeil, Mont-Liban, Lebanon	LE	LE05	18810	34.1252	35.7991	-805164	4	Jbeil, Mont-Liban, Lebanon	LE	LE05	18810	34.1252	35.7991	-805164	20251108111500	https://www.thejournal.ie/israel-body-gaza-identified-lebanon-strike-6868577-Nov2025/
1273132210	20251108	202511	2025	2025.8438	PRTELI	ANTONIO GUTERRES	PRT					ELI			ISR	ISRAEL	ISR								0	130	130	13	3	-4.4	4	1	4	-7.34693877551021	4	Gaza, Israel (general), Israel	IS	IS00	18315	31.4167	34.3333	-797156	4	Gaza, Israel (general), Israel	IS	IS00	18315	31.4167	34.3333	-797156	4	Gaza, Israel (general), Israel	IS	IS00	18315	31.4167	34.3333	-797156	20251108111500	https://www.thejournal.ie/israel-body-gaza-identified-lebanon-strike-6868577-Nov2025/
1273132211	20251108	202511	2025	2025.8438	PRTELI	ANTONIO GUTERRES	PRT					ELI			ISR	ISRAEL	ISR								0	196	196	19	4	-9.5	4	1	4	-7.34693877551021	4	Gaza, Israel (general), Israel	IS	IS00	18315	31.4167	34.3333	-797156	4	Gaza, Israel (general), Israel	IS	IS00	18315	31.4167	34.3333	-797156	4	Gaza, Israel (general), Israel	IS	IS00	18315	31.4167	34.3333	-797156	20251108111500	https://www.thejournal.ie/israel-body-gaza-identified-lebanon-strike-6868577-Nov2025/
1273132212	20251108	202511	2025	2025.8438	PRTELI	ANTONIO GUTERRES	PRT					ELI			PSE	GAZA	PSE								0	027	027	02	1	4.0	2	1	2	-7.34693877551021	4	Gaza, Israel (general), Israel	IS	IS00	18315	31.4167	34.3333	-797156	4	Gaza, Israel (general), Israel	IS	IS00	18315	31.4167	34.3333	-797156	4	Gaza, Israel (general), Israel	IS	IS00	18315	31.4167	34.3333	-797156	20251108111500	https://www.thejournal.ie/israel-body-gaza-identified-lebanon-strike-6868577-Nov2025/
1273132213	20251108	202511	2025	2025.8438	PRTELI	ANTONIO GUTERRES	PRT					ELI			PSE	GAZA	PSE								0	027	027	02	1	4.0	1	1	1	-7.34693877551021	4	Gaza, Israel (general), Israel	IS	IS00	18315	31.4167	34.3333	-797156	4	Jbeil, Mont-Liban, Lebanon	LE	LE05	18810	34.1252	35.7991	-805164	4	Jbeil, Mont-Liban, Lebanon	LE	LE05	18810	34.1252	35.7991	-805164	20251108111500	https://www.thejournal.ie/israel-body-gaza-identified-lebanon-strike-6868577-Nov2025/
1273132214	20251108	202511	2025	2025.8438	PRTELI	ANTONIO GUTERRES	PRT					ELI			PSE	GAZA	PSE								0	130	130	13	3	-4.4	4	1	4	-7.34693877551021	4	Gaza, Israel (general), Israel	IS	IS00	18315	31.4167	34.3333	-797156	4	Gaza, Israel (general), Israel	IS	IS00	18315	31.4167	34.3333	-797156	4	Gaza, Israel (general), Israel	IS	IS00	18315	31.4167	34.3333	-797156	20251108111500	https://www.thejournal.ie/israel-body-gaza-identified-lebanon-strike-6868577-Nov2025/
1273132215	20251108	202511	2025	2025.8438	PRTELI	ANTONIO GUTERRES	PRT					ELI			PSE	GAZA	PSE								0	130	130	13	3	-4.4	2	1	2	-7.34693877551021	4	Gaza, Israel (general), Israel	IS	IS00	18315	31.4167	34.3333	-797156	4	Jbeil, Mont-Liban, Lebanon	LE	LE05	18810	34.1252	35.7991	-805164	4	Gaza, Israel (general), Israel	IS	IS00	18315	31.4167	34.3333	-797156	20251108111500	https://www.thejournal.ie/israel-body-gaza-identified-lebanon-strike-6868577-Nov2025/
1273132216	20251108	202511	2025	2025.8438	PRTELI	ANTONIO GUTERRES	PRT					ELI			PSE	GAZA	PSE								0	196	196	19	4	-9.5	4	1	4	-7.34693877551021	4	Gaza, Israel (general), Israel	IS	IS00	18315	31.4167	34.3333	-797156	4	Gaza, Israel (general), Israel	IS	IS00	18315	31.4167	34.3333	-797156	4	Gaza, Israel (general), Israel	IS	IS00	18315	31.4167	34.3333	-797156	20251108111500	https://www.thejournal.ie/israel-body-gaza-identified-lebanon-strike-6868577-Nov2025/
1273132217	20251108	202511	2025	2025.8438	PRTELI	ANTONIO GUTERRES	PRT					ELI			PSE	GAZA	PSE								0	196	196	19	4	-9.5	2	1	2	-7.34693877551021	4	Gaza, Israel (general), Israel	IS	IS00	18315	31.4167	34.3333	-797156	4	Jbeil, Mont-Liban, Lebanon	LE	LE05	18810	34.1252	35.7991	-805164	4	Jbeil, Mont-Liban, Lebanon	LE	LE05	18810	34.1252	35.7991	-805164	20251108111500	https://www.thejournal.ie/israel-body-gaza-identified-lebanon-strike-6868577-Nov2025/
1273132218	20251108	202511	2025	2025.8438	PSE	WEST BANK	PSE								CVL	VILLAGE						CVL			1	180	180	18	4	-9.0	3	1	3	-5.88235294117647	4	Ramallah, West Bank (general), West Bank	WE	WE00	68767	31.9026	35.1955	-795956	4	Ramallah, West Bank (general), West Bank	WE	WE00	68767	31.9026	35.1955	-795956	1	Israel	IS	IS		31.5	34.75	IS	20251108111500	https://english.wafa.ps/Pages/Details/164190
1273132219	20251108	202511	2025	2025.8438	PSE	WEST BANK	PSE								CVL	VILLAGE						CVL			1	180	180	18	4	-9.0	2	1	2	-5.88235294117647	4	Ramallah, West Bank (general), West Bank	WE	WE00	68767	31.9026	35.1955	-795956	1	Israel	IS	IS		31.5	34.75	IS	1	Israel	IS	IS		31.5	34.75	IS	20251108111500	https://english.wafa.ps/Pages/Details/164190
1273132220	20251108	202511	2025	2025.8438	PSE	GAZA	PSE								EGY	NASSER	EGY								1	043	043	04	1	2.8	2	1	2	-4.8	4	Gaza, Israel (general), Israel	IS	IS00	18315	31.4167	34.3333	-797156	4	Gaza, Israel (general), Israel	IS	IS00	18315	31.4167	34.3333	-797156	4	Gaza, Israel (general), Israel	IS	IS00	18315	31.4167	34.3333	-797156	20251108111500	https://english.wafa.ps/Pages/Details/164197
1273132221	20251108	202511	2025	2025.8438	PSE	PALESTINIAN	PSE								ISR	ISRAELI	ISR								1	180	180	18	4	-9.0	2	1	2	-8.3969465648855	4	Hebron, Israel (general), Israel	IS	IS00	18315	31.5333	35.1	-793097	4	Hebron, Israel (general), Israel	IS	IS00	18315	31.5333	35.1	-793097	4	Hebron, Israel (general), Israel	IS	IS00	18315	31.5333	35.1	-793097	20251108111500	https://english.wafa.ps/Pages/Details/164191
1273132222	20251108	202511	2025	2025.8438	PSE	WEST BANK	PSE								ISR	ISRAELI	ISR								1	193	193	19	4	-10.0	9	1	9	-8.3969465648855	4	Yatta, West Bank (general), West Bank	WE	WE00	18315	31.4459	35.0944	-796914	4	Hebron, Israel (general), Israel	IS	IS00	18315	31.5333	35.1	-793097	4	Hebron, Israel (general), Israel	IS	IS00	18315	31.5333	35.1	-793097	20251108111500	https://english.wafa.ps/Pages/Details/164191
1273132223	20251108	202511	2025	2025.8438	PSE	WEST BANK	PSE								ISRCVL	ISRAEL	ISR					CVL			1	190	190	19	4	-10.0	2	1	2	-9.771986970684	4	Ramallah, West Bank (general), West Bank	WE	WE00	68767	31.9026	35.1955	-795956	1	Israel	IS	IS		31.5	34.75	IS	4	Ramallah, West Bank (general), West Bank	WE	WE00	68767	31.9026	35.1955	-795956	20251108111500	https://english.wafa.ps/Pages/Details/164194
1273132224	20251108	202511	2025	2025.8438	PSE	WEST BANK	PSE								ISRCVL	ISRAEL	ISR					CVL			1	190	190	19	4	-10.0	4	1	4	-9.771986970684	1	Israel	IS	IS		31.5	34.75	IS	1	Israel	IS	IS		31.5	34.75	IS	1	Israel	IS	IS		31.5	34.75	IS	20251108111500	https://english.wafa.ps/Pages/Details/164194
1273132225	20251108	202511	2025	2025.8438	PSE	GAZA	PSE								ISRMIL	ISRAEL	ISR					MIL			0	190	190	19	4	-10.0	2	1	2	-9.23694779116468	4	Alumim, HaDarom, Israel	IS	IS01	18315	31.4523	34.5138	-779186	4	Alumim, HaDarom, Israel	IS	IS01	18315	31.4523	34.5138	-779186	4	Alumim, HaDarom, Israel	IS	IS01	18315	31.4523	34.5138	-779186	20251108111500	https://athens-times.com/hamas-returns-remains-of-last-israeli-hostage-lior-rudaeff-who-are-the-5-unreturned-bodies/
1273132226	20251108	202511	2025	2025.8438	PSE	PALESTINIAN	PSE								MIL	MILITARY						MIL			1	180	180	18	4	-9.0	6	1	6	-8.3969465648855	4	Hebron, Israel (general), Israel	IS	IS00	18315	31.5333	35.1	-793097	4	Hebron, Israel (general), Israel	IS	IS00	18315	31.5333	35.1	-793097	4	Hebron, Israel (general), Israel	IS	IS00	18315	31.5333	35.1	-793097	20251108111500	https://english.wafa.ps/Pages/Details/164191
1273132227	20251108	202511	2025	2025.8438	PSE	WEST BANK	PSE								PSECVL	WEST BANK	PSE					CVL			1	180	180	18	4	-9.0	1	1	1	-5.88235294117647	4	Ramallah, West Bank (general), West Bank	WE	WE00	68767	31.9026	35.1955	-795956	4	Ramallah, West Bank (general), West Bank	WE	WE00	68767	31.9026	35.1955	-795956	1	Israel	IS	IS		31.5	34.75	IS	20251108111500	https://english.wafa.ps/Pages/Details/164190
1273132228	20251108	202511	2025	2025.8438	PSEGOVHLH	GAZA	PSE					GOV	HLH		ISR	ISRAEL	ISR								1	084	084	08	2	7.0	2	1	2	1.75438596491228	4	Gaza, Israel (general), Israel	IS	IS00	18315	31.4167	34.3333	-797156	4	Gaza, Israel (general), Israel	IS	IS00	18315	31.4167	34.3333	-797156	4	Gaza, Israel (general), Israel	IS	IS00	18315	31.4167	34.3333	-797156	20251108111500	https://sana.sy/en/international/2276498/
1273132229	20251108	202511	2025	2025.8438	PSEHLH	WEST BANK	PSE					HLH													1	010	010	01	1	0.0	3	1	3	-8.3969465648855	4	Yatta, West Bank (general), West Bank	WE	WE00	18315	31.4459	35.0944	-796914	0								4	Hebron, Israel (general), Israel	IS	IS00	18315	31.5333	35.1	-793097	20251108111500	https://english.wafa.ps/Pages/Details/164191
1273132230	20251108	202511	2025	2025.8438	PSEHLH	WEST BANK	PSE					HLH													1	010	010	01	1	0.0	1	1	1	-8.3969465648855	4	Yatta, West Bank (general), West Bank	WE	WE00	18315	31.4459	35.0944	-796914	0								4	Yatta, West Bank (general), West Bank	WE	WE00	18315	31.4459	35.0944	-796914	20251108111500	https://english.wafa.ps/Pages/Details/164191
1273132231	20251108	202511	2025	2025.8438	PSEREB	HAMAS	PSE					REB			ISR	ISRAEL	ISR								1	043	043	04	1	2.8	1	1	1	-9.23694779116468	4	Alumim, HaDarom, Israel	IS	IS01	18315	31.4523	34.5138	-779186	4	Alumim, HaDarom, Israel	IS	IS01	18315	31.4523	34.5138	-779186	4	Alumim, HaDarom, Israel	IS	IS01	18315	31.4523	34.5138	-779186	20251108111500	https://athens-times.com/hamas-returns-remains-of-last-israeli-hostage-lior-rudaeff-who-are-the-5-unreturned-bodies/
1273132232	20251108	202511	2025	2025.8438	PSEREB	HAMAS	PSE					REB			ISR	ISRAEL	ISR								1	043	043	04	1	2.8	1	1	1	-9.23694779116468	4	Gaza, Israel (general), Israel	IS	IS00	18315	31.4167	34.3333	-797156	4	Alumim, HaDarom, Israel	IS	IS01	18315	31.4523	34.5138	-779186	4	Alumim, HaDarom, Israel	IS	IS01	18315	31.4523	34.5138	-779186	20251108111500	https://athens-times.com/hamas-returns-remains-of-last-israeli-hostage-lior-rudaeff-who-are-the-5-unreturned-bodies/
1273132233	20251108	202511	2025	2025.8438	PSEREBUAF	HAMAS	PSE					REB	UAF												1	190	190	19	4	-10.0	2	1	2	-9.23694779116468	4	Alumim, HaDarom, Israel	IS	IS01	18315	31.4523	34.5138	-779186	0								4	Alumim, HaDarom, Israel	IS	IS01	18315	31.4523	34.5138	-779186	20251108111500	https://athens-times.com/hamas-returns-remains-of-last-israeli-hostage-lior-rudaeff-who-are-the-5-unreturned-bodies/
1273132234	20251108	202511	2025	2025.8438	PSEREBUAF	HAMAS	PSE					REB	UAF		ISR	ISRAEL	ISR								1	190	190	19	4	-10.0	8	1	8	-9.23694779116468	4	Alumim, HaDarom, Israel	IS	IS01	18315	31.4523	34.5138	-779186	4	Alumim, HaDarom, Israel	IS	IS01	18315	31.4523	34.5138	-779186	4	Alumim, HaDarom, Israel	IS	IS01	18315	31.4523	34.5138	-779186	20251108111500	https://athens-times.com/hamas-returns-remains-of-last-israeli-hostage-lior-rudaeff-who-are-the-5-unreturned-bodies/
1273132235	20251108	202511	2025	2025.8438	PSEUAF	PALESTINIAN	PSE					UAF			ISR	ISRAEL	ISR								1	060	060	06	2	6.0	2	1	2	-0.54347826086956	4	Gaza, Israel (general), Israel	IS	IS00	18315	31.4167	34.3333	-797156	4	Gaza, Israel (general), Israel	IS	IS00	18315	31.4167	34.3333	-797156	4	Gaza, Israel (general), Israel	IS	IS00	18315	31.4167	34.3333	-797156	20251108111500	https://www.straitstimes.com/world/middle-east/us-forces-working-with-israel-on-gaza-aid-israeli-official-says
1273132236	20251108	202511	2025	2025.8438	PTY	POLITICIAN																			1	042	042	04	1	1.9	2	1	2	0.31347962382445	4	Belfast, Belfast, United Kingdom	UK	UKR3	40158	54.5833	-5.93333	-2589607	0								4	Belfast, Belfast, United Kingdom	UK	UKR3	40158	54.5833	-5.93333	-2589607	20251108111500	https://www.dundalkdemocrat.ie/news/local-news/1937135/louth-politicians-attend-oireachtas-na-samhna.html
1273132237	20251108	202511	2025	2025.8438	PTY	POLITICIAN																			1	042	042	04	1	1.9	4	1	4	0.31347962382445	4	Belfast, Belfast, United Kingdom	UK	UKR3	40158	54.5833	-5.93333	-2589607	0								1	Ireland	EI	EI		53	-8	EI	20251108111500	https://www.dundalkdemocrat.ie/news/local-news/1937135/louth-politicians-attend-oireachtas-na-samhna.html
1273132238	20251108	202511	2025	2025.8438	PTY	POLITICIAN																			1	042	042	04	1	1.9	4	1	4	0.31347962382445	1	Ireland	EI	EI		53	-8	EI	0								1	Ireland	EI	EI		53	-8	EI	20251108111500	https://www.dundalkdemocrat.ie/news/local-news/1937135/louth-politicians-attend-oireachtas-na-samhna.html
1273132239	20251108	202511	2025	2025.8438	PTY	DEMOCRATIC PARTY									USA	THE US	USA								1	051	051	05	1	3.4	1	1	1	-2.68895348837209	4	Islamabad, Islamabad, Pakistan	PK	PK08	23674	33.7	73.1667	-2762812	4	Islamabad, Islamabad, Pakistan	PK	PK08	23674	33.7	73.1667	-2762812	4	Islamabad, Islamabad, Pakistan	PK	PK08	23674	33.7	73.1667	-2762812	20251108111500	https://indianexpress.com/article/upsc-current-affairs/upsc-essentials/the-world-this-week-zohran-mamdani-trump-putin-sudan-upsc-international-relations-10352282/
1273132240	20251108	202511	2025	2025.8438	PTY	DEMOCRATIC PARTY									USA	THE US	USA								1	051	051	05	1	3.4	4	1	4	-2.68895348837209	4	Kabul, Kabol, Afghanistan	AF	AF13	3580	34.5167	69.1833	-3378435	4	Kabul, Kabol, Afghanistan	AF	AF13	3580	34.5167	69.1833	-3378435	4	Kabul, Kabol, Afghanistan	AF	AF13	3580	34.5167	69.1833	-3378435	20251108111500	https://indianexpress.com/article/upsc-current-affairs/upsc-essentials/the-world-this-week-zohran-mamdani-trump-putin-sudan-upsc-international-relations-10352282/
1273132241	20251108	202511	2025	2025.8438	QAT	QATAR	QAT																		0	0356	035	03	1	7.0	2	1	2	-2.68895348837209	4	Islamabad, Islamabad, Pakistan	PK	PK08	23674	33.7	73.1667	-2762812	0								4	Kabul, Kabol, Afghanistan	AF	AF13	3580	34.5167	69.1833	-3378435	20251108111500	https://indianexpress.com/article/upsc-current-affairs/upsc-essentials/the-world-this-week-zohran-mamdani-trump-putin-sudan-upsc-international-relations-10352282/
1273132242	20251108	202511	2025	2025.8438	QAT	QATAR	QAT																		0	0356	035	03	1	7.0	8	1	8	-2.68895348837209	1	Qatar	QA	QA		25.5	51.25	QA	0								1	Qatar	QA	QA		25.5	51.25	QA	20251108111500	https://indianexpress.com/article/upsc-current-affairs/upsc-essentials/the-world-this-week-zohran-mamdani-trump-putin-sudan-upsc-international-relations-10352282/
1273132243	20251108	202511	2025	2025.8438	QAT	QATAR	QAT								BHR	BAHRAIN	BHR								1	010	010	01	1	0.0	1	1	1	4.63215258855586	4	Ruwais, Madinat ash Shamal, Qatar	QA	QA08	25307	26.1333	51.2167	-785317	1	Bahrain	BA	BA		26	50.5	BA	4	Ruwais, Madinat ash Shamal, Qatar	QA	QA08	25307	26.1333	51.2167	-785317	20251108111500	https://www.siasat.com/travel-qatar-bahrain-in-70-minutes-as-new-passenger-ferry-sets-sail-3293209/
1273132244	20251108	202511	2025	2025.8438	QAT	QATAR	QAT								BHR	BAHRAIN	BHR								1	010	010	01	1	0.0	1	1	1	4.63215258855586	1	Bahrain	BA	BA		26	50.5	BA	1	Bahrain	BA	BA		26	50.5	BA	1	Bahrain	BA	BA		26	50.5	BA	20251108111500	https://www.siasat.com/travel-qatar-bahrain-in-70-minutes-as-new-passenger-ferry-sets-sail-3293209/
1273132245	20251108	202511	2025	2025.8438	RUS	RUSSIA	RUS																		0	190	190	19	4	-10.0	3	3	3	-7.41479471263036	4	Moscow, Moskva, Russia	RS	RS48	25106	55.7522	37.6156	-2960561	0								4	Kharkiv, Kharkivs'ka Oblast', Ukraine	UP	UP07	25036	49.9808	36.2527	-1041320	20251108111500	https://www.straitstimes.com/world/europe/russia-hits-several-key-ukraine-energy-facilities-kills-three-people
1273132246	20251108	202511	2025	2025.8438	RUS	MOSCOW	RUS								COP	DEPUTY						COP			1	060	060	06	2	6.0	3	1	3	-4.02298850574713	4	Moscow, Moskva, Russia	RS	RS48	25106	55.7522	37.6156	-2960561	4	Kremlin, Moskva, Russia	RS	RS48	25106	55.7522	37.6156	-2960561	4	Moscow, Moskva, Russia	RS	RS48	25106	55.7522	37.6156	-2960561	20251108111500	https://www.marketscreener.com/news/putin-appoints-deputy-defence-minister-bulyga-to-security-council-ce7d5fdbda80f125
1273132247	20251108	202511	2025	2025.8438	RUS	RUSSIA	RUS								COPGOV	DEPUTY						COP	GOV		1	141	141	14	3	-6.5	4	1	4	-4.02298850574713	4	Kremlin, Moskva, Russia	RS	RS48	25106	55.7522	37.6156	-2960561	4	Kremlin, Moskva, Russia	RS	RS48	25106	55.7522	37.6156	-2960561	4	Kremlin, Moskva, Russia	RS	RS48	25106	55.7522	37.6156	-2960561	20251108111500	https://www.marketscreener.com/news/putin-appoints-deputy-defence-minister-bulyga-to-security-council-ce7d5fdbda80f125
1273132248	20251108	202511	2025	2025.8438	RUS	RUSSIA	RUS								IRN	IRAN	IRN								0	050	050	05	1	3.5	1	1	1	-4.87804878048781	3	Washington, District of Columbia, United States	US	USDC	DC001	38.8951	-77.0364	531871	3	Washington, District of Columbia, United States	US	USDC	DC001	38.8951	-77.0364	531871	1	Russia	RS	RS		60	100	RS	20251108111500	https://www.shippingtribune.com/news/shipping/Crude+recovers+late+in+session+on+hopes+over+US-Hungary+meeting
1273132249	20251108	202511	2025	2025.8438	RUS	RUSSIA	RUS								IRN	IRAN	IRN								0	050	050	05	1	3.5	2	1	2	-4.87804878048781	3	Washington, District of Columbia, United States	US	USDC	DC001	38.8951	-77.0364	531871	1	Russia	RS	RS		60	100	RS	1	Russia	RS	RS		60	100	RS	20251108111500	https://www.shippingtribune.com/news/shipping/Crude+recovers+late+in+session+on+hopes+over+US-Hungary+meeting
1273132250	20251108	202511	2025	2025.8438	RUS	RUSSIA	RUS								IRN	IRAN	IRN								0	050	050	05	1	3.5	1	1	1	-4.87804878048781	1	Russia	RS	RS		60	100	RS	1	Iran	IR	IR		32	53	IR	1	India	IN	IN		20	77	IN	20251108111500	https://www.shippingtribune.com/news/shipping/Crude+recovers+late+in+session+on+hopes+over+US-Hungary+meeting
1273132251	20251108	202511	2025	2025.8438	RUS	RUSSIA	RUS								IRN	IRAN	IRN								0	050	050	05	1	3.5	1	1	1	-4.87804878048781	1	Russia	RS	RS		60	100	RS	1	Russia	RS	RS		60	100	RS	1	China	CH	CH		35	105	CH	20251108111500	https://www.shippingtribune.com/news/shipping/Crude+recovers+late+in+session+on+hopes+over+US-Hungary+meeting
1273132252	20251108	202511	2025	2025.8438	RUS	RUSSIAN	RUS								UKR	UKRAINE	UKR								1	190	190	19	4	-10.0	3	1	3	-6.2962962962963	4	Volgograd, Volgogradskaya Oblast', Russia	RS	RS84	25113	48.8047	44.5858	-3034353	4	Kyiv, Kyyiv, Misto, Ukraine	UP	UP12	28554	50.4333	30.5167	-1044367	4	Pokrovsk, Mordoviya, Russia	RS	RS46	25110	54.768	45.837	-2985097	20251108111500	https://www.clickondetroit.com/news/world/2025/11/08/a-russian-drone-strike-at-a-tower-block-in-eastern-ukraine-kills-a-woman-and-injures-11-people/
1273132253	20251108	202511	2025	2025.8438	SDN	SUDANESE	SDN								SDNMIL	SUDAN	SDN					MIL			1	193	193	19	4	-10.0	2	1	2	-3.89105058365758	4	Anadolu, Turkey (general), Turkey	TU	TU00	28356	39	35	-735281	4	Anadolu, Turkey (general), Turkey	TU	TU00	28356	39	35	-735281	4	Anadolu, Turkey (general), Turkey	TU	TU00	28356	39	35	-735281	20251108111500	https://www.aa.com.tr/en/middle-east/sudanese-army-shoots-down-rsf-drone-in-north-kordofan/3738351
1273132254	20251108	202511	2025	2025.8438	SDN	SUDAN	SDN								TCD	CHAD	TCD								0	070	070	07	2	7.0	4	1	4	-4.9618320610687	1	Chad	CD	CD		15	19	CD	1	Chad	CD	CD		15	19	CD	1	France	FR	FR		46	2	FR	20251108111500	https://www.yahoo.com/news/articles/less-aid-means-more-refugees-080834560.html
1273132255	20251108	202511	2025	2025.8438	SDN	SUDAN	SDN								TCD	CHAD	TCD								0	070	070	07	2	7.0	1	1	1	-4.9618320610687	1	France	FR	FR		46	2	FR	1	France	FR	FR		46	2	FR	4	Berlin, Berlin, Germany	GM	GM16	16538	52.5167	13.4	-1746443	20251108111500	https://www.yahoo.com/news/articles/less-aid-means-more-refugees-080834560.html
1273132256	20251108	202511	2025	2025.8438	SDN	SUDAN	SDN								TCD	CHAD	TCD								0	080	080	08	2	5.0	4	1	4	-4.9618320610687	1	Chad	CD	CD		15	19	CD	1	Chad	CD	CD		15	19	CD	1	Chad	CD	CD		15	19	CD	20251108111500	https://www.yahoo.com/news/articles/less-aid-means-more-refugees-080834560.html
1273132257	20251108	202511	2025	2025.8438	SDN	SUDAN	SDN								TCD	CHAD	TCD								0	080	080	08	2	5.0	1	1	1	-4.9618320610687	1	France	FR	FR		46	2	FR	1	France	FR	FR		46	2	FR	1	France	FR	FR		46	2	FR	20251108111500	https://www.yahoo.com/news/articles/less-aid-means-more-refugees-080834560.html
1273132258	20251108	202511	2025	2025.8438	SDNMIL	SUDAN	SDN					MIL			SDN	OMDURMAN	SDN								0	130	130	13	3	-4.4	4	1	4	-3.89105058365758	4	Omdurman, Al Khartum, Sudan	SU	SU29	37069	15.6361	32.4372	-16205	4	Omdurman, Al Khartum, Sudan	SU	SU29	37069	15.6361	32.4372	-16205	4	Omdurman, Al Khartum, Sudan	SU	SU29	37069	15.6361	32.4372	-16205	20251108111500	https://www.aa.com.tr/en/middle-east/sudanese-army-shoots-down-rsf-drone-in-north-kordofan/3738351
1273132259	20251108	202511	2025	2025.8438	SDNMIL	SUDANESE	SDN					MIL			SDN	OMDURMAN	SDN								0	130	130	13	3	-4.4	6	1	6	-3.89105058365758	5	River Nile, Nahr an Nil, Sudan	SU	SU53	37074	19	33.2	315437	4	Omdurman, Al Khartum, Sudan	SU	SU29	37069	15.6361	32.4372	-16205	4	Omdurman, Al Khartum, Sudan	SU	SU29	37069	15.6361	32.4372	-16205	20251108111500	https://www.aa.com.tr/en/middle-east/sudanese-army-shoots-down-rsf-drone-in-north-kordofan/3738351
1273132260	20251108	202511	2025	2025.8438	SDNMIL	SUDANESE	SDN					MIL			SDN	KORDOFAN	SDN								1	193	193	19	4	-10.0	6	1	6	-3.89105058365758	4	Anadolu, Turkey (general), Turkey	TU	TU00	28356	39	35	-735281	4	Anadolu, Turkey (general), Turkey	TU	TU00	28356	39	35	-735281	4	Anadolu, Turkey (general), Turkey	TU	TU00	28356	39	35	-735281	20251108111500	https://www.aa.com.tr/en/middle-east/sudanese-army-shoots-down-rsf-drone-in-north-kordofan/3738351
1273132261	20251108	202511	2025	2025.8438	SGP	SINGAPORE	SGP																		0	180	180	18	4	-9.0	10	1	10	-12.7835051546391	1	Singapore	SN	SN		1.366667	103.8	SN	0								1	Singapore	SN	SN		1.366667	103.8	SN	20251108111500	https://metro.co.uk/2025/11/08/online-scammers-singapore-face-caning-punishment-new-law-24651669/
1273132262	20251108	202511	2025	2025.8438	SGP	SINGAPORE	SGP																		1	1821	182	18	4	-9.0	10	1	10	-12.7835051546391	1	Singapore	SN	SN		1.366667	103.8	SN	0								1	Singapore	SN	SN		1.366667	103.8	SN	20251108111500	https://metro.co.uk/2025/11/08/online-scammers-singapore-face-caning-punishment-new-law-24651669/
1273132263	20251108	202511	2025	2025.8438	TUR	TURKEY	TUR								AFGINSTALGOV	TALIBAN	AFG	TAL				INS	GOV		0	046	046	04	1	7.0	2	1	2	-2.68895348837209	4	Istanbul, Istanbul, Turkey	TU	TU34	27897	41.0186	28.9647	-755070	4	Islamabad, Islamabad, Pakistan	PK	PK08	23674	33.7	73.1667	-2762812	4	Kabul, Kabol, Afghanistan	AF	AF13	3580	34.5167	69.1833	-3378435	20251108111500	https://indianexpress.com/article/upsc-current-affairs/upsc-essentials/the-world-this-week-zohran-mamdani-trump-putin-sudan-upsc-international-relations-10352282/
1273132264	20251108	202511	2025	2025.8438	TUR	TURKISH	TUR								AFGINSTALGOV	TALIBAN	AFG	TAL				INS	GOV		0	046	046	04	1	7.0	6	1	6	-2.68895348837209	4	Istanbul, Istanbul, Turkey	TU	TU34	27897	41.0186	28.9647	-755070	4	Islamabad, Islamabad, Pakistan	PK	PK08	23674	33.7	73.1667	-2762812	4	Istanbul, Istanbul, Turkey	TU	TU34	27897	41.0186	28.9647	-755070	20251108111500	https://indianexpress.com/article/upsc-current-affairs/upsc-essentials/the-world-this-week-zohran-mamdani-trump-putin-sudan-upsc-international-relations-10352282/
1273132265	20251108	202511	2025	2025.8438	TUR	TURKISH	TUR								AFGINSTALGOV	TALIBAN	AFG	TAL				INS	GOV		0	046	046	04	1	7.0	2	1	2	-2.68895348837209	1	India	IN	IN		20	77	IN	1	Canada	CA	CA		60	-96	CA	1	Canada	CA	CA		60	-96	CA	20251108111500	https://indianexpress.com/article/upsc-current-affairs/upsc-essentials/the-world-this-week-zohran-mamdani-trump-putin-sudan-upsc-international-relations-10352282/
1273132266	20251108	202511	2025	2025.8438	TUR	TURKISH	TUR								AZE	BAKU	AZE								1	013	013	01	1	0.4	2	1	2	12.7272727272727	1	Turkey	TU	TU		39.059012	34.911546	TU	4	Baku, Baki*, Azerbaijan	AJ	AJ09	534	40.3953	49.8822	-2705195	1	Turkey	TU	TU		39.059012	34.911546	TU	20251108111500	https://www.trend.az/azerbaijan/society/4115241.html
1273132267	20251108	202511	2025	2025.8438	TUR	TURKISH	TUR								AZE	AZERBAIJAN	AZE								1	051	051	05	1	3.4	4	1	4	12.7272727272727	1	Turkey	TU	TU		39.059012	34.911546	TU	4	Baku, Baki*, Azerbaijan	AJ	AJ09	534	40.3953	49.8822	-2705195	4	Baku, Baki*, Azerbaijan	AJ	AJ09	534	40.3953	49.8822	-2705195	20251108111500	https://www.trend.az/azerbaijan/society/4115241.html
1273132268	20251108	202511	2025	2025.8438	TUR	TURKEY	TUR								PAK	PAKISTAN	PAK								0	046	046	04	1	7.0	2	1	2	-2.68895348837209	4	Istanbul, Istanbul, Turkey	TU	TU34	27897	41.0186	28.9647	-755070	4	Islamabad, Islamabad, Pakistan	PK	PK08	23674	33.7	73.1667	-2762812	4	Kabul, Kabol, Afghanistan	AF	AF13	3580	34.5167	69.1833	-3378435	20251108111500	https://indianexpress.com/article/upsc-current-affairs/upsc-essentials/the-world-this-week-zohran-mamdani-trump-putin-sudan-upsc-international-relations-10352282/
1273132269	20251108	202511	2025	2025.8438	TUR	TURKISH	TUR								PAK	PAKISTAN	PAK								0	046	046	04	1	7.0	6	1	6	-2.68895348837209	4	Istanbul, Istanbul, Turkey	TU	TU34	27897	41.0186	28.9647	-755070	4	Islamabad, Islamabad, Pakistan	PK	PK08	23674	33.7	73.1667	-2762812	4	Istanbul, Istanbul, Turkey	TU	TU34	27897	41.0186	28.9647	-755070	20251108111500	https://indianexpress.com/article/upsc-current-affairs/upsc-essentials/the-world-this-week-zohran-mamdani-trump-putin-sudan-upsc-international-relations-10352282/
1273132270	20251108	202511	2025	2025.8438	TUR	TURKISH	TUR								PAK	PAKISTAN	PAK								0	046	046	04	1	7.0	2	1	2	-2.68895348837209	1	India	IN	IN		20	77	IN	1	Canada	CA	CA		60	-96	CA	1	Canada	CA	CA		60	-96	CA	20251108111500	https://indianexpress.com/article/upsc-current-affairs/upsc-essentials/the-world-this-week-zohran-mamdani-trump-putin-sudan-upsc-international-relations-10352282/
1273132271	20251108	202511	2025	2025.8438	TUR	TURKISH	TUR								TURCVL	TURKEY	TUR					CVL			1	051	051	05	1	3.4	4	1	4	12.7272727272727	1	Turkey	TU	TU		39.059012	34.911546	TU	1	Turkey	TU	TU		39.059012	34.911546	TU	1	Turkey	TU	TU		39.059012	34.911546	TU	20251108111500	https://www.trend.az/azerbaijan/society/4115241.html
1273132272	20251108	202511	2025	2025.8438	TURCVL	TURKISH	TUR					CVL													1	051	051	05	1	3.4	6	1	6	12.7272727272727	1	Turkey	TU	TU		39.059012	34.911546	TU	0								1	Turkey	TU	TU		39.059012	34.911546	TU	20251108111500	https://www.trend.az/azerbaijan/society/4115241.html
1273132273	20251108	202511	2025	2025.8438	TURCVL	TURKISH	TUR					CVL			AZE	AZERBAIJAN	AZE								1	010	010	01	1	0.0	6	1	6	12.7272727272727	1	Turkey	TU	TU		39.059012	34.911546	TU	4	Baku, Baki*, Azerbaijan	AJ	AJ09	534	40.3953	49.8822	-2705195	1	Turkey	TU	TU		39.059012	34.911546	TU	20251108111500	https://www.trend.az/azerbaijan/society/4115241.html
1273132274	20251108	202511	2025	2025.8438	TURCVL	TURKISH	TUR					CVL			AZE	BAKU	AZE								1	013	013	01	1	0.4	5	1	5	12.7272727272727	1	Turkey	TU	TU		39.059012	34.911546	TU	4	Baku, Baki*, Azerbaijan	AJ	AJ09	534	40.3953	49.8822	-2705195	1	Turkey	TU	TU		39.059012	34.911546	TU	20251108111500	https://www.trend.az/azerbaijan/society/4115241.html
1273132275	20251108	202511	2025	2025.8438	TURCVL	TURKISH	TUR					CVL			AZE	AZERBAIJAN	AZE								1	051	051	05	1	3.4	6	1	6	12.7272727272727	1	Turkey	TU	TU		39.059012	34.911546	TU	4	Baku, Baki*, Azerbaijan	AJ	AJ09	534	40.3953	49.8822	-2705195	4	Baku, Baki*, Azerbaijan	AJ	AJ09	534	40.3953	49.8822	-2705195	20251108111500	https://www.trend.az/azerbaijan/society/4115241.html
1273132276	20251108	202511	2025	2025.8438	TZACOP	TANZANIA	TZA					COP			OPP	OPPOSITION LEADER						OPP			1	173	173	17	4	-5.0	10	1	10	-15.3846153846154	4	Nairobi, Nairobi Area, Kenya	KE	KE05	18585	-1.28333	36.8167	-2258072	1	Tanzania	TZ	TZ		-6	35	TZ	1	Tanzania	TZ	TZ		-6	35	TZ	20251108111500	https://article.wn.com/view/2025/11/08/Tanzania_police_seek_to_arrest_opposition_leaders_after_prot_v/
1273132277	20251108	202511	2025	2025.8438	UAF	TERRORIST						UAF													0	015	015	01	1	0.0	5	1	5	-1.32362673726009	2	Connecticut, United States	US	USCT		41.5834	-72.7622	CT	0								2	Connecticut, United States	US	USCT		41.5834	-72.7622	CT	20251108111500	https://www.courant.com/2025/11/08/ct-gov-lamont-calls-special-session-for-next-week-heres-whats-on-the-agenda/
1273132278	20251108	202511	2025	2025.8438	UAF	TERRORIST						UAF													0	1123	112	11	3	-2.0	10	1	10	-9.43877551020403	3	White House, District of Columbia, United States	US	USDC		38.8951	-77.0364	531871	0								3	White House, District of Columbia, United States	US	USDC		38.8951	-77.0364	531871	20251108111500	https://www.postregister.com/opinion/columns/opinion-we-owe-veterans-much-more-than-thanks-praise/article_f246f9b1-b325-4ba1-aac0-9fc58e886f08.html
1273132279	20251108	202511	2025	2025.8438	UAF	TERRORIST						UAF													0	173	173	17	4	-5.0	5	1	5	-1.32362673726009	2	Connecticut, United States	US	USCT		41.5834	-72.7622	CT	0								2	Connecticut, United States	US	USCT		41.5834	-72.7622	CT	20251108111500	https://www.courant.com/2025/11/08/ct-gov-lamont-calls-special-session-for-next-week-heres-whats-on-the-agenda/
1273132280	20251108	202511	2025	2025.8438	UAF	MILITANT						UAF			BEL	BRUSSELS	BEL								1	0256	025	02	1	-0.3	2	1	2	-8.45070422535207	1	Israel	IS	IS		31.5	34.75	IS	1	Iran	IR	IR		32	53	IR	1	Israel	IS	IS		31.5	34.75	IS	20251108111500	https://www.straitstimes.com/world/europe/eu-condemns-israeli-strikes-in-lebanon
1273132281	20251108	202511	2025	2025.8438	UGA	UGANDA	UGA																		0	190	190	19	4	-10.0	2	1	2	3.14358538657604	4	Katwe, Kasese, Uganda	UG	UG40	18585	-0.141667	29.8303	-1729528	0								4	Katwe, Kasese, Uganda	UG	UG40	18585	-0.141667	29.8303	-1729528	20251108111500	https://www.tbsnews.net/splash/mr-cardamom-you-heard-his-victory-speech-now-stream-his-mix-tapes-1280141
1273132282	20251108	202511	2025	2025.8438	UGA	UGANDA	UGA								KEN	KENYAN	KEN								1	181	181	18	4	-9.0	1	1	1	3.57142857142857	4	Kampala, Kampala, Uganda	UG	UG37	18585	0.315556	32.5656	-1728891	4	Busia, Western, Kenya	KE	KE09	18585	0.467084	34.0882	-2242746	4	Kampala, Kampala, Uganda	UG	UG37	18585	0.315556	32.5656	-1728891	20251108111500	https://www.standardmedia.co.ke/article/2001533744/how-kenya-secured-release-of-activists-njagi-and-oyoo-in-uganda
1273132283	20251108	202511	2025	2025.8438	UGA	UGANDA	UGA								KENGOV	KENYAN	KEN					GOV			1	0841	084	08	2	7.0	3	1	3	3.57142857142857	4	Kampala, Kampala, Uganda	UG	UG37	18585	0.315556	32.5656	-1728891	4	Busia, Western, Kenya	KE	KE09	18585	0.467084	34.0882	-2242746	4	Busia, Western, Kenya	KE	KE09	18585	0.467084	34.0882	-2242746	20251108111500	https://www.standardmedia.co.ke/article/2001533744/how-kenya-secured-release-of-activists-njagi-and-oyoo-in-uganda
1273132284	20251108	202511	2025	2025.8438	UGA	UGANDA	UGA								KENGOV	KENYAN	KEN					GOV			1	181	181	18	4	-9.0	3	1	3	3.57142857142857	4	Kampala, Kampala, Uganda	UG	UG37	18585	0.315556	32.5656	-1728891	4	Busia, Western, Kenya	KE	KE09	18585	0.467084	34.0882	-2242746	4	Kampala, Kampala, Uganda	UG	UG37	18585	0.315556	32.5656	-1728891	20251108111500	https://www.standardmedia.co.ke/article/2001533744/how-kenya-secured-release-of-activists-njagi-and-oyoo-in-uganda
1273132285	20251108	202511	2025	2025.8438	UGAOPP	UGANDA	UGA					OPP			KEN	KENYAN	KEN								1	0841	084	08	2	7.0	2	1	2	3.57142857142857	4	Kampala, Kampala, Uganda	UG	UG37	18585	0.315556	32.5656	-1728891	4	Kampala, Kampala, Uganda	UG	UG37	18585	0.315556	32.5656	-1728891	4	Kampala, Kampala, Uganda	UG	UG37	18585	0.315556	32.5656	-1728891	20251108111500	https://www.standardmedia.co.ke/article/2001533744/how-kenya-secured-release-of-activists-njagi-and-oyoo-in-uganda
1273132286	20251108	202511	2025	2025.8438	UGAOPP	UGANDA	UGA					OPP			UGA	UGANDA	UGA								1	181	181	18	4	-9.0	1	1	1	3.57142857142857	4	Kampala, Kampala, Uganda	UG	UG37	18585	0.315556	32.5656	-1728891	4	Kampala, Kampala, Uganda	UG	UG37	18585	0.315556	32.5656	-1728891	4	Kampala, Kampala, Uganda	UG	UG37	18585	0.315556	32.5656	-1728891	20251108111500	https://www.standardmedia.co.ke/article/2001533744/how-kenya-secured-release-of-activists-njagi-and-oyoo-in-uganda
1273132287	20251108	202511	2025	2025.8438	UKR	CHERNOBYL	UKR																		1	017	017	01	1	0.0	4	1	4	-7.37564322469983	1	Ukraine	UP	UP		49	32	UP	0								1	Ukraine	UP	UP		49	32	UP	20251108111500	https://www.postregister.com/outdoors/chernobyl-and-its-wildlife/article_9e384a4a-ce6f-46ba-b5e7-f39d519e6ffc.html
1273132288	20251108	202511	2025	2025.8438	UKR	UKRAINE	UKR																		1	194	194	19	4	-10.0	6	3	6	-7.41479471263036	4	Kremenchuk, Poltavs'ka Oblast', Ukraine	UP	UP18	28559	49.072	33.4275	-1043663	0								4	Kharkiv, Kharkivs'ka Oblast', Ukraine	UP	UP07	25036	49.9808	36.2527	-1041320	20251108111500	https://www.straitstimes.com/world/europe/russia-hits-several-key-ukraine-energy-facilities-kills-three-people
1273132289	20251108	202511	2025	2025.8438	UKR	UKRAINE	UKR																		1	194	194	19	4	-10.0	16	3	16	-7.4007838366554	4	Kremenchuk, Poltavs'ka Oblast', Ukraine	UP	UP18	28559	49.072	33.4275	-1043663	0								4	Kremenchuk, Poltavs'ka Oblast', Ukraine	UP	UP18	28559	49.072	33.4275	-1043663	20251108111500	https://www.straitstimes.com/world/europe/russia-hits-several-key-ukraine-energy-facilities-kills-three-people
1273132290	20251108	202511	2025	2025.8438	UKR	UKRAINE	UKR																		1	194	194	19	4	-10.0	2	1	2	-7.52688172043011	4	Kremenchuk, Poltavs'ka Oblast', Ukraine	UP	UP18	28559	49.072	33.4275	-1043663	0								4	Moscow, Moskva, Russia	RS	RS48	25106	55.7522	37.6156	-2960561	20251108111500	https://www.straitstimes.com/world/europe/russia-hits-several-key-ukraine-energy-facilities-kills-three-people
1273132291	20251108	202511	2025	2025.8438	UKR	UKRAINE	UKR																		1	194	194	19	4	-10.0	6	3	6	-7.41479471263036	4	Moscow, Moskva, Russia	RS	RS48	25106	55.7522	37.6156	-2960561	0								4	Moscow, Moskva, Russia	RS	RS48	25106	55.7522	37.6156	-2960561	20251108111500	https://www.straitstimes.com/world/europe/russia-hits-several-key-ukraine-energy-facilities-kills-three-people
1273132292	20251108	202511	2025	2025.8438	UKR	CHERNOBYL	UKR								RUS	RUSSIA	RUS								1	017	017	01	1	0.0	4	1	4	-7.37564322469983	1	Ukraine	UP	UP		49	32	UP	1	Russia	RS	RS		60	100	RS	1	Ukraine	UP	UP		49	32	UP	20251108111500	https://www.postregister.com/outdoors/chernobyl-and-its-wildlife/article_9e384a4a-ce6f-46ba-b5e7-f39d519e6ffc.html
1273132293	20251108	202511	2025	2025.8438	UKR	CHERNOBYL	UKR								RUS	RUSSIA	RUS								1	017	017	01	1	0.0	2	1	2	-7.37564322469983	1	Ukraine	UP	UP		49	32	UP	1	Ukraine	UP	UP		49	32	UP	1	Ukraine	UP	UP		49	32	UP	20251108111500	https://www.postregister.com/outdoors/chernobyl-and-its-wildlife/article_9e384a4a-ce6f-46ba-b5e7-f39d519e6ffc.html
1273132294	20251108	202511	2025	2025.8438	UKR	UKRAINE	UKR								RUS	RUSSIAN	RUS								1	180	180	18	4	-9.0	2	1	2	-9.75609756097556	4	Kyiv, Kyyiv, Misto, Ukraine	UP	UP12	28554	50.4333	30.5167	-1044367	4	Volgograd, Volgogradskaya Oblast', Russia	RS	RS84	25113	48.8047	44.5858	-3034353	4	Volgograd, Volgogradskaya Oblast', Russia	RS	RS84	25113	48.8047	44.5858	-3034353	20251108111500	https://finance.yahoo.com/news/ukrainian-strike-shuts-key-lukoil-170000531.html
1273132295	20251108	202511	2025	2025.8438	UKR	UKRAINE	UKR								RUS	RUSSIAN	RUS								1	190	190	19	4	-10.0	2	1	2	-9.75609756097556	4	Kyiv, Kyyiv, Misto, Ukraine	UP	UP12	28554	50.4333	30.5167	-1044367	4	Volgograd, Volgogradskaya Oblast', Russia	RS	RS84	25113	48.8047	44.5858	-3034353	4	Kyiv, Kyyiv, Misto, Ukraine	UP	UP12	28554	50.4333	30.5167	-1044367	20251108111500	https://finance.yahoo.com/news/ukrainian-strike-shuts-key-lukoil-170000531.html
1273132296	20251108	202511	2025	2025.8438	USA	WASHINGTON	USA																		1	010	010	01	1	0.0	1	1	1	6.19266055045872	2	Ohio, United States	US	USOH		40.3736	-82.7755	OH	0								3	Washington, District of Columbia, United States	US	USDC	DC001	38.8951	-77.0364	531871	20251108111500	https://www.timesleaderonline.com/news/community/2025/11/oue-now-accepting-mlk-writing-contest-submissions/
1273132297	20251108	202511	2025	2025.8438	USA	UNITED STATES	USA																		1	012	012	01	1	-0.4	2	1	2	-0.8	1	Iraq	IZ	IZ		33	44	IZ	0								2	Maine, United States	US	USME		44.6074	-69.3977	ME	20251108111500	https://www.nbcnews.com/politics/2026-election/graham-platner-says-no-john-fetterman-gets-concerns-rcna242667
1273132298	20251108	202511	2025	2025.8438	USA	WYOMING	USA																		1	014	014	01	1	0.0	10	1	10	0	2	Wyoming, United States	US	USWY		42.7475	-107.209	WY	0								2	Wyoming, United States	US	USWY		42.7475	-107.209	WY	20251108111500	https://people.com/tucker-carlson-would-consider-suicide-if-daughter-like-liz-cheney-11846277
1273132299	20251108	202511	2025	2025.8438	USA	RHODE ISLAND	USA																		1	031	031	03	1	5.2	2	1	2	0	2	Nevada, United States	US	USNV		38.4199	-117.122	NV	0								2	Nevada, United States	US	USNV		38.4199	-117.122	NV	20251108111500	https://www.casino.org/news/affinity-owner-of-las-vegas-primm-casinos-reportedly-seeking-debt-deal/
1273132300	20251108	202511	2025	2025.8438	USA	UNITED STATES	USA																		1	042	042	04	1	1.9	2	1	2	2.34741784037559	4	Toronto, Ontario, Canada	CA	CA08	12686	43.6667	-79.4167	-574890	0								4	Toronto, Ontario, Canada	CA	CA08	12686	43.6667	-79.4167	-574890	20251108111500	https://www.investmentexecutive.com/news/industry-moves-this-week-99/
1273132301	20251108	202511	2025	2025.8438	USA	UNITED STATES	USA																		0	042	042	04	1	1.9	1	1	1	-0.34129692832765	3	Anchorage, Alaska, United States	US	USAK	AK020	61.2181	-149.9	1398242	0								2	Pennsylvania, United States	US	USPA		40.5773	-77.264	PA	20251108111500	https://www.postregister.com/features/smart_living/what-to-know-about-the-annual-sign-up-window-for-health-insurance/article_941e8bec-f774-4c7b-aa63-b92c18ca9019.html
1273132302	20251108	202511	2025	2025.8438	USA	UNITED STATES	USA																		0	042	042	04	1	1.9	2	1	2	-2.00222469410456	3	Fairfield County, Connecticut, United States	US	USCT	CT001	41.2668	-73.3162	212794	0								3	Fairfield County, Connecticut, United States	US	USCT		41.2668	-73.3162	212794	20251108111500	https://www.courant.com/2025/11/08/three-unions-bolt-ct-afl-cio-after-failure-to-oust-leader/
1273132303	20251108	202511	2025	2025.8438	USA	INDIANAPOLIS	USA																		1	043	043	04	1	2.8	7	1	7	-9.70464135021097	3	Indianapolis, Indiana, United States	US	USIN	IN097	39.7684	-86.158	452890	0								3	Indianapolis, Indiana, United States	US	USIN	IN097	39.7684	-86.158	452890	20251108111500	https://athens-times.com/tragedy-in-indiana-housekeeper-killed-by-gunshot-after-entering-wrong-home-2/
1273132304	20251108	202511	2025	2025.8438	USA	UNITED STATES	USA																		1	080	080	08	2	5.0	2	1	2	0	2	Wyoming, United States	US	USWY		42.7475	-107.209	WY	0								2	Wyoming, United States	US	USWY		42.7475	-107.209	WY	20251108111500	https://people.com/tucker-carlson-would-consider-suicide-if-daughter-like-liz-cheney-11846277
1273132305	20251108	202511	2025	2025.8438	USA	LAS VEGAS	USA																		1	081	081	08	2	5.0	5	1	5	3.64963503649635	2	Nevada, United States	US	USNV		38.4199	-117.122	NV	0								2	Nevada, United States	US	USNV		38.4199	-117.122	NV	20251108111500	https://www.fox5vegas.com/2025/11/08/obstacles-open-nevada-cannabis-consumption-lounges-face-hurdles-despite-legalization/
1273132306	20251108	202511	2025	2025.8438	USA	UNITED STATES	USA																		0	110	110	11	3	-2.0	4	1	4	-2.73871206513694	2	Montana, United States	US	USMT		46.9048	-110.326	MT	0								2	Montana, United States	US	USMT		46.9048	-110.326	MT	20251108111500	https://www.marketscreener.com/news/federal-shutdown-threatens-these-trump-voters-livelihoods-but-not-their-political-loyalties-ce7d5fdbda8ef223
1273132307	20251108	202511	2025	2025.8438	USA	UNITED STATES	USA																		0	112	112	11	3	-2.0	2	1	2	-2.73871206513694	2	Georgia, United States	US	USGA		32.9866	-83.6487	GA	0								2	Georgia, United States	US	USGA		32.9866	-83.6487	GA	20251108111500	https://www.marketscreener.com/news/federal-shutdown-threatens-these-trump-voters-livelihoods-but-not-their-political-loyalties-ce7d5fdbda8ef223
1273132308	20251108	202511	2025	2025.8438	USA	UNITED STATES	USA																		0	114	114	11	3	-2.0	4	1	4	-2.73871206513694	2	Georgia, United States	US	USGA		32.9866	-83.6487	GA	0								2	Georgia, United States	US	USGA		32.9866	-83.6487	GA	20251108111500	https://www.marketscreener.com/news/federal-shutdown-threatens-these-trump-voters-livelihoods-but-not-their-political-loyalties-ce7d5fdbda8ef223
1273132309	20251108	202511	2025	2025.8438	USA	UNITED STATES	USA																		1	120	120	12	3	-4.0	2	1	2	-2.00222469410456	3	Fairfield County, Connecticut, United States	US	USCT	CT001	41.2668	-73.3162	212794	0								3	Fairfield County, Connecticut, United States	US	USCT		41.2668	-73.3162	212794	20251108111500	https://www.courant.com/2025/11/08/three-unions-bolt-ct-afl-cio-after-failure-to-oust-leader/
1273132310	20251108	202511	2025	2025.8438	USA	UNITED STATES	USA																		1	120	120	12	3	-4.0	2	1	2	-2.00222469410456	2	Connecticut, United States	US	USCT		41.5834	-72.7622	CT	0								2	Connecticut, United States	US	USCT		41.5834	-72.7622	CT	20251108111500	https://www.courant.com/2025/11/08/three-unions-bolt-ct-afl-cio-after-failure-to-oust-leader/
1273132311	20251108	202511	2025	2025.8438	USA	CONNECTICUT	USA																		0	125	125	12	3	-5.0	7	1	7	-2.00222469410456	2	Connecticut, United States	US	USCT		41.5834	-72.7622	CT	0								2	Connecticut, United States	US	USCT		41.5834	-72.7622	CT	20251108111500	https://www.courant.com/2025/11/08/three-unions-bolt-ct-afl-cio-after-failure-to-oust-leader/
1273132312	20251108	202511	2025	2025.8438	USA	UNITED STATES	USA																		1	130	130	13	3	-4.4	4	1	4	1.78571428571429	3	Hollywood, California, United States	US	USCA	CA037	34.0983	-118.327	1660757	0								3	Hollywood, California, United States	US	USCA	CA037	34.0983	-118.327	1660757	20251108111500	https://indianexpress.com/article/entertainment/hollywood/priyanka-chopra-makes-musical-comeback-with-desi-version-of-last-christmas-watch-10353572/
1273132313	20251108	202511	2025	2025.8438	USA	THE US	USA								AFR	AFRICA	AFR								0	043	043	04	1	2.8	1	1	1	-3.58974358974359	4	Johannesburg, Gauteng, South Africa	SF	SF06	77364	-26.2	28.0833	-1240261	4	Johannesburg, Gauteng, South Africa	SF	SF06	77364	-26.2	28.0833	-1240261	4	Johannesburg, Gauteng, South Africa	SF	SF06	77364	-26.2	28.0833	-1240261	20251108111500	https://cyprus-mail.com/2025/11/08/trump-says-no-us-government-official-will-attend-g20-summit-in-south-africa
1273132314	20251108	202511	2025	2025.8438	USA	THE US	USA								AFR	AFRICA	AFR								0	043	043	04	1	2.8	1	1	1	-3.58974358974359	4	Gaza, Israel (general), Israel	IS	IS00	18315	31.4167	34.3333	-797156	4	Johannesburg, Gauteng, South Africa	SF	SF06	77364	-26.2	28.0833	-1240261	4	Gaza, Israel (general), Israel	IS	IS00	18315	31.4167	34.3333	-797156	20251108111500	https://cyprus-mail.com/2025/11/08/trump-says-no-us-government-official-will-attend-g20-summit-in-south-africa
1273132315	20251108	202511	2025	2025.8438	USA	UNITED STATES	USA								BUS	BUSINESS						BUS			1	012	012	01	1	-0.4	2	1	2	3.66197183098592	3	White House, District of Columbia, United States	US	USDC		38.8951	-77.0364	531871	3	White House, District of Columbia, United States	US	USDC		38.8951	-77.0364	531871	3	White House, District of Columbia, United States	US	USDC		38.8951	-77.0364	531871	20251108111500	https://www.businessinsider.com/wharton-ai-expert-ethan-mollick-gen-z-jobs-skills-tasks-2025-11
1273132316	20251108	202511	2025	2025.8438	USA	UNITED STATES	USA								GOV	GOVERNOR						GOV			0	020	020	02	1	3.0	2	1	2	-2.00222469410456	2	Connecticut, United States	US	USCT		41.5834	-72.7622	CT	3	New London, Connecticut, United States	US	USCT		41.3557	-72.0995	209237	3	New London, Connecticut, United States	US	USCT		41.3557	-72.0995	209237	20251108111500	https://www.courant.com/2025/11/08/three-unions-bolt-ct-afl-cio-after-failure-to-oust-leader/
1273132317	20251108	202511	2025	2025.8438	USA	UNITED STATES	USA								GOV	GOVERNOR						GOV			0	020	020	02	1	3.0	2	1	2	-2.00222469410456	2	Connecticut, United States	US	USCT		41.5834	-72.7622	CT	2	Connecticut, United States	US	USCT		41.5834	-72.7622	CT	2	Connecticut, United States	US	USCT		41.5834	-72.7622	CT	20251108111500	https://www.courant.com/2025/11/08/three-unions-bolt-ct-afl-cio-after-failure-to-oust-leader/
1273132318	20251108	202511	2025	2025.8438	USA	UNITED STATES	USA								GOV	PRESIDENT						GOV			0	042	042	04	1	1.9	2	1	2	-2.00222469410456	3	Fairfield County, Connecticut, United States	US	USCT	CT001	41.2668	-73.3162	212794	3	Fairfield County, Connecticut, United States	US	USCT		41.2668	-73.3162	212794	3	Fairfield County, Connecticut, United States	US	USCT		41.2668	-73.3162	212794	20251108111500	https://www.courant.com/2025/11/08/three-unions-bolt-ct-afl-cio-after-failure-to-oust-leader/
1273132319	20251108	202511	2025	2025.8438	USA	UNITED STATES	USA								GOV	PRESIDENT						GOV			0	043	043	04	1	2.8	2	1	2	-2.00222469410456	3	Fairfield County, Connecticut, United States	US	USCT	CT001	41.2668	-73.3162	212794	3	Fairfield County, Connecticut, United States	US	USCT		41.2668	-73.3162	212794	3	Fairfield County, Connecticut, United States	US	USCT		41.2668	-73.3162	212794	20251108111500	https://www.courant.com/2025/11/08/three-unions-bolt-ct-afl-cio-after-failure-to-oust-leader/
1273132320	20251108	202511	2025	2025.8438	USA	UNITED STATES	USA								GOV	GOVERNMENT						GOV			1	071	071	07	2	7.4	4	1	4	-5.61056105610561	2	Texas, United States	US	USTX		31.106	-97.6475	TX	2	Texas, United States	US	USTX		31.106	-97.6475	TX	2	Texas, United States	US	USTX		31.106	-97.6475	TX	20251108111500	https://victoriaadvocate.com/2025/11/08/victoria-business-owner-accepts-plea-agreement-in-federal-case/
1273132321	20251108	202511	2025	2025.8438	USA	UNITED STATES	USA								GOV	GOVERNOR						GOV			0	129	129	12	3	-5.0	2	1	2	-2.00222469410456	3	New London, Connecticut, United States	US	USCT	CT011	41.3557	-72.0995	209237	3	New London, Connecticut, United States	US	USCT		41.3557	-72.0995	209237	3	New London, Connecticut, United States	US	USCT		41.3557	-72.0995	209237	20251108111500	https://www.courant.com/2025/11/08/three-unions-bolt-ct-afl-cio-after-failure-to-oust-leader/
1273132322	20251108	202511	2025	2025.8438	USA	IDAHO	USA								HLH	HOSPITAL						HLH			1	130	130	13	3	-4.4	4	1	4	-0.44543429844098	2	Idaho, United States	US	USID		44.2394	-114.51	ID	2	Idaho, United States	US	USID		44.2394	-114.51	ID	2	Idaho, United States	US	USID		44.2394	-114.51	ID	20251108111500	https://www.postregister.com/opinion/guest_column/opinion-trump-idaho-gop-insist-on-making-health-care-unaffordable/article_45c98000-aaa0-4dd2-a7a0-c47c1500cf60.html
1273132323	20251108	202511	2025	2025.8438	USA	THE US	USA								IGOUNO	UNITED NATIONS		UNO				IGO			1	051	051	05	1	3.4	5	1	5	-1.97183098591549	1	Bermuda	BD	BD		32.333333	-64.75	BD	1	Bermuda	BD	BD		32.333333	-64.75	BD	1	Bermuda	BD	BD		32.333333	-64.75	BD	20251108111500	https://www.graphic.com.gh/news/general-news/ghana-news-ghana-donates-relief-items-to-hurricane-melissa-sudan-war-victims.html
1273132324	20251108	202511	2025	2025.8438	USA	UNITED STATES	USA								ISR	ISRAEL	ISR								0	013	013	01	1	0.4	1	1	1	-0.8	2	Maine, United States	US	USME		44.6074	-69.3977	ME	1	Israel	IS	IS		31.5	34.75	IS	2	Maine, United States	US	USME		44.6074	-69.3977	ME	20251108111500	https://www.nbcnews.com/politics/2026-election/graham-platner-says-no-john-fetterman-gets-concerns-rcna242667
1273132325	20251108	202511	2025	2025.8438	USA	UNITED STATES	USA								ISR	ISRAEL	ISR								0	013	013	01	1	0.4	1	1	1	-0.8	2	Maine, United States	US	USME		44.6074	-69.3977	ME	2	Maine, United States	US	USME		44.6074	-69.3977	ME	2	Maine, United States	US	USME		44.6074	-69.3977	ME	20251108111500	https://www.nbcnews.com/politics/2026-election/graham-platner-says-no-john-fetterman-gets-concerns-rcna242667
1273132326	20251108	202511	2025	2025.8438	USA	ATLANTA	USA								ITA	PIEDMONT	ITA								0	043	043	04	1	2.8	10	1	10	5.70342205323194	0								0								0								20251108111500	https://www.tickerreport.com/banking-finance/13235015/head-to-head-comparison-piedmont-realty-trust-nysepdm-vs-jbg-smith-properties-nysejbgs.html
1273132327	20251108	202511	2025	2025.8438	USA	CONNECTICUT	USA								JUD	DISTRICT COURT						JUD			1	042	042	04	1	1.9	1	1	1	-0.12338062924121	2	Connecticut, United States	US	USCT		41.5834	-72.7622	CT	3	Brookline, Massachusetts, United States	US	USMA	MA021	42.3318	-71.1212	606977	2	Connecticut, United States	US	USCT		41.5834	-72.7622	CT	20251108111500	https://masslawyersweekly.com/2025/11/08/appeals-court-sua-sponte-rule-60b-consumer-fraud/
1273132328	20251108	202511	2025	2025.8438	USA	UNITED STATES	USA								LAB	UNIONS						LAB			0	013	013	01	1	0.4	4	1	4	-2.00222469410456	2	Connecticut, United States	US	USCT		41.5834	-72.7622	CT	2	Connecticut, United States	US	USCT		41.5834	-72.7622	CT	2	Connecticut, United States	US	USCT		41.5834	-72.7622	CT	20251108111500	https://www.courant.com/2025/11/08/three-unions-bolt-ct-afl-cio-after-failure-to-oust-leader/
1273132329	20251108	202511	2025	2025.8438	USA	UNITED STATES	USA								MED	PUBLICATION						MED			1	013	013	01	1	0.4	2	1	2	0.28011204481792	3	Jackson Hole, Utah, United States	US	USUT	UT019	38.513	-109.638	1429103	3	Jackson Hole, Utah, United States	US	USUT		38.513	-109.638	1429103	3	Jackson Hole, Utah, United States	US	USUT		38.513	-109.638	1429103	20251108111500	https://www.jhnewsandguide.com/news/health/local/wyoming-department-of-education-hosts-measles-prevention-trainining/article_6f22e27d-f30a-4775-bacb-0371dd66ca31.html
1273132330	20251108	202511	2025	2025.8438	USA	UNITED STATES	USA								MNCUSAMED	GOOGLE	USA					MNC	MED		0	042	042	04	1	1.9	1	1	1	-0.34129692832765	3	Anchorage, Alaska, United States	US	USAK	AK020	61.2181	-149.9	1398242	3	Anchorage, Alaska, United States	US	USAK	AK020	61.2181	-149.9	1398242	2	Pennsylvania, United States	US	USPA		40.5773	-77.264	PA	20251108111500	https://www.postregister.com/features/smart_living/what-to-know-about-the-annual-sign-up-window-for-health-insurance/article_941e8bec-f774-4c7b-aa63-b92c18ca9019.html
1273132331	20251108	202511	2025	2025.8438	USA	UNITED STATES	USA								MOS	MUSLIM				MOS					0	014	014	01	1	0.0	1	1	1	-2.55822833142421	3	Washington, District of Columbia, United States	US	USDC	DC001	38.8951	-77.0364	531871	3	Washington, District of Columbia, United States	US	USDC	DC001	38.8951	-77.0364	531871	3	Washington, District of Columbia, United States	US	USDC	DC001	38.8951	-77.0364	531871	20251108111500	https://www.newsbusters.org/blogs/nb/kyle-drennen/2015/11/22/meet-press-panel-accuses-americans-islamophobia
1273132332	20251108	202511	2025	2025.8438	USA	UNITED STATES	USA								MOS	MUSLIM				MOS					0	014	014	01	1	0.0	1	1	1	-2.55822833142421	2	Iowa, United States	US	USIA		42.0046	-93.214	IA	2	Iowa, United States	US	USIA		42.0046	-93.214	IA	2	Iowa, United States	US	USIA		42.0046	-93.214	IA	20251108111500	https://www.newsbusters.org/blogs/nb/kyle-drennen/2015/11/22/meet-press-panel-accuses-americans-islamophobia
1273132333	20251108	202511	2025	2025.8438	USA	NEW YORK	USA								PTY	POLITICIAN									0	051	051	05	1	3.4	3	1	3	3.14358538657604	2	New York, United States	US	USNY		42.1497	-74.9384	NY	2	New York, United States	US	USNY		42.1497	-74.9384	NY	2	New York, United States	US	USNY		42.1497	-74.9384	NY	20251108111500	https://www.tbsnews.net/splash/mr-cardamom-you-heard-his-victory-speech-now-stream-his-mix-tapes-1280141
1273132334	20251108	202511	2025	2025.8438	USA	OHIO	USA								USAEDU	UNITED STATES	USA					EDU			1	010	010	01	1	0.0	4	1	4	6.19266055045872	2	Ohio, United States	US	USOH		40.3736	-82.7755	OH	2	Ohio, United States	US	USOH		40.3736	-82.7755	OH	2	Ohio, United States	US	USOH		40.3736	-82.7755	OH	20251108111500	https://www.timesleaderonline.com/news/community/2025/11/oue-now-accepting-mlk-writing-contest-submissions/
1273132335	20251108	202511	2025	2025.8438	USA	UNITED STATES	USA								USAELI	GEORGE W. BUSH	USA					ELI			0	014	014	01	1	0.0	1	1	1	-2.55822833142421	3	Washington, District of Columbia, United States	US	USDC	DC001	38.8951	-77.0364	531871	3	Washington, District of Columbia, United States	US	USDC	DC001	38.8951	-77.0364	531871	3	Washington, District of Columbia, United States	US	USDC	DC001	38.8951	-77.0364	531871	20251108111500	https://www.newsbusters.org/blogs/nb/kyle-drennen/2015/11/22/meet-press-panel-accuses-americans-islamophobia
1273132336	20251108	202511	2025	2025.8438	USA	UNITED STATES	USA								USAELI	GEORGE W. BUSH	USA					ELI			0	014	014	01	1	0.0	1	1	1	-2.55822833142421	2	Iowa, United States	US	USIA		42.0046	-93.214	IA	2	Iowa, United States	US	USIA		42.0046	-93.214	IA	2	Iowa, United States	US	USIA		42.0046	-93.214	IA	20251108111500	https://www.newsbusters.org/blogs/nb/kyle-drennen/2015/11/22/meet-press-panel-accuses-americans-islamophobia
1273132337	20251108	202511	2025	2025.8438	USA	WYOMING	USA								USAGOVEDU	UNITED STATES	USA					GOV	EDU		1	043	043	04	1	2.8	2	1	2	0.28011204481792	2	Wyoming, United States	US	USWY		42.7475	-107.209	WY	2	Wyoming, United States	US	USWY		42.7475	-107.209	WY	3	Teton County, Wyoming, United States	US	USWY		43.9166	-110.584	1605083	20251108111500	https://www.jhnewsandguide.com/news/health/local/wyoming-department-of-education-hosts-measles-prevention-trainining/article_6f22e27d-f30a-4775-bacb-0371dd66ca31.html
1273132338	20251108	202511	2025	2025.8438	USA	WYOMING	USA								USAGOVEDU	UNITED STATES	USA					GOV	EDU		1	043	043	04	1	2.8	2	1	2	0.28011204481792	2	Wyoming, United States	US	USWY		42.7475	-107.209	WY	2	Wyoming, United States	US	USWY		42.7475	-107.209	WY	2	Wyoming, United States	US	USWY		42.7475	-107.209	WY	20251108111500	https://www.jhnewsandguide.com/news/health/local/wyoming-department-of-education-hosts-measles-prevention-trainining/article_6f22e27d-f30a-4775-bacb-0371dd66ca31.html
1273132339	20251108	202511	2025	2025.8438	USA	UNITED STATES	USA								USAJUD	UNITED STATES	USA					JUD			1	042	042	04	1	1.9	2	1	2	-0.12338062924121	2	Connecticut, United States	US	USCT		41.5834	-72.7622	CT	3	Brookline, Massachusetts, United States	US	USMA	MA021	42.3318	-71.1212	606977	2	Connecticut, United States	US	USCT		41.5834	-72.7622	CT	20251108111500	https://masslawyersweekly.com/2025/11/08/appeals-court-sua-sponte-rule-60b-consumer-fraud/
1273132340	20251108	202511	2025	2025.8438	USA	UNITED STATES	USA								USAJUD	UNITED STATES	USA					JUD			1	043	043	04	1	2.8	2	1	2	-0.12338062924121	3	Boston, Massachusetts, United States	US	USMA	MA025	42.3584	-71.0598	617565	3	Boston, Massachusetts, United States	US	USMA	MA025	42.3584	-71.0598	617565	3	Boston, Massachusetts, United States	US	USMA	MA025	42.3584	-71.0598	617565	20251108111500	https://masslawyersweekly.com/2025/11/08/appeals-court-sua-sponte-rule-60b-consumer-fraud/
1273132341	20251108	202511	2025	2025.8438	USAEDU	THE US	USA					EDU													0	190	190	19	4	-10.0	3	1	3	-2.83333333333333	3	Columbia University, New York, United States	US	USNY	NY061	40.809	-73.9613	947193	0								3	Columbia University, New York, United States	US	USNY		40.809	-73.9613	947193	20251108111500	https://www.thehindubusinessline.com/news/education/cornell-university-research-funds-to-be-restored-in-deal-with-trump-administration/article70255865.ece
1273132342	20251108	202511	2025	2025.8438	USAEDU	THE US	USA					EDU													0	190	190	19	4	-10.0	1	1	1	-2.83333333333333	3	Cornell University, New York, United States	US	USNY	NY109	42.447	-76.483	947467	0								3	Cornell University, New York, United States	US	USNY		42.447	-76.483	947467	20251108111500	https://www.thehindubusinessline.com/news/education/cornell-university-research-funds-to-be-restored-in-deal-with-trump-administration/article70255865.ece
1273132343	20251108	202511	2025	2025.8438	USAEDU	THE US	USA					EDU													0	190	190	19	4	-10.0	1	1	1	-2.83333333333333	1	Israel	IS	IS		31.5	34.75	IS	0								3	Cornell University, New York, United States	US	USNY		42.447	-76.483	947467	20251108111500	https://www.thehindubusinessline.com/news/education/cornell-university-research-funds-to-be-restored-in-deal-with-trump-administration/article70255865.ece
1273132344	20251108	202511	2025	2025.8438	USAEDU	OHIO	USA					EDU			GOV	KING						GOV			1	010	010	01	1	0.0	6	1	6	6.19266055045872	2	Ohio, United States	US	USOH		40.3736	-82.7755	OH	2	Ohio, United States	US	USOH		40.3736	-82.7755	OH	2	Ohio, United States	US	USOH		40.3736	-82.7755	OH	20251108111500	https://www.timesleaderonline.com/news/community/2025/11/oue-now-accepting-mlk-writing-contest-submissions/
1273132345	20251108	202511	2025	2025.8438	USAEDU	CHARLOTTE	USA					EDU			MED	MEDIA						MED			0	010	010	01	1	0.0	4	1	4	-0.79470198675497	1	Denmark	DA	DA		56	10	DA	1	Denmark	DA	DA		56	10	DA	1	Denmark	DA	DA		56	10	DA	20251108111500	https://www.yahoo.com/news/articles/methane-cutting-cow-feed-trials-084158445.html
1273132346	20251108	202511	2025	2025.8438	USAEDU	CHARLOTTE	USA					EDU			MED	MEDIA						MED			0	012	012	01	1	-0.4	4	1	4	-0.79470198675497	1	Denmark	DA	DA		56	10	DA	1	Denmark	DA	DA		56	10	DA	1	Denmark	DA	DA		56	10	DA	20251108111500	https://www.yahoo.com/news/articles/methane-cutting-cow-feed-trials-084158445.html
1273132347	20251108	202511	2025	2025.8438	USAELI	GEORGE W. BUSH	USA					ELI			USA	AMERICAN	USA								0	014	014	01	1	0.0	6	1	6	-2.55822833142421	2	Iowa, United States	US	USIA		42.0046	-93.214	IA	2	Iowa, United States	US	USIA		42.0046	-93.214	IA	2	Iowa, United States	US	USIA		42.0046	-93.214	IA	20251108111500	https://www.newsbusters.org/blogs/nb/kyle-drennen/2015/11/22/meet-press-panel-accuses-americans-islamophobia
1273132348	20251108	202511	2025	2025.8438	USAGOV	RICHARD NIXON	USA					GOV													1	014	014	01	1	0.0	10	1	10	-9.43877551020403	1	Vietnam, Republic Of	VM	VM		16.166667	107.833333	VM	0								1	Vietnam, Republic Of	VM	VM		16.166667	107.833333	VM	20251108111500	https://www.postregister.com/opinion/columns/opinion-we-owe-veterans-much-more-than-thanks-praise/article_f246f9b1-b325-4ba1-aac0-9fc58e886f08.html
1273132349	20251108	202511	2025	2025.8438	USAGOV	THE WHITE HOUSE	USA					GOV			BUS	BUSINESS						BUS			1	012	012	01	1	-0.4	1	1	1	3.66197183098592	3	White House, District of Columbia, United States	US	USDC		38.8951	-77.0364	531871	3	White House, District of Columbia, United States	US	USDC		38.8951	-77.0364	531871	3	White House, District of Columbia, United States	US	USDC		38.8951	-77.0364	531871	20251108111500	https://www.businessinsider.com/wharton-ai-expert-ethan-mollick-gen-z-jobs-skills-tasks-2025-11
1273132350	20251108	202511	2025	2025.8438	USAGOV	THE WHITE HOUSE	USA					GOV			BUS	BUSINESS						BUS			1	013	013	01	1	0.4	1	1	1	3.66197183098592	3	White House, District of Columbia, United States	US	USDC		38.8951	-77.0364	531871	3	White House, District of Columbia, United States	US	USDC		38.8951	-77.0364	531871	3	White House, District of Columbia, United States	US	USDC		38.8951	-77.0364	531871	20251108111500	https://www.businessinsider.com/wharton-ai-expert-ethan-mollick-gen-z-jobs-skills-tasks-2025-11
1273132351	20251108	202511	2025	2025.8438	USAGOV	THE WHITE HOUSE	USA					GOV			BUS	BUSINESS						BUS			1	020	020	02	1	3.0	1	1	1	3.66197183098592	3	White House, District of Columbia, United States	US	USDC		38.8951	-77.0364	531871	3	White House, District of Columbia, United States	US	USDC		38.8951	-77.0364	531871	3	White House, District of Columbia, United States	US	USDC		38.8951	-77.0364	531871	20251108111500	https://www.businessinsider.com/wharton-ai-expert-ethan-mollick-gen-z-jobs-skills-tasks-2025-11
1273132352	20251108	202511	2025	2025.8438	USAGOVEDU	UNITED STATES	USA					GOV	EDU												1	043	043	04	1	2.8	2	1	2	0.28011204481792	3	Teton County, Wyoming, United States	US	USWY	WY039	43.9166	-110.584	1605083	0								3	Teton County, Wyoming, United States	US	USWY		43.9166	-110.584	1605083	20251108111500	https://www.jhnewsandguide.com/news/health/local/wyoming-department-of-education-hosts-measles-prevention-trainining/article_6f22e27d-f30a-4775-bacb-0371dd66ca31.html
1273132353	20251108	202511	2025	2025.8438	USAGOVEDU	WYOMING	USA					GOV	EDU												1	043	043	04	1	2.8	4	1	4	0.28011204481792	2	Wyoming, United States	US	USWY		42.7475	-107.209	WY	0								3	Teton County, Wyoming, United States	US	USWY		43.9166	-110.584	1605083	20251108111500	https://www.jhnewsandguide.com/news/health/local/wyoming-department-of-education-hosts-measles-prevention-trainining/article_6f22e27d-f30a-4775-bacb-0371dd66ca31.html
1273132354	20251108	202511	2025	2025.8438	USAGOVEDU	WYOMING	USA					GOV	EDU												1	043	043	04	1	2.8	8	1	6	0.28011204481792	2	Wyoming, United States	US	USWY		42.7475	-107.209	WY	0								2	Wyoming, United States	US	USWY		42.7475	-107.209	WY	20251108111500	https://www.jhnewsandguide.com/news/health/local/wyoming-department-of-education-hosts-measles-prevention-trainining/article_6f22e27d-f30a-4775-bacb-0371dd66ca31.html
1273132355	20251108	202511	2025	2025.8438	USAGOVEDU	UNITED STATES	USA					GOV	EDU		USA	WYOMING	USA								1	042	042	04	1	1.9	4	1	2	0.28011204481792	2	Wyoming, United States	US	USWY		42.7475	-107.209	WY	2	Wyoming, United States	US	USWY		42.7475	-107.209	WY	2	Wyoming, United States	US	USWY		42.7475	-107.209	WY	20251108111500	https://www.jhnewsandguide.com/news/health/local/wyoming-department-of-education-hosts-measles-prevention-trainining/article_6f22e27d-f30a-4775-bacb-0371dd66ca31.html
1273132356	20251108	202511	2025	2025.8438	USAHLH	IDAHO	USA					HLH			HLH	HOSPITAL						HLH			1	130	130	13	3	-4.4	6	1	6	-0.44543429844098	2	Idaho, United States	US	USID		44.2394	-114.51	ID	2	Idaho, United States	US	USID		44.2394	-114.51	ID	2	Idaho, United States	US	USID		44.2394	-114.51	ID	20251108111500	https://www.postregister.com/opinion/guest_column/opinion-trump-idaho-gop-insist-on-making-health-care-unaffordable/article_45c98000-aaa0-4dd2-a7a0-c47c1500cf60.html
1273132357	20251108	202511	2025	2025.8438	USAJUD	UNITED STATES	USA					JUD			USA	UNITED STATES	USA								1	042	042	04	1	1.9	2	1	2	-0.12338062924121	3	Brookline, Massachusetts, United States	US	USMA	MA021	42.3318	-71.1212	606977	3	Brookline, Massachusetts, United States	US	USMA	MA021	42.3318	-71.1212	606977	2	Connecticut, United States	US	USCT		41.5834	-72.7622	CT	20251108111500	https://masslawyersweekly.com/2025/11/08/appeals-court-sua-sponte-rule-60b-consumer-fraud/
1273132358	20251108	202511	2025	2025.8438	USAJUD	UNITED STATES	USA					JUD			USA	UNITED STATES	USA								1	043	043	04	1	2.8	2	1	2	-0.12338062924121	3	Boston, Massachusetts, United States	US	USMA	MA025	42.3584	-71.0598	617565	3	Boston, Massachusetts, United States	US	USMA	MA025	42.3584	-71.0598	617565	3	Boston, Massachusetts, United States	US	USMA	MA025	42.3584	-71.0598	617565	20251108111500	https://masslawyersweekly.com/2025/11/08/appeals-court-sua-sponte-rule-60b-consumer-fraud/
1273132359	20251108	202511	2025	2025.8438	USAJUD	UNITED STATES	USA					JUD			USA	UNITED STATES	USA								0	110	110	11	3	-2.0	2	1	2	-0.12338062924121	3	Boston, Massachusetts, United States	US	USMA	MA025	42.3584	-71.0598	617565	3	Boston, Massachusetts, United States	US	USMA	MA025	42.3584	-71.0598	617565	3	Boston, Massachusetts, United States	US	USMA	MA025	42.3584	-71.0598	617565	20251108111500	https://masslawyersweekly.com/2025/11/08/appeals-court-sua-sponte-rule-60b-consumer-fraud/
1273132360	20251108	202511	2025	2025.8438	USAMED	UNITED STATES	USA					MED													1	010	010	01	1	0.0	2	1	2	3.53982300884956	3	Texarkana, Texas, United States	US	USTX	TX037	33.4251	-94.0477	1369752	0								3	Texarkana, Texas, United States	US	USTX	TX037	33.4251	-94.0477	1369752	20251108111500	https://www.texarkanagazette.com/news/2025/nov/08/church-news-for-saturday-nov-8-2025/
1273132361	20251108	202511	2025	2025.8438	USAMED	REUTERS	USA					MED			AFGINSTAL	TALIBAN	AFG	TAL				INS			1	190	190	19	4	-10.0	5	1	5	-2	1	Afghanistan	AF	AF		33	66	AF	1	Pakistan	PK	PK		30	70	PK	1	Pakistan	PK	PK		30	70	PK	20251108111500	https://article.wn.com/view/2025/11/08/Afghanistan_Pakistan_peace_talks_collapse_ceasefire_continue/
1273132362	20251108	202511	2025	2025.8438	USAPRI	PUERTO RICO	USA																		0	012	012	01	1	-0.4	2	1	2	0.92378752886836	1	Puerto Rico	RQ	RQ		18.2359	-66.4838	RQ	0								1	Puerto Rico	RQ	RQ		18.2359	-66.4838	RQ	20251108111500	https://www.businessinsider.com/day-traders-moving-to-puerto-rico-capital-gains-genz-millennials-2025-11
1273132363	20251108	202511	2025	2025.8438	USAPRI	PUERTO RICO	USA								BUS	BUSINESS						BUS			1	013	013	01	1	0.4	2	1	2	0.92378752886836	1	Puerto Rico	RQ	RQ		18.2359	-66.4838	RQ	1	Puerto Rico	RQ	RQ		18.2359	-66.4838	RQ	1	Puerto Rico	RQ	RQ		18.2359	-66.4838	RQ	20251108111500	https://www.businessinsider.com/day-traders-moving-to-puerto-rico-capital-gains-genz-millennials-2025-11
1273132364	20251108	202511	2025	2025.8438	USAPRI	PUERTO RICO	USA								BUS	BUSINESS						BUS			1	043	043	04	1	2.8	2	1	2	0.92378752886836	1	Puerto Rico	RQ	RQ		18.2359	-66.4838	RQ	1	Puerto Rico	RQ	RQ		18.2359	-66.4838	RQ	1	Puerto Rico	RQ	RQ		18.2359	-66.4838	RQ	20251108111500	https://www.businessinsider.com/day-traders-moving-to-puerto-rico-capital-gains-genz-millennials-2025-11
1273132365	20251108	202511	2025	2025.8438	USAPRI	PUERTO RICO	USA								CVL	NEIGHBORHOOD						CVL			0	014	014	01	1	0.0	4	1	4	0.92378752886836	1	Puerto Rico	RQ	RQ		18.2359	-66.4838	RQ	1	Puerto Rico	RQ	RQ		18.2359	-66.4838	RQ	1	Puerto Rico	RQ	RQ		18.2359	-66.4838	RQ	20251108111500	https://www.businessinsider.com/day-traders-moving-to-puerto-rico-capital-gains-genz-millennials-2025-11
1273132366	20251108	202511	2025	2025.8438	chn	CHINOOK			chn						USA	WASHINGTON	USA								1	080	080	08	2	5.0	2	1	2	1.75438596491228	3	Chinook Pass, Washington, United States	US	USWA	WA077	46.8721	-121.516	1517726	2	Washington, United States	US	USWA		47.3917	-121.571	WA	3	Chinook Pass, Washington, United States	US	USWA		46.8721	-121.516	1517726	20251108111500	https://kpq.com/ixp/1137/p/mount-rainier-snowfall-records/
1273132367	20251108	202511	2025	2025.8438	chn	CHINOOK			chn						USA	WASHINGTON	USA								1	080	080	08	2	5.0	1	1	1	1.75438596491228	3	Chinook Pass, Washington, United States	US	USWA	WA077	46.8721	-121.516	1517726	2	Washington, United States	US	USWA		47.3917	-121.571	WA	2	Washington, United States	US	USWA		47.3917	-121.571	WA	20251108111500	https://kpq.com/ixp/1137/p/mount-rainier-snowfall-records/
1273132368	20251108	202511	2025	2025.8438	chn	CHINOOK			chn						USA	WASHINGTON	USA								1	080	080	08	2	5.0	1	1	1	1.75438596491228	2	Washington, United States	US	USWA		47.3917	-121.571	WA	2	Washington, United States	US	USWA		47.3917	-121.571	WA	2	Washington, United States	US	USWA		47.3917	-121.571	WA	20251108111500	https://kpq.com/ixp/1137/p/mount-rainier-snowfall-records/
1273132369	20251108	202511	2025	2025.8438	idg	INDIGENOUS			idg																1	051	051	05	1	3.4	5	1	5	0	0								0								0								20251108111500	https://www.cbc.ca/player/play/video/9.6971694
1273132370	20251108	202511	2025	2025.8438	idg	INDIGENOUS			idg																0	051	051	05	1	3.4	3	1	3	-1.1002444987775	1	Azerbaijan	AJ	AJ		40.5	47.5	AJ	0								1	Azerbaijan	AJ	AJ		40.5	47.5	AJ	20251108111500	https://www.downtoearth.org.in/climate-change/cop30-leaders-summit-demands-fossil-fuel-phase-out-and-fair-climate-finance
1273132371	20251108	202511	2025	2025.8438	idg	INDIGENOUS			idg						BRA	BRAZIL	BRA								0	051	051	05	1	3.4	2	1	2	-1.1002444987775	1	Azerbaijan	AJ	AJ		40.5	47.5	AJ	1	Azerbaijan	AJ	AJ		40.5	47.5	AJ	1	Azerbaijan	AJ	AJ		40.5	47.5	AJ	20251108111500	https://www.downtoearth.org.in/climate-change/cop30-leaders-summit-demands-fossil-fuel-phase-out-and-fair-climate-finance
1273132372	20251108	202511	2025	2025.8438	ran	RANA			ran						tel	TELUGU			tel						1	020	020	02	1	3.0	5	1	5	2.11480362537764	4	Madras, Tamil Nadu, India	IN	IN25	70251	13.0833	80.2833	-2103041	4	Madras, Tamil Nadu, India	IN	IN25	70251	13.0833	80.2833	-2103041	4	Madras, Tamil Nadu, India	IN	IN25	70251	13.0833	80.2833	-2103041	20251108111500	https://www.hindustantimes.com/entertainment/tamil-cinema/bhagyashri-borse-says-rana-daggubati-was-not-sure-of-her-casting-in-kaantha-alongside-dulquer-salmaan-for-this-reason-101762594245717.html
1273132373	20251108	202511	2025	2025.8438	sco	SCOTTISH			sco																1	111	111	11	3	-2.0	10	1	10	1.69971671388102	0								0								0								20251108111500	https://www.thenational.scot/news/25606641.petition-rename-glasgow-bridge-tenant-rights-activist/
1273132374	20251108	202511	2025	2025.8438	scoGOV	SCOTTISH			sco			GOV													0	071	071	07	2	7.4	10	1	10	0.62814070351759	5	Shetland Islands, Shetland Islands, United Kingdom	UK	UKW3	40175	60.3333	-1.33333	-2607640	0								5	Shetland Islands, Shetland Islands, United Kingdom	UK	UKW3	40175	60.3333	-1.33333	-2607640	20251108111500	https://www.shetlandtimes.co.uk/news/energy-giant-in-conversations-about-affordable-housing-propo-418861/
1273132375	20251108	202511	2025	2025.8438	sna	SHONA			sna																0	013	013	01	1	0.4	2	1	2	1.39335476956056	1	Ireland	EI	EI		53	-8	EI	0								1	Ireland	EI	EI		53	-8	EI	20251108111500	https://www.dailymail.co.uk/tvshowbiz/article-15271765/EastEnders-Shona-McGarty-cryptic-post-split-Im-Celeb.html
1273132376	20251108	202511	2025	2025.8438	sna	SHONA			sna																0	013	013	01	1	0.4	8	1	8	1.39335476956056	1	Netherlands	NL	NL		52.5	5.75	NL	0								1	Netherlands	NL	NL		52.5	5.75	NL	20251108111500	https://www.dailymail.co.uk/tvshowbiz/article-15271765/EastEnders-Shona-McGarty-cryptic-post-split-Im-Celeb.html
1273132377	20251108	202511	2025	2025.8438	tam	TAMIL			tam						MED	JOURNALIST						MED			1	020	020	02	1	3.0	5	1	5	-1.76678445229682	0								0								0								20251108111500	https://indianexpress.com/article/entertainment/tamil/gouri-kishan-sexist-question-not-harass-journalist-inappropriate-question-he-says-it-was-fun-10353350/
