1265301644	20240926	202409	2024	2024.7288	AUS	QUEENSLAND	AUS																		0	070	070	07	2	7.0	10	1	10	-4.31519699812382	4	Port Stephens, New South Wales, Australia	AS	AS02	5096	-32.7	152.083	-1602141	0								4	Port Stephens, New South Wales, Australia	AS	AS02	5096	-32.7	152.083	-1602141	20250926051500	https://www.portstephensexaminer.com.au/story/9075369/privacy-concerns-raised-over-unfair-ai-assisted-mobile-phone-and-seatbelt-camera-fines/
1265301645	20240926	202409	2024	2024.7288	ESP	SPAIN	ESP								MIL	MILITARY						MIL			0	072	072	07	2	8.3	1	1	1	2.88461538461538	4	Korat, Nakhon Ratchasima, Thailand	TH	TH27	26712	14.9716	102.083	-3251558	4	Getafe, Madrid, Spain	SP	SP29	25820	40.3084	-3.70596	-383976	4	Korat, Nakhon Ratchasima, Thailand	TH	TH27	26712	14.9716	102.083	-3251558	20250926051500	https://theaviationist.com/2025/09/26/thailand-airbus-a330mrtt-order/
1265301646	20240926	202409	2024	2024.7288	ESP	SPAIN	ESP								MIL	MILITARY						MIL			0	072	072	07	2	8.3	4	1	4	2.88461538461538	4	Getafe, Madrid, Spain	SP	SP29	25820	40.3084	-3.70596	-383976	4	Getafe, Madrid, Spain	SP	SP29	25820	40.3084	-3.70596	-383976	4	Getafe, Madrid, Spain	SP	SP29	25820	40.3084	-3.70596	-383976	20250926051500	https://theaviationist.com/2025/09/26/thailand-airbus-a330mrtt-order/
1265301647	20240926	202409	2024	2024.7288	ESP	SPAIN	ESP								MIL	MILITARY						MIL			0	072	072	07	2	8.3	5	1	5	2.88461538461538	1	Israel	IS	IS		31.5	34.75	IS	1	Israel	IS	IS		31.5	34.75	IS	1	Israel	IS	IS		31.5	34.75	IS	20250926051500	https://theaviationist.com/2025/09/26/thailand-airbus-a330mrtt-order/
1265301648	20240926	202409	2024	2024.7288	MIL	MILITARY						MIL													0	110	110	11	3	-2.0	8	1	8	-12.7659574468085	3	Las Vegas, Nevada, United States	US	USNV	NV003	36.175	-115.137	847388	0								3	Las Vegas, Nevada, United States	US	USNV		36.175	-115.137	847388	20250926051500	https://www.reviewjournal.com/crime/courts/nellis-air-force-officer-sentenced-for-sexually-assaulting-child-3465722/
1265301649	20240926	202409	2024	2024.7288	MIL	MILITARY						MIL			USA	UNITED STATES	USA								0	110	110	11	3	-2.0	2	1	2	-12.7659574468085	3	Las Vegas, Nevada, United States	US	USNV	NV003	36.175	-115.137	847388	3	Las Vegas, Nevada, United States	US	USNV		36.175	-115.137	847388	3	Las Vegas, Nevada, United States	US	USNV		36.175	-115.137	847388	20250926051500	https://www.reviewjournal.com/crime/courts/nellis-air-force-officer-sentenced-for-sexually-assaulting-child-3465722/
1265301650	20240926	202409	2024	2024.7288	USA	MISSOURI	USA								EDU	STUDENT						EDU			0	071	071	07	2	7.4	10	1	10	4.14201183431953	2	Missouri, United States	US	USMO		38.4623	-92.302	MO	2	Missouri, United States	US	USMO		38.4623	-92.302	MO	2	Missouri, United States	US	USMO		38.4623	-92.302	MO	20250926051500	https://www.pressreleasepoint.com/2026-27-fafsa-opens-ahead-schedule-now-available-students-families-complete
1265301651	20250827	202508	2025	2025.6493	AUS	AUSTRALIAN	AUS																		1	036	036	03	1	4.0	10	1	10	12.6984126984127	4	Gannawarra, Victoria, Australia	AS	AS07	5374	-35.7333	144.15	-1574487	0								4	Gannawarra, Victoria, Australia	AS	AS07	5374	-35.7333	144.15	-1574487	20250926051500	https://gannawarratimes.com.au/news/2025/09/26/love-is-in-the-air-for-author-visits/
1265301652	20250827	202508	2025	2025.6493	AUS	AUSTRALIAN	AUS																		1	051	051	05	1	3.4	10	1	10	12.6984126984127	4	Gannawarra, Victoria, Australia	AS	AS07	5374	-35.7333	144.15	-1574487	0								4	Gannawarra, Victoria, Australia	AS	AS07	5374	-35.7333	144.15	-1574487	20250926051500	https://gannawarratimes.com.au/news/2025/09/26/love-is-in-the-air-for-author-visits/
1265301653	20250827	202508	2025	2025.6493	GOVDEV	PUBLIC SERVICE COMMISSION						GOV	DEV												1	020	020	02	1	3.0	5	1	5	-3.16742081447963	3	Miami, Florida, United States	US	USFL	FL086	25.7743	-80.1937	295004	0								3	Miami, Florida, United States	US	USFL	FL086	25.7743	-80.1937	295004	20250926051500	https://www.wlrn.org/news-in-brief/2025-09-25/florida-attorney-general-candidate-slams-fpls-massive-rate-hike-proposal
1265301654	20250919	202509	2025	2025.7096	GOVMIL	DEFENCE SECRETARY						GOV	MIL		MIL	MILITARY						MIL			1	042	042	04	1	1.9	3	1	3	-1.4957264957265	3	Washington, District of Columbia, United States	US	USDC	DC001	38.8951	-77.0364	531871	2	Virginia, United States	US	USVA		37.768	-78.2057	VA	2	Virginia, United States	US	USVA		37.768	-78.2057	VA	20250926051500	https://www.asiaone.com/world/pentagon-chief-orders-us-military-officials-around-world-virginia-next-week
1265301655	20250919	202509	2025	2025.7096	GOVMIL	DEFENCE SECRETARY						GOV	MIL		USAMED	REUTERS	USA					MED			1	010	010	01	1	0.0	3	1	3	-1.4957264957265	3	Washington, District of Columbia, United States	US	USDC	DC001	38.8951	-77.0364	531871	2	Virginia, United States	US	USVA		37.768	-78.2057	VA	2	Virginia, United States	US	USVA		37.768	-78.2057	VA	20250926051500	https://www.asiaone.com/world/pentagon-chief-orders-us-military-officials-around-world-virginia-next-week
1265301656	20250919	202509	2025	2025.7096	MIL	MILITARY						MIL			GOVMIL	DEFENCE SECRETARY						GOV	MIL		1	043	043	04	1	2.8	3	1	3	-1.4957264957265	2	Virginia, United States	US	USVA		37.768	-78.2057	VA	3	Washington, District of Columbia, United States	US	USDC	DC001	38.8951	-77.0364	531871	2	Virginia, United States	US	USVA		37.768	-78.2057	VA	20250926051500	https://www.asiaone.com/world/pentagon-chief-orders-us-military-officials-around-world-virginia-next-week
1265301657	20250919	202509	2025	2025.7096	MIL	MILITARY						MIL			USA	UNITED STATES	USA								1	043	043	04	1	2.8	1	1	1	-1.4957264957265	3	Washington, District of Columbia, United States	US	USDC	DC001	38.8951	-77.0364	531871	3	Washington, District of Columbia, United States	US	USDC	DC001	38.8951	-77.0364	531871	3	Washington, District of Columbia, United States	US	USDC	DC001	38.8951	-77.0364	531871	20250926051500	https://www.asiaone.com/world/pentagon-chief-orders-us-military-officials-around-world-virginia-next-week
1265301658	20250919	202509	2025	2025.7096	MIL	MILITARY						MIL			USA	WASHINGTON	USA								1	043	043	04	1	2.8	2	1	2	-1.4957264957265	2	Virginia, United States	US	USVA		37.768	-78.2057	VA	3	Washington, District of Columbia, United States	US	USDC	DC001	38.8951	-77.0364	531871	2	Virginia, United States	US	USVA		37.768	-78.2057	VA	20250926051500	https://www.asiaone.com/world/pentagon-chief-orders-us-military-officials-around-world-virginia-next-week
1265301659	20250919	202509	2025	2025.7096	MIL	MILITARY						MIL			USAGOVMIL	UNITED STATES	USA					GOV	MIL		1	043	043	04	1	2.8	1	1	1	-1.4957264957265	3	Washington, District of Columbia, United States	US	USDC	DC001	38.8951	-77.0364	531871	3	Washington, District of Columbia, United States	US	USDC	DC001	38.8951	-77.0364	531871	3	Washington, District of Columbia, United States	US	USDC	DC001	38.8951	-77.0364	531871	20250926051500	https://www.asiaone.com/world/pentagon-chief-orders-us-military-officials-around-world-virginia-next-week
1265301660	20250919	202509	2025	2025.7096	USA	UNITED STATES	USA																		0	020	020	02	1	3.0	4	1	4	-5.92885375494072	3	Loyola Marymount University, California, United States	US	USCA	CA037	33.9709	-118.419	245279	0								3	Loyola Marymount University, California, United States	US	USCA		33.9709	-118.419	245279	20250926051500	https://www.bbc.com/news/articles/c33r872egvjo
1265301661	20250919	202509	2025	2025.7096	USA	WASHINGTON	USA								MIL	MILITARY OFFICER						MIL			1	040	040	04	1	1.0	6	1	6	-1.4957264957265	1	Japan	JA	JA		36	138	JA	1	Japan	JA	JA		36	138	JA	1	Japan	JA	JA		36	138	JA	20250926051500	https://www.asiaone.com/world/pentagon-chief-orders-us-military-officials-around-world-virginia-next-week
1265301662	20250919	202509	2025	2025.7096	USA	UNITED STATES	USA								MIL	MILITARY						MIL			1	042	042	04	1	1.9	1	1	1	-1.4957264957265	3	Washington, District of Columbia, United States	US	USDC	DC001	38.8951	-77.0364	531871	3	Washington, District of Columbia, United States	US	USDC	DC001	38.8951	-77.0364	531871	3	Washington, District of Columbia, United States	US	USDC	DC001	38.8951	-77.0364	531871	20250926051500	https://www.asiaone.com/world/pentagon-chief-orders-us-military-officials-around-world-virginia-next-week
1265301663	20250919	202509	2025	2025.7096	USA	WASHINGTON	USA								MIL	MILITARY						MIL			1	042	042	04	1	1.9	2	1	2	-1.4957264957265	3	Washington, District of Columbia, United States	US	USDC	DC001	38.8951	-77.0364	531871	2	Virginia, United States	US	USVA		37.768	-78.2057	VA	2	Virginia, United States	US	USVA		37.768	-78.2057	VA	20250926051500	https://www.asiaone.com/world/pentagon-chief-orders-us-military-officials-around-world-virginia-next-week
1265301664	20250919	202509	2025	2025.7096	USA	UNITED STATES	USA								USAMED	REUTERS	USA					MED			1	010	010	01	1	0.0	1	1	1	-1.4957264957265	3	Washington, District of Columbia, United States	US	USDC	DC001	38.8951	-77.0364	531871	2	Virginia, United States	US	USVA		37.768	-78.2057	VA	2	Virginia, United States	US	USVA		37.768	-78.2057	VA	20250926051500	https://www.asiaone.com/world/pentagon-chief-orders-us-military-officials-around-world-virginia-next-week
1265301665	20250919	202509	2025	2025.7096	USAGOVMIL	UNITED STATES	USA					GOV	MIL		MIL	MILITARY						MIL			1	042	042	04	1	1.9	1	1	1	-1.4957264957265	3	Washington, District of Columbia, United States	US	USDC	DC001	38.8951	-77.0364	531871	3	Washington, District of Columbia, United States	US	USDC	DC001	38.8951	-77.0364	531871	3	Washington, District of Columbia, United States	US	USDC	DC001	38.8951	-77.0364	531871	20250926051500	https://www.asiaone.com/world/pentagon-chief-orders-us-military-officials-around-world-virginia-next-week
1265301666	20250919	202509	2025	2025.7096	USAGOVMIL	UNITED STATES	USA					GOV	MIL		USAMED	REUTERS	USA					MED			1	010	010	01	1	0.0	1	1	1	-1.4957264957265	3	Washington, District of Columbia, United States	US	USDC	DC001	38.8951	-77.0364	531871	2	Virginia, United States	US	USVA		37.768	-78.2057	VA	2	Virginia, United States	US	USVA		37.768	-78.2057	VA	20250926051500	https://www.asiaone.com/world/pentagon-chief-orders-us-military-officials-around-world-virginia-next-week
1265301667	20250925	202509	2025	2025.7260	CHN	CHINA	CHN																		1	010	010	01	1	0.0	4	1	4	0.60422960725075	4	Zhongjin, Guangdong, China	CH	CH30	13046	23.6838	116.657	10488710	0								4	Zhongjin, Guangdong, China	CH	CH30	13046	23.6838	116.657	10488710	20250926051500	https://allafrica.com/stories/202509260012.html
1265301668	20250925	202509	2025	2025.7260	CHN	CHINA	CHN								GOV	MINIST OF MINES						GOV			1	043	043	04	1	2.8	2	1	2	0.60422960725075	4	Zhongjin, Guangdong, China	CH	CH30	13046	23.6838	116.657	10488710	4	Zhongjin, Guangdong, China	CH	CH30	13046	23.6838	116.657	10488710	4	Zhongjin, Guangdong, China	CH	CH30	13046	23.6838	116.657	10488710	20250926051500	https://allafrica.com/stories/202509260012.html
1265301669	20250925	202509	2025	2025.7260	CHNBUS	CHINA	CHN					BUS			GOV	MINIST OF MINES						GOV			1	043	043	04	1	2.8	2	1	2	0.60422960725075	4	Zhongjin, Guangdong, China	CH	CH30	13046	23.6838	116.657	10488710	4	Zhongjin, Guangdong, China	CH	CH30	13046	23.6838	116.657	10488710	4	Zhongjin, Guangdong, China	CH	CH30	13046	23.6838	116.657	10488710	20250926051500	https://allafrica.com/stories/202509260012.html
1265301670	20250925	202509	2025	2025.7260	GOV	PRIME MINISTER						GOV													1	090	090	09	2	-2.0	6	1	6	1.77215189873418	4	Port Moresby, National Capital, Papua New Guinea	PP	PP20	18585	-9.46472	147.193	-2198538	0								4	Port Moresby, National Capital, Papua New Guinea	PP	PP20	18585	-9.46472	147.193	-2198538	20250926051500	https://www.thenational.com.pg/llg-polling-deferred-again-priority-given-to-national-exams/
1265301671	20250925	202509	2025	2025.7260	GOV	MINIST OF MINES						GOV			CHN	CHINA	CHN								1	042	042	04	1	1.9	2	1	2	0.60422960725075	4	Hwange, Zimbabwe (general), Zimbabwe	ZI	ZI00	40197	-18.3667	26.4833	-2312652	4	Hwange, Zimbabwe (general), Zimbabwe	ZI	ZI00	40197	-18.3667	26.4833	-2312652	4	Hwange, Zimbabwe (general), Zimbabwe	ZI	ZI00	40197	-18.3667	26.4833	-2312652	20250926051500	https://allafrica.com/stories/202509260012.html
1265301672	20250925	202509	2025	2025.7260	GOV	MINIST OF MINES						GOV			CHNBUS	CHINA	CHN					BUS			1	042	042	04	1	1.9	2	1	2	0.60422960725075	4	Hwange, Zimbabwe (general), Zimbabwe	ZI	ZI00	40197	-18.3667	26.4833	-2312652	4	Hwange, Zimbabwe (general), Zimbabwe	ZI	ZI00	40197	-18.3667	26.4833	-2312652	4	Hwange, Zimbabwe (general), Zimbabwe	ZI	ZI00	40197	-18.3667	26.4833	-2312652	20250926051500	https://allafrica.com/stories/202509260012.html
1265301673	20250925	202509	2025	2025.7260	GOV	PRIME MINISTER						GOV			PNG	PAPUA NEW GUINEA	PNG								1	090	090	09	2	-2.0	2	1	2	1.77215189873418	4	Port Moresby, National Capital, Papua New Guinea	PP	PP20	18585	-9.46472	147.193	-2198538	4	Port Moresby, National Capital, Papua New Guinea	PP	PP20	18585	-9.46472	147.193	-2198538	4	Port Moresby, National Capital, Papua New Guinea	PP	PP20	18585	-9.46472	147.193	-2198538	20250926051500	https://www.thenational.com.pg/llg-polling-deferred-again-priority-given-to-national-exams/
1265301674	20250925	202509	2025	2025.7260	GOVEDU	DEPARTMENT OF EDUCATION						GOV	EDU		EDU	STUDENT						EDU			1	033	033	03	1	5.2	10	1	10	4.14201183431953	2	Missouri, United States	US	USMO		38.4623	-92.302	MO	2	Missouri, United States	US	USMO		38.4623	-92.302	MO	2	Missouri, United States	US	USMO		38.4623	-92.302	MO	20250926051500	https://www.pressreleasepoint.com/2026-27-fafsa-opens-ahead-schedule-now-available-students-families-complete
1265301675	20250925	202509	2025	2025.7260	GOVEDU	DEPARTMENT OF EDUCATION						GOV	EDU		EDU	STUDENT						EDU			1	084	084	08	2	7.0	10	1	10	4.14201183431953	2	Missouri, United States	US	USMO		38.4623	-92.302	MO	2	Missouri, United States	US	USMO		38.4623	-92.302	MO	2	Missouri, United States	US	USMO		38.4623	-92.302	MO	20250926051500	https://www.pressreleasepoint.com/2026-27-fafsa-opens-ahead-schedule-now-available-students-families-complete
1265301676	20250925	202509	2025	2025.7260	PNGGOV	PAPUA NEW GUINEA	PNG					GOV													1	090	090	09	2	-2.0	2	1	2	1.77215189873418	4	Port Moresby, National Capital, Papua New Guinea	PP	PP20	18585	-9.46472	147.193	-2198538	0								4	Port Moresby, National Capital, Papua New Guinea	PP	PP20	18585	-9.46472	147.193	-2198538	20250926051500	https://www.thenational.com.pg/llg-polling-deferred-again-priority-given-to-national-exams/
1265301677	20250926	202509	2025	2025.7288											AUS	AUSTRALIA	AUS								1	036	036	03	1	4.0	8	1	8	12.6984126984127	0								4	Gannawarra, Victoria, Australia	AS	AS07	5374	-35.7333	144.15	-1574487	4	Gannawarra, Victoria, Australia	AS	AS07	5374	-35.7333	144.15	-1574487	20250926051500	https://gannawarratimes.com.au/news/2025/09/26/love-is-in-the-air-for-author-visits/
1265301678	20250926	202509	2025	2025.7288											BUS	BUSINESS						BUS			0	020	020	02	1	3.0	16	2	16	-2.24719101123596	0								4	Mumbai, Maharashtra, India	IN	IN16	70184	18.975	72.8258	-2092174	4	Mumbai, Maharashtra, India	IN	IN16	70184	18.975	72.8258	-2092174	20250926051500	https://www.ibtimes.com.au/indias-mumbai-largest-slum-asia-sale-1860621
1265301679	20250926	202509	2025	2025.7288											BUS	BUSINESS						BUS			0	020	020	02	1	3.0	4	2	4	-2.24719101123596	0								4	Dharavi, Maharashtra, India	IN	IN16	70184	19.05	72.8667	-2094661	4	Dharavi, Maharashtra, India	IN	IN16	70184	19.05	72.8667	-2094661	20250926051500	https://www.ibtimes.com.au/indias-mumbai-largest-slum-asia-sale-1860621
1265301680	20250926	202509	2025	2025.7288											BUS	COMPANY						BUS			1	036	036	03	1	4.0	5	1	5	-2.18068535825545	0								2	Oklahoma, United States	US	USOK		35.5376	-96.9247	OK	2	Oklahoma, United States	US	USOK		35.5376	-96.9247	OK	20250926051500	http://www.news9.com/story/68d5e72351db8cb9d28e7da9/questions-remain-after-ryan-walters-announces-resignation
1265301681	20250926	202509	2025	2025.7288											BUS	BUSINESS						BUS			0	051	051	05	1	3.4	10	1	10	4.77815699658703	0								1	Fiji	FJ	FJ		-18	178	FJ	1	Fiji	FJ	FJ		-18	178	FJ	20250926051500	https://www.thenational.com.pg/bsp-backs-pacific-tuna-forum-with-k100000/
1265301682	20250926	202509	2025	2025.7288											BUS	INVESTOR						BUS			0	130	130	13	3	-4.4	10	1	10	-8.2089552238806	0								1	Lithuania	LH	LH		56	24	LH	1	Lithuania	LH	LH		56	24	LH	20250926051500	https://www.cryptopolitan.com/100-million-crypto-fraud-busted-in-europe/
1265301683	20250926	202509	2025	2025.7288											COP	POLICE						COP			1	020	020	02	1	3.0	4	1	4	0.93023255813953	0								3	Monroe County, Michigan, United States	US	USMI		41.9334	-83.5499	1623000	3	Monroe County, Michigan, United States	US	USMI		41.9334	-83.5499	1623000	20250926051500	https://www.wtol.com/article/news/local/deputy-uses-personal-epipen-to-save-monroe-county-man-after-severe-allergic-reaction/512-fb940978-5b13-430f-8357-cf0da25b7246
1265301684	20250926	202509	2025	2025.7288											COP	POLICE						COP			1	020	020	02	1	3.0	6	1	6	0.93023255813953	0								2	Michigan, United States	US	USMI		43.3504	-84.5603	MI	2	Michigan, United States	US	USMI		43.3504	-84.5603	MI	20250926051500	https://www.wtol.com/article/news/local/deputy-uses-personal-epipen-to-save-monroe-county-man-after-severe-allergic-reaction/512-fb940978-5b13-430f-8357-cf0da25b7246
1265301685	20250926	202509	2025	2025.7288											COP	POLICE						COP			0	043	043	04	1	2.8	1	1	1	-8.96946564885497	0								4	Tarkwa, Ghana (general), Ghana	GH	GH00	190593	5.30644	-1.98474	-2079306	4	Tarkwa, Ghana (general), Ghana	GH	GH00	190593	5.30644	-1.98474	-2079306	20250926051500	https://www.ghanaweb.com/GhanaHomePage/crime/Unemployed-woman-convicted-for-defrauding-seven-people-2002367
1265301686	20250926	202509	2025	2025.7288											COP	POLICE						COP			1	043	043	04	1	2.8	6	1	6	-1.38888888888889	0								3	Boston, Massachusetts, United States	US	USMA	MA025	42.3584	-71.0598	617565	3	Boston, Massachusetts, United States	US	USMA	MA025	42.3584	-71.0598	617565	20250926051500	https://www.soompi.com/article/1786989wpp/lee-young-aes-fate-rests-in-kim-young-kwangs-hands-in-walking-on-thin-ice
1265301687	20250926	202509	2025	2025.7288											COP	DEPUTY						COP			0	046	046	04	1	7.0	6	1	6	4.9645390070922	0								3	Bucks County, Pennsylvania, United States	US	USPA		40.5004	-75.3749	1209173	3	Bucks County, Pennsylvania, United States	US	USPA		40.5004	-75.3749	1209173	20250926051500	https://www.pressreleasepoint.com/deputy-treasurer-julie-peachey-and-bucks-county-controller-pam-van-blunk-bring-awareness-unclaimed
1265301688	20250926	202509	2025	2025.7288											COP	POLICE						COP			1	090	090	09	2	-2.0	4	1	4	0.93023255813953	0								3	Monroe County, Michigan, United States	US	USMI		41.9334	-83.5499	1623000	3	Monroe County, Michigan, United States	US	USMI		41.9334	-83.5499	1623000	20250926051500	https://www.wtol.com/article/news/local/deputy-uses-personal-epipen-to-save-monroe-county-man-after-severe-allergic-reaction/512-fb940978-5b13-430f-8357-cf0da25b7246
1265301689	20250926	202509	2025	2025.7288											COP	POLICE						COP			1	090	090	09	2	-2.0	4	1	4	0.93023255813953	0								2	Michigan, United States	US	USMI		43.3504	-84.5603	MI	2	Michigan, United States	US	USMI		43.3504	-84.5603	MI	20250926051500	https://www.wtol.com/article/news/local/deputy-uses-personal-epipen-to-save-monroe-county-man-after-severe-allergic-reaction/512-fb940978-5b13-430f-8357-cf0da25b7246
1265301690	20250926	202509	2025	2025.7288											CVL	COMMUNITY						CVL			1	031	031	03	1	5.2	10	1	10	-1.70940170940171	0								0								0								20250926051500	https://www.wbrz.com/news/downtown-ponchatoula-construction-causing-headaches-for-businesses
1265301691	20250926	202509	2025	2025.7288											CVL	RESIDENTS						CVL			0	036	036	03	1	4.0	16	2	16	-2.24719101123596	0								4	Mumbai, Maharashtra, India	IN	IN16	70184	18.975	72.8258	-2092174	4	Mumbai, Maharashtra, India	IN	IN16	70184	18.975	72.8258	-2092174	20250926051500	https://www.ibtimes.com.au/indias-mumbai-largest-slum-asia-sale-1860621
1265301692	20250926	202509	2025	2025.7288											CVL	RESIDENTS						CVL			0	036	036	03	1	4.0	4	2	4	-2.24719101123596	0								4	Dharavi, Maharashtra, India	IN	IN16	70184	19.05	72.8667	-2094661	4	Dharavi, Maharashtra, India	IN	IN16	70184	19.05	72.8667	-2094661	20250926051500	https://www.ibtimes.com.au/indias-mumbai-largest-slum-asia-sale-1860621
1265301693	20250926	202509	2025	2025.7288											CVL	RESIDENTS						CVL			0	042	042	04	1	1.9	6	1	5	4.9645390070922	0								3	Bucks County, Pennsylvania, United States	US	USPA		40.5004	-75.3749	1209173	3	Bucks County, Pennsylvania, United States	US	USPA		40.5004	-75.3749	1209173	20250926051500	https://www.pressreleasepoint.com/deputy-treasurer-julie-peachey-and-bucks-county-controller-pam-van-blunk-bring-awareness-unclaimed
1265301694	20250926	202509	2025	2025.7288											CVL	RESIDENTS						CVL			0	042	042	04	1	1.9	1	1	1	4.9645390070922	0								2	Pennsylvania, United States	US	USPA		40.5773	-77.264	PA	2	Pennsylvania, United States	US	USPA		40.5773	-77.264	PA	20250926051500	https://www.pressreleasepoint.com/deputy-treasurer-julie-peachey-and-bucks-county-controller-pam-van-blunk-bring-awareness-unclaimed
1265301695	20250926	202509	2025	2025.7288											DEU	BERLIN	DEU								1	042	042	04	1	1.9	10	1	10	-3.13253012048193	0								4	Berlin, Berlin, Germany	GM	GM16	16538	52.5167	13.4	-1746443	4	Berlin, Berlin, Germany	GM	GM16	16538	52.5167	13.4	-1746443	20250926051500	https://www.asiaone.com/world/former-cold-war-spies-return-their-derelict-berlin-listening-station
1265301696	20250926	202509	2025	2025.7288											EDU	UNIVERSITY						EDU			1	040	040	04	1	1.0	20	1	20	-7.42358078602621	0								4	National Chengchi University, T'ai-pei, Taiwan	TW	TW03	13277	24.9855	121.574	10008391	4	National Chengchi University, T'ai-pei, Taiwan	TW	TW03	13277	24.9855	121.574	10008391	20250926051500	https://focustaiwan.tw/culture/202509260007
1265301697	20250926	202509	2025	2025.7288											GBR	LIVERPOOL	GBR								1	036	036	03	1	4.0	6	1	6	0	0								4	Wembley, Brent, United Kingdom	UK	UKB5	40110	51.55	-0.283333	-2611120	4	Wembley, Brent, United Kingdom	UK	UKB5	40110	51.55	-0.283333	-2611120	20250926051500	https://www.ibtimes.com/red-hot-liverpool-face-palace-test-arsenal-try-keep-pace-3784515
1265301698	20250926	202509	2025	2025.7288											GHA	GHANA	GHA								1	110	110	11	3	-2.0	6	1	6	-1.83908045977012	0								4	Mampong, Ghana (general), Ghana	GH	GH00	190721	6.03009	-2.15252	-2075797	4	Mampong, Ghana (general), Ghana	GH	GH00	190721	6.03009	-2.15252	-2075797	20250926051500	https://www.ghanaweb.com/GhanaHomePage/health/HPV-vaccination-campaign-kicks-off-in-Mampong-with-awareness-forum-2002386
1265301699	20250926	202509	2025	2025.7288											GHA	GHANA	GHA								0	130	130	13	3	-4.4	10	1	10	-1.83908045977012	0								4	Mampong, Ghana (general), Ghana	GH	GH00	190721	6.03009	-2.15252	-2075797	4	Mampong, Ghana (general), Ghana	GH	GH00	190721	6.03009	-2.15252	-2075797	20250926051500	https://www.ghanaweb.com/GhanaHomePage/health/HPV-vaccination-campaign-kicks-off-in-Mampong-with-awareness-forum-2002386
1265301700	20250926	202509	2025	2025.7288											GHAJUD	GHANA	GHA					JUD			1	173	173	17	4	-5.0	4	1	4	-8.96946564885497	0								4	Accra, Greater Accra, Ghana	GH	GH01	190655	5.55	-0.216667	-2067935	4	Accra, Greater Accra, Ghana	GH	GH01	190655	5.55	-0.216667	-2067935	20250926051500	https://www.ghanaweb.com/GhanaHomePage/crime/Unemployed-woman-convicted-for-defrauding-seven-people-2002367
1265301701	20250926	202509	2025	2025.7288											GHAJUD	GHANA	GHA					JUD			1	173	173	17	4	-5.0	4	1	4	-8.96946564885497	0								4	Tarkwa, Ghana (general), Ghana	GH	GH00	190593	5.30644	-1.98474	-2079306	4	Tarkwa, Ghana (general), Ghana	GH	GH00	190593	5.30644	-1.98474	-2079306	20250926051500	https://www.ghanaweb.com/GhanaHomePage/crime/Unemployed-woman-convicted-for-defrauding-seven-people-2002367
1265301702	20250926	202509	2025	2025.7288											GOV	MINIST						GOV			1	020	020	02	1	3.0	5	1	5	8.4375	0								1	Ethiopia	ET	ET		8	38	ET	1	Ethiopia	ET	ET		8	38	ET	20250926051500	https://allafrica.com/stories/202509260039.html
1265301703	20250926	202509	2025	2025.7288											GOV	PRESIDENT						GOV			0	100	100	10	3	-5.0	3	1	3	-3.57815442561205	0								4	Jakarta, Jakarta Raya, Indonesia	ID	ID04	18585	-6.17444	106.829	-2679652	4	Jakarta, Jakarta Raya, Indonesia	ID	ID04	18585	-6.17444	106.829	-2679652	20250926051500	https://www.independent.co.uk/asia/southeast-asia/indonesia-food-poisoning-free-school-meals-b2834049.html
1265301704	20250926	202509	2025	2025.7288											HINAST700	YOGA				HIN					0	043	043	04	1	2.8	3	1	3	-4.77941176470588	0								3	Pine River, Minnesota, United States	US	USMN		46.718	-94.4042	649494	3	Pine River, Minnesota, United States	US	USMN		46.718	-94.4042	649494	20250926051500	https://thenightly.com.au/world/minnesota-parents-facing-charges-after-autistic-daughter-dies-trapped-in-broken-safety-bed-c-20150023
1265301705	20250926	202509	2025	2025.7288											HINAST700	YOGA				HIN					0	043	043	04	1	2.8	2	1	2	-4.77941176470588	0								2	Minnesota, United States	US	USMN		45.7326	-93.9196	MN	2	Minnesota, United States	US	USMN		45.7326	-93.9196	MN	20250926051500	https://thenightly.com.au/world/minnesota-parents-facing-charges-after-autistic-daughter-dies-trapped-in-broken-safety-bed-c-20150023
1265301706	20250926	202509	2025	2025.7288											HLH	GENERAL PRACTITIONER						HLH			0	013	013	01	1	0.4	10	1	10	-1.93014705882353	0								1	Singapore	SN	SN		1.366667	103.8	SN	1	Singapore	SN	SN		1.366667	103.8	SN	20250926051500	https://www.asiaone.com/lifestyle/are-singaporeans-prepared-end-life-care-nations-first-ever-death-literacy-index-reveals
1265301707	20250926	202509	2025	2025.7288											HLH	HOSPITAL						HLH			0	042	042	04	1	1.9	10	1	10	-2.93453724604966	0								4	Delhi, Delhi, India	IN	IN07	17911	28.6667	77.2167	-2094230	4	Delhi, Delhi, India	IN	IN07	17911	28.6667	77.2167	-2094230	20250926051500	https://indianexpress.com/article/cities/delhi/blood-stains-attempted-clean-water-police-probe-tampering-of-evidence-negligence-after-worker-falls-death-delhi-airport-10272031/
1265301708	20250926	202509	2025	2025.7288											HLH	HOSPITAL						HLH			1	060	060	06	2	6.0	5	1	5	5.99078341013825	0								2	New York, United States	US	USNY		42.1497	-74.9384	NY	2	New York, United States	US	USNY		42.1497	-74.9384	NY	20250926051500	https://www.wkyt.com/2025/09/26/lexington-woman-shocked-learn-she-is-winner-2025-st-jude-dream-home/
1265301709	20250926	202509	2025	2025.7288											HLH	GENERAL PRACTITIONER						HLH			0	070	070	07	2	7.0	10	1	10	-1.93014705882353	0								1	Singapore	SN	SN		1.366667	103.8	SN	1	Singapore	SN	SN		1.366667	103.8	SN	20250926051500	https://www.asiaone.com/lifestyle/are-singaporeans-prepared-end-life-care-nations-first-ever-death-literacy-index-reveals
1265301710	20250926	202509	2025	2025.7288											IDNGOV	INDONESIA	IDN					GOV			0	100	100	10	3	-5.0	1	1	1	-3.57815442561205	0								4	Jakarta, Jakarta Raya, Indonesia	ID	ID04	18585	-6.17444	106.829	-2679652	4	Jakarta, Jakarta Raya, Indonesia	ID	ID04	18585	-6.17444	106.829	-2679652	20250926051500	https://www.independent.co.uk/asia/southeast-asia/indonesia-food-poisoning-free-school-meals-b2834049.html
1265301711	20250926	202509	2025	2025.7288											IND	BHARAT	IND								1	036	036	03	1	4.0	9	1	9	2.87356321839081	0								4	New Delhi, Delhi, India	IN	IN07	17911	28.6	77.2	-2106102	4	New Delhi, Delhi, India	IN	IN07	17911	28.6	77.2	-2106102	20250926051500	https://www.indiancooperative.com/co-op-news-snippets/nafed-agm-today-at-bharat-mandapam/
1265301712	20250926	202509	2025	2025.7288											IND	MUMBAI	IND								1	042	042	04	1	1.9	1	1	1	-3.2069970845481	0								4	Hyderabad, Andhra Pradesh, India	IN	IN02	17564	17.3753	78.4744	-2097701	4	Telangana, Andhra Pradesh, India	IN	IN02	17568	18	79.5	-2112824	20250926051500	https://www.hindustantimes.com/india-news/hyderabad-rain-live-weather-update-three-indigo-flights-diverted-from-hyderabad-to-vijayawada-amid-heavy-rain-101758859192571.html
1265301713	20250926	202509	2025	2025.7288											IND	MUMBAI	IND								1	042	042	04	1	1.9	1	1	1	-3.2069970845481	0								4	Telangana, Andhra Pradesh, India	IN	IN02	17568	18	79.5	-2112824	4	Telangana, Andhra Pradesh, India	IN	IN02	17568	18	79.5	-2112824	20250926051500	https://www.hindustantimes.com/india-news/hyderabad-rain-live-weather-update-three-indigo-flights-diverted-from-hyderabad-to-vijayawada-amid-heavy-rain-101758859192571.html
1265301714	20250926	202509	2025	2025.7288											IND	DELHI	IND								1	043	043	04	1	2.8	2	1	2	-4.67005076142132	0								4	Delhi, Delhi, India	IN	IN07	17911	28.6667	77.2167	-2094230	4	Kargil, Jammu and Kashmir, India	IN	IN12	72788	34.5667	76.1	-2099784	20250926051500	https://indianexpress.com/article/live-news/top-news-today-briefing-10272048/
1265301715	20250926	202509	2025	2025.7288											IND	BHARAT	IND								1	046	046	04	1	7.0	12	1	12	4.28017241379311	0								4	New Delhi, Delhi, India	IN	IN07	17911	28.6	77.2	-2106102	4	New Delhi, Delhi, India	IN	IN07	17911	28.6	77.2	-2106102	20250926051500	https://www.indiancooperative.com/co-op-news-snippets/nafed-agm-today-at-bharat-mandapam/
1265301716	20250926	202509	2025	2025.7288											INDGOV	MAHARASHTRA	IND					GOV			1	0333	033	03	1	5.2	10	1	10	-1.90476190476191	0								0								0								20250926051500	https://www.hindustantimes.com/india-news/maharashtra-braces-for-rain-as-low-pressure-system-develops-over-bay-of-bengal-101758859800261.html
1265301717	20250926	202509	2025	2025.7288											IRL	IRELAND	IRL								0	042	042	04	1	1.9	8	1	8	-3.75180375180375	0								4	Donabate, County Fingal, Ireland	EI	EI35	18288	53.4872	-6.15194	-1502363	4	Donabate, County Fingal, Ireland	EI	EI35	18288	53.4872	-6.15194	-1502363	20250926051500	https://www.irishmirror.ie/news/irish-news/crime/online-history-phone-connected-daniel-35964770
1265301718	20250926	202509	2025	2025.7288											IRL	DUBLIN	IRL								0	042	042	04	1	1.9	2	1	2	-3.75180375180375	0								4	County Dublin, County Fingal, Ireland	EI	EI35	18299	53.4167	-6.25	-1502555	4	Donabate, County Fingal, Ireland	EI	EI35	18288	53.4872	-6.15194	-1502363	20250926051500	https://www.irishmirror.ie/news/irish-news/crime/online-history-phone-connected-daniel-35964770
1265301719	20250926	202509	2025	2025.7288											IRL	IRELAND	IRL								1	042	042	04	1	1.9	4	1	4	1.61030595813204	0								1	Ireland	EI	EI		53	-8	EI	1	Ireland	EI	EI		53	-8	EI	20250926051500	https://www.irishmirror.ie/lifestyle/technology/nothing-ear-3-earbuds-review-35967347
1265301720	20250926	202509	2025	2025.7288											IRL	DUBLIN	IRL								1	051	051	05	1	3.4	3	1	3	3.26086956521739	0								4	Dublin, Dublin, Ireland	EI	EI07	18288	53.3331	-6.24889	-1502554	4	Dublin, Dublin, Ireland	EI	EI07	18288	53.3331	-6.24889	-1502554	20250926051500	https://www.travelextra.ie/michael-oleary-3/
1265301721	20250926	202509	2025	2025.7288											JPN	JAPAN	JPN								1	0353	035	03	1	7.0	5	1	5	4.73933649289099	0								1	Japan	JA	JA		36	138	JA	1	Japan	JA	JA		36	138	JA	20250926051500	https://www.thewestmorlandgazette.co.uk/news/25495056.lake-district-works-underway-troutbeck-wastewater-site/
1265301722	20250926	202509	2025	2025.7288											JUD	JUDGE						JUD			1	043	043	04	1	2.8	6	1	6	12.0689655172414	0								1	Ireland	EI	EI		53	-8	EI	1	Ireland	EI	EI		53	-8	EI	20250926051500	https://www.irishmirror.ie/showbiz/irish-showbiz/loraine-barry-dwts-steps-down-35967466
1265301723	20250926	202509	2025	2025.7288											JUD	DISTRICT COURT						JUD			1	173	173	17	4	-5.0	2	1	2	-8.96946564885497	0								4	Accra, Greater Accra, Ghana	GH	GH01	190655	5.55	-0.216667	-2067935	4	Accra, Greater Accra, Ghana	GH	GH01	190655	5.55	-0.216667	-2067935	20250926051500	https://www.ghanaweb.com/GhanaHomePage/crime/Unemployed-woman-convicted-for-defrauding-seven-people-2002367
1265301724	20250926	202509	2025	2025.7288											KOR	SOUTH KOREA	KOR								1	020	020	02	1	3.0	4	1	4	4.20792079207921	0								1	South Korea	KS	KS		37	127.5	KS	1	South Korea	KS	KS		37	127.5	KS	20250926051500	https://www.soompi.com/article/1786974wpp/jung-so-min-is-torn-between-choi-woo-shik-and-seo-bum-june-in-would-you-marry-me
1265301725	20250926	202509	2025	2025.7288											LCA	SAINT LUCIA	LCA								1	043	043	04	1	2.8	5	1	5	1.81818181818182	0								4	Castries, Castries, Saint Lucia	ST	ST03	25298	14	-61	-1313781	4	Castries, Castries, Saint Lucia	ST	ST03	25298	14	-61	-1313781	20250926051500	https://www.htsstlucia.org/waterspout-spotted-off-coast-of-st-lucia-captivates-residents-and-social-media/
1265301726	20250926	202509	2025	2025.7288											LEG	CONGRESS						LEG			0	112	112	11	3	-2.0	3	1	3	-4.67005076142132	0								4	Delhi, Delhi, India	IN	IN07	17911	28.6667	77.2167	-2094230	4	Delhi, Delhi, India	IN	IN07	17911	28.6667	77.2167	-2094230	20250926051500	https://indianexpress.com/article/live-news/top-news-today-briefing-10272048/
1265301727	20250926	202509	2025	2025.7288											LEG	CONGRESS						LEG			0	112	112	11	3	-2.0	2	1	2	-4.67005076142132	0								4	Ladakh, Jammu and Kashmir, India	IN	IN12	72785	34.5	77.5	-2102224	4	Ladakh, Jammu and Kashmir, India	IN	IN12	72785	34.5	77.5	-2102224	20250926051500	https://indianexpress.com/article/live-news/top-news-today-briefing-10272048/
1265301728	20250926	202509	2025	2025.7288											MED	JOURNALIST						MED			1	046	046	04	1	7.0	6	1	6	-2.18068535825545	0								2	Oklahoma, United States	US	USOK		35.5376	-96.9247	OK	2	Oklahoma, United States	US	USOK		35.5376	-96.9247	OK	20250926051500	http://www.news9.com/story/68d5e72351db8cb9d28e7da9/questions-remain-after-ryan-walters-announces-resignation
1265301729	20250926	202509	2025	2025.7288											MIL	MILITARY						MIL			0	030	030	03	1	4.0	10	1	10	-12.7659574468085	0								3	Las Vegas, Nevada, United States	US	USNV		36.175	-115.137	847388	3	Las Vegas, Nevada, United States	US	USNV		36.175	-115.137	847388	20250926051500	https://www.reviewjournal.com/crime/courts/nellis-air-force-officer-sentenced-for-sexually-assaulting-child-3465722/
1265301730	20250926	202509	2025	2025.7288											MIL	AIR FORCE						MIL			1	173	173	17	4	-5.0	1	1	1	-12.7659574468085	0								3	Las Vegas, Nevada, United States	US	USNV		36.175	-115.137	847388	3	Las Vegas, Nevada, United States	US	USNV		36.175	-115.137	847388	20250926051500	https://www.reviewjournal.com/crime/courts/nellis-air-force-officer-sentenced-for-sexually-assaulting-child-3465722/
1265301731	20250926	202509	2025	2025.7288											MIL	AIR FORCE						MIL			1	180	180	18	4	-9.0	1	1	1	-12.7659574468085	0								3	Nellis Air Force Base, Nevada, United States	US	USNV		36.2369	-115.033	2443876	3	Nellis Air Force Base, Nevada, United States	US	USNV		36.2369	-115.033	2443876	20250926051500	https://www.reviewjournal.com/crime/courts/nellis-air-force-officer-sentenced-for-sexually-assaulting-child-3465722/
1265301732	20250926	202509	2025	2025.7288											MOS	MUSLIM				MOS					0	020	020	02	1	3.0	1	1	1	-4.67005076142132	0								4	Ayodhya, Uttar Pradesh, India	IN	IN36	17913	26.8	82.2	-2089412	4	Ayodhya, Uttar Pradesh, India	IN	IN36	17913	26.8	82.2	-2089412	20250926051500	https://indianexpress.com/article/live-news/top-news-today-briefing-10272048/
1265301733	20250926	202509	2025	2025.7288											MOS	MUSLIM				MOS					0	020	020	02	1	3.0	4	1	4	-4.67005076142132	0								4	Babri, North-West Frontier, Pakistan	PK	PK03	23668	32.9845	71.1714	155324	4	Babri, North-West Frontier, Pakistan	PK	PK03	23668	32.9845	71.1714	155324	20250926051500	https://indianexpress.com/article/live-news/top-news-today-briefing-10272048/
1265301734	20250926	202509	2025	2025.7288											MOS	MUSLIM				MOS					0	036	036	03	1	4.0	1	1	1	-4.67005076142132	0								4	Ayodhya, Uttar Pradesh, India	IN	IN36	17913	26.8	82.2	-2089412	4	Ayodhya, Uttar Pradesh, India	IN	IN36	17913	26.8	82.2	-2089412	20250926051500	https://indianexpress.com/article/live-news/top-news-today-briefing-10272048/
1265301735	20250926	202509	2025	2025.7288											MOS	MUSLIM				MOS					0	036	036	03	1	4.0	1	1	1	-4.67005076142132	0								4	Babri, North-West Frontier, Pakistan	PK	PK03	23668	32.9845	71.1714	155324	4	Ayodhya, Uttar Pradesh, India	IN	IN36	17913	26.8	82.2	-2089412	20250926051500	https://indianexpress.com/article/live-news/top-news-today-briefing-10272048/
1265301736	20250926	202509	2025	2025.7288											MOS	MUSLIM				MOS					0	036	036	03	1	4.0	3	1	3	-4.67005076142132	0								4	Babri, North-West Frontier, Pakistan	PK	PK03	23668	32.9845	71.1714	155324	4	Babri, North-West Frontier, Pakistan	PK	PK03	23668	32.9845	71.1714	155324	20250926051500	https://indianexpress.com/article/live-news/top-news-today-briefing-10272048/
1265301737	20250926	202509	2025	2025.7288											NZL	NEW ZEALAND	NZL								0	014	014	01	1	0.0	4	1	4	-0.57106598984772	0								5	Auckland, Auckland, New Zealand	NZ	NZE7	22379	-36.75	174.583	11483124	5	Auckland, Auckland, New Zealand	NZ	NZE7	22379	-36.75	174.583	11483124	20250926051500	https://www.nzherald.co.nz/business/talleys-defamation-trial-mike-bush-tells-court-he-is-far-too-experienced-to-purely-defer-to-other-peoples-views/5T2ASQU5PJALZDI5LOVJDO2SXI/
1265301738	20250926	202509	2025	2025.7288											NZL	NEW ZEALAND	NZL								0	100	100	10	3	-5.0	4	1	4	-0.57106598984772	0								5	Auckland, Auckland, New Zealand	NZ	NZE7	22379	-36.75	174.583	11483124	5	Auckland, Auckland, New Zealand	NZ	NZE7	22379	-36.75	174.583	11483124	20250926051500	https://www.nzherald.co.nz/business/talleys-defamation-trial-mike-bush-tells-court-he-is-far-too-experienced-to-purely-defer-to-other-peoples-views/5T2ASQU5PJALZDI5LOVJDO2SXI/
1265301739	20250926	202509	2025	2025.7288											OPP	ACTIVIST						OPP			1	020	020	02	1	3.0	3	1	3	0	0								4	Gaza, Israel (general), Israel	IS	IS00	18315	31.4167	34.3333	-797156	4	Gaza, Israel (general), Israel	IS	IS00	18315	31.4167	34.3333	-797156	20250926051500	https://13wham.com/news/local/congressman-joe-morelle-hosts-town-hall-for-constituents
1265301740	20250926	202509	2025	2025.7288											USA	UNITED STATES	USA								1	020	020	02	1	3.0	1	1	1	-4.77941176470588	0								2	Minnesota, United States	US	USMN		45.7326	-93.9196	MN	3	Pine River, Minnesota, United States	US	USMN		46.718	-94.4042	649494	20250926051500	https://thenightly.com.au/world/minnesota-parents-facing-charges-after-autistic-daughter-dies-trapped-in-broken-safety-bed-c-20150023
1265301741	20250926	202509	2025	2025.7288											USA	LOUISVILLE	USA								1	040	040	04	1	1.0	14	1	10	4.86238532110092	0								2	Wisconsin, United States	US	USWI		44.2563	-89.6385	WI	2	Wisconsin, United States	US	USWI		44.2563	-89.6385	WI	20250926051500	https://pcusa.org/news-storytelling/news/2025/9/25/unification-commission-approves-new-structure-and-priorities-unified-agency
1265301742	20250926	202509	2025	2025.7288											USA	UNITED STATES	USA								0	043	043	04	1	2.8	2	1	2	-1.35593220338983	0								3	Auburn University, Alabama, United States	US	USAL		32.6021	-85.4849	113278	3	Auburn University, Alabama, United States	US	USAL		32.6021	-85.4849	113278	20250926051500	https://www.theplainsman.com/article/2025/09/opelika-removes-2013-miss-america-signs-following-statements-about-charlie-kirk
1265301743	20250926	202509	2025	2025.7288											USA	UNITED STATES	USA								0	043	043	04	1	2.8	2	1	2	-1.35593220338983	0								3	Auburn University, Alabama, United States	US	USAL		32.6021	-85.4849	113278	3	Opelika High School, Alabama, United States	US	USAL		32.6682	-85.3699	138249	20250926051500	https://www.theplainsman.com/article/2025/09/opelika-removes-2013-miss-america-signs-following-statements-about-charlie-kirk
1265301744	20250926	202509	2025	2025.7288											USA	MISSISSIPPI	USA								1	043	043	04	1	2.8	4	2	4	-7.89473684210526	0								2	Mississippi, United States	US	USMS		32.7673	-89.6812	MS	2	Minnesota, United States	US	USMN		45.7326	-93.9196	MN	20250926051500	https://www.1039wvbo.com/2025/09/25/mississippi-man-gets-22-year-prison-term-for-role-in-group-expoliting-underage-girls-tried-to-meet-with-13-year-old-in-wisconsin/
1265301745	20250926	202509	2025	2025.7288											USA	UNITED STATES	USA								1	043	043	04	1	2.8	4	2	4	-7.89473684210526	0								2	Wisconsin, United States	US	USWI		44.2563	-89.6385	WI	2	Minnesota, United States	US	USMN		45.7326	-93.9196	MN	20250926051500	https://www.1039wvbo.com/2025/09/25/mississippi-man-gets-22-year-prison-term-for-role-in-group-expoliting-underage-girls-tried-to-meet-with-13-year-old-in-wisconsin/
1265301746	20250926	202509	2025	2025.7288											USA	THE US	USA								0	046	046	04	1	7.0	5	1	5	-4.67005076142132	0								4	Bihar, Bihar, India	IN	IN34	17615	25.1833	85.5167	-2091797	4	Bihar, Bihar, India	IN	IN34	17615	25.1833	85.5167	-2091797	20250926051500	https://indianexpress.com/article/live-news/top-news-today-briefing-10272048/
1265301747	20250926	202509	2025	2025.7288											USA	DETROIT	USA								1	051	051	05	1	3.4	9	1	9	5.94837261503928	0								3	Detroit, Michigan, United States	US	USMI	MI163	42.3314	-83.0458	1617959	3	Detroit, Michigan, United States	US	USMI	MI163	42.3314	-83.0458	1617959	20250926051500	https://www.pressreleasepoint.com/macomb-culinary-institute-teaching-restaurant-reopening-showcases-legacy-longtime-macomb-community
1265301748	20250926	202509	2025	2025.7288											USA	UNITED STATES	USA								1	084	084	08	2	7.0	2	1	2	-12.7659574468085	0								3	Nellis Air Force Base, Nevada, United States	US	USNV		36.2369	-115.033	2443876	3	Nellis Air Force Base, Nevada, United States	US	USNV		36.2369	-115.033	2443876	20250926051500	https://www.reviewjournal.com/crime/courts/nellis-air-force-officer-sentenced-for-sexually-assaulting-child-3465722/
1265301749	20250926	202509	2025	2025.7288											USA	UNITED STATES	USA								1	090	090	09	2	-2.0	4	1	4	-1.38888888888889	0								3	Boston, Massachusetts, United States	US	USMA	MA025	42.3584	-71.0598	617565	3	Boston, Massachusetts, United States	US	USMA	MA025	42.3584	-71.0598	617565	20250926051500	https://www.soompi.com/article/1786989wpp/lee-young-aes-fate-rests-in-kim-young-kwangs-hands-in-walking-on-thin-ice
1265301750	20250926	202509	2025	2025.7288											USA	UNITED STATES	USA								0	112	112	11	3	-2.0	2	1	2	-12.7659574468085	0								3	Nellis Air Force Base, Nevada, United States	US	USNV		36.2369	-115.033	2443876	3	Nellis Air Force Base, Nevada, United States	US	USNV		36.2369	-115.033	2443876	20250926051500	https://www.reviewjournal.com/crime/courts/nellis-air-force-officer-sentenced-for-sexually-assaulting-child-3465722/
1265301751	20250926	202509	2025	2025.7288											USA	UNITED STATES	USA								0	112	112	11	3	-2.0	2	1	2	-12.7659574468085	0								3	Nellis Air Force Base, Nevada, United States	US	USNV		36.2369	-115.033	2443876	3	Las Vegas, Nevada, United States	US	USNV		36.175	-115.137	847388	20250926051500	https://www.reviewjournal.com/crime/courts/nellis-air-force-officer-sentenced-for-sexually-assaulting-child-3465722/
1265301752	20250926	202509	2025	2025.7288											USA	MINNESOTA	USA								1	112	112	11	3	-2.0	6	1	6	-4.77941176470588	0								3	Pine River, Minnesota, United States	US	USMN		46.718	-94.4042	649494	3	Pine River, Minnesota, United States	US	USMN		46.718	-94.4042	649494	20250926051500	https://thenightly.com.au/world/minnesota-parents-facing-charges-after-autistic-daughter-dies-trapped-in-broken-safety-bed-c-20150023
1265301753	20250926	202509	2025	2025.7288											USA	UNITED STATES	USA								1	173	173	17	4	-5.0	4	1	4	-12.7659574468085	0								3	Las Vegas, Nevada, United States	US	USNV		36.175	-115.137	847388	3	Las Vegas, Nevada, United States	US	USNV		36.175	-115.137	847388	20250926051500	https://www.reviewjournal.com/crime/courts/nellis-air-force-officer-sentenced-for-sexually-assaulting-child-3465722/
1265301754	20250926	202509	2025	2025.7288											USA	UNITED STATES	USA								1	180	180	18	4	-9.0	4	1	4	-12.7659574468085	0								3	Nellis Air Force Base, Nevada, United States	US	USNV		36.2369	-115.033	2443876	3	Nellis Air Force Base, Nevada, United States	US	USNV		36.2369	-115.033	2443876	20250926051500	https://www.reviewjournal.com/crime/courts/nellis-air-force-officer-sentenced-for-sexually-assaulting-child-3465722/
1265301755	20250926	202509	2025	2025.7288											USABUS	THE US	USA					BUS			1	046	046	04	1	7.0	10	1	10	2.66272189349113	0								1	United States	US	US		39.828175	-98.5795	US	1	United States	US	US		39.828175	-98.5795	US	20250926051500	https://www.thesouthafrican.com/news/ramaphosa-pushes-for-renewal-of-agoa-agreement/
1265301756	20250926	202509	2025	2025.7288											USACVL	UNITED STATES	USA					CVL			0	042	042	04	1	1.9	6	1	6	4.9645390070922	0								3	Bucks County, Pennsylvania, United States	US	USPA		40.5004	-75.3749	1209173	3	Bucks County, Pennsylvania, United States	US	USPA		40.5004	-75.3749	1209173	20250926051500	https://www.pressreleasepoint.com/deputy-treasurer-julie-peachey-and-bucks-county-controller-pam-van-blunk-bring-awareness-unclaimed
1265301757	20250926	202509	2025	2025.7288	AFR	AFRICA	AFR								GOV	ADMINISTRATION						GOV			0	040	040	04	1	1.0	10	1	10	2.66272189349113	1	South Africa	SF	SF		-30	26	SF	1	South Africa	SF	SF		-30	26	SF	1	South Africa	SF	SF		-30	26	SF	20250926051500	https://www.thesouthafrican.com/news/ramaphosa-pushes-for-renewal-of-agoa-agreement/
1265301758	20250926	202509	2025	2025.7288	AFR	AFRICA	AFR								IGOUNO	THE UN		UNO				IGO			0	020	020	02	1	3.0	10	1	10	-3.36134453781512	1	Ghana	GH	GH		8	-2	GH	1	Ghana	GH	GH		8	-2	GH	1	Ghana	GH	GH		8	-2	GH	20250926051500	https://www.ghanaweb.com/GhanaHomePage/NewsArchive/UNGA-80-We-are-tired-of-exploitation-of-Africa-s-resources-Mahama-tells-UN-2002361
1265301759	20250926	202509	2025	2025.7288	AFR	AFRICA	AFR								USA	THE US	USA								1	013	013	01	1	0.4	10	1	10	2.66272189349113	1	United States	US	US		39.828175	-98.5795	US	1	United States	US	US		39.828175	-98.5795	US	1	United States	US	US		39.828175	-98.5795	US	20250926051500	https://www.thesouthafrican.com/news/ramaphosa-pushes-for-renewal-of-agoa-agreement/
1265301760	20250926	202509	2025	2025.7288	AFR	AFRICA	AFR								USA	THE US	USA								1	042	042	04	1	1.9	10	1	10	2.66272189349113	1	United States	US	US		39.828175	-98.5795	US	1	United States	US	US		39.828175	-98.5795	US	1	United States	US	US		39.828175	-98.5795	US	20250926051500	https://www.thesouthafrican.com/news/ramaphosa-pushes-for-renewal-of-agoa-agreement/
1265301761	20250926	202509	2025	2025.7288	AGR	FARMER						AGR													1	020	020	02	1	3.0	1	1	1	3.71900826446281	4	Hanover, Niedersachsen, Germany	GM	GM06	40698	52.3667	9.71667	-1785903	0								4	Hanover, Niedersachsen, Germany	GM	GM06	40698	52.3667	9.71667	-1785903	20250926051500	http://en.ce.cn/main/latest/202509/t20250925_2488083.shtml
1265301762	20250926	202509	2025	2025.7288	AGR	FARMER						AGR													1	020	020	02	1	3.0	4	1	4	3.71900826446281	4	Beidou, Anhui, China	CH	CH01	12998	31.0409	118.449	10555108	0								4	Beidou, Anhui, China	CH	CH01	12998	31.0409	118.449	10555108	20250926051500	http://en.ce.cn/main/latest/202509/t20250925_2488083.shtml
1265301763	20250926	202509	2025	2025.7288	AUS	AUSTRALIA	AUS																		0	033	033	03	1	5.2	10	1	10	-8.77192982456138	1	Australia	AS	AS		-25	135	AS	0								1	Australia	AS	AS		-25	135	AS	20250926051500	http://www.starobserver.com.au/news/tasmania-to-compensate-people-convicted-for-historical-lgbtqia-offences/238912
1265301764	20250926	202509	2025	2025.7288	AUS	AUSTRALIA	AUS																		1	036	036	03	1	4.0	8	1	8	12.6984126984127	4	Gannawarra, Victoria, Australia	AS	AS07	5374	-35.7333	144.15	-1574487	0								4	Gannawarra, Victoria, Australia	AS	AS07	5374	-35.7333	144.15	-1574487	20250926051500	https://gannawarratimes.com.au/news/2025/09/26/love-is-in-the-air-for-author-visits/
1265301765	20250926	202509	2025	2025.7288	AUS	AUSTRALIA	AUS								IGOUNO	UNITED NATIONS		UNO				IGO			0	114	114	11	3	-2.0	2	1	2	-8.77192982456138	1	Australia	AS	AS		-25	135	AS	1	Australia	AS	AS		-25	135	AS	1	Australia	AS	AS		-25	135	AS	20250926051500	http://www.starobserver.com.au/news/tasmania-to-compensate-people-convicted-for-historical-lgbtqia-offences/238912
1265301766	20250926	202509	2025	2025.7288	AUT	AUSTRIA	AUT								EDU	ACADEMICS						EDU			1	051	051	05	1	3.4	2	1	2	-0.61349693251534	4	Shanghai, Shanghai, China	CH	CH23	13243	31.2222	121.458	-1924465	4	Shanghai, Shanghai, China	CH	CH23	13243	31.2222	121.458	-1924465	4	Shanghai, Shanghai, China	CH	CH23	13243	31.2222	121.458	-1924465	20250926051500	https://www.asiaone.com/world/austria-hails-brain-gain-luring-25-academics-away-us-after-cuts
1265301767	20250926	202509	2025	2025.7288	AUT	AUSTRIA	AUT								EDU	ACADEMICS						EDU			1	051	051	05	1	3.4	8	1	8	-0.61349693251534	4	Shanghai, Shanghai, China	CH	CH23	13243	31.2222	121.458	-1924465	4	Vienna, Wien, Austria	AU	AU09	5672	48.2	16.3667	-1995499	4	Shanghai, Shanghai, China	CH	CH23	13243	31.2222	121.458	-1924465	20250926051500	https://www.asiaone.com/world/austria-hails-brain-gain-luring-25-academics-away-us-after-cuts
1265301768	20250926	202509	2025	2025.7288	AUTGOV	AUSTRIA	AUT					GOV			ISR	ISRAEL	ISR								1	141	141	14	3	-6.5	1	1	1	-0.61349693251534	4	Vienna, Wien, Austria	AU	AU09	5672	48.2	16.3667	-1995499	4	Gaza, Israel (general), Israel	IS	IS00	18315	31.4167	34.3333	-797156	4	Gaza, Israel (general), Israel	IS	IS00	18315	31.4167	34.3333	-797156	20250926051500	https://www.asiaone.com/world/austria-hails-brain-gain-luring-25-academics-away-us-after-cuts
1265301769	20250926	202509	2025	2025.7288	AUTGOV	AUSTRIA	AUT					GOV			PSE	GAZA	PSE								1	180	180	18	4	-9.0	1	1	1	-0.61349693251534	4	Vienna, Wien, Austria	AU	AU09	5672	48.2	16.3667	-1995499	4	Gaza, Israel (general), Israel	IS	IS00	18315	31.4167	34.3333	-797156	4	Gaza, Israel (general), Israel	IS	IS00	18315	31.4167	34.3333	-797156	20250926051500	https://www.asiaone.com/world/austria-hails-brain-gain-luring-25-academics-away-us-after-cuts
1265301770	20250926	202509	2025	2025.7288	BGD	BANGLADESH	BGD								BUS	INDUSTRY						BUS			1	010	010	01	1	0.0	2	1	2	2.23577235772358	1	Bangladesh	BG	BG		24	90	BG	1	Bangladesh	BG	BG		24	90	BG	1	Bangladesh	BG	BG		24	90	BG	20250926051500	https://www.dhakatribune.com/bangladesh/government-affairs/392478/prof-yunus-labour-reforms-crucial-in-attracting
1265301771	20250926	202509	2025	2025.7288	BUS	LANDLORD						BUS													0	010	010	01	1	0.0	5	1	5	-8.96946564885497	4	Tarkwa, Ghana (general), Ghana	GH	GH00	190593	5.30644	-1.98474	-2079306	0								4	Tarkwa, Ghana (general), Ghana	GH	GH00	190593	5.30644	-1.98474	-2079306	20250926051500	https://www.ghanaweb.com/GhanaHomePage/crime/Unemployed-woman-convicted-for-defrauding-seven-people-2002367
1265301772	20250926	202509	2025	2025.7288	BUS	COMPANY						BUS													1	010	010	01	1	0.0	5	1	5	1.89274447949527	3	Hollywood, California, United States	US	USCA	CA037	34.0983	-118.327	1660757	0								3	Hollywood, California, United States	US	USCA	CA037	34.0983	-118.327	1660757	20250926051500	https://www.hindustantimes.com/trending/us/who-is-amanda-bynes-boyfriend-zachary-nickelodeon-stars-new-romance-revealed-101758860147872.html
1265301773	20250926	202509	2025	2025.7288	BUS	TOURISM INDUSTRY						BUS													1	010	010	01	1	0.0	10	1	10	-2.4390243902439	1	Saint Lucia	ST	ST		13.883333	-60.966667	ST	0								1	Saint Lucia	ST	ST		13.883333	-60.966667	ST	20250926051500	https://www.htsstlucia.org/world-tourism-day-to-focus-on-sustainable-transformation/
1265301774	20250926	202509	2025	2025.7288	BUS	BUSINESS						BUS													1	014	014	01	1	0.0	3	1	3	4.73933649289099	1	Japan	JA	JA		36	138	JA	0								1	Japan	JA	JA		36	138	JA	20250926051500	https://www.thewestmorlandgazette.co.uk/news/25495056.lake-district-works-underway-troutbeck-wastewater-site/
1265301775	20250926	202509	2025	2025.7288	BUS	COMPANY						BUS													1	036	036	03	1	4.0	5	1	5	-2.18068535825545	2	Oklahoma, United States	US	USOK		35.5376	-96.9247	OK	0								2	Oklahoma, United States	US	USOK		35.5376	-96.9247	OK	20250926051500	http://www.news9.com/story/68d5e72351db8cb9d28e7da9/questions-remain-after-ryan-walters-announces-resignation
1265301776	20250926	202509	2025	2025.7288	BUS	BANK						BUS													0	051	051	05	1	3.4	5	1	5	2.34741784037559	4	Mumbai, Maharashtra, India	IN	IN16	70184	18.975	72.8258	-2092174	0								4	Mumbai, Maharashtra, India	IN	IN16	70184	18.975	72.8258	-2092174	20250926051500	https://www.indiancooperative.com/banks/agm-maharashtra-state-co-op-bank-surges-ahead-with-tech-and-profit/
1265301777	20250926	202509	2025	2025.7288	BUS	AIRLINE						BUS													1	051	051	05	1	3.4	2	1	2	10.8153078202995	4	Athens, AttikíR, Greece	GR	GR35	16716	37.9833	23.7333	-814876	0								4	Prague, Praha, Hlavníesto, Czech Republic	EZ	EZ52	14865	50.0833	14.4667	-553173	20250926051500	https://www.travelextra.ie/daria-sergeeva-of-wizz-air-wins-rising-star-at-world-routes-awards-in-hong-kong/
1265301778	20250926	202509	2025	2025.7288	BUS	AIRLINE						BUS													1	051	051	05	1	3.4	1	1	1	10.8153078202995	4	Athens, AttikíR, Greece	GR	GR35	16716	37.9833	23.7333	-814876	0								4	Athens, AttikíR, Greece	GR	GR35	16716	37.9833	23.7333	-814876	20250926051500	https://www.travelextra.ie/daria-sergeeva-of-wizz-air-wins-rising-star-at-world-routes-awards-in-hong-kong/
1265301779	20250926	202509	2025	2025.7288	BUS	AIRLINE						BUS													1	051	051	05	1	3.4	1	1	1	10.8153078202995	3	Las Vegas, Nevada, United States	US	USNV	NV003	36.175	-115.137	847388	0								4	Prague, Praha, Hlavníesto, Czech Republic	EZ	EZ52	14865	50.0833	14.4667	-553173	20250926051500	https://www.travelextra.ie/daria-sergeeva-of-wizz-air-wins-rising-star-at-world-routes-awards-in-hong-kong/
1265301780	20250926	202509	2025	2025.7288	BUS	COMPANY						BUS													1	051	051	05	1	3.4	5	1	5	0	1	China	CH	CH		35	105	CH	0								1	China	CH	CH		35	105	CH	20250926051500	https://www.insidermonkey.com/blog/uber-and-momenta-to-test-self-driving-cars-in-germany-1616880/
1265301781	20250926	202509	2025	2025.7288	BUS	AIRLINE						BUS													1	051	051	05	1	3.4	1	1	1	10.8153078202995	1	Hong Kong	HK	HK		22.25	114.166667	HK	0								4	Athens, AttikíR, Greece	GR	GR35	16716	37.9833	23.7333	-814876	20250926051500	https://www.travelextra.ie/daria-sergeeva-of-wizz-air-wins-rising-star-at-world-routes-awards-in-hong-kong/
1265301782	20250926	202509	2025	2025.7288	BUS	COMPANY						BUS													0	090	090	09	2	-2.0	5	1	5	-4.95110024449878	2	New York, United States	US	USNY		42.1497	-74.9384	NY	0								2	New York, United States	US	USNY		42.1497	-74.9384	NY	20250926051500	https://www.nzherald.co.nz/world/trump-has-laid-waste-to-the-us-post-watergate-norms-co-opting-the-criminal-justice-system/7K6HBCLUGZBWXB3O5FI4UM5M6A/
1265301783	20250926	202509	2025	2025.7288	BUS	COMPANIES						BUS													1	111	111	11	3	-2.0	5	1	5	10.8433734939759	4	Dublin, Dublin, Ireland	EI	EI07	18288	53.3331	-6.24889	-1502554	0								4	Dublin, Dublin, Ireland	EI	EI07	18288	53.3331	-6.24889	-1502554	20250926051500	https://www.travelextra.ie/ryanair-unveils-new-corporate-gift-cards-for-irish-companies/
1265301784	20250926	202509	2025	2025.7288	BUS	COMPANY						BUS													1	120	120	12	3	-4.0	10	1	10	-1.81818181818182	1	Canada	CA	CA		60	-96	CA	0								1	Canada	CA	CA		60	-96	CA	20250926051500	http://www.bgnes.com/economy/starbucks-to-lay-off-hundreds-of-employees
1265301785	20250926	202509	2025	2025.7288	BUS	INVESTOR						BUS													1	141	141	14	3	-6.5	10	1	10	3.18181818181818	4	Port Moresby, National Capital, Papua New Guinea	PP	PP20	18585	-9.46472	147.193	-2198538	0								4	Port Moresby, National Capital, Papua New Guinea	PP	PP20	18585	-9.46472	147.193	-2198538	20250926051500	https://www.thenational.com.pg/minister-welcomes-sinopec-decision-to-start-drilling/
1265301786	20250926	202509	2025	2025.7288	BUS	BUSINESS						BUS			AFR	AFRICA	AFR								0	061	061	06	2	6.4	10	1	10	2.66272189349113	1	South Africa	SF	SF		-30	26	SF	1	South Africa	SF	SF		-30	26	SF	1	South Africa	SF	SF		-30	26	SF	20250926051500	https://www.thesouthafrican.com/news/ramaphosa-pushes-for-renewal-of-agoa-agreement/
1265301787	20250926	202509	2025	2025.7288	BUS	AIRLINE						BUS			EUR	EUROPE	EUR								1	020	020	02	1	3.0	6	1	6	-4.29184549356223	3	White House, District of Columbia, United States	US	USDC		38.8951	-77.0364	531871	3	White House, District of Columbia, United States	US	USDC		38.8951	-77.0364	531871	3	White House, District of Columbia, United States	US	USDC		38.8951	-77.0364	531871	20250926051500	https://www.travelextra.ie/here-are-12-takeaways-from-michael-olearys-press-briefing-in-dublin/
1265301788	20250926	202509	2025	2025.7288	BUS	AIRLINE						BUS			EUR	EUROPE	EUR								1	020	020	02	1	3.0	2	1	2	-4.29184549356223	2	New York, United States	US	USNY		42.1497	-74.9384	NY	3	White House, District of Columbia, United States	US	USDC		38.8951	-77.0364	531871	3	White House, District of Columbia, United States	US	USDC		38.8951	-77.0364	531871	20250926051500	https://www.travelextra.ie/here-are-12-takeaways-from-michael-olearys-press-briefing-in-dublin/
1265301789	20250926	202509	2025	2025.7288	BUS	AIRLINE						BUS			EUR	EUROPE	EUR								1	020	020	02	1	3.0	2	1	2	-4.29184549356223	2	New York, United States	US	USNY		42.1497	-74.9384	NY	2	New York, United States	US	USNY		42.1497	-74.9384	NY	2	New York, United States	US	USNY		42.1497	-74.9384	NY	20250926051500	https://www.travelextra.ie/here-are-12-takeaways-from-michael-olearys-press-briefing-in-dublin/
1265301790	20250926	202509	2025	2025.7288	BUS	COMPANY						BUS			GOV	PRESIDENT						GOV			1	051	051	05	1	3.4	10	1	10	0.60422960725075	4	Hwange, Zimbabwe (general), Zimbabwe	ZI	ZI00	40197	-18.3667	26.4833	-2312652	4	Hwange, Zimbabwe (general), Zimbabwe	ZI	ZI00	40197	-18.3667	26.4833	-2312652	4	Hwange, Zimbabwe (general), Zimbabwe	ZI	ZI00	40197	-18.3667	26.4833	-2312652	20250926051500	https://allafrica.com/stories/202509260012.html
1265301791	20250926	202509	2025	2025.7288	BUS	COMPANY						BUS			LAB	EMPLOYEE						LAB			1	010	010	01	1	0.0	3	1	3	0	3	Houston, Texas, United States	US	USTX	TX201	29.7633	-95.3633	1380948	3	Houston, Texas, United States	US	USTX	TX201	29.7633	-95.3633	1380948	3	Houston, Texas, United States	US	USTX	TX201	29.7633	-95.3633	1380948	20250926051500	https://www.khou.com/article/news/local/texas-starbucks-closing-list-houston/285-e477339a-1d0a-4b35-8380-98bf1ce0e32f
1265301792	20250926	202509	2025	2025.7288	BUS	COMPANY						BUS			LAB	WORKER						LAB			0	112	112	11	3	-2.0	8	1	8	1.12359550561798	4	Nakuru, Rift Valley, Kenya	KE	KE08	18585	-0.283333	36.0667	-2258197	4	Nakuru, Rift Valley, Kenya	KE	KE08	18585	-0.283333	36.0667	-2258197	4	Nakuru, Rift Valley, Kenya	KE	KE08	18585	-0.283333	36.0667	-2258197	20250926051500	https://allafrica.com/stories/202509260027.html
1265301793	20250926	202509	2025	2025.7288	BUS	INDUSTRY						BUS			USA	THE US	USA								0	042	042	04	1	1.9	6	1	6	2.66272189349113	1	South Africa	SF	SF		-30	26	SF	1	South Africa	SF	SF		-30	26	SF	1	South Africa	SF	SF		-30	26	SF	20250926051500	https://www.thesouthafrican.com/news/ramaphosa-pushes-for-renewal-of-agoa-agreement/
1265301794	20250926	202509	2025	2025.7288	BUS	INDUSTRY						BUS			USA	THE US	USA								0	042	042	04	1	1.9	2	1	2	2.66272189349113	1	South Africa	SF	SF		-30	26	SF	1	United States	US	US		39.828175	-98.5795	US	1	United States	US	US		39.828175	-98.5795	US	20250926051500	https://www.thesouthafrican.com/news/ramaphosa-pushes-for-renewal-of-agoa-agreement/
1265301795	20250926	202509	2025	2025.7288	BUS	AIRLINE						BUS			USAPRI	PUERTO RICO	USA								1	192	192	19	4	-9.5	5	1	5	1.49253731343284	2	Tennessee, United States	US	USTN		35.7449	-86.7489	TN	1	Puerto Rico	RQ	RQ		18.2359	-66.4838	RQ	2	Tennessee, United States	US	USTN		35.7449	-86.7489	TN	20250926051500	https://www.caribjournal.com/2025/09/25/us-virgin-islands-st-thomas-dominica/
1265301796	20250926	202509	2025	2025.7288	CAN	ALBERTA	CAN																		1	190	190	19	4	-10.0	3	1	3	-5.52631578947369	4	Suhum, Ghana (general), Ghana	GH	GH00	16572	6.53333	-1.06667	-2079009	0								4	Suhum, Ghana (general), Ghana	GH	GH00	16572	6.53333	-1.06667	-2079009	20250926051500	https://www.ghanaweb.com/GhanaHomePage/crime/Queenmother-seeks-justice-for-late-daughter-and-grandchildren-allegedly-Murdered-in-Tuba-2002365
1265301797	20250926	202509	2025	2025.7288	CHE	SWITZERLAND	CHE																		1	0831	083	08	2	5.0	4	1	4	0	4	Zofingen, Switzerland (general), Switzerland	SZ	SZ00	26303	47.2899	7.94727	-2554914	0								4	Zofingen, Switzerland (general), Switzerland	SZ	SZ00	26303	47.2899	7.94727	-2554914	20250926051500	https://www.finanznachrichten.de/nachrichten-2025-09/66541954-adhoc-siegfried-ag-change-in-the-chairmanship-of-the-board-of-directors-023.htm
1265301798	20250926	202509	2025	2025.7288	CHE	SWITZERLAND	CHE																		1	120	120	12	3	-4.0	4	1	4	-2	4	Geneva, Genè, Switzerland	SZ	SZ07	16329	46.1956	6.14811	-2552151	0								4	Geneva, Genè, Switzerland	SZ	SZ07	16329	46.1956	6.14811	-2552151	20250926051500	https://www.thenational.com.pg/frieda-mine-concerns-brought-up-in-geneva/
1265301799	20250926	202509	2025	2025.7288	CHN	CHINA	CHN																		1	090	090	09	2	-2.0	3	1	3	3.71900826446281	4	Hanover, Niedersachsen, Germany	GM	GM06	40698	52.3667	9.71667	-1785903	0								4	Hanover, Niedersachsen, Germany	GM	GM06	40698	52.3667	9.71667	-1785903	20250926051500	http://en.ce.cn/main/latest/202509/t20250925_2488083.shtml
1265301800	20250926	202509	2025	2025.7288	CHN	CHINA	CHN																		1	090	090	09	2	-2.0	1	1	1	3.71900826446281	4	Beidou, Anhui, China	CH	CH01	12998	31.0409	118.449	10555108	0								4	Hanover, Niedersachsen, Germany	GM	GM06	40698	52.3667	9.71667	-1785903	20250926051500	http://en.ce.cn/main/latest/202509/t20250925_2488083.shtml
1265301801	20250926	202509	2025	2025.7288	CHN	CHINESE	CHN																		1	111	111	11	3	-2.0	8	1	8	3.24324324324324	4	Shenyang, Liaoning, China	CH	CH19	13177	41.7922	123.433	-1925258	0								4	Shenyang, Liaoning, China	CH	CH19	13177	41.7922	123.433	-1925258	20250926051500	http://en.ce.cn/main/latest/202509/t20250925_2488082.shtml
1265301802	20250926	202509	2025	2025.7288	CHN	BEIJING	CHN																		1	150	150	15	4	-7.2	2	1	2	3.2967032967033	4	Beijing, Beijing, China	CH	CH22	13001	39.9289	116.388	-1898541	0								4	Beijing, Beijing, China	CH	CH22	13001	39.9289	116.388	-1898541	20250926051500	http://en.ce.cn/main/latest/202509/t20250925_2488084.shtml
1265301803	20250926	202509	2025	2025.7288	CHN	CHINESE	CHN								BUS	COMPANY						BUS			1	071	071	07	2	7.4	10	1	10	2.8391167192429	1	Kyrgyzstan	KG	KG		41	75	KG	1	Kyrgyzstan	KG	KG		41	75	KG	1	Kyrgyzstan	KG	KG		41	75	KG	20250926051500	https://finance.yahoo.com/news/juizi-holdings-stock-surges-over-170803405.html
1265301804	20250926	202509	2025	2025.7288	CHN	CHINA	CHN								CHNGOV	CHINESE	CHN					GOV			1	033	033	03	1	5.2	10	1	10	0	1	China	CH	CH		35	105	CH	1	China	CH	CH		35	105	CH	1	China	CH	CH		35	105	CH	20250926051500	http://en.ce.cn/main/latest/202509/t20250924_2486471.shtml
1265301805	20250926	202509	2025	2025.7288	CHN	CHINA	CHN								GOV	PRESIDENT						GOV			1	046	046	04	1	7.0	2	1	2	-0.12285012285012	3	White House, District of Columbia, United States	US	USDC		38.8951	-77.0364	531871	3	White House, District of Columbia, United States	US	USDC		38.8951	-77.0364	531871	3	White House, District of Columbia, United States	US	USDC		38.8951	-77.0364	531871	20250926051500	https://siliconangle.com/2025/09/25/tiktok-will-stay-trump-signs-executive-order-keep-app-us/
1265301806	20250926	202509	2025	2025.7288	CHN	CHINA	CHN								IGOUNOLEG	UNITED NATIONS		UNO				IGO	LEG		1	040	040	04	1	1.0	10	1	10	0	1	China	CH	CH		35	105	CH	1	China	CH	CH		35	105	CH	1	China	CH	CH		35	105	CH	20250926051500	http://en.ce.cn/main/latest/202509/t20250924_2486471.shtml
1265301807	20250926	202509	2025	2025.7288	CHRLDS	LATTER DAY SAINTS				CHR	LDS				USA	UTAH	USA								1	042	042	04	1	1.9	2	1	2	4.78036175710594	2	Utah, United States	US	USUT		40.1135	-111.854	UT	3	Salt Lake County, Utah, United States	US	USUT		40.6255	-111.876	1448031	3	Salt Lake County, Utah, United States	US	USUT		40.6255	-111.876	1448031	20250926051500	https://www.deseret.com/faith/2025/09/25/latter-day-saint-meetinghouse-becomes-new-baps-hindu-temple-in-utah/
1265301808	20250926	202509	2025	2025.7288	CHRLDS	LATTER DAY SAINTS				CHR	LDS				USA	UTAH	USA								1	042	042	04	1	1.9	2	1	2	4.78036175710594	2	Utah, United States	US	USUT		40.1135	-111.854	UT	2	Utah, United States	US	USUT		40.1135	-111.854	UT	3	Salt Lake County, Utah, United States	US	USUT		40.6255	-111.876	1448031	20250926051500	https://www.deseret.com/faith/2025/09/25/latter-day-saint-meetinghouse-becomes-new-baps-hindu-temple-in-utah/
1265301809	20250926	202509	2025	2025.7288	CHRLDS	LATTER DAY SAINTS				CHR	LDS				USA	UTAH	USA								1	042	042	04	1	1.9	6	1	6	4.78036175710594	2	Utah, United States	US	USUT		40.1135	-111.854	UT	2	Utah, United States	US	USUT		40.1135	-111.854	UT	2	Utah, United States	US	USUT		40.1135	-111.854	UT	20250926051500	https://www.deseret.com/faith/2025/09/25/latter-day-saint-meetinghouse-becomes-new-baps-hindu-temple-in-utah/
1265301810	20250926	202509	2025	2025.7288	CHRPRO300	PRESBYTERIAN				CHR	PRO														0	020	020	02	1	3.0	8	1	8	4.86238532110092	2	Wisconsin, United States	US	USWI		44.2563	-89.6385	WI	0								2	Wisconsin, United States	US	USWI		44.2563	-89.6385	WI	20250926051500	https://pcusa.org/news-storytelling/news/2025/9/25/unification-commission-approves-new-structure-and-priorities-unified-agency
1265301811	20250926	202509	2025	2025.7288	CHRPRO300	PRESBYTERIAN				CHR	PRO				USA	UNITED STATES	USA								0	020	020	02	1	3.0	2	1	2	4.86238532110092	2	Wisconsin, United States	US	USWI		44.2563	-89.6385	WI	2	Wisconsin, United States	US	USWI		44.2563	-89.6385	WI	2	Wisconsin, United States	US	USWI		44.2563	-89.6385	WI	20250926051500	https://pcusa.org/news-storytelling/news/2025/9/25/unification-commission-approves-new-structure-and-priorities-unified-agency
1265301812	20250926	202509	2025	2025.7288	COP	DETECTIVE						COP													1	010	010	01	1	0.0	10	1	10	-3.75180375180375	5	Dublin City, Dublin City, Ireland	EI	EI33	18288	53.3551	-6.24922	10934239	0								5	Dublin City, Dublin City, Ireland	EI	EI33	18288	53.3551	-6.24922	10934239	20250926051500	https://www.irishmirror.ie/news/irish-news/crime/online-history-phone-connected-daniel-35964770
1265301813	20250926	202509	2025	2025.7288	COP	POLICE						COP													1	012	012	01	1	-0.4	20	1	10	-4.46428571428572	4	Mount Pleasant, South Australia, Australia	AS	AS05	5287	-34.7749	139.049	-1589481	0								4	Mount Pleasant, South Australia, Australia	AS	AS05	5287	-34.7749	139.049	-1589481	20250926051500	https://www.newcastleherald.com.au/story/9075724/bikies-busted-as-huge-regional-haul-of-firearms-seized/
1265301814	20250926	202509	2025	2025.7288	COP	PRISON						COP													1	015	015	01	1	0.0	5	1	5	-22.2222222222222	0								0								0								20250926051500	https://www.wbrz.com/news/zachary-man-pleads-guilty-to-manslaughter-in-teen-overdose-sentenced-to-20-years-in-prison
1265301815	20250926	202509	2025	2025.7288	COP	POLICE						COP													0	042	042	04	1	1.9	1	1	1	-8.96946564885497	4	Tarkwa, Ghana (general), Ghana	GH	GH00	190593	5.30644	-1.98474	-2079306	0								4	Tarkwa, Ghana (general), Ghana	GH	GH00	190593	5.30644	-1.98474	-2079306	20250926051500	https://www.ghanaweb.com/GhanaHomePage/crime/Unemployed-woman-convicted-for-defrauding-seven-people-2002367
1265301816	20250926	202509	2025	2025.7288	COP	POLICE						COP													1	042	042	04	1	1.9	6	1	6	-1.38888888888889	3	Boston, Massachusetts, United States	US	USMA	MA025	42.3584	-71.0598	617565	0								3	Boston, Massachusetts, United States	US	USMA	MA025	42.3584	-71.0598	617565	20250926051500	https://www.soompi.com/article/1786989wpp/lee-young-aes-fate-rests-in-kim-young-kwangs-hands-in-walking-on-thin-ice
1265301817	20250926	202509	2025	2025.7288	COP	DEPUTY						COP													0	046	046	04	1	7.0	6	1	6	4.9645390070922	3	Bucks County, Pennsylvania, United States	US	USPA	PA017	40.5004	-75.3749	1209173	0								3	Bucks County, Pennsylvania, United States	US	USPA		40.5004	-75.3749	1209173	20250926051500	https://www.pressreleasepoint.com/deputy-treasurer-julie-peachey-and-bucks-county-controller-pam-van-blunk-bring-awareness-unclaimed
1265301818	20250926	202509	2025	2025.7288	COP	POLICE						COP													0	114	114	11	3	-2.0	1	1	1	-8.96946564885497	4	Tarkwa, Ghana (general), Ghana	GH	GH00	190593	5.30644	-1.98474	-2079306	0								4	Tarkwa, Ghana (general), Ghana	GH	GH00	190593	5.30644	-1.98474	-2079306	20250926051500	https://www.ghanaweb.com/GhanaHomePage/crime/Unemployed-woman-convicted-for-defrauding-seven-people-2002367
1265301819	20250926	202509	2025	2025.7288	COP	POLICE						COP			AUS	MELBOURNE	AUS								1	090	090	09	2	-2.0	10	1	10	-8.10810810810811	4	Point Cook, Victoria, Australia	AS	AS07	5429	-37.9167	144.8	-1595590	4	Point Cook, Victoria, Australia	AS	AS07	5429	-37.9167	144.8	-1595590	4	Point Cook, Victoria, Australia	AS	AS07	5429	-37.9167	144.8	-1595590	20250926051500	https://wyndham.starweekly.com.au/news/death-under-investigation/
1265301820	20250926	202509	2025	2025.7288	COP	LAW ENFORCEMENT AUTHORITIES						COP			BGR	BULGARIA	BGR								1	084	084	08	2	7.0	10	1	10	-8.2089552238806	1	Spain	SP	SP		40	-4	SP	1	Bulgaria	BU	BU		43	25	BU	1	Bulgaria	BU	BU		43	25	BU	20250926051500	https://www.cryptopolitan.com/100-million-crypto-fraud-busted-in-europe/
1265301821	20250926	202509	2025	2025.7288	COP	LAW ENFORCEMENT AUTHORITIES						COP			BGR	BULGARIA	BGR								1	090	090	09	2	-2.0	10	1	10	-8.2089552238806	1	Spain	SP	SP		40	-4	SP	1	Bulgaria	BU	BU		43	25	BU	1	Spain	SP	SP		40	-4	SP	20250926051500	https://www.cryptopolitan.com/100-million-crypto-fraud-busted-in-europe/
1265301822	20250926	202509	2025	2025.7288	COP	POLICE						COP			BUS	BUSINESS						BUS			1	173	173	17	4	-5.0	10	1	10	-7.14285714285714	0								0								0								20250926051500	https://maribyrnonghobsonsbay.starweekly.com.au/news/two-arrested-following-laverton-fire/
1265301823	20250926	202509	2025	2025.7288	COP	LAW ENFORCEMENT AUTHORITIES						COP			ESP	SPAIN	ESP								1	090	090	09	2	-2.0	10	1	10	-8.2089552238806	1	Russia	RS	RS		60	100	RS	1	Russia	RS	RS		60	100	RS	1	Russia	RS	RS		60	100	RS	20250926051500	https://www.cryptopolitan.com/100-million-crypto-fraud-busted-in-europe/
1265301824	20250926	202509	2025	2025.7288	COP	POLICE						COP			GHA	GHANA	GHA								0	043	043	04	1	2.8	2	1	2	-8.96946564885497	4	Tarkwa, Ghana (general), Ghana	GH	GH00	190593	5.30644	-1.98474	-2079306	4	Tarkwa, Ghana (general), Ghana	GH	GH00	190593	5.30644	-1.98474	-2079306	4	Tarkwa, Ghana (general), Ghana	GH	GH00	190593	5.30644	-1.98474	-2079306	20250926051500	https://www.ghanaweb.com/GhanaHomePage/crime/Unemployed-woman-convicted-for-defrauding-seven-people-2002367
1265301825	20250926	202509	2025	2025.7288	COP	LAW ENFORCEMENT AUTHORITIES						COP			ITA	ITALY	ITA								1	090	090	09	2	-2.0	8	1	8	-8.2089552238806	1	Spain	SP	SP		40	-4	SP	1	Italy	IT	IT		42.833333	12.833333	IT	1	Spain	SP	SP		40	-4	SP	20250926051500	https://www.cryptopolitan.com/100-million-crypto-fraud-busted-in-europe/
1265301826	20250926	202509	2025	2025.7288	COP	LAW ENFORCEMENT AUTHORITIES						COP			ITA	ITALY	ITA								1	090	090	09	2	-2.0	2	1	2	-8.2089552238806	1	Spain	SP	SP		40	-4	SP	1	Portugal	PO	PO		39.5	-8	PO	1	Spain	SP	SP		40	-4	SP	20250926051500	https://www.cryptopolitan.com/100-million-crypto-fraud-busted-in-europe/
1265301827	20250926	202509	2025	2025.7288	COP	POLICE OFFICER						COP			MED	MEDIA						MED			0	100	100	10	3	-5.0	10	1	10	-4.67005076142132	5	Karnataka, Karnataka, India	IN	IN19	17688	13.5	76	-2099860	5	Karnataka, Karnataka, India	IN	IN19	17688	13.5	76	-2099860	5	Karnataka, Karnataka, India	IN	IN19	17688	13.5	76	-2099860	20250926051500	https://indianexpress.com/article/live-news/top-news-today-briefing-10272048/
1265301828	20250926	202509	2025	2025.7288	COP	POLICE						COP			OPP	RIOTER						OPP			0	190	190	19	4	-10.0	6	1	6	-4.67005076142132	4	Delhi, Delhi, India	IN	IN07	17911	28.6667	77.2167	-2094230	4	Delhi, Delhi, India	IN	IN07	17911	28.6667	77.2167	-2094230	4	Delhi, Delhi, India	IN	IN07	17911	28.6667	77.2167	-2094230	20250926051500	https://indianexpress.com/article/live-news/top-news-today-briefing-10272048/
1265301829	20250926	202509	2025	2025.7288	COP	POLICE						COP			OPP	RIOTER						OPP			0	190	190	19	4	-10.0	4	1	4	-4.67005076142132	4	Delhi, Delhi, India	IN	IN07	17911	28.6667	77.2167	-2094230	4	Ladakh, Jammu and Kashmir, India	IN	IN12	72785	34.5	77.5	-2102224	4	Delhi, Delhi, India	IN	IN07	17911	28.6667	77.2167	-2094230	20250926051500	https://indianexpress.com/article/live-news/top-news-today-briefing-10272048/
1265301830	20250926	202509	2025	2025.7288	COP	LAW ENFORCEMENT AUTHORITIES						COP			PRT	PORTUGAL	PRT								1	090	090	09	2	-2.0	8	1	8	-8.2089552238806	1	Spain	SP	SP		40	-4	SP	1	Portugal	PO	PO		39.5	-8	PO	1	Spain	SP	SP		40	-4	SP	20250926051500	https://www.cryptopolitan.com/100-million-crypto-fraud-busted-in-europe/
1265301831	20250926	202509	2025	2025.7288	COP	LAW ENFORCEMENT AUTHORITIES						COP			PRT	PORTUGAL	PRT								1	090	090	09	2	-2.0	2	1	2	-8.2089552238806	1	Spain	SP	SP		40	-4	SP	1	Spain	SP	SP		40	-4	SP	1	Spain	SP	SP		40	-4	SP	20250926051500	https://www.cryptopolitan.com/100-million-crypto-fraud-busted-in-europe/
1265301832	20250926	202509	2025	2025.7288	COP	LAW ENFORCEMENT AUTHORITIES						COP			ROU	ROMANIA									1	090	090	09	2	-2.0	8	1	8	-8.2089552238806	1	Spain	SP	SP		40	-4	SP	4	Balkans, Romania (general), Romania	RO	RO00	12099	44	23	-102528	1	Spain	SP	SP		40	-4	SP	20250926051500	https://www.cryptopolitan.com/100-million-crypto-fraud-busted-in-europe/
1265301833	20250926	202509	2025	2025.7288	COP	LAW ENFORCEMENT AUTHORITIES						COP			ROU	ROMANIA									1	090	090	09	2	-2.0	2	1	2	-8.2089552238806	1	Spain	SP	SP		40	-4	SP	1	Italy	IT	IT		42.833333	12.833333	IT	1	Spain	SP	SP		40	-4	SP	20250926051500	https://www.cryptopolitan.com/100-million-crypto-fraud-busted-in-europe/
1265301834	20250926	202509	2025	2025.7288	COP	PRISON						COP			RUSJUD	RUSSIA	RUS					JUD			1	173	173	17	4	-5.0	1	1	1	-6.90737833594976	3	White House, District of Columbia, United States	US	USDC		38.8951	-77.0364	531871	3	White House, District of Columbia, United States	US	USDC		38.8951	-77.0364	531871	3	White House, District of Columbia, United States	US	USDC		38.8951	-77.0364	531871	20250926051500	https://www.ecr.co.za/news/news/former-fbi-director-charged-trump-retribution-drive/
1265301835	20250926	202509	2025	2025.7288	COP	PRISON						COP			USA	WISCONSIN	USA								1	040	040	04	1	1.0	6	2	6	-7.89473684210526	3	Washington, District of Columbia, United States	US	USDC	DC001	38.8951	-77.0364	531871	3	Milwaukee, Wisconsin, United States	US	USWI	WI079	43.0389	-87.9065	1577901	3	Milwaukee, Wisconsin, United States	US	USWI	WI079	43.0389	-87.9065	1577901	20250926051500	https://www.1039wvbo.com/2025/09/25/mississippi-man-gets-22-year-prison-term-for-role-in-group-expoliting-underage-girls-tried-to-meet-with-13-year-old-in-wisconsin/
1265301836	20250926	202509	2025	2025.7288	COP	PRISON						COP			USA	WISCONSIN	USA								1	040	040	04	1	1.0	4	2	4	-7.89473684210526	2	Mississippi, United States	US	USMS		32.7673	-89.6812	MS	3	Washington, District of Columbia, United States	US	USDC	DC001	38.8951	-77.0364	531871	3	Washington, District of Columbia, United States	US	USDC	DC001	38.8951	-77.0364	531871	20250926051500	https://www.1039wvbo.com/2025/09/25/mississippi-man-gets-22-year-prison-term-for-role-in-group-expoliting-underage-girls-tried-to-meet-with-13-year-old-in-wisconsin/
1265301837	20250926	202509	2025	2025.7288	COP	PRISON						COP			USA	WISCONSIN	USA								1	040	040	04	1	1.0	4	2	4	-7.89473684210526	2	Wisconsin, United States	US	USWI		44.2563	-89.6385	WI	3	Milwaukee, Wisconsin, United States	US	USWI	WI079	43.0389	-87.9065	1577901	3	Milwaukee, Wisconsin, United States	US	USWI	WI079	43.0389	-87.9065	1577901	20250926051500	https://www.1039wvbo.com/2025/09/25/mississippi-man-gets-22-year-prison-term-for-role-in-group-expoliting-underage-girls-tried-to-meet-with-13-year-old-in-wisconsin/
1265301838	20250926	202509	2025	2025.7288	COP	POLICE						COP			USA	UNITED STATES	USA								1	043	043	04	1	2.8	4	1	4	-1.38888888888889	3	Boston, Massachusetts, United States	US	USMA	MA025	42.3584	-71.0598	617565	3	Boston, Massachusetts, United States	US	USMA	MA025	42.3584	-71.0598	617565	3	Boston, Massachusetts, United States	US	USMA	MA025	42.3584	-71.0598	617565	20250926051500	https://www.soompi.com/article/1786989wpp/lee-young-aes-fate-rests-in-kim-young-kwangs-hands-in-walking-on-thin-ice
1265301839	20250926	202509	2025	2025.7288	COP	PRISON						COP			USA	MISSISSIPPI	USA								1	043	043	04	1	2.8	12	2	12	-7.89473684210526	2	Wisconsin, United States	US	USWI		44.2563	-89.6385	WI	2	Mississippi, United States	US	USMS		32.7673	-89.6812	MS	2	Minnesota, United States	US	USMN		45.7326	-93.9196	MN	20250926051500	https://www.1039wvbo.com/2025/09/25/mississippi-man-gets-22-year-prison-term-for-role-in-group-expoliting-underage-girls-tried-to-meet-with-13-year-old-in-wisconsin/
1265301840	20250926	202509	2025	2025.7288	COP	PRISON						COP			USA	UNITED STATES	USA								1	043	043	04	1	2.8	2	2	2	-7.89473684210526	2	Wisconsin, United States	US	USWI		44.2563	-89.6385	WI	2	Mississippi, United States	US	USMS		32.7673	-89.6812	MS	2	Mississippi, United States	US	USMS		32.7673	-89.6812	MS	20250926051500	https://www.1039wvbo.com/2025/09/25/mississippi-man-gets-22-year-prison-term-for-role-in-group-expoliting-underage-girls-tried-to-meet-with-13-year-old-in-wisconsin/
1265301841	20250926	202509	2025	2025.7288	COP	DEPUTY						COP			USA	UNITED STATES	USA								0	046	046	04	1	7.0	4	1	4	4.9645390070922	3	Bucks County, Pennsylvania, United States	US	USPA	PA017	40.5004	-75.3749	1209173	3	Bucks County, Pennsylvania, United States	US	USPA		40.5004	-75.3749	1209173	3	Bucks County, Pennsylvania, United States	US	USPA		40.5004	-75.3749	1209173	20250926051500	https://www.pressreleasepoint.com/deputy-treasurer-julie-peachey-and-bucks-county-controller-pam-van-blunk-bring-awareness-unclaimed
1265301842	20250926	202509	2025	2025.7288	CRM	CRIMINAL						CRM													1	015	015	01	1	0.0	10	1	10	-2.27272727272727	0								0								0								20250926051500	https://www.lancashiretelegraph.co.uk/news/25495516.great-harwood-man-smashed-mums-window-drug-expose/
1265301843	20250926	202509	2025	2025.7288	CRM	CULPRIT						CRM													1	190	190	19	4	-10.0	10	1	10	-3.75	1	France	FR	FR		46	2	FR	0								1	France	FR	FR		46	2	FR	20250926051500	https://www.soompi.com/article/1786969wpp/queen-mantis-to-reveal-identity-of-copycat-killer-in-tonights-episode
1265301844	20250926	202509	2025	2025.7288	CRM	OUTLAW						CRM			AUS	VICTORIA	AUS								1	090	090	09	2	-2.0	5	1	5	-4.95049504950495	0								0								0								20250926051500	https://www.northweststar.com.au/story/9075724/bikies-busted-as-huge-regional-haul-of-firearms-seized/
1265301845	20250926	202509	2025	2025.7288	CRM	OUTLAW						CRM			AUS	VICTORIA	AUS								1	090	090	09	2	-2.0	3	1	3	-4.46428571428572	4	Mount Pleasant, South Australia, Australia	AS	AS05	5287	-34.7749	139.049	-1589481	4	Mount Pleasant, South Australia, Australia	AS	AS05	5287	-34.7749	139.049	-1589481	4	Mount Pleasant, South Australia, Australia	AS	AS05	5287	-34.7749	139.049	-1589481	20250926051500	https://www.newcastleherald.com.au/story/9075724/bikies-busted-as-huge-regional-haul-of-firearms-seized/
1265301846	20250926	202509	2025	2025.7288	CRM	CRIMINAL						CRM			USA	UNITED STATES	USA								0	046	046	04	1	7.0	4	2	4	-6.18637431480031	2	Virginia, United States	US	USVA		37.768	-78.2057	VA	3	White House, District of Columbia, United States	US	USDC		38.8951	-77.0364	531871	2	Virginia, United States	US	USVA		37.768	-78.2057	VA	20250926051500	https://www.1280wnam.com/2025/09/25/james-comey-indicted-on-federal-obstruction-perjury-charges/
1265301847	20250926	202509	2025	2025.7288	CVL	NEIGHBORHOOD						CVL													1	010	010	01	1	0.0	5	1	5	-5.04587155963303	3	Houston, Texas, United States	US	USTX	TX201	29.7633	-95.3633	1380948	0								3	Houston, Texas, United States	US	USTX	TX201	29.7633	-95.3633	1380948	20250926051500	https://www.khou.com/article/news/local/houston-woman-property-damage-leaking-water/285-1e69f435-a0a7-4a07-9365-a398e4b26449
1265301848	20250926	202509	2025	2025.7288	CVL	COMMUNITY						CVL													1	010	010	01	1	0.0	1	1	1	1.64271047227926	3	Baton Rouge, Louisiana, United States	US	USLA	LA033	30.4507	-91.1545	1629914	0								3	Baton Rouge, Louisiana, United States	US	USLA		30.4507	-91.1545	1629914	20250926051500	https://www.wbrz.com/news/ldh-data-shows-nearly-10-000-new-sti-cases-reported-across-baton-rouge-area-in-2023
1265301849	20250926	202509	2025	2025.7288	CVL	RESIDENTS						CVL													0	036	036	03	1	4.0	16	2	16	-2.24719101123596	4	Mumbai, Maharashtra, India	IN	IN16	70184	18.975	72.8258	-2092174	0								4	Mumbai, Maharashtra, India	IN	IN16	70184	18.975	72.8258	-2092174	20250926051500	https://www.ibtimes.com.au/indias-mumbai-largest-slum-asia-sale-1860621
1265301850	20250926	202509	2025	2025.7288	CVL	RESIDENTS						CVL													0	036	036	03	1	4.0	4	2	4	-2.24719101123596	4	Dharavi, Maharashtra, India	IN	IN16	70184	19.05	72.8667	-2094661	0								4	Dharavi, Maharashtra, India	IN	IN16	70184	19.05	72.8667	-2094661	20250926051500	https://www.ibtimes.com.au/indias-mumbai-largest-slum-asia-sale-1860621
1265301851	20250926	202509	2025	2025.7288	CVL	COMMUNITY						CVL													0	040	040	04	1	1.0	10	1	10	-1.93014705882353	1	Singapore	SN	SN		1.366667	103.8	SN	0								1	Singapore	SN	SN		1.366667	103.8	SN	20250926051500	https://www.asiaone.com/lifestyle/are-singaporeans-prepared-end-life-care-nations-first-ever-death-literacy-index-reveals
1265301852	20250926	202509	2025	2025.7288	CVL	RESIDENTS						CVL													0	043	043	04	1	2.8	6	1	5	4.9645390070922	3	Bucks County, Pennsylvania, United States	US	USPA	PA017	40.5004	-75.3749	1209173	0								3	Bucks County, Pennsylvania, United States	US	USPA		40.5004	-75.3749	1209173	20250926051500	https://www.pressreleasepoint.com/deputy-treasurer-julie-peachey-and-bucks-county-controller-pam-van-blunk-bring-awareness-unclaimed
1265301853	20250926	202509	2025	2025.7288	CVL	RESIDENTS						CVL													0	043	043	04	1	2.8	1	1	1	4.9645390070922	2	Pennsylvania, United States	US	USPA		40.5773	-77.264	PA	0								2	Pennsylvania, United States	US	USPA		40.5773	-77.264	PA	20250926051500	https://www.pressreleasepoint.com/deputy-treasurer-julie-peachey-and-bucks-county-controller-pam-van-blunk-bring-awareness-unclaimed
1265301854	20250926	202509	2025	2025.7288	CVL	COMMUNITY						CVL													0	051	051	05	1	3.4	10	1	10	-1.93014705882353	1	Singapore	SN	SN		1.366667	103.8	SN	0								1	Singapore	SN	SN		1.366667	103.8	SN	20250926051500	https://www.asiaone.com/lifestyle/are-singaporeans-prepared-end-life-care-nations-first-ever-death-literacy-index-reveals
1265301855	20250926	202509	2025	2025.7288	CVL	COMMUNITY						CVL													1	0874	087	08	2	10.0	10	1	10	0	4	Krachi, Ghana (general), Ghana	GH	GH00	190706	7.79391	-0.0498	-2074414	0								4	Krachi, Ghana (general), Ghana	GH	GH00	190706	7.79391	-0.0498	-2074414	20250926051500	https://www.ghanaweb.com/GhanaHomePage/regional/Tsito-school-bus-loses-control-veers-off-on-Asukawkaw-Dambai-highway-2002383
1265301856	20250926	202509	2025	2025.7288	CVL	COMMUNITY						CVL													1	110	110	11	3	-2.0	10	1	10	11.522633744856	1	Italy	IT	IT		42.833333	12.833333	IT	0								1	Italy	IT	IT		42.833333	12.833333	IT	20250926051500	https://www.abbynews.com/community/food-and-farm-awards-presented-in-abbotsford-8274983
1265301857	20250926	202509	2025	2025.7288	CVL	COMMUNITY						CVL													1	110	110	11	3	-2.0	10	1	10	-1.93014705882353	1	Singapore	SN	SN		1.366667	103.8	SN	0								1	Singapore	SN	SN		1.366667	103.8	SN	20250926051500	https://www.asiaone.com/lifestyle/are-singaporeans-prepared-end-life-care-nations-first-ever-death-literacy-index-reveals
1265301858	20250926	202509	2025	2025.7288	CVL	RESIDENTS						CVL			BUS	BUSINESS						BUS			1	0842	084	08	2	7.0	1	1	1	4.9645390070922	3	Bucks County, Pennsylvania, United States	US	USPA	PA017	40.5004	-75.3749	1209173	3	Bucks County, Pennsylvania, United States	US	USPA		40.5004	-75.3749	1209173	2	Pennsylvania, United States	US	USPA		40.5773	-77.264	PA	20250926051500	https://www.pressreleasepoint.com/deputy-treasurer-julie-peachey-and-bucks-county-controller-pam-van-blunk-bring-awareness-unclaimed
1265301859	20250926	202509	2025	2025.7288	CVL	RESIDENTS						CVL			BUS	BUSINESS						BUS			1	0842	084	08	2	7.0	1	1	1	4.9645390070922	2	Pennsylvania, United States	US	USPA		40.5773	-77.264	PA	2	Pennsylvania, United States	US	USPA		40.5773	-77.264	PA	2	Pennsylvania, United States	US	USPA		40.5773	-77.264	PA	20250926051500	https://www.pressreleasepoint.com/deputy-treasurer-julie-peachey-and-bucks-county-controller-pam-van-blunk-bring-awareness-unclaimed
1265301860	20250926	202509	2025	2025.7288	CVL	MIGRANT						CVL			BUS	EMPLOYER						BUS			1	172	172	17	4	-5.0	10	1	10	-1.61290322580645	4	Punggol, Singapore (general), Singapore	SN	SN00	18585	1.41444	103.907	-73536	4	Punggol, Singapore (general), Singapore	SN	SN00	18585	1.41444	103.907	-73536	4	Punggol, Singapore (general), Singapore	SN	SN00	18585	1.41444	103.907	-73536	20250926051500	https://www.businesstimes.com.sg/singapore/450-foreigners-caught-working-illegally-in-Singapore-each-year-between-2020-and-2024-Tan-See-Leng
1265301861	20250926	202509	2025	2025.7288	CVL	COMMUNITY						CVL			CVLEDU	COMMUNITY						CVL	EDU		1	051	051	05	1	3.4	2	1	2	5.94837261503928	3	Macomb Community College, Michigan, United States	US	USMI	MI099	42.5081	-82.976	2345325	3	Macomb Community College, Michigan, United States	US	USMI		42.5081	-82.976	2345325	3	Macomb Community College, Michigan, United States	US	USMI		42.5081	-82.976	2345325	20250926051500	https://www.pressreleasepoint.com/macomb-culinary-institute-teaching-restaurant-reopening-showcases-legacy-longtime-macomb-community
1265301862	20250926	202509	2025	2025.7288	CVL	COMMUNITY						CVL			ESP	TOLEDO	ESP								0	042	042	04	1	1.9	10	1	10	9.05923344947735	2	Ohio, United States	US	USOH		40.3736	-82.7755	OH	2	Ohio, United States	US	USOH		40.3736	-82.7755	OH	2	Ohio, United States	US	USOH		40.3736	-82.7755	OH	20250926051500	https://www.wtol.com/article/features/originals/wtol-11-originals/press-club-of-toledo-recognizes-wtol-11-with-multiple-wins-touchstone-awards/512-13036735-d6e2-4657-9580-815bd4b557e3
1265301863	20250926	202509	2025	2025.7288	CVL	CONSTITUENT						CVL			ISR	ISRAEL	ISR								1	042	042	04	1	1.9	4	1	4	0	4	Gaza, Israel (general), Israel	IS	IS00	18315	31.4167	34.3333	-797156	4	Gaza, Israel (general), Israel	IS	IS00	18315	31.4167	34.3333	-797156	4	Gaza, Israel (general), Israel	IS	IS00	18315	31.4167	34.3333	-797156	20250926051500	https://13wham.com/news/local/congressman-joe-morelle-hosts-town-hall-for-constituents
1265301864	20250926	202509	2025	2025.7288	CVL	HUNTER						CVL			MED	MAGAZINE						MED			1	010	010	01	1	0.0	5	1	5	2.05761316872428	4	Port Stephens, New South Wales, Australia	AS	AS02	5096	-32.7	152.083	-1602141	4	Port Stephens, New South Wales, Australia	AS	AS02	5096	-32.7	152.083	-1602141	4	Port Stephens, New South Wales, Australia	AS	AS02	5096	-32.7	152.083	-1602141	20250926051500	https://www.portstephensexaminer.com.au/story/9074455/hunter-disability-magazine-accessibility-and-advocacy-in-hunter/
1265301865	20250926	202509	2025	2025.7288	CVL	ENGINEER						CVL			PHL	LUZON	PHL								1	010	010	01	1	0.0	8	2	8	-10.3078358208955	4	Visayas, Philippines (general), Philippines	RP	RP00	24253	11	123.5	-2459959	4	Visayas, Philippines (general), Philippines	RP	RP00	24253	11	123.5	-2459959	4	Visayas, Philippines (general), Philippines	RP	RP00	24253	11	123.5	-2459959	20250926051500	https://www.ibtimes.com/400000-evacuated-3-dead-fresh-storm-batters-philippines-3784517
1265301866	20250926	202509	2025	2025.7288	CVL	MIGRANT						CVL			VEN	VENEZUELAN	VEN								1	042	042	04	1	1.9	10	1	10	1.86335403726708	4	Mexico City, Distrito Federal, Mexico	MX	MX09	20887	19.4342	-99.1386	-1658079	4	Mexico City, Distrito Federal, Mexico	MX	MX09	20887	19.4342	-99.1386	-1658079	4	Mexico City, Distrito Federal, Mexico	MX	MX09	20887	19.4342	-99.1386	-1658079	20250926051500	https://www.therecord.com/news/world/americas/migrants-return-to-venezuelan-a-gold-mine-rescue-and-more-top-photos-this-week-from/article_4360f713-63b1-5ab9-a522-87ce116d464c.html
1265301867	20250926	202509	2025	2025.7288	CVL	MIGRANT						CVL			VEN	VENEZUELAN	VEN								1	073	073	07	2	7.4	10	1	10	1.86335403726708	1	Venezuela	VE	VE		8	-66	VE	1	Venezuela	VE	VE		8	-66	VE	1	Venezuela	VE	VE		8	-66	VE	20250926051500	https://www.therecord.com/news/world/americas/migrants-return-to-venezuelan-a-gold-mine-rescue-and-more-top-photos-this-week-from/article_4360f713-63b1-5ab9-a522-87ce116d464c.html
1265301868	20250926	202509	2025	2025.7288	CVLEDU	COMMUNITY						CVL	EDU		EDU	PROFESSOR						EDU			1	051	051	05	1	3.4	2	1	2	5.94837261503928	3	Macomb Community College, Michigan, United States	US	USMI	MI099	42.5081	-82.976	2345325	3	Macomb Community College, Michigan, United States	US	USMI		42.5081	-82.976	2345325	3	Macomb Community College, Michigan, United States	US	USMI		42.5081	-82.976	2345325	20250926051500	https://www.pressreleasepoint.com/macomb-culinary-institute-teaching-restaurant-reopening-showcases-legacy-longtime-macomb-community
1265301869	20250926	202509	2025	2025.7288	CVLEDU	COMMUNITY						CVL	EDU		EDU	PROFESSOR						EDU			1	051	051	05	1	3.4	4	1	4	5.94837261503928	3	Macomb Community College, Michigan, United States	US	USMI	MI099	42.5081	-82.976	2345325	3	Macomb, Michigan, United States	US	USMI	MI099	42.7009	-82.9591	631290	3	Macomb, Michigan, United States	US	USMI	MI099	42.7009	-82.9591	631290	20250926051500	https://www.pressreleasepoint.com/macomb-culinary-institute-teaching-restaurant-reopening-showcases-legacy-longtime-macomb-community
1265301870	20250926	202509	2025	2025.7288	CVLGOV	COMMUNITY						CVL	GOV												1	010	010	01	1	0.0	5	1	5	1.64271047227926	3	Baton Rouge, Louisiana, United States	US	USLA	LA033	30.4507	-91.1545	1629914	0								3	Baton Rouge, Louisiana, United States	US	USLA		30.4507	-91.1545	1629914	20250926051500	https://www.wbrz.com/news/ldh-data-shows-nearly-10-000-new-sti-cases-reported-across-baton-rouge-area-in-2023
1265301871	20250926	202509	2025	2025.7288	CVLGOV	COMMUNITY						CVL	GOV		EDUEDU	COLLEGE						EDU	EDU		1	010	010	01	1	0.0	5	1	5	1.64271047227926	3	Baton Rouge, Louisiana, United States	US	USLA	LA033	30.4507	-91.1545	1629914	3	Baton Rouge, Louisiana, United States	US	USLA		30.4507	-91.1545	1629914	3	Baton Rouge, Louisiana, United States	US	USLA		30.4507	-91.1545	1629914	20250926051500	https://www.wbrz.com/news/ldh-data-shows-nearly-10-000-new-sti-cases-reported-across-baton-rouge-area-in-2023
1265301872	20250926	202509	2025	2025.7288	DEU	GERMANY	DEU								RUS	RUSSIA	RUS								1	020	020	02	1	3.0	4	1	4	-3.13253012048193	4	Teufelsberg, Bayern, Germany	GM	GM02	16535	48.4167	11.2333	-1873708	1	Russia	RS	RS		60	100	RS	4	Teufelsberg, Bayern, Germany	GM	GM02	16535	48.4167	11.2333	-1873708	20250926051500	https://www.asiaone.com/world/former-cold-war-spies-return-their-derelict-berlin-listening-station
1265301873	20250926	202509	2025	2025.7288	DEU	GERMANY	DEU								RUS	RUSSIA	RUS								1	020	020	02	1	3.0	2	1	2	-3.13253012048193	4	Teufelsberg, Bayern, Germany	GM	GM02	16535	48.4167	11.2333	-1873708	1	Russia	RS	RS		60	100	RS	1	Russia	RS	RS		60	100	RS	20250926051500	https://www.asiaone.com/world/former-cold-war-spies-return-their-derelict-berlin-listening-station
1265301874	20250926	202509	2025	2025.7288	DEU	GERMANY	DEU								RUS	RUSSIA	RUS								1	051	051	05	1	3.4	6	1	6	-3.13253012048193	4	Teufelsberg, Bayern, Germany	GM	GM02	16535	48.4167	11.2333	-1873708	1	Russia	RS	RS		60	100	RS	4	Teufelsberg, Bayern, Germany	GM	GM02	16535	48.4167	11.2333	-1873708	20250926051500	https://www.asiaone.com/world/former-cold-war-spies-return-their-derelict-berlin-listening-station
1265301875	20250926	202509	2025	2025.7288	DEU	GERMANY	DEU								RUS	RUSSIA	RUS								1	090	090	09	2	-2.0	6	1	6	-3.13253012048193	4	Teufelsberg, Bayern, Germany	GM	GM02	16535	48.4167	11.2333	-1873708	1	Russia	RS	RS		60	100	RS	1	Russia	RS	RS		60	100	RS	20250926051500	https://www.asiaone.com/world/former-cold-war-spies-return-their-derelict-berlin-listening-station
1265301876	20250926	202509	2025	2025.7288	DMA	DOMINICA	DMA								USA	THE US	USA								1	073	073	07	2	7.4	10	1	10	1.49253731343284	1	Dominica	DO	DO		15.5	-61.333333	DO	1	Dominica	DO	DO		15.5	-61.333333	DO	1	Dominica	DO	DO		15.5	-61.333333	DO	20250926051500	https://www.caribjournal.com/2025/09/25/us-virgin-islands-st-thomas-dominica/
1265301877	20250926	202509	2025	2025.7288	EDU	STUDENT						EDU													1	010	010	01	1	0.0	6	1	6	0.82474226804124	2	Oklahoma, United States	US	USOK		35.5376	-96.9247	OK	0								2	Oklahoma, United States	US	USOK		35.5376	-96.9247	OK	20250926051500	http://www.news9.com/story/68d5fd5e1dab7fda2ee671f1/ai-is-transforming-higher-education-in-oklahoma-for-better-or-worse
1265301878	20250926	202509	2025	2025.7288	EDU	UNIVERSITY						EDU													1	040	040	04	1	1.0	20	1	20	-7.42358078602621	4	National Chengchi University, T'ai-pei, Taiwan	TW	TW03	13277	24.9855	121.574	10008391	0								4	National Chengchi University, T'ai-pei, Taiwan	TW	TW03	13277	24.9855	121.574	10008391	20250926051500	https://focustaiwan.tw/culture/202509260007
1265301879	20250926	202509	2025	2025.7288	EDU	COLLEGE						EDU													0	051	051	05	1	3.4	2	1	2	5.94837261503928	3	Macomb, Michigan, United States	US	USMI	MI099	42.7009	-82.9591	631290	0								3	Macomb, Michigan, United States	US	USMI	MI099	42.7009	-82.9591	631290	20250926051500	https://www.pressreleasepoint.com/macomb-culinary-institute-teaching-restaurant-reopening-showcases-legacy-longtime-macomb-community
1265301880	20250926	202509	2025	2025.7288	EDU	STUDENT						EDU													1	051	051	05	1	3.4	30	1	10	7.04845814977974	2	Louisiana, United States	US	USLA		31.1801	-91.8749	LA	0								2	Louisiana, United States	US	USLA		31.1801	-91.8749	LA	20250926051500	https://www.centenary.edu/admission/tuition-aid/scholarships-financial-aid/freshman-tuition-and-aid/
1265301881	20250926	202509	2025	2025.7288	EDU	STUDENT						EDU													0	114	114	11	3	-2.0	5	1	5	-3.57815442561205	4	Jakarta, Jakarta Raya, Indonesia	ID	ID04	18585	-6.17444	106.829	-2679652	0								4	Jakarta, Jakarta Raya, Indonesia	ID	ID04	18585	-6.17444	106.829	-2679652	20250926051500	https://www.independent.co.uk/asia/southeast-asia/indonesia-food-poisoning-free-school-meals-b2834049.html
1265301882	20250926	202509	2025	2025.7288	EDU	STUDENT						EDU													0	114	114	11	3	-2.0	5	1	5	-3.57815442561205	4	Sukabumi, Jawa Barat, Indonesia	ID	ID30	18585	-6.91806	106.927	-2697923	0								4	Sukabumi, Jawa Barat, Indonesia	ID	ID30	18585	-6.91806	106.927	-2697923	20250926051500	https://www.independent.co.uk/asia/southeast-asia/indonesia-food-poisoning-free-school-meals-b2834049.html
1265301883	20250926	202509	2025	2025.7288	EDU	SCHOLAR						EDU			GOV	PRESIDENT						GOV			1	036	036	03	1	4.0	5	1	5	7.04845814977974	2	Louisiana, United States	US	USLA		31.1801	-91.8749	LA	2	Louisiana, United States	US	USLA		31.1801	-91.8749	LA	2	Louisiana, United States	US	USLA		31.1801	-91.8749	LA	20250926051500	https://www.centenary.edu/admission/tuition-aid/scholarships-financial-aid/freshman-tuition-and-aid/
1265301884	20250926	202509	2025	2025.7288	EDU	STUDENT						EDU			RUS	RUSSIA	RUS								0	112	112	11	3	-2.0	2	1	2	-4.67005076142132	4	Khan Ba, Khabarovskiy Kray, Russia	RS	RS30	25092	61.2833	140.017	-2924450	4	Khan Ba, Khabarovskiy Kray, Russia	RS	RS30	25092	61.2833	140.017	-2924450	4	Khan Ba, Khabarovskiy Kray, Russia	RS	RS30	25092	61.2833	140.017	-2924450	20250926051500	https://indianexpress.com/article/live-news/top-news-today-briefing-10272048/
1265301885	20250926	202509	2025	2025.7288	EDU	PROFESSOR						EDU			USA	UNITED STATES	USA								0	010	010	01	1	0.0	2	1	2	-5.92885375494072	3	Loyola Marymount University, California, United States	US	USCA	CA037	33.9709	-118.419	245279	3	Loyola Marymount University, California, United States	US	USCA		33.9709	-118.419	245279	3	Loyola Marymount University, California, United States	US	USCA		33.9709	-118.419	245279	20250926051500	https://www.bbc.com/news/articles/c33r872egvjo
1265301886	20250926	202509	2025	2025.7288	EDU	PROFESSOR						EDU			USA	UNITED STATES	USA								0	010	010	01	1	0.0	6	1	6	-5.92885375494072	3	White House, District of Columbia, United States	US	USDC		38.8951	-77.0364	531871	3	White House, District of Columbia, United States	US	USDC		38.8951	-77.0364	531871	3	White House, District of Columbia, United States	US	USDC		38.8951	-77.0364	531871	20250926051500	https://www.bbc.com/news/articles/c33r872egvjo
1265301887	20250926	202509	2025	2025.7288	EDU	STUDENT						EDU			USA	LOUISIANA	USA								0	010	010	01	1	0.0	10	1	10	7.04845814977974	2	Louisiana, United States	US	USLA		31.1801	-91.8749	LA	2	Louisiana, United States	US	USLA		31.1801	-91.8749	LA	2	Louisiana, United States	US	USLA		31.1801	-91.8749	LA	20250926051500	https://www.centenary.edu/admission/tuition-aid/scholarships-financial-aid/freshman-tuition-and-aid/
1265301888	20250926	202509	2025	2025.7288	EDU	COLLEGE						EDU			USA	UNITED STATES	USA								1	036	036	03	1	4.0	8	1	8	4.14201183431953	2	Missouri, United States	US	USMO		38.4623	-92.302	MO	2	Missouri, United States	US	USMO		38.4623	-92.302	MO	2	Missouri, United States	US	USMO		38.4623	-92.302	MO	20250926051500	https://www.pressreleasepoint.com/2026-27-fafsa-opens-ahead-schedule-now-available-students-families-complete
1265301889	20250926	202509	2025	2025.7288	EDU	UNIVERSITY						EDU			USA	UNITED STATES	USA								0	042	042	04	1	1.9	1	1	1	-1.35593220338983	3	Auburn University, Alabama, United States	US	USAL	AL081	32.6021	-85.4849	113278	3	Auburn University, Alabama, United States	US	USAL		32.6021	-85.4849	113278	3	Auburn University, Alabama, United States	US	USAL		32.6021	-85.4849	113278	20250926051500	https://www.theplainsman.com/article/2025/09/opelika-removes-2013-miss-america-signs-following-statements-about-charlie-kirk
1265301890	20250926	202509	2025	2025.7288	EDU	UNIVERSITY						EDU			USA	UNITED STATES	USA								0	042	042	04	1	1.9	1	1	1	-1.35593220338983	3	Auburn University, Alabama, United States	US	USAL	AL081	32.6021	-85.4849	113278	2	New York, United States	US	USNY		42.1497	-74.9384	NY	3	Auburn University, Alabama, United States	US	USAL		32.6021	-85.4849	113278	20250926051500	https://www.theplainsman.com/article/2025/09/opelika-removes-2013-miss-america-signs-following-statements-about-charlie-kirk
1265301891	20250926	202509	2025	2025.7288	EDU	UNIVERSITY						EDU			USA	NEW YORK	USA								0	042	042	04	1	1.9	4	1	4	-1.35593220338983	3	City Of Opelika, Alabama, United States	US	USAL	AL081	32.66	-85.3803	2404435	3	City Of Opelika, Alabama, United States	US	USAL		32.66	-85.3803	2404435	3	City Of Opelika, Alabama, United States	US	USAL		32.66	-85.3803	2404435	20250926051500	https://www.theplainsman.com/article/2025/09/opelika-removes-2013-miss-america-signs-following-statements-about-charlie-kirk
1265301892	20250926	202509	2025	2025.7288	EDU	COLLEGE						EDU			USA	UNITED STATES	USA								1	051	051	05	1	3.4	4	1	4	5.94837261503928	3	Macomb Community College, Michigan, United States	US	USMI	MI099	42.5081	-82.976	2345325	3	Macomb Community College, Michigan, United States	US	USMI		42.5081	-82.976	2345325	3	Macomb Community College, Michigan, United States	US	USMI		42.5081	-82.976	2345325	20250926051500	https://www.pressreleasepoint.com/macomb-culinary-institute-teaching-restaurant-reopening-showcases-legacy-longtime-macomb-community
1265301893	20250926	202509	2025	2025.7288	EDU	STUDENT						EDU			USA	MISSOURI	USA								1	051	051	05	1	3.4	3	1	3	4.14201183431953	2	Missouri, United States	US	USMO		38.4623	-92.302	MO	2	Missouri, United States	US	USMO		38.4623	-92.302	MO	2	Missouri, United States	US	USMO		38.4623	-92.302	MO	20250926051500	https://www.pressreleasepoint.com/2026-27-fafsa-opens-ahead-schedule-now-available-students-families-complete
1265301894	20250926	202509	2025	2025.7288	EGY	ALEXANDRIA	EGY								USA	UNITED STATES	USA								1	173	173	17	4	-5.0	4	1	4	-7.86516853932584	2	Virginia, United States	US	USVA		37.768	-78.2057	VA	2	Virginia, United States	US	USVA		37.768	-78.2057	VA	2	Virginia, United States	US	USVA		37.768	-78.2057	VA	20250926051500	https://www.theepochtimes.com/us/former-fbi-director-james-comey-indicted-what-to-know-5920683
1265301895	20250926	202509	2025	2025.7288	ELI	ACTOR						ELI													1	043	043	04	1	2.8	6	1	6	4.90196078431373	1	Ireland	EI	EI		53	-8	EI	0								1	Ireland	EI	EI		53	-8	EI	20250926051500	https://economictimes.indiatimes.com/magazines/panache/aamir-khan-opens-up-about-his-relationship-with-girlfriend-gauri-spratt-is-he-getting-married-soon-at-60/articleshow/124143723.cms
1265301896	20250926	202509	2025	2025.7288	ELI	ACTOR						ELI			MED	MEDIA						MED			1	051	051	05	1	3.4	10	1	10	4.90196078431373	4	London, London, City of, United Kingdom	UK	UKH9	40110	51.5	-0.116667	-2601889	4	London, London, City of, United Kingdom	UK	UKH9	40110	51.5	-0.116667	-2601889	4	London, London, City of, United Kingdom	UK	UKH9	40110	51.5	-0.116667	-2601889	20250926051500	https://economictimes.indiatimes.com/magazines/panache/aamir-khan-opens-up-about-his-relationship-with-girlfriend-gauri-spratt-is-he-getting-married-soon-at-60/articleshow/124143723.cms
1265301897	20250926	202509	2025	2025.7288	ELILAB	RETIRED						ELI	LAB												1	020	020	02	1	3.0	10	1	10	0	0								0								0								20250926051500	https://www.wbrz.com/news/group-of-retired-employees-who-built-ems-call-proposed-brfd-merger-money-grab-
1265301898	20250926	202509	2025	2025.7288	ESP	TOLEDO	ESP																		1	051	051	05	1	3.4	3	1	3	9.05923344947735	2	Ohio, United States	US	USOH		40.3736	-82.7755	OH	0								2	Ohio, United States	US	USOH		40.3736	-82.7755	OH	20250926051500	https://www.wtol.com/article/features/originals/wtol-11-originals/press-club-of-toledo-recognizes-wtol-11-with-multiple-wins-touchstone-awards/512-13036735-d6e2-4657-9580-815bd4b557e3
1265301899	20250926	202509	2025	2025.7288	ESP	SPAIN	ESP								CRM	CRIMINAL						CRM			0	173	173	17	4	-5.0	10	1	10	-8.2089552238806	1	Spain	SP	SP		40	-4	SP	1	Spain	SP	SP		40	-4	SP	1	Spain	SP	SP		40	-4	SP	20250926051500	https://www.cryptopolitan.com/100-million-crypto-fraud-busted-in-europe/
1265301900	20250926	202509	2025	2025.7288	ESP	TOLEDO	ESP								CVL	COMMUNITY						CVL			0	043	043	04	1	2.8	10	1	10	9.05923344947735	2	Ohio, United States	US	USOH		40.3736	-82.7755	OH	2	Ohio, United States	US	USOH		40.3736	-82.7755	OH	2	Ohio, United States	US	USOH		40.3736	-82.7755	OH	20250926051500	https://www.wtol.com/article/features/originals/wtol-11-originals/press-club-of-toledo-recognizes-wtol-11-with-multiple-wins-touchstone-awards/512-13036735-d6e2-4657-9580-815bd4b557e3
1265301901	20250926	202509	2025	2025.7288	ESP	TOLEDO	ESP								CVL	COMMUNITY						CVL			0	051	051	05	1	3.4	10	1	10	9.05923344947735	2	Ohio, United States	US	USOH		40.3736	-82.7755	OH	2	Ohio, United States	US	USOH		40.3736	-82.7755	OH	2	Ohio, United States	US	USOH		40.3736	-82.7755	OH	20250926051500	https://www.wtol.com/article/features/originals/wtol-11-originals/press-club-of-toledo-recognizes-wtol-11-with-multiple-wins-touchstone-awards/512-13036735-d6e2-4657-9580-815bd4b557e3
1265301902	20250926	202509	2025	2025.7288	ESP	SPANISH	ESP								LTU	LITHUANIAN	LTU								0	010	010	01	1	0.0	8	1	8	-8.2089552238806	1	Spain	SP	SP		40	-4	SP	1	Lithuania	LH	LH		56	24	LH	1	Lithuania	LH	LH		56	24	LH	20250926051500	https://www.cryptopolitan.com/100-million-crypto-fraud-busted-in-europe/
1265301903	20250926	202509	2025	2025.7288	ESP	SPAIN	ESP								LTU	LITHUANIA	LTU								0	010	010	01	1	0.0	2	1	2	-8.2089552238806	1	Spain	SP	SP		40	-4	SP	1	Spain	SP	SP		40	-4	SP	1	Lithuania	LH	LH		56	24	LH	20250926051500	https://www.cryptopolitan.com/100-million-crypto-fraud-busted-in-europe/
1265301904	20250926	202509	2025	2025.7288	ESP	SPANISH	ESP								LTU	LITHUANIAN	LTU								0	060	060	06	2	6.0	8	1	8	-8.2089552238806	1	Spain	SP	SP		40	-4	SP	1	Lithuania	LH	LH		56	24	LH	1	Lithuania	LH	LH		56	24	LH	20250926051500	https://www.cryptopolitan.com/100-million-crypto-fraud-busted-in-europe/
1265301905	20250926	202509	2025	2025.7288	ESP	SPAIN	ESP								LTU	LITHUANIA	LTU								0	060	060	06	2	6.0	2	1	2	-8.2089552238806	1	Spain	SP	SP		40	-4	SP	1	Spain	SP	SP		40	-4	SP	1	Lithuania	LH	LH		56	24	LH	20250926051500	https://www.cryptopolitan.com/100-million-crypto-fraud-busted-in-europe/
1265301906	20250926	202509	2025	2025.7288	ESP	SPANISH	ESP								LTU	LITHUANIAN	LTU								0	071	071	07	2	7.4	8	1	8	-8.2089552238806	1	Spain	SP	SP		40	-4	SP	1	Lithuania	LH	LH		56	24	LH	1	Spain	SP	SP		40	-4	SP	20250926051500	https://www.cryptopolitan.com/100-million-crypto-fraud-busted-in-europe/
1265301907	20250926	202509	2025	2025.7288	ESP	SPAIN	ESP								LTU	LITHUANIA	LTU								0	071	071	07	2	7.4	2	1	2	-8.2089552238806	1	Spain	SP	SP		40	-4	SP	1	Spain	SP	SP		40	-4	SP	1	Spain	SP	SP		40	-4	SP	20250926051500	https://www.cryptopolitan.com/100-million-crypto-fraud-busted-in-europe/
1265301908	20250926	202509	2025	2025.7288	ESP	TOLEDO	ESP								USA	OHIO	USA								1	051	051	05	1	3.4	7	1	7	9.05923344947735	2	Ohio, United States	US	USOH		40.3736	-82.7755	OH	2	Ohio, United States	US	USOH		40.3736	-82.7755	OH	2	Ohio, United States	US	USOH		40.3736	-82.7755	OH	20250926051500	https://www.wtol.com/article/features/originals/wtol-11-originals/press-club-of-toledo-recognizes-wtol-11-with-multiple-wins-touchstone-awards/512-13036735-d6e2-4657-9580-815bd4b557e3
1265301909	20250926	202509	2025	2025.7288	EST	ESTONIA	EST								CRM	CRIMINAL						CRM			0	173	173	17	4	-5.0	8	1	8	-8.2089552238806	1	Estonia	EN	EN		59	26	EN	1	Spain	SP	SP		40	-4	SP	1	Spain	SP	SP		40	-4	SP	20250926051500	https://www.cryptopolitan.com/100-million-crypto-fraud-busted-in-europe/
1265301910	20250926	202509	2025	2025.7288	EST	ESTONIA	EST								CRM	CRIMINAL						CRM			0	173	173	17	4	-5.0	2	1	2	-8.2089552238806	1	France	FR	FR		46	2	FR	1	Spain	SP	SP		40	-4	SP	1	Spain	SP	SP		40	-4	SP	20250926051500	https://www.cryptopolitan.com/100-million-crypto-fraud-busted-in-europe/
1265301911	20250926	202509	2025	2025.7288	ETH	ETHIOPIA	ETH								IGOUNO	UN GENERAL ASSEMBLY		UNO				IGO			1	040	040	04	1	1.0	2	1	2	4.54545454545454	1	Ethiopia	ET	ET		8	38	ET	1	Ethiopia	ET	ET		8	38	ET	1	Ethiopia	ET	ET		8	38	ET	20250926051500	https://allafrica.com/stories/202509260017.html
1265301912	20250926	202509	2025	2025.7288	ETH	ADDIS ABABA	ETH								PRTELI	ANTONIO GUTERRES	PRT					ELI			1	043	043	04	1	2.8	10	1	10	4.54545454545454	1	Ethiopia	ET	ET		8	38	ET	1	Ethiopia	ET	ET		8	38	ET	1	Ethiopia	ET	ET		8	38	ET	20250926051500	https://allafrica.com/stories/202509260017.html
1265301913	20250926	202509	2025	2025.7288	ETH	ADDIS ABABA	ETH								PRTELI	ANTONIO GUTERRES	PRT					ELI			1	051	051	05	1	3.4	10	1	10	4.54545454545454	1	Ethiopia	ET	ET		8	38	ET	1	Ethiopia	ET	ET		8	38	ET	1	Ethiopia	ET	ET		8	38	ET	20250926051500	https://allafrica.com/stories/202509260017.html
1265301914	20250926	202509	2025	2025.7288	ETHGOV	ETHIOPIA	ETH					GOV			IGOUNO	UN GENERAL ASSEMBLY		UNO				IGO			1	040	040	04	1	1.0	2	1	2	4.54545454545454	1	Ethiopia	ET	ET		8	38	ET	1	Ethiopia	ET	ET		8	38	ET	1	Ethiopia	ET	ET		8	38	ET	20250926051500	https://allafrica.com/stories/202509260017.html
1265301915	20250926	202509	2025	2025.7288	EUR	EUROPE	EUR																		1	090	090	09	2	-2.0	10	1	10	1.77514792899408	4	Amsterdam, Noord-Holland, Netherlands	NL	NL07	22373	52.35	4.91667	-2140479	0								4	Amsterdam, Noord-Holland, Netherlands	NL	NL07	22373	52.35	4.91667	-2140479	20250926051500	https://www.marketscreener.com/news/euro-stablecoins-europe-challenges-us-dominance-with-nine-banks-ce7d58d3dc8df520
1265301916	20250926	202509	2025	2025.7288	EUR	EUROPEAN	EUR								IGOEUREEC	THE EU	EUR	EEC				IGO			0	020	020	02	1	3.0	1	1	1	-0.61349693251534	3	White House, District of Columbia, United States	US	USDC		38.8951	-77.0364	531871	3	White House, District of Columbia, United States	US	USDC		38.8951	-77.0364	531871	3	White House, District of Columbia, United States	US	USDC		38.8951	-77.0364	531871	20250926051500	https://www.asiaone.com/world/austria-hails-brain-gain-luring-25-academics-away-us-after-cuts
1265301917	20250926	202509	2025	2025.7288	EUR	EUROPEAN	EUR								IGOEUREEC	THE EU	EUR	EEC				IGO			0	020	020	02	1	3.0	1	1	1	-0.61349693251534	3	White House, District of Columbia, United States	US	USDC		38.8951	-77.0364	531871	1	Spain	SP	SP		40	-4	SP	1	Spain	SP	SP		40	-4	SP	20250926051500	https://www.asiaone.com/world/austria-hails-brain-gain-luring-25-academics-away-us-after-cuts
1265301918	20250926	202509	2025	2025.7288	EUR	EUROPEAN	EUR								IGOEUREEC	THE EU	EUR	EEC				IGO			0	020	020	02	1	3.0	3	1	3	-0.61349693251534	1	France	FR	FR		46	2	FR	1	Spain	SP	SP		40	-4	SP	1	Spain	SP	SP		40	-4	SP	20250926051500	https://www.asiaone.com/world/austria-hails-brain-gain-luring-25-academics-away-us-after-cuts
1265301919	20250926	202509	2025	2025.7288	EUR	EUROPEAN	EUR								MED	WEBSITE						MED			1	020	020	02	1	3.0	5	1	5	-4.90909090909091	0								0								0								20250926051500	https://www.fonearena.com/blog/465427/apple-google-warn-dma-fallout-eu.html
1265301920	20250926	202509	2025	2025.7288	EUR	EUROPEAN	EUR								RUS	RUSSIA	RUS								1	012	012	01	1	-0.4	1	1	1	-2.02020202020202	2	New York, United States	US	USNY		42.1497	-74.9384	NY	1	Russia	RS	RS		60	100	RS	2	New York, United States	US	USNY		42.1497	-74.9384	NY	20250926051500	https://www.washingtonexaminer.com/live-blog/2025-united-nations-general-assembly-world-leaders-live-coverage/page/4/
1265301921	20250926	202509	2025	2025.7288	EUR	EUROPEAN	EUR								RUS	RUSSIA	RUS								1	012	012	01	1	-0.4	8	1	6	-2.02020202020202	1	Russia	RS	RS		60	100	RS	1	Russia	RS	RS		60	100	RS	1	Russia	RS	RS		60	100	RS	20250926051500	https://www.washingtonexaminer.com/live-blog/2025-united-nations-general-assembly-world-leaders-live-coverage/page/4/
1265301922	20250926	202509	2025	2025.7288	EUR	EUROPEAN	EUR								RUS	RUSSIA	RUS								1	012	012	01	1	-0.4	3	1	3	-2.02020202020202	1	Ukraine	UP	UP		49	32	UP	1	Ukraine	UP	UP		49	32	UP	1	Ukraine	UP	UP		49	32	UP	20250926051500	https://www.washingtonexaminer.com/live-blog/2025-united-nations-general-assembly-world-leaders-live-coverage/page/4/
1265301923	20250926	202509	2025	2025.7288	EUR	EUROPEAN	EUR								UKR	UKRAINE	UKR								1	012	012	01	1	-0.4	2	1	2	-2.02020202020202	1	Russia	RS	RS		60	100	RS	1	Ukraine	UP	UP		49	32	UP	1	Ukraine	UP	UP		49	32	UP	20250926051500	https://www.washingtonexaminer.com/live-blog/2025-united-nations-general-assembly-world-leaders-live-coverage/page/4/
1265301924	20250926	202509	2025	2025.7288	EUR	EUROPEAN	EUR								UKR	UKRAINE	UKR								1	012	012	01	1	-0.4	6	1	4	-2.02020202020202	1	Ukraine	UP	UP		49	32	UP	1	Ukraine	UP	UP		49	32	UP	1	Ukraine	UP	UP		49	32	UP	20250926051500	https://www.washingtonexaminer.com/live-blog/2025-united-nations-general-assembly-world-leaders-live-coverage/page/4/
1265301925	20250926	202509	2025	2025.7288	EUR	EUROPEAN	EUR								UKR	UKRAINE	UKR								1	013	013	01	1	0.4	4	1	4	-2.02020202020202	1	Ukraine	UP	UP		49	32	UP	1	Ukraine	UP	UP		49	32	UP	1	Ukraine	UP	UP		49	32	UP	20250926051500	https://www.washingtonexaminer.com/live-blog/2025-united-nations-general-assembly-world-leaders-live-coverage/page/4/
1265301926	20250926	202509	2025	2025.7288	EUR	EUROPEAN	EUR								UKR	UKRAINIAN	UKR								1	040	040	04	1	1.0	1	1	1	-2.02020202020202	1	Russia	RS	RS		60	100	RS	1	Ukraine	UP	UP		49	32	UP	1	Ukraine	UP	UP		49	32	UP	20250926051500	https://www.washingtonexaminer.com/live-blog/2025-united-nations-general-assembly-world-leaders-live-coverage/page/4/
1265301927	20250926	202509	2025	2025.7288	EUR	EUROPEAN	EUR								UKR	UKRAINIAN	UKR								1	040	040	04	1	1.0	1	1	1	-2.02020202020202	1	Ukraine	UP	UP		49	32	UP	1	Ukraine	UP	UP		49	32	UP	1	Ukraine	UP	UP		49	32	UP	20250926051500	https://www.washingtonexaminer.com/live-blog/2025-united-nations-general-assembly-world-leaders-live-coverage/page/4/
1265301928	20250926	202509	2025	2025.7288	EUR	EUROPEAN	EUR								UKRGOV	UKRAINIAN	UKR					GOV			1	040	040	04	1	1.0	6	1	6	-2.02020202020202	1	Russia	RS	RS		60	100	RS	1	Ukraine	UP	UP		49	32	UP	1	Ukraine	UP	UP		49	32	UP	20250926051500	https://www.washingtonexaminer.com/live-blog/2025-united-nations-general-assembly-world-leaders-live-coverage/page/4/
1265301929	20250926	202509	2025	2025.7288	FRA	FRANCE	FRA								CRM	CRIMINAL						CRM			0	173	173	17	4	-5.0	8	1	8	-8.2089552238806	1	France	FR	FR		46	2	FR	1	Spain	SP	SP		40	-4	SP	1	Spain	SP	SP		40	-4	SP	20250926051500	https://www.cryptopolitan.com/100-million-crypto-fraud-busted-in-europe/
1265301930	20250926	202509	2025	2025.7288	FRA	FRANCE	FRA								CRM	CRIMINAL						CRM			0	173	173	17	4	-5.0	2	1	2	-8.2089552238806	1	Spain	SP	SP		40	-4	SP	1	Spain	SP	SP		40	-4	SP	1	Spain	SP	SP		40	-4	SP	20250926051500	https://www.cryptopolitan.com/100-million-crypto-fraud-busted-in-europe/
1265301931	20250926	202509	2025	2025.7288	FRA	FRENCH	FRA								CRM	SERIAL KILLER						CRM			1	190	190	19	4	-10.0	10	1	10	-3.75	1	France	FR	FR		46	2	FR	1	France	FR	FR		46	2	FR	1	France	FR	FR		46	2	FR	20250926051500	https://www.soompi.com/article/1786969wpp/queen-mantis-to-reveal-identity-of-copycat-killer-in-tonights-episode
1265301932	20250926	202509	2025	2025.7288	FRA	LOIRE VALLEY	FRA								HINAST700	YOGA				HIN					1	010	010	01	1	0.0	5	1	5	-0.763358778625956	0								0								0								20250926051500	https://www.tvguide.co.uk/schedule/1cda7081-1066-57a1-b962-dfedc7f8f660/chateau-diy
1265301933	20250926	202509	2025	2025.7288	GBR	SCOT	GBR																		1	010	010	01	1	0.0	5	1	5	-7.02875399361022	0								0								0								20250926051500	https://www.indianweekender.co.nz/news/kiwi-man-caught-up-in-international-call-centre-scam-targeting-pensioners
1265301934	20250926	202509	2025	2025.7288	GBR	LIVERPOOL	GBR																		1	036	036	03	1	4.0	4	1	4	0	4	Wembley, Brent, United Kingdom	UK	UKB5	40110	51.55	-0.283333	-2611120	0								4	Lisbon, Lisboa, Portugal	PO	PO14	24830	38.7167	-9.13333	-2167973	20250926051500	https://www.ibtimes.com/red-hot-liverpool-face-palace-test-arsenal-try-keep-pace-3784515
1265301935	20250926	202509	2025	2025.7288	GBR	MANCHESTER	GBR																		1	070	070	07	2	7.0	10	1	10	5.26315789473684	0								0								0								20250926051500	https://www.lancashiretelegraph.co.uk/news/25495977.taylor-wimpey-manchester-donates-blackburn-charity/
1265301936	20250926	202509	2025	2025.7288	GBR	UNITED KINGDOM	GBR																		1	090	090	09	2	-2.0	8	1	8	-1.9396551724138	4	Darwen, Blackburn with Darwen, United Kingdom	UK	UKA8	40123	53.7	-2.46667	-2594113	0								4	Darwen, Blackburn with Darwen, United Kingdom	UK	UKA8	40123	53.7	-2.46667	-2594113	20250926051500	https://www.lancashiretelegraph.co.uk/news/25495383.darwen-sinkhole-investigation-shows-evidence-historical-mining/
1265301937	20250926	202509	2025	2025.7288	GBR	UNITED KINGDOM	GBR								EUR	EUROPE	EUR								1	051	051	05	1	3.4	10	1	10	1.81159420289855	1	United States	US	US		39.828175	-98.5795	US	1	United States	US	US		39.828175	-98.5795	US	1	United States	US	US		39.828175	-98.5795	US	20250926051500	https://www.insidermonkey.com/blog/salesforce-crm-to-invest-6-billion-in-uk-by-2030-1616876/
1265301938	20250926	202509	2025	2025.7288	GBR	UNITED KINGDOM	GBR								GBRELI	UNITED KINGDOM	GBR					ELI			1	090	090	09	2	-2.0	4	1	4	0.64102564102564	1	United Kingdom	UK	UK		54	-4	UK	1	United Kingdom	UK	UK		54	-4	UK	1	United Kingdom	UK	UK		54	-4	UK	20250926051500	https://www.x1071.com/2025/09/25/report-says-next-james-bond-will-be-unknown-british-actor-in-late-20s-or-early-30s/
1265301939	20250926	202509	2025	2025.7288	GBR	UNITED KINGDOM	GBR								MED	PUBLICATION						MED			1	051	051	05	1	3.4	6	1	6	4.73537604456824	5	Cumbria, Cumbria, United Kingdom	UK	UKC9	40102	54.5833	-2.83333	-2593896	5	Cumbria, Cumbria, United Kingdom	UK	UKC9	40102	54.5833	-2.83333	-2593896	5	Cumbria, Cumbria, United Kingdom	UK	UKC9	40102	54.5833	-2.83333	-2593896	20250926051500	https://www.thewestmorlandgazette.co.uk/news/25493770.landmark-book-charts-history-life-westmorland-ward/
1265301940	20250926	202509	2025	2025.7288	GBR	UNITED KINGDOM	GBR								MED	PUBLICATION						MED			1	051	051	05	1	3.4	2	1	2	4.73537604456824	4	Kirkby Lonsdale, Cumbria, United Kingdom	UK	UKC9	40118	54.2	-2.58333	-2600320	4	Kirkby Lonsdale, Cumbria, United Kingdom	UK	UKC9	40118	54.2	-2.58333	-2600320	4	Kirkby Lonsdale, Cumbria, United Kingdom	UK	UKC9	40118	54.2	-2.58333	-2600320	20250926051500	https://www.thewestmorlandgazette.co.uk/news/25493770.landmark-book-charts-history-life-westmorland-ward/
1265301941	20250926	202509	2025	2025.7288	GBRELI	BRITISH	GBR					ELI													1	090	090	09	2	-2.0	6	1	6	0.64102564102564	1	United Kingdom	UK	UK		54	-4	UK	0								1	United Kingdom	UK	UK		54	-4	UK	20250926051500	https://www.x1071.com/2025/09/25/report-says-next-james-bond-will-be-unknown-british-actor-in-late-20s-or-early-30s/
1265301942	20250926	202509	2025	2025.7288	GHA	GHANA	GHA																		1	016	016	01	1	-2.0	4	1	4	-2.28136882129278	4	Accra, Greater Accra, Ghana	GH	GH01	190655	5.55	-0.216667	-2067935	0								4	Accra, Greater Accra, Ghana	GH	GH01	190655	5.55	-0.216667	-2067935	20250926051500	https://www.ghanaweb.com/GhanaHomePage/crime/Koforidua-High-Court-to-rule-on-Suhum-election-petition-before-2025-26-legal-year-ends-2002360
1265301943	20250926	202509	2025	2025.7288	GHA	GHANA	GHA																		0	020	020	02	1	3.0	4	1	4	-1.83908045977012	4	Mampong, Ghana (general), Ghana	GH	GH00	190721	6.03009	-2.15252	-2075797	0								4	Mampong, Ghana (general), Ghana	GH	GH00	190721	6.03009	-2.15252	-2075797	20250926051500	https://www.ghanaweb.com/GhanaHomePage/health/HPV-vaccination-campaign-kicks-off-in-Mampong-with-awareness-forum-2002386
1265301944	20250926	202509	2025	2025.7288	GHA	GHANA	GHA																		1	020	020	02	1	3.0	16	1	8	-0.86580086580087	1	Ghana	GH	GH		8	-2	GH	0								1	Ghana	GH	GH		8	-2	GH	20250926051500	https://www.ghanaweb.com/GhanaHomePage/politics/Alfred-Ababio-Kumi-urges-Akufo-Addo-to-break-his-loud-silence-on-attacks-against-free-speech-2002366
1265301945	20250926	202509	2025	2025.7288	GHA	GHANA	GHA																		1	110	110	11	3	-2.0	2	1	2	-2.28136882129278	4	Suhum, Ghana (general), Ghana	GH	GH00	16572	6.53333	-1.06667	-2079009	0								4	Suhum, Ghana (general), Ghana	GH	GH00	16572	6.53333	-1.06667	-2079009	20250926051500	https://www.ghanaweb.com/GhanaHomePage/crime/Koforidua-High-Court-to-rule-on-Suhum-election-petition-before-2025-26-legal-year-ends-2002360
1265301946	20250926	202509	2025	2025.7288	GHA	GHANA	GHA																		0	114	114	11	3	-2.0	2	1	2	-8.96946564885497	4	Tarkwa, Ghana (general), Ghana	GH	GH00	190593	5.30644	-1.98474	-2079306	0								4	Tarkwa, Ghana (general), Ghana	GH	GH00	190593	5.30644	-1.98474	-2079306	20250926051500	https://www.ghanaweb.com/GhanaHomePage/crime/Unemployed-woman-convicted-for-defrauding-seven-people-2002367
1265301947	20250926	202509	2025	2025.7288	GHA	GHANA	GHA																		1	173	173	17	4	-5.0	4	1	4	-8.96946564885497	4	Accra, Greater Accra, Ghana	GH	GH01	190655	5.55	-0.216667	-2067935	0								4	Accra, Greater Accra, Ghana	GH	GH01	190655	5.55	-0.216667	-2067935	20250926051500	https://www.ghanaweb.com/GhanaHomePage/crime/Unemployed-woman-convicted-for-defrauding-seven-people-2002367
1265301948	20250926	202509	2025	2025.7288	GHA	GHANA	GHA																		0	173	173	17	4	-5.0	4	1	4	-5.52631578947369	4	Suhum, Ghana (general), Ghana	GH	GH00	16572	6.53333	-1.06667	-2079009	0								4	Suhum, Ghana (general), Ghana	GH	GH00	16572	6.53333	-1.06667	-2079009	20250926051500	https://www.ghanaweb.com/GhanaHomePage/crime/Queenmother-seeks-justice-for-late-daughter-and-grandchildren-allegedly-Murdered-in-Tuba-2002365
1265301949	20250926	202509	2025	2025.7288	GHA	GHANA	GHA																		1	173	173	17	4	-5.0	6	1	4	-8.96946564885497	4	Tarkwa, Ghana (general), Ghana	GH	GH00	190593	5.30644	-1.98474	-2079306	0								4	Tarkwa, Ghana (general), Ghana	GH	GH00	190593	5.30644	-1.98474	-2079306	20250926051500	https://www.ghanaweb.com/GhanaHomePage/crime/Unemployed-woman-convicted-for-defrauding-seven-people-2002367
1265301950	20250926	202509	2025	2025.7288	GHA	GHANA	GHA																		1	190	190	19	4	-10.0	7	1	4	-5.52631578947369	4	Suhum, Ghana (general), Ghana	GH	GH00	16572	6.53333	-1.06667	-2079009	0								4	Suhum, Ghana (general), Ghana	GH	GH00	16572	6.53333	-1.06667	-2079009	20250926051500	https://www.ghanaweb.com/GhanaHomePage/crime/Queenmother-seeks-justice-for-late-daughter-and-grandchildren-allegedly-Murdered-in-Tuba-2002365
1265301951	20250926	202509	2025	2025.7288	GHA	GHANA	GHA								CAN	ALBERTA	CAN								1	190	190	19	4	-10.0	1	1	1	-5.52631578947369	4	Suhum, Ghana (general), Ghana	GH	GH00	16572	6.53333	-1.06667	-2079009	4	Suhum, Ghana (general), Ghana	GH	GH00	16572	6.53333	-1.06667	-2079009	4	Suhum, Ghana (general), Ghana	GH	GH00	16572	6.53333	-1.06667	-2079009	20250926051500	https://www.ghanaweb.com/GhanaHomePage/crime/Queenmother-seeks-justice-for-late-daughter-and-grandchildren-allegedly-Murdered-in-Tuba-2002365
1265301952	20250926	202509	2025	2025.7288	GHA	GHANA	GHA								COP	POLICE						COP			0	042	042	04	1	1.9	2	1	2	-8.96946564885497	4	Tarkwa, Ghana (general), Ghana	GH	GH00	190593	5.30644	-1.98474	-2079306	4	Tarkwa, Ghana (general), Ghana	GH	GH00	190593	5.30644	-1.98474	-2079306	4	Tarkwa, Ghana (general), Ghana	GH	GH00	190593	5.30644	-1.98474	-2079306	20250926051500	https://www.ghanaweb.com/GhanaHomePage/crime/Unemployed-woman-convicted-for-defrauding-seven-people-2002367
1265301953	20250926	202509	2025	2025.7288	GHAGOV	JOHN DRAMANI MAHAMA	GHA					GOV			IGOUNOLEG	UNITED NATIONS		UNO				IGO	LEG		1	040	040	04	1	1.0	10	1	10	-3.36134453781512	1	Ghana	GH	GH		8	-2	GH	1	Ghana	GH	GH		8	-2	GH	1	Ghana	GH	GH		8	-2	GH	20250926051500	https://www.ghanaweb.com/GhanaHomePage/NewsArchive/UNGA-80-We-are-tired-of-exploitation-of-Africa-s-resources-Mahama-tells-UN-2002361
1265301954	20250926	202509	2025	2025.7288	GOV	AUTHORITIES						GOV													0	010	010	01	1	0.0	10	1	10	-2.93453724604966	4	Delhi, Delhi, India	IN	IN07	17911	28.6667	77.2167	-2094230	0								4	Delhi, Delhi, India	IN	IN07	17911	28.6667	77.2167	-2094230	20250926051500	https://indianexpress.com/article/cities/delhi/blood-stains-attempted-clean-water-police-probe-tampering-of-evidence-negligence-after-worker-falls-death-delhi-airport-10272031/
1265301955	20250926	202509	2025	2025.7288	GOV	MINIST						GOV													1	012	012	01	1	-0.4	1	1	1	-6.25	4	Serangoon, Singapore (general), Singapore	SN	SN00	18585	1.36278	103.897	-73616	0								4	Serangoon, Singapore (general), Singapore	SN	SN00	18585	1.36278	103.897	-73616	20250926051500	https://www.deccanherald.com/world/pork-parcelled-and-sent-to-singapore-mosque-minister-k-shanmugam-condemns-act-probe-launched-3743612
1265301956	20250926	202509	2025	2025.7288	GOV	PRIME MINISTER						GOV													1	030	030	03	1	4.0	3	1	3	3.74149659863946	1	Papua New Guinea	PP	PP		-6	147	PP	0								1	Papua New Guinea	PP	PP		-6	147	PP	20250926051500	https://www.postcourier.com.pg/prime-minister-marape-urges-europe-to-strengthen-trade-with-pacific/
1265301957	20250926	202509	2025	2025.7288	GOV	MINISTRY						GOV													0	030	030	03	1	4.0	5	1	5	4.86238532110092	2	Wisconsin, United States	US	USWI		44.2563	-89.6385	WI	0								2	Wisconsin, United States	US	USWI		44.2563	-89.6385	WI	20250926051500	https://pcusa.org/news-storytelling/news/2025/9/25/unification-commission-approves-new-structure-and-priorities-unified-agency
1265301958	20250926	202509	2025	2025.7288	GOV	MINIST						GOV													1	051	051	05	1	3.4	10	1	10	3.18181818181818	4	Xiao Yi, Shaanxi, China	CH	CH26	13219	34.6178	109.703	-1932428	0								4	Xiao Yi, Shaanxi, China	CH	CH26	13219	34.6178	109.703	-1932428	20250926051500	https://www.thenational.com.pg/minister-welcomes-sinopec-decision-to-start-drilling/
1265301959	20250926	202509	2025	2025.7288	GOV	GOVERNMENT						GOV													1	051	051	05	1	3.4	6	1	6	3.18181818181818	4	Port Moresby, National Capital, Papua New Guinea	PP	PP20	18585	-9.46472	147.193	-2198538	0								4	Port Moresby, National Capital, Papua New Guinea	PP	PP20	18585	-9.46472	147.193	-2198538	20250926051500	https://www.thenational.com.pg/minister-welcomes-sinopec-decision-to-start-drilling/
1265301960	20250926	202509	2025	2025.7288	GOV	INTERIM GOVERNMENT						GOV													1	051	051	05	1	3.4	5	1	5	2.23577235772358	1	Bangladesh	BG	BG		24	90	BG	0								1	Bangladesh	BG	BG		24	90	BG	20250926051500	https://www.dhakatribune.com/bangladesh/government-affairs/392478/prof-yunus-labour-reforms-crucial-in-attracting
1265301961	20250926	202509	2025	2025.7288	GOV	CABINET						GOV													1	060	060	06	2	6.0	2	1	2	0.95238095238095	4	Nagasaki, Yamagata, Japan	JA	JA44	36590	38.3264	140.276	-237733	0								4	Nagasaki, Yamagata, Japan	JA	JA44	36590	38.3264	140.276	-237733	20250926051500	https://www.marketscreener.com/news/japan-pm-contender-koizumi-seeks-to-quash-criticism-over-prized-grape-ce7d58d3dc8df327
1265301962	20250926	202509	2025	2025.7288	GOV	CABINET						GOV													1	060	060	06	2	6.0	8	1	8	0.95238095238095	1	China	CH	CH		35	105	CH	0								4	Nagasaki, Yamagata, Japan	JA	JA44	36590	38.3264	140.276	-237733	20250926051500	https://www.marketscreener.com/news/japan-pm-contender-koizumi-seeks-to-quash-criticism-over-prized-grape-ce7d58d3dc8df327
1265301963	20250926	202509	2025	2025.7288	GOV	GOVERNANCE						GOV													1	071	071	07	2	7.4	15	1	10	1.78282009724474	1	Malawi	MI	MI		-13.5	34	MI	0								1	Malawi	MI	MI		-13.5	34	MI	20250926051500	https://mwnation.com/diversity-looms-in-pension-industry/
1265301964	20250926	202509	2025	2025.7288	GOV	MINIST OF JUSTICE						GOV													0	071	071	07	2	7.4	6	1	6	0	1	New Zealand	NZ	NZ		-42	174	NZ	0								1	New Zealand	NZ	NZ		-42	174	NZ	20250926051500	https://www.indianweekender.co.nz/news/pm-luxon-calls-nz-vote-count-the-slowest-on-the-planet
1265301965	20250926	202509	2025	2025.7288	GOV	GOVERNMENT						GOV													1	071	071	07	2	7.4	10	1	10	-3.04182509505703	1	United States	US	US		39.828175	-98.5795	US	0								1	United States	US	US		39.828175	-98.5795	US	20250926051500	https://www.fxstreet.com/news/us-president-donald-trump-announces-100-tariff-on-imports-of-branded-or-patented-pharmaceuticals-202509260001
1265301966	20250926	202509	2025	2025.7288	GOV	GOVERNMENT						GOV													1	110	110	11	3	-2.0	3	1	3	-0.43988269794722	4	Port Stephens, New South Wales, Australia	AS	AS02	5096	-32.7	152.083	-1602141	0								4	Port Stephens, New South Wales, Australia	AS	AS02	5096	-32.7	152.083	-1602141	20250926051500	https://www.portstephensexaminer.com.au/story/8938696/aussie-pharma-companies-to-be-slapped-with-100-per-cent-tariffs/
1265301967	20250926	202509	2025	2025.7288	GOV	GOVERNMENT						GOV													1	110	110	11	3	-2.0	2	1	2	-0.43988269794722	3	White House, District of Columbia, United States	US	USDC		38.8951	-77.0364	531871	0								4	Port Stephens, New South Wales, Australia	AS	AS02	5096	-32.7	152.083	-1602141	20250926051500	https://www.portstephensexaminer.com.au/story/8938696/aussie-pharma-companies-to-be-slapped-with-100-per-cent-tariffs/
1265301968	20250926	202509	2025	2025.7288	GOV	GOVERNMENT						GOV													0	115	115	11	3	-2.0	10	1	10	-4.67005076142132	5	Karnataka, Karnataka, India	IN	IN19	17688	13.5	76	-2099860	0								5	Karnataka, Karnataka, India	IN	IN19	17688	13.5	76	-2099860	20250926051500	https://indianexpress.com/article/live-news/top-news-today-briefing-10272048/
1265301969	20250926	202509	2025	2025.7288	GOV	GOVERNMENT						GOV													1	120	120	12	3	-4.0	1	1	1	-0.43988269794722	3	White House, District of Columbia, United States	US	USDC		38.8951	-77.0364	531871	0								4	Port Stephens, New South Wales, Australia	AS	AS02	5096	-32.7	152.083	-1602141	20250926051500	https://www.portstephensexaminer.com.au/story/8938696/aussie-pharma-companies-to-be-slapped-with-100-per-cent-tariffs/
1265301970	20250926	202509	2025	2025.7288	GOV	PRESIDENT						GOV													0	173	173	17	4	-5.0	6	1	6	-5.92885375494072	3	Loyola Marymount University, California, United States	US	USCA	CA037	33.9709	-118.419	245279	0								3	Loyola Marymount University, California, United States	US	USCA		33.9709	-118.419	245279	20250926051500	https://www.bbc.com/news/articles/c33r872egvjo
1265301971	20250926	202509	2025	2025.7288	GOV	PRESIDENT						GOV			AUS	AUSSIE	AUS								0	070	070	07	2	7.0	2	1	2	-0.43988269794722	4	Port Stephens, New South Wales, Australia	AS	AS02	5096	-32.7	152.083	-1602141	3	White House, District of Columbia, United States	US	USDC		38.8951	-77.0364	531871	4	Port Stephens, New South Wales, Australia	AS	AS02	5096	-32.7	152.083	-1602141	20250926051500	https://www.portstephensexaminer.com.au/story/8938696/aussie-pharma-companies-to-be-slapped-with-100-per-cent-tariffs/
1265301972	20250926	202509	2025	2025.7288	GOV	PRESIDENT						GOV			AUS	AUSSIE	AUS								0	070	070	07	2	7.0	4	1	4	-0.43988269794722	3	White House, District of Columbia, United States	US	USDC		38.8951	-77.0364	531871	4	Port Stephens, New South Wales, Australia	AS	AS02	5096	-32.7	152.083	-1602141	4	Port Stephens, New South Wales, Australia	AS	AS02	5096	-32.7	152.083	-1602141	20250926051500	https://www.portstephensexaminer.com.au/story/8938696/aussie-pharma-companies-to-be-slapped-with-100-per-cent-tariffs/
1265301973	20250926	202509	2025	2025.7288	GOV	PRESIDENT						GOV			AUS	AUSTRALIA	AUS								0	070	070	07	2	7.0	1	1	1	-0.43988269794722	3	Washington, District of Columbia, United States	US	USDC	DC001	38.8951	-77.0364	531871	4	Port Stephens, New South Wales, Australia	AS	AS02	5096	-32.7	152.083	-1602141	3	Washington, District of Columbia, United States	US	USDC	DC001	38.8951	-77.0364	531871	20250926051500	https://www.portstephensexaminer.com.au/story/8938696/aussie-pharma-companies-to-be-slapped-with-100-per-cent-tariffs/
1265301974	20250926	202509	2025	2025.7288	GOV	PRESIDENT						GOV			AUS	AUSTRALIA	AUS								1	186	186	18	4	-10.0	2	1	2	-0.43988269794722	3	White House, District of Columbia, United States	US	USDC		38.8951	-77.0364	531871	4	Port Stephens, New South Wales, Australia	AS	AS02	5096	-32.7	152.083	-1602141	4	Port Stephens, New South Wales, Australia	AS	AS02	5096	-32.7	152.083	-1602141	20250926051500	https://www.portstephensexaminer.com.au/story/8938696/aussie-pharma-companies-to-be-slapped-with-100-per-cent-tariffs/
1265301975	20250926	202509	2025	2025.7288	GOV	PRESIDENT						GOV			AUSGOV	AUSTRALIA	AUS					GOV			1	186	186	18	4	-10.0	2	1	2	-0.43988269794722	3	White House, District of Columbia, United States	US	USDC		38.8951	-77.0364	531871	4	Port Stephens, New South Wales, Australia	AS	AS02	5096	-32.7	152.083	-1602141	4	Port Stephens, New South Wales, Australia	AS	AS02	5096	-32.7	152.083	-1602141	20250926051500	https://www.portstephensexaminer.com.au/story/8938696/aussie-pharma-companies-to-be-slapped-with-100-per-cent-tariffs/
1265301976	20250926	202509	2025	2025.7288	GOV	MINIST						GOV			BRA	BRAZIL	BRA								1	030	030	03	1	4.0	10	1	10	-0.18796992481203	2	New York, United States	US	USNY		42.1497	-74.9384	NY	1	Brazil	BR	BR		-10	-55	BR	1	Brazil	BR	BR		-10	-55	BR	20250926051500	https://www.pressreleasepoint.com/un-climate-summit-shows-countries-still-moving-pledges-fall-dangerously-short-keeping-15c-alive
1265301977	20250926	202509	2025	2025.7288	GOV	PRESIDENT						GOV			CHN	CHINA	CHN								1	046	046	04	1	7.0	2	1	2	-0.12285012285012	1	China	CH	CH		35	105	CH	1	China	CH	CH		35	105	CH	1	China	CH	CH		35	105	CH	20250926051500	https://siliconangle.com/2025/09/25/tiktok-will-stay-trump-signs-executive-order-keep-app-us/
1265301978	20250926	202509	2025	2025.7288	GOV	GOVERNMENT						GOV			CVL	CITIZEN						CVL			1	051	051	05	1	3.4	10	1	10	-0.4524886877828	4	Maseru, Maseru, Lesotho	LT	LT14	18925	-29.3167	27.4833	-1405824	4	Maseru, Maseru, Lesotho	LT	LT14	18925	-29.3167	27.4833	-1405824	4	Maseru, Maseru, Lesotho	LT	LT14	18925	-29.3167	27.4833	-1405824	20250926051500	https://allafrica.com/stories/202509260004.html
1265301979	20250926	202509	2025	2025.7288	GOV	GOVERNMENT						GOV			CVL	CITIZEN						CVL			1	0841	084	08	2	7.0	10	1	10	-0.4524886877828	4	Maseru, Maseru, Lesotho	LT	LT14	18925	-29.3167	27.4833	-1405824	4	Maseru, Maseru, Lesotho	LT	LT14	18925	-29.3167	27.4833	-1405824	4	Maseru, Maseru, Lesotho	LT	LT14	18925	-29.3167	27.4833	-1405824	20250926051500	https://allafrica.com/stories/202509260004.html
1265301980	20250926	202509	2025	2025.7288	GOV	PRIME MINISTER						GOV			EUR	EUROPE	EUR								1	010	010	01	1	0.0	10	1	10	3.74149659863946	1	Papua New Guinea	PP	PP		-6	147	PP	1	Papua New Guinea	PP	PP		-6	147	PP	1	Papua New Guinea	PP	PP		-6	147	PP	20250926051500	https://www.postcourier.com.pg/prime-minister-marape-urges-europe-to-strengthen-trade-with-pacific/
1265301981	20250926	202509	2025	2025.7288	GOV	PRIME MINISTER						GOV			EUR	EUROPE	EUR								1	020	020	02	1	3.0	8	1	8	3.74149659863946	1	Papua New Guinea	PP	PP		-6	147	PP	1	Papua New Guinea	PP	PP		-6	147	PP	1	Papua New Guinea	PP	PP		-6	147	PP	20250926051500	https://www.postcourier.com.pg/prime-minister-marape-urges-europe-to-strengthen-trade-with-pacific/
1265301982	20250926	202509	2025	2025.7288	GOV	PRIME MINISTER						GOV			IGOEUREEC	THE EUROPEAN UNION	EUR	EEC				IGO			1	051	051	05	1	3.4	10	1	10	3.74149659863946	1	Papua New Guinea	PP	PP		-6	147	PP	1	Papua New Guinea	PP	PP		-6	147	PP	1	Papua New Guinea	PP	PP		-6	147	PP	20250926051500	https://www.postcourier.com.pg/prime-minister-marape-urges-europe-to-strengthen-trade-with-pacific/
1265301983	20250926	202509	2025	2025.7288	GOV	MINIST						GOV			IGOUNO	THE UN		UNO				IGO			1	040	040	04	1	1.0	10	1	10	-0.18796992481203	4	Paris, France (general), France	FR	FR00	16282	48.8667	2.33333	-1456928	4	Paris, France (general), France	FR	FR00	16282	48.8667	2.33333	-1456928	4	Paris, France (general), France	FR	FR00	16282	48.8667	2.33333	-1456928	20250926051500	https://www.pressreleasepoint.com/un-climate-summit-shows-countries-still-moving-pledges-fall-dangerously-short-keeping-15c-alive
1265301984	20250926	202509	2025	2025.7288	GOV	PRESIDENT						GOV			IGOUNO	UN GENERAL ASSEMBLY		UNO				IGO			1	040	040	04	1	1.0	6	1	6	4.54545454545454	1	Ethiopia	ET	ET		8	38	ET	1	Ethiopia	ET	ET		8	38	ET	1	Ethiopia	ET	ET		8	38	ET	20250926051500	https://allafrica.com/stories/202509260017.html
1265301985	20250926	202509	2025	2025.7288	GOV	PRESIDENT						GOV			IND	MAHARASHTRA	IND								1	010	010	01	1	0.0	5	1	5	10.4651162790698	4	Vikhroli, Maharashtra, India	IN	IN16	70183	19.1	72.9167	-2114441	4	Vikhroli, Maharashtra, India	IN	IN16	70183	19.1	72.9167	-2114441	4	Vikhroli, Maharashtra, India	IN	IN16	70183	19.1	72.9167	-2114441	20250926051500	https://www.indiancooperative.com/co-op-news-snippets/dnyandeep-credit-society-achieves-rs-7025-cr-milestone/
1265301986	20250926	202509	2025	2025.7288	GOV	GOVERNMENT						GOV			IND	HARYANA	IND								0	014	014	01	1	0.0	10	1	10	3.84024577572965	0								0								0								20250926051500	https://indianexpress.com/article/cities/chandigarh/nayab-saini-haryana-lado-lakshmi-yojana-women-benefit-10272032/
1265301987	20250926	202509	2025	2025.7288	GOV	PRESIDENT						GOV			ISR	ISRAEL	ISR								1	141	141	14	3	-6.5	7	1	7	-0.61349693251534	4	Vienna, Wien, Austria	AU	AU09	5672	48.2	16.3667	-1995499	4	Gaza, Israel (general), Israel	IS	IS00	18315	31.4167	34.3333	-797156	4	Gaza, Israel (general), Israel	IS	IS00	18315	31.4167	34.3333	-797156	20250926051500	https://www.asiaone.com/world/austria-hails-brain-gain-luring-25-academics-away-us-after-cuts
1265301988	20250926	202509	2025	2025.7288	GOV	PRESIDENT						GOV			ISR	ISRAEL	ISR								1	180	180	18	4	-9.0	4	1	4	-0.61349693251534	4	Vienna, Wien, Austria	AU	AU09	5672	48.2	16.3667	-1995499	4	Gaza, Israel (general), Israel	IS	IS00	18315	31.4167	34.3333	-797156	4	Gaza, Israel (general), Israel	IS	IS00	18315	31.4167	34.3333	-797156	20250926051500	https://www.asiaone.com/world/austria-hails-brain-gain-luring-25-academics-away-us-after-cuts
1265301989	20250926	202509	2025	2025.7288	GOV	PRESIDENT						GOV			JUD	NATIONAL COURT						JUD			1	010	010	01	1	0.0	6	1	6	-1.48514851485149	4	Wabag, Enga, Papua New Guinea	PP	PP19	18585	-5.47808	143.702	-2202745	4	Wabag, Enga, Papua New Guinea	PP	PP19	18585	-5.47808	143.702	-2202745	4	Wabag, Enga, Papua New Guinea	PP	PP19	18585	-5.47808	143.702	-2202745	20250926051500	https://www.postcourier.com.pg/law-society-backs-court-action-in-enga/
1265301990	20250926	202509	2025	2025.7288	GOV	PRESIDENT						GOV			JUD	NATIONAL COURT						JUD			1	051	051	05	1	3.4	6	1	6	-1.48514851485149	4	Wabag, Enga, Papua New Guinea	PP	PP19	18585	-5.47808	143.702	-2202745	4	Wabag, Enga, Papua New Guinea	PP	PP19	18585	-5.47808	143.702	-2202745	4	Wabag, Enga, Papua New Guinea	PP	PP19	18585	-5.47808	143.702	-2202745	20250926051500	https://www.postcourier.com.pg/law-society-backs-court-action-in-enga/
1265301991	20250926	202509	2025	2025.7288	GOV	STATE OWNED						GOV			LAB	EMPLOYEE						LAB			1	010	010	01	1	0.0	10	1	10	1.12359550561798	4	Nairobi, Nairobi Area, Kenya	KE	KE05	18585	-1.28333	36.8167	-2258072	4	Nairobi, Nairobi Area, Kenya	KE	KE05	18585	-1.28333	36.8167	-2258072	4	Nairobi, Nairobi Area, Kenya	KE	KE05	18585	-1.28333	36.8167	-2258072	20250926051500	https://allafrica.com/stories/202509260027.html
1265301992	20250926	202509	2025	2025.7288	GOV	KING						GOV			MIL	ARMY						MIL			1	160	160	16	4	-4.0	5	1	5	-7.9646017699115	1	Greece	GR	GR		39	22	GR	1	Greece	GR	GR		39	22	GR	1	Greece	GR	GR		39	22	GR	20250926051500	https://www.tvguide.co.uk/schedule/44cfdd94-8bd7-5e7f-b6dd-188d61afa563/the-300-spartans
1265301993	20250926	202509	2025	2025.7288	GOV	PRESIDENT						GOV			NGA	ABUJA	NGA								1	010	010	01	1	0.0	10	1	10	0.71428571428572	4	Abuja, Abuja Federal Capital Territory, Nigeria	NI	NI11	191147	9.08333	7.53333	-1997013	4	Abuja, Abuja Federal Capital Territory, Nigeria	NI	NI11	191147	9.08333	7.53333	-1997013	4	Abuja, Abuja Federal Capital Territory, Nigeria	NI	NI11	191147	9.08333	7.53333	-1997013	20250926051500	https://allafrica.com/stories/202509260015.html
1265301994	20250926	202509	2025	2025.7288	GOV	MINIST OF JUSTICE						GOV			NZL	NEW ZEALAND	NZL								0	071	071	07	2	7.4	2	1	2	0	1	New Zealand	NZ	NZ		-42	174	NZ	1	New Zealand	NZ	NZ		-42	174	NZ	1	New Zealand	NZ	NZ		-42	174	NZ	20250926051500	https://www.indianweekender.co.nz/news/pm-luxon-calls-nz-vote-count-the-slowest-on-the-planet
1265301995	20250926	202509	2025	2025.7288	GOV	PRIME MINISTER						GOV			PNG	PAPUA NEW GUINEA	PNG								1	030	030	03	1	4.0	1	1	1	3.74149659863946	1	Papua New Guinea	PP	PP		-6	147	PP	1	Papua New Guinea	PP	PP		-6	147	PP	1	Papua New Guinea	PP	PP		-6	147	PP	20250926051500	https://www.postcourier.com.pg/prime-minister-marape-urges-europe-to-strengthen-trade-with-pacific/
1265301996	20250926	202509	2025	2025.7288	GOV	PETROLEUM MINIST						GOV			PNG	PAPUA NEW GUINEA	PNG								1	051	051	05	1	3.4	8	1	8	3.18181818181818	4	Port Moresby, National Capital, Papua New Guinea	PP	PP20	18585	-9.46472	147.193	-2198538	4	Port Moresby, National Capital, Papua New Guinea	PP	PP20	18585	-9.46472	147.193	-2198538	4	Port Moresby, National Capital, Papua New Guinea	PP	PP20	18585	-9.46472	147.193	-2198538	20250926051500	https://www.thenational.com.pg/minister-welcomes-sinopec-decision-to-start-drilling/
1265301997	20250926	202509	2025	2025.7288	GOV	PRESIDENT						GOV			PNGJUD	PAPUA NEW GUINEA	PNG					JUD			1	010	010	01	1	0.0	4	1	4	-1.48514851485149	4	Wabag, Enga, Papua New Guinea	PP	PP19	18585	-5.47808	143.702	-2202745	4	Wabag, Enga, Papua New Guinea	PP	PP19	18585	-5.47808	143.702	-2202745	4	Wabag, Enga, Papua New Guinea	PP	PP19	18585	-5.47808	143.702	-2202745	20250926051500	https://www.postcourier.com.pg/law-society-backs-court-action-in-enga/
1265301998	20250926	202509	2025	2025.7288	GOV	PRESIDENT						GOV			PNGJUD	PAPUA NEW GUINEA	PNG					JUD			1	051	051	05	1	3.4	2	1	2	-1.48514851485149	4	Wabag, Enga, Papua New Guinea	PP	PP19	18585	-5.47808	143.702	-2202745	4	Wabag, Enga, Papua New Guinea	PP	PP19	18585	-5.47808	143.702	-2202745	4	Wabag, Enga, Papua New Guinea	PP	PP19	18585	-5.47808	143.702	-2202745	20250926051500	https://www.postcourier.com.pg/law-society-backs-court-action-in-enga/
1265301999	20250926	202509	2025	2025.7288	GOV	PRESIDENT						GOV			PNGJUD	PAPUA NEW GUINEA	PNG					JUD			1	051	051	05	1	3.4	2	1	2	-1.48514851485149	4	Wapenamanda, Enga, Papua New Guinea	PP	PP19	18585	-5.6265	143.911	-2203188	4	Wabag, Enga, Papua New Guinea	PP	PP19	18585	-5.47808	143.702	-2202745	4	Wabag, Enga, Papua New Guinea	PP	PP19	18585	-5.47808	143.702	-2202745	20250926051500	https://www.postcourier.com.pg/law-society-backs-court-action-in-enga/
1265302000	20250926	202509	2025	2025.7288	GOV	PRESIDENT						GOV			PSE	GAZA	PSE								1	180	180	18	4	-9.0	3	1	3	-0.61349693251534	4	Vienna, Wien, Austria	AU	AU09	5672	48.2	16.3667	-1995499	4	Gaza, Israel (general), Israel	IS	IS00	18315	31.4167	34.3333	-797156	4	Gaza, Israel (general), Israel	IS	IS00	18315	31.4167	34.3333	-797156	20250926051500	https://www.asiaone.com/world/austria-hails-brain-gain-luring-25-academics-away-us-after-cuts
1265302001	20250926	202509	2025	2025.7288	GOV	MINIST						GOV			SGP	SINGAPORE	SGP								1	012	012	01	1	-0.4	4	1	4	-6.25	4	Serangoon, Singapore (general), Singapore	SN	SN00	18585	1.36278	103.897	-73616	4	Serangoon, Singapore (general), Singapore	SN	SN00	18585	1.36278	103.897	-73616	4	Serangoon, Singapore (general), Singapore	SN	SN00	18585	1.36278	103.897	-73616	20250926051500	https://www.deccanherald.com/world/pork-parcelled-and-sent-to-singapore-mosque-minister-k-shanmugam-condemns-act-probe-launched-3743612
1265302002	20250926	202509	2025	2025.7288	GOV	PRESIDENT						GOV			TUR	TURKISH	TUR								1	020	020	02	1	3.0	2	1	2	-3.0716723549488	4	Ankara, Ankara, Turkey	TU	TU68	27516	39.9272	32.8644	-735338	4	Ankara, Ankara, Turkey	TU	TU68	27516	39.9272	32.8644	-735338	4	Ankara, Ankara, Turkey	TU	TU68	27516	39.9272	32.8644	-735338	20250926051500	http://www.bgnes.com/politics/trump-urges-erdogan-to-stop-buying-russian-oil
1265302003	20250926	202509	2025	2025.7288	GOV	PRESIDENT						GOV			TUR	TURKISH	TUR								1	020	020	02	1	3.0	6	1	6	-3.0716723549488	1	Ukraine	UP	UP		49	32	UP	1	Ukraine	UP	UP		49	32	UP	1	Ukraine	UP	UP		49	32	UP	20250926051500	http://www.bgnes.com/politics/trump-urges-erdogan-to-stop-buying-russian-oil
1265302004	20250926	202509	2025	2025.7288	GOV	PRESIDENT						GOV			USA	THE US	USA								1	042	042	04	1	1.9	6	1	6	2.66272189349113	1	South Africa	SF	SF		-30	26	SF	1	South Africa	SF	SF		-30	26	SF	1	South Africa	SF	SF		-30	26	SF	20250926051500	https://www.thesouthafrican.com/news/ramaphosa-pushes-for-renewal-of-agoa-agreement/
1265302005	20250926	202509	2025	2025.7288	GOV	PRESIDENT						GOV			USA	THE US	USA								1	042	042	04	1	1.9	2	1	2	2.66272189349113	1	South Africa	SF	SF		-30	26	SF	1	United States	US	US		39.828175	-98.5795	US	1	United States	US	US		39.828175	-98.5795	US	20250926051500	https://www.thesouthafrican.com/news/ramaphosa-pushes-for-renewal-of-agoa-agreement/
1265302006	20250926	202509	2025	2025.7288	GOV	PRESIDENT						GOV			USA	UNITED STATES	USA								0	173	173	17	4	-5.0	4	1	4	-5.92885375494072	3	Loyola Marymount University, California, United States	US	USCA	CA037	33.9709	-118.419	245279	3	Loyola Marymount University, California, United States	US	USCA		33.9709	-118.419	245279	3	Loyola Marymount University, California, United States	US	USCA		33.9709	-118.419	245279	20250926051500	https://www.bbc.com/news/articles/c33r872egvjo
1265302007	20250926	202509	2025	2025.7288	GOVBUS	RESERVE BANK						GOV	BUS		BUS	BANK						BUS			1	030	030	03	1	4.0	10	1	10	-2.48756218905472	4	Vadodara, Gujarat, India	IN	IN09	70124	22.3	73.2	-2114049	4	Vadodara, Gujarat, India	IN	IN09	70124	22.3	73.2	-2114049	4	Vadodara, Gujarat, India	IN	IN09	70124	22.3	73.2	-2114049	20250926051500	https://www.indiancooperative.com/co-op-news-snippets/rbi-imposes-penalties-on-five-co-op-banks-for-regulatory-violations/
1265302008	20250926	202509	2025	2025.7288	HINAST700	YOGA				HIN															0	042	042	04	1	1.9	3	1	3	-4.77941176470588	3	Pine River, Minnesota, United States	US	USMN	MN021	46.718	-94.4042	649494	0								3	Pine River, Minnesota, United States	US	USMN		46.718	-94.4042	649494	20250926051500	https://thenightly.com.au/world/minnesota-parents-facing-charges-after-autistic-daughter-dies-trapped-in-broken-safety-bed-c-20150023
1265302009	20250926	202509	2025	2025.7288	HINAST700	YOGA				HIN															0	042	042	04	1	1.9	2	1	2	-4.77941176470588	2	Minnesota, United States	US	USMN		45.7326	-93.9196	MN	0								2	Minnesota, United States	US	USMN		45.7326	-93.9196	MN	20250926051500	https://thenightly.com.au/world/minnesota-parents-facing-charges-after-autistic-daughter-dies-trapped-in-broken-safety-bed-c-20150023
1265302010	20250926	202509	2025	2025.7288	HLH	HOSPITAL						HLH													0	043	043	04	1	2.8	10	1	10	-2.93453724604966	4	Delhi, Delhi, India	IN	IN07	17911	28.6667	77.2167	-2094230	0								4	Delhi, Delhi, India	IN	IN07	17911	28.6667	77.2167	-2094230	20250926051500	https://indianexpress.com/article/cities/delhi/blood-stains-attempted-clean-water-police-probe-tampering-of-evidence-negligence-after-worker-falls-death-delhi-airport-10272031/
1265302011	20250926	202509	2025	2025.7288	HLH	HOSPITAL						HLH			GBR	LONDON	GBR								0	051	051	05	1	3.4	4	1	4	4.23728813559322	4	London, London, City of, United Kingdom	UK	UKH9	40110	51.5	-0.116667	-2601889	5	County Durham, Durham, United Kingdom	UK	UKD8	40106	54.6667	-1.75	-2594982	5	County Durham, Durham, United Kingdom	UK	UKD8	40106	54.6667	-1.75	-2594982	20250926051500	https://www.thenorthernecho.co.uk/news/25495741.durham-nhs-play-specialist-gets-national-award/
1265302012	20250926	202509	2025	2025.7288	HLH	HOSPITAL						HLH			GBR	LONDON	GBR								0	051	051	05	1	3.4	6	1	6	4.23728813559322	4	London, London, City of, United Kingdom	UK	UKH9	40110	51.5	-0.116667	-2601889	4	London, London, City of, United Kingdom	UK	UKH9	40110	51.5	-0.116667	-2601889	4	London, London, City of, United Kingdom	UK	UKH9	40110	51.5	-0.116667	-2601889	20250926051500	https://www.thenorthernecho.co.uk/news/25495741.durham-nhs-play-specialist-gets-national-award/
1265302013	20250926	202509	2025	2025.7288	HLH	DOCTOR						HLH			USA	UNITED STATES	USA								0	040	040	04	1	1.0	4	1	4	-0.89086859688196	3	Washington, District of Columbia, United States	US	USDC	DC001	38.8951	-77.0364	531871	3	Washington, District of Columbia, United States	US	USDC	DC001	38.8951	-77.0364	531871	3	Washington, District of Columbia, United States	US	USDC	DC001	38.8951	-77.0364	531871	20250926051500	https://www.cbsnews.com/news/dr-oz-says-of-course-pregnant-women-should-take-tylenol-if-a-doctor-says-so/
1265302014	20250926	202509	2025	2025.7288	IDN	INDONESIAN	IDN																		0	012	012	01	1	-0.4	7	1	7	-3.57815442561205	4	Jakarta, Jakarta Raya, Indonesia	ID	ID04	18585	-6.17444	106.829	-2679652	0								4	Jakarta, Jakarta Raya, Indonesia	ID	ID04	18585	-6.17444	106.829	-2679652	20250926051500	https://www.independent.co.uk/asia/southeast-asia/indonesia-food-poisoning-free-school-meals-b2834049.html
1265302015	20250926	202509	2025	2025.7288	IDN	INDONESIAN	IDN																		0	012	012	01	1	-0.4	1	1	1	-3.57815442561205	4	Sukabumi, Jawa Barat, Indonesia	ID	ID30	18585	-6.91806	106.927	-2697923	0								4	Jakarta, Jakarta Raya, Indonesia	ID	ID04	18585	-6.17444	106.829	-2679652	20250926051500	https://www.independent.co.uk/asia/southeast-asia/indonesia-food-poisoning-free-school-meals-b2834049.html
1265302016	20250926	202509	2025	2025.7288	IDN	INDONESIA	IDN																		0	020	020	02	1	3.0	10	1	10	-3.57815442561205	4	Sukabumi, Jawa Barat, Indonesia	ID	ID30	18585	-6.91806	106.927	-2697923	0								4	Sukabumi, Jawa Barat, Indonesia	ID	ID30	18585	-6.91806	106.927	-2697923	20250926051500	https://www.independent.co.uk/asia/southeast-asia/indonesia-food-poisoning-free-school-meals-b2834049.html
1265302017	20250926	202509	2025	2025.7288	IDN	INDONESIA	IDN																		0	030	030	03	1	4.0	1	1	1	-3.57815442561205	4	Jakarta, Jakarta Raya, Indonesia	ID	ID04	18585	-6.17444	106.829	-2679652	0								4	Jakarta, Jakarta Raya, Indonesia	ID	ID04	18585	-6.17444	106.829	-2679652	20250926051500	https://www.independent.co.uk/asia/southeast-asia/indonesia-food-poisoning-free-school-meals-b2834049.html
1265302018	20250926	202509	2025	2025.7288	IDN	INDONESIAN	IDN																		0	110	110	11	3	-2.0	7	1	7	-3.57815442561205	4	Jakarta, Jakarta Raya, Indonesia	ID	ID04	18585	-6.17444	106.829	-2679652	0								4	Jakarta, Jakarta Raya, Indonesia	ID	ID04	18585	-6.17444	106.829	-2679652	20250926051500	https://www.independent.co.uk/asia/southeast-asia/indonesia-food-poisoning-free-school-meals-b2834049.html
1265302019	20250926	202509	2025	2025.7288	IDN	INDONESIAN	IDN																		0	110	110	11	3	-2.0	1	1	1	-3.57815442561205	4	Sukabumi, Jawa Barat, Indonesia	ID	ID30	18585	-6.91806	106.927	-2697923	0								4	Jakarta, Jakarta Raya, Indonesia	ID	ID04	18585	-6.17444	106.829	-2679652	20250926051500	https://www.independent.co.uk/asia/southeast-asia/indonesia-food-poisoning-free-school-meals-b2834049.html
1265302020	20250926	202509	2025	2025.7288	IDN	INDONESIA	IDN								GOV	PRESIDENT						GOV			0	100	100	10	3	-5.0	1	1	1	-3.57815442561205	4	Jakarta, Jakarta Raya, Indonesia	ID	ID04	18585	-6.17444	106.829	-2679652	4	Jakarta, Jakarta Raya, Indonesia	ID	ID04	18585	-6.17444	106.829	-2679652	4	Jakarta, Jakarta Raya, Indonesia	ID	ID04	18585	-6.17444	106.829	-2679652	20250926051500	https://www.independent.co.uk/asia/southeast-asia/indonesia-food-poisoning-free-school-meals-b2834049.html
1265302021	20250926	202509	2025	2025.7288	IGOUNO	UN GENERAL ASSEMBLY		UNO				IGO			ETH	ETHIOPIA	ETH								1	040	040	04	1	1.0	2	1	2	4.54545454545454	1	Ethiopia	ET	ET		8	38	ET	1	Ethiopia	ET	ET		8	38	ET	1	Ethiopia	ET	ET		8	38	ET	20250926051500	https://allafrica.com/stories/202509260017.html
1265302022	20250926	202509	2025	2025.7288	IGOUNO	UN GENERAL ASSEMBLY		UNO				IGO			ETHGOV	ETHIOPIA	ETH					GOV			1	040	040	04	1	1.0	2	1	2	4.54545454545454	1	Ethiopia	ET	ET		8	38	ET	1	Ethiopia	ET	ET		8	38	ET	1	Ethiopia	ET	ET		8	38	ET	20250926051500	https://allafrica.com/stories/202509260017.html
1265302023	20250926	202509	2025	2025.7288	IGOUNO	UN GENERAL ASSEMBLY		UNO				IGO			GHA	GHANA	GHA								1	110	110	11	3	-2.0	6	1	6	-4.06976744186047	2	New York, United States	US	USNY		42.1497	-74.9384	NY	5	Eastern Region, Eastern, Ghana	GH	GH05	16613	6.5	-0.5	-2072690	5	Eastern Region, Eastern, Ghana	GH	GH05	16613	6.5	-0.5	-2072690	20250926051500	https://www.ghanaweb.com/GhanaHomePage/politics/Covid-19-Impact-on-Economy-President-Mahama-knew-the-truth-during-2024-campaign-Bawumia-2002387
1265302024	20250926	202509	2025	2025.7288	IGOUNO	UN GENERAL ASSEMBLY		UNO				IGO			GOV	PRESIDENT						GOV			1	040	040	04	1	1.0	6	1	6	4.54545454545454	1	Ethiopia	ET	ET		8	38	ET	1	Ethiopia	ET	ET		8	38	ET	1	Ethiopia	ET	ET		8	38	ET	20250926051500	https://allafrica.com/stories/202509260017.html
1265302025	20250926	202509	2025	2025.7288	IGOUNO	UNITED NATIONS		UNO				IGO			UIS	THE INTERNATIONAL COMMUNITY						UIS			1	020	020	02	1	3.0	10	1	10	2.12765957446808	0								0								0								20250926051500	https://article.wn.com/view/2025/09/26/Loans_are_not_solution_world_must_honour_climate_pledges_Pak/
1265302026	20250926	202509	2025	2025.7288	IGOUNO	UNITED NATIONS		UNO				IGO			UIS	THE INTERNATIONAL COMMUNITY						UIS			1	051	051	05	1	3.4	10	1	10	2.12765957446808	0								0								0								20250926051500	https://article.wn.com/view/2025/09/26/Loans_are_not_solution_world_must_honour_climate_pledges_Pak/
1265302027	20250926	202509	2025	2025.7288	IGOUNO	UN GENERAL ASSEMBLY		UNO				IGO			USA	NEW YORK	USA								1	042	042	04	1	1.9	5	1	5	-2.02020202020202	1	Ukraine	UP	UP		49	32	UP	1	Ukraine	UP	UP		49	32	UP	1	Ukraine	UP	UP		49	32	UP	20250926051500	https://www.washingtonexaminer.com/live-blog/2025-united-nations-general-assembly-world-leaders-live-coverage/page/4/
1265302028	20250926	202509	2025	2025.7288	IGOUNOLEG	UNITED NATIONS		UNO				IGO	LEG		CHN	CHINA	CHN								1	040	040	04	1	1.0	10	1	10	0	1	China	CH	CH		35	105	CH	1	China	CH	CH		35	105	CH	1	China	CH	CH		35	105	CH	20250926051500	http://en.ce.cn/main/latest/202509/t20250924_2486471.shtml
1265302029	20250926	202509	2025	2025.7288	IND	NEW DELHI	IND																		1	026	026	02	1	4.0	2	1	2	3.24543610547667	4	Kanyakumari, Tamil Nadu, India	IN	IN25	17870	8.07611	77.5483	-2099548	0								4	Kanyakumari, Tamil Nadu, India	IN	IN25	17870	8.07611	77.5483	-2099548	20250926051500	https://www.indiancooperative.com/from-states/kribhco-holds-45th-agm-reports-rs-693-cr-profit-declares-20-dividend/
1265302030	20250926	202509	2025	2025.7288	IND	NEW DELHI	IND																		1	026	026	02	1	4.0	1	1	1	3.24543610547667	4	Nellore, Andhra Pradesh, India	IN	IN02	17561	14.4333	79.9667	-2106053	0								4	Nellore, Andhra Pradesh, India	IN	IN02	17561	14.4333	79.9667	-2106053	20250926051500	https://www.indiancooperative.com/from-states/kribhco-holds-45th-agm-reports-rs-693-cr-profit-declares-20-dividend/
1265302031	20250926	202509	2025	2025.7288	IND	DELHI	IND																		1	042	042	04	1	1.9	2	1	2	-4.67005076142132	4	Delhi, Delhi, India	IN	IN07	17911	28.6667	77.2167	-2094230	0								4	Kargil, Jammu and Kashmir, India	IN	IN12	72788	34.5667	76.1	-2099784	20250926051500	https://indianexpress.com/article/live-news/top-news-today-briefing-10272048/
1265302032	20250926	202509	2025	2025.7288	IND	MUMBAI	IND																		1	043	043	04	1	2.8	2	1	2	-3.2069970845481	4	Mumbai, Maharashtra, India	IN	IN16	70184	18.975	72.8258	-2092174	0								4	Kolkata, West Bengal, India	IN	IN28	70294	22.5697	88.3697	-2092511	20250926051500	https://www.hindustantimes.com/india-news/hyderabad-rain-live-weather-update-three-indigo-flights-diverted-from-hyderabad-to-vijayawada-amid-heavy-rain-101758859192571.html
1265302033	20250926	202509	2025	2025.7288	IND	BHARAT	IND																		1	046	046	04	1	7.0	11	1	11	3.89655172413794	4	New Delhi, Delhi, India	IN	IN07	17911	28.6	77.2	-2106102	0								4	New Delhi, Delhi, India	IN	IN07	17911	28.6	77.2	-2106102	20250926051500	https://www.indiancooperative.com/co-op-news-snippets/nafed-agm-today-at-bharat-mandapam/
1265302034	20250926	202509	2025	2025.7288	IND	NEW DELHI	IND																		1	046	046	04	1	7.0	1	1	1	8.5	4	Rajkot, Gujarat, India	IN	IN09	17647	22.3	70.7833	-2108747	0								4	Rajkot, Gujarat, India	IN	IN09	17647	22.3	70.7833	-2108747	20250926051500	https://www.indiancooperative.com/co-op-news-snippets/arvind-tagadiya-shailajadevi-bag-kribhco-sahakarita-award/
1265302035	20250926	202509	2025	2025.7288	IND	HARYANA	IND																		1	060	060	06	2	6.0	10	1	10	3.84024577572965	0								0								0								20250926051500	https://indianexpress.com/article/cities/chandigarh/nayab-saini-haryana-lado-lakshmi-yojana-women-benefit-10272032/
1265302036	20250926	202509	2025	2025.7288	IND	KARNATAKA	IND								MEDBUS	MEDIA						MED	BUS		0	120	120	12	3	-4.0	2	1	2	-4.67005076142132	5	Karnataka, Karnataka, India	IN	IN19	17688	13.5	76	-2099860	5	Karnataka, Karnataka, India	IN	IN19	17688	13.5	76	-2099860	5	Karnataka, Karnataka, India	IN	IN19	17688	13.5	76	-2099860	20250926051500	https://indianexpress.com/article/live-news/top-news-today-briefing-10272048/
1265302037	20250926	202509	2025	2025.7288	INDGOV	HARYANA	IND					GOV													0	051	051	05	1	3.4	10	1	10	3.84024577572965	0								0								0								20250926051500	https://indianexpress.com/article/cities/chandigarh/nayab-saini-haryana-lado-lakshmi-yojana-women-benefit-10272032/
1265302038	20250926	202509	2025	2025.7288	INDJUD	KARNATAKA	IND					JUD			MEDBUS	MEDIA						MED	BUS		0	120	120	12	3	-4.0	1	1	1	-4.67005076142132	5	Karnataka, Karnataka, India	IN	IN19	17688	13.5	76	-2099860	5	Karnataka, Karnataka, India	IN	IN19	17688	13.5	76	-2099860	5	Karnataka, Karnataka, India	IN	IN19	17688	13.5	76	-2099860	20250926051500	https://indianexpress.com/article/live-news/top-news-today-briefing-10272048/
1265302039	20250926	202509	2025	2025.7288	IRL	IRELAND	IRL																		1	012	012	01	1	-0.4	10	1	10	4.26356589147287	1	Ireland	EI	EI		53	-8	EI	0								1	Ireland	EI	EI		53	-8	EI	20250926051500	https://www.irishmirror.ie/news/irish-news/eu-survey-food-cost-ireland-35965279
1265302040	20250926	202509	2025	2025.7288	IRL	IRELAND	IRL																		0	020	020	02	1	3.0	2	1	2	-3.75180375180375	4	County Dublin, County Fingal, Ireland	EI	EI35	18299	53.4167	-6.25	-1502555	0								4	County Dublin, County Fingal, Ireland	EI	EI35	18299	53.4167	-6.25	-1502555	20250926051500	https://www.irishmirror.ie/news/irish-news/crime/online-history-phone-connected-daniel-35964770
1265302041	20250926	202509	2025	2025.7288	IRL	IRELAND	IRL																		0	043	043	04	1	2.8	8	1	8	-3.75180375180375	4	Donabate, County Fingal, Ireland	EI	EI35	18288	53.4872	-6.15194	-1502363	0								4	Donabate, County Fingal, Ireland	EI	EI35	18288	53.4872	-6.15194	-1502363	20250926051500	https://www.irishmirror.ie/news/irish-news/crime/online-history-phone-connected-daniel-35964770
1265302042	20250926	202509	2025	2025.7288	IRL	DUBLIN	IRL																		0	043	043	04	1	2.8	2	1	2	-3.75180375180375	4	County Dublin, County Fingal, Ireland	EI	EI35	18299	53.4167	-6.25	-1502555	0								4	Donabate, County Fingal, Ireland	EI	EI35	18288	53.4872	-6.15194	-1502363	20250926051500	https://www.irishmirror.ie/news/irish-news/crime/online-history-phone-connected-daniel-35964770
1265302043	20250926	202509	2025	2025.7288	IRL	IRELAND	IRL																		1	043	043	04	1	2.8	4	1	4	1.61030595813204	1	Ireland	EI	EI		53	-8	EI	0								1	Ireland	EI	EI		53	-8	EI	20250926051500	https://www.irishmirror.ie/lifestyle/technology/nothing-ear-3-earbuds-review-35967347
1265302044	20250926	202509	2025	2025.7288	IRL	DUBLIN	IRL																		0	051	051	05	1	3.4	13	1	8	4.03690888119954	4	Dublin, Dublin, Ireland	EI	EI07	18288	53.3331	-6.24889	-1502554	0								4	Dublin, Dublin, Ireland	EI	EI07	18288	53.3331	-6.24889	-1502554	20250926051500	https://www.travelextra.ie/the-68th-dublin-theatre-festival-opens-this-evening-and-runs-for-18-nights/
1265302045	20250926	202509	2025	2025.7288	IRL	IRELAND	IRL																		1	128	128	12	3	-5.0	4	1	4	4.76190476190476	5	Waterford City, Waterford City, Ireland	EI	EI41	18306	52.2418	-7.10843	10934245	0								5	Waterford City, Waterford City, Ireland	EI	EI41	18306	52.2418	-7.10843	10934245	20250926051500	https://www.travelextra.ie/further-details-revealed-of-waterfords-winterval-music-programme/
1265302046	20250926	202509	2025	2025.7288	IRL	DUBLIN	IRL								GOV	GOVERNMENT						GOV			1	051	051	05	1	3.4	4	1	4	-4.29184549356223	4	Dublin, Dublin, Ireland	EI	EI07	18288	53.3331	-6.24889	-1502554	4	Dublin, Dublin, Ireland	EI	EI07	18288	53.3331	-6.24889	-1502554	4	Dublin, Dublin, Ireland	EI	EI07	18288	53.3331	-6.24889	-1502554	20250926051500	https://www.travelextra.ie/here-are-12-takeaways-from-michael-olearys-press-briefing-in-dublin/
1265302047	20250926	202509	2025	2025.7288	IRL	DUBLIN	IRL								GOV	GOVERNMENT						GOV			1	051	051	05	1	3.4	1	1	1	-4.29184549356223	1	Italy	IT	IT		42.833333	12.833333	IT	4	Dublin, Dublin, Ireland	EI	EI07	18288	53.3331	-6.24889	-1502554	4	Dublin, Dublin, Ireland	EI	EI07	18288	53.3331	-6.24889	-1502554	20250926051500	https://www.travelextra.ie/here-are-12-takeaways-from-michael-olearys-press-briefing-in-dublin/
1265302048	20250926	202509	2025	2025.7288	IRL	DUBLIN	IRL								IRLBUS	IRISH	IRL					BUS			1	051	051	05	1	3.4	4	1	4	-4.29184549356223	4	Dublin, Dublin, Ireland	EI	EI07	18288	53.3331	-6.24889	-1502554	4	Dublin, Dublin, Ireland	EI	EI07	18288	53.3331	-6.24889	-1502554	4	Dublin, Dublin, Ireland	EI	EI07	18288	53.3331	-6.24889	-1502554	20250926051500	https://www.travelextra.ie/here-are-12-takeaways-from-michael-olearys-press-briefing-in-dublin/
1265302049	20250926	202509	2025	2025.7288	IRL	DUBLIN	IRL								IRLBUS	IRELAND	IRL					BUS			1	051	051	05	1	3.4	1	1	1	-4.29184549356223	1	Italy	IT	IT		42.833333	12.833333	IT	4	Dublin, Dublin, Ireland	EI	EI07	18288	53.3331	-6.24889	-1502554	4	Dublin, Dublin, Ireland	EI	EI07	18288	53.3331	-6.24889	-1502554	20250926051500	https://www.travelextra.ie/here-are-12-takeaways-from-michael-olearys-press-briefing-in-dublin/
1265302050	20250926	202509	2025	2025.7288	IRL	IRELAND	IRL								JUD	JUDGE						JUD			1	042	042	04	1	1.9	4	1	4	12.0689655172414	1	Ireland	EI	EI		53	-8	EI	1	Ireland	EI	EI		53	-8	EI	1	Ireland	EI	EI		53	-8	EI	20250926051500	https://www.irishmirror.ie/showbiz/irish-showbiz/loraine-barry-dwts-steps-down-35967466
1265302051	20250926	202509	2025	2025.7288	ISR	ISRAEL	ISR																		1	010	010	01	1	0.0	4	1	4	-5.26315789473684	2	New York, United States	US	USNY		42.1497	-74.9384	NY	0								2	New York, United States	US	USNY		42.1497	-74.9384	NY	20250926051500	https://www.therecord.com/news/world/israels-netanyahu-to-address-un-as-pressure-mounts-over-gaza-war/article_d0ce3be7-c448-5dd4-a1b2-4dc63815df49.html
1265302052	20250926	202509	2025	2025.7288	ISR	ISRAEL	ISR																		1	111	111	11	3	-2.0	2	1	2	-2.43572395128552	1	West Bank	WE	WE		31.666667	35.25	WE	0								1	West Bank	WE	WE		31.666667	35.25	WE	20250926051500	https://cyprus-mail.com/2025/09/26/time-to-stop-trump-vows-israel-will-not-annex-west-bank
1265302053	20250926	202509	2025	2025.7288	ISR	ISRAEL	ISR								CVL	CONSTITUENT						CVL			1	043	043	04	1	2.8	4	1	4	0	4	Gaza, Israel (general), Israel	IS	IS00	18315	31.4167	34.3333	-797156	4	Gaza, Israel (general), Israel	IS	IS00	18315	31.4167	34.3333	-797156	4	Gaza, Israel (general), Israel	IS	IS00	18315	31.4167	34.3333	-797156	20250926051500	https://13wham.com/news/local/congressman-joe-morelle-hosts-town-hall-for-constituents
1265302054	20250926	202509	2025	2025.7288	ISR	ISRAEL	ISR								PSE	GAZA	PSE								1	010	010	01	1	0.0	6	1	6	-5.26315789473684	2	New York, United States	US	USNY		42.1497	-74.9384	NY	2	New York, United States	US	USNY		42.1497	-74.9384	NY	2	New York, United States	US	USNY		42.1497	-74.9384	NY	20250926051500	https://www.therecord.com/news/world/israels-netanyahu-to-address-un-as-pressure-mounts-over-gaza-war/article_d0ce3be7-c448-5dd4-a1b2-4dc63815df49.html
1265302055	20250926	202509	2025	2025.7288	ISR	ISRAELI	ISR								USA	UNITED STATES	USA								1	010	010	01	1	0.0	1	1	1	-4.79616306954437	4	Gaza, Israel (general), Israel	IS	IS00	18315	31.4167	34.3333	-797156	4	Gaza, Israel (general), Israel	IS	IS00	18315	31.4167	34.3333	-797156	4	Gaza, Israel (general), Israel	IS	IS00	18315	31.4167	34.3333	-797156	20250926051500	https://www.sungazette.com/news/2025/09/dawn-of-freedom-will-emerge-abbas-says-during-un-address/
1265302056	20250926	202509	2025	2025.7288	ISR	ISRAEL	ISR								USA	ROCHESTER	USA								1	043	043	04	1	2.8	2	1	2	0	4	Gaza, Israel (general), Israel	IS	IS00	18315	31.4167	34.3333	-797156	4	Gaza, Israel (general), Israel	IS	IS00	18315	31.4167	34.3333	-797156	4	Gaza, Israel (general), Israel	IS	IS00	18315	31.4167	34.3333	-797156	20250926051500	https://13wham.com/news/local/congressman-joe-morelle-hosts-town-hall-for-constituents
1265302057	20250926	202509	2025	2025.7288	ITA	ITALY	ITA																		1	012	012	01	1	-0.4	4	1	4	-8.38323353293413	1	Italy	IT	IT		42.833333	12.833333	IT	0								1	Italy	IT	IT		42.833333	12.833333	IT	20250926051500	https://www.lancashiretelegraph.co.uk/news/25494631.blackburn-watch-shop-among-two-tax-defaulters-named-hmrc/
1265302058	20250926	202509	2025	2025.7288	ITA	ITALY	ITA																		1	110	110	11	3	-2.0	4	1	4	-8.38323353293413	1	Italy	IT	IT		42.833333	12.833333	IT	0								1	Italy	IT	IT		42.833333	12.833333	IT	20250926051500	https://www.lancashiretelegraph.co.uk/news/25494631.blackburn-watch-shop-among-two-tax-defaulters-named-hmrc/
1265302059	20250926	202509	2025	2025.7288	ITA	ITALY	ITA																		1	192	192	19	4	-9.5	10	1	10	-4	1	Italy	IT	IT		42.833333	12.833333	IT	0								1	Spain	SP	SP		40	-4	SP	20250926051500	https://www.tvguide.co.uk/schedule/84885652-1a91-5f5c-8db5-0157051531d7/help-we-bought-a-village
1265302060	20250926	202509	2025	2025.7288	JPN	JAPAN	JPN																		1	014	014	01	1	0.0	2	1	2	4.73933649289099	1	Japan	JA	JA		36	138	JA	0								1	Japan	JA	JA		36	138	JA	20250926051500	https://www.thewestmorlandgazette.co.uk/news/25495056.lake-district-works-underway-troutbeck-wastewater-site/
1265302061	20250926	202509	2025	2025.7288	JPN	JAPAN	JPN																		1	042	042	04	1	1.9	3	1	3	1.775956284153	1	United Kingdom	UK	UK		54	-4	UK	0								1	United Kingdom	UK	UK		54	-4	UK	20250926051500	https://www.prestigeonline.com/hk/jewellery/boucheron-presents-its-latest-high-jewellery-collection-impermanence/
1265302062	20250926	202509	2025	2025.7288	JPN	JAPAN	JPN								BUS	BUSINESS						BUS			1	014	014	01	1	0.0	2	1	2	4.73933649289099	1	Japan	JA	JA		36	138	JA	1	Japan	JA	JA		36	138	JA	1	Japan	JA	JA		36	138	JA	20250926051500	https://www.thewestmorlandgazette.co.uk/news/25495056.lake-district-works-underway-troutbeck-wastewater-site/
1265302063	20250926	202509	2025	2025.7288	JPN	JAPAN	JPN								SEA	SOUTHEAST ASIA	SEA								1	061	061	06	2	6.4	4	1	4	0.95238095238095	4	Nagasaki, Yamagata, Japan	JA	JA44	36590	38.3264	140.276	-237733	4	Nagasaki, Yamagata, Japan	JA	JA44	36590	38.3264	140.276	-237733	1	South Korea	KS	KS		37	127.5	KS	20250926051500	https://www.marketscreener.com/news/japan-pm-contender-koizumi-seeks-to-quash-criticism-over-prized-grape-ce7d58d3dc8df327
1265302064	20250926	202509	2025	2025.7288	JPN	JAPAN	JPN								SEA	SOUTHEAST ASIA	SEA								1	061	061	06	2	6.4	1	1	1	0.95238095238095	4	Nagasaki, Yamagata, Japan	JA	JA44	36590	38.3264	140.276	-237733	1	China	CH	CH		35	105	CH	4	Nagasaki, Yamagata, Japan	JA	JA44	36590	38.3264	140.276	-237733	20250926051500	https://www.marketscreener.com/news/japan-pm-contender-koizumi-seeks-to-quash-criticism-over-prized-grape-ce7d58d3dc8df327
1265302065	20250926	202509	2025	2025.7288	JPN	JAPAN	JPN								SGP	SINGAPORE	SGP								1	042	042	04	1	1.9	2	1	2	1.775956284153	1	United Kingdom	UK	UK		54	-4	UK	1	United Kingdom	UK	UK		54	-4	UK	1	United Kingdom	UK	UK		54	-4	UK	20250926051500	https://www.prestigeonline.com/hk/jewellery/boucheron-presents-its-latest-high-jewellery-collection-impermanence/
1265302066	20250926	202509	2025	2025.7288	JUD	JUDGE						JUD													1	022	022	02	1	3.2	2	1	2	-2.28136882129278	4	Accra, Greater Accra, Ghana	GH	GH01	190655	5.55	-0.216667	-2067935	0								4	Suhum, Ghana (general), Ghana	GH	GH00	16572	6.53333	-1.06667	-2079009	20250926051500	https://www.ghanaweb.com/GhanaHomePage/crime/Koforidua-High-Court-to-rule-on-Suhum-election-petition-before-2025-26-legal-year-ends-2002360
1265302067	20250926	202509	2025	2025.7288	JUD	JUDGE						JUD													1	022	022	02	1	3.2	8	1	8	-2.28136882129278	4	Suhum, Ghana (general), Ghana	GH	GH00	16572	6.53333	-1.06667	-2079009	0								4	Suhum, Ghana (general), Ghana	GH	GH00	16572	6.53333	-1.06667	-2079009	20250926051500	https://www.ghanaweb.com/GhanaHomePage/crime/Koforidua-High-Court-to-rule-on-Suhum-election-petition-before-2025-26-legal-year-ends-2002360
1265302068	20250926	202509	2025	2025.7288	JUD	JUDGE						JUD													1	042	042	04	1	1.9	6	1	6	12.0689655172414	1	Ireland	EI	EI		53	-8	EI	0								1	Ireland	EI	EI		53	-8	EI	20250926051500	https://www.irishmirror.ie/showbiz/irish-showbiz/loraine-barry-dwts-steps-down-35967466
1265302069	20250926	202509	2025	2025.7288	JUD	COUNSEL						JUD													1	090	090	09	2	-2.0	6	1	6	-0.57106598984772	5	Auckland, Auckland, New Zealand	NZ	NZE7	22379	-36.75	174.583	11483124	0								5	Auckland, Auckland, New Zealand	NZ	NZE7	22379	-36.75	174.583	11483124	20250926051500	https://www.nzherald.co.nz/business/talleys-defamation-trial-mike-bush-tells-court-he-is-far-too-experienced-to-purely-defer-to-other-peoples-views/5T2ASQU5PJALZDI5LOVJDO2SXI/
1265302070	20250926	202509	2025	2025.7288	JUD	JUDGE						JUD			IRL	IRELAND	IRL								1	043	043	04	1	2.8	4	1	4	12.0689655172414	1	Ireland	EI	EI		53	-8	EI	1	Ireland	EI	EI		53	-8	EI	1	Ireland	EI	EI		53	-8	EI	20250926051500	https://www.irishmirror.ie/showbiz/irish-showbiz/loraine-barry-dwts-steps-down-35967466
1265302071	20250926	202509	2025	2025.7288	JUD	HIGH COURT						JUD			MEDBUS	MEDIA						MED	BUS		0	120	120	12	3	-4.0	4	1	4	-4.67005076142132	5	Karnataka, Karnataka, India	IN	IN19	17688	13.5	76	-2099860	5	Karnataka, Karnataka, India	IN	IN19	17688	13.5	76	-2099860	5	Karnataka, Karnataka, India	IN	IN19	17688	13.5	76	-2099860	20250926051500	https://indianexpress.com/article/live-news/top-news-today-briefing-10272048/
1265302072	20250926	202509	2025	2025.7288	JUD	COUNSEL						JUD			NZL	NEW ZEALAND	NZL								1	090	090	09	2	-2.0	4	1	4	-0.57106598984772	5	Auckland, Auckland, New Zealand	NZ	NZE7	22379	-36.75	174.583	11483124	5	Auckland, Auckland, New Zealand	NZ	NZE7	22379	-36.75	174.583	11483124	5	Auckland, Auckland, New Zealand	NZ	NZE7	22379	-36.75	174.583	11483124	20250926051500	https://www.nzherald.co.nz/business/talleys-defamation-trial-mike-bush-tells-court-he-is-far-too-experienced-to-purely-defer-to-other-peoples-views/5T2ASQU5PJALZDI5LOVJDO2SXI/
1265302073	20250926	202509	2025	2025.7288	JUD	LAWYER						JUD			PAK	KARACHI	PAK								1	010	010	01	1	0.0	10	1	10	-1.3215859030837	4	Karachi, Sindh, Pakistan	PK	PK05	40398	24.8667	67.05	-2764584	4	Karachi, Sindh, Pakistan	PK	PK05	40398	24.8667	67.05	-2764584	4	Karachi, Sindh, Pakistan	PK	PK05	40398	24.8667	67.05	-2764584	20250926051500	https://tribune.com.pk/story/2568977/police-officer-challenges-transfer-to-balochistan-citing-wedlock-policy
1265302074	20250926	202509	2025	2025.7288	JUD	SUPREME COURT						JUD			USA	UNITED STATES	USA								1	036	036	03	1	4.0	4	1	4	5.79710144927536	2	Hawaii, United States	US	USHI		21.1098	-157.531	HI	2	Hawaii, United States	US	USHI		21.1098	-157.531	HI	2	Hawaii, United States	US	USHI		21.1098	-157.531	HI	20250926051500	https://www.yahoo.com/news/articles/sabrina-mckenna-lead-hawaii-judiciary-035000613.html
1265302075	20250926	202509	2025	2025.7288	KEN	KENYA	KEN								LAB	WORKER						LAB			0	112	112	11	3	-2.0	2	1	2	1.12359550561798	4	Nakuru, Rift Valley, Kenya	KE	KE08	18585	-0.283333	36.0667	-2258197	4	Nakuru, Rift Valley, Kenya	KE	KE08	18585	-0.283333	36.0667	-2258197	4	Nakuru, Rift Valley, Kenya	KE	KE08	18585	-0.283333	36.0667	-2258197	20250926051500	https://allafrica.com/stories/202509260027.html
1265302076	20250926	202509	2025	2025.7288	LAB	EMPLOYEE						LAB													1	084	084	08	2	7.0	5	1	5	0	3	Houston, Texas, United States	US	USTX	TX201	29.7633	-95.3633	1380948	0								3	Houston, Texas, United States	US	USTX	TX201	29.7633	-95.3633	1380948	20250926051500	https://www.khou.com/article/news/local/texas-starbucks-closing-list-houston/285-e477339a-1d0a-4b35-8380-98bf1ce0e32f
1265302077	20250926	202509	2025	2025.7288	LAB	WORKER						LAB													1	090	090	09	2	-2.0	10	1	10	-0.57106598984772	5	Auckland, Auckland, New Zealand	NZ	NZE7	22379	-36.75	174.583	11483124	0								5	Auckland, Auckland, New Zealand	NZ	NZE7	22379	-36.75	174.583	11483124	20250926051500	https://www.nzherald.co.nz/business/talleys-defamation-trial-mike-bush-tells-court-he-is-far-too-experienced-to-purely-defer-to-other-peoples-views/5T2ASQU5PJALZDI5LOVJDO2SXI/
1265302078	20250926	202509	2025	2025.7288	LAB	EMPLOYEE						LAB			BUS	COMPANY						BUS			1	010	010	01	1	0.0	5	1	5	0	3	Houston, Texas, United States	US	USTX	TX201	29.7633	-95.3633	1380948	3	Houston, Texas, United States	US	USTX	TX201	29.7633	-95.3633	1380948	3	Houston, Texas, United States	US	USTX	TX201	29.7633	-95.3633	1380948	20250926051500	https://www.khou.com/article/news/local/texas-starbucks-closing-list-houston/285-e477339a-1d0a-4b35-8380-98bf1ce0e32f
1265302079	20250926	202509	2025	2025.7288	LAB	WORKER						LAB			LEG	LEGISLATURE						LEG			1	071	071	07	2	7.4	10	1	10	-0.802139037433155	3	Albuquerque, New Mexico, United States	US	USNM	NM001	35.0845	-106.651	928679	3	Albuquerque, New Mexico, United States	US	USNM	NM001	35.0845	-106.651	928679	3	Albuquerque, New Mexico, United States	US	USNM	NM001	35.0845	-106.651	928679	20250926051500	https://www.abqjournal.com/business/article_d1c57a45-94f8-42b0-b130-0440754a5f6e.html
1265302080	20250926	202509	2025	2025.7288	LAB	WORKER						LAB			USA	UNITED STATES	USA								1	043	043	04	1	2.8	4	1	4	3.53982300884956	3	El Paso, Texas, United States	US	USTX	TX141	31.7587	-106.487	1380946	3	El Paso, Texas, United States	US	USTX		31.7587	-106.487	1380946	3	El Paso, Texas, United States	US	USTX		31.7587	-106.487	1380946	20250926051500	https://kvia.com/news/business-technology/2025/09/25/el-paso-mayor-renard-johnson-tours-readyone-industries/
1265302081	20250926	202509	2025	2025.7288	LCA	SAINT LUCIA	LCA																		1	020	020	02	1	3.0	5	1	5	1.81818181818182	4	Castries, Castries, Saint Lucia	ST	ST03	25298	14	-61	-1313781	0								4	Castries, Castries, Saint Lucia	ST	ST03	25298	14	-61	-1313781	20250926051500	https://www.htsstlucia.org/waterspout-spotted-off-coast-of-st-lucia-captivates-residents-and-social-media/
1265302082	20250926	202509	2025	2025.7288	LCA	SAINT LUCIA	LCA																		1	042	042	04	1	1.9	5	1	5	1.81818181818182	4	Castries, Castries, Saint Lucia	ST	ST03	25298	14	-61	-1313781	0								4	Castries, Castries, Saint Lucia	ST	ST03	25298	14	-61	-1313781	20250926051500	https://www.htsstlucia.org/waterspout-spotted-off-coast-of-st-lucia-captivates-residents-and-social-media/
1265302083	20250926	202509	2025	2025.7288	LEG	CONGRESS						LEG			JUD	PROSECUTOR						JUD			0	100	100	10	3	-5.0	2	1	2	-6.90737833594976	4	Moscow, Moskva, Russia	RS	RS48	25106	55.7522	37.6156	-2960561	4	Moscow, Moskva, Russia	RS	RS48	25106	55.7522	37.6156	-2960561	4	Moscow, Moskva, Russia	RS	RS48	25106	55.7522	37.6156	-2960561	20250926051500	https://www.ecr.co.za/news/news/former-fbi-director-charged-trump-retribution-drive/
1265302084	20250926	202509	2025	2025.7288	LEG	CONGRESS						LEG			JUD	PROSECUTOR						JUD			0	100	100	10	3	-5.0	3	1	3	-6.90737833594976	3	White House, District of Columbia, United States	US	USDC		38.8951	-77.0364	531871	3	White House, District of Columbia, United States	US	USDC		38.8951	-77.0364	531871	3	White House, District of Columbia, United States	US	USDC		38.8951	-77.0364	531871	20250926051500	https://www.ecr.co.za/news/news/former-fbi-director-charged-trump-retribution-drive/
1265302085	20250926	202509	2025	2025.7288	LEG	REPRESENTATIVES						LEG			PSE	WEST BANK	PSE								0	040	040	04	1	1.0	2	1	2	-2.43572395128552	1	Qatar	QA	QA		25.5	51.25	QA	1	West Bank	WE	WE		31.666667	35.25	WE	1	Qatar	QA	QA		25.5	51.25	QA	20250926051500	https://cyprus-mail.com/2025/09/26/time-to-stop-trump-vows-israel-will-not-annex-west-bank
1265302086	20250926	202509	2025	2025.7288	LEG	CONGRESS						LEG			RUS	RUSSIA	RUS								0	100	100	10	3	-5.0	2	1	2	-6.90737833594976	4	Moscow, Moskva, Russia	RS	RS48	25106	55.7522	37.6156	-2960561	4	Moscow, Moskva, Russia	RS	RS48	25106	55.7522	37.6156	-2960561	4	Moscow, Moskva, Russia	RS	RS48	25106	55.7522	37.6156	-2960561	20250926051500	https://www.ecr.co.za/news/news/former-fbi-director-charged-trump-retribution-drive/
1265302087	20250926	202509	2025	2025.7288	LEG	REPRESENTATIVES						LEG			USAGOV	INTERNAL REVENUE SERVICE	USA					GOV			0	010	010	01	1	0.0	5	1	5	1.29589632829374	3	Washington, District of Columbia, United States	US	USDC	DC001	38.8951	-77.0364	531871	3	Washington, District of Columbia, United States	US	USDC	DC001	38.8951	-77.0364	531871	3	Washington, District of Columbia, United States	US	USDC	DC001	38.8951	-77.0364	531871	20250926051500	https://www.pressreleasepoint.com/readout-financial-literacy-and-education-commission-september-2025-public-meeting-payment-fraud
1265302088	20250926	202509	2025	2025.7288	MDV	MALE	MDV																		1	100	100	10	3	-5.0	10	1	10	-8.10810810810811	4	Point Cook, Victoria, Australia	AS	AS07	5429	-37.9167	144.8	-1595590	0								4	Point Cook, Victoria, Australia	AS	AS07	5429	-37.9167	144.8	-1595590	20250926051500	https://wyndham.starweekly.com.au/news/death-under-investigation/
1265302089	20250926	202509	2025	2025.7288	MED	MEDIA						MED													0	010	010	01	1	0.0	10	1	10	0	4	Zofingen, Switzerland (general), Switzerland	SZ	SZ00	26303	47.2899	7.94727	-2554914	0								4	Zofingen, Switzerland (general), Switzerland	SZ	SZ00	26303	47.2899	7.94727	-2554914	20250926051500	https://www.finanznachrichten.de/nachrichten-2025-09/66541954-adhoc-siegfried-ag-change-in-the-chairmanship-of-the-board-of-directors-023.htm
1265302090	20250926	202509	2025	2025.7288	MED	MEDIA						MED													0	010	010	01	1	0.0	6	1	6	-0.57106598984772	5	Auckland, Auckland, New Zealand	NZ	NZE7	22379	-36.75	174.583	11483124	0								5	Auckland, Auckland, New Zealand	NZ	NZE7	22379	-36.75	174.583	11483124	20250926051500	https://www.nzherald.co.nz/business/talleys-defamation-trial-mike-bush-tells-court-he-is-far-too-experienced-to-purely-defer-to-other-peoples-views/5T2ASQU5PJALZDI5LOVJDO2SXI/
1265302091	20250926	202509	2025	2025.7288	MED	JOURNALIST						MED													1	046	046	04	1	7.0	6	1	6	-2.18068535825545	2	Oklahoma, United States	US	USOK		35.5376	-96.9247	OK	0								2	Oklahoma, United States	US	USOK		35.5376	-96.9247	OK	20250926051500	http://www.news9.com/story/68d5e72351db8cb9d28e7da9/questions-remain-after-ryan-walters-announces-resignation
1265302092	20250926	202509	2025	2025.7288	MED	WEBSITE						MED			AGR	FARMER						AGR			1	010	010	01	1	0.0	2	1	2	3.24543610547667	4	Kanyakumari, Tamil Nadu, India	IN	IN25	17870	8.07611	77.5483	-2099548	4	Kanyakumari, Tamil Nadu, India	IN	IN25	17870	8.07611	77.5483	-2099548	4	Kanyakumari, Tamil Nadu, India	IN	IN25	17870	8.07611	77.5483	-2099548	20250926051500	https://www.indiancooperative.com/from-states/kribhco-holds-45th-agm-reports-rs-693-cr-profit-declares-20-dividend/
1265302093	20250926	202509	2025	2025.7288	MED	WEBSITE						MED			AGR	FARMER						AGR			1	010	010	01	1	0.0	5	1	5	3.24543610547667	4	Nellore, Andhra Pradesh, India	IN	IN02	17561	14.4333	79.9667	-2106053	4	Nellore, Andhra Pradesh, India	IN	IN02	17561	14.4333	79.9667	-2106053	4	Nellore, Andhra Pradesh, India	IN	IN02	17561	14.4333	79.9667	-2106053	20250926051500	https://www.indiancooperative.com/from-states/kribhco-holds-45th-agm-reports-rs-693-cr-profit-declares-20-dividend/
1265302094	20250926	202509	2025	2025.7288	MED	WEBSITE						MED			AGR	FARMER						AGR			1	010	010	01	1	0.0	3	1	3	3.24543610547667	4	Shahjahanpur, Uttar Pradesh, India	IN	IN36	17937	27.8833	79.9167	-2110876	4	Shahjahanpur, Uttar Pradesh, India	IN	IN36	17937	27.8833	79.9167	-2110876	4	Shahjahanpur, Uttar Pradesh, India	IN	IN36	17937	27.8833	79.9167	-2110876	20250926051500	https://www.indiancooperative.com/from-states/kribhco-holds-45th-agm-reports-rs-693-cr-profit-declares-20-dividend/
1265302095	20250926	202509	2025	2025.7288	MED	JOURNALIST						MED			CAN	ALBERTA	CAN								0	016	016	01	1	-2.0	3	1	3	-5.52631578947369	4	Suhum, Ghana (general), Ghana	GH	GH00	16572	6.53333	-1.06667	-2079009	4	Suhum, Ghana (general), Ghana	GH	GH00	16572	6.53333	-1.06667	-2079009	4	Suhum, Ghana (general), Ghana	GH	GH00	16572	6.53333	-1.06667	-2079009	20250926051500	https://www.ghanaweb.com/GhanaHomePage/crime/Queenmother-seeks-justice-for-late-daughter-and-grandchildren-allegedly-Murdered-in-Tuba-2002365
1265302096	20250926	202509	2025	2025.7288	MED	JOURNALIST						MED			GHA	GHANA	GHA								0	016	016	01	1	-2.0	3	1	3	-5.52631578947369	4	Suhum, Ghana (general), Ghana	GH	GH00	16572	6.53333	-1.06667	-2079009	4	Suhum, Ghana (general), Ghana	GH	GH00	16572	6.53333	-1.06667	-2079009	4	Suhum, Ghana (general), Ghana	GH	GH00	16572	6.53333	-1.06667	-2079009	20250926051500	https://www.ghanaweb.com/GhanaHomePage/crime/Queenmother-seeks-justice-for-late-daughter-and-grandchildren-allegedly-Murdered-in-Tuba-2002365
1265302097	20250926	202509	2025	2025.7288	MED	MEDIA						MED			NGOHRIMED	REPORTERS WITHOUT BORDERS						NGO	HRI	MED	0	0841	084	08	2	7.0	5	1	5	-0.4524886877828	4	Maseru, Maseru, Lesotho	LT	LT14	18925	-29.3167	27.4833	-1405824	4	Maseru, Maseru, Lesotho	LT	LT14	18925	-29.3167	27.4833	-1405824	4	Maseru, Maseru, Lesotho	LT	LT14	18925	-29.3167	27.4833	-1405824	20250926051500	https://allafrica.com/stories/202509260004.html
1265302098	20250926	202509	2025	2025.7288	MED	MEDIA						MED			NZL	NEW ZEALAND	NZL								0	051	051	05	1	3.4	4	1	4	-0.57106598984772	5	Auckland, Auckland, New Zealand	NZ	NZE7	22379	-36.75	174.583	11483124	5	Auckland, Auckland, New Zealand	NZ	NZE7	22379	-36.75	174.583	11483124	5	Auckland, Auckland, New Zealand	NZ	NZE7	22379	-36.75	174.583	11483124	20250926051500	https://www.nzherald.co.nz/business/talleys-defamation-trial-mike-bush-tells-court-he-is-far-too-experienced-to-purely-defer-to-other-peoples-views/5T2ASQU5PJALZDI5LOVJDO2SXI/
1265302099	20250926	202509	2025	2025.7288	MED	JOURNALIST						MED			USA	UNITED STATES	USA								1	046	046	04	1	7.0	4	1	4	-2.18068535825545	2	Oklahoma, United States	US	USOK		35.5376	-96.9247	OK	2	Oklahoma, United States	US	USOK		35.5376	-96.9247	OK	2	Oklahoma, United States	US	USOK		35.5376	-96.9247	OK	20250926051500	http://www.news9.com/story/68d5e72351db8cb9d28e7da9/questions-remain-after-ryan-walters-announces-resignation
1265302100	20250926	202509	2025	2025.7288	MED	MEDIA						MED			USA	UNITED STATES	USA								1	090	090	09	2	-2.0	4	1	4	-2.18068535825545	2	Oklahoma, United States	US	USOK		35.5376	-96.9247	OK	2	Oklahoma, United States	US	USOK		35.5376	-96.9247	OK	2	Oklahoma, United States	US	USOK		35.5376	-96.9247	OK	20250926051500	http://www.news9.com/story/68d5e72351db8cb9d28e7da9/questions-remain-after-ryan-walters-announces-resignation
1265302101	20250926	202509	2025	2025.7288	MHL	MARSHALL ISLANDS	MHL								TUR	TURKIYE	TUR								0	012	012	01	1	-0.4	4	1	4	-0.18796992481203	1	Marshall Islands	RM	RM		10	167	RM	1	Marshall Islands	RM	RM		10	167	RM	1	Marshall Islands	RM	RM		10	167	RM	20250926051500	https://www.pressreleasepoint.com/un-climate-summit-shows-countries-still-moving-pledges-fall-dangerously-short-keeping-15c-alive
1265302102	20250926	202509	2025	2025.7288	MIL	CARRIER						MIL			GOV	ADMINISTRATION						GOV			0	090	090	09	2	-2.0	10	1	10	-6.63856691253951	2	California, United States	US	USCA		36.17	-119.746	CA	2	California, United States	US	USCA		36.17	-119.746	CA	2	California, United States	US	USCA		36.17	-119.746	CA	20250926051500	https://economictimes.indiatimes.com/nri/latest-updates/indian-who-arrived-in-us-illegally-arrested-for-causing-multi-vehicle-crash-in-california/articleshow/124143203.cms
1265302103	20250926	202509	2025	2025.7288	MIL	MILITARY						MIL			PRKBUS	NORTH KOREAN	PRK					BUS			1	130	130	13	3	-4.4	6	1	3	-7.09219858156028	1	North Korea	KN	KN		40	127	KN	1	North Korea	KN	KN		40	127	KN	1	North Korea	KN	KN		40	127	KN	20250926051500	https://www.nknews.org/2025/09/rok-fires-warning-shots-after-north-korean-merchant-ship-crosses-sea-border/
1265302104	20250926	202509	2025	2025.7288	MIL	MILITARY						MIL			PRKBUS	NORTH KOREAN	PRK					BUS			1	138	138	13	3	-7.0	6	1	3	-7.09219858156028	1	North Korea	KN	KN		40	127	KN	1	North Korea	KN	KN		40	127	KN	1	North Korea	KN	KN		40	127	KN	20250926051500	https://www.nknews.org/2025/09/rok-fires-warning-shots-after-north-korean-merchant-ship-crosses-sea-border/
1265302105	20250926	202509	2025	2025.7288	MIL	MILITARY						MIL			PRKBUS	NORTH KOREAN	PRK					BUS			1	193	193	19	4	-10.0	6	1	3	-7.09219858156028	1	North Korea	KN	KN		40	127	KN	1	North Korea	KN	KN		40	127	KN	1	North Korea	KN	KN		40	127	KN	20250926051500	https://www.nknews.org/2025/09/rok-fires-warning-shots-after-north-korean-merchant-ship-crosses-sea-border/
1265302106	20250926	202509	2025	2025.7288	MIL	FIGHTER JET						MIL			TUR	TURKEY	TUR								1	160	160	16	4	-4.0	4	1	4	-3.0716723549488	4	Ankara, Ankara, Turkey	TU	TU68	27516	39.9272	32.8644	-735338	4	Ankara, Ankara, Turkey	TU	TU68	27516	39.9272	32.8644	-735338	4	Ankara, Ankara, Turkey	TU	TU68	27516	39.9272	32.8644	-735338	20250926051500	http://www.bgnes.com/politics/trump-urges-erdogan-to-stop-buying-russian-oil
1265302107	20250926	202509	2025	2025.7288	MIL	FIGHTER JET						MIL			TUR	TURKEY	TUR								1	160	160	16	4	-4.0	2	1	2	-3.0716723549488	4	Ankara, Ankara, Turkey	TU	TU68	27516	39.9272	32.8644	-735338	4	Ankara, Ankara, Turkey	TU	TU68	27516	39.9272	32.8644	-735338	3	Washington, District of Columbia, United States	US	USDC	DC001	38.8951	-77.0364	531871	20250926051500	http://www.bgnes.com/politics/trump-urges-erdogan-to-stop-buying-russian-oil
1265302108	20250926	202509	2025	2025.7288	MIL	FIGHTER JET						MIL			TUR	TURKEY	TUR								1	160	160	16	4	-4.0	2	1	2	-3.0716723549488	4	Ankara, Ankara, Turkey	TU	TU68	27516	39.9272	32.8644	-735338	3	Washington, District of Columbia, United States	US	USDC	DC001	38.8951	-77.0364	531871	3	Washington, District of Columbia, United States	US	USDC	DC001	38.8951	-77.0364	531871	20250926051500	http://www.bgnes.com/politics/trump-urges-erdogan-to-stop-buying-russian-oil
1265302109	20250926	202509	2025	2025.7288	MIL	FIGHTER JET						MIL			TUR	TURKEY	TUR								1	160	160	16	4	-4.0	2	1	2	-3.0716723549488	3	White House, District of Columbia, United States	US	USDC		38.8951	-77.0364	531871	3	White House, District of Columbia, United States	US	USDC		38.8951	-77.0364	531871	3	White House, District of Columbia, United States	US	USDC		38.8951	-77.0364	531871	20250926051500	http://www.bgnes.com/politics/trump-urges-erdogan-to-stop-buying-russian-oil
1265302110	20250926	202509	2025	2025.7288	MILJUD	MILITARY JUDGE						MIL	JUD												1	110	110	11	3	-2.0	2	1	2	-12.7659574468085	3	Nellis Air Force Base, Nevada, United States	US	USNV	NV003	36.2369	-115.033	2443876	0								3	Nellis Air Force Base, Nevada, United States	US	USNV		36.2369	-115.033	2443876	20250926051500	https://www.reviewjournal.com/crime/courts/nellis-air-force-officer-sentenced-for-sexually-assaulting-child-3465722/
1265302111	20250926	202509	2025	2025.7288	MILJUD	MILITARY JUDGE						MIL	JUD												1	110	110	11	3	-2.0	3	1	3	-12.7659574468085	3	Las Vegas, Nevada, United States	US	USNV	NV003	36.175	-115.137	847388	0								3	Las Vegas, Nevada, United States	US	USNV		36.175	-115.137	847388	20250926051500	https://www.reviewjournal.com/crime/courts/nellis-air-force-officer-sentenced-for-sexually-assaulting-child-3465722/
1265302112	20250926	202509	2025	2025.7288	MNCCAN	TESCO	CAN					MNC			MED	WEBSITE						MED			0	071	071	07	2	7.4	10	1	10	6.97674418604651	0								0								0								20250926051500	https://www.lancashiretelegraph.co.uk/news/25495245.burnley-homelessness-project-wins-tesco-funding-boost/
1265302113	20250926	202509	2025	2025.7288	MNCIRL	RYANAIR	IRL					MNC			MNCUSA	BOEING	USA					MNC			1	042	042	04	1	1.9	10	1	10	-1	0								0								0								20250926051500	https://www.travelextra.ie/michael-oleary/
1265302114	20250926	202509	2025	2025.7288	MNCUSA	BOEING	USA					MNC			MNCIRL	RYANAIR	IRL					MNC			1	043	043	04	1	2.8	10	1	10	-1	0								0								0								20250926051500	https://www.travelextra.ie/michael-oleary/
1265302115	20250926	202509	2025	2025.7288	MNCUSA	BOEING	USA					MNC			TURBUS	TURKISH	TUR					BUS			1	046	046	04	1	7.0	3	1	3	3.00429184549357	4	Istanbul, Istanbul, Turkey	TU	TU34	27897	41.0186	28.9647	-755070	4	Istanbul, Istanbul, Turkey	TU	TU34	27897	41.0186	28.9647	-755070	4	Istanbul, Istanbul, Turkey	TU	TU34	27897	41.0186	28.9647	-755070	20250926051500	https://www.marketscreener.com/news/turkish-airlines-agrees-to-buy-225-boeing-planes-subject-to-engine-talks-ce7d58d3dc8df12c
1265302116	20250926	202509	2025	2025.7288	MNCUSA	BOEING	USA					MNC			TURBUS	TURKISH	TUR					BUS			1	050	050	05	1	3.5	3	1	3	3.00429184549357	4	Istanbul, Istanbul, Turkey	TU	TU34	27897	41.0186	28.9647	-755070	4	Istanbul, Istanbul, Turkey	TU	TU34	27897	41.0186	28.9647	-755070	4	Istanbul, Istanbul, Turkey	TU	TU34	27897	41.0186	28.9647	-755070	20250926051500	https://www.marketscreener.com/news/turkish-airlines-agrees-to-buy-225-boeing-planes-subject-to-engine-talks-ce7d58d3dc8df12c
1265302117	20250926	202509	2025	2025.7288	MNCUSAMED	GOOGLE	USA					MNC	MED		BUS	BUSINESS						BUS			1	010	010	01	1	0.0	10	1	10	-4.90909090909091	0								0								0								20250926051500	https://www.fonearena.com/blog/465427/apple-google-warn-dma-fallout-eu.html
1265302118	20250926	202509	2025	2025.7288	MOS	MUSLIM				MOS															0	036	036	03	1	4.0	1	1	1	-4.67005076142132	4	Ayodhya, Uttar Pradesh, India	IN	IN36	17913	26.8	82.2	-2089412	0								4	Ayodhya, Uttar Pradesh, India	IN	IN36	17913	26.8	82.2	-2089412	20250926051500	https://indianexpress.com/article/live-news/top-news-today-briefing-10272048/
1265302119	20250926	202509	2025	2025.7288	MOS	MUSLIM				MOS															0	036	036	03	1	4.0	1	1	1	-4.67005076142132	4	Babri, North-West Frontier, Pakistan	PK	PK03	23668	32.9845	71.1714	155324	0								4	Ayodhya, Uttar Pradesh, India	IN	IN36	17913	26.8	82.2	-2089412	20250926051500	https://indianexpress.com/article/live-news/top-news-today-briefing-10272048/
1265302120	20250926	202509	2025	2025.7288	MOS	MUSLIM				MOS															0	036	036	03	1	4.0	3	1	3	-4.67005076142132	4	Babri, North-West Frontier, Pakistan	PK	PK03	23668	32.9845	71.1714	155324	0								4	Babri, North-West Frontier, Pakistan	PK	PK03	23668	32.9845	71.1714	155324	20250926051500	https://indianexpress.com/article/live-news/top-news-today-briefing-10272048/
1265302121	20250926	202509	2025	2025.7288	MOS	ISLAM				MOS					BUS	INDUSTRY						BUS			1	010	010	01	1	0.0	8	1	8	2.23577235772358	1	Bangladesh	BG	BG		24	90	BG	1	Bangladesh	BG	BG		24	90	BG	1	Bangladesh	BG	BG		24	90	BG	20250926051500	https://www.dhakatribune.com/bangladesh/government-affairs/392478/prof-yunus-labour-reforms-crucial-in-attracting
1265302122	20250926	202509	2025	2025.7288	NGA	NIGERIA	NGA																		1	020	020	02	1	3.0	4	1	4	0.71428571428572	4	Abuja, Abuja Federal Capital Territory, Nigeria	NI	NI11	191147	9.08333	7.53333	-1997013	0								4	Abuja, Abuja Federal Capital Territory, Nigeria	NI	NI11	191147	9.08333	7.53333	-1997013	20250926051500	https://allafrica.com/stories/202509260015.html
1265302123	20250926	202509	2025	2025.7288	NGOUSAJEW	AMIT	USA			JEW		NGO													1	012	012	01	1	-0.4	5	1	5	-4.12698412698413	5	Kerala, Kerala, India	IN	IN13	17699	10	76.5	-2100307	0								5	Kerala, Kerala, India	IN	IN13	17699	10	76.5	-2100307	20250926051500	https://english.mathrubhumi.com/news/india/operation-numkhor-west-bengals-jaigaon-identified-as-key-hub-in-vehicle-smuggling-from-bhutan-to-kerala-sls89t2u
1265302124	20250926	202509	2025	2025.7288	NMR	NORTH AMERICA	NMR																		1	010	010	01	1	0.0	2	1	2	-3.26460481099657	1	United States	US	US		39.828175	-98.5795	US	0								1	United States	US	US		39.828175	-98.5795	US	20250926051500	https://www.dailyfreeman.com/2025/09/26/alexandra-paskhaver-history-rules/
1265302125	20250926	202509	2025	2025.7288	NMR	NORTH AMERICA	NMR								USA	UNITED STATES	USA								1	010	010	01	1	0.0	4	1	4	-3.26460481099657	1	United States	US	US		39.828175	-98.5795	US	1	United States	US	US		39.828175	-98.5795	US	1	United States	US	US		39.828175	-98.5795	US	20250926051500	https://www.dailyfreeman.com/2025/09/26/alexandra-paskhaver-history-rules/
1265302126	20250926	202509	2025	2025.7288	NZL	NEW ZEALAND	NZL																		1	020	020	02	1	3.0	14	1	10	-0.96618357487923	4	Bay Of Islands, New Zealand (general), New Zealand	NZ	NZ00	22385	-35.2	174.167	-1511197	0								4	Bay Of Islands, New Zealand (general), New Zealand	NZ	NZ00	22385	-35.2	174.167	-1511197	20250926051500	https://www.nzherald.co.nz/nz/health-new-zealand-urges-caution-after-measles-case-located-in-bay-of-islands/56NAQ53P2NDWZIM53Z3ROZTCSM/
1265302127	20250926	202509	2025	2025.7288	NZL	NEW ZEALAND	NZL																		1	020	020	02	1	3.0	6	1	6	-0.96618357487923	4	Te Whatu, New Zealand (general), New Zealand	NZ	NZ00	22385	-34.9167	173.55	-1519582	0								4	Bay Of Islands, New Zealand (general), New Zealand	NZ	NZ00	22385	-35.2	174.167	-1511197	20250926051500	https://www.nzherald.co.nz/nz/health-new-zealand-urges-caution-after-measles-case-located-in-bay-of-islands/56NAQ53P2NDWZIM53Z3ROZTCSM/
1265302128	20250926	202509	2025	2025.7288	NZL	NEW ZEALAND	NZL																		0	0214	021	02	1	3.4	4	1	4	-0.57106598984772	5	Auckland, Auckland, New Zealand	NZ	NZE7	22379	-36.75	174.583	11483124	0								5	Auckland, Auckland, New Zealand	NZ	NZE7	22379	-36.75	174.583	11483124	20250926051500	https://www.nzherald.co.nz/business/talleys-defamation-trial-mike-bush-tells-court-he-is-far-too-experienced-to-purely-defer-to-other-peoples-views/5T2ASQU5PJALZDI5LOVJDO2SXI/
1265302129	20250926	202509	2025	2025.7288	NZL	NEW ZEALAND	NZL																		0	036	036	03	1	4.0	2	1	2	-0.57106598984772	5	Auckland, Auckland, New Zealand	NZ	NZE7	22379	-36.75	174.583	11483124	0								5	Auckland, Auckland, New Zealand	NZ	NZE7	22379	-36.75	174.583	11483124	20250926051500	https://www.nzherald.co.nz/business/talleys-defamation-trial-mike-bush-tells-court-he-is-far-too-experienced-to-purely-defer-to-other-peoples-views/5T2ASQU5PJALZDI5LOVJDO2SXI/
1265302130	20250926	202509	2025	2025.7288	NZL	NEW ZEALAND	NZL																		0	040	040	04	1	1.0	4	1	4	-0.57106598984772	5	Auckland, Auckland, New Zealand	NZ	NZE7	22379	-36.75	174.583	11483124	0								5	Auckland, Auckland, New Zealand	NZ	NZE7	22379	-36.75	174.583	11483124	20250926051500	https://www.nzherald.co.nz/business/talleys-defamation-trial-mike-bush-tells-court-he-is-far-too-experienced-to-purely-defer-to-other-peoples-views/5T2ASQU5PJALZDI5LOVJDO2SXI/
1265302131	20250926	202509	2025	2025.7288	NZL	NEW ZEALAND	NZL																		1	090	090	09	2	-2.0	2	1	2	-0.96618357487923	4	Bay Of Islands, New Zealand (general), New Zealand	NZ	NZ00	22385	-35.2	174.167	-1511197	0								4	Bay Of Islands, New Zealand (general), New Zealand	NZ	NZ00	22385	-35.2	174.167	-1511197	20250926051500	https://www.nzherald.co.nz/nz/health-new-zealand-urges-caution-after-measles-case-located-in-bay-of-islands/56NAQ53P2NDWZIM53Z3ROZTCSM/
1265302132	20250926	202509	2025	2025.7288	NZL	NEW ZEALAND	NZL																		1	090	090	09	2	-2.0	6	1	6	-0.96618357487923	4	Te Whatu, New Zealand (general), New Zealand	NZ	NZ00	22385	-34.9167	173.55	-1519582	0								4	Bay Of Islands, New Zealand (general), New Zealand	NZ	NZ00	22385	-35.2	174.167	-1511197	20250926051500	https://www.nzherald.co.nz/nz/health-new-zealand-urges-caution-after-measles-case-located-in-bay-of-islands/56NAQ53P2NDWZIM53Z3ROZTCSM/
1265302133	20250926	202509	2025	2025.7288	NZL	NEW ZEALAND	NZL																		1	130	130	13	3	-4.4	10	1	10	-0.96618357487923	4	Bay Of Islands, New Zealand (general), New Zealand	NZ	NZ00	22385	-35.2	174.167	-1511197	0								4	Bay Of Islands, New Zealand (general), New Zealand	NZ	NZ00	22385	-35.2	174.167	-1511197	20250926051500	https://www.nzherald.co.nz/nz/health-new-zealand-urges-caution-after-measles-case-located-in-bay-of-islands/56NAQ53P2NDWZIM53Z3ROZTCSM/
1265302134	20250926	202509	2025	2025.7288	NZL	NEW ZEALAND	NZL								CVL	VOTER						CVL			0	130	130	13	3	-4.4	2	1	2	0	1	New Zealand	NZ	NZ		-42	174	NZ	1	New Zealand	NZ	NZ		-42	174	NZ	1	New Zealand	NZ	NZ		-42	174	NZ	20250926051500	https://www.indianweekender.co.nz/news/pm-luxon-calls-nz-vote-count-the-slowest-on-the-planet
1265302135	20250926	202509	2025	2025.7288	NZL	NEW ZEALAND	NZL								GOV	GOVERNMENT						GOV			0	112	112	11	3	-2.0	4	1	4	0	1	New Zealand	NZ	NZ		-42	174	NZ	1	New Zealand	NZ	NZ		-42	174	NZ	1	New Zealand	NZ	NZ		-42	174	NZ	20250926051500	https://www.indianweekender.co.nz/news/pm-luxon-calls-nz-vote-count-the-slowest-on-the-planet
1265302136	20250926	202509	2025	2025.7288	NZL	NEW ZEALAND	NZL								JUD	HIGH COURT						JUD			1	013	013	01	1	0.4	3	1	3	-0.57106598984772	5	Auckland, Auckland, New Zealand	NZ	NZE7	22379	-36.75	174.583	11483124	5	Auckland, Auckland, New Zealand	NZ	NZE7	22379	-36.75	174.583	11483124	5	Auckland, Auckland, New Zealand	NZ	NZE7	22379	-36.75	174.583	11483124	20250926051500	https://www.nzherald.co.nz/business/talleys-defamation-trial-mike-bush-tells-court-he-is-far-too-experienced-to-purely-defer-to-other-peoples-views/5T2ASQU5PJALZDI5LOVJDO2SXI/
1265302137	20250926	202509	2025	2025.7288	NZLEDU	AUCKLAND	NZL					EDU			GOV	CHANCELLOR						GOV			1	020	020	02	1	3.0	10	1	10	0.50761421319797	0								0								0								20250926051500	https://www.nzherald.co.nz/kahu/auckland-university-vice-chancellor-dawn-freshwater-recommends-controversial-waipapa-taumata-rau-course-be-made-optional/NXJCH56KPJDNNBVTXDDN2O7ZRM/
1265302138	20250926	202509	2025	2025.7288	NZLGOV	NEW ZEALAND	NZL					GOV													0	071	071	07	2	7.4	2	1	2	0	1	New Zealand	NZ	NZ		-42	174	NZ	0								1	New Zealand	NZ	NZ		-42	174	NZ	20250926051500	https://www.indianweekender.co.nz/news/pm-luxon-calls-nz-vote-count-the-slowest-on-the-planet
1265302139	20250926	202509	2025	2025.7288	OPP	PRISONER						OPP													0	080	080	08	2	5.0	5	1	5	-1.34932533733133	0								0								0								20250926051500	https://www.thenational.com.pg/how-rev-moel-began-work-in-prison-cells/
1265302140	20250926	202509	2025	2025.7288	OPP	RIOTER						OPP			COP	POLICE						COP			0	173	173	17	4	-5.0	1	1	1	-4.67005076142132	4	Ayodhya, Uttar Pradesh, India	IN	IN36	17913	26.8	82.2	-2089412	4	Ayodhya, Uttar Pradesh, India	IN	IN36	17913	26.8	82.2	-2089412	4	Ayodhya, Uttar Pradesh, India	IN	IN36	17913	26.8	82.2	-2089412	20250926051500	https://indianexpress.com/article/live-news/top-news-today-briefing-10272048/
1265302141	20250926	202509	2025	2025.7288	OPP	RIOTER						OPP			COP	POLICE						COP			0	173	173	17	4	-5.0	6	1	6	-4.67005076142132	4	Delhi, Delhi, India	IN	IN07	17911	28.6667	77.2167	-2094230	4	Delhi, Delhi, India	IN	IN07	17911	28.6667	77.2167	-2094230	4	Delhi, Delhi, India	IN	IN07	17911	28.6667	77.2167	-2094230	20250926051500	https://indianexpress.com/article/live-news/top-news-today-briefing-10272048/
1265302142	20250926	202509	2025	2025.7288	OPP	RIOTER						OPP			COP	POLICE						COP			0	173	173	17	4	-5.0	2	1	2	-4.67005076142132	4	Ladakh, Jammu and Kashmir, India	IN	IN12	72785	34.5	77.5	-2102224	4	Delhi, Delhi, India	IN	IN07	17911	28.6667	77.2167	-2094230	4	Delhi, Delhi, India	IN	IN07	17911	28.6667	77.2167	-2094230	20250926051500	https://indianexpress.com/article/live-news/top-news-today-briefing-10272048/
1265302143	20250926	202509	2025	2025.7288	OPP	RIOTER						OPP			COP	POLICE						COP			0	173	173	17	4	-5.0	1	1	1	-4.67005076142132	4	Khan Ba, Khabarovskiy Kray, Russia	RS	RS30	25092	61.2833	140.017	-2924450	4	Khan Ba, Khabarovskiy Kray, Russia	RS	RS30	25092	61.2833	140.017	-2924450	4	Khan Ba, Khabarovskiy Kray, Russia	RS	RS30	25092	61.2833	140.017	-2924450	20250926051500	https://indianexpress.com/article/live-news/top-news-today-briefing-10272048/
1265302144	20250926	202509	2025	2025.7288	OPP	ACTIVIST						OPP			ISR	ISRAEL	ISR								1	020	020	02	1	3.0	2	1	2	0	4	Gaza, Israel (general), Israel	IS	IS00	18315	31.4167	34.3333	-797156	4	Gaza, Israel (general), Israel	IS	IS00	18315	31.4167	34.3333	-797156	4	Gaza, Israel (general), Israel	IS	IS00	18315	31.4167	34.3333	-797156	20250926051500	https://13wham.com/news/local/congressman-joe-morelle-hosts-town-hall-for-constituents
1265302145	20250926	202509	2025	2025.7288	PAK	PAKISTAN	PAK																		1	114	114	11	3	-2.0	1	1	1	-4.67005076142132	4	Ayodhya, Uttar Pradesh, India	IN	IN36	17913	26.8	82.2	-2089412	0								4	Ayodhya, Uttar Pradesh, India	IN	IN36	17913	26.8	82.2	-2089412	20250926051500	https://indianexpress.com/article/live-news/top-news-today-briefing-10272048/
1265302146	20250926	202509	2025	2025.7288	PAK	PAKISTAN	PAK																		1	114	114	11	3	-2.0	7	1	7	-4.67005076142132	4	Khan Ba, Khabarovskiy Kray, Russia	RS	RS30	25092	61.2833	140.017	-2924450	0								4	Khan Ba, Khabarovskiy Kray, Russia	RS	RS30	25092	61.2833	140.017	-2924450	20250926051500	https://indianexpress.com/article/live-news/top-news-today-briefing-10272048/
1265302147	20250926	202509	2025	2025.7288	PHL	PHILIPPINE	PHL																		0	010	010	01	1	0.0	6	2	6	-10.3078358208955	4	Bicol, Camarines Sur, Philippines	RP	RP16	24242	13.3594	123.337	10747321	0								4	Masbate, Masbate City, Philippines	RP	RPL1	24244	12.3687	123.622	-2438857	20250926051500	https://www.ibtimes.com/400000-evacuated-3-dead-fresh-storm-batters-philippines-3784517
1265302148	20250926	202509	2025	2025.7288	PHL	PHILIPPINE	PHL																		0	010	010	01	1	0.0	2	2	2	-10.3078358208955	4	Bicol, Camarines Sur, Philippines	RP	RP16	24242	13.3594	123.337	10747321	0								4	Bicol, Camarines Sur, Philippines	RP	RP16	24242	13.3594	123.337	10747321	20250926051500	https://www.ibtimes.com/400000-evacuated-3-dead-fresh-storm-batters-philippines-3784517
1265302149	20250926	202509	2025	2025.7288	PHL	PHILIPPINE	PHL								CVL	ENGINEER						CVL			1	010	010	01	1	0.0	6	2	6	-10.3078358208955	4	Visayas, Philippines (general), Philippines	RP	RP00	24253	11	123.5	-2459959	4	Visayas, Philippines (general), Philippines	RP	RP00	24253	11	123.5	-2459959	4	Visayas, Philippines (general), Philippines	RP	RP00	24253	11	123.5	-2459959	20250926051500	https://www.ibtimes.com/400000-evacuated-3-dead-fresh-storm-batters-philippines-3784517
1265302150	20250926	202509	2025	2025.7288	PNG	BOUGAINVILLE	PNG																		1	010	010	01	1	0.0	7	1	7	-0.465116279069765	4	Bougainville, Bougainville, Papua New Guinea	PP	PP07	18585	-6.24456	155.384	-2186459	0								4	Bougainville, Bougainville, Papua New Guinea	PP	PP07	18585	-6.24456	155.384	-2186459	20250926051500	https://www.thenational.com.pg/toroama-front-runner-in-abg-polls/
1265302151	20250926	202509	2025	2025.7288	PNG	PAPUA NEW GUINEA	PNG																		0	010	010	01	1	0.0	4	1	4	3.74149659863946	1	Papua New Guinea	PP	PP		-6	147	PP	0								1	Papua New Guinea	PP	PP		-6	147	PP	20250926051500	https://www.postcourier.com.pg/prime-minister-marape-urges-europe-to-strengthen-trade-with-pacific/
1265302152	20250926	202509	2025	2025.7288	PNG	PAPUA NEW GUINEA	PNG																		1	051	051	05	1	3.4	4	1	4	-0.485436893203883	4	Telefomin, Sandaun, Papua New Guinea	PP	PP18	18585	-5.13333	141.583	-2201315	0								4	Telefomin, Sandaun, Papua New Guinea	PP	PP18	18585	-5.13333	141.583	-2201315	20250926051500	https://www.thenational.com.pg/telefomin-coffee-to-enter-stores-soon/
1265302153	20250926	202509	2025	2025.7288	PNG	PAPUA NEW GUINEA	PNG																		1	173	173	17	4	-5.0	2	1	2	-1.48514851485149	4	Wapenamanda, Enga, Papua New Guinea	PP	PP19	18585	-5.6265	143.911	-2203188	0								4	Wapenamanda, Enga, Papua New Guinea	PP	PP19	18585	-5.6265	143.911	-2203188	20250926051500	https://www.postcourier.com.pg/law-society-backs-court-action-in-enga/
1265302154	20250926	202509	2025	2025.7288	PNG	PAPUA NEW GUINEA	PNG								GOV	GOVERNMENT						GOV			1	051	051	05	1	3.4	4	1	4	3.18181818181818	4	Port Moresby, National Capital, Papua New Guinea	PP	PP20	18585	-9.46472	147.193	-2198538	4	Port Moresby, National Capital, Papua New Guinea	PP	PP20	18585	-9.46472	147.193	-2198538	4	Port Moresby, National Capital, Papua New Guinea	PP	PP20	18585	-9.46472	147.193	-2198538	20250926051500	https://www.thenational.com.pg/minister-welcomes-sinopec-decision-to-start-drilling/
1265302155	20250926	202509	2025	2025.7288	PNG	PAPUA NEW GUINEA	PNG								MDV	MALE	MDV								1	051	051	05	1	3.4	3	1	3	-1.38888888888889	1	Papua New Guinea	PP	PP		-6	147	PP	1	Papua New Guinea	PP	PP		-6	147	PP	1	Papua New Guinea	PP	PP		-6	147	PP	20250926051500	https://www.thenational.com.pg/private-companies-netball-sets-stage-for-trials/
1265302156	20250926	202509	2025	2025.7288	PNGGOV	PAPUA NEW GUINEA	PNG					GOV													1	030	030	03	1	4.0	1	1	1	3.74149659863946	1	Papua New Guinea	PP	PP		-6	147	PP	0								1	Papua New Guinea	PP	PP		-6	147	PP	20250926051500	https://www.postcourier.com.pg/prime-minister-marape-urges-europe-to-strengthen-trade-with-pacific/
1265302157	20250926	202509	2025	2025.7288	PNGGOV	PAPUA NEW GUINEA	PNG					GOV			EUR	EUROPE	EUR								1	020	020	02	1	3.0	2	1	2	3.74149659863946	1	Papua New Guinea	PP	PP		-6	147	PP	1	Papua New Guinea	PP	PP		-6	147	PP	1	Papua New Guinea	PP	PP		-6	147	PP	20250926051500	https://www.postcourier.com.pg/prime-minister-marape-urges-europe-to-strengthen-trade-with-pacific/
1265302158	20250926	202509	2025	2025.7288	PNGGOV	PAPUA NEW GUINEA	PNG					GOV			PNG	PAPUA NEW GUINEA	PNG								1	051	051	05	1	3.4	2	1	2	3.18181818181818	4	Port Moresby, National Capital, Papua New Guinea	PP	PP20	18585	-9.46472	147.193	-2198538	4	Port Moresby, National Capital, Papua New Guinea	PP	PP20	18585	-9.46472	147.193	-2198538	4	Port Moresby, National Capital, Papua New Guinea	PP	PP20	18585	-9.46472	147.193	-2198538	20250926051500	https://www.thenational.com.pg/minister-welcomes-sinopec-decision-to-start-drilling/
1265302159	20250926	202509	2025	2025.7288	POLGOV	POLISH	POL					GOV			EUR	EUROPEAN	EUR								1	010	010	01	1	0.0	6	1	6	-2.02020202020202	1	Poland	PL	PL		52	20	PL	1	Poland	PL	PL		52	20	PL	1	Poland	PL	PL		52	20	PL	20250926051500	https://www.washingtonexaminer.com/live-blog/2025-united-nations-general-assembly-world-leaders-live-coverage/page/4/
1265302160	20250926	202509	2025	2025.7288	PRTELI	ANTONIO GUTERRES	PRT					ELI			ETH	ADDIS ABABA	ETH								1	042	042	04	1	1.9	10	1	10	4.54545454545454	1	Ethiopia	ET	ET		8	38	ET	1	Ethiopia	ET	ET		8	38	ET	1	Ethiopia	ET	ET		8	38	ET	20250926051500	https://allafrica.com/stories/202509260017.html
1265302161	20250926	202509	2025	2025.7288	PSE	WEST BANK	PSE								LEG	REPRESENTATIVES						LEG			0	040	040	04	1	1.0	2	1	2	-2.43572395128552	1	West Bank	WE	WE		31.666667	35.25	WE	1	Qatar	QA	QA		25.5	51.25	QA	1	Qatar	QA	QA		25.5	51.25	QA	20250926051500	https://cyprus-mail.com/2025/09/26/time-to-stop-trump-vows-israel-will-not-annex-west-bank
1265302162	20250926	202509	2025	2025.7288	REL	ABBOT									EDU	SCHOOL						EDU			1	070	070	07	2	7.0	10	1	10	3.55731225296442	0								0								0								20250926051500	https://www.abbynews.com/community/group-donates-care-packages-to-abbotsford-and-langley-animal-shelters-8271510
1265302163	20250926	202509	2025	2025.7288	RUS	RUSSIA	RUS								TUR	TURKEY	TUR								1	120	120	12	3	-4.0	1	1	1	-3.0716723549488	4	Moscow, Moskva, Russia	RS	RS48	25106	55.7522	37.6156	-2960561	4	Ankara, Ankara, Turkey	TU	TU68	27516	39.9272	32.8644	-735338	4	Ankara, Ankara, Turkey	TU	TU68	27516	39.9272	32.8644	-735338	20250926051500	http://www.bgnes.com/politics/trump-urges-erdogan-to-stop-buying-russian-oil
1265302164	20250926	202509	2025	2025.7288	RUS	RUSSIA	RUS								TUR	TURKEY	TUR								1	120	120	12	3	-4.0	1	1	1	-3.0716723549488	4	Ankara, Ankara, Turkey	TU	TU68	27516	39.9272	32.8644	-735338	4	Moscow, Moskva, Russia	RS	RS48	25106	55.7522	37.6156	-2960561	4	Moscow, Moskva, Russia	RS	RS48	25106	55.7522	37.6156	-2960561	20250926051500	http://www.bgnes.com/politics/trump-urges-erdogan-to-stop-buying-russian-oil
1265302165	20250926	202509	2025	2025.7288	RUS	RUSSIA	RUS								USA	UNITED STATES	USA								1	042	042	04	1	1.9	4	1	4	-3.0716723549488	4	Moscow, Moskva, Russia	RS	RS48	25106	55.7522	37.6156	-2960561	3	White House, District of Columbia, United States	US	USDC		38.8951	-77.0364	531871	3	White House, District of Columbia, United States	US	USDC		38.8951	-77.0364	531871	20250926051500	http://www.bgnes.com/politics/trump-urges-erdogan-to-stop-buying-russian-oil
1265302166	20250926	202509	2025	2025.7288	RUS	RUSSIAN	RUS								USAGOV	THE WHITE HOUSE	USA					GOV			1	042	042	04	1	1.9	4	1	4	-3.0716723549488	4	Moscow, Moskva, Russia	RS	RS48	25106	55.7522	37.6156	-2960561	3	White House, District of Columbia, United States	US	USDC		38.8951	-77.0364	531871	3	White House, District of Columbia, United States	US	USDC		38.8951	-77.0364	531871	20250926051500	http://www.bgnes.com/politics/trump-urges-erdogan-to-stop-buying-russian-oil
1265302167	20250926	202509	2025	2025.7288	RUS	RUSSIAN	RUS								USAGOV	THE WHITE HOUSE	USA					GOV			1	042	042	04	1	1.9	2	1	2	-3.0716723549488	4	Ankara, Ankara, Turkey	TU	TU68	27516	39.9272	32.8644	-735338	4	Ankara, Ankara, Turkey	TU	TU68	27516	39.9272	32.8644	-735338	3	White House, District of Columbia, United States	US	USDC		38.8951	-77.0364	531871	20250926051500	http://www.bgnes.com/politics/trump-urges-erdogan-to-stop-buying-russian-oil
1265302168	20250926	202509	2025	2025.7288	SGP	SINGAPORE	SGP																		1	012	012	01	1	-0.4	4	1	4	-6.25	4	Serangoon, Singapore (general), Singapore	SN	SN00	18585	1.36278	103.897	-73616	0								4	Serangoon, Singapore (general), Singapore	SN	SN00	18585	1.36278	103.897	-73616	20250926051500	https://www.deccanherald.com/world/pork-parcelled-and-sent-to-singapore-mosque-minister-k-shanmugam-condemns-act-probe-launched-3743612
1265302169	20250926	202509	2025	2025.7288	SGP	SINGAPORE	SGP								AUS	AUSTRALIA	AUS								0	090	090	09	2	-2.0	10	1	10	-1.93014705882353	1	Singapore	SN	SN		1.366667	103.8	SN	1	Australia	AS	AS		-25	135	AS	1	Australia	AS	AS		-25	135	AS	20250926051500	https://www.asiaone.com/lifestyle/are-singaporeans-prepared-end-life-care-nations-first-ever-death-literacy-index-reveals
1265302170	20250926	202509	2025	2025.7288	SGP	SINGAPORE	SGP								GBR	UNITED KINGDOM	GBR								0	090	090	09	2	-2.0	2	1	2	-1.93014705882353	1	Singapore	SN	SN		1.366667	103.8	SN	1	Australia	AS	AS		-25	135	AS	1	Australia	AS	AS		-25	135	AS	20250926051500	https://www.asiaone.com/lifestyle/are-singaporeans-prepared-end-life-care-nations-first-ever-death-literacy-index-reveals
1265302171	20250926	202509	2025	2025.7288	SGP	SINGAPORE	SGP								GBR	UNITED KINGDOM	GBR								0	090	090	09	2	-2.0	8	1	8	-1.93014705882353	1	Singapore	SN	SN		1.366667	103.8	SN	1	United Kingdom	UK	UK		54	-4	UK	1	Australia	AS	AS		-25	135	AS	20250926051500	https://www.asiaone.com/lifestyle/are-singaporeans-prepared-end-life-care-nations-first-ever-death-literacy-index-reveals
1265302172	20250926	202509	2025	2025.7288	SGP	SINGAPORE	SGP								JPN	JAPAN	JPN								1	043	043	04	1	2.8	1	1	1	1.775956284153	1	Singapore	SN	SN		1.366667	103.8	SN	1	Japan	JA	JA		36	138	JA	1	Singapore	SN	SN		1.366667	103.8	SN	20250926051500	https://www.prestigeonline.com/hk/jewellery/boucheron-presents-its-latest-high-jewellery-collection-impermanence/
1265302173	20250926	202509	2025	2025.7288	SGP	SINGAPORE	SGP								JPN	JAPAN	JPN								1	043	043	04	1	2.8	1	1	1	1.775956284153	1	Singapore	SN	SN		1.366667	103.8	SN	1	Singapore	SN	SN		1.366667	103.8	SN	1	Singapore	SN	SN		1.366667	103.8	SN	20250926051500	https://www.prestigeonline.com/hk/jewellery/boucheron-presents-its-latest-high-jewellery-collection-impermanence/
1265302174	20250926	202509	2025	2025.7288	SPY	INTELLIGENCE						SPY													1	020	020	02	1	3.0	1	1	1	3.71900826446281	4	Hanover, Niedersachsen, Germany	GM	GM06	40698	52.3667	9.71667	-1785903	0								4	Hanover, Niedersachsen, Germany	GM	GM06	40698	52.3667	9.71667	-1785903	20250926051500	http://en.ce.cn/main/latest/202509/t20250925_2488083.shtml
1265302175	20250926	202509	2025	2025.7288	SPY	INTELLIGENCE						SPY													1	020	020	02	1	3.0	3	1	3	3.71900826446281	4	Beidou, Anhui, China	CH	CH01	12998	31.0409	118.449	10555108	0								4	Beidou, Anhui, China	CH	CH01	12998	31.0409	118.449	10555108	20250926051500	http://en.ce.cn/main/latest/202509/t20250925_2488083.shtml
1265302176	20250926	202509	2025	2025.7288	SPY	INTELLIGENCE						SPY													1	020	020	02	1	3.0	1	1	1	3.71900826446281	4	Sichuan, Gansu, China	CH	CH15	13024	35.1221	105.48	10650455	0								4	Sichuan, Gansu, China	CH	CH15	13024	35.1221	105.48	10650455	20250926051500	http://en.ce.cn/main/latest/202509/t20250925_2488083.shtml
1265302177	20250926	202509	2025	2025.7288	SPY	INTELLIGENCE						SPY													1	128	128	12	3	-5.0	5	1	5	-4.31519699812382	4	Port Stephens, New South Wales, Australia	AS	AS02	5096	-32.7	152.083	-1602141	0								4	Port Stephens, New South Wales, Australia	AS	AS02	5096	-32.7	152.083	-1602141	20250926051500	https://www.portstephensexaminer.com.au/story/9075369/privacy-concerns-raised-over-unfair-ai-assisted-mobile-phone-and-seatbelt-camera-fines/
1265302178	20250926	202509	2025	2025.7288	SPY	INTELLIGENCE						SPY			AUS	QUEENSLAND	AUS								1	128	128	12	3	-5.0	5	1	5	-4.31519699812382	4	Port Stephens, New South Wales, Australia	AS	AS02	5096	-32.7	152.083	-1602141	4	Port Stephens, New South Wales, Australia	AS	AS02	5096	-32.7	152.083	-1602141	4	Port Stephens, New South Wales, Australia	AS	AS02	5096	-32.7	152.083	-1602141	20250926051500	https://www.portstephensexaminer.com.au/story/9075369/privacy-concerns-raised-over-unfair-ai-assisted-mobile-phone-and-seatbelt-camera-fines/
1265302179	20250926	202509	2025	2025.7288	SPY	OPERATIVE						SPY			BUS	BUSINESS						BUS			1	051	051	05	1	3.4	10	1	10	10.4651162790698	4	Vikhroli, Maharashtra, India	IN	IN16	70183	19.1	72.9167	-2114441	4	Vikhroli, Maharashtra, India	IN	IN16	70183	19.1	72.9167	-2114441	4	Vikhroli, Maharashtra, India	IN	IN16	70183	19.1	72.9167	-2114441	20250926051500	https://www.indiancooperative.com/co-op-news-snippets/dnyandeep-credit-society-achieves-rs-7025-cr-milestone/
1265302180	20250926	202509	2025	2025.7288	SPYGOVBUS	OPERATIVE						SPY	GOV	BUS											1	172	172	17	4	-5.0	3	1	3	-2.48756218905472	4	Guntur District, Andhra Pradesh, India	IN	IN02	17556	16.4167	80.25	-2096870	0								4	Guntur District, Andhra Pradesh, India	IN	IN02	17556	16.4167	80.25	-2096870	20250926051500	https://www.indiancooperative.com/co-op-news-snippets/rbi-imposes-penalties-on-five-co-op-banks-for-regulatory-violations/
1265302181	20250926	202509	2025	2025.7288	SPYGOVBUS	OPERATIVE						SPY	GOV	BUS	IND	ANDHRA PRADESH	IND								1	172	172	17	4	-5.0	5	1	5	-2.48756218905472	4	Guntur District, Andhra Pradesh, India	IN	IN02	17556	16.4167	80.25	-2096870	4	Guntur District, Andhra Pradesh, India	IN	IN02	17556	16.4167	80.25	-2096870	4	Guntur District, Andhra Pradesh, India	IN	IN02	17556	16.4167	80.25	-2096870	20250926051500	https://www.indiancooperative.com/co-op-news-snippets/rbi-imposes-penalties-on-five-co-op-banks-for-regulatory-violations/
1265302182	20250926	202509	2025	2025.7288	THA	THAILAND	THA																		1	070	070	07	2	7.0	5	1	5	2.88461538461538	1	Israel	IS	IS		31.5	34.75	IS	0								1	Israel	IS	IS		31.5	34.75	IS	20250926051500	https://theaviationist.com/2025/09/26/thailand-airbus-a330mrtt-order/
1265302183	20250926	202509	2025	2025.7288	THA	THAILAND	THA																		1	110	110	11	3	-2.0	2	1	2	5.44554455445545	1	Philippines	RP	RP		13	122	RP	0								1	Philippines	RP	RP		13	122	RP	20250926051500	https://manilastandard.net/showbiz/celebrity-profiles/314647551/kirk-bondad-wins-mister-international-2025-crown-in-bangkok.html
1265302184	20250926	202509	2025	2025.7288	THA	THAILAND	THA								CRM	CRIMINAL						CRM			1	173	173	17	4	-5.0	4	1	3	-7.21357850070721	4	Bangkok, Krung Thep Mahanakhon, Thailand	TH	TH40	26423	13.75	100.517	-3250083	4	Bangkok, Krung Thep Mahanakhon, Thailand	TH	TH40	26423	13.75	100.517	-3250083	4	Bangkok, Krung Thep Mahanakhon, Thailand	TH	TH40	26423	13.75	100.517	-3250083	20250926051500	https://www.bangkokpost.com/world/3111098/former-fbi-director-charged-as-trump-steps-up-retribution-drive
1265302185	20250926	202509	2025	2025.7288	THA	THAILAND	THA								CRM	CRIMINAL						CRM			1	173	173	17	4	-5.0	2	1	2	-7.21357850070721	4	Bangkok, Krung Thep Mahanakhon, Thailand	TH	TH40	26423	13.75	100.517	-3250083	3	White House, District of Columbia, United States	US	USDC		38.8951	-77.0364	531871	4	Bangkok, Krung Thep Mahanakhon, Thailand	TH	TH40	26423	13.75	100.517	-3250083	20250926051500	https://www.bangkokpost.com/world/3111098/former-fbi-director-charged-as-trump-steps-up-retribution-drive
1265302186	20250926	202509	2025	2025.7288	THA	THAILAND	THA								JUD	PROSECUTOR						JUD			0	100	100	10	3	-5.0	1	1	1	-7.21357850070721	4	Bangkok, Krung Thep Mahanakhon, Thailand	TH	TH40	26423	13.75	100.517	-3250083	4	Moscow, Moskva, Russia	RS	RS48	25106	55.7522	37.6156	-2960561	4	Bangkok, Krung Thep Mahanakhon, Thailand	TH	TH40	26423	13.75	100.517	-3250083	20250926051500	https://www.bangkokpost.com/world/3111098/former-fbi-director-charged-as-trump-steps-up-retribution-drive
1265302187	20250926	202509	2025	2025.7288	THA	THAILAND	THA								JUD	PROSECUTOR						JUD			0	100	100	10	3	-5.0	1	1	1	-7.21357850070721	4	Bangkok, Krung Thep Mahanakhon, Thailand	TH	TH40	26423	13.75	100.517	-3250083	3	White House, District of Columbia, United States	US	USDC		38.8951	-77.0364	531871	4	Bangkok, Krung Thep Mahanakhon, Thailand	TH	TH40	26423	13.75	100.517	-3250083	20250926051500	https://www.bangkokpost.com/world/3111098/former-fbi-director-charged-as-trump-steps-up-retribution-drive
1265302188	20250926	202509	2025	2025.7288	THA	THAILAND	THA								JUD	PROSECUTOR						JUD			1	173	173	17	4	-5.0	2	1	2	-7.21357850070721	4	Bangkok, Krung Thep Mahanakhon, Thailand	TH	TH40	26423	13.75	100.517	-3250083	4	Moscow, Moskva, Russia	RS	RS48	25106	55.7522	37.6156	-2960561	4	Moscow, Moskva, Russia	RS	RS48	25106	55.7522	37.6156	-2960561	20250926051500	https://www.bangkokpost.com/world/3111098/former-fbi-director-charged-as-trump-steps-up-retribution-drive
1265302189	20250926	202509	2025	2025.7288	THA	THAILAND	THA								RUS	RUSSIA	RUS								0	100	100	10	3	-5.0	2	1	2	-7.21357850070721	4	Bangkok, Krung Thep Mahanakhon, Thailand	TH	TH40	26423	13.75	100.517	-3250083	4	Moscow, Moskva, Russia	RS	RS48	25106	55.7522	37.6156	-2960561	4	Bangkok, Krung Thep Mahanakhon, Thailand	TH	TH40	26423	13.75	100.517	-3250083	20250926051500	https://www.bangkokpost.com/world/3111098/former-fbi-director-charged-as-trump-steps-up-retribution-drive
1265302190	20250926	202509	2025	2025.7288	THA	THAILAND	THA								RUSJUD	RUSSIA	RUS					JUD			1	173	173	17	4	-5.0	2	1	2	-7.21357850070721	4	Bangkok, Krung Thep Mahanakhon, Thailand	TH	TH40	26423	13.75	100.517	-3250083	4	Moscow, Moskva, Russia	RS	RS48	25106	55.7522	37.6156	-2960561	4	Moscow, Moskva, Russia	RS	RS48	25106	55.7522	37.6156	-2960561	20250926051500	https://www.bangkokpost.com/world/3111098/former-fbi-director-charged-as-trump-steps-up-retribution-drive
1265302191	20250926	202509	2025	2025.7288	THAMIL	THAILAND	THA					MIL			KHM	CAMBODIA	KHM								0	190	190	19	4	-10.0	2	1	2	2.88461538461538	4	Korat, Nakhon Ratchasima, Thailand	TH	TH27	26712	14.9716	102.083	-3251558	4	Korat, Nakhon Ratchasima, Thailand	TH	TH27	26712	14.9716	102.083	-3251558	4	Korat, Nakhon Ratchasima, Thailand	TH	TH27	26712	14.9716	102.083	-3251558	20250926051500	https://theaviationist.com/2025/09/26/thailand-airbus-a330mrtt-order/
1265302192	20250926	202509	2025	2025.7288	THAMIL	THAILAND	THA					MIL			KHM	CAMBODIA	KHM								0	190	190	19	4	-10.0	8	1	8	2.88461538461538	4	Korat, Nakhon Ratchasima, Thailand	TH	TH27	26712	14.9716	102.083	-3251558	1	Cambodia	CB	CB		13	105	CB	4	Korat, Nakhon Ratchasima, Thailand	TH	TH27	26712	14.9716	102.083	-3251558	20250926051500	https://theaviationist.com/2025/09/26/thailand-airbus-a330mrtt-order/
1265302193	20250926	202509	2025	2025.7288	THAMIL	THAILAND	THA					MIL			MIL	DEFENCE FORCE						MIL			0	020	020	02	1	3.0	8	1	8	2.88461538461538	4	Korat, Nakhon Ratchasima, Thailand	TH	TH27	26712	14.9716	102.083	-3251558	4	Korat, Nakhon Ratchasima, Thailand	TH	TH27	26712	14.9716	102.083	-3251558	4	Korat, Nakhon Ratchasima, Thailand	TH	TH27	26712	14.9716	102.083	-3251558	20250926051500	https://theaviationist.com/2025/09/26/thailand-airbus-a330mrtt-order/
1265302194	20250926	202509	2025	2025.7288	THAMIL	THAILAND	THA					MIL			MIL	DEFENCE FORCE						MIL			0	020	020	02	1	3.0	2	1	2	2.88461538461538	4	Korat, Nakhon Ratchasima, Thailand	TH	TH27	26712	14.9716	102.083	-3251558	1	Cambodia	CB	CB		13	105	CB	1	Cambodia	CB	CB		13	105	CB	20250926051500	https://theaviationist.com/2025/09/26/thailand-airbus-a330mrtt-order/
1265302195	20250926	202509	2025	2025.7288	TUR	TURKIYE	TUR																		0	012	012	01	1	-0.4	6	1	6	-0.18796992481203	1	Marshall Islands	RM	RM		10	167	RM	0								1	Marshall Islands	RM	RM		10	167	RM	20250926051500	https://www.pressreleasepoint.com/un-climate-summit-shows-countries-still-moving-pledges-fall-dangerously-short-keeping-15c-alive
1265302196	20250926	202509	2025	2025.7288	TUR	TURKEY	TUR																		1	020	020	02	1	3.0	2	1	2	-1.76470588235294	4	Ankara, Ankara, Turkey	TU	TU68	27516	39.9272	32.8644	-735338	0								3	White House, District of Columbia, United States	US	USDC		38.8951	-77.0364	531871	20250926051500	https://cyprus-mail.com/2025/09/26/trump-erdogan-signal-closer-us-turkey-ties-amid-shifts-on-russian-oil-f-35-jets-purchase-back-on-the-table
1265302197	20250926	202509	2025	2025.7288	TUR	TURKISH	TUR								MNCUSA	BOEING	USA					MNC			1	036	036	03	1	4.0	2	1	2	3.00429184549357	4	Istanbul, Istanbul, Turkey	TU	TU34	27897	41.0186	28.9647	-755070	4	Istanbul, Istanbul, Turkey	TU	TU34	27897	41.0186	28.9647	-755070	4	Istanbul, Istanbul, Turkey	TU	TU34	27897	41.0186	28.9647	-755070	20250926051500	https://www.marketscreener.com/news/turkish-airlines-agrees-to-buy-225-boeing-planes-subject-to-engine-talks-ce7d58d3dc8df12c
1265302198	20250926	202509	2025	2025.7288	TUR	TURKEY	TUR								RUS	RUSSIA	RUS								1	020	020	02	1	3.0	2	1	2	-3.0716723549488	4	Ankara, Ankara, Turkey	TU	TU68	27516	39.9272	32.8644	-735338	4	Ankara, Ankara, Turkey	TU	TU68	27516	39.9272	32.8644	-735338	4	Ankara, Ankara, Turkey	TU	TU68	27516	39.9272	32.8644	-735338	20250926051500	http://www.bgnes.com/politics/trump-urges-erdogan-to-stop-buying-russian-oil
1265302199	20250926	202509	2025	2025.7288	TUR	TURKEY	TUR								RUS	RUSSIA	RUS								1	020	020	02	1	3.0	2	1	2	-3.0716723549488	1	Ukraine	UP	UP		49	32	UP	1	Ukraine	UP	UP		49	32	UP	1	Ukraine	UP	UP		49	32	UP	20250926051500	http://www.bgnes.com/politics/trump-urges-erdogan-to-stop-buying-russian-oil
1265302200	20250926	202509	2025	2025.7288	TUR	ANKARA	TUR								RUS	RUSSIAN	RUS								0	163	163	16	4	-8.0	3	1	3	-1.76470588235294	4	Ankara, Ankara, Turkey	TU	TU68	27516	39.9272	32.8644	-735338	4	Ankara, Ankara, Turkey	TU	TU68	27516	39.9272	32.8644	-735338	3	White House, District of Columbia, United States	US	USDC		38.8951	-77.0364	531871	20250926051500	https://cyprus-mail.com/2025/09/26/trump-erdogan-signal-closer-us-turkey-ties-amid-shifts-on-russian-oil-f-35-jets-purchase-back-on-the-table
1265302201	20250926	202509	2025	2025.7288	TUR	TURKEY	TUR								UKR	UKRAINE	UKR								0	020	020	02	1	3.0	2	1	2	-1.76470588235294	1	Ukraine	UP	UP		49	32	UP	1	Ukraine	UP	UP		49	32	UP	1	Ukraine	UP	UP		49	32	UP	20250926051500	https://cyprus-mail.com/2025/09/26/trump-erdogan-signal-closer-us-turkey-ties-amid-shifts-on-russian-oil-f-35-jets-purchase-back-on-the-table
1265302202	20250926	202509	2025	2025.7288	TUR	TURKEY	TUR								UKR	UKRAINE	UKR								0	072	072	07	2	8.3	1	1	1	-1.76470588235294	4	Ankara, Ankara, Turkey	TU	TU68	27516	39.9272	32.8644	-735338	4	Moscow, Moskva, Russia	RS	RS48	25106	55.7522	37.6156	-2960561	4	Moscow, Moskva, Russia	RS	RS48	25106	55.7522	37.6156	-2960561	20250926051500	https://cyprus-mail.com/2025/09/26/trump-erdogan-signal-closer-us-turkey-ties-amid-shifts-on-russian-oil-f-35-jets-purchase-back-on-the-table
1265302203	20250926	202509	2025	2025.7288	TUR	TURKEY	TUR								UKR	UKRAINE	UKR								0	072	072	07	2	8.3	1	1	1	-1.76470588235294	4	Ankara, Ankara, Turkey	TU	TU68	27516	39.9272	32.8644	-735338	1	Ukraine	UP	UP		49	32	UP	4	Moscow, Moskva, Russia	RS	RS48	25106	55.7522	37.6156	-2960561	20250926051500	https://cyprus-mail.com/2025/09/26/trump-erdogan-signal-closer-us-turkey-ties-amid-shifts-on-russian-oil-f-35-jets-purchase-back-on-the-table
1265302204	20250926	202509	2025	2025.7288	TUR	TURKEY	TUR								USA	AMERICAN	USA								0	050	050	05	1	3.5	2	1	2	-1.76470588235294	4	Black Sea, Oceans (general), Oceans	OS	OS00		43	35	-1506338	4	Ankara, Ankara, Turkey	TU	TU68	27516	39.9272	32.8644	-735338	4	Black Sea, Oceans (general), Oceans	OS	OS00		43	35	-1506338	20250926051500	https://cyprus-mail.com/2025/09/26/trump-erdogan-signal-closer-us-turkey-ties-amid-shifts-on-russian-oil-f-35-jets-purchase-back-on-the-table
1265302205	20250926	202509	2025	2025.7288	TUR	TURKEY	TUR								USABUS	AMERICAN	USA					BUS			0	050	050	05	1	3.5	6	1	6	-1.76470588235294	4	Ankara, Ankara, Turkey	TU	TU68	27516	39.9272	32.8644	-735338	3	White House, District of Columbia, United States	US	USDC		38.8951	-77.0364	531871	4	Ankara, Ankara, Turkey	TU	TU68	27516	39.9272	32.8644	-735338	20250926051500	https://cyprus-mail.com/2025/09/26/trump-erdogan-signal-closer-us-turkey-ties-amid-shifts-on-russian-oil-f-35-jets-purchase-back-on-the-table
1265302206	20250926	202509	2025	2025.7288	TURBUS	TURKISH	TUR					BUS			MNCUSA	BOEING	USA					MNC			1	036	036	03	1	4.0	6	1	6	3.00429184549357	4	Istanbul, Istanbul, Turkey	TU	TU34	27897	41.0186	28.9647	-755070	4	Istanbul, Istanbul, Turkey	TU	TU34	27897	41.0186	28.9647	-755070	4	Istanbul, Istanbul, Turkey	TU	TU34	27897	41.0186	28.9647	-755070	20250926051500	https://www.marketscreener.com/news/turkish-airlines-agrees-to-buy-225-boeing-planes-subject-to-engine-talks-ce7d58d3dc8df12c
1265302207	20250926	202509	2025	2025.7288	TURBUS	TURKISH	TUR					BUS			MNCUSA	BOEING	USA					MNC			1	046	046	04	1	7.0	3	1	3	3.00429184549357	4	Istanbul, Istanbul, Turkey	TU	TU34	27897	41.0186	28.9647	-755070	4	Istanbul, Istanbul, Turkey	TU	TU34	27897	41.0186	28.9647	-755070	4	Istanbul, Istanbul, Turkey	TU	TU34	27897	41.0186	28.9647	-755070	20250926051500	https://www.marketscreener.com/news/turkish-airlines-agrees-to-buy-225-boeing-planes-subject-to-engine-talks-ce7d58d3dc8df12c
1265302208	20250926	202509	2025	2025.7288	TURBUS	TURKISH	TUR					BUS			MNCUSA	BOEING	USA					MNC			1	050	050	05	1	3.5	3	1	3	3.00429184549357	4	Istanbul, Istanbul, Turkey	TU	TU34	27897	41.0186	28.9647	-755070	4	Istanbul, Istanbul, Turkey	TU	TU34	27897	41.0186	28.9647	-755070	4	Istanbul, Istanbul, Turkey	TU	TU34	27897	41.0186	28.9647	-755070	20250926051500	https://www.marketscreener.com/news/turkish-airlines-agrees-to-buy-225-boeing-planes-subject-to-engine-talks-ce7d58d3dc8df12c
1265302209	20250926	202509	2025	2025.7288	TURGOV	TURKEY	TUR					GOV			TUR	TURKISH	TUR								1	020	020	02	1	3.0	2	1	2	-3.0716723549488	4	Ankara, Ankara, Turkey	TU	TU68	27516	39.9272	32.8644	-735338	4	Ankara, Ankara, Turkey	TU	TU68	27516	39.9272	32.8644	-735338	4	Ankara, Ankara, Turkey	TU	TU68	27516	39.9272	32.8644	-735338	20250926051500	http://www.bgnes.com/politics/trump-urges-erdogan-to-stop-buying-russian-oil
1265302210	20250926	202509	2025	2025.7288	UAF	FIGHTER						UAF													1	151	151	15	4	-7.2	2	1	2	-0.28571428571429	1	India	IN	IN		20	77	IN	0								1	India	IN	IN		20	77	IN	20250926051500	https://pragativadi.com/mig-21-bids-final-farewell-iaf-retires-iconic-fighter-jet-after-62-years/
1265302211	20250926	202509	2025	2025.7288	UAF	FIGHTER						UAF			IND	RAJASTHAN	IND								1	151	151	15	4	-7.2	8	1	8	-0.28571428571429	1	India	IN	IN		20	77	IN	1	India	IN	IN		20	77	IN	1	India	IN	IN		20	77	IN	20250926051500	https://pragativadi.com/mig-21-bids-final-farewell-iaf-retires-iconic-fighter-jet-after-62-years/
1265302212	20250926	202509	2025	2025.7288	UKR	UKRAINIAN	UKR								EUR	EUROPEAN	EUR								1	040	040	04	1	1.0	1	1	1	-2.02020202020202	1	Ukraine	UP	UP		49	32	UP	1	Russia	RS	RS		60	100	RS	1	Ukraine	UP	UP		49	32	UP	20250926051500	https://www.washingtonexaminer.com/live-blog/2025-united-nations-general-assembly-world-leaders-live-coverage/page/4/
1265302213	20250926	202509	2025	2025.7288	UKR	UKRAINIAN	UKR								EUR	EUROPEAN	EUR								1	040	040	04	1	1.0	1	1	1	-2.02020202020202	1	Ukraine	UP	UP		49	32	UP	1	Ukraine	UP	UP		49	32	UP	1	Ukraine	UP	UP		49	32	UP	20250926051500	https://www.washingtonexaminer.com/live-blog/2025-united-nations-general-assembly-world-leaders-live-coverage/page/4/
1265302214	20250926	202509	2025	2025.7288	UKRGOV	UKRAINIAN	UKR					GOV			EUR	EUROPEAN	EUR								1	040	040	04	1	1.0	6	1	6	-2.02020202020202	1	Ukraine	UP	UP		49	32	UP	1	Russia	RS	RS		60	100	RS	1	Ukraine	UP	UP		49	32	UP	20250926051500	https://www.washingtonexaminer.com/live-blog/2025-united-nations-general-assembly-world-leaders-live-coverage/page/4/
1265302215	20250926	202509	2025	2025.7288	USA	BOSTON	USA																		1	012	012	01	1	-0.4	7	1	7	-1.38888888888889	3	Boston, Massachusetts, United States	US	USMA	MA025	42.3584	-71.0598	617565	0								3	Boston, Massachusetts, United States	US	USMA	MA025	42.3584	-71.0598	617565	20250926051500	https://www.soompi.com/article/1786989wpp/lee-young-aes-fate-rests-in-kim-young-kwangs-hands-in-walking-on-thin-ice
1265302216	20250926	202509	2025	2025.7288	USA	UNITED STATES	USA																		1	015	015	01	1	0.0	8	2	8	-7.89473684210526	2	Wisconsin, United States	US	USWI		44.2563	-89.6385	WI	0								2	Wisconsin, United States	US	USWI		44.2563	-89.6385	WI	20250926051500	https://www.1039wvbo.com/2025/09/25/mississippi-man-gets-22-year-prison-term-for-role-in-group-expoliting-underage-girls-tried-to-meet-with-13-year-old-in-wisconsin/
1265302217	20250926	202509	2025	2025.7288	USA	UNITED STATES	USA																		1	018	018	01	1	3.4	4	1	4	-1.97740112994351	3	Wichita, Kansas, United States	US	USKS	KS173	37.6922	-97.3375	473862	0								3	Wichita, Kansas, United States	US	USKS	KS173	37.6922	-97.3375	473862	20250926051500	https://www.kwch.com/2025/09/26/wichita-therapy-practice-owners-say-clinic-danger-closing-due-sudden-medicaid-changes/
1265302218	20250926	202509	2025	2025.7288	USA	UNITED STATES	USA																		0	020	020	02	1	3.0	1	1	1	0.93023255813953	3	Monroe County, Michigan, United States	US	USMI	MI115	41.9334	-83.5499	1623000	0								3	Monroe County, Michigan, United States	US	USMI		41.9334	-83.5499	1623000	20250926051500	https://www.wtol.com/article/news/local/deputy-uses-personal-epipen-to-save-monroe-county-man-after-severe-allergic-reaction/512-fb940978-5b13-430f-8357-cf0da25b7246
1265302219	20250926	202509	2025	2025.7288	USA	UNITED STATES	USA																		1	020	020	02	1	3.0	1	1	1	-5.92885375494072	3	Loyola Marymount University, California, United States	US	USCA	CA037	33.9709	-118.419	245279	0								3	Loyola Marymount University, California, United States	US	USCA		33.9709	-118.419	245279	20250926051500	https://www.bbc.com/news/articles/c33r872egvjo
1265302220	20250926	202509	2025	2025.7288	USA	UNITED STATES	USA																		1	040	040	04	1	1.0	4	1	4	-8.55855855855856	3	Fort Pierce, Florida, United States	US	USFL	FL111	27.4467	-80.3256	307964	0								3	Fort Pierce, Florida, United States	US	USFL		27.4467	-80.3256	307964	20250926051500	https://www.wusf.org/health-news-florida/2025-09-26/after-desantis-veto-medical-malpractice-bill-reem
1265302221	20250926	202509	2025	2025.7288	USA	LOUISVILLE	USA																		1	040	040	04	1	1.0	14	1	10	4.86238532110092	2	Wisconsin, United States	US	USWI		44.2563	-89.6385	WI	0								2	Wisconsin, United States	US	USWI		44.2563	-89.6385	WI	20250926051500	https://pcusa.org/news-storytelling/news/2025/9/25/unification-commission-approves-new-structure-and-priorities-unified-agency
1265302222	20250926	202509	2025	2025.7288	USA	UNITED STATES	USA																		0	042	042	04	1	1.9	2	1	2	-1.35593220338983	3	Auburn University, Alabama, United States	US	USAL	AL081	32.6021	-85.4849	113278	0								3	Auburn University, Alabama, United States	US	USAL		32.6021	-85.4849	113278	20250926051500	https://www.theplainsman.com/article/2025/09/opelika-removes-2013-miss-america-signs-following-statements-about-charlie-kirk
1265302223	20250926	202509	2025	2025.7288	USA	UNITED STATES	USA																		0	042	042	04	1	1.9	2	1	2	-1.35593220338983	3	Auburn University, Alabama, United States	US	USAL	AL081	32.6021	-85.4849	113278	0								3	Opelika High School, Alabama, United States	US	USAL		32.6682	-85.3699	138249	20250926051500	https://www.theplainsman.com/article/2025/09/opelika-removes-2013-miss-america-signs-following-statements-about-charlie-kirk
1265302224	20250926	202509	2025	2025.7288	USA	UNITED STATES	USA																		1	042	042	04	1	1.9	4	2	4	-7.89473684210526	2	Wisconsin, United States	US	USWI		44.2563	-89.6385	WI	0								2	Minnesota, United States	US	USMN		45.7326	-93.9196	MN	20250926051500	https://www.1039wvbo.com/2025/09/25/mississippi-man-gets-22-year-prison-term-for-role-in-group-expoliting-underage-girls-tried-to-meet-with-13-year-old-in-wisconsin/
1265302225	20250926	202509	2025	2025.7288	USA	UNITED STATES	USA																		1	042	042	04	1	1.9	6	3	6	0.61001126669886	2	Wisconsin, United States	US	USWI		44.2563	-89.6385	WI	0								2	Wisconsin, United States	US	USWI		44.2563	-89.6385	WI	20250926051500	https://pcusa.org/news-storytelling/news/2025/9/25/unification-commission-approves-new-structure-and-priorities-unified-agency
1265302226	20250926	202509	2025	2025.7288	USA	THE US	USA																		0	046	046	04	1	7.0	5	1	5	-4.67005076142132	4	Bihar, Bihar, India	IN	IN34	17615	25.1833	85.5167	-2091797	0								4	Bihar, Bihar, India	IN	IN34	17615	25.1833	85.5167	-2091797	20250926051500	https://indianexpress.com/article/live-news/top-news-today-briefing-10272048/
1265302227	20250926	202509	2025	2025.7288	USA	UNITED STATES	USA																		1	051	051	05	1	3.4	2	1	2	4.9645390070922	3	Richboro, Pennsylvania, United States	US	USPA	PA017	40.2151	-75.0107	1193185	0								3	Richboro, Pennsylvania, United States	US	USPA	PA017	40.2151	-75.0107	1193185	20250926051500	https://www.pressreleasepoint.com/deputy-treasurer-julie-peachey-and-bucks-county-controller-pam-van-blunk-bring-awareness-unclaimed
1265302228	20250926	202509	2025	2025.7288	USA	UNITED STATES	USA																		1	051	051	05	1	3.4	6	1	6	4.9645390070922	3	Bucks County, Pennsylvania, United States	US	USPA	PA017	40.5004	-75.3749	1209173	0								3	Bucks County, Pennsylvania, United States	US	USPA		40.5004	-75.3749	1209173	20250926051500	https://www.pressreleasepoint.com/deputy-treasurer-julie-peachey-and-bucks-county-controller-pam-van-blunk-bring-awareness-unclaimed
1265302229	20250926	202509	2025	2025.7288	USA	UNITED STATES	USA																		0	051	051	05	1	3.4	4	1	4	4.78036175710594	3	Salt Lake County, Utah, United States	US	USUT	UT035	40.6255	-111.876	1448031	0								3	Salt Lake County, Utah, United States	US	USUT		40.6255	-111.876	1448031	20250926051500	https://www.deseret.com/faith/2025/09/25/latter-day-saint-meetinghouse-becomes-new-baps-hindu-temple-in-utah/
1265302230	20250926	202509	2025	2025.7288	USA	THE US	USA																		1	061	061	06	2	6.4	2	1	2	-4.10557184750733	4	New Delhi, Delhi, India	IN	IN07	17911	28.6	77.2	-2106102	0								1	Russia	RS	RS		60	100	RS	20250926051500	https://pragativadi.com/trump-declares-100-tariff-on-pharma-imports-from-october-1-india-likely-to-be-impacted/
1265302231	20250926	202509	2025	2025.7288	USA	THE US	USA																		1	061	061	06	2	6.4	6	1	6	-4.10557184750733	1	Russia	RS	RS		60	100	RS	0								1	Russia	RS	RS		60	100	RS	20250926051500	https://pragativadi.com/trump-declares-100-tariff-on-pharma-imports-from-october-1-india-likely-to-be-impacted/
1265302232	20250926	202509	2025	2025.7288	USA	THE US	USA																		1	061	061	06	2	6.4	2	1	2	-4.10557184750733	1	United States	US	US		39.828175	-98.5795	US	0								4	New Delhi, Delhi, India	IN	IN07	17911	28.6	77.2	-2106102	20250926051500	https://pragativadi.com/trump-declares-100-tariff-on-pharma-imports-from-october-1-india-likely-to-be-impacted/
1265302233	20250926	202509	2025	2025.7288	USA	UNITED STATES	USA																		1	0842	084	08	2	7.0	6	1	6	4.9645390070922	2	Pennsylvania, United States	US	USPA		40.5773	-77.264	PA	0								2	Pennsylvania, United States	US	USPA		40.5773	-77.264	PA	20250926051500	https://www.pressreleasepoint.com/deputy-treasurer-julie-peachey-and-bucks-county-controller-pam-van-blunk-bring-awareness-unclaimed
1265302234	20250926	202509	2025	2025.7288	USA	UNITED STATES	USA																		1	090	090	09	2	-2.0	6	1	6	4.9645390070922	2	Pennsylvania, United States	US	USPA		40.5773	-77.264	PA	0								2	Pennsylvania, United States	US	USPA		40.5773	-77.264	PA	20250926051500	https://www.pressreleasepoint.com/deputy-treasurer-julie-peachey-and-bucks-county-controller-pam-van-blunk-bring-awareness-unclaimed
1265302235	20250926	202509	2025	2025.7288	USA	UNITED STATES	USA																		1	110	110	11	3	-2.0	1	1	1	-5.92885375494072	3	Loyola Marymount University, California, United States	US	USCA	CA037	33.9709	-118.419	245279	0								3	Loyola Marymount University, California, United States	US	USCA		33.9709	-118.419	245279	20250926051500	https://www.bbc.com/news/articles/c33r872egvjo
1265302236	20250926	202509	2025	2025.7288	USA	UNITED STATES	USA																		1	129	129	12	3	-5.0	8	1	4	-8.55855855855856	3	Fort Pierce, Florida, United States	US	USFL	FL111	27.4467	-80.3256	307964	0								3	Fort Pierce, Florida, United States	US	USFL		27.4467	-80.3256	307964	20250926051500	https://www.wusf.org/health-news-florida/2025-09-26/after-desantis-veto-medical-malpractice-bill-reem
1265302237	20250926	202509	2025	2025.7288	USA	UNITED STATES	USA																		1	129	129	12	3	-5.0	2	1	2	-8.55855855855856	3	Fort Pierce, Florida, United States	US	USFL	FL111	27.4467	-80.3256	307964	0								2	Florida, United States	US	USFL		27.8333	-81.717	FL	20250926051500	https://www.wusf.org/health-news-florida/2025-09-26/after-desantis-veto-medical-malpractice-bill-reem
1265302238	20250926	202509	2025	2025.7288	USA	UNITED STATES	USA																		1	129	129	12	3	-5.0	2	1	2	-8.55855855855856	2	Florida, United States	US	USFL		27.8333	-81.717	FL	0								2	Florida, United States	US	USFL		27.8333	-81.717	FL	20250926051500	https://www.wusf.org/health-news-florida/2025-09-26/after-desantis-veto-medical-malpractice-bill-reem
1265302239	20250926	202509	2025	2025.7288	USA	MILWAUKEE	USA																		0	130	130	13	3	-4.4	12	2	12	-7.89473684210526	3	Milwaukee, Wisconsin, United States	US	USWI	WI079	43.0389	-87.9065	1577901	0								3	Milwaukee, Wisconsin, United States	US	USWI	WI079	43.0389	-87.9065	1577901	20250926051500	https://www.1039wvbo.com/2025/09/25/mississippi-man-gets-22-year-prison-term-for-role-in-group-expoliting-underage-girls-tried-to-meet-with-13-year-old-in-wisconsin/
1265302240	20250926	202509	2025	2025.7288	USA	UNITED STATES	USA																		0	130	130	13	3	-4.4	4	2	4	-7.89473684210526	2	Wisconsin, United States	US	USWI		44.2563	-89.6385	WI	0								3	Milwaukee, Wisconsin, United States	US	USWI	WI079	43.0389	-87.9065	1577901	20250926051500	https://www.1039wvbo.com/2025/09/25/mississippi-man-gets-22-year-prison-term-for-role-in-group-expoliting-underage-girls-tried-to-meet-with-13-year-old-in-wisconsin/
1265302241	20250926	202509	2025	2025.7288	USA	UNITED STATES	USA																		0	130	130	13	3	-4.4	4	2	4	-7.89473684210526	2	Wisconsin, United States	US	USWI		44.2563	-89.6385	WI	0								3	Washington, District of Columbia, United States	US	USDC	DC001	38.8951	-77.0364	531871	20250926051500	https://www.1039wvbo.com/2025/09/25/mississippi-man-gets-22-year-prison-term-for-role-in-group-expoliting-underage-girls-tried-to-meet-with-13-year-old-in-wisconsin/
1265302242	20250926	202509	2025	2025.7288	USA	UNITED STATES	USA																		1	141	141	14	3	-6.5	4	1	2	3.61890694239291	2	Ohio, United States	US	USOH		40.3736	-82.7755	OH	0								2	Ohio, United States	US	USOH		40.3736	-82.7755	OH	20250926051500	https://www.pressdemocrat.com/2025/09/25/go-toward-the-love-snl-alum-molly-shannon-brings-humor-and-heart-to-women-in-conversation/
1265302243	20250926	202509	2025	2025.7288	USA	UNITED STATES	USA																		0	144	144	14	3	-7.5	2	1	2	-6.63856691253951	2	California, United States	US	USCA		36.17	-119.746	CA	0								2	California, United States	US	USCA		36.17	-119.746	CA	20250926051500	https://economictimes.indiatimes.com/nri/latest-updates/indian-who-arrived-in-us-illegally-arrested-for-causing-multi-vehicle-crash-in-california/articleshow/124143203.cms
1265302244	20250926	202509	2025	2025.7288	USA	UNITED STATES	USA																		1	173	173	17	4	-5.0	4	1	3	-5.92885375494072	3	Loyola Marymount University, California, United States	US	USCA	CA037	33.9709	-118.419	245279	0								3	Loyola Marymount University, California, United States	US	USCA		33.9709	-118.419	245279	20250926051500	https://www.bbc.com/news/articles/c33r872egvjo
1265302245	20250926	202509	2025	2025.7288	USA	UNITED STATES	USA																		1	180	180	18	4	-9.0	2	1	2	-12.7659574468085	3	Las Vegas, Nevada, United States	US	USNV	NV003	36.175	-115.137	847388	0								3	Las Vegas, Nevada, United States	US	USNV		36.175	-115.137	847388	20250926051500	https://www.reviewjournal.com/crime/courts/nellis-air-force-officer-sentenced-for-sexually-assaulting-child-3465722/
1265302246	20250926	202509	2025	2025.7288	USA	THE US	USA								AFR	AFRICA	AFR								1	043	043	04	1	2.8	10	1	10	2.66272189349113	1	United States	US	US		39.828175	-98.5795	US	1	United States	US	US		39.828175	-98.5795	US	1	United States	US	US		39.828175	-98.5795	US	20250926051500	https://www.thesouthafrican.com/news/ramaphosa-pushes-for-renewal-of-agoa-agreement/
1265302247	20250926	202509	2025	2025.7288	USA	THE US	USA								BUS	INDUSTRY						BUS			0	043	043	04	1	2.8	6	1	6	2.66272189349113	1	South Africa	SF	SF		-30	26	SF	1	South Africa	SF	SF		-30	26	SF	1	South Africa	SF	SF		-30	26	SF	20250926051500	https://www.thesouthafrican.com/news/ramaphosa-pushes-for-renewal-of-agoa-agreement/
1265302248	20250926	202509	2025	2025.7288	USA	THE US	USA								BUS	INDUSTRY						BUS			0	043	043	04	1	2.8	2	1	2	2.66272189349113	1	United States	US	US		39.828175	-98.5795	US	1	South Africa	SF	SF		-30	26	SF	1	United States	US	US		39.828175	-98.5795	US	20250926051500	https://www.thesouthafrican.com/news/ramaphosa-pushes-for-renewal-of-agoa-agreement/
1265302249	20250926	202509	2025	2025.7288	USA	UTAH	USA								CHRLDS	LATTER DAY SAINTS				CHR	LDS				1	043	043	04	1	2.8	10	1	10	4.78036175710594	2	Utah, United States	US	USUT		40.1135	-111.854	UT	2	Utah, United States	US	USUT		40.1135	-111.854	UT	2	Utah, United States	US	USUT		40.1135	-111.854	UT	20250926051500	https://www.deseret.com/faith/2025/09/25/latter-day-saint-meetinghouse-becomes-new-baps-hindu-temple-in-utah/
1265302250	20250926	202509	2025	2025.7288	USA	UNITED STATES	USA								COP	POLICE						COP			0	013	013	01	1	0.4	4	1	4	-4.77941176470588	2	Minnesota, United States	US	USMN		45.7326	-93.9196	MN	2	Minnesota, United States	US	USMN		45.7326	-93.9196	MN	2	Minnesota, United States	US	USMN		45.7326	-93.9196	MN	20250926051500	https://thenightly.com.au/world/minnesota-parents-facing-charges-after-autistic-daughter-dies-trapped-in-broken-safety-bed-c-20150023
1265302251	20250926	202509	2025	2025.7288	USA	WISCONSIN	USA								COP	PRISON						COP			1	040	040	04	1	1.0	14	2	14	-7.89473684210526	2	Wisconsin, United States	US	USWI		44.2563	-89.6385	WI	2	Mississippi, United States	US	USMS		32.7673	-89.6812	MS	2	Wisconsin, United States	US	USWI		44.2563	-89.6385	WI	20250926051500	https://www.1039wvbo.com/2025/09/25/mississippi-man-gets-22-year-prison-term-for-role-in-group-expoliting-underage-girls-tried-to-meet-with-13-year-old-in-wisconsin/
1265302252	20250926	202509	2025	2025.7288	USA	UNITED STATES	USA								COP	POLICE						COP			1	042	042	04	1	1.9	4	1	4	-1.38888888888889	3	Boston, Massachusetts, United States	US	USMA	MA025	42.3584	-71.0598	617565	3	Boston, Massachusetts, United States	US	USMA	MA025	42.3584	-71.0598	617565	3	Boston, Massachusetts, United States	US	USMA	MA025	42.3584	-71.0598	617565	20250926051500	https://www.soompi.com/article/1786989wpp/lee-young-aes-fate-rests-in-kim-young-kwangs-hands-in-walking-on-thin-ice
1265302253	20250926	202509	2025	2025.7288	USA	MISSISSIPPI	USA								COP	PRISON						COP			1	042	042	04	1	1.9	12	2	12	-7.89473684210526	2	Mississippi, United States	US	USMS		32.7673	-89.6812	MS	2	Wisconsin, United States	US	USWI		44.2563	-89.6385	WI	2	Minnesota, United States	US	USMN		45.7326	-93.9196	MN	20250926051500	https://www.1039wvbo.com/2025/09/25/mississippi-man-gets-22-year-prison-term-for-role-in-group-expoliting-underage-girls-tried-to-meet-with-13-year-old-in-wisconsin/
1265302254	20250926	202509	2025	2025.7288	USA	UNITED STATES	USA								COP	PRISON						COP			1	042	042	04	1	1.9	2	2	2	-7.89473684210526	2	Mississippi, United States	US	USMS		32.7673	-89.6812	MS	2	Wisconsin, United States	US	USWI		44.2563	-89.6385	WI	2	Mississippi, United States	US	USMS		32.7673	-89.6812	MS	20250926051500	https://www.1039wvbo.com/2025/09/25/mississippi-man-gets-22-year-prison-term-for-role-in-group-expoliting-underage-girls-tried-to-meet-with-13-year-old-in-wisconsin/
1265302255	20250926	202509	2025	2025.7288	USA	UNITED STATES	USA								COP	DEPUTY						COP			0	046	046	04	1	7.0	4	1	4	4.9645390070922	3	Bucks County, Pennsylvania, United States	US	USPA	PA017	40.5004	-75.3749	1209173	3	Bucks County, Pennsylvania, United States	US	USPA		40.5004	-75.3749	1209173	3	Bucks County, Pennsylvania, United States	US	USPA		40.5004	-75.3749	1209173	20250926051500	https://www.pressreleasepoint.com/deputy-treasurer-julie-peachey-and-bucks-county-controller-pam-van-blunk-bring-awareness-unclaimed
1265302256	20250926	202509	2025	2025.7288	USA	UNITED STATES	USA								COP	DEPUTY						COP			1	051	051	05	1	3.4	2	1	2	0.93023255813953	3	Monroe County, Michigan, United States	US	USMI	MI115	41.9334	-83.5499	1623000	3	Monroe County, Michigan, United States	US	USMI		41.9334	-83.5499	1623000	3	Monroe County, Michigan, United States	US	USMI		41.9334	-83.5499	1623000	20250926051500	https://www.wtol.com/article/news/local/deputy-uses-personal-epipen-to-save-monroe-county-man-after-severe-allergic-reaction/512-fb940978-5b13-430f-8357-cf0da25b7246
1265302257	20250926	202509	2025	2025.7288	USA	UNITED STATES	USA								COP	DEPUTY						COP			1	051	051	05	1	3.4	1	1	1	0.93023255813953	2	Michigan, United States	US	USMI		43.3504	-84.5603	MI	3	Monroe County, Michigan, United States	US	USMI		41.9334	-83.5499	1623000	3	Monroe County, Michigan, United States	US	USMI		41.9334	-83.5499	1623000	20250926051500	https://www.wtol.com/article/news/local/deputy-uses-personal-epipen-to-save-monroe-county-man-after-severe-allergic-reaction/512-fb940978-5b13-430f-8357-cf0da25b7246
1265302258	20250926	202509	2025	2025.7288	USA	UNITED STATES	USA								COP	DEPUTY						COP			1	051	051	05	1	3.4	4	1	4	0.93023255813953	2	Michigan, United States	US	USMI		43.3504	-84.5603	MI	2	Ohio, United States	US	USOH		40.3736	-82.7755	OH	2	Ohio, United States	US	USOH		40.3736	-82.7755	OH	20250926051500	https://www.wtol.com/article/news/local/deputy-uses-personal-epipen-to-save-monroe-county-man-after-severe-allergic-reaction/512-fb940978-5b13-430f-8357-cf0da25b7246
1265302259	20250926	202509	2025	2025.7288	USA	UNITED STATES	USA								COP	DEPUTY						COP			1	051	051	05	1	3.4	1	1	1	0.93023255813953	2	Ohio, United States	US	USOH		40.3736	-82.7755	OH	3	Monroe County, Michigan, United States	US	USMI		41.9334	-83.5499	1623000	3	Monroe County, Michigan, United States	US	USMI		41.9334	-83.5499	1623000	20250926051500	https://www.wtol.com/article/news/local/deputy-uses-personal-epipen-to-save-monroe-county-man-after-severe-allergic-reaction/512-fb940978-5b13-430f-8357-cf0da25b7246
1265302260	20250926	202509	2025	2025.7288	USA	MISSISSIPPI	USA								COP	PRISON						COP			1	173	173	17	4	-5.0	14	2	14	-7.89473684210526	2	Mississippi, United States	US	USMS		32.7673	-89.6812	MS	2	Wisconsin, United States	US	USWI		44.2563	-89.6385	WI	2	Wisconsin, United States	US	USWI		44.2563	-89.6385	WI	20250926051500	https://www.1039wvbo.com/2025/09/25/mississippi-man-gets-22-year-prison-term-for-role-in-group-expoliting-underage-girls-tried-to-meet-with-13-year-old-in-wisconsin/
1265302261	20250926	202509	2025	2025.7288	USA	UNITED STATES	USA								CRM	CRIMINAL						CRM			0	046	046	04	1	7.0	4	2	4	-6.18637431480031	3	White House, District of Columbia, United States	US	USDC		38.8951	-77.0364	531871	2	Virginia, United States	US	USVA		37.768	-78.2057	VA	2	Virginia, United States	US	USVA		37.768	-78.2057	VA	20250926051500	https://www.1280wnam.com/2025/09/25/james-comey-indicted-on-federal-obstruction-perjury-charges/
1265302262	20250926	202509	2025	2025.7288	USA	UNITED STATES	USA								CRM	CRIMINAL						CRM			0	173	173	17	4	-5.0	10	1	10	-8.2089552238806	1	United States	US	US		39.828175	-98.5795	US	1	Spain	SP	SP		40	-4	SP	1	Spain	SP	SP		40	-4	SP	20250926051500	https://www.cryptopolitan.com/100-million-crypto-fraud-busted-in-europe/
1265302263	20250926	202509	2025	2025.7288	USA	UNITED STATES	USA								CVL	COMMUNITY						CVL			1	010	010	01	1	0.0	6	1	6	1.64271047227926	3	Baton Rouge, Louisiana, United States	US	USLA	LA033	30.4507	-91.1545	1629914	3	Baton Rouge, Louisiana, United States	US	USLA		30.4507	-91.1545	1629914	3	Baton Rouge, Louisiana, United States	US	USLA		30.4507	-91.1545	1629914	20250926051500	https://www.wbrz.com/news/ldh-data-shows-nearly-10-000-new-sti-cases-reported-across-baton-rouge-area-in-2023
1265302264	20250926	202509	2025	2025.7288	USA	UNITED STATES	USA								CVLEDU	COMMUNITY						CVL	EDU		1	051	051	05	1	3.4	4	1	4	5.94837261503928	3	Macomb Community College, Michigan, United States	US	USMI	MI099	42.5081	-82.976	2345325	3	Macomb Community College, Michigan, United States	US	USMI		42.5081	-82.976	2345325	3	Macomb Community College, Michigan, United States	US	USMI		42.5081	-82.976	2345325	20250926051500	https://www.pressreleasepoint.com/macomb-culinary-institute-teaching-restaurant-reopening-showcases-legacy-longtime-macomb-community
1265302265	20250926	202509	2025	2025.7288	USA	UNITED STATES	USA								EDU	STUDENT						EDU			1	010	010	01	1	0.0	4	1	4	0.82474226804124	2	Oklahoma, United States	US	USOK		35.5376	-96.9247	OK	2	Oklahoma, United States	US	USOK		35.5376	-96.9247	OK	2	Oklahoma, United States	US	USOK		35.5376	-96.9247	OK	20250926051500	http://www.news9.com/story/68d5fd5e1dab7fda2ee671f1/ai-is-transforming-higher-education-in-oklahoma-for-better-or-worse
1265302266	20250926	202509	2025	2025.7288	USA	UNITED STATES	USA								EDU	COLLEGE						EDU			1	036	036	03	1	4.0	8	1	8	4.14201183431953	2	Missouri, United States	US	USMO		38.4623	-92.302	MO	2	Missouri, United States	US	USMO		38.4623	-92.302	MO	2	Missouri, United States	US	USMO		38.4623	-92.302	MO	20250926051500	https://www.pressreleasepoint.com/2026-27-fafsa-opens-ahead-schedule-now-available-students-families-complete
1265302267	20250926	202509	2025	2025.7288	USA	UNITED STATES	USA								EDU	UNIVERSITY						EDU			0	043	043	04	1	2.8	1	1	1	-1.35593220338983	3	Auburn University, Alabama, United States	US	USAL	AL081	32.6021	-85.4849	113278	3	Auburn University, Alabama, United States	US	USAL		32.6021	-85.4849	113278	3	Auburn University, Alabama, United States	US	USAL		32.6021	-85.4849	113278	20250926051500	https://www.theplainsman.com/article/2025/09/opelika-removes-2013-miss-america-signs-following-statements-about-charlie-kirk
1265302268	20250926	202509	2025	2025.7288	USA	UNITED STATES	USA								EDU	UNIVERSITY						EDU			0	043	043	04	1	2.8	2	1	2	-1.35593220338983	3	City Of Opelika, Alabama, United States	US	USAL	AL081	32.66	-85.3803	2404435	3	City Of Opelika, Alabama, United States	US	USAL		32.66	-85.3803	2404435	3	City Of Opelika, Alabama, United States	US	USAL		32.66	-85.3803	2404435	20250926051500	https://www.theplainsman.com/article/2025/09/opelika-removes-2013-miss-america-signs-following-statements-about-charlie-kirk
1265302269	20250926	202509	2025	2025.7288	USA	NEW YORK	USA								EDU	UNIVERSITY						EDU			0	043	043	04	1	2.8	3	1	3	-1.35593220338983	2	New York, United States	US	USNY		42.1497	-74.9384	NY	3	Auburn University, Alabama, United States	US	USAL		32.6021	-85.4849	113278	3	Auburn University, Alabama, United States	US	USAL		32.6021	-85.4849	113278	20250926051500	https://www.theplainsman.com/article/2025/09/opelika-removes-2013-miss-america-signs-following-statements-about-charlie-kirk
1265302270	20250926	202509	2025	2025.7288	USA	UNITED STATES	USA								EDU	PROFESSOR						EDU			1	051	051	05	1	3.4	4	1	4	5.94837261503928	3	Macomb Community College, Michigan, United States	US	USMI	MI099	42.5081	-82.976	2345325	3	Macomb, Michigan, United States	US	USMI	MI099	42.7009	-82.9591	631290	3	Macomb Community College, Michigan, United States	US	USMI		42.5081	-82.976	2345325	20250926051500	https://www.pressreleasepoint.com/macomb-culinary-institute-teaching-restaurant-reopening-showcases-legacy-longtime-macomb-community
1265302271	20250926	202509	2025	2025.7288	USA	UNITED STATES	USA								EDU	COLLEGE						EDU			0	051	051	05	1	3.4	8	1	8	5.94837261503928	3	Macomb, Michigan, United States	US	USMI	MI099	42.7009	-82.9591	631290	3	Macomb, Michigan, United States	US	USMI	MI099	42.7009	-82.9591	631290	3	Macomb, Michigan, United States	US	USMI	MI099	42.7009	-82.9591	631290	20250926051500	https://www.pressreleasepoint.com/macomb-culinary-institute-teaching-restaurant-reopening-showcases-legacy-longtime-macomb-community
1265302272	20250926	202509	2025	2025.7288	USA	UNITED STATES	USA								FRA	CHAMPAGNE	FRA								1	020	020	02	1	3.0	4	1	4	13.3333333333333	2	California, United States	US	USCA		36.17	-119.746	CA	1	France	FR	FR		46	2	FR	2	California, United States	US	USCA		36.17	-119.746	CA	20250926051500	https://www.tvguide.co.uk/schedule/ddd26ab5-958a-55f2-a11c-9dd448becfc5/my-lottery-dream-home
1265302273	20250926	202509	2025	2025.7288	USA	UNITED STATES	USA								FRA	CHAMPAGNE	FRA								1	090	090	09	2	-2.0	4	1	4	13.3333333333333	2	California, United States	US	USCA		36.17	-119.746	CA	1	France	FR	FR		46	2	FR	2	California, United States	US	USCA		36.17	-119.746	CA	20250926051500	https://www.tvguide.co.uk/schedule/ddd26ab5-958a-55f2-a11c-9dd448becfc5/my-lottery-dream-home
1265302274	20250926	202509	2025	2025.7288	USA	NEW YORK	USA								GHA	GHANA	GHA								1	110	110	11	3	-2.0	2	1	2	-4.06976744186047	1	Ghana	GH	GH		8	-2	GH	1	Ghana	GH	GH		8	-2	GH	1	Ghana	GH	GH		8	-2	GH	20250926051500	https://www.ghanaweb.com/GhanaHomePage/politics/Covid-19-Impact-on-Economy-President-Mahama-knew-the-truth-during-2024-campaign-Bawumia-2002387
1265302275	20250926	202509	2025	2025.7288	USA	NEW YORK	USA								GHA	GHANA	GHA								1	110	110	11	3	-2.0	10	1	10	-4.06976744186047	2	New York, United States	US	USNY		42.1497	-74.9384	NY	5	Eastern Region, Eastern, Ghana	GH	GH05	16613	6.5	-0.5	-2072690	5	Eastern Region, Eastern, Ghana	GH	GH05	16613	6.5	-0.5	-2072690	20250926051500	https://www.ghanaweb.com/GhanaHomePage/politics/Covid-19-Impact-on-Economy-President-Mahama-knew-the-truth-during-2024-campaign-Bawumia-2002387
1265302276	20250926	202509	2025	2025.7288	USA	UNITED STATES	USA								GHA	GHANA	GHA								1	110	110	11	3	-2.0	2	1	2	-4.06976744186047	2	New York, United States	US	USNY		42.1497	-74.9384	NY	1	Ghana	GH	GH		8	-2	GH	1	Ghana	GH	GH		8	-2	GH	20250926051500	https://www.ghanaweb.com/GhanaHomePage/politics/Covid-19-Impact-on-Economy-President-Mahama-knew-the-truth-during-2024-campaign-Bawumia-2002387
1265302277	20250926	202509	2025	2025.7288	USA	DALLAS	USA								GOV	PRESIDENT						GOV			1	010	010	01	1	0.0	4	1	4	-11.7647058823529	3	Dallas, Texas, United States	US	USTX	TX113	32.7831	-96.8067	1380944	3	Dallas, Texas, United States	US	USTX	TX113	32.7831	-96.8067	1380944	3	Dallas, Texas, United States	US	USTX	TX113	32.7831	-96.8067	1380944	20250926051500	https://article.wn.com/view/2025/09/26/Radical_Left_Responsible_Trump_Links_Dallas_Shooting_to_Poli/
1265302278	20250926	202509	2025	2025.7288	USA	UNITED STATES	USA								GOV	MAYOR						GOV			1	010	010	01	1	0.0	7	1	7	-1.35593220338983	3	City Of Opelika, Alabama, United States	US	USAL	AL081	32.66	-85.3803	2404435	3	City Of Opelika, Alabama, United States	US	USAL		32.66	-85.3803	2404435	3	City Of Opelika, Alabama, United States	US	USAL		32.66	-85.3803	2404435	20250926051500	https://www.theplainsman.com/article/2025/09/opelika-removes-2013-miss-america-signs-following-statements-about-charlie-kirk
1265302279	20250926	202509	2025	2025.7288	USA	UNITED STATES	USA								GOV	AUTHORITIES						GOV			0	013	013	01	1	0.4	4	1	4	-4.77941176470588	2	Minnesota, United States	US	USMN		45.7326	-93.9196	MN	2	Minnesota, United States	US	USMN		45.7326	-93.9196	MN	2	Minnesota, United States	US	USMN		45.7326	-93.9196	MN	20250926051500	https://thenightly.com.au/world/minnesota-parents-facing-charges-after-autistic-daughter-dies-trapped-in-broken-safety-bed-c-20150023
1265302280	20250926	202509	2025	2025.7288	USA	VIRGINIA	USA								GOVEDU	DEPARTMENT OF EDUCATION						GOV	EDU		1	130	130	13	3	-4.4	2	1	2	-2.25	3	Fairfax County, Virginia, United States	US	USVA	VA059	38.8501	-77.3497	1480119	3	Fairfax County, Virginia, United States	US	USVA		38.8501	-77.3497	1480119	3	Fairfax County, Virginia, United States	US	USVA		38.8501	-77.3497	1480119	20250926051500	https://wjla.com/news/local/locker-room-complaint-west-springfield-fairfax-county-boys-girls-suspect-campaign-issue-virginia-governor-race-bathroom-changing-clothes-family-foundation-fcps-governors-race
1265302281	20250926	202509	2025	2025.7288	USA	UNITED STATES	USA								HLH	PHYSICIAN						HLH			0	020	020	02	1	3.0	4	1	4	-0.89086859688196	3	Washington, District of Columbia, United States	US	USDC	DC001	38.8951	-77.0364	531871	3	Washington, District of Columbia, United States	US	USDC	DC001	38.8951	-77.0364	531871	3	Washington, District of Columbia, United States	US	USDC	DC001	38.8951	-77.0364	531871	20250926051500	https://www.cbsnews.com/news/dr-oz-says-of-course-pregnant-women-should-take-tylenol-if-a-doctor-says-so/
1265302282	20250926	202509	2025	2025.7288	USA	UNITED STATES	USA								HLH	DOCTOR						HLH			0	040	040	04	1	1.0	4	1	4	-0.89086859688196	3	Washington, District of Columbia, United States	US	USDC	DC001	38.8951	-77.0364	531871	3	Washington, District of Columbia, United States	US	USDC	DC001	38.8951	-77.0364	531871	3	Washington, District of Columbia, United States	US	USDC	DC001	38.8951	-77.0364	531871	20250926051500	https://www.cbsnews.com/news/dr-oz-says-of-course-pregnant-women-should-take-tylenol-if-a-doctor-says-so/
1265302283	20250926	202509	2025	2025.7288	USA	ROCHESTER	USA								ISR	ISRAEL	ISR								1	042	042	04	1	1.9	2	1	2	0	4	Gaza, Israel (general), Israel	IS	IS00	18315	31.4167	34.3333	-797156	4	Gaza, Israel (general), Israel	IS	IS00	18315	31.4167	34.3333	-797156	4	Gaza, Israel (general), Israel	IS	IS00	18315	31.4167	34.3333	-797156	20250926051500	https://13wham.com/news/local/congressman-joe-morelle-hosts-town-hall-for-constituents
1265302284	20250926	202509	2025	2025.7288	USA	UNITED STATES	USA								JUD	SUPREME COURT						JUD			1	036	036	03	1	4.0	4	1	4	5.79710144927536	2	Hawaii, United States	US	USHI		21.1098	-157.531	HI	2	Hawaii, United States	US	USHI		21.1098	-157.531	HI	2	Hawaii, United States	US	USHI		21.1098	-157.531	HI	20250926051500	https://www.yahoo.com/news/articles/sabrina-mckenna-lead-hawaii-judiciary-035000613.html
1265302285	20250926	202509	2025	2025.7288	USA	UNITED STATES	USA								JUD	PROSECUTOR						JUD			0	130	130	13	3	-4.4	4	1	4	-4.95110024449878	2	New York, United States	US	USNY		42.1497	-74.9384	NY	2	New York, United States	US	USNY		42.1497	-74.9384	NY	2	New York, United States	US	USNY		42.1497	-74.9384	NY	20250926051500	https://www.nzherald.co.nz/world/trump-has-laid-waste-to-the-us-post-watergate-norms-co-opting-the-criminal-justice-system/7K6HBCLUGZBWXB3O5FI4UM5M6A/
1265302286	20250926	202509	2025	2025.7288	USA	UNITED STATES	USA								JUD	PROSECUTOR						JUD			0	173	173	17	4	-5.0	1	1	1	-5.92885375494072	3	White House, District of Columbia, United States	US	USDC		38.8951	-77.0364	531871	3	White House, District of Columbia, United States	US	USDC		38.8951	-77.0364	531871	3	Loyola Marymount University, California, United States	US	USCA		33.9709	-118.419	245279	20250926051500	https://www.bbc.com/news/articles/c33r872egvjo
1265302287	20250926	202509	2025	2025.7288	USA	UNITED STATES	USA								JUD	PROSECUTOR						JUD			0	173	173	17	4	-5.0	1	1	1	-5.92885375494072	3	White House, District of Columbia, United States	US	USDC		38.8951	-77.0364	531871	2	Virginia, United States	US	USVA		37.768	-78.2057	VA	3	Loyola Marymount University, California, United States	US	USCA		33.9709	-118.419	245279	20250926051500	https://www.bbc.com/news/articles/c33r872egvjo
1265302288	20250926	202509	2025	2025.7288	USA	UNITED STATES	USA								LAB	EMPLOYEE						LAB			1	010	010	01	1	0.0	2	1	2	0	3	Houston, Texas, United States	US	USTX	TX201	29.7633	-95.3633	1380948	3	Houston, Texas, United States	US	USTX	TX201	29.7633	-95.3633	1380948	3	Houston, Texas, United States	US	USTX	TX201	29.7633	-95.3633	1380948	20250926051500	https://www.khou.com/article/news/local/texas-starbucks-closing-list-houston/285-e477339a-1d0a-4b35-8380-98bf1ce0e32f
1265302289	20250926	202509	2025	2025.7288	USA	UNITED STATES	USA								LAB	WORKER						LAB			0	013	013	01	1	0.4	4	1	4	-4.77941176470588	2	Minnesota, United States	US	USMN		45.7326	-93.9196	MN	2	Minnesota, United States	US	USMN		45.7326	-93.9196	MN	2	Minnesota, United States	US	USMN		45.7326	-93.9196	MN	20250926051500	https://thenightly.com.au/world/minnesota-parents-facing-charges-after-autistic-daughter-dies-trapped-in-broken-safety-bed-c-20150023
1265302290	20250926	202509	2025	2025.7288	USA	UNITED STATES	USA								LAB	WORKER						LAB			1	042	042	04	1	1.9	4	1	4	3.53982300884956	3	El Paso, Texas, United States	US	USTX	TX141	31.7587	-106.487	1380946	3	El Paso, Texas, United States	US	USTX		31.7587	-106.487	1380946	3	El Paso, Texas, United States	US	USTX		31.7587	-106.487	1380946	20250926051500	https://kvia.com/news/business-technology/2025/09/25/el-paso-mayor-renard-johnson-tours-readyone-industries/
1265302291	20250926	202509	2025	2025.7288	USA	UNITED STATES	USA								LEG	CONGRESS						LEG			1	112	112	11	3	-2.0	4	1	4	-7.86516853932584	2	Virginia, United States	US	USVA		37.768	-78.2057	VA	2	Virginia, United States	US	USVA		37.768	-78.2057	VA	2	Virginia, United States	US	USVA		37.768	-78.2057	VA	20250926051500	https://www.theepochtimes.com/us/former-fbi-director-james-comey-indicted-what-to-know-5920683
1265302292	20250926	202509	2025	2025.7288	USA	UNITED STATES	USA								MED	JOURNALIST						MED			1	046	046	04	1	7.0	4	1	4	-2.18068535825545	2	Oklahoma, United States	US	USOK		35.5376	-96.9247	OK	2	Oklahoma, United States	US	USOK		35.5376	-96.9247	OK	2	Oklahoma, United States	US	USOK		35.5376	-96.9247	OK	20250926051500	http://www.news9.com/story/68d5e72351db8cb9d28e7da9/questions-remain-after-ryan-walters-announces-resignation
1265302293	20250926	202509	2025	2025.7288	USA	KENTUCKY	USA								MIL	COMMANDER						MIL			1	051	051	05	1	3.4	6	1	6	-0.30769230769231	3	Shelbyville, Kentucky, United States	US	USKY	KY211	38.212	-85.2236	503326	3	Shelbyville, Kentucky, United States	US	USKY	KY211	38.212	-85.2236	503326	3	Shelbyville, Kentucky, United States	US	USKY	KY211	38.212	-85.2236	503326	20250926051500	https://www.wkyt.com/2025/09/26/i-dont-hold-grudges-rep-thomas-massie-unaffected-by-negative-attention-president-trump/
1265302294	20250926	202509	2025	2025.7288	USA	KENTUCKY	USA								MIL	COMMANDER						MIL			1	051	051	05	1	3.4	4	1	4	-0.30769230769231	2	Kentucky, United States	US	USKY		37.669	-84.6514	KY	2	Kentucky, United States	US	USKY		37.669	-84.6514	KY	2	Kentucky, United States	US	USKY		37.669	-84.6514	KY	20250926051500	https://www.wkyt.com/2025/09/26/i-dont-hold-grudges-rep-thomas-massie-unaffected-by-negative-attention-president-trump/
1265302295	20250926	202509	2025	2025.7288	USA	UNITED STATES	USA								RUS	RUSSIA	RUS								1	043	043	04	1	2.8	4	1	4	-3.0716723549488	3	White House, District of Columbia, United States	US	USDC		38.8951	-77.0364	531871	4	Moscow, Moskva, Russia	RS	RS48	25106	55.7522	37.6156	-2960561	3	White House, District of Columbia, United States	US	USDC		38.8951	-77.0364	531871	20250926051500	http://www.bgnes.com/politics/trump-urges-erdogan-to-stop-buying-russian-oil
1265302296	20250926	202509	2025	2025.7288	USA	UNITED STATES	USA								THA	THAILAND	THA								0	1121	112	11	3	-2.0	4	1	4	-7.21357850070721	3	White House, District of Columbia, United States	US	USDC		38.8951	-77.0364	531871	4	Bangkok, Krung Thep Mahanakhon, Thailand	TH	TH40	26423	13.75	100.517	-3250083	4	Bangkok, Krung Thep Mahanakhon, Thailand	TH	TH40	26423	13.75	100.517	-3250083	20250926051500	https://www.bangkokpost.com/world/3111098/former-fbi-director-charged-as-trump-steps-up-retribution-drive
1265302297	20250926	202509	2025	2025.7288	USA	NEW YORK	USA								USABUS	AMERICAN	USA					BUS			1	043	043	04	1	2.8	6	1	6	-4.29184549356223	2	New York, United States	US	USNY		42.1497	-74.9384	NY	3	White House, District of Columbia, United States	US	USDC		38.8951	-77.0364	531871	2	New York, United States	US	USNY		42.1497	-74.9384	NY	20250926051500	https://www.travelextra.ie/here-are-12-takeaways-from-michael-olearys-press-briefing-in-dublin/
1265302298	20250926	202509	2025	2025.7288	USA	UNITED STATES	USA								USACVL	UNITED STATES	USA					CVL			1	020	020	02	1	3.0	2	1	2	-3.16742081447963	3	Miami, Florida, United States	US	USFL	FL086	25.7743	-80.1937	295004	3	Miami, Florida, United States	US	USFL	FL086	25.7743	-80.1937	295004	3	Miami, Florida, United States	US	USFL	FL086	25.7743	-80.1937	295004	20250926051500	https://www.wlrn.org/news-in-brief/2025-09-25/florida-attorney-general-candidate-slams-fpls-massive-rate-hike-proposal
1265302299	20250926	202509	2025	2025.7288	USA	UNITED STATES	USA								USAGOV	UNITED STATES	USA					GOV			1	010	010	01	1	0.0	1	1	1	-11.7647058823529	3	Dallas, Texas, United States	US	USTX	TX113	32.7831	-96.8067	1380944	3	Dallas, Texas, United States	US	USTX	TX113	32.7831	-96.8067	1380944	3	Dallas, Texas, United States	US	USTX	TX113	32.7831	-96.8067	1380944	20250926051500	https://article.wn.com/view/2025/09/26/Radical_Left_Responsible_Trump_Links_Dallas_Shooting_to_Poli/
1265302300	20250926	202509	2025	2025.7288	USA	AMERICAN	USA								USAGOV	THE WHITE HOUSE	USA					GOV			1	114	114	11	3	-2.0	4	1	4	-4.29184549356223	3	White House, District of Columbia, United States	US	USDC		38.8951	-77.0364	531871	3	White House, District of Columbia, United States	US	USDC		38.8951	-77.0364	531871	3	White House, District of Columbia, United States	US	USDC		38.8951	-77.0364	531871	20250926051500	https://www.travelextra.ie/here-are-12-takeaways-from-michael-olearys-press-briefing-in-dublin/
1265302301	20250926	202509	2025	2025.7288	USA	UNITED STATES	USA								USAGOV	UNITED STATES	USA					GOV			1	193	193	19	4	-10.0	2	1	2	-11.7647058823529	3	Dallas, Texas, United States	US	USTX	TX113	32.7831	-96.8067	1380944	3	Dallas, Texas, United States	US	USTX	TX113	32.7831	-96.8067	1380944	3	Dallas, Texas, United States	US	USTX	TX113	32.7831	-96.8067	1380944	20250926051500	https://article.wn.com/view/2025/09/26/Radical_Left_Responsible_Trump_Links_Dallas_Shooting_to_Poli/
1265302302	20250926	202509	2025	2025.7288	USA	UNITED STATES	USA								USAMED	REUTERS	USA					MED			1	010	010	01	1	0.0	1	1	1	-1.4957264957265	3	Washington, District of Columbia, United States	US	USDC	DC001	38.8951	-77.0364	531871	2	Virginia, United States	US	USVA		37.768	-78.2057	VA	2	Virginia, United States	US	USVA		37.768	-78.2057	VA	20250926051500	https://www.asiaone.com/world/pentagon-chief-orders-us-military-officials-around-world-virginia-next-week
1265302303	20250926	202509	2025	2025.7288	USA	TENNESSEE	USA								USAPRI	PUERTO RICO	USA								1	192	192	19	4	-9.5	2	1	2	1.49253731343284	2	Tennessee, United States	US	USTN		35.7449	-86.7489	TN	1	Puerto Rico	RQ	RQ		18.2359	-66.4838	RQ	2	Tennessee, United States	US	USTN		35.7449	-86.7489	TN	20250926051500	https://www.caribjournal.com/2025/09/25/us-virgin-islands-st-thomas-dominica/
1265302304	20250926	202509	2025	2025.7288	USABUS	THE US	USA					BUS													1	046	046	04	1	7.0	10	1	10	2.66272189349113	1	United States	US	US		39.828175	-98.5795	US	0								1	United States	US	US		39.828175	-98.5795	US	20250926051500	https://www.thesouthafrican.com/news/ramaphosa-pushes-for-renewal-of-agoa-agreement/
1265302305	20250926	202509	2025	2025.7288	USABUS	AMERICAN	USA					BUS			USA	NEW YORK	USA								1	042	042	04	1	1.9	6	1	6	-4.29184549356223	3	White House, District of Columbia, United States	US	USDC		38.8951	-77.0364	531871	2	New York, United States	US	USNY		42.1497	-74.9384	NY	2	New York, United States	US	USNY		42.1497	-74.9384	NY	20250926051500	https://www.travelextra.ie/here-are-12-takeaways-from-michael-olearys-press-briefing-in-dublin/
1265302306	20250926	202509	2025	2025.7288	USABUS	UNITED STATES	USA					BUS			USA	UNITED STATES	USA								1	114	114	11	3	-2.0	4	1	4	-4.29184549356223	3	White House, District of Columbia, United States	US	USDC		38.8951	-77.0364	531871	3	White House, District of Columbia, United States	US	USDC		38.8951	-77.0364	531871	3	White House, District of Columbia, United States	US	USDC		38.8951	-77.0364	531871	20250926051500	https://www.travelextra.ie/here-are-12-takeaways-from-michael-olearys-press-briefing-in-dublin/
1265302307	20250926	202509	2025	2025.7288	USABUS	AMERICAN	USA					BUS			USAGOV	THE WHITE HOUSE	USA					GOV			1	114	114	11	3	-2.0	2	1	2	-4.29184549356223	3	White House, District of Columbia, United States	US	USDC		38.8951	-77.0364	531871	3	White House, District of Columbia, United States	US	USDC		38.8951	-77.0364	531871	3	White House, District of Columbia, United States	US	USDC		38.8951	-77.0364	531871	20250926051500	https://www.travelextra.ie/here-are-12-takeaways-from-michael-olearys-press-briefing-in-dublin/
1265302308	20250926	202509	2025	2025.7288	USACVL	UNITED STATES	USA					CVL													0	043	043	04	1	2.8	6	1	6	4.9645390070922	3	Bucks County, Pennsylvania, United States	US	USPA	PA017	40.5004	-75.3749	1209173	0								3	Bucks County, Pennsylvania, United States	US	USPA		40.5004	-75.3749	1209173	20250926051500	https://www.pressreleasepoint.com/deputy-treasurer-julie-peachey-and-bucks-county-controller-pam-van-blunk-bring-awareness-unclaimed
1265302309	20250926	202509	2025	2025.7288	USACVL	MIAMI	USA					CVL			USA	FLORIDA	USA								1	020	020	02	1	3.0	3	1	3	-3.16742081447963	3	Miami, Florida, United States	US	USFL	FL086	25.7743	-80.1937	295004	3	Miami, Florida, United States	US	USFL	FL086	25.7743	-80.1937	295004	3	Miami, Florida, United States	US	USFL	FL086	25.7743	-80.1937	295004	20250926051500	https://www.wlrn.org/news-in-brief/2025-09-25/florida-attorney-general-candidate-slams-fpls-massive-rate-hike-proposal
1265302310	20250926	202509	2025	2025.7288	USAEDU	VIRGINIA	USA					EDU			GOVEDU	DEPARTMENT OF EDUCATION						GOV	EDU		1	130	130	13	3	-4.4	3	1	3	-2.25	3	Fairfax County, Virginia, United States	US	USVA	VA059	38.8501	-77.3497	1480119	3	Fairfax County, Virginia, United States	US	USVA		38.8501	-77.3497	1480119	3	Fairfax County, Virginia, United States	US	USVA		38.8501	-77.3497	1480119	20250926051500	https://wjla.com/news/local/locker-room-complaint-west-springfield-fairfax-county-boys-girls-suspect-campaign-issue-virginia-governor-race-bathroom-changing-clothes-family-foundation-fcps-governors-race
1265302311	20250926	202509	2025	2025.7288	USAGOV	JOE BIDEN	USA					GOV													0	010	010	01	1	0.0	4	1	4	-6.63856691253951	2	California, United States	US	USCA		36.17	-119.746	CA	0								2	California, United States	US	USCA		36.17	-119.746	CA	20250926051500	https://economictimes.indiatimes.com/nri/latest-updates/indian-who-arrived-in-us-illegally-arrested-for-causing-multi-vehicle-crash-in-california/articleshow/124143203.cms
1265302312	20250926	202509	2025	2025.7288	USAGOV	UNITED STATES	USA					GOV													1	090	090	09	2	-2.0	4	1	4	-1.1764705882353	1	United States	US	US		39.828175	-98.5795	US	0								1	United States	US	US		39.828175	-98.5795	US	20250926051500	http://www.bgnes.com/economy/trump-announces-tariffs-on-drugs-trucks-and-home-reno-materials
1265302313	20250926	202509	2025	2025.7288	USAGOV	THE WHITE HOUSE	USA					GOV			JUD	PROSECUTOR						JUD			0	130	130	13	3	-4.4	6	1	6	-4.95110024449878	2	New York, United States	US	USNY		42.1497	-74.9384	NY	2	New York, United States	US	USNY		42.1497	-74.9384	NY	2	New York, United States	US	USNY		42.1497	-74.9384	NY	20250926051500	https://www.nzherald.co.nz/world/trump-has-laid-waste-to-the-us-post-watergate-norms-co-opting-the-criminal-justice-system/7K6HBCLUGZBWXB3O5FI4UM5M6A/
1265302314	20250926	202509	2025	2025.7288	USAGOV	A US	USA					GOV			LEG	CONGRESS						LEG			1	120	120	12	3	-4.0	10	1	10	-4.89795918367347	0								0								0								20250926051500	https://www.fxstreet.com/cryptocurrencies/news/story-aster-flare-and-avalanche-lead-crypto-market-losses-as-liquidations-top-1-billion-202509260330
1265302315	20250926	202509	2025	2025.7288	USAGOV	THE WHITE HOUSE	USA					GOV			RUS	RUSSIAN	RUS								1	043	043	04	1	2.8	2	1	2	-3.0716723549488	4	Ankara, Ankara, Turkey	TU	TU68	27516	39.9272	32.8644	-735338	4	Ankara, Ankara, Turkey	TU	TU68	27516	39.9272	32.8644	-735338	3	White House, District of Columbia, United States	US	USDC		38.8951	-77.0364	531871	20250926051500	http://www.bgnes.com/politics/trump-urges-erdogan-to-stop-buying-russian-oil
1265302316	20250926	202509	2025	2025.7288	USAGOV	THE WHITE HOUSE	USA					GOV			RUS	RUSSIAN	RUS								1	043	043	04	1	2.8	4	1	4	-3.0716723549488	3	White House, District of Columbia, United States	US	USDC		38.8951	-77.0364	531871	4	Moscow, Moskva, Russia	RS	RS48	25106	55.7522	37.6156	-2960561	3	White House, District of Columbia, United States	US	USDC		38.8951	-77.0364	531871	20250926051500	http://www.bgnes.com/politics/trump-urges-erdogan-to-stop-buying-russian-oil
1265302317	20250926	202509	2025	2025.7288	USAGOV	OVAL OFFICE	USA					GOV			TUR	TURKEY	TUR								0	100	100	10	3	-5.0	3	1	3	-1.76470588235294	3	White House, District of Columbia, United States	US	USDC		38.8951	-77.0364	531871	4	Ankara, Ankara, Turkey	TU	TU68	27516	39.9272	32.8644	-735338	4	Ankara, Ankara, Turkey	TU	TU68	27516	39.9272	32.8644	-735338	20250926051500	https://cyprus-mail.com/2025/09/26/trump-erdogan-signal-closer-us-turkey-ties-amid-shifts-on-russian-oil-f-35-jets-purchase-back-on-the-table
1265302318	20250926	202509	2025	2025.7288	USAGOV	FLORIDA	USA					GOV			USA	FLORIDA	USA								1	020	020	02	1	3.0	3	1	3	-3.16742081447963	3	Miami, Florida, United States	US	USFL	FL086	25.7743	-80.1937	295004	3	Miami, Florida, United States	US	USFL	FL086	25.7743	-80.1937	295004	3	Miami, Florida, United States	US	USFL	FL086	25.7743	-80.1937	295004	20250926051500	https://www.wlrn.org/news-in-brief/2025-09-25/florida-attorney-general-candidate-slams-fpls-massive-rate-hike-proposal
1265302319	20250926	202509	2025	2025.7288	USAGOV	UNITED STATES	USA					GOV			USA	THE US	USA								1	042	042	04	1	1.9	2	1	2	2.66272189349113	1	South Africa	SF	SF		-30	26	SF	1	South Africa	SF	SF		-30	26	SF	1	South Africa	SF	SF		-30	26	SF	20250926051500	https://www.thesouthafrican.com/news/ramaphosa-pushes-for-renewal-of-agoa-agreement/
1265302320	20250926	202509	2025	2025.7288	USAGOV	UNITED STATES	USA					GOV			USA	DALLAS	USA								1	112	112	11	3	-2.0	2	1	2	-11.7647058823529	3	Dallas, Texas, United States	US	USTX	TX113	32.7831	-96.8067	1380944	3	Dallas, Texas, United States	US	USTX	TX113	32.7831	-96.8067	1380944	3	Dallas, Texas, United States	US	USTX	TX113	32.7831	-96.8067	1380944	20250926051500	https://article.wn.com/view/2025/09/26/Radical_Left_Responsible_Trump_Links_Dallas_Shooting_to_Poli/
1265302321	20250926	202509	2025	2025.7288	USAGOVMIL	UNITED STATES	USA					GOV	MIL		USAMED	REUTERS	USA					MED			1	010	010	01	1	0.0	1	1	1	-1.4957264957265	3	Washington, District of Columbia, United States	US	USDC	DC001	38.8951	-77.0364	531871	2	Virginia, United States	US	USVA		37.768	-78.2057	VA	2	Virginia, United States	US	USVA		37.768	-78.2057	VA	20250926051500	https://www.asiaone.com/world/pentagon-chief-orders-us-military-officials-around-world-virginia-next-week
1265302322	20250926	202509	2025	2025.7288	VEN	VENEZUELAN	VEN								CVL	MIGRANT						CVL			1	043	043	04	1	2.8	10	1	10	1.86335403726708	1	Venezuela	VE	VE		8	-66	VE	1	Venezuela	VE	VE		8	-66	VE	1	Venezuela	VE	VE		8	-66	VE	20250926051500	https://www.therecord.com/news/world/americas/migrants-return-to-venezuelan-a-gold-mine-rescue-and-more-top-photos-this-week-from/article_4360f713-63b1-5ab9-a522-87ce116d464c.html
1265302323	20250926	202509	2025	2025.7288	aka	ASANTE			aka																1	110	110	11	3	-2.0	2	1	2	-2.28136882129278	4	Suhum, Ghana (general), Ghana	GH	GH00	16572	6.53333	-1.06667	-2079009	0								4	Suhum, Ghana (general), Ghana	GH	GH00	16572	6.53333	-1.06667	-2079009	20250926051500	https://www.ghanaweb.com/GhanaHomePage/crime/Koforidua-High-Court-to-rule-on-Suhum-election-petition-before-2025-26-legal-year-ends-2002360
1265302324	20250926	202509	2025	2025.7288	aka	ASANTE			aka						GHA	GHANA	GHA								1	110	110	11	3	-2.0	1	1	1	-2.28136882129278	4	Suhum, Ghana (general), Ghana	GH	GH00	16572	6.53333	-1.06667	-2079009	4	Accra, Greater Accra, Ghana	GH	GH01	190655	5.55	-0.216667	-2067935	4	Suhum, Ghana (general), Ghana	GH	GH00	16572	6.53333	-1.06667	-2079009	20250926051500	https://www.ghanaweb.com/GhanaHomePage/crime/Koforidua-High-Court-to-rule-on-Suhum-election-petition-before-2025-26-legal-year-ends-2002360
1265302325	20250926	202509	2025	2025.7288	aka	ASANTE			aka						GHA	GHANA	GHA								1	110	110	11	3	-2.0	5	1	5	-2.28136882129278	4	Suhum, Ghana (general), Ghana	GH	GH00	16572	6.53333	-1.06667	-2079009	4	Suhum, Ghana (general), Ghana	GH	GH00	16572	6.53333	-1.06667	-2079009	4	Suhum, Ghana (general), Ghana	GH	GH00	16572	6.53333	-1.06667	-2079009	20250926051500	https://www.ghanaweb.com/GhanaHomePage/crime/Koforidua-High-Court-to-rule-on-Suhum-election-petition-before-2025-26-legal-year-ends-2002360
1265302326	20250926	202509	2025	2025.7288	smi	SAMI			smi						PAK	PAKISTANI	PAK								1	172	172	17	4	-5.0	8	1	8	1.23711340206185	4	Pahalgam, Jammu and Kashmir, India	IN	IN12	72789	34.0333	75.3333	-2106704	4	Pahalgam, Jammu and Kashmir, India	IN	IN12	72789	34.0333	75.3333	-2106704	4	Pahalgam, Jammu and Kashmir, India	IN	IN12	72789	34.0333	75.3333	-2106704	20250926051500	https://www.hindustantimes.com/htcity/cinema/exclusive-adnan-sami-on-indias-ban-on-pakistani-artists-its-justified-nation-has-to-come-first-before-art-101758858741608.html
