1270929182	20151030	201510	2015	2015.8219	DEU	GERMANY	DEU																		0	180	180	18	4	-9.0	10	1	10	-8.72395833333333	4	Mannheim, Baden-Wüberg, Germany	GM	GM01	16554	49.4883	8.46472	-1822951	0								4	Mannheim, Baden-Wüberg, Germany	GM	GM01	16554	49.4883	8.46472	-1822951	20251027151500	https://wcbm.com/national-headline/toxic-empathy-is-killing-the-west-grooming-gang-survivors-quit-uk-inquiry-over-labours-cover-up/
1270929183	20151030	201510	2015	2015.8219	DEU	GERMANY	DEU																		0	1821	182	18	4	-9.0	10	1	10	-8.72395833333333	4	Mannheim, Baden-Wüberg, Germany	GM	GM01	16554	49.4883	8.46472	-1822951	0								4	Mannheim, Baden-Wüberg, Germany	GM	GM01	16554	49.4883	8.46472	-1822951	20251027151500	https://wcbm.com/national-headline/toxic-empathy-is-killing-the-west-grooming-gang-survivors-quit-uk-inquiry-over-labours-cover-up/
1270929184	20241027	202410	2024	2024.8137	BGD	BANGLADESH	BGD								GOV	CHIEF MINISTER						GOV			0	012	012	01	1	-0.4	2	1	2	-3.78031383737517	5	Nagaland, Nagaland, India	IN	IN20	17807	26	94.25	-2105305	5	Nagaland, Nagaland, India	IN	IN20	17807	26	94.25	-2105305	4	Tripura, Rangpur, Bangladesh	BG	BG87	70290	25.2622	88.9927	10822247	20251027151500	https://economictimes.indiatimes.com/news/defence/is-muhammad-yunus-of-bangladesh-needling-india-again/articleshow/124851969.cms
1270929185	20241027	202410	2024	2024.8137	BGD	BANGLADESH	BGD								GOV	CHIEF MINISTER						GOV			0	012	012	01	1	-0.4	6	1	6	-3.78031383737517	4	Tripura, Rangpur, Bangladesh	BG	BG87	70290	25.2622	88.9927	10822247	5	Nagaland, Nagaland, India	IN	IN20	17807	26	94.25	-2105305	5	Nagaland, Nagaland, India	IN	IN20	17807	26	94.25	-2105305	20251027151500	https://economictimes.indiatimes.com/news/defence/is-muhammad-yunus-of-bangladesh-needling-india-again/articleshow/124851969.cms
1270929186	20241027	202410	2024	2024.8137	BGD	BANGLADESH	BGD								INDGOV	NAGALAND	IND					GOV			0	012	012	01	1	-0.4	2	1	2	-3.78031383737517	4	Tripura, Rangpur, Bangladesh	BG	BG87	70290	25.2622	88.9927	10822247	5	Nagaland, Nagaland, India	IN	IN20	17807	26	94.25	-2105305	5	Nagaland, Nagaland, India	IN	IN20	17807	26	94.25	-2105305	20251027151500	https://economictimes.indiatimes.com/news/defence/is-muhammad-yunus-of-bangladesh-needling-india-again/articleshow/124851969.cms
1270929187	20241027	202410	2024	2024.8137	EDU	SCHOOL						EDU													1	020	020	02	1	3.0	5	1	5	-3.82352941176471	3	Zion National Park, Utah, United States	US	USUT	UT053	37.3	-113.051	1455157	0								3	Zion National Park, Utah, United States	US	USUT		37.3	-113.051	1455157	20251027151500	https://www.neurologyadvisor.com/news/measles-outbreak-spreads-beyond-utah-arizona-border-123-cases-reported/
1270929188	20241027	202410	2024	2024.8137	GOV	ADMINISTRATION						GOV			USA	UNITED STATES	USA								0	010	010	01	1	0.0	2	1	2	-3.69515011547344	3	Los Angeles, California, United States	US	USCA	CA037	34.0522	-118.244	1662328	3	Los Angeles, California, United States	US	USCA		34.0522	-118.244	1662328	3	Los Angeles, California, United States	US	USCA		34.0522	-118.244	1662328	20251027151500	https://lostcoastoutpost.com/2025/oct/27/california-latinos-take-pride-in-casting-ballots-i/
1270929189	20241027	202410	2024	2024.8137	SAUGOV	ABDULLAH	SAU					GOV			TURGOV	RECEP TAYYIP ERDOGAN	TUR					GOV			0	046	046	04	1	7.0	1	1	1	0.5736137667304	4	Ankara, Ankara, Turkey	TU	TU68	27516	39.9272	32.8644	-735338	4	Ankara, Ankara, Turkey	TU	TU68	27516	39.9272	32.8644	-735338	4	Ankara, Ankara, Turkey	TU	TU68	27516	39.9272	32.8644	-735338	20251027151500	https://www.yahoo.com/news/articles/pkk-withdrawal-ends-first-peace-144324303.html
1270929190	20241027	202410	2024	2024.8137	SAUGOV	ABDULLAH	SAU					GOV			TURGOV	RECEP TAYYIP ERDOGAN	TUR					GOV			0	046	046	04	1	7.0	3	1	3	0.5736137667304	4	Imrali, Bursa, Turkey	TU	TU16	27669	40.55	28.5333	-754464	4	Imrali, Bursa, Turkey	TU	TU16	27669	40.55	28.5333	-754464	4	Imrali, Bursa, Turkey	TU	TU16	27669	40.55	28.5333	-754464	20251027151500	https://www.yahoo.com/news/articles/pkk-withdrawal-ends-first-peace-144324303.html
1270929191	20241027	202410	2024	2024.8137	SAUGOV	ABDULLAH	SAU					GOV			TURGOV	RECEP TAYYIP ERDOGAN	TUR					GOV			0	0841	084	08	2	7.0	1	1	1	0.5736137667304	4	Ankara, Ankara, Turkey	TU	TU68	27516	39.9272	32.8644	-735338	4	Ankara, Ankara, Turkey	TU	TU68	27516	39.9272	32.8644	-735338	4	Ankara, Ankara, Turkey	TU	TU68	27516	39.9272	32.8644	-735338	20251027151500	https://www.yahoo.com/news/articles/pkk-withdrawal-ends-first-peace-144324303.html
1270929192	20241027	202410	2024	2024.8137	SAUGOV	ABDULLAH	SAU					GOV			TURGOV	RECEP TAYYIP ERDOGAN	TUR					GOV			0	0841	084	08	2	7.0	3	1	3	0.5736137667304	4	Imrali, Bursa, Turkey	TU	TU16	27669	40.55	28.5333	-754464	4	Imrali, Bursa, Turkey	TU	TU16	27669	40.55	28.5333	-754464	4	Imrali, Bursa, Turkey	TU	TU16	27669	40.55	28.5333	-754464	20251027151500	https://www.yahoo.com/news/articles/pkk-withdrawal-ends-first-peace-144324303.html
1270929193	20241027	202410	2024	2024.8137	TUR	TURKEY	TUR								GOV	PRESIDENT						GOV			0	0841	084	08	2	7.0	1	1	1	0.5736137667304	4	Ankara, Ankara, Turkey	TU	TU68	27516	39.9272	32.8644	-735338	4	Ankara, Ankara, Turkey	TU	TU68	27516	39.9272	32.8644	-735338	4	Ankara, Ankara, Turkey	TU	TU68	27516	39.9272	32.8644	-735338	20251027151500	https://www.yahoo.com/news/articles/pkk-withdrawal-ends-first-peace-144324303.html
1270929194	20241027	202410	2024	2024.8137	TURGOV	RECEP TAYYIP ERDOGAN	TUR					GOV			SAUGOV	ABDULLAH	SAU					GOV			0	046	046	04	1	7.0	1	1	1	0.5736137667304	4	Ankara, Ankara, Turkey	TU	TU68	27516	39.9272	32.8644	-735338	4	Ankara, Ankara, Turkey	TU	TU68	27516	39.9272	32.8644	-735338	4	Ankara, Ankara, Turkey	TU	TU68	27516	39.9272	32.8644	-735338	20251027151500	https://www.yahoo.com/news/articles/pkk-withdrawal-ends-first-peace-144324303.html
1270929195	20241027	202410	2024	2024.8137	TURGOV	RECEP TAYYIP ERDOGAN	TUR					GOV			SAUGOV	ABDULLAH	SAU					GOV			0	046	046	04	1	7.0	3	1	3	0.5736137667304	4	Imrali, Bursa, Turkey	TU	TU16	27669	40.55	28.5333	-754464	4	Imrali, Bursa, Turkey	TU	TU16	27669	40.55	28.5333	-754464	4	Imrali, Bursa, Turkey	TU	TU16	27669	40.55	28.5333	-754464	20251027151500	https://www.yahoo.com/news/articles/pkk-withdrawal-ends-first-peace-144324303.html
1270929196	20241027	202410	2024	2024.8137	USA	COLORADO	USA																		0	127	127	12	3	-5.0	2	1	2	-1.0371650821089	3	Lake Mead, Nevada, United States	US	USNV	NV003	36.1725	-114.43	7862	0								3	Las Vegas, Nevada, United States	US	USNV		36.175	-115.137	847388	20251027151500	https://www.jdsupra.com/legalnews/special-water-supply-edition-california-3712638/
1270929197	20241027	202410	2024	2024.8137	USA	COLORADO	USA																		0	127	127	12	3	-5.0	8	1	8	-1.0371650821089	3	Las Vegas, Nevada, United States	US	USNV	NV003	36.175	-115.137	847388	0								3	Las Vegas, Nevada, United States	US	USNV		36.175	-115.137	847388	20251027151500	https://www.jdsupra.com/legalnews/special-water-supply-edition-california-3712638/
1270929198	20250927	202509	2025	2025.7315											GOV	PRESIDENT						GOV			1	036	036	03	1	4.0	3	1	3	1.89873417721519	0								4	Dublin, Dublin, Ireland	EI	EI07	18288	53.3331	-6.24889	-1502554	4	Dublin, Dublin, Ireland	EI	EI07	18288	53.3331	-6.24889	-1502554	20251027151500	https://www.live95fm.ie/news/live95-news/michael-d-higgins-admitted-to-hospital-overnight/
1270929199	20250927	202509	2025	2025.7315	AFR	AFRICA	AFR								USAMED	REUTERS	USA					MED			1	013	013	01	1	0.4	10	1	10	0	4	Johannesburg, Gauteng, South Africa	SF	SF06	77364	-26.2	28.0833	-1240261	4	Johannesburg, Gauteng, South Africa	SF	SF06	77364	-26.2	28.0833	-1240261	4	Johannesburg, Gauteng, South Africa	SF	SF06	77364	-26.2	28.0833	-1240261	20251027151500	https://www.straitstimes.com/asia/US-Vice-President-Vance-plans-Kenya-visit-source-says
1270929200	20250927	202509	2025	2025.7315	AUSMED	AUSTRALIA	AUS					MED			AUS	ADELAIDE	AUS								0	020	020	02	1	3.0	1	1	1	0.51724137931035	4	Adelaide, South Australia, Australia	AS	AS05	5256	-34.9333	138.6	-1555188	4	Adelaide, South Australia, Australia	AS	AS05	5256	-34.9333	138.6	-1555188	4	Adelaide, South Australia, Australia	AS	AS05	5256	-34.9333	138.6	-1555188	20251027151500	https://www.mirror.co.uk/news/royals/king-charles-doesnt-like-loose-36140159
1270929201	20250927	202509	2025	2025.7315	IRL	IRELAND	IRL								GOV	PRESIDENT						GOV			1	036	036	03	1	4.0	3	1	3	1.89873417721519	4	Dublin, Dublin, Ireland	EI	EI07	18288	53.3331	-6.24889	-1502554	4	Dublin, Dublin, Ireland	EI	EI07	18288	53.3331	-6.24889	-1502554	4	Dublin, Dublin, Ireland	EI	EI07	18288	53.3331	-6.24889	-1502554	20251027151500	https://www.live95fm.ie/news/live95-news/michael-d-higgins-admitted-to-hospital-overnight/
1270929202	20250927	202509	2025	2025.7315	KEN	NAIROBI	KEN								AFR	AFRICA	AFR								1	036	036	03	1	4.0	10	1	10	0	4	Nairobi, Nairobi Area, Kenya	KE	KE05	18585	-1.28333	36.8167	-2258072	4	Johannesburg, Gauteng, South Africa	SF	SF06	77364	-26.2	28.0833	-1240261	4	Nairobi, Nairobi Area, Kenya	KE	KE05	18585	-1.28333	36.8167	-2258072	20251027151500	https://www.straitstimes.com/asia/US-Vice-President-Vance-plans-Kenya-visit-source-says
1270929203	20250927	202509	2025	2025.7315	MED	COMMENTATOR						MED			AUS	ADELAIDE	AUS								0	020	020	02	1	3.0	8	1	8	0.51724137931035	4	Adelaide, South Australia, Australia	AS	AS05	5256	-34.9333	138.6	-1555188	4	Adelaide, South Australia, Australia	AS	AS05	5256	-34.9333	138.6	-1555188	4	Adelaide, South Australia, Australia	AS	AS05	5256	-34.9333	138.6	-1555188	20251027151500	https://www.mirror.co.uk/news/royals/king-charles-doesnt-like-loose-36140159
1270929204	20251020	202510	2025	2025.7945											EDU	SCHOOL						EDU			0	040	040	04	1	1.0	6	1	6	-2.4793388429752	0								1	Ireland	EI	EI		53	-8	EI	1	Ireland	EI	EI		53	-8	EI	20251027151500	https://www.startribune.com/nuremberg-new-movie-us-foreign-policy-ww2/601504026
1270929205	20251020	202510	2025	2025.7945	COP	POLICE						COP			USA	PHOENIX	USA								1	193	193	19	4	-10.0	1	1	1	-11.3636363636364	2	Arizona, United States	US	USAZ		33.7712	-111.388	AZ	3	Phoenix, Arizona, United States	US	USAZ	AZ013	33.4484	-112.074	44784	2	Arizona, United States	US	USAZ		33.7712	-111.388	AZ	20251027151500	https://ktar.com/arizona-news/suspect-phoenix-shooting-hospital/5766338/
1270929206	20251020	202510	2025	2025.7945	COP	POLICE						COP			USA	PHOENIX	USA								1	193	193	19	4	-10.0	1	1	1	-11.3636363636364	2	Arizona, United States	US	USAZ		33.7712	-111.388	AZ	2	Arizona, United States	US	USAZ		33.7712	-111.388	AZ	2	Arizona, United States	US	USAZ		33.7712	-111.388	AZ	20251027151500	https://ktar.com/arizona-news/suspect-phoenix-shooting-hospital/5766338/
1270929207	20251020	202510	2025	2025.7945	EDU	SCHOOL						EDU													0	040	040	04	1	1.0	6	1	6	-2.4793388429752	1	Ireland	EI	EI		53	-8	EI	0								1	Ireland	EI	EI		53	-8	EI	20251027151500	https://www.startribune.com/nuremberg-new-movie-us-foreign-policy-ww2/601504026
1270929208	20251020	202510	2025	2025.7945	EDU	SCHOOL						EDU			IRL	IRELAND	IRL								0	040	040	04	1	1.0	4	1	4	-2.4793388429752	1	Ireland	EI	EI		53	-8	EI	1	Ireland	EI	EI		53	-8	EI	1	Ireland	EI	EI		53	-8	EI	20251027151500	https://www.startribune.com/nuremberg-new-movie-us-foreign-policy-ww2/601504026
1270929209	20251020	202510	2025	2025.7945	EGY	EGYPT	EGY								USA	UNITED STATES	USA								0	010	010	01	1	0.0	2	1	2	0.69108500345543	4	Alexandria, Al Iskandariyah, Egypt	EG	EG06	61590	31.1981	29.9192	-290263	2	New York, United States	US	USNY		42.1497	-74.9384	NY	4	Alexandria, Al Iskandariyah, Egypt	EG	EG06	61590	31.1981	29.9192	-290263	20251027151500	https://www.yahoo.com/news/articles/left-wing-ideas-wrecked-democrats-143617036.html
1270929210	20251020	202510	2025	2025.7945	EGY	EGYPT	EGY								USA	UNITED STATES	USA								0	010	010	01	1	0.0	2	1	2	0.69108500345543	4	Alexandria, Al Iskandariyah, Egypt	EG	EG06	61590	31.1981	29.9192	-290263	2	New York, United States	US	USNY		42.1497	-74.9384	NY	2	New York, United States	US	USNY		42.1497	-74.9384	NY	20251027151500	https://www.yahoo.com/news/articles/left-wing-ideas-wrecked-democrats-143617036.html
1270929211	20251020	202510	2025	2025.7945	GOV	PRIME MINISTER						GOV			USA	THE US	USA								1	046	046	04	1	7.0	3	1	3	-2.41691842900302	3	Washington, District of Columbia, United States	US	USDC	DC001	38.8951	-77.0364	531871	4	Budapest, Budapest, Hungary	HU	HU05	17514	47.5	19.0833	-850553	4	Budapest, Budapest, Hungary	HU	HU05	17514	47.5	19.0833	-850553	20251027151500	https://www.bssnews.net/international/325659
1270929212	20251020	202510	2025	2025.7945	HLH	HOSPITAL						HLH			USA	PHOENIX	USA								1	084	084	08	2	7.0	2	1	2	-11.3636363636364	3	Phoenix, Arizona, United States	US	USAZ	AZ013	33.4484	-112.074	44784	3	Phoenix, Arizona, United States	US	USAZ	AZ013	33.4484	-112.074	44784	3	Phoenix, Arizona, United States	US	USAZ	AZ013	33.4484	-112.074	44784	20251027151500	https://ktar.com/arizona-news/suspect-phoenix-shooting-hospital/5766338/
1270929213	20251020	202510	2025	2025.7945	HUN	BUDAPEST	HUN								RUS	RUSSIAN	RUS								1	036	036	03	1	4.0	6	1	6	-2.41691842900302	4	Budapest, Budapest, Hungary	HU	HU05	17514	47.5	19.0833	-850553	4	Moscow, Moskva, Russia	RS	RS48	25106	55.7522	37.6156	-2960561	3	Washington, District of Columbia, United States	US	USDC	DC001	38.8951	-77.0364	531871	20251027151500	https://www.bssnews.net/international/325659
1270929214	20251020	202510	2025	2025.7945	HUN	BUDAPEST	HUN								RUS	RUSSIAN	RUS								1	036	036	03	1	4.0	1	1	1	-2.41691842900302	4	Budapest, Budapest, Hungary	HU	HU05	17514	47.5	19.0833	-850553	4	Budapest, Budapest, Hungary	HU	HU05	17514	47.5	19.0833	-850553	3	Washington, District of Columbia, United States	US	USDC	DC001	38.8951	-77.0364	531871	20251027151500	https://www.bssnews.net/international/325659
1270929215	20251020	202510	2025	2025.7945	HUN	BUDAPEST	HUN								USA	WASHINGTON	USA								1	036	036	03	1	4.0	6	1	6	-2.41691842900302	4	Kremlin, Moskva, Russia	RS	RS48	25106	55.7522	37.6156	-2960561	1	Ukraine	UP	UP		49	32	UP	1	Ukraine	UP	UP		49	32	UP	20251027151500	https://www.bssnews.net/international/325659
1270929216	20251020	202510	2025	2025.7945	HUN	BUDAPEST	HUN								USA	WASHINGTON	USA								1	036	036	03	1	4.0	2	1	2	-2.41691842900302	3	Washington, District of Columbia, United States	US	USDC	DC001	38.8951	-77.0364	531871	3	Washington, District of Columbia, United States	US	USDC	DC001	38.8951	-77.0364	531871	2	Florida, United States	US	USFL		27.8333	-81.717	FL	20251027151500	https://www.bssnews.net/international/325659
1270929217	20251020	202510	2025	2025.7945	IRL	IRELAND	IRL								EDU	SCHOOL						EDU			0	040	040	04	1	1.0	4	1	4	-2.4793388429752	1	Ireland	EI	EI		53	-8	EI	1	Ireland	EI	EI		53	-8	EI	1	Ireland	EI	EI		53	-8	EI	20251027151500	https://www.startribune.com/nuremberg-new-movie-us-foreign-policy-ww2/601504026
1270929218	20251020	202510	2025	2025.7945	USA	UNITED STATES	USA																		1	060	060	06	2	6.0	4	1	4	-8.16326530612245	3	San Antonio, Texas, United States	US	USTX	TX029	29.4241	-98.4936	1380951	0								3	San Antonio, Texas, United States	US	USTX		29.4241	-98.4936	1380951	20251027151500	https://foxsanantonio.com/newsletter-daily/today-former-sapd-officers-trial-resumes-with-key-testimony-on-melissa-perez-shooting-san-antonio-texas-investigation-courtroom-judge-aggressive-posture
1270929219	20251020	202510	2025	2025.7945	USA	THE US	USA								GOV	PRIME MINISTER						GOV			1	046	046	04	1	7.0	3	1	3	-2.41691842900302	4	Budapest, Budapest, Hungary	HU	HU05	17514	47.5	19.0833	-850553	3	Washington, District of Columbia, United States	US	USDC	DC001	38.8951	-77.0364	531871	4	Budapest, Budapest, Hungary	HU	HU05	17514	47.5	19.0833	-850553	20251027151500	https://www.bssnews.net/international/325659
1270929220	20251020	202510	2025	2025.7945	USA	UNITED STATES	USA								USALEG	UNITED STATES	USA					LEG			0	130	130	13	3	-4.4	1	1	1	0.23809523809523	3	Punchbowl, California, United States	US	USCA	CA109	38.2391	-119.959	234520	3	Punchbowl, California, United States	US	USCA	CA109	38.2391	-119.959	234520	3	Punchbowl, California, United States	US	USCA	CA109	38.2391	-119.959	234520	20251027151500	https://www.aol.co.uk/articles/republican-indiana-governor-calls-special-144430456.html
1270929221	20251020	202510	2025	2025.7945	USA	UNITED STATES	USA								USALEG	UNITED STATES	USA					LEG			0	130	130	13	3	-4.4	1	1	1	0	3	Punchbowl, North Carolina, United States	US	USNC	NC137	35.1482	-76.706	992903	3	Punchbowl, North Carolina, United States	US	USNC	NC137	35.1482	-76.706	992903	3	Punchbowl, North Carolina, United States	US	USNC	NC137	35.1482	-76.706	992903	20251027151500	https://www.theguardian.com/us-news/2025/oct/27/indiana-congressional-maps-redisctricting-governor
1270929222	20251020	202510	2025	2025.7945	USA	ILLINOIS	USA								USALEG	ILLINOIS	USA					LEG			0	130	130	13	3	-4.4	14	2	14	0.119047619047615	2	Illinois, United States	US	USIL		40.3363	-89.0022	IL	2	Illinois, United States	US	USIL		40.3363	-89.0022	IL	2	Illinois, United States	US	USIL		40.3363	-89.0022	IL	20251027151500	https://www.aol.co.uk/articles/republican-indiana-governor-calls-special-144430456.html
1270929223	20251020	202510	2025	2025.7945	USALEG	UNITED STATES	USA					LEG			USA	ILLINOIS	USA								0	130	130	13	3	-4.4	1	1	1	0.23809523809523	3	Punchbowl, California, United States	US	USCA	CA109	38.2391	-119.959	234520	3	Punchbowl, California, United States	US	USCA	CA109	38.2391	-119.959	234520	3	Punchbowl, California, United States	US	USCA	CA109	38.2391	-119.959	234520	20251027151500	https://www.aol.co.uk/articles/republican-indiana-governor-calls-special-144430456.html
1270929224	20251020	202510	2025	2025.7945	USALEG	UNITED STATES	USA					LEG			USA	ILLINOIS	USA								0	130	130	13	3	-4.4	1	1	1	0	3	Punchbowl, North Carolina, United States	US	USNC	NC137	35.1482	-76.706	992903	3	Punchbowl, North Carolina, United States	US	USNC	NC137	35.1482	-76.706	992903	3	Punchbowl, North Carolina, United States	US	USNC	NC137	35.1482	-76.706	992903	20251027151500	https://www.theguardian.com/us-news/2025/oct/27/indiana-congressional-maps-redisctricting-governor
1270929225	20251020	202510	2025	2025.7945	USALEG	UNITED STATES	USA					LEG			USA	ILLINOIS	USA								0	130	130	13	3	-4.4	2	2	2	0.119047619047615	2	Illinois, United States	US	USIL		40.3363	-89.0022	IL	2	Illinois, United States	US	USIL		40.3363	-89.0022	IL	2	Illinois, United States	US	USIL		40.3363	-89.0022	IL	20251027151500	https://www.aol.co.uk/articles/republican-indiana-governor-calls-special-144430456.html
1270929226	20251020	202510	2025	2025.7945	sco	SCOTTISH			sco																1	120	120	12	3	-4.0	5	1	5	-2.14285714285715	0								0								0								20251027151500	https://www.thenational.scot/news/25574674.alba-party-must-find-fresh-usp-risk-forgotten/
1270929227	20251026	202510	2025	2025.8110	CANJUD	CANADA	CAN					JUD													1	021	021	02	1	3.4	1	1	1	-5.4820415879017	1	Canada	CA	CA		60	-96	CA	0								4	Eldoret, Rift Valley, Kenya	KE	KE08	18585	0.520356	35.2699	-2244119	20251027151500	https://www.standardmedia.co.ke/rift-valley/article/2001532788/senior-lawyer-allowed-to-join-sh11bn-education-scandal-case-after-three-attempts
1270929228	20251026	202510	2025	2025.8110	JUD	MAGISTRATE						JUD													1	021	021	02	1	3.4	3	1	3	-5.4820415879017	4	Eldoret, Rift Valley, Kenya	KE	KE08	18585	0.520356	35.2699	-2244119	0								4	Eldoret, Rift Valley, Kenya	KE	KE08	18585	0.520356	35.2699	-2244119	20251027151500	https://www.standardmedia.co.ke/rift-valley/article/2001532788/senior-lawyer-allowed-to-join-sh11bn-education-scandal-case-after-three-attempts
1270929229	20251026	202510	2025	2025.8110	JUD	MAGISTRATE						JUD			CAN	CANADA	CAN								1	021	021	02	1	3.4	1	1	1	-5.4820415879017	4	Eldoret, Rift Valley, Kenya	KE	KE08	18585	0.520356	35.2699	-2244119	4	Eldoret, Rift Valley, Kenya	KE	KE08	18585	0.520356	35.2699	-2244119	4	Eldoret, Rift Valley, Kenya	KE	KE08	18585	0.520356	35.2699	-2244119	20251027151500	https://www.standardmedia.co.ke/rift-valley/article/2001532788/senior-lawyer-allowed-to-join-sh11bn-education-scandal-case-after-three-attempts
1270929230	20251026	202510	2025	2025.8110	NLD	DUTCH	NLD								BUS	COMPANY						BUS			1	051	051	05	1	3.4	10	1	10	6.57894736842105	1	Netherlands	NL	NL		52.5	5.75	NL	1	Netherlands	NL	NL		52.5	5.75	NL	1	Netherlands	NL	NL		52.5	5.75	NL	20251027151500	https://www.photonicsonline.com/doc/asml-honors-trumpf-for-new-euv-laser-0001
1270929231	20251027	202510	2025	2025.8137											ARE	ABU DHABI	ARE								1	042	042	04	1	1.9	6	2	6	9.61538461538462	0								1	Israel	IS	IS		31.5	34.75	IS	1	Israel	IS	IS		31.5	34.75	IS	20251027151500	http://www.bignewsnetwork.com/news/278659094/mofa-receives-credentials-copy-from-new-ambassador-of-state-of-palestine
1270929232	20251027	202510	2025	2025.8137											ARE	ABU DHABI	ARE								0	042	042	04	1	1.9	6	1	6	1.64609053497943	0								1	United States	US	US		39.828175	-98.5795	US	1	United States	US	US		39.828175	-98.5795	US	20251027151500	https://www.el-balad.com/6746417
1270929233	20251027	202510	2025	2025.8137											AUSGOV	CANBERRA	AUS					GOV			1	043	043	04	1	2.8	3	1	3	1.97530864197531	0								4	Canberra, Australian Capital Territory, Australia	AS	AS01	4940	-35.2833	149.217	-1563952	4	Canberra, Australian Capital Territory, Australia	AS	AS01	4940	-35.2833	149.217	-1563952	20251027151500	https://ianslive.in/iasv-triveni-completes-first-leg-of-global-expedition-reaches-australia--20251027202309
1270929234	20251027	202510	2025	2025.8137											BGD	BANGLADESH	BGD								0	040	040	04	1	1.0	1	1	1	-4.0625	0								4	Ghorashal, Bangladesh (general), Bangladesh	BG	BG00	5789	23.9333	90.6333	-2720308	4	Ghorashal, Bangladesh (general), Bangladesh	BG	BG00	5789	23.9333	90.6333	-2720308	20251027151500	https://www.bssnews.net/others/325565
1270929235	20251027	202510	2025	2025.8137											BGD	BANGLADESH	BGD								0	042	042	04	1	1.9	10	1	10	-4.0625	0								4	Ghorashal, Bangladesh (general), Bangladesh	BG	BG00	5789	23.9333	90.6333	-2720308	4	Ghorashal, Bangladesh (general), Bangladesh	BG	BG00	5789	23.9333	90.6333	-2720308	20251027151500	https://www.bssnews.net/others/325565
1270929236	20251027	202510	2025	2025.8137											BGD	BANGLADESH	BGD								0	043	043	04	1	2.8	1	1	1	-3.78031383737517	0								4	Dhaka, Dhaka, Bangladesh	BG	BG81	5778	23.7231	90.4086	-2737683	1	Afghanistan	AF	AF		33	66	AF	20251027151500	https://economictimes.indiatimes.com/news/defence/is-muhammad-yunus-of-bangladesh-needling-india-again/articleshow/124851969.cms
1270929237	20251027	202510	2025	2025.8137											BGDCRM	BANGLADESH	BGD					CRM			1	173	173	17	4	-5.0	2	1	2	-4.94505494505494	0								4	Bairag, Chittagong, Bangladesh	BG	BG84	5770	22.2232	91.8581	9252136	4	Bairag, Chittagong, Bangladesh	BG	BG84	5770	22.2232	91.8581	9252136	20251027151500	https://www.bssnews.net/district/325638
1270929238	20251027	202510	2025	2025.8137											BMU	BERMUDA	BMU								0	036	036	03	1	4.0	10	1	10	-0.81190798376184	0								1	Bermuda	BD	BD		32.333333	-64.75	BD	1	Bermuda	BD	BD		32.333333	-64.75	BD	20251027151500	https://bernews.com/2025/10/column-lightbourne-on-fahy-politics-more/
1270929239	20251027	202510	2025	2025.8137											BMU	BERMUDA	BMU								1	046	046	04	1	7.0	10	1	10	3.99002493765586	0								1	Bermuda	BD	BD		32.333333	-64.75	BD	1	Bermuda	BD	BD		32.333333	-64.75	BD	20251027151500	https://bernews.com/2025/10/plp-opens-60th-annual-general-conference/
1270929240	20251027	202510	2025	2025.8137											BUS	CREDIT UNION						BUS			0	042	042	04	1	1.9	5	1	5	7.51445086705202	0								3	Orlando, Florida, United States	US	USFL	FL095	28.5383	-81.3792	288240	3	Orlando, Florida, United States	US	USFL	FL095	28.5383	-81.3792	288240	20251027151500	http://www.prnewswire.com/news-releases/finboa-named-to-class-of-2025-credit-union-times-luminaries-awards-302595430.html
1270929241	20251027	202510	2025	2025.8137											BUS	COMPANY						BUS			1	057	057	05	1	8.0	10	1	10	2.03703703703704	0								3	Floyd County, Indiana, United States	US	USIN		38.3245	-85.8736	450350	3	Floyd County, Indiana, United States	US	USIN		38.3245	-85.8736	450350	20251027151500	https://www.ems1.com/ambulances-and-emergency-vehicles/ind-county-moves-to-secure-five-ambulances-ahead-of-possible-countywide-fire-ems-district
1270929242	20251027	202510	2025	2025.8137											COP	POLICE						COP			0	042	042	04	1	1.9	6	1	6	-6.070826306914	0								3	Roseland, New Jersey, United States	US	USNJ	NJ013	40.8207	-74.2938	879822	3	Roseland, New Jersey, United States	US	USNJ	NJ013	40.8207	-74.2938	879822	20251027151500	https://wobm.com/ixp/385/p/police-misconduct-franklin-nj/
1270929243	20251027	202510	2025	2025.8137											COP	DETECTIVE						COP			1	043	043	04	1	2.8	3	1	3	-4.93975903614458	0								1	Colombia	CO	CO		4	-72	CO	1	Colombia	CO	CO		4	-72	CO	20251027151500	https://www.dailymail.co.uk/news/article-15230693/Alicia-Stone-Colombia-NYPD-detective-dead-cosmetic-procedure.html
1270929244	20251027	202510	2025	2025.8137											COP	JAIL GUARD						COP			0	051	051	05	1	3.4	1	1	1	-1.17977528089887	0								3	Allegheny County Jail, Pennsylvania, United States	US	USPA		40.4387	-79.9956	1196485	3	Allegheny County Jail, Pennsylvania, United States	US	USPA		40.4387	-79.9956	1196485	20251027151500	https://www.wesa.fm/wesa-voter-guide/2025-10-06/allegheny-county-sheriff
1270929245	20251027	202510	2025	2025.8137											COP	POLICE						COP			1	062	062	06	2	7.4	2	1	2	-10.025706940874	0								4	Sanyati, Midlands, Zimbabwe	ZI	ZI02	40197	-18.6624	29.7842	-2317387	4	Patchway, Zimbabwe (general), Zimbabwe	ZI	ZI00	40197	-18.2333	29.8	-2319661	20251027151500	https://nehandaradio.com/2025/10/27/mutangadura-murder-suspect-kills-police-officer-during-dramatic-sanyati-arrest/
1270929246	20251027	202510	2025	2025.8137											COP	POLICE						COP			1	144	144	14	3	-7.5	5	1	5	-7.35294117647059	0								0								0								20251027151500	https://www.warringtonguardian.co.uk/news/25573951.police-deal-problem-parking-warrington/
1270929247	20251027	202510	2025	2025.8137											COP	DETECTIVE						COP			0	173	173	17	4	-5.0	2	1	2	-10.025706940874	0								4	Mkoba, Zimbabwe (general), Zimbabwe	ZI	ZI00	40197	-19.4667	29.7667	-2316579	4	Mkoba, Zimbabwe (general), Zimbabwe	ZI	ZI00	40197	-19.4667	29.7667	-2316579	20251027151500	https://nehandaradio.com/2025/10/27/mutangadura-murder-suspect-kills-police-officer-during-dramatic-sanyati-arrest/
1270929248	20251027	202510	2025	2025.8137											COP	DETECTIVE						COP			0	190	190	19	4	-10.0	1	1	1	-10.025706940874	0								4	Mkoba, Zimbabwe (general), Zimbabwe	ZI	ZI00	40197	-19.4667	29.7667	-2316579	4	Mkoba, Zimbabwe (general), Zimbabwe	ZI	ZI00	40197	-19.4667	29.7667	-2316579	20251027151500	https://nehandaradio.com/2025/10/27/mutangadura-murder-suspect-kills-police-officer-during-dramatic-sanyati-arrest/
1270929249	20251027	202510	2025	2025.8137											CRM	DRUG DEALER						CRM			1	173	173	17	4	-5.0	6	1	6	-4.94505494505494	0								4	Bairag, Chittagong, Bangladesh	BG	BG84	5770	22.2232	91.8581	9252136	4	Bairag, Chittagong, Bangladesh	BG	BG84	5770	22.2232	91.8581	9252136	20251027151500	https://www.bssnews.net/district/325638
1270929250	20251027	202510	2025	2025.8137											CUB	CUBA	CUB								0	043	043	04	1	2.8	2	1	2	-6.91547749725576	0								4	Montego Bay, Saint James, Jamaica	JM	JM12	18429	18.4712	-77.9188	-3752832	4	Montego Bay, Saint James, Jamaica	JM	JM12	18429	18.4712	-77.9188	-3752832	20251027151500	https://www.nbcwashington.com/news/national-international/melissa-strengthens-to-a-category-5-hurricane-as-it-nears-jamaica/4007182/
1270929251	20251027	202510	2025	2025.8137											CVL	VILLAGE						CVL			1	042	042	04	1	1.9	5	1	5	-3.60531309297912	0								4	Kutama, Zimbabwe (general), Zimbabwe	ZI	ZI00	40197	-17.7333	30.4167	-2313869	4	Kutama, Zimbabwe (general), Zimbabwe	ZI	ZI00	40197	-17.7333	30.4167	-2313869	20251027151500	https://health-e.org.za/2025/10/27/limpopo-village-battles-years-without-water-and-electricity/
1270929252	20251027	202510	2025	2025.8137											CVL	VOTER						CVL			0	046	046	04	1	7.0	10	1	10	0.26676829268293	0								3	Allegheny County, Pennsylvania, United States	US	USPA		40.6253	-80.1251	1213657	3	Allegheny County, Pennsylvania, United States	US	USPA		40.6253	-80.1251	1213657	20251027151500	https://www.wesa.fm/wesa-voter-guide/2025-10-06/pittsburgh-city-council-district-2
1270929253	20251027	202510	2025	2025.8137											CVL	RESIDENTS						CVL			1	052	052	05	1	3.5	5	1	5	-2.54372019077902	0								1	Canada	CA	CA		60	-96	CA	1	Canada	CA	CA		60	-96	CA	20251027151500	https://www.elciudadano.com/en/penco-residents-rally-against-aclaras-rare-earth-mining-project/10/27/
1270929254	20251027	202510	2025	2025.8137											CVL	VOTER						CVL			1	060	060	06	2	6.0	6	1	6	-2.29118329466358	0								2	Maryland, United States	US	USMD		39.0724	-76.7902	MD	2	Maryland, United States	US	USMD		39.0724	-76.7902	MD	20251027151500	https://newrepublic.com/article/202269/transcript-trump-nixing-dem-storm-aid-backfires-screwing-maga-voters
1270929255	20251027	202510	2025	2025.8137											EDU	PROFESSOR						EDU			1	036	036	03	1	4.0	10	1	10	1.8796992481203	0								1	Denmark	DA	DA		56	10	DA	1	Denmark	DA	DA		56	10	DA	20251027151500	https://www2.fundsforngos.org/cat/cfps-hallas-moller-ascending-investigator-grant-programme-denmark/
1270929256	20251027	202510	2025	2025.8137											EDU	PROFESSOR						EDU			1	040	040	04	1	1.0	4	1	2	2.41691842900302	0								4	Jamuna, Bangladesh (general), Bangladesh	BG	BG00	5811	25.1	89	-2722569	4	Jamuna, Bangladesh (general), Bangladesh	BG	BG00	5811	25.1	89	-2722569	20251027151500	https://www.bssnews.net/news-flash/325657
1270929257	20251027	202510	2025	2025.8137											EDU	COLLEGE						EDU			1	040	040	04	1	1.0	10	1	10	-2.38095238095238	0								2	Pennsylvania, United States	US	USPA		40.5773	-77.264	PA	2	Pennsylvania, United States	US	USPA		40.5773	-77.264	PA	20251027151500	https://www.kbtx.com/2025/10/27/brazos-valley-unites-against-breast-cancer-pink-alliance-hosts-22nd-annual-surviving-thriving-luncheon/
1270929258	20251027	202510	2025	2025.8137											EDU	SCHOOL						EDU			1	042	042	04	1	1.9	1	1	1	6.77966101694916	0								4	Dundalk, Louth, Ireland	EI	EI19	18297	54	-6.41667	-1502588	4	Dundalk, Louth, Ireland	EI	EI19	18297	54	-6.41667	-1502588	20251027151500	https://www.lmfm.ie/news/news-extra/louth-science-festival-returns-for-its-eighth-year/
1270929259	20251027	202510	2025	2025.8137											EDU	SCHOOL						EDU			0	042	042	04	1	1.9	10	1	10	-3.60531309297912	0								4	Kutama, Zimbabwe (general), Zimbabwe	ZI	ZI00	40197	-17.7333	30.4167	-2313869	4	Kutama, Zimbabwe (general), Zimbabwe	ZI	ZI00	40197	-17.7333	30.4167	-2313869	20251027151500	https://health-e.org.za/2025/10/27/limpopo-village-battles-years-without-water-and-electricity/
1270929260	20251027	202510	2025	2025.8137											EDU	PROFESSOR						EDU			1	043	043	04	1	2.8	3	1	3	0.13605442176871	0								2	Kentucky, United States	US	USKY		37.669	-84.6514	KY	3	University Of Kentucky, Kentucky, United States	US	USKY		38.0304	-84.4994	505846	20251027151500	https://kykernel.com/119026/news/witnessing-our-own-ugliness-ebony-g-patterson-opens-uk-gaines-center-origins-series/
1270929261	20251027	202510	2025	2025.8137											EDU	PROFESSOR						EDU			1	046	046	04	1	7.0	4	1	2	2.41691842900302	0								4	Jamuna, Bangladesh (general), Bangladesh	BG	BG00	5811	25.1	89	-2722569	4	Jamuna, Bangladesh (general), Bangladesh	BG	BG00	5811	25.1	89	-2722569	20251027151500	https://www.bssnews.net/news-flash/325657
1270929262	20251027	202510	2025	2025.8137											EDU	SCHOOL						EDU			1	051	051	05	1	3.4	10	1	10	4.66830466830466	0								3	Finger Lakes, New York, United States	US	USNY		42.8334	-77	971953	3	Finger Lakes, New York, United States	US	USNY		42.8334	-77	971953	20251027151500	https://www.fltimes.com/news/suny-potsdam-flcc-form-new-partnership-helping-environmental-science-students/article_d7b4a505-3f5c-4ca6-9ae8-3f0be549abf3.html
1270929263	20251027	202510	2025	2025.8137											ELI	ACTOR						ELI			1	130	130	13	3	-4.4	10	1	10	0.10638297872341	0								0								0								20251027151500	https://paymentweek.com/valthos-secures-30-million-to-develop-ai/
1270929264	20251027	202510	2025	2025.8137											FRA	REIMS	FRA								0	043	043	04	1	2.8	2	1	2	6.44490644490644	0								4	Reims, Champagne-Ardenne, France	FR	FRA4	16269	48.7186	4.66847	-1461343	4	Paris, France (general), France	FR	FR00	16282	48.8667	2.33333	-1456928	20251027151500	https://www.bonappetit.com/story/culinary-getaways
1270929265	20251027	202510	2025	2025.8137											FRA	REIMS	FRA								0	043	043	04	1	2.8	8	1	8	6.44490644490644	0								4	Reims, Champagne-Ardenne, France	FR	FRA4	16269	48.7186	4.66847	-1461343	4	Reims, Champagne-Ardenne, France	FR	FRA4	16269	48.7186	4.66847	-1461343	20251027151500	https://www.bonappetit.com/story/culinary-getaways
1270929266	20251027	202510	2025	2025.8137											FRA	PARIS	FRA								1	043	043	04	1	2.8	6	1	6	1.82186234817813	0								2	New York, United States	US	USNY		42.1497	-74.9384	NY	2	New York, United States	US	USNY		42.1497	-74.9384	NY	20251027151500	https://www.harpersbazaar.com/fashion/a69135439/beat-up-bag-trend-used-new/
1270929267	20251027	202510	2025	2025.8137											GBR	UNITED KINGDOM	GBR								0	013	013	01	1	0.4	6	1	6	-1.31868131868132	0								4	Berwickshire, Scottish Borders, The, United Kingdom	UK	UKT9	40173	55.75	-2.5	-2589772	4	Berwickshire, Scottish Borders, The, United Kingdom	UK	UKT9	40173	55.75	-2.5	-2589772	20251027151500	https://www.yahoo.com/news/articles/drive-tackle-litter-gateway-scotland-143423469.html
1270929268	20251027	202510	2025	2025.8137											GBR	UNITED KINGDOM	GBR								0	013	013	01	1	0.4	2	1	2	7.14285714285714	0								4	London, London, City of, United Kingdom	UK	UKH9	40110	51.5	-0.116667	-2601889	4	River Roding, United Kingdom (general), United Kingdom	UK	UK00	40110	51.5167	0.116667	-2606409	20251027151500	https://www.yourthurrock.com/2025/10/27/major-funding-boost-for-river-roding-revitalisation-project/
1270929269	20251027	202510	2025	2025.8137											GBR	UNITED KINGDOM	GBR								1	042	042	04	1	1.9	6	1	6	0	0								4	Bristol, Bristol, City of, United Kingdom	UK	UKB7	40094	51.45	-2.58333	-2590919	4	Bristol, Bristol, City of, United Kingdom	UK	UKB7	40094	51.45	-2.58333	-2590919	20251027151500	https://www.skiddle.com/news/all/Rossi-returns-to-Bristol-with-long-awaited-headline-show-/60764/
1270929270	20251027	202510	2025	2025.8137											GBR	UNITED KINGDOM	GBR								1	042	042	04	1	1.9	6	1	6	3.5	0								4	Delamere, Cheshire West and Chester, United Kingdom	UK	UKZ8	40099	53.2167	-2.66667	-2594206	4	Delamere, Cheshire West and Chester, United Kingdom	UK	UKZ8	40099	53.2167	-2.66667	-2594206	20251027151500	https://www.warringtonguardian.co.uk/news/25574684.cheshires-delamere-forest-play-host-kooks-2026/
1270929271	20251027	202510	2025	2025.8137											GBR	UNITED KINGDOM	GBR								0	043	043	04	1	2.8	4	1	4	2.88713910761155	0								4	Campsie, East Dunbartonshire, United Kingdom	UK	UKU5	40176	55.9833	-4.23333	-2592625	4	Campsie, East Dunbartonshire, United Kingdom	UK	UKU5	40176	55.9833	-4.23333	-2592625	20251027151500	https://donegalnews.com/son-pays-heartbreaking-tribute-to-seamus-quinn/
1270929272	20251027	202510	2025	2025.8137											GBRJUD	GLASGOW	GBR					JUD			1	042	042	04	1	1.9	16	2	16	-10.6412005457026	0								4	Glasgow, Glasgow City, United Kingdom	UK	UKV2	40176	55.8333	-4.25	-2597039	4	Glasgow, Glasgow City, United Kingdom	UK	UKV2	40176	55.8333	-4.25	-2597039	20251027151500	https://www.newarkadvertiser.co.uk/national/gang-which-ruthlessly-exploited-vulnerable-women-in-brothels-jailed-157758/
1270929273	20251027	202510	2025	2025.8137											GOV	PRINCE						GOV			1	020	020	02	1	3.0	5	1	5	-0.55020632737276	0								5	Gloucestershire, Gloucestershire, United Kingdom	UK	UKE6	40113	51.8333	-2.16667	-2597217	5	Gloucestershire, Gloucestershire, United Kingdom	UK	UKE6	40113	51.8333	-2.16667	-2597217	20251027151500	https://www.mirror.co.uk/news/royals/prince-andrew-scandal-shows-its-36139587
1270929274	20251027	202510	2025	2025.8137											GOV	PRESIDENT						GOV			1	036	036	03	1	4.0	3	1	3	0	0								4	Helsinki, Eteläuomen Läi, Finland	FI	FI13	16230	60.1756	24.9342	-1364995	4	Helsinki, Eteläuomen Läi, Finland	FI	FI13	16230	60.1756	24.9342	-1364995	20251027151500	https://www.yahoo.com/news/articles/us-coast-guard-closes-deal-143500011.html
1270929275	20251027	202510	2025	2025.8137											GOV	MAYOR						GOV			0	042	042	04	1	1.9	10	1	10	4.93975903614458	0								4	Dubai, Dubayy, United Arab Emirates	AE	AE03	28575	25.2522	55.28	-782831	4	Dubai, Dubayy, United Arab Emirates	AE	AE03	28575	25.2522	55.28	-782831	20251027151500	http://www.bignewsnetwork.com/news/278659095/hamdan-bin-mohammed-attends-opening-of-asia-pacific-cities-summit-and-mayors-forum-at-expo-city-dubai
1270929276	20251027	202510	2025	2025.8137											GOV	MAYOR						GOV			1	042	042	04	1	1.9	3	1	3	4.79616306954437	0								3	Miami, Florida, United States	US	USFL	FL086	25.7743	-80.1937	295004	3	Miami, Florida, United States	US	USFL	FL086	25.7743	-80.1937	295004	20251027151500	https://www.miaminewtimes.com/arts-culture/tinashe-in-wynwood-marshmello-at-liv-40497732/
1270929277	20251027	202510	2025	2025.8137											GOV	PRINCE						GOV			0	043	043	04	1	2.8	10	1	10	-0.55020632737276	0								5	Gloucestershire, Gloucestershire, United Kingdom	UK	UKE6	40113	51.8333	-2.16667	-2597217	5	Gloucestershire, Gloucestershire, United Kingdom	UK	UKE6	40113	51.8333	-2.16667	-2597217	20251027151500	https://www.mirror.co.uk/news/royals/prince-andrew-scandal-shows-its-36139587
1270929278	20251027	202510	2025	2025.8137											GOV	PRESIDENT						GOV			1	043	043	04	1	2.8	5	1	5	4.92957746478873	0								3	Uvalde, Texas, United States	US	USTX	TX463	29.2097	-99.7862	1370541	3	Uvalde, Texas, United States	US	USTX	TX463	29.2097	-99.7862	1370541	20251027151500	https://news.utexas.edu/2025/10/27/sec-connections-vanderbilt/
1270929279	20251027	202510	2025	2025.8137											GOV	MAYOR						GOV			1	043	043	04	1	2.8	6	1	6	4.79616306954437	0								3	Miami, Florida, United States	US	USFL	FL086	25.7743	-80.1937	295004	3	Miami, Florida, United States	US	USFL	FL086	25.7743	-80.1937	295004	20251027151500	https://www.miaminewtimes.com/arts-culture/tinashe-in-wynwood-marshmello-at-liv-40497732/
1270929280	20251027	202510	2025	2025.8137											GOV	KING						GOV			1	043	043	04	1	2.8	22	1	10	-0.36866359447004	0								1	Ireland	EI	EI		53	-8	EI	1	Ireland	EI	EI		53	-8	EI	20251027151500	https://www.mirror.co.uk/news/politics/king-charles-attends-first-official-36140724
1270929281	20251027	202510	2025	2025.8137											GOV	GOVERNING PARTY						GOV			0	160	160	16	4	-4.0	8	1	8	-2.29118329466358	0								3	White House, District of Columbia, United States	US	USDC		38.8951	-77.0364	531871	3	White House, District of Columbia, United States	US	USDC		38.8951	-77.0364	531871	20251027151500	https://newrepublic.com/article/202269/transcript-trump-nixing-dem-storm-aid-backfires-screwing-maga-voters
1270929282	20251027	202510	2025	2025.8137											GOV	GOVERNING PARTY						GOV			0	160	160	16	4	-4.0	2	1	2	-2.29118329466358	0								2	Maryland, United States	US	USMD		39.0724	-76.7902	MD	2	Maryland, United States	US	USMD		39.0724	-76.7902	MD	20251027151500	https://newrepublic.com/article/202269/transcript-trump-nixing-dem-storm-aid-backfires-screwing-maga-voters
1270929283	20251027	202510	2025	2025.8137											GOVELI	PRESIDENT						GOV	ELI		1	130	130	13	3	-4.4	10	1	10	2.26480836236934	0								4	Nairobi, Nairobi Area, Kenya	KE	KE05	18585	-1.28333	36.8167	-2258072	4	Nairobi, Nairobi Area, Kenya	KE	KE05	18585	-1.28333	36.8167	-2258072	20251027151500	https://www.tuko.co.ke/kenya/607609-rigathi-gachagua-visit-railas-family-pay-respects-pm-opposition-youth-leader-discloses/
1270929284	20251027	202510	2025	2025.8137											HLH	HOSPITAL						HLH			1	031	031	03	1	5.2	10	1	10	2.06422018348623	0								4	Mumbai, Maharashtra, India	IN	IN16	70184	18.975	72.8258	-2092174	4	Mumbai, Maharashtra, India	IN	IN16	70184	18.975	72.8258	-2092174	20251027151500	https://indianexpress.com/article/cities/mumbai/bmcs-plan-to-privatise-civic-hospitals-faces-opposition-from-unions-social-groups-10330431/
1270929285	20251027	202510	2025	2025.8137											HLH	HOSPITAL						HLH			1	042	042	04	1	1.9	2	1	2	1.97530864197531	0								4	Kitale, Rift Valley, Kenya	KE	KE08	18585	1.01573	35.0062	-2251564	4	Kitale, Rift Valley, Kenya	KE	KE08	18585	1.01573	35.0062	-2251564	20251027151500	https://www.standardmedia.co.ke/rift-valley/article/2001532787/candidate-gives-birth-as-missing-papers-disrupt-exams-in-trans-nzoia
1270929286	20251027	202510	2025	2025.8137											HLH	HOSPITAL						HLH			0	042	042	04	1	1.9	5	1	5	-1.91188694929343	0								4	Gateshead, Gateshead, United Kingdom	UK	UKE5	40134	54.945	-1.6175	-2596844	4	Gateshead, Gateshead, United Kingdom	UK	UKE5	40134	54.945	-1.6175	-2596844	20251027151500	https://www.birminghammail.co.uk/news/uk-news/i-went-doctor-two-symptoms-32756227
1270929287	20251027	202510	2025	2025.8137											HUN	HUNGARY	HUN								1	042	042	04	1	1.9	3	1	3	8.71886120996441	0								4	Phnom Penh, (CB11), Cambodia	CB	CB11	12390	11.55	104.917	-1033783	4	Phnom Penh, (CB11), Cambodia	CB	CB11	12390	11.55	104.917	-1033783	20251027151500	https://www.akp.gov.kh/post/detail/351844
1270929288	20251027	202510	2025	2025.8137											IGOUNO	UNITED NATIONS		UNO				IGO			0	042	042	04	1	1.9	6	1	6	0.92514718250631	0								1	South Korea	KS	KS		37	127.5	KS	1	South Korea	KS	KS		37	127.5	KS	20251027151500	https://www.straitstimes.com/asia/se-asia/asean-leaders-push-for-stronger-trade-ties-with-rcep-members-and-other-partners
1270929289	20251027	202510	2025	2025.8137											IGOUNODEV	UNESCO		UNO				IGO	DEV		0	042	042	04	1	1.9	5	1	5	6.44490644490644	0								4	Reims, Champagne-Ardenne, France	FR	FRA4	16269	48.7186	4.66847	-1461343	4	Reims, Champagne-Ardenne, France	FR	FRA4	16269	48.7186	4.66847	-1461343	20251027151500	https://www.bonappetit.com/story/culinary-getaways
1270929290	20251027	202510	2025	2025.8137											IND	WEST BENGAL	IND								0	043	043	04	1	2.8	8	1	8	-3.78031383737517	0								4	Siliguri, West Bengal, India	IN	IN28	17951	26.7161	88.4236	-2111079	4	Siliguri, West Bengal, India	IN	IN28	17951	26.7161	88.4236	-2111079	20251027151500	https://economictimes.indiatimes.com/news/defence/is-muhammad-yunus-of-bangladesh-needling-india-again/articleshow/124851969.cms
1270929291	20251027	202510	2025	2025.8137											IND	WEST BENGAL	IND								0	043	043	04	1	2.8	2	1	2	-3.78031383737517	0								4	Muhammad Yunus, Sindh, Pakistan	PK	PK05	23686	27.5252	68.5774	6121254	5	Nagaland, Nagaland, India	IN	IN20	17807	26	94.25	-2105305	20251027151500	https://economictimes.indiatimes.com/news/defence/is-muhammad-yunus-of-bangladesh-needling-india-again/articleshow/124851969.cms
1270929292	20251027	202510	2025	2025.8137											IRL	IRELAND	IRL								1	042	042	04	1	1.9	6	1	6	6.77966101694916	0								4	Dundalk, Louth, Ireland	EI	EI19	18297	54	-6.41667	-1502588	4	Dundalk, Louth, Ireland	EI	EI19	18297	54	-6.41667	-1502588	20251027151500	https://www.lmfm.ie/news/news-extra/louth-science-festival-returns-for-its-eighth-year/
1270929293	20251027	202510	2025	2025.8137											IRL	IRELAND	IRL								1	043	043	04	1	2.8	6	1	6	6.77966101694916	0								4	Louth, Louth, Ireland	EI	EI19	18297	53.9486	-6.54139	-1504338	4	Louth, Louth, Ireland	EI	EI19	18297	53.9486	-6.54139	-1504338	20251027151500	https://www.lmfm.ie/news/news-extra/louth-science-festival-returns-for-its-eighth-year/
1270929294	20251027	202510	2025	2025.8137											JPN	JAPAN	JPN								0	030	030	03	1	4.0	2	1	2	7.88381742738589	0								1	India	IN	IN		20	77	IN	1	Japan	JA	JA		36	138	JA	20251027151500	https://www.newkerala.com/news/o/eam-jaishankar-japanese-counterpart-discuss-bilateral-ties-indo-pacific-cooperation-236
1270929295	20251027	202510	2025	2025.8137											JUD	SUPREME COURT						JUD			0	020	020	02	1	3.0	6	1	6	0.3338898163606	0								2	Kentucky, United States	US	USKY		37.669	-84.6514	KY	2	Kentucky, United States	US	USKY		37.669	-84.6514	KY	20251027151500	https://watermarkonline.com/2025/10/27/kim-davis-seeks-supreme-court-review-in-challenge-to-marriage-equality/
1270929296	20251027	202510	2025	2025.8137											JUD	SUPREME COURT						JUD			1	043	043	04	1	2.8	6	1	6	1.92307692307693	0								2	Arizona, United States	US	USAZ		33.7712	-111.388	AZ	2	Arizona, United States	US	USAZ		33.7712	-111.388	AZ	20251027151500	https://abcnews4.com/news/local/international-african-american-museum-unveils-exhibit-on-family-histories-slavery-impact-history-iaam-impacts-of-slavery-speaking-truth-untold-stories-genealogy-healing
1270929297	20251027	202510	2025	2025.8137											KENHLH	KENYA	KEN					HLH			1	042	042	04	1	1.9	6	1	6	1.97530864197531	0								4	Kitale, Rift Valley, Kenya	KE	KE08	18585	1.01573	35.0062	-2251564	4	Kitale, Rift Valley, Kenya	KE	KE08	18585	1.01573	35.0062	-2251564	20251027151500	https://www.standardmedia.co.ke/rift-valley/article/2001532787/candidate-gives-birth-as-missing-papers-disrupt-exams-in-trans-nzoia
1270929298	20251027	202510	2025	2025.8137											LAB	WORKER						LAB			0	042	042	04	1	1.9	10	1	10	0.0700770847932697	0								3	White House, District of Columbia, United States	US	USDC		38.8951	-77.0364	531871	3	White House, District of Columbia, United States	US	USDC		38.8951	-77.0364	531871	20251027151500	https://www.wesa.fm/wesa-voter-guide/2025-10-06/pittsburgh-city-council-district-6-election
1270929299	20251027	202510	2025	2025.8137											LEG	HOUSE SPEAKER						LEG			0	042	042	04	1	1.9	10	1	10	-2.61194029850746	0								3	Capitol Hill, District of Columbia, United States	US	USDC		38.889	-77.0003	529313	3	Capitol Hill, District of Columbia, United States	US	USDC		38.889	-77.0003	529313	20251027151500	https://www.yahoo.com/news/articles/live-updates-trump-treks-asia-124210628.html
1270929300	20251027	202510	2025	2025.8137											MED	PUBLICATION						MED			1	036	036	03	1	4.0	10	1	10	0.69108500345543	0								2	New York, United States	US	USNY		42.1497	-74.9384	NY	2	New York, United States	US	USNY		42.1497	-74.9384	NY	20251027151500	https://www.yahoo.com/news/articles/left-wing-ideas-wrecked-democrats-143617036.html
1270929301	20251027	202510	2025	2025.8137											MIL	ARMY						MIL			1	043	043	04	1	2.8	10	1	10	-5.98290598290598	0								4	El Fasher, Shamal Darfur, Sudan	SU	SU55	37080	13.6333	25.35	-1684	4	El Fasher, Shamal Darfur, Sudan	SU	SU55	37080	13.6333	25.35	-1684	20251027151500	https://www.aol.co.uk/articles/fall-darfur-last-stronghold-raises-144415048.html
1270929302	20251027	202510	2025	2025.8137											MIL	NAVY						MIL			1	043	043	04	1	2.8	10	1	10	-0.88967971530249	0								4	Sound Of Shuna, Highland, United Kingdom	UK	UKV3	40176	56.5833	-5.36667	-2607769	4	Sound Of Shuna, Highland, United Kingdom	UK	UKV3	40176	56.5833	-5.36667	-2607769	20251027151500	https://www.mirror.co.uk/news/uk-news/body-found-search-dad-who-36140237
1270929303	20251027	202510	2025	2025.8137											MIL	ARMED FORCES						MIL			0	062	062	06	2	7.4	20	2	20	-1.90217391304348	0								0								0								20251027151500	https://www.newarkadvertiser.co.uk/national/emotional-veterans-say-lgbt-memorial-means-everything-to-us-157757/
1270929304	20251027	202510	2025	2025.8137											MIL	ARMED FORCES						MIL			1	062	062	06	2	7.4	2	1	2	1.97530864197531	0								4	Mumbai, Maharashtra, India	IN	IN16	70184	18.975	72.8258	-2092174	4	Mumbai, Maharashtra, India	IN	IN16	70184	18.975	72.8258	-2092174	20251027151500	https://ianslive.in/iasv-triveni-completes-first-leg-of-global-expedition-reaches-australia--20251027202309
1270929305	20251027	202510	2025	2025.8137											MIL	ARMED FORCES						MIL			1	062	062	06	2	7.4	8	1	8	1.97530864197531	0								4	Puducherry, Pondicherry, India	IN	IN22	70228	11.93	79.83	-2108165	4	Puducherry, Pondicherry, India	IN	IN22	70228	11.93	79.83	-2108165	20251027151500	https://ianslive.in/iasv-triveni-completes-first-leg-of-global-expedition-reaches-australia--20251027202309
1270929306	20251027	202510	2025	2025.8137											MIL	ARMY						MIL			1	120	120	12	3	-4.0	5	1	5	-0.26315789473684	0								2	California, United States	US	USCA		36.17	-119.746	CA	2	California, United States	US	USCA		36.17	-119.746	CA	20251027151500	https://www.vice.com/en/article/this-company-wants-to-turn-the-night-sky-into-a-giant-solar-panel/
1270929307	20251027	202510	2025	2025.8137											MIL	ARMY						MIL			1	130	130	13	3	-4.4	10	1	10	-0.26315789473684	0								2	California, United States	US	USCA		36.17	-119.746	CA	2	California, United States	US	USCA		36.17	-119.746	CA	20251027151500	https://www.vice.com/en/article/this-company-wants-to-turn-the-night-sky-into-a-giant-solar-panel/
1270929308	20251027	202510	2025	2025.8137											MIL	MILITARY						MIL			0	190	190	19	4	-10.0	8	1	8	-3.79391100702576	0								3	Bunker Hill, Pennsylvania, United States	US	USPA		40.394	-76.4844	1170670	3	Bunker Hill, Pennsylvania, United States	US	USPA		40.394	-76.4844	1170670	20251027151500	https://www.geographicus.com/P/AntiqueMap/gettysburg-bachelder-1876
1270929309	20251027	202510	2025	2025.8137											MIL	MILITARY						MIL			0	190	190	19	4	-10.0	2	1	2	-3.79391100702576	0								2	New Hampshire, United States	US	USNH		43.4108	-71.5653	NH	2	New Hampshire, United States	US	USNH		43.4108	-71.5653	NH	20251027151500	https://www.geographicus.com/P/AntiqueMap/gettysburg-bachelder-1876
1270929310	20251027	202510	2025	2025.8137											MNCUSA	EXXON	USA					MNC			0	020	020	02	1	3.0	10	1	10	0.28248587570622	0								2	Nevada, United States	US	USNV		38.4199	-117.122	NV	2	Nevada, United States	US	USNV		38.4199	-117.122	NV	20251027151500	https://www.jdsupra.com/legalnews/sec-issues-no-action-letter-approving-3894948/
1270929311	20251027	202510	2025	2025.8137											MNCUSA	DELTA AIR LINES	USA					MNC			1	043	043	04	1	2.8	10	1	10	-3.44202898550724	0								2	New York, United States	US	USNY		42.1497	-74.9384	NY	2	New York, United States	US	USNY		42.1497	-74.9384	NY	20251027151500	https://www.yahoo.com/news/articles/real-reason-flight-attendants-no-133000095.html
1270929312	20251027	202510	2025	2025.8137											NGA	BENIN CITY	NGA								1	017	017	01	1	0.0	5	1	5	3.10421286031042	0								1	Benin	BN	BN		9.5	2.25	BN	1	Benin	BN	BN		9.5	2.25	BN	20251027151500	https://nigerianobservernews.com/2025/10/gods-grace-orphanage-celebrates-3-years-of-impact-humanitarian-excellence/
1270929313	20251027	202510	2025	2025.8137											NGA	BENIN CITY	NGA								1	051	051	05	1	3.4	5	1	5	3.10421286031042	0								1	Benin	BN	BN		9.5	2.25	BN	1	Benin	BN	BN		9.5	2.25	BN	20251027151500	https://nigerianobservernews.com/2025/10/gods-grace-orphanage-celebrates-3-years-of-impact-humanitarian-excellence/
1270929314	20251027	202510	2025	2025.8137											NGA	NIGERIA	NGA								1	112	112	11	3	-2.0	16	1	10	-5.27704485488127	0								1	Nigeria	NI	NI		10	8	NI	1	Nigeria	NI	NI		10	8	NI	20251027151500	https://www.tuko.co.ke/people/family/607604-pain-widow-forced-prove-innocence-husbands-death-by-drink-water-wash-him/
1270929315	20251027	202510	2025	2025.8137											NGA	NIGERIA	NGA								1	1123	112	11	3	-2.0	4	1	4	-5.27704485488127	0								1	Nigeria	NI	NI		10	8	NI	1	Nigeria	NI	NI		10	8	NI	20251027151500	https://www.tuko.co.ke/people/family/607604-pain-widow-forced-prove-innocence-husbands-death-by-drink-water-wash-him/
1270929316	20251027	202510	2025	2025.8137											NGA	NIGERIA	NGA								1	190	190	19	4	-10.0	8	1	4	-5.27704485488127	0								1	Nigeria	NI	NI		10	8	NI	1	Nigeria	NI	NI		10	8	NI	20251027151500	https://www.tuko.co.ke/people/family/607604-pain-widow-forced-prove-innocence-husbands-death-by-drink-water-wash-him/
1270929317	20251027	202510	2025	2025.8137											NMR	NORTH AMERICA	NMR								1	042	042	04	1	1.9	2	1	2	7.38636363636363	0								2	Texas, United States	US	USTX		31.106	-97.6475	TX	2	Texas, United States	US	USTX		31.106	-97.6475	TX	20251027151500	https://www.el-balad.com/6746424
1270929318	20251027	202510	2025	2025.8137											NZL	NEW ZEALAND	NZL								1	042	042	04	1	1.9	10	1	10	3.27102803738317	0								4	South Island, New Zealand (general), New Zealand	NZ	NZ00	22392	-43	171	-1518317	4	South Island, New Zealand (general), New Zealand	NZ	NZ00	22392	-43	171	-1518317	20251027151500	https://www.forbes.com/sites/jaredranahan/2025/10/27/this-scenic-south-island-town-offers-some-of-new-zealands-best-whale-watching/
1270929319	20251027	202510	2025	2025.8137											NZLGOV	NEW ZEALAND	NZL					GOV			1	040	040	04	1	1.0	1	1	1	0.92514718250631	0								1	New Zealand	NZ	NZ		-42	174	NZ	1	New Zealand	NZ	NZ		-42	174	NZ	20251027151500	https://www.straitstimes.com/asia/se-asia/asean-leaders-push-for-stronger-trade-ties-with-rcep-members-and-other-partners
1270929320	20251027	202510	2025	2025.8137											OPP	ACTIVIST						OPP			1	112	112	11	3	-2.0	12	3	12	-5.47333419186966	0								4	Salisbury, Mashonaland East, Zimbabwe	ZI	ZI04	40197	-17.8178	31.0447	-2312291	4	Salisbury, Mashonaland East, Zimbabwe	ZI	ZI04	40197	-17.8178	31.0447	-2312291	20251027151500	https://www.bristolpost.co.uk/news/uk-world-news/just-stop-oil-supporters-drove-10602939
1270929321	20251027	202510	2025	2025.8137											OPP	ACTIVIST						OPP			1	112	112	11	3	-2.0	18	3	18	-5.47333419186966	0								4	Bedford, Borough of Bedford, United Kingdom	UK	UKZ5	40124	52.1333	-0.45	-2589545	4	Bedford, Borough of Bedford, United Kingdom	UK	UKZ5	40124	52.1333	-0.45	-2589545	20251027151500	https://www.bristolpost.co.uk/news/uk-world-news/just-stop-oil-supporters-drove-10602939
1270929322	20251027	202510	2025	2025.8137											PAK	PAKISTANI	PAK								0	012	012	01	1	-0.4	1	1	1	-2.44299674267101	0								4	Islamabad, Islamabad, Pakistan	PK	PK08	23674	33.7	73.1667	-2762812	4	Istanbul, Istanbul, Turkey	TU	TU34	27897	41.0186	28.9647	-755070	20251027151500	https://www.yahoo.com/news/articles/pakistan-afghanistan-hold-third-day-144339563.html
1270929323	20251027	202510	2025	2025.8137											PTY	DEMOCRATIC PARTY									0	036	036	03	1	4.0	3	1	3	-1.29496402877698	0								3	Washington, District of Columbia, United States	US	USDC	DC001	38.8951	-77.0364	531871	3	Washington, District of Columbia, United States	US	USDC	DC001	38.8951	-77.0364	531871	20251027151500	https://wcbm.com/national-headline/american-federation-of-government-employees-calls-on-democrats-to-end-the-schumer-shutdown/
1270929324	20251027	202510	2025	2025.8137											ROU	ROMANIA									0	180	180	18	4	-9.0	8	2	8	-10.6412005457026	0								1	Romania	RO	RO		46	25	RO	1	Romania	RO	RO		46	25	RO	20251027151500	https://www.newarkadvertiser.co.uk/national/gang-which-ruthlessly-exploited-vulnerable-women-in-brothels-jailed-157758/
1270929325	20251027	202510	2025	2025.8137											RUS	RUSSIAN	RUS								1	020	020	02	1	3.0	2	1	2	-2.02275600505689	0								2	Alaska, United States	US	USAK		61.385	-152.268	AK	2	Alaska, United States	US	USAK		61.385	-152.268	AK	20251027151500	https://time.com/7328538/trump-rebukes-putin-nuclear-powered-missile-test/
1270929326	20251027	202510	2025	2025.8137											SAU	SAUDI ARABIA	SAU								0	033	033	03	1	5.2	10	1	10	-0.706214689265539	0								1	Saudi Arabia	SA	SA		25	45	SA	1	Saudi Arabia	SA	SA		25	45	SA	20251027151500	https://fortune.com/2025/10/27/syria-female-minister-hind-kabawat-quotas-female-hiring/
1270929327	20251027	202510	2025	2025.8137											THA	THAILAND	THA								1	042	042	04	1	1.9	10	1	10	6.44490644490644	0								4	Reims, Champagne-Ardenne, France	FR	FRA4	16269	48.7186	4.66847	-1461343	4	Reims, Champagne-Ardenne, France	FR	FRA4	16269	48.7186	4.66847	-1461343	20251027151500	https://www.bonappetit.com/story/culinary-getaways
1270929328	20251027	202510	2025	2025.8137											TWN	TAIWAN	TWN								0	111	111	11	3	-2.0	5	1	5	-2.02020202020202	0								4	Taipei, T'ai-pei, Taiwan	TW	TW03	13277	25.0478	121.532	-2637882	4	Taipei, T'ai-pei, Taiwan	TW	TW03	13277	25.0478	121.532	-2637882	20251027151500	https://thehill.com/policy/defense/5574691-china-taiwan-military-tension/
1270929329	20251027	202510	2025	2025.8137											USA	AMERICAN	USA								0	020	020	02	1	3.0	2	1	2	-6.77966101694915	0								1	Singapore	SN	SN		1.366667	103.8	SN	1	Singapore	SN	SN		1.366667	103.8	SN	20251027151500	https://www.straitstimes.com/singapore/courts-crime/24-years-jail-for-man-who-raped-daughter-after-lover-goaded-him-woman-given-22-years
1270929330	20251027	202510	2025	2025.8137											USA	AMERICAN	USA								0	020	020	02	1	3.0	2	1	2	-6.77966101694915	0								1	United States	US	US		39.828175	-98.5795	US	1	Singapore	SN	SN		1.366667	103.8	SN	20251027151500	https://www.straitstimes.com/singapore/courts-crime/24-years-jail-for-man-who-raped-daughter-after-lover-goaded-him-woman-given-22-years
1270929331	20251027	202510	2025	2025.8137											USA	AMERICAN	USA								0	036	036	03	1	4.0	1	1	1	-2.53431890179514	0								4	Burevestnik, Nizhegorodskaya Oblast', Russia	RS	RS51	25080	55.4144	43.9536	9259711	4	Burevestnik, Nizhegorodskaya Oblast', Russia	RS	RS51	25080	55.4144	43.9536	9259711	20251027151500	https://www.nbcnews.com/world/russia/russia-burevestnik-missile-trump-putin-test-inappropriate-ukraine-rcna239984
1270929332	20251027	202510	2025	2025.8137											USA	ILLINOIS	USA								1	036	036	03	1	4.0	30	3	30	0.651611145173377	0								2	Illinois, United States	US	USIL		40.3363	-89.0022	IL	2	Illinois, United States	US	USIL		40.3363	-89.0022	IL	20251027151500	https://www.aol.co.uk/articles/republican-indiana-governor-calls-special-144430456.html
1270929333	20251027	202510	2025	2025.8137											USA	MARYLAND	USA								1	036	036	03	1	4.0	10	1	10	2.55102040816327	0								2	Maryland, United States	US	USMD		39.0724	-76.7902	MD	2	Maryland, United States	US	USMD		39.0724	-76.7902	MD	20251027151500	https://www.yahoo.com/news/articles/monteiro-depart-program-dorsey-takes-144516307.html
1270929334	20251027	202510	2025	2025.8137											USA	ILLINOIS	USA								0	040	040	04	1	1.0	16	2	16	0.119047619047615	0								2	Illinois, United States	US	USIL		40.3363	-89.0022	IL	2	Illinois, United States	US	USIL		40.3363	-89.0022	IL	20251027151500	https://www.aol.co.uk/articles/republican-indiana-governor-calls-special-144430456.html
1270929335	20251027	202510	2025	2025.8137											USA	UNITED STATES	USA								0	042	042	04	1	1.9	2	1	2	-3.11387900355871	0								3	Springfield, Georgia, United States	US	USGA	GA265	33.6279	-82.949	326528	3	Springfield, Georgia, United States	US	USGA	GA265	33.6279	-82.949	326528	20251027151500	https://www.effinghamherald.net/local/ghost-hunters-explore-springfields-haunted-hotspots/
1270929336	20251027	202510	2025	2025.8137											USA	UNITED STATES	USA								1	042	042	04	1	1.9	4	1	4	2.04865556978233	0								3	Ash River, Minnesota, United States	US	USMN		48.4171	-92.789	660688	1	Japan	JA	JA		36	138	JA	20251027151500	https://www.miragenews.com/scientists-tackle-neutrino-mystery-new-theories-1558394/
1270929337	20251027	202510	2025	2025.8137											USA	UNITED STATES	USA								1	042	042	04	1	1.9	6	1	6	1.22249388753056	0								3	Atlantic City, New Jersey, United States	US	USNJ		39.3643	-74.4229	874413	3	Atlantic City, New Jersey, United States	US	USNJ		39.3643	-74.4229	874413	20251027151500	https://wobm.com/cheap-trick-atlantic-city/
1270929338	20251027	202510	2025	2025.8137											USA	UNITED STATES	USA								1	042	042	04	1	1.9	2	1	2	1.22249388753056	0								3	Atlantic City, New Jersey, United States	US	USNJ		39.3643	-74.4229	874413	2	Texas, United States	US	USTX		31.106	-97.6475	TX	20251027151500	https://wobm.com/cheap-trick-atlantic-city/
1270929339	20251027	202510	2025	2025.8137											USA	MINNESOTA	USA								1	042	042	04	1	1.9	1	1	1	2.04865556978233	0								2	Minnesota, United States	US	USMN		45.7326	-93.9196	MN	1	Japan	JA	JA		36	138	JA	20251027151500	https://www.miragenews.com/scientists-tackle-neutrino-mystery-new-theories-1558394/
1270929340	20251027	202510	2025	2025.8137											USA	UNITED STATES	USA								1	042	042	04	1	1.9	1	1	1	-2.54957507082153	0								2	Minnesota, United States	US	USMN		45.7326	-93.9196	MN	2	Missouri, United States	US	USMO		38.4623	-92.302	MO	20251027151500	https://www.postbulletin.com/news/the-vault/is-a-boat-load-of-gold-buried-somewhere-along-the-missouri-river
1270929341	20251027	202510	2025	2025.8137											USA	BOSTON	USA								0	042	042	04	1	1.9	2	1	2	1.47754137115839	0								2	Washington, United States	US	USWA		47.3917	-121.571	WA	3	Boston, Massachusetts, United States	US	USMA	MA025	42.3584	-71.0598	617565	20251027151500	https://www.geographicus.com/P/AntiqueMap/whitemountainscenery-oakes-1848
1270929342	20251027	202510	2025	2025.8137											USA	UNITED STATES	USA								1	043	043	04	1	2.8	2	1	2	-2.1321961620469	0								3	Jefferson County, Texas, United States	US	USTX		29.8836	-94.1502	1383908	3	Jefferson County, Texas, United States	US	USTX		29.8836	-94.1502	1383908	20251027151500	https://www.geographicus.com/P/AntiqueMap/jeffersoncountytexas-higgins-1898
1270929343	20251027	202510	2025	2025.8137											USA	UNITED STATES	USA								1	043	043	04	1	2.8	2	1	2	0.13605442176871	0								3	University Of Kentucky, Kentucky, United States	US	USKY		38.0304	-84.4994	505846	3	University Of Kentucky, Kentucky, United States	US	USKY		38.0304	-84.4994	505846	20251027151500	https://kykernel.com/119026/news/witnessing-our-own-ugliness-ebony-g-patterson-opens-uk-gaines-center-origins-series/
1270929344	20251027	202510	2025	2025.8137											USA	UNITED STATES	USA								1	043	043	04	1	2.8	8	1	8	-8.15450643776824	0								3	Pittstown, New Jersey, United States	US	USNJ	NJ019	40.582	-74.9591	879337	3	Pittstown, New Jersey, United States	US	USNJ	NJ019	40.582	-74.9591	879337	20251027151500	https://masslawyersweekly.com/2025/10/27/prosecutors-officer-stopped-at-atm-pizzeria-instead-of-investigating-double-murder/
1270929345	20251027	202510	2025	2025.8137											USA	CALIFORNIA	USA								0	043	043	04	1	2.8	6	1	6	-2.36318407960199	0								2	California, United States	US	USCA		36.17	-119.746	CA	2	New York, United States	US	USNY		42.1497	-74.9384	NY	20251027151500	https://www.thedailybeast.com/jon-stewart-speaks-out-on-future-as-daily-show-host/
1270929346	20251027	202510	2025	2025.8137											USA	UNITED STATES	USA								1	046	046	04	1	7.0	2	1	2	-2.36318407960199	0								2	New York, United States	US	USNY		42.1497	-74.9384	NY	3	The White House, District of Columbia, United States	US	USDC		38.8951	-77.0364	531871	20251027151500	https://www.thedailybeast.com/jon-stewart-speaks-out-on-future-as-daily-show-host/
1270929347	20251027	202510	2025	2025.8137											USA	UNITED STATES	USA								0	051	051	05	1	3.4	2	1	2	-1.17977528089887	0								3	Allegheny County Jail, Pennsylvania, United States	US	USPA		40.4387	-79.9956	1196485	3	Allegheny County Jail, Pennsylvania, United States	US	USPA		40.4387	-79.9956	1196485	20251027151500	https://www.wesa.fm/wesa-voter-guide/2025-10-06/allegheny-county-sheriff
1270929348	20251027	202510	2025	2025.8137											USA	UNITED STATES	USA								0	060	060	06	2	6.0	1	1	1	-1.53721682847896	0								3	Cobbs Creek, Pennsylvania, United States	US	USPA		39.9476	-75.2402	1202868	3	Cobbs Creek, Pennsylvania, United States	US	USPA		39.9476	-75.2402	1202868	20251027151500	https://www.phillytrib.com/news/local_news/corporate-investors-bought-a-quarter-of-philly-s-single-family-homes-sold-over-6-years/article_f480c174-db61-41a0-a1b2-9d83269b875a.html
1270929349	20251027	202510	2025	2025.8137											USA	UNITED STATES	USA								0	060	060	06	2	6.0	1	1	1	-1.53721682847896	0								3	Philadelphia, Pennsylvania, United States	US	USPA	PA101	39.9523	-75.1638	1209052	3	Cobbs Creek, Pennsylvania, United States	US	USPA		39.9476	-75.2402	1202868	20251027151500	https://www.phillytrib.com/news/local_news/corporate-investors-bought-a-quarter-of-philly-s-single-family-homes-sold-over-6-years/article_f480c174-db61-41a0-a1b2-9d83269b875a.html
1270929350	20251027	202510	2025	2025.8137											USA	UNITED STATES	USA								1	061	061	06	2	6.4	10	1	10	-0.25	0								4	Harrogate, North Yorkshire, United Kingdom	UK	UKJ7	40123	53.9833	-1.53333	-2598194	4	Harrogate, North Yorkshire, United Kingdom	UK	UKJ7	40123	53.9833	-1.53333	-2598194	20251027151500	https://www.yorkpress.co.uk/news/25573844.roosters-harrogate-stock-beers-sainsburys/
1270929351	20251027	202510	2025	2025.8137											USA	AMERICAN	USA								0	080	080	08	2	5.0	1	1	1	-4.33734939759036	0								4	Manama, Al Manamah, Bahrain	BA	BA02	25307	26.2361	50.5831	-784833	4	Manama, Al Manamah, Bahrain	BA	BA02	25307	26.2361	50.5831	-784833	20251027151500	https://www.thedailybeast.com/fox-news-host-joey-jones-tells-president-donald-trump-to-do-better-job-on-political-messaging/
1270929352	20251027	202510	2025	2025.8137											USA	UNITED STATES	USA								1	115	115	11	3	-2.0	2	1	2	0.3338898163606	0								3	Washington, District of Columbia, United States	US	USDC	DC001	38.8951	-77.0364	531871	3	Washington, District of Columbia, United States	US	USDC	DC001	38.8951	-77.0364	531871	20251027151500	https://watermarkonline.com/2025/10/27/kim-davis-seeks-supreme-court-review-in-challenge-to-marriage-equality/
1270929353	20251027	202510	2025	2025.8137											USA	UNITED STATES	USA								1	115	115	11	3	-2.0	1	1	1	0.3338898163606	0								3	Washington, District of Columbia, United States	US	USDC	DC001	38.8951	-77.0364	531871	2	Kentucky, United States	US	USKY		37.669	-84.6514	KY	20251027151500	https://watermarkonline.com/2025/10/27/kim-davis-seeks-supreme-court-review-in-challenge-to-marriage-equality/
1270929354	20251027	202510	2025	2025.8137											USA	WASHINGTON	USA								1	130	130	13	3	-4.4	3	1	3	0.91659028414298	0								4	Beijing, Beijing, China	CH	CH22	13001	39.9289	116.388	-1898541	4	Beijing, Beijing, China	CH	CH22	13001	39.9289	116.388	-1898541	20251027151500	https://breakingdefense.com/2025/10/chinas-presence-is-growing-in-the-middle-east-but-its-not-a-security-challenge-to-us-yet/
1270929355	20251027	202510	2025	2025.8137											USA	UNITED STATES	USA								1	130	130	13	3	-4.4	2	1	2	0.91659028414298	0								4	Beijing, Beijing, China	CH	CH22	13001	39.9289	116.388	-1898541	4	Suez Canal, As Suways, Egypt	EG	EG15	66052	29.9314	32.5628	-303685	20251027151500	https://breakingdefense.com/2025/10/chinas-presence-is-growing-in-the-middle-east-but-its-not-a-security-challenge-to-us-yet/
1270929356	20251027	202510	2025	2025.8137											USA	PENNSYLVANIA	USA								0	154	154	15	4	-7.2	2	1	2	-2.57936507936508	0								3	Luzerne County, Pennsylvania, United States	US	USPA		41.3754	-76.2499	1209183	3	Luzerne County, Pennsylvania, United States	US	USPA		41.3754	-76.2499	1209183	20251027151500	https://fox56.com/news/local/k9s-sniff-out-hidden-evidence-in-pa-child-exploitation-and-sex-trafficking-cases
1270929357	20251027	202510	2025	2025.8137											USA	PENNSYLVANIA	USA								0	154	154	15	4	-7.2	8	1	8	-2.57936507936508	0								2	Pennsylvania, United States	US	USPA		40.5773	-77.264	PA	2	Pennsylvania, United States	US	USPA		40.5773	-77.264	PA	20251027151500	https://fox56.com/news/local/k9s-sniff-out-hidden-evidence-in-pa-child-exploitation-and-sex-trafficking-cases
1270929358	20251027	202510	2025	2025.8137											USA	UNITED STATES	USA								1	181	181	18	4	-9.0	2	1	2	-3.82513661202186	0								2	Texas, United States	US	USTX		31.106	-97.6475	TX	3	Adams County, Colorado, United States	US	USCO		39.8666	-104.384	198116	20251027151500	https://www.eptrail.com/2025/10/27/colorado-children-missing-texas/
1270929359	20251027	202510	2025	2025.8137											USA	UNITED STATES	USA								1	190	190	19	4	-10.0	8	1	8	-4.73372781065089	0								3	Hagerstown, Maryland, United States	US	USMD	MD043	39.6418	-77.72	598385	3	Hagerstown, Maryland, United States	US	USMD	MD043	39.6418	-77.72	598385	20251027151500	https://wcbm.com/local-story/5-police-officers-hospitalized-9-residents-displaced-by-western-maryland-fires/
1270929360	20251027	202510	2025	2025.8137											USA	ALASKA	USA								1	190	190	19	4	-10.0	10	1	10	-3.64238410596026	0								2	Alaska, United States	US	USAK		61.385	-152.268	AK	2	Alaska, United States	US	USAK		61.385	-152.268	AK	20251027151500	https://1003thepeak.iheart.com/featured/jackie-tony-ryan/content/2025-10-27-study-states-most-likely-to-survive-a-zombie-apocalypse/
1270929361	20251027	202510	2025	2025.8137											USACOP	PITTSBURGH	USA					COP			0	051	051	05	1	3.4	2	1	2	0.38925652004671	0								3	Christ United Methodist Church, District of Columbia, United States	US	USDC		38.879	-77.0003	531130	3	Christ United Methodist Church, District of Columbia, United States	US	USDC		38.879	-77.0003	531130	20251027151500	https://www.wesa.fm/wesa-voter-guide/2025-10-06/pittsburgh-city-council-district-4
1270929362	20251027	202510	2025	2025.8137											USACOP	PITTSBURGH	USA					COP			0	051	051	05	1	3.4	8	1	8	0.38925652004671	0								3	White House, District of Columbia, United States	US	USDC		38.8951	-77.0364	531871	3	White House, District of Columbia, United States	US	USDC		38.8951	-77.0364	531871	20251027151500	https://www.wesa.fm/wesa-voter-guide/2025-10-06/pittsburgh-city-council-district-4
1270929363	20251027	202510	2025	2025.8137											USAGOV	THE WHITE HOUSE	USA					GOV			0	020	020	02	1	3.0	1	1	1	-1.21065375302663	0								4	Montreal, Quebec, Canada	CA	CA10	12713	45.5	-73.5833	-569541	4	Alexandria, Al Iskandariyah, Egypt	EG	EG06	61590	31.1981	29.9192	-290263	20251027151500	https://www.thedailybeast.com/donald-trump-confesses-that-he-found-elementary-school-level-cognitive-test-very-hard/
1270929364	20251027	202510	2025	2025.8137											USAGOV	THE WHITE HOUSE	USA					GOV			0	020	020	02	1	3.0	1	1	1	1.60550458715596	0								3	White House, District of Columbia, United States	US	USDC		38.8951	-77.0364	531871	2	Michigan, United States	US	USMI		43.3504	-84.5603	MI	20251027151500	https://www.thedailybeast.com/donald-trump-brags-hed-love-to-do-a-third-term-as-president-of-the-united-states/
1270929365	20251027	202510	2025	2025.8137											USAGOV	LAWRENCE	USA					GOV			1	040	040	04	1	1.0	3	1	3	0.92514718250631	0								1	New Zealand	NZ	NZ		-42	174	NZ	1	New Zealand	NZ	NZ		-42	174	NZ	20251027151500	https://www.straitstimes.com/asia/se-asia/asean-leaders-push-for-stronger-trade-ties-with-rcep-members-and-other-partners
1270929366	20251027	202510	2025	2025.8137											USAGOV	UNITED STATES	USA					GOV			1	042	042	04	1	1.9	1	1	1	4.79616306954437	0								3	Miami, Florida, United States	US	USFL	FL086	25.7743	-80.1937	295004	3	Miami, Florida, United States	US	USFL	FL086	25.7743	-80.1937	295004	20251027151500	https://www.miaminewtimes.com/arts-culture/tinashe-in-wynwood-marshmello-at-liv-40497732/
1270929367	20251027	202510	2025	2025.8137											USAGOV	UNITED STATES	USA					GOV			1	043	043	04	1	2.8	2	1	2	4.79616306954437	0								3	Miami, Florida, United States	US	USFL	FL086	25.7743	-80.1937	295004	3	Miami, Florida, United States	US	USFL	FL086	25.7743	-80.1937	295004	20251027151500	https://www.miaminewtimes.com/arts-culture/tinashe-in-wynwood-marshmello-at-liv-40497732/
1270929368	20251027	202510	2025	2025.8137											VCT	SAINT VINCENT AND THE GRENADINES	VCT								1	020	020	02	1	3.0	4	1	4	0.961538461538462	0								4	Kingstown, Saint George, Saint Vincent And The Grenadines	VC	VC04	61295	13.1333	-61.2167	-1204477	4	Kingstown, Saint George, Saint Vincent And The Grenadines	VC	VC04	61295	13.1333	-61.2167	-1204477	20251027151500	https://www.tvline.com/2008061/taylor-sheridan-leaving-paramount-nbc-universal/
1270929369	20251027	202510	2025	2025.8137											ZWE	ZIMBABWE	ZWE								1	100	100	10	3	-5.0	4	1	4	-3.60531309297912	0								4	Kutama, Zimbabwe (general), Zimbabwe	ZI	ZI00	40197	-17.7333	30.4167	-2313869	4	Kutama, Zimbabwe (general), Zimbabwe	ZI	ZI00	40197	-17.7333	30.4167	-2313869	20251027151500	https://health-e.org.za/2025/10/27/limpopo-village-battles-years-without-water-and-electricity/
1270929370	20251027	202510	2025	2025.8137											ZWE	ZIMBABWE	ZWE								1	112	112	11	3	-2.0	4	1	4	-4.97835497835498	0								4	Salisbury, Mashonaland East, Zimbabwe	ZI	ZI04	40197	-17.8178	31.0447	-2312291	4	Salisbury, Mashonaland East, Zimbabwe	ZI	ZI04	40197	-17.8178	31.0447	-2312291	20251027151500	https://www.bristolpost.co.uk/news/uk-world-news/just-stop-oil-supporters-drove-10602939
1270929371	20251027	202510	2025	2025.8137											ZWECOP	ZIMBABWE	ZWE					COP			0	173	173	17	4	-5.0	4	1	4	-10.025706940874	0								4	Mkoba, Zimbabwe (general), Zimbabwe	ZI	ZI00	40197	-19.4667	29.7667	-2316579	4	Mkoba, Zimbabwe (general), Zimbabwe	ZI	ZI00	40197	-19.4667	29.7667	-2316579	20251027151500	https://nehandaradio.com/2025/10/27/mutangadura-murder-suspect-kills-police-officer-during-dramatic-sanyati-arrest/
1270929372	20251027	202510	2025	2025.8137											ZWECOP	ZIMBABWE	ZWE					COP			0	190	190	19	4	-10.0	2	1	2	-10.025706940874	0								4	Mkoba, Zimbabwe (general), Zimbabwe	ZI	ZI00	40197	-19.4667	29.7667	-2316579	4	Mkoba, Zimbabwe (general), Zimbabwe	ZI	ZI00	40197	-19.4667	29.7667	-2316579	20251027151500	https://nehandaradio.com/2025/10/27/mutangadura-murder-suspect-kills-police-officer-during-dramatic-sanyati-arrest/
1270929373	20251027	202510	2025	2025.8137											idg	INDIGENOUS			idg						0	036	036	03	1	4.0	10	1	10	2.57009345794392	0								4	Jaisalmer, Rajasthan, India	IN	IN24	17848	26.9167	70.9	-2098041	4	Jaisalmer, Rajasthan, India	IN	IN24	17848	26.9167	70.9	-2098041	20251027151500	https://www.newkerala.com/news/o/visiting-uae-commander-briefed-operation-sindoor-725
1270929374	20251027	202510	2025	2025.8137											ran	RANA			ran						1	173	173	17	4	-5.0	3	1	3	-8.63309352517985	0								4	Dhaka, Dhaka, Bangladesh	BG	BG81	5778	23.7231	90.4086	-2737683	4	Dhaka, Dhaka, Bangladesh	BG	BG81	5778	23.7231	90.4086	-2737683	20251027151500	https://www.bssnews.net/others/325586
1270929375	20251027	202510	2025	2025.8137											sco	SCOTTISH			sco						0	042	042	04	1	1.9	10	1	10	-2.14285714285715	0								0								0								20251027151500	https://www.thenational.scot/news/25574674.alba-party-must-find-fresh-usp-risk-forgotten/
1270929376	20251027	202510	2025	2025.8137	AFG	AFGHANISTAN	AFG								PAK	PAKISTAN	PAK								1	046	046	04	1	7.0	2	1	2	-2.44299674267101	4	Islamabad, Islamabad, Pakistan	PK	PK08	23674	33.7	73.1667	-2762812	4	Islamabad, Islamabad, Pakistan	PK	PK08	23674	33.7	73.1667	-2762812	4	Kabul, Kabol, Afghanistan	AF	AF13	3580	34.5167	69.1833	-3378435	20251027151500	https://www.yahoo.com/news/articles/pakistan-afghanistan-hold-third-day-144339563.html
1270929377	20251027	202510	2025	2025.8137	AFG	AFGHAN	AFG								TUR	TURKEY	TUR								1	040	040	04	1	1.0	4	1	4	-2.44299674267101	4	Kabul, Kabol, Afghanistan	AF	AF13	3580	34.5167	69.1833	-3378435	4	Istanbul, Istanbul, Turkey	TU	TU34	27897	41.0186	28.9647	-755070	4	Istanbul, Istanbul, Turkey	TU	TU34	27897	41.0186	28.9647	-755070	20251027151500	https://www.yahoo.com/news/articles/pakistan-afghanistan-hold-third-day-144339563.html
1270929378	20251027	202510	2025	2025.8137	AFGMED	AFGHAN	AFG					MED			TUR	ISTANBUL	TUR								1	040	040	04	1	1.0	6	1	6	-2.44299674267101	4	Kabul, Kabol, Afghanistan	AF	AF13	3580	34.5167	69.1833	-3378435	4	Istanbul, Istanbul, Turkey	TU	TU34	27897	41.0186	28.9647	-755070	4	Istanbul, Istanbul, Turkey	TU	TU34	27897	41.0186	28.9647	-755070	20251027151500	https://www.yahoo.com/news/articles/pakistan-afghanistan-hold-third-day-144339563.html
1270929379	20251027	202510	2025	2025.8137	AFR	AFRICA	AFR																		0	080	080	08	2	5.0	10	1	10	0	4	Johannesburg, Gauteng, South Africa	SF	SF06	77364	-26.2	28.0833	-1240261	0								4	Johannesburg, Gauteng, South Africa	SF	SF06	77364	-26.2	28.0833	-1240261	20251027151500	https://www.straitstimes.com/asia/US-Vice-President-Vance-plans-Kenya-visit-source-says
1270929380	20251027	202510	2025	2025.8137	AFR	AFRICA	AFR								EUR	EUROPE	EUR								1	120	120	12	3	-4.0	10	1	10	-0.597779675491031	4	Meiji, Hokkaido, Japan	JA	JA12	34181	44.0667	144.25	-236083	4	Meiji, Hokkaido, Japan	JA	JA12	34181	44.0667	144.25	-236083	4	Meiji, Hokkaido, Japan	JA	JA12	34181	44.0667	144.25	-236083	20251027151500	https://www.geographicus.com/P/AntiqueMap/hemisphereworld-iwakichihayami-1876
1270929381	20251027	202510	2025	2025.8137	AFRGOV	AFRICA	AFR					GOV													1	110	110	11	3	-2.0	30	3	30	4.2929292929293	4	Dubai, Dubayy, United Arab Emirates	AE	AE03	28575	25.2522	55.28	-782831	0								4	Dubai, Dubayy, United Arab Emirates	AE	AE03	28575	25.2522	55.28	-782831	20251027151500	http://www.sierraleonetimes.com/news/278659079/us110-billion-in-uae-investments-in-africa-position-country-as-world-fourth-largest-investor-bin-touq
1270929382	20251027	202510	2025	2025.8137	AFRGOV	AFRICA	AFR					GOV													1	125	125	12	3	-5.0	30	3	30	4.2929292929293	4	Dubai, Dubayy, United Arab Emirates	AE	AE03	28575	25.2522	55.28	-782831	0								4	Dubai, Dubayy, United Arab Emirates	AE	AE03	28575	25.2522	55.28	-782831	20251027151500	http://www.sierraleonetimes.com/news/278659079/us110-billion-in-uae-investments-in-africa-position-country-as-world-fourth-largest-investor-bin-touq
1270929383	20251027	202510	2025	2025.8137	AGR	FARMER						AGR													1	111	111	11	3	-2.0	5	1	5	-5.15463917525774	1	China	CH	CH		35	105	CH	0								1	China	CH	CH		35	105	CH	20251027151500	https://www.standardmedia.co.ke/business/business/article/2001532784/farmers-decry-worst-macadamia-prices-in-years-demand-export-ban-review
1270929384	20251027	202510	2025	2025.8137	AGR	FISHER						AGR			GOV	CHIEF EXECUTIVE						GOV			1	111	111	11	3	-2.0	6	1	6	-1.31868131868132	5	West Lothian, West Lothian, United Kingdom	UK	UKW9	40176	55.8891	-3.56942	-2611315	5	West Lothian, West Lothian, United Kingdom	UK	UKW9	40176	55.8891	-3.56942	-2611315	5	West Lothian, West Lothian, United Kingdom	UK	UKW9	40176	55.8891	-3.56942	-2611315	20251027151500	https://www.yahoo.com/news/articles/drive-tackle-litter-gateway-scotland-143423469.html
1270929385	20251027	202510	2025	2025.8137	ARE	UNITED ARAB EMIRATES	ARE																		1	040	040	04	1	1.0	2	1	2	4.93975903614458	4	Brisbane, Queensland, Australia	AS	AS04	154654	-27.5	153.017	-1561728	0								4	Brisbane, Queensland, Australia	AS	AS04	154654	-27.5	153.017	-1561728	20251027151500	http://www.bignewsnetwork.com/news/278659095/hamdan-bin-mohammed-attends-opening-of-asia-pacific-cities-summit-and-mayors-forum-at-expo-city-dubai
1270929386	20251027	202510	2025	2025.8137	ARE	ABU DHABI	ARE																		1	043	043	04	1	2.8	6	2	6	9.61538461538462	1	Israel	IS	IS		31.5	34.75	IS	0								1	Israel	IS	IS		31.5	34.75	IS	20251027151500	http://www.bignewsnetwork.com/news/278659094/mofa-receives-credentials-copy-from-new-ambassador-of-state-of-palestine
1270929387	20251027	202510	2025	2025.8137	ARE	UNITED ARAB EMIRATES	ARE																		0	110	110	11	3	-2.0	1	1	1	0.91659028414298	4	Riyadh, Ar Riya?, Saudi Arabia	SA	SA10	25316	24.6408	46.7728	-3093009	0								4	Dubai, Dubayy, United Arab Emirates	AE	AE03	28575	25.2522	55.28	-782831	20251027151500	https://breakingdefense.com/2025/10/chinas-presence-is-growing-in-the-middle-east-but-its-not-a-security-challenge-to-us-yet/
1270929388	20251027	202510	2025	2025.8137	ARE	UNITED ARAB EMIRATES	ARE																		0	110	110	11	3	-2.0	1	1	1	0.91659028414298	4	Dubai, Dubayy, United Arab Emirates	AE	AE03	28575	25.2522	55.28	-782831	0								4	Dubai, Dubayy, United Arab Emirates	AE	AE03	28575	25.2522	55.28	-782831	20251027151500	https://breakingdefense.com/2025/10/chinas-presence-is-growing-in-the-middle-east-but-its-not-a-security-challenge-to-us-yet/
1270929389	20251027	202510	2025	2025.8137	ARE	ABU DHABI	ARE								GOV	AMBASSADOR						GOV			1	043	043	04	1	2.8	6	2	6	9.61538461538462	1	Israel	IS	IS		31.5	34.75	IS	1	Israel	IS	IS		31.5	34.75	IS	1	Israel	IS	IS		31.5	34.75	IS	20251027151500	http://www.bignewsnetwork.com/news/278659094/mofa-receives-credentials-copy-from-new-ambassador-of-state-of-palestine
1270929390	20251027	202510	2025	2025.8137	ARE	ABU DHABI	ARE								ISR	ISRAEL	ISR								1	043	043	04	1	2.8	8	2	8	9.61538461538462	1	Israel	IS	IS		31.5	34.75	IS	1	Israel	IS	IS		31.5	34.75	IS	1	Israel	IS	IS		31.5	34.75	IS	20251027151500	http://www.bignewsnetwork.com/news/278659094/mofa-receives-credentials-copy-from-new-ambassador-of-state-of-palestine
1270929391	20251027	202510	2025	2025.8137	ARE	ABU DHABI	ARE								USA	UNITED STATES	USA								0	040	040	04	1	1.0	4	1	4	1.64609053497943	1	United States	US	US		39.828175	-98.5795	US	1	United States	US	US		39.828175	-98.5795	US	1	United States	US	US		39.828175	-98.5795	US	20251027151500	https://www.el-balad.com/6746417
1270929392	20251027	202510	2025	2025.8137	ARE	UNITED ARAB EMIRATES	ARE								USA	THE US	USA								0	120	120	12	3	-4.0	1	1	1	0.91659028414298	4	Riyadh, Ar Riya?, Saudi Arabia	SA	SA10	25316	24.6408	46.7728	-3093009	4	Dubai, Dubayy, United Arab Emirates	AE	AE03	28575	25.2522	55.28	-782831	4	Dubai, Dubayy, United Arab Emirates	AE	AE03	28575	25.2522	55.28	-782831	20251027151500	https://breakingdefense.com/2025/10/chinas-presence-is-growing-in-the-middle-east-but-its-not-a-security-challenge-to-us-yet/
1270929393	20251027	202510	2025	2025.8137	ARE	UNITED ARAB EMIRATES	ARE								USA	THE US	USA								0	120	120	12	3	-4.0	1	1	1	0.91659028414298	4	Dubai, Dubayy, United Arab Emirates	AE	AE03	28575	25.2522	55.28	-782831	4	Dubai, Dubayy, United Arab Emirates	AE	AE03	28575	25.2522	55.28	-782831	4	Dubai, Dubayy, United Arab Emirates	AE	AE03	28575	25.2522	55.28	-782831	20251027151500	https://breakingdefense.com/2025/10/chinas-presence-is-growing-in-the-middle-east-but-its-not-a-security-challenge-to-us-yet/
1270929394	20251027	202510	2025	2025.8137	ARGGOV	ARGENTINA	ARG					GOV			LEG	SENATE						LEG			1	051	051	05	1	3.4	2	1	2	0.69444444444445	4	Buenos Aires, Distrito Federal, Argentina	AR	AR07	22379	-34.5875	-58.6725	-979186	4	Buenos Aires, Distrito Federal, Argentina	AR	AR07	22379	-34.5875	-58.6725	-979186	4	Buenos Aires, Distrito Federal, Argentina	AR	AR07	22379	-34.5875	-58.6725	-979186	20251027151500	https://www.yahoo.com/news/articles/argentinas-milei-calls-moderates-support-143848284.html
1270929395	20251027	202510	2025	2025.8137	ARM	ARMENIA	ARM								ARMGOV	ARMENIA	ARM					GOV			1	111	111	11	3	-2.0	2	1	2	-0.98684210526316	4	Gyumri, Shirak, Armenia	AM	AM07	4926	40.7942	43.8453	-2324859	4	Gyumri, Shirak, Armenia	AM	AM07	4926	40.7942	43.8453	-2324859	4	Gyumri, Shirak, Armenia	AM	AM07	4926	40.7942	43.8453	-2324859	20251027151500	https://horizonweekly.ca/en/samvel-karapetyan-blasts-armenian-leadership-over-defrocked-priest-led-service/
1270929396	20251027	202510	2025	2025.8137	ARM	ARMENIA	ARM								ARMREL	ARMENIA	ARM								1	051	051	05	1	3.4	2	1	2	-0.98684210526316	4	Gyumri, Shirak, Armenia	AM	AM07	4926	40.7942	43.8453	-2324859	4	Gyumri, Shirak, Armenia	AM	AM07	4926	40.7942	43.8453	-2324859	4	Gyumri, Shirak, Armenia	AM	AM07	4926	40.7942	43.8453	-2324859	20251027151500	https://horizonweekly.ca/en/samvel-karapetyan-blasts-armenian-leadership-over-defrocked-priest-led-service/
1270929397	20251027	202510	2025	2025.8137	ARM	ARMENIA	ARM								GOV	PRIME MINISTER						GOV			1	111	111	11	3	-2.0	2	1	2	-0.98684210526316	4	Gyumri, Shirak, Armenia	AM	AM07	4926	40.7942	43.8453	-2324859	4	Gyumri, Shirak, Armenia	AM	AM07	4926	40.7942	43.8453	-2324859	4	Gyumri, Shirak, Armenia	AM	AM07	4926	40.7942	43.8453	-2324859	20251027151500	https://horizonweekly.ca/en/samvel-karapetyan-blasts-armenian-leadership-over-defrocked-priest-led-service/
1270929398	20251027	202510	2025	2025.8137	ARM	ARMENIA	ARM								REL	PRIEST									1	051	051	05	1	3.4	2	1	2	-0.98684210526316	4	Gyumri, Shirak, Armenia	AM	AM07	4926	40.7942	43.8453	-2324859	4	Gyumri, Shirak, Armenia	AM	AM07	4926	40.7942	43.8453	-2324859	4	Gyumri, Shirak, Armenia	AM	AM07	4926	40.7942	43.8453	-2324859	20251027151500	https://horizonweekly.ca/en/samvel-karapetyan-blasts-armenian-leadership-over-defrocked-priest-led-service/
1270929399	20251027	202510	2025	2025.8137	AUS	MURRAY	AUS																		1	012	012	01	1	-0.4	3	1	3	-0.819672131147541	4	Gaza, Israel (general), Israel	IS	IS00	18315	31.4167	34.3333	-797156	0								4	Gaza, Israel (general), Israel	IS	IS00	18315	31.4167	34.3333	-797156	20251027151500	https://www.thenational.scot/news/25574476.former-uk-ambassador-craig-murray-defects-party/
1270929400	20251027	202510	2025	2025.8137	AUS	VICTORIA	AUS																		0	012	012	01	1	-0.4	5	1	5	-0.12690355329949	1	United Kingdom	UK	UK		54	-4	UK	0								4	Melbourne, Victoria, Australia	AS	AS07	5430	-37.8167	144.967	-1586844	20251027151500	https://www.outinperth.com/more-organisations-pull-out-of-the-2025-better-together-conference/
1270929401	20251027	202510	2025	2025.8137	AUS	SOUTH AUSTRALIA	AUS																		0	044	044	04	1	2.5	5	1	5	-0.12690355329949	4	Melbourne, Victoria, Australia	AS	AS07	5430	-37.8167	144.967	-1586844	0								4	Melbourne, Victoria, Australia	AS	AS07	5430	-37.8167	144.967	-1586844	20251027151500	https://www.outinperth.com/more-organisations-pull-out-of-the-2025-better-together-conference/
1270929402	20251027	202510	2025	2025.8137	AUS	VICTORIA	AUS																		0	055	055	05	1	7.0	10	1	10	-0.12690355329949	4	Melbourne, Victoria, Australia	AS	AS07	5430	-37.8167	144.967	-1586844	0								4	Melbourne, Victoria, Australia	AS	AS07	5430	-37.8167	144.967	-1586844	20251027151500	https://www.outinperth.com/more-organisations-pull-out-of-the-2025-better-together-conference/
1270929403	20251027	202510	2025	2025.8137	AUS	AUSTRALIAN	AUS																		0	090	090	09	2	-2.0	1	1	1	1.7825311942959	1	Australia	AS	AS		-25	135	AS	0								2	New York, United States	US	USNY		42.1497	-74.9384	NY	20251027151500	https://www.bravotv.com/the-daily-dish/aesha-scott-beverage-company-drop-update-october-2025
1270929404	20251027	202510	2025	2025.8137	AUS	AUSTRALIAN	AUS																		0	090	090	09	2	-2.0	1	1	1	1.7825311942959	2	New York, United States	US	USNY		42.1497	-74.9384	NY	0								2	New York, United States	US	USNY		42.1497	-74.9384	NY	20251027151500	https://www.bravotv.com/the-daily-dish/aesha-scott-beverage-company-drop-update-october-2025
1270929405	20251027	202510	2025	2025.8137	AUS	VICTORIA	AUS																		0	110	110	11	3	-2.0	3	1	3	-0.12690355329949	1	United Kingdom	UK	UK		54	-4	UK	0								4	Melbourne, Victoria, Australia	AS	AS07	5430	-37.8167	144.967	-1586844	20251027151500	https://www.outinperth.com/more-organisations-pull-out-of-the-2025-better-together-conference/
1270929406	20251027	202510	2025	2025.8137	AUS	VICTORIA	AUS																		0	110	110	11	3	-2.0	2	1	2	-0.12690355329949	1	United Kingdom	UK	UK		54	-4	UK	0								1	United Kingdom	UK	UK		54	-4	UK	20251027151500	https://www.outinperth.com/more-organisations-pull-out-of-the-2025-better-together-conference/
1270929407	20251027	202510	2025	2025.8137	AUS	VICTORIA	AUS																		0	161	161	16	4	-4.0	10	1	10	-0.12690355329949	4	Melbourne, Victoria, Australia	AS	AS07	5430	-37.8167	144.967	-1586844	0								4	Melbourne, Victoria, Australia	AS	AS07	5430	-37.8167	144.967	-1586844	20251027151500	https://www.outinperth.com/more-organisations-pull-out-of-the-2025-better-together-conference/
1270929408	20251027	202510	2025	2025.8137	AUS	VICTORIA	AUS																		0	172	172	17	4	-5.0	5	1	5	6.44490644490644	4	Paris, France (general), France	FR	FR00	16282	48.8667	2.33333	-1456928	0								4	Paris, France (general), France	FR	FR00	16282	48.8667	2.33333	-1456928	20251027151500	https://www.bonappetit.com/story/culinary-getaways
1270929409	20251027	202510	2025	2025.8137	AUS	AUSTRALIAN	AUS								BUS	COMPANY						BUS			0	090	090	09	2	-2.0	3	1	3	1.7825311942959	1	Australia	AS	AS		-25	135	AS	1	Australia	AS	AS		-25	135	AS	2	New York, United States	US	USNY		42.1497	-74.9384	NY	20251027151500	https://www.bravotv.com/the-daily-dish/aesha-scott-beverage-company-drop-update-october-2025
1270929410	20251027	202510	2025	2025.8137	AUS	AUSTRALIA	AUS								GBR	UNITED KINGDOM	GBR								1	036	036	03	1	4.0	5	1	5	-2.67379679144385	4	Reykjavik, (IC10), Iceland	IC	IC10	17529	64.15	-21.95	-2651804	4	Reykjavik, (IC10), Iceland	IC	IC10	17529	64.15	-21.95	-2651804	4	Reykjavik, (IC10), Iceland	IC	IC10	17529	64.15	-21.95	-2651804	20251027151500	https://icenews.is/2013/05/21/icelandic-music-festival-reykjavik-music-mess-to-take-place-this-weekend/
1270929411	20251027	202510	2025	2025.8137	AUS	AUSTRALIA	AUS								ISL	REYKJAVIK	ISL								1	036	036	03	1	4.0	3	1	3	-2.67379679144385	1	Australia	AS	AS		-25	135	AS	4	Reykjavik, (IC10), Iceland	IC	IC10	17529	64.15	-21.95	-2651804	4	Reykjavik, (IC10), Iceland	IC	IC10	17529	64.15	-21.95	-2651804	20251027151500	https://icenews.is/2013/05/21/icelandic-music-festival-reykjavik-music-mess-to-take-place-this-weekend/
1270929412	20251027	202510	2025	2025.8137	AUS	MURRAY	AUS								ISR	ISRAEL	ISR								1	012	012	01	1	-0.4	1	1	1	-0.819672131147541	4	Glasgow, Glasgow City, United Kingdom	UK	UKV2	40176	55.8333	-4.25	-2597039	4	Gaza, Israel (general), Israel	IS	IS00	18315	31.4167	34.3333	-797156	4	Glasgow, Glasgow City, United Kingdom	UK	UKV2	40176	55.8333	-4.25	-2597039	20251027151500	https://www.thenational.scot/news/25574476.former-uk-ambassador-craig-murray-defects-party/
1270929413	20251027	202510	2025	2025.8137	AUS	MURRAY	AUS								ISR	ISRAEL	ISR								1	012	012	01	1	-0.4	2	1	2	-0.819672131147541	4	Gaza, Israel (general), Israel	IS	IS00	18315	31.4167	34.3333	-797156	4	Gaza, Israel (general), Israel	IS	IS00	18315	31.4167	34.3333	-797156	4	Gaza, Israel (general), Israel	IS	IS00	18315	31.4167	34.3333	-797156	20251027151500	https://www.thenational.scot/news/25574476.former-uk-ambassador-craig-murray-defects-party/
1270929414	20251027	202510	2025	2025.8137	AUS	AUSTRALIA	AUS								KHM	CAMBODIA	KHM								1	044	044	04	1	2.5	2	1	2	2.56410256410256	4	Phnom Penh, (CB11), Cambodia	CB	CB11	12390	11.55	104.917	-1033783	4	Phnom Penh, (CB11), Cambodia	CB	CB11	12390	11.55	104.917	-1033783	4	Phnom Penh, (CB11), Cambodia	CB	CB11	12390	11.55	104.917	-1033783	20251027151500	https://www.akp.gov.kh/post/detail/351842
1270929415	20251027	202510	2025	2025.8137	AUS	AUSTRALIA	AUS								KHM	CAMBODIA	KHM								1	044	044	04	1	2.5	2	1	2	2.56410256410256	4	Melbourne, Victoria, Australia	AS	AS07	5430	-37.8167	144.967	-1586844	4	Phnom Penh, (CB11), Cambodia	CB	CB11	12390	11.55	104.917	-1033783	4	Melbourne, Victoria, Australia	AS	AS07	5430	-37.8167	144.967	-1586844	20251027151500	https://www.akp.gov.kh/post/detail/351842
1270929416	20251027	202510	2025	2025.8137	AUS	MURRAY	AUS								PSE	PALESTINE	PSE								1	012	012	01	1	-0.4	1	1	1	-0.819672131147541	4	Glasgow, Glasgow City, United Kingdom	UK	UKV2	40176	55.8333	-4.25	-2597039	4	Gaza, Israel (general), Israel	IS	IS00	18315	31.4167	34.3333	-797156	4	Glasgow, Glasgow City, United Kingdom	UK	UKV2	40176	55.8333	-4.25	-2597039	20251027151500	https://www.thenational.scot/news/25574476.former-uk-ambassador-craig-murray-defects-party/
1270929417	20251027	202510	2025	2025.8137	AUS	MURRAY	AUS								PSE	PALESTINE	PSE								1	012	012	01	1	-0.4	1	1	1	-0.819672131147541	4	Gaza, Israel (general), Israel	IS	IS00	18315	31.4167	34.3333	-797156	4	Gaza, Israel (general), Israel	IS	IS00	18315	31.4167	34.3333	-797156	4	Gaza, Israel (general), Israel	IS	IS00	18315	31.4167	34.3333	-797156	20251027151500	https://www.thenational.scot/news/25574476.former-uk-ambassador-craig-murray-defects-party/
1270929418	20251027	202510	2025	2025.8137	AUSGOV	CANBERRA	AUS					GOV													1	042	042	04	1	1.9	3	1	3	1.97530864197531	4	Puducherry, Pondicherry, India	IN	IN22	70228	11.93	79.83	-2108165	0								4	Puducherry, Pondicherry, India	IN	IN22	70228	11.93	79.83	-2108165	20251027151500	https://ianslive.in/iasv-triveni-completes-first-leg-of-global-expedition-reaches-australia--20251027202309
1270929419	20251027	202510	2025	2025.8137	AUT	AUSTRIA	AUT								AUTEDU	VIENNA	AUT					EDU			1	013	013	01	1	0.4	2	1	2	3.42960288808665	4	Vienna, Wien, Austria	AU	AU09	5672	48.2	16.3667	-1995499	4	Vienna, Wien, Austria	AU	AU09	5672	48.2	16.3667	-1995499	4	Vienna, Wien, Austria	AU	AU09	5672	48.2	16.3667	-1995499	20251027151500	https://www.yahoo.com/news/articles/study-finds-most-successful-ivf-145025783.html
1270929420	20251027	202510	2025	2025.8137	AUTEDU	VIENNA	AUT					EDU			AUT	AUSTRIA	AUT								1	013	013	01	1	0.4	2	1	2	3.42960288808665	4	Vienna, Wien, Austria	AU	AU09	5672	48.2	16.3667	-1995499	4	Vienna, Wien, Austria	AU	AU09	5672	48.2	16.3667	-1995499	4	Vienna, Wien, Austria	AU	AU09	5672	48.2	16.3667	-1995499	20251027151500	https://www.yahoo.com/news/articles/study-finds-most-successful-ivf-145025783.html
1270929421	20251027	202510	2025	2025.8137	AZE	AZERBAIJAN	AZE								ARM	ARMENIA	ARM								0	050	050	05	1	3.5	3	1	3	3.13725490196078	4	Gaza, Israel (general), Israel	IS	IS00	18315	31.4167	34.3333	-797156	4	Gaza, Israel (general), Israel	IS	IS00	18315	31.4167	34.3333	-797156	4	Gaza, Israel (general), Israel	IS	IS00	18315	31.4167	34.3333	-797156	20251027151500	https://www.trend.az/azerbaijan/politics/4109500.html
1270929422	20251027	202510	2025	2025.8137	AZE	AZERBAIJAN	AZE								BUS	COMPANY						BUS			1	010	010	01	1	0.0	2	1	2	1.58102766798419	4	Bibiheybat, Baki*, Azerbaijan	AJ	AJ09	534	40.3053	49.8061	116888	4	Bibiheybat, Baki*, Azerbaijan	AJ	AJ09	534	40.3053	49.8061	116888	4	Bibiheybat, Baki*, Azerbaijan	AJ	AJ09	534	40.3053	49.8061	116888	20251027151500	https://www.trend.az/azerbaijan/society/4109143.html
1270929423	20251027	202510	2025	2025.8137	AZE	AZERBAIJAN	AZE								CHN	CHINESE	CHN								1	040	040	04	1	1.0	10	1	10	1.20967741935483	1	China	CH	CH		35	105	CH	1	China	CH	CH		35	105	CH	1	China	CH	CH		35	105	CH	20251027151500	https://www.trend.az/business/energy/4109403.html
1270929424	20251027	202510	2025	2025.8137	AZE	AZERBAIJAN	AZE								CUB	CUBA	CUB								1	110	110	11	3	-2.0	2	1	2	-4.91071428571429	4	Baku, Baki*, Azerbaijan	AJ	AJ09	534	40.3953	49.8822	-2705195	1	Cuba	CU	CU		22	-79.5	CU	4	Baku, Baki*, Azerbaijan	AJ	AJ09	534	40.3953	49.8822	-2705195	20251027151500	https://www.plenglish.com/news/2025/10/27/friends-of-azerbaijan-reject-us-campaigns-against-cuba/
1270929425	20251027	202510	2025	2025.8137	AZE	AZERBAIJAN	AZE								CUB	CUBA	CUB								1	110	110	11	3	-2.0	8	1	8	-4.91071428571429	4	Baku, Baki*, Azerbaijan	AJ	AJ09	534	40.3953	49.8822	-2705195	1	Cuba	CU	CU		22	-79.5	CU	1	Cuba	CU	CU		22	-79.5	CU	20251027151500	https://www.plenglish.com/news/2025/10/27/friends-of-azerbaijan-reject-us-campaigns-against-cuba/
1270929426	20251027	202510	2025	2025.8137	AZE	AZERBAIJAN	AZE								CUB	CUBA	CUB								1	120	120	12	3	-4.0	10	1	10	-4.91071428571429	1	Cuba	CU	CU		22	-79.5	CU	1	Cuba	CU	CU		22	-79.5	CU	1	Cuba	CU	CU		22	-79.5	CU	20251027151500	https://www.plenglish.com/news/2025/10/27/friends-of-azerbaijan-reject-us-campaigns-against-cuba/
1270929427	20251027	202510	2025	2025.8137	AZEGOV	ILHAM ALIYEV	AZE					GOV			CHN	CHINA	CHN								1	042	042	04	1	1.9	10	1	10	4.46808510638298	4	Ye Niuping, Sichuan, China	CH	CH32	13272	26.5412	103.046	10411536	4	Ye Niuping, Sichuan, China	CH	CH32	13272	26.5412	103.046	10411536	4	Ye Niuping, Sichuan, China	CH	CH32	13272	26.5412	103.046	10411536	20251027151500	https://www.trend.az/business/4109479.html
1270929428	20251027	202510	2025	2025.8137	BEL	BELGIUM	BEL								COP	POLICE						COP			1	100	100	10	3	-5.0	10	1	10	-5.08849557522124	4	Brussels, Bruxelles-Capitale, Belgium	BE	BE11	5850	50.8333	4.33333	-1955538	4	Brussels, Bruxelles-Capitale, Belgium	BE	BE11	5850	50.8333	4.33333	-1955538	4	Brussels, Bruxelles-Capitale, Belgium	BE	BE11	5850	50.8333	4.33333	-1955538	20251027151500	https://www.thetimes.com/world/europe/article/belgium-narco-state-judge-drugs-j6hn7mnl7
1270929429	20251027	202510	2025	2025.8137	BEL	BELGIUM	BEL								EUR	EUROPEAN	EUR								0	040	040	04	1	1.0	4	1	4	-5.08849557522124	4	Brussels, Bruxelles-Capitale, Belgium	BE	BE11	5850	50.8333	4.33333	-1955538	4	Brussels, Bruxelles-Capitale, Belgium	BE	BE11	5850	50.8333	4.33333	-1955538	4	Brussels, Bruxelles-Capitale, Belgium	BE	BE11	5850	50.8333	4.33333	-1955538	20251027151500	https://www.thetimes.com/world/europe/article/belgium-narco-state-judge-drugs-j6hn7mnl7
1270929430	20251027	202510	2025	2025.8137	BEL	BELGIUM	BEL								GBR	UNITED KINGDOM	GBR								0	173	173	17	4	-5.0	4	2	4	-10.6412005457026	4	Glasgow, Glasgow City, United Kingdom	UK	UKV2	40176	55.8333	-4.25	-2597039	4	Glasgow, Glasgow City, United Kingdom	UK	UKV2	40176	55.8333	-4.25	-2597039	4	Glasgow, Glasgow City, United Kingdom	UK	UKV2	40176	55.8333	-4.25	-2597039	20251027151500	https://www.newarkadvertiser.co.uk/national/gang-which-ruthlessly-exploited-vulnerable-women-in-brothels-jailed-157758/
1270929431	20251027	202510	2025	2025.8137	BEL	BELGIUM	BEL								JUD	JUDICIARY						JUD			1	100	100	10	3	-5.0	10	1	10	-5.08849557522124	4	Brussels, Bruxelles-Capitale, Belgium	BE	BE11	5850	50.8333	4.33333	-1955538	4	Brussels, Bruxelles-Capitale, Belgium	BE	BE11	5850	50.8333	4.33333	-1955538	4	Brussels, Bruxelles-Capitale, Belgium	BE	BE11	5850	50.8333	4.33333	-1955538	20251027151500	https://www.thetimes.com/world/europe/article/belgium-narco-state-judge-drugs-j6hn7mnl7
1270929432	20251027	202510	2025	2025.8137	BFA	BURKINA FASO	BFA																		1	020	020	02	1	3.0	5	1	5	0	1	Burkina Faso	UV	UV		13	-2	UV	0								1	Burkina Faso	UV	UV		13	-2	UV	20251027151500	https://www2.fundsforngos.org/grant/call-for-applications-wep-third-party-monitoring-partnership-opportunity-burkina-faso-2/
1270929433	20251027	202510	2025	2025.8137	BGD	BANGLADESH	BGD																		1	010	010	01	1	0.0	2	1	2	-4.0625	4	Ghorashal, Bangladesh (general), Bangladesh	BG	BG00	5789	23.9333	90.6333	-2720308	0								4	Ghorashal, Bangladesh (general), Bangladesh	BG	BG00	5789	23.9333	90.6333	-2720308	20251027151500	https://www.bssnews.net/others/325565
1270929434	20251027	202510	2025	2025.8137	BGD	BANGLADESH	BGD																		1	010	010	01	1	0.0	3	1	3	-6.76691729323308	4	Harirampur, Bangladesh (general), Bangladesh	BG	BG00	5778	23.7833	90.35	-2721451	0								4	Jatrabari, Bangladesh (general), Bangladesh	BG	BG00	5790	24.9833	90.9167	-2722689	20251027151500	https://www.bssnews.net/district/325652
1270929435	20251027	202510	2025	2025.8137	BGD	BANGLADESH	BGD																		0	040	040	04	1	1.0	1	1	1	-4.0625	4	Ghorashal, Bangladesh (general), Bangladesh	BG	BG00	5789	23.9333	90.6333	-2720308	0								4	Ghorashal, Bangladesh (general), Bangladesh	BG	BG00	5789	23.9333	90.6333	-2720308	20251027151500	https://www.bssnews.net/others/325565
1270929436	20251027	202510	2025	2025.8137	BGD	BANGLADESH	BGD																		0	042	042	04	1	1.9	1	1	1	-3.78031383737517	4	Dhaka, Dhaka, Bangladesh	BG	BG81	5778	23.7231	90.4086	-2737683	0								1	Afghanistan	AF	AF		33	66	AF	20251027151500	https://economictimes.indiatimes.com/news/defence/is-muhammad-yunus-of-bangladesh-needling-india-again/articleshow/124851969.cms
1270929437	20251027	202510	2025	2025.8137	BGD	BANGLADESH	BGD																		0	043	043	04	1	2.8	10	1	10	-4.0625	4	Ghorashal, Bangladesh (general), Bangladesh	BG	BG00	5789	23.9333	90.6333	-2720308	0								4	Ghorashal, Bangladesh (general), Bangladesh	BG	BG00	5789	23.9333	90.6333	-2720308	20251027151500	https://www.bssnews.net/others/325565
1270929438	20251027	202510	2025	2025.8137	BGD	BANGLADESH	BGD																		1	1712	171	17	4	-9.2	8	1	8	-3.78031383737517	4	Siliguri, West Bengal, India	IN	IN28	17951	26.7161	88.4236	-2111079	0								4	Siliguri, West Bengal, India	IN	IN28	17951	26.7161	88.4236	-2111079	20251027151500	https://economictimes.indiatimes.com/news/defence/is-muhammad-yunus-of-bangladesh-needling-india-again/articleshow/124851969.cms
1270929439	20251027	202510	2025	2025.8137	BGD	BANGLADESH	BGD																		1	1712	171	17	4	-9.2	2	1	2	-3.78031383737517	4	Tripura, Rangpur, Bangladesh	BG	BG87	70290	25.2622	88.9927	10822247	0								4	Tripura, Rangpur, Bangladesh	BG	BG87	70290	25.2622	88.9927	10822247	20251027151500	https://economictimes.indiatimes.com/news/defence/is-muhammad-yunus-of-bangladesh-needling-india-again/articleshow/124851969.cms
1270929440	20251027	202510	2025	2025.8137	BGD	BANGLADESH	BGD								BGDEDU	BANGLADESH	BGD					EDU			1	040	040	04	1	1.0	2	1	2	2.41691842900302	4	Jamuna, Bangladesh (general), Bangladesh	BG	BG00	5811	25.1	89	-2722569	4	Dhaka, Dhaka, Bangladesh	BG	BG81	5778	23.7231	90.4086	-2737683	4	Jamuna, Bangladesh (general), Bangladesh	BG	BG00	5811	25.1	89	-2722569	20251027151500	https://www.bssnews.net/news-flash/325657
1270929441	20251027	202510	2025	2025.8137	BGD	BANGLADESH	BGD								BGDEDU	BANGLADESH	BGD					EDU			1	040	040	04	1	1.0	2	1	2	2.41691842900302	4	Dhaka, Dhaka, Bangladesh	BG	BG81	5778	23.7231	90.4086	-2737683	4	Dhaka, Dhaka, Bangladesh	BG	BG81	5778	23.7231	90.4086	-2737683	4	Dhaka, Dhaka, Bangladesh	BG	BG81	5778	23.7231	90.4086	-2737683	20251027151500	https://www.bssnews.net/news-flash/325657
1270929442	20251027	202510	2025	2025.8137	BGD	BANGLADESH	BGD								BGDEDU	BANGLADESH	BGD					EDU			1	046	046	04	1	7.0	4	1	2	2.41691842900302	4	Jamuna, Bangladesh (general), Bangladesh	BG	BG00	5811	25.1	89	-2722569	4	Dhaka, Dhaka, Bangladesh	BG	BG81	5778	23.7231	90.4086	-2737683	4	Jamuna, Bangladesh (general), Bangladesh	BG	BG00	5811	25.1	89	-2722569	20251027151500	https://www.bssnews.net/news-flash/325657
1270929443	20251027	202510	2025	2025.8137	BGD	DHAKA	BGD								CHN	CHINA	CHN								1	042	042	04	1	1.9	3	1	3	-3.78031383737517	4	Dhaka, Dhaka, Bangladesh	BG	BG81	5778	23.7231	90.4086	-2737683	4	Yunu, Fujian, China	CH	CH07	13163	25.1033	116.381	10999526	4	Yunu, Fujian, China	CH	CH07	13163	25.1033	116.381	10999526	20251027151500	https://economictimes.indiatimes.com/news/defence/is-muhammad-yunus-of-bangladesh-needling-india-again/articleshow/124851969.cms
1270929444	20251027	202510	2025	2025.8137	BGD	DHAKA	BGD								CHN	CHINA	CHN								1	043	043	04	1	2.8	2	1	2	-3.78031383737517	4	Siliguri, West Bengal, India	IN	IN28	17951	26.7161	88.4236	-2111079	4	Yunu, Fujian, China	CH	CH07	13163	25.1033	116.381	10999526	4	Siliguri, West Bengal, India	IN	IN28	17951	26.7161	88.4236	-2111079	20251027151500	https://economictimes.indiatimes.com/news/defence/is-muhammad-yunus-of-bangladesh-needling-india-again/articleshow/124851969.cms
1270929445	20251027	202510	2025	2025.8137	BGD	DHAKA	BGD								CHN	CHINESE	CHN								1	043	043	04	1	2.8	5	1	5	-3.78031383737517	4	Dhaka, Dhaka, Bangladesh	BG	BG81	5778	23.7231	90.4086	-2737683	4	Yunu, Fujian, China	CH	CH07	13163	25.1033	116.381	10999526	4	Yunu, Fujian, China	CH	CH07	13163	25.1033	116.381	10999526	20251027151500	https://economictimes.indiatimes.com/news/defence/is-muhammad-yunus-of-bangladesh-needling-india-again/articleshow/124851969.cms
1270929446	20251027	202510	2025	2025.8137	BGD	BANGLADESH	BGD								COP	POLICE						COP			1	173	173	17	4	-5.0	6	1	6	-4.94505494505494	4	Anwara, Chittagong, Bangladesh	BG	BG84	5770	22.2216	91.9065	9252114	4	Anwara, Chittagong, Bangladesh	BG	BG84	5770	22.2216	91.9065	9252114	4	Anwara, Chittagong, Bangladesh	BG	BG84	5770	22.2216	91.9065	9252114	20251027151500	https://www.bssnews.net/district/325638
1270929447	20251027	202510	2025	2025.8137	BGD	BANGLADESH	BGD								CRM	DRUG DEALER						CRM			1	173	173	17	4	-5.0	2	1	2	-4.94505494505494	4	Bairag, Chittagong, Bangladesh	BG	BG84	5770	22.2232	91.8581	9252136	4	Bairag, Chittagong, Bangladesh	BG	BG84	5770	22.2232	91.8581	9252136	4	Bairag, Chittagong, Bangladesh	BG	BG84	5770	22.2232	91.8581	9252136	20251027151500	https://www.bssnews.net/district/325638
1270929448	20251027	202510	2025	2025.8137	BGD	DHAKA	BGD								EDU	STUDENT						EDU			1	020	020	02	1	3.0	10	1	10	1.9047619047619	4	Dhaka, Dhaka, Bangladesh	BG	BG81	5778	23.7231	90.4086	-2737683	4	Dhaka, Dhaka, Bangladesh	BG	BG81	5778	23.7231	90.4086	-2737683	4	Dhaka, Dhaka, Bangladesh	BG	BG81	5778	23.7231	90.4086	-2737683	20251027151500	https://www.bssnews.net/news/325637
1270929449	20251027	202510	2025	2025.8137	BGD	BANGLADESH	BGD								EDU	PROFESSOR						EDU			1	040	040	04	1	1.0	8	1	4	2.41691842900302	4	Jamuna, Bangladesh (general), Bangladesh	BG	BG00	5811	25.1	89	-2722569	4	Jamuna, Bangladesh (general), Bangladesh	BG	BG00	5811	25.1	89	-2722569	4	Jamuna, Bangladesh (general), Bangladesh	BG	BG00	5811	25.1	89	-2722569	20251027151500	https://www.bssnews.net/news-flash/325657
1270929450	20251027	202510	2025	2025.8137	BGD	BANGLADESH	BGD								EDU	PROFESSOR						EDU			1	040	040	04	1	1.0	2	1	2	2.41691842900302	4	Jamuna, Bangladesh (general), Bangladesh	BG	BG00	5811	25.1	89	-2722569	4	Dhaka, Dhaka, Bangladesh	BG	BG81	5778	23.7231	90.4086	-2737683	4	Jamuna, Bangladesh (general), Bangladesh	BG	BG00	5811	25.1	89	-2722569	20251027151500	https://www.bssnews.net/news-flash/325657
1270929451	20251027	202510	2025	2025.8137	BGD	BANGLADESH	BGD								EDU	PROFESSOR						EDU			1	046	046	04	1	7.0	8	1	4	2.41691842900302	4	Jamuna, Bangladesh (general), Bangladesh	BG	BG00	5811	25.1	89	-2722569	4	Jamuna, Bangladesh (general), Bangladesh	BG	BG00	5811	25.1	89	-2722569	4	Jamuna, Bangladesh (general), Bangladesh	BG	BG00	5811	25.1	89	-2722569	20251027151500	https://www.bssnews.net/news-flash/325657
1270929452	20251027	202510	2025	2025.8137	BGD	BANGLADESH	BGD								EDU	PROFESSOR						EDU			1	046	046	04	1	7.0	4	1	2	2.41691842900302	4	Jamuna, Bangladesh (general), Bangladesh	BG	BG00	5811	25.1	89	-2722569	4	Dhaka, Dhaka, Bangladesh	BG	BG81	5778	23.7231	90.4086	-2737683	4	Jamuna, Bangladesh (general), Bangladesh	BG	BG00	5811	25.1	89	-2722569	20251027151500	https://www.bssnews.net/news-flash/325657
1270929453	20251027	202510	2025	2025.8137	BGD	DHAKA	BGD								EDU	STUDENT						EDU			1	090	090	09	2	-2.0	10	1	10	1.9047619047619	4	Dhaka, Dhaka, Bangladesh	BG	BG81	5778	23.7231	90.4086	-2737683	4	Dhaka, Dhaka, Bangladesh	BG	BG81	5778	23.7231	90.4086	-2737683	4	Dhaka, Dhaka, Bangladesh	BG	BG81	5778	23.7231	90.4086	-2737683	20251027151500	https://www.bssnews.net/news/325637
1270929454	20251027	202510	2025	2025.8137	BGD	BANGLADESH	BGD								GOV	GOVERNMENT						GOV			1	057	057	05	1	8.0	1	1	1	3	4	Islamabad, Islamabad, Pakistan	PK	PK08	23674	33.7	73.1667	-2762812	4	Islamabad, Islamabad, Pakistan	PK	PK08	23674	33.7	73.1667	-2762812	4	Islamabad, Islamabad, Pakistan	PK	PK08	23674	33.7	73.1667	-2762812	20251027151500	https://www.bssnews.net/business/325577
1270929455	20251027	202510	2025	2025.8137	BGD	RAJSHAHI	BGD								MOS	IMAM				MOS					1	040	040	04	1	1.0	10	1	10	1.09090909090909	0								0								0								20251027151500	https://www.bssnews.net/news/325601
1270929456	20251027	202510	2025	2025.8137	BGD	BANGLADESH	BGD								PAK	PAKISTAN	PAK								1	0311	031	03	1	5.2	8	1	8	2.96610169491526	4	Dhaka, Dhaka, Bangladesh	BG	BG81	5778	23.7231	90.4086	-2737683	4	Dhaka, Dhaka, Bangladesh	BG	BG81	5778	23.7231	90.4086	-2737683	4	Dhaka, Dhaka, Bangladesh	BG	BG81	5778	23.7231	90.4086	-2737683	20251027151500	https://www.bssnews.net/business/325597
1270929457	20251027	202510	2025	2025.8137	BGD	BANGLADESH	BGD								PAK	PAKISTAN	PAK								1	0311	031	03	1	5.2	2	1	2	2.96610169491526	4	Dhaka, Dhaka, Bangladesh	BG	BG81	5778	23.7231	90.4086	-2737683	1	Pakistan	PK	PK		30	70	PK	4	Dhaka, Dhaka, Bangladesh	BG	BG81	5778	23.7231	90.4086	-2737683	20251027151500	https://www.bssnews.net/business/325597
1270929458	20251027	202510	2025	2025.8137	BGD	DHAKA	BGD								PAK	PAKISTANI	PAK								0	036	036	03	1	4.0	1	1	1	-3.78031383737517	5	Nagaland, Nagaland, India	IN	IN20	17807	26	94.25	-2105305	5	Nagaland, Nagaland, India	IN	IN20	17807	26	94.25	-2105305	5	Nagaland, Nagaland, India	IN	IN20	17807	26	94.25	-2105305	20251027151500	https://economictimes.indiatimes.com/news/defence/is-muhammad-yunus-of-bangladesh-needling-india-again/articleshow/124851969.cms
1270929459	20251027	202510	2025	2025.8137	BGD	DHAKA	BGD								PAK	PAKISTANI	PAK								0	036	036	03	1	4.0	1	1	1	-3.78031383737517	4	Dhaka, Dhaka, Bangladesh	BG	BG81	5778	23.7231	90.4086	-2737683	4	Muhammad Yunus, Sindh, Pakistan	PK	PK05	23686	27.5252	68.5774	6121254	4	Dhaka, Dhaka, Bangladesh	BG	BG81	5778	23.7231	90.4086	-2737683	20251027151500	https://economictimes.indiatimes.com/news/defence/is-muhammad-yunus-of-bangladesh-needling-india-again/articleshow/124851969.cms
1270929460	20251027	202510	2025	2025.8137	BGD	BANGLADESH	BGD								PAK	PAKISTAN	PAK								1	043	043	04	1	2.8	1	1	1	3	4	Islamabad, Islamabad, Pakistan	PK	PK08	23674	33.7	73.1667	-2762812	4	Islamabad, Islamabad, Pakistan	PK	PK08	23674	33.7	73.1667	-2762812	4	Islamabad, Islamabad, Pakistan	PK	PK08	23674	33.7	73.1667	-2762812	20251027151500	https://www.bssnews.net/business/325577
1270929461	20251027	202510	2025	2025.8137	BGD	BANGLADESH	BGD								PAK	PAKISTAN	PAK								1	050	050	05	1	3.5	2	1	2	-3.78031383737517	4	Siliguri, West Bengal, India	IN	IN28	17951	26.7161	88.4236	-2111079	4	Dhaka, Dhaka, Bangladesh	BG	BG81	5778	23.7231	90.4086	-2737683	4	Siliguri, West Bengal, India	IN	IN28	17951	26.7161	88.4236	-2111079	20251027151500	https://economictimes.indiatimes.com/news/defence/is-muhammad-yunus-of-bangladesh-needling-india-again/articleshow/124851969.cms
1270929462	20251027	202510	2025	2025.8137	BGD	BANGLADESH	BGD								PAK	PAKISTAN	PAK								1	050	050	05	1	3.5	2	1	2	-3.78031383737517	4	Siliguri, West Bengal, India	IN	IN28	17951	26.7161	88.4236	-2111079	4	Muhammad Yunus, Sindh, Pakistan	PK	PK05	23686	27.5252	68.5774	6121254	4	Dhaka, Dhaka, Bangladesh	BG	BG81	5778	23.7231	90.4086	-2737683	20251027151500	https://economictimes.indiatimes.com/news/defence/is-muhammad-yunus-of-bangladesh-needling-india-again/articleshow/124851969.cms
1270929463	20251027	202510	2025	2025.8137	BGD	BANGLADESH	BGD								PAK	PAKISTAN	PAK								1	050	050	05	1	3.5	6	1	6	-3.78031383737517	4	Dhaka, Dhaka, Bangladesh	BG	BG81	5778	23.7231	90.4086	-2737683	4	Muhammad Yunus, Sindh, Pakistan	PK	PK05	23686	27.5252	68.5774	6121254	4	Dhaka, Dhaka, Bangladesh	BG	BG81	5778	23.7231	90.4086	-2737683	20251027151500	https://economictimes.indiatimes.com/news/defence/is-muhammad-yunus-of-bangladesh-needling-india-again/articleshow/124851969.cms
1270929464	20251027	202510	2025	2025.8137	BGD	BANGLADESH	BGD								PAK	PAKISTAN	PAK								1	084	084	08	2	7.0	1	1	1	3	4	Dhaka, Dhaka, Bangladesh	BG	BG81	5778	23.7231	90.4086	-2737683	4	Dhaka, Dhaka, Bangladesh	BG	BG81	5778	23.7231	90.4086	-2737683	4	Islamabad, Islamabad, Pakistan	PK	PK08	23674	33.7	73.1667	-2762812	20251027151500	https://www.bssnews.net/business/325577
1270929465	20251027	202510	2025	2025.8137	BGD	BANGLADESH	BGD								PAKMIL	PAKISTAN	PAK					MIL			0	036	036	03	1	4.0	2	1	2	-3.78031383737517	4	Siliguri, West Bengal, India	IN	IN28	17951	26.7161	88.4236	-2111079	4	Siliguri, West Bengal, India	IN	IN28	17951	26.7161	88.4236	-2111079	4	Ukhia, Chittagong, Bangladesh	BG	BG84	5772	21.2445	92.1396	-2737007	20251027151500	https://economictimes.indiatimes.com/news/defence/is-muhammad-yunus-of-bangladesh-needling-india-again/articleshow/124851969.cms
1270929466	20251027	202510	2025	2025.8137	BGD	BANGLADESH	BGD								REB	INSURGENT						REB			0	080	080	08	2	5.0	8	1	8	-3.78031383737517	4	Dhaka, Dhaka, Bangladesh	BG	BG81	5778	23.7231	90.4086	-2737683	4	Dhaka, Dhaka, Bangladesh	BG	BG81	5778	23.7231	90.4086	-2737683	5	Nagaland, Nagaland, India	IN	IN20	17807	26	94.25	-2105305	20251027151500	https://economictimes.indiatimes.com/news/defence/is-muhammad-yunus-of-bangladesh-needling-india-again/articleshow/124851969.cms
1270929467	20251027	202510	2025	2025.8137	BGD	BANGLADESH	BGD								REB	INSURGENT						REB			0	080	080	08	2	5.0	2	1	2	-3.78031383737517	4	Muhammad Yunus, Sindh, Pakistan	PK	PK05	23686	27.5252	68.5774	6121254	5	Nagaland, Nagaland, India	IN	IN20	17807	26	94.25	-2105305	5	Nagaland, Nagaland, India	IN	IN20	17807	26	94.25	-2105305	20251027151500	https://economictimes.indiatimes.com/news/defence/is-muhammad-yunus-of-bangladesh-needling-india-again/articleshow/124851969.cms
1270929468	20251027	202510	2025	2025.8137	BGD	BANGLADESH	BGD								ran	RANA			ran						1	173	173	17	4	-5.0	1	1	1	-8.63309352517985	4	Dhaka, Dhaka, Bangladesh	BG	BG81	5778	23.7231	90.4086	-2737683	4	Dhaka, Dhaka, Bangladesh	BG	BG81	5778	23.7231	90.4086	-2737683	4	Dhaka, Dhaka, Bangladesh	BG	BG81	5778	23.7231	90.4086	-2737683	20251027151500	https://www.bssnews.net/others/325586
1270929469	20251027	202510	2025	2025.8137	BGDEDU	BANGLADESH	BGD					EDU													1	070	070	07	2	7.0	2	1	2	2.41691842900302	4	Dhaka, Dhaka, Bangladesh	BG	BG81	5778	23.7231	90.4086	-2737683	0								4	Dhaka, Dhaka, Bangladesh	BG	BG81	5778	23.7231	90.4086	-2737683	20251027151500	https://www.bssnews.net/news-flash/325657
1270929470	20251027	202510	2025	2025.8137	BGDEDU	BANGLADESH	BGD					EDU			BGD	BANGLADESH	BGD								1	040	040	04	1	1.0	4	1	2	2.41691842900302	4	Dhaka, Dhaka, Bangladesh	BG	BG81	5778	23.7231	90.4086	-2737683	4	Jamuna, Bangladesh (general), Bangladesh	BG	BG00	5811	25.1	89	-2722569	4	Jamuna, Bangladesh (general), Bangladesh	BG	BG00	5811	25.1	89	-2722569	20251027151500	https://www.bssnews.net/news-flash/325657
1270929471	20251027	202510	2025	2025.8137	BGDEDU	BANGLADESH	BGD					EDU			BGD	BANGLADESH	BGD								1	046	046	04	1	7.0	4	1	2	2.41691842900302	4	Dhaka, Dhaka, Bangladesh	BG	BG81	5778	23.7231	90.4086	-2737683	4	Jamuna, Bangladesh (general), Bangladesh	BG	BG00	5811	25.1	89	-2722569	4	Jamuna, Bangladesh (general), Bangladesh	BG	BG00	5811	25.1	89	-2722569	20251027151500	https://www.bssnews.net/news-flash/325657
1270929472	20251027	202510	2025	2025.8137	BGDEDU	BANGLADESH	BGD					EDU			PTY	POLITICAL PARTIES									1	051	051	05	1	3.4	2	1	2	2.41691842900302	4	Dhaka, Dhaka, Bangladesh	BG	BG81	5778	23.7231	90.4086	-2737683	4	Dhaka, Dhaka, Bangladesh	BG	BG81	5778	23.7231	90.4086	-2737683	4	Dhaka, Dhaka, Bangladesh	BG	BG81	5778	23.7231	90.4086	-2737683	20251027151500	https://www.bssnews.net/news-flash/325657
1270929473	20251027	202510	2025	2025.8137	BGDGOV	BANGLADESH	BGD					GOV			MIL	LIEUTENANT GENERAL						MIL			1	040	040	04	1	1.0	6	1	6	2.7124773960217	4	Dhaka, Dhaka, Bangladesh	BG	BG81	5778	23.7231	90.4086	-2737683	4	Dhaka, Dhaka, Bangladesh	BG	BG81	5778	23.7231	90.4086	-2737683	4	Dhaka, Dhaka, Bangladesh	BG	BG81	5778	23.7231	90.4086	-2737683	20251027151500	https://www.bssnews.net/news/325552
1270929474	20251027	202510	2025	2025.8137	BGDGOVBUS	SALEHUDDIN AHMED	BGD					GOV	BUS		GOV	MINIST FOR PETROLEUM						GOV			1	043	043	04	1	2.8	3	1	3	3	4	Islamabad, Islamabad, Pakistan	PK	PK08	23674	33.7	73.1667	-2762812	4	Islamabad, Islamabad, Pakistan	PK	PK08	23674	33.7	73.1667	-2762812	4	Islamabad, Islamabad, Pakistan	PK	PK08	23674	33.7	73.1667	-2762812	20251027151500	https://www.bssnews.net/business/325577
1270929475	20251027	202510	2025	2025.8137	BGDGOVBUS	AMIR KHASRU MAHMUD CHOWDHURY	BGD					GOV	BUS		MED	MEDIA						MED			1	040	040	04	1	1.0	10	1	10	0	4	Dhaka, Dhaka, Bangladesh	BG	BG81	5778	23.7231	90.4086	-2737683	4	Dhaka, Dhaka, Bangladesh	BG	BG81	5778	23.7231	90.4086	-2737683	4	Dhaka, Dhaka, Bangladesh	BG	BG81	5778	23.7231	90.4086	-2737683	20251027151500	https://www.bssnews.net/news/325660
1270929476	20251027	202510	2025	2025.8137	BGDGOVBUS	SALEHUDDIN AHMED	BGD					GOV	BUS		PAK	PAKISTAN	PAK								1	043	043	04	1	2.8	1	1	1	3	4	Dhaka, Dhaka, Bangladesh	BG	BG81	5778	23.7231	90.4086	-2737683	4	Islamabad, Islamabad, Pakistan	PK	PK08	23674	33.7	73.1667	-2762812	4	Islamabad, Islamabad, Pakistan	PK	PK08	23674	33.7	73.1667	-2762812	20251027151500	https://www.bssnews.net/business/325577
1270929477	20251027	202510	2025	2025.8137	BGDGOVBUS	SALEHUDDIN AHMED	BGD					GOV	BUS		PAK	PAKISTAN	PAK								1	043	043	04	1	2.8	1	1	1	3	4	Islamabad, Islamabad, Pakistan	PK	PK08	23674	33.7	73.1667	-2762812	4	Islamabad, Islamabad, Pakistan	PK	PK08	23674	33.7	73.1667	-2762812	4	Islamabad, Islamabad, Pakistan	PK	PK08	23674	33.7	73.1667	-2762812	20251027151500	https://www.bssnews.net/business/325577
1270929478	20251027	202510	2025	2025.8137	BGDGOVMED	ABDUL MOYEEN KHAN	BGD					GOV	MED												1	010	010	01	1	0.0	6	1	6	-4.0625	4	Ghorashal, Bangladesh (general), Bangladesh	BG	BG00	5789	23.9333	90.6333	-2720308	0								4	Ghorashal, Bangladesh (general), Bangladesh	BG	BG00	5789	23.9333	90.6333	-2720308	20251027151500	https://www.bssnews.net/others/325565
1270929479	20251027	202510	2025	2025.8137	BGDGOVMED	ABDUL MOYEEN KHAN	BGD					GOV	MED		BGD	BANGLADESH	BGD								1	010	010	01	1	0.0	2	1	2	-4.0625	4	Ghorashal, Bangladesh (general), Bangladesh	BG	BG00	5789	23.9333	90.6333	-2720308	4	Ghorashal, Bangladesh (general), Bangladesh	BG	BG00	5789	23.9333	90.6333	-2720308	4	Ghorashal, Bangladesh (general), Bangladesh	BG	BG00	5789	23.9333	90.6333	-2720308	20251027151500	https://www.bssnews.net/others/325565
1270929480	20251027	202510	2025	2025.8137	BHR	BAHRAIN	BHR								CVL	MIGRANT						CVL			1	141	141	14	3	-6.5	2	1	2	-4.33734939759036	4	Manama, Al Manamah, Bahrain	BA	BA02	25307	26.2361	50.5831	-784833	4	Manama, Al Manamah, Bahrain	BA	BA02	25307	26.2361	50.5831	-784833	4	Manama, Al Manamah, Bahrain	BA	BA02	25307	26.2361	50.5831	-784833	20251027151500	https://www.thedailybeast.com/fox-news-host-joey-jones-tells-president-donald-trump-to-do-better-job-on-political-messaging/
1270929481	20251027	202510	2025	2025.8137	BHR	BAHRAIN	BHR								CVL	MIGRANT						CVL			1	141	141	14	3	-6.5	2	1	2	-4.33734939759036	4	Manama, Al Manamah, Bahrain	BA	BA02	25307	26.2361	50.5831	-784833	3	White House, District of Columbia, United States	US	USDC		38.8951	-77.0364	531871	4	Manama, Al Manamah, Bahrain	BA	BA02	25307	26.2361	50.5831	-784833	20251027151500	https://www.thedailybeast.com/fox-news-host-joey-jones-tells-president-donald-trump-to-do-better-job-on-political-messaging/
1270929482	20251027	202510	2025	2025.8137	BHRGOV	BAHRAIN	BHR					GOV			BHR	BAHRAIN	BHR								1	010	010	01	1	0.0	2	1	2	-4.33734939759036	4	Manama, Al Manamah, Bahrain	BA	BA02	25307	26.2361	50.5831	-784833	3	White House, District of Columbia, United States	US	USDC		38.8951	-77.0364	531871	4	Manama, Al Manamah, Bahrain	BA	BA02	25307	26.2361	50.5831	-784833	20251027151500	https://www.thedailybeast.com/fox-news-host-joey-jones-tells-president-donald-trump-to-do-better-job-on-political-messaging/
1270929483	20251027	202510	2025	2025.8137	BHRGOV	BAHRAIN	BHR					GOV			BHR	BAHRAIN	BHR								1	010	010	01	1	0.0	2	1	2	-4.33734939759036	3	White House, District of Columbia, United States	US	USDC		38.8951	-77.0364	531871	3	White House, District of Columbia, United States	US	USDC		38.8951	-77.0364	531871	3	White House, District of Columbia, United States	US	USDC		38.8951	-77.0364	531871	20251027151500	https://www.thedailybeast.com/fox-news-host-joey-jones-tells-president-donald-trump-to-do-better-job-on-political-messaging/
1270929484	20251027	202510	2025	2025.8137	BMU	BERMUDA	BMU																		1	013	013	01	1	0.4	10	1	10	3.99002493765586	1	Bermuda	BD	BD		32.333333	-64.75	BD	0								1	Bermuda	BD	BD		32.333333	-64.75	BD	20251027151500	https://bernews.com/2025/10/plp-opens-60th-annual-general-conference/
1270929485	20251027	202510	2025	2025.8137	BMU	BERMUDA	BMU																		0	017	017	01	1	0.0	2	1	2	3.99002493765586	1	Bermuda	BD	BD		32.333333	-64.75	BD	0								1	Bermuda	BD	BD		32.333333	-64.75	BD	20251027151500	https://bernews.com/2025/10/plp-opens-60th-annual-general-conference/
1270929486	20251027	202510	2025	2025.8137	BMU	BERMUDA	BMU																		1	021	021	02	1	3.4	10	1	10	3.99002493765586	1	Bermuda	BD	BD		32.333333	-64.75	BD	0								1	Bermuda	BD	BD		32.333333	-64.75	BD	20251027151500	https://bernews.com/2025/10/plp-opens-60th-annual-general-conference/
1270929487	20251027	202510	2025	2025.8137	BMU	BERMUDA	BMU																		0	040	040	04	1	1.0	4	1	4	-0.81190798376184	1	Bermuda	BD	BD		32.333333	-64.75	BD	0								1	Bermuda	BD	BD		32.333333	-64.75	BD	20251027151500	https://bernews.com/2025/10/column-lightbourne-on-fahy-politics-more/
1270929488	20251027	202510	2025	2025.8137	BMU	BERMUDA	BMU																		1	046	046	04	1	7.0	10	1	10	3.99002493765586	1	Bermuda	BD	BD		32.333333	-64.75	BD	0								1	Bermuda	BD	BD		32.333333	-64.75	BD	20251027151500	https://bernews.com/2025/10/plp-opens-60th-annual-general-conference/
1270929489	20251027	202510	2025	2025.8137	BMU	BERMUDA	BMU																		0	070	070	07	2	7.0	4	1	4	-0.81190798376184	1	Bermuda	BD	BD		32.333333	-64.75	BD	0								1	Bermuda	BD	BD		32.333333	-64.75	BD	20251027151500	https://bernews.com/2025/10/column-lightbourne-on-fahy-politics-more/
1270929490	20251027	202510	2025	2025.8137	BMU	BERMUDA	BMU								PAN	PANAMA	PAN								1	042	042	04	1	1.9	10	1	10	4.74934036939314	1	Panama	PM	PM		9	-80	PM	1	Panama	PM	PM		9	-80	PM	1	Panama	PM	PM		9	-80	PM	20251027151500	https://bernews.com/2025/10/bermuda-robotics-team-heads-panama/
1270929491	20251027	202510	2025	2025.8137	BRA	BRAZIL	BRA								MYS	MALAYSIA	MYS								1	061	061	06	2	6.4	4	1	4	-1.21951219512195	1	Brazil	BR	BR		-10	-55	BR	1	Brazil	BR	BR		-10	-55	BR	1	Brazil	BR	BR		-10	-55	BR	20251027151500	https://www.thepoultrysite.com/news/2025/10/malaysia-reopens-market-to-brazilian-chicken
1270929492	20251027	202510	2025	2025.8137	BRA	BRAZIL	BRA								MYS	MALAYSIA	MYS								1	061	061	06	2	6.4	6	1	6	-1.21951219512195	1	United States	US	US		39.828175	-98.5795	US	1	Brazil	BR	BR		-10	-55	BR	1	Brazil	BR	BR		-10	-55	BR	20251027151500	https://www.thepoultrysite.com/news/2025/10/malaysia-reopens-market-to-brazilian-chicken
1270929493	20251027	202510	2025	2025.8137	BUS	COMPANIES						BUS													1	010	010	01	1	0.0	20	1	10	3.21100917431192	4	Princeton, Newfoundland, Canada	CA	CA05	12614	48.4167	-53.6	-571751	0								4	Princeton, Newfoundland, Canada	CA	CA05	12614	48.4167	-53.6	-571751	20251027151500	https://www.dailypolitical.com/2025/10/27/strategic-blueprint-llc-decreases-stake-in-the-tjx-companies-inc-tjx.html
1270929494	20251027	202510	2025	2025.8137	BUS	COMPANY						BUS													1	010	010	01	1	0.0	3	1	3	1.58102766798419	4	Bibiheybat, Baki*, Azerbaijan	AJ	AJ09	534	40.3053	49.8061	116888	0								4	Bibiheybat, Baki*, Azerbaijan	AJ	AJ09	534	40.3053	49.8061	116888	20251027151500	https://www.trend.az/azerbaijan/society/4109143.html
1270929495	20251027	202510	2025	2025.8137	BUS	COMPANY						BUS													1	010	010	01	1	0.0	10	1	10	-0.82070707070707	3	Los Angeles, California, United States	US	USCA	CA037	34.0522	-118.244	1662328	0								3	Los Angeles, California, United States	US	USCA		34.0522	-118.244	1662328	20251027151500	https://www.forbes.com/sites/feliciajackson/2025/10/27/the-waterenergy-nexus-the-hidden-infrastructure-of-resilience/
1270929496	20251027	202510	2025	2025.8137	BUS	BUSINESS						BUS													1	010	010	01	1	0.0	10	1	10	0.61728395061728	2	Hawaii, United States	US	USHI		21.1098	-157.531	HI	0								2	Hawaii, United States	US	USHI		21.1098	-157.531	HI	20251027151500	https://www.tickerreport.com/banking-finance/13215508/transcend-capital-advisors-llc-trims-position-in-abbvie-inc-abbv.html
1270929497	20251027	202510	2025	2025.8137	BUS	COMPANY						BUS													1	010	010	01	1	0.0	10	1	10	-3.94736842105263	2	Mississippi, United States	US	USMS		32.7673	-89.6812	MS	0								2	Mississippi, United States	US	USMS		32.7673	-89.6812	MS	20251027151500	https://www.jdsupra.com/legalnews/pretreatment-enforcement-clean-water-3649290/
1270929498	20251027	202510	2025	2025.8137	BUS	BUSINESS						BUS													0	010	010	01	1	0.0	10	1	10	1.42517814726841	1	Switzerland	SZ	SZ		47	8	SZ	0								1	Switzerland	SZ	SZ		47	8	SZ	20251027151500	https://www.themarketsdaily.com/2025/10/27/whipplewood-advisors-llc-buys-123-shares-of-international-business-machines-corporation-ibm.html
1270929499	20251027	202510	2025	2025.8137	BUS	BUSINESS						BUS													0	013	013	01	1	0.4	10	1	10	0.35026269702277	4	Lagos, Lagos, Nigeria	NI	NI05	191416	6.45306	3.39583	-2017355	0								4	Lagos, Lagos, Nigeria	NI	NI05	191416	6.45306	3.39583	-2017355	20251027151500	https://quicknews-africa.net/7-5-vat-on-chatgpt-to-have-dual-edged-impact-on-economy-expert/
1270929500	20251027	202510	2025	2025.8137	BUS	BUSINESS						BUS													0	013	013	01	1	0.4	5	1	5	-0.44313146233383	1	Kenya	KE	KE		1	38	KE	0								1	Kenya	KE	KE		1	38	KE	20251027151500	https://www.standardmedia.co.ke/branding-voice/article/2001532783/how-lack-of-collateral-hinders-banks-from-funding-small-businesses
1270929501	20251027	202510	2025	2025.8137	BUS	CORPORATION						BUS													1	020	020	02	1	3.0	10	1	10	2.24438902743142	4	Riyadh, Ar Riya?, Saudi Arabia	SA	SA10	25316	24.6408	46.7728	-3093009	0								4	Riyadh, Ar Riya?, Saudi Arabia	SA	SA10	25316	24.6408	46.7728	-3093009	20251027151500	https://fortune.com/2025/10/27/ai-ibm-business-models-transformed-adopt-tech/
1270929502	20251027	202510	2025	2025.8137	BUS	INVESTOR						BUS													1	020	020	02	1	3.0	3	1	3	-1.53721682847896	3	Cobbs Creek, Pennsylvania, United States	US	USPA	PA101	39.9476	-75.2402	1202868	0								3	Cobbs Creek, Pennsylvania, United States	US	USPA		39.9476	-75.2402	1202868	20251027151500	https://www.phillytrib.com/news/local_news/corporate-investors-bought-a-quarter-of-philly-s-single-family-homes-sold-over-6-years/article_f480c174-db61-41a0-a1b2-9d83269b875a.html
1270929503	20251027	202510	2025	2025.8137	BUS	INDUSTRY						BUS													1	020	020	02	1	3.0	5	1	5	-1.64556962025317	2	Virginia, United States	US	USVA		37.768	-78.2057	VA	0								2	Virginia, United States	US	USVA		37.768	-78.2057	VA	20251027151500	https://www.jdsupra.com/legalnews/will-crypto-capital-find-a-home-in-the-1499723/
1270929504	20251027	202510	2025	2025.8137	BUS	CREDIT UNION						BUS													0	043	043	04	1	2.8	5	1	5	7.51445086705202	3	Orlando, Florida, United States	US	USFL	FL095	28.5383	-81.3792	288240	0								3	Orlando, Florida, United States	US	USFL	FL095	28.5383	-81.3792	288240	20251027151500	http://www.prnewswire.com/news-releases/finboa-named-to-class-of-2025-credit-union-times-luminaries-awards-302595430.html
1270929505	20251027	202510	2025	2025.8137	BUS	COMPANY						BUS													1	057	057	05	1	8.0	10	1	10	2.03703703703704	3	Jeffersonville, Indiana, United States	US	USIN	IN019	38.2776	-85.7372	436979	0								3	Jeffersonville, Indiana, United States	US	USIN	IN019	38.2776	-85.7372	436979	20251027151500	https://www.ems1.com/ambulances-and-emergency-vehicles/ind-county-moves-to-secure-five-ambulances-ahead-of-possible-countywide-fire-ems-district
1270929506	20251027	202510	2025	2025.8137	BUS	CREDIT UNION						BUS													1	057	057	05	1	8.0	4	1	4	7.51445086705202	2	Florida, United States	US	USFL		27.8333	-81.717	FL	0								3	Houston, Texas, United States	US	USTX	TX201	29.7633	-95.3633	1380948	20251027151500	http://www.prnewswire.com/news-releases/finboa-named-to-class-of-2025-credit-union-times-luminaries-awards-302595430.html
1270929507	20251027	202510	2025	2025.8137	BUS	CREDIT UNION						BUS													1	057	057	05	1	8.0	1	1	1	7.51445086705202	2	Florida, United States	US	USFL		27.8333	-81.717	FL	0								2	Florida, United States	US	USFL		27.8333	-81.717	FL	20251027151500	http://www.prnewswire.com/news-releases/finboa-named-to-class-of-2025-credit-union-times-luminaries-awards-302595430.html
1270929508	20251027	202510	2025	2025.8137	BUS	TRADER						BUS													1	071	071	07	2	7.4	5	1	5	1.98019801980198	4	London, London, City of, United Kingdom	UK	UKH9	40110	51.5	-0.116667	-2601889	0								4	London, London, City of, United Kingdom	UK	UKH9	40110	51.5	-0.116667	-2601889	20251027151500	https://www.miningmx.com/trending/62908-gold-traders-make-a-fortune-amid-hiring-surge/
1270929509	20251027	202510	2025	2025.8137	BUS	BANK						BUS													0	100	100	10	3	-5.0	10	1	10	-2.10896309314587	2	Maryland, United States	US	USMD		39.0724	-76.7902	MD	0								2	Maryland, United States	US	USMD		39.0724	-76.7902	MD	20251027151500	https://www.nbcwashington.com/news/local/world-central-kitchen-to-feed-furloughed-feds-monday-as-food-insecurity-concerns-grow/4007236/
1270929510	20251027	202510	2025	2025.8137	BUS	INDUSTRY						BUS													1	111	111	11	3	-2.0	10	1	10	-1.40350877192983	4	Northern Ireland, Craigavon, United Kingdom	UK	UKR8	40152	54.5	-6.5	-2604275	0								4	Northern Ireland, Craigavon, United Kingdom	UK	UKR8	40152	54.5	-6.5	-2604275	20251027151500	https://pressreleases.responsesource.com/news/106847/staffing-industry-rebukes-neu-s-inaccurate-supply-teacher-report/
1270929511	20251027	202510	2025	2025.8137	BUS	BUSINESS						BUS													1	172	172	17	4	-5.0	2	1	2	5.16351118760758	4	Wembley, Brent, United Kingdom	UK	UKB5	40110	51.55	-0.283333	-2611120	0								4	Wembley, Brent, United Kingdom	UK	UKB5	40110	51.55	-0.283333	-2611120	20251027151500	https://www.lgcplus.com/services/environment/mete-coban-lessons-for-circular-economy-strategy-27-10-2025/
1270929512	20251027	202510	2025	2025.8137	BUS	CORPORATION						BUS			CHNGOV	CHINA	CHN					GOV			1	040	040	04	1	1.0	10	1	10	1.20967741935483	1	China	CH	CH		35	105	CH	1	China	CH	CH		35	105	CH	1	China	CH	CH		35	105	CH	20251027151500	https://www.trend.az/business/energy/4109403.html
1270929513	20251027	202510	2025	2025.8137	BUS	BANK						BUS			COP	POLICE						COP			0	043	043	04	1	2.8	4	1	4	-6.070826306914	3	Middlesex County, New Jersey, United States	US	USNJ	NJ023	40.4334	-74.3996	882230	3	Middlesex County, New Jersey, United States	US	USNJ		40.4334	-74.3996	882230	3	Middlesex County, New Jersey, United States	US	USNJ		40.4334	-74.3996	882230	20251027151500	https://wobm.com/ixp/385/p/police-misconduct-franklin-nj/
1270929514	20251027	202510	2025	2025.8137	BUS	BANK						BUS			COP	POLICE						COP			0	043	043	04	1	2.8	6	1	6	-6.070826306914	2	New Jersey, United States	US	USNJ		40.314	-74.5089	NJ	2	New Jersey, United States	US	USNJ		40.314	-74.5089	NJ	2	New Jersey, United States	US	USNJ		40.314	-74.5089	NJ	20251027151500	https://wobm.com/ixp/385/p/police-misconduct-franklin-nj/
1270929515	20251027	202510	2025	2025.8137	BUS	BANK						BUS			CVL	COMMUNITY						CVL			0	023	023	02	1	3.4	6	1	6	0.38925652004671	3	Christ United Methodist Church, District of Columbia, United States	US	USDC	DC001	38.879	-77.0003	531130	3	Christ United Methodist Church, District of Columbia, United States	US	USDC		38.879	-77.0003	531130	3	Christ United Methodist Church, District of Columbia, United States	US	USDC		38.879	-77.0003	531130	20251027151500	https://www.wesa.fm/wesa-voter-guide/2025-10-06/pittsburgh-city-council-district-4
1270929516	20251027	202510	2025	2025.8137	BUS	BANK						BUS			CVL	COMMUNITY						CVL			0	023	023	02	1	3.4	4	1	4	0.38925652004671	3	White House, District of Columbia, United States	US	USDC		38.8951	-77.0364	531871	3	White House, District of Columbia, United States	US	USDC		38.8951	-77.0364	531871	3	White House, District of Columbia, United States	US	USDC		38.8951	-77.0364	531871	20251027151500	https://www.wesa.fm/wesa-voter-guide/2025-10-06/pittsburgh-city-council-district-4
1270929517	20251027	202510	2025	2025.8137	BUS	BUSINESS						BUS			CVL	COMMUNITY						CVL			1	051	051	05	1	3.4	10	1	10	5.94594594594595	1	Kenya	KE	KE		1	38	KE	1	Kenya	KE	KE		1	38	KE	1	Kenya	KE	KE		1	38	KE	20251027151500	https://indiaeducationdiary.in/kushagra-srivastava-of-chakr-innovation-named-among-the-2025-meaningful-business-100-global-leaders/
1270929518	20251027	202510	2025	2025.8137	BUS	BANK						BUS			CVL	RESIDENTS						CVL			0	061	061	06	2	6.4	10	1	10	0.38925652004671	2	New York, United States	US	USNY		42.1497	-74.9384	NY	2	New York, United States	US	USNY		42.1497	-74.9384	NY	2	New York, United States	US	USNY		42.1497	-74.9384	NY	20251027151500	https://www.wesa.fm/wesa-voter-guide/2025-10-06/pittsburgh-city-council-district-4
1270929519	20251027	202510	2025	2025.8137	BUS	INDUSTRY						BUS			CVL	ENGINEER						CVL			1	173	173	17	4	-5.0	10	1	10	-3.6	0								0								0								20251027151500	https://www.marketscreener.com/news/elastic-redefines-observability-with-ai-powered-streams-ce7d5ddfdb88f324
1270929520	20251027	202510	2025	2025.8137	BUS	INDUSTRY						BUS			EUR	EUROPE	EUR								0	020	020	02	1	3.0	5	1	5	-2.68729641693811	4	Ankara, Ankara, Turkey	TU	TU68	27516	39.9272	32.8644	-735338	4	Ankara, Ankara, Turkey	TU	TU68	27516	39.9272	32.8644	-735338	4	Ankara, Ankara, Turkey	TU	TU68	27516	39.9272	32.8644	-735338	20251027151500	https://www.thenationalnews.com/news/mena/2025/10/27/europe-has-lost-moral-high-ground-over-gaza-turkish-official-says/
1270929521	20251027	202510	2025	2025.8137	BUS	BUSINESS						BUS			GBR	UNITED KINGDOM	GBR								1	172	172	17	4	-5.0	6	1	6	5.16351118760758	4	Wembley, Brent, United Kingdom	UK	UKB5	40110	51.55	-0.283333	-2611120	4	Wembley, Brent, United Kingdom	UK	UKB5	40110	51.55	-0.283333	-2611120	4	Wembley, Brent, United Kingdom	UK	UKB5	40110	51.55	-0.283333	-2611120	20251027151500	https://www.lgcplus.com/services/environment/mete-coban-lessons-for-circular-economy-strategy-27-10-2025/
1270929522	20251027	202510	2025	2025.8137	BUS	ENTREPRENEUR						BUS			GBRGOV	UNITED KINGDOM	GBR					GOV			1	128	128	12	3	-5.0	8	1	8	-2.1680216802168	4	Glasgow, Glasgow City, United Kingdom	UK	UKV2	40176	55.8333	-4.25	-2597039	4	Glasgow, Glasgow City, United Kingdom	UK	UKV2	40176	55.8333	-4.25	-2597039	4	Glasgow, Glasgow City, United Kingdom	UK	UKV2	40176	55.8333	-4.25	-2597039	20251027151500	https://www.thenational.scot/news/25573730.michelle-mone-buys-10m-flat-floridas-billionaire-island/
1270929523	20251027	202510	2025	2025.8137	BUS	ENTREPRENEUR						BUS			GBRGOV	UNITED KINGDOM	GBR					GOV			1	128	128	12	3	-5.0	2	1	2	-2.1680216802168	3	Miami, Florida, United States	US	USFL	FL086	25.7743	-80.1937	295004	3	Miami, Florida, United States	US	USFL	FL086	25.7743	-80.1937	295004	3	Miami, Florida, United States	US	USFL	FL086	25.7743	-80.1937	295004	20251027151500	https://www.thenational.scot/news/25573730.michelle-mone-buys-10m-flat-floridas-billionaire-island/
1270929524	20251027	202510	2025	2025.8137	BUS	BUSINESS						BUS			GOV	GOVERNANCE						GOV			1	042	042	04	1	1.9	5	1	5	5.46218487394958	4	Brisbane, Queensland, Australia	AS	AS04	154654	-27.5	153.017	-1561728	4	Brisbane, Queensland, Australia	AS	AS04	154654	-27.5	153.017	-1561728	4	Brisbane, Queensland, Australia	AS	AS04	154654	-27.5	153.017	-1561728	20251027151500	http://www.bignewsnetwork.com/news/278659096/hamdan-bin-mohammed-witnesses-signing-of-mous-during-asia-pacific-cities-summit
1270929525	20251027	202510	2025	2025.8137	BUS	BANK						BUS			GOVBUS	NATIONAL BANK						GOV	BUS		1	042	042	04	1	1.9	3	1	3	2.9673590504451	4	Zurich, ZüSZ, Switzerland	SZ	SZ25	26310	47.3667	8.55	-2554935	4	Zurich, ZüSZ, Switzerland	SZ	SZ25	26310	47.3667	8.55	-2554935	4	Zurich, ZüSZ, Switzerland	SZ	SZ25	26310	47.3667	8.55	-2554935	20251027151500	https://www.marketscreener.com/news/ubs-files-application-for-us-banking-licence-eyeing-growth-ce7d5ddfdb88f220
1270929526	20251027	202510	2025	2025.8137	BUS	COMPANIES						BUS			JUD	COUNSEL						JUD			0	040	040	04	1	1.0	10	1	10	0.28248587570622	2	Delaware, United States	US	USDE		39.3498	-75.5148	DE	2	Delaware, United States	US	USDE		39.3498	-75.5148	DE	2	Delaware, United States	US	USDE		39.3498	-75.5148	DE	20251027151500	https://www.jdsupra.com/legalnews/sec-issues-no-action-letter-approving-3894948/
1270929527	20251027	202510	2025	2025.8137	BUS	BANK						BUS			LAB	WORKER						LAB			0	073	073	07	2	7.4	10	1	10	-2.10896309314587	2	Maryland, United States	US	USMD		39.0724	-76.7902	MD	2	Maryland, United States	US	USMD		39.0724	-76.7902	MD	2	Maryland, United States	US	USMD		39.0724	-76.7902	MD	20251027151500	https://www.nbcwashington.com/news/local/world-central-kitchen-to-feed-furloughed-feds-monday-as-food-insecurity-concerns-grow/4007236/
1270929528	20251027	202510	2025	2025.8137	BUS	COMPANY						BUS			MED	MAGAZINE						MED			0	013	013	01	1	0.4	5	1	5	5.02717391304348	1	United Kingdom	UK	UK		54	-4	UK	1	United Kingdom	UK	UK		54	-4	UK	1	United Kingdom	UK	UK		54	-4	UK	20251027151500	https://www.hrmagazine.co.uk/content/news/temu-clamps-down-on-design-copycats-how-hr-can-safeguard-intellectual-property
1270929529	20251027	202510	2025	2025.8137	BUS	COMPANY						BUS			SPY	INTELLIGENCE						SPY			0	090	090	09	2	-2.0	10	1	10	-3.6	0								0								0								20251027151500	https://www.marketscreener.com/news/elastic-redefines-observability-with-ai-powered-streams-ce7d5ddfdb88f324
1270929530	20251027	202510	2025	2025.8137	BUS	BUSINESS						BUS			USA	ILLINOIS	USA								1	036	036	03	1	4.0	5	1	5	1.38888888888888	2	Illinois, United States	US	USIL		40.3363	-89.0022	IL	2	Illinois, United States	US	USIL		40.3363	-89.0022	IL	2	Illinois, United States	US	USIL		40.3363	-89.0022	IL	20251027151500	https://taylorvilledailynews.com/local-news/812484
1270929531	20251027	202510	2025	2025.8137	BUS	INDUSTRY						BUS			USA	PENNSYLVANIA	USA								1	042	042	04	1	1.9	1	1	1	-2.1321961620469	2	Pennsylvania, United States	US	USPA		40.5773	-77.264	PA	3	Jefferson County, Texas, United States	US	USTX		29.8836	-94.1502	1383908	3	Jefferson County, Texas, United States	US	USTX		29.8836	-94.1502	1383908	20251027151500	https://www.geographicus.com/P/AntiqueMap/jeffersoncountytexas-higgins-1898
1270929532	20251027	202510	2025	2025.8137	BUS	INDUSTRY						BUS			USA	PENNSYLVANIA	USA								1	042	042	04	1	1.9	1	1	1	-2.1321961620469	2	Pennsylvania, United States	US	USPA		40.5773	-77.264	PA	2	Pennsylvania, United States	US	USPA		40.5773	-77.264	PA	2	Pennsylvania, United States	US	USPA		40.5773	-77.264	PA	20251027151500	https://www.geographicus.com/P/AntiqueMap/jeffersoncountytexas-higgins-1898
1270929533	20251027	202510	2025	2025.8137	BUS	INDUSTRY						BUS			USA	UNITED STATES	USA								0	051	051	05	1	3.4	1	1	1	-0.31645569620253	4	Lugano, Ticino, Switzerland	SZ	SZ20	26305	46.0062	8.95114	-2552969	3	White House, District of Columbia, United States	US	USDC		38.8951	-77.0364	531871	4	Lugano, Ticino, Switzerland	SZ	SZ20	26305	46.0062	8.95114	-2552969	20251027151500	https://fortune.com/crypto/2025/10/27/bitcoin-civil-war-core-knots-lugano-switzerland-plan-b-tether/
1270929534	20251027	202510	2025	2025.8137	BUS	INDUSTRY						BUS			USA	UNITED STATES	USA								0	051	051	05	1	3.4	1	1	1	-0.31645569620253	3	White House, District of Columbia, United States	US	USDC		38.8951	-77.0364	531871	3	White House, District of Columbia, United States	US	USDC		38.8951	-77.0364	531871	3	White House, District of Columbia, United States	US	USDC		38.8951	-77.0364	531871	20251027151500	https://fortune.com/crypto/2025/10/27/bitcoin-civil-war-core-knots-lugano-switzerland-plan-b-tether/
1270929535	20251027	202510	2025	2025.8137	BUS	INDUSTRY						BUS			USA	CALIFORNIA	USA								1	070	070	07	2	7.0	7	1	7	-0.89686098654708	2	Texas, United States	US	USTX		31.106	-97.6475	TX	2	Texas, United States	US	USTX		31.106	-97.6475	TX	2	Texas, United States	US	USTX		31.106	-97.6475	TX	20251027151500	https://www.dallasnews.com/business/2025/10/27/d-fw-the-headquarters-of-vehicle-finance-as-auto-personal-loans-surge/
1270929536	20251027	202510	2025	2025.8137	BUS	BUSINESS						BUS			USA	WISCONSIN	USA								1	071	071	07	2	7.4	2	1	2	2.48447204968944	2	Wisconsin, United States	US	USWI		44.2563	-89.6385	WI	2	Wisconsin, United States	US	USWI		44.2563	-89.6385	WI	2	Wisconsin, United States	US	USWI		44.2563	-89.6385	WI	20251027151500	https://wtaq.com/2025/10/27/public-comment-period-closes-for-datcp-administrative-rules-10-and-12/
1270929537	20251027	202510	2025	2025.8137	BUS	BANK						BUS			USAMED	REUTERS	USA					MED			1	043	043	04	1	2.8	5	1	5	2.9673590504451	1	United States	US	US		39.828175	-98.5795	US	4	Zurich, ZüSZ, Switzerland	SZ	SZ25	26310	47.3667	8.55	-2554935	1	United States	US	US		39.828175	-98.5795	US	20251027151500	https://www.marketscreener.com/news/ubs-files-application-for-us-banking-licence-eyeing-growth-ce7d5ddfdb88f220
1270929538	20251027	202510	2025	2025.8137	CAN	CANADA	CAN																		1	172	172	17	4	-5.0	2	1	2	-3.23834196891191	4	Osaka, Osaka, Japan	JA	JA32	35840	34.6667	135.5	-240905	0								4	Osaka, Osaka, Japan	JA	JA32	35840	34.6667	135.5	-240905	20251027151500	https://www.thedailybeast.com/donald-trump-threatens-to-ban-rival-political-ads-in-truth-twisting-meltdown/
1270929539	20251027	202510	2025	2025.8137	CAN	CANADA	CAN																		1	172	172	17	4	-5.0	2	1	2	-3.23834196891191	3	White House, District of Columbia, United States	US	USDC		38.8951	-77.0364	531871	0								3	White House, District of Columbia, United States	US	USDC		38.8951	-77.0364	531871	20251027151500	https://www.thedailybeast.com/donald-trump-threatens-to-ban-rival-political-ads-in-truth-twisting-meltdown/
1270929540	20251027	202510	2025	2025.8137	CAN	CANADIAN	CAN								CANBUS	CANADA	CAN					BUS			0	060	060	06	2	6.0	4	1	4	-2.54372019077902	1	Canada	CA	CA		60	-96	CA	1	Canada	CA	CA		60	-96	CA	1	Canada	CA	CA		60	-96	CA	20251027151500	https://www.elciudadano.com/en/penco-residents-rally-against-aclaras-rare-earth-mining-project/10/27/
1270929541	20251027	202510	2025	2025.8137	CAN	CANADA	CAN								CANGOV	CANADA	CAN					GOV			1	046	046	04	1	7.0	2	1	2	-2.87610619469026	1	Canada	CA	CA		60	-96	CA	1	Canada	CA	CA		60	-96	CA	1	Canada	CA	CA		60	-96	CA	20251027151500	https://www.yahoo.com/news/articles/trump-abandon-canada-trade-talks-145259133.html
1270929542	20251027	202510	2025	2025.8137	CAN	CANADA	CAN								CANGOV	CANADA	CAN					GOV			0	050	050	05	1	3.5	4	1	4	-2.87610619469026	1	Canada	CA	CA		60	-96	CA	1	Canada	CA	CA		60	-96	CA	1	Canada	CA	CA		60	-96	CA	20251027151500	https://www.yahoo.com/news/articles/trump-abandon-canada-trade-talks-145259133.html
1270929543	20251027	202510	2025	2025.8137	CAN	CANADA	CAN								GOV	PRESIDENT						GOV			1	046	046	04	1	7.0	8	1	8	-2.87610619469026	1	Canada	CA	CA		60	-96	CA	1	Canada	CA	CA		60	-96	CA	1	Canada	CA	CA		60	-96	CA	20251027151500	https://www.yahoo.com/news/articles/trump-abandon-canada-trade-talks-145259133.html
1270929544	20251027	202510	2025	2025.8137	CAN	CANADA	CAN								MIL	AIR FORCE						MIL			1	040	040	04	1	1.0	4	1	4	-2.87610619469026	1	Canada	CA	CA		60	-96	CA	1	Canada	CA	CA		60	-96	CA	1	Canada	CA	CA		60	-96	CA	20251027151500	https://www.yahoo.com/news/articles/trump-abandon-canada-trade-talks-145259133.html
1270929545	20251027	202510	2025	2025.8137	CAN	CANADIAN	CAN								USA	ARIZONA	USA								1	020	020	02	1	3.0	5	1	5	1.15606936416185	3	Phoenix, Arizona, United States	US	USAZ	AZ013	33.4484	-112.074	44784	3	Phoenix, Arizona, United States	US	USAZ	AZ013	33.4484	-112.074	44784	3	Phoenix, Arizona, United States	US	USAZ	AZ013	33.4484	-112.074	44784	20251027151500	https://ktar.com/arizona-business/joey-biltmore-phoenix-office/5765333/
1270929546	20251027	202510	2025	2025.8137	CAN	CANADA	CAN								USA	LOS ANGELES	USA								1	040	040	04	1	1.0	2	1	2	0	4	Toronto, Ontario, Canada	CA	CA08	12686	43.6667	-79.4167	-574890	3	Los Angeles, California, United States	US	USCA		34.0522	-118.244	1662328	4	Toronto, Ontario, Canada	CA	CA08	12686	43.6667	-79.4167	-574890	20251027151500	https://www.yahoo.com/news/slideshows/mlb-world-series-dodgers-blue-124237263.html
1270929547	20251027	202510	2025	2025.8137	CAN	CANADA	CAN								idg	INDIGENOUS			idg						1	040	040	04	1	1.0	2	1	2	-2.54372019077902	1	Canada	CA	CA		60	-96	CA	1	Canada	CA	CA		60	-96	CA	1	Canada	CA	CA		60	-96	CA	20251027151500	https://www.elciudadano.com/en/penco-residents-rally-against-aclaras-rare-earth-mining-project/10/27/
1270929548	20251027	202510	2025	2025.8137	CANBUS	CANADIAN	CAN					BUS													0	060	060	06	2	6.0	6	1	6	-2.54372019077902	1	Canada	CA	CA		60	-96	CA	0								1	Canada	CA	CA		60	-96	CA	20251027151500	https://www.elciudadano.com/en/penco-residents-rally-against-aclaras-rare-earth-mining-project/10/27/
1270929549	20251027	202510	2025	2025.8137	CANGOV	CANADA	CAN					GOV													0	011	011	01	1	-0.1	2	1	2	-4.58452722063037	1	Canada	CA	CA		60	-96	CA	0								1	Canada	CA	CA		60	-96	CA	20251027151500	https://www.el-balad.com/6746420
1270929550	20251027	202510	2025	2025.8137	CANGOV	CANADA	CAN					GOV			CAN	CANADA	CAN								0	036	036	03	1	4.0	4	1	4	-2.87610619469026	1	Canada	CA	CA		60	-96	CA	1	Canada	CA	CA		60	-96	CA	1	Canada	CA	CA		60	-96	CA	20251027151500	https://www.yahoo.com/news/articles/trump-abandon-canada-trade-talks-145259133.html
1270929551	20251027	202510	2025	2025.8137	CANGOV	CANADA	CAN					GOV			CAN	CANADA	CAN								1	046	046	04	1	7.0	2	1	2	-2.87610619469026	1	Canada	CA	CA		60	-96	CA	1	Canada	CA	CA		60	-96	CA	1	Canada	CA	CA		60	-96	CA	20251027151500	https://www.yahoo.com/news/articles/trump-abandon-canada-trade-talks-145259133.html
1270929552	20251027	202510	2025	2025.8137	CANGOV	CANADA	CAN					GOV			CAN	CANADA	CAN								0	050	050	05	1	3.5	4	1	4	-2.87610619469026	1	Canada	CA	CA		60	-96	CA	1	Canada	CA	CA		60	-96	CA	1	Canada	CA	CA		60	-96	CA	20251027151500	https://www.yahoo.com/news/articles/trump-abandon-canada-trade-talks-145259133.html
1270929553	20251027	202510	2025	2025.8137	CANGOV	CANADA	CAN					GOV			CHN	CHINESE	CHN								0	040	040	04	1	1.0	2	1	2	-3.23834196891191	1	Canada	CA	CA		60	-96	CA	1	Canada	CA	CA		60	-96	CA	1	Canada	CA	CA		60	-96	CA	20251027151500	https://www.thedailybeast.com/donald-trump-threatens-to-ban-rival-political-ads-in-truth-twisting-meltdown/
1270929554	20251027	202510	2025	2025.8137	CANGOV	CANADA	CAN					GOV			JPN	JAPAN	JPN								0	040	040	04	1	1.0	2	1	2	-3.23834196891191	1	Canada	CA	CA		60	-96	CA	4	Tokyo, Tokyo, Japan	JA	JA40	36340	35.685	139.751	-246227	1	Canada	CA	CA		60	-96	CA	20251027151500	https://www.thedailybeast.com/donald-trump-threatens-to-ban-rival-political-ads-in-truth-twisting-meltdown/
1270929555	20251027	202510	2025	2025.8137	CANGOV	CANADA	CAN					GOV			JPN	JAPAN	JPN								0	046	046	04	1	7.0	2	1	2	-3.23834196891191	1	Canada	CA	CA		60	-96	CA	4	Tokyo, Tokyo, Japan	JA	JA40	36340	35.685	139.751	-246227	4	Tokyo, Tokyo, Japan	JA	JA40	36340	35.685	139.751	-246227	20251027151500	https://www.thedailybeast.com/donald-trump-threatens-to-ban-rival-political-ads-in-truth-twisting-meltdown/
1270929556	20251027	202510	2025	2025.8137	CANGOV	CANADA	CAN					GOV			MEX	MEXICO	MEX								0	036	036	03	1	4.0	2	1	2	-2.87610619469026	1	Canada	CA	CA		60	-96	CA	1	Canada	CA	CA		60	-96	CA	1	Canada	CA	CA		60	-96	CA	20251027151500	https://www.yahoo.com/news/articles/trump-abandon-canada-trade-talks-145259133.html
1270929557	20251027	202510	2025	2025.8137	CANGOV	CANADA	CAN					GOV			MEX	MEXICO	MEX								0	036	036	03	1	4.0	2	1	2	-2.87610619469026	1	Canada	CA	CA		60	-96	CA	1	Mexico	MX	MX		23	-102	MX	1	Canada	CA	CA		60	-96	CA	20251027151500	https://www.yahoo.com/news/articles/trump-abandon-canada-trade-talks-145259133.html
1270929558	20251027	202510	2025	2025.8137	CANGOV	CANADA	CAN					GOV			MEX	MEXICO	MEX								0	050	050	05	1	3.5	2	1	2	-2.87610619469026	1	Canada	CA	CA		60	-96	CA	1	Canada	CA	CA		60	-96	CA	1	Canada	CA	CA		60	-96	CA	20251027151500	https://www.yahoo.com/news/articles/trump-abandon-canada-trade-talks-145259133.html
1270929559	20251027	202510	2025	2025.8137	CANGOV	CANADA	CAN					GOV			MEX	MEXICO	MEX								0	050	050	05	1	3.5	2	1	2	-2.87610619469026	1	Canada	CA	CA		60	-96	CA	1	Mexico	MX	MX		23	-102	MX	1	Canada	CA	CA		60	-96	CA	20251027151500	https://www.yahoo.com/news/articles/trump-abandon-canada-trade-talks-145259133.html
1270929560	20251027	202510	2025	2025.8137	CANJUD	CANADA	CAN					JUD													1	021	021	02	1	3.4	1	1	1	-5.4820415879017	1	Canada	CA	CA		60	-96	CA	0								4	Eldoret, Rift Valley, Kenya	KE	KE08	18585	0.520356	35.2699	-2244119	20251027151500	https://www.standardmedia.co.ke/rift-valley/article/2001532788/senior-lawyer-allowed-to-join-sh11bn-education-scandal-case-after-three-attempts
1270929561	20251027	202510	2025	2025.8137	CHE	BASEL	CHE																		1	020	020	02	1	3.0	10	1	10	-1.64556962025317	2	New York, United States	US	USNY		42.1497	-74.9384	NY	0								2	New York, United States	US	USNY		42.1497	-74.9384	NY	20251027151500	https://www.jdsupra.com/legalnews/will-crypto-capital-find-a-home-in-the-1499723/
1270929562	20251027	202510	2025	2025.8137	CHN	CHINA	CHN																		1	020	020	02	1	3.0	10	1	10	-6.89655172413793	1	Russia	RS	RS		60	100	RS	0								1	Russia	RS	RS		60	100	RS	20251027151500	https://www.theepochtimes.com/china/ccps-new-5-year-plan-outlines-wartime-economy-analysts-5935135
1270929563	20251027	202510	2025	2025.8137	CHN	CHINA	CHN																		0	061	061	06	2	6.4	2	1	2	-3.78031383737517	4	Yunu, Fujian, China	CH	CH07	13163	25.1033	116.381	10999526	0								4	Tripura, Rangpur, Bangladesh	BG	BG87	70290	25.2622	88.9927	10822247	20251027151500	https://economictimes.indiatimes.com/news/defence/is-muhammad-yunus-of-bangladesh-needling-india-again/articleshow/124851969.cms
1270929564	20251027	202510	2025	2025.8137	CHN	CHINA	CHN								AZE	AZERBAIJAN	AZE								1	040	040	04	1	1.0	2	1	2	1.20967741935483	1	Azerbaijan	AJ	AJ		40.5	47.5	AJ	1	Azerbaijan	AJ	AJ		40.5	47.5	AJ	1	China	CH	CH		35	105	CH	20251027151500	https://www.trend.az/business/energy/4109403.html
1270929565	20251027	202510	2025	2025.8137	CHN	CHINESE	CHN								AZE	AZERBAIJAN	AZE								1	040	040	04	1	1.0	8	1	8	1.20967741935483	1	China	CH	CH		35	105	CH	1	Azerbaijan	AJ	AJ		40.5	47.5	AJ	1	China	CH	CH		35	105	CH	20251027151500	https://www.trend.az/business/energy/4109403.html
1270929566	20251027	202510	2025	2025.8137	CHN	CHINA	CHN								AZEGOV	ILHAM ALIYEV	AZE					GOV			1	043	043	04	1	2.8	10	1	10	4.46808510638298	4	Ye Niuping, Sichuan, China	CH	CH32	13272	26.5412	103.046	10411536	4	Ye Niuping, Sichuan, China	CH	CH32	13272	26.5412	103.046	10411536	4	Ye Niuping, Sichuan, China	CH	CH32	13272	26.5412	103.046	10411536	20251027151500	https://www.trend.az/business/4109479.html
1270929567	20251027	202510	2025	2025.8137	CHN	CHINA	CHN								BGD	DHAKA	BGD								1	042	042	04	1	1.9	2	1	2	-3.78031383737517	4	Yunu, Fujian, China	CH	CH07	13163	25.1033	116.381	10999526	4	Siliguri, West Bengal, India	IN	IN28	17951	26.7161	88.4236	-2111079	4	Siliguri, West Bengal, India	IN	IN28	17951	26.7161	88.4236	-2111079	20251027151500	https://economictimes.indiatimes.com/news/defence/is-muhammad-yunus-of-bangladesh-needling-india-again/articleshow/124851969.cms
1270929568	20251027	202510	2025	2025.8137	CHN	CHINESE	CHN								BGD	DHAKA	BGD								1	042	042	04	1	1.9	5	1	5	-3.78031383737517	4	Yunu, Fujian, China	CH	CH07	13163	25.1033	116.381	10999526	4	Dhaka, Dhaka, Bangladesh	BG	BG81	5778	23.7231	90.4086	-2737683	4	Yunu, Fujian, China	CH	CH07	13163	25.1033	116.381	10999526	20251027151500	https://economictimes.indiatimes.com/news/defence/is-muhammad-yunus-of-bangladesh-needling-india-again/articleshow/124851969.cms
1270929569	20251027	202510	2025	2025.8137	CHN	CHINA	CHN								BGD	DHAKA	BGD								1	043	043	04	1	2.8	3	1	3	-3.78031383737517	4	Yunu, Fujian, China	CH	CH07	13163	25.1033	116.381	10999526	4	Dhaka, Dhaka, Bangladesh	BG	BG81	5778	23.7231	90.4086	-2737683	4	Yunu, Fujian, China	CH	CH07	13163	25.1033	116.381	10999526	20251027151500	https://economictimes.indiatimes.com/news/defence/is-muhammad-yunus-of-bangladesh-needling-india-again/articleshow/124851969.cms
1270929570	20251027	202510	2025	2025.8137	CHN	CHINESE	CHN								CANGOV	CANADA	CAN					GOV			0	040	040	04	1	1.0	2	1	2	-3.23834196891191	1	Canada	CA	CA		60	-96	CA	1	Canada	CA	CA		60	-96	CA	1	Canada	CA	CA		60	-96	CA	20251027151500	https://www.thedailybeast.com/donald-trump-threatens-to-ban-rival-political-ads-in-truth-twisting-meltdown/
1270929571	20251027	202510	2025	2025.8137	CHN	CHINA	CHN								CHNGOV	XI JINPING	CHN					GOV			1	046	046	04	1	7.0	4	1	4	1.85430463576159	4	Lifeng, Guangdong, China	CH	CH30	13047	23.7822	116.151	9198279	4	Lifeng, Guangdong, China	CH	CH30	13047	23.7822	116.151	9198279	4	Lifeng, Guangdong, China	CH	CH30	13047	23.7822	116.151	9198279	20251027151500	https://www.bssnews.net/international/325590
1270929572	20251027	202510	2025	2025.8137	CHN	CHINESE	CHN								GOV	PRESIDENT						GOV			0	040	040	04	1	1.0	2	1	2	-3.23834196891191	1	China	CH	CH		35	105	CH	1	Canada	CA	CA		60	-96	CA	1	Canada	CA	CA		60	-96	CA	20251027151500	https://www.thedailybeast.com/donald-trump-threatens-to-ban-rival-political-ads-in-truth-twisting-meltdown/
1270929573	20251027	202510	2025	2025.8137	CHN	CHINA	CHN								JPN	TOKYO	JPN								1	036	036	03	1	4.0	6	1	6	1.85430463576159	4	Lifeng, Guangdong, China	CH	CH30	13047	23.7822	116.151	9198279	4	Tokyo, Tokyo, Japan	JA	JA40	36340	35.685	139.751	-246227	4	Tokyo, Tokyo, Japan	JA	JA40	36340	35.685	139.751	-246227	20251027151500	https://www.bssnews.net/international/325590
1270929574	20251027	202510	2025	2025.8137	CHN	CHINA	CHN								JPN	JAPAN	JPN								1	036	036	03	1	4.0	2	1	2	1.85430463576159	4	Lifeng, Guangdong, China	CH	CH30	13047	23.7822	116.151	9198279	4	Tokyo, Tokyo, Japan	JA	JA40	36340	35.685	139.751	-246227	4	Lifeng, Guangdong, China	CH	CH30	13047	23.7822	116.151	9198279	20251027151500	https://www.bssnews.net/international/325590
1270929575	20251027	202510	2025	2025.8137	CHN	CHINESE	CHN								JPN	OSAKA	JPN								0	042	042	04	1	1.9	2	1	2	-3.23834196891191	1	Canada	CA	CA		60	-96	CA	4	Osaka, Osaka, Japan	JA	JA32	35840	34.6667	135.5	-240905	1	Canada	CA	CA		60	-96	CA	20251027151500	https://www.thedailybeast.com/donald-trump-threatens-to-ban-rival-political-ads-in-truth-twisting-meltdown/
1270929576	20251027	202510	2025	2025.8137	CHN	CHINESE	CHN								JPN	OSAKA	JPN								0	042	042	04	1	1.9	2	1	2	-3.23834196891191	1	China	CH	CH		35	105	CH	4	Osaka, Osaka, Japan	JA	JA32	35840	34.6667	135.5	-240905	1	Canada	CA	CA		60	-96	CA	20251027151500	https://www.thedailybeast.com/donald-trump-threatens-to-ban-rival-political-ads-in-truth-twisting-meltdown/
1270929577	20251027	202510	2025	2025.8137	CHN	CHINA	CHN								JPN	TOKYO	JPN								1	164	164	16	4	-7.0	2	1	2	1.85430463576159	4	Lifeng, Guangdong, China	CH	CH30	13047	23.7822	116.151	9198279	4	Tokyo, Tokyo, Japan	JA	JA40	36340	35.685	139.751	-246227	4	Lifeng, Guangdong, China	CH	CH30	13047	23.7822	116.151	9198279	20251027151500	https://www.bssnews.net/international/325590
1270929578	20251027	202510	2025	2025.8137	CHN	CHINA	CHN								JPN	TOKYO	JPN								1	164	164	16	4	-7.0	2	1	2	1.85430463576159	4	Lifeng, Guangdong, China	CH	CH30	13047	23.7822	116.151	9198279	4	Lifeng, Guangdong, China	CH	CH30	13047	23.7822	116.151	9198279	4	Lifeng, Guangdong, China	CH	CH30	13047	23.7822	116.151	9198279	20251027151500	https://www.bssnews.net/international/325590
1270929579	20251027	202510	2025	2025.8137	CHN	CHINA	CHN								JPN	TOKYO	JPN								1	164	164	16	4	-7.0	6	1	6	1.85430463576159	1	South Korea	KS	KS		37	127.5	KS	1	South Korea	KS	KS		37	127.5	KS	1	South Korea	KS	KS		37	127.5	KS	20251027151500	https://www.bssnews.net/international/325590
1270929580	20251027	202510	2025	2025.8137	CHN	CHINA	CHN								KOR	SOUTH KOREA	KOR								0	125	125	12	3	-5.0	8	1	8	0.92514718250631	1	China	CH	CH		35	105	CH	1	South Korea	KS	KS		37	127.5	KS	1	South Korea	KS	KS		37	127.5	KS	20251027151500	https://www.straitstimes.com/asia/se-asia/asean-leaders-push-for-stronger-trade-ties-with-rcep-members-and-other-partners
1270929581	20251027	202510	2025	2025.8137	CHN	CHINA	CHN								KOR	SOUTH KOREA	KOR								0	125	125	12	3	-5.0	2	1	2	0.92514718250631	1	New Zealand	NZ	NZ		-42	174	NZ	1	New Zealand	NZ	NZ		-42	174	NZ	1	New Zealand	NZ	NZ		-42	174	NZ	20251027151500	https://www.straitstimes.com/asia/se-asia/asean-leaders-push-for-stronger-trade-ties-with-rcep-members-and-other-partners
1270929582	20251027	202510	2025	2025.8137	CHN	CHINA	CHN								MIL	NAVY						MIL			1	050	050	05	1	3.5	5	1	5	0.91659028414298	4	Beijing, Beijing, China	CH	CH22	13001	39.9289	116.388	-1898541	4	Beijing, Beijing, China	CH	CH22	13001	39.9289	116.388	-1898541	4	Beijing, Beijing, China	CH	CH22	13001	39.9289	116.388	-1898541	20251027151500	https://breakingdefense.com/2025/10/chinas-presence-is-growing-in-the-middle-east-but-its-not-a-security-challenge-to-us-yet/
1270929583	20251027	202510	2025	2025.8137	CHN	CHINA	CHN								MIL	NAVY						MIL			1	050	050	05	1	3.5	5	1	5	0.91659028414298	4	Beijing, Beijing, China	CH	CH22	13001	39.9289	116.388	-1898541	4	Riyadh, Ar Riya?, Saudi Arabia	SA	SA10	25316	24.6408	46.7728	-3093009	4	Beijing, Beijing, China	CH	CH22	13001	39.9289	116.388	-1898541	20251027151500	https://breakingdefense.com/2025/10/chinas-presence-is-growing-in-the-middle-east-but-its-not-a-security-challenge-to-us-yet/
1270929584	20251027	202510	2025	2025.8137	CHN	CHINA	CHN								MIL	NAVY						MIL			1	062	062	06	2	7.4	2	1	2	0.91659028414298	4	Beijing, Beijing, China	CH	CH22	13001	39.9289	116.388	-1898541	4	Riyadh, Ar Riya?, Saudi Arabia	SA	SA10	25316	24.6408	46.7728	-3093009	4	Beijing, Beijing, China	CH	CH22	13001	39.9289	116.388	-1898541	20251027151500	https://breakingdefense.com/2025/10/chinas-presence-is-growing-in-the-middle-east-but-its-not-a-security-challenge-to-us-yet/
1270929585	20251027	202510	2025	2025.8137	CHN	CHINA	CHN								MIL	NAVY						MIL			1	062	062	06	2	7.4	8	1	8	0.91659028414298	4	Beijing, Beijing, China	CH	CH22	13001	39.9289	116.388	-1898541	4	Riyadh, Ar Riya?, Saudi Arabia	SA	SA10	25316	24.6408	46.7728	-3093009	4	Riyadh, Ar Riya?, Saudi Arabia	SA	SA10	25316	24.6408	46.7728	-3093009	20251027151500	https://breakingdefense.com/2025/10/chinas-presence-is-growing-in-the-middle-east-but-its-not-a-security-challenge-to-us-yet/
1270929586	20251027	202510	2025	2025.8137	CHN	CHINA	CHN								USA	UNITED STATES	USA								1	030	030	03	1	4.0	2	1	2	2.1505376344086	4	Beijing, Beijing, China	CH	CH22	13001	39.9289	116.388	-1898541	1	South Korea	KS	KS		37	127.5	KS	4	Beijing, Beijing, China	CH	CH22	13001	39.9289	116.388	-1898541	20251027151500	https://www.channelnewsasia.com/watch/potential-us-china-breakthrough-trump-xi-set-meet-apec-in-south-korea-5427811
1270929587	20251027	202510	2025	2025.8137	CHN	CHINA	CHN								USA	UNITED STATES	USA								1	030	030	03	1	4.0	2	1	2	2.1505376344086	3	Washington, District of Columbia, United States	US	USDC	DC001	38.8951	-77.0364	531871	1	South Korea	KS	KS		37	127.5	KS	4	Beijing, Beijing, China	CH	CH22	13001	39.9289	116.388	-1898541	20251027151500	https://www.channelnewsasia.com/watch/potential-us-china-breakthrough-trump-xi-set-meet-apec-in-south-korea-5427811
1270929588	20251027	202510	2025	2025.8137	CHN	CHINA	CHN								USA	THE US	USA								0	036	036	03	1	4.0	6	1	6	0.92514718250631	1	China	CH	CH		35	105	CH	1	China	CH	CH		35	105	CH	1	South Korea	KS	KS		37	127.5	KS	20251027151500	https://www.straitstimes.com/asia/se-asia/asean-leaders-push-for-stronger-trade-ties-with-rcep-members-and-other-partners
1270929589	20251027	202510	2025	2025.8137	CHN	CHINA	CHN								USA	THE US	USA								0	036	036	03	1	4.0	2	1	2	0.92514718250631	1	New Zealand	NZ	NZ		-42	174	NZ	1	New Zealand	NZ	NZ		-42	174	NZ	1	New Zealand	NZ	NZ		-42	174	NZ	20251027151500	https://www.straitstimes.com/asia/se-asia/asean-leaders-push-for-stronger-trade-ties-with-rcep-members-and-other-partners
1270929590	20251027	202510	2025	2025.8137	CHNGOV	CHINA	CHN					GOV			BUS	CORPORATION						BUS			1	040	040	04	1	1.0	10	1	10	1.20967741935483	1	China	CH	CH		35	105	CH	1	China	CH	CH		35	105	CH	1	China	CH	CH		35	105	CH	20251027151500	https://www.trend.az/business/energy/4109403.html
1270929591	20251027	202510	2025	2025.8137	CHNGOV	XI JINPING	CHN					GOV			CHN	CHINA	CHN								1	046	046	04	1	7.0	4	1	4	1.85430463576159	4	Lifeng, Guangdong, China	CH	CH30	13047	23.7822	116.151	9198279	4	Lifeng, Guangdong, China	CH	CH30	13047	23.7822	116.151	9198279	4	Lifeng, Guangdong, China	CH	CH30	13047	23.7822	116.151	9198279	20251027151500	https://www.bssnews.net/international/325590
1270929592	20251027	202510	2025	2025.8137	CHNGOV	CHINESE	CHN					GOV			GOV	PRESIDENT						GOV			0	040	040	04	1	1.0	6	1	6	-3.23834196891191	1	China	CH	CH		35	105	CH	4	Osaka, Osaka, Japan	JA	JA32	35840	34.6667	135.5	-240905	1	China	CH	CH		35	105	CH	20251027151500	https://www.thedailybeast.com/donald-trump-threatens-to-ban-rival-political-ads-in-truth-twisting-meltdown/
1270929593	20251027	202510	2025	2025.8137	CHNGOV	XI JINPING	CHN					GOV			JPN	JAPAN	JPN								1	036	036	03	1	4.0	2	1	2	1.85430463576159	4	Lifeng, Guangdong, China	CH	CH30	13047	23.7822	116.151	9198279	4	Tokyo, Tokyo, Japan	JA	JA40	36340	35.685	139.751	-246227	4	Lifeng, Guangdong, China	CH	CH30	13047	23.7822	116.151	9198279	20251027151500	https://www.bssnews.net/international/325590
1270929594	20251027	202510	2025	2025.8137	CHNGOV	XI JINPING	CHN					GOV			JPN	OSAKA	JPN								0	042	042	04	1	1.9	6	1	6	-3.23834196891191	4	Osaka, Osaka, Japan	JA	JA32	35840	34.6667	135.5	-240905	4	Osaka, Osaka, Japan	JA	JA32	35840	34.6667	135.5	-240905	4	Osaka, Osaka, Japan	JA	JA32	35840	34.6667	135.5	-240905	20251027151500	https://www.thedailybeast.com/donald-trump-threatens-to-ban-rival-political-ads-in-truth-twisting-meltdown/
1270929595	20251027	202510	2025	2025.8137	CHNGOV	XI JINPING	CHN					GOV			JPN	TOKYO	JPN								1	164	164	16	4	-7.0	2	1	2	1.85430463576159	4	Lifeng, Guangdong, China	CH	CH30	13047	23.7822	116.151	9198279	4	Tokyo, Tokyo, Japan	JA	JA40	36340	35.685	139.751	-246227	4	Lifeng, Guangdong, China	CH	CH30	13047	23.7822	116.151	9198279	20251027151500	https://www.bssnews.net/international/325590
1270929596	20251027	202510	2025	2025.8137	CHNGOV	XI JINPING	CHN					GOV			JPN	TOKYO	JPN								1	164	164	16	4	-7.0	2	1	2	1.85430463576159	4	Lifeng, Guangdong, China	CH	CH30	13047	23.7822	116.151	9198279	4	Lifeng, Guangdong, China	CH	CH30	13047	23.7822	116.151	9198279	4	Lifeng, Guangdong, China	CH	CH30	13047	23.7822	116.151	9198279	20251027151500	https://www.bssnews.net/international/325590
1270929597	20251027	202510	2025	2025.8137	CHNGOV	CHINA	CHN					GOV			USA	UNITED STATES	USA								1	033	033	03	1	5.2	1	1	1	-0.87336244541485	4	Beijing, Beijing, China	CH	CH22	13001	39.9289	116.388	-1898541	4	Tokyo, Tokyo, Japan	JA	JA40	36340	35.685	139.751	-246227	4	Tokyo, Tokyo, Japan	JA	JA40	36340	35.685	139.751	-246227	20251027151500	https://asia.nikkei.com/politics/international-relations/south-china-sea/us-navy-helicopter-fighter-jet-crash-in-separate-south-china-sea-incidents
1270929598	20251027	202510	2025	2025.8137	CHR	CHRISTIAN				CHR															1	111	111	11	3	-2.0	10	1	10	11.7647058823529	0								0								0								20251027151500	https://www.openpr.com/news/archive/279653/Bubble-Gum-Wink-LLC.html
1270929599	20251027	202510	2025	2025.8137	CHRPRO300	PRESBYTERIAN				CHR	PRO														1	020	020	02	1	3.0	5	1	5	-0.36101083032491	1	United States	US	US		39.828175	-98.5795	US	0								1	United States	US	US		39.828175	-98.5795	US	20251027151500	https://pcusa.org/news-storytelling/news/2025/10/27/being-dysvangelical-america-guide-reclaiming-good-news-gods-grace
1270929600	20251027	202510	2025	2025.8137	CHRPRO300	PRESBYTERIAN				CHR	PRO														1	051	051	05	1	3.4	5	1	5	-0.36101083032491	1	United States	US	US		39.828175	-98.5795	US	0								1	United States	US	US		39.828175	-98.5795	US	20251027151500	https://pcusa.org/news-storytelling/news/2025/10/27/being-dysvangelical-america-guide-reclaiming-good-news-gods-grace
1270929601	20251027	202510	2025	2025.8137	CHRPRO300	PRESBYTERIAN				CHR	PRO				CVL	COMMUNITY						CVL			1	173	173	17	4	-5.0	10	1	10	-0.36101083032491	1	United States	US	US		39.828175	-98.5795	US	1	United States	US	US		39.828175	-98.5795	US	1	United States	US	US		39.828175	-98.5795	US	20251027151500	https://pcusa.org/news-storytelling/news/2025/10/27/being-dysvangelical-america-guide-reclaiming-good-news-gods-grace
1270929602	20251027	202510	2025	2025.8137	CMR	DOUALA	CMR																		1	112	112	11	3	-2.0	8	1	8	-4.27927927927928	4	Douala, Littoral, Cameroon	CM	CM05	18585	3.75528	9.94472	-3148347	0								4	Douala, Littoral, Cameroon	CM	CM05	18585	3.75528	9.94472	-3148347	20251027151500	https://www.aol.co.uk/articles/world-oldest-serving-head-state-115322597.html
1270929603	20251027	202510	2025	2025.8137	CMR	DOUALA	CMR																		1	114	114	11	3	-2.0	2	1	2	-4.27927927927928	4	Douala, Littoral, Cameroon	CM	CM05	18585	3.75528	9.94472	-3148347	0								1	France	FR	FR		46	2	FR	20251027151500	https://www.aol.co.uk/articles/world-oldest-serving-head-state-115322597.html
1270929604	20251027	202510	2025	2025.8137	CMR	CAMEROON	CMR								CMROPP	DOUALA	CMR					OPP			1	051	051	05	1	3.4	2	1	2	-4.27927927927928	4	Douala, Littoral, Cameroon	CM	CM05	18585	3.75528	9.94472	-3148347	4	Douala, Littoral, Cameroon	CM	CM05	18585	3.75528	9.94472	-3148347	4	Douala, Littoral, Cameroon	CM	CM05	18585	3.75528	9.94472	-3148347	20251027151500	https://www.aol.co.uk/articles/world-oldest-serving-head-state-115322597.html
1270929605	20251027	202510	2025	2025.8137	CMR	CAMEROON	CMR								CMROPP	DOUALA	CMR					OPP			1	051	051	05	1	3.4	2	1	2	-4.27927927927928	1	France	FR	FR		46	2	FR	1	France	FR	FR		46	2	FR	4	Douala, Littoral, Cameroon	CM	CM05	18585	3.75528	9.94472	-3148347	20251027151500	https://www.aol.co.uk/articles/world-oldest-serving-head-state-115322597.html
1270929606	20251027	202510	2025	2025.8137	COD	DEMOCRATIC REPUBLIC OF THE CONGO	COD								CRM	BUCCANEER						CRM			1	193	193	19	4	-10.0	2	1	2	3.92156862745098	4	Lubumbashi, Katanga, Democratic Republic Of The Congo	CG	CG05	14985	-11.6667	27.4667	-2051961	4	Lubumbashi, Katanga, Democratic Republic Of The Congo	CG	CG05	14985	-11.6667	27.4667	-2051961	4	Lubumbashi, Katanga, Democratic Republic Of The Congo	CG	CG05	14985	-11.6667	27.4667	-2051961	20251027151500	https://www.kickoff.com/world-news/africa-news/fc-saint-eoi-lupopo-nets-r12m-after-dumping-orlando-pirates-out-of-caf-champions-league
1270929607	20251027	202510	2025	2025.8137	COD	DR CONGO	COD								USA	ORLANDO	USA								1	042	042	04	1	1.9	10	1	10	3.92156862745098	4	Lubumbashi, Katanga, Democratic Republic Of The Congo	CG	CG05	14985	-11.6667	27.4667	-2051961	4	Lubumbashi, Katanga, Democratic Republic Of The Congo	CG	CG05	14985	-11.6667	27.4667	-2051961	4	Lubumbashi, Katanga, Democratic Republic Of The Congo	CG	CG05	14985	-11.6667	27.4667	-2051961	20251027151500	https://www.kickoff.com/world-news/africa-news/fc-saint-eoi-lupopo-nets-r12m-after-dumping-orlando-pirates-out-of-caf-champions-league
1270929608	20251027	202510	2025	2025.8137	COP	POLICE						COP													1	013	013	01	1	0.4	5	1	5	-2.5706940874036	4	Caithness, Highland, United Kingdom	UK	UKV3	40172	58.4167	-3.5	-2591558	0								4	Caithness, Highland, United Kingdom	UK	UKV3	40172	58.4167	-3.5	-2591558	20251027151500	https://www.yahoo.com/news/articles/female-surfers-verbally-abused-during-143939681.html
1270929609	20251027	202510	2025	2025.8137	COP	DETECTIVE						COP													1	042	042	04	1	1.9	3	1	3	-4.93975903614458	1	Colombia	CO	CO		4	-72	CO	0								1	Colombia	CO	CO		4	-72	CO	20251027151500	https://www.dailymail.co.uk/news/article-15230693/Alicia-Stone-Colombia-NYPD-detective-dead-cosmetic-procedure.html
1270929610	20251027	202510	2025	2025.8137	COP	POLICE						COP													0	043	043	04	1	2.8	6	1	6	-6.070826306914	3	Roseland, New Jersey, United States	US	USNJ	NJ013	40.8207	-74.2938	879822	0								3	Roseland, New Jersey, United States	US	USNJ	NJ013	40.8207	-74.2938	879822	20251027151500	https://wobm.com/ixp/385/p/police-misconduct-franklin-nj/
1270929611	20251027	202510	2025	2025.8137	COP	POLICE						COP													1	062	062	06	2	7.4	2	1	2	-10.025706940874	4	Sanyati, Midlands, Zimbabwe	ZI	ZI02	40197	-18.6624	29.7842	-2317387	0								4	Patchway, Zimbabwe (general), Zimbabwe	ZI	ZI00	40197	-18.2333	29.8	-2319661	20251027151500	https://nehandaradio.com/2025/10/27/mutangadura-murder-suspect-kills-police-officer-during-dramatic-sanyati-arrest/
1270929612	20251027	202510	2025	2025.8137	COP	POLICE						COP													1	090	090	09	2	-2.0	2	1	2	-8.72483221476514	3	Baltimore County, Maryland, United States	US	USMD	MD005	39.4668	-76.6497	1695314	0								3	Baltimore County, Maryland, United States	US	USMD		39.4668	-76.6497	1695314	20251027151500	https://wcbm.com/local-story/baltimore-county-police-to-monitor-sex-offenders-on-halloween/
1270929613	20251027	202510	2025	2025.8137	COP	POLICE						COP													1	090	090	09	2	-2.0	5	1	5	-2.5706940874036	1	Jersey	JE	JE		49.216667	-2.116667	JE	0								1	Jersey	JE	JE		49.216667	-2.116667	JE	20251027151500	https://www.yahoo.com/news/articles/female-surfers-verbally-abused-during-143939681.html
1270929614	20251027	202510	2025	2025.8137	COP	LAW ENFORCEMENT AGENCIES						COP													0	090	090	09	2	-2.0	10	1	10	-2.13333333333333	2	Washington, United States	US	USWA		47.3917	-121.571	WA	0								2	Washington, United States	US	USWA		47.3917	-121.571	WA	20251027151500	https://www.knau.org/knau-and-arizona-news/2025-10-27/flagstaff-council-to-discuss-controversial-ai-camera-program-tuesday
1270929615	20251027	202510	2025	2025.8137	COP	POLICE						COP													0	111	111	11	3	-2.0	5	1	5	0.26676829268293	3	Allegheny County, Pennsylvania, United States	US	USPA	PA003	40.6253	-80.1251	1213657	0								3	Allegheny County, Pennsylvania, United States	US	USPA		40.6253	-80.1251	1213657	20251027151500	https://www.wesa.fm/wesa-voter-guide/2025-10-06/pittsburgh-city-council-district-2
1270929616	20251027	202510	2025	2025.8137	COP	POLICE						COP													1	173	173	17	4	-5.0	2	1	2	-10.025706940874	4	Sanyati, Midlands, Zimbabwe	ZI	ZI02	40197	-18.6624	29.7842	-2317387	0								4	Sanyati, Midlands, Zimbabwe	ZI	ZI02	40197	-18.6624	29.7842	-2317387	20251027151500	https://nehandaradio.com/2025/10/27/mutangadura-murder-suspect-kills-police-officer-during-dramatic-sanyati-arrest/
1270929617	20251027	202510	2025	2025.8137	COP	PRISON						COP													1	173	173	17	4	-5.0	8	2	8	-6.18872549019608	3	Los Angeles, California, United States	US	USCA	CA037	34.0522	-118.244	1662328	0								3	Orange County, California, United States	US	USCA		33.7	-117.768	277294	20251027151500	https://www.yahoo.com/news/articles/ex-wife-angels-employee-expected-144053745.html
1270929618	20251027	202510	2025	2025.8137	COP	PRISON						COP													1	173	173	17	4	-5.0	12	2	12	-6.18872549019608	3	Orange County, California, United States	US	USCA	CA059	33.7	-117.768	277294	0								3	Orange County, California, United States	US	USCA		33.7	-117.768	277294	20251027151500	https://www.yahoo.com/news/articles/ex-wife-angels-employee-expected-144053745.html
1270929619	20251027	202510	2025	2025.8137	COP	DEPUTIES						COP													1	181	181	18	4	-9.0	1	1	1	-3.82513661202186	3	Fredericksburg, Texas, United States	US	USTX	TX171	30.2752	-98.872	1336174	0								2	Texas, United States	US	USTX		31.106	-97.6475	TX	20251027151500	https://www.eptrail.com/2025/10/27/colorado-children-missing-texas/
1270929620	20251027	202510	2025	2025.8137	COP	DETECTIVE						COP													1	190	190	19	4	-10.0	3	1	3	-4.02843601895734	4	Midlands, Leicestershire, United Kingdom	UK	UKH5	40119	52.75	-1.5	-2603074	0								4	Midlands, Leicestershire, United Kingdom	UK	UKH5	40119	52.75	-1.5	-2603074	20251027151500	https://www.birminghammail.co.uk/news/midlands-news/midlands-sikhs-worry-safe-after-32757361
1270929621	20251027	202510	2025	2025.8137	COP	DETECTIVE						COP													1	190	190	19	4	-10.0	2	1	2	-4.02843601895734	4	Midlands, Leicestershire, United Kingdom	UK	UKH5	40119	52.75	-1.5	-2603074	0								4	Walsall, Walsall, United Kingdom	UK	UKO8	40136	52.6	-2	-2610816	20251027151500	https://www.birminghammail.co.uk/news/midlands-news/midlands-sikhs-worry-safe-after-32757361
1270929622	20251027	202510	2025	2025.8137	COP	POLICE OFFICER						COP													1	193	193	19	4	-10.0	2	1	2	-5.52763819095477	2	Georgia, United States	US	USGA		32.9866	-83.6487	GA	0								2	Georgia, United States	US	USGA		32.9866	-83.6487	GA	20251027151500	https://www.wsbtv.com/news/georgia-police-officer-firefighter-attacked-by-armed-man-officials-say/A7OA2CC4UVGTBM76BUGONMGGRQ/
1270929623	20251027	202510	2025	2025.8137	COP	POLICE						COP			BGD	DHAKA	BGD								1	073	073	07	2	7.4	7	1	7	-6.76691729323308	4	Dhaka, Dhaka, Bangladesh	BG	BG81	5778	23.7231	90.4086	-2737683	4	Harirampur, Bangladesh (general), Bangladesh	BG	BG00	5778	23.7833	90.35	-2721451	4	Harirampur, Bangladesh (general), Bangladesh	BG	BG00	5778	23.7833	90.35	-2721451	20251027151500	https://www.bssnews.net/district/325652
1270929624	20251027	202510	2025	2025.8137	COP	POLICE						COP			BGD	DHAKA	BGD								1	073	073	07	2	7.4	3	1	3	-6.76691729323308	4	Dhaka, Dhaka, Bangladesh	BG	BG81	5778	23.7231	90.4086	-2737683	4	Dhaka, Dhaka, Bangladesh	BG	BG81	5778	23.7231	90.4086	-2737683	4	Dhaka, Dhaka, Bangladesh	BG	BG81	5778	23.7231	90.4086	-2737683	20251027151500	https://www.bssnews.net/district/325652
1270929625	20251027	202510	2025	2025.8137	COP	POLICE						COP			BUS	BANK						BUS			0	042	042	04	1	1.9	4	1	4	-6.070826306914	3	Middlesex County, New Jersey, United States	US	USNJ	NJ023	40.4334	-74.3996	882230	3	Middlesex County, New Jersey, United States	US	USNJ		40.4334	-74.3996	882230	3	Middlesex County, New Jersey, United States	US	USNJ		40.4334	-74.3996	882230	20251027151500	https://wobm.com/ixp/385/p/police-misconduct-franklin-nj/
1270929626	20251027	202510	2025	2025.8137	COP	POLICE						COP			BUS	BANK						BUS			0	042	042	04	1	1.9	6	1	6	-6.070826306914	2	New Jersey, United States	US	USNJ		40.314	-74.5089	NJ	2	New Jersey, United States	US	USNJ		40.314	-74.5089	NJ	2	New Jersey, United States	US	USNJ		40.314	-74.5089	NJ	20251027151500	https://wobm.com/ixp/385/p/police-misconduct-franklin-nj/
1270929627	20251027	202510	2025	2025.8137	COP	DEPUTY						COP			BUS	BUSINESS						BUS			0	090	090	09	2	-2.0	10	1	10	-1.17977528089887	3	Allegheny County Jail, Pennsylvania, United States	US	USPA	PA003	40.4387	-79.9956	1196485	3	Allegheny County Jail, Pennsylvania, United States	US	USPA		40.4387	-79.9956	1196485	3	Allegheny County Jail, Pennsylvania, United States	US	USPA		40.4387	-79.9956	1196485	20251027151500	https://www.wesa.fm/wesa-voter-guide/2025-10-06/allegheny-county-sheriff
1270929628	20251027	202510	2025	2025.8137	COP	CONSTABLE						COP			COPCOP	DETECTIVE						COP	COP		1	193	193	19	4	-10.0	1	1	1	-10.025706940874	4	Harare, Mashonaland East, Zimbabwe	ZI	ZI04	40197	-17.8178	31.0447	-2312291	4	Ngwenya, Midlands, Zimbabwe	ZI	ZI02	40197	-18.2495	29.3005	10711182	4	Ngwenya, Midlands, Zimbabwe	ZI	ZI02	40197	-18.2495	29.3005	10711182	20251027151500	https://nehandaradio.com/2025/10/27/mutangadura-murder-suspect-kills-police-officer-during-dramatic-sanyati-arrest/
1270929629	20251027	202510	2025	2025.8137	COP	CONSTABLE						COP			COPCOP	DETECTIVE						COP	COP		1	193	193	19	4	-10.0	1	1	1	-10.025706940874	4	Sanyati, Midlands, Zimbabwe	ZI	ZI02	40197	-18.6624	29.7842	-2317387	4	Harare, Mashonaland East, Zimbabwe	ZI	ZI04	40197	-17.8178	31.0447	-2312291	4	Harare, Mashonaland East, Zimbabwe	ZI	ZI04	40197	-17.8178	31.0447	-2312291	20251027151500	https://nehandaradio.com/2025/10/27/mutangadura-murder-suspect-kills-police-officer-during-dramatic-sanyati-arrest/
1270929630	20251027	202510	2025	2025.8137	COP	CONSTABLE						COP			COPCOP	DETECTIVE						COP	COP		1	193	193	19	4	-10.0	6	1	6	-10.025706940874	4	Ngwenya, Midlands, Zimbabwe	ZI	ZI02	40197	-18.2495	29.3005	10711182	4	Ngwenya, Midlands, Zimbabwe	ZI	ZI02	40197	-18.2495	29.3005	10711182	4	Ngwenya, Midlands, Zimbabwe	ZI	ZI02	40197	-18.2495	29.3005	10711182	20251027151500	https://nehandaradio.com/2025/10/27/mutangadura-murder-suspect-kills-police-officer-during-dramatic-sanyati-arrest/
1270929631	20251027	202510	2025	2025.8137	COP	POLICE						COP			CRM	GANG						CRM			0	138	138	13	3	-7.0	10	1	10	-5.08849557522124	4	Brussels, Bruxelles-Capitale, Belgium	BE	BE11	5850	50.8333	4.33333	-1955538	4	Brussels, Bruxelles-Capitale, Belgium	BE	BE11	5850	50.8333	4.33333	-1955538	4	Brussels, Bruxelles-Capitale, Belgium	BE	BE11	5850	50.8333	4.33333	-1955538	20251027151500	https://www.thetimes.com/world/europe/article/belgium-narco-state-judge-drugs-j6hn7mnl7
1270929632	20251027	202510	2025	2025.8137	COP	POLICE						COP			CRM	DRUG DEALER						CRM			1	173	173	17	4	-5.0	4	1	4	-4.94505494505494	4	Anwara, Chittagong, Bangladesh	BG	BG84	5770	22.2216	91.9065	9252114	4	Anwara, Chittagong, Bangladesh	BG	BG84	5770	22.2216	91.9065	9252114	4	Anwara, Chittagong, Bangladesh	BG	BG84	5770	22.2216	91.9065	9252114	20251027151500	https://www.bssnews.net/district/325638
1270929633	20251027	202510	2025	2025.8137	COP	POLICE						COP			CVL	MIGRANT						CVL			1	173	173	17	4	-5.0	10	1	10	-11.864406779661	2	Florida, United States	US	USFL		27.8333	-81.717	FL	2	Florida, United States	US	USFL		27.8333	-81.717	FL	2	Florida, United States	US	USFL		27.8333	-81.717	FL	20251027151500	https://www.thenational.scot/news/25574810.man-charged-police-assault-dundee-anti-migrant-protest/
1270929634	20251027	202510	2025	2025.8137	COP	POLICE						COP			CVL	MIGRANT						CVL			1	180	180	18	4	-9.0	10	1	10	-11.864406779661	2	Florida, United States	US	USFL		27.8333	-81.717	FL	2	Florida, United States	US	USFL		27.8333	-81.717	FL	2	Florida, United States	US	USFL		27.8333	-81.717	FL	20251027151500	https://www.thenational.scot/news/25574810.man-charged-police-assault-dundee-anti-migrant-protest/
1270929635	20251027	202510	2025	2025.8137	COP	POLICE OFFICER						COP			ELI	RETIRED						ELI			1	020	020	02	1	3.0	10	1	10	-1.17977528089887	3	Allegheny County Jail, Pennsylvania, United States	US	USPA	PA003	40.4387	-79.9956	1196485	3	Allegheny County Jail, Pennsylvania, United States	US	USPA		40.4387	-79.9956	1196485	3	Allegheny County Jail, Pennsylvania, United States	US	USPA		40.4387	-79.9956	1196485	20251027151500	https://www.wesa.fm/wesa-voter-guide/2025-10-06/allegheny-county-sheriff
1270929636	20251027	202510	2025	2025.8137	COP	POLICE						COP			GBR	UNITED KINGDOM	GBR								1	020	020	02	1	3.0	1	1	1	2.88713910761155	4	Campsie, East Dunbartonshire, United Kingdom	UK	UKU5	40176	55.9833	-4.23333	-2592625	4	Northern Ireland, Craigavon, United Kingdom	UK	UKR8	40152	54.5	-6.5	-2604275	4	Northern Ireland, Craigavon, United Kingdom	UK	UKR8	40152	54.5	-6.5	-2604275	20251027151500	https://donegalnews.com/son-pays-heartbreaking-tribute-to-seamus-quinn/
1270929637	20251027	202510	2025	2025.8137	COP	POLICE						COP			GBR	UNITED KINGDOM	GBR								1	020	020	02	1	3.0	1	1	1	2.88713910761155	4	Northern Ireland, Craigavon, United Kingdom	UK	UKR8	40152	54.5	-6.5	-2604275	4	Northern Ireland, Craigavon, United Kingdom	UK	UKR8	40152	54.5	-6.5	-2604275	4	Northern Ireland, Craigavon, United Kingdom	UK	UKR8	40152	54.5	-6.5	-2604275	20251027151500	https://donegalnews.com/son-pays-heartbreaking-tribute-to-seamus-quinn/
1270929638	20251027	202510	2025	2025.8137	COP	POLICE						COP			GBR	UNITED KINGDOM	GBR								1	090	090	09	2	-2.0	2	1	2	-4.02843601895734	4	Midlands, Leicestershire, United Kingdom	UK	UKH5	40119	52.75	-1.5	-2603074	4	Walsall, Walsall, United Kingdom	UK	UKO8	40136	52.6	-2	-2610816	4	Midlands, Leicestershire, United Kingdom	UK	UKH5	40119	52.75	-1.5	-2603074	20251027151500	https://www.birminghammail.co.uk/news/midlands-news/midlands-sikhs-worry-safe-after-32757361
1270929639	20251027	202510	2025	2025.8137	COP	POLICE						COP			GBR	UNITED KINGDOM	GBR								1	090	090	09	2	-2.0	4	1	4	-4.02843601895734	4	Walsall, Walsall, United Kingdom	UK	UKO8	40136	52.6	-2	-2610816	4	Walsall, Walsall, United Kingdom	UK	UKO8	40136	52.6	-2	-2610816	4	Walsall, Walsall, United Kingdom	UK	UKO8	40136	52.6	-2	-2610816	20251027151500	https://www.birminghammail.co.uk/news/midlands-news/midlands-sikhs-worry-safe-after-32757361
1270929640	20251027	202510	2025	2025.8137	COP	POLICE						COP			GBR	UNITED KINGDOM	GBR								1	173	173	17	4	-5.0	6	1	6	-5.09554140127388	4	Edinburgh, Edinburgh, City of, United Kingdom	UK	UKU8	40173	55.95	-3.2	-2595386	4	Edinburgh, Edinburgh, City of, United Kingdom	UK	UKU8	40173	55.95	-3.2	-2595386	4	Edinburgh, Edinburgh, City of, United Kingdom	UK	UKU8	40173	55.95	-3.2	-2595386	20251027151500	https://www.thenational.scot/news/25574309.2-charged-police-seize-200k-fireworks-west-lothian/
1270929641	20251027	202510	2025	2025.8137	COP	POLICE						COP			GBR	UNITED KINGDOM	GBR								1	1821	182	18	4	-9.0	2	1	2	-4.02843601895734	4	Midlands, Leicestershire, United Kingdom	UK	UKH5	40119	52.75	-1.5	-2603074	4	Walsall, Walsall, United Kingdom	UK	UKO8	40136	52.6	-2	-2610816	4	Walsall, Walsall, United Kingdom	UK	UKO8	40136	52.6	-2	-2610816	20251027151500	https://www.birminghammail.co.uk/news/midlands-news/midlands-sikhs-worry-safe-after-32757361
1270929642	20251027	202510	2025	2025.8137	COP	POLICE						COP			IRL	IRELAND	IRL								1	020	020	02	1	3.0	2	1	2	2.88713910761155	4	London, London, City of, United Kingdom	UK	UKH9	40110	51.5	-0.116667	-2601889	4	London, London, City of, United Kingdom	UK	UKH9	40110	51.5	-0.116667	-2601889	4	London, London, City of, United Kingdom	UK	UKH9	40110	51.5	-0.116667	-2601889	20251027151500	https://donegalnews.com/son-pays-heartbreaking-tribute-to-seamus-quinn/
1270929643	20251027	202510	2025	2025.8137	COP	ARMED POLICE						COP			JUD	JUDGE						JUD			1	112	112	11	3	-2.0	10	1	10	-5.08849557522124	1	United States	US	US		39.828175	-98.5795	US	1	United States	US	US		39.828175	-98.5795	US	1	United States	US	US		39.828175	-98.5795	US	20251027151500	https://www.thetimes.com/world/europe/article/belgium-narco-state-judge-drugs-j6hn7mnl7
1270929644	20251027	202510	2025	2025.8137	COP	LAW ENFORCEMENT AGENCIES						COP			MIL	ARMED FORCES						MIL			1	154	154	15	4	-7.2	5	1	5	2.7124773960217	4	Dhaka, Dhaka, Bangladesh	BG	BG81	5778	23.7231	90.4086	-2737683	4	Dhaka, Dhaka, Bangladesh	BG	BG81	5778	23.7231	90.4086	-2737683	4	Dhaka, Dhaka, Bangladesh	BG	BG81	5778	23.7231	90.4086	-2737683	20251027151500	https://www.bssnews.net/news/325552
1270929645	20251027	202510	2025	2025.8137	COP	PRISON						COP			RUS	VOLGOGRAD	RUS								1	173	173	17	4	-5.0	22	1	10	-12.4711316397229	4	Volgograd, Volgogradskaya Oblast', Russia	RS	RS84	25113	48.8047	44.5858	-3034353	4	Volgograd, Volgogradskaya Oblast', Russia	RS	RS84	25113	48.8047	44.5858	-3034353	4	Volgograd, Volgogradskaya Oblast', Russia	RS	RS84	25113	48.8047	44.5858	-3034353	20251027151500	https://www.eng.kavkaz-uzel.eu/articles/69255
1270929646	20251027	202510	2025	2025.8137	COP	PRISON						COP			SAUGOV	ABDULLAH	SAU					GOV			0	040	040	04	1	1.0	2	1	2	0.5736137667304	4	Imrali, Bursa, Turkey	TU	TU16	27669	40.55	28.5333	-754464	4	Imrali, Bursa, Turkey	TU	TU16	27669	40.55	28.5333	-754464	4	Imrali, Bursa, Turkey	TU	TU16	27669	40.55	28.5333	-754464	20251027151500	https://www.yahoo.com/news/articles/pkk-withdrawal-ends-first-peace-144324303.html
1270929647	20251027	202510	2025	2025.8137	COP	POLICE OFFICER						COP			SWE	SWEDE	SWE								1	112	112	11	3	-2.0	17	1	9	-11.1650485436893	1	Sweden	SW	SW		62	15	SW	1	Sweden	SW	SW		62	15	SW	1	Sweden	SW	SW		62	15	SW	20251027151500	https://icenews.is/2012/10/31/drunk-swede-accused-of-running-over-police-officer-on-segway/
1270929648	20251027	202510	2025	2025.8137	COP	PRISON						COP			TUR	ISTANBUL	TUR								0	173	173	17	4	-5.0	2	1	2	0.5736137667304	4	Imrali, Bursa, Turkey	TU	TU16	27669	40.55	28.5333	-754464	4	Istanbul, Istanbul, Turkey	TU	TU34	27897	41.0186	28.9647	-755070	4	Imrali, Bursa, Turkey	TU	TU16	27669	40.55	28.5333	-754464	20251027151500	https://www.yahoo.com/news/articles/pkk-withdrawal-ends-first-peace-144324303.html
1270929649	20251027	202510	2025	2025.8137	COP	POLICE						COP			USA	UNITED STATES	USA								0	043	043	04	1	2.8	4	1	4	-6.070826306914	3	Hunterdon County, New Jersey, United States	US	USNJ	NJ019	40.5668	-74.9329	882228	3	Hunterdon County, New Jersey, United States	US	USNJ		40.5668	-74.9329	882228	3	Hunterdon County, New Jersey, United States	US	USNJ		40.5668	-74.9329	882228	20251027151500	https://wobm.com/ixp/385/p/police-misconduct-franklin-nj/
1270929650	20251027	202510	2025	2025.8137	COP	DEPUTY						COP			USA	UNITED STATES	USA								1	190	190	19	4	-10.0	4	1	4	-2.1321961620469	3	Jefferson County, Texas, United States	US	USTX	TX245	29.8836	-94.1502	1383908	3	Jefferson County, Texas, United States	US	USTX		29.8836	-94.1502	1383908	3	Jefferson County, Texas, United States	US	USTX		29.8836	-94.1502	1383908	20251027151500	https://www.geographicus.com/P/AntiqueMap/jeffersoncountytexas-higgins-1898
1270929651	20251027	202510	2025	2025.8137	COP	POLICE						COP			USA	UNITED STATES	USA								1	190	190	19	4	-10.0	4	1	4	-6.070826306914	3	Hunterdon County, New Jersey, United States	US	USNJ	NJ019	40.5668	-74.9329	882228	3	Hunterdon County, New Jersey, United States	US	USNJ		40.5668	-74.9329	882228	3	Hunterdon County, New Jersey, United States	US	USNJ		40.5668	-74.9329	882228	20251027151500	https://wobm.com/ixp/385/p/police-misconduct-franklin-nj/
1270929652	20251027	202510	2025	2025.8137	COP	POLICE						COP			USA	UNITED STATES	USA								1	193	193	19	4	-10.0	4	1	4	-6.070826306914	3	Hunterdon County, New Jersey, United States	US	USNJ	NJ019	40.5668	-74.9329	882228	3	Hunterdon County, New Jersey, United States	US	USNJ		40.5668	-74.9329	882228	3	Hunterdon County, New Jersey, United States	US	USNJ		40.5668	-74.9329	882228	20251027151500	https://wobm.com/ixp/385/p/police-misconduct-franklin-nj/
1270929653	20251027	202510	2025	2025.8137	COP	POLICE						COP			ZWE	ZIMBABWE	ZWE								1	062	062	06	2	7.4	1	1	1	-10.025706940874	4	Harare, Mashonaland East, Zimbabwe	ZI	ZI04	40197	-17.8178	31.0447	-2312291	4	Sanyati, Midlands, Zimbabwe	ZI	ZI02	40197	-18.6624	29.7842	-2317387	4	Sanyati, Midlands, Zimbabwe	ZI	ZI02	40197	-18.6624	29.7842	-2317387	20251027151500	https://nehandaradio.com/2025/10/27/mutangadura-murder-suspect-kills-police-officer-during-dramatic-sanyati-arrest/
1270929654	20251027	202510	2025	2025.8137	COP	POLICE						COP			ZWE	ZIMBABWE	ZWE								1	062	062	06	2	7.4	1	1	1	-10.025706940874	4	Harare, Mashonaland East, Zimbabwe	ZI	ZI04	40197	-17.8178	31.0447	-2312291	4	Patchway, Zimbabwe (general), Zimbabwe	ZI	ZI00	40197	-18.2333	29.8	-2319661	4	Patchway, Zimbabwe (general), Zimbabwe	ZI	ZI00	40197	-18.2333	29.8	-2319661	20251027151500	https://nehandaradio.com/2025/10/27/mutangadura-murder-suspect-kills-police-officer-during-dramatic-sanyati-arrest/
1270929655	20251027	202510	2025	2025.8137	COP	POLICE						COP			ZWE	ZIMBABWE	ZWE								1	062	062	06	2	7.4	1	1	1	-10.025706940874	4	Sanyati, Midlands, Zimbabwe	ZI	ZI02	40197	-18.6624	29.7842	-2317387	4	Sanyati, Midlands, Zimbabwe	ZI	ZI02	40197	-18.6624	29.7842	-2317387	4	Sanyati, Midlands, Zimbabwe	ZI	ZI02	40197	-18.6624	29.7842	-2317387	20251027151500	https://nehandaradio.com/2025/10/27/mutangadura-murder-suspect-kills-police-officer-during-dramatic-sanyati-arrest/
1270929656	20251027	202510	2025	2025.8137	COP	POLICE						COP			ZWE	ZIMBABWE	ZWE								1	062	062	06	2	7.4	4	1	4	-10.025706940874	4	Sanyati, Midlands, Zimbabwe	ZI	ZI02	40197	-18.6624	29.7842	-2317387	4	Patchway, Zimbabwe (general), Zimbabwe	ZI	ZI00	40197	-18.2333	29.8	-2319661	4	Patchway, Zimbabwe (general), Zimbabwe	ZI	ZI00	40197	-18.2333	29.8	-2319661	20251027151500	https://nehandaradio.com/2025/10/27/mutangadura-murder-suspect-kills-police-officer-during-dramatic-sanyati-arrest/
1270929657	20251027	202510	2025	2025.8137	COP	POLICE						COP			ZWE	ZIMBABWE	ZWE								1	062	062	06	2	7.4	1	1	1	-10.025706940874	4	Patchway, Zimbabwe (general), Zimbabwe	ZI	ZI00	40197	-18.2333	29.8	-2319661	4	Patchway, Zimbabwe (general), Zimbabwe	ZI	ZI00	40197	-18.2333	29.8	-2319661	4	Patchway, Zimbabwe (general), Zimbabwe	ZI	ZI00	40197	-18.2333	29.8	-2319661	20251027151500	https://nehandaradio.com/2025/10/27/mutangadura-murder-suspect-kills-police-officer-during-dramatic-sanyati-arrest/
1270929658	20251027	202510	2025	2025.8137	COP	POLICE						COP			ZWE	ZIMBABWE	ZWE								1	173	173	17	4	-5.0	1	1	1	-10.025706940874	4	Harare, Mashonaland East, Zimbabwe	ZI	ZI04	40197	-17.8178	31.0447	-2312291	4	Sanyati, Midlands, Zimbabwe	ZI	ZI02	40197	-18.6624	29.7842	-2317387	4	Harare, Mashonaland East, Zimbabwe	ZI	ZI04	40197	-17.8178	31.0447	-2312291	20251027151500	https://nehandaradio.com/2025/10/27/mutangadura-murder-suspect-kills-police-officer-during-dramatic-sanyati-arrest/
1270929659	20251027	202510	2025	2025.8137	COP	DETECTIVE						COP			ZWE	ZIMBABWE	ZWE								0	173	173	17	4	-5.0	2	1	2	-10.025706940874	4	Mkoba, Zimbabwe (general), Zimbabwe	ZI	ZI00	40197	-19.4667	29.7667	-2316579	4	Harare, Mashonaland East, Zimbabwe	ZI	ZI04	40197	-17.8178	31.0447	-2312291	4	Harare, Mashonaland East, Zimbabwe	ZI	ZI04	40197	-17.8178	31.0447	-2312291	20251027151500	https://nehandaradio.com/2025/10/27/mutangadura-murder-suspect-kills-police-officer-during-dramatic-sanyati-arrest/
1270929660	20251027	202510	2025	2025.8137	COP	POLICE						COP			ZWE	ZIMBABWE	ZWE								1	173	173	17	4	-5.0	4	1	4	-10.025706940874	4	Mkoba, Zimbabwe (general), Zimbabwe	ZI	ZI00	40197	-19.4667	29.7667	-2316579	4	Mkoba, Zimbabwe (general), Zimbabwe	ZI	ZI00	40197	-19.4667	29.7667	-2316579	4	Mkoba, Zimbabwe (general), Zimbabwe	ZI	ZI00	40197	-19.4667	29.7667	-2316579	20251027151500	https://nehandaradio.com/2025/10/27/mutangadura-murder-suspect-kills-police-officer-during-dramatic-sanyati-arrest/
1270929661	20251027	202510	2025	2025.8137	COP	POLICE OFFICER						COP			ZWE	ZIMBABWE	ZWE								1	182	182	18	4	-9.5	4	1	4	-10.025706940874	4	Sanyati, Midlands, Zimbabwe	ZI	ZI02	40197	-18.6624	29.7842	-2317387	4	Sanyati, Midlands, Zimbabwe	ZI	ZI02	40197	-18.6624	29.7842	-2317387	4	Sanyati, Midlands, Zimbabwe	ZI	ZI02	40197	-18.6624	29.7842	-2317387	20251027151500	https://nehandaradio.com/2025/10/27/mutangadura-murder-suspect-kills-police-officer-during-dramatic-sanyati-arrest/
1270929662	20251027	202510	2025	2025.8137	COP	DETECTIVE						COP			ZWE	ZIMBABWE	ZWE								0	190	190	19	4	-10.0	2	1	2	-10.025706940874	4	Harare, Mashonaland East, Zimbabwe	ZI	ZI04	40197	-17.8178	31.0447	-2312291	4	Harare, Mashonaland East, Zimbabwe	ZI	ZI04	40197	-17.8178	31.0447	-2312291	4	Sanyati, Midlands, Zimbabwe	ZI	ZI02	40197	-18.6624	29.7842	-2317387	20251027151500	https://nehandaradio.com/2025/10/27/mutangadura-murder-suspect-kills-police-officer-during-dramatic-sanyati-arrest/
1270929663	20251027	202510	2025	2025.8137	COP	DETECTIVE						COP			ZWE	ZIMBABWE	ZWE								0	190	190	19	4	-10.0	2	1	2	-10.025706940874	4	Mkoba, Zimbabwe (general), Zimbabwe	ZI	ZI00	40197	-19.4667	29.7667	-2316579	4	Mkoba, Zimbabwe (general), Zimbabwe	ZI	ZI00	40197	-19.4667	29.7667	-2316579	4	Sanyati, Midlands, Zimbabwe	ZI	ZI02	40197	-18.6624	29.7842	-2317387	20251027151500	https://nehandaradio.com/2025/10/27/mutangadura-murder-suspect-kills-police-officer-during-dramatic-sanyati-arrest/
1270929664	20251027	202510	2025	2025.8137	COPCOP	POLICE						COP	COP												1	193	193	19	4	-10.0	6	1	6	-6.070826306914	3	Pittstown, New Jersey, United States	US	USNJ	NJ019	40.582	-74.9591	879337	0								3	Pittstown, New Jersey, United States	US	USNJ	NJ019	40.582	-74.9591	879337	20251027151500	https://wobm.com/ixp/385/p/police-misconduct-franklin-nj/
1270929665	20251027	202510	2025	2025.8137	COPCOP	POLICE						COP	COP		USA	UNITED STATES	USA								1	193	193	19	4	-10.0	4	1	4	-6.070826306914	3	Middlesex County, New Jersey, United States	US	USNJ	NJ023	40.4334	-74.3996	882230	3	Middlesex County, New Jersey, United States	US	USNJ		40.4334	-74.3996	882230	3	Middlesex County, New Jersey, United States	US	USNJ		40.4334	-74.3996	882230	20251027151500	https://wobm.com/ixp/385/p/police-misconduct-franklin-nj/
1270929666	20251027	202510	2025	2025.8137	CRM	GANG						CRM													0	171	171	17	4	-9.2	6	1	6	-10.025706940874	4	Mkoba, Zimbabwe (general), Zimbabwe	ZI	ZI00	40197	-19.4667	29.7667	-2316579	0								4	Mkoba, Zimbabwe (general), Zimbabwe	ZI	ZI00	40197	-19.4667	29.7667	-2316579	20251027151500	https://nehandaradio.com/2025/10/27/mutangadura-murder-suspect-kills-police-officer-during-dramatic-sanyati-arrest/
1270929667	20251027	202510	2025	2025.8137	CRM	GANG						CRM													0	171	171	17	4	-9.2	4	1	4	-10.025706940874	4	Sanyati, Midlands, Zimbabwe	ZI	ZI02	40197	-18.6624	29.7842	-2317387	0								4	Sanyati, Midlands, Zimbabwe	ZI	ZI02	40197	-18.6624	29.7842	-2317387	20251027151500	https://nehandaradio.com/2025/10/27/mutangadura-murder-suspect-kills-police-officer-during-dramatic-sanyati-arrest/
1270929668	20251027	202510	2025	2025.8137	CRM	CRIMINAL						CRM													0	173	173	17	4	-5.0	10	1	10	-12.4711316397229	4	Volgograd, Volgogradskaya Oblast', Russia	RS	RS84	25113	48.8047	44.5858	-3034353	0								4	Volgograd, Volgogradskaya Oblast', Russia	RS	RS84	25113	48.8047	44.5858	-3034353	20251027151500	https://www.eng.kavkaz-uzel.eu/articles/69255
1270929669	20251027	202510	2025	2025.8137	CRM	GANG						CRM													0	173	173	17	4	-5.0	12	2	12	-10.6412005457026	1	Romania	RO	RO		46	25	RO	0								1	Romania	RO	RO		46	25	RO	20251027151500	https://www.newarkadvertiser.co.uk/national/gang-which-ruthlessly-exploited-vulnerable-women-in-brothels-jailed-157758/
1270929670	20251027	202510	2025	2025.8137	CRM	GANG						CRM													0	1821	182	18	4	-9.0	12	2	12	-10.6412005457026	1	Romania	RO	RO		46	25	RO	0								1	Romania	RO	RO		46	25	RO	20251027151500	https://www.newarkadvertiser.co.uk/national/gang-which-ruthlessly-exploited-vulnerable-women-in-brothels-jailed-157758/
1270929671	20251027	202510	2025	2025.8137	CRM	GANG						CRM			BUS	ENTREPRENEUR						BUS			0	193	193	19	4	-10.0	6	1	6	-10.025706940874	4	Mkoba, Zimbabwe (general), Zimbabwe	ZI	ZI00	40197	-19.4667	29.7667	-2316579	4	Mkoba, Zimbabwe (general), Zimbabwe	ZI	ZI00	40197	-19.4667	29.7667	-2316579	4	Mkoba, Zimbabwe (general), Zimbabwe	ZI	ZI00	40197	-19.4667	29.7667	-2316579	20251027151500	https://nehandaradio.com/2025/10/27/mutangadura-murder-suspect-kills-police-officer-during-dramatic-sanyati-arrest/
1270929672	20251027	202510	2025	2025.8137	CRM	GANG						CRM			BUS	ENTREPRENEUR						BUS			0	193	193	19	4	-10.0	2	1	2	-10.025706940874	4	Sanyati, Midlands, Zimbabwe	ZI	ZI02	40197	-18.6624	29.7842	-2317387	4	Mkoba, Zimbabwe (general), Zimbabwe	ZI	ZI00	40197	-19.4667	29.7667	-2316579	4	Mkoba, Zimbabwe (general), Zimbabwe	ZI	ZI00	40197	-19.4667	29.7667	-2316579	20251027151500	https://nehandaradio.com/2025/10/27/mutangadura-murder-suspect-kills-police-officer-during-dramatic-sanyati-arrest/
1270929673	20251027	202510	2025	2025.8137	CRM	GANG						CRM			BUS	ENTREPRENEUR						BUS			0	193	193	19	4	-10.0	2	1	2	-10.025706940874	4	Sanyati, Midlands, Zimbabwe	ZI	ZI02	40197	-18.6624	29.7842	-2317387	4	Sanyati, Midlands, Zimbabwe	ZI	ZI02	40197	-18.6624	29.7842	-2317387	4	Mkoba, Zimbabwe (general), Zimbabwe	ZI	ZI00	40197	-19.4667	29.7667	-2316579	20251027151500	https://nehandaradio.com/2025/10/27/mutangadura-murder-suspect-kills-police-officer-during-dramatic-sanyati-arrest/
1270929674	20251027	202510	2025	2025.8137	CRM	DRUG DEALER						CRM			CHN	CHINA	CHN								1	186	186	18	4	-10.0	2	1	2	-6.92771084337349	1	Iran	IR	IR		32	53	IR	1	Iran	IR	IR		32	53	IR	1	Iran	IR	IR		32	53	IR	20251027151500	https://newrepublic.com/post/202275/rand-paul-donald-trump-caribbean-strikes-extrajudicial-killings
1270929675	20251027	202510	2025	2025.8137	CRM	DRUG TRAFFICKER						CRM			COP	ARMED POLICE						COP			1	130	130	13	3	-4.4	10	1	10	-5.08849557522124	1	United States	US	US		39.828175	-98.5795	US	1	United States	US	US		39.828175	-98.5795	US	1	United States	US	US		39.828175	-98.5795	US	20251027151500	https://www.thetimes.com/world/europe/article/belgium-narco-state-judge-drugs-j6hn7mnl7
1270929676	20251027	202510	2025	2025.8137	CRM	GANG						CRM			GBR	UNITED KINGDOM	GBR								0	112	112	11	3	-2.0	4	2	4	-10.6412005457026	1	Romania	RO	RO		46	25	RO	4	Glasgow, Glasgow City, United Kingdom	UK	UKV2	40176	55.8333	-4.25	-2597039	4	Glasgow, Glasgow City, United Kingdom	UK	UKV2	40176	55.8333	-4.25	-2597039	20251027151500	https://www.newarkadvertiser.co.uk/national/gang-which-ruthlessly-exploited-vulnerable-women-in-brothels-jailed-157758/
1270929677	20251027	202510	2025	2025.8137	CRM	GANG						CRM			GBR	UNITED KINGDOM	GBR								0	112	112	11	3	-2.0	4	2	4	-10.6412005457026	1	Romania	RO	RO		46	25	RO	4	Glasgow, Glasgow City, United Kingdom	UK	UKV2	40176	55.8333	-4.25	-2597039	1	Romania	RO	RO		46	25	RO	20251027151500	https://www.newarkadvertiser.co.uk/national/gang-which-ruthlessly-exploited-vulnerable-women-in-brothels-jailed-157758/
1270929678	20251027	202510	2025	2025.8137	CRM	GANG						CRM			GBR	UNITED KINGDOM	GBR								0	173	173	17	4	-5.0	8	2	8	-10.6412005457026	1	Romania	RO	RO		46	25	RO	4	Glasgow, Glasgow City, United Kingdom	UK	UKV2	40176	55.8333	-4.25	-2597039	4	Glasgow, Glasgow City, United Kingdom	UK	UKV2	40176	55.8333	-4.25	-2597039	20251027151500	https://www.newarkadvertiser.co.uk/national/gang-which-ruthlessly-exploited-vulnerable-women-in-brothels-jailed-157758/
1270929679	20251027	202510	2025	2025.8137	CRM	GANG						CRM			GBR	UNITED KINGDOM	GBR								0	1821	182	18	4	-9.0	4	2	4	-10.6412005457026	1	Romania	RO	RO		46	25	RO	4	Glasgow, Glasgow City, United Kingdom	UK	UKV2	40176	55.8333	-4.25	-2597039	1	Romania	RO	RO		46	25	RO	20251027151500	https://www.newarkadvertiser.co.uk/national/gang-which-ruthlessly-exploited-vulnerable-women-in-brothels-jailed-157758/
1270929680	20251027	202510	2025	2025.8137	CRM	GANG						CRM			ROU	ROMANIA									0	1821	182	18	4	-9.0	4	2	4	-10.6412005457026	1	Romania	RO	RO		46	25	RO	4	Glasgow, Glasgow City, United Kingdom	UK	UKV2	40176	55.8333	-4.25	-2597039	1	Romania	RO	RO		46	25	RO	20251027151500	https://www.newarkadvertiser.co.uk/national/gang-which-ruthlessly-exploited-vulnerable-women-in-brothels-jailed-157758/
1270929681	20251027	202510	2025	2025.8137	CRM	GANG						CRM			ROU	ROMANIA									0	1821	182	18	4	-9.0	4	2	4	-10.6412005457026	1	Romania	RO	RO		46	25	RO	1	Romania	RO	RO		46	25	RO	1	Romania	RO	RO		46	25	RO	20251027151500	https://www.newarkadvertiser.co.uk/national/gang-which-ruthlessly-exploited-vulnerable-women-in-brothels-jailed-157758/
1270929682	20251027	202510	2025	2025.8137	CUB	CUBA	CUB																		0	042	042	04	1	1.9	2	1	2	-6.91547749725576	4	Montego Bay, Saint James, Jamaica	JM	JM12	18429	18.4712	-77.9188	-3752832	0								4	Montego Bay, Saint James, Jamaica	JM	JM12	18429	18.4712	-77.9188	-3752832	20251027151500	https://www.nbcwashington.com/news/national-international/melissa-strengthens-to-a-category-5-hurricane-as-it-nears-jamaica/4007182/
1270929683	20251027	202510	2025	2025.8137	CVL	RESIDENTS						CVL													1	010	010	01	1	0.0	10	1	10	-9.34579439252339	3	Brevard County, Florida, United States	US	USFL	FL009	28.292	-80.7492	295749	0								3	Brevard County, Florida, United States	US	USFL		28.292	-80.7492	295749	20251027151500	https://www.el-balad.com/6746419
1270929684	20251027	202510	2025	2025.8137	CVL	NEIGHBORHOOD						CVL													0	010	010	01	1	0.0	6	1	6	-6.070826306914	3	Piscataway, New Jersey, United States	US	USNJ	NJ023	40.4993	-74.399	879335	0								3	Piscataway, New Jersey, United States	US	USNJ	NJ023	40.4993	-74.399	879335	20251027151500	https://wobm.com/ixp/385/p/police-misconduct-franklin-nj/
1270929685	20251027	202510	2025	2025.8137	CVL	RESIDENTS						CVL													0	012	012	01	1	-0.4	10	1	10	0.26676829268293	3	Banksville, Pennsylvania, United States	US	USPA	PA003	40.4084	-80.0337	1168688	0								3	Banksville, Pennsylvania, United States	US	USPA	PA003	40.4084	-80.0337	1168688	20251027151500	https://www.wesa.fm/wesa-voter-guide/2025-10-06/pittsburgh-city-council-district-2
1270929686	20251027	202510	2025	2025.8137	CVL	VOTER						CVL													0	012	012	01	1	-0.4	2	1	2	-2.29118329466358	3	White House, District of Columbia, United States	US	USDC		38.8951	-77.0364	531871	0								2	Nebraska, United States	US	USNE		41.1289	-98.2883	NE	20251027151500	https://newrepublic.com/article/202269/transcript-trump-nixing-dem-storm-aid-backfires-screwing-maga-voters
1270929687	20251027	202510	2025	2025.8137	CVL	RESIDENTS						CVL													1	012	012	01	1	-0.4	10	1	10	-2.13333333333333	2	Washington, United States	US	USWA		47.3917	-121.571	WA	0								2	Washington, United States	US	USWA		47.3917	-121.571	WA	20251027151500	https://www.knau.org/knau-and-arizona-news/2025-10-27/flagstaff-council-to-discuss-controversial-ai-camera-program-tuesday
1270929688	20251027	202510	2025	2025.8137	CVL	NEIGHBORHOOD						CVL													0	020	020	02	1	3.0	6	1	6	-6.070826306914	3	Piscataway, New Jersey, United States	US	USNJ	NJ023	40.4993	-74.399	879335	0								3	Piscataway, New Jersey, United States	US	USNJ	NJ023	40.4993	-74.399	879335	20251027151500	https://wobm.com/ixp/385/p/police-misconduct-franklin-nj/
1270929689	20251027	202510	2025	2025.8137	CVL	VOTER						CVL													1	020	020	02	1	3.0	4	1	4	0.38240917782026	2	Vermont, United States	US	USVT		44.0407	-72.7093	VT	0								2	Vermont, United States	US	USVT		44.0407	-72.7093	VT	20251027151500	https://www.yahoo.com/news/articles/early-voting-nyc-mayoral-election-142800397.html
1270929690	20251027	202510	2025	2025.8137	CVL	VILLAGER						CVL													0	026	026	02	1	4.0	4	1	4	-7.08604483007954	5	Ondo State, Ondo, Nigeria	NI	NI48	22976	7.16667	5.08333	-2023650	0								5	Ondo State, Ondo, Nigeria	NI	NI48	22976	7.16667	5.08333	-2023650	20251027151500	https://www.thisdaylive.com/2025/10/27/60-year-old-orphanage-owner-others-arrested-for-child-trafficking/
1270929691	20251027	202510	2025	2025.8137	CVL	VILLAGER						CVL													0	026	026	02	1	4.0	1	1	1	-7.08604483007954	1	Benin	BN	BN		9.5	2.25	BN	0								1	Benin	BN	BN		9.5	2.25	BN	20251027151500	https://www.thisdaylive.com/2025/10/27/60-year-old-orphanage-owner-others-arrested-for-child-trafficking/
1270929692	20251027	202510	2025	2025.8137	CVL	VILLAGE						CVL													1	043	043	04	1	2.8	5	1	5	-3.60531309297912	4	Kutama, Zimbabwe (general), Zimbabwe	ZI	ZI00	40197	-17.7333	30.4167	-2313869	0								4	Kutama, Zimbabwe (general), Zimbabwe	ZI	ZI00	40197	-17.7333	30.4167	-2313869	20251027151500	https://health-e.org.za/2025/10/27/limpopo-village-battles-years-without-water-and-electricity/
1270929693	20251027	202510	2025	2025.8137	CVL	COMMUNITY						CVL													1	044	044	04	1	2.5	10	1	10	-0.12690355329949	4	Adelaide, South Australia, Australia	AS	AS05	5256	-34.9333	138.6	-1555188	0								4	Adelaide, South Australia, Australia	AS	AS05	5256	-34.9333	138.6	-1555188	20251027151500	https://www.outinperth.com/more-organisations-pull-out-of-the-2025-better-together-conference/
1270929694	20251027	202510	2025	2025.8137	CVL	VOTER						CVL													0	046	046	04	1	7.0	10	1	10	0.26676829268293	3	Allegheny County, Pennsylvania, United States	US	USPA	PA003	40.6253	-80.1251	1213657	0								3	Allegheny County, Pennsylvania, United States	US	USPA		40.6253	-80.1251	1213657	20251027151500	https://www.wesa.fm/wesa-voter-guide/2025-10-06/pittsburgh-city-council-district-2
1270929695	20251027	202510	2025	2025.8137	CVL	RESIDENTS						CVL													1	051	051	05	1	3.4	10	1	10	-9.34579439252339	2	Florida, United States	US	USFL		27.8333	-81.717	FL	0								2	Florida, United States	US	USFL		27.8333	-81.717	FL	20251027151500	https://www.el-balad.com/6746419
1270929696	20251027	202510	2025	2025.8137	CVL	COMMUNITY						CVL													0	071	071	07	2	7.4	10	1	10	7.49625187406297	4	Nairobi, Nairobi Area, Kenya	KE	KE05	18585	-1.28333	36.8167	-2258072	0								4	Nairobi, Nairobi Area, Kenya	KE	KE05	18585	-1.28333	36.8167	-2258072	20251027151500	https://hapakenya.com/2025/10/27/why-a-multi-stakeholder-approach-is-key-to-making-oral-health-a-national-priority/
1270929697	20251027	202510	2025	2025.8137	CVL	COMMUNITY						CVL													0	112	112	11	3	-2.0	3	1	3	-6.070826306914	2	New Jersey, United States	US	USNJ		40.314	-74.5089	NJ	0								2	New Jersey, United States	US	USNJ		40.314	-74.5089	NJ	20251027151500	https://wobm.com/ixp/385/p/police-misconduct-franklin-nj/
1270929698	20251027	202510	2025	2025.8137	CVL	ENGINEER						CVL													1	130	130	13	3	-4.4	8	1	8	-6.70926517571885	4	Gaza, Israel (general), Israel	IS	IS00	18315	31.4167	34.3333	-797156	0								4	Gaza, Israel (general), Israel	IS	IS00	18315	31.4167	34.3333	-797156	20251027151500	https://themedialine.org/mideast-daily-news/israel-sets-tunnel-demolition-as-gaza-wars-new-center-of-gravity/
1270929699	20251027	202510	2025	2025.8137	CVL	CITIZEN						CVL													1	181	181	18	4	-9.0	10	1	10	-3.70967741935484	1	Israel	IS	IS		31.5	34.75	IS	0								1	Israel	IS	IS		31.5	34.75	IS	20251027151500	https://themedialine.org/mideast-mindset/we-defeated-our-enemies-but-lost-ourselves-from-within/
1270929700	20251027	202510	2025	2025.8137	CVL	POPULATION						CVL			BFAGOV	BURKINA FASO	BFA					GOV			0	051	051	05	1	3.4	10	1	10	5.33333333333333	1	Iraq	IZ	IZ		33	44	IZ	1	Italy	IT	IT		42.833333	12.833333	IT	1	Italy	IT	IT		42.833333	12.833333	IT	20251027151500	https://www2.fundsforngos.org/listing/unlocking-the-future-of-aid-funding-opportunities-for-global-humanitarian-relief/
1270929701	20251027	202510	2025	2025.8137	CVL	RESIDENTS						CVL			BUS	BANK						BUS			0	061	061	06	2	6.4	10	1	10	0.38925652004671	2	New York, United States	US	USNY		42.1497	-74.9384	NY	2	New York, United States	US	USNY		42.1497	-74.9384	NY	2	New York, United States	US	USNY		42.1497	-74.9384	NY	20251027151500	https://www.wesa.fm/wesa-voter-guide/2025-10-06/pittsburgh-city-council-district-4
1270929702	20251027	202510	2025	2025.8137	CVL	COMMUNITY						CVL			GOV	AUTHORITIES						GOV			0	020	020	02	1	3.0	10	1	10	-3.60531309297912	4	Kutama, Zimbabwe (general), Zimbabwe	ZI	ZI00	40197	-17.7333	30.4167	-2313869	4	Kutama, Zimbabwe (general), Zimbabwe	ZI	ZI00	40197	-17.7333	30.4167	-2313869	4	Kutama, Zimbabwe (general), Zimbabwe	ZI	ZI00	40197	-17.7333	30.4167	-2313869	20251027151500	https://health-e.org.za/2025/10/27/limpopo-village-battles-years-without-water-and-electricity/
1270929703	20251027	202510	2025	2025.8137	CVL	RESIDENTS						CVL			GOV	GOVERNMENT						GOV			1	114	114	11	3	-2.0	10	1	10	0.26676829268293	2	Virginia, United States	US	USVA		37.768	-78.2057	VA	2	Virginia, United States	US	USVA		37.768	-78.2057	VA	2	Virginia, United States	US	USVA		37.768	-78.2057	VA	20251027151500	https://www.wesa.fm/wesa-voter-guide/2025-10-06/pittsburgh-city-council-district-2
1270929704	20251027	202510	2025	2025.8137	CVL	COMMUNITY						CVL			GOV	AUTHORITIES						GOV			0	141	141	14	3	-6.5	10	1	10	-3.60531309297912	4	Kutama, Zimbabwe (general), Zimbabwe	ZI	ZI00	40197	-17.7333	30.4167	-2313869	4	Kutama, Zimbabwe (general), Zimbabwe	ZI	ZI00	40197	-17.7333	30.4167	-2313869	4	Kutama, Zimbabwe (general), Zimbabwe	ZI	ZI00	40197	-17.7333	30.4167	-2313869	20251027151500	https://health-e.org.za/2025/10/27/limpopo-village-battles-years-without-water-and-electricity/
1270929705	20251027	202510	2025	2025.8137	CVL	ENGINEER						CVL			ISRMIL	ISRAEL	ISR					MIL			1	010	010	01	1	0.0	2	1	2	-6.70926517571885	4	Gaza, Israel (general), Israel	IS	IS00	18315	31.4167	34.3333	-797156	4	Gaza, Israel (general), Israel	IS	IS00	18315	31.4167	34.3333	-797156	4	Gaza, Israel (general), Israel	IS	IS00	18315	31.4167	34.3333	-797156	20251027151500	https://themedialine.org/mideast-daily-news/israel-sets-tunnel-demolition-as-gaza-wars-new-center-of-gravity/
1270929706	20251027	202510	2025	2025.8137	CVL	SCIENTIST						CVL			JPN	JAPAN	JPN								1	193	193	19	4	-10.0	2	1	2	2.04865556978233	1	Japan	JA	JA		36	138	JA	1	Japan	JA	JA		36	138	JA	1	Japan	JA	JA		36	138	JA	20251027151500	https://www.miragenews.com/scientists-tackle-neutrino-mystery-new-theories-1558394/
1270929707	20251027	202510	2025	2025.8137	CVL	SCIENTIST						CVL			JPN	JAPAN	JPN								1	193	193	19	4	-10.0	3	1	3	2.04865556978233	2	Minnesota, United States	US	USMN		45.7326	-93.9196	MN	2	Minnesota, United States	US	USMN		45.7326	-93.9196	MN	2	Minnesota, United States	US	USMN		45.7326	-93.9196	MN	20251027151500	https://www.miragenews.com/scientists-tackle-neutrino-mystery-new-theories-1558394/
1270929708	20251027	202510	2025	2025.8137	CVL	VOTER						CVL			LEG	LAWMAKER						LEG			0	010	010	01	1	0.0	10	1	10	-1.37254901960784	2	Texas, United States	US	USTX		31.106	-97.6475	TX	2	Texas, United States	US	USTX		31.106	-97.6475	TX	2	Texas, United States	US	USTX		31.106	-97.6475	TX	20251027151500	https://www.el-balad.com/6746422
1270929709	20251027	202510	2025	2025.8137	CVL	VOTER						CVL			LEG	LAWMAKER						LEG			0	015	015	01	1	0.0	10	1	10	-1.37254901960784	2	Texas, United States	US	USTX		31.106	-97.6475	TX	2	Texas, United States	US	USTX		31.106	-97.6475	TX	2	Texas, United States	US	USTX		31.106	-97.6475	TX	20251027151500	https://www.el-balad.com/6746422
1270929710	20251027	202510	2025	2025.8137	CVL	CITIZEN						CVL			MED	JOURNALIST						MED			0	070	070	07	2	7.0	5	1	5	-3.70967741935484	1	Israel	IS	IS		31.5	34.75	IS	1	Israel	IS	IS		31.5	34.75	IS	1	Israel	IS	IS		31.5	34.75	IS	20251027151500	https://themedialine.org/mideast-mindset/we-defeated-our-enemies-but-lost-ourselves-from-within/
1270929711	20251027	202510	2025	2025.8137	CVL	ENGINEER						CVL			MIL	KFIR						MIL			1	010	010	01	1	0.0	6	1	6	-6.70926517571885	4	Gaza, Israel (general), Israel	IS	IS00	18315	31.4167	34.3333	-797156	4	Gaza, Israel (general), Israel	IS	IS00	18315	31.4167	34.3333	-797156	4	Gaza, Israel (general), Israel	IS	IS00	18315	31.4167	34.3333	-797156	20251027151500	https://themedialine.org/mideast-daily-news/israel-sets-tunnel-demolition-as-gaza-wars-new-center-of-gravity/
1270929712	20251027	202510	2025	2025.8137	CVL	RESIDENTS						CVL			OPP	ILLEGAL PARTY						OPP			1	114	114	11	3	-2.0	10	1	10	-3.43300110741971	0								0								0								20251027151500	https://www.bristolpost.co.uk/news/bristol-news/houses-vibrating-during-illegal-rave-10602151
1270929713	20251027	202510	2025	2025.8137	CVL	VOTER						CVL			USA	UNITED STATES	USA								1	100	100	10	3	-5.0	4	1	4	0.38240917782026	4	Alexandria, Al Iskandariyah, Egypt	EG	EG06	61590	31.1981	29.9192	-290263	4	Alexandria, Al Iskandariyah, Egypt	EG	EG06	61590	31.1981	29.9192	-290263	2	New York, United States	US	USNY		42.1497	-74.9384	NY	20251027151500	https://www.yahoo.com/news/articles/early-voting-nyc-mayoral-election-142800397.html
1270929714	20251027	202510	2025	2025.8137	CVL	VOTER						CVL			USA	UNITED STATES	USA								1	100	100	10	3	-5.0	4	1	4	0.38240917782026	2	New York, United States	US	USNY		42.1497	-74.9384	NY	2	New York, United States	US	USNY		42.1497	-74.9384	NY	2	New York, United States	US	USNY		42.1497	-74.9384	NY	20251027151500	https://www.yahoo.com/news/articles/early-voting-nyc-mayoral-election-142800397.html
1270929715	20251027	202510	2025	2025.8137	CVL	CIVILIAN						CVL			USA	UNITED STATES	USA								1	190	190	19	4	-10.0	10	1	10	-4.22077922077922	2	Massachusetts, United States	US	USMA		42.2373	-71.5314	MA	2	Massachusetts, United States	US	USMA		42.2373	-71.5314	MA	2	Massachusetts, United States	US	USMA		42.2373	-71.5314	MA	20251027151500	https://www.geographicus.com/P/AntiqueMap/whenthebombsdrop-publicsafety-1941
1270929716	20251027	202510	2025	2025.8137	DEU	GERMANY	DEU								GOV	STATE MINIST						GOV			1	040	040	04	1	1.0	4	1	4	3.09423347398031	4	Munich, Bayern, Germany	GM	GM02	16532	48.15	11.5833	-1829149	4	Munich, Bayern, Germany	GM	GM02	16532	48.15	11.5833	-1829149	4	Munich, Bayern, Germany	GM	GM02	16532	48.15	11.5833	-1829149	20251027151500	https://3dprint.com/321595/bayern-innovativs-next-generation-manufacturing-2025-conference/
1270929717	20251027	202510	2025	2025.8137	DEUGOV	NUREMBERG	DEU					GOV													1	010	010	01	1	0.0	10	1	10	-2.4793388429752	1	United States	US	US		39.828175	-98.5795	US	0								1	United States	US	US		39.828175	-98.5795	US	20251027151500	https://www.startribune.com/nuremberg-new-movie-us-foreign-policy-ww2/601504026
1270929718	20251027	202510	2025	2025.8137	DEUGOV	NUREMBERG	DEU					GOV			USA	MINNEAPOLIS	USA								1	040	040	04	1	1.0	10	1	10	-2.4793388429752	1	Ireland	EI	EI		53	-8	EI	1	Ireland	EI	EI		53	-8	EI	1	Ireland	EI	EI		53	-8	EI	20251027151500	https://www.startribune.com/nuremberg-new-movie-us-foreign-policy-ww2/601504026
1270929719	20251027	202510	2025	2025.8137	DNK	COPENHAGEN	DNK																		1	043	043	04	1	2.8	10	1	10	1.68776371308017	4	Brussels, Bruxelles-Capitale, Belgium	BE	BE11	5850	50.8333	4.33333	-1955538	0								4	Brussels, Bruxelles-Capitale, Belgium	BE	BE11	5850	50.8333	4.33333	-1955538	20251027151500	https://icenews.is/2008/11/04/copenhagen-gets-radical-new-mega-mall/
1270929720	20251027	202510	2025	2025.8137	EDU	UNIVERSITY						EDU													1	010	010	01	1	0.0	3	1	3	3.09423347398031	4	Munich, Bayern, Germany	GM	GM02	16532	48.15	11.5833	-1829149	0								4	Munich, Bayern, Germany	GM	GM02	16532	48.15	11.5833	-1829149	20251027151500	https://3dprint.com/321595/bayern-innovativs-next-generation-manufacturing-2025-conference/
1270929721	20251027	202510	2025	2025.8137	EDU	SCHOOL						EDU													1	010	010	01	1	0.0	3	1	3	-3.82352941176471	3	Zion National Park, Utah, United States	US	USUT	UT053	37.3	-113.051	1455157	0								3	Zion National Park, Utah, United States	US	USUT		37.3	-113.051	1455157	20251027151500	https://www.neurologyadvisor.com/news/measles-outbreak-spreads-beyond-utah-arizona-border-123-cases-reported/
1270929722	20251027	202510	2025	2025.8137	EDU	SCHOOL						EDU													1	010	010	01	1	0.0	6	1	6	0.54054054054054	3	Berkshire, Massachusetts, United States	US	USMA	MA003	42.5126	-73.1929	607312	0								3	Berkshire, Massachusetts, United States	US	USMA	MA003	42.5126	-73.1929	607312	20251027151500	https://fortune.com/2025/10/27/kendra-scott-jewelry-design-career-life-entrepreneur/
1270929723	20251027	202510	2025	2025.8137	EDU	STUDENT						EDU													0	012	012	01	1	-0.4	5	1	5	-3.77952755905512	2	Michigan, United States	US	USMI		43.3504	-84.5603	MI	0								2	Michigan, United States	US	USMI		43.3504	-84.5603	MI	20251027151500	https://www.michigandaily.com/news/public-safety/pepper-spray-bystander-intervention-and-community-training-self-defense-on-campus/
1270929724	20251027	202510	2025	2025.8137	EDU	PROFESSOR						EDU													1	036	036	03	1	4.0	10	1	10	1.8796992481203	1	Denmark	DA	DA		56	10	DA	0								1	Denmark	DA	DA		56	10	DA	20251027151500	https://www2.fundsforngos.org/cat/cfps-hallas-moller-ascending-investigator-grant-programme-denmark/
1270929725	20251027	202510	2025	2025.8137	EDU	PROFESSOR						EDU													1	040	040	04	1	1.0	4	1	2	2.41691842900302	4	Jamuna, Bangladesh (general), Bangladesh	BG	BG00	5811	25.1	89	-2722569	0								4	Jamuna, Bangladesh (general), Bangladesh	BG	BG00	5811	25.1	89	-2722569	20251027151500	https://www.bssnews.net/news-flash/325657
1270929726	20251027	202510	2025	2025.8137	EDU	COLLEGE						EDU													1	040	040	04	1	1.0	10	1	10	-2.38095238095238	2	Pennsylvania, United States	US	USPA		40.5773	-77.264	PA	0								2	Pennsylvania, United States	US	USPA		40.5773	-77.264	PA	20251027151500	https://www.kbtx.com/2025/10/27/brazos-valley-unites-against-breast-cancer-pink-alliance-hosts-22nd-annual-surviving-thriving-luncheon/
1270929727	20251027	202510	2025	2025.8137	EDU	SCHOOL						EDU													1	043	043	04	1	2.8	1	1	1	6.77966101694916	4	Louth, Louth, Ireland	EI	EI19	18297	53.9486	-6.54139	-1504338	0								4	Louth, Louth, Ireland	EI	EI19	18297	53.9486	-6.54139	-1504338	20251027151500	https://www.lmfm.ie/news/news-extra/louth-science-festival-returns-for-its-eighth-year/
1270929728	20251027	202510	2025	2025.8137	EDU	SCHOOL						EDU													0	043	043	04	1	2.8	10	1	10	-3.60531309297912	4	Kutama, Zimbabwe (general), Zimbabwe	ZI	ZI00	40197	-17.7333	30.4167	-2313869	0								4	Kutama, Zimbabwe (general), Zimbabwe	ZI	ZI00	40197	-17.7333	30.4167	-2313869	20251027151500	https://health-e.org.za/2025/10/27/limpopo-village-battles-years-without-water-and-electricity/
1270929729	20251027	202510	2025	2025.8137	EDU	STUDENT						EDU													1	043	043	04	1	2.8	10	1	10	4.66830466830466	3	Finger Lakes, New York, United States	US	USNY	NY099	42.8334	-77	971953	0								3	Finger Lakes, New York, United States	US	USNY		42.8334	-77	971953	20251027151500	https://www.fltimes.com/news/suny-potsdam-flcc-form-new-partnership-helping-environmental-science-students/article_d7b4a505-3f5c-4ca6-9ae8-3f0be549abf3.html
1270929730	20251027	202510	2025	2025.8137	EDU	PROFESSOR						EDU													1	046	046	04	1	7.0	4	1	2	2.41691842900302	4	Jamuna, Bangladesh (general), Bangladesh	BG	BG00	5811	25.1	89	-2722569	0								4	Jamuna, Bangladesh (general), Bangladesh	BG	BG00	5811	25.1	89	-2722569	20251027151500	https://www.bssnews.net/news-flash/325657
1270929731	20251027	202510	2025	2025.8137	EDU	UNIVERSITY						EDU													1	050	050	05	1	3.5	5	1	5	1.82648401826484	2	Ohio, United States	US	USOH		40.3736	-82.7755	OH	0								2	Ohio, United States	US	USOH		40.3736	-82.7755	OH	20251027151500	https://www.forbes.com/sites/rajivvinnakota/2025/10/27/college-presidents-face-a-civic-test-this-is-how-they-can-ace-it/
1270929732	20251027	202510	2025	2025.8137	EDU	STUDENT						EDU													1	051	051	05	1	3.4	1	1	1	5.09433962264151	5	Anambra State, Anambra, Nigeria	NI	NI25	22646	6.33333	7	-1999834	0								5	Anambra State, Anambra, Nigeria	NI	NI25	22646	6.33333	7	-1999834	20251027151500	https://www.thisdaylive.com/2025/10/27/foundation-extends-scholarship-indigent-students-in-unizik-coou-others/
1270929733	20251027	202510	2025	2025.8137	EDU	PROFESSOR						EDU													1	070	070	07	2	7.0	6	1	6	2.41691842900302	4	Jamuna, Bangladesh (general), Bangladesh	BG	BG00	5811	25.1	89	-2722569	0								4	Jamuna, Bangladesh (general), Bangladesh	BG	BG00	5811	25.1	89	-2722569	20251027151500	https://www.bssnews.net/news-flash/325657
1270929734	20251027	202510	2025	2025.8137	EDU	SCHOOL						EDU													1	0831	083	08	2	5.0	10	1	10	-2.63157894736842	0								0								0								20251027151500	https://www.baltimoresun.com/2025/10/27/somerset-county-public-schools-superintendent-to-step-down/
1270929735	20251027	202510	2025	2025.8137	EDU	COLLEGE						EDU													1	084	084	08	2	7.0	2	1	2	4.66830466830466	3	Finger Lakes, New York, United States	US	USNY	NY099	42.8334	-77	971953	0								3	Finger Lakes, New York, United States	US	USNY		42.8334	-77	971953	20251027151500	https://www.fltimes.com/news/suny-potsdam-flcc-form-new-partnership-helping-environmental-science-students/article_d7b4a505-3f5c-4ca6-9ae8-3f0be549abf3.html
1270929736	20251027	202510	2025	2025.8137	EDU	PROFESSOR						EDU													0	090	090	09	2	-2.0	6	1	6	-0.53590568060022	4	Rothamsted, Hertfordshire, United Kingdom	UK	UKF8	40114	51.8	-0.366667	-2606541	0								4	Rothamsted, Hertfordshire, United Kingdom	UK	UKF8	40114	51.8	-0.366667	-2606541	20251027151500	https://phys.org/news/2025-10-weather-radar-reveal-alarming-declines.html
1270929737	20251027	202510	2025	2025.8137	EDU	STUDENT						EDU													1	090	090	09	2	-2.0	3	1	3	8.71886120996441	1	Hungary	HU	HU		47	20	HU	0								1	Hungary	HU	HU		47	20	HU	20251027151500	https://www.akp.gov.kh/post/detail/351844
1270929738	20251027	202510	2025	2025.8137	EDU	UNIVERSITY						EDU													1	110	110	11	3	-2.0	5	1	5	1.82648401826484	2	Ohio, United States	US	USOH		40.3736	-82.7755	OH	0								2	Ohio, United States	US	USOH		40.3736	-82.7755	OH	20251027151500	https://www.forbes.com/sites/rajivvinnakota/2025/10/27/college-presidents-face-a-civic-test-this-is-how-they-can-ace-it/
1270929739	20251027	202510	2025	2025.8137	EDU	STUDENT						EDU													0	112	112	11	3	-2.0	6	1	6	-3.77952755905512	2	Michigan, United States	US	USMI		43.3504	-84.5603	MI	0								2	Michigan, United States	US	USMI		43.3504	-84.5603	MI	20251027151500	https://www.michigandaily.com/news/public-safety/pepper-spray-bystander-intervention-and-community-training-self-defense-on-campus/
1270929740	20251027	202510	2025	2025.8137	EDU	STUDENT						EDU													1	172	172	17	4	-5.0	3	1	3	8.71886120996441	1	Hungary	HU	HU		47	20	HU	0								1	Hungary	HU	HU		47	20	HU	20251027151500	https://www.akp.gov.kh/post/detail/351844
1270929741	20251027	202510	2025	2025.8137	EDU	STUDENT						EDU													1	172	172	17	4	-5.0	10	1	10	-3.77952755905512	2	Michigan, United States	US	USMI		43.3504	-84.5603	MI	0								2	Michigan, United States	US	USMI		43.3504	-84.5603	MI	20251027151500	https://www.michigandaily.com/news/public-safety/pepper-spray-bystander-intervention-and-community-training-self-defense-on-campus/
1270929742	20251027	202510	2025	2025.8137	EDU	STUDENT						EDU													0	180	180	18	4	-9.0	15	1	10	-3.77952755905512	2	Michigan, United States	US	USMI		43.3504	-84.5603	MI	0								2	Michigan, United States	US	USMI		43.3504	-84.5603	MI	20251027151500	https://www.michigandaily.com/news/public-safety/pepper-spray-bystander-intervention-and-community-training-self-defense-on-campus/
1270929743	20251027	202510	2025	2025.8137	EDU	STUDENT						EDU													1	193	193	19	4	-10.0	5	1	5	5.09433962264151	5	Anambra State, Anambra, Nigeria	NI	NI25	22646	6.33333	7	-1999834	0								5	Anambra State, Anambra, Nigeria	NI	NI25	22646	6.33333	7	-1999834	20251027151500	https://www.thisdaylive.com/2025/10/27/foundation-extends-scholarship-indigent-students-in-unizik-coou-others/
1270929744	20251027	202510	2025	2025.8137	EDU	PROFESSOR						EDU			BGD	BANGLADESH	BGD								1	040	040	04	1	1.0	8	1	4	2.41691842900302	4	Jamuna, Bangladesh (general), Bangladesh	BG	BG00	5811	25.1	89	-2722569	4	Jamuna, Bangladesh (general), Bangladesh	BG	BG00	5811	25.1	89	-2722569	4	Jamuna, Bangladesh (general), Bangladesh	BG	BG00	5811	25.1	89	-2722569	20251027151500	https://www.bssnews.net/news-flash/325657
1270929745	20251027	202510	2025	2025.8137	EDU	PROFESSOR						EDU			BGD	BANGLADESH	BGD								1	040	040	04	1	1.0	4	1	2	2.41691842900302	4	Dhaka, Dhaka, Bangladesh	BG	BG81	5778	23.7231	90.4086	-2737683	4	Jamuna, Bangladesh (general), Bangladesh	BG	BG00	5811	25.1	89	-2722569	4	Jamuna, Bangladesh (general), Bangladesh	BG	BG00	5811	25.1	89	-2722569	20251027151500	https://www.bssnews.net/news-flash/325657
1270929746	20251027	202510	2025	2025.8137	EDU	PROFESSOR						EDU			BGD	BANGLADESH	BGD								1	046	046	04	1	7.0	8	1	4	2.41691842900302	4	Jamuna, Bangladesh (general), Bangladesh	BG	BG00	5811	25.1	89	-2722569	4	Jamuna, Bangladesh (general), Bangladesh	BG	BG00	5811	25.1	89	-2722569	4	Jamuna, Bangladesh (general), Bangladesh	BG	BG00	5811	25.1	89	-2722569	20251027151500	https://www.bssnews.net/news-flash/325657
1270929747	20251027	202510	2025	2025.8137	EDU	PROFESSOR						EDU			BGD	BANGLADESH	BGD								1	046	046	04	1	7.0	4	1	2	2.41691842900302	4	Dhaka, Dhaka, Bangladesh	BG	BG81	5778	23.7231	90.4086	-2737683	4	Jamuna, Bangladesh (general), Bangladesh	BG	BG00	5811	25.1	89	-2722569	4	Jamuna, Bangladesh (general), Bangladesh	BG	BG00	5811	25.1	89	-2722569	20251027151500	https://www.bssnews.net/news-flash/325657
1270929748	20251027	202510	2025	2025.8137	EDU	UNIVERSITY						EDU			BUS	PRODUCER						BUS			0	025	025	02	1	-0.3	5	1	5	-4.19847328244274	0								0								0								20251027151500	https://www.leicestermercury.co.uk/news/leicester-news/steve-coogan-pay-out-substantial-10602343
1270929749	20251027	202510	2025	2025.8137	EDU	STUDENT						EDU			CAN	CANADA	CAN								1	051	051	05	1	3.4	10	1	10	0	1	Canada	CA	CA		60	-96	CA	1	Canada	CA	CA		60	-96	CA	1	Canada	CA	CA		60	-96	CA	20251027151500	https://thompsononline.ca/the-thompson-local-news/812684
1270929750	20251027	202510	2025	2025.8137	EDU	UNIVERSITY						EDU			DEU	GERMANY	DEU								1	010	010	01	1	0.0	2	1	2	3.09423347398031	4	Munich, Bayern, Germany	GM	GM02	16532	48.15	11.5833	-1829149	4	Munich, Bayern, Germany	GM	GM02	16532	48.15	11.5833	-1829149	4	Munich, Bayern, Germany	GM	GM02	16532	48.15	11.5833	-1829149	20251027151500	https://3dprint.com/321595/bayern-innovativs-next-generation-manufacturing-2025-conference/
1270929751	20251027	202510	2025	2025.8137	EDU	ECONOMIST						EDU			GBR	SCOTLAND	GBR								0	020	020	02	1	3.0	8	1	8	-4.48877805486284	1	United Kingdom	UK	UK		54	-4	UK	1	United Kingdom	UK	UK		54	-4	UK	1	United Kingdom	UK	UK		54	-4	UK	20251027151500	https://www.thenational.scot/news/25574387.survey-changing-council-tax-scotland-launched---say/
1270929752	20251027	202510	2025	2025.8137	EDU	SCHOOL						EDU			GBR	UNITED KINGDOM	GBR								0	040	040	04	1	1.0	6	1	6	4.73083197389886	4	Pitlochry, Perth and Kinross, United Kingdom	UK	UKW1	40177	56.7	-3.71667	-2605387	4	Pitlochry, Perth and Kinross, United Kingdom	UK	UKW1	40177	56.7	-3.71667	-2605387	4	Pitlochry, Perth and Kinross, United Kingdom	UK	UKW1	40177	56.7	-3.71667	-2605387	20251027151500	https://www.thenational.scot/news/25573906.new-alan-cumming-arts-festival-star-ian-mckellen-val-mcdermid/
1270929753	20251027	202510	2025	2025.8137	EDU	SCHOOL						EDU			GBR	UNITED KINGDOM	GBR								0	040	040	04	1	1.0	2	1	2	4.73083197389886	1	Israel	IS	IS		31.5	34.75	IS	4	Pitlochry, Perth and Kinross, United Kingdom	UK	UKW1	40177	56.7	-3.71667	-2605387	1	Israel	IS	IS		31.5	34.75	IS	20251027151500	https://www.thenational.scot/news/25573906.new-alan-cumming-arts-festival-star-ian-mckellen-val-mcdermid/
1270929754	20251027	202510	2025	2025.8137	EDU	STUDENT						EDU			GBR	UNITED KINGDOM	GBR								1	040	040	04	1	1.0	10	1	10	-0.74349442379182	1	United Kingdom	UK	UK		54	-4	UK	1	United Kingdom	UK	UK		54	-4	UK	1	United Kingdom	UK	UK		54	-4	UK	20251027151500	https://www.miragenews.com/lancaster-leads-uk-decolonisation-talks-in-1558400/
1270929755	20251027	202510	2025	2025.8137	EDU	UNIVERSITY						EDU			GBR	UNITED KINGDOM	GBR								1	043	043	04	1	2.8	5	1	5	-0.74349442379182	1	United Kingdom	UK	UK		54	-4	UK	1	United Kingdom	UK	UK		54	-4	UK	1	United Kingdom	UK	UK		54	-4	UK	20251027151500	https://www.miragenews.com/lancaster-leads-uk-decolonisation-talks-in-1558400/
1270929756	20251027	202510	2025	2025.8137	EDU	UNIVERSITY						EDU			GBR	BRITISH	GBR								1	071	071	07	2	7.4	10	1	10	5.23809523809524	4	Philippine, Benguet, Philippines	RP	RP10	24213	16.45	120.55	-2445611	4	Philippine, Benguet, Philippines	RP	RP10	24213	16.45	120.55	-2445611	4	Philippine, Benguet, Philippines	RP	RP10	24213	16.45	120.55	-2445611	20251027151500	https://www.miragenews.com/plymouth-boosts-healthcare-resilience-to-1558389/
1270929757	20251027	202510	2025	2025.8137	EDU	STUDENT						EDU			GBR	UNITED KINGDOM	GBR								1	110	110	11	3	-2.0	10	1	10	-0.74349442379182	1	United Kingdom	UK	UK		54	-4	UK	1	United Kingdom	UK	UK		54	-4	UK	1	United Kingdom	UK	UK		54	-4	UK	20251027151500	https://www.miragenews.com/lancaster-leads-uk-decolonisation-talks-in-1558400/
1270929758	20251027	202510	2025	2025.8137	EDU	COLLEGE						EDU			GOV	PRESIDENT						GOV			1	051	051	05	1	3.4	10	1	10	3.02013422818792	1	Jordan	JO	JO		31	36	JO	1	Jordan	JO	JO		31	36	JO	1	Jordan	JO	JO		31	36	JO	20251027151500	https://www.fltimes.com/news/hands-on-learning-mentorship-and-leadership-keukas-star-faculty-panel-tell-students-who-those-things/article_3ec00721-2bcb-413d-ad03-d117d19d0539.html
1270929759	20251027	202510	2025	2025.8137	EDU	SCHOOL						EDU			GOV	GOVERNOR						GOV			1	071	071	07	2	7.4	6	1	6	-0.8955223880597	2	Louisiana, United States	US	USLA		31.1801	-91.8749	LA	2	Louisiana, United States	US	USLA		31.1801	-91.8749	LA	2	Louisiana, United States	US	USLA		31.1801	-91.8749	LA	20251027151500	https://www.fox8live.com/2025/10/27/rep-julie-emerson-enters-field-challenge-us-sen-bill-cassidy/
1270929760	20251027	202510	2025	2025.8137	EDU	STUDENT						EDU			GOV	PRESIDENT						GOV			1	110	110	11	3	-2.0	5	1	5	5.08849557522124	0								0								0								20251027151500	https://www.fltimes.com/news/keukas-incoming-class-was-its-largest-in-seven-years/article_413c9ff5-ac9d-4e85-b1a0-1acbd4c01551.html
1270929761	20251027	202510	2025	2025.8137	EDU	PROFESSOR						EDU			PTY	POLITICAL PARTIES									1	051	051	05	1	3.4	6	1	6	2.41691842900302	4	Jamuna, Bangladesh (general), Bangladesh	BG	BG00	5811	25.1	89	-2722569	4	Jamuna, Bangladesh (general), Bangladesh	BG	BG00	5811	25.1	89	-2722569	4	Jamuna, Bangladesh (general), Bangladesh	BG	BG00	5811	25.1	89	-2722569	20251027151500	https://www.bssnews.net/news-flash/325657
1270929762	20251027	202510	2025	2025.8137	EDU	PROFESSOR						EDU			PTY	POLITICAL PARTIES									1	051	051	05	1	3.4	2	1	2	2.41691842900302	4	Dhaka, Dhaka, Bangladesh	BG	BG81	5778	23.7231	90.4086	-2737683	4	Dhaka, Dhaka, Bangladesh	BG	BG81	5778	23.7231	90.4086	-2737683	4	Dhaka, Dhaka, Bangladesh	BG	BG81	5778	23.7231	90.4086	-2737683	20251027151500	https://www.bssnews.net/news-flash/325657
1270929763	20251027	202510	2025	2025.8137	EDU	SCHOOL						EDU			USA	UNITED STATES	USA								1	010	010	01	1	0.0	2	1	2	-3.82352941176471	3	Zion National Park, Utah, United States	US	USUT	UT053	37.3	-113.051	1455157	3	Zion National Park, Utah, United States	US	USUT		37.3	-113.051	1455157	3	Zion National Park, Utah, United States	US	USUT		37.3	-113.051	1455157	20251027151500	https://www.neurologyadvisor.com/news/measles-outbreak-spreads-beyond-utah-arizona-border-123-cases-reported/
1270929764	20251027	202510	2025	2025.8137	EDU	STUDENT						EDU			USA	UNITED STATES	USA								0	010	010	01	1	0.0	4	1	4	-3.77952755905512	2	Michigan, United States	US	USMI		43.3504	-84.5603	MI	2	Michigan, United States	US	USMI		43.3504	-84.5603	MI	2	Michigan, United States	US	USMI		43.3504	-84.5603	MI	20251027151500	https://www.michigandaily.com/news/public-safety/pepper-spray-bystander-intervention-and-community-training-self-defense-on-campus/
1270929765	20251027	202510	2025	2025.8137	EDU	UNIVERSITY						EDU			USA	ALABAMA	USA								1	036	036	03	1	4.0	10	1	10	1.02040816326531	3	Hollywood, California, United States	US	USCA	CA037	34.0983	-118.327	1660757	3	Hollywood, California, United States	US	USCA	CA037	34.0983	-118.327	1660757	3	Hollywood, California, United States	US	USCA	CA037	34.0983	-118.327	1660757	20251027151500	https://www.yahoo.com/news/articles/south-alabama-homecoming-step-show-140016791.html
1270929766	20251027	202510	2025	2025.8137	EDU	PROFESSOR						EDU			USA	UNITED STATES	USA								1	043	043	04	1	2.8	2	1	2	0.13605442176871	3	University Of Kentucky, Kentucky, United States	US	USKY	KY067	38.0304	-84.4994	505846	3	University Of Kentucky, Kentucky, United States	US	USKY		38.0304	-84.4994	505846	3	University Of Kentucky, Kentucky, United States	US	USKY		38.0304	-84.4994	505846	20251027151500	https://kykernel.com/119026/news/witnessing-our-own-ugliness-ebony-g-patterson-opens-uk-gaines-center-origins-series/
1270929767	20251027	202510	2025	2025.8137	EDUCVL	UNIVERSITY						EDU	CVL		CVL	POPULATION						CVL			1	090	090	09	2	-2.0	10	1	10	-0.53590568060022	4	Rothamsted, Hertfordshire, United Kingdom	UK	UKF8	40114	51.8	-0.366667	-2606541	4	Rothamsted, Hertfordshire, United Kingdom	UK	UKF8	40114	51.8	-0.366667	-2606541	4	Rothamsted, Hertfordshire, United Kingdom	UK	UKF8	40114	51.8	-0.366667	-2606541	20251027151500	https://phys.org/news/2025-10-weather-radar-reveal-alarming-declines.html
1270929768	20251027	202510	2025	2025.8137	EDUEDU	SCHOOL						EDU	EDU		EDU	UNIVERSITY						EDU			1	111	111	11	3	-2.0	1	1	1	-3.77952755905512	3	Law School, Michigan, United States	US	USMI	MI159	42.3603	-86.2684	630202	3	Law School, Michigan, United States	US	USMI		42.3603	-86.2684	630202	3	Law School, Michigan, United States	US	USMI		42.3603	-86.2684	630202	20251027151500	https://www.michigandaily.com/news/public-safety/pepper-spray-bystander-intervention-and-community-training-self-defense-on-campus/
1270929769	20251027	202510	2025	2025.8137	EGY	ALEXANDRIA	EGY																		1	111	111	11	3	-2.0	3	1	3	0.38240917782026	4	Alexandria, Al Iskandariyah, Egypt	EG	EG06	61590	31.1981	29.9192	-290263	0								4	Alexandria, Al Iskandariyah, Egypt	EG	EG06	61590	31.1981	29.9192	-290263	20251027151500	https://www.yahoo.com/news/articles/early-voting-nyc-mayoral-election-142800397.html
1270929770	20251027	202510	2025	2025.8137	EGY	ALEXANDRIA	EGY																		1	141	141	14	3	-6.5	3	1	3	0.38240917782026	4	Alexandria, Al Iskandariyah, Egypt	EG	EG06	61590	31.1981	29.9192	-290263	0								2	Vermont, United States	US	USVT		44.0407	-72.7093	VT	20251027151500	https://www.yahoo.com/news/articles/early-voting-nyc-mayoral-election-142800397.html
1270929771	20251027	202510	2025	2025.8137	EGY	EGYPT	EGY								EGYGOV	EGYPT	EGY					GOV			0	010	010	01	1	0.0	2	1	2	0.38240917782026	4	Alexandria, Al Iskandariyah, Egypt	EG	EG06	61590	31.1981	29.9192	-290263	4	Alexandria, Al Iskandariyah, Egypt	EG	EG06	61590	31.1981	29.9192	-290263	4	Alexandria, Al Iskandariyah, Egypt	EG	EG06	61590	31.1981	29.9192	-290263	20251027151500	https://www.yahoo.com/news/articles/early-voting-nyc-mayoral-election-142800397.html
1270929772	20251027	202510	2025	2025.8137	EGY	EGYPT	EGY								GOV	PRESIDENT						GOV			0	010	010	01	1	0.0	2	1	2	0.38240917782026	4	Alexandria, Al Iskandariyah, Egypt	EG	EG06	61590	31.1981	29.9192	-290263	4	Alexandria, Al Iskandariyah, Egypt	EG	EG06	61590	31.1981	29.9192	-290263	4	Alexandria, Al Iskandariyah, Egypt	EG	EG06	61590	31.1981	29.9192	-290263	20251027151500	https://www.yahoo.com/news/articles/early-voting-nyc-mayoral-election-142800397.html
1270929773	20251027	202510	2025	2025.8137	ELI	ACTOR						ELI													0	010	010	01	1	0.0	3	1	3	1.18043844856661	4	Lagos, Lagos, Nigeria	NI	NI05	191416	6.45306	3.39583	-2017355	0								4	Lagos, Lagos, Nigeria	NI	NI05	191416	6.45306	3.39583	-2017355	20251027151500	https://www.thisdaylive.com/2025/10/27/govt-urged-to-recognise-dokpesis-contributions-to-broadcasting/
1270929774	20251027	202510	2025	2025.8137	ELI	ACTOR						ELI													0	051	051	05	1	3.4	3	1	3	1.18043844856661	4	Lagos, Lagos, Nigeria	NI	NI05	191416	6.45306	3.39583	-2017355	0								4	Lagos, Lagos, Nigeria	NI	NI05	191416	6.45306	3.39583	-2017355	20251027151500	https://www.thisdaylive.com/2025/10/27/govt-urged-to-recognise-dokpesis-contributions-to-broadcasting/
1270929775	20251027	202510	2025	2025.8137	ELI	ACTOR						ELI			GOV	PRESIDENT						GOV			0	020	020	02	1	3.0	5	1	5	1.18043844856661	4	Lagos, Lagos, Nigeria	NI	NI05	191416	6.45306	3.39583	-2017355	4	Lagos, Lagos, Nigeria	NI	NI05	191416	6.45306	3.39583	-2017355	4	Lagos, Lagos, Nigeria	NI	NI05	191416	6.45306	3.39583	-2017355	20251027151500	https://www.thisdaylive.com/2025/10/27/govt-urged-to-recognise-dokpesis-contributions-to-broadcasting/
1270929776	20251027	202510	2025	2025.8137	ELI	ACTOR						ELI			NGA	NIGERIA	NGA								0	010	010	01	1	0.0	2	1	2	1.18043844856661	4	Lagos, Lagos, Nigeria	NI	NI05	191416	6.45306	3.39583	-2017355	4	Lagos, Lagos, Nigeria	NI	NI05	191416	6.45306	3.39583	-2017355	4	Lagos, Lagos, Nigeria	NI	NI05	191416	6.45306	3.39583	-2017355	20251027151500	https://www.thisdaylive.com/2025/10/27/govt-urged-to-recognise-dokpesis-contributions-to-broadcasting/
1270929777	20251027	202510	2025	2025.8137	ELI	ACTOR						ELI			NGA	NIGERIA	NGA								0	051	051	05	1	3.4	2	1	2	1.18043844856661	4	Lagos, Lagos, Nigeria	NI	NI05	191416	6.45306	3.39583	-2017355	4	Lagos, Lagos, Nigeria	NI	NI05	191416	6.45306	3.39583	-2017355	4	Lagos, Lagos, Nigeria	NI	NI05	191416	6.45306	3.39583	-2017355	20251027151500	https://www.thisdaylive.com/2025/10/27/govt-urged-to-recognise-dokpesis-contributions-to-broadcasting/
1270929778	20251027	202510	2025	2025.8137	ESP	SPAIN	ESP								GBR	LIVERPOOL	GBR								1	013	013	01	1	0.4	2	1	2	-0.90293453724605	4	Madrid, Madrid, Spain	SP	SP29	25820	40.4	-3.68333	-390625	4	Madrid, Madrid, Spain	SP	SP29	25820	40.4	-3.68333	-390625	4	Madrid, Madrid, Spain	SP	SP29	25820	40.4	-3.68333	-390625	20251027151500	https://www.caughtoffside.com/2025/10/27/liverpool-told-make-ambitious-move-in-january/
1270929779	20251027	202510	2025	2025.8137	ESP	SPAIN	ESP								SYR	SYRIA	SYR								1	057	057	05	1	8.0	2	1	2	1.47255689424364	4	Tartus, Tartus, Syria	SY	SY14	26378	34.889	35.8866	-2548614	4	Tartus, Tartus, Syria	SY	SY14	26378	34.889	35.8866	-2548614	4	Tartus, Tartus, Syria	SY	SY14	26378	34.889	35.8866	-2548614	20251027151500	https://themedialine.org/by-region/wired-for-renewal-syrias-first-subsea-internet-link-marks-a-turning-point/
1270929780	20251027	202510	2025	2025.8137	ESP	SPAIN	ESP								SYR	SYRIAN	SYR								1	057	057	05	1	8.0	6	1	6	1.47255689424364	1	Spain	SP	SP		40	-4	SP	4	Tartus, Tartus, Syria	SY	SY14	26378	34.889	35.8866	-2548614	4	Tartus, Tartus, Syria	SY	SY14	26378	34.889	35.8866	-2548614	20251027151500	https://themedialine.org/by-region/wired-for-renewal-syrias-first-subsea-internet-link-marks-a-turning-point/
1270929781	20251027	202510	2025	2025.8137	EUR	EUROPE	EUR																		1	012	012	01	1	-0.4	10	1	10	-2.68729641693811	4	Gaza, Israel (general), Israel	IS	IS00	18315	31.4167	34.3333	-797156	0								4	Gaza, Israel (general), Israel	IS	IS00	18315	31.4167	34.3333	-797156	20251027151500	https://www.thenationalnews.com/news/mena/2025/10/27/europe-has-lost-moral-high-ground-over-gaza-turkish-official-says/
1270929782	20251027	202510	2025	2025.8137	EUR	EUROPEAN	EUR																		1	080	080	08	2	5.0	10	1	10	8.29268292682927	1	China	CH	CH		35	105	CH	0								1	China	CH	CH		35	105	CH	20251027151500	https://www.tyrepress.com/business-directory/fortune-tyres/
1270929783	20251027	202510	2025	2025.8137	EUR	EUROPEAN	EUR								CRM	GANG						CRM			0	0214	021	02	1	3.4	2	1	2	-8.72395833333333	4	Mannheim, Baden-Wüberg, Germany	GM	GM01	16554	49.4883	8.46472	-1822951	4	Mannheim, Baden-Wüberg, Germany	GM	GM01	16554	49.4883	8.46472	-1822951	4	Mannheim, Baden-Wüberg, Germany	GM	GM01	16554	49.4883	8.46472	-1822951	20251027151500	https://wcbm.com/national-headline/toxic-empathy-is-killing-the-west-grooming-gang-survivors-quit-uk-inquiry-over-labours-cover-up/
1270929784	20251027	202510	2025	2025.8137	EUR	EUROPEAN	EUR								DEU	GERMANY	DEU								0	0214	021	02	1	3.4	1	1	1	-8.72395833333333	4	Mannheim, Baden-Wüberg, Germany	GM	GM01	16554	49.4883	8.46472	-1822951	4	Mannheim, Baden-Wüberg, Germany	GM	GM01	16554	49.4883	8.46472	-1822951	4	Mannheim, Baden-Wüberg, Germany	GM	GM01	16554	49.4883	8.46472	-1822951	20251027151500	https://wcbm.com/national-headline/toxic-empathy-is-killing-the-west-grooming-gang-survivors-quit-uk-inquiry-over-labours-cover-up/
1270929785	20251027	202510	2025	2025.8137	EUR	EUROPEAN	EUR								DEUGOV	GERMANY	DEU					GOV			0	0214	021	02	1	3.4	1	1	1	-8.72395833333333	4	Mannheim, Baden-Wüberg, Germany	GM	GM01	16554	49.4883	8.46472	-1822951	4	Mannheim, Baden-Wüberg, Germany	GM	GM01	16554	49.4883	8.46472	-1822951	4	Mannheim, Baden-Wüberg, Germany	GM	GM01	16554	49.4883	8.46472	-1822951	20251027151500	https://wcbm.com/national-headline/toxic-empathy-is-killing-the-west-grooming-gang-survivors-quit-uk-inquiry-over-labours-cover-up/
1270929786	20251027	202510	2025	2025.8137	EUR	EUROPEAN	EUR								GOV	PRIME MINISTER						GOV			0	0214	021	02	1	3.4	3	1	3	-8.72395833333333	4	Mannheim, Baden-Wüberg, Germany	GM	GM01	16554	49.4883	8.46472	-1822951	4	Mannheim, Baden-Wüberg, Germany	GM	GM01	16554	49.4883	8.46472	-1822951	4	Mannheim, Baden-Wüberg, Germany	GM	GM01	16554	49.4883	8.46472	-1822951	20251027151500	https://wcbm.com/national-headline/toxic-empathy-is-killing-the-west-grooming-gang-survivors-quit-uk-inquiry-over-labours-cover-up/
1270929787	20251027	202510	2025	2025.8137	EURGOV	EUROPEAN	EUR					GOV			TUR	TURKEY	TUR								1	111	111	11	3	-2.0	4	1	4	-2.68729641693811	4	Fatih, Ankara, Turkey	TU	TU68	27528	39.9455	32.873	-776441	4	Fatih, Ankara, Turkey	TU	TU68	27528	39.9455	32.873	-776441	4	Fatih, Ankara, Turkey	TU	TU68	27528	39.9455	32.873	-776441	20251027151500	https://www.thenationalnews.com/news/mena/2025/10/27/europe-has-lost-moral-high-ground-over-gaza-turkish-official-says/
1270929788	20251027	202510	2025	2025.8137	EURGOV	EUROPEAN	EUR					GOV			TUR	TURKEY	TUR								1	111	111	11	3	-2.0	2	1	2	-2.68729641693811	4	Fatih, Ankara, Turkey	TU	TU68	27528	39.9455	32.873	-776441	4	Fatih, Ankara, Turkey	TU	TU68	27528	39.9455	32.873	-776441	4	Gaza, Israel (general), Israel	IS	IS00	18315	31.4167	34.3333	-797156	20251027151500	https://www.thenationalnews.com/news/mena/2025/10/27/europe-has-lost-moral-high-ground-over-gaza-turkish-official-says/
1270929789	20251027	202510	2025	2025.8137	EURGOV	EUROPEAN	EUR					GOV			TUR	TURKEY	TUR								1	111	111	11	3	-2.0	4	1	4	-2.68729641693811	4	Gaza, Israel (general), Israel	IS	IS00	18315	31.4167	34.3333	-797156	4	Fatih, Ankara, Turkey	TU	TU68	27528	39.9455	32.873	-776441	4	Fatih, Ankara, Turkey	TU	TU68	27528	39.9455	32.873	-776441	20251027151500	https://www.thenationalnews.com/news/mena/2025/10/27/europe-has-lost-moral-high-ground-over-gaza-turkish-official-says/
1270929790	20251027	202510	2025	2025.8137	EURGOV	EUROPEAN	EUR					GOV			TURGOVGOVPTY	RECEP TAYYIP ERDOGAN	TUR					GOV	GOV		1	010	010	01	1	0.0	6	1	6	-2.68729641693811	4	Fatih, Ankara, Turkey	TU	TU68	27528	39.9455	32.873	-776441	4	Fatih, Ankara, Turkey	TU	TU68	27528	39.9455	32.873	-776441	4	Fatih, Ankara, Turkey	TU	TU68	27528	39.9455	32.873	-776441	20251027151500	https://www.thenationalnews.com/news/mena/2025/10/27/europe-has-lost-moral-high-ground-over-gaza-turkish-official-says/
1270929791	20251027	202510	2025	2025.8137	EURGOV	EUROPEAN	EUR					GOV			TURGOVPTY	TURKEY	TUR					GOV			1	010	010	01	1	0.0	4	1	4	-2.68729641693811	4	Gaza, Israel (general), Israel	IS	IS00	18315	31.4167	34.3333	-797156	4	Fatih, Ankara, Turkey	TU	TU68	27528	39.9455	32.873	-776441	4	Fatih, Ankara, Turkey	TU	TU68	27528	39.9455	32.873	-776441	20251027151500	https://www.thenationalnews.com/news/mena/2025/10/27/europe-has-lost-moral-high-ground-over-gaza-turkish-official-says/
1270929792	20251027	202510	2025	2025.8137	FIN	FINNISH	FIN								FINGOV	FINLAND	FIN					GOV			1	036	036	03	1	4.0	2	1	2	0	4	Helsinki, Eteläuomen Läi, Finland	FI	FI13	16230	60.1756	24.9342	-1364995	4	Helsinki, Eteläuomen Läi, Finland	FI	FI13	16230	60.1756	24.9342	-1364995	4	Helsinki, Eteläuomen Läi, Finland	FI	FI13	16230	60.1756	24.9342	-1364995	20251027151500	https://www.yahoo.com/news/articles/us-coast-guard-closes-deal-143500011.html
1270929793	20251027	202510	2025	2025.8137	FIN	FINLAND	FIN								GOV	PRESIDENT						GOV			1	036	036	03	1	4.0	2	1	2	0	4	Helsinki, Eteläuomen Läi, Finland	FI	FI13	16230	60.1756	24.9342	-1364995	4	Helsinki, Eteläuomen Läi, Finland	FI	FI13	16230	60.1756	24.9342	-1364995	4	Helsinki, Eteläuomen Läi, Finland	FI	FI13	16230	60.1756	24.9342	-1364995	20251027151500	https://www.yahoo.com/news/articles/us-coast-guard-closes-deal-143500011.html
1270929794	20251027	202510	2025	2025.8137	FIN	FINLAND	FIN								USA	AMERICAN	USA								1	043	043	04	1	2.8	7	1	7	0	4	Helsinki, Eteläuomen Läi, Finland	FI	FI13	16230	60.1756	24.9342	-1364995	2	Texas, United States	US	USTX		31.106	-97.6475	TX	4	Helsinki, Eteläuomen Läi, Finland	FI	FI13	16230	60.1756	24.9342	-1364995	20251027151500	https://www.yahoo.com/news/articles/us-coast-guard-closes-deal-143500011.html
1270929795	20251027	202510	2025	2025.8137	FIN	FINLAND	FIN								USAMIL	UNITED STATES	USA					MIL			1	057	057	05	1	8.0	10	1	10	0	4	Helsinki, Eteläuomen Läi, Finland	FI	FI13	16230	60.1756	24.9342	-1364995	2	Texas, United States	US	USTX		31.106	-97.6475	TX	2	Texas, United States	US	USTX		31.106	-97.6475	TX	20251027151500	https://www.yahoo.com/news/articles/us-coast-guard-closes-deal-143500011.html
1270929796	20251027	202510	2025	2025.8137	FINGOV	FINLAND	FIN					GOV			FIN	FINNISH	FIN								1	036	036	03	1	4.0	2	1	2	0	4	Helsinki, Eteläuomen Läi, Finland	FI	FI13	16230	60.1756	24.9342	-1364995	4	Helsinki, Eteläuomen Läi, Finland	FI	FI13	16230	60.1756	24.9342	-1364995	4	Helsinki, Eteläuomen Läi, Finland	FI	FI13	16230	60.1756	24.9342	-1364995	20251027151500	https://www.yahoo.com/news/articles/us-coast-guard-closes-deal-143500011.html
1270929797	20251027	202510	2025	2025.8137	FINGOV	FINNISH	FIN					GOV			GOV	PRESIDENT						GOV			1	036	036	03	1	4.0	3	1	3	0	4	Helsinki, Eteläuomen Läi, Finland	FI	FI13	16230	60.1756	24.9342	-1364995	4	Helsinki, Eteläuomen Läi, Finland	FI	FI13	16230	60.1756	24.9342	-1364995	4	Helsinki, Eteläuomen Läi, Finland	FI	FI13	16230	60.1756	24.9342	-1364995	20251027151500	https://www.yahoo.com/news/articles/us-coast-guard-closes-deal-143500011.html
1270929798	20251027	202510	2025	2025.8137	FRA	FRANCE	FRA																		1	042	042	04	1	1.9	4	1	4	0	4	Pompidou, Languedoc-Roussillon, France	FR	FRA9	16288	44.195	3.65476	-1442794	0								4	Pompidou, Languedoc-Roussillon, France	FR	FRA9	16288	44.195	3.65476	-1442794	20251027151500	https://djmag.com/news/daft-punks-thomas-bangalter-joins-fred-again-stage-first-dj-set-16-years
1270929799	20251027	202510	2025	2025.8137	FRA	REIMS	FRA																		0	042	042	04	1	1.9	2	1	2	6.44490644490644	4	Reims, Champagne-Ardenne, France	FR	FRA4	16269	48.7186	4.66847	-1461343	0								4	Paris, France (general), France	FR	FR00	16282	48.8667	2.33333	-1456928	20251027151500	https://www.bonappetit.com/story/culinary-getaways
1270929800	20251027	202510	2025	2025.8137	FRA	REIMS	FRA																		0	042	042	04	1	1.9	8	1	8	6.44490644490644	4	Reims, Champagne-Ardenne, France	FR	FRA4	16269	48.7186	4.66847	-1461343	0								4	Reims, Champagne-Ardenne, France	FR	FRA4	16269	48.7186	4.66847	-1461343	20251027151500	https://www.bonappetit.com/story/culinary-getaways
1270929801	20251027	202510	2025	2025.8137	FRA	PARIS	FRA																		1	042	042	04	1	1.9	6	1	6	1.82186234817813	2	New York, United States	US	USNY		42.1497	-74.9384	NY	0								2	New York, United States	US	USNY		42.1497	-74.9384	NY	20251027151500	https://www.harpersbazaar.com/fashion/a69135439/beat-up-bag-trend-used-new/
1270929802	20251027	202510	2025	2025.8137	FRA	PARIS	FRA																		1	172	172	17	4	-5.0	7	1	7	1.74216027874564	4	Paris, France (general), France	FR	FR00	16282	48.8667	2.33333	-1456928	0								4	Paris, France (general), France	FR	FR00	16282	48.8667	2.33333	-1456928	20251027151500	https://www.thespiritsbusiness.com/2025/10/chef-stuart-ralston-opens-vivien-cocktail-bar-in-edinburgh/
1270929803	20251027	202510	2025	2025.8137	FRA	FRANCE	FRA								DEU	GERMANY	DEU								0	111	111	11	3	-2.0	1	1	1	-8.67346938775513	4	Tunis, (TS26), Tunisia	TS	TS26	39471	36.8028	10.1797	-731701	4	Tunis, (TS26), Tunisia	TS	TS26	39471	36.8028	10.1797	-731701	4	Tunis, (TS26), Tunisia	TS	TS26	39471	36.8028	10.1797	-731701	20251027151500	https://www.bssnews.net/international/325656
1270929804	20251027	202510	2025	2025.8137	FRA	FRANCE	FRA								DEU	GERMANY	DEU								0	111	111	11	3	-2.0	1	1	1	-8.67346938775513	1	France	FR	FR		46	2	FR	1	France	FR	FR		46	2	FR	1	Germany	GM	GM		51.5	10.5	GM	20251027151500	https://www.bssnews.net/international/325656
1270929805	20251027	202510	2025	2025.8137	FRA	FRANCE	FRA								DEU	GERMANY	DEU								0	111	111	11	3	-2.0	1	1	1	-8.67346938775513	1	France	FR	FR		46	2	FR	1	Germany	GM	GM		51.5	10.5	GM	4	Tunis, (TS26), Tunisia	TS	TS26	39471	36.8028	10.1797	-731701	20251027151500	https://www.bssnews.net/international/325656
1270929806	20251027	202510	2025	2025.8137	FRA	FRANCE	FRA								DEU	GERMANY	DEU								0	111	111	11	3	-2.0	2	1	2	-8.67346938775513	1	France	FR	FR		46	2	FR	1	Germany	GM	GM		51.5	10.5	GM	1	Germany	GM	GM		51.5	10.5	GM	20251027151500	https://www.bssnews.net/international/325656
1270929807	20251027	202510	2025	2025.8137	FRA	FRANCE	FRA								GBR	EDINBURGH	GBR								1	172	172	17	4	-5.0	4	1	4	1.74216027874564	4	Paris, France (general), France	FR	FR00	16282	48.8667	2.33333	-1456928	4	Paris, France (general), France	FR	FR00	16282	48.8667	2.33333	-1456928	4	Paris, France (general), France	FR	FR00	16282	48.8667	2.33333	-1456928	20251027151500	https://www.thespiritsbusiness.com/2025/10/chef-stuart-ralston-opens-vivien-cocktail-bar-in-edinburgh/
1270929808	20251027	202510	2025	2025.8137	FRA	PARIS	FRA								USA	UNITED STATES	USA								1	042	042	04	1	1.9	4	1	4	1.82186234817813	2	New York, United States	US	USNY		42.1497	-74.9384	NY	2	New York, United States	US	USNY		42.1497	-74.9384	NY	2	New York, United States	US	USNY		42.1497	-74.9384	NY	20251027151500	https://www.harpersbazaar.com/fashion/a69135439/beat-up-bag-trend-used-new/
1270929809	20251027	202510	2025	2025.8137	GBR	UNITED KINGDOM	GBR																		0	010	010	01	1	0.0	4	1	4	4.34258142340169	4	Cromarty Firth, Highland, United Kingdom	UK	UKV3	40172	57.6833	-4.11667	-2593672	0								4	Cromarty Firth, Highland, United Kingdom	UK	UKV3	40172	57.6833	-4.11667	-2593672	20251027151500	https://www.thenational.scot/news/25575085.plan-launched-maximise-100-billion-invested-highlands/
1270929810	20251027	202510	2025	2025.8137	GBR	UNITED KINGDOM	GBR																		0	010	010	01	1	0.0	4	1	4	-4.81144343302991	5	County Durham, Durham, United Kingdom	UK	UKD8	40106	54.6667	-1.75	-2594982	0								5	County Durham, Durham, United Kingdom	UK	UKD8	40106	54.6667	-1.75	-2594982	20251027151500	https://www.lgcplus.com/politics/workforce/unitary-changes-constitution-to-allow-offensive-social-media-posts-27-10-2025/
1270929811	20251027	202510	2025	2025.8137	GBR	SCOTLAND	GBR																		0	010	010	01	1	0.0	3	1	3	3.88349514563107	4	River Livet, Moray, United Kingdom	UK	UKV6	40172	57.35	-3.35	-2601427	0								4	River Livet, Moray, United Kingdom	UK	UKV6	40172	57.35	-3.35	-2601427	20251027151500	https://www.thespiritsbusiness.com/2025/10/the-glenlivet-debuts-cask-masters-range-in-gtr/
1270929812	20251027	202510	2025	2025.8137	GBR	LIVERPOOL	GBR																		1	010	010	01	1	0.0	6	1	6	-0.90293453724605	4	Madrid, Madrid, Spain	SP	SP29	25820	40.4	-3.68333	-390625	0								4	Madrid, Madrid, Spain	SP	SP29	25820	40.4	-3.68333	-390625	20251027151500	https://www.caughtoffside.com/2025/10/27/liverpool-told-make-ambitious-move-in-january/
1270929813	20251027	202510	2025	2025.8137	GBR	UNITED KINGDOM	GBR																		1	012	012	01	1	-0.4	2	1	2	-2.5706940874036	4	Caithness, Highland, United Kingdom	UK	UKV3	40172	58.4167	-3.5	-2591558	0								4	Caithness, Highland, United Kingdom	UK	UKV3	40172	58.4167	-3.5	-2591558	20251027151500	https://www.yahoo.com/news/articles/female-surfers-verbally-abused-during-143939681.html
1270929814	20251027	202510	2025	2025.8137	GBR	UNITED KINGDOM	GBR																		1	012	012	01	1	-0.4	2	1	2	-2.5706940874036	4	Caithness, Highland, United Kingdom	UK	UKV3	40172	58.4167	-3.5	-2591558	0								1	Jersey	JE	JE		49.216667	-2.116667	JE	20251027151500	https://www.yahoo.com/news/articles/female-surfers-verbally-abused-during-143939681.html
1270929815	20251027	202510	2025	2025.8137	GBR	UNITED KINGDOM	GBR																		1	014	014	01	1	0.0	4	1	4	-4.81144343302991	5	County Durham, Durham, United Kingdom	UK	UKD8	40106	54.6667	-1.75	-2594982	0								5	County Durham, Durham, United Kingdom	UK	UKD8	40106	54.6667	-1.75	-2594982	20251027151500	https://www.lgcplus.com/politics/workforce/unitary-changes-constitution-to-allow-offensive-social-media-posts-27-10-2025/
1270929816	20251027	202510	2025	2025.8137	GBR	UNITED KINGDOM	GBR																		0	020	020	02	1	3.0	2	1	2	-0.88967971530249	4	Dunoon, Argyll and Bute, United Kingdom	UK	UKT8	40176	55.95	-4.95	-2594930	0								4	Dunoon, Argyll and Bute, United Kingdom	UK	UKT8	40176	55.95	-4.95	-2594930	20251027151500	https://www.mirror.co.uk/news/uk-news/body-found-search-dad-who-36140237
1270929817	20251027	202510	2025	2025.8137	GBR	UNITED KINGDOM	GBR																		1	020	020	02	1	3.0	2	1	2	0	4	Glasgow, Glasgow City, United Kingdom	UK	UKV2	40176	55.8333	-4.25	-2597039	0								4	Glasgow, Glasgow City, United Kingdom	UK	UKV2	40176	55.8333	-4.25	-2597039	20251027151500	https://www.thenational.scot/news/25574170.activists-demand-wealth-tax-rachel-reeves-treasury-protest/
1270929818	20251027	202510	2025	2025.8137	GBR	BRITISH	GBR																		1	020	020	02	1	3.0	8	1	8	-8.35443037974683	4	Vancouver, British Columbia, Canada	CA	CA02	12552	49.25	-123.133	-575268	0								4	Vancouver, British Columbia, Canada	CA	CA02	12552	49.25	-123.133	-575268	20251027151500	https://www.jdsupra.com/legalnews/c-176-9-million-fine-against-3955817/
1270929819	20251027	202510	2025	2025.8137	GBR	UNITED KINGDOM	GBR																		0	042	042	04	1	1.9	4	1	4	2.88713910761155	4	Campsie, East Dunbartonshire, United Kingdom	UK	UKU5	40176	55.9833	-4.23333	-2592625	0								4	Campsie, East Dunbartonshire, United Kingdom	UK	UKU5	40176	55.9833	-4.23333	-2592625	20251027151500	https://donegalnews.com/son-pays-heartbreaking-tribute-to-seamus-quinn/
1270929820	20251027	202510	2025	2025.8137	GBR	UNITED KINGDOM	GBR																		1	043	043	04	1	2.8	6	1	6	3.5	4	Delamere, Cheshire West and Chester, United Kingdom	UK	UKZ8	40099	53.2167	-2.66667	-2594206	0								4	Delamere, Cheshire West and Chester, United Kingdom	UK	UKZ8	40099	53.2167	-2.66667	-2594206	20251027151500	https://www.warringtonguardian.co.uk/news/25574684.cheshires-delamere-forest-play-host-kooks-2026/
1270929821	20251027	202510	2025	2025.8137	GBR	UNITED KINGDOM	GBR																		0	050	050	05	1	3.5	2	1	2	7.14285714285714	4	Dagenham, Barking and Dagenham, United Kingdom	UK	UKA1	40110	51.55	0.166667	-2593987	0								4	Dagenham, Barking and Dagenham, United Kingdom	UK	UKA1	40110	51.55	0.166667	-2593987	20251027151500	https://www.yourthurrock.com/2025/10/27/major-funding-boost-for-river-roding-revitalisation-project/
1270929822	20251027	202510	2025	2025.8137	GBR	UNITED KINGDOM	GBR																		0	050	050	05	1	3.5	2	1	2	7.14285714285714	4	London, London, City of, United Kingdom	UK	UKH9	40110	51.5	-0.116667	-2601889	0								4	Dagenham, Barking and Dagenham, United Kingdom	UK	UKA1	40110	51.55	0.166667	-2593987	20251027151500	https://www.yourthurrock.com/2025/10/27/major-funding-boost-for-river-roding-revitalisation-project/
1270929823	20251027	202510	2025	2025.8137	GBR	UNITED KINGDOM	GBR																		1	084	084	08	2	7.0	4	1	4	-1.51515151515151	4	Belfast, Belfast, United Kingdom	UK	UKR3	40158	54.5833	-5.93333	-2589607	0								4	Belfast, Belfast, United Kingdom	UK	UKR3	40158	54.5833	-5.93333	-2589607	20251027151500	https://www.outinperth.com/fresh-tracks-the-latest-tunes-worth-checking-out-72/
1270929824	20251027	202510	2025	2025.8137	GBR	UNITED KINGDOM	GBR																		0	090	090	09	2	-2.0	4	1	4	-0.53590568060022	4	Rothamsted, Hertfordshire, United Kingdom	UK	UKF8	40114	51.8	-0.366667	-2606541	0								4	Rothamsted, Hertfordshire, United Kingdom	UK	UKF8	40114	51.8	-0.366667	-2606541	20251027151500	https://phys.org/news/2025-10-weather-radar-reveal-alarming-declines.html
1270929825	20251027	202510	2025	2025.8137	GBR	UNITED KINGDOM	GBR																		0	112	112	11	3	-2.0	6	1	6	-1.31868131868132	4	Berwickshire, Scottish Borders, The, United Kingdom	UK	UKT9	40173	55.75	-2.5	-2589772	0								4	Berwickshire, Scottish Borders, The, United Kingdom	UK	UKT9	40173	55.75	-2.5	-2589772	20251027151500	https://www.yahoo.com/news/articles/drive-tackle-litter-gateway-scotland-143423469.html
1270929826	20251027	202510	2025	2025.8137	GBR	BRITISH	GBR																		0	1124	112	11	3	-2.0	2	1	2	-8.72395833333333	1	United Kingdom	UK	UK		54	-4	UK	0								1	Pakistan	PK	PK		30	70	PK	20251027151500	https://wcbm.com/national-headline/toxic-empathy-is-killing-the-west-grooming-gang-survivors-quit-uk-inquiry-over-labours-cover-up/
1270929827	20251027	202510	2025	2025.8137	GBR	BRITISH	GBR																		0	1124	112	11	3	-2.0	2	1	2	-8.72395833333333	1	United Kingdom	UK	UK		54	-4	UK	0								1	United Kingdom	UK	UK		54	-4	UK	20251027151500	https://wcbm.com/national-headline/toxic-empathy-is-killing-the-west-grooming-gang-survivors-quit-uk-inquiry-over-labours-cover-up/
1270929828	20251027	202510	2025	2025.8137	GBR	UNITED KINGDOM	GBR																		0	114	114	11	3	-2.0	4	1	4	-4.81144343302991	5	County Durham, Durham, United Kingdom	UK	UKD8	40106	54.6667	-1.75	-2594982	0								5	County Durham, Durham, United Kingdom	UK	UKD8	40106	54.6667	-1.75	-2594982	20251027151500	https://www.lgcplus.com/politics/workforce/unitary-changes-constitution-to-allow-offensive-social-media-posts-27-10-2025/
1270929829	20251027	202510	2025	2025.8137	GBR	UNITED KINGDOM	GBR																		1	1821	182	18	4	-9.0	12	1	8	-4.02843601895734	4	Midlands, Leicestershire, United Kingdom	UK	UKH5	40119	52.75	-1.5	-2603074	0								4	Midlands, Leicestershire, United Kingdom	UK	UKH5	40119	52.75	-1.5	-2603074	20251027151500	https://www.birminghammail.co.uk/news/midlands-news/midlands-sikhs-worry-safe-after-32757361
1270929830	20251027	202510	2025	2025.8137	GBR	UNITED KINGDOM	GBR																		1	1821	182	18	4	-9.0	4	1	4	-4.02843601895734	4	Midlands, Leicestershire, United Kingdom	UK	UKH5	40119	52.75	-1.5	-2603074	0								4	Walsall, Walsall, United Kingdom	UK	UKO8	40136	52.6	-2	-2610816	20251027151500	https://www.birminghammail.co.uk/news/midlands-news/midlands-sikhs-worry-safe-after-32757361
1270929831	20251027	202510	2025	2025.8137	GBR	UNITED KINGDOM	GBR								AUS	AUSTRALIA	AUS								1	036	036	03	1	4.0	1	1	1	-2.67379679144385	1	Australia	AS	AS		-25	135	AS	1	Australia	AS	AS		-25	135	AS	4	Reykjavik, (IC10), Iceland	IC	IC10	17529	64.15	-21.95	-2651804	20251027151500	https://icenews.is/2013/05/21/icelandic-music-festival-reykjavik-music-mess-to-take-place-this-weekend/
1270929832	20251027	202510	2025	2025.8137	GBR	UNITED KINGDOM	GBR								AUS	AUSTRALIA	AUS								1	036	036	03	1	4.0	4	1	4	-2.67379679144385	1	United Kingdom	UK	UK		54	-4	UK	1	Australia	AS	AS		-25	135	AS	4	Reykjavik, (IC10), Iceland	IC	IC10	17529	64.15	-21.95	-2651804	20251027151500	https://icenews.is/2013/05/21/icelandic-music-festival-reykjavik-music-mess-to-take-place-this-weekend/
1270929833	20251027	202510	2025	2025.8137	GBR	WELSH	GBR								BUS	BUSINESS						BUS			0	046	046	04	1	7.0	1	1	1	-3.11387900355871	3	Effingham County, Georgia, United States	US	USGA	GA103	32.3669	-81.3332	350219	3	Springfield, Georgia, United States	US	USGA	GA265	33.6279	-82.949	326528	3	Effingham County, Georgia, United States	US	USGA		32.3669	-81.3332	350219	20251027151500	https://www.effinghamherald.net/local/ghost-hunters-explore-springfields-haunted-hotspots/
1270929834	20251027	202510	2025	2025.8137	GBR	WELSH	GBR								BUS	BUSINESS						BUS			0	046	046	04	1	7.0	2	1	2	-3.11387900355871	3	Springfield Elementary School, Georgia, United States	US	USGA	GA103	32.3826	-81.3198	350268	3	Springfield, Georgia, United States	US	USGA	GA265	33.6279	-82.949	326528	3	Springfield Elementary School, Georgia, United States	US	USGA		32.3826	-81.3198	350268	20251027151500	https://www.effinghamherald.net/local/ghost-hunters-explore-springfields-haunted-hotspots/
1270929835	20251027	202510	2025	2025.8137	GBR	WELSH	GBR								BUS	BUSINESS						BUS			0	046	046	04	1	7.0	1	1	1	-3.11387900355871	3	Springfield Elementary School, Georgia, United States	US	USGA	GA103	32.3826	-81.3198	350268	3	Springfield Elementary School, Georgia, United States	US	USGA		32.3826	-81.3198	350268	3	Springfield Elementary School, Georgia, United States	US	USGA		32.3826	-81.3198	350268	20251027151500	https://www.effinghamherald.net/local/ghost-hunters-explore-springfields-haunted-hotspots/
1270929836	20251027	202510	2025	2025.8137	GBR	UNITED KINGDOM	GBR								BUS	EMPLOYER						BUS			0	050	050	05	1	3.5	2	1	2	6.75182481751825	5	North Yorkshire, North Yorkshire, United Kingdom	UK	UKJ7	40123	54.1667	-1.5	-2604430	5	North Yorkshire, North Yorkshire, United Kingdom	UK	UKJ7	40123	54.1667	-1.5	-2604430	5	North Yorkshire, North Yorkshire, United Kingdom	UK	UKJ7	40123	54.1667	-1.5	-2604430	20251027151500	https://www.yorkpress.co.uk/news/25573527.mayor-skaiths-10-year-plan-york-north-yorkshire/
1270929837	20251027	202510	2025	2025.8137	GBR	UNITED KINGDOM	GBR								BUS	BOSS						BUS			0	090	090	09	2	-2.0	1	1	1	-0.88967971530249	4	Kilcreggan, Argyll and Bute, United Kingdom	UK	UKT8	40176	55.9833	-4.83333	-2599944	4	Loch Lomond, United Kingdom (general), United Kingdom	UK	UK00	40176	56.0833	-4.6	-2601882	4	Kilcreggan, Argyll and Bute, United Kingdom	UK	UKT8	40176	55.9833	-4.83333	-2599944	20251027151500	https://www.mirror.co.uk/news/uk-news/body-found-search-dad-who-36140237
1270929838	20251027	202510	2025	2025.8137	GBR	UNITED KINGDOM	GBR								BUS	BOSS						BUS			0	090	090	09	2	-2.0	5	1	5	-0.88967971530249	4	Kilcreggan, Argyll and Bute, United Kingdom	UK	UKT8	40176	55.9833	-4.83333	-2599944	4	Loch Lomond, United Kingdom (general), United Kingdom	UK	UK00	40176	56.0833	-4.6	-2601882	4	Loch Lomond, United Kingdom (general), United Kingdom	UK	UK00	40176	56.0833	-4.6	-2601882	20251027151500	https://www.mirror.co.uk/news/uk-news/body-found-search-dad-who-36140237
1270929839	20251027	202510	2025	2025.8137	GBR	UNITED KINGDOM	GBR								CVL	SETTLEMENT						CVL			0	010	010	01	1	0.0	1	1	1	-2.32558139534884	4	London, London, City of, United Kingdom	UK	UKH9	40110	51.5	-0.116667	-2601889	4	Leicester, Leicester, United Kingdom	UK	UKH4	40124	52.6333	-1.13333	-2600961	4	London, London, City of, United Kingdom	UK	UKH9	40110	51.5	-0.116667	-2601889	20251027151500	https://www.thetimes.com/uk/law/article/steve-coogan-to-pay-academic-substantial-damages-for-film-portrayal-wrp2dz9zn
1270929840	20251027	202510	2025	2025.8137	GBR	UNITED KINGDOM	GBR								CVL	SETTLEMENT						CVL			0	010	010	01	1	0.0	1	1	1	-2.32558139534884	4	London, London, City of, United Kingdom	UK	UKH9	40110	51.5	-0.116667	-2601889	4	London, London, City of, United Kingdom	UK	UKH9	40110	51.5	-0.116667	-2601889	4	London, London, City of, United Kingdom	UK	UKH9	40110	51.5	-0.116667	-2601889	20251027151500	https://www.thetimes.com/uk/law/article/steve-coogan-to-pay-academic-substantial-damages-for-film-portrayal-wrp2dz9zn
1270929841	20251027	202510	2025	2025.8137	GBR	UNITED KINGDOM	GBR								EDU	STUDENT						EDU			1	040	040	04	1	1.0	10	1	10	-0.74349442379182	1	United Kingdom	UK	UK		54	-4	UK	1	United Kingdom	UK	UK		54	-4	UK	1	United Kingdom	UK	UK		54	-4	UK	20251027151500	https://www.miragenews.com/lancaster-leads-uk-decolonisation-talks-in-1558400/
1270929842	20251027	202510	2025	2025.8137	GBR	UNITED KINGDOM	GBR								EDU	UNIVERSITY						EDU			1	042	042	04	1	1.9	5	1	5	-0.74349442379182	1	United Kingdom	UK	UK		54	-4	UK	1	United Kingdom	UK	UK		54	-4	UK	1	United Kingdom	UK	UK		54	-4	UK	20251027151500	https://www.miragenews.com/lancaster-leads-uk-decolonisation-talks-in-1558400/
1270929843	20251027	202510	2025	2025.8137	GBR	LIVERPOOL	GBR								ESP	SPAIN	ESP								1	010	010	01	1	0.0	4	1	4	-0.90293453724605	4	Madrid, Madrid, Spain	SP	SP29	25820	40.4	-3.68333	-390625	4	Madrid, Madrid, Spain	SP	SP29	25820	40.4	-3.68333	-390625	4	Madrid, Madrid, Spain	SP	SP29	25820	40.4	-3.68333	-390625	20251027151500	https://www.caughtoffside.com/2025/10/27/liverpool-told-make-ambitious-move-in-january/
1270929844	20251027	202510	2025	2025.8137	GBR	UNITED KINGDOM	GBR								ESP	SPAIN	ESP								0	018	018	01	1	3.4	2	1	2	2.88713910761155	4	London, London, City of, United Kingdom	UK	UKH9	40110	51.5	-0.116667	-2601889	1	Spain	SP	SP		40	-4	SP	1	Spain	SP	SP		40	-4	SP	20251027151500	https://donegalnews.com/son-pays-heartbreaking-tribute-to-seamus-quinn/
1270929845	20251027	202510	2025	2025.8137	GBR	LONDON	GBR								GBRGOV	UNITED KINGDOM	GBR					GOV			1	010	010	01	1	0.0	2	1	2	0.55555555555556	4	London, London, City of, United Kingdom	UK	UKH9	40110	51.5	-0.116667	-2601889	4	London, London, City of, United Kingdom	UK	UKH9	40110	51.5	-0.116667	-2601889	4	London, London, City of, United Kingdom	UK	UKH9	40110	51.5	-0.116667	-2601889	20251027151500	https://aldianews.com/en/politics/women-politics/im-not-done-yet
1270929846	20251027	202510	2025	2025.8137	GBR	BRITISH	GBR								GBRGOV	UNITED KINGDOM	GBR					GOV			0	016	016	01	1	-2.0	4	1	4	-8.72395833333333	1	United Kingdom	UK	UK		54	-4	UK	1	United Kingdom	UK	UK		54	-4	UK	1	United Kingdom	UK	UK		54	-4	UK	20251027151500	https://wcbm.com/national-headline/toxic-empathy-is-killing-the-west-grooming-gang-survivors-quit-uk-inquiry-over-labours-cover-up/
1270929847	20251027	202510	2025	2025.8137	GBR	BRITISH	GBR								GBRGOV	UNITED KINGDOM	GBR					GOV			1	043	043	04	1	2.8	4	2	4	-5.21446962623433	2	Tennessee, United States	US	USTN		35.7449	-86.7489	TN	1	United Kingdom	UK	UK		54	-4	UK	1	United Kingdom	UK	UK		54	-4	UK	20251027151500	https://www.news8000.com/lifestyle/7-of-the-world-s-freakiest-places/article_2072bdb5-b74a-5975-8ca6-46d86950bba8.html
1270929848	20251027	202510	2025	2025.8137	GBR	UNITED KINGDOM	GBR								GBRGOV	UNITED KINGDOM	GBR					GOV			0	070	070	07	2	7.0	2	1	2	-0.53590568060022	4	Rothamsted, Hertfordshire, United Kingdom	UK	UKF8	40114	51.8	-0.366667	-2606541	4	Rothamsted, Hertfordshire, United Kingdom	UK	UKF8	40114	51.8	-0.366667	-2606541	4	Rothamsted, Hertfordshire, United Kingdom	UK	UKF8	40114	51.8	-0.366667	-2606541	20251027151500	https://phys.org/news/2025-10-weather-radar-reveal-alarming-declines.html
1270929849	20251027	202510	2025	2025.8137	GBR	UNITED KINGDOM	GBR								GBRGOV	UNITED KINGDOM	GBR					GOV			1	111	111	11	3	-2.0	1	1	1	-1.31868131868132	5	West Lothian, West Lothian, United Kingdom	UK	UKW9	40176	55.8891	-3.56942	-2611315	5	West Lothian, West Lothian, United Kingdom	UK	UKW9	40176	55.8891	-3.56942	-2611315	5	West Lothian, West Lothian, United Kingdom	UK	UKW9	40176	55.8891	-3.56942	-2611315	20251027151500	https://www.yahoo.com/news/articles/drive-tackle-litter-gateway-scotland-143423469.html
1270929850	20251027	202510	2025	2025.8137	GBR	UNITED KINGDOM	GBR								GBRJUD	GLASGOW	GBR					JUD			1	042	042	04	1	1.9	4	2	4	-10.6412005457026	4	Glasgow, Glasgow City, United Kingdom	UK	UKV2	40176	55.8333	-4.25	-2597039	4	Glasgow, Glasgow City, United Kingdom	UK	UKV2	40176	55.8333	-4.25	-2597039	4	Glasgow, Glasgow City, United Kingdom	UK	UKV2	40176	55.8333	-4.25	-2597039	20251027151500	https://www.newarkadvertiser.co.uk/national/gang-which-ruthlessly-exploited-vulnerable-women-in-brothels-jailed-157758/
1270929851	20251027	202510	2025	2025.8137	GBR	UNITED KINGDOM	GBR								GBRJUD	GLASGOW	GBR					JUD			1	173	173	17	4	-5.0	8	2	8	-10.6412005457026	4	Glasgow, Glasgow City, United Kingdom	UK	UKV2	40176	55.8333	-4.25	-2597039	4	Glasgow, Glasgow City, United Kingdom	UK	UKV2	40176	55.8333	-4.25	-2597039	4	Glasgow, Glasgow City, United Kingdom	UK	UKV2	40176	55.8333	-4.25	-2597039	20251027151500	https://www.newarkadvertiser.co.uk/national/gang-which-ruthlessly-exploited-vulnerable-women-in-brothels-jailed-157758/
1270929852	20251027	202510	2025	2025.8137	GBR	UNITED KINGDOM	GBR								GBRJUD	GLASGOW	GBR					JUD			1	1821	182	18	4	-9.0	8	2	8	-10.6412005457026	4	Glasgow, Glasgow City, United Kingdom	UK	UKV2	40176	55.8333	-4.25	-2597039	4	Glasgow, Glasgow City, United Kingdom	UK	UKV2	40176	55.8333	-4.25	-2597039	4	Glasgow, Glasgow City, United Kingdom	UK	UKV2	40176	55.8333	-4.25	-2597039	20251027151500	https://www.newarkadvertiser.co.uk/national/gang-which-ruthlessly-exploited-vulnerable-women-in-brothels-jailed-157758/
1270929853	20251027	202510	2025	2025.8137	GBR	LONDON	GBR								GOV	PRESIDENT						GOV			1	010	010	01	1	0.0	2	1	2	0.55555555555556	4	London, London, City of, United Kingdom	UK	UKH9	40110	51.5	-0.116667	-2601889	3	White House, District of Columbia, United States	US	USDC		38.8951	-77.0364	531871	3	White House, District of Columbia, United States	US	USDC		38.8951	-77.0364	531871	20251027151500	https://aldianews.com/en/politics/women-politics/im-not-done-yet
1270929854	20251027	202510	2025	2025.8137	GBR	LONDON	GBR								GOV	PRESIDENT						GOV			1	010	010	01	1	0.0	6	1	6	0.55555555555556	3	White House, District of Columbia, United States	US	USDC		38.8951	-77.0364	531871	3	White House, District of Columbia, United States	US	USDC		38.8951	-77.0364	531871	3	White House, District of Columbia, United States	US	USDC		38.8951	-77.0364	531871	20251027151500	https://aldianews.com/en/politics/women-politics/im-not-done-yet
1270929855	20251027	202510	2025	2025.8137	GBR	UNITED KINGDOM	GBR								GOV	GOVERNMENT						GOV			0	0211	021	02	1	3.4	4	1	4	-1.31004366812227	1	United Kingdom	UK	UK		54	-4	UK	1	United Kingdom	UK	UK		54	-4	UK	1	United Kingdom	UK	UK		54	-4	UK	20251027151500	https://www.thetimes.com/uk/politics/article/rachel-reeves-chancellor-budget-spending-cuts-tax-rises-hfhvrzcxk
1270929856	20251027	202510	2025	2025.8137	GBR	UNITED KINGDOM	GBR								GOV	EMBASSY						GOV			1	054	054	05	1	6.0	4	1	4	-5.23012552301255	4	London, London, City of, United Kingdom	UK	UKH9	40110	51.5	-0.116667	-2601889	4	London, London, City of, United Kingdom	UK	UKH9	40110	51.5	-0.116667	-2601889	4	London, London, City of, United Kingdom	UK	UKH9	40110	51.5	-0.116667	-2601889	20251027151500	https://www.yahoo.com/news/articles/embassy-bomb-threat-graffiti-art-144008201.html
1270929857	20251027	202510	2025	2025.8137	GBR	UNITED KINGDOM	GBR								GOV	PRINCE						GOV			1	080	080	08	2	5.0	8	1	8	-0.56603773584906	4	Carbisdale Castle, Highland, United Kingdom	UK	UKV3	40172	57.9167	-4.4	-2591767	4	Carbisdale Castle, Highland, United Kingdom	UK	UKV3	40172	57.9167	-4.4	-2591767	4	Carbisdale Castle, Highland, United Kingdom	UK	UKV3	40172	57.9167	-4.4	-2591767	20251027151500	https://www.thenational.scot/news/25573740.scottish-castle-owner-backs-prince-andrew-offer-amid-fury/
1270929858	20251027	202510	2025	2025.8137	GBR	WELSH	GBR								GOV	FIREFIGHTER						GOV			0	090	090	09	2	-2.0	4	1	4	-3.11387900355871	3	Springfield, Georgia, United States	US	USGA	GA265	33.6279	-82.949	326528	3	Springfield, Georgia, United States	US	USGA	GA265	33.6279	-82.949	326528	3	Springfield, Georgia, United States	US	USGA	GA265	33.6279	-82.949	326528	20251027151500	https://www.effinghamherald.net/local/ghost-hunters-explore-springfields-haunted-hotspots/
1270929859	20251027	202510	2025	2025.8137	GBR	WELSH	GBR								GOV	FIREFIGHTER						GOV			0	090	090	09	2	-2.0	4	1	4	-3.11387900355871	3	Effingham County, Georgia, United States	US	USGA	GA103	32.3669	-81.3332	350219	3	Effingham County, Georgia, United States	US	USGA		32.3669	-81.3332	350219	3	Effingham County, Georgia, United States	US	USGA		32.3669	-81.3332	350219	20251027151500	https://www.effinghamherald.net/local/ghost-hunters-explore-springfields-haunted-hotspots/
1270929860	20251027	202510	2025	2025.8137	GBR	UNITED KINGDOM	GBR								GOV	GOVERNMENT						GOV			1	130	130	13	3	-4.4	5	1	5	-3.86965376782077	4	London, London, City of, United Kingdom	UK	UKH9	40110	51.5	-0.116667	-2601889	4	London, London, City of, United Kingdom	UK	UKH9	40110	51.5	-0.116667	-2601889	4	London, London, City of, United Kingdom	UK	UKH9	40110	51.5	-0.116667	-2601889	20251027151500	https://www.dailymail.co.uk/news/article-15231391/Nigel-Farage-appears-alongside-grooming-gang-victim-declare-Labours-sex-abuse-inquiry-dead-water-calls-MPs-set-commission.html
1270929861	20251027	202510	2025	2025.8137	GBR	UNITED KINGDOM	GBR								HLH	HOSPITAL						HLH			0	010	010	01	1	0.0	2	1	2	-6.75990675990676	1	United Kingdom	UK	UK		54	-4	UK	1	United Kingdom	UK	UK		54	-4	UK	1	United Kingdom	UK	UK		54	-4	UK	20251027151500	https://www.thetimes.com/uk/healthcare/article/gp-doctor-medical-negligence-l36hx8rl0
1270929862	20251027	202510	2025	2025.8137	GBR	UNITED KINGDOM	GBR								ISL	ICELAND	ISL								1	036	036	03	1	4.0	1	1	1	-2.67379679144385	1	Australia	AS	AS		-25	135	AS	4	Reykjavik, (IC10), Iceland	IC	IC10	17529	64.15	-21.95	-2651804	4	Reykjavik, (IC10), Iceland	IC	IC10	17529	64.15	-21.95	-2651804	20251027151500	https://icenews.is/2013/05/21/icelandic-music-festival-reykjavik-music-mess-to-take-place-this-weekend/
1270929863	20251027	202510	2025	2025.8137	GBR	UNITED KINGDOM	GBR								ISL	REYKJAVIK	ISL								1	036	036	03	1	4.0	2	1	2	-2.67379679144385	1	United Kingdom	UK	UK		54	-4	UK	4	Reykjavik, (IC10), Iceland	IC	IC10	17529	64.15	-21.95	-2651804	4	Reykjavik, (IC10), Iceland	IC	IC10	17529	64.15	-21.95	-2651804	20251027151500	https://icenews.is/2013/05/21/icelandic-music-festival-reykjavik-music-mess-to-take-place-this-weekend/
1270929864	20251027	202510	2025	2025.8137	GBR	UNITED KINGDOM	GBR								ISR	ISRAEL	ISR								1	012	012	01	1	-0.4	1	1	1	-0.819672131147541	4	Glasgow, Glasgow City, United Kingdom	UK	UKV2	40176	55.8333	-4.25	-2597039	4	Gaza, Israel (general), Israel	IS	IS00	18315	31.4167	34.3333	-797156	4	Glasgow, Glasgow City, United Kingdom	UK	UKV2	40176	55.8333	-4.25	-2597039	20251027151500	https://www.thenational.scot/news/25574476.former-uk-ambassador-craig-murray-defects-party/
1270929865	20251027	202510	2025	2025.8137	GBR	GLASGOW	GBR								ITA	ROME	ITA								1	060	060	06	2	6.0	10	1	10	9.83606557377049	4	Milan, Lombardia, Italy	IT	IT09	18363	45.4667	9.2	-121726	4	Glasgow, Glasgow City, United Kingdom	UK	UKV2	40176	55.8333	-4.25	-2597039	4	Milan, Lombardia, Italy	IT	IT09	18363	45.4667	9.2	-121726	20251027151500	https://www.thenational.scot/news/25574181.glasgow-airport-launches-new-wizz-air-flights-rome-milan/
1270929866	20251027	202510	2025	2025.8137	GBR	GLASGOW	GBR								ITA	ITALIAN	ITA								1	060	060	06	2	6.0	9	1	9	-5.09554140127388	4	Glasgow, Glasgow City, United Kingdom	UK	UKV2	40176	55.8333	-4.25	-2597039	1	Italy	IT	IT		42.833333	12.833333	IT	4	Glasgow, Glasgow City, United Kingdom	UK	UKV2	40176	55.8333	-4.25	-2597039	20251027151500	https://www.thenational.scot/news/25574309.2-charged-police-seize-200k-fireworks-west-lothian/
1270929867	20251027	202510	2025	2025.8137	GBR	UNITED KINGDOM	GBR								JAM	KINGSTON	JAM								1	020	020	02	1	3.0	2	1	2	-5.18731988472623	1	United Kingdom	UK	UK		54	-4	UK	1	United Kingdom	UK	UK		54	-4	UK	1	United Kingdom	UK	UK		54	-4	UK	20251027151500	https://www.birminghammail.co.uk/news/cost-of-living/hmrc-sending-uk-households-bewildering-32757605
1270929868	20251027	202510	2025	2025.8137	GBR	UNITED KINGDOM	GBR								MIL	MILITARY						MIL			1	017	017	01	1	0.0	10	1	10	-4.01069518716577	4	Alrewas, Staffordshire, United Kingdom	UK	UKM9	40131	52.7167	-1.73333	-2588157	4	Alrewas, Staffordshire, United Kingdom	UK	UKM9	40131	52.7167	-1.73333	-2588157	4	Alrewas, Staffordshire, United Kingdom	UK	UKM9	40131	52.7167	-1.73333	-2588157	20251027151500	https://www.straitstimes.com/world/king-charles-honours-british-lgbtq-military-personnel-at-new-memorial
1270929869	20251027	202510	2025	2025.8137	GBR	UNITED KINGDOM	GBR								MIL	MILITARY						MIL			1	051	051	05	1	3.4	10	1	10	-4.01069518716577	4	Alrewas, Staffordshire, United Kingdom	UK	UKM9	40131	52.7167	-1.73333	-2588157	4	Alrewas, Staffordshire, United Kingdom	UK	UKM9	40131	52.7167	-1.73333	-2588157	4	Alrewas, Staffordshire, United Kingdom	UK	UKM9	40131	52.7167	-1.73333	-2588157	20251027151500	https://www.straitstimes.com/world/king-charles-honours-british-lgbtq-military-personnel-at-new-memorial
1270929870	20251027	202510	2025	2025.8137	GBR	UNITED KINGDOM	GBR								MIL	MILITARY PERSONNEL						MIL			1	051	051	05	1	3.4	1	1	1	-4.01069518716577	1	United States	US	US		39.828175	-98.5795	US	1	United States	US	US		39.828175	-98.5795	US	1	United States	US	US		39.828175	-98.5795	US	20251027151500	https://www.straitstimes.com/world/king-charles-honours-british-lgbtq-military-personnel-at-new-memorial
1270929871	20251027	202510	2025	2025.8137	GBR	BRITISH	GBR								OPP	ACTIVIST						OPP			1	120	120	12	3	-4.0	2	1	2	-4.30839002267574	1	United Kingdom	UK	UK		54	-4	UK	1	United Kingdom	UK	UK		54	-4	UK	1	United Kingdom	UK	UK		54	-4	UK	20251027151500	https://www.thenational.scot/news/25574757.wikipedias-jimmy-wales-warns-political-showdown-online-safety-act/
1270929872	20251027	202510	2025	2025.8137	GBR	UNITED KINGDOM	GBR								PSE	PALESTINE	PSE								1	012	012	01	1	-0.4	1	1	1	-0.819672131147541	4	Glasgow, Glasgow City, United Kingdom	UK	UKV2	40176	55.8333	-4.25	-2597039	4	Gaza, Israel (general), Israel	IS	IS00	18315	31.4167	34.3333	-797156	4	Glasgow, Glasgow City, United Kingdom	UK	UKV2	40176	55.8333	-4.25	-2597039	20251027151500	https://www.thenational.scot/news/25574476.former-uk-ambassador-craig-murray-defects-party/
1270929873	20251027	202510	2025	2025.8137	GBR	UNITED KINGDOM	GBR								ROU	ROMANIA									0	173	173	17	4	-5.0	2	2	2	-10.6412005457026	4	Glasgow, Glasgow City, United Kingdom	UK	UKV2	40176	55.8333	-4.25	-2597039	1	Romania	RO	RO		46	25	RO	4	Glasgow, Glasgow City, United Kingdom	UK	UKV2	40176	55.8333	-4.25	-2597039	20251027151500	https://www.newarkadvertiser.co.uk/national/gang-which-ruthlessly-exploited-vulnerable-women-in-brothels-jailed-157758/
1270929874	20251027	202510	2025	2025.8137	GBR	UNITED KINGDOM	GBR								SIK	SIKH				SIK					0	010	010	01	1	0.0	2	1	2	-4.02843601895734	4	Oldbury, Sandwell, United Kingdom	UK	UKL7	40136	52.5	-2.01667	-2604603	4	Oldbury, Sandwell, United Kingdom	UK	UKL7	40136	52.5	-2.01667	-2604603	4	Oldbury, Sandwell, United Kingdom	UK	UKL7	40136	52.5	-2.01667	-2604603	20251027151500	https://www.birminghammail.co.uk/news/midlands-news/midlands-sikhs-worry-safe-after-32757361
1270929875	20251027	202510	2025	2025.8137	GBR	UNITED KINGDOM	GBR								SIK	SIKH				SIK					1	012	012	01	1	-0.4	8	1	8	-4.02843601895734	4	Midlands, Leicestershire, United Kingdom	UK	UKH5	40119	52.75	-1.5	-2603074	4	Midlands, Leicestershire, United Kingdom	UK	UKH5	40119	52.75	-1.5	-2603074	4	Midlands, Leicestershire, United Kingdom	UK	UKH5	40119	52.75	-1.5	-2603074	20251027151500	https://www.birminghammail.co.uk/news/midlands-news/midlands-sikhs-worry-safe-after-32757361
1270929876	20251027	202510	2025	2025.8137	GBR	UNITED KINGDOM	GBR								SIK	SIKH				SIK					1	012	012	01	1	-0.4	8	1	8	-4.02843601895734	4	Perry Barr, Birmingham, United Kingdom	UK	UKA7	40136	52.5	-1.9	-2605278	4	Perry Barr, Birmingham, United Kingdom	UK	UKA7	40136	52.5	-1.9	-2605278	4	Perry Barr, Birmingham, United Kingdom	UK	UKA7	40136	52.5	-1.9	-2605278	20251027151500	https://www.birminghammail.co.uk/news/midlands-news/midlands-sikhs-worry-safe-after-32757361
1270929877	20251027	202510	2025	2025.8137	GBR	UNITED KINGDOM	GBR								USA	THE US	USA								0	020	020	02	1	3.0	3	1	3	-0.88967971530249	4	Dunoon, Argyll and Bute, United Kingdom	UK	UKT8	40176	55.95	-4.95	-2594930	4	Dunoon, Argyll and Bute, United Kingdom	UK	UKT8	40176	55.95	-4.95	-2594930	4	Dunoon, Argyll and Bute, United Kingdom	UK	UKT8	40176	55.95	-4.95	-2594930	20251027151500	https://www.mirror.co.uk/news/uk-news/body-found-search-dad-who-36140237
1270929878	20251027	202510	2025	2025.8137	GBR	UNITED KINGDOM	GBR								USA	THE US	USA								0	020	020	02	1	3.0	1	1	1	-0.88967971530249	4	Dunoon, Argyll and Bute, United Kingdom	UK	UKT8	40176	55.95	-4.95	-2594930	4	Helensburgh, Argyll and Bute, United Kingdom	UK	UKT8	40176	56.0167	-4.73333	-2598444	4	Dunoon, Argyll and Bute, United Kingdom	UK	UKT8	40176	55.95	-4.95	-2594930	20251027151500	https://www.mirror.co.uk/news/uk-news/body-found-search-dad-who-36140237
1270929879	20251027	202510	2025	2025.8137	GBR	UNITED KINGDOM	GBR								USA	THE US	USA								0	042	042	04	1	1.9	3	1	3	-0.88967971530249	4	Dunoon, Argyll and Bute, United Kingdom	UK	UKT8	40176	55.95	-4.95	-2594930	4	Dunoon, Argyll and Bute, United Kingdom	UK	UKT8	40176	55.95	-4.95	-2594930	4	Dunoon, Argyll and Bute, United Kingdom	UK	UKT8	40176	55.95	-4.95	-2594930	20251027151500	https://www.mirror.co.uk/news/uk-news/body-found-search-dad-who-36140237
1270929880	20251027	202510	2025	2025.8137	GBR	UNITED KINGDOM	GBR								USA	THE US	USA								0	042	042	04	1	1.9	1	1	1	-0.88967971530249	4	Dunoon, Argyll and Bute, United Kingdom	UK	UKT8	40176	55.95	-4.95	-2594930	4	Helensburgh, Argyll and Bute, United Kingdom	UK	UKT8	40176	56.0167	-4.73333	-2598444	4	Dunoon, Argyll and Bute, United Kingdom	UK	UKT8	40176	55.95	-4.95	-2594930	20251027151500	https://www.mirror.co.uk/news/uk-news/body-found-search-dad-who-36140237
1270929881	20251027	202510	2025	2025.8137	GBR	BRITISH	GBR								USA	UNITED STATES	USA								1	043	043	04	1	2.8	4	2	4	-5.21446962623433	1	United Kingdom	UK	UK		54	-4	UK	2	Tennessee, United States	US	USTN		35.7449	-86.7489	TN	1	United Kingdom	UK	UK		54	-4	UK	20251027151500	https://www.news8000.com/lifestyle/7-of-the-world-s-freakiest-places/article_2072bdb5-b74a-5975-8ca6-46d86950bba8.html
1270929882	20251027	202510	2025	2025.8137	GBRAGR	UNITED KINGDOM	GBR					AGR			GOV	CHIEF EXECUTIVE						GOV			1	111	111	11	3	-2.0	1	1	1	-1.31868131868132	5	West Lothian, West Lothian, United Kingdom	UK	UKW9	40176	55.8891	-3.56942	-2611315	5	West Lothian, West Lothian, United Kingdom	UK	UKW9	40176	55.8891	-3.56942	-2611315	5	West Lothian, West Lothian, United Kingdom	UK	UKW9	40176	55.8891	-3.56942	-2611315	20251027151500	https://www.yahoo.com/news/articles/drive-tackle-litter-gateway-scotland-143423469.html
1270929883	20251027	202510	2025	2025.8137	GBRCOP	UNITED KINGDOM	GBR					COP			GBR	UNITED KINGDOM	GBR								0	173	173	17	4	-5.0	3	1	3	-4.02843601895734	4	Midlands, Leicestershire, United Kingdom	UK	UKH5	40119	52.75	-1.5	-2603074	4	Walsall, Walsall, United Kingdom	UK	UKO8	40136	52.6	-2	-2610816	4	Midlands, Leicestershire, United Kingdom	UK	UKH5	40119	52.75	-1.5	-2603074	20251027151500	https://www.birminghammail.co.uk/news/midlands-news/midlands-sikhs-worry-safe-after-32757361
1270929884	20251027	202510	2025	2025.8137	GBRCOP	UNITED KINGDOM	GBR					COP			GBR	UNITED KINGDOM	GBR								0	173	173	17	4	-5.0	3	1	3	-4.02843601895734	4	Midlands, Leicestershire, United Kingdom	UK	UKH5	40119	52.75	-1.5	-2603074	4	Walsall, Walsall, United Kingdom	UK	UKO8	40136	52.6	-2	-2610816	4	Walsall, Walsall, United Kingdom	UK	UKO8	40136	52.6	-2	-2610816	20251027151500	https://www.birminghammail.co.uk/news/midlands-news/midlands-sikhs-worry-safe-after-32757361
1270929885	20251027	202510	2025	2025.8137	GBRCOP	SCOTLAND	GBR					COP			SPY	INTELLIGENCE						SPY			1	090	090	09	2	-2.0	4	1	4	-5.09554140127388	5	West Lothian, West Lothian, United Kingdom	UK	UKW9	40176	55.8891	-3.56942	-2611315	5	West Lothian, West Lothian, United Kingdom	UK	UKW9	40176	55.8891	-3.56942	-2611315	4	Edinburgh, Edinburgh, City of, United Kingdom	UK	UKU8	40173	55.95	-3.2	-2595386	20251027151500	https://www.thenational.scot/news/25574309.2-charged-police-seize-200k-fireworks-west-lothian/
1270929886	20251027	202510	2025	2025.8137	GBRCOP	UNITED KINGDOM	GBR					COP			SPY	INTELLIGENCE						SPY			1	090	090	09	2	-2.0	2	1	2	-5.09554140127388	5	West Lothian, West Lothian, United Kingdom	UK	UKW9	40176	55.8891	-3.56942	-2611315	5	West Lothian, West Lothian, United Kingdom	UK	UKW9	40176	55.8891	-3.56942	-2611315	5	West Lothian, West Lothian, United Kingdom	UK	UKW9	40176	55.8891	-3.56942	-2611315	20251027151500	https://www.thenational.scot/news/25574309.2-charged-police-seize-200k-fireworks-west-lothian/
1270929887	20251027	202510	2025	2025.8137	GBREDU	UNITED KINGDOM	GBR					EDU			GBR	SCOTLAND	GBR								0	013	013	01	1	0.4	1	1	1	-4.48877805486284	1	United Kingdom	UK	UK		54	-4	UK	1	United Kingdom	UK	UK		54	-4	UK	1	United Kingdom	UK	UK		54	-4	UK	20251027151500	https://www.thenational.scot/news/25574387.survey-changing-council-tax-scotland-launched---say/
1270929888	20251027	202510	2025	2025.8137	GBREDU	UNITED KINGDOM	GBR					EDU			GBR	SCOTLAND	GBR								0	020	020	02	1	3.0	2	1	2	-4.48877805486284	1	United Kingdom	UK	UK		54	-4	UK	1	United Kingdom	UK	UK		54	-4	UK	1	United Kingdom	UK	UK		54	-4	UK	20251027151500	https://www.thenational.scot/news/25574387.survey-changing-council-tax-scotland-launched---say/
1270929889	20251027	202510	2025	2025.8137	GBREDU	LEEDS	GBR					EDU			GBRGOV	UNITED KINGDOM	GBR					GOV			0	070	070	07	2	7.0	3	1	3	-0.53590568060022	4	Rothamsted, Hertfordshire, United Kingdom	UK	UKF8	40114	51.8	-0.366667	-2606541	4	Rothamsted, Hertfordshire, United Kingdom	UK	UKF8	40114	51.8	-0.366667	-2606541	4	Rothamsted, Hertfordshire, United Kingdom	UK	UKF8	40114	51.8	-0.366667	-2606541	20251027151500	https://phys.org/news/2025-10-weather-radar-reveal-alarming-declines.html
1270929890	20251027	202510	2025	2025.8137	GBRELI	UNITED KINGDOM	GBR					ELI			AUS	MURRAY	AUS								1	120	120	12	3	-4.0	6	1	6	-0.819672131147541	4	Glasgow, Glasgow City, United Kingdom	UK	UKV2	40176	55.8333	-4.25	-2597039	4	Glasgow, Glasgow City, United Kingdom	UK	UKV2	40176	55.8333	-4.25	-2597039	4	Glasgow, Glasgow City, United Kingdom	UK	UKV2	40176	55.8333	-4.25	-2597039	20251027151500	https://www.thenational.scot/news/25574476.former-uk-ambassador-craig-murray-defects-party/
1270929891	20251027	202510	2025	2025.8137	GBRELI	UNITED KINGDOM	GBR					ELI			GBR	UNITED KINGDOM	GBR								1	120	120	12	3	-4.0	2	1	2	-0.819672131147541	4	Glasgow, Glasgow City, United Kingdom	UK	UKV2	40176	55.8333	-4.25	-2597039	4	Glasgow, Glasgow City, United Kingdom	UK	UKV2	40176	55.8333	-4.25	-2597039	4	Glasgow, Glasgow City, United Kingdom	UK	UKV2	40176	55.8333	-4.25	-2597039	20251027151500	https://www.thenational.scot/news/25574476.former-uk-ambassador-craig-murray-defects-party/
1270929892	20251027	202510	2025	2025.8137	GBRELI	UNITED KINGDOM	GBR					ELI			GBRGOV	UNITED KINGDOM	GBR					GOV			1	120	120	12	3	-4.0	2	1	2	-0.819672131147541	4	Glasgow, Glasgow City, United Kingdom	UK	UKV2	40176	55.8333	-4.25	-2597039	4	Glasgow, Glasgow City, United Kingdom	UK	UKV2	40176	55.8333	-4.25	-2597039	4	Glasgow, Glasgow City, United Kingdom	UK	UKV2	40176	55.8333	-4.25	-2597039	20251027151500	https://www.thenational.scot/news/25574476.former-uk-ambassador-craig-murray-defects-party/
1270929893	20251027	202510	2025	2025.8137	GBRELI	BRITISH	GBR					ELI			OPP	ACTIVIST						OPP			1	120	120	12	3	-4.0	5	1	5	-4.30839002267574	1	United Kingdom	UK	UK		54	-4	UK	1	United Kingdom	UK	UK		54	-4	UK	1	United Kingdom	UK	UK		54	-4	UK	20251027151500	https://www.thenational.scot/news/25574757.wikipedias-jimmy-wales-warns-political-showdown-online-safety-act/
1270929894	20251027	202510	2025	2025.8137	GBRGOV	UNITED KINGDOM	GBR					GOV													1	050	050	05	1	3.5	4	2	4	-0.614589165733483	1	United Kingdom	UK	UK		54	-4	UK	0								1	United Kingdom	UK	UK		54	-4	UK	20251027151500	https://www.bristolpost.co.uk/news/cost-of-living/people-born-one-day-late-10602949
1270929895	20251027	202510	2025	2025.8137	GBRGOV	BRITISH	GBR					GOV													0	1124	112	11	3	-2.0	3	1	3	-8.72395833333333	1	United Kingdom	UK	UK		54	-4	UK	0								1	Pakistan	PK	PK		30	70	PK	20251027151500	https://wcbm.com/national-headline/toxic-empathy-is-killing-the-west-grooming-gang-survivors-quit-uk-inquiry-over-labours-cover-up/
1270929896	20251027	202510	2025	2025.8137	GBRGOV	BRITISH	GBR					GOV			GBR	BRITISH	GBR								0	016	016	01	1	-2.0	3	1	3	-8.72395833333333	1	United Kingdom	UK	UK		54	-4	UK	1	United Kingdom	UK	UK		54	-4	UK	1	United Kingdom	UK	UK		54	-4	UK	20251027151500	https://wcbm.com/national-headline/toxic-empathy-is-killing-the-west-grooming-gang-survivors-quit-uk-inquiry-over-labours-cover-up/
1270929897	20251027	202510	2025	2025.8137	GBRGOV	UNITED KINGDOM	GBR					GOV			GBR	BRITISH	GBR								1	042	042	04	1	1.9	4	2	4	-5.21446962623433	1	Russia	RS	RS		60	100	RS	1	Russia	RS	RS		60	100	RS	1	Russia	RS	RS		60	100	RS	20251027151500	https://www.news8000.com/lifestyle/7-of-the-world-s-freakiest-places/article_2072bdb5-b74a-5975-8ca6-46d86950bba8.html
1270929898	20251027	202510	2025	2025.8137	GBRGOV	UNITED KINGDOM	GBR					GOV			GBR	UNITED KINGDOM	GBR								1	111	111	11	3	-2.0	1	1	1	-1.31868131868132	5	West Lothian, West Lothian, United Kingdom	UK	UKW9	40176	55.8891	-3.56942	-2611315	5	West Lothian, West Lothian, United Kingdom	UK	UKW9	40176	55.8891	-3.56942	-2611315	5	West Lothian, West Lothian, United Kingdom	UK	UKW9	40176	55.8891	-3.56942	-2611315	20251027151500	https://www.yahoo.com/news/articles/drive-tackle-litter-gateway-scotland-143423469.html
1270929899	20251027	202510	2025	2025.8137	GBRGOV	UNITED KINGDOM	GBR					GOV			OPP	ACTIVIST						OPP			1	120	120	12	3	-4.0	2	1	2	-4.30839002267574	1	United Kingdom	UK	UK		54	-4	UK	1	United Kingdom	UK	UK		54	-4	UK	1	United Kingdom	UK	UK		54	-4	UK	20251027151500	https://www.thenational.scot/news/25574757.wikipedias-jimmy-wales-warns-political-showdown-online-safety-act/
1270929900	20251027	202510	2025	2025.8137	GBRGOVEDU	STRATHCLYDE	GBR					GOV	EDU		GBR	SCOTLAND	GBR								0	013	013	01	1	0.4	5	1	5	-4.48877805486284	1	United Kingdom	UK	UK		54	-4	UK	1	United Kingdom	UK	UK		54	-4	UK	1	United Kingdom	UK	UK		54	-4	UK	20251027151500	https://www.thenational.scot/news/25574387.survey-changing-council-tax-scotland-launched---say/
1270929901	20251027	202510	2025	2025.8137	GBRJUD	GLASGOW	GBR					JUD													1	043	043	04	1	2.8	16	2	16	-10.6412005457026	4	Glasgow, Glasgow City, United Kingdom	UK	UKV2	40176	55.8333	-4.25	-2597039	0								4	Glasgow, Glasgow City, United Kingdom	UK	UKV2	40176	55.8333	-4.25	-2597039	20251027151500	https://www.newarkadvertiser.co.uk/national/gang-which-ruthlessly-exploited-vulnerable-women-in-brothels-jailed-157758/
1270929902	20251027	202510	2025	2025.8137	GBRJUD	GLASGOW	GBR					JUD			GBR	UNITED KINGDOM	GBR								1	043	043	04	1	2.8	4	2	4	-10.6412005457026	4	Glasgow, Glasgow City, United Kingdom	UK	UKV2	40176	55.8333	-4.25	-2597039	4	Glasgow, Glasgow City, United Kingdom	UK	UKV2	40176	55.8333	-4.25	-2597039	4	Glasgow, Glasgow City, United Kingdom	UK	UKV2	40176	55.8333	-4.25	-2597039	20251027151500	https://www.newarkadvertiser.co.uk/national/gang-which-ruthlessly-exploited-vulnerable-women-in-brothels-jailed-157758/
1270929903	20251027	202510	2025	2025.8137	GBRMIL	UNITED KINGDOM	GBR					MIL			GOV	PRESIDENT						GOV			1	043	043	04	1	2.8	4	2	4	-5.21446962623433	1	United Kingdom	UK	UK		54	-4	UK	2	Tennessee, United States	US	USTN		35.7449	-86.7489	TN	2	Tennessee, United States	US	USTN		35.7449	-86.7489	TN	20251027151500	https://www.news8000.com/lifestyle/7-of-the-world-s-freakiest-places/article_2072bdb5-b74a-5975-8ca6-46d86950bba8.html
1270929904	20251027	202510	2025	2025.8137	GBRMIL	BRITISH	GBR					MIL			GOV	PRESIDENT						GOV			1	043	043	04	1	2.8	8	2	8	-5.21446962623433	1	United Kingdom	UK	UK		54	-4	UK	2	Tennessee, United States	US	USTN		35.7449	-86.7489	TN	1	United Kingdom	UK	UK		54	-4	UK	20251027151500	https://www.news8000.com/lifestyle/7-of-the-world-s-freakiest-places/article_2072bdb5-b74a-5975-8ca6-46d86950bba8.html
1270929905	20251027	202510	2025	2025.8137	GOV	GOVERNMENT						GOV													1	010	010	01	1	0.0	5	1	5	-5.23076923076924	4	Guna, Madhya Pradesh, India	IN	IN35	17726	24.65	77.3167	-2096828	0								4	Guna, Madhya Pradesh, India	IN	IN35	17726	24.65	77.3167	-2096828	20251027151500	https://www.newkerala.com/news/o/govt-punish-every-criminal-mp-bjp-chief-guna-murder-281
1270929906	20251027	202510	2025	2025.8137	GOV	PRESIDENT						GOV													1	010	010	01	1	0.0	4	1	4	-0.31796502384737	4	Doha, Ad Daw?ah, Qatar	QA	QA01	25307	25.2867	51.5333	-785169	0								4	Doha, Ad Daw?ah, Qatar	QA	QA01	25307	25.2867	51.5333	-785169	20251027151500	https://www.yahoo.com/news/articles/trump-renews-talk-seeking-third-144334957.html
1270929907	20251027	202510	2025	2025.8137	GOV	SECRETARY OF STATE						GOV													1	010	010	01	1	0.0	2	1	2	-1.8796992481203	1	Russia	RS	RS		60	100	RS	0								4	New Delhi, Delhi, India	IN	IN07	17911	28.6	77.2	-2106102	20251027151500	http://www.bignewsnetwork.com/news/278659090/rubio-claims-india-interested-in-diversifying-oil-supply
1270929908	20251027	202510	2025	2025.8137	GOV	MINIST						GOV													0	011	011	01	1	-0.1	6	1	6	-4.58452722063037	1	Canada	CA	CA		60	-96	CA	0								1	Canada	CA	CA		60	-96	CA	20251027151500	https://www.el-balad.com/6746420
1270929909	20251027	202510	2025	2025.8137	GOV	PRESIDENT						GOV													0	015	015	01	1	0.0	10	1	10	-1.21065375302663	4	Montreal, Quebec, Canada	CA	CA10	12713	45.5	-73.5833	-569541	0								4	Montreal, Quebec, Canada	CA	CA10	12713	45.5	-73.5833	-569541	20251027151500	https://www.thedailybeast.com/donald-trump-confesses-that-he-found-elementary-school-level-cognitive-test-very-hard/
1270929910	20251027	202510	2025	2025.8137	GOV	KING						GOV													0	017	017	01	1	0.0	10	1	10	-0.36866359447004	1	Ireland	EI	EI		53	-8	EI	0								1	Ireland	EI	EI		53	-8	EI	20251027151500	https://www.mirror.co.uk/news/politics/king-charles-attends-first-official-36140724
1270929911	20251027	202510	2025	2025.8137	GOV	KING						GOV													0	017	017	01	1	0.0	10	1	10	-1.11111111111111	1	United Kingdom	UK	UK		54	-4	UK	0								1	United Kingdom	UK	UK		54	-4	UK	20251027151500	https://www.aol.co.uk/articles/king-charles-unveils-first-lgbt-144359391.html
1270929912	20251027	202510	2025	2025.8137	GOV	MINIST						GOV													1	020	020	02	1	3.0	2	1	2	0	4	Banaskantha, Gujarat, India	IN	IN09	17637	24.25	72.5	-2090090	0								4	Banaskantha, Gujarat, India	IN	IN09	17637	24.25	72.5	-2090090	20251027151500	https://www.newkerala.com/news/o/gujarat-minister-conducts-surprise-visit-health-department-331
1270929913	20251027	202510	2025	2025.8137	GOV	MINIST						GOV													1	020	020	02	1	3.0	10	1	10	-0.67873303167421	4	Bengaluru, Karnataka, India	IN	IN19	70159	12.9833	77.5833	-2090174	0								4	Bengaluru, Karnataka, India	IN	IN19	70159	12.9833	77.5833	-2090174	20251027151500	https://economictimes.indiatimes.com/industry/renewables/karnataka-flags-safety-issues-with-e-mobility-scheme-calls-for-stringent-contract-terms/articleshow/124851635.cms
1270929914	20251027	202510	2025	2025.8137	GOV	MINIST						GOV													1	020	020	02	1	3.0	8	1	8	0	4	Surat, Gujarat, India	IN	IN09	70127	20.9667	72.9	-2098110	0								4	Surat, Gujarat, India	IN	IN09	70127	20.9667	72.9	-2098110	20251027151500	https://www.newkerala.com/news/o/gujarat-minister-conducts-surprise-visit-health-department-331
1270929915	20251027	202510	2025	2025.8137	GOV	AUTHORITIES						GOV													1	020	020	02	1	3.0	10	1	10	4.27350427350427	4	Aabenraa, Syddanmark, Denmark	DA	DA21	16562	55.0362	9.418	-2738982	0								4	Aabenraa, Syddanmark, Denmark	DA	DA21	16562	55.0362	9.418	-2738982	20251027151500	https://www.thelocal.dk/20251027/danish-banks-announce-three-way-merger
1270929916	20251027	202510	2025	2025.8137	GOV	FOREIGN RELATIONS COMMITTEE						GOV													1	020	020	02	1	3.0	1	1	1	-6.49717514124294	4	Caracas, Distrito Federal, Venezuela	VE	VE25	31959	10.5	-66.9167	-938457	0								4	Caracas, Distrito Federal, Venezuela	VE	VE25	31959	10.5	-66.9167	-938457	20251027151500	http://www.bignewsnetwork.com/news/278659058/maduro-days-are-numbered-senior-us-republican
1270929917	20251027	202510	2025	2025.8137	GOV	GOVERNOR						GOV													0	020	020	02	1	3.0	6	1	6	-1.0371650821089	3	Sacramento, California, United States	US	USCA	CA067	38.5816	-121.494	1659564	0								3	Sacramento, California, United States	US	USCA	CA067	38.5816	-121.494	1659564	20251027151500	https://www.jdsupra.com/legalnews/special-water-supply-edition-california-3712638/
1270929918	20251027	202510	2025	2025.8137	GOV	PRESIDENT						GOV													0	020	020	02	1	3.0	1	1	1	-2.36318407960199	2	New York, United States	US	USNY		42.1497	-74.9384	NY	0								3	White House, District of Columbia, United States	US	USDC		38.8951	-77.0364	531871	20251027151500	https://www.thedailybeast.com/jon-stewart-speaks-out-on-future-as-daily-show-host/
1270929919	20251027	202510	2025	2025.8137	GOV	FOREIGN RELATIONS COMMITTEE						GOV													1	020	020	02	1	3.0	2	1	2	-6.49717514124294	1	Trinidad And Tobago	TD	TD		11	-61	TD	0								4	Caracas, Distrito Federal, Venezuela	VE	VE25	31959	10.5	-66.9167	-938457	20251027151500	http://www.bignewsnetwork.com/news/278659058/maduro-days-are-numbered-senior-us-republican
1270929920	20251027	202510	2025	2025.8137	GOV	PRESIDENT						GOV													1	036	036	03	1	4.0	3	1	3	0	4	Helsinki, Eteläuomen Läi, Finland	FI	FI13	16230	60.1756	24.9342	-1364995	0								4	Helsinki, Eteläuomen Läi, Finland	FI	FI13	16230	60.1756	24.9342	-1364995	20251027151500	https://www.yahoo.com/news/articles/us-coast-guard-closes-deal-143500011.html
1270929921	20251027	202510	2025	2025.8137	GOV	PRINCE						GOV													0	042	042	04	1	1.9	10	1	10	-0.55020632737276	5	Gloucestershire, Gloucestershire, United Kingdom	UK	UKE6	40113	51.8333	-2.16667	-2597217	0								5	Gloucestershire, Gloucestershire, United Kingdom	UK	UKE6	40113	51.8333	-2.16667	-2597217	20251027151500	https://www.mirror.co.uk/news/royals/prince-andrew-scandal-shows-its-36139587
1270929922	20251027	202510	2025	2025.8137	GOV	PRESIDENT						GOV													1	042	042	04	1	1.9	4	1	4	4.92957746478873	3	Uvalde, Texas, United States	US	USTX	TX463	29.2097	-99.7862	1370541	0								3	Uvalde, Texas, United States	US	USTX	TX463	29.2097	-99.7862	1370541	20251027151500	https://news.utexas.edu/2025/10/27/sec-connections-vanderbilt/
1270929923	20251027	202510	2025	2025.8137	GOV	PRESIDENT						GOV													1	042	042	04	1	1.9	1	1	1	4.92957746478873	3	Uvalde, Texas, United States	US	USTX	TX463	29.2097	-99.7862	1370541	0								3	John Nance Garner House, Texas, United States	US	USTX		29.2125	-99.7926	2030867	20251027151500	https://news.utexas.edu/2025/10/27/sec-connections-vanderbilt/
1270929924	20251027	202510	2025	2025.8137	GOV	MAYOR						GOV													1	042	042	04	1	1.9	6	1	6	4.79616306954437	3	Miami, Florida, United States	US	USFL	FL086	25.7743	-80.1937	295004	0								3	Miami, Florida, United States	US	USFL	FL086	25.7743	-80.1937	295004	20251027151500	https://www.miaminewtimes.com/arts-culture/tinashe-in-wynwood-marshmello-at-liv-40497732/
1270929925	20251027	202510	2025	2025.8137	GOV	KING						GOV													1	042	042	04	1	1.9	22	1	10	-0.36866359447004	1	Ireland	EI	EI		53	-8	EI	0								1	Ireland	EI	EI		53	-8	EI	20251027151500	https://www.mirror.co.uk/news/politics/king-charles-attends-first-official-36140724
1270929926	20251027	202510	2025	2025.8137	GOV	MAYOR						GOV													0	043	043	04	1	2.8	10	1	10	4.93975903614458	4	Dubai, Dubayy, United Arab Emirates	AE	AE03	28575	25.2522	55.28	-782831	0								4	Dubai, Dubayy, United Arab Emirates	AE	AE03	28575	25.2522	55.28	-782831	20251027151500	http://www.bignewsnetwork.com/news/278659095/hamdan-bin-mohammed-attends-opening-of-asia-pacific-cities-summit-and-mayors-forum-at-expo-city-dubai
1270929927	20251027	202510	2025	2025.8137	GOV	MAYOR						GOV													1	043	043	04	1	2.8	3	1	3	4.79616306954437	3	Miami, Florida, United States	US	USFL	FL086	25.7743	-80.1937	295004	0								3	Miami, Florida, United States	US	USFL	FL086	25.7743	-80.1937	295004	20251027151500	https://www.miaminewtimes.com/arts-culture/tinashe-in-wynwood-marshmello-at-liv-40497732/
1270929928	20251027	202510	2025	2025.8137	GOV	ADMINISTRATION						GOV													0	050	050	05	1	3.5	2	1	2	0.23809523809523	3	Washington, District of Columbia, United States	US	USDC	DC001	38.8951	-77.0364	531871	0								2	Kansas, United States	US	USKS		38.5111	-96.8005	KS	20251027151500	https://www.aol.co.uk/articles/republican-indiana-governor-calls-special-144430456.html
1270929929	20251027	202510	2025	2025.8137	GOV	ADMINISTRATION						GOV													0	050	050	05	1	3.5	10	2	10	0.095238095238092	2	Kansas, United States	US	USKS		38.5111	-96.8005	KS	0								2	Kansas, United States	US	USKS		38.5111	-96.8005	KS	20251027151500	https://www.aol.co.uk/articles/republican-indiana-governor-calls-special-144430456.html
1270929930	20251027	202510	2025	2025.8137	GOV	PRESIDENT						GOV													1	051	051	05	1	3.4	4	1	4	3.65482233502538	1	Taiwan	TW	TW		24	121	TW	0								1	Taiwan	TW	TW		24	121	TW	20251027151500	https://www.jdsupra.com/legalnews/nvidia-ceo-hails-ai-as-america-s-next-1027656/
1270929931	20251027	202510	2025	2025.8137	GOV	PRESIDENT						GOV													1	051	051	05	1	3.4	2	1	2	3.65482233502538	2	Texas, United States	US	USTX		31.106	-97.6475	TX	0								1	Taiwan	TW	TW		24	121	TW	20251027151500	https://www.jdsupra.com/legalnews/nvidia-ceo-hails-ai-as-america-s-next-1027656/
1270929932	20251027	202510	2025	2025.8137	GOV	PRINCE						GOV													1	080	080	08	2	5.0	10	1	10	0.51724137931035	4	Adelaide, South Australia, Australia	AS	AS05	5256	-34.9333	138.6	-1555188	0								4	Adelaide, South Australia, Australia	AS	AS05	5256	-34.9333	138.6	-1555188	20251027151500	https://www.mirror.co.uk/news/royals/king-charles-doesnt-like-loose-36140159
1270929933	20251027	202510	2025	2025.8137	GOV	PRINCE						GOV													1	080	080	08	2	5.0	2	1	2	-0.56603773584906	4	Carbisdale Castle, Highland, United Kingdom	UK	UKV3	40172	57.9167	-4.4	-2591767	0								4	Carbisdale Castle, Highland, United Kingdom	UK	UKV3	40172	57.9167	-4.4	-2591767	20251027151500	https://www.thenational.scot/news/25573740.scottish-castle-owner-backs-prince-andrew-offer-amid-fury/
1270929934	20251027	202510	2025	2025.8137	GOV	PRESIDENT						GOV													1	0831	083	08	2	5.0	20	1	10	4.82758620689655	4	Ahmedabad, Gujarat, India	IN	IN09	17644	23.0333	72.6167	-2088270	0								4	Ahmedabad, Gujarat, India	IN	IN09	17644	23.0333	72.6167	-2088270	20251027151500	https://www.adgully.com/post/8310/roy-paul-steps-down-as-associate-vice-president-at-adani-group
1270929935	20251027	202510	2025	2025.8137	GOV	PRINCE						GOV													1	0874	087	08	2	10.0	4	1	4	6.00961538461539	4	Carnoustie, Angus, United Kingdom	UK	UKT7	40177	56.5	-2.71667	-2591896	0								4	Carnoustie, Angus, United Kingdom	UK	UKT7	40177	56.5	-2.71667	-2591896	20251027151500	https://www.thenational.scot/news/25574807.scottish-composers-documentary-soundtrack-lauded-award-win/
1270929936	20251027	202510	2025	2025.8137	GOV	PRINCE						GOV													1	0874	087	08	2	10.0	6	1	6	-4.71976401179941	4	Croydon, Croydon, United Kingdom	UK	UKC8	40133	51.3833	-0.1	-2593790	0								4	Croydon, Croydon, United Kingdom	UK	UKC8	40133	51.3833	-0.1	-2593790	20251027151500	https://www.thenational.scot/news/25574767.nigel-farage-urged-remove-whip-reform-mp-racist-comments/
1270929937	20251027	202510	2025	2025.8137	GOV	PRINCE						GOV													1	0874	087	08	2	10.0	6	1	6	6.00961538461539	4	Glasgow, Glasgow City, United Kingdom	UK	UKV2	40176	55.8333	-4.25	-2597039	0								4	Glasgow, Glasgow City, United Kingdom	UK	UKV2	40176	55.8333	-4.25	-2597039	20251027151500	https://www.thenational.scot/news/25574807.scottish-composers-documentary-soundtrack-lauded-award-win/
1270929938	20251027	202510	2025	2025.8137	GOV	PRINCE						GOV													1	0874	087	08	2	10.0	4	1	4	-4.71976401179941	4	Runcorn, Halton, United Kingdom	UK	UKE9	40179	53.3333	-2.75	-2606684	0								4	Runcorn, Halton, United Kingdom	UK	UKE9	40179	53.3333	-2.75	-2606684	20251027151500	https://www.thenational.scot/news/25574767.nigel-farage-urged-remove-whip-reform-mp-racist-comments/
1270929939	20251027	202510	2025	2025.8137	GOV	GOVERNMENT						GOV													0	110	110	11	3	-2.0	4	1	4	-2.53431890179514	4	Burevestnik, Nizhegorodskaya Oblast', Russia	RS	RS51	25080	55.4144	43.9536	9259711	0								4	Burevestnik, Nizhegorodskaya Oblast', Russia	RS	RS51	25080	55.4144	43.9536	9259711	20251027151500	https://www.nbcnews.com/world/russia/russia-burevestnik-missile-trump-putin-test-inappropriate-ukraine-rcna239984
1270929940	20251027	202510	2025	2025.8137	GOV	PRIME MINISTER						GOV													1	111	111	11	3	-2.0	6	1	6	-0.98684210526316	4	Gyumri, Shirak, Armenia	AM	AM07	4926	40.7942	43.8453	-2324859	0								4	Gyumri, Shirak, Armenia	AM	AM07	4926	40.7942	43.8453	-2324859	20251027151500	https://horizonweekly.ca/en/samvel-karapetyan-blasts-armenian-leadership-over-defrocked-priest-led-service/
1270929941	20251027	202510	2025	2025.8137	GOV	PRESIDENT						GOV													0	111	111	11	3	-2.0	2	1	2	-4.33734939759036	3	Chicago, Illinois, United States	US	USIL	IL031	41.85	-87.6501	423587	0								3	Chicago, Illinois, United States	US	USIL	IL031	41.85	-87.6501	423587	20251027151500	https://www.thedailybeast.com/fox-news-host-joey-jones-tells-president-donald-trump-to-do-better-job-on-political-messaging/
1270929942	20251027	202510	2025	2025.8137	GOV	PRESIDENT						GOV													0	111	111	11	3	-2.0	8	1	8	-4.33734939759036	2	Illinois, United States	US	USIL		40.3363	-89.0022	IL	0								2	Illinois, United States	US	USIL		40.3363	-89.0022	IL	20251027151500	https://www.thedailybeast.com/fox-news-host-joey-jones-tells-president-donald-trump-to-do-better-job-on-political-messaging/
1270929943	20251027	202510	2025	2025.8137	GOV	GOVERNOR						GOV													0	129	129	12	3	-5.0	6	1	6	-1.0371650821089	3	Santa Clara County, California, United States	US	USCA	CA085	37.2333	-121.768	277307	0								3	Santa Clara County, California, United States	US	USCA		37.2333	-121.768	277307	20251027151500	https://www.jdsupra.com/legalnews/special-water-supply-edition-california-3712638/
1270929944	20251027	202510	2025	2025.8137	GOV	EMBASSY						GOV													1	1383	138	13	3	-7.0	10	1	10	-5.23012552301255	4	London, London, City of, United Kingdom	UK	UKH9	40110	51.5	-0.116667	-2601889	0								4	London, London, City of, United Kingdom	UK	UKH9	40110	51.5	-0.116667	-2601889	20251027151500	https://www.yahoo.com/news/articles/embassy-bomb-threat-graffiti-art-144008201.html
1270929945	20251027	202510	2025	2025.8137	GOV	REGIME						GOV													0	1711	171	17	4	-9.2	10	1	10	-2.67737617135207	1	Venezuela	VE	VE		8	-66	VE	0								1	Venezuela	VE	VE		8	-66	VE	20251027151500	https://fortune.com/2025/10/27/nobel-prize-winner-venezuela-1-7-trillion-privatization-machado-socialism-disaster/
1270929946	20251027	202510	2025	2025.8137	GOV	PRESIDENT						GOV													0	1712	171	17	4	-9.2	1	1	1	-2.36318407960199	2	New York, United States	US	USNY		42.1497	-74.9384	NY	0								3	White House, District of Columbia, United States	US	USDC		38.8951	-77.0364	531871	20251027151500	https://www.thedailybeast.com/jon-stewart-speaks-out-on-future-as-daily-show-host/
1270929947	20251027	202510	2025	2025.8137	GOV	PRESIDENT						GOV													0	1712	171	17	4	-9.2	1	1	1	-2.36318407960199	2	New York, United States	US	USNY		42.1497	-74.9384	NY	0								2	New York, United States	US	USNY		42.1497	-74.9384	NY	20251027151500	https://www.thedailybeast.com/jon-stewart-speaks-out-on-future-as-daily-show-host/
1270929948	20251027	202510	2025	2025.8137	GOV	PRESIDENT						GOV			AFR	AFRICA	AFR								1	040	040	04	1	1.0	4	1	4	0	4	Nairobi, Nairobi Area, Kenya	KE	KE05	18585	-1.28333	36.8167	-2258072	4	Johannesburg, Gauteng, South Africa	SF	SF06	77364	-26.2	28.0833	-1240261	4	Johannesburg, Gauteng, South Africa	SF	SF06	77364	-26.2	28.0833	-1240261	20251027151500	https://www.straitstimes.com/asia/US-Vice-President-Vance-plans-Kenya-visit-source-says
1270929949	20251027	202510	2025	2025.8137	GOV	PRESIDENT						GOV			AFR	AFRICA	AFR								1	040	040	04	1	1.0	8	1	8	2.06896551724138	1	Kenya	KE	KE		1	38	KE	4	Johannesburg, Gauteng, South Africa	SF	SF06	77364	-26.2	28.0833	-1240261	1	Kenya	KE	KE		1	38	KE	20251027151500	https://www.devdiscourse.com/article/law-order/3674767-jd-vances-strategic-visit-strengthening-us-kenya-ties-amid-china-concerns
1270929950	20251027	202510	2025	2025.8137	GOV	AMBASSADOR						GOV			ARE	ABU DHABI	ARE								1	042	042	04	1	1.9	6	2	6	9.61538461538462	1	Israel	IS	IS		31.5	34.75	IS	1	Israel	IS	IS		31.5	34.75	IS	1	Israel	IS	IS		31.5	34.75	IS	20251027151500	http://www.bignewsnetwork.com/news/278659094/mofa-receives-credentials-copy-from-new-ambassador-of-state-of-palestine
1270929951	20251027	202510	2025	2025.8137	GOV	EXTERNAL AFFAIRS MINIST						GOV			AUS	AUSTRALIAN	AUS								1	046	046	04	1	7.0	4	1	4	1.44927536231884	1	Japan	JA	JA		36	138	JA	1	Japan	JA	JA		36	138	JA	1	Japan	JA	JA		36	138	JA	20251027151500	https://www.newkerala.com/news/o/eam-jaishankar-meets-australian-pm-albanese-kuala-lumpur-140
1270929952	20251027	202510	2025	2025.8137	GOV	EXTERNAL AFFAIRS MINIST						GOV			AUSGOV	AUSTRALIAN	AUS					GOV			1	046	046	04	1	7.0	6	1	6	1.44927536231884	1	Japan	JA	JA		36	138	JA	1	Japan	JA	JA		36	138	JA	1	Japan	JA	JA		36	138	JA	20251027151500	https://www.newkerala.com/news/o/eam-jaishankar-meets-australian-pm-albanese-kuala-lumpur-140
1270929953	20251027	202510	2025	2025.8137	GOV	CHIEF EXECUTIVE						GOV			BEN	BENIN	BEN								1	051	051	05	1	3.4	2	1	2	3.10421286031042	1	Nigeria	NI	NI		10	8	NI	1	Nigeria	NI	NI		10	8	NI	1	Nigeria	NI	NI		10	8	NI	20251027151500	https://nigerianobservernews.com/2025/10/gods-grace-orphanage-celebrates-3-years-of-impact-humanitarian-excellence/
1270929954	20251027	202510	2025	2025.8137	GOV	MINIST FOR PETROLEUM						GOV			BGD	BANGLADESH	BGD								1	042	042	04	1	1.9	3	1	3	3	4	Islamabad, Islamabad, Pakistan	PK	PK08	23674	33.7	73.1667	-2762812	4	Islamabad, Islamabad, Pakistan	PK	PK08	23674	33.7	73.1667	-2762812	4	Islamabad, Islamabad, Pakistan	PK	PK08	23674	33.7	73.1667	-2762812	20251027151500	https://www.bssnews.net/business/325577
1270929955	20251027	202510	2025	2025.8137	GOV	GOVERNMENT						GOV			BGD	BANGLADESH	BGD								1	057	057	05	1	8.0	1	1	1	3	4	Islamabad, Islamabad, Pakistan	PK	PK08	23674	33.7	73.1667	-2762812	4	Dhaka, Dhaka, Bangladesh	BG	BG81	5778	23.7231	90.4086	-2737683	4	Dhaka, Dhaka, Bangladesh	BG	BG81	5778	23.7231	90.4086	-2737683	20251027151500	https://www.bssnews.net/business/325577
1270929956	20251027	202510	2025	2025.8137	GOV	REGIME						GOV			BGD	BANGLADESH	BGD								0	138	138	13	3	-7.0	3	1	3	-3.78031383737517	4	Pahalgam, Jammu and Kashmir, India	IN	IN12	72789	34.0333	75.3333	-2106704	4	Dhaka, Dhaka, Bangladesh	BG	BG81	5778	23.7231	90.4086	-2737683	4	Pahalgam, Jammu and Kashmir, India	IN	IN12	72789	34.0333	75.3333	-2106704	20251027151500	https://economictimes.indiatimes.com/news/defence/is-muhammad-yunus-of-bangladesh-needling-india-again/articleshow/124851969.cms
1270929957	20251027	202510	2025	2025.8137	GOV	MINIST FOR PETROLEUM						GOV			BGDGOVBUS	SALEHUDDIN AHMED	BGD					GOV	BUS		1	042	042	04	1	1.9	3	1	3	3	4	Islamabad, Islamabad, Pakistan	PK	PK08	23674	33.7	73.1667	-2762812	4	Islamabad, Islamabad, Pakistan	PK	PK08	23674	33.7	73.1667	-2762812	4	Islamabad, Islamabad, Pakistan	PK	PK08	23674	33.7	73.1667	-2762812	20251027151500	https://www.bssnews.net/business/325577
1270929958	20251027	202510	2025	2025.8137	GOV	GOVERNANCE						GOV			BUS	BUSINESS						BUS			1	043	043	04	1	2.8	5	1	5	5.46218487394958	4	Brisbane, Queensland, Australia	AS	AS04	154654	-27.5	153.017	-1561728	4	Brisbane, Queensland, Australia	AS	AS04	154654	-27.5	153.017	-1561728	4	Brisbane, Queensland, Australia	AS	AS04	154654	-27.5	153.017	-1561728	20251027151500	http://www.bignewsnetwork.com/news/278659096/hamdan-bin-mohammed-witnesses-signing-of-mous-during-asia-pacific-cities-summit
1270929959	20251027	202510	2025	2025.8137	GOV	MINIST						GOV			CAN	CANADA	CAN								0	011	011	01	1	-0.1	2	1	2	-4.58452722063037	1	Canada	CA	CA		60	-96	CA	1	Canada	CA	CA		60	-96	CA	1	Canada	CA	CA		60	-96	CA	20251027151500	https://www.el-balad.com/6746420
1270929960	20251027	202510	2025	2025.8137	GOV	PRESIDENT						GOV			CAN	CANADA	CAN								1	046	046	04	1	7.0	2	1	2	-2.87610619469026	1	Canada	CA	CA		60	-96	CA	1	China	CH	CH		35	105	CH	1	China	CH	CH		35	105	CH	20251027151500	https://www.yahoo.com/news/articles/trump-abandon-canada-trade-talks-145259133.html
1270929961	20251027	202510	2025	2025.8137	GOV	PRESIDENT						GOV			CAN	CANADA	CAN								1	046	046	04	1	7.0	6	1	6	-2.87610619469026	1	China	CH	CH		35	105	CH	1	China	CH	CH		35	105	CH	1	China	CH	CH		35	105	CH	20251027151500	https://www.yahoo.com/news/articles/trump-abandon-canada-trade-talks-145259133.html
1270929962	20251027	202510	2025	2025.8137	GOV	PRESIDENT						GOV			CHN	CHINESE	CHN								0	040	040	04	1	1.0	2	1	2	-3.23834196891191	1	Canada	CA	CA		60	-96	CA	1	China	CH	CH		35	105	CH	1	Canada	CA	CA		60	-96	CA	20251027151500	https://www.thedailybeast.com/donald-trump-threatens-to-ban-rival-political-ads-in-truth-twisting-meltdown/
1270929963	20251027	202510	2025	2025.8137	GOV	GOVERNMENT						GOV			CHN	CHINESE	CHN								1	061	061	06	2	6.4	3	1	3	-5.15463917525774	1	China	CH	CH		35	105	CH	4	Kiamutugu, Central, Kenya	KE	KE01	18585	-0.467171	37.3911	-2250100	1	China	CH	CH		35	105	CH	20251027151500	https://www.standardmedia.co.ke/business/business/article/2001532784/farmers-decry-worst-macadamia-prices-in-years-demand-export-ban-review
1270929964	20251027	202510	2025	2025.8137	GOV	GOVERNMENT						GOV			CHN	CHINESE	CHN								1	061	061	06	2	6.4	7	1	7	-5.15463917525774	1	China	CH	CH		35	105	CH	1	China	CH	CH		35	105	CH	1	China	CH	CH		35	105	CH	20251027151500	https://www.standardmedia.co.ke/business/business/article/2001532784/farmers-decry-worst-macadamia-prices-in-years-demand-export-ban-review
1270929965	20251027	202510	2025	2025.8137	GOV	PRESIDENT						GOV			CHNGOV	CHINESE	CHN					GOV			0	040	040	04	1	1.0	6	1	6	-3.23834196891191	4	Osaka, Osaka, Japan	JA	JA32	35840	34.6667	135.5	-240905	1	China	CH	CH		35	105	CH	1	China	CH	CH		35	105	CH	20251027151500	https://www.thedailybeast.com/donald-trump-threatens-to-ban-rival-political-ads-in-truth-twisting-meltdown/
1270929966	20251027	202510	2025	2025.8137	GOV	PRESIDENT						GOV			COP	DEPUTY						COP			1	010	010	01	1	0.0	5	1	5	1.05263157894737	4	Moscow, Moskva, Russia	RS	RS48	25106	55.7522	37.6156	-2960561	4	Moscow, Moskva, Russia	RS	RS48	25106	55.7522	37.6156	-2960561	4	Moscow, Moskva, Russia	RS	RS48	25106	55.7522	37.6156	-2960561	20251027151500	https://tass.com/defense/2035595
1270929967	20251027	202510	2025	2025.8137	GOV	MINIST						GOV			COP	DEPUTY						COP			1	020	020	02	1	3.0	10	1	10	4.34258142340169	4	Inverness, Highland, United Kingdom	UK	UKV3	40172	57.4667	-4.23333	-2599537	4	Inverness, Highland, United Kingdom	UK	UKV3	40172	57.4667	-4.23333	-2599537	4	Inverness, Highland, United Kingdom	UK	UKV3	40172	57.4667	-4.23333	-2599537	20251027151500	https://www.thenational.scot/news/25575085.plan-launched-maximise-100-billion-invested-highlands/
1270929968	20251027	202510	2025	2025.8137	GOV	AUTHORITIES						GOV			COP	POLICE OFFICER						COP			1	173	173	17	4	-5.0	2	1	2	-11.1650485436893	1	Sweden	SW	SW		62	15	SW	1	Sweden	SW	SW		62	15	SW	1	Sweden	SW	SW		62	15	SW	20251027151500	https://icenews.is/2012/10/31/drunk-swede-accused-of-running-over-police-officer-on-segway/
1270929969	20251027	202510	2025	2025.8137	GOV	PRIME MINISTER						GOV			CRM	GANG						CRM			1	080	080	08	2	5.0	10	1	10	-3.86965376782077	4	London, London, City of, United Kingdom	UK	UKH9	40110	51.5	-0.116667	-2601889	4	London, London, City of, United Kingdom	UK	UKH9	40110	51.5	-0.116667	-2601889	4	London, London, City of, United Kingdom	UK	UKH9	40110	51.5	-0.116667	-2601889	20251027151500	https://www.dailymail.co.uk/news/article-15231391/Nigel-Farage-appears-alongside-grooming-gang-victim-declare-Labours-sex-abuse-inquiry-dead-water-calls-MPs-set-commission.html
1270929970	20251027	202510	2025	2025.8137	GOV	CHIEF EXECUTIVE						GOV			CVL	COMMUNITY						CVL			1	051	051	05	1	3.4	8	1	8	6.34920634920635	4	Asutifi, Ghana (general), Ghana	GH	GH00	16853	7.20973	-2.80825	-2067705	4	Asutifi, Ghana (general), Ghana	GH	GH00	16853	7.20973	-2.80825	-2067705	4	Asutifi, Ghana (general), Ghana	GH	GH00	16853	7.20973	-2.80825	-2067705	20251027151500	https://www.myjoyonline.com/actionaid-ghana-cmce-invest-gh%e2%82%b550000-to-transform-womens-livelihoods-in-asutifi-districts/
1270929971	20251027	202510	2025	2025.8137	GOV	PRESIDENT						GOV			CVL	ENGINEER						CVL			1	060	060	06	2	6.0	12	2	12	0	4	Alexandria, Al Iskandariyah, Egypt	EG	EG06	61590	31.1981	29.9192	-290263	4	Alexandria, Al Iskandariyah, Egypt	EG	EG06	61590	31.1981	29.9192	-290263	4	Alexandria, Al Iskandariyah, Egypt	EG	EG06	61590	31.1981	29.9192	-290263	20251027151500	https://foxsanantonio.com/question-of-the-day/vote-do-you-want-president-trump-to-run-for-a-third-term-presidential-run-2028-white-house-steve-bannon-jd-vance-vice-president-republican
1270929972	20251027	202510	2025	2025.8137	GOV	STATE MINIST						GOV			DEU	GERMANY	DEU								1	040	040	04	1	1.0	4	1	4	3.09423347398031	4	Munich, Bayern, Germany	GM	GM02	16532	48.15	11.5833	-1829149	4	Munich, Bayern, Germany	GM	GM02	16532	48.15	11.5833	-1829149	4	Munich, Bayern, Germany	GM	GM02	16532	48.15	11.5833	-1829149	20251027151500	https://3dprint.com/321595/bayern-innovativs-next-generation-manufacturing-2025-conference/
1270929973	20251027	202510	2025	2025.8137	GOV	PRESIDENT						GOV			EDU	ECONOMIST						EDU			0	013	013	01	1	0.4	6	1	6	1.60550458715596	3	White House, District of Columbia, United States	US	USDC		38.8951	-77.0364	531871	3	White House, District of Columbia, United States	US	USDC		38.8951	-77.0364	531871	3	White House, District of Columbia, United States	US	USDC		38.8951	-77.0364	531871	20251027151500	https://www.thedailybeast.com/donald-trump-brags-hed-love-to-do-a-third-term-as-president-of-the-united-states/
1270929974	20251027	202510	2025	2025.8137	GOV	PRESIDENT						GOV			EDU	STUDENT						EDU			1	090	090	09	2	-2.0	1	1	1	8.71886120996441	4	Phnom Penh, (CB11), Cambodia	CB	CB11	12390	11.55	104.917	-1033783	4	Phnom Penh, (CB11), Cambodia	CB	CB11	12390	11.55	104.917	-1033783	4	Phnom Penh, (CB11), Cambodia	CB	CB11	12390	11.55	104.917	-1033783	20251027151500	https://www.akp.gov.kh/post/detail/351844
1270929975	20251027	202510	2025	2025.8137	GOV	PRESIDENT						GOV			EDU	STUDENT						EDU			1	090	090	09	2	-2.0	4	1	4	8.71886120996441	4	Phnom Penh, (CB11), Cambodia	CB	CB11	12390	11.55	104.917	-1033783	1	Hungary	HU	HU		47	20	HU	1	Hungary	HU	HU		47	20	HU	20251027151500	https://www.akp.gov.kh/post/detail/351844
1270929976	20251027	202510	2025	2025.8137	GOV	PRESIDENT						GOV			EDU	STUDENT						EDU			1	172	172	17	4	-5.0	1	1	1	8.71886120996441	4	Phnom Penh, (CB11), Cambodia	CB	CB11	12390	11.55	104.917	-1033783	4	Phnom Penh, (CB11), Cambodia	CB	CB11	12390	11.55	104.917	-1033783	4	Phnom Penh, (CB11), Cambodia	CB	CB11	12390	11.55	104.917	-1033783	20251027151500	https://www.akp.gov.kh/post/detail/351844
1270929977	20251027	202510	2025	2025.8137	GOV	PRESIDENT						GOV			EDU	STUDENT						EDU			1	172	172	17	4	-5.0	4	1	4	8.71886120996441	4	Phnom Penh, (CB11), Cambodia	CB	CB11	12390	11.55	104.917	-1033783	1	Hungary	HU	HU		47	20	HU	1	Hungary	HU	HU		47	20	HU	20251027151500	https://www.akp.gov.kh/post/detail/351844
1270929978	20251027	202510	2025	2025.8137	GOV	PRESIDENT						GOV			EGY	ALEXANDRIA	EGY								0	020	020	02	1	3.0	6	1	6	-1.21065375302663	4	Alexandria, Al Iskandariyah, Egypt	EG	EG06	61590	31.1981	29.9192	-290263	4	Alexandria, Al Iskandariyah, Egypt	EG	EG06	61590	31.1981	29.9192	-290263	4	Alexandria, Al Iskandariyah, Egypt	EG	EG06	61590	31.1981	29.9192	-290263	20251027151500	https://www.thedailybeast.com/donald-trump-confesses-that-he-found-elementary-school-level-cognitive-test-very-hard/
1270929979	20251027	202510	2025	2025.8137	GOV	PRESIDENT						GOV			EGY	ALEXANDRIA	EGY								0	020	020	02	1	3.0	2	1	2	-1.21065375302663	2	Texas, United States	US	USTX		31.106	-97.6475	TX	4	Alexandria, Al Iskandariyah, Egypt	EG	EG06	61590	31.1981	29.9192	-290263	4	Alexandria, Al Iskandariyah, Egypt	EG	EG06	61590	31.1981	29.9192	-290263	20251027151500	https://www.thedailybeast.com/donald-trump-confesses-that-he-found-elementary-school-level-cognitive-test-very-hard/
1270929980	20251027	202510	2025	2025.8137	GOV	PRESIDENT						GOV			EGY	EGYPT	EGY								1	060	060	06	2	6.0	8	2	8	0	4	Alexandria, Al Iskandariyah, Egypt	EG	EG06	61590	31.1981	29.9192	-290263	4	Alexandria, Al Iskandariyah, Egypt	EG	EG06	61590	31.1981	29.9192	-290263	4	Alexandria, Al Iskandariyah, Egypt	EG	EG06	61590	31.1981	29.9192	-290263	20251027151500	https://foxsanantonio.com/question-of-the-day/vote-do-you-want-president-trump-to-run-for-a-third-term-presidential-run-2028-white-house-steve-bannon-jd-vance-vice-president-republican
1270929981	20251027	202510	2025	2025.8137	GOV	PRESIDENT						GOV			EURGOV	EUROPEAN	EUR					GOV			1	051	051	05	1	3.4	2	1	2	-2.68729641693811	4	Dubai, Dubayy, United Arab Emirates	AE	AE03	28575	25.2522	55.28	-782831	4	Dubai, Dubayy, United Arab Emirates	AE	AE03	28575	25.2522	55.28	-782831	4	Dubai, Dubayy, United Arab Emirates	AE	AE03	28575	25.2522	55.28	-782831	20251027151500	https://www.thenationalnews.com/news/mena/2025/10/27/europe-has-lost-moral-high-ground-over-gaza-turkish-official-says/
1270929982	20251027	202510	2025	2025.8137	GOV	PRESIDENT						GOV			FIN	FINLAND	FIN								1	036	036	03	1	4.0	2	1	2	0	4	Helsinki, Eteläuomen Läi, Finland	FI	FI13	16230	60.1756	24.9342	-1364995	4	Helsinki, Eteläuomen Läi, Finland	FI	FI13	16230	60.1756	24.9342	-1364995	4	Helsinki, Eteläuomen Läi, Finland	FI	FI13	16230	60.1756	24.9342	-1364995	20251027151500	https://www.yahoo.com/news/articles/us-coast-guard-closes-deal-143500011.html
1270929983	20251027	202510	2025	2025.8137	GOV	PRESIDENT						GOV			FINGOV	FINNISH	FIN					GOV			1	036	036	03	1	4.0	3	1	3	0	4	Helsinki, Eteläuomen Läi, Finland	FI	FI13	16230	60.1756	24.9342	-1364995	4	Helsinki, Eteläuomen Läi, Finland	FI	FI13	16230	60.1756	24.9342	-1364995	4	Helsinki, Eteläuomen Läi, Finland	FI	FI13	16230	60.1756	24.9342	-1364995	20251027151500	https://www.yahoo.com/news/articles/us-coast-guard-closes-deal-143500011.html
1270929984	20251027	202510	2025	2025.8137	GOV	GOVERNMENT						GOV			GBR	UNITED KINGDOM	GBR								0	0211	021	02	1	3.4	6	1	6	-1.31004366812227	1	United Kingdom	UK	UK		54	-4	UK	1	United Kingdom	UK	UK		54	-4	UK	1	United Kingdom	UK	UK		54	-4	UK	20251027151500	https://www.thetimes.com/uk/politics/article/rachel-reeves-chancellor-budget-spending-cuts-tax-rises-hfhvrzcxk
1270929985	20251027	202510	2025	2025.8137	GOV	CHANCELLOR						GOV			GBR	UNITED KINGDOM	GBR								1	050	050	05	1	3.5	4	2	4	-0.614589165733483	1	United Kingdom	UK	UK		54	-4	UK	1	United Kingdom	UK	UK		54	-4	UK	1	United Kingdom	UK	UK		54	-4	UK	20251027151500	https://www.bristolpost.co.uk/news/cost-of-living/people-born-one-day-late-10602949
1270929986	20251027	202510	2025	2025.8137	GOV	EMBASSY						GOV			GBR	LONDON	GBR								1	054	054	05	1	6.0	6	1	6	-5.23012552301255	4	London, London, City of, United Kingdom	UK	UKH9	40110	51.5	-0.116667	-2601889	4	London, London, City of, United Kingdom	UK	UKH9	40110	51.5	-0.116667	-2601889	4	London, London, City of, United Kingdom	UK	UKH9	40110	51.5	-0.116667	-2601889	20251027151500	https://www.yahoo.com/news/articles/embassy-bomb-threat-graffiti-art-144008201.html
1270929987	20251027	202510	2025	2025.8137	GOV	CHIEF EXECUTIVE						GOV			GBR	UNITED KINGDOM	GBR								1	111	111	11	3	-2.0	1	1	1	-1.31868131868132	5	West Lothian, West Lothian, United Kingdom	UK	UKW9	40176	55.8891	-3.56942	-2611315	5	West Lothian, West Lothian, United Kingdom	UK	UKW9	40176	55.8891	-3.56942	-2611315	5	West Lothian, West Lothian, United Kingdom	UK	UKW9	40176	55.8891	-3.56942	-2611315	20251027151500	https://www.yahoo.com/news/articles/drive-tackle-litter-gateway-scotland-143423469.html
1270929988	20251027	202510	2025	2025.8137	GOV	PRESIDENT						GOV			GBRMIL	BRITISH	GBR					MIL			1	042	042	04	1	1.9	12	2	12	-5.21446962623433	4	Darvaza, Turkmenistan (general), Turkmenistan	TX	TX00	147325	40.1754	58.4085	-2558309	4	Darvaza, Turkmenistan (general), Turkmenistan	TX	TX00	147325	40.1754	58.4085	-2558309	4	Darvaza, Turkmenistan (general), Turkmenistan	TX	TX00	147325	40.1754	58.4085	-2558309	20251027151500	https://www.news8000.com/lifestyle/7-of-the-world-s-freakiest-places/article_2072bdb5-b74a-5975-8ca6-46d86950bba8.html
1270929989	20251027	202510	2025	2025.8137	GOV	PRESIDENT						GOV			GHA	GHANA	GHA								1	010	010	01	1	0.0	8	1	8	-2.4330900243309	5	Ashanti Region, Ashanti, Ghana	GH	GH02	16576	6.75	-1.5	-2069926	5	Ashanti Region, Ashanti, Ghana	GH	GH02	16576	6.75	-1.5	-2069926	5	Ashanti Region, Ashanti, Ghana	GH	GH02	16576	6.75	-1.5	-2069926	20251027151500	https://www.ghanaweb.com/GhanaHomePage/NewsArchive/Use-of-mother-tongues-only-confined-to-KG-to-lower-primary-3-Apaak-clarifies-2006885
1270929990	20251027	202510	2025	2025.8137	GOV	PRESIDENT						GOV			HLH	PHYSICIAN						HLH			1	010	010	01	1	0.0	5	1	5	2.81124497991968	3	Phoenix, Arizona, United States	US	USAZ	AZ013	33.4484	-112.074	44784	3	Phoenix, Arizona, United States	US	USAZ	AZ013	33.4484	-112.074	44784	3	Phoenix, Arizona, United States	US	USAZ	AZ013	33.4484	-112.074	44784	20251027151500	https://ktar.com/arizona-education/u-of-a-banner-health-impact/5765358/
1270929991	20251027	202510	2025	2025.8137	GOV	PRESIDENT						GOV			HLH	PHYSICIAN						HLH			1	010	010	01	1	0.0	3	1	3	2.81124497991968	2	Arizona, United States	US	USAZ		33.7712	-111.388	AZ	2	Arizona, United States	US	USAZ		33.7712	-111.388	AZ	2	Arizona, United States	US	USAZ		33.7712	-111.388	AZ	20251027151500	https://ktar.com/arizona-education/u-of-a-banner-health-impact/5765358/
1270929992	20251027	202510	2025	2025.8137	GOV	MINIST						GOV			HLH	HOSPITAL						HLH			1	020	020	02	1	3.0	10	1	10	0	4	Banaskantha, Gujarat, India	IN	IN09	17637	24.25	72.5	-2090090	4	Banaskantha, Gujarat, India	IN	IN09	17637	24.25	72.5	-2090090	4	Banaskantha, Gujarat, India	IN	IN09	17637	24.25	72.5	-2090090	20251027151500	https://www.newkerala.com/news/o/gujarat-minister-conducts-surprise-visit-health-department-331
1270929993	20251027	202510	2025	2025.8137	GOV	PRESIDENT						GOV			HUN	HUNGARY	HUN								1	042	042	04	1	1.9	3	1	3	8.71886120996441	4	Phnom Penh, (CB11), Cambodia	CB	CB11	12390	11.55	104.917	-1033783	4	Phnom Penh, (CB11), Cambodia	CB	CB11	12390	11.55	104.917	-1033783	4	Phnom Penh, (CB11), Cambodia	CB	CB11	12390	11.55	104.917	-1033783	20251027151500	https://www.akp.gov.kh/post/detail/351844
1270929994	20251027	202510	2025	2025.8137	GOV	KING						GOV			IRL	IRELAND	IRL								1	042	042	04	1	1.9	4	1	2	-0.36866359447004	1	Ireland	EI	EI		53	-8	EI	1	Ireland	EI	EI		53	-8	EI	1	Ireland	EI	EI		53	-8	EI	20251027151500	https://www.mirror.co.uk/news/politics/king-charles-attends-first-official-36140724
1270929995	20251027	202510	2025	2025.8137	GOV	KING						GOV			IRL	IRELAND	IRL								0	110	110	11	3	-2.0	1	1	1	-0.36866359447004	1	Ireland	EI	EI		53	-8	EI	1	Ireland	EI	EI		53	-8	EI	1	Ireland	EI	EI		53	-8	EI	20251027151500	https://www.mirror.co.uk/news/politics/king-charles-attends-first-official-36140724
1270929996	20251027	202510	2025	2025.8137	GOV	PRIME MINISTER						GOV			ISR	ISRAELI	ISR								1	010	010	01	1	0.0	1	1	1	-2.41691842900302	4	Budapest, Budapest, Hungary	HU	HU05	17514	47.5	19.0833	-850553	1	Israel	IS	IS		31.5	34.75	IS	4	Budapest, Budapest, Hungary	HU	HU05	17514	47.5	19.0833	-850553	20251027151500	https://www.bssnews.net/international/325659
1270929997	20251027	202510	2025	2025.8137	GOV	MINIST						GOV			JOR	JORDAN	JOR								1	010	010	01	1	0.0	1	1	1	0.67114093959731	1	Jordan	JO	JO		31	36	JO	1	Jordan	JO	JO		31	36	JO	1	Jordan	JO	JO		31	36	JO	20251027151500	https://sana.sy/en/international/2274500/
1270929998	20251027	202510	2025	2025.8137	GOV	PRESIDENT						GOV			JPN	TOKYO	JPN								0	042	042	04	1	1.9	2	1	2	1.05263157894736	4	Kuala Lumpur, Kuala Lumpur, Malaysia	MY	MY14	18585	3.16667	101.7	-2403010	4	Haneda, Wakayama, Japan	JA	JA43	36528	33.75	135.333	-228452	4	Haneda, Wakayama, Japan	JA	JA43	36528	33.75	135.333	-228452	20251027151500	https://www.thedailybeast.com/donald-trump-79-lets-slip-he-underwent-an-mri-scan-during-walter-reed-visit/
1270929999	20251027	202510	2025	2025.8137	GOV	PRESIDENT						GOV			JPN	JAPAN	JPN								1	120	120	12	3	-4.0	2	1	2	1.60550458715596	3	White House, District of Columbia, United States	US	USDC		38.8951	-77.0364	531871	3	White House, District of Columbia, United States	US	USDC		38.8951	-77.0364	531871	3	White House, District of Columbia, United States	US	USDC		38.8951	-77.0364	531871	20251027151500	https://www.thedailybeast.com/donald-trump-brags-hed-love-to-do-a-third-term-as-president-of-the-united-states/
1270930000	20251027	202510	2025	2025.8137	GOV	PRESIDENT						GOV			JPNGOV	JAPAN	JPN					GOV			0	040	040	04	1	1.0	3	1	3	-3.23834196891191	3	White House, District of Columbia, United States	US	USDC		38.8951	-77.0364	531871	3	White House, District of Columbia, United States	US	USDC		38.8951	-77.0364	531871	3	White House, District of Columbia, United States	US	USDC		38.8951	-77.0364	531871	20251027151500	https://www.thedailybeast.com/donald-trump-threatens-to-ban-rival-political-ads-in-truth-twisting-meltdown/
1270930001	20251027	202510	2025	2025.8137	GOV	PRESIDENT						GOV			JPNGOV	JAPAN	JPN					GOV			0	040	040	04	1	1.0	2	1	2	-3.23834196891191	1	Canada	CA	CA		60	-96	CA	4	Tokyo, Tokyo, Japan	JA	JA40	36340	35.685	139.751	-246227	4	Tokyo, Tokyo, Japan	JA	JA40	36340	35.685	139.751	-246227	20251027151500	https://www.thedailybeast.com/donald-trump-threatens-to-ban-rival-political-ads-in-truth-twisting-meltdown/
1270930002	20251027	202510	2025	2025.8137	GOV	PRESIDENT						GOV			KEN	KENYA	KEN								1	036	036	03	1	4.0	10	1	10	0	4	Johannesburg, Gauteng, South Africa	SF	SF06	77364	-26.2	28.0833	-1240261	4	Johannesburg, Gauteng, South Africa	SF	SF06	77364	-26.2	28.0833	-1240261	4	Johannesburg, Gauteng, South Africa	SF	SF06	77364	-26.2	28.0833	-1240261	20251027151500	https://www.straitstimes.com/asia/US-Vice-President-Vance-plans-Kenya-visit-source-says
1270930003	20251027	202510	2025	2025.8137	GOV	PRESIDENT						GOV			KEN	KENYA	KEN								1	036	036	03	1	4.0	1	1	1	2.06896551724138	4	Johannesburg, Gauteng, South Africa	SF	SF06	77364	-26.2	28.0833	-1240261	1	Kenya	KE	KE		1	38	KE	4	Johannesburg, Gauteng, South Africa	SF	SF06	77364	-26.2	28.0833	-1240261	20251027151500	https://www.devdiscourse.com/article/law-order/3674767-jd-vances-strategic-visit-strengthening-us-kenya-ties-amid-china-concerns
1270930004	20251027	202510	2025	2025.8137	GOV	PRESIDENT						GOV			KEN	KENYA	KEN								1	036	036	03	1	4.0	4	1	4	2.06896551724138	4	Johannesburg, Gauteng, South Africa	SF	SF06	77364	-26.2	28.0833	-1240261	1	Kenya	KE	KE		1	38	KE	1	Kenya	KE	KE		1	38	KE	20251027151500	https://www.devdiscourse.com/article/law-order/3674767-jd-vances-strategic-visit-strengthening-us-kenya-ties-amid-china-concerns
1270930005	20251027	202510	2025	2025.8137	GOV	PRESIDENT						GOV			KHM	CAMBODIA	KHM								0	057	057	05	1	8.0	1	1	1	-0.62893081761006	4	Bangkok, Krung Thep Mahanakhon, Thailand	TH	TH40	26423	13.75	100.517	-3250083	4	Bangkok, Krung Thep Mahanakhon, Thailand	TH	TH40	26423	13.75	100.517	-3250083	4	Bangkok, Krung Thep Mahanakhon, Thailand	TH	TH40	26423	13.75	100.517	-3250083	20251027151500	https://www.santafenewmexican.com/ap/business/u-s-and-china-say-a-trade-deal-is-drawing-closer-as-trump-and-xi/article_1c356323-8d64-528b-b68e-8a691080f894.html
1270930006	20251027	202510	2025	2025.8137	GOV	PRESIDENT						GOV			KHMEDU	CAMBODIAN	KHM					EDU			1	040	040	04	1	1.0	2	1	2	8.71886120996441	4	Phnom Penh, (CB11), Cambodia	CB	CB11	12390	11.55	104.917	-1033783	4	Phnom Penh, (CB11), Cambodia	CB	CB11	12390	11.55	104.917	-1033783	4	Phnom Penh, (CB11), Cambodia	CB	CB11	12390	11.55	104.917	-1033783	20251027151500	https://www.akp.gov.kh/post/detail/351844
1270930007	20251027	202510	2025	2025.8137	GOV	PRESIDENT						GOV			KHMEDU	CAMBODIA	KHM					EDU			1	040	040	04	1	1.0	1	1	1	8.71886120996441	4	Phnom Penh, (CB11), Cambodia	CB	CB11	12390	11.55	104.917	-1033783	4	Phnom Penh, (CB11), Cambodia	CB	CB11	12390	11.55	104.917	-1033783	1	Hungary	HU	HU		47	20	HU	20251027151500	https://www.akp.gov.kh/post/detail/351844
1270930008	20251027	202510	2025	2025.8137	GOV	PRESIDENT						GOV			KOR	SOUTH KOREAN	KOR								1	010	010	01	1	0.0	6	1	6	-1.91304347826087	2	Georgia, United States	US	USGA		32.9866	-83.6487	GA	1	South Korea	KS	KS		37	127.5	KS	1	South Korea	KS	KS		37	127.5	KS	20251027151500	https://www.thedailybeast.com/donald-trump-hammers-his-own-ice-goons-to-suck-up-to-south-korean-leader-over-raid-on-georgia-hyundai-plant/
1270930009	20251027	202510	2025	2025.8137	GOV	KING						GOV			LEG	PARLIAMENT						LEG			0	020	020	02	1	3.0	10	1	10	-0.55020632737276	5	Gloucestershire, Gloucestershire, United Kingdom	UK	UKE6	40113	51.8333	-2.16667	-2597217	5	Gloucestershire, Gloucestershire, United Kingdom	UK	UKE6	40113	51.8333	-2.16667	-2597217	5	Gloucestershire, Gloucestershire, United Kingdom	UK	UKE6	40113	51.8333	-2.16667	-2597217	20251027151500	https://www.mirror.co.uk/news/royals/prince-andrew-scandal-shows-its-36139587
1270930010	20251027	202510	2025	2025.8137	GOV	CHANCELLOR						GOV			MED	MAGAZINE						MED			0	020	020	02	1	3.0	6	1	6	-1.31004366812227	1	United Kingdom	UK	UK		54	-4	UK	4	Riyadh, Ar Riya?, Saudi Arabia	SA	SA10	25316	24.6408	46.7728	-3093009	1	United Kingdom	UK	UK		54	-4	UK	20251027151500	https://www.thetimes.com/uk/politics/article/rachel-reeves-chancellor-budget-spending-cuts-tax-rises-hfhvrzcxk
1270930011	20251027	202510	2025	2025.8137	GOV	ADMINISTRATION						GOV			MEX	MEXICO	MEX								0	036	036	03	1	4.0	2	1	2	-2.87610619469026	1	Canada	CA	CA		60	-96	CA	1	Canada	CA	CA		60	-96	CA	1	Canada	CA	CA		60	-96	CA	20251027151500	https://www.yahoo.com/news/articles/trump-abandon-canada-trade-talks-145259133.html
1270930012	20251027	202510	2025	2025.8137	GOV	ADMINISTRATION						GOV			MEX	MEXICO	MEX								0	036	036	03	1	4.0	4	1	4	-2.87610619469026	1	Canada	CA	CA		60	-96	CA	1	Mexico	MX	MX		23	-102	MX	1	Canada	CA	CA		60	-96	CA	20251027151500	https://www.yahoo.com/news/articles/trump-abandon-canada-trade-talks-145259133.html
1270930013	20251027	202510	2025	2025.8137	GOV	ADMINISTRATION						GOV			MEX	MEXICO	MEX								0	050	050	05	1	3.5	2	1	2	-2.87610619469026	1	Canada	CA	CA		60	-96	CA	1	Canada	CA	CA		60	-96	CA	1	Canada	CA	CA		60	-96	CA	20251027151500	https://www.yahoo.com/news/articles/trump-abandon-canada-trade-talks-145259133.html
1270930014	20251027	202510	2025	2025.8137	GOV	ADMINISTRATION						GOV			MEX	MEXICO	MEX								0	050	050	05	1	3.5	4	1	4	-2.87610619469026	1	Canada	CA	CA		60	-96	CA	1	Mexico	MX	MX		23	-102	MX	1	Canada	CA	CA		60	-96	CA	20251027151500	https://www.yahoo.com/news/articles/trump-abandon-canada-trade-talks-145259133.html
1270930015	20251027	202510	2025	2025.8137	GOV	KING						GOV			MIL	ARMED FORCES						MIL			1	017	017	01	1	0.0	18	1	10	-0.36866359447004	1	Ireland	EI	EI		53	-8	EI	1	Ireland	EI	EI		53	-8	EI	1	Ireland	EI	EI		53	-8	EI	20251027151500	https://www.mirror.co.uk/news/politics/king-charles-attends-first-official-36140724
1270930016	20251027	202510	2025	2025.8137	GOV	MONARCH						GOV			MIL	ARMED FORCES						MIL			0	043	043	04	1	2.8	10	1	10	-0.36866359447004	1	Ireland	EI	EI		53	-8	EI	1	Ireland	EI	EI		53	-8	EI	1	Ireland	EI	EI		53	-8	EI	20251027151500	https://www.mirror.co.uk/news/politics/king-charles-attends-first-official-36140724
1270930017	20251027	202510	2025	2025.8137	GOV	KING						GOV			MIL	ARMED FORCES						MIL			1	110	110	11	3	-2.0	10	1	10	-0.36866359447004	1	Ireland	EI	EI		53	-8	EI	1	Ireland	EI	EI		53	-8	EI	1	Ireland	EI	EI		53	-8	EI	20251027151500	https://www.mirror.co.uk/news/politics/king-charles-attends-first-official-36140724
1270930018	20251027	202510	2025	2025.8137	GOV	PRESIDENT						GOV			MNCKOR	HYUNDAI	KOR					MNC			1	040	040	04	1	1.0	3	1	3	-1.91304347826087	1	South Korea	KS	KS		37	127.5	KS	1	South Korea	KS	KS		37	127.5	KS	1	South Korea	KS	KS		37	127.5	KS	20251027151500	https://www.thedailybeast.com/donald-trump-hammers-his-own-ice-goons-to-suck-up-to-south-korean-leader-over-raid-on-georgia-hyundai-plant/
1270930019	20251027	202510	2025	2025.8137	GOV	PRESIDENT						GOV			MNCKOR	HYUNDAI	KOR					MNC			1	190	190	19	4	-10.0	6	1	6	-1.91304347826087	3	Washington, District of Columbia, United States	US	USDC	DC001	38.8951	-77.0364	531871	3	Washington, District of Columbia, United States	US	USDC	DC001	38.8951	-77.0364	531871	3	Washington, District of Columbia, United States	US	USDC	DC001	38.8951	-77.0364	531871	20251027151500	https://www.thedailybeast.com/donald-trump-hammers-his-own-ice-goons-to-suck-up-to-south-korean-leader-over-raid-on-georgia-hyundai-plant/
1270930020	20251027	202510	2025	2025.8137	GOV	PRESIDENT						GOV			MNCKOR	HYUNDAI	KOR					MNC			1	190	190	19	4	-10.0	2	1	2	-1.91304347826087	3	Washington, District of Columbia, United States	US	USDC	DC001	38.8951	-77.0364	531871	1	South Korea	KS	KS		37	127.5	KS	3	Washington, District of Columbia, United States	US	USDC	DC001	38.8951	-77.0364	531871	20251027151500	https://www.thedailybeast.com/donald-trump-hammers-his-own-ice-goons-to-suck-up-to-south-korean-leader-over-raid-on-georgia-hyundai-plant/
1270930021	20251027	202510	2025	2025.8137	GOV	PRESIDENT						GOV			MNCUSAHLH	PFIZER	USA					MNC	HLH		1	193	193	19	4	-10.0	10	1	10	-1.82025028441411	1	United States	US	US		39.828175	-98.5795	US	1	United States	US	US		39.828175	-98.5795	US	1	United States	US	US		39.828175	-98.5795	US	20251027151500	https://www.dailysignal.com/2025/10/27/why-did-president-trump-get-an-mrna-covid-19-shot/
1270930022	20251027	202510	2025	2025.8137	GOV	PRESIDENT						GOV			MYS	MALAYSIA	MYS								0	057	057	05	1	8.0	1	1	1	-0.62893081761006	4	Bangkok, Krung Thep Mahanakhon, Thailand	TH	TH40	26423	13.75	100.517	-3250083	4	Bangkok, Krung Thep Mahanakhon, Thailand	TH	TH40	26423	13.75	100.517	-3250083	4	Bangkok, Krung Thep Mahanakhon, Thailand	TH	TH40	26423	13.75	100.517	-3250083	20251027151500	https://www.santafenewmexican.com/ap/business/u-s-and-china-say-a-trade-deal-is-drawing-closer-as-trump-and-xi/article_1c356323-8d64-528b-b68e-8a691080f894.html
1270930023	20251027	202510	2025	2025.8137	GOV	GOVERNMENT						GOV			NGA	NIGERIA	NGA								0	036	036	03	1	4.0	5	1	5	1.18043844856661	4	Lagos, Lagos, Nigeria	NI	NI05	191416	6.45306	3.39583	-2017355	4	Lagos, Lagos, Nigeria	NI	NI05	191416	6.45306	3.39583	-2017355	4	Lagos, Lagos, Nigeria	NI	NI05	191416	6.45306	3.39583	-2017355	20251027151500	https://www.thisdaylive.com/2025/10/27/govt-urged-to-recognise-dokpesis-contributions-to-broadcasting/
1270930024	20251027	202510	2025	2025.8137	GOV	MINIST						GOV			QAT	QATAR	QAT								1	070	070	07	2	7.0	2	1	2	0.67114093959731	1	Egypt	EG	EG		27	30	EG	1	Qatar	QA	QA		25.5	51.25	QA	1	Qatar	QA	QA		25.5	51.25	QA	20251027151500	https://sana.sy/en/international/2274500/
1270930025	20251027	202510	2025	2025.8137	GOV	MINIST						GOV			QAT	QATAR	QAT								1	070	070	07	2	7.0	6	1	6	0.67114093959731	1	Jordan	JO	JO		31	36	JO	1	Qatar	QA	QA		25.5	51.25	QA	1	Qatar	QA	QA		25.5	51.25	QA	20251027151500	https://sana.sy/en/international/2274500/
1270930026	20251027	202510	2025	2025.8137	GOV	PRIME MINISTER						GOV			REL	PRIEST									1	051	051	05	1	3.4	6	1	6	-0.98684210526316	4	Gyumri, Shirak, Armenia	AM	AM07	4926	40.7942	43.8453	-2324859	4	Gyumri, Shirak, Armenia	AM	AM07	4926	40.7942	43.8453	-2324859	4	Gyumri, Shirak, Armenia	AM	AM07	4926	40.7942	43.8453	-2324859	20251027151500	https://horizonweekly.ca/en/samvel-karapetyan-blasts-armenian-leadership-over-defrocked-priest-led-service/
1270930027	20251027	202510	2025	2025.8137	GOV	PRESIDENT						GOV			RUS	RUSSIA	RUS								0	061	061	06	2	6.4	1	1	1	-1.8796992481203	4	New Delhi, Delhi, India	IN	IN07	17911	28.6	77.2	-2106102	4	New Delhi, Delhi, India	IN	IN07	17911	28.6	77.2	-2106102	4	New Delhi, Delhi, India	IN	IN07	17911	28.6	77.2	-2106102	20251027151500	http://www.bignewsnetwork.com/news/278659090/rubio-claims-india-interested-in-diversifying-oil-supply
1270930028	20251027	202510	2025	2025.8137	GOV	PRESIDENT						GOV			RUS	RUSSIA	RUS								0	061	061	06	2	6.4	4	1	4	-1.8796992481203	4	New Delhi, Delhi, India	IN	IN07	17911	28.6	77.2	-2106102	1	Russia	RS	RS		60	100	RS	1	Russia	RS	RS		60	100	RS	20251027151500	http://www.bignewsnetwork.com/news/278659090/rubio-claims-india-interested-in-diversifying-oil-supply
1270930029	20251027	202510	2025	2025.8137	GOV	GOVERNMENT						GOV			RUS	RUSSIA	RUS								0	110	110	11	3	-2.0	6	1	6	-2.53431890179514	4	Burevestnik, Nizhegorodskaya Oblast', Russia	RS	RS51	25080	55.4144	43.9536	9259711	4	Burevestnik, Nizhegorodskaya Oblast', Russia	RS	RS51	25080	55.4144	43.9536	9259711	4	Burevestnik, Nizhegorodskaya Oblast', Russia	RS	RS51	25080	55.4144	43.9536	9259711	20251027151500	https://www.nbcnews.com/world/russia/russia-burevestnik-missile-trump-putin-test-inappropriate-ukraine-rcna239984
1270930030	20251027	202510	2025	2025.8137	GOV	CHANCELLOR						GOV			SAU	SAUDI ARABIA	SAU								0	020	020	02	1	3.0	2	1	2	-1.31004366812227	1	United Kingdom	UK	UK		54	-4	UK	4	Riyadh, Ar Riya?, Saudi Arabia	SA	SA10	25316	24.6408	46.7728	-3093009	1	United Kingdom	UK	UK		54	-4	UK	20251027151500	https://www.thetimes.com/uk/politics/article/rachel-reeves-chancellor-budget-spending-cuts-tax-rises-hfhvrzcxk
1270930031	20251027	202510	2025	2025.8137	GOV	PRESIDENT						GOV			THA	THAILAND	THA								0	057	057	05	1	8.0	1	1	1	-0.62893081761006	4	Bangkok, Krung Thep Mahanakhon, Thailand	TH	TH40	26423	13.75	100.517	-3250083	4	Bangkok, Krung Thep Mahanakhon, Thailand	TH	TH40	26423	13.75	100.517	-3250083	4	Bangkok, Krung Thep Mahanakhon, Thailand	TH	TH40	26423	13.75	100.517	-3250083	20251027151500	https://www.santafenewmexican.com/ap/business/u-s-and-china-say-a-trade-deal-is-drawing-closer-as-trump-and-xi/article_1c356323-8d64-528b-b68e-8a691080f894.html
1270930032	20251027	202510	2025	2025.8137	GOV	PRESIDENT						GOV			UKR	UKRAINE	UKR								1	046	046	04	1	7.0	8	1	8	-2.53431890179514	3	Washington, District of Columbia, United States	US	USDC	DC001	38.8951	-77.0364	531871	4	Burevestnik, Nizhegorodskaya Oblast', Russia	RS	RS51	25080	55.4144	43.9536	9259711	4	Burevestnik, Nizhegorodskaya Oblast', Russia	RS	RS51	25080	55.4144	43.9536	9259711	20251027151500	https://www.nbcnews.com/world/russia/russia-burevestnik-missile-trump-putin-test-inappropriate-ukraine-rcna239984
1270930033	20251027	202510	2025	2025.8137	GOV	ADMINISTRATION						GOV			USA	UNITED STATES	USA								0	010	010	01	1	0.0	2	1	2	-3.69515011547344	3	Los Angeles, California, United States	US	USCA	CA037	34.0522	-118.244	1662328	3	Los Angeles, California, United States	US	USCA		34.0522	-118.244	1662328	3	Los Angeles, California, United States	US	USCA		34.0522	-118.244	1662328	20251027151500	https://lostcoastoutpost.com/2025/oct/27/california-latinos-take-pride-in-casting-ballots-i/
1270930034	20251027	202510	2025	2025.8137	GOV	MAYOR						GOV			USA	UNITED STATES	USA								1	043	043	04	1	2.8	1	1	1	4.79616306954437	3	Miami, Florida, United States	US	USFL	FL086	25.7743	-80.1937	295004	3	Miami, Florida, United States	US	USFL	FL086	25.7743	-80.1937	295004	3	Miami, Florida, United States	US	USFL	FL086	25.7743	-80.1937	295004	20251027151500	https://www.miaminewtimes.com/arts-culture/tinashe-in-wynwood-marshmello-at-liv-40497732/
1270930035	20251027	202510	2025	2025.8137	GOV	PRIME MINISTER						GOV			USA	THE US	USA								1	046	046	04	1	7.0	1	1	1	-2.41691842900302	4	Budapest, Budapest, Hungary	HU	HU05	17514	47.5	19.0833	-850553	4	Budapest, Budapest, Hungary	HU	HU05	17514	47.5	19.0833	-850553	4	Budapest, Budapest, Hungary	HU	HU05	17514	47.5	19.0833	-850553	20251027151500	https://www.bssnews.net/international/325659
1270930036	20251027	202510	2025	2025.8137	GOV	MAYOR						GOV			USA	ILLINOIS	USA								0	120	120	12	3	-4.0	4	1	4	-0.60606060606061	3	Chicago, Illinois, United States	US	USIL	IL031	41.85	-87.6501	423587	3	Chicago, Illinois, United States	US	USIL	IL031	41.85	-87.6501	423587	3	Chicago, Illinois, United States	US	USIL	IL031	41.85	-87.6501	423587	20251027151500	https://www.rcreader.com/commentary/stacy-davis-gates-and-brandon-johnson-want-funds-state-coffers-plainly-arent-there
1270930037	20251027	202510	2025	2025.8137	GOV	GOVERNOR						GOV			USA	UNITED STATES	USA								1	129	129	12	3	-5.0	4	1	4	-0.74508310730587	2	California, United States	US	USCA		36.17	-119.746	CA	2	California, United States	US	USCA		36.17	-119.746	CA	2	California, United States	US	USCA		36.17	-119.746	CA	20251027151500	https://www.jdsupra.com/legalnews/special-water-supply-edition-california-3712638/
1270930038	20251027	202510	2025	2025.8137	GOV	PRESIDENT						GOV			USA	UNITED STATES	USA								0	1712	171	17	4	-9.2	4	1	4	-2.36318407960199	3	The White House, District of Columbia, United States	US	USDC		38.8951	-77.0364	531871	3	The White House, District of Columbia, United States	US	USDC		38.8951	-77.0364	531871	3	The White House, District of Columbia, United States	US	USDC		38.8951	-77.0364	531871	20251027151500	https://www.thedailybeast.com/jon-stewart-speaks-out-on-future-as-daily-show-host/
1270930039	20251027	202510	2025	2025.8137	GOV	ATTORNEY GENERAL						GOV			USA	MINNESOTA	USA								1	173	173	17	4	-5.0	18	1	10	-7.31070496083551	2	Minnesota, United States	US	USMN		45.7326	-93.9196	MN	2	Minnesota, United States	US	USMN		45.7326	-93.9196	MN	2	Minnesota, United States	US	USMN		45.7326	-93.9196	MN	20251027151500	https://wcbm.com/national-headline/this-guy-thought-it-would-be-a-good-idea-to-post-a-45000-bounty-on-pam-bondi/
1270930040	20251027	202510	2025	2025.8137	GOV	MAYOR						GOV			USACVL	ILLINOIS	USA					CVL			0	120	120	12	3	-4.0	6	1	6	-0.60606060606061	3	Chicago, Illinois, United States	US	USIL	IL031	41.85	-87.6501	423587	3	Chicago, Illinois, United States	US	USIL	IL031	41.85	-87.6501	423587	3	Chicago, Illinois, United States	US	USIL	IL031	41.85	-87.6501	423587	20251027151500	https://www.rcreader.com/commentary/stacy-davis-gates-and-brandon-johnson-want-funds-state-coffers-plainly-arent-there
1270930041	20251027	202510	2025	2025.8137	GOV	FOREIGN RELATIONS COMMITTEE						GOV			VEN	VENEZUELA	VEN								1	020	020	02	1	3.0	2	1	2	-6.49717514124294	4	Caracas, Distrito Federal, Venezuela	VE	VE25	31959	10.5	-66.9167	-938457	4	Caracas, Distrito Federal, Venezuela	VE	VE25	31959	10.5	-66.9167	-938457	4	Caracas, Distrito Federal, Venezuela	VE	VE25	31959	10.5	-66.9167	-938457	20251027151500	http://www.bignewsnetwork.com/news/278659058/maduro-days-are-numbered-senior-us-republican
1270930042	20251027	202510	2025	2025.8137	GOV	FOREIGN RELATIONS COMMITTEE						GOV			VEN	VENEZUELA	VEN								1	020	020	02	1	3.0	1	1	1	-6.49717514124294	1	Spain	SP	SP		40	-4	SP	1	Spain	SP	SP		40	-4	SP	1	Spain	SP	SP		40	-4	SP	20251027151500	http://www.bignewsnetwork.com/news/278659058/maduro-days-are-numbered-senior-us-republican
1270930043	20251027	202510	2025	2025.8137	GOV	PRESIDENT						GOV			ZAF	JOHANNESBURG	ZAF								1	040	040	04	1	1.0	4	1	4	0	4	Johannesburg, Gauteng, South Africa	SF	SF06	77364	-26.2	28.0833	-1240261	4	Johannesburg, Gauteng, South Africa	SF	SF06	77364	-26.2	28.0833	-1240261	4	Johannesburg, Gauteng, South Africa	SF	SF06	77364	-26.2	28.0833	-1240261	20251027151500	https://www.straitstimes.com/asia/US-Vice-President-Vance-plans-Kenya-visit-source-says
1270930044	20251027	202510	2025	2025.8137	GOV	PRESIDENT						GOV			ZAF	JOHANNESBURG	ZAF								1	040	040	04	1	1.0	2	1	2	0	4	Nairobi, Nairobi Area, Kenya	KE	KE05	18585	-1.28333	36.8167	-2258072	4	Johannesburg, Gauteng, South Africa	SF	SF06	77364	-26.2	28.0833	-1240261	4	Johannesburg, Gauteng, South Africa	SF	SF06	77364	-26.2	28.0833	-1240261	20251027151500	https://www.straitstimes.com/asia/US-Vice-President-Vance-plans-Kenya-visit-source-says
1270930045	20251027	202510	2025	2025.8137	GOV	PRESIDENT						GOV			twi	ASHANTI			twi						1	010	010	01	1	0.0	2	1	2	-2.4330900243309	5	Ashanti Region, Ashanti, Ghana	GH	GH02	16576	6.75	-1.5	-2069926	5	Ashanti Region, Ashanti, Ghana	GH	GH02	16576	6.75	-1.5	-2069926	5	Ashanti Region, Ashanti, Ghana	GH	GH02	16576	6.75	-1.5	-2069926	20251027151500	https://www.ghanaweb.com/GhanaHomePage/NewsArchive/Use-of-mother-tongues-only-confined-to-KG-to-lower-primary-3-Apaak-clarifies-2006885
1270930046	20251027	202510	2025	2025.8137	GOVBUS	NATIONAL BANK						GOV	BUS		BUS	BANK						BUS			1	043	043	04	1	2.8	3	1	3	2.9673590504451	1	United States	US	US		39.828175	-98.5795	US	1	United States	US	US		39.828175	-98.5795	US	1	United States	US	US		39.828175	-98.5795	US	20251027151500	https://www.marketscreener.com/news/ubs-files-application-for-us-banking-licence-eyeing-growth-ce7d5ddfdb88f220
1270930047	20251027	202510	2025	2025.8137	GOVBUS	SECURITIES AND EXCHANGE COMMISSION						GOV	BUS		MNCUSABUS	EXXON MOBIL	USA					MNC	BUS		1	020	020	02	1	3.0	10	1	10	0.28248587570622	2	Nevada, United States	US	USNV		38.4199	-117.122	NV	2	Nevada, United States	US	USNV		38.4199	-117.122	NV	2	Nevada, United States	US	USNV		38.4199	-117.122	NV	20251027151500	https://www.jdsupra.com/legalnews/sec-issues-no-action-letter-approving-3894948/
1270930048	20251027	202510	2025	2025.8137	GOVCOP	INSPECTOR GENERAL						GOV	COP												1	010	010	01	1	0.0	6	1	6	-10.5354058721935	4	Kuje, Abuja Federal Capital Territory, Nigeria	NI	NI11	22778	8.89639	7.24306	-2016210	0								4	Kuje, Abuja Federal Capital Territory, Nigeria	NI	NI11	22778	8.89639	7.24306	-2016210	20251027151500	https://saharareporters.com/2025/10/27/sowores-abduction-kuje-court-despicable-act-terror-nigerian-police-okechukwu-nwanguma
1270930049	20251027	202510	2025	2025.8137	GOVMED	STATE MEDIA						GOV	MED												0	010	010	01	1	0.0	2	1	2	-0.31055900621118	4	Burevestnik, Nizhegorodskaya Oblast', Russia	RS	RS51	25080	55.4144	43.9536	9259711	0								4	Burevestnik, Nizhegorodskaya Oblast', Russia	RS	RS51	25080	55.4144	43.9536	9259711	20251027151500	https://www.yahoo.com/news/articles/russias-skyfall-missile-test-trump-141551837.html
1270930050	20251027	202510	2025	2025.8137	GOVMIL	MINIST OF DEFENCE						GOV	MIL												1	040	040	04	1	1.0	3	1	3	4.93975903614458	4	Dubai, Dubayy, United Arab Emirates	AE	AE03	28575	25.2522	55.28	-782831	0								4	Dubai, Dubayy, United Arab Emirates	AE	AE03	28575	25.2522	55.28	-782831	20251027151500	http://www.bignewsnetwork.com/news/278659095/hamdan-bin-mohammed-attends-opening-of-asia-pacific-cities-summit-and-mayors-forum-at-expo-city-dubai
1270930051	20251027	202510	2025	2025.8137	GOVMIL	MINIST OF DEFENCE						GOV	MIL		ARE	DUBAI	ARE								1	040	040	04	1	1.0	7	1	7	4.93975903614458	4	Dubai, Dubayy, United Arab Emirates	AE	AE03	28575	25.2522	55.28	-782831	4	Dubai, Dubayy, United Arab Emirates	AE	AE03	28575	25.2522	55.28	-782831	4	Dubai, Dubayy, United Arab Emirates	AE	AE03	28575	25.2522	55.28	-782831	20251027151500	http://www.bignewsnetwork.com/news/278659095/hamdan-bin-mohammed-attends-opening-of-asia-pacific-cities-summit-and-mayors-forum-at-expo-city-dubai
1270930052	20251027	202510	2025	2025.8137	HLH	DOCTOR						HLH													0	010	010	01	1	0.0	10	1	10	-2.33793836344315	1	Canada	CA	CA		60	-96	CA	0								1	Canada	CA	CA		60	-96	CA	20251027151500	https://www.phillytrib.com/news/health/including-pregnant-women-in-drug-trials-can-lead-to-better-health-outcomes-and-reduce-misinformation/article_47d28ae6-15b4-454d-9b6d-09450b95ab13.html
1270930053	20251027	202510	2025	2025.8137	HLH	HOSPITAL						HLH													1	031	031	03	1	5.2	10	1	10	2.06422018348623	4	Pune, Maharashtra, India	IN	IN16	70178	18.5333	73.8667	-2108361	0								4	Pune, Maharashtra, India	IN	IN16	70178	18.5333	73.8667	-2108361	20251027151500	https://indianexpress.com/article/cities/mumbai/bmcs-plan-to-privatise-civic-hospitals-faces-opposition-from-unions-social-groups-10330431/
1270930054	20251027	202510	2025	2025.8137	HLH	HOSPITAL						HLH													1	043	043	04	1	2.8	2	1	2	1.97530864197531	4	Matunda, Rift Valley, Kenya	KE	KE08	18585	0.846059	35.1385	-2255555	0								4	Matunda, Rift Valley, Kenya	KE	KE08	18585	0.846059	35.1385	-2255555	20251027151500	https://www.standardmedia.co.ke/rift-valley/article/2001532787/candidate-gives-birth-as-missing-papers-disrupt-exams-in-trans-nzoia
1270930055	20251027	202510	2025	2025.8137	HLH	HOSPITAL						HLH													0	043	043	04	1	2.8	5	1	5	-1.91188694929343	4	Lewisham, Lewisham, United Kingdom	UK	UKH6	40133	51.45	-0.016667	-2601073	0								4	Lewisham, Lewisham, United Kingdom	UK	UKH6	40133	51.45	-0.016667	-2601073	20251027151500	https://www.birminghammail.co.uk/news/uk-news/i-went-doctor-two-symptoms-32756227
1270930056	20251027	202510	2025	2025.8137	HLH	DOCTOR						HLH													0	055	055	05	1	7.0	10	1	10	-4.93975903614458	1	Colombia	CO	CO		4	-72	CO	0								1	Colombia	CO	CO		4	-72	CO	20251027151500	https://www.dailymail.co.uk/news/article-15230693/Alicia-Stone-Colombia-NYPD-detective-dead-cosmetic-procedure.html
1270930057	20251027	202510	2025	2025.8137	HLH	HOSPITAL						HLH													1	060	060	06	2	6.0	5	1	5	6.35613779718583	1	United States	US	US		39.828175	-98.5795	US	0								1	United States	US	US		39.828175	-98.5795	US	20251027151500	https://www.prnewswire.com/news-releases/global-ovulation-test-market-driven-by-rising-fertility-awareness-technological-advancements-and-expanding-consumer-demand---market-research-intellect-302595271.html
1270930058	20251027	202510	2025	2025.8137	HLH	HOSPITAL						HLH													0	090	090	09	2	-2.0	10	1	10	2.03703703703704	3	Jeffersonville, Indiana, United States	US	USIN	IN019	38.2776	-85.7372	436979	0								3	Jeffersonville, Indiana, United States	US	USIN	IN019	38.2776	-85.7372	436979	20251027151500	https://www.ems1.com/ambulances-and-emergency-vehicles/ind-county-moves-to-secure-five-ambulances-ahead-of-possible-countywide-fire-ems-district
1270930059	20251027	202510	2025	2025.8137	HLH	DOCTOR						HLH													0	1822	182	18	4	-9.0	6	2	6	-5.21446962623433	4	Poveglia, Veneto, Italy	IT	IT20	18418	45.3828	12.33	-125625	0								4	Poveglia, Veneto, Italy	IT	IT20	18418	45.3828	12.33	-125625	20251027151500	https://www.news8000.com/lifestyle/7-of-the-world-s-freakiest-places/article_2072bdb5-b74a-5975-8ca6-46d86950bba8.html
1270930060	20251027	202510	2025	2025.8137	HLH	PHYSICIAN						HLH													0	193	193	19	4	-10.0	10	1	10	-1.82025028441411	1	United States	US	US		39.828175	-98.5795	US	0								1	United States	US	US		39.828175	-98.5795	US	20251027151500	https://www.dailysignal.com/2025/10/27/why-did-president-trump-get-an-mrna-covid-19-shot/
1270930061	20251027	202510	2025	2025.8137	HLH	DOCTOR						HLH			USA	UNITED STATES	USA								0	1822	182	18	4	-9.0	2	2	2	-5.21446962623433	4	Poveglia, Veneto, Italy	IT	IT20	18418	45.3828	12.33	-125625	2	Tennessee, United States	US	USTN		35.7449	-86.7489	TN	2	Tennessee, United States	US	USTN		35.7449	-86.7489	TN	20251027151500	https://www.news8000.com/lifestyle/7-of-the-world-s-freakiest-places/article_2072bdb5-b74a-5975-8ca6-46d86950bba8.html
1270930062	20251027	202510	2025	2025.8137	HLH	DOCTOR						HLH			USA	UNITED STATES	USA								0	1822	182	18	4	-9.0	2	2	2	-5.21446962623433	2	Tennessee, United States	US	USTN		35.7449	-86.7489	TN	2	Tennessee, United States	US	USTN		35.7449	-86.7489	TN	2	Tennessee, United States	US	USTN		35.7449	-86.7489	TN	20251027151500	https://www.news8000.com/lifestyle/7-of-the-world-s-freakiest-places/article_2072bdb5-b74a-5975-8ca6-46d86950bba8.html
1270930063	20251027	202510	2025	2025.8137	HRI	RIGHTS GROUP						HRI			GOV	PRESIDENT						GOV			1	111	111	11	3	-2.0	6	1	6	-8.67346938775513	4	Tunis, (TS26), Tunisia	TS	TS26	39471	36.8028	10.1797	-731701	4	Tunis, (TS26), Tunisia	TS	TS26	39471	36.8028	10.1797	-731701	4	Tunis, (TS26), Tunisia	TS	TS26	39471	36.8028	10.1797	-731701	20251027151500	https://www.bssnews.net/international/325656
1270930064	20251027	202510	2025	2025.8137	HRI	RIGHTS GROUP						HRI			TUN	TUNISIA	TUN								1	111	111	11	3	-2.0	2	1	2	-8.67346938775513	4	Tunis, (TS26), Tunisia	TS	TS26	39471	36.8028	10.1797	-731701	4	Tunis, (TS26), Tunisia	TS	TS26	39471	36.8028	10.1797	-731701	4	Tunis, (TS26), Tunisia	TS	TS26	39471	36.8028	10.1797	-731701	20251027151500	https://www.bssnews.net/international/325656
1270930065	20251027	202510	2025	2025.8137	HRI	RIGHTS GROUP						HRI			TUNGOV	TUNISIA	TUN					GOV			1	111	111	11	3	-2.0	2	1	2	-8.67346938775513	4	Tunis, (TS26), Tunisia	TS	TS26	39471	36.8028	10.1797	-731701	4	Tunis, (TS26), Tunisia	TS	TS26	39471	36.8028	10.1797	-731701	4	Tunis, (TS26), Tunisia	TS	TS26	39471	36.8028	10.1797	-731701	20251027151500	https://www.bssnews.net/international/325656
1270930066	20251027	202510	2025	2025.8137	HTI	HAITI	HTI																		0	112	112	11	3	-2.0	10	1	10	-10.2974828375286	1	Haiti	HA	HA		19	-72.416667	HA	0								1	Haiti	HA	HA		19	-72.416667	HA	20251027151500	https://www.nysun.com/article/monster-hurricane-melissa-targets-jamaica-with-rain-wind-and-storm-surge
1270930067	20251027	202510	2025	2025.8137	HUN	HUNGARY	HUN								GOV	PRESIDENT						GOV			1	043	043	04	1	2.8	3	1	3	8.71886120996441	1	Hungary	HU	HU		47	20	HU	4	Phnom Penh, (CB11), Cambodia	CB	CB11	12390	11.55	104.917	-1033783	1	Hungary	HU	HU		47	20	HU	20251027151500	https://www.akp.gov.kh/post/detail/351844
1270930068	20251027	202510	2025	2025.8137	HUN	HUNGARY	HUN								KHM	CAMBODIA	KHM								1	043	043	04	1	2.8	2	1	2	8.71886120996441	4	Phnom Penh, (CB11), Cambodia	CB	CB11	12390	11.55	104.917	-1033783	4	Phnom Penh, (CB11), Cambodia	CB	CB11	12390	11.55	104.917	-1033783	4	Phnom Penh, (CB11), Cambodia	CB	CB11	12390	11.55	104.917	-1033783	20251027151500	https://www.akp.gov.kh/post/detail/351844
1270930069	20251027	202510	2025	2025.8137	HUN	HUNGARY	HUN								KHM	CAMBODIA	KHM								1	043	043	04	1	2.8	2	1	2	8.71886120996441	1	Hungary	HU	HU		47	20	HU	4	Phnom Penh, (CB11), Cambodia	CB	CB11	12390	11.55	104.917	-1033783	1	Hungary	HU	HU		47	20	HU	20251027151500	https://www.akp.gov.kh/post/detail/351844
1270930070	20251027	202510	2025	2025.8137	HUN	HUNGARY	HUN								USAGOV	US AMBASSADOR	USA					GOV			1	036	036	03	1	4.0	1	1	1	-2.41691842900302	4	Budapest, Budapest, Hungary	HU	HU05	17514	47.5	19.0833	-850553	3	Washington, District of Columbia, United States	US	USDC	DC001	38.8951	-77.0364	531871	3	Washington, District of Columbia, United States	US	USDC	DC001	38.8951	-77.0364	531871	20251027151500	https://www.bssnews.net/international/325659
1270930071	20251027	202510	2025	2025.8137	HUN	HUNGARY	HUN								USAGOV	US AMBASSADOR	USA					GOV			1	036	036	03	1	4.0	3	1	3	-2.41691842900302	4	Budapest, Budapest, Hungary	HU	HU05	17514	47.5	19.0833	-850553	1	Ukraine	UP	UP		49	32	UP	3	Washington, District of Columbia, United States	US	USDC	DC001	38.8951	-77.0364	531871	20251027151500	https://www.bssnews.net/international/325659
1270930072	20251027	202510	2025	2025.8137	HUN	HUNGARY	HUN								USAGOV	US AMBASSADOR	USA					GOV			1	036	036	03	1	4.0	1	1	1	-2.41691842900302	3	Washington, District of Columbia, United States	US	USDC	DC001	38.8951	-77.0364	531871	4	Kremlin, Moskva, Russia	RS	RS48	25106	55.7522	37.6156	-2960561	1	Ukraine	UP	UP		49	32	UP	20251027151500	https://www.bssnews.net/international/325659
1270930073	20251027	202510	2025	2025.8137	IGOEUREEC	THE EU	EUR	EEC				IGO													1	020	020	02	1	3.0	5	1	5	-3.58796296296296	4	Ankura, Ankara, Turkey	TU	TU68	27516	39.9272	32.8644	-735338	0								4	Ankura, Ankara, Turkey	TU	TU68	27516	39.9272	32.8644	-735338	20251027151500	https://www.jdsupra.com/legalnews/stress-testing-ai-models-a-modern-4038195/
1270930074	20251027	202510	2025	2025.8137	IGOEUREEC	THE EU	EUR	EEC				IGO			TUR	TURKISH	TUR								0	046	046	04	1	7.0	10	1	10	-2.68729641693811	1	Iraq	IZ	IZ		33	44	IZ	4	Fatih, Ankara, Turkey	TU	TU68	27528	39.9455	32.873	-776441	4	Fatih, Ankara, Turkey	TU	TU68	27528	39.9455	32.873	-776441	20251027151500	https://www.thenationalnews.com/news/mena/2025/10/27/europe-has-lost-moral-high-ground-over-gaza-turkish-official-says/
1270930075	20251027	202510	2025	2025.8137	IGOSEAASN	ASEAN	SEA	ASN				IGO			IGOUNO	UNITED NATIONS		UNO				IGO			0	043	043	04	1	2.8	2	1	2	0.92514718250631	1	South Korea	KS	KS		37	127.5	KS	1	South Korea	KS	KS		37	127.5	KS	1	South Korea	KS	KS		37	127.5	KS	20251027151500	https://www.straitstimes.com/asia/se-asia/asean-leaders-push-for-stronger-trade-ties-with-rcep-members-and-other-partners
1270930076	20251027	202510	2025	2025.8137	IGOSEAASN	ASEAN	SEA	ASN				IGO			KOR	SOUTH KOREA	KOR								0	036	036	03	1	4.0	3	1	3	0.92514718250631	1	China	CH	CH		35	105	CH	1	South Korea	KS	KS		37	127.5	KS	1	China	CH	CH		35	105	CH	20251027151500	https://www.straitstimes.com/asia/se-asia/asean-leaders-push-for-stronger-trade-ties-with-rcep-members-and-other-partners
1270930077	20251027	202510	2025	2025.8137	IGOSEAASN	ASEAN	SEA	ASN				IGO			KOR	SOUTH KOREA	KOR								0	036	036	03	1	4.0	1	1	1	0.92514718250631	1	New Zealand	NZ	NZ		-42	174	NZ	1	South Korea	KS	KS		37	127.5	KS	1	China	CH	CH		35	105	CH	20251027151500	https://www.straitstimes.com/asia/se-asia/asean-leaders-push-for-stronger-trade-ties-with-rcep-members-and-other-partners
1270930078	20251027	202510	2025	2025.8137	IGOSEAASN	ASEAN	SEA	ASN				IGO			KOR	SOUTH KOREA	KOR								0	036	036	03	1	4.0	1	1	1	0.92514718250631	1	New Zealand	NZ	NZ		-42	174	NZ	1	New Zealand	NZ	NZ		-42	174	NZ	1	New Zealand	NZ	NZ		-42	174	NZ	20251027151500	https://www.straitstimes.com/asia/se-asia/asean-leaders-push-for-stronger-trade-ties-with-rcep-members-and-other-partners
1270930079	20251027	202510	2025	2025.8137	IGOSEAASN	ASEAN	SEA	ASN				IGO			MYS	KUALA LUMPUR	MYS								1	040	040	04	1	1.0	4	1	4	0.92514718250631	1	New Zealand	NZ	NZ		-42	174	NZ	1	New Zealand	NZ	NZ		-42	174	NZ	1	New Zealand	NZ	NZ		-42	174	NZ	20251027151500	https://www.straitstimes.com/asia/se-asia/asean-leaders-push-for-stronger-trade-ties-with-rcep-members-and-other-partners
1270930080	20251027	202510	2025	2025.8137	IGOUNO	UNITED NATIONS		UNO				IGO													0	043	043	04	1	2.8	6	1	6	0.92514718250631	1	South Korea	KS	KS		37	127.5	KS	0								1	South Korea	KS	KS		37	127.5	KS	20251027151500	https://www.straitstimes.com/asia/se-asia/asean-leaders-push-for-stronger-trade-ties-with-rcep-members-and-other-partners
1270930081	20251027	202510	2025	2025.8137	IGOUNO	UNITED NATIONS		UNO				IGO			IGOSEAASN	ASEAN	SEA	ASN				IGO			0	042	042	04	1	1.9	2	1	2	0.92514718250631	1	South Korea	KS	KS		37	127.5	KS	1	South Korea	KS	KS		37	127.5	KS	1	South Korea	KS	KS		37	127.5	KS	20251027151500	https://www.straitstimes.com/asia/se-asia/asean-leaders-push-for-stronger-trade-ties-with-rcep-members-and-other-partners
1270930082	20251027	202510	2025	2025.8137	IGOUNO	UNITED NATIONS		UNO				IGO			KORGOV	SOUTH KOREA	KOR					GOV			0	042	042	04	1	1.9	2	1	2	0.92514718250631	1	South Korea	KS	KS		37	127.5	KS	1	South Korea	KS	KS		37	127.5	KS	1	South Korea	KS	KS		37	127.5	KS	20251027151500	https://www.straitstimes.com/asia/se-asia/asean-leaders-push-for-stronger-trade-ties-with-rcep-members-and-other-partners
1270930083	20251027	202510	2025	2025.8137	IGOUNO	UNITED NATIONS		UNO				IGO			LBN	LEBANESE	LBN								0	0231	023	02	1	3.4	10	1	10	0.98039215686275	4	Beirut, Beyrouth, Lebanon	LE	LE04	18808	33.8719	35.5097	-801546	4	Beirut, Beyrouth, Lebanon	LE	LE04	18808	33.8719	35.5097	-801546	4	Beirut, Beyrouth, Lebanon	LE	LE04	18808	33.8719	35.5097	-801546	20251027151500	https://www.thenationalnews.com/business/markets/2025/10/27/saudi-arabia-to-let-foreign-investors-keep-trading-even-after-leaving-the-gulf/
1270930084	20251027	202510	2025	2025.8137	IGOUNO	UNITED NATIONS		UNO				IGO			TUR	TURK	TUR								0	112	112	11	3	-2.0	1	1	1	-8.67346938775513	4	Tunis, (TS26), Tunisia	TS	TS26	39471	36.8028	10.1797	-731701	4	Tunis, (TS26), Tunisia	TS	TS26	39471	36.8028	10.1797	-731701	4	Tunis, (TS26), Tunisia	TS	TS26	39471	36.8028	10.1797	-731701	20251027151500	https://www.bssnews.net/international/325656
1270930085	20251027	202510	2025	2025.8137	IGOUNO	UNITED NATIONS		UNO				IGO			TUR	TURK	TUR								0	112	112	11	3	-2.0	4	1	4	-8.67346938775513	1	France	FR	FR		46	2	FR	1	France	FR	FR		46	2	FR	1	France	FR	FR		46	2	FR	20251027151500	https://www.bssnews.net/international/325656
1270930086	20251027	202510	2025	2025.8137	IGOUNODEV	UNESCO		UNO				IGO	DEV												0	043	043	04	1	2.8	5	1	5	6.44490644490644	4	Reims, Champagne-Ardenne, France	FR	FRA4	16269	48.7186	4.66847	-1461343	0								4	Reims, Champagne-Ardenne, France	FR	FRA4	16269	48.7186	4.66847	-1461343	20251027151500	https://www.bonappetit.com/story/culinary-getaways
1270930087	20251027	202510	2025	2025.8137	IGOUNOKID	UNICEF		UNO				IGO													1	033	033	03	1	5.2	5	1	5	1.58730158730158	1	France	FR	FR		46	2	FR	0								1	France	FR	FR		46	2	FR	20251027151500	https://www2.fundsforngos.org/grant/call-for-expression-of-interest-capacity-building-for-solar-powered-wash-systems-2/
1270930088	20251027	202510	2025	2025.8137	IGOWSTNAT	NATO	WST	NAT				IGO			USA	UNITED STATES	USA								1	013	013	01	1	0.4	3	1	3	-2.41691842900302	1	Ukraine	UP	UP		49	32	UP	3	Washington, District of Columbia, United States	US	USDC	DC001	38.8951	-77.0364	531871	3	Washington, District of Columbia, United States	US	USDC	DC001	38.8951	-77.0364	531871	20251027151500	https://www.bssnews.net/international/325659
1270930089	20251027	202510	2025	2025.8137	IND	BHARAT	IND																		0	010	010	01	1	0.0	6	1	6	1.97530864197531	4	Puducherry, Pondicherry, India	IN	IN22	70228	11.93	79.83	-2108165	0								4	Puducherry, Pondicherry, India	IN	IN22	70228	11.93	79.83	-2108165	20251027151500	https://ianslive.in/iasv-triveni-completes-first-leg-of-global-expedition-reaches-australia--20251027202309
1270930090	20251027	202510	2025	2025.8137	IND	WEST BENGAL	IND																		0	042	042	04	1	1.9	8	1	8	-3.78031383737517	4	Siliguri, West Bengal, India	IN	IN28	17951	26.7161	88.4236	-2111079	0								4	Siliguri, West Bengal, India	IN	IN28	17951	26.7161	88.4236	-2111079	20251027151500	https://economictimes.indiatimes.com/news/defence/is-muhammad-yunus-of-bangladesh-needling-india-again/articleshow/124851969.cms
1270930091	20251027	202510	2025	2025.8137	IND	WEST BENGAL	IND																		0	042	042	04	1	1.9	2	1	2	-3.78031383737517	4	Muhammad Yunus, Sindh, Pakistan	PK	PK05	23686	27.5252	68.5774	6121254	0								5	Nagaland, Nagaland, India	IN	IN20	17807	26	94.25	-2105305	20251027151500	https://economictimes.indiatimes.com/news/defence/is-muhammad-yunus-of-bangladesh-needling-india-again/articleshow/124851969.cms
1270930092	20251027	202510	2025	2025.8137	IND	JAMMU AND KASHMIR	IND								GOV	PRIME MINISTER						GOV			1	0831	083	08	2	5.0	2	1	2	0.49019607843138	4	Kashmir, North-West Frontier, Pakistan	PK	PK03	40350	34.796	72.1502	-2764806	4	Kashmir, North-West Frontier, Pakistan	PK	PK03	40350	34.796	72.1502	-2764806	4	Kashmir, North-West Frontier, Pakistan	PK	PK03	40350	34.796	72.1502	-2764806	20251027151500	https://dunyanews.tv/en/Pakistan/914435-ajk-pm-decides-to-face-notrust-motion-amid-political-uncertainty
1270930093	20251027	202510	2025	2025.8137	IND	KOLKATA	IND								INDGOV	MAMATA BANERJEE	IND					GOV			1	020	020	02	1	3.0	10	1	10	-3.21782178217821	4	Kolkata, West Bengal, India	IN	IN28	70294	22.5697	88.3697	-2092511	4	Kolkata, West Bengal, India	IN	IN28	70294	22.5697	88.3697	-2092511	4	Kolkata, West Bengal, India	IN	IN28	70294	22.5697	88.3697	-2092511	20251027151500	https://www.newkerala.com/news/o/bjp-requests-cec-annul-massive-bureaucratic-reshuffle-bengal-141
1270930094	20251027	202510	2025	2025.8137	INDCVL	RAJASTHAN	IND					CVL													0	051	051	05	1	3.4	10	1	10	1.55642023346303	4	Jaipur, Rajasthan, India	IN	IN24	17847	26.9167	75.8167	-2098033	0								4	Jaipur, Rajasthan, India	IN	IN24	17847	26.9167	75.8167	-2098033	20251027151500	https://www.newkerala.com/news/o/rajasthan-prepared-sir-chief-electoral-officer-763
1270930095	20251027	202510	2025	2025.8137	IRL	IRELAND	IRL																		1	042	042	04	1	1.9	5	1	5	6.77966101694916	4	Louth, Louth, Ireland	EI	EI19	18297	53.9486	-6.54139	-1504338	0								4	Dundalk, Louth, Ireland	EI	EI19	18297	54	-6.41667	-1502588	20251027151500	https://www.lmfm.ie/news/news-extra/louth-science-festival-returns-for-its-eighth-year/
1270930096	20251027	202510	2025	2025.8137	IRL	IRELAND	IRL																		1	042	042	04	1	1.9	1	1	1	6.77966101694916	4	Louth, Louth, Ireland	EI	EI19	18297	53.9486	-6.54139	-1504338	0								4	Louth, Louth, Ireland	EI	EI19	18297	53.9486	-6.54139	-1504338	20251027151500	https://www.lmfm.ie/news/news-extra/louth-science-festival-returns-for-its-eighth-year/
1270930097	20251027	202510	2025	2025.8137	IRL	IRELAND	IRL																		1	043	043	04	1	2.8	4	1	4	6.77966101694916	4	Dundalk, Louth, Ireland	EI	EI19	18297	54	-6.41667	-1502588	0								4	Dundalk, Louth, Ireland	EI	EI19	18297	54	-6.41667	-1502588	20251027151500	https://www.lmfm.ie/news/news-extra/louth-science-festival-returns-for-its-eighth-year/
1270930098	20251027	202510	2025	2025.8137	IRL	IRELAND	IRL																		1	043	043	04	1	2.8	1	1	1	6.77966101694916	4	Dundalk, Louth, Ireland	EI	EI19	18297	54	-6.41667	-1502588	0								4	Louth, Louth, Ireland	EI	EI19	18297	53.9486	-6.54139	-1504338	20251027151500	https://www.lmfm.ie/news/news-extra/louth-science-festival-returns-for-its-eighth-year/
1270930099	20251027	202510	2025	2025.8137	IRL	IRELAND	IRL																		1	043	043	04	1	2.8	1	1	1	6.77966101694916	4	Louth, Louth, Ireland	EI	EI19	18297	53.9486	-6.54139	-1504338	0								4	Louth, Louth, Ireland	EI	EI19	18297	53.9486	-6.54139	-1504338	20251027151500	https://www.lmfm.ie/news/news-extra/louth-science-festival-returns-for-its-eighth-year/
1270930100	20251027	202510	2025	2025.8137	IRL	IRELAND	IRL								GOV	KING						GOV			1	043	043	04	1	2.8	4	1	2	-0.36866359447004	1	Ireland	EI	EI		53	-8	EI	1	Ireland	EI	EI		53	-8	EI	1	Ireland	EI	EI		53	-8	EI	20251027151500	https://www.mirror.co.uk/news/politics/king-charles-attends-first-official-36140724
1270930101	20251027	202510	2025	2025.8137	IRL	IRELAND	IRL								MIL	ARMED FORCES						MIL			1	017	017	01	1	0.0	2	1	2	-0.36866359447004	1	Ireland	EI	EI		53	-8	EI	1	Ireland	EI	EI		53	-8	EI	1	Ireland	EI	EI		53	-8	EI	20251027151500	https://www.mirror.co.uk/news/politics/king-charles-attends-first-official-36140724
1270930102	20251027	202510	2025	2025.8137	IRN	IRAN	IRN																		1	010	010	01	1	0.0	5	1	5	3.87453874538745	4	Astara, Gilan, Iran	IR	IR08	534	38.4291	48.872	-3054011	0								4	Astara, Gilan, Iran	IR	IR08	534	38.4291	48.872	-3054011	20251027151500	https://www.trend.az/business/4109487.html
1270930103	20251027	202510	2025	2025.8137	IRN	IRAN	IRN																		1	010	010	01	1	0.0	6	1	6	3.87453874538745	4	Sadegh, Sistan va Baluchestan, Iran	IR	IR04	41138	31.0328	61.4452	-3081699	0								4	Sadegh, Sistan va Baluchestan, Iran	IR	IR04	41138	31.0328	61.4452	-3081699	20251027151500	https://www.trend.az/business/4109487.html
1270930104	20251027	202510	2025	2025.8137	IRN	IRAN	IRN																		1	010	010	01	1	0.0	10	1	10	3.87453874538745	1	Azerbaijan	AJ	AJ		40.5	47.5	AJ	0								1	Azerbaijan	AJ	AJ		40.5	47.5	AJ	20251027151500	https://www.trend.az/business/4109487.html
1270930105	20251027	202510	2025	2025.8137	ISL	REYKJAVIK	ISL								AUS	AUSTRALIA	AUS								1	036	036	03	1	4.0	3	1	3	-2.67379679144385	4	Reykjavik, (IC10), Iceland	IC	IC10	17529	64.15	-21.95	-2651804	4	Reykjavik, (IC10), Iceland	IC	IC10	17529	64.15	-21.95	-2651804	4	Reykjavik, (IC10), Iceland	IC	IC10	17529	64.15	-21.95	-2651804	20251027151500	https://icenews.is/2013/05/21/icelandic-music-festival-reykjavik-music-mess-to-take-place-this-weekend/
1270930106	20251027	202510	2025	2025.8137	ISL	ICELAND	ISL								GBR	UNITED KINGDOM	GBR								1	036	036	03	1	4.0	1	1	1	-2.67379679144385	4	Reykjavik, (IC10), Iceland	IC	IC10	17529	64.15	-21.95	-2651804	1	Australia	AS	AS		-25	135	AS	4	Reykjavik, (IC10), Iceland	IC	IC10	17529	64.15	-21.95	-2651804	20251027151500	https://icenews.is/2013/05/21/icelandic-music-festival-reykjavik-music-mess-to-take-place-this-weekend/
1270930107	20251027	202510	2025	2025.8137	ISL	REYKJAVIK	ISL								GBR	UNITED KINGDOM	GBR								1	036	036	03	1	4.0	2	1	2	-2.67379679144385	4	Reykjavik, (IC10), Iceland	IC	IC10	17529	64.15	-21.95	-2651804	1	United Kingdom	UK	UK		54	-4	UK	4	Reykjavik, (IC10), Iceland	IC	IC10	17529	64.15	-21.95	-2651804	20251027151500	https://icenews.is/2013/05/21/icelandic-music-festival-reykjavik-music-mess-to-take-place-this-weekend/
1270930108	20251027	202510	2025	2025.8137	ISR	ISRAEL	ISR								ARE	ABU DHABI	ARE								1	042	042	04	1	1.9	8	2	8	9.61538461538462	1	Israel	IS	IS		31.5	34.75	IS	1	Israel	IS	IS		31.5	34.75	IS	1	Israel	IS	IS		31.5	34.75	IS	20251027151500	http://www.bignewsnetwork.com/news/278659094/mofa-receives-credentials-copy-from-new-ambassador-of-state-of-palestine
1270930109	20251027	202510	2025	2025.8137	ISR	ISRAEL	ISR								ISROPP	ISRAEL	ISR					OPP			0	0253	025	02	1	-0.3	2	1	2	0.92514718250631	4	Gaza, Israel (general), Israel	IS	IS00	18315	31.4167	34.3333	-797156	4	Gaza, Israel (general), Israel	IS	IS00	18315	31.4167	34.3333	-797156	4	Gaza, Israel (general), Israel	IS	IS00	18315	31.4167	34.3333	-797156	20251027151500	https://www.straitstimes.com/asia/se-asia/asean-leaders-push-for-stronger-trade-ties-with-rcep-members-and-other-partners
1270930110	20251027	202510	2025	2025.8137	ISR	ISRAELI	ISR								OPP	ACTIVIST						OPP			1	111	111	11	3	-2.0	2	1	2	-2.4	4	Tel Aviv, Tel Aviv, Israel	IS	IS05	18316	32.0667	34.7667	-781545	4	Quneitra, Al Qunaytirah, Syria	SY	SY03	26312	33.1259	35.8246	-2538568	4	Quneitra, Al Qunaytirah, Syria	SY	SY03	26312	33.1259	35.8246	-2538568	20251027151500	https://www.plenglish.com/news/2025/10/27/israeli-army-lays-mines-in-nature-reserve-in-syria/
1270930111	20251027	202510	2025	2025.8137	ISR	ISRAEL	ISR								PRTELI	ANTONIO GUTERRES	PRT					ELI			1	015	015	01	1	0.0	2	1	2	-6.66666666666666	4	Gaza, Israel (general), Israel	IS	IS00	18315	31.4167	34.3333	-797156	4	Gaza, Israel (general), Israel	IS	IS00	18315	31.4167	34.3333	-797156	4	Gaza, Israel (general), Israel	IS	IS00	18315	31.4167	34.3333	-797156	20251027151500	https://www.channelnewsasia.com/watch/paralysis-key-issues-not-un-problem-divisions-among-superpowers-un-chief-5427806
1270930112	20251027	202510	2025	2025.8137	ISR	ISRAEL	ISR								PRTELI	ANTONIO GUTERRES	PRT					ELI			1	015	015	01	1	0.0	2	1	2	-6.66666666666666	4	Gaza, Israel (general), Israel	IS	IS00	18315	31.4167	34.3333	-797156	4	Gaza, Israel (general), Israel	IS	IS00	18315	31.4167	34.3333	-797156	1	Malaysia	MY	MY		2.5	112.5	MY	20251027151500	https://www.channelnewsasia.com/watch/paralysis-key-issues-not-un-problem-divisions-among-superpowers-un-chief-5427806
1270930113	20251027	202510	2025	2025.8137	ISR	ISRAEL	ISR								PSE	PALESTINIAN	PSE								0	010	010	01	1	0.0	1	1	1	-2.68729641693811	4	Ankara, Ankara, Turkey	TU	TU68	27516	39.9272	32.8644	-735338	4	Gaza, Israel (general), Israel	IS	IS00	18315	31.4167	34.3333	-797156	4	Ankara, Ankara, Turkey	TU	TU68	27516	39.9272	32.8644	-735338	20251027151500	https://www.thenationalnews.com/news/mena/2025/10/27/europe-has-lost-moral-high-ground-over-gaza-turkish-official-says/
1270930114	20251027	202510	2025	2025.8137	ISR	ISRAEL	ISR								PSE	GAZA	PSE								1	051	051	05	1	3.4	2	1	2	-6.66666666666666	4	Gaza, Israel (general), Israel	IS	IS00	18315	31.4167	34.3333	-797156	4	Gaza, Israel (general), Israel	IS	IS00	18315	31.4167	34.3333	-797156	1	Malaysia	MY	MY		2.5	112.5	MY	20251027151500	https://www.channelnewsasia.com/watch/paralysis-key-issues-not-un-problem-divisions-among-superpowers-un-chief-5427806
1270930115	20251027	202510	2025	2025.8137	ISR	ISRAEL	ISR								PSE	GAZA	PSE								1	051	051	05	1	3.4	2	1	2	-6.66666666666666	4	Gaza, Israel (general), Israel	IS	IS00	18315	31.4167	34.3333	-797156	1	Malaysia	MY	MY		2.5	112.5	MY	1	Malaysia	MY	MY		2.5	112.5	MY	20251027151500	https://www.channelnewsasia.com/watch/paralysis-key-issues-not-un-problem-divisions-among-superpowers-un-chief-5427806
1270930116	20251027	202510	2025	2025.8137	ISR	ISRAELI	ISR								PSEOPP	PALESTINIAN	PSE					OPP			0	0253	025	02	1	-0.3	1	1	1	0.92514718250631	4	Gaza, Israel (general), Israel	IS	IS00	18315	31.4167	34.3333	-797156	4	Gaza, Israel (general), Israel	IS	IS00	18315	31.4167	34.3333	-797156	4	Gaza, Israel (general), Israel	IS	IS00	18315	31.4167	34.3333	-797156	20251027151500	https://www.straitstimes.com/asia/se-asia/asean-leaders-push-for-stronger-trade-ties-with-rcep-members-and-other-partners
1270930117	20251027	202510	2025	2025.8137	ISR	ISRAELI	ISR								PSEOPP	PALESTINIAN	PSE					OPP			0	043	043	04	1	2.8	1	1	1	0.92514718250631	4	Gaza, Israel (general), Israel	IS	IS00	18315	31.4167	34.3333	-797156	4	Gaza, Israel (general), Israel	IS	IS00	18315	31.4167	34.3333	-797156	4	Gaza, Israel (general), Israel	IS	IS00	18315	31.4167	34.3333	-797156	20251027151500	https://www.straitstimes.com/asia/se-asia/asean-leaders-push-for-stronger-trade-ties-with-rcep-members-and-other-partners
1270930118	20251027	202510	2025	2025.8137	ISR	ISRAELI	ISR								PSEREB	HAMAS	PSE					REB			0	043	043	04	1	2.8	1	1	1	-2.68729641693811	4	Ankara, Ankara, Turkey	TU	TU68	27516	39.9272	32.8644	-735338	4	Gaza, Israel (general), Israel	IS	IS00	18315	31.4167	34.3333	-797156	4	Gaza, Israel (general), Israel	IS	IS00	18315	31.4167	34.3333	-797156	20251027151500	https://www.thenationalnews.com/news/mena/2025/10/27/europe-has-lost-moral-high-ground-over-gaza-turkish-official-says/
1270930119	20251027	202510	2025	2025.8137	ISR	ISRAELI	ISR								SYR	SYRIA	SYR								1	080	080	08	2	5.0	2	1	2	-2.4	4	Tel Aviv, Tel Aviv, Israel	IS	IS05	18316	32.0667	34.7667	-781545	4	Quneitra, Al Qunaytirah, Syria	SY	SY03	26312	33.1259	35.8246	-2538568	4	Quneitra, Al Qunaytirah, Syria	SY	SY03	26312	33.1259	35.8246	-2538568	20251027151500	https://www.plenglish.com/news/2025/10/27/israeli-army-lays-mines-in-nature-reserve-in-syria/
1270930120	20251027	202510	2025	2025.8137	ISR	ISRAELI	ISR								SYR	SYRIA	SYR								1	190	190	19	4	-10.0	2	1	2	-2.4	4	Quneitra, Al Qunaytirah, Syria	SY	SY03	26312	33.1259	35.8246	-2538568	4	Quneitra, Al Qunaytirah, Syria	SY	SY03	26312	33.1259	35.8246	-2538568	4	Quneitra, Al Qunaytirah, Syria	SY	SY03	26312	33.1259	35.8246	-2538568	20251027151500	https://www.plenglish.com/news/2025/10/27/israeli-army-lays-mines-in-nature-reserve-in-syria/
1270930121	20251027	202510	2025	2025.8137	ISRCVL	ISRAEL	ISR					CVL													1	010	010	01	1	0.0	2	1	2	-6.70926517571885	4	Gaza, Israel (general), Israel	IS	IS00	18315	31.4167	34.3333	-797156	0								4	Gaza, Israel (general), Israel	IS	IS00	18315	31.4167	34.3333	-797156	20251027151500	https://themedialine.org/mideast-daily-news/israel-sets-tunnel-demolition-as-gaza-wars-new-center-of-gravity/
1270930122	20251027	202510	2025	2025.8137	ISRCVL	ISRAEL	ISR					CVL			CVL	CIVILIAN						CVL			1	130	130	13	3	-4.4	2	1	2	-6.70926517571885	4	Gaza, Israel (general), Israel	IS	IS00	18315	31.4167	34.3333	-797156	4	Gaza, Israel (general), Israel	IS	IS00	18315	31.4167	34.3333	-797156	4	Gaza, Israel (general), Israel	IS	IS00	18315	31.4167	34.3333	-797156	20251027151500	https://themedialine.org/mideast-daily-news/israel-sets-tunnel-demolition-as-gaza-wars-new-center-of-gravity/
1270930123	20251027	202510	2025	2025.8137	ISRMIL	ISRAELI	ISR					MIL			OPP	ACTIVIST						OPP			1	111	111	11	3	-2.0	8	1	8	-2.4	4	Tel Aviv, Tel Aviv, Israel	IS	IS05	18316	32.0667	34.7667	-781545	4	Quneitra, Al Qunaytirah, Syria	SY	SY03	26312	33.1259	35.8246	-2538568	4	Quneitra, Al Qunaytirah, Syria	SY	SY03	26312	33.1259	35.8246	-2538568	20251027151500	https://www.plenglish.com/news/2025/10/27/israeli-army-lays-mines-in-nature-reserve-in-syria/
1270930124	20251027	202510	2025	2025.8137	ISRMIL	ISRAELI	ISR					MIL			OPP	ACTIVIST						OPP			1	190	190	19	4	-10.0	2	1	2	-2.4	4	Golan Heights, Syria (general), Syria	SY	SY00	26337	32.9049	35.8072	-2538190	4	Golan Heights, Syria (general), Syria	SY	SY00	26337	32.9049	35.8072	-2538190	4	Golan Heights, Syria (general), Syria	SY	SY00	26337	32.9049	35.8072	-2538190	20251027151500	https://www.plenglish.com/news/2025/10/27/israeli-army-lays-mines-in-nature-reserve-in-syria/
1270930125	20251027	202510	2025	2025.8137	ISRMIL	ISRAEL	ISR					MIL			SYR	SYRIA	SYR								1	080	080	08	2	5.0	2	1	2	-2.4	4	Tel Aviv, Tel Aviv, Israel	IS	IS05	18316	32.0667	34.7667	-781545	4	Quneitra, Al Qunaytirah, Syria	SY	SY03	26312	33.1259	35.8246	-2538568	4	Quneitra, Al Qunaytirah, Syria	SY	SY03	26312	33.1259	35.8246	-2538568	20251027151500	https://www.plenglish.com/news/2025/10/27/israeli-army-lays-mines-in-nature-reserve-in-syria/
1270930126	20251027	202510	2025	2025.8137	ISRMIL	ISRAEL	ISR					MIL			SYR	SYRIA	SYR								1	190	190	19	4	-10.0	4	1	4	-2.4	4	Golan Heights, Syria (general), Syria	SY	SY00	26337	32.9049	35.8072	-2538190	4	Golan Heights, Syria (general), Syria	SY	SY00	26337	32.9049	35.8072	-2538190	4	Golan Heights, Syria (general), Syria	SY	SY00	26337	32.9049	35.8072	-2538190	20251027151500	https://www.plenglish.com/news/2025/10/27/israeli-army-lays-mines-in-nature-reserve-in-syria/
1270930127	20251027	202510	2025	2025.8137	ISRMIL	ISRAEL	ISR					MIL			SYR	SYRIA	SYR								1	190	190	19	4	-10.0	2	1	2	-2.4	4	Quneitra, Al Qunaytirah, Syria	SY	SY03	26312	33.1259	35.8246	-2538568	4	Quneitra, Al Qunaytirah, Syria	SY	SY03	26312	33.1259	35.8246	-2538568	4	Quneitra, Al Qunaytirah, Syria	SY	SY03	26312	33.1259	35.8246	-2538568	20251027151500	https://www.plenglish.com/news/2025/10/27/israeli-army-lays-mines-in-nature-reserve-in-syria/
1270930128	20251027	202510	2025	2025.8137	ISROPP	ISRAEL	ISR					OPP													1	111	111	11	3	-2.0	4	1	4	-22.7642276422764	1	Israel	IS	IS		31.5	34.75	IS	0								1	Israel	IS	IS		31.5	34.75	IS	20251027151500	https://www.plenglish.com/news/2025/10/27/israel-keeps-49-palestinian-women-detained/
1270930129	20251027	202510	2025	2025.8137	ISROPP	ISRAEL	ISR					OPP			ISR	ISRAEL	ISR								0	0841	084	08	2	7.0	2	1	2	0.92514718250631	4	Gaza, Israel (general), Israel	IS	IS00	18315	31.4167	34.3333	-797156	4	Gaza, Israel (general), Israel	IS	IS00	18315	31.4167	34.3333	-797156	4	Gaza, Israel (general), Israel	IS	IS00	18315	31.4167	34.3333	-797156	20251027151500	https://www.straitstimes.com/asia/se-asia/asean-leaders-push-for-stronger-trade-ties-with-rcep-members-and-other-partners
1270930130	20251027	202510	2025	2025.8137	ISROPP	ISRAEL	ISR					OPP			OPP	DETAINEE						OPP			1	111	111	11	3	-2.0	4	1	4	-22.7642276422764	1	Israel	IS	IS		31.5	34.75	IS	1	Israel	IS	IS		31.5	34.75	IS	1	Israel	IS	IS		31.5	34.75	IS	20251027151500	https://www.plenglish.com/news/2025/10/27/israel-keeps-49-palestinian-women-detained/
1270930131	20251027	202510	2025	2025.8137	ITA	ITALY	ITA																		1	080	080	08	2	5.0	2	1	2	2.59562841530055	4	Etna, Sicilia, Italy	IT	IT15	18392	37.75	15	-117109	0								4	Etna, Sicilia, Italy	IT	IT15	18392	37.75	15	-117109	20251027151500	https://www.decanter.com/wine-news/opinion/guest-blog/cristina-mercuri-wines-on-the-edge-how-etna-is-redefining-elegance-567743/
1270930132	20251027	202510	2025	2025.8137	ITA	ROME	ITA								GBR	GLASGOW	GBR								1	060	060	06	2	6.0	10	1	10	9.83606557377049	4	Rome, Lazio, Italy	IT	IT07	18350	41.9	12.4833	-126693	4	Glasgow, Glasgow City, United Kingdom	UK	UKV2	40176	55.8333	-4.25	-2597039	4	Glasgow, Glasgow City, United Kingdom	UK	UKV2	40176	55.8333	-4.25	-2597039	20251027151500	https://www.thenational.scot/news/25574181.glasgow-airport-launches-new-wizz-air-flights-rome-milan/
1270930133	20251027	202510	2025	2025.8137	ITA	ITALIAN	ITA								GBR	GLASGOW	GBR								1	060	060	06	2	6.0	9	1	9	-5.09554140127388	1	Italy	IT	IT		42.833333	12.833333	IT	4	Glasgow, Glasgow City, United Kingdom	UK	UKV2	40176	55.8333	-4.25	-2597039	4	Glasgow, Glasgow City, United Kingdom	UK	UKV2	40176	55.8333	-4.25	-2597039	20251027151500	https://www.thenational.scot/news/25574309.2-charged-police-seize-200k-fireworks-west-lothian/
1270930134	20251027	202510	2025	2025.8137	ITA	ITALY	ITA								MIL	NAVY						MIL			0	051	051	05	1	3.4	2	1	2	0.0970402717127601	2	Texas, United States	US	USTX		31.106	-97.6475	TX	2	Texas, United States	US	USTX		31.106	-97.6475	TX	2	Texas, United States	US	USTX		31.106	-97.6475	TX	20251027151500	https://www.flyingmag.com/living-historian-groups-walk-back-in-time-at-airshows/
1270930135	20251027	202510	2025	2025.8137	JAM	JAMAICA	JAM								CUB	CUBA	CUB								0	192	192	19	4	-9.5	10	1	10	-10.2189781021898	1	Jamaica	JM	JM		18.25	-77.5	JM	1	Cuba	CU	CU		22	-79.5	CU	1	Jamaica	JM	JM		18.25	-77.5	JM	20251027151500	https://economictimes.indiatimes.com/news/international/us/hurricane-melissa-tracker-category-5-monster-to-bring-the-worst-storm-catastrophic-rainfall-and-destruction-in-the-next-48-hours/articleshow/124852004.cms
1270930136	20251027	202510	2025	2025.8137	JAM	JAMAICA	JAM								HTI	HAITI	HTI								0	192	192	19	4	-9.5	2	1	2	-10.2189781021898	1	Jamaica	JM	JM		18.25	-77.5	JM	1	Cuba	CU	CU		22	-79.5	CU	1	Jamaica	JM	JM		18.25	-77.5	JM	20251027151500	https://economictimes.indiatimes.com/news/international/us/hurricane-melissa-tracker-category-5-monster-to-bring-the-worst-storm-catastrophic-rainfall-and-destruction-in-the-next-48-hours/articleshow/124852004.cms
1270930137	20251027	202510	2025	2025.8137	JAM	JAMAICA	JAM								HTI	HAITI	HTI								0	192	192	19	4	-9.5	8	1	8	-10.2189781021898	1	Jamaica	JM	JM		18.25	-77.5	JM	1	Haiti	HA	HA		19	-72.416667	HA	1	Jamaica	JM	JM		18.25	-77.5	JM	20251027151500	https://economictimes.indiatimes.com/news/international/us/hurricane-melissa-tracker-category-5-monster-to-bring-the-worst-storm-catastrophic-rainfall-and-destruction-in-the-next-48-hours/articleshow/124852004.cms
1270930138	20251027	202510	2025	2025.8137	JAM	JAMAICA	JAM								USA	CHICAGO	USA								1	042	042	04	1	1.9	3	1	3	0.13605442176871	3	Chicago, Illinois, United States	US	USIL	IL031	41.85	-87.6501	423587	3	Chicago, Illinois, United States	US	USIL	IL031	41.85	-87.6501	423587	3	University Of Kentucky, Kentucky, United States	US	USKY		38.0304	-84.4994	505846	20251027151500	https://kykernel.com/119026/news/witnessing-our-own-ugliness-ebony-g-patterson-opens-uk-gaines-center-origins-series/
1270930139	20251027	202510	2025	2025.8137	JAM	JAMAICA	JAM								USA	CHICAGO	USA								1	042	042	04	1	1.9	2	1	2	0.13605442176871	1	Jamaica	JM	JM		18.25	-77.5	JM	3	Chicago, Illinois, United States	US	USIL	IL031	41.85	-87.6501	423587	3	Chicago, Illinois, United States	US	USIL	IL031	41.85	-87.6501	423587	20251027151500	https://kykernel.com/119026/news/witnessing-our-own-ugliness-ebony-g-patterson-opens-uk-gaines-center-origins-series/
1270930140	20251027	202510	2025	2025.8137	JAM	JAMAICA	JAM								USA	CHICAGO	USA								1	042	042	04	1	1.9	2	1	2	0.13605442176871	1	Jamaica	JM	JM		18.25	-77.5	JM	3	Chicago, Illinois, United States	US	USIL	IL031	41.85	-87.6501	423587	3	University Of Kentucky, Kentucky, United States	US	USKY		38.0304	-84.4994	505846	20251027151500	https://kykernel.com/119026/news/witnessing-our-own-ugliness-ebony-g-patterson-opens-uk-gaines-center-origins-series/
1270930141	20251027	202510	2025	2025.8137	JAM	JAMAICA	JAM								USA	CHICAGO	USA								1	042	042	04	1	1.9	3	1	3	0.13605442176871	1	United Kingdom	UK	UK		54	-4	UK	1	United Kingdom	UK	UK		54	-4	UK	1	United Kingdom	UK	UK		54	-4	UK	20251027151500	https://kykernel.com/119026/news/witnessing-our-own-ugliness-ebony-g-patterson-opens-uk-gaines-center-origins-series/
1270930142	20251027	202510	2025	2025.8137	JAM	JAMAICA	JAM								USA	UNITED STATES	USA								1	043	043	04	1	2.8	4	1	4	-6.91547749725576	4	Montego Bay, Saint James, Jamaica	JM	JM12	18429	18.4712	-77.9188	-3752832	2	Tennessee, United States	US	USTN		35.7449	-86.7489	TN	3	Miami International Airport, Florida, United States	US	USFL		25.7955	-80.2765	309683	20251027151500	https://www.nbcwashington.com/news/national-international/melissa-strengthens-to-a-category-5-hurricane-as-it-nears-jamaica/4007182/
1270930143	20251027	202510	2025	2025.8137	JAM	MONTEGO BAY	JAM								USA	TENNESSEE	USA								1	043	043	04	1	2.8	6	1	6	-6.91547749725576	4	Montego Bay, Saint James, Jamaica	JM	JM12	18429	18.4712	-77.9188	-3752832	2	Tennessee, United States	US	USTN		35.7449	-86.7489	TN	2	Tennessee, United States	US	USTN		35.7449	-86.7489	TN	20251027151500	https://www.nbcwashington.com/news/national-international/melissa-strengthens-to-a-category-5-hurricane-as-it-nears-jamaica/4007182/
1270930144	20251027	202510	2025	2025.8137	JAN	JAIN				JAN															0	020	020	02	1	3.0	6	1	6	0.69108500345543	2	New York, United States	US	USNY		42.1497	-74.9384	NY	0								2	New York, United States	US	USNY		42.1497	-74.9384	NY	20251027151500	https://www.yahoo.com/news/articles/left-wing-ideas-wrecked-democrats-143617036.html
1270930145	20251027	202510	2025	2025.8137	JEWCVL	JEWISH				JEW		CVL													1	010	010	01	1	0.0	10	1	10	-3.86740331491713	0								0								0								20251027151500	https://www.lgcplus.com/politics/governance-and-structure/not-a-shred-of-evidence-for-roney-antisemitism-claim-27-10-2025/
1270930146	20251027	202510	2025	2025.8137	JEWCVL	JEWISH				JEW		CVL			TUN	TUNISIA	TUN								0	046	046	04	1	7.0	4	1	4	-4.12926391382406	1	Tunisia	TS	TS		34	9	TS	1	Tunisia	TS	TS		34	9	TS	1	Tunisia	TS	TS		34	9	TS	20251027151500	https://www.manchestereveningnews.co.uk/news/greater-manchester-news/alleged-fanatics-laughed-discussed-forming-32755814
1270930147	20251027	202510	2025	2025.8137	JOR	JORDAN	JOR								JORGOV	ABDULLAH II	JOR					GOV			1	042	042	04	1	1.9	1	1	1	7.29613733905579	1	Pakistan	PK	PK		30	70	PK	1	Pakistan	PK	PK		30	70	PK	1	Pakistan	PK	PK		30	70	PK	20251027151500	https://dunyanews.tv/en/Pakistan/914426-field-marshal-asim-munir-meets-jordanian-king-to-strengthen-defence-ti
1270930148	20251027	202510	2025	2025.8137	JOR	JORDAN	JOR								JORGOV	JORDAN	JOR					GOV			1	043	043	04	1	2.8	7	1	7	7.29613733905579	4	Amman, (JO11), Jordan	JO	JO11	36728	31.95	35.9333	-970362	4	Amman, (JO11), Jordan	JO	JO11	36728	31.95	35.9333	-970362	4	Amman, (JO11), Jordan	JO	JO11	36728	31.95	35.9333	-970362	20251027151500	https://dunyanews.tv/en/Pakistan/914426-field-marshal-asim-munir-meets-jordanian-king-to-strengthen-defence-ti
1270930149	20251027	202510	2025	2025.8137	JOR	JORDAN	JOR								JORMIL	JORDAN	JOR					MIL			0	046	046	04	1	7.0	1	1	1	7.29613733905579	4	Amman, (JO11), Jordan	JO	JO11	36728	31.95	35.9333	-970362	4	Amman, (JO11), Jordan	JO	JO11	36728	31.95	35.9333	-970362	4	Amman, (JO11), Jordan	JO	JO11	36728	31.95	35.9333	-970362	20251027151500	https://dunyanews.tv/en/Pakistan/914426-field-marshal-asim-munir-meets-jordanian-king-to-strengthen-defence-ti
1270930150	20251027	202510	2025	2025.8137	JOR	JORDAN	JOR								MIL	MAJOR GENERAL						MIL			0	046	046	04	1	7.0	1	1	1	7.29613733905579	4	Amman, (JO11), Jordan	JO	JO11	36728	31.95	35.9333	-970362	4	Amman, (JO11), Jordan	JO	JO11	36728	31.95	35.9333	-970362	4	Amman, (JO11), Jordan	JO	JO11	36728	31.95	35.9333	-970362	20251027151500	https://dunyanews.tv/en/Pakistan/914426-field-marshal-asim-munir-meets-jordanian-king-to-strengthen-defence-ti
1270930151	20251027	202510	2025	2025.8137	JOR	JORDAN	JOR								MIL	MAJOR GENERAL						MIL			0	046	046	04	1	7.0	1	1	1	7.29613733905579	1	Pakistan	PK	PK		30	70	PK	1	Pakistan	PK	PK		30	70	PK	1	Pakistan	PK	PK		30	70	PK	20251027151500	https://dunyanews.tv/en/Pakistan/914426-field-marshal-asim-munir-meets-jordanian-king-to-strengthen-defence-ti
1270930152	20251027	202510	2025	2025.8137	JOR	JORDANIAN	JOR								PSE	GAZA	PSE								1	0256	025	02	1	-0.3	2	1	2	0.67114093959731	4	Gaza, Israel (general), Israel	IS	IS00	18315	31.4167	34.3333	-797156	4	Gaza, Israel (general), Israel	IS	IS00	18315	31.4167	34.3333	-797156	4	Gaza, Israel (general), Israel	IS	IS00	18315	31.4167	34.3333	-797156	20251027151500	https://sana.sy/en/international/2274500/
1270930153	20251027	202510	2025	2025.8137	JORELI	HASSAN	JOR					ELI			OPP	THE OPPOSITION						OPP			1	046	046	04	1	7.0	4	1	4	0.49019607843138	4	Kashmir, North-West Frontier, Pakistan	PK	PK03	40350	34.796	72.1502	-2764806	4	Kashmir, North-West Frontier, Pakistan	PK	PK03	40350	34.796	72.1502	-2764806	4	Kashmir, North-West Frontier, Pakistan	PK	PK03	40350	34.796	72.1502	-2764806	20251027151500	https://dunyanews.tv/en/Pakistan/914435-ajk-pm-decides-to-face-notrust-motion-amid-political-uncertainty
1270930154	20251027	202510	2025	2025.8137	JORELI	HASSAN	JOR					ELI			OPP	THE OPPOSITION						OPP			1	160	160	16	4	-4.0	4	1	4	0.49019607843138	4	Kashmir, North-West Frontier, Pakistan	PK	PK03	40350	34.796	72.1502	-2764806	4	Kashmir, North-West Frontier, Pakistan	PK	PK03	40350	34.796	72.1502	-2764806	4	Kashmir, North-West Frontier, Pakistan	PK	PK03	40350	34.796	72.1502	-2764806	20251027151500	https://dunyanews.tv/en/Pakistan/914435-ajk-pm-decides-to-face-notrust-motion-amid-political-uncertainty
1270930155	20251027	202510	2025	2025.8137	JORGOV	JORDAN	JOR					GOV			JOR	JORDAN	JOR								1	010	010	01	1	0.0	1	1	1	0.67114093959731	4	Gaza, Israel (general), Israel	IS	IS00	18315	31.4167	34.3333	-797156	4	Gaza, Israel (general), Israel	IS	IS00	18315	31.4167	34.3333	-797156	4	Gaza, Israel (general), Israel	IS	IS00	18315	31.4167	34.3333	-797156	20251027151500	https://sana.sy/en/international/2274500/
1270930156	20251027	202510	2025	2025.8137	JORGOV	JORDAN	JOR					GOV			JOR	JORDAN	JOR								1	010	010	01	1	0.0	1	1	1	0.67114093959731	1	Jordan	JO	JO		31	36	JO	1	Jordan	JO	JO		31	36	JO	1	Jordan	JO	JO		31	36	JO	20251027151500	https://sana.sy/en/international/2274500/
1270930157	20251027	202510	2025	2025.8137	JORGOV	JORDAN	JOR					GOV			JOR	JORDAN	JOR								1	042	042	04	1	1.9	7	1	7	7.29613733905579	1	Pakistan	PK	PK		30	70	PK	1	Pakistan	PK	PK		30	70	PK	1	Pakistan	PK	PK		30	70	PK	20251027151500	https://dunyanews.tv/en/Pakistan/914426-field-marshal-asim-munir-meets-jordanian-king-to-strengthen-defence-ti
1270930158	20251027	202510	2025	2025.8137	JORGOV	ABDULLAH II	JOR					GOV			JOR	JORDAN	JOR								1	043	043	04	1	2.8	1	1	1	7.29613733905579	4	Amman, (JO11), Jordan	JO	JO11	36728	31.95	35.9333	-970362	4	Amman, (JO11), Jordan	JO	JO11	36728	31.95	35.9333	-970362	4	Amman, (JO11), Jordan	JO	JO11	36728	31.95	35.9333	-970362	20251027151500	https://dunyanews.tv/en/Pakistan/914426-field-marshal-asim-munir-meets-jordanian-king-to-strengthen-defence-ti
1270930159	20251027	202510	2025	2025.8137	JORGOV	JORDAN	JOR					GOV			QAT	QATAR	QAT								1	070	070	07	2	7.0	2	1	2	0.67114093959731	1	Jordan	JO	JO		31	36	JO	1	Jordan	JO	JO		31	36	JO	1	Jordan	JO	JO		31	36	JO	20251027151500	https://sana.sy/en/international/2274500/
1270930160	20251027	202510	2025	2025.8137	JORMIL	JORDAN	JOR					MIL			JOR	JORDAN	JOR								0	046	046	04	1	7.0	1	1	1	7.29613733905579	4	Amman, (JO11), Jordan	JO	JO11	36728	31.95	35.9333	-970362	4	Amman, (JO11), Jordan	JO	JO11	36728	31.95	35.9333	-970362	4	Amman, (JO11), Jordan	JO	JO11	36728	31.95	35.9333	-970362	20251027151500	https://dunyanews.tv/en/Pakistan/914426-field-marshal-asim-munir-meets-jordanian-king-to-strengthen-defence-ti
1270930161	20251027	202510	2025	2025.8137	JORMIL	JORDAN	JOR					MIL			PAKUAF	PAKISTAN	PAK					UAF			0	051	051	05	1	3.4	2	1	2	7.29613733905579	4	Amman, (JO11), Jordan	JO	JO11	36728	31.95	35.9333	-970362	4	Amman, (JO11), Jordan	JO	JO11	36728	31.95	35.9333	-970362	4	Amman, (JO11), Jordan	JO	JO11	36728	31.95	35.9333	-970362	20251027151500	https://dunyanews.tv/en/Pakistan/914426-field-marshal-asim-munir-meets-jordanian-king-to-strengthen-defence-ti
1270930162	20251027	202510	2025	2025.8137	JORMIL	JORDAN	JOR					MIL			PAKUAF	PAKISTAN	PAK					UAF			0	070	070	07	2	7.0	2	1	2	7.29613733905579	4	Amman, (JO11), Jordan	JO	JO11	36728	31.95	35.9333	-970362	4	Amman, (JO11), Jordan	JO	JO11	36728	31.95	35.9333	-970362	4	Amman, (JO11), Jordan	JO	JO11	36728	31.95	35.9333	-970362	20251027151500	https://dunyanews.tv/en/Pakistan/914426-field-marshal-asim-munir-meets-jordanian-king-to-strengthen-defence-ti
1270930163	20251027	202510	2025	2025.8137	JPN	JAPAN	JPN																		1	141	141	14	3	-6.5	4	1	4	0.84226646248086	1	United Kingdom	UK	UK		54	-4	UK	0								1	United Kingdom	UK	UK		54	-4	UK	20251027151500	https://www.1854.photography/2022/05/send-nudes/?text=https:/www.1854.photography/2025/10/storm-four-takes-on-photographys-leading-sustainability-prize/
1270930164	20251027	202510	2025	2025.8137	JPN	JAPAN	JPN								CANGOV	CANADA	CAN					GOV			0	040	040	04	1	1.0	2	1	2	-3.23834196891191	4	Tokyo, Tokyo, Japan	JA	JA40	36340	35.685	139.751	-246227	1	Canada	CA	CA		60	-96	CA	1	Canada	CA	CA		60	-96	CA	20251027151500	https://www.thedailybeast.com/donald-trump-threatens-to-ban-rival-political-ads-in-truth-twisting-meltdown/
1270930165	20251027	202510	2025	2025.8137	JPN	JAPAN	JPN								CANGOV	CANADA	CAN					GOV			0	046	046	04	1	7.0	2	1	2	-3.23834196891191	4	Tokyo, Tokyo, Japan	JA	JA40	36340	35.685	139.751	-246227	1	Canada	CA	CA		60	-96	CA	4	Tokyo, Tokyo, Japan	JA	JA40	36340	35.685	139.751	-246227	20251027151500	https://www.thedailybeast.com/donald-trump-threatens-to-ban-rival-political-ads-in-truth-twisting-meltdown/
1270930166	20251027	202510	2025	2025.8137	JPN	TOKYO	JPN								CHN	CHINA	CHN								1	036	036	03	1	4.0	6	1	6	1.85430463576159	4	Tokyo, Tokyo, Japan	JA	JA40	36340	35.685	139.751	-246227	4	Lifeng, Guangdong, China	CH	CH30	13047	23.7822	116.151	9198279	4	Tokyo, Tokyo, Japan	JA	JA40	36340	35.685	139.751	-246227	20251027151500	https://www.bssnews.net/international/325590
1270930167	20251027	202510	2025	2025.8137	JPN	JAPAN	JPN								CHN	CHINA	CHN								1	036	036	03	1	4.0	2	1	2	1.85430463576159	4	Tokyo, Tokyo, Japan	JA	JA40	36340	35.685	139.751	-246227	4	Lifeng, Guangdong, China	CH	CH30	13047	23.7822	116.151	9198279	4	Lifeng, Guangdong, China	CH	CH30	13047	23.7822	116.151	9198279	20251027151500	https://www.bssnews.net/international/325590
1270930168	20251027	202510	2025	2025.8137	JPN	OSAKA	JPN								CHN	CHINESE	CHN								0	043	043	04	1	2.8	2	1	2	-3.23834196891191	4	Osaka, Osaka, Japan	JA	JA32	35840	34.6667	135.5	-240905	1	Canada	CA	CA		60	-96	CA	1	Canada	CA	CA		60	-96	CA	20251027151500	https://www.thedailybeast.com/donald-trump-threatens-to-ban-rival-political-ads-in-truth-twisting-meltdown/
1270930169	20251027	202510	2025	2025.8137	JPN	OSAKA	JPN								CHN	CHINESE	CHN								0	043	043	04	1	2.8	2	1	2	-3.23834196891191	4	Osaka, Osaka, Japan	JA	JA32	35840	34.6667	135.5	-240905	1	China	CH	CH		35	105	CH	1	Canada	CA	CA		60	-96	CA	20251027151500	https://www.thedailybeast.com/donald-trump-threatens-to-ban-rival-political-ads-in-truth-twisting-meltdown/
1270930170	20251027	202510	2025	2025.8137	JPN	TOKYO	JPN								CHN	CHINA	CHN								1	164	164	16	4	-7.0	6	1	6	1.85430463576159	4	Tokyo, Tokyo, Japan	JA	JA40	36340	35.685	139.751	-246227	4	Lifeng, Guangdong, China	CH	CH30	13047	23.7822	116.151	9198279	4	Lifeng, Guangdong, China	CH	CH30	13047	23.7822	116.151	9198279	20251027151500	https://www.bssnews.net/international/325590
1270930171	20251027	202510	2025	2025.8137	JPN	TOKYO	JPN								CHN	CHINA	CHN								1	164	164	16	4	-7.0	4	1	4	1.85430463576159	4	Lifeng, Guangdong, China	CH	CH30	13047	23.7822	116.151	9198279	4	Lifeng, Guangdong, China	CH	CH30	13047	23.7822	116.151	9198279	4	Lifeng, Guangdong, China	CH	CH30	13047	23.7822	116.151	9198279	20251027151500	https://www.bssnews.net/international/325590
1270930172	20251027	202510	2025	2025.8137	JPN	JAPAN	JPN								CHNGOV	XI JINPING	CHN					GOV			1	036	036	03	1	4.0	2	1	2	1.85430463576159	4	Tokyo, Tokyo, Japan	JA	JA40	36340	35.685	139.751	-246227	4	Lifeng, Guangdong, China	CH	CH30	13047	23.7822	116.151	9198279	4	Lifeng, Guangdong, China	CH	CH30	13047	23.7822	116.151	9198279	20251027151500	https://www.bssnews.net/international/325590
1270930173	20251027	202510	2025	2025.8137	JPN	OSAKA	JPN								CHNGOV	XI JINPING	CHN					GOV			0	043	043	04	1	2.8	6	1	6	-3.23834196891191	4	Osaka, Osaka, Japan	JA	JA32	35840	34.6667	135.5	-240905	4	Osaka, Osaka, Japan	JA	JA32	35840	34.6667	135.5	-240905	4	Osaka, Osaka, Japan	JA	JA32	35840	34.6667	135.5	-240905	20251027151500	https://www.thedailybeast.com/donald-trump-threatens-to-ban-rival-political-ads-in-truth-twisting-meltdown/
1270930174	20251027	202510	2025	2025.8137	JPN	TOKYO	JPN								CHNGOV	XI JINPING	CHN					GOV			1	164	164	16	4	-7.0	2	1	2	1.85430463576159	4	Tokyo, Tokyo, Japan	JA	JA40	36340	35.685	139.751	-246227	4	Lifeng, Guangdong, China	CH	CH30	13047	23.7822	116.151	9198279	4	Lifeng, Guangdong, China	CH	CH30	13047	23.7822	116.151	9198279	20251027151500	https://www.bssnews.net/international/325590
1270930175	20251027	202510	2025	2025.8137	JPN	TOKYO	JPN								CHNGOV	XI JINPING	CHN					GOV			1	164	164	16	4	-7.0	2	1	2	1.85430463576159	4	Lifeng, Guangdong, China	CH	CH30	13047	23.7822	116.151	9198279	4	Lifeng, Guangdong, China	CH	CH30	13047	23.7822	116.151	9198279	4	Lifeng, Guangdong, China	CH	CH30	13047	23.7822	116.151	9198279	20251027151500	https://www.bssnews.net/international/325590
1270930176	20251027	202510	2025	2025.8137	JPN	JAPAN	JPN								EDU	ECONOMIST						EDU			0	013	013	01	1	0.4	4	1	4	1.60550458715596	1	Japan	JA	JA		36	138	JA	1	Japan	JA	JA		36	138	JA	1	Japan	JA	JA		36	138	JA	20251027151500	https://www.thedailybeast.com/donald-trump-brags-hed-love-to-do-a-third-term-as-president-of-the-united-states/
1270930177	20251027	202510	2025	2025.8137	JPN	TOKYO	JPN								GOV	PRESIDENT						GOV			0	043	043	04	1	2.8	2	1	2	1.05263157894736	4	Haneda, Wakayama, Japan	JA	JA43	36528	33.75	135.333	-228452	4	Kuala Lumpur, Kuala Lumpur, Malaysia	MY	MY14	18585	3.16667	101.7	-2403010	4	Haneda, Wakayama, Japan	JA	JA43	36528	33.75	135.333	-228452	20251027151500	https://www.thedailybeast.com/donald-trump-79-lets-slip-he-underwent-an-mri-scan-during-walter-reed-visit/
1270930178	20251027	202510	2025	2025.8137	JPN	JAPAN	JPN								MIL	AIR FORCE						MIL			0	013	013	01	1	0.4	2	1	2	1.85430463576159	4	Tokyo, Tokyo, Japan	JA	JA40	36340	35.685	139.751	-246227	4	Kuala Lumpur, Kuala Lumpur, Malaysia	MY	MY14	18585	3.16667	101.7	-2403010	4	Kuala Lumpur, Kuala Lumpur, Malaysia	MY	MY14	18585	3.16667	101.7	-2403010	20251027151500	https://www.bssnews.net/international/325590
1270930179	20251027	202510	2025	2025.8137	JPN	TOKYO	JPN								MYSGOV	MALAYSIA	MYS					GOV			0	043	043	04	1	2.8	2	1	2	1.05263157894736	4	Kuala Lumpur, Kuala Lumpur, Malaysia	MY	MY14	18585	3.16667	101.7	-2403010	4	Kuala Lumpur, Kuala Lumpur, Malaysia	MY	MY14	18585	3.16667	101.7	-2403010	4	Kuala Lumpur, Kuala Lumpur, Malaysia	MY	MY14	18585	3.16667	101.7	-2403010	20251027151500	https://www.thedailybeast.com/donald-trump-79-lets-slip-he-underwent-an-mri-scan-during-walter-reed-visit/
1270930180	20251027	202510	2025	2025.8137	JPNGOV	JAPAN	JPN					GOV													1	120	120	12	3	-4.0	2	1	2	1.60550458715596	2	Michigan, United States	US	USMI		43.3504	-84.5603	MI	0								3	White House, District of Columbia, United States	US	USDC		38.8951	-77.0364	531871	20251027151500	https://www.thedailybeast.com/donald-trump-brags-hed-love-to-do-a-third-term-as-president-of-the-united-states/
1270930181	20251027	202510	2025	2025.8137	JPNGOV	JAPAN	JPN					GOV			GOV	PRESIDENT						GOV			0	040	040	04	1	1.0	2	1	2	-3.23834196891191	4	Tokyo, Tokyo, Japan	JA	JA40	36340	35.685	139.751	-246227	1	Canada	CA	CA		60	-96	CA	4	Tokyo, Tokyo, Japan	JA	JA40	36340	35.685	139.751	-246227	20251027151500	https://www.thedailybeast.com/donald-trump-threatens-to-ban-rival-political-ads-in-truth-twisting-meltdown/
1270930182	20251027	202510	2025	2025.8137	JPNGOV	JAPAN	JPN					GOV			JPN	JAPAN	JPN								1	051	051	05	1	3.4	2	1	2	6.03448275862069	4	Tokyo, Tokyo, Japan	JA	JA40	36340	35.685	139.751	-246227	3	Washington, District of Columbia, United States	US	USDC	DC001	38.8951	-77.0364	531871	3	Washington, District of Columbia, United States	US	USDC	DC001	38.8951	-77.0364	531871	20251027151500	https://www.channelnewsasia.com/watch/trump-in-japan-second-stop-asia-diplomacy-blitz-meet-pm-takaichi-tomorrow-5427771
1270930183	20251027	202510	2025	2025.8137	JPNGOV	JAPAN	JPN					GOV			JPN	TOKYO	JPN								1	051	051	05	1	3.4	6	1	6	6.03448275862069	3	Washington, District of Columbia, United States	US	USDC	DC001	38.8951	-77.0364	531871	3	Washington, District of Columbia, United States	US	USDC	DC001	38.8951	-77.0364	531871	3	Washington, District of Columbia, United States	US	USDC	DC001	38.8951	-77.0364	531871	20251027151500	https://www.channelnewsasia.com/watch/trump-in-japan-second-stop-asia-diplomacy-blitz-meet-pm-takaichi-tomorrow-5427771
1270930184	20251027	202510	2025	2025.8137	JUD	ATTORNEY						JUD													0	010	010	01	1	0.0	3	1	3	0.3338898163606	2	Kentucky, United States	US	USKY		37.669	-84.6514	KY	0								2	Kentucky, United States	US	USKY		37.669	-84.6514	KY	20251027151500	https://watermarkonline.com/2025/10/27/kim-davis-seeks-supreme-court-review-in-challenge-to-marriage-equality/
1270930185	20251027	202510	2025	2025.8137	JUD	LAWYER						JUD													1	011	011	01	1	-0.1	10	1	10	-5.6379821958457	4	Paris, France (general), France	FR	FR00	16282	48.8667	2.33333	-1456928	0								4	Paris, France (general), France	FR	FR00	16282	48.8667	2.33333	-1456928	20251027151500	https://www.straitstimes.com/world/europe/Ten-stand-trial-in-Paris-for-sexist-online-harassment-of-Frances-first-lady
1270930186	20251027	202510	2025	2025.8137	JUD	LAWYER						JUD													0	015	015	01	1	0.0	4	1	4	-6.77966101694915	1	United States	US	US		39.828175	-98.5795	US	0								1	Singapore	SN	SN		1.366667	103.8	SN	20251027151500	https://www.straitstimes.com/singapore/courts-crime/24-years-jail-for-man-who-raped-daughter-after-lover-goaded-him-woman-given-22-years
1270930187	20251027	202510	2025	2025.8137	JUD	JUDGE						JUD													0	020	020	02	1	3.0	10	1	10	-1.55979202772963	4	Senoko, Singapore (general), Singapore	SN	SN00	18585	1.465	103.799	26509	0								4	Senoko, Singapore (general), Singapore	SN	SN00	18585	1.465	103.799	26509	20251027151500	https://www.straitstimes.com/business/tuaspring-project-was-riskier-than-a-typical-integrated-plant-hyflux-prosecution-witness
1270930188	20251027	202510	2025	2025.8137	JUD	MAGISTRATE						JUD													1	021	021	02	1	3.4	3	1	3	-5.4820415879017	4	Eldoret, Rift Valley, Kenya	KE	KE08	18585	0.520356	35.2699	-2244119	0								4	Eldoret, Rift Valley, Kenya	KE	KE08	18585	0.520356	35.2699	-2244119	20251027151500	https://www.standardmedia.co.ke/rift-valley/article/2001532788/senior-lawyer-allowed-to-join-sh11bn-education-scandal-case-after-three-attempts
1270930189	20251027	202510	2025	2025.8137	JUD	SUPREME COURT						JUD													1	042	042	04	1	1.9	6	1	6	1.92307692307693	2	Arizona, United States	US	USAZ		33.7712	-111.388	AZ	0								2	Arizona, United States	US	USAZ		33.7712	-111.388	AZ	20251027151500	https://abcnews4.com/news/local/international-african-american-museum-unveils-exhibit-on-family-histories-slavery-impact-history-iaam-impacts-of-slavery-speaking-truth-untold-stories-genealogy-healing
1270930190	20251027	202510	2025	2025.8137	JUD	PROSECUTOR						JUD													0	112	112	11	3	-2.0	12	2	12	-10.6412005457026	1	Romania	RO	RO		46	25	RO	0								1	Belgium	BE	BE		50.833333	4	BE	20251027151500	https://www.newarkadvertiser.co.uk/national/gang-which-ruthlessly-exploited-vulnerable-women-in-brothels-jailed-157758/
1270930191	20251027	202510	2025	2025.8137	JUD	COUNSEL						JUD													0	120	120	12	3	-4.0	6	1	6	-1.55979202772963	4	Senoko, Singapore (general), Singapore	SN	SN00	18585	1.465	103.799	26509	0								4	Senoko, Singapore (general), Singapore	SN	SN00	18585	1.465	103.799	26509	20251027151500	https://www.straitstimes.com/business/tuaspring-project-was-riskier-than-a-typical-integrated-plant-hyflux-prosecution-witness
1270930192	20251027	202510	2025	2025.8137	JUD	MAGISTRATE						JUD													0	173	173	17	4	-5.0	5	1	5	-5.08849557522124	4	Brussels, Bruxelles-Capitale, Belgium	BE	BE11	5850	50.8333	4.33333	-1955538	0								4	Brussels, Bruxelles-Capitale, Belgium	BE	BE11	5850	50.8333	4.33333	-1955538	20251027151500	https://www.thetimes.com/world/europe/article/belgium-narco-state-judge-drugs-j6hn7mnl7
1270930193	20251027	202510	2025	2025.8137	JUD	JUDGE						JUD													1	193	193	19	4	-10.0	10	1	10	6.00961538461539	4	Carnoustie, Angus, United Kingdom	UK	UKT7	40177	56.5	-2.71667	-2591896	0								4	Carnoustie, Angus, United Kingdom	UK	UKT7	40177	56.5	-2.71667	-2591896	20251027151500	https://www.thenational.scot/news/25574807.scottish-composers-documentary-soundtrack-lauded-award-win/
1270930194	20251027	202510	2025	2025.8137	JUD	COUNSEL						JUD			BUS	COMPANIES						BUS			0	040	040	04	1	1.0	10	1	10	0.28248587570622	2	Delaware, United States	US	USDE		39.3498	-75.5148	DE	2	Delaware, United States	US	USDE		39.3498	-75.5148	DE	2	Delaware, United States	US	USDE		39.3498	-75.5148	DE	20251027151500	https://www.jdsupra.com/legalnews/sec-issues-no-action-letter-approving-3894948/
1270930195	20251027	202510	2025	2025.8137	JUD	DISTRICT COURT						JUD			BUS	COMPANIES						BUS			1	173	173	17	4	-5.0	10	1	10	-12.4711316397229	4	Volgograd, Volgogradskaya Oblast', Russia	RS	RS84	25113	48.8047	44.5858	-3034353	4	Volgograd, Volgogradskaya Oblast', Russia	RS	RS84	25113	48.8047	44.5858	-3034353	4	Volgograd, Volgogradskaya Oblast', Russia	RS	RS84	25113	48.8047	44.5858	-3034353	20251027151500	https://www.eng.kavkaz-uzel.eu/articles/69255
1270930196	20251027	202510	2025	2025.8137	JUD	MAGISTRATE						JUD			CAN	CANADA	CAN								1	021	021	02	1	3.4	1	1	1	-5.4820415879017	4	Eldoret, Rift Valley, Kenya	KE	KE08	18585	0.520356	35.2699	-2244119	4	Eldoret, Rift Valley, Kenya	KE	KE08	18585	0.520356	35.2699	-2244119	4	Eldoret, Rift Valley, Kenya	KE	KE08	18585	0.520356	35.2699	-2244119	20251027151500	https://www.standardmedia.co.ke/rift-valley/article/2001532788/senior-lawyer-allowed-to-join-sh11bn-education-scandal-case-after-three-attempts
1270930197	20251027	202510	2025	2025.8137	JUD	PROSECUTOR						JUD			CAN	CANADA	CAN								1	120	120	12	3	-4.0	4	1	4	-5.4820415879017	1	Canada	CA	CA		60	-96	CA	1	Canada	CA	CA		60	-96	CA	1	Canada	CA	CA		60	-96	CA	20251027151500	https://www.standardmedia.co.ke/rift-valley/article/2001532788/senior-lawyer-allowed-to-join-sh11bn-education-scandal-case-after-three-attempts
1270930198	20251027	202510	2025	2025.8137	JUD	ATTORNEY						JUD			COP	TROOPER						COP			0	012	012	01	1	-0.4	6	1	6	-6.070826306914	3	Roseland, New Jersey, United States	US	USNJ	NJ013	40.8207	-74.2938	879822	3	Roseland, New Jersey, United States	US	USNJ	NJ013	40.8207	-74.2938	879822	3	Roseland, New Jersey, United States	US	USNJ	NJ013	40.8207	-74.2938	879822	20251027151500	https://wobm.com/ixp/385/p/police-misconduct-franklin-nj/
1270930199	20251027	202510	2025	2025.8137	JUD	ADVOCATE						JUD			COP	POLICE						COP			0	071	071	07	2	7.4	10	1	10	0.38925652004671	3	Christ United Methodist Church, District of Columbia, United States	US	USDC	DC001	38.879	-77.0003	531130	3	Christ United Methodist Church, District of Columbia, United States	US	USDC		38.879	-77.0003	531130	3	Christ United Methodist Church, District of Columbia, United States	US	USDC		38.879	-77.0003	531130	20251027151500	https://www.wesa.fm/wesa-voter-guide/2025-10-06/pittsburgh-city-council-district-4
1270930200	20251027	202510	2025	2025.8137	JUD	LAWYER						JUD			CVL	SETTLEMENT						CVL			1	010	010	01	1	0.0	6	1	6	-2.32558139534884	4	Leicester, Leicester, United Kingdom	UK	UKH4	40124	52.6333	-1.13333	-2600961	4	Leicester, Leicester, United Kingdom	UK	UKH4	40124	52.6333	-1.13333	-2600961	4	Leicester, Leicester, United Kingdom	UK	UKH4	40124	52.6333	-1.13333	-2600961	20251027151500	https://www.thetimes.com/uk/law/article/steve-coogan-to-pay-academic-substantial-damages-for-film-portrayal-wrp2dz9zn
1270930201	20251027	202510	2025	2025.8137	JUD	PROSECUTOR						JUD			GBR	UNITED KINGDOM	GBR								0	112	112	11	3	-2.0	4	2	4	-10.6412005457026	1	Romania	RO	RO		46	25	RO	4	Glasgow, Glasgow City, United Kingdom	UK	UKV2	40176	55.8333	-4.25	-2597039	1	Romania	RO	RO		46	25	RO	20251027151500	https://www.newarkadvertiser.co.uk/national/gang-which-ruthlessly-exploited-vulnerable-women-in-brothels-jailed-157758/
1270930202	20251027	202510	2025	2025.8137	JUD	JUDICIARY						JUD			NGA	NIGERIA	NGA								1	180	180	18	4	-9.0	3	1	3	-10.5354058721935	4	Kuje, Abuja Federal Capital Territory, Nigeria	NI	NI11	22778	8.89639	7.24306	-2016210	4	Kuje, Abuja Federal Capital Territory, Nigeria	NI	NI11	22778	8.89639	7.24306	-2016210	4	Kuje, Abuja Federal Capital Territory, Nigeria	NI	NI11	22778	8.89639	7.24306	-2016210	20251027151500	https://saharareporters.com/2025/10/27/sowores-abduction-kuje-court-despicable-act-terror-nigerian-police-okechukwu-nwanguma
1270930203	20251027	202510	2025	2025.8137	JUD	PROSECUTOR						JUD			ROU	ROMANIA									0	112	112	11	3	-2.0	4	2	4	-10.6412005457026	1	Romania	RO	RO		46	25	RO	1	Romania	RO	RO		46	25	RO	1	Romania	RO	RO		46	25	RO	20251027151500	https://www.newarkadvertiser.co.uk/national/gang-which-ruthlessly-exploited-vulnerable-women-in-brothels-jailed-157758/
1270930204	20251027	202510	2025	2025.8137	JUD	LAWYER						JUD			TUN	TUNISIA	TUN								1	111	111	11	3	-2.0	10	1	10	-8.67346938775513	4	Tunis, (TS26), Tunisia	TS	TS26	39471	36.8028	10.1797	-731701	4	Tunis, (TS26), Tunisia	TS	TS26	39471	36.8028	10.1797	-731701	4	Tunis, (TS26), Tunisia	TS	TS26	39471	36.8028	10.1797	-731701	20251027151500	https://www.bssnews.net/international/325656
1270930205	20251027	202510	2025	2025.8137	JUD	LAWYER						JUD			TUN	TUNISIA	TUN								1	173	173	17	4	-5.0	2	1	2	-8.67346938775513	4	Tunis, (TS26), Tunisia	TS	TS26	39471	36.8028	10.1797	-731701	4	Tunis, (TS26), Tunisia	TS	TS26	39471	36.8028	10.1797	-731701	4	Tunis, (TS26), Tunisia	TS	TS26	39471	36.8028	10.1797	-731701	20251027151500	https://www.bssnews.net/international/325656
1270930206	20251027	202510	2025	2025.8137	JUD	ATTORNEY						JUD			USA	UNITED STATES	USA								0	012	012	01	1	-0.4	4	1	4	-6.070826306914	3	Hunterdon County, New Jersey, United States	US	USNJ	NJ019	40.5668	-74.9329	882228	3	Hunterdon County, New Jersey, United States	US	USNJ		40.5668	-74.9329	882228	3	Hunterdon County, New Jersey, United States	US	USNJ		40.5668	-74.9329	882228	20251027151500	https://wobm.com/ixp/385/p/police-misconduct-franklin-nj/
1270930207	20251027	202510	2025	2025.8137	JUD	SUPREME COURT						JUD			USA	UNITED STATES	USA								1	042	042	04	1	1.9	4	1	4	1.92307692307693	2	Arizona, United States	US	USAZ		33.7712	-111.388	AZ	2	Arizona, United States	US	USAZ		33.7712	-111.388	AZ	2	Arizona, United States	US	USAZ		33.7712	-111.388	AZ	20251027151500	https://abcnews4.com/news/local/international-african-american-museum-unveils-exhibit-on-family-histories-slavery-impact-history-iaam-impacts-of-slavery-speaking-truth-untold-stories-genealogy-healing
1270930208	20251027	202510	2025	2025.8137	JUD	DISTRICT COURT						JUD			USA	UNITED STATES	USA								1	173	173	17	4	-5.0	3	1	3	-8	3	Houston, Texas, United States	US	USTX	TX201	29.7633	-95.3633	1380948	3	Houston, Texas, United States	US	USTX	TX201	29.7633	-95.3633	1380948	3	Houston, Texas, United States	US	USTX	TX201	29.7633	-95.3633	1380948	20251027151500	https://1350kman.com/2025/10/rcpd-report-10-27-25/
1270930209	20251027	202510	2025	2025.8137	JUD	DISTRICT COURT						JUD			USA	UNITED STATES	USA								1	173	173	17	4	-5.0	1	1	1	-8	3	Manhattan, New York, United States	US	USNY	NY061	40.7834	-73.9662	971945	3	Houston, Texas, United States	US	USTX	TX201	29.7633	-95.3633	1380948	3	Houston, Texas, United States	US	USTX	TX201	29.7633	-95.3633	1380948	20251027151500	https://1350kman.com/2025/10/rcpd-report-10-27-25/
1270930210	20251027	202510	2025	2025.8137	JUD	LAWYER						JUD			USAELIGOV	GEORGE W. BUSH	USA					ELI	GOV		1	010	010	01	1	0.0	10	1	10	1.64609053497943	1	United States	US	US		39.828175	-98.5795	US	1	United States	US	US		39.828175	-98.5795	US	1	United States	US	US		39.828175	-98.5795	US	20251027151500	https://www.el-balad.com/6746417
1270930211	20251027	202510	2025	2025.8137	KEN	KENYA	KEN																		0	010	010	01	1	0.0	1	1	1	2.26480836236934	4	Bondo, Nyanza, Kenya	KE	KE07	18585	0.238611	34.2694	-2242431	0								4	Bondo, Nyanza, Kenya	KE	KE07	18585	0.238611	34.2694	-2242431	20251027151500	https://www.tuko.co.ke/kenya/607609-rigathi-gachagua-visit-railas-family-pay-respects-pm-opposition-youth-leader-discloses/
1270930212	20251027	202510	2025	2025.8137	KEN	KENYA	KEN																		1	013	013	01	1	0.4	2	1	2	2.26480836236934	4	Nairobi, Nairobi Area, Kenya	KE	KE05	18585	-1.28333	36.8167	-2258072	0								4	Nairobi, Nairobi Area, Kenya	KE	KE05	18585	-1.28333	36.8167	-2258072	20251027151500	https://www.tuko.co.ke/kenya/607609-rigathi-gachagua-visit-railas-family-pay-respects-pm-opposition-youth-leader-discloses/
1270930213	20251027	202510	2025	2025.8137	KEN	KENYA	KEN																		1	013	013	01	1	0.4	2	1	2	2.26480836236934	4	Nyeri, Central, Kenya	KE	KE01	18585	-0.420132	36.9476	-2260131	0								4	Nyeri, Central, Kenya	KE	KE01	18585	-0.420132	36.9476	-2260131	20251027151500	https://www.tuko.co.ke/kenya/607609-rigathi-gachagua-visit-railas-family-pay-respects-pm-opposition-youth-leader-discloses/
1270930214	20251027	202510	2025	2025.8137	KEN	KENYAN	KEN																		1	013	013	01	1	0.4	6	1	6	2.26480836236934	4	Turkana, Eastern, Kenya	KE	KE03	18585	0.665673	37.8897	-2263938	0								4	Turkana, Eastern, Kenya	KE	KE03	18585	0.665673	37.8897	-2263938	20251027151500	https://www.tuko.co.ke/kenya/607609-rigathi-gachagua-visit-railas-family-pay-respects-pm-opposition-youth-leader-discloses/
1270930215	20251027	202510	2025	2025.8137	KEN	KENYA	KEN																		0	051	051	05	1	3.4	1	1	1	2.26480836236934	4	Bondo, Nyanza, Kenya	KE	KE07	18585	0.238611	34.2694	-2242431	0								4	Bondo, Nyanza, Kenya	KE	KE07	18585	0.238611	34.2694	-2242431	20251027151500	https://www.tuko.co.ke/kenya/607609-rigathi-gachagua-visit-railas-family-pay-respects-pm-opposition-youth-leader-discloses/
1270930216	20251027	202510	2025	2025.8137	KEN	KENYA	KEN																		0	051	051	05	1	3.4	2	1	2	2.26480836236934	4	Turkana, Eastern, Kenya	KE	KE03	18585	0.665673	37.8897	-2263938	0								4	Turkana, Eastern, Kenya	KE	KE03	18585	0.665673	37.8897	-2263938	20251027151500	https://www.tuko.co.ke/kenya/607609-rigathi-gachagua-visit-railas-family-pay-respects-pm-opposition-youth-leader-discloses/
1270930217	20251027	202510	2025	2025.8137	KEN	KENYA	KEN																		1	084	084	08	2	7.0	10	1	10	2.06896551724138	1	Kenya	KE	KE		1	38	KE	0								1	Kenya	KE	KE		1	38	KE	20251027151500	https://www.devdiscourse.com/article/law-order/3674767-jd-vances-strategic-visit-strengthening-us-kenya-ties-amid-china-concerns
1270930218	20251027	202510	2025	2025.8137	KEN	KENYA	KEN																		0	110	110	11	3	-2.0	2	1	2	2.26480836236934	4	Nairobi, Nairobi Area, Kenya	KE	KE05	18585	-1.28333	36.8167	-2258072	0								4	Nairobi, Nairobi Area, Kenya	KE	KE05	18585	-1.28333	36.8167	-2258072	20251027151500	https://www.tuko.co.ke/kenya/607609-rigathi-gachagua-visit-railas-family-pay-respects-pm-opposition-youth-leader-discloses/
1270930219	20251027	202510	2025	2025.8137	KEN	KENYA	KEN																		0	110	110	11	3	-2.0	2	1	2	2.26480836236934	4	Turkana, Eastern, Kenya	KE	KE03	18585	0.665673	37.8897	-2263938	0								4	Turkana, Eastern, Kenya	KE	KE03	18585	0.665673	37.8897	-2263938	20251027151500	https://www.tuko.co.ke/kenya/607609-rigathi-gachagua-visit-railas-family-pay-respects-pm-opposition-youth-leader-discloses/
1270930220	20251027	202510	2025	2025.8137	KEN	KENYA	KEN								AGR	FARMER						AGR			1	100	100	10	3	-5.0	8	1	8	-5.15463917525774	4	Kiamutugu, Central, Kenya	KE	KE01	18585	-0.467171	37.3911	-2250100	4	Kiamutugu, Central, Kenya	KE	KE01	18585	-0.467171	37.3911	-2250100	4	Kiamutugu, Central, Kenya	KE	KE01	18585	-0.467171	37.3911	-2250100	20251027151500	https://www.standardmedia.co.ke/business/business/article/2001532784/farmers-decry-worst-macadamia-prices-in-years-demand-export-ban-review
1270930221	20251027	202510	2025	2025.8137	KEN	KENYA	KEN								AGR	FARMER						AGR			1	100	100	10	3	-5.0	2	1	2	-5.15463917525774	1	Kenya	KE	KE		1	38	KE	1	Kenya	KE	KE		1	38	KE	1	Kenya	KE	KE		1	38	KE	20251027151500	https://www.standardmedia.co.ke/business/business/article/2001532784/farmers-decry-worst-macadamia-prices-in-years-demand-export-ban-review
1270930222	20251027	202510	2025	2025.8137	KEN	NAIROBI	KEN								CHN	CHINA	CHN								1	050	050	05	1	3.5	10	1	10	0	4	Nairobi, Nairobi Area, Kenya	KE	KE05	18585	-1.28333	36.8167	-2258072	1	China	CH	CH		35	105	CH	1	China	CH	CH		35	105	CH	20251027151500	https://www.straitstimes.com/asia/US-Vice-President-Vance-plans-Kenya-visit-source-says
1270930223	20251027	202510	2025	2025.8137	KEN	KENYA	KEN								CHN	CHINA	CHN								1	111	111	11	3	-2.0	5	1	5	2.06896551724138	4	Johannesburg, Gauteng, South Africa	SF	SF06	77364	-26.2	28.0833	-1240261	3	Washington, District of Columbia, United States	US	USDC	DC001	38.8951	-77.0364	531871	3	Washington, District of Columbia, United States	US	USDC	DC001	38.8951	-77.0364	531871	20251027151500	https://www.devdiscourse.com/article/law-order/3674767-jd-vances-strategic-visit-strengthening-us-kenya-ties-amid-china-concerns
1270930224	20251027	202510	2025	2025.8137	KEN	NAIROBI	KEN								CHN	CHINA	CHN								1	111	111	11	3	-2.0	10	1	10	0	4	Nairobi, Nairobi Area, Kenya	KE	KE05	18585	-1.28333	36.8167	-2258072	1	China	CH	CH		35	105	CH	4	Nairobi, Nairobi Area, Kenya	KE	KE05	18585	-1.28333	36.8167	-2258072	20251027151500	https://www.straitstimes.com/asia/US-Vice-President-Vance-plans-Kenya-visit-source-says
1270930225	20251027	202510	2025	2025.8137	KEN	KENYA	KEN								GOV	PRESIDENT						GOV			1	036	036	03	1	4.0	5	1	5	2.06896551724138	1	Kenya	KE	KE		1	38	KE	1	China	CH	CH		35	105	CH	1	Kenya	KE	KE		1	38	KE	20251027151500	https://www.devdiscourse.com/article/law-order/3674767-jd-vances-strategic-visit-strengthening-us-kenya-ties-amid-china-concerns
1270930226	20251027	202510	2025	2025.8137	KEN	NAIROBI	KEN								KENELI	KENYA	KEN					ELI			1	036	036	03	1	4.0	2	1	2	2.26480836236934	4	Nairobi, Nairobi Area, Kenya	KE	KE05	18585	-1.28333	36.8167	-2258072	4	Nairobi, Nairobi Area, Kenya	KE	KE05	18585	-1.28333	36.8167	-2258072	4	Nairobi, Nairobi Area, Kenya	KE	KE05	18585	-1.28333	36.8167	-2258072	20251027151500	https://www.tuko.co.ke/kenya/607609-rigathi-gachagua-visit-railas-family-pay-respects-pm-opposition-youth-leader-discloses/
1270930227	20251027	202510	2025	2025.8137	KEN	KENYA	KEN								USA	WASHINGTON	USA								1	111	111	11	3	-2.0	2	1	2	2.06896551724138	1	Kenya	KE	KE		1	38	KE	3	Washington, District of Columbia, United States	US	USDC	DC001	38.8951	-77.0364	531871	1	China	CH	CH		35	105	CH	20251027151500	https://www.devdiscourse.com/article/law-order/3674767-jd-vances-strategic-visit-strengthening-us-kenya-ties-amid-china-concerns
1270930228	20251027	202510	2025	2025.8137	KENELI	KENYA	KEN					ELI			KEN	KENYA	KEN								1	036	036	03	1	4.0	2	1	2	2.26480836236934	4	Nairobi, Nairobi Area, Kenya	KE	KE05	18585	-1.28333	36.8167	-2258072	4	Nairobi, Nairobi Area, Kenya	KE	KE05	18585	-1.28333	36.8167	-2258072	4	Nairobi, Nairobi Area, Kenya	KE	KE05	18585	-1.28333	36.8167	-2258072	20251027151500	https://www.tuko.co.ke/kenya/607609-rigathi-gachagua-visit-railas-family-pay-respects-pm-opposition-youth-leader-discloses/
1270930229	20251027	202510	2025	2025.8137	KENGOV	KENYA	KEN					GOV			AFR	AFRICA	AFR								1	040	040	04	1	1.0	2	1	2	2.06896551724138	1	Kenya	KE	KE		1	38	KE	4	Johannesburg, Gauteng, South Africa	SF	SF06	77364	-26.2	28.0833	-1240261	1	Kenya	KE	KE		1	38	KE	20251027151500	https://www.devdiscourse.com/article/law-order/3674767-jd-vances-strategic-visit-strengthening-us-kenya-ties-amid-china-concerns
1270930230	20251027	202510	2025	2025.8137	KENHLH	KENYA	KEN					HLH													1	043	043	04	1	2.8	6	1	6	1.97530864197531	4	Matunda, Rift Valley, Kenya	KE	KE08	18585	0.846059	35.1385	-2255555	0								4	Matunda, Rift Valley, Kenya	KE	KE08	18585	0.846059	35.1385	-2255555	20251027151500	https://www.standardmedia.co.ke/rift-valley/article/2001532787/candidate-gives-birth-as-missing-papers-disrupt-exams-in-trans-nzoia
1270930231	20251027	202510	2025	2025.8137	KHM	CAMBODIA	KHM																		0	0356	035	03	1	7.0	2	1	2	-0.62893081761006	4	Bangkok, Krung Thep Mahanakhon, Thailand	TH	TH40	26423	13.75	100.517	-3250083	0								4	Bangkok, Krung Thep Mahanakhon, Thailand	TH	TH40	26423	13.75	100.517	-3250083	20251027151500	https://www.santafenewmexican.com/ap/business/u-s-and-china-say-a-trade-deal-is-drawing-closer-as-trump-and-xi/article_1c356323-8d64-528b-b68e-8a691080f894.html
1270930232	20251027	202510	2025	2025.8137	KHM	CAMBODIA	KHM								AUS	AUSTRALIA	AUS								1	044	044	04	1	2.5	2	1	2	2.56410256410256	4	Phnom Penh, (CB11), Cambodia	CB	CB11	12390	11.55	104.917	-1033783	4	Phnom Penh, (CB11), Cambodia	CB	CB11	12390	11.55	104.917	-1033783	4	Phnom Penh, (CB11), Cambodia	CB	CB11	12390	11.55	104.917	-1033783	20251027151500	https://www.akp.gov.kh/post/detail/351842
1270930233	20251027	202510	2025	2025.8137	KHM	CAMBODIA	KHM								AUS	AUSTRALIA	AUS								1	044	044	04	1	2.5	2	1	2	2.56410256410256	4	Phnom Penh, (CB11), Cambodia	CB	CB11	12390	11.55	104.917	-1033783	4	Melbourne, Victoria, Australia	AS	AS07	5430	-37.8167	144.967	-1586844	4	Melbourne, Victoria, Australia	AS	AS07	5430	-37.8167	144.967	-1586844	20251027151500	https://www.akp.gov.kh/post/detail/351842
1270930234	20251027	202510	2025	2025.8137	KHM	PHNOM PENH	KHM								AUSGOVBUS	ANTHONY ALBANESE	AUS					GOV	BUS		1	051	051	05	1	3.4	2	1	2	2.56410256410256	4	Phnom Penh, (CB11), Cambodia	CB	CB11	12390	11.55	104.917	-1033783	4	Ballarat, Victoria, Australia	AS	AS07	5377	-37.5627	143.863	-1557125	4	Ballarat, Victoria, Australia	AS	AS07	5377	-37.5627	143.863	-1557125	20251027151500	https://www.akp.gov.kh/post/detail/351842
1270930235	20251027	202510	2025	2025.8137	KHM	PHNOM PENH	KHM								AUSGOVBUS	ANTHONY ALBANESE	AUS					GOV	BUS		1	190	190	19	4	-10.0	2	1	2	2.56410256410256	4	Phnom Penh, (CB11), Cambodia	CB	CB11	12390	11.55	104.917	-1033783	4	Melbourne, Victoria, Australia	AS	AS07	5430	-37.8167	144.967	-1586844	4	Phnom Penh, (CB11), Cambodia	CB	CB11	12390	11.55	104.917	-1033783	20251027151500	https://www.akp.gov.kh/post/detail/351842
1270930236	20251027	202510	2025	2025.8137	KHM	CAMBODIA	KHM								GOV	PRESIDENT						GOV			0	057	057	05	1	8.0	1	1	1	-0.62893081761006	4	Bangkok, Krung Thep Mahanakhon, Thailand	TH	TH40	26423	13.75	100.517	-3250083	4	Bangkok, Krung Thep Mahanakhon, Thailand	TH	TH40	26423	13.75	100.517	-3250083	4	Bangkok, Krung Thep Mahanakhon, Thailand	TH	TH40	26423	13.75	100.517	-3250083	20251027151500	https://www.santafenewmexican.com/ap/business/u-s-and-china-say-a-trade-deal-is-drawing-closer-as-trump-and-xi/article_1c356323-8d64-528b-b68e-8a691080f894.html
1270930237	20251027	202510	2025	2025.8137	KHM	CAMBODIA	KHM								HUN	HUNGARY	HUN								1	042	042	04	1	1.9	4	1	4	8.71886120996441	4	Phnom Penh, (CB11), Cambodia	CB	CB11	12390	11.55	104.917	-1033783	4	Phnom Penh, (CB11), Cambodia	CB	CB11	12390	11.55	104.917	-1033783	4	Phnom Penh, (CB11), Cambodia	CB	CB11	12390	11.55	104.917	-1033783	20251027151500	https://www.akp.gov.kh/post/detail/351844
1270930238	20251027	202510	2025	2025.8137	KHM	CAMBODIA	KHM								NZL	NEW ZEALAND	NZL								1	040	040	04	1	1.0	5	1	5	5.52763819095477	1	New Zealand	NZ	NZ		-42	174	NZ	1	New Zealand	NZ	NZ		-42	174	NZ	1	New Zealand	NZ	NZ		-42	174	NZ	20251027151500	https://www.akp.gov.kh/post/detail/351840
1270930239	20251027	202510	2025	2025.8137	KHM	CAMBODIA	KHM								THA	THAILAND	THA								0	042	042	04	1	1.9	2	1	2	-0.62893081761006	4	Bangkok, Krung Thep Mahanakhon, Thailand	TH	TH40	26423	13.75	100.517	-3250083	4	Bangkok, Krung Thep Mahanakhon, Thailand	TH	TH40	26423	13.75	100.517	-3250083	4	Bangkok, Krung Thep Mahanakhon, Thailand	TH	TH40	26423	13.75	100.517	-3250083	20251027151500	https://www.santafenewmexican.com/ap/business/u-s-and-china-say-a-trade-deal-is-drawing-closer-as-trump-and-xi/article_1c356323-8d64-528b-b68e-8a691080f894.html
1270930240	20251027	202510	2025	2025.8137	KHM	CAMBODIA	KHM								THA	THAILAND	THA								0	043	043	04	1	2.8	2	1	2	-0.62893081761006	4	Bangkok, Krung Thep Mahanakhon, Thailand	TH	TH40	26423	13.75	100.517	-3250083	4	Bangkok, Krung Thep Mahanakhon, Thailand	TH	TH40	26423	13.75	100.517	-3250083	4	Bangkok, Krung Thep Mahanakhon, Thailand	TH	TH40	26423	13.75	100.517	-3250083	20251027151500	https://www.santafenewmexican.com/ap/business/u-s-and-china-say-a-trade-deal-is-drawing-closer-as-trump-and-xi/article_1c356323-8d64-528b-b68e-8a691080f894.html
1270930241	20251027	202510	2025	2025.8137	KHMEDU	CAMBODIA	KHM					EDU			EDU	STUDENT						EDU			1	090	090	09	2	-2.0	1	1	1	8.71886120996441	4	Phnom Penh, (CB11), Cambodia	CB	CB11	12390	11.55	104.917	-1033783	4	Phnom Penh, (CB11), Cambodia	CB	CB11	12390	11.55	104.917	-1033783	4	Phnom Penh, (CB11), Cambodia	CB	CB11	12390	11.55	104.917	-1033783	20251027151500	https://www.akp.gov.kh/post/detail/351844
1270930242	20251027	202510	2025	2025.8137	KHMEDU	CAMBODIA	KHM					EDU			EDU	STUDENT						EDU			1	090	090	09	2	-2.0	1	1	1	8.71886120996441	4	Phnom Penh, (CB11), Cambodia	CB	CB11	12390	11.55	104.917	-1033783	1	Hungary	HU	HU		47	20	HU	1	Hungary	HU	HU		47	20	HU	20251027151500	https://www.akp.gov.kh/post/detail/351844
1270930243	20251027	202510	2025	2025.8137	KHMEDU	CAMBODIA	KHM					EDU			EDU	STUDENT						EDU			1	172	172	17	4	-5.0	1	1	1	8.71886120996441	4	Phnom Penh, (CB11), Cambodia	CB	CB11	12390	11.55	104.917	-1033783	4	Phnom Penh, (CB11), Cambodia	CB	CB11	12390	11.55	104.917	-1033783	4	Phnom Penh, (CB11), Cambodia	CB	CB11	12390	11.55	104.917	-1033783	20251027151500	https://www.akp.gov.kh/post/detail/351844
1270930244	20251027	202510	2025	2025.8137	KHMEDU	CAMBODIA	KHM					EDU			EDU	STUDENT						EDU			1	172	172	17	4	-5.0	1	1	1	8.71886120996441	4	Phnom Penh, (CB11), Cambodia	CB	CB11	12390	11.55	104.917	-1033783	1	Hungary	HU	HU		47	20	HU	1	Hungary	HU	HU		47	20	HU	20251027151500	https://www.akp.gov.kh/post/detail/351844
1270930245	20251027	202510	2025	2025.8137	KHMEDU	CAMBODIAN	KHM					EDU			GOV	PRESIDENT						GOV			1	040	040	04	1	1.0	2	1	2	8.71886120996441	4	Phnom Penh, (CB11), Cambodia	CB	CB11	12390	11.55	104.917	-1033783	4	Phnom Penh, (CB11), Cambodia	CB	CB11	12390	11.55	104.917	-1033783	4	Phnom Penh, (CB11), Cambodia	CB	CB11	12390	11.55	104.917	-1033783	20251027151500	https://www.akp.gov.kh/post/detail/351844
1270930246	20251027	202510	2025	2025.8137	KHMEDU	CAMBODIA	KHM					EDU			GOV	PRESIDENT						GOV			1	040	040	04	1	1.0	1	1	1	8.71886120996441	4	Phnom Penh, (CB11), Cambodia	CB	CB11	12390	11.55	104.917	-1033783	4	Phnom Penh, (CB11), Cambodia	CB	CB11	12390	11.55	104.917	-1033783	1	Hungary	HU	HU		47	20	HU	20251027151500	https://www.akp.gov.kh/post/detail/351844
1270930247	20251027	202510	2025	2025.8137	KHMGOV	CAMBODIA	KHM					GOV			KHM	CAMBODIAN	KHM								0	010	010	01	1	0.0	2	1	2	8.71886120996441	4	Phnom Penh, (CB11), Cambodia	CB	CB11	12390	11.55	104.917	-1033783	4	Phnom Penh, (CB11), Cambodia	CB	CB11	12390	11.55	104.917	-1033783	4	Phnom Penh, (CB11), Cambodia	CB	CB11	12390	11.55	104.917	-1033783	20251027151500	https://www.akp.gov.kh/post/detail/351844
1270930248	20251027	202510	2025	2025.8137	KHMGOV	CAMBODIA	KHM					GOV			KHMCVL	CAMBODIAN	KHM					CVL			0	010	010	01	1	0.0	4	1	4	8.71886120996441	4	Phnom Penh, (CB11), Cambodia	CB	CB11	12390	11.55	104.917	-1033783	4	Phnom Penh, (CB11), Cambodia	CB	CB11	12390	11.55	104.917	-1033783	4	Phnom Penh, (CB11), Cambodia	CB	CB11	12390	11.55	104.917	-1033783	20251027151500	https://www.akp.gov.kh/post/detail/351844
1270930249	20251027	202510	2025	2025.8137	KHMGOV	CAMBODIA	KHM					GOV			KHMCVL	CAMBODIA	KHM					CVL			0	010	010	01	1	0.0	2	1	2	8.71886120996441	1	Hungary	HU	HU		47	20	HU	4	Phnom Penh, (CB11), Cambodia	CB	CB11	12390	11.55	104.917	-1033783	4	Phnom Penh, (CB11), Cambodia	CB	CB11	12390	11.55	104.917	-1033783	20251027151500	https://www.akp.gov.kh/post/detail/351844
1270930250	20251027	202510	2025	2025.8137	KOR	SOUTH KOREA	KOR								GOV	PRESIDENT						GOV			1	036	036	03	1	4.0	2	1	2	-0.62893081761006	1	South Korea	KS	KS		37	127.5	KS	4	Beijing, Beijing, China	CH	CH22	13001	39.9289	116.388	-1898541	1	South Korea	KS	KS		37	127.5	KS	20251027151500	https://www.santafenewmexican.com/ap/business/u-s-and-china-say-a-trade-deal-is-drawing-closer-as-trump-and-xi/article_1c356323-8d64-528b-b68e-8a691080f894.html
1270930251	20251027	202510	2025	2025.8137	KOR	SOUTH KOREA	KOR								IGOSEAASN	ASEAN	SEA	ASN				IGO			0	036	036	03	1	4.0	3	1	3	0.92514718250631	1	South Korea	KS	KS		37	127.5	KS	1	China	CH	CH		35	105	CH	1	China	CH	CH		35	105	CH	20251027151500	https://www.straitstimes.com/asia/se-asia/asean-leaders-push-for-stronger-trade-ties-with-rcep-members-and-other-partners
1270930252	20251027	202510	2025	2025.8137	KOR	SOUTH KOREA	KOR								IGOSEAASN	ASEAN	SEA	ASN				IGO			0	036	036	03	1	4.0	1	1	1	0.92514718250631	1	South Korea	KS	KS		37	127.5	KS	1	New Zealand	NZ	NZ		-42	174	NZ	1	China	CH	CH		35	105	CH	20251027151500	https://www.straitstimes.com/asia/se-asia/asean-leaders-push-for-stronger-trade-ties-with-rcep-members-and-other-partners
1270930253	20251027	202510	2025	2025.8137	KOR	SOUTH KOREA	KOR								IGOSEAASN	ASEAN	SEA	ASN				IGO			0	036	036	03	1	4.0	1	1	1	0.92514718250631	1	New Zealand	NZ	NZ		-42	174	NZ	1	New Zealand	NZ	NZ		-42	174	NZ	1	New Zealand	NZ	NZ		-42	174	NZ	20251027151500	https://www.straitstimes.com/asia/se-asia/asean-leaders-push-for-stronger-trade-ties-with-rcep-members-and-other-partners
1270930254	20251027	202510	2025	2025.8137	KOR	SOUTH KOREA	KOR								KORGOV	SOUTH KOREA	KOR					GOV			1	010	010	01	1	0.0	2	1	2	-1.91304347826087	1	South Korea	KS	KS		37	127.5	KS	1	South Korea	KS	KS		37	127.5	KS	1	South Korea	KS	KS		37	127.5	KS	20251027151500	https://www.thedailybeast.com/donald-trump-hammers-his-own-ice-goons-to-suck-up-to-south-korean-leader-over-raid-on-georgia-hyundai-plant/
1270930255	20251027	202510	2025	2025.8137	KOR	SOUTH KOREA	KOR								NZL	NEW ZEALAND	NZL								0	036	036	03	1	4.0	1	1	1	0.92514718250631	1	New Zealand	NZ	NZ		-42	174	NZ	1	New Zealand	NZ	NZ		-42	174	NZ	1	New Zealand	NZ	NZ		-42	174	NZ	20251027151500	https://www.straitstimes.com/asia/se-asia/asean-leaders-push-for-stronger-trade-ties-with-rcep-members-and-other-partners
1270930256	20251027	202510	2025	2025.8137	KOR	SOUTH KOREA	KOR								TWN	TAIWAN	TWN								1	036	036	03	1	4.0	2	1	2	-2.02020202020202	1	South Korea	KS	KS		37	127.5	KS	4	Taipei, T'ai-pei, Taiwan	TW	TW03	13277	25.0478	121.532	-2637882	1	South Korea	KS	KS		37	127.5	KS	20251027151500	https://thehill.com/policy/defense/5574691-china-taiwan-military-tension/
1270930257	20251027	202510	2025	2025.8137	KOR	SOUTH KOREA	KOR								USA	LAWRENCE	USA								0	036	036	03	1	4.0	3	1	3	0.92514718250631	1	South Korea	KS	KS		37	127.5	KS	1	China	CH	CH		35	105	CH	1	China	CH	CH		35	105	CH	20251027151500	https://www.straitstimes.com/asia/se-asia/asean-leaders-push-for-stronger-trade-ties-with-rcep-members-and-other-partners
1270930258	20251027	202510	2025	2025.8137	KOR	SOUTH KOREA	KOR								USA	LAWRENCE	USA								0	036	036	03	1	4.0	1	1	1	0.92514718250631	1	South Korea	KS	KS		37	127.5	KS	1	New Zealand	NZ	NZ		-42	174	NZ	1	China	CH	CH		35	105	CH	20251027151500	https://www.straitstimes.com/asia/se-asia/asean-leaders-push-for-stronger-trade-ties-with-rcep-members-and-other-partners
1270930259	20251027	202510	2025	2025.8137	KORGOV	SOUTH KOREA	KOR					GOV			IGOUNO	UNITED NATIONS		UNO				IGO			0	043	043	04	1	2.8	2	1	2	0.92514718250631	1	South Korea	KS	KS		37	127.5	KS	1	South Korea	KS	KS		37	127.5	KS	1	South Korea	KS	KS		37	127.5	KS	20251027151500	https://www.straitstimes.com/asia/se-asia/asean-leaders-push-for-stronger-trade-ties-with-rcep-members-and-other-partners
1270930260	20251027	202510	2025	2025.8137	KORGOV	SOUTH KOREA	KOR					GOV			MNCKOR	HYUNDAI	KOR					MNC			1	190	190	19	4	-10.0	2	1	2	-1.91304347826087	3	Washington, District of Columbia, United States	US	USDC	DC001	38.8951	-77.0364	531871	3	Washington, District of Columbia, United States	US	USDC	DC001	38.8951	-77.0364	531871	3	Washington, District of Columbia, United States	US	USDC	DC001	38.8951	-77.0364	531871	20251027151500	https://www.thedailybeast.com/donald-trump-hammers-his-own-ice-goons-to-suck-up-to-south-korean-leader-over-raid-on-georgia-hyundai-plant/
1270930261	20251027	202510	2025	2025.8137	KWT	KUWAIT CITY	KWT																		1	090	090	09	2	-2.0	5	1	5	-3.11284046692607	1	Kuwait	KU	KU		29.5	47.75	KU	0								1	Kuwait	KU	KU		29.5	47.75	KU	20251027151500	https://www.arabtimesonline.com/news/fake-beauticians-busted-for-performing-unauthorized-cosmetic-work-in-kuwait/
1270930262	20251027	202510	2025	2025.8137	LAB	EMPLOYEE						LAB													1	010	010	01	1	0.0	6	2	6	-2.46264589672555	2	New York, United States	US	USNY		42.1497	-74.9384	NY	0								2	New York, United States	US	USNY		42.1497	-74.9384	NY	20251027151500	https://www.bbc.com/news/articles/cdjrxm0exz3o
1270930263	20251027	202510	2025	2025.8137	LAB	WORKER						LAB													0	043	043	04	1	2.8	10	1	10	0.0700770847932697	3	White House, District of Columbia, United States	US	USDC		38.8951	-77.0364	531871	0								3	White House, District of Columbia, United States	US	USDC		38.8951	-77.0364	531871	20251027151500	https://www.wesa.fm/wesa-voter-guide/2025-10-06/pittsburgh-city-council-district-6-election
1270930264	20251027	202510	2025	2025.8137	LAB	WORKER						LAB													0	180	180	18	4	-9.0	3	1	3	-6.77966101694915	1	Singapore	SN	SN		1.366667	103.8	SN	0								1	Singapore	SN	SN		1.366667	103.8	SN	20251027151500	https://www.straitstimes.com/singapore/courts-crime/24-years-jail-for-man-who-raped-daughter-after-lover-goaded-him-woman-given-22-years
1270930265	20251027	202510	2025	2025.8137	LAB	WORKER						LAB													0	180	180	18	4	-9.0	2	1	2	-6.77966101694915	1	United States	US	US		39.828175	-98.5795	US	0								1	United States	US	US		39.828175	-98.5795	US	20251027151500	https://www.straitstimes.com/singapore/courts-crime/24-years-jail-for-man-who-raped-daughter-after-lover-goaded-him-woman-given-22-years
1270930266	20251027	202510	2025	2025.8137	LAB	WORKER						LAB			JUD	TRIBUNAL						JUD			1	110	110	11	3	-2.0	10	1	10	0	0								0								0								20251027151500	https://www.hrmagazine.co.uk/authors/hannah-davenport
1270930267	20251027	202510	2025	2025.8137	LAB	WORKER						LAB			LEG	LAWMAKER						LEG			1	100	100	10	3	-5.0	20	2	20	-2.11864406779661	3	Washington, District of Columbia, United States	US	USDC	DC001	38.8951	-77.0364	531871	3	Washington, District of Columbia, United States	US	USDC	DC001	38.8951	-77.0364	531871	3	Washington, District of Columbia, United States	US	USDC	DC001	38.8951	-77.0364	531871	20251027151500	https://abc7news.com/post/senate-reconvene-monday-amid-funding-stalemate-government-shutdown-drags/18076646/
1270930268	20251027	202510	2025	2025.8137	LAB	EMPLOYEE						LAB			USA	UNITED STATES	USA								1	010	010	01	1	0.0	2	2	2	-2.46264589672555	3	Washington, District of Columbia, United States	US	USDC	DC001	38.8951	-77.0364	531871	3	Washington, District of Columbia, United States	US	USDC	DC001	38.8951	-77.0364	531871	3	Washington, District of Columbia, United States	US	USDC	DC001	38.8951	-77.0364	531871	20251027151500	https://www.bbc.com/news/articles/cdjrxm0exz3o
1270930269	20251027	202510	2025	2025.8137	LAB	WORKER						LAB			USAGOV	US GOVERNMENT	USA					GOV			1	020	020	02	1	3.0	10	1	10	-1.54798761609908	3	Washington, District of Columbia, United States	US	USDC	DC001	38.8951	-77.0364	531871	3	Washington, District of Columbia, United States	US	USDC	DC001	38.8951	-77.0364	531871	3	Washington, District of Columbia, United States	US	USDC	DC001	38.8951	-77.0364	531871	20251027151500	https://www.theguardian.com/us-news/2025/oct/27/afge-union-government-shutdown-federal-workers
1270930270	20251027	202510	2025	2025.8137	LBN	TYRE	LBN																		1	051	051	05	1	3.4	10	1	10	5.45454545454545	0								0								0								20251027151500	https://www.tyrepress.com/business-directory/austone-tyres/
1270930271	20251027	202510	2025	2025.8137	LEG	SENATE PRESIDENT						LEG													1	010	010	01	1	0.0	2	1	2	0.92592592592593	2	Indiana, United States	US	USIN		39.8647	-86.2604	IN	0								3	White House, District of Columbia, United States	US	USDC		38.8951	-77.0364	531871	20251027151500	https://kxel.com/2025/10/27/indiana-gov-mike-braun-announces-special-session-that-will-include-considering-redrawing-congressional-map/
1270930272	20251027	202510	2025	2025.8137	LEG	PARLIAMENT						LEG													0	040	040	04	1	1.0	10	1	10	-0.55020632737276	5	Gloucestershire, Gloucestershire, United Kingdom	UK	UKE6	40113	51.8333	-2.16667	-2597217	0								5	Gloucestershire, Gloucestershire, United Kingdom	UK	UKE6	40113	51.8333	-2.16667	-2597217	20251027151500	https://www.mirror.co.uk/news/royals/prince-andrew-scandal-shows-its-36139587
1270930273	20251027	202510	2025	2025.8137	LEG	HOUSE SPEAKER						LEG													0	043	043	04	1	2.8	10	1	10	-2.61194029850746	3	Capitol Hill, District of Columbia, United States	US	USDC	DC001	38.889	-77.0003	529313	0								3	Capitol Hill, District of Columbia, United States	US	USDC		38.889	-77.0003	529313	20251027151500	https://www.yahoo.com/news/articles/live-updates-trump-treks-asia-124210628.html
1270930274	20251027	202510	2025	2025.8137	LEG	SENATE						LEG													0	129	129	12	3	-5.0	5	1	5	-1.54798761609908	3	Washington, District of Columbia, United States	US	USDC	DC001	38.8951	-77.0364	531871	0								3	Washington, District of Columbia, United States	US	USDC	DC001	38.8951	-77.0364	531871	20251027151500	https://www.theguardian.com/us-news/2025/oct/27/afge-union-government-shutdown-federal-workers
1270930275	20251027	202510	2025	2025.8137	LEG	CONGRESS						LEG													0	134	134	13	3	-5.8	5	1	5	-7.31070496083551	2	Minnesota, United States	US	USMN		45.7326	-93.9196	MN	0								2	Minnesota, United States	US	USMN		45.7326	-93.9196	MN	20251027151500	https://wcbm.com/national-headline/this-guy-thought-it-would-be-a-good-idea-to-post-a-45000-bounty-on-pam-bondi/
1270930276	20251027	202510	2025	2025.8137	LEG	CONGRESS						LEG													0	160	160	16	4	-4.0	5	1	5	-1.25260960334029	4	Telangana, Andhra Pradesh, India	IN	IN02	17568	18	79.5	-2112824	0								4	Telangana, Andhra Pradesh, India	IN	IN02	17568	18	79.5	-2112824	20251027151500	https://www.newkerala.com/news/o/rahul-gandhi-betrayed-telanganas-autorickshaw-drivers-ktr-271
1270930277	20251027	202510	2025	2025.8137	LEG	LEGISLATOR						LEG													0	192	192	19	4	-9.5	10	1	10	-0.60606060606061	3	Chicago, Illinois, United States	US	USIL	IL031	41.85	-87.6501	423587	0								3	Chicago, Illinois, United States	US	USIL	IL031	41.85	-87.6501	423587	20251027151500	https://www.rcreader.com/commentary/stacy-davis-gates-and-brandon-johnson-want-funds-state-coffers-plainly-arent-there
1270930278	20251027	202510	2025	2025.8137	LEG	LAWMAKER						LEG			BUS	COMPANIES						BUS			0	010	010	01	1	0.0	2	1	2	-1.53721682847896	3	Cobbs Creek, Pennsylvania, United States	US	USPA	PA101	39.9476	-75.2402	1202868	3	Philadelphia, Pennsylvania, United States	US	USPA	PA101	39.9523	-75.1638	1209052	3	Philadelphia, Pennsylvania, United States	US	USPA	PA101	39.9523	-75.1638	1209052	20251027151500	https://www.phillytrib.com/news/local_news/corporate-investors-bought-a-quarter-of-philly-s-single-family-homes-sold-over-6-years/article_f480c174-db61-41a0-a1b2-9d83269b875a.html
1270930279	20251027	202510	2025	2025.8137	LEG	LAWMAKER						LEG			BUS	COMPANIES						BUS			0	010	010	01	1	0.0	8	1	8	-1.53721682847896	3	Philadelphia, Pennsylvania, United States	US	USPA	PA101	39.9523	-75.1638	1209052	3	Philadelphia, Pennsylvania, United States	US	USPA	PA101	39.9523	-75.1638	1209052	3	Philadelphia, Pennsylvania, United States	US	USPA	PA101	39.9523	-75.1638	1209052	20251027151500	https://www.phillytrib.com/news/local_news/corporate-investors-bought-a-quarter-of-philly-s-single-family-homes-sold-over-6-years/article_f480c174-db61-41a0-a1b2-9d83269b875a.html
1270930280	20251027	202510	2025	2025.8137	LEG	LAWMAKER						LEG			BUS	COMPANIES						BUS			0	020	020	02	1	3.0	2	1	2	-1.53721682847896	3	Cobbs Creek, Pennsylvania, United States	US	USPA	PA101	39.9476	-75.2402	1202868	3	Philadelphia, Pennsylvania, United States	US	USPA	PA101	39.9523	-75.1638	1209052	3	Philadelphia, Pennsylvania, United States	US	USPA	PA101	39.9523	-75.1638	1209052	20251027151500	https://www.phillytrib.com/news/local_news/corporate-investors-bought-a-quarter-of-philly-s-single-family-homes-sold-over-6-years/article_f480c174-db61-41a0-a1b2-9d83269b875a.html
1270930281	20251027	202510	2025	2025.8137	LEG	LAWMAKER						LEG			BUS	COMPANIES						BUS			0	020	020	02	1	3.0	8	1	8	-1.53721682847896	3	Philadelphia, Pennsylvania, United States	US	USPA	PA101	39.9523	-75.1638	1209052	3	Philadelphia, Pennsylvania, United States	US	USPA	PA101	39.9523	-75.1638	1209052	3	Philadelphia, Pennsylvania, United States	US	USPA	PA101	39.9523	-75.1638	1209052	20251027151500	https://www.phillytrib.com/news/local_news/corporate-investors-bought-a-quarter-of-philly-s-single-family-homes-sold-over-6-years/article_f480c174-db61-41a0-a1b2-9d83269b875a.html
1270930282	20251027	202510	2025	2025.8137	LEG	CONGRESS						LEG			COP	POLICE						COP			0	134	134	13	3	-5.8	5	1	5	-7.31070496083551	2	Minnesota, United States	US	USMN		45.7326	-93.9196	MN	2	Minnesota, United States	US	USMN		45.7326	-93.9196	MN	2	Minnesota, United States	US	USMN		45.7326	-93.9196	MN	20251027151500	https://wcbm.com/national-headline/this-guy-thought-it-would-be-a-good-idea-to-post-a-45000-bounty-on-pam-bondi/
1270930283	20251027	202510	2025	2025.8137	LEG	LAWMAKER						LEG			USA	ILLINOIS	USA								0	040	040	04	1	1.0	1	1	1	0.23809523809523	3	Punchbowl, California, United States	US	USCA	CA109	38.2391	-119.959	234520	2	Illinois, United States	US	USIL		40.3363	-89.0022	IL	2	Illinois, United States	US	USIL		40.3363	-89.0022	IL	20251027151500	https://www.aol.co.uk/articles/republican-indiana-governor-calls-special-144430456.html
1270930284	20251027	202510	2025	2025.8137	LEG	LAWMAKER						LEG			USA	ILLINOIS	USA								0	040	040	04	1	1.0	1	1	1	0	3	Punchbowl, North Carolina, United States	US	USNC	NC137	35.1482	-76.706	992903	2	Illinois, United States	US	USIL		40.3363	-89.0022	IL	2	Illinois, United States	US	USIL		40.3363	-89.0022	IL	20251027151500	https://www.theguardian.com/us-news/2025/oct/27/indiana-congressional-maps-redisctricting-governor
1270930285	20251027	202510	2025	2025.8137	LEG	LAWMAKER						LEG			USA	ILLINOIS	USA								0	040	040	04	1	1.0	2	2	2	0.119047619047615	2	Illinois, United States	US	USIL		40.3363	-89.0022	IL	2	Illinois, United States	US	USIL		40.3363	-89.0022	IL	2	Illinois, United States	US	USIL		40.3363	-89.0022	IL	20251027151500	https://www.aol.co.uk/articles/republican-indiana-governor-calls-special-144430456.html
1270930286	20251027	202510	2025	2025.8137	LEG	LEGISLATURE						LEG			USA	UNITED STATES	USA								1	046	046	04	1	7.0	2	1	2	-0.8955223880597	3	Baton Rouge, Louisiana, United States	US	USLA	LA033	30.4507	-91.1545	1629914	3	Baton Rouge, Louisiana, United States	US	USLA		30.4507	-91.1545	1629914	3	Baton Rouge, Louisiana, United States	US	USLA		30.4507	-91.1545	1629914	20251027151500	https://www.fox8live.com/2025/10/27/rep-julie-emerson-enters-field-challenge-us-sen-bill-cassidy/
1270930287	20251027	202510	2025	2025.8137	LEG	LEGISLATURE						LEG			USA	NORTH DAKOTA	USA								1	114	114	11	3	-2.0	10	1	10	1.26404494382023	3	Clay County, Minnesota, United States	US	USMN	MN027	46.8833	-96.4837	659459	3	Clay County, Minnesota, United States	US	USMN		46.8833	-96.4837	659459	3	Clay County, Minnesota, United States	US	USMN		46.8833	-96.4837	659459	20251027151500	https://www.twincities.com/2025/10/27/lakeville-center-opts-out-of-same-day-drivers-license-pilot-program/
1270930288	20251027	202510	2025	2025.8137	LEG	SENATOR						LEG			USA	UNITED STATES	USA								0	120	120	12	3	-4.0	2	1	2	-1.54798761609908	3	Washington, District of Columbia, United States	US	USDC	DC001	38.8951	-77.0364	531871	3	Washington, District of Columbia, United States	US	USDC	DC001	38.8951	-77.0364	531871	3	Washington, District of Columbia, United States	US	USDC	DC001	38.8951	-77.0364	531871	20251027151500	https://www.theguardian.com/us-news/2025/oct/27/afge-union-government-shutdown-federal-workers
1270930289	20251027	202510	2025	2025.8137	LEG	REPRESENTATIVES						LEG			idg	INDIGENOUS			idg						1	040	040	04	1	1.0	5	1	5	-2.54372019077902	1	Canada	CA	CA		60	-96	CA	1	Canada	CA	CA		60	-96	CA	1	Canada	CA	CA		60	-96	CA	20251027151500	https://www.elciudadano.com/en/penco-residents-rally-against-aclaras-rare-earth-mining-project/10/27/
1270930290	20251027	202510	2025	2025.8137	LEGGOV	CONGRESS						LEG	GOV												0	012	012	01	1	-0.4	5	1	5	-1.25260960334029	4	Telangana, Andhra Pradesh, India	IN	IN02	17568	18	79.5	-2112824	0								4	Telangana, Andhra Pradesh, India	IN	IN02	17568	18	79.5	-2112824	20251027151500	https://www.newkerala.com/news/o/rahul-gandhi-betrayed-telanganas-autorickshaw-drivers-ktr-271
1270930291	20251027	202510	2025	2025.8137	LEGGOV	CONGRESS						LEG	GOV												0	110	110	11	3	-2.0	10	1	10	-1.25260960334029	4	Telangana, Andhra Pradesh, India	IN	IN02	17568	18	79.5	-2112824	0								4	Telangana, Andhra Pradesh, India	IN	IN02	17568	18	79.5	-2112824	20251027151500	https://www.newkerala.com/news/o/rahul-gandhi-betrayed-telanganas-autorickshaw-drivers-ktr-271
1270930292	20251027	202510	2025	2025.8137	LEGGOV	NATIONAL ASSEMBLY						LEG	GOV		EDU	STUDENT						EDU			0	051	051	05	1	3.4	8	1	8	8.71886120996441	4	Phnom Penh, (CB11), Cambodia	CB	CB11	12390	11.55	104.917	-1033783	4	Phnom Penh, (CB11), Cambodia	CB	CB11	12390	11.55	104.917	-1033783	4	Phnom Penh, (CB11), Cambodia	CB	CB11	12390	11.55	104.917	-1033783	20251027151500	https://www.akp.gov.kh/post/detail/351844
1270930293	20251027	202510	2025	2025.8137	LEGGOV	NATIONAL ASSEMBLY						LEG	GOV		EDU	STUDENT						EDU			0	051	051	05	1	3.4	2	1	2	8.71886120996441	4	Phnom Penh, (CB11), Cambodia	CB	CB11	12390	11.55	104.917	-1033783	1	Hungary	HU	HU		47	20	HU	1	Hungary	HU	HU		47	20	HU	20251027151500	https://www.akp.gov.kh/post/detail/351844
1270930294	20251027	202510	2025	2025.8137	MED	PUBLICATION						MED													1	036	036	03	1	4.0	10	1	10	0.69108500345543	2	New York, United States	US	USNY		42.1497	-74.9384	NY	0								2	New York, United States	US	USNY		42.1497	-74.9384	NY	20251027151500	https://www.yahoo.com/news/articles/left-wing-ideas-wrecked-democrats-143617036.html
1270930295	20251027	202510	2025	2025.8137	MED	PUBLICATION						MED													1	051	051	05	1	3.4	10	1	10	15.7894736842105	4	Vancouver, British Columbia, Canada	CA	CA02	12552	49.25	-123.133	-575268	0								4	Vancouver, British Columbia, Canada	CA	CA02	12552	49.25	-123.133	-575268	20251027151500	https://www.openpr.com/news/4239309/airble-takes-flight-in-the-fall-issue-of-folio-yvr-luxury
1270930296	20251027	202510	2025	2025.8137	MED	MAGAZINE						MED													0	051	051	05	1	3.4	5	1	5	-4.12926391382406	1	Tunisia	TS	TS		34	9	TS	0								1	Tunisia	TS	TS		34	9	TS	20251027151500	https://www.manchestereveningnews.co.uk/news/greater-manchester-news/alleged-fanatics-laughed-discussed-forming-32755814
1270930297	20251027	202510	2025	2025.8137	MED	MEDIA						MED													1	071	071	07	2	7.4	10	1	10	3.5	4	Delamere, Cheshire West and Chester, United Kingdom	UK	UKZ8	40099	53.2167	-2.66667	-2594206	0								4	Delamere, Cheshire West and Chester, United Kingdom	UK	UKZ8	40099	53.2167	-2.66667	-2594206	20251027151500	https://www.warringtonguardian.co.uk/news/25574684.cheshires-delamere-forest-play-host-kooks-2026/
1270930298	20251027	202510	2025	2025.8137	MED	MAGAZINE						MED													1	173	173	17	4	-5.0	5	1	5	5.02717391304348	1	United Kingdom	UK	UK		54	-4	UK	0								1	United Kingdom	UK	UK		54	-4	UK	20251027151500	https://www.hrmagazine.co.uk/content/news/temu-clamps-down-on-design-copycats-how-hr-can-safeguard-intellectual-property
1270930299	20251027	202510	2025	2025.8137	MED	SPOKESMAN						MED			AFGMED	AFGHAN	AFG					MED			1	010	010	01	1	0.0	5	1	5	-2.44299674267101	4	Kabul, Kabol, Afghanistan	AF	AF13	3580	34.5167	69.1833	-3378435	4	Kabul, Kabol, Afghanistan	AF	AF13	3580	34.5167	69.1833	-3378435	4	Kabul, Kabol, Afghanistan	AF	AF13	3580	34.5167	69.1833	-3378435	20251027151500	https://www.yahoo.com/news/articles/pakistan-afghanistan-hold-third-day-144339563.html
1270930300	20251027	202510	2025	2025.8137	MED	MEDIA						MED			BGDGOVBUS	AMIR KHASRU MAHMUD CHOWDHURY	BGD					GOV	BUS		1	040	040	04	1	1.0	10	1	10	0	4	Dhaka, Dhaka, Bangladesh	BG	BG81	5778	23.7231	90.4086	-2737683	4	Dhaka, Dhaka, Bangladesh	BG	BG81	5778	23.7231	90.4086	-2737683	4	Dhaka, Dhaka, Bangladesh	BG	BG81	5778	23.7231	90.4086	-2737683	20251027151500	https://www.bssnews.net/news/325660
1270930301	20251027	202510	2025	2025.8137	MED	MEDIA						MED			CVL	MIGRANT						CVL			1	141	141	14	3	-6.5	6	1	6	-4.33734939759036	3	White House, District of Columbia, United States	US	USDC		38.8951	-77.0364	531871	3	White House, District of Columbia, United States	US	USDC		38.8951	-77.0364	531871	3	White House, District of Columbia, United States	US	USDC		38.8951	-77.0364	531871	20251027151500	https://www.thedailybeast.com/fox-news-host-joey-jones-tells-president-donald-trump-to-do-better-job-on-political-messaging/
1270930302	20251027	202510	2025	2025.8137	MED	MAGAZINE						MED			EDU	INTELLECTUAL						EDU			1	173	173	17	4	-5.0	5	1	5	5.02717391304348	1	United Kingdom	UK	UK		54	-4	UK	1	United Kingdom	UK	UK		54	-4	UK	1	United Kingdom	UK	UK		54	-4	UK	20251027151500	https://www.hrmagazine.co.uk/content/news/temu-clamps-down-on-design-copycats-how-hr-can-safeguard-intellectual-property
1270930303	20251027	202510	2025	2025.8137	MED	JOURNALIST						MED			GOV	PRESIDENT						GOV			0	020	020	02	1	3.0	5	1	5	1.18043844856661	4	Lagos, Lagos, Nigeria	NI	NI05	191416	6.45306	3.39583	-2017355	4	Lagos, Lagos, Nigeria	NI	NI05	191416	6.45306	3.39583	-2017355	4	Lagos, Lagos, Nigeria	NI	NI05	191416	6.45306	3.39583	-2017355	20251027151500	https://www.thisdaylive.com/2025/10/27/govt-urged-to-recognise-dokpesis-contributions-to-broadcasting/
1270930304	20251027	202510	2025	2025.8137	MED	WEBSITE						MED			GOV	ELECTION COMMISSION						GOV			1	060	060	06	2	6.0	5	1	5	1.55642023346303	4	Jaipur, Rajasthan, India	IN	IN24	17847	26.9167	75.8167	-2098033	4	Jaipur, Rajasthan, India	IN	IN24	17847	26.9167	75.8167	-2098033	4	Jaipur, Rajasthan, India	IN	IN24	17847	26.9167	75.8167	-2098033	20251027151500	https://www.newkerala.com/news/o/rajasthan-prepared-sir-chief-electoral-officer-763
1270930305	20251027	202510	2025	2025.8137	MED	JOURNALIST						MED			MOS	IMAM				MOS					1	040	040	04	1	1.0	10	1	10	1.09090909090909	0								0								0								20251027151500	https://www.bssnews.net/news/325601
1270930306	20251027	202510	2025	2025.8137	MED	WEBSITE						MED			PAK	PAKISTAN	PAK								1	043	043	04	1	2.8	10	1	10	4.76190476190476	1	Pakistan	PK	PK		30	70	PK	1	Pakistan	PK	PK		30	70	PK	1	Pakistan	PK	PK		30	70	PK	20251027151500	https://www.openpr.com/news/4239167/top-hostinger-coupon-code-revealed-90-off-hosting-free-domain
1270930307	20251027	202510	2025	2025.8137	MED	CORRESPONDENT						MED			USA	UNITED STATES	USA								1	042	042	04	1	1.9	2	1	2	-0.91954022988506	3	Washington, District of Columbia, United States	US	USDC	DC001	38.8951	-77.0364	531871	3	Washington, District of Columbia, United States	US	USDC	DC001	38.8951	-77.0364	531871	3	Washington, District of Columbia, United States	US	USDC	DC001	38.8951	-77.0364	531871	20251027151500	https://www.yahoo.com/news/articles/john-dickerson-depart-cbs-news-142555908.html
1270930308	20251027	202510	2025	2025.8137	MED	MAGAZINE						MED			USA	AMERICAN	USA								1	051	051	05	1	3.4	10	1	10	4.33295324971494	2	Florida, United States	US	USFL		27.8333	-81.717	FL	2	Florida, United States	US	USFL		27.8333	-81.717	FL	2	Florida, United States	US	USFL		27.8333	-81.717	FL	20251027151500	http://www.prnewswire.com/news-releases/american-cruise-lines-announces-10-new-us-built-ships-through-2028-beginning-with-american-pioneer-launching-this-week-302595446.html
1270930309	20251027	202510	2025	2025.8137	MED	CORRESPONDENT						MED			USAMED	NEW YORK	USA					MED			1	046	046	04	1	7.0	3	1	3	-5.55555555555556	2	New York, United States	US	USNY		42.1497	-74.9384	NY	2	New York, United States	US	USNY		42.1497	-74.9384	NY	2	New York, United States	US	USNY		42.1497	-74.9384	NY	20251027151500	https://www.yahoo.com/news/articles/unbearable-examines-human-cost-americas-144514596.html
1270930310	20251027	202510	2025	2025.8137	MEX	MEXICO	MEX								CANGOV	CANADA	CAN					GOV			0	050	050	05	1	3.5	2	1	2	-2.87610619469026	1	Canada	CA	CA		60	-96	CA	1	Canada	CA	CA		60	-96	CA	1	Canada	CA	CA		60	-96	CA	20251027151500	https://www.yahoo.com/news/articles/trump-abandon-canada-trade-talks-145259133.html
1270930311	20251027	202510	2025	2025.8137	MEX	MEXICO	MEX								CANGOV	CANADA	CAN					GOV			0	050	050	05	1	3.5	2	1	2	-2.87610619469026	1	Mexico	MX	MX		23	-102	MX	1	Canada	CA	CA		60	-96	CA	1	Canada	CA	CA		60	-96	CA	20251027151500	https://www.yahoo.com/news/articles/trump-abandon-canada-trade-talks-145259133.html
1270930312	20251027	202510	2025	2025.8137	MEX	MEXICO	MEX								GOV	ADMINISTRATION						GOV			0	050	050	05	1	3.5	2	1	2	-2.87610619469026	1	Canada	CA	CA		60	-96	CA	1	Canada	CA	CA		60	-96	CA	1	Canada	CA	CA		60	-96	CA	20251027151500	https://www.yahoo.com/news/articles/trump-abandon-canada-trade-talks-145259133.html
1270930313	20251027	202510	2025	2025.8137	MEX	MEXICO	MEX								GOV	ADMINISTRATION						GOV			0	050	050	05	1	3.5	4	1	4	-2.87610619469026	1	Mexico	MX	MX		23	-102	MX	1	Canada	CA	CA		60	-96	CA	1	Canada	CA	CA		60	-96	CA	20251027151500	https://www.yahoo.com/news/articles/trump-abandon-canada-trade-talks-145259133.html
1270930314	20251027	202510	2025	2025.8137	MIL	COMMANDER						MIL													0	017	017	01	1	0.0	10	1	10	2.57009345794392	4	Jaisalmer, Rajasthan, India	IN	IN24	17848	26.9167	70.9	-2098041	0								4	Jaisalmer, Rajasthan, India	IN	IN24	17848	26.9167	70.9	-2098041	20251027151500	https://www.newkerala.com/news/o/visiting-uae-commander-briefed-operation-sindoor-725
1270930315	20251027	202510	2025	2025.8137	MIL	NAVY						MIL													1	042	042	04	1	1.9	10	1	10	-0.88967971530249	4	Dunoon, Argyll and Bute, United Kingdom	UK	UKT8	40176	55.95	-4.95	-2594930	0								4	Dunoon, Argyll and Bute, United Kingdom	UK	UKT8	40176	55.95	-4.95	-2594930	20251027151500	https://www.mirror.co.uk/news/uk-news/body-found-search-dad-who-36140237
1270930316	20251027	202510	2025	2025.8137	MIL	ARMY						MIL													1	042	042	04	1	1.9	2	1	2	-5.98290598290598	1	United Arab Emirates	AE	AE		24	54	AE	0								4	Nuba, Ash Sharqiyah, Egypt	EG	EG14	66022	30.4826	31.5565	-300398	20251027151500	https://www.aol.co.uk/articles/fall-darfur-last-stronghold-raises-144415048.html
1270930317	20251027	202510	2025	2025.8137	MIL	ARMY						MIL													1	042	042	04	1	1.9	8	1	8	-5.98290598290598	1	Iran	IR	IR		32	53	IR	0								1	Iran	IR	IR		32	53	IR	20251027151500	https://www.aol.co.uk/articles/fall-darfur-last-stronghold-raises-144415048.html
1270930318	20251027	202510	2025	2025.8137	MIL	ARMED FORCES						MIL													0	062	062	06	2	7.4	20	2	20	-1.90217391304348	0								0								0								20251027151500	https://www.newarkadvertiser.co.uk/national/emotional-veterans-say-lgbt-memorial-means-everything-to-us-157757/
1270930319	20251027	202510	2025	2025.8137	MIL	ARMED FORCES						MIL													1	062	062	06	2	7.4	2	1	2	1.97530864197531	4	Mumbai, Maharashtra, India	IN	IN16	70184	18.975	72.8258	-2092174	0								4	Mumbai, Maharashtra, India	IN	IN16	70184	18.975	72.8258	-2092174	20251027151500	https://ianslive.in/iasv-triveni-completes-first-leg-of-global-expedition-reaches-australia--20251027202309
1270930320	20251027	202510	2025	2025.8137	MIL	ARMED FORCES						MIL													1	062	062	06	2	7.4	8	1	8	1.97530864197531	4	Puducherry, Pondicherry, India	IN	IN22	70228	11.93	79.83	-2108165	0								4	Puducherry, Pondicherry, India	IN	IN22	70228	11.93	79.83	-2108165	20251027151500	https://ianslive.in/iasv-triveni-completes-first-leg-of-global-expedition-reaches-australia--20251027202309
1270930321	20251027	202510	2025	2025.8137	MIL	MILITARY						MIL													0	0841	084	08	2	7.0	8	1	8	0.0970402717127601	2	Texas, United States	US	USTX		31.106	-97.6475	TX	0								2	Texas, United States	US	USTX		31.106	-97.6475	TX	20251027151500	https://www.flyingmag.com/living-historian-groups-walk-back-in-time-at-airshows/
1270930322	20251027	202510	2025	2025.8137	MIL	MILITARY						MIL													0	0841	084	08	2	7.0	2	1	2	0.0970402717127601	2	Wisconsin, United States	US	USWI		44.2563	-89.6385	WI	0								2	Wisconsin, United States	US	USWI		44.2563	-89.6385	WI	20251027151500	https://www.flyingmag.com/living-historian-groups-walk-back-in-time-at-airshows/
1270930323	20251027	202510	2025	2025.8137	MIL	MILITARY						MIL													0	150	150	15	4	-7.2	10	1	10	-2.33644859813084	4	Rajasthan, Sindh, Pakistan	PK	PK05	17848	26.8167	69.4917	6089686	0								4	Rajasthan, Sindh, Pakistan	PK	PK05	17848	26.8167	69.4917	6089686	20251027151500	https://dunyanews.tv/en/Pakistan/914397-pakistan-to-close-airspace-near-india-for-two-days
1270930324	20251027	202510	2025	2025.8137	MIL	MILITARY						MIL													0	190	190	19	4	-10.0	2	1	2	-3.79391100702576	3	Bunker Hill, Pennsylvania, United States	US	USPA	PA075	40.394	-76.4844	1170670	0								3	Bunker Hill, Pennsylvania, United States	US	USPA		40.394	-76.4844	1170670	20251027151500	https://www.geographicus.com/P/AntiqueMap/gettysburg-bachelder-1876
1270930325	20251027	202510	2025	2025.8137	MIL	MILITARY						MIL													0	190	190	19	4	-10.0	2	1	2	-3.79391100702576	2	New Hampshire, United States	US	USNH		43.4108	-71.5653	NH	0								2	New Hampshire, United States	US	USNH		43.4108	-71.5653	NH	20251027151500	https://www.geographicus.com/P/AntiqueMap/gettysburg-bachelder-1876
1270930326	20251027	202510	2025	2025.8137	MIL	MILITARY						MIL													0	190	190	19	4	-10.0	6	1	6	-3.79391100702576	2	New York, United States	US	USNY		42.1497	-74.9384	NY	0								2	New York, United States	US	USNY		42.1497	-74.9384	NY	20251027151500	https://www.geographicus.com/P/AntiqueMap/gettysburg-bachelder-1876
1270930327	20251027	202510	2025	2025.8137	MIL	LIEUTENANT GENERAL						MIL			BGDGOV	BANGLADESH	BGD					GOV			1	040	040	04	1	1.0	6	1	6	2.7124773960217	4	Dhaka, Dhaka, Bangladesh	BG	BG81	5778	23.7231	90.4086	-2737683	4	Dhaka, Dhaka, Bangladesh	BG	BG81	5778	23.7231	90.4086	-2737683	4	Dhaka, Dhaka, Bangladesh	BG	BG81	5778	23.7231	90.4086	-2737683	20251027151500	https://www.bssnews.net/news/325552
1270930328	20251027	202510	2025	2025.8137	MIL	AIR FORCE						MIL			CAN	CANADA	CAN								1	010	010	01	1	0.0	4	1	4	-2.87610619469026	1	Canada	CA	CA		60	-96	CA	1	Canada	CA	CA		60	-96	CA	1	Canada	CA	CA		60	-96	CA	20251027151500	https://www.yahoo.com/news/articles/trump-abandon-canada-trade-talks-145259133.html
1270930329	20251027	202510	2025	2025.8137	MIL	AIR FORCE						MIL			CAN	CANADA	CAN								1	040	040	04	1	1.0	4	1	4	-2.87610619469026	1	Canada	CA	CA		60	-96	CA	1	Canada	CA	CA		60	-96	CA	1	Canada	CA	CA		60	-96	CA	20251027151500	https://www.yahoo.com/news/articles/trump-abandon-canada-trade-talks-145259133.html
1270930330	20251027	202510	2025	2025.8137	MIL	NAVY						MIL			CHN	CHINA	CHN								1	062	062	06	2	7.4	2	1	2	0.91659028414298	4	Riyadh, Ar Riya?, Saudi Arabia	SA	SA10	25316	24.6408	46.7728	-3093009	4	Beijing, Beijing, China	CH	CH22	13001	39.9289	116.388	-1898541	4	Beijing, Beijing, China	CH	CH22	13001	39.9289	116.388	-1898541	20251027151500	https://breakingdefense.com/2025/10/chinas-presence-is-growing-in-the-middle-east-but-its-not-a-security-challenge-to-us-yet/
1270930331	20251027	202510	2025	2025.8137	MIL	NAVY						MIL			CHN	CHINA	CHN								1	062	062	06	2	7.4	8	1	8	0.91659028414298	4	Riyadh, Ar Riya?, Saudi Arabia	SA	SA10	25316	24.6408	46.7728	-3093009	4	Beijing, Beijing, China	CH	CH22	13001	39.9289	116.388	-1898541	4	Riyadh, Ar Riya?, Saudi Arabia	SA	SA10	25316	24.6408	46.7728	-3093009	20251027151500	https://breakingdefense.com/2025/10/chinas-presence-is-growing-in-the-middle-east-but-its-not-a-security-challenge-to-us-yet/
1270930332	20251027	202510	2025	2025.8137	MIL	ARMY						MIL			CVL	RESIDENTS						CVL			1	073	073	07	2	7.4	10	1	10	0.0700770847932697	3	White House, District of Columbia, United States	US	USDC		38.8951	-77.0364	531871	3	White House, District of Columbia, United States	US	USDC		38.8951	-77.0364	531871	3	White House, District of Columbia, United States	US	USDC		38.8951	-77.0364	531871	20251027151500	https://www.wesa.fm/wesa-voter-guide/2025-10-06/pittsburgh-city-council-district-6-election
1270930333	20251027	202510	2025	2025.8137	MIL	MILITARY						MIL			CVL	NATIVES						CVL			1	190	190	19	4	-10.0	10	1	10	-3.3457249070632	5	Dagestan, Dagestan, Russia	RS	RS17	25069	43	47	-2900223	5	Dagestan, Dagestan, Russia	RS	RS17	25069	43	47	-2900223	5	Dagestan, Dagestan, Russia	RS	RS17	25069	43	47	-2900223	20251027151500	https://www.eng.kavkaz-uzel.eu/articles/69254
1270930334	20251027	202510	2025	2025.8137	MIL	AIR FORCE						MIL			EGY	ALEXANDRIA	EGY								1	195	195	19	4	-10.0	4	1	4	-1.21065375302663	2	Texas, United States	US	USTX		31.106	-97.6475	TX	4	Alexandria, Al Iskandariyah, Egypt	EG	EG06	61590	31.1981	29.9192	-290263	2	Texas, United States	US	USTX		31.106	-97.6475	TX	20251027151500	https://www.thedailybeast.com/donald-trump-confesses-that-he-found-elementary-school-level-cognitive-test-very-hard/
1270930335	20251027	202510	2025	2025.8137	MIL	AIR FORCE						MIL			EGY	EGYPT	EGY								1	195	195	19	4	-10.0	2	1	2	-1.21065375302663	2	Texas, United States	US	USTX		31.106	-97.6475	TX	2	Texas, United States	US	USTX		31.106	-97.6475	TX	2	Texas, United States	US	USTX		31.106	-97.6475	TX	20251027151500	https://www.thedailybeast.com/donald-trump-confesses-that-he-found-elementary-school-level-cognitive-test-very-hard/
1270930336	20251027	202510	2025	2025.8137	MIL	ARMED FORCES						MIL			GOV	MONARCH						GOV			0	017	017	01	1	0.0	10	1	10	-0.36866359447004	1	Ireland	EI	EI		53	-8	EI	1	Ireland	EI	EI		53	-8	EI	1	Ireland	EI	EI		53	-8	EI	20251027151500	https://www.mirror.co.uk/news/politics/king-charles-attends-first-official-36140724
1270930337	20251027	202510	2025	2025.8137	MIL	ARMED FORCES						MIL			GOV	MONARCH						GOV			0	042	042	04	1	1.9	10	1	10	-0.36866359447004	1	Ireland	EI	EI		53	-8	EI	1	Ireland	EI	EI		53	-8	EI	1	Ireland	EI	EI		53	-8	EI	20251027151500	https://www.mirror.co.uk/news/politics/king-charles-attends-first-official-36140724
1270930338	20251027	202510	2025	2025.8137	MIL	AIR FORCE						MIL			GOV	PRESIDENT						GOV			1	190	190	19	4	-10.0	8	1	8	-1.21065375302663	3	White House, District of Columbia, United States	US	USDC		38.8951	-77.0364	531871	3	White House, District of Columbia, United States	US	USDC		38.8951	-77.0364	531871	3	White House, District of Columbia, United States	US	USDC		38.8951	-77.0364	531871	20251027151500	https://www.thedailybeast.com/donald-trump-confesses-that-he-found-elementary-school-level-cognitive-test-very-hard/
1270930339	20251027	202510	2025	2025.8137	MIL	AIR FORCE						MIL			GOV	PRESIDENT						GOV			1	190	190	19	4	-10.0	2	1	2	-1.21065375302663	2	Texas, United States	US	USTX		31.106	-97.6475	TX	2	Texas, United States	US	USTX		31.106	-97.6475	TX	2	Texas, United States	US	USTX		31.106	-97.6475	TX	20251027151500	https://www.thedailybeast.com/donald-trump-confesses-that-he-found-elementary-school-level-cognitive-test-very-hard/
1270930340	20251027	202510	2025	2025.8137	MIL	COMMANDER						MIL			GOVMIL	DEFENCE MINIST						GOV	MIL		1	010	010	01	1	0.0	10	1	10	2.57009345794392	4	Jaisalmer, Rajasthan, India	IN	IN24	17848	26.9167	70.9	-2098041	4	Jaisalmer, Rajasthan, India	IN	IN24	17848	26.9167	70.9	-2098041	4	Jaisalmer, Rajasthan, India	IN	IN24	17848	26.9167	70.9	-2098041	20251027151500	https://www.newkerala.com/news/o/visiting-uae-commander-briefed-operation-sindoor-725
1270930341	20251027	202510	2025	2025.8137	MIL	KFIR						MIL			ISR	ISRAEL	ISR								1	090	090	09	2	-2.0	3	1	3	-6.70926517571885	4	Gaza, Israel (general), Israel	IS	IS00	18315	31.4167	34.3333	-797156	4	Gaza, Israel (general), Israel	IS	IS00	18315	31.4167	34.3333	-797156	4	Gaza, Israel (general), Israel	IS	IS00	18315	31.4167	34.3333	-797156	20251027151500	https://themedialine.org/mideast-daily-news/israel-sets-tunnel-demolition-as-gaza-wars-new-center-of-gravity/
1270930342	20251027	202510	2025	2025.8137	MIL	MAJOR GENERAL						MIL			JOR	JORDAN	JOR								0	046	046	04	1	7.0	2	1	2	7.29613733905579	4	Amman, (JO11), Jordan	JO	JO11	36728	31.95	35.9333	-970362	4	Amman, (JO11), Jordan	JO	JO11	36728	31.95	35.9333	-970362	4	Amman, (JO11), Jordan	JO	JO11	36728	31.95	35.9333	-970362	20251027151500	https://dunyanews.tv/en/Pakistan/914426-field-marshal-asim-munir-meets-jordanian-king-to-strengthen-defence-ti
1270930343	20251027	202510	2025	2025.8137	MIL	COMMANDER						MIL			LEG	REPRESENTATIVES						LEG			0	036	036	03	1	4.0	10	1	10	2.57009345794392	4	Jaisalmer, Rajasthan, India	IN	IN24	17848	26.9167	70.9	-2098041	4	Jaisalmer, Rajasthan, India	IN	IN24	17848	26.9167	70.9	-2098041	4	Jaisalmer, Rajasthan, India	IN	IN24	17848	26.9167	70.9	-2098041	20251027151500	https://www.newkerala.com/news/o/visiting-uae-commander-briefed-operation-sindoor-725
1270930344	20251027	202510	2025	2025.8137	MIL	MILITARY						MIL			PAK	PAKISTANI	PAK								1	150	150	15	4	-7.2	10	1	10	-2.33644859813084	4	Lahore, Punjab, Pakistan	PK	PK04	23677	31.5497	74.3436	-2767043	4	Lahore, Punjab, Pakistan	PK	PK04	23677	31.5497	74.3436	-2767043	4	Lahore, Punjab, Pakistan	PK	PK04	23677	31.5497	74.3436	-2767043	20251027151500	https://dunyanews.tv/en/Pakistan/914397-pakistan-to-close-airspace-near-india-for-two-days
1270930345	20251027	202510	2025	2025.8137	MIL	MAJOR GENERAL						MIL			PAKUAF	PAKISTAN	PAK					UAF			0	051	051	05	1	3.4	8	1	8	7.29613733905579	4	Amman, (JO11), Jordan	JO	JO11	36728	31.95	35.9333	-970362	1	Pakistan	PK	PK		30	70	PK	1	Pakistan	PK	PK		30	70	PK	20251027151500	https://dunyanews.tv/en/Pakistan/914426-field-marshal-asim-munir-meets-jordanian-king-to-strengthen-defence-ti
1270930346	20251027	202510	2025	2025.8137	MIL	MAJOR GENERAL						MIL			PAKUAF	PAKISTAN	PAK					UAF			0	070	070	07	2	7.0	8	1	8	7.29613733905579	4	Amman, (JO11), Jordan	JO	JO11	36728	31.95	35.9333	-970362	1	Pakistan	PK	PK		30	70	PK	1	Pakistan	PK	PK		30	70	PK	20251027151500	https://dunyanews.tv/en/Pakistan/914426-field-marshal-asim-munir-meets-jordanian-king-to-strengthen-defence-ti
1270930347	20251027	202510	2025	2025.8137	MIL	MILITARY						MIL			UAF	FIGHTER						UAF			1	190	190	19	4	-10.0	5	1	5	-3.3457249070632	1	Ukraine	UP	UP		49	32	UP	5	Dagestan, Dagestan, Russia	RS	RS17	25069	43	47	-2900223	1	Ukraine	UP	UP		49	32	UP	20251027151500	https://www.eng.kavkaz-uzel.eu/articles/69254
1270930348	20251027	202510	2025	2025.8137	MIL	NAVY						MIL			USA	UNITED STATES	USA								0	010	010	01	1	0.0	2	1	2	-0.31055900621118	4	Burevestnik, Nizhegorodskaya Oblast', Russia	RS	RS51	25080	55.4144	43.9536	9259711	4	Burevestnik, Nizhegorodskaya Oblast', Russia	RS	RS51	25080	55.4144	43.9536	9259711	4	Burevestnik, Nizhegorodskaya Oblast', Russia	RS	RS51	25080	55.4144	43.9536	9259711	20251027151500	https://www.yahoo.com/news/articles/russias-skyfall-missile-test-trump-141551837.html
1270930349	20251027	202510	2025	2025.8137	MIL	AIRCRAFT CARRIER						MIL			USA	THE US	USA								1	072	072	07	2	8.3	5	1	5	-4.23076923076923	1	Trinidad And Tobago	TD	TD		11	-61	TD	1	Trinidad And Tobago	TD	TD		11	-61	TD	1	Trinidad And Tobago	TD	TD		11	-61	TD	20251027151500	https://www.democracynow.org/2025/10/27/headlines/venezuela_denounces_the_us_for_docking_warship_in_trinidad_and_tobago
1270930350	20251027	202510	2025	2025.8137	MIL	AIR FORCE						MIL			USA	TEXAS	USA								1	195	195	19	4	-10.0	10	1	10	-1.21065375302663	2	Texas, United States	US	USTX		31.106	-97.6475	TX	2	Texas, United States	US	USTX		31.106	-97.6475	TX	2	Texas, United States	US	USTX		31.106	-97.6475	TX	20251027151500	https://www.thedailybeast.com/donald-trump-confesses-that-he-found-elementary-school-level-cognitive-test-very-hard/
1270930351	20251027	202510	2025	2025.8137	MILJUD	MILITARY TRIBUNAL						MIL	JUD												1	173	173	17	4	-5.0	6	1	6	-2.4793388429752	1	United States	US	US		39.828175	-98.5795	US	0								1	United States	US	US		39.828175	-98.5795	US	20251027151500	https://www.startribune.com/nuremberg-new-movie-us-foreign-policy-ww2/601504026
1270930352	20251027	202510	2025	2025.8137	MILJUD	MILITARY TRIBUNAL						MIL	JUD		USA	UNITED STATES	USA								1	173	173	17	4	-5.0	4	1	4	-2.4793388429752	1	United States	US	US		39.828175	-98.5795	US	1	United States	US	US		39.828175	-98.5795	US	1	United States	US	US		39.828175	-98.5795	US	20251027151500	https://www.startribune.com/nuremberg-new-movie-us-foreign-policy-ww2/601504026
1270930353	20251027	202510	2025	2025.8137	MNCDEU	DEUTSCHE BANK	DEU					MNC													0	010	010	01	1	0.0	10	1	10	1.875	1	Canada	CA	CA		60	-96	CA	0								1	Canada	CA	CA		60	-96	CA	20251027151500	https://www.tickerreport.com/banking-finance/13215521/teacher-retirement-system-of-texas-has-91-37-million-stock-holdings-in-ge-aerospace-ge.html
1270930354	20251027	202510	2025	2025.8137	MNCKOR	SAMSUNG	KOR					MNC													1	084	084	08	2	7.0	3	1	3	0.43290043290043	1	United States	US	US		39.828175	-98.5795	US	0								1	United States	US	US		39.828175	-98.5795	US	20251027151500	https://hothardware.com/news/samsungs-trifold-galaxy-phone-launch-may-leave-us-out-of-the-fold
1270930355	20251027	202510	2025	2025.8137	MNCKOR	SAMSUNG	KOR					MNC			CHN	CHINESE	CHN								1	084	084	08	2	7.0	7	1	7	0.43290043290043	1	United States	US	US		39.828175	-98.5795	US	1	United States	US	US		39.828175	-98.5795	US	1	United States	US	US		39.828175	-98.5795	US	20251027151500	https://hothardware.com/news/samsungs-trifold-galaxy-phone-launch-may-leave-us-out-of-the-fold
1270930356	20251027	202510	2025	2025.8137	MNCKOR	HYUNDAI	KOR					MNC			GOV	PRESIDENT						GOV			1	040	040	04	1	1.0	3	1	3	-1.91304347826087	1	South Korea	KS	KS		37	127.5	KS	1	South Korea	KS	KS		37	127.5	KS	1	South Korea	KS	KS		37	127.5	KS	20251027151500	https://www.thedailybeast.com/donald-trump-hammers-his-own-ice-goons-to-suck-up-to-south-korean-leader-over-raid-on-georgia-hyundai-plant/
1270930357	20251027	202510	2025	2025.8137	MNCUSA	KEYCORP	USA					MNC													1	010	010	01	1	0.0	10	1	10	2.97450424929178	2	Massachusetts, United States	US	USMA		42.2373	-71.5314	MA	0								2	Massachusetts, United States	US	USMA		42.2373	-71.5314	MA	20251027151500	https://www.dailypolitical.com/2025/10/27/y-intercept-hong-kong-ltd-boosts-stock-position-in-fiserv-inc-fi.html
1270930358	20251027	202510	2025	2025.8137	MNCUSA	EXXON	USA					MNC													0	010	010	01	1	0.0	10	1	10	0.28248587570622	2	New Jersey, United States	US	USNJ		40.314	-74.5089	NJ	0								2	New Jersey, United States	US	USNJ		40.314	-74.5089	NJ	20251027151500	https://www.jdsupra.com/legalnews/sec-issues-no-action-letter-approving-3894948/
1270930359	20251027	202510	2025	2025.8137	MNCUSA	DELTA AIR LINES	USA					MNC													1	042	042	04	1	1.9	10	1	10	-3.44202898550724	2	New York, United States	US	USNY		42.1497	-74.9384	NY	0								2	New York, United States	US	USNY		42.1497	-74.9384	NY	20251027151500	https://www.yahoo.com/news/articles/real-reason-flight-attendants-no-133000095.html
1270930360	20251027	202510	2025	2025.8137	MNCUSA	DELTA AIR LINES	USA					MNC													1	060	060	06	2	6.0	10	1	10	-3.44202898550724	2	New York, United States	US	USNY		42.1497	-74.9384	NY	0								2	New York, United States	US	USNY		42.1497	-74.9384	NY	20251027151500	https://www.yahoo.com/news/articles/real-reason-flight-attendants-no-133000095.html
1270930361	20251027	202510	2025	2025.8137	MNCUSA	NUVEEN	USA					MNC			BUS	COMPANY						BUS			1	071	071	07	2	7.4	10	1	10	1.55642023346303	4	Wellington, New Zealand (general), New Zealand	NZ	NZ00	22391	-41.3	174.783	-1521348	4	Wellington, New Zealand (general), New Zealand	NZ	NZ00	22391	-41.3	174.783	-1521348	4	Wellington, New Zealand (general), New Zealand	NZ	NZ00	22391	-41.3	174.783	-1521348	20251027151500	https://www.tickerreport.com/banking-finance/13215520/teacher-retirement-system-of-texas-decreases-position-in-eli-lilly-and-company-lly.html
1270930362	20251027	202510	2025	2025.8137	MNCUSA	GOLDMAN SACHS	USA					MNC			BUS	CORPORATION						BUS			0	071	071	07	2	7.4	5	1	5	1.68818272095333	1	United States	US	US		39.828175	-98.5795	US	1	United States	US	US		39.828175	-98.5795	US	1	United States	US	US		39.828175	-98.5795	US	20251027151500	https://www.themarketsdaily.com/2025/10/27/the-goldman-sachs-group-inc-gs-shares-sold-by-oppenheimer-asset-management-inc.html
1270930363	20251027	202510	2025	2025.8137	MNCUSA	GOLDMAN SACHS	USA					MNC			GOVBUS	SECURITIES AND EXCHANGE COMMISSION						GOV	BUS		1	010	010	01	1	0.0	10	1	10	1.68818272095333	1	United States	US	US		39.828175	-98.5795	US	1	United States	US	US		39.828175	-98.5795	US	1	United States	US	US		39.828175	-98.5795	US	20251027151500	https://www.themarketsdaily.com/2025/10/27/the-goldman-sachs-group-inc-gs-shares-sold-by-oppenheimer-asset-management-inc.html
1270930364	20251027	202510	2025	2025.8137	MNCUSA	NUVEEN	USA					MNC			MNC	MASTERCARD						MNC			1	071	071	07	2	7.4	10	1	10	1.72043010752688	1	United States	US	US		39.828175	-98.5795	US	1	United States	US	US		39.828175	-98.5795	US	1	United States	US	US		39.828175	-98.5795	US	20251027151500	https://www.dailypolitical.com/2025/10/27/y-intercept-hong-kong-ltd-increases-stock-position-in-mastercard-incorporated-ma.html
1270930365	20251027	202510	2025	2025.8137	MNCUSA	EXXON	USA					MNC			USA	NEW JERSEY	USA								0	010	010	01	1	0.0	10	1	10	0.28248587570622	2	New Jersey, United States	US	USNJ		40.314	-74.5089	NJ	2	New Jersey, United States	US	USNJ		40.314	-74.5089	NJ	2	New Jersey, United States	US	USNJ		40.314	-74.5089	NJ	20251027151500	https://www.jdsupra.com/legalnews/sec-issues-no-action-letter-approving-3894948/
1270930366	20251027	202510	2025	2025.8137	MNCUSAHLH	ELI LILLY	USA					MNC	HLH		BUS	COMPANY						BUS			1	010	010	01	1	0.0	10	1	10	1.55642023346303	4	Wellington, New Zealand (general), New Zealand	NZ	NZ00	22391	-41.3	174.783	-1521348	4	Wellington, New Zealand (general), New Zealand	NZ	NZ00	22391	-41.3	174.783	-1521348	4	Wellington, New Zealand (general), New Zealand	NZ	NZ00	22391	-41.3	174.783	-1521348	20251027151500	https://www.tickerreport.com/banking-finance/13215520/teacher-retirement-system-of-texas-decreases-position-in-eli-lilly-and-company-lly.html
1270930367	20251027	202510	2025	2025.8137	MOS	IMAM				MOS															1	013	013	01	1	0.4	10	1	10	1.09090909090909	0								0								0								20251027151500	https://www.bssnews.net/news/325601
1270930368	20251027	202510	2025	2025.8137	MOS	IMAM				MOS					BGD	RAJSHAHI	BGD								1	040	040	04	1	1.0	10	1	10	1.09090909090909	0								0								0								20251027151500	https://www.bssnews.net/news/325601
1270930369	20251027	202510	2025	2025.8137	MOS	IMAM				MOS					MED	JOURNALIST						MED			1	040	040	04	1	1.0	10	1	10	1.09090909090909	0								0								0								20251027151500	https://www.bssnews.net/news/325601
1270930370	20251027	202510	2025	2025.8137	MYS	KUALA LUMPUR	MYS								BRAGOV	LULA DA SILVA	BRA					GOV			0	040	040	04	1	1.0	1	1	1	-0.62893081761006	1	Cambodia	CB	CB		13	105	CB	4	Kuala Lumpur, Kuala Lumpur, Malaysia	MY	MY14	18585	3.16667	101.7	-2403010	4	Kuala Lumpur, Kuala Lumpur, Malaysia	MY	MY14	18585	3.16667	101.7	-2403010	20251027151500	https://www.santafenewmexican.com/ap/business/u-s-and-china-say-a-trade-deal-is-drawing-closer-as-trump-and-xi/article_1c356323-8d64-528b-b68e-8a691080f894.html
1270930371	20251027	202510	2025	2025.8137	MYS	KUALA LUMPUR	MYS								BRAGOV	BRAZIL	BRA					GOV			0	040	040	04	1	1.0	1	1	1	-0.62893081761006	1	Cambodia	CB	CB		13	105	CB	1	Cambodia	CB	CB		13	105	CB	4	Kuala Lumpur, Kuala Lumpur, Malaysia	MY	MY14	18585	3.16667	101.7	-2403010	20251027151500	https://www.santafenewmexican.com/ap/business/u-s-and-china-say-a-trade-deal-is-drawing-closer-as-trump-and-xi/article_1c356323-8d64-528b-b68e-8a691080f894.html
1270930372	20251027	202510	2025	2025.8137	MYS	MALAYSIA	MYS								GOV	PRESIDENT						GOV			0	057	057	05	1	8.0	1	1	1	-0.62893081761006	4	Bangkok, Krung Thep Mahanakhon, Thailand	TH	TH40	26423	13.75	100.517	-3250083	4	Bangkok, Krung Thep Mahanakhon, Thailand	TH	TH40	26423	13.75	100.517	-3250083	4	Bangkok, Krung Thep Mahanakhon, Thailand	TH	TH40	26423	13.75	100.517	-3250083	20251027151500	https://www.santafenewmexican.com/ap/business/u-s-and-china-say-a-trade-deal-is-drawing-closer-as-trump-and-xi/article_1c356323-8d64-528b-b68e-8a691080f894.html
1270930373	20251027	202510	2025	2025.8137	MYS	MALAYSIA	MYS								USA	UNITED STATES	USA								1	042	042	04	1	1.9	2	1	2	1.05263157894736	4	Kuala Lumpur, Kuala Lumpur, Malaysia	MY	MY14	18585	3.16667	101.7	-2403010	3	White House, District of Columbia, United States	US	USDC		38.8951	-77.0364	531871	4	Kuala Lumpur, Kuala Lumpur, Malaysia	MY	MY14	18585	3.16667	101.7	-2403010	20251027151500	https://www.thedailybeast.com/donald-trump-79-lets-slip-he-underwent-an-mri-scan-during-walter-reed-visit/
1270930374	20251027	202510	2025	2025.8137	MYSGOV	MALAYSIA	MYS					GOV			JPN	TOKYO	JPN								0	042	042	04	1	1.9	2	1	2	1.05263157894736	4	Kuala Lumpur, Kuala Lumpur, Malaysia	MY	MY14	18585	3.16667	101.7	-2403010	4	Kuala Lumpur, Kuala Lumpur, Malaysia	MY	MY14	18585	3.16667	101.7	-2403010	4	Kuala Lumpur, Kuala Lumpur, Malaysia	MY	MY14	18585	3.16667	101.7	-2403010	20251027151500	https://www.thedailybeast.com/donald-trump-79-lets-slip-he-underwent-an-mri-scan-during-walter-reed-visit/
1270930375	20251027	202510	2025	2025.8137	NGA	NIGERIA	NGA																		1	010	010	01	1	0.0	4	1	4	-10.5354058721935	4	Kuje, Abuja Federal Capital Territory, Nigeria	NI	NI11	22778	8.89639	7.24306	-2016210	0								4	Kuje, Abuja Federal Capital Territory, Nigeria	NI	NI11	22778	8.89639	7.24306	-2016210	20251027151500	https://saharareporters.com/2025/10/27/sowores-abduction-kuje-court-despicable-act-terror-nigerian-police-okechukwu-nwanguma
1270930376	20251027	202510	2025	2025.8137	NGA	NIGERIA	NGA																		0	010	010	01	1	0.0	1	1	1	-7.08604483007954	1	Benin	BN	BN		9.5	2.25	BN	0								1	Benin	BN	BN		9.5	2.25	BN	20251027151500	https://www.thisdaylive.com/2025/10/27/60-year-old-orphanage-owner-others-arrested-for-child-trafficking/
1270930377	20251027	202510	2025	2025.8137	NGA	NIGERIA	NGA																		1	180	180	18	4	-9.0	2	1	2	-10.5354058721935	4	Kuje, Abuja Federal Capital Territory, Nigeria	NI	NI11	22778	8.89639	7.24306	-2016210	0								4	Kuje, Abuja Federal Capital Territory, Nigeria	NI	NI11	22778	8.89639	7.24306	-2016210	20251027151500	https://saharareporters.com/2025/10/27/sowores-abduction-kuje-court-despicable-act-terror-nigerian-police-okechukwu-nwanguma
1270930378	20251027	202510	2025	2025.8137	NGA	NIGERIA	NGA								BUS	ENTREPRENEUR						BUS			0	051	051	05	1	3.4	4	1	4	1.18043844856661	4	Lagos, Lagos, Nigeria	NI	NI05	191416	6.45306	3.39583	-2017355	4	Lagos, Lagos, Nigeria	NI	NI05	191416	6.45306	3.39583	-2017355	4	Lagos, Lagos, Nigeria	NI	NI05	191416	6.45306	3.39583	-2017355	20251027151500	https://www.thisdaylive.com/2025/10/27/govt-urged-to-recognise-dokpesis-contributions-to-broadcasting/
1270930379	20251027	202510	2025	2025.8137	NGA	NIGERIA	NGA								EDU	STUDENT						EDU			1	012	012	01	1	-0.4	5	1	5	0.35026269702277	4	Lagos, Lagos, Nigeria	NI	NI05	191416	6.45306	3.39583	-2017355	4	Lagos, Lagos, Nigeria	NI	NI05	191416	6.45306	3.39583	-2017355	4	Lagos, Lagos, Nigeria	NI	NI05	191416	6.45306	3.39583	-2017355	20251027151500	https://quicknews-africa.net/7-5-vat-on-chatgpt-to-have-dual-edged-impact-on-economy-expert/
1270930380	20251027	202510	2025	2025.8137	NGA	NIGERIA	NGA								GOV	GOVERNMENT						GOV			0	013	013	01	1	0.4	4	1	4	1.18043844856661	4	Lagos, Lagos, Nigeria	NI	NI05	191416	6.45306	3.39583	-2017355	4	Lagos, Lagos, Nigeria	NI	NI05	191416	6.45306	3.39583	-2017355	4	Lagos, Lagos, Nigeria	NI	NI05	191416	6.45306	3.39583	-2017355	20251027151500	https://www.thisdaylive.com/2025/10/27/govt-urged-to-recognise-dokpesis-contributions-to-broadcasting/
1270930381	20251027	202510	2025	2025.8137	NGA	NIGERIAN	NGA								GOV	GOVERNMENT						GOV			1	017	017	01	1	0.0	10	1	10	1.18043844856661	4	Lagos, Lagos, Nigeria	NI	NI05	191416	6.45306	3.39583	-2017355	4	Lagos, Lagos, Nigeria	NI	NI05	191416	6.45306	3.39583	-2017355	4	Lagos, Lagos, Nigeria	NI	NI05	191416	6.45306	3.39583	-2017355	20251027151500	https://www.thisdaylive.com/2025/10/27/govt-urged-to-recognise-dokpesis-contributions-to-broadcasting/
1270930382	20251027	202510	2025	2025.8137	NGA	NIGERIA	NGA								GOV	GOVERNMENT						GOV			0	070	070	07	2	7.0	4	1	4	1.18043844856661	4	Lagos, Lagos, Nigeria	NI	NI05	191416	6.45306	3.39583	-2017355	4	Lagos, Lagos, Nigeria	NI	NI05	191416	6.45306	3.39583	-2017355	4	Lagos, Lagos, Nigeria	NI	NI05	191416	6.45306	3.39583	-2017355	20251027151500	https://www.thisdaylive.com/2025/10/27/govt-urged-to-recognise-dokpesis-contributions-to-broadcasting/
1270930383	20251027	202510	2025	2025.8137	NGA	NIGERIAN	NGA								GOV	GOVERNMENT						GOV			1	100	100	10	3	-5.0	10	1	10	1.18043844856661	4	Lagos, Lagos, Nigeria	NI	NI05	191416	6.45306	3.39583	-2017355	4	Lagos, Lagos, Nigeria	NI	NI05	191416	6.45306	3.39583	-2017355	4	Lagos, Lagos, Nigeria	NI	NI05	191416	6.45306	3.39583	-2017355	20251027151500	https://www.thisdaylive.com/2025/10/27/govt-urged-to-recognise-dokpesis-contributions-to-broadcasting/
1270930384	20251027	202510	2025	2025.8137	NGA	NIGERIAN	NGA								MED	MEDIA						MED			1	010	010	01	1	0.0	12	1	10	1.18043844856661	4	Lagos, Lagos, Nigeria	NI	NI05	191416	6.45306	3.39583	-2017355	4	Lagos, Lagos, Nigeria	NI	NI05	191416	6.45306	3.39583	-2017355	4	Lagos, Lagos, Nigeria	NI	NI05	191416	6.45306	3.39583	-2017355	20251027151500	https://www.thisdaylive.com/2025/10/27/govt-urged-to-recognise-dokpesis-contributions-to-broadcasting/
1270930385	20251027	202510	2025	2025.8137	NGA	NIGERIAN	NGA								MED	MEDIA						MED			1	070	070	07	2	7.0	10	1	10	1.18043844856661	4	Lagos, Lagos, Nigeria	NI	NI05	191416	6.45306	3.39583	-2017355	4	Lagos, Lagos, Nigeria	NI	NI05	191416	6.45306	3.39583	-2017355	4	Lagos, Lagos, Nigeria	NI	NI05	191416	6.45306	3.39583	-2017355	20251027151500	https://www.thisdaylive.com/2025/10/27/govt-urged-to-recognise-dokpesis-contributions-to-broadcasting/
1270930386	20251027	202510	2025	2025.8137	NGA	NIGERIA	NGA								MEDBUS	MEDIA						MED	BUS		0	010	010	01	1	0.0	4	1	4	1.18043844856661	4	Lagos, Lagos, Nigeria	NI	NI05	191416	6.45306	3.39583	-2017355	4	Lagos, Lagos, Nigeria	NI	NI05	191416	6.45306	3.39583	-2017355	4	Lagos, Lagos, Nigeria	NI	NI05	191416	6.45306	3.39583	-2017355	20251027151500	https://www.thisdaylive.com/2025/10/27/govt-urged-to-recognise-dokpesis-contributions-to-broadcasting/
1270930387	20251027	202510	2025	2025.8137	NGA	NIGERIA	NGA								NGAEDU	NIGERIA	NGA					EDU			1	051	051	05	1	3.4	2	1	2	5.09433962264151	5	Anambra State, Anambra, Nigeria	NI	NI25	22646	6.33333	7	-1999834	5	Anambra State, Anambra, Nigeria	NI	NI25	22646	6.33333	7	-1999834	5	Anambra State, Anambra, Nigeria	NI	NI25	22646	6.33333	7	-1999834	20251027151500	https://www.thisdaylive.com/2025/10/27/foundation-extends-scholarship-indigent-students-in-unizik-coou-others/
1270930388	20251027	202510	2025	2025.8137	NGAEDU	NIGERIA	NGA					EDU													1	051	051	05	1	3.4	2	1	2	5.09433962264151	5	Anambra State, Anambra, Nigeria	NI	NI25	22646	6.33333	7	-1999834	0								5	Anambra State, Anambra, Nigeria	NI	NI25	22646	6.33333	7	-1999834	20251027151500	https://www.thisdaylive.com/2025/10/27/foundation-extends-scholarship-indigent-students-in-unizik-coou-others/
1270930389	20251027	202510	2025	2025.8137	NGOHLHIRC	RED CROSS		IRC				NGO	HLH												1	020	020	02	1	3.0	5	1	5	-0.76335877862596	0								0								0								20251027151500	https://abcnews4.com/news/local/family-of-five-displaced-by-charleston-house-fire-sunday-night-american-red-cross-resources-food-shelter-clothing-fire-alarms-smoke-detectors-escape-plan
1270930390	20251027	202510	2025	2025.8137	NMR	NORTH AMERICA	NMR																		1	043	043	04	1	2.8	2	1	2	7.38636363636363	3	Charlotte, North Carolina, United States	US	USNC	NC119	35.2271	-80.8431	1019610	0								3	Charlotte, North Carolina, United States	US	USNC	NC119	35.2271	-80.8431	1019610	20251027151500	https://www.el-balad.com/6746424
1270930391	20251027	202510	2025	2025.8137	NMR	NORTH AMERICA	NMR								USA	UNITED STATES	USA								1	043	043	04	1	2.8	4	1	4	7.38636363636363	3	Charlotte, North Carolina, United States	US	USNC	NC119	35.2271	-80.8431	1019610	3	Charlotte, North Carolina, United States	US	USNC	NC119	35.2271	-80.8431	1019610	3	Charlotte, North Carolina, United States	US	USNC	NC119	35.2271	-80.8431	1019610	20251027151500	https://www.el-balad.com/6746424
1270930392	20251027	202510	2025	2025.8137	NRMRAC020	CREATIVITY				NRM															1	043	043	04	1	2.8	2	1	2	7.79220779220779	4	Jalisco, Baja California, Mexico	MX	MX02	19586	32.5175	-115.235	-1661292	0								4	Jalisco, Baja California, Mexico	MX	MX02	19586	32.5175	-115.235	-1661292	20251027151500	https://www.thespiritsbusiness.com/2025/10/pernod-ricard-takes-sip-supernova-hospitality-competition-global/
1270930393	20251027	202510	2025	2025.8137	NRMRAC020	CREATIVITY				NRM															1	111	111	11	3	-2.0	2	1	2	7.79220779220779	4	Havana, Ciudad de La Habana, Cuba	CU	CU02	14613	23.1319	-82.3642	-1628751	0								4	Havana, Ciudad de La Habana, Cuba	CU	CU02	14613	23.1319	-82.3642	-1628751	20251027151500	https://www.thespiritsbusiness.com/2025/10/pernod-ricard-takes-sip-supernova-hospitality-competition-global/
1270930394	20251027	202510	2025	2025.8137	NRMRAC020	CREATIVITY				NRM															1	111	111	11	3	-2.0	1	1	1	7.79220779220779	4	Jalisco, Baja California, Mexico	MX	MX02	19586	32.5175	-115.235	-1661292	0								4	Jalisco, Baja California, Mexico	MX	MX02	19586	32.5175	-115.235	-1661292	20251027151500	https://www.thespiritsbusiness.com/2025/10/pernod-ricard-takes-sip-supernova-hospitality-competition-global/
1270930395	20251027	202510	2025	2025.8137	NRMRAC020	CREATIVITY				NRM					CUB	HAVANA	CUB								1	111	111	11	3	-2.0	3	1	3	7.79220779220779	4	Jalisco, Baja California, Mexico	MX	MX02	19586	32.5175	-115.235	-1661292	4	Jalisco, Baja California, Mexico	MX	MX02	19586	32.5175	-115.235	-1661292	4	Jalisco, Baja California, Mexico	MX	MX02	19586	32.5175	-115.235	-1661292	20251027151500	https://www.thespiritsbusiness.com/2025/10/pernod-ricard-takes-sip-supernova-hospitality-competition-global/
1270930396	20251027	202510	2025	2025.8137	NRMRAC020	CREATIVITY				NRM					CUB	HAVANA	CUB								1	111	111	11	3	-2.0	2	1	2	7.79220779220779	4	Tokyo, Tokyo, Japan	JA	JA40	36340	35.685	139.751	-246227	4	Jalisco, Baja California, Mexico	MX	MX02	19586	32.5175	-115.235	-1661292	4	Tokyo, Tokyo, Japan	JA	JA40	36340	35.685	139.751	-246227	20251027151500	https://www.thespiritsbusiness.com/2025/10/pernod-ricard-takes-sip-supernova-hospitality-competition-global/
1270930397	20251027	202510	2025	2025.8137	NRMRAC020	CREATIVITY				NRM					CUB	HAVANA	CUB								1	111	111	11	3	-2.0	2	1	2	7.79220779220779	4	Tokyo, Tokyo, Japan	JA	JA40	36340	35.685	139.751	-246227	4	Tokyo, Tokyo, Japan	JA	JA40	36340	35.685	139.751	-246227	4	Tokyo, Tokyo, Japan	JA	JA40	36340	35.685	139.751	-246227	20251027151500	https://www.thespiritsbusiness.com/2025/10/pernod-ricard-takes-sip-supernova-hospitality-competition-global/
1270930398	20251027	202510	2025	2025.8137	NZL	NEW ZEALAND	NZL																		1	043	043	04	1	2.8	10	1	10	3.27102803738317	4	South Island, New Zealand (general), New Zealand	NZ	NZ00	22392	-43	171	-1518317	0								4	South Island, New Zealand (general), New Zealand	NZ	NZ00	22392	-43	171	-1518317	20251027151500	https://www.forbes.com/sites/jaredranahan/2025/10/27/this-scenic-south-island-town-offers-some-of-new-zealands-best-whale-watching/
1270930399	20251027	202510	2025	2025.8137	NZL	NEW ZEALAND	NZL								KOR	SOUTH KOREA	KOR								0	036	036	03	1	4.0	1	1	1	0.92514718250631	1	New Zealand	NZ	NZ		-42	174	NZ	1	New Zealand	NZ	NZ		-42	174	NZ	1	New Zealand	NZ	NZ		-42	174	NZ	20251027151500	https://www.straitstimes.com/asia/se-asia/asean-leaders-push-for-stronger-trade-ties-with-rcep-members-and-other-partners
1270930400	20251027	202510	2025	2025.8137	NZL	NEW ZEALAND	NZL								USAGOV	LAWRENCE	USA					GOV			1	040	040	04	1	1.0	1	1	1	0.92514718250631	1	New Zealand	NZ	NZ		-42	174	NZ	1	New Zealand	NZ	NZ		-42	174	NZ	1	New Zealand	NZ	NZ		-42	174	NZ	20251027151500	https://www.straitstimes.com/asia/se-asia/asean-leaders-push-for-stronger-trade-ties-with-rcep-members-and-other-partners
1270930401	20251027	202510	2025	2025.8137	NZLGOV	NEW ZEALAND	NZL					GOV													1	040	040	04	1	1.0	1	1	1	0.92514718250631	1	New Zealand	NZ	NZ		-42	174	NZ	0								1	New Zealand	NZ	NZ		-42	174	NZ	20251027151500	https://www.straitstimes.com/asia/se-asia/asean-leaders-push-for-stronger-trade-ties-with-rcep-members-and-other-partners
1270930402	20251027	202510	2025	2025.8137	OPP	THE OPPOSITION						OPP													0	036	036	03	1	4.0	2	1	2	2.26480836236934	4	Bondo, Nyanza, Kenya	KE	KE07	18585	0.238611	34.2694	-2242431	0								4	Bondo, Nyanza, Kenya	KE	KE07	18585	0.238611	34.2694	-2242431	20251027151500	https://www.tuko.co.ke/kenya/607609-rigathi-gachagua-visit-railas-family-pay-respects-pm-opposition-youth-leader-discloses/
1270930403	20251027	202510	2025	2025.8137	OPP	ACTIVIST						OPP													0	120	120	12	3	-4.0	5	1	5	-0.819672131147541	4	Glasgow, Glasgow City, United Kingdom	UK	UKV2	40176	55.8333	-4.25	-2597039	0								4	Glasgow, Glasgow City, United Kingdom	UK	UKV2	40176	55.8333	-4.25	-2597039	20251027151500	https://www.thenational.scot/news/25574476.former-uk-ambassador-craig-murray-defects-party/
1270930404	20251027	202510	2025	2025.8137	OPP	THE OPPOSITION						OPP													1	173	173	17	4	-5.0	10	1	10	-4.0625	4	Narsingdi, Dhaka, Bangladesh	BG	BG81	5789	23.9208	90.7181	-2737955	0								4	Narsingdi, Dhaka, Bangladesh	BG	BG81	5789	23.9208	90.7181	-2737955	20251027151500	https://www.bssnews.net/others/325565
1270930405	20251027	202510	2025	2025.8137	OPP	DETAINEE						OPP			BGDCOP	BANGLADESH	BGD					COP			1	0841	084	08	2	7.0	6	1	6	-4.94505494505494	4	Anwara, Chittagong, Bangladesh	BG	BG84	5770	22.2216	91.9065	9252114	4	Anwara, Chittagong, Bangladesh	BG	BG84	5770	22.2216	91.9065	9252114	4	Anwara, Chittagong, Bangladesh	BG	BG84	5770	22.2216	91.9065	9252114	20251027151500	https://www.bssnews.net/district/325638
1270930406	20251027	202510	2025	2025.8137	OPP	DETAINEE						OPP			COP	POLICE						COP			1	0841	084	08	2	7.0	4	1	4	-4.94505494505494	4	Anwara, Chittagong, Bangladesh	BG	BG84	5770	22.2216	91.9065	9252114	4	Anwara, Chittagong, Bangladesh	BG	BG84	5770	22.2216	91.9065	9252114	4	Anwara, Chittagong, Bangladesh	BG	BG84	5770	22.2216	91.9065	9252114	20251027151500	https://www.bssnews.net/district/325638
1270930407	20251027	202510	2025	2025.8137	OPP	ACTIVIST						OPP			GBR	UNITED KINGDOM	GBR								1	100	100	10	3	-5.0	4	1	4	0	4	Glasgow, Glasgow City, United Kingdom	UK	UKV2	40176	55.8333	-4.25	-2597039	4	Glasgow, Glasgow City, United Kingdom	UK	UKV2	40176	55.8333	-4.25	-2597039	4	Glasgow, Glasgow City, United Kingdom	UK	UKV2	40176	55.8333	-4.25	-2597039	20251027151500	https://www.thenational.scot/news/25574170.activists-demand-wealth-tax-rachel-reeves-treasury-protest/
1270930408	20251027	202510	2025	2025.8137	OPP	ACTIVIST						OPP			GBRMED	UNITED KINGDOM	GBR					MED			0	120	120	12	3	-4.0	1	1	1	-0.819672131147541	4	Glasgow, Glasgow City, United Kingdom	UK	UKV2	40176	55.8333	-4.25	-2597039	4	Glasgow, Glasgow City, United Kingdom	UK	UKV2	40176	55.8333	-4.25	-2597039	4	Glasgow, Glasgow City, United Kingdom	UK	UKV2	40176	55.8333	-4.25	-2597039	20251027151500	https://www.thenational.scot/news/25574476.former-uk-ambassador-craig-murray-defects-party/
1270930409	20251027	202510	2025	2025.8137	OPP	ACTIVIST						OPP			GOV	CHANCELLOR						GOV			1	020	020	02	1	3.0	10	1	10	0	4	Glasgow, Glasgow City, United Kingdom	UK	UKV2	40176	55.8333	-4.25	-2597039	4	Glasgow, Glasgow City, United Kingdom	UK	UKV2	40176	55.8333	-4.25	-2597039	4	Glasgow, Glasgow City, United Kingdom	UK	UKV2	40176	55.8333	-4.25	-2597039	20251027151500	https://www.thenational.scot/news/25574170.activists-demand-wealth-tax-rachel-reeves-treasury-protest/
1270930410	20251027	202510	2025	2025.8137	OPP	ACTIVIST						OPP			GOV	CHANCELLOR						GOV			1	141	141	14	3	-6.5	4	1	4	0	4	Glasgow, Glasgow City, United Kingdom	UK	UKV2	40176	55.8333	-4.25	-2597039	4	Glasgow, Glasgow City, United Kingdom	UK	UKV2	40176	55.8333	-4.25	-2597039	4	Glasgow, Glasgow City, United Kingdom	UK	UKV2	40176	55.8333	-4.25	-2597039	20251027151500	https://www.thenational.scot/news/25574170.activists-demand-wealth-tax-rachel-reeves-treasury-protest/
1270930411	20251027	202510	2025	2025.8137	OPP	ACTIVIST						OPP			GOV	CHANCELLOR						GOV			1	141	141	14	3	-6.5	6	1	6	0	4	London, London, City of, United Kingdom	UK	UKH9	40110	51.5	-0.116667	-2601889	4	London, London, City of, United Kingdom	UK	UKH9	40110	51.5	-0.116667	-2601889	4	London, London, City of, United Kingdom	UK	UKH9	40110	51.5	-0.116667	-2601889	20251027151500	https://www.thenational.scot/news/25574170.activists-demand-wealth-tax-rachel-reeves-treasury-protest/
1270930412	20251027	202510	2025	2025.8137	OPP	THE OPPOSITION						OPP			JORELI	HASSAN	JOR					ELI			1	046	046	04	1	7.0	4	1	4	0.49019607843138	4	Kashmir, North-West Frontier, Pakistan	PK	PK03	40350	34.796	72.1502	-2764806	4	Kashmir, North-West Frontier, Pakistan	PK	PK03	40350	34.796	72.1502	-2764806	4	Kashmir, North-West Frontier, Pakistan	PK	PK03	40350	34.796	72.1502	-2764806	20251027151500	https://dunyanews.tv/en/Pakistan/914435-ajk-pm-decides-to-face-notrust-motion-amid-political-uncertainty
1270930413	20251027	202510	2025	2025.8137	OPP	THE OPPOSITION						OPP			KEN	KENYA	KEN								0	036	036	03	1	4.0	4	1	4	2.26480836236934	4	Bondo, Nyanza, Kenya	KE	KE07	18585	0.238611	34.2694	-2242431	4	Bondo, Nyanza, Kenya	KE	KE07	18585	0.238611	34.2694	-2242431	4	Bondo, Nyanza, Kenya	KE	KE07	18585	0.238611	34.2694	-2242431	20251027151500	https://www.tuko.co.ke/kenya/607609-rigathi-gachagua-visit-railas-family-pay-respects-pm-opposition-youth-leader-discloses/
1270930414	20251027	202510	2025	2025.8137	OPP	THE OPPOSITION						OPP			KEN	KENYA	KEN								0	036	036	03	1	4.0	2	1	2	2.26480836236934	4	Nairobi, Nairobi Area, Kenya	KE	KE05	18585	-1.28333	36.8167	-2258072	4	Bondo, Nyanza, Kenya	KE	KE07	18585	0.238611	34.2694	-2242431	4	Bondo, Nyanza, Kenya	KE	KE07	18585	0.238611	34.2694	-2242431	20251027151500	https://www.tuko.co.ke/kenya/607609-rigathi-gachagua-visit-railas-family-pay-respects-pm-opposition-youth-leader-discloses/
1270930415	20251027	202510	2025	2025.8137	OPP	THE OPPOSITION						OPP			KEN	KENYA	KEN								0	036	036	03	1	4.0	2	1	2	2.26480836236934	4	Nairobi, Nairobi Area, Kenya	KE	KE05	18585	-1.28333	36.8167	-2258072	4	Nairobi, Nairobi Area, Kenya	KE	KE05	18585	-1.28333	36.8167	-2258072	4	Nairobi, Nairobi Area, Kenya	KE	KE05	18585	-1.28333	36.8167	-2258072	20251027151500	https://www.tuko.co.ke/kenya/607609-rigathi-gachagua-visit-railas-family-pay-respects-pm-opposition-youth-leader-discloses/
1270930416	20251027	202510	2025	2025.8137	OPP	ACTIVIST						OPP			MED	COLUMNIST						MED			0	120	120	12	3	-4.0	4	1	4	-0.819672131147541	4	Glasgow, Glasgow City, United Kingdom	UK	UKV2	40176	55.8333	-4.25	-2597039	4	Glasgow, Glasgow City, United Kingdom	UK	UKV2	40176	55.8333	-4.25	-2597039	4	Glasgow, Glasgow City, United Kingdom	UK	UKV2	40176	55.8333	-4.25	-2597039	20251027151500	https://www.thenational.scot/news/25574476.former-uk-ambassador-craig-murray-defects-party/
1270930417	20251027	202510	2025	2025.8137	OPP	THE OPPOSITION						OPP			PAK	PAKISTAN	PAK								1	046	046	04	1	7.0	1	1	1	0.49019607843138	4	Kashmir, North-West Frontier, Pakistan	PK	PK03	40350	34.796	72.1502	-2764806	4	Kashmir, North-West Frontier, Pakistan	PK	PK03	40350	34.796	72.1502	-2764806	4	Kashmir, North-West Frontier, Pakistan	PK	PK03	40350	34.796	72.1502	-2764806	20251027151500	https://dunyanews.tv/en/Pakistan/914435-ajk-pm-decides-to-face-notrust-motion-amid-political-uncertainty
1270930418	20251027	202510	2025	2025.8137	PAK	PAKISTAN	PAK																		1	172	172	17	4	-5.0	10	1	10	-2.33644859813084	1	India	IN	IN		20	77	IN	0								1	India	IN	IN		20	77	IN	20251027151500	https://dunyanews.tv/en/Pakistan/914397-pakistan-to-close-airspace-near-india-for-two-days
1270930419	20251027	202510	2025	2025.8137	PAK	PAKISTAN	PAK								AFG	AFGHANISTAN	AFG								1	046	046	04	1	7.0	2	1	2	-2.44299674267101	1	Russia	RS	RS		60	100	RS	4	Islamabad, Islamabad, Pakistan	PK	PK08	23674	33.7	73.1667	-2762812	4	Islamabad, Islamabad, Pakistan	PK	PK08	23674	33.7	73.1667	-2762812	20251027151500	https://www.yahoo.com/news/articles/pakistan-afghanistan-hold-third-day-144339563.html
1270930420	20251027	202510	2025	2025.8137	PAK	PAKISTAN	PAK								AFG	AFGHAN	AFG								0	111	111	11	3	-2.0	7	1	7	-2.44299674267101	4	Islamabad, Islamabad, Pakistan	PK	PK08	23674	33.7	73.1667	-2762812	4	Kabul, Kabol, Afghanistan	AF	AF13	3580	34.5167	69.1833	-3378435	4	Islamabad, Islamabad, Pakistan	PK	PK08	23674	33.7	73.1667	-2762812	20251027151500	https://www.yahoo.com/news/articles/pakistan-afghanistan-hold-third-day-144339563.html
1270930421	20251027	202510	2025	2025.8137	PAK	PAKISTAN	PAK								AFG	AFGHANISTAN	AFG								0	111	111	11	3	-2.0	1	1	1	-2.44299674267101	4	Istanbul, Istanbul, Turkey	TU	TU34	27897	41.0186	28.9647	-755070	4	Islamabad, Islamabad, Pakistan	PK	PK08	23674	33.7	73.1667	-2762812	4	Islamabad, Islamabad, Pakistan	PK	PK08	23674	33.7	73.1667	-2762812	20251027151500	https://www.yahoo.com/news/articles/pakistan-afghanistan-hold-third-day-144339563.html
1270930422	20251027	202510	2025	2025.8137	PAK	PAKISTAN	PAK								AFG	AFGHAN	AFG								0	112	112	11	3	-2.0	2	1	2	-2.44299674267101	4	Istanbul, Istanbul, Turkey	TU	TU34	27897	41.0186	28.9647	-755070	4	Islamabad, Islamabad, Pakistan	PK	PK08	23674	33.7	73.1667	-2762812	4	Istanbul, Istanbul, Turkey	TU	TU34	27897	41.0186	28.9647	-755070	20251027151500	https://www.yahoo.com/news/articles/pakistan-afghanistan-hold-third-day-144339563.html
1270930423	20251027	202510	2025	2025.8137	PAK	PAKISTAN	PAK								AFG	AFGHANISTAN	AFG								0	1123	112	11	3	-2.0	1	1	1	-2.44299674267101	4	Islamabad, Islamabad, Pakistan	PK	PK08	23674	33.7	73.1667	-2762812	4	Kabul, Kabol, Afghanistan	AF	AF13	3580	34.5167	69.1833	-3378435	4	Kabul, Kabol, Afghanistan	AF	AF13	3580	34.5167	69.1833	-3378435	20251027151500	https://www.yahoo.com/news/articles/pakistan-afghanistan-hold-third-day-144339563.html
1270930424	20251027	202510	2025	2025.8137	PAK	PAKISTAN	PAK								AFG	AFGHANISTAN	AFG								0	1123	112	11	3	-2.0	1	1	1	-2.44299674267101	1	Qatar	QA	QA		25.5	51.25	QA	4	Islamabad, Islamabad, Pakistan	PK	PK08	23674	33.7	73.1667	-2762812	4	Islamabad, Islamabad, Pakistan	PK	PK08	23674	33.7	73.1667	-2762812	20251027151500	https://www.yahoo.com/news/articles/pakistan-afghanistan-hold-third-day-144339563.html
1270930425	20251027	202510	2025	2025.8137	PAK	PAKISTANI	PAK								BGD	DHAKA	BGD								0	036	036	03	1	4.0	1	1	1	-3.78031383737517	5	Nagaland, Nagaland, India	IN	IN20	17807	26	94.25	-2105305	5	Nagaland, Nagaland, India	IN	IN20	17807	26	94.25	-2105305	5	Nagaland, Nagaland, India	IN	IN20	17807	26	94.25	-2105305	20251027151500	https://economictimes.indiatimes.com/news/defence/is-muhammad-yunus-of-bangladesh-needling-india-again/articleshow/124851969.cms
1270930426	20251027	202510	2025	2025.8137	PAK	PAKISTAN	PAK								BGD	BANGLADESH	BGD								1	042	042	04	1	1.9	2	1	2	3	4	Islamabad, Islamabad, Pakistan	PK	PK08	23674	33.7	73.1667	-2762812	4	Islamabad, Islamabad, Pakistan	PK	PK08	23674	33.7	73.1667	-2762812	4	Islamabad, Islamabad, Pakistan	PK	PK08	23674	33.7	73.1667	-2762812	20251027151500	https://www.bssnews.net/business/325577
1270930427	20251027	202510	2025	2025.8137	PAK	PAKISTAN	PAK								BGDGOVBUS	SALEHUDDIN AHMED	BGD					GOV	BUS		1	042	042	04	1	1.9	1	1	1	3	4	Islamabad, Islamabad, Pakistan	PK	PK08	23674	33.7	73.1667	-2762812	4	Dhaka, Dhaka, Bangladesh	BG	BG81	5778	23.7231	90.4086	-2737683	4	Islamabad, Islamabad, Pakistan	PK	PK08	23674	33.7	73.1667	-2762812	20251027151500	https://www.bssnews.net/business/325577
1270930428	20251027	202510	2025	2025.8137	PAK	PAKISTAN	PAK								BGDGOVBUS	SALEHUDDIN AHMED	BGD					GOV	BUS		1	042	042	04	1	1.9	1	1	1	3	4	Islamabad, Islamabad, Pakistan	PK	PK08	23674	33.7	73.1667	-2762812	4	Islamabad, Islamabad, Pakistan	PK	PK08	23674	33.7	73.1667	-2762812	4	Islamabad, Islamabad, Pakistan	PK	PK08	23674	33.7	73.1667	-2762812	20251027151500	https://www.bssnews.net/business/325577
1270930429	20251027	202510	2025	2025.8137	PAK	ISLAMABAD	PAK								BUS	AIRLINE						BUS			1	172	172	17	4	-5.0	10	1	10	-2.33644859813084	4	Islamabad, Islamabad, Pakistan	PK	PK08	23674	33.7	73.1667	-2762812	4	Islamabad, Islamabad, Pakistan	PK	PK08	23674	33.7	73.1667	-2762812	4	Islamabad, Islamabad, Pakistan	PK	PK08	23674	33.7	73.1667	-2762812	20251027151500	https://dunyanews.tv/en/Pakistan/914397-pakistan-to-close-airspace-near-india-for-two-days
1270930430	20251027	202510	2025	2025.8137	PAK	PAKISTAN	PAK								GOV	PRIME MINISTER						GOV			1	0831	083	08	2	5.0	6	1	6	0.49019607843138	4	Kashmir, North-West Frontier, Pakistan	PK	PK03	40350	34.796	72.1502	-2764806	4	Kashmir, North-West Frontier, Pakistan	PK	PK03	40350	34.796	72.1502	-2764806	4	Kashmir, North-West Frontier, Pakistan	PK	PK03	40350	34.796	72.1502	-2764806	20251027151500	https://dunyanews.tv/en/Pakistan/914435-ajk-pm-decides-to-face-notrust-motion-amid-political-uncertainty
1270930431	20251027	202510	2025	2025.8137	PAK	PAKISTAN	PAK								MED	WEBSITE						MED			1	042	042	04	1	1.9	10	1	10	4.76190476190476	1	Pakistan	PK	PK		30	70	PK	1	Pakistan	PK	PK		30	70	PK	1	Pakistan	PK	PK		30	70	PK	20251027151500	https://www.openpr.com/news/4239167/top-hostinger-coupon-code-revealed-90-off-hosting-free-domain
1270930432	20251027	202510	2025	2025.8137	PAK	PAKISTAN	PAK								OPP	THE OPPOSITION						OPP			1	046	046	04	1	7.0	1	1	1	0.49019607843138	4	Kashmir, North-West Frontier, Pakistan	PK	PK03	40350	34.796	72.1502	-2764806	4	Kashmir, North-West Frontier, Pakistan	PK	PK03	40350	34.796	72.1502	-2764806	4	Kashmir, North-West Frontier, Pakistan	PK	PK03	40350	34.796	72.1502	-2764806	20251027151500	https://dunyanews.tv/en/Pakistan/914435-ajk-pm-decides-to-face-notrust-motion-amid-political-uncertainty
1270930433	20251027	202510	2025	2025.8137	PAK	PAKISTAN	PAK								OPP	THE OPPOSITION						OPP			1	160	160	16	4	-4.0	1	1	1	0.49019607843138	4	Kashmir, North-West Frontier, Pakistan	PK	PK03	40350	34.796	72.1502	-2764806	4	Kashmir, North-West Frontier, Pakistan	PK	PK03	40350	34.796	72.1502	-2764806	4	Kashmir, North-West Frontier, Pakistan	PK	PK03	40350	34.796	72.1502	-2764806	20251027151500	https://dunyanews.tv/en/Pakistan/914435-ajk-pm-decides-to-face-notrust-motion-amid-political-uncertainty
1270930434	20251027	202510	2025	2025.8137	PAK	PAKISTAN	PAK								PAKGOV	PAKISTAN	PAK					GOV			1	040	040	04	1	1.0	2	1	2	2.96610169491526	4	Dhaka, Dhaka, Bangladesh	BG	BG81	5778	23.7231	90.4086	-2737683	4	Dhaka, Dhaka, Bangladesh	BG	BG81	5778	23.7231	90.4086	-2737683	4	Dhaka, Dhaka, Bangladesh	BG	BG81	5778	23.7231	90.4086	-2737683	20251027151500	https://www.bssnews.net/business/325597
1270930435	20251027	202510	2025	2025.8137	PAK	PAKISTAN	PAK								PAKGOV	PAKISTAN	PAK					GOV			1	0831	083	08	2	5.0	2	1	2	0.49019607843138	4	Kashmir, North-West Frontier, Pakistan	PK	PK03	40350	34.796	72.1502	-2764806	4	Kashmir, North-West Frontier, Pakistan	PK	PK03	40350	34.796	72.1502	-2764806	4	Kashmir, North-West Frontier, Pakistan	PK	PK03	40350	34.796	72.1502	-2764806	20251027151500	https://dunyanews.tv/en/Pakistan/914435-ajk-pm-decides-to-face-notrust-motion-amid-political-uncertainty
1270930436	20251027	202510	2025	2025.8137	PAKUAF	PAKISTAN	PAK					UAF			PAK	PAKISTAN	PAK								0	051	051	05	1	3.4	2	1	2	7.29613733905579	4	Amman, (JO11), Jordan	JO	JO11	36728	31.95	35.9333	-970362	1	Pakistan	PK	PK		30	70	PK	1	Pakistan	PK	PK		30	70	PK	20251027151500	https://dunyanews.tv/en/Pakistan/914426-field-marshal-asim-munir-meets-jordanian-king-to-strengthen-defence-ti
1270930437	20251027	202510	2025	2025.8137	PAKUAF	PAKISTAN	PAK					UAF			PAK	PAKISTAN	PAK								0	051	051	05	1	3.4	8	1	8	7.29613733905579	1	Pakistan	PK	PK		30	70	PK	1	Pakistan	PK	PK		30	70	PK	1	Pakistan	PK	PK		30	70	PK	20251027151500	https://dunyanews.tv/en/Pakistan/914426-field-marshal-asim-munir-meets-jordanian-king-to-strengthen-defence-ti
1270930438	20251027	202510	2025	2025.8137	PAN	PANAMA	PAN								BMU	BERMUDA	BMU								1	043	043	04	1	2.8	8	1	8	4.74934036939314	1	Panama	PM	PM		9	-80	PM	1	Bermuda	BD	BD		32.333333	-64.75	BD	1	Panama	PM	PM		9	-80	PM	20251027151500	https://bernews.com/2025/10/bermuda-robotics-team-heads-panama/
1270930439	20251027	202510	2025	2025.8137	PAN	PANAMA	PAN								BMU	BERMUDA	BMU								1	043	043	04	1	2.8	2	1	2	4.74934036939314	1	Panama	PM	PM		9	-80	PM	1	Panama	PM	PM		9	-80	PM	1	Panama	PM	PM		9	-80	PM	20251027151500	https://bernews.com/2025/10/bermuda-robotics-team-heads-panama/
1270930440	20251027	202510	2025	2025.8137	PHLGOV	PHILIPPINE	PHL					GOV													0	022	022	02	1	3.2	3	1	3	0.92514718250631	1	Bangladesh	BG	BG		24	90	BG	0								1	Bangladesh	BG	BG		24	90	BG	20251027151500	https://www.straitstimes.com/asia/se-asia/asean-leaders-push-for-stronger-trade-ties-with-rcep-members-and-other-partners
1270930441	20251027	202510	2025	2025.8137	PHLGOV	PHILIPPINE	PHL					GOV													0	050	050	05	1	3.5	3	1	3	0.92514718250631	1	Bangladesh	BG	BG		24	90	BG	0								1	Bangladesh	BG	BG		24	90	BG	20251027151500	https://www.straitstimes.com/asia/se-asia/asean-leaders-push-for-stronger-trade-ties-with-rcep-members-and-other-partners
1270930442	20251027	202510	2025	2025.8137	PHLGOV	PHILIPPINE	PHL					GOV			BGD	BANGLADESH	BGD								0	022	022	02	1	3.2	1	1	1	0.92514718250631	1	Bangladesh	BG	BG		24	90	BG	1	Bangladesh	BG	BG		24	90	BG	1	Bangladesh	BG	BG		24	90	BG	20251027151500	https://www.straitstimes.com/asia/se-asia/asean-leaders-push-for-stronger-trade-ties-with-rcep-members-and-other-partners
1270930443	20251027	202510	2025	2025.8137	PHLGOV	PHILIPPINE	PHL					GOV			BGD	BANGLADESH	BGD								0	050	050	05	1	3.5	1	1	1	0.92514718250631	1	Bangladesh	BG	BG		24	90	BG	1	Bangladesh	BG	BG		24	90	BG	1	Bangladesh	BG	BG		24	90	BG	20251027151500	https://www.straitstimes.com/asia/se-asia/asean-leaders-push-for-stronger-trade-ties-with-rcep-members-and-other-partners
1270930444	20251027	202510	2025	2025.8137	PHLGOV	PHILIPPINE	PHL					GOV			BGDGOV	BANGLADESH	BGD					GOV			0	022	022	02	1	3.2	1	1	1	0.92514718250631	1	Bangladesh	BG	BG		24	90	BG	1	Bangladesh	BG	BG		24	90	BG	1	Bangladesh	BG	BG		24	90	BG	20251027151500	https://www.straitstimes.com/asia/se-asia/asean-leaders-push-for-stronger-trade-ties-with-rcep-members-and-other-partners
1270930445	20251027	202510	2025	2025.8137	PHLGOV	PHILIPPINE	PHL					GOV			BGDGOV	BANGLADESH	BGD					GOV			0	050	050	05	1	3.5	1	1	1	0.92514718250631	1	Bangladesh	BG	BG		24	90	BG	1	Bangladesh	BG	BG		24	90	BG	1	Bangladesh	BG	BG		24	90	BG	20251027151500	https://www.straitstimes.com/asia/se-asia/asean-leaders-push-for-stronger-trade-ties-with-rcep-members-and-other-partners
1270930446	20251027	202510	2025	2025.8137	PRTELI	ANTONIO GUTERRES	PRT					ELI													1	015	015	01	1	0.0	6	1	6	-6.66666666666666	1	Malaysia	MY	MY		2.5	112.5	MY	0								1	Malaysia	MY	MY		2.5	112.5	MY	20251027151500	https://www.channelnewsasia.com/watch/paralysis-key-issues-not-un-problem-divisions-among-superpowers-un-chief-5427806
1270930447	20251027	202510	2025	2025.8137	PRTELI	ANTONIO GUTERRES	PRT					ELI			ISR	ISRAEL	ISR								1	051	051	05	1	3.4	4	1	4	-6.66666666666666	1	Malaysia	MY	MY		2.5	112.5	MY	4	Gaza, Israel (general), Israel	IS	IS00	18315	31.4167	34.3333	-797156	1	Malaysia	MY	MY		2.5	112.5	MY	20251027151500	https://www.channelnewsasia.com/watch/paralysis-key-issues-not-un-problem-divisions-among-superpowers-un-chief-5427806
1270930448	20251027	202510	2025	2025.8137	PRTELI	ANTONIO GUTERRES	PRT					ELI			PSE	GAZA	PSE								1	051	051	05	1	3.4	2	1	2	-6.66666666666666	1	Malaysia	MY	MY		2.5	112.5	MY	4	Gaza, Israel (general), Israel	IS	IS00	18315	31.4167	34.3333	-797156	1	Malaysia	MY	MY		2.5	112.5	MY	20251027151500	https://www.channelnewsasia.com/watch/paralysis-key-issues-not-un-problem-divisions-among-superpowers-un-chief-5427806
1270930449	20251027	202510	2025	2025.8137	PSE	PALESTINIAN	PSE								ISROPP	ISRAEL	ISR					OPP			1	111	111	11	3	-2.0	2	1	2	-22.7642276422764	1	Israel	IS	IS		31.5	34.75	IS	1	Israel	IS	IS		31.5	34.75	IS	1	Israel	IS	IS		31.5	34.75	IS	20251027151500	https://www.plenglish.com/news/2025/10/27/israel-keeps-49-palestinian-women-detained/
1270930450	20251027	202510	2025	2025.8137	PSE	PALESTINIAN	PSE								OPP	DETAINEE						OPP			1	111	111	11	3	-2.0	4	1	4	-22.7642276422764	1	Israel	IS	IS		31.5	34.75	IS	1	Israel	IS	IS		31.5	34.75	IS	1	Israel	IS	IS		31.5	34.75	IS	20251027151500	https://www.plenglish.com/news/2025/10/27/israel-keeps-49-palestinian-women-detained/
1270930451	20251027	202510	2025	2025.8137	PSEOPP	PALESTINIAN	PSE					OPP													1	111	111	11	3	-2.0	2	1	2	-22.7642276422764	1	Israel	IS	IS		31.5	34.75	IS	0								1	Israel	IS	IS		31.5	34.75	IS	20251027151500	https://www.plenglish.com/news/2025/10/27/israel-keeps-49-palestinian-women-detained/
1270930452	20251027	202510	2025	2025.8137	PSEOPP	PALESTINIAN	PSE					OPP			ISR	ISRAELI	ISR								0	042	042	04	1	1.9	1	1	1	0.92514718250631	4	Gaza, Israel (general), Israel	IS	IS00	18315	31.4167	34.3333	-797156	4	Gaza, Israel (general), Israel	IS	IS00	18315	31.4167	34.3333	-797156	4	Gaza, Israel (general), Israel	IS	IS00	18315	31.4167	34.3333	-797156	20251027151500	https://www.straitstimes.com/asia/se-asia/asean-leaders-push-for-stronger-trade-ties-with-rcep-members-and-other-partners
1270930453	20251027	202510	2025	2025.8137	PSEOPP	PALESTINIAN	PSE					OPP			OPP	DETAINEE						OPP			1	111	111	11	3	-2.0	2	1	2	-22.7642276422764	1	Israel	IS	IS		31.5	34.75	IS	1	Israel	IS	IS		31.5	34.75	IS	1	Israel	IS	IS		31.5	34.75	IS	20251027151500	https://www.plenglish.com/news/2025/10/27/israel-keeps-49-palestinian-women-detained/
1270930454	20251027	202510	2025	2025.8137	PSEREB	HAMAS	PSE					REB			ISR	ISRAELI	ISR								0	042	042	04	1	1.9	1	1	1	-2.68729641693811	4	Gaza, Israel (general), Israel	IS	IS00	18315	31.4167	34.3333	-797156	4	Ankara, Ankara, Turkey	TU	TU68	27516	39.9272	32.8644	-735338	4	Gaza, Israel (general), Israel	IS	IS00	18315	31.4167	34.3333	-797156	20251027151500	https://www.thenationalnews.com/news/mena/2025/10/27/europe-has-lost-moral-high-ground-over-gaza-turkish-official-says/
1270930455	20251027	202510	2025	2025.8137	PSEREB	HAMAS	PSE					REB			ISR	ISRAEL	ISR								0	181	181	18	4	-9.0	1	1	1	-2.68729641693811	4	Gaza, Israel (general), Israel	IS	IS00	18315	31.4167	34.3333	-797156	4	Ankara, Ankara, Turkey	TU	TU68	27516	39.9272	32.8644	-735338	4	Gaza, Israel (general), Israel	IS	IS00	18315	31.4167	34.3333	-797156	20251027151500	https://www.thenationalnews.com/news/mena/2025/10/27/europe-has-lost-moral-high-ground-over-gaza-turkish-official-says/
1270930456	20251027	202510	2025	2025.8137	PSEREB	HAMAS	PSE					REB			ISR	ISRAEL	ISR								1	1822	182	18	4	-9.0	4	1	4	-5.38674033149171	4	Gaza, Israel (general), Israel	IS	IS00	18315	31.4167	34.3333	-797156	4	Gaza, Israel (general), Israel	IS	IS00	18315	31.4167	34.3333	-797156	4	Gaza, Israel (general), Israel	IS	IS00	18315	31.4167	34.3333	-797156	20251027151500	https://www.yahoo.com/news/articles/hamas-tortured-gaza-hostages-over-144505574.html
1270930457	20251027	202510	2025	2025.8137	PSEREB	HAMAS	PSE					REB			PSE	GAZA	PSE								1	1822	182	18	4	-9.0	6	1	6	-5.38674033149171	4	Gaza, Israel (general), Israel	IS	IS00	18315	31.4167	34.3333	-797156	4	Gaza, Israel (general), Israel	IS	IS00	18315	31.4167	34.3333	-797156	4	Gaza, Israel (general), Israel	IS	IS00	18315	31.4167	34.3333	-797156	20251027151500	https://www.yahoo.com/news/articles/hamas-tortured-gaza-hostages-over-144505574.html
1270930458	20251027	202510	2025	2025.8137	PSEREB	HAMAS	PSE					REB			TUR	TURKEY	TUR								0	020	020	02	1	3.0	2	1	2	-2.68729641693811	4	Ankara, Ankara, Turkey	TU	TU68	27516	39.9272	32.8644	-735338	4	Ankara, Ankara, Turkey	TU	TU68	27516	39.9272	32.8644	-735338	4	Ankara, Ankara, Turkey	TU	TU68	27516	39.9272	32.8644	-735338	20251027151500	https://www.thenationalnews.com/news/mena/2025/10/27/europe-has-lost-moral-high-ground-over-gaza-turkish-official-says/
1270930459	20251027	202510	2025	2025.8137	PTY	POLITICAL PARTIES																			1	010	010	01	1	0.0	9	2	9	-1.37930522455101	3	Washington, District of Columbia, United States	US	USDC	DC001	38.8951	-77.0364	531871	0								3	Washington, District of Columbia, United States	US	USDC	DC001	38.8951	-77.0364	531871	20251027151500	https://www.theguardian.com/us-news/2025/oct/27/afge-union-government-shutdown-federal-workers
1270930460	20251027	202510	2025	2025.8137	PTY	DEMOCRATIC PARTY																			0	036	036	03	1	4.0	3	1	3	-1.29496402877698	3	Washington, District of Columbia, United States	US	USDC	DC001	38.8951	-77.0364	531871	0								3	Washington, District of Columbia, United States	US	USDC	DC001	38.8951	-77.0364	531871	20251027151500	https://wcbm.com/national-headline/american-federation-of-government-employees-calls-on-democrats-to-end-the-schumer-shutdown/
1270930461	20251027	202510	2025	2025.8137	PTY	PARTY LEADER									GOVELI	PRESIDENT						GOV	ELI		1	130	130	13	3	-4.4	8	1	8	2.26480836236934	4	Bondo, Nyanza, Kenya	KE	KE07	18585	0.238611	34.2694	-2242431	4	Bondo, Nyanza, Kenya	KE	KE07	18585	0.238611	34.2694	-2242431	4	Bondo, Nyanza, Kenya	KE	KE07	18585	0.238611	34.2694	-2242431	20251027151500	https://www.tuko.co.ke/kenya/607609-rigathi-gachagua-visit-railas-family-pay-respects-pm-opposition-youth-leader-discloses/
1270930462	20251027	202510	2025	2025.8137	PTY	PARTY LEADER									GOVELI	PRESIDENT						GOV	ELI		1	130	130	13	3	-4.4	2	1	2	2.26480836236934	4	Nairobi, Nairobi Area, Kenya	KE	KE05	18585	-1.28333	36.8167	-2258072	4	Bondo, Nyanza, Kenya	KE	KE07	18585	0.238611	34.2694	-2242431	4	Nairobi, Nairobi Area, Kenya	KE	KE05	18585	-1.28333	36.8167	-2258072	20251027151500	https://www.tuko.co.ke/kenya/607609-rigathi-gachagua-visit-railas-family-pay-respects-pm-opposition-youth-leader-discloses/
1270930463	20251027	202510	2025	2025.8137	PTY	DEMOCRATIC PARTY									USA	UNITED STATES	USA								0	036	036	03	1	4.0	2	1	2	-1.29496402877698	3	Washington, District of Columbia, United States	US	USDC	DC001	38.8951	-77.0364	531871	3	Washington, District of Columbia, United States	US	USDC	DC001	38.8951	-77.0364	531871	3	Washington, District of Columbia, United States	US	USDC	DC001	38.8951	-77.0364	531871	20251027151500	https://wcbm.com/national-headline/american-federation-of-government-employees-calls-on-democrats-to-end-the-schumer-shutdown/
1270930464	20251027	202510	2025	2025.8137	RAD	FANATIC						RAD			UAFCRM	TERRORIST						UAF	CRM		1	010	010	01	1	0.0	10	1	5	-4.12926391382406	1	Tunisia	TS	TS		34	9	TS	1	Tunisia	TS	TS		34	9	TS	1	Tunisia	TS	TS		34	9	TS	20251027151500	https://www.manchestereveningnews.co.uk/news/greater-manchester-news/alleged-fanatics-laughed-discussed-forming-32755814
1270930465	20251027	202510	2025	2025.8137	RAD	FANATIC						RAD			UAFCRM	TERRORIST						UAF	CRM		1	040	040	04	1	1.0	20	1	10	-4.12926391382406	1	Tunisia	TS	TS		34	9	TS	1	Tunisia	TS	TS		34	9	TS	1	Tunisia	TS	TS		34	9	TS	20251027151500	https://www.manchestereveningnews.co.uk/news/greater-manchester-news/alleged-fanatics-laughed-discussed-forming-32755814
1270930466	20251027	202510	2025	2025.8137	REL	WORSHIPPER																			1	017	017	01	1	0.0	4	1	4	-2.78293135435993	4	Delhi, Delhi, India	IN	IN07	17911	28.6667	77.2167	-2094230	0								4	Delhi, Delhi, India	IN	IN07	17911	28.6667	77.2167	-2094230	20251027151500	https://www.yahoo.com/news/articles/absence-toxic-foam-indian-river-143334368.html
1270930467	20251027	202510	2025	2025.8137	REL	PRIEST																			0	051	051	05	1	3.4	10	1	10	9.64705882352941	4	Kallianpur, Karnataka, India	IN	IN19	70166	13.4	74.7333	-2099268	0								4	Kallianpur, Karnataka, India	IN	IN19	70166	13.4	74.7333	-2099268	20251027151500	http://www.bellevision.com/?action=topnews&type=27889
1270930468	20251027	202510	2025	2025.8137	REL	SAINT									CRM	BUCCANEER						CRM			1	193	193	19	4	-10.0	8	1	8	3.92156862745098	4	Lubumbashi, Katanga, Democratic Republic Of The Congo	CG	CG05	14985	-11.6667	27.4667	-2051961	4	Lubumbashi, Katanga, Democratic Republic Of The Congo	CG	CG05	14985	-11.6667	27.4667	-2051961	4	Lubumbashi, Katanga, Democratic Republic Of The Congo	CG	CG05	14985	-11.6667	27.4667	-2051961	20251027151500	https://www.kickoff.com/world-news/africa-news/fc-saint-eoi-lupopo-nets-r12m-after-dumping-orlando-pirates-out-of-caf-champions-league
1270930469	20251027	202510	2025	2025.8137	REL	WORSHIPPER									IND	NEW DELHI	IND								1	017	017	01	1	0.0	6	1	6	-2.78293135435993	4	Delhi, Delhi, India	IN	IN07	17911	28.6667	77.2167	-2094230	4	Delhi, Delhi, India	IN	IN07	17911	28.6667	77.2167	-2094230	4	Delhi, Delhi, India	IN	IN07	17911	28.6667	77.2167	-2094230	20251027151500	https://www.yahoo.com/news/articles/absence-toxic-foam-indian-river-143334368.html
1270930470	20251027	202510	2025	2025.8137	ROU	ROMANIA									GBR	UNITED KINGDOM	GBR								0	112	112	11	3	-2.0	4	2	4	-10.6412005457026	4	Glasgow, Glasgow City, United Kingdom	UK	UKV2	40176	55.8333	-4.25	-2597039	4	Glasgow, Glasgow City, United Kingdom	UK	UKV2	40176	55.8333	-4.25	-2597039	1	Romania	RO	RO		46	25	RO	20251027151500	https://www.newarkadvertiser.co.uk/national/gang-which-ruthlessly-exploited-vulnerable-women-in-brothels-jailed-157758/
1270930471	20251027	202510	2025	2025.8137	ROU	ROMANIA									GBR	UNITED KINGDOM	GBR								0	173	173	17	4	-5.0	4	2	4	-10.6412005457026	1	Romania	RO	RO		46	25	RO	4	Glasgow, Glasgow City, United Kingdom	UK	UKV2	40176	55.8333	-4.25	-2597039	4	Glasgow, Glasgow City, United Kingdom	UK	UKV2	40176	55.8333	-4.25	-2597039	20251027151500	https://www.newarkadvertiser.co.uk/national/gang-which-ruthlessly-exploited-vulnerable-women-in-brothels-jailed-157758/
1270930472	20251027	202510	2025	2025.8137	ROU	ROMANIA									GBRJUD	GLASGOW	GBR					JUD			1	173	173	17	4	-5.0	4	2	4	-10.6412005457026	4	Glasgow, Glasgow City, United Kingdom	UK	UKV2	40176	55.8333	-4.25	-2597039	4	Glasgow, Glasgow City, United Kingdom	UK	UKV2	40176	55.8333	-4.25	-2597039	4	Glasgow, Glasgow City, United Kingdom	UK	UKV2	40176	55.8333	-4.25	-2597039	20251027151500	https://www.newarkadvertiser.co.uk/national/gang-which-ruthlessly-exploited-vulnerable-women-in-brothels-jailed-157758/
1270930473	20251027	202510	2025	2025.8137	ROU	ROMANIA									GBRJUD	GLASGOW	GBR					JUD			1	1821	182	18	4	-9.0	4	2	4	-10.6412005457026	1	Romania	RO	RO		46	25	RO	4	Glasgow, Glasgow City, United Kingdom	UK	UKV2	40176	55.8333	-4.25	-2597039	4	Glasgow, Glasgow City, United Kingdom	UK	UKV2	40176	55.8333	-4.25	-2597039	20251027151500	https://www.newarkadvertiser.co.uk/national/gang-which-ruthlessly-exploited-vulnerable-women-in-brothels-jailed-157758/
1270930474	20251027	202510	2025	2025.8137	RUS	RUSSIA	RUS																		1	010	010	01	1	0.0	1	1	1	0.19543973941368	4	Oreshnik, Kirovskaya Oblast', Russia	RS	RS33	25060	57.3633	49.9722	11149267	0								4	Oreshnik, Kirovskaya Oblast', Russia	RS	RS33	25060	57.3633	49.9722	11149267	20251027151500	https://theaviationist.com/2025/10/27/russia-claims-burevestnik-missile-14000km/
1270930475	20251027	202510	2025	2025.8137	RUS	RUSSIA	RUS																		0	060	060	06	2	6.0	3	1	3	0.19543973941368	4	Oreshnik, Kirovskaya Oblast', Russia	RS	RS33	25060	57.3633	49.9722	11149267	0								4	Oreshnik, Kirovskaya Oblast', Russia	RS	RS33	25060	57.3633	49.9722	11149267	20251027151500	https://theaviationist.com/2025/10/27/russia-claims-burevestnik-missile-14000km/
1270930476	20251027	202510	2025	2025.8137	RUS	RUSSIA	RUS																		0	060	060	06	2	6.0	2	1	2	0.19543973941368	4	Burevestnik, Nizhegorodskaya Oblast', Russia	RS	RS51	25080	55.4144	43.9536	9259711	0								4	Burevestnik, Nizhegorodskaya Oblast', Russia	RS	RS51	25080	55.4144	43.9536	9259711	20251027151500	https://theaviationist.com/2025/10/27/russia-claims-burevestnik-missile-14000km/
1270930477	20251027	202510	2025	2025.8137	RUS	RUSSIA	RUS																		0	080	080	08	2	5.0	3	1	3	-12.4711316397229	4	Volgograd, Volgogradskaya Oblast', Russia	RS	RS84	25113	48.8047	44.5858	-3034353	0								4	Volgograd, Volgogradskaya Oblast', Russia	RS	RS84	25113	48.8047	44.5858	-3034353	20251027151500	https://www.eng.kavkaz-uzel.eu/articles/69255
1270930478	20251027	202510	2025	2025.8137	RUS	RUSSIA	RUS																		0	090	090	09	2	-2.0	2	1	2	-12.4711316397229	4	Volgograd, Volgogradskaya Oblast', Russia	RS	RS84	25113	48.8047	44.5858	-3034353	0								4	Volgograd, Volgogradskaya Oblast', Russia	RS	RS84	25113	48.8047	44.5858	-3034353	20251027151500	https://www.eng.kavkaz-uzel.eu/articles/69255
1270930479	20251027	202510	2025	2025.8137	RUS	RUSSIA	RUS																		0	090	090	09	2	-2.0	1	1	1	0.19543973941368	4	Novator, Krasnodarskiy Kray, Russia	RS	RS38	25065	46.5669	38.1929	10270549	0								4	Burevestnik, Nizhegorodskaya Oblast', Russia	RS	RS51	25080	55.4144	43.9536	9259711	20251027151500	https://theaviationist.com/2025/10/27/russia-claims-burevestnik-missile-14000km/
1270930480	20251027	202510	2025	2025.8137	RUS	RUSSIA	RUS																		0	090	090	09	2	-2.0	3	1	3	0.19543973941368	4	Burevestnik, Nizhegorodskaya Oblast', Russia	RS	RS51	25080	55.4144	43.9536	9259711	0								4	Burevestnik, Nizhegorodskaya Oblast', Russia	RS	RS51	25080	55.4144	43.9536	9259711	20251027151500	https://theaviationist.com/2025/10/27/russia-claims-burevestnik-missile-14000km/
1270930481	20251027	202510	2025	2025.8137	RUS	RUSSIA	RUS																		1	111	111	11	3	-2.0	5	1	5	-2.53431890179514	4	Burevestnik, Nizhegorodskaya Oblast', Russia	RS	RS51	25080	55.4144	43.9536	9259711	0								4	Burevestnik, Nizhegorodskaya Oblast', Russia	RS	RS51	25080	55.4144	43.9536	9259711	20251027151500	https://www.nbcnews.com/world/russia/russia-burevestnik-missile-trump-putin-test-inappropriate-ukraine-rcna239984
1270930482	20251027	202510	2025	2025.8137	RUS	RUSSIA	RUS																		0	141	141	14	3	-6.5	8	1	8	0.19543973941368	4	Oreshnik, Kirovskaya Oblast', Russia	RS	RS33	25060	57.3633	49.9722	11149267	0								4	Oreshnik, Kirovskaya Oblast', Russia	RS	RS33	25060	57.3633	49.9722	11149267	20251027151500	https://theaviationist.com/2025/10/27/russia-claims-burevestnik-missile-14000km/
1270930483	20251027	202510	2025	2025.8137	RUS	RUSSIA	RUS																		0	141	141	14	3	-6.5	2	1	2	0.19543973941368	4	Burevestnik, Nizhegorodskaya Oblast', Russia	RS	RS51	25080	55.4144	43.9536	9259711	0								4	Burevestnik, Nizhegorodskaya Oblast', Russia	RS	RS51	25080	55.4144	43.9536	9259711	20251027151500	https://theaviationist.com/2025/10/27/russia-claims-burevestnik-missile-14000km/
1270930484	20251027	202510	2025	2025.8137	RUS	RUSSIA	RUS																		1	172	172	17	4	-5.0	1	1	1	-12.4711316397229	4	Volgograd, Volgogradskaya Oblast', Russia	RS	RS84	25113	48.8047	44.5858	-3034353	0								4	Volgograd, Volgogradskaya Oblast', Russia	RS	RS84	25113	48.8047	44.5858	-3034353	20251027151500	https://www.eng.kavkaz-uzel.eu/articles/69255
1270930485	20251027	202510	2025	2025.8137	RUS	RUSSIA	RUS																		0	194	194	19	4	-10.0	2	1	2	-2.53431890179514	4	Novaya Zemlya, Tul'skaya Oblast', Russia	RS	RS76	25105	54.2357	37.4576	10072267	0								4	Oslo, Oslo, Norway	NO	NO12	23413	59.9167	10.75	-273837	20251027151500	https://www.nbcnews.com/world/russia/russia-burevestnik-missile-trump-putin-test-inappropriate-ukraine-rcna239984
1270930486	20251027	202510	2025	2025.8137	RUS	VOLGOGRAD	RUS								BUS	COMPANIES						BUS			1	120	120	12	3	-4.0	10	1	10	-12.4711316397229	4	Volgograd, Volgogradskaya Oblast', Russia	RS	RS84	25113	48.8047	44.5858	-3034353	4	Volgograd, Volgogradskaya Oblast', Russia	RS	RS84	25113	48.8047	44.5858	-3034353	4	Volgograd, Volgogradskaya Oblast', Russia	RS	RS84	25113	48.8047	44.5858	-3034353	20251027151500	https://www.eng.kavkaz-uzel.eu/articles/69255
1270930487	20251027	202510	2025	2025.8137	RUS	VOLGOGRAD	RUS								COP	PRISON						COP			0	173	173	17	4	-5.0	3	1	3	-12.4711316397229	4	Volgograd, Volgogradskaya Oblast', Russia	RS	RS84	25113	48.8047	44.5858	-3034353	4	Volgograd, Volgogradskaya Oblast', Russia	RS	RS84	25113	48.8047	44.5858	-3034353	4	Volgograd, Volgogradskaya Oblast', Russia	RS	RS84	25113	48.8047	44.5858	-3034353	20251027151500	https://www.eng.kavkaz-uzel.eu/articles/69255
1270930488	20251027	202510	2025	2025.8137	RUS	MOSCOW	RUS								GOVCOP	FOREIGN MINIST						GOV	COP		1	010	010	01	1	0.0	4	1	4	-0.9478672985782	4	Moscow, Moskva, Russia	RS	RS48	25106	55.7522	37.6156	-2960561	4	Moscow, Moskva, Russia	RS	RS48	25106	55.7522	37.6156	-2960561	4	Moscow, Moskva, Russia	RS	RS48	25106	55.7522	37.6156	-2960561	20251027151500	https://tass.com/politics/2035667
1270930489	20251027	202510	2025	2025.8137	RUS	RUSSIA	RUS								GOVMED	STATE MEDIA						GOV	MED		0	010	010	01	1	0.0	8	1	8	-0.31055900621118	4	Burevestnik, Nizhegorodskaya Oblast', Russia	RS	RS51	25080	55.4144	43.9536	9259711	4	Burevestnik, Nizhegorodskaya Oblast', Russia	RS	RS51	25080	55.4144	43.9536	9259711	4	Burevestnik, Nizhegorodskaya Oblast', Russia	RS	RS51	25080	55.4144	43.9536	9259711	20251027151500	https://www.yahoo.com/news/articles/russias-skyfall-missile-test-trump-141551837.html
1270930490	20251027	202510	2025	2025.8137	RUS	RUSSIAN	RUS								IGOWSTNAT	NATO	WST	NAT				IGO			0	013	013	01	1	0.4	8	1	8	0.19543973941368	4	Oreshnik, Kirovskaya Oblast', Russia	RS	RS33	25060	57.3633	49.9722	11149267	4	Oreshnik, Kirovskaya Oblast', Russia	RS	RS33	25060	57.3633	49.9722	11149267	4	Oreshnik, Kirovskaya Oblast', Russia	RS	RS33	25060	57.3633	49.9722	11149267	20251027151500	https://theaviationist.com/2025/10/27/russia-claims-burevestnik-missile-14000km/
1270930491	20251027	202510	2025	2025.8137	RUS	RUSSIAN	RUS								IGOWSTNAT	NATO	WST	NAT				IGO			0	013	013	01	1	0.4	2	1	2	0.19543973941368	4	Burevestnik, Nizhegorodskaya Oblast', Russia	RS	RS51	25080	55.4144	43.9536	9259711	4	Oreshnik, Kirovskaya Oblast', Russia	RS	RS33	25060	57.3633	49.9722	11149267	4	Burevestnik, Nizhegorodskaya Oblast', Russia	RS	RS51	25080	55.4144	43.9536	9259711	20251027151500	https://theaviationist.com/2025/10/27/russia-claims-burevestnik-missile-14000km/
1270930492	20251027	202510	2025	2025.8137	RUS	RUSSIAN	RUS								IGOWSTNAT	NATO	WST	NAT				IGO			1	042	042	04	1	1.9	1	1	1	0.19543973941368	4	Oreshnik, Kirovskaya Oblast', Russia	RS	RS33	25060	57.3633	49.9722	11149267	4	Oreshnik, Kirovskaya Oblast', Russia	RS	RS33	25060	57.3633	49.9722	11149267	4	Oreshnik, Kirovskaya Oblast', Russia	RS	RS33	25060	57.3633	49.9722	11149267	20251027151500	https://theaviationist.com/2025/10/27/russia-claims-burevestnik-missile-14000km/
1270930493	20251027	202510	2025	2025.8137	RUS	RUSSIAN	RUS								IGOWSTNAT	NATO	WST	NAT				IGO			1	042	042	04	1	1.9	1	1	1	0.19543973941368	4	Burevestnik, Nizhegorodskaya Oblast', Russia	RS	RS51	25080	55.4144	43.9536	9259711	4	Dnipro, Ukraine (general), Ukraine	UP	UP00	28557	46.4975	32.3086	-2902197	4	Oreshnik, Kirovskaya Oblast', Russia	RS	RS33	25060	57.3633	49.9722	11149267	20251027151500	https://theaviationist.com/2025/10/27/russia-claims-burevestnik-missile-14000km/
1270930494	20251027	202510	2025	2025.8137	RUS	RUSSIAN	RUS								INT	INTERNATIONAL COMMUNITY						INT			1	163	163	16	4	-8.0	10	1	10	-4.35706695005313	4	Moscow, Moskva, Russia	RS	RS48	25106	55.7522	37.6156	-2960561	4	Moscow, Moskva, Russia	RS	RS48	25106	55.7522	37.6156	-2960561	4	Moscow, Moskva, Russia	RS	RS48	25106	55.7522	37.6156	-2960561	20251027151500	https://indianexpress.com/article/business/us-sanctions-russian-oil-indian-oil-sanctions-10330411/
1270930495	20251027	202510	2025	2025.8137	RUS	VOLGOGRAD	RUS								JUD	DISTRICT COURT						JUD			1	112	112	11	3	-2.0	10	1	10	-12.4711316397229	4	Volgograd, Volgogradskaya Oblast', Russia	RS	RS84	25113	48.8047	44.5858	-3034353	4	Volgograd, Volgogradskaya Oblast', Russia	RS	RS84	25113	48.8047	44.5858	-3034353	4	Volgograd, Volgogradskaya Oblast', Russia	RS	RS84	25113	48.8047	44.5858	-3034353	20251027151500	https://www.eng.kavkaz-uzel.eu/articles/69255
1270930496	20251027	202510	2025	2025.8137	RUS	RUSSIA	RUS								LEG	STATE DUMA						LEG			1	190	190	19	4	-10.0	5	1	5	1.05263157894737	4	Moscow, Moskva, Russia	RS	RS48	25106	55.7522	37.6156	-2960561	4	Moscow, Moskva, Russia	RS	RS48	25106	55.7522	37.6156	-2960561	4	Moscow, Moskva, Russia	RS	RS48	25106	55.7522	37.6156	-2960561	20251027151500	https://tass.com/defense/2035595
1270930497	20251027	202510	2025	2025.8137	RUS	VOLGOGRAD	RUS								RUSCOP	RUSSIA	RUS					COP			1	173	173	17	4	-5.0	1	1	1	-12.4711316397229	4	Volgograd, Volgogradskaya Oblast', Russia	RS	RS84	25113	48.8047	44.5858	-3034353	4	Volgograd, Volgogradskaya Oblast', Russia	RS	RS84	25113	48.8047	44.5858	-3034353	4	Volgograd, Volgogradskaya Oblast', Russia	RS	RS84	25113	48.8047	44.5858	-3034353	20251027151500	https://www.eng.kavkaz-uzel.eu/articles/69255
1270930498	20251027	202510	2025	2025.8137	RUS	RUSSIA	RUS								RUSGOV	RUSSIA	RUS					GOV			0	010	010	01	1	0.0	4	1	4	-0.31055900621118	4	Moscow, Moskva, Russia	RS	RS48	25106	55.7522	37.6156	-2960561	4	Burevestnik, Nizhegorodskaya Oblast', Russia	RS	RS51	25080	55.4144	43.9536	9259711	4	Moscow, Moskva, Russia	RS	RS48	25106	55.7522	37.6156	-2960561	20251027151500	https://www.yahoo.com/news/articles/russias-skyfall-missile-test-trump-141551837.html
1270930499	20251027	202510	2025	2025.8137	RUS	RUSSIA	RUS								TUR	TURKISH	TUR								1	042	042	04	1	1.9	8	1	8	-0.9478672985782	4	Moscow, Moskva, Russia	RS	RS48	25106	55.7522	37.6156	-2960561	4	Istanbul, Istanbul, Turkey	TU	TU34	27897	41.0186	28.9647	-755070	4	Istanbul, Istanbul, Turkey	TU	TU34	27897	41.0186	28.9647	-755070	20251027151500	https://tass.com/politics/2035667
1270930500	20251027	202510	2025	2025.8137	RUS	RUSSIA	RUS								TUR	TURKEY	TUR								1	042	042	04	1	1.9	2	1	2	-0.9478672985782	4	Istanbul, Istanbul, Turkey	TU	TU34	27897	41.0186	28.9647	-755070	4	Istanbul, Istanbul, Turkey	TU	TU34	27897	41.0186	28.9647	-755070	4	Istanbul, Istanbul, Turkey	TU	TU34	27897	41.0186	28.9647	-755070	20251027151500	https://tass.com/politics/2035667
1270930501	20251027	202510	2025	2025.8137	RUS	RUSSIA	RUS								UKR	UKRAINE	UKR								0	036	036	03	1	4.0	3	1	3	-0.9478672985782	4	Moscow, Moskva, Russia	RS	RS48	25106	55.7522	37.6156	-2960561	4	Kiev, Ukraine (general), Ukraine	UP	UP00	28554	50.4333	30.5167	-1044367	4	Moscow, Moskva, Russia	RS	RS48	25106	55.7522	37.6156	-2960561	20251027151500	https://tass.com/politics/2035667
1270930502	20251027	202510	2025	2025.8137	RUS	RUSSIA	RUS								UKR	UKRAINE	UKR								0	036	036	03	1	4.0	2	1	2	-0.9478672985782	4	Moscow, Moskva, Russia	RS	RS48	25106	55.7522	37.6156	-2960561	4	Moscow, Moskva, Russia	RS	RS48	25106	55.7522	37.6156	-2960561	4	Moscow, Moskva, Russia	RS	RS48	25106	55.7522	37.6156	-2960561	20251027151500	https://tass.com/politics/2035667
1270930503	20251027	202510	2025	2025.8137	RUS	RUSSIA	RUS								UKR	UKRAINE	UKR								1	042	042	04	1	1.9	3	1	3	-2.53431890179514	4	Kremlin, Moskva, Russia	RS	RS48	25106	55.7522	37.6156	-2960561	1	Ukraine	UP	UP		49	32	UP	1	Ukraine	UP	UP		49	32	UP	20251027151500	https://www.nbcnews.com/world/russia/russia-burevestnik-missile-trump-putin-test-inappropriate-ukraine-rcna239984
1270930504	20251027	202510	2025	2025.8137	RUS	MOSCOW	RUS								UKR	KIEV	UKR								1	046	046	04	1	7.0	10	1	10	-0.9478672985782	4	Kiev, Ukraine (general), Ukraine	UP	UP00	28554	50.4333	30.5167	-1044367	4	Kiev, Ukraine (general), Ukraine	UP	UP00	28554	50.4333	30.5167	-1044367	4	Kiev, Ukraine (general), Ukraine	UP	UP00	28554	50.4333	30.5167	-1044367	20251027151500	https://tass.com/politics/2035667
1270930505	20251027	202510	2025	2025.8137	RUS	RUSSIA	RUS								UKR	UKRAINE	UKR								1	084	084	08	2	7.0	1	1	1	-2.53431890179514	4	Kremlin, Moskva, Russia	RS	RS48	25106	55.7522	37.6156	-2960561	4	Kremlin, Moskva, Russia	RS	RS48	25106	55.7522	37.6156	-2960561	1	Ukraine	UP	UP		49	32	UP	20251027151500	https://www.nbcnews.com/world/russia/russia-burevestnik-missile-trump-putin-test-inappropriate-ukraine-rcna239984
1270930506	20251027	202510	2025	2025.8137	RUS	RUSSIA	RUS								UKR	UKRAINE	UKR								1	084	084	08	2	7.0	1	1	1	-2.53431890179514	4	Kremlin, Moskva, Russia	RS	RS48	25106	55.7522	37.6156	-2960561	1	Ukraine	UP	UP		49	32	UP	4	Kremlin, Moskva, Russia	RS	RS48	25106	55.7522	37.6156	-2960561	20251027151500	https://www.nbcnews.com/world/russia/russia-burevestnik-missile-trump-putin-test-inappropriate-ukraine-rcna239984
1270930507	20251027	202510	2025	2025.8137	RUS	RUSSIA	RUS								UKR	UKRAINE	UKR								0	150	150	15	4	-7.2	3	1	3	-0.9478672985782	4	Moscow, Moskva, Russia	RS	RS48	25106	55.7522	37.6156	-2960561	4	Kiev, Ukraine (general), Ukraine	UP	UP00	28554	50.4333	30.5167	-1044367	4	Kiev, Ukraine (general), Ukraine	UP	UP00	28554	50.4333	30.5167	-1044367	20251027151500	https://tass.com/politics/2035667
1270930508	20251027	202510	2025	2025.8137	RUS	RUSSIA	RUS								UKR	UKRAINE	UKR								0	150	150	15	4	-7.2	1	1	1	-0.9478672985782	4	Moscow, Moskva, Russia	RS	RS48	25106	55.7522	37.6156	-2960561	4	Moscow, Moskva, Russia	RS	RS48	25106	55.7522	37.6156	-2960561	4	Kiev, Ukraine (general), Ukraine	UP	UP00	28554	50.4333	30.5167	-1044367	20251027151500	https://tass.com/politics/2035667
1270930509	20251027	202510	2025	2025.8137	RUS	RUSSIA	RUS								UKR	UKRAINE	UKR								0	150	150	15	4	-7.2	1	1	1	-0.9478672985782	4	Moscow, Moskva, Russia	RS	RS48	25106	55.7522	37.6156	-2960561	4	Moscow, Moskva, Russia	RS	RS48	25106	55.7522	37.6156	-2960561	4	Moscow, Moskva, Russia	RS	RS48	25106	55.7522	37.6156	-2960561	20251027151500	https://tass.com/politics/2035667
1270930510	20251027	202510	2025	2025.8137	RUS	RUSSIA	RUS								UKR	UKRAINE	UKR								1	150	150	15	4	-7.2	3	1	3	-2.53431890179514	4	Kremlin, Moskva, Russia	RS	RS48	25106	55.7522	37.6156	-2960561	1	Ukraine	UP	UP		49	32	UP	1	Ukraine	UP	UP		49	32	UP	20251027151500	https://www.nbcnews.com/world/russia/russia-burevestnik-missile-trump-putin-test-inappropriate-ukraine-rcna239984
1270930511	20251027	202510	2025	2025.8137	RUS	RUSSIA	RUS								USA	THE US	USA								0	160	160	16	4	-4.0	4	1	4	-0.31055900621118	4	Kremlin, Moskva, Russia	RS	RS48	25106	55.7522	37.6156	-2960561	4	Kremlin, Moskva, Russia	RS	RS48	25106	55.7522	37.6156	-2960561	4	Burevestnik, Nizhegorodskaya Oblast', Russia	RS	RS51	25080	55.4144	43.9536	9259711	20251027151500	https://www.yahoo.com/news/articles/russias-skyfall-missile-test-trump-141551837.html
1270930512	20251027	202510	2025	2025.8137	RUS	RUSSIA	RUS								USA	THE US	USA								0	160	160	16	4	-4.0	8	1	8	-0.31055900621118	4	Kremlin, Moskva, Russia	RS	RS48	25106	55.7522	37.6156	-2960561	4	Burevestnik, Nizhegorodskaya Oblast', Russia	RS	RS51	25080	55.4144	43.9536	9259711	4	Burevestnik, Nizhegorodskaya Oblast', Russia	RS	RS51	25080	55.4144	43.9536	9259711	20251027151500	https://www.yahoo.com/news/articles/russias-skyfall-missile-test-trump-141551837.html
1270930513	20251027	202510	2025	2025.8137	RUS	RUSSIA	RUS								USA	THE US	USA								0	160	160	16	4	-4.0	4	1	4	-0.31055900621118	4	Burevestnik, Nizhegorodskaya Oblast', Russia	RS	RS51	25080	55.4144	43.9536	9259711	4	Burevestnik, Nizhegorodskaya Oblast', Russia	RS	RS51	25080	55.4144	43.9536	9259711	4	Burevestnik, Nizhegorodskaya Oblast', Russia	RS	RS51	25080	55.4144	43.9536	9259711	20251027151500	https://www.yahoo.com/news/articles/russias-skyfall-missile-test-trump-141551837.html
1270930514	20251027	202510	2025	2025.8137	RUSGOV	VLADIMIR PUTIN	RUS					GOV			CHNGOV	XI JINPING	CHN					GOV			1	013	013	01	1	0.4	10	1	10	-0.448430493273539	0								0								0								20251027151500	https://www.vice.com/en/article/the-truth-about-organ-transplants-and-the-fantasy-of-eternal-youth/
1270930515	20251027	202510	2025	2025.8137	RUSGOV	RUSSIA	RUS					GOV			HUN	BUDAPEST	HUN								0	036	036	03	1	4.0	1	1	1	-2.02275600505689	4	Zakharova, Krasnoyarskiy Kray, Russia	RS	RS39	25066	57.8006	93.3014	-3044085	1	Ukraine	UP	UP		49	32	UP	1	Ukraine	UP	UP		49	32	UP	20251027151500	https://time.com/7328538/trump-rebukes-putin-nuclear-powered-missile-test/
1270930516	20251027	202510	2025	2025.8137	RUSGOV	RUSSIA	RUS					GOV			UKR	UKRAINE	UKR								1	046	046	04	1	7.0	2	1	2	-2.53431890179514	4	Burevestnik, Nizhegorodskaya Oblast', Russia	RS	RS51	25080	55.4144	43.9536	9259711	4	Burevestnik, Nizhegorodskaya Oblast', Russia	RS	RS51	25080	55.4144	43.9536	9259711	4	Burevestnik, Nizhegorodskaya Oblast', Russia	RS	RS51	25080	55.4144	43.9536	9259711	20251027151500	https://www.nbcnews.com/world/russia/russia-burevestnik-missile-trump-putin-test-inappropriate-ukraine-rcna239984
1270930517	20251027	202510	2025	2025.8137	RUSGOVBUS	RUSSIA	RUS					GOV	BUS		RUS	RUSSIAN	RUS								1	020	020	02	1	3.0	2	1	2	-2.02275600505689	2	Alaska, United States	US	USAK		61.385	-152.268	AK	2	Alaska, United States	US	USAK		61.385	-152.268	AK	2	Alaska, United States	US	USAK		61.385	-152.268	AK	20251027151500	https://time.com/7328538/trump-rebukes-putin-nuclear-powered-missile-test/
1270930518	20251027	202510	2025	2025.8137	SAS	SOUTH ASIA	SAS																		1	020	020	02	1	3.0	10	1	10	3.66568914956011	4	Thakurgaon, Rangpur, Bangladesh	BG	BG87	70295	26.0559	88.4336	10828770	0								4	Thakurgaon, Rangpur, Bangladesh	BG	BG87	70295	26.0559	88.4336	10828770	20251027151500	https://www.bssnews.net/others/325589
1270930519	20251027	202510	2025	2025.8137	SAUGOV	ABDULLAH	SAU					GOV													0	026	026	02	1	4.0	6	1	6	0.5736137667304	4	Istanbul, Istanbul, Turkey	TU	TU34	27897	41.0186	28.9647	-755070	0								4	Istanbul, Istanbul, Turkey	TU	TU34	27897	41.0186	28.9647	-755070	20251027151500	https://www.yahoo.com/news/articles/pkk-withdrawal-ends-first-peace-144324303.html
1270930520	20251027	202510	2025	2025.8137	SAUGOV	ABDULLAH	SAU					GOV			COP	PRISON						COP			0	040	040	04	1	1.0	2	1	2	0.5736137667304	4	Imrali, Bursa, Turkey	TU	TU16	27669	40.55	28.5333	-754464	4	Imrali, Bursa, Turkey	TU	TU16	27669	40.55	28.5333	-754464	4	Imrali, Bursa, Turkey	TU	TU16	27669	40.55	28.5333	-754464	20251027151500	https://www.yahoo.com/news/articles/pkk-withdrawal-ends-first-peace-144324303.html
1270930521	20251027	202510	2025	2025.8137	SAUGOV	ABDULLAH	SAU					GOV			TUR	TURKEY	TUR								0	026	026	02	1	4.0	2	1	2	0.5736137667304	4	Ankara, Ankara, Turkey	TU	TU68	27516	39.9272	32.8644	-735338	4	Ankara, Ankara, Turkey	TU	TU68	27516	39.9272	32.8644	-735338	4	Ankara, Ankara, Turkey	TU	TU68	27516	39.9272	32.8644	-735338	20251027151500	https://www.yahoo.com/news/articles/pkk-withdrawal-ends-first-peace-144324303.html
1270930522	20251027	202510	2025	2025.8137	SAUGOV	ABDULLAH	SAU					GOV			TUR	TURKEY	TUR								0	040	040	04	1	1.0	2	1	2	0.5736137667304	4	Ankara, Ankara, Turkey	TU	TU68	27516	39.9272	32.8644	-735338	4	Ankara, Ankara, Turkey	TU	TU68	27516	39.9272	32.8644	-735338	4	Ankara, Ankara, Turkey	TU	TU68	27516	39.9272	32.8644	-735338	20251027151500	https://www.yahoo.com/news/articles/pkk-withdrawal-ends-first-peace-144324303.html
1270930523	20251027	202510	2025	2025.8137	SAUGOV	ABDULLAH	SAU					GOV			TURCOP	TURKEY	TUR					COP			0	040	040	04	1	1.0	4	1	4	0.5736137667304	4	Imrali, Bursa, Turkey	TU	TU16	27669	40.55	28.5333	-754464	4	Imrali, Bursa, Turkey	TU	TU16	27669	40.55	28.5333	-754464	4	Imrali, Bursa, Turkey	TU	TU16	27669	40.55	28.5333	-754464	20251027151500	https://www.yahoo.com/news/articles/pkk-withdrawal-ends-first-peace-144324303.html
1270930524	20251027	202510	2025	2025.8137	SGP	SINGAPORE	SGP																		0	120	120	12	3	-4.0	4	1	4	-1.55979202772963	4	Senoko, Singapore (general), Singapore	SN	SN00	18585	1.465	103.799	26509	0								4	Senoko, Singapore (general), Singapore	SN	SN00	18585	1.465	103.799	26509	20251027151500	https://www.straitstimes.com/business/tuaspring-project-was-riskier-than-a-typical-integrated-plant-hyflux-prosecution-witness
1270930525	20251027	202510	2025	2025.8137	SGP	SINGAPORE	SGP								JUD	COUNSEL						JUD			0	120	120	12	3	-4.0	3	1	3	-1.55979202772963	4	Senoko, Singapore (general), Singapore	SN	SN00	18585	1.465	103.799	26509	4	Senoko, Singapore (general), Singapore	SN	SN00	18585	1.465	103.799	26509	4	Senoko, Singapore (general), Singapore	SN	SN00	18585	1.465	103.799	26509	20251027151500	https://www.straitstimes.com/business/tuaspring-project-was-riskier-than-a-typical-integrated-plant-hyflux-prosecution-witness
1270930526	20251027	202510	2025	2025.8137	SGP	SINGAPORE	SGP								LAB	WORKER						LAB			1	1821	182	18	4	-9.0	4	1	4	-6.77966101694915	1	Singapore	SN	SN		1.366667	103.8	SN	1	Singapore	SN	SN		1.366667	103.8	SN	1	Singapore	SN	SN		1.366667	103.8	SN	20251027151500	https://www.straitstimes.com/singapore/courts-crime/24-years-jail-for-man-who-raped-daughter-after-lover-goaded-him-woman-given-22-years
1270930527	20251027	202510	2025	2025.8137	SGP	SINGAPORE	SGP								LAB	WORKER						LAB			1	1821	182	18	4	-9.0	6	1	6	-6.77966101694915	1	United States	US	US		39.828175	-98.5795	US	1	United States	US	US		39.828175	-98.5795	US	1	United States	US	US		39.828175	-98.5795	US	20251027151500	https://www.straitstimes.com/singapore/courts-crime/24-years-jail-for-man-who-raped-daughter-after-lover-goaded-him-woman-given-22-years
1270930528	20251027	202510	2025	2025.8137	SGP	SINGAPORE	SGP								SGPJUD	SINGAPORE	SGP					JUD			0	120	120	12	3	-4.0	1	1	1	-1.55979202772963	4	Senoko, Singapore (general), Singapore	SN	SN00	18585	1.465	103.799	26509	4	Senoko, Singapore (general), Singapore	SN	SN00	18585	1.465	103.799	26509	4	Senoko, Singapore (general), Singapore	SN	SN00	18585	1.465	103.799	26509	20251027151500	https://www.straitstimes.com/business/tuaspring-project-was-riskier-than-a-typical-integrated-plant-hyflux-prosecution-witness
1270930529	20251027	202510	2025	2025.8137	SIK	SIKH				SIK															1	012	012	01	1	-0.4	2	1	2	-4.02843601895734	4	Midlands, Leicestershire, United Kingdom	UK	UKH5	40119	52.75	-1.5	-2603074	0								4	Midlands, Leicestershire, United Kingdom	UK	UKH5	40119	52.75	-1.5	-2603074	20251027151500	https://www.birminghammail.co.uk/news/midlands-news/midlands-sikhs-worry-safe-after-32757361
1270930530	20251027	202510	2025	2025.8137	SIK	SIKH				SIK															1	012	012	01	1	-0.4	2	1	2	-4.02843601895734	4	Perry Barr, Birmingham, United Kingdom	UK	UKA7	40136	52.5	-1.9	-2605278	0								4	Perry Barr, Birmingham, United Kingdom	UK	UKA7	40136	52.5	-1.9	-2605278	20251027151500	https://www.birminghammail.co.uk/news/midlands-news/midlands-sikhs-worry-safe-after-32757361
1270930531	20251027	202510	2025	2025.8137	SIK	SIKH				SIK															1	1821	182	18	4	-9.0	4	1	2	-4.02843601895734	4	Midlands, Leicestershire, United Kingdom	UK	UKH5	40119	52.75	-1.5	-2603074	0								4	Midlands, Leicestershire, United Kingdom	UK	UKH5	40119	52.75	-1.5	-2603074	20251027151500	https://www.birminghammail.co.uk/news/midlands-news/midlands-sikhs-worry-safe-after-32757361
1270930532	20251027	202510	2025	2025.8137	SIK	SIKH				SIK					COP	POLICE						COP			1	012	012	01	1	-0.4	6	1	6	-4.02843601895734	4	Midlands, Leicestershire, United Kingdom	UK	UKH5	40119	52.75	-1.5	-2603074	4	Midlands, Leicestershire, United Kingdom	UK	UKH5	40119	52.75	-1.5	-2603074	4	Midlands, Leicestershire, United Kingdom	UK	UKH5	40119	52.75	-1.5	-2603074	20251027151500	https://www.birminghammail.co.uk/news/midlands-news/midlands-sikhs-worry-safe-after-32757361
1270930533	20251027	202510	2025	2025.8137	SIK	SIKH				SIK					COP	POLICE						COP			1	012	012	01	1	-0.4	4	1	4	-4.02843601895734	4	Walsall, Walsall, United Kingdom	UK	UKO8	40136	52.6	-2	-2610816	4	Midlands, Leicestershire, United Kingdom	UK	UKH5	40119	52.75	-1.5	-2603074	4	Midlands, Leicestershire, United Kingdom	UK	UKH5	40119	52.75	-1.5	-2603074	20251027151500	https://www.birminghammail.co.uk/news/midlands-news/midlands-sikhs-worry-safe-after-32757361
1270930534	20251027	202510	2025	2025.8137	SIK	SIKH				SIK					COP	POLICE						COP			1	1821	182	18	4	-9.0	6	1	6	-4.02843601895734	4	Midlands, Leicestershire, United Kingdom	UK	UKH5	40119	52.75	-1.5	-2603074	4	Midlands, Leicestershire, United Kingdom	UK	UKH5	40119	52.75	-1.5	-2603074	4	Midlands, Leicestershire, United Kingdom	UK	UKH5	40119	52.75	-1.5	-2603074	20251027151500	https://www.birminghammail.co.uk/news/midlands-news/midlands-sikhs-worry-safe-after-32757361
1270930535	20251027	202510	2025	2025.8137	SIK	SIKH				SIK					COP	POLICE						COP			1	1821	182	18	4	-9.0	4	1	4	-4.02843601895734	4	Walsall, Walsall, United Kingdom	UK	UKO8	40136	52.6	-2	-2610816	4	Midlands, Leicestershire, United Kingdom	UK	UKH5	40119	52.75	-1.5	-2603074	4	Midlands, Leicestershire, United Kingdom	UK	UKH5	40119	52.75	-1.5	-2603074	20251027151500	https://www.birminghammail.co.uk/news/midlands-news/midlands-sikhs-worry-safe-after-32757361
1270930536	20251027	202510	2025	2025.8137	SIKMED	SIKH				SIK		MED			SIK	SIKH				SIK					0	010	010	01	1	0.0	3	1	3	-4.02843601895734	4	Oldbury, Sandwell, United Kingdom	UK	UKL7	40136	52.5	-2.01667	-2604603	4	Oldbury, Sandwell, United Kingdom	UK	UKL7	40136	52.5	-2.01667	-2604603	4	Oldbury, Sandwell, United Kingdom	UK	UKL7	40136	52.5	-2.01667	-2604603	20251027151500	https://www.birminghammail.co.uk/news/midlands-news/midlands-sikhs-worry-safe-after-32757361
1270930537	20251027	202510	2025	2025.8137	SLV	SANTA ANA	SLV								LAB	EMPLOYEE						LAB			1	112	112	11	3	-2.0	20	2	20	-6.18872549019608	2	Arizona, United States	US	USAZ		33.7712	-111.388	AZ	2	Arizona, United States	US	USAZ		33.7712	-111.388	AZ	2	Arizona, United States	US	USAZ		33.7712	-111.388	AZ	20251027151500	https://www.yahoo.com/news/articles/ex-wife-angels-employee-expected-144053745.html
1270930538	20251027	202510	2025	2025.8137	SPY	INTELLIGENCE						SPY													0	012	012	01	1	-0.4	3	1	3	-7.08604483007954	5	Ondo State, Ondo, Nigeria	NI	NI48	22976	7.16667	5.08333	-2023650	0								5	Ondo State, Ondo, Nigeria	NI	NI48	22976	7.16667	5.08333	-2023650	20251027151500	https://www.thisdaylive.com/2025/10/27/60-year-old-orphanage-owner-others-arrested-for-child-trafficking/
1270930539	20251027	202510	2025	2025.8137	SWEGOV	SWEDEN	SWE					GOV			COP	POLICE OFFICER						COP			1	173	173	17	4	-5.0	8	1	8	-11.1650485436893	1	Sweden	SW	SW		62	15	SW	1	Sweden	SW	SW		62	15	SW	1	Sweden	SW	SW		62	15	SW	20251027151500	https://icenews.is/2012/10/31/drunk-swede-accused-of-running-over-police-officer-on-segway/
1270930540	20251027	202510	2025	2025.8137	SYR	SYRIAN	SYR								ESP	SPAIN	ESP								1	057	057	05	1	8.0	8	1	8	1.47255689424364	4	Damascus, Dimashq, Syria	SY	SY13	26324	33.5	36.3	-2541260	4	Damascus, Dimashq, Syria	SY	SY13	26324	33.5	36.3	-2541260	4	Damascus, Dimashq, Syria	SY	SY13	26324	33.5	36.3	-2541260	20251027151500	https://themedialine.org/by-region/wired-for-renewal-syrias-first-subsea-internet-link-marks-a-turning-point/
1270930541	20251027	202510	2025	2025.8137	SYR	SYRIAN	SYR								IRQ	IRAQ	IRQ								0	080	080	08	2	5.0	6	1	6	-2.68729641693811	4	Damascus, Dimashq, Syria	SY	SY13	26324	33.5	36.3	-2541260	1	Iraq	IZ	IZ		33	44	IZ	4	Damascus, Dimashq, Syria	SY	SY13	26324	33.5	36.3	-2541260	20251027151500	https://www.thenationalnews.com/news/mena/2025/10/27/europe-has-lost-moral-high-ground-over-gaza-turkish-official-says/
1270930542	20251027	202510	2025	2025.8137	SYR	SYRIA	SYR								IRQ	IRAQ	IRQ								0	080	080	08	2	5.0	2	1	2	-2.68729641693811	4	Damascus, Dimashq, Syria	SY	SY13	26324	33.5	36.3	-2541260	1	Jordan	JO	JO		31	36	JO	4	Damascus, Dimashq, Syria	SY	SY13	26324	33.5	36.3	-2541260	20251027151500	https://www.thenationalnews.com/news/mena/2025/10/27/europe-has-lost-moral-high-ground-over-gaza-turkish-official-says/
1270930543	20251027	202510	2025	2025.8137	SYR	SYRIA	SYR								IRQ	IRAQ	IRQ								0	080	080	08	2	5.0	2	1	2	-2.68729641693811	4	Damascus, Dimashq, Syria	SY	SY13	26324	33.5	36.3	-2541260	1	Lebanon	LE	LE		33.833333	35.833333	LE	4	Damascus, Dimashq, Syria	SY	SY13	26324	33.5	36.3	-2541260	20251027151500	https://www.thenationalnews.com/news/mena/2025/10/27/europe-has-lost-moral-high-ground-over-gaza-turkish-official-says/
1270930544	20251027	202510	2025	2025.8137	SYR	SYRIA	SYR								JOR	JORDAN	JOR								0	080	080	08	2	5.0	2	1	2	-2.68729641693811	4	Damascus, Dimashq, Syria	SY	SY13	26324	33.5	36.3	-2541260	4	Fatih, Ankara, Turkey	TU	TU68	27528	39.9455	32.873	-776441	4	Damascus, Dimashq, Syria	SY	SY13	26324	33.5	36.3	-2541260	20251027151500	https://www.thenationalnews.com/news/mena/2025/10/27/europe-has-lost-moral-high-ground-over-gaza-turkish-official-says/
1270930545	20251027	202510	2025	2025.8137	SYR	SYRIAN	SYR								JOR	JORDAN	JOR								0	080	080	08	2	5.0	6	1	6	-2.68729641693811	4	Damascus, Dimashq, Syria	SY	SY13	26324	33.5	36.3	-2541260	1	Jordan	JO	JO		31	36	JO	4	Damascus, Dimashq, Syria	SY	SY13	26324	33.5	36.3	-2541260	20251027151500	https://www.thenationalnews.com/news/mena/2025/10/27/europe-has-lost-moral-high-ground-over-gaza-turkish-official-says/
1270930546	20251027	202510	2025	2025.8137	SYR	SYRIA	SYR								JOR	JORDAN	JOR								0	080	080	08	2	5.0	2	1	2	-2.68729641693811	4	Damascus, Dimashq, Syria	SY	SY13	26324	33.5	36.3	-2541260	1	Lebanon	LE	LE		33.833333	35.833333	LE	4	Damascus, Dimashq, Syria	SY	SY13	26324	33.5	36.3	-2541260	20251027151500	https://www.thenationalnews.com/news/mena/2025/10/27/europe-has-lost-moral-high-ground-over-gaza-turkish-official-says/
1270930547	20251027	202510	2025	2025.8137	SYR	SYRIA	SYR								LBN	LEBANON	LBN								0	080	080	08	2	5.0	4	1	4	-2.68729641693811	4	Damascus, Dimashq, Syria	SY	SY13	26324	33.5	36.3	-2541260	4	Fatih, Ankara, Turkey	TU	TU68	27528	39.9455	32.873	-776441	4	Damascus, Dimashq, Syria	SY	SY13	26324	33.5	36.3	-2541260	20251027151500	https://www.thenationalnews.com/news/mena/2025/10/27/europe-has-lost-moral-high-ground-over-gaza-turkish-official-says/
1270930548	20251027	202510	2025	2025.8137	SYR	SYRIAN	SYR								LBN	LEBANON	LBN								0	080	080	08	2	5.0	6	1	6	-2.68729641693811	4	Damascus, Dimashq, Syria	SY	SY13	26324	33.5	36.3	-2541260	1	Lebanon	LE	LE		33.833333	35.833333	LE	4	Damascus, Dimashq, Syria	SY	SY13	26324	33.5	36.3	-2541260	20251027151500	https://www.thenationalnews.com/news/mena/2025/10/27/europe-has-lost-moral-high-ground-over-gaza-turkish-official-says/
1270930549	20251027	202510	2025	2025.8137	SYR	SYRIAN	SYR								TUR	TURKEY	TUR								0	080	080	08	2	5.0	10	1	10	-2.68729641693811	4	Damascus, Dimashq, Syria	SY	SY13	26324	33.5	36.3	-2541260	4	Fatih, Ankara, Turkey	TU	TU68	27528	39.9455	32.873	-776441	4	Damascus, Dimashq, Syria	SY	SY13	26324	33.5	36.3	-2541260	20251027151500	https://www.thenationalnews.com/news/mena/2025/10/27/europe-has-lost-moral-high-ground-over-gaza-turkish-official-says/
1270930550	20251027	202510	2025	2025.8137	SYRGOV	SYRIAN	SYR					GOV			CVL	CIVILIAN						CVL			1	111	111	11	3	-2.0	3	1	3	-2.4	4	Golan Heights, Syria (general), Syria	SY	SY00	26337	32.9049	35.8072	-2538190	4	Golan Heights, Syria (general), Syria	SY	SY00	26337	32.9049	35.8072	-2538190	4	Golan Heights, Syria (general), Syria	SY	SY00	26337	32.9049	35.8072	-2538190	20251027151500	https://www.plenglish.com/news/2025/10/27/israeli-army-lays-mines-in-nature-reserve-in-syria/
1270930551	20251027	202510	2025	2025.8137	SYRGOV	DAMASCUS	SYR					GOV			TUR	TURKEY	TUR								0	051	051	05	1	3.4	7	1	7	-2.68729641693811	4	Damascus, Dimashq, Syria	SY	SY13	26324	33.5	36.3	-2541260	4	Ankara, Ankara, Turkey	TU	TU68	27516	39.9272	32.8644	-735338	4	Damascus, Dimashq, Syria	SY	SY13	26324	33.5	36.3	-2541260	20251027151500	https://www.thenationalnews.com/news/mena/2025/10/27/europe-has-lost-moral-high-ground-over-gaza-turkish-official-says/
1270930552	20251027	202510	2025	2025.8137	SYRGOV	DAMASCUS	SYR					GOV			TUR	TURKEY	TUR								0	051	051	05	1	3.4	1	1	1	-2.68729641693811	4	Ankara, Ankara, Turkey	TU	TU68	27516	39.9272	32.8644	-735338	4	Ankara, Ankara, Turkey	TU	TU68	27516	39.9272	32.8644	-735338	4	Damascus, Dimashq, Syria	SY	SY13	26324	33.5	36.3	-2541260	20251027151500	https://www.thenationalnews.com/news/mena/2025/10/27/europe-has-lost-moral-high-ground-over-gaza-turkish-official-says/
1270930553	20251027	202510	2025	2025.8137	THA	THAILAND	THA																		1	013	013	01	1	0.4	1	1	1	2.56410256410256	4	Phnom Penh, (CB11), Cambodia	CB	CB11	12390	11.55	104.917	-1033783	0								4	Phnom Penh, (CB11), Cambodia	CB	CB11	12390	11.55	104.917	-1033783	20251027151500	https://www.akp.gov.kh/post/detail/351842
1270930554	20251027	202510	2025	2025.8137	THA	THAILAND	THA																		1	013	013	01	1	0.4	1	1	1	2.56410256410256	4	Ballarat, Victoria, Australia	AS	AS07	5377	-37.5627	143.863	-1557125	0								4	Ballarat, Victoria, Australia	AS	AS07	5377	-37.5627	143.863	-1557125	20251027151500	https://www.akp.gov.kh/post/detail/351842
1270930555	20251027	202510	2025	2025.8137	THA	THAILAND	THA																		1	013	013	01	1	0.4	2	1	2	2.56410256410256	1	Thailand	TH	TH		15	100	TH	0								1	Thailand	TH	TH		15	100	TH	20251027151500	https://www.akp.gov.kh/post/detail/351842
1270930556	20251027	202510	2025	2025.8137	THA	THAI	THA																		1	043	043	04	1	2.8	1	1	1	6.44490644490644	4	Chao Phraya, Thailand (general), Thailand	TH	TH00	26989	13.5333	100.602	-3247040	0								4	Bangkok, Krung Thep Mahanakhon, Thailand	TH	TH40	26423	13.75	100.517	-3250083	20251027151500	https://www.bonappetit.com/story/culinary-getaways
1270930557	20251027	202510	2025	2025.8137	THA	THAILAND	THA								GOV	PRESIDENT						GOV			0	057	057	05	1	8.0	1	1	1	-0.62893081761006	4	Bangkok, Krung Thep Mahanakhon, Thailand	TH	TH40	26423	13.75	100.517	-3250083	4	Bangkok, Krung Thep Mahanakhon, Thailand	TH	TH40	26423	13.75	100.517	-3250083	4	Bangkok, Krung Thep Mahanakhon, Thailand	TH	TH40	26423	13.75	100.517	-3250083	20251027151500	https://www.santafenewmexican.com/ap/business/u-s-and-china-say-a-trade-deal-is-drawing-closer-as-trump-and-xi/article_1c356323-8d64-528b-b68e-8a691080f894.html
1270930558	20251027	202510	2025	2025.8137	THA	THAILAND	THA								KHM	CAMBODIA	KHM								0	042	042	04	1	1.9	2	1	2	-0.62893081761006	4	Bangkok, Krung Thep Mahanakhon, Thailand	TH	TH40	26423	13.75	100.517	-3250083	4	Bangkok, Krung Thep Mahanakhon, Thailand	TH	TH40	26423	13.75	100.517	-3250083	4	Bangkok, Krung Thep Mahanakhon, Thailand	TH	TH40	26423	13.75	100.517	-3250083	20251027151500	https://www.santafenewmexican.com/ap/business/u-s-and-china-say-a-trade-deal-is-drawing-closer-as-trump-and-xi/article_1c356323-8d64-528b-b68e-8a691080f894.html
1270930559	20251027	202510	2025	2025.8137	THA	THAILAND	THA								KHM	CAMBODIA	KHM								0	043	043	04	1	2.8	2	1	2	-0.62893081761006	4	Bangkok, Krung Thep Mahanakhon, Thailand	TH	TH40	26423	13.75	100.517	-3250083	4	Bangkok, Krung Thep Mahanakhon, Thailand	TH	TH40	26423	13.75	100.517	-3250083	4	Bangkok, Krung Thep Mahanakhon, Thailand	TH	TH40	26423	13.75	100.517	-3250083	20251027151500	https://www.santafenewmexican.com/ap/business/u-s-and-china-say-a-trade-deal-is-drawing-closer-as-trump-and-xi/article_1c356323-8d64-528b-b68e-8a691080f894.html
1270930560	20251027	202510	2025	2025.8137	TTO	TRINIDAD AND TOBAGO	TTO								VEN	VENEZUELA	VEN								1	043	043	04	1	2.8	8	1	8	-4.23076923076923	1	Trinidad And Tobago	TD	TD		11	-61	TD	1	Venezuela	VE	VE		8	-66	VE	1	United States	US	US		39.828175	-98.5795	US	20251027151500	https://www.democracynow.org/2025/10/27/headlines/venezuela_denounces_the_us_for_docking_warship_in_trinidad_and_tobago
1270930561	20251027	202510	2025	2025.8137	TTOMIL	TRINIDAD AND TOBAGO	TTO					MIL			VEN	VENEZUELA	VEN								1	043	043	04	1	2.8	10	1	10	-4.23076923076923	1	Trinidad And Tobago	TD	TD		11	-61	TD	1	Venezuela	VE	VE		8	-66	VE	1	United States	US	US		39.828175	-98.5795	US	20251027151500	https://www.democracynow.org/2025/10/27/headlines/venezuela_denounces_the_us_for_docking_warship_in_trinidad_and_tobago
1270930562	20251027	202510	2025	2025.8137	TUN	TUNISIA	TUN																		0	010	010	01	1	0.0	7	1	4	-4.12926391382406	1	Tunisia	TS	TS		34	9	TS	0								1	Tunisia	TS	TS		34	9	TS	20251027151500	https://www.manchestereveningnews.co.uk/news/greater-manchester-news/alleged-fanatics-laughed-discussed-forming-32755814
1270930563	20251027	202510	2025	2025.8137	TUN	TUNISIA	TUN																		0	012	012	01	1	-0.4	2	1	2	-4.12926391382406	1	Tunisia	TS	TS		34	9	TS	0								1	Tunisia	TS	TS		34	9	TS	20251027151500	https://www.manchestereveningnews.co.uk/news/greater-manchester-news/alleged-fanatics-laughed-discussed-forming-32755814
1270930564	20251027	202510	2025	2025.8137	TUN	TUNISIA	TUN																		0	020	020	02	1	3.0	2	1	2	-4.12926391382406	1	Tunisia	TS	TS		34	9	TS	0								1	Tunisia	TS	TS		34	9	TS	20251027151500	https://www.manchestereveningnews.co.uk/news/greater-manchester-news/alleged-fanatics-laughed-discussed-forming-32755814
1270930565	20251027	202510	2025	2025.8137	TUN	TUNISIA	TUN																		0	080	080	08	2	5.0	2	1	2	-4.12926391382406	1	Tunisia	TS	TS		34	9	TS	0								1	Tunisia	TS	TS		34	9	TS	20251027151500	https://www.manchestereveningnews.co.uk/news/greater-manchester-news/alleged-fanatics-laughed-discussed-forming-32755814
1270930566	20251027	202510	2025	2025.8137	TUN	TUNISIA	TUN																		0	100	100	10	3	-5.0	4	1	4	-8.67346938775513	4	Tunis, (TS26), Tunisia	TS	TS26	39471	36.8028	10.1797	-731701	0								4	Tunis, (TS26), Tunisia	TS	TS26	39471	36.8028	10.1797	-731701	20251027151500	https://www.bssnews.net/international/325656
1270930567	20251027	202510	2025	2025.8137	TUN	TUNISIA	TUN																		0	110	110	11	3	-2.0	4	1	4	-8.67346938775513	4	Tunis, (TS26), Tunisia	TS	TS26	39471	36.8028	10.1797	-731701	0								4	Tunis, (TS26), Tunisia	TS	TS26	39471	36.8028	10.1797	-731701	20251027151500	https://www.bssnews.net/international/325656
1270930568	20251027	202510	2025	2025.8137	TUN	TUNISIA	TUN																		0	172	172	17	4	-5.0	4	1	4	-8.67346938775513	4	Tunis, (TS26), Tunisia	TS	TS26	39471	36.8028	10.1797	-731701	0								4	Tunis, (TS26), Tunisia	TS	TS26	39471	36.8028	10.1797	-731701	20251027151500	https://www.bssnews.net/international/325656
1270930569	20251027	202510	2025	2025.8137	TUN	TUNISIA	TUN																		0	173	173	17	4	-5.0	4	1	4	-8.67346938775513	4	Tunis, (TS26), Tunisia	TS	TS26	39471	36.8028	10.1797	-731701	0								4	Tunis, (TS26), Tunisia	TS	TS26	39471	36.8028	10.1797	-731701	20251027151500	https://www.bssnews.net/international/325656
1270930570	20251027	202510	2025	2025.8137	TUN	TUNIS	TUN								COP	PRISON						COP			1	040	040	04	1	1.0	10	1	10	-8.67346938775513	4	Tunis, (TS26), Tunisia	TS	TS26	39471	36.8028	10.1797	-731701	4	Tunis, (TS26), Tunisia	TS	TS26	39471	36.8028	10.1797	-731701	4	Tunis, (TS26), Tunisia	TS	TS26	39471	36.8028	10.1797	-731701	20251027151500	https://www.bssnews.net/international/325656
1270930571	20251027	202510	2025	2025.8137	TUN	TUNISIAN	TUN								COP	PRISON						COP			1	173	173	17	4	-5.0	10	1	10	-8.67346938775513	4	Tunis, (TS26), Tunisia	TS	TS26	39471	36.8028	10.1797	-731701	4	Tunis, (TS26), Tunisia	TS	TS26	39471	36.8028	10.1797	-731701	4	Tunis, (TS26), Tunisia	TS	TS26	39471	36.8028	10.1797	-731701	20251027151500	https://www.bssnews.net/international/325656
1270930572	20251027	202510	2025	2025.8137	TUN	TUNISIA	TUN								JEW	JEWISH				JEW					0	020	020	02	1	3.0	4	1	4	-4.12926391382406	1	Tunisia	TS	TS		34	9	TS	1	Tunisia	TS	TS		34	9	TS	1	Tunisia	TS	TS		34	9	TS	20251027151500	https://www.manchestereveningnews.co.uk/news/greater-manchester-news/alleged-fanatics-laughed-discussed-forming-32755814
1270930573	20251027	202510	2025	2025.8137	TUN	TUNISIA	TUN								JEWCVL	JEWISH				JEW		CVL			0	010	010	01	1	0.0	4	1	4	-4.12926391382406	1	Tunisia	TS	TS		34	9	TS	1	Tunisia	TS	TS		34	9	TS	1	Tunisia	TS	TS		34	9	TS	20251027151500	https://www.manchestereveningnews.co.uk/news/greater-manchester-news/alleged-fanatics-laughed-discussed-forming-32755814
1270930574	20251027	202510	2025	2025.8137	TUN	TUNISIA	TUN								JEWCVL	JEWISH				JEW		CVL			0	046	046	04	1	7.0	4	1	4	-4.12926391382406	1	Tunisia	TS	TS		34	9	TS	1	Tunisia	TS	TS		34	9	TS	1	Tunisia	TS	TS		34	9	TS	20251027151500	https://www.manchestereveningnews.co.uk/news/greater-manchester-news/alleged-fanatics-laughed-discussed-forming-32755814
1270930575	20251027	202510	2025	2025.8137	TUN	TUNISIA	TUN								JEWCVL	JEWISH				JEW		CVL			0	190	190	19	4	-10.0	4	1	4	-4.12926391382406	1	Tunisia	TS	TS		34	9	TS	1	Tunisia	TS	TS		34	9	TS	1	Tunisia	TS	TS		34	9	TS	20251027151500	https://www.manchestereveningnews.co.uk/news/greater-manchester-news/alleged-fanatics-laughed-discussed-forming-32755814
1270930576	20251027	202510	2025	2025.8137	TUN	TUNISIAN	TUN								JUD	LAWYER						JUD			1	010	010	01	1	0.0	8	1	8	-8.67346938775513	4	Tunis, (TS26), Tunisia	TS	TS26	39471	36.8028	10.1797	-731701	4	Tunis, (TS26), Tunisia	TS	TS26	39471	36.8028	10.1797	-731701	4	Tunis, (TS26), Tunisia	TS	TS26	39471	36.8028	10.1797	-731701	20251027151500	https://www.bssnews.net/international/325656
1270930577	20251027	202510	2025	2025.8137	TUR	TURKEY	TUR																		0	0841	084	08	2	7.0	4	1	4	0.5736137667304	4	Istanbul, Istanbul, Turkey	TU	TU34	27897	41.0186	28.9647	-755070	0								4	Istanbul, Istanbul, Turkey	TU	TU34	27897	41.0186	28.9647	-755070	20251027151500	https://www.yahoo.com/news/articles/pkk-withdrawal-ends-first-peace-144324303.html
1270930578	20251027	202510	2025	2025.8137	TUR	TURKEY	TUR								AFG	AFGHAN	AFG								1	040	040	04	1	1.0	4	1	4	-2.44299674267101	4	Istanbul, Istanbul, Turkey	TU	TU34	27897	41.0186	28.9647	-755070	4	Kabul, Kabol, Afghanistan	AF	AF13	3580	34.5167	69.1833	-3378435	4	Istanbul, Istanbul, Turkey	TU	TU34	27897	41.0186	28.9647	-755070	20251027151500	https://www.yahoo.com/news/articles/pakistan-afghanistan-hold-third-day-144339563.html
1270930579	20251027	202510	2025	2025.8137	TUR	ISTANBUL	TUR								AFGMED	AFGHAN	AFG					MED			1	040	040	04	1	1.0	6	1	6	-2.44299674267101	4	Istanbul, Istanbul, Turkey	TU	TU34	27897	41.0186	28.9647	-755070	4	Kabul, Kabol, Afghanistan	AF	AF13	3580	34.5167	69.1833	-3378435	4	Istanbul, Istanbul, Turkey	TU	TU34	27897	41.0186	28.9647	-755070	20251027151500	https://www.yahoo.com/news/articles/pakistan-afghanistan-hold-third-day-144339563.html
1270930580	20251027	202510	2025	2025.8137	TUR	TURKEY	TUR								ARM	ARMENIA	ARM								0	050	050	05	1	3.5	1	1	1	3.13725490196078	4	Shusha, Susa*, Azerbaijan	AJ	AJ56	535	39.7589	46.7492	-2708730	1	Armenia	AM	AM		40	45	AM	1	Armenia	AM	AM		40	45	AM	20251027151500	https://www.trend.az/azerbaijan/politics/4109500.html
1270930581	20251027	202510	2025	2025.8137	TUR	TURKEY	TUR								ARM	ARMENIA	ARM								0	050	050	05	1	3.5	1	1	1	3.13725490196078	1	Turkey	TU	TU		39.059012	34.911546	TU	4	Shusha, Susa*, Azerbaijan	AJ	AJ56	535	39.7589	46.7492	-2708730	4	Shusha, Susa*, Azerbaijan	AJ	AJ56	535	39.7589	46.7492	-2708730	20251027151500	https://www.trend.az/azerbaijan/politics/4109500.html
1270930582	20251027	202510	2025	2025.8137	TUR	TURKEY	TUR								AZE	AZERBAIJAN	AZE								0	040	040	04	1	1.0	2	1	2	3.13725490196078	3	Washington, District of Columbia, United States	US	USDC	DC001	38.8951	-77.0364	531871	4	Gaza, Israel (general), Israel	IS	IS00	18315	31.4167	34.3333	-797156	3	Washington, District of Columbia, United States	US	USDC	DC001	38.8951	-77.0364	531871	20251027151500	https://www.trend.az/azerbaijan/politics/4109500.html
1270930583	20251027	202510	2025	2025.8137	TUR	TURKEY	TUR								AZE	AZERBAIJAN	AZE								0	040	040	04	1	1.0	2	1	2	3.13725490196078	1	Armenia	AM	AM		40	45	AM	1	Armenia	AM	AM		40	45	AM	1	Armenia	AM	AM		40	45	AM	20251027151500	https://www.trend.az/azerbaijan/politics/4109500.html
1270930584	20251027	202510	2025	2025.8137	TUR	TURKEY	TUR								EUR	EUROPE	EUR								0	020	020	02	1	3.0	2	1	2	-2.68729641693811	1	Russia	RS	RS		60	100	RS	4	Ankara, Ankara, Turkey	TU	TU68	27516	39.9272	32.8644	-735338	4	Ankara, Ankara, Turkey	TU	TU68	27516	39.9272	32.8644	-735338	20251027151500	https://www.thenationalnews.com/news/mena/2025/10/27/europe-has-lost-moral-high-ground-over-gaza-turkish-official-says/
1270930585	20251027	202510	2025	2025.8137	TUR	TURKEY	TUR								ISR	ISRAEL	ISR								0	010	010	01	1	0.0	1	1	1	-2.68729641693811	4	Ankara, Ankara, Turkey	TU	TU68	27516	39.9272	32.8644	-735338	4	Ankara, Ankara, Turkey	TU	TU68	27516	39.9272	32.8644	-735338	4	Ankara, Ankara, Turkey	TU	TU68	27516	39.9272	32.8644	-735338	20251027151500	https://www.thenationalnews.com/news/mena/2025/10/27/europe-has-lost-moral-high-ground-over-gaza-turkish-official-says/
1270930586	20251027	202510	2025	2025.8137	TUR	TURKEY	TUR								ISR	ISRAEL	ISR								0	010	010	01	1	0.0	1	1	1	-2.68729641693811	4	Ankara, Ankara, Turkey	TU	TU68	27516	39.9272	32.8644	-735338	4	Gaza, Israel (general), Israel	IS	IS00	18315	31.4167	34.3333	-797156	4	Gaza, Israel (general), Israel	IS	IS00	18315	31.4167	34.3333	-797156	20251027151500	https://www.thenationalnews.com/news/mena/2025/10/27/europe-has-lost-moral-high-ground-over-gaza-turkish-official-says/
1270930587	20251027	202510	2025	2025.8137	TUR	TURKISH	TUR								RUS	RUSSIA	RUS								1	043	043	04	1	2.8	8	1	8	-0.9478672985782	4	Istanbul, Istanbul, Turkey	TU	TU34	27897	41.0186	28.9647	-755070	4	Moscow, Moskva, Russia	RS	RS48	25106	55.7522	37.6156	-2960561	4	Istanbul, Istanbul, Turkey	TU	TU34	27897	41.0186	28.9647	-755070	20251027151500	https://tass.com/politics/2035667
1270930588	20251027	202510	2025	2025.8137	TUR	TURKEY	TUR								RUS	RUSSIA	RUS								1	043	043	04	1	2.8	2	1	2	-0.9478672985782	4	Istanbul, Istanbul, Turkey	TU	TU34	27897	41.0186	28.9647	-755070	4	Istanbul, Istanbul, Turkey	TU	TU34	27897	41.0186	28.9647	-755070	4	Istanbul, Istanbul, Turkey	TU	TU34	27897	41.0186	28.9647	-755070	20251027151500	https://tass.com/politics/2035667
1270930589	20251027	202510	2025	2025.8137	TUR	TURKEY	TUR								SAUGOV	ABDULLAH	SAU					GOV			0	040	040	04	1	1.0	2	1	2	0.5736137667304	4	Ankara, Ankara, Turkey	TU	TU68	27516	39.9272	32.8644	-735338	4	Ankara, Ankara, Turkey	TU	TU68	27516	39.9272	32.8644	-735338	4	Ankara, Ankara, Turkey	TU	TU68	27516	39.9272	32.8644	-735338	20251027151500	https://www.yahoo.com/news/articles/pkk-withdrawal-ends-first-peace-144324303.html
1270930590	20251027	202510	2025	2025.8137	TUR	TURKEY	TUR								TURCOP	TURKEY	TUR					COP			0	040	040	04	1	1.0	2	1	2	0.5736137667304	4	Ankara, Ankara, Turkey	TU	TU68	27516	39.9272	32.8644	-735338	4	Ankara, Ankara, Turkey	TU	TU68	27516	39.9272	32.8644	-735338	4	Ankara, Ankara, Turkey	TU	TU68	27516	39.9272	32.8644	-735338	20251027151500	https://www.yahoo.com/news/articles/pkk-withdrawal-ends-first-peace-144324303.html
1270930591	20251027	202510	2025	2025.8137	TUR	TURKEY	TUR								TURCOP	TURKEY	TUR					COP			0	173	173	17	4	-5.0	2	1	2	0.5736137667304	4	Ankara, Ankara, Turkey	TU	TU68	27516	39.9272	32.8644	-735338	4	Imrali, Bursa, Turkey	TU	TU16	27669	40.55	28.5333	-754464	4	Imrali, Bursa, Turkey	TU	TU16	27669	40.55	28.5333	-754464	20251027151500	https://www.yahoo.com/news/articles/pkk-withdrawal-ends-first-peace-144324303.html
1270930592	20251027	202510	2025	2025.8137	TUR	TURKEY	TUR								UAF	FIGHTER						UAF			1	051	051	05	1	3.4	2	1	2	0.5736137667304	4	Ankara, Ankara, Turkey	TU	TU68	27516	39.9272	32.8644	-735338	4	Istanbul, Istanbul, Turkey	TU	TU34	27897	41.0186	28.9647	-755070	4	Istanbul, Istanbul, Turkey	TU	TU34	27897	41.0186	28.9647	-755070	20251027151500	https://www.yahoo.com/news/articles/pkk-withdrawal-ends-first-peace-144324303.html
1270930593	20251027	202510	2025	2025.8137	TUR	TURKEY	TUR								UAF	FIGHTER						UAF			1	051	051	05	1	3.4	8	1	8	0.5736137667304	4	Istanbul, Istanbul, Turkey	TU	TU34	27897	41.0186	28.9647	-755070	4	Istanbul, Istanbul, Turkey	TU	TU34	27897	41.0186	28.9647	-755070	4	Istanbul, Istanbul, Turkey	TU	TU34	27897	41.0186	28.9647	-755070	20251027151500	https://www.yahoo.com/news/articles/pkk-withdrawal-ends-first-peace-144324303.html
1270930594	20251027	202510	2025	2025.8137	TUR	TURKISH	TUR								UKR	UKRAINE	UKR								1	043	043	04	1	2.8	6	1	6	-0.9478672985782	4	Istanbul, Istanbul, Turkey	TU	TU34	27897	41.0186	28.9647	-755070	4	Kiev, Ukraine (general), Ukraine	UP	UP00	28554	50.4333	30.5167	-1044367	4	Kiev, Ukraine (general), Ukraine	UP	UP00	28554	50.4333	30.5167	-1044367	20251027151500	https://tass.com/politics/2035667
1270930595	20251027	202510	2025	2025.8137	TUR	TURKEY	TUR								UKR	UKRAINE	UKR								1	043	043	04	1	2.8	2	1	2	-0.9478672985782	4	Istanbul, Istanbul, Turkey	TU	TU34	27897	41.0186	28.9647	-755070	4	Moscow, Moskva, Russia	RS	RS48	25106	55.7522	37.6156	-2960561	4	Kiev, Ukraine (general), Ukraine	UP	UP00	28554	50.4333	30.5167	-1044367	20251027151500	https://tass.com/politics/2035667
1270930596	20251027	202510	2025	2025.8137	TUR	TURKEY	TUR								UKR	UKRAINE	UKR								1	043	043	04	1	2.8	2	1	2	-0.9478672985782	4	Istanbul, Istanbul, Turkey	TU	TU34	27897	41.0186	28.9647	-755070	4	Istanbul, Istanbul, Turkey	TU	TU34	27897	41.0186	28.9647	-755070	4	Istanbul, Istanbul, Turkey	TU	TU34	27897	41.0186	28.9647	-755070	20251027151500	https://tass.com/politics/2035667
1270930597	20251027	202510	2025	2025.8137	TURCOP	TURKEY	TUR					COP			SAUGOV	ABDULLAH	SAU					GOV			0	040	040	04	1	1.0	4	1	4	0.5736137667304	4	Imrali, Bursa, Turkey	TU	TU16	27669	40.55	28.5333	-754464	4	Imrali, Bursa, Turkey	TU	TU16	27669	40.55	28.5333	-754464	4	Imrali, Bursa, Turkey	TU	TU16	27669	40.55	28.5333	-754464	20251027151500	https://www.yahoo.com/news/articles/pkk-withdrawal-ends-first-peace-144324303.html
1270930598	20251027	202510	2025	2025.8137	TURCOP	TURKEY	TUR					COP			TUR	TURKEY	TUR								0	040	040	04	1	1.0	2	1	2	0.5736137667304	4	Ankara, Ankara, Turkey	TU	TU68	27516	39.9272	32.8644	-735338	4	Ankara, Ankara, Turkey	TU	TU68	27516	39.9272	32.8644	-735338	4	Ankara, Ankara, Turkey	TU	TU68	27516	39.9272	32.8644	-735338	20251027151500	https://www.yahoo.com/news/articles/pkk-withdrawal-ends-first-peace-144324303.html
1270930599	20251027	202510	2025	2025.8137	TURCOP	TURKEY	TUR					COP			TUR	ISTANBUL	TUR								0	173	173	17	4	-5.0	2	1	2	0.5736137667304	4	Ankara, Ankara, Turkey	TU	TU68	27516	39.9272	32.8644	-735338	4	Ankara, Ankara, Turkey	TU	TU68	27516	39.9272	32.8644	-735338	4	Ankara, Ankara, Turkey	TU	TU68	27516	39.9272	32.8644	-735338	20251027151500	https://www.yahoo.com/news/articles/pkk-withdrawal-ends-first-peace-144324303.html
1270930600	20251027	202510	2025	2025.8137	TURCOP	TURKEY	TUR					COP			TUR	TURKEY	TUR								0	173	173	17	4	-5.0	4	1	4	0.5736137667304	4	Imrali, Bursa, Turkey	TU	TU16	27669	40.55	28.5333	-754464	4	Istanbul, Istanbul, Turkey	TU	TU34	27897	41.0186	28.9647	-755070	4	Imrali, Bursa, Turkey	TU	TU16	27669	40.55	28.5333	-754464	20251027151500	https://www.yahoo.com/news/articles/pkk-withdrawal-ends-first-peace-144324303.html
1270930601	20251027	202510	2025	2025.8137	TURGOV	RECEP TAYYIP ERDOGAN	TUR					GOV			EURGOV	EUROPEAN	EUR					GOV			1	051	051	05	1	3.4	2	1	2	-2.68729641693811	4	Dubai, Dubayy, United Arab Emirates	AE	AE03	28575	25.2522	55.28	-782831	4	Dubai, Dubayy, United Arab Emirates	AE	AE03	28575	25.2522	55.28	-782831	4	Dubai, Dubayy, United Arab Emirates	AE	AE03	28575	25.2522	55.28	-782831	20251027151500	https://www.thenationalnews.com/news/mena/2025/10/27/europe-has-lost-moral-high-ground-over-gaza-turkish-official-says/
1270930602	20251027	202510	2025	2025.8137	TURGOVGOVPTY	RECEP TAYYIP ERDOGAN	TUR					GOV	GOV		EURGOV	EUROPEAN	EUR					GOV			1	051	051	05	1	3.4	6	1	6	-2.68729641693811	4	Dubai, Dubayy, United Arab Emirates	AE	AE03	28575	25.2522	55.28	-782831	4	Dubai, Dubayy, United Arab Emirates	AE	AE03	28575	25.2522	55.28	-782831	4	Dubai, Dubayy, United Arab Emirates	AE	AE03	28575	25.2522	55.28	-782831	20251027151500	https://www.thenationalnews.com/news/mena/2025/10/27/europe-has-lost-moral-high-ground-over-gaza-turkish-official-says/
1270930603	20251027	202510	2025	2025.8137	TWN	TAIWAN	TWN								KOR	SOUTH KOREA	KOR								1	036	036	03	1	4.0	2	1	2	-2.02020202020202	4	Taipei, T'ai-pei, Taiwan	TW	TW03	13277	25.0478	121.532	-2637882	1	South Korea	KS	KS		37	127.5	KS	1	South Korea	KS	KS		37	127.5	KS	20251027151500	https://thehill.com/policy/defense/5574691-china-taiwan-military-tension/
1270930604	20251027	202510	2025	2025.8137	UAF	MILITANT						UAF			CVL	CIVILIAN						CVL			0	193	193	19	4	-10.0	2	1	2	-5.98290598290598	4	El Fasher, Shamal Darfur, Sudan	SU	SU55	37080	13.6333	25.35	-1684	4	Nuba, Ash Sharqiyah, Egypt	EG	EG14	66022	30.4826	31.5565	-300398	4	El Fasher, Shamal Darfur, Sudan	SU	SU55	37080	13.6333	25.35	-1684	20251027151500	https://www.aol.co.uk/articles/fall-darfur-last-stronghold-raises-144415048.html
1270930605	20251027	202510	2025	2025.8137	UAF	MILITIA						UAF			USA	UNITED STATES	USA								1	110	110	11	3	-2.0	2	1	2	-0.58997050147493	3	City Of New-York, New York, United States	US	USNY	NY047	40.6638	-73.9385	2395220	3	City Of New-York, New York, United States	US	USNY		40.6638	-73.9385	2395220	3	City Of New-York, New York, United States	US	USNY		40.6638	-73.9385	2395220	20251027151500	https://www.geographicus.com/P/AntiqueMap/newyorkcity-walker-1848
1270930606	20251027	202510	2025	2025.8137	UAFCRM	TERRORIST						UAF	CRM		RAD	FANATIC						RAD			1	040	040	04	1	1.0	20	1	10	-4.12926391382406	1	Tunisia	TS	TS		34	9	TS	1	Tunisia	TS	TS		34	9	TS	1	Tunisia	TS	TS		34	9	TS	20251027151500	https://www.manchestereveningnews.co.uk/news/greater-manchester-news/alleged-fanatics-laughed-discussed-forming-32755814
1270930607	20251027	202510	2025	2025.8137	UKR	KYIV	UKR																		1	017	017	01	1	0.0	7	1	7	2.89017341040463	4	Kyiv, Kyyiv, Misto, Ukraine	UP	UP12	28554	50.4333	30.5167	-1044367	0								4	Kyiv, Kyyiv, Misto, Ukraine	UP	UP12	28554	50.4333	30.5167	-1044367	20251027151500	https://www.kyivpost.com/post/63038
1270930608	20251027	202510	2025	2025.8137	UKR	UKRAINE	UKR								GOV	PRESIDENT						GOV			1	046	046	04	1	7.0	8	1	8	-2.53431890179514	1	Ukraine	UP	UP		49	32	UP	4	Burevestnik, Nizhegorodskaya Oblast', Russia	RS	RS51	25080	55.4144	43.9536	9259711	1	Ukraine	UP	UP		49	32	UP	20251027151500	https://www.nbcnews.com/world/russia/russia-burevestnik-missile-trump-putin-test-inappropriate-ukraine-rcna239984
1270930609	20251027	202510	2025	2025.8137	UKR	KIEV	UKR								GOVCOP	FOREIGN MINIST						GOV	COP		1	010	010	01	1	0.0	3	1	3	-0.9478672985782	4	Kiev, Ukraine (general), Ukraine	UP	UP00	28554	50.4333	30.5167	-1044367	4	Moscow, Moskva, Russia	RS	RS48	25106	55.7522	37.6156	-2960561	4	Moscow, Moskva, Russia	RS	RS48	25106	55.7522	37.6156	-2960561	20251027151500	https://tass.com/politics/2035667
1270930610	20251027	202510	2025	2025.8137	UKR	UKRAINE	UKR								GOVCOP	FOREIGN MINIST						GOV	COP		1	010	010	01	1	0.0	1	1	1	-0.9478672985782	4	Moscow, Moskva, Russia	RS	RS48	25106	55.7522	37.6156	-2960561	4	Moscow, Moskva, Russia	RS	RS48	25106	55.7522	37.6156	-2960561	4	Moscow, Moskva, Russia	RS	RS48	25106	55.7522	37.6156	-2960561	20251027151500	https://tass.com/politics/2035667
1270930611	20251027	202510	2025	2025.8137	UKR	KIEV	UKR								RUSGOV	RUSSIA	RUS					GOV			1	010	010	01	1	0.0	1	1	1	-0.9478672985782	4	Kiev, Ukraine (general), Ukraine	UP	UP00	28554	50.4333	30.5167	-1044367	4	Moscow, Moskva, Russia	RS	RS48	25106	55.7522	37.6156	-2960561	4	Moscow, Moskva, Russia	RS	RS48	25106	55.7522	37.6156	-2960561	20251027151500	https://tass.com/politics/2035667
1270930612	20251027	202510	2025	2025.8137	UKR	UKRAINE	UKR								RUSGOV	RUSSIA	RUS					GOV			1	046	046	04	1	7.0	2	1	2	-2.53431890179514	4	Burevestnik, Nizhegorodskaya Oblast', Russia	RS	RS51	25080	55.4144	43.9536	9259711	4	Burevestnik, Nizhegorodskaya Oblast', Russia	RS	RS51	25080	55.4144	43.9536	9259711	4	Burevestnik, Nizhegorodskaya Oblast', Russia	RS	RS51	25080	55.4144	43.9536	9259711	20251027151500	https://www.nbcnews.com/world/russia/russia-burevestnik-missile-trump-putin-test-inappropriate-ukraine-rcna239984
1270930613	20251027	202510	2025	2025.8137	UKR	UKRAINE	UKR								RUSGOVBUS	RUSSIAN	RUS					GOV	BUS		1	020	020	02	1	3.0	6	1	6	-2.02275600505689	2	Alaska, United States	US	USAK		61.385	-152.268	AK	2	Alaska, United States	US	USAK		61.385	-152.268	AK	2	Alaska, United States	US	USAK		61.385	-152.268	AK	20251027151500	https://time.com/7328538/trump-rebukes-putin-nuclear-powered-missile-test/
1270930614	20251027	202510	2025	2025.8137	UKR	UKRAINE	UKR								TUR	TURKISH	TUR								1	042	042	04	1	1.9	6	1	6	-0.9478672985782	4	Kiev, Ukraine (general), Ukraine	UP	UP00	28554	50.4333	30.5167	-1044367	4	Istanbul, Istanbul, Turkey	TU	TU34	27897	41.0186	28.9647	-755070	4	Kiev, Ukraine (general), Ukraine	UP	UP00	28554	50.4333	30.5167	-1044367	20251027151500	https://tass.com/politics/2035667
1270930615	20251027	202510	2025	2025.8137	UKR	UKRAINE	UKR								TUR	TURKEY	TUR								1	042	042	04	1	1.9	2	1	2	-0.9478672985782	4	Moscow, Moskva, Russia	RS	RS48	25106	55.7522	37.6156	-2960561	4	Istanbul, Istanbul, Turkey	TU	TU34	27897	41.0186	28.9647	-755070	4	Kiev, Ukraine (general), Ukraine	UP	UP00	28554	50.4333	30.5167	-1044367	20251027151500	https://tass.com/politics/2035667
1270930616	20251027	202510	2025	2025.8137	UKR	UKRAINE	UKR								TUR	TURKEY	TUR								1	042	042	04	1	1.9	2	1	2	-0.9478672985782	4	Istanbul, Istanbul, Turkey	TU	TU34	27897	41.0186	28.9647	-755070	4	Istanbul, Istanbul, Turkey	TU	TU34	27897	41.0186	28.9647	-755070	4	Istanbul, Istanbul, Turkey	TU	TU34	27897	41.0186	28.9647	-755070	20251027151500	https://tass.com/politics/2035667
1270930617	20251027	202510	2025	2025.8137	UKRMED	UKRAINE	UKR					MED			UKR	KYIV	UKR								1	042	042	04	1	1.9	1	1	1	-5.76923076923077	1	Russia	RS	RS		60	100	RS	4	Dnipropetrovsk, Dnipropetrovs'ka Oblast', Ukraine	UP	UP04	28546	48.463	35.039	-1037865	1	Russia	RS	RS		60	100	RS	20251027151500	https://www.latimes.com/world-nation/story/2025-10-27/ukraine-mourns-two-journalists-after-a-deadly-russian-drone-strike-claimed-their-lives
1270930618	20251027	202510	2025	2025.8137	USA	UNITED STATES	USA																		1	010	010	01	1	0.0	4	1	4	-0.28490028490029	3	University Of Houston, Texas, United States	US	USTX	TX201	29.7208	-95.3433	1349112	0								3	University Of Houston, Texas, United States	US	USTX		29.7208	-95.3433	1349112	20251027151500	https://www.wdbo.com/news/trending/fall-back-daylight-saving-time-ends/4U477LPVJ5DZ5KBXYCAXWGCN2Y/
1270930619	20251027	202510	2025	2025.8137	USA	HOUSTON	USA																		1	010	010	01	1	0.0	2	1	2	-0.28490028490029	3	University Of Houston, Texas, United States	US	USTX	TX201	29.7208	-95.3433	1349112	0								3	Houston, Texas, United States	US	USTX	TX201	29.7633	-95.3633	1380948	20251027151500	https://www.wdbo.com/news/trending/fall-back-daylight-saving-time-ends/4U477LPVJ5DZ5KBXYCAXWGCN2Y/
1270930620	20251027	202510	2025	2025.8137	USA	UNITED STATES	USA																		0	010	010	01	1	0.0	4	1	4	-1.0371650821089	3	Santa Clara County, California, United States	US	USCA	CA085	37.2333	-121.768	277307	0								3	Santa Clara County, California, United States	US	USCA		37.2333	-121.768	277307	20251027151500	https://www.jdsupra.com/legalnews/special-water-supply-edition-california-3712638/
1270930621	20251027	202510	2025	2025.8137	USA	THE US	USA																		0	010	010	01	1	0.0	3	1	3	0.91659028414298	3	Washington, District of Columbia, United States	US	USDC	DC001	38.8951	-77.0364	531871	0								4	Beijing, Beijing, China	CH	CH22	13001	39.9289	116.388	-1898541	20251027151500	https://breakingdefense.com/2025/10/chinas-presence-is-growing-in-the-middle-east-but-its-not-a-security-challenge-to-us-yet/
1270930622	20251027	202510	2025	2025.8137	USA	UNITED STATES	USA																		0	012	012	01	1	-0.4	3	1	3	-3.11387900355871	3	Springfield, Georgia, United States	US	USGA	GA265	33.6279	-82.949	326528	0								3	Springfield, Georgia, United States	US	USGA	GA265	33.6279	-82.949	326528	20251027151500	https://www.effinghamherald.net/local/ghost-hunters-explore-springfields-haunted-hotspots/
1270930623	20251027	202510	2025	2025.8137	USA	UNITED STATES	USA																		0	012	012	01	1	-0.4	2	1	2	1.47754137115839	3	Boston, Massachusetts, United States	US	USMA	MA025	42.3584	-71.0598	617565	0								3	Boston, Massachusetts, United States	US	USMA	MA025	42.3584	-71.0598	617565	20251027151500	https://www.geographicus.com/P/AntiqueMap/whitemountainscenery-oakes-1848
1270930624	20251027	202510	2025	2025.8137	USA	UNITED STATES	USA																		0	012	012	01	1	-0.4	2	1	2	1.47754137115839	3	White Mountains, New Hampshire, United States	US	USNH	NH007	44.2706	-71.3042	872915	0								3	White Mountains, New Hampshire, United States	US	USNH		44.2706	-71.3042	872915	20251027151500	https://www.geographicus.com/P/AntiqueMap/whitemountainscenery-oakes-1848
1270930625	20251027	202510	2025	2025.8137	USA	CALIFORNIA	USA																		1	014	014	01	1	0.0	6	1	6	0.23809523809523	3	Punchbowl, California, United States	US	USCA	CA109	38.2391	-119.959	234520	0								2	Illinois, United States	US	USIL		40.3363	-89.0022	IL	20251027151500	https://www.aol.co.uk/articles/republican-indiana-governor-calls-special-144430456.html
1270930626	20251027	202510	2025	2025.8137	USA	UNITED STATES	USA																		1	014	014	01	1	0.0	4	1	4	-2.1680216802168	3	Miami, Florida, United States	US	USFL	FL086	25.7743	-80.1937	295004	0								3	Miami, Florida, United States	US	USFL	FL086	25.7743	-80.1937	295004	20251027151500	https://www.thenational.scot/news/25573730.michelle-mone-buys-10m-flat-floridas-billionaire-island/
1270930627	20251027	202510	2025	2025.8137	USA	CALIFORNIA	USA																		1	014	014	01	1	0.0	6	1	6	0	3	Punchbowl, North Carolina, United States	US	USNC	NC137	35.1482	-76.706	992903	0								2	Illinois, United States	US	USIL		40.3363	-89.0022	IL	20251027151500	https://www.theguardian.com/us-news/2025/oct/27/indiana-congressional-maps-redisctricting-governor
1270930628	20251027	202510	2025	2025.8137	USA	CALIFORNIA	USA																		1	014	014	01	1	0.0	2	1	2	0.23809523809523	2	Illinois, United States	US	USIL		40.3363	-89.0022	IL	0								3	Punchbowl, California, United States	US	USCA	CA109	38.2391	-119.959	234520	20251027151500	https://www.aol.co.uk/articles/republican-indiana-governor-calls-special-144430456.html
1270930629	20251027	202510	2025	2025.8137	USA	CALIFORNIA	USA																		1	014	014	01	1	0.0	2	1	2	0	2	Illinois, United States	US	USIL		40.3363	-89.0022	IL	0								3	Punchbowl, North Carolina, United States	US	USNC	NC137	35.1482	-76.706	992903	20251027151500	https://www.theguardian.com/us-news/2025/oct/27/indiana-congressional-maps-redisctricting-governor
1270930630	20251027	202510	2025	2025.8137	USA	CALIFORNIA	USA																		1	014	014	01	1	0.0	4	2	4	0.119047619047615	2	Illinois, United States	US	USIL		40.3363	-89.0022	IL	0								2	Illinois, United States	US	USIL		40.3363	-89.0022	IL	20251027151500	https://www.aol.co.uk/articles/republican-indiana-governor-calls-special-144430456.html
1270930631	20251027	202510	2025	2025.8137	USA	UNITED STATES	USA																		1	014	014	01	1	0.0	6	1	6	2.18978102189781	2	New Jersey, United States	US	USNJ		40.314	-74.5089	NJ	0								2	New Jersey, United States	US	USNJ		40.314	-74.5089	NJ	20251027151500	https://1063thebear.iheart.com/content/2025-10-27-early-voting-continues-in-new-jersey-governor-race/
1270930632	20251027	202510	2025	2025.8137	USA	UNITED STATES	USA																		1	020	020	02	1	3.0	2	1	2	-3.11387900355871	3	Springfield, Georgia, United States	US	USGA	GA265	33.6279	-82.949	326528	0								3	Springfield, Georgia, United States	US	USGA	GA265	33.6279	-82.949	326528	20251027151500	https://www.effinghamherald.net/local/ghost-hunters-explore-springfields-haunted-hotspots/
1270930633	20251027	202510	2025	2025.8137	USA	UNITED STATES	USA																		0	020	020	02	1	3.0	4	1	4	-6.070826306914	3	Hunterdon County, New Jersey, United States	US	USNJ	NJ019	40.5668	-74.9329	882228	0								3	Middlesex County, New Jersey, United States	US	USNJ		40.4334	-74.3996	882230	20251027151500	https://wobm.com/ixp/385/p/police-misconduct-franklin-nj/
1270930634	20251027	202510	2025	2025.8137	USA	UNITED STATES	USA																		0	0311	031	03	1	5.2	3	1	3	-3.11387900355871	3	Springfield, Georgia, United States	US	USGA	GA265	33.6279	-82.949	326528	0								3	Springfield, Georgia, United States	US	USGA	GA265	33.6279	-82.949	326528	20251027151500	https://www.effinghamherald.net/local/ghost-hunters-explore-springfields-haunted-hotspots/
1270930635	20251027	202510	2025	2025.8137	USA	UNITED STATES	USA																		0	0311	031	03	1	5.2	1	1	1	-3.11387900355871	3	Effingham County, Georgia, United States	US	USGA	GA103	32.3669	-81.3332	350219	0								3	Springfield, Georgia, United States	US	USGA	GA265	33.6279	-82.949	326528	20251027151500	https://www.effinghamherald.net/local/ghost-hunters-explore-springfields-haunted-hotspots/
1270930636	20251027	202510	2025	2025.8137	USA	UNITED STATES	USA																		0	032	032	03	1	4.5	4	1	4	-1.72413793103448	3	White House, District of Columbia, United States	US	USDC		38.8951	-77.0364	531871	0								3	White House, District of Columbia, United States	US	USDC		38.8951	-77.0364	531871	20251027151500	https://kotaku.com/donald-trump-halo-gamestop-console-wars-meme-ai-images-2000639237
1270930637	20251027	202510	2025	2025.8137	USA	UNITED STATES	USA																		1	0331	033	03	1	5.2	2	1	2	-2.87671232876713	2	Washington, United States	US	USWA		47.3917	-121.571	WA	0								2	Washington, United States	US	USWA		47.3917	-121.571	WA	20251027151500	https://newrepublic.com/article/201126/consumer-debt-invisible-economic-crisis
1270930638	20251027	202510	2025	2025.8137	USA	ILLINOIS	USA																		1	036	036	03	1	4.0	10	1	10	1.7167381974249	3	Shelbyville, Illinois, United States	US	USIL	IL173	39.4064	-88.7901	418336	0								3	Shelbyville, Illinois, United States	US	USIL	IL173	39.4064	-88.7901	418336	20251027151500	https://taylorvilledailynews.com/local-news/812483
1270930639	20251027	202510	2025	2025.8137	USA	MARYLAND	USA																		1	036	036	03	1	4.0	10	1	10	2.55102040816327	3	Baltimore, Maryland, United States	US	USMD	MD510	39.2904	-76.6122	597040	0								3	Baltimore, Maryland, United States	US	USMD	MD510	39.2904	-76.6122	597040	20251027151500	https://www.yahoo.com/news/articles/monteiro-depart-program-dorsey-takes-144516307.html
1270930640	20251027	202510	2025	2025.8137	USA	ILLINOIS	USA																		0	036	036	03	1	4.0	20	2	20	0.119047619047615	2	Illinois, United States	US	USIL		40.3363	-89.0022	IL	0								2	Illinois, United States	US	USIL		40.3363	-89.0022	IL	20251027151500	https://www.aol.co.uk/articles/republican-indiana-governor-calls-special-144430456.html
1270930641	20251027	202510	2025	2025.8137	USA	MINNESOTA	USA																		0	036	036	03	1	4.0	2	1	2	-7.31070496083551	2	Minnesota, United States	US	USMN		45.7326	-93.9196	MN	0								2	Minnesota, United States	US	USMN		45.7326	-93.9196	MN	20251027151500	https://wcbm.com/national-headline/this-guy-thought-it-would-be-a-good-idea-to-post-a-45000-bounty-on-pam-bondi/
1270930642	20251027	202510	2025	2025.8137	USA	ILLINOIS	USA																		0	040	040	04	1	1.0	16	2	16	0.119047619047615	2	Illinois, United States	US	USIL		40.3363	-89.0022	IL	0								2	Illinois, United States	US	USIL		40.3363	-89.0022	IL	20251027151500	https://www.aol.co.uk/articles/republican-indiana-governor-calls-special-144430456.html
1270930643	20251027	202510	2025	2025.8137	USA	UNITED STATES	USA																		1	042	042	04	1	1.9	2	1	2	-2.1321961620469	3	Jefferson County, Texas, United States	US	USTX	TX245	29.8836	-94.1502	1383908	0								3	Jefferson County, Texas, United States	US	USTX		29.8836	-94.1502	1383908	20251027151500	https://www.geographicus.com/P/AntiqueMap/jeffersoncountytexas-higgins-1898
1270930644	20251027	202510	2025	2025.8137	USA	UNITED STATES	USA																		1	042	042	04	1	1.9	2	1	2	-8.15450643776824	3	Pittstown, New Jersey, United States	US	USNJ	NJ019	40.582	-74.9591	879337	0								3	Pittstown, New Jersey, United States	US	USNJ	NJ019	40.582	-74.9591	879337	20251027151500	https://masslawyersweekly.com/2025/10/27/prosecutors-officer-stopped-at-atm-pizzeria-instead-of-investigating-double-murder/
1270930645	20251027	202510	2025	2025.8137	USA	LOS ANGELES	USA																		0	042	042	04	1	1.9	5	1	5	-2.36318407960199	2	California, United States	US	USCA		36.17	-119.746	CA	0								2	New York, United States	US	USNY		42.1497	-74.9384	NY	20251027151500	https://www.thedailybeast.com/jon-stewart-speaks-out-on-future-as-daily-show-host/
1270930646	20251027	202510	2025	2025.8137	USA	UNITED STATES	USA																		1	043	043	04	1	2.8	4	1	4	7.38636363636363	3	Charlotte, North Carolina, United States	US	USNC	NC119	35.2271	-80.8431	1019610	0								3	Charlotte, North Carolina, United States	US	USNC	NC119	35.2271	-80.8431	1019610	20251027151500	https://www.el-balad.com/6746424
1270930647	20251027	202510	2025	2025.8137	USA	UNITED STATES	USA																		0	043	043	04	1	2.8	2	1	2	-3.11387900355871	3	Springfield, Georgia, United States	US	USGA	GA265	33.6279	-82.949	326528	0								3	Springfield, Georgia, United States	US	USGA	GA265	33.6279	-82.949	326528	20251027151500	https://www.effinghamherald.net/local/ghost-hunters-explore-springfields-haunted-hotspots/
1270930648	20251027	202510	2025	2025.8137	USA	UNITED STATES	USA																		1	043	043	04	1	2.8	8	1	8	2.04865556978233	3	Ash River, Minnesota, United States	US	USMN	MN137	48.4171	-92.789	660688	0								1	Japan	JA	JA		36	138	JA	20251027151500	https://www.miragenews.com/scientists-tackle-neutrino-mystery-new-theories-1558394/
1270930649	20251027	202510	2025	2025.8137	USA	UNITED STATES	USA																		1	043	043	04	1	2.8	6	1	6	1.22249388753056	3	Atlantic City, New Jersey, United States	US	USNJ	NJ001	39.3643	-74.4229	874413	0								3	Atlantic City, New Jersey, United States	US	USNJ		39.3643	-74.4229	874413	20251027151500	https://wobm.com/cheap-trick-atlantic-city/
1270930650	20251027	202510	2025	2025.8137	USA	UNITED STATES	USA																		1	043	043	04	1	2.8	2	1	2	1.22249388753056	3	Atlantic City, New Jersey, United States	US	USNJ	NJ001	39.3643	-74.4229	874413	0								2	Texas, United States	US	USTX		31.106	-97.6475	TX	20251027151500	https://wobm.com/cheap-trick-atlantic-city/
1270930651	20251027	202510	2025	2025.8137	USA	MINNESOTA	USA																		1	043	043	04	1	2.8	2	1	2	2.04865556978233	2	Minnesota, United States	US	USMN		45.7326	-93.9196	MN	0								1	Japan	JA	JA		36	138	JA	20251027151500	https://www.miragenews.com/scientists-tackle-neutrino-mystery-new-theories-1558394/
1270930652	20251027	202510	2025	2025.8137	USA	MONTANA	USA																		1	043	043	04	1	2.8	7	1	7	-2.54957507082153	2	Montana, United States	US	USMT		46.9048	-110.326	MT	0								3	Fort Benton, Montana, United States	US	USMT		47.8183	-110.667	1750122	20251027151500	https://www.postbulletin.com/news/the-vault/is-a-boat-load-of-gold-buried-somewhere-along-the-missouri-river
1270930653	20251027	202510	2025	2025.8137	USA	UNITED STATES	USA																		1	043	043	04	1	2.8	1	1	1	-2.54957507082153	2	Montana, United States	US	USMT		46.9048	-110.326	MT	0								2	North Dakota, United States	US	USND		47.5362	-99.793	ND	20251027151500	https://www.postbulletin.com/news/the-vault/is-a-boat-load-of-gold-buried-somewhere-along-the-missouri-river
1270930654	20251027	202510	2025	2025.8137	USA	BOSTON	USA																		0	043	043	04	1	2.8	2	1	2	1.47754137115839	2	Washington, United States	US	USWA		47.3917	-121.571	WA	0								3	Boston, Massachusetts, United States	US	USMA	MA025	42.3584	-71.0598	617565	20251027151500	https://www.geographicus.com/P/AntiqueMap/whitemountainscenery-oakes-1848
1270930655	20251027	202510	2025	2025.8137	USA	UNITED STATES	USA																		1	051	051	05	1	3.4	6	1	6	3.07692307692308	3	Lubbock, Texas, United States	US	USTX	TX303	33.5779	-101.855	1374760	0								3	Lubbock, Texas, United States	US	USTX	TX303	33.5779	-101.855	1374760	20251027151500	https://lonestar995fm.com/ixp/157/p/southern-hospitality-lubbock/
1270930656	20251027	202510	2025	2025.8137	USA	UNITED STATES	USA																		0	060	060	06	2	6.0	5	1	5	5.63380281690141	3	Taylorville, Illinois, United States	US	USIL	IL021	39.5489	-89.2945	419575	0								3	Taylorville, Illinois, United States	US	USIL	IL021	39.5489	-89.2945	419575	20251027151500	https://obits.taylorvilledailynews.com/taylorville-obits/812657/douglas-doug-scott-crawford
1270930657	20251027	202510	2025	2025.8137	USA	UNITED STATES	USA																		0	060	060	06	2	6.0	1	1	1	5.63380281690141	2	Illinois, United States	US	USIL		40.3363	-89.0022	IL	0								2	Illinois, United States	US	USIL		40.3363	-89.0022	IL	20251027151500	https://obits.taylorvilledailynews.com/taylorville-obits/812657/douglas-doug-scott-crawford
1270930658	20251027	202510	2025	2025.8137	USA	UNITED STATES	USA																		1	0831	083	08	2	5.0	4	1	4	0.26676829268293	3	Weirton, West Virginia, United States	US	USWV	WV029	40.419	-80.5895	1555932	0								3	Weirton, West Virginia, United States	US	USWV	WV029	40.419	-80.5895	1555932	20251027151500	https://www.wesa.fm/wesa-voter-guide/2025-10-06/pittsburgh-city-council-district-2
1270930659	20251027	202510	2025	2025.8137	USA	ARKANSAS	USA																		1	084	084	08	2	7.0	5	1	5	0.23310023310023	3	North Little Rock, Arkansas, United States	US	USAR	AR119	34.7695	-92.2671	77862	0								3	North Little Rock, Arkansas, United States	US	USAR		34.7695	-92.2671	77862	20251027151500	https://www.jdsupra.com/legalnews/stormwater-best-management-practices-1731119/
1270930660	20251027	202510	2025	2025.8137	USA	UNITED STATES	USA																		1	084	084	08	2	7.0	4	1	4	1.05263157894736	1	China	CH	CH		35	105	CH	0								1	China	CH	CH		35	105	CH	20251027151500	https://www.thedailybeast.com/donald-trump-79-lets-slip-he-underwent-an-mri-scan-during-walter-reed-visit/
1270930661	20251027	202510	2025	2025.8137	USA	UNITED STATES	USA																		1	084	084	08	2	7.0	2	1	2	-5.15463917525773	2	Louisiana, United States	US	USLA		31.1801	-91.8749	LA	0								2	Louisiana, United States	US	USLA		31.1801	-91.8749	LA	20251027151500	https://talk1073.com/2025/10/27/mornings-with-brian-haldane-dr-nakhle-saba-10-27-25/
1270930662	20251027	202510	2025	2025.8137	USA	CLEVELAND	USA																		0	0874	087	08	2	10.0	10	1	10	-5.52268244575937	2	Missouri, United States	US	USMO		38.4623	-92.302	MO	0								2	Missouri, United States	US	USMO		38.4623	-92.302	MO	20251027151500	https://www.crimeonline.com/2025/10/27/road-rager-shoots-57-year-old-missouri-man-delivering-groceries/
1270930663	20251027	202510	2025	2025.8137	USA	UNITED STATES	USA																		0	090	090	09	2	-2.0	5	1	5	-3.11387900355871	3	Springfield, Georgia, United States	US	USGA	GA265	33.6279	-82.949	326528	0								3	Springfield, Georgia, United States	US	USGA	GA265	33.6279	-82.949	326528	20251027151500	https://www.effinghamherald.net/local/ghost-hunters-explore-springfields-haunted-hotspots/
1270930664	20251027	202510	2025	2025.8137	USA	UNITED STATES	USA																		0	090	090	09	2	-2.0	1	1	1	-3.11387900355871	3	Springfield, Georgia, United States	US	USGA	GA265	33.6279	-82.949	326528	0								3	Effingham County, Georgia, United States	US	USGA		32.3669	-81.3332	350219	20251027151500	https://www.effinghamherald.net/local/ghost-hunters-explore-springfields-haunted-hotspots/
1270930665	20251027	202510	2025	2025.8137	USA	UNITED STATES	USA																		0	1014	101	10	3	-5.0	8	1	4	-3.11387900355871	3	Springfield, Georgia, United States	US	USGA	GA265	33.6279	-82.949	326528	0								3	Springfield, Georgia, United States	US	USGA	GA265	33.6279	-82.949	326528	20251027151500	https://www.effinghamherald.net/local/ghost-hunters-explore-springfields-haunted-hotspots/
1270930666	20251027	202510	2025	2025.8137	USA	MARYLAND	USA																		1	111	111	11	3	-2.0	10	1	10	1.81818181818181	2	Maryland, United States	US	USMD		39.0724	-76.7902	MD	0								2	Maryland, United States	US	USMD		39.0724	-76.7902	MD	20251027151500	https://www.baltimoresun.com/2025/10/27/maryland-stops-housing-foster-children-in-hotels/
1270930667	20251027	202510	2025	2025.8137	USA	UNITED STATES	USA																		1	112	112	11	3	-2.0	4	1	4	0.26676829268293	3	Weirton, West Virginia, United States	US	USWV	WV029	40.419	-80.5895	1555932	0								3	Weirton, West Virginia, United States	US	USWV	WV029	40.419	-80.5895	1555932	20251027151500	https://www.wesa.fm/wesa-voter-guide/2025-10-06/pittsburgh-city-council-district-2
1270930668	20251027	202510	2025	2025.8137	USA	UNITED STATES	USA																		0	112	112	11	3	-2.0	2	1	2	-6.070826306914	3	Middlesex County, New Jersey, United States	US	USNJ	NJ023	40.4334	-74.3996	882230	0								3	Middlesex County, New Jersey, United States	US	USNJ		40.4334	-74.3996	882230	20251027151500	https://wobm.com/ixp/385/p/police-misconduct-franklin-nj/
1270930669	20251027	202510	2025	2025.8137	USA	UNITED STATES	USA																		0	141	141	14	3	-6.5	2	1	2	0.38240917782026	2	Vermont, United States	US	USVT		44.0407	-72.7093	VT	0								2	New York, United States	US	USNY		42.1497	-74.9384	NY	20251027151500	https://www.yahoo.com/news/articles/early-voting-nyc-mayoral-election-142800397.html
1270930670	20251027	202510	2025	2025.8137	USA	UNITED STATES	USA																		0	141	141	14	3	-6.5	2	1	2	0.38240917782026	2	Vermont, United States	US	USVT		44.0407	-72.7093	VT	0								2	Vermont, United States	US	USVT		44.0407	-72.7093	VT	20251027151500	https://www.yahoo.com/news/articles/early-voting-nyc-mayoral-election-142800397.html
1270930671	20251027	202510	2025	2025.8137	USA	AMERICAN	USA																		0	160	160	16	4	-4.0	1	1	1	-3.04645849200305	2	North Carolina, United States	US	USNC		35.6411	-79.8431	NC	0								2	Ohio, United States	US	USOH		40.3736	-82.7755	OH	20251027151500	https://www.financial-planning.com/news/why-financial-advisors-sometimes-dont-offer-tax-planning
1270930672	20251027	202510	2025	2025.8137	USA	AMERICAN	USA																		0	160	160	16	4	-4.0	1	1	1	-3.04645849200305	2	Ohio, United States	US	USOH		40.3736	-82.7755	OH	0								3	Dayton, Ohio, United States	US	USOH	OH113	39.7589	-84.1916	1064514	20251027151500	https://www.financial-planning.com/news/why-financial-advisors-sometimes-dont-offer-tax-planning
1270930673	20251027	202510	2025	2025.8137	USA	UNITED STATES	USA																		0	172	172	17	4	-5.0	4	1	4	-2.50569476082005	2	Colorado, United States	US	USCO		39.0646	-105.327	CO	0								2	Colorado, United States	US	USCO		39.0646	-105.327	CO	20251027151500	https://krdo.com/news/top-stories/2025/10/27/avoiding-pedestrian-collisions-with-bicycles-scooters-on-sidewalks-in-colorado-springs/
1270930674	20251027	202510	2025	2025.8137	USA	PENNSYLVANIA	USA																		1	172	172	17	4	-5.0	10	1	10	-2.57936507936508	2	Pennsylvania, United States	US	USPA		40.5773	-77.264	PA	0								2	Pennsylvania, United States	US	USPA		40.5773	-77.264	PA	20251027151500	https://fox56.com/news/local/k9s-sniff-out-hidden-evidence-in-pa-child-exploitation-and-sex-trafficking-cases
1270930675	20251027	202510	2025	2025.8137	USA	UNITED STATES	USA																		1	173	173	17	4	-5.0	2	1	2	-10.8597285067873	3	Berks County, Pennsylvania, United States	US	USPA	PA011	40.6254	-75.8749	1209172	0								3	Berks County, Pennsylvania, United States	US	USPA		40.6254	-75.8749	1209172	20251027151500	https://fox56.com/news/local/22-suspects-busted-for-drug-gun-trafficking-in-berks-county-police-sting-operation-pennsylvania-state-police-criminal-crime-investigation-puerto-rico-cocaine-shipping-united-states-postal-service-pa-pennsylvania
1270930676	20251027	202510	2025	2025.8137	USA	DAKOTA	USA																		0	190	190	19	4	-10.0	3	1	3	-2.54957507082153	3	Heart River, North Dakota, United States	US	USND	ND059	46.7675	-100.842	1034918	0								3	Heart River, North Dakota, United States	US	USND		46.7675	-100.842	1034918	20251027151500	https://www.postbulletin.com/news/the-vault/is-a-boat-load-of-gold-buried-somewhere-along-the-missouri-river
1270930677	20251027	202510	2025	2025.8137	USA	ALASKA	USA																		1	190	190	19	4	-10.0	10	1	10	-3.64238410596026	2	Alaska, United States	US	USAK		61.385	-152.268	AK	0								2	Alaska, United States	US	USAK		61.385	-152.268	AK	20251027151500	https://1003thepeak.iheart.com/featured/jackie-tony-ryan/content/2025-10-27-study-states-most-likely-to-survive-a-zombie-apocalypse/
1270930678	20251027	202510	2025	2025.8137	USA	DAKOTA	USA																		0	190	190	19	4	-10.0	1	1	1	-2.54957507082153	2	Missouri, United States	US	USMO		38.4623	-92.302	MO	0								2	Minnesota, United States	US	USMN		45.7326	-93.9196	MN	20251027151500	https://www.postbulletin.com/news/the-vault/is-a-boat-load-of-gold-buried-somewhere-along-the-missouri-river
1270930679	20251027	202510	2025	2025.8137	USA	UNITED STATES	USA																		0	190	190	19	4	-10.0	4	1	4	-2.29118329466358	2	Nebraska, United States	US	USNE		41.1289	-98.2883	NE	0								2	Nebraska, United States	US	USNE		41.1289	-98.2883	NE	20251027151500	https://newrepublic.com/article/202269/transcript-trump-nixing-dem-storm-aid-backfires-screwing-maga-voters
1270930680	20251027	202510	2025	2025.8137	USA	UNITED STATES	USA																		1	192	192	19	4	-9.5	4	1	4	-2.1680216802168	2	Florida, United States	US	USFL		27.8333	-81.717	FL	0								2	Florida, United States	US	USFL		27.8333	-81.717	FL	20251027151500	https://www.thenational.scot/news/25573730.michelle-mone-buys-10m-flat-floridas-billionaire-island/
1270930681	20251027	202510	2025	2025.8137	USA	MINNESOTA	USA																		0	202	202	20	4	-10.0	1	1	1	-2.54957507082153	2	Minnesota, United States	US	USMN		45.7326	-93.9196	MN	0								2	Minnesota, United States	US	USMN		45.7326	-93.9196	MN	20251027151500	https://www.postbulletin.com/news/the-vault/is-a-boat-load-of-gold-buried-somewhere-along-the-missouri-river
1270930682	20251027	202510	2025	2025.8137	USA	MINNESOTA	USA																		0	202	202	20	4	-10.0	1	1	1	-2.54957507082153	2	Minnesota, United States	US	USMN		45.7326	-93.9196	MN	0								2	Missouri, United States	US	USMO		38.4623	-92.302	MO	20251027151500	https://www.postbulletin.com/news/the-vault/is-a-boat-load-of-gold-buried-somewhere-along-the-missouri-river
1270930683	20251027	202510	2025	2025.8137	USA	THE US	USA								AFR	AFRICA	AFR								0	061	061	06	2	6.4	10	1	10	-4.35706695005313	4	New Delhi, Delhi, India	IN	IN07	17911	28.6	77.2	-2106102	3	Washington, District of Columbia, United States	US	USDC	DC001	38.8951	-77.0364	531871	3	Washington, District of Columbia, United States	US	USDC	DC001	38.8951	-77.0364	531871	20251027151500	https://indianexpress.com/article/business/us-sanctions-russian-oil-indian-oil-sanctions-10330411/
1270930684	20251027	202510	2025	2025.8137	USA	UNITED STATES	USA								ARE	ABU DHABI	ARE								0	040	040	04	1	1.0	4	1	4	1.64609053497943	1	United States	US	US		39.828175	-98.5795	US	1	United States	US	US		39.828175	-98.5795	US	1	United States	US	US		39.828175	-98.5795	US	20251027151500	https://www.el-balad.com/6746417
1270930685	20251027	202510	2025	2025.8137	USA	UNITED STATES	USA								BUS	COMPANY						BUS			1	013	013	01	1	0.4	6	1	4	0.54054054054054	3	Dallas, Texas, United States	US	USTX	TX113	32.7831	-96.8067	1380944	3	Dallas, Texas, United States	US	USTX	TX113	32.7831	-96.8067	1380944	3	Dallas, Texas, United States	US	USTX	TX113	32.7831	-96.8067	1380944	20251027151500	https://fortune.com/2025/10/27/kendra-scott-jewelry-design-career-life-entrepreneur/
1270930686	20251027	202510	2025	2025.8137	USA	UNITED STATES	USA								BUS	INVESTOR						BUS			1	020	020	02	1	3.0	2	1	2	-1.53721682847896	3	Cobbs Creek, Pennsylvania, United States	US	USPA	PA101	39.9476	-75.2402	1202868	3	Cobbs Creek, Pennsylvania, United States	US	USPA		39.9476	-75.2402	1202868	3	Cobbs Creek, Pennsylvania, United States	US	USPA		39.9476	-75.2402	1202868	20251027151500	https://www.phillytrib.com/news/local_news/corporate-investors-bought-a-quarter-of-philly-s-single-family-homes-sold-over-6-years/article_f480c174-db61-41a0-a1b2-9d83269b875a.html
1270930687	20251027	202510	2025	2025.8137	USA	UNITED STATES	USA								BUS	BANK						BUS			1	042	042	04	1	1.9	2	1	2	2.9673590504451	4	Zurich, ZüSZ, Switzerland	SZ	SZ25	26310	47.3667	8.55	-2554935	4	Zurich, ZüSZ, Switzerland	SZ	SZ25	26310	47.3667	8.55	-2554935	4	Zurich, ZüSZ, Switzerland	SZ	SZ25	26310	47.3667	8.55	-2554935	20251027151500	https://www.marketscreener.com/news/ubs-files-application-for-us-banking-licence-eyeing-growth-ce7d5ddfdb88f220
1270930688	20251027	202510	2025	2025.8137	USA	PENNSYLVANIA	USA								BUS	INDUSTRY						BUS			1	043	043	04	1	2.8	1	1	1	-2.1321961620469	3	Jefferson County, Texas, United States	US	USTX	TX245	29.8836	-94.1502	1383908	2	Pennsylvania, United States	US	USPA		40.5773	-77.264	PA	3	Jefferson County, Texas, United States	US	USTX		29.8836	-94.1502	1383908	20251027151500	https://www.geographicus.com/P/AntiqueMap/jeffersoncountytexas-higgins-1898
1270930689	20251027	202510	2025	2025.8137	USA	PENNSYLVANIA	USA								BUS	INDUSTRY						BUS			1	043	043	04	1	2.8	7	1	7	-2.1321961620469	2	Pennsylvania, United States	US	USPA		40.5773	-77.264	PA	2	Pennsylvania, United States	US	USPA		40.5773	-77.264	PA	2	Pennsylvania, United States	US	USPA		40.5773	-77.264	PA	20251027151500	https://www.geographicus.com/P/AntiqueMap/jeffersoncountytexas-higgins-1898
1270930690	20251027	202510	2025	2025.8137	USA	UNITED STATES	USA								BUS	BUSINESS						BUS			0	046	046	04	1	7.0	1	1	1	-3.11387900355871	3	Effingham County, Georgia, United States	US	USGA	GA103	32.3669	-81.3332	350219	3	Springfield Elementary School, Georgia, United States	US	USGA		32.3826	-81.3198	350268	3	Effingham County, Georgia, United States	US	USGA		32.3669	-81.3332	350219	20251027151500	https://www.effinghamherald.net/local/ghost-hunters-explore-springfields-haunted-hotspots/
1270930691	20251027	202510	2025	2025.8137	USA	UNITED STATES	USA								BUS	INVESTOR						BUS			1	071	071	07	2	7.4	1	1	1	1.73611111111111	3	White House, District of Columbia, United States	US	USDC		38.8951	-77.0364	531871	1	China	CH	CH		35	105	CH	3	White House, District of Columbia, United States	US	USDC		38.8951	-77.0364	531871	20251027151500	https://fortune.com/article/what-motivation-reveals-about-ceo-readiness/
1270930692	20251027	202510	2025	2025.8137	USA	UNITED STATES	USA								BUS	INVESTOR						BUS			1	071	071	07	2	7.4	4	1	4	1.73611111111111	1	China	CH	CH		35	105	CH	1	China	CH	CH		35	105	CH	1	China	CH	CH		35	105	CH	20251027151500	https://fortune.com/article/what-motivation-reveals-about-ceo-readiness/
1270930693	20251027	202510	2025	2025.8137	USA	LOS ANGELES	USA								CAN	CANADA	CAN								1	040	040	04	1	1.0	2	1	2	0	3	Los Angeles, California, United States	US	USCA	CA037	34.0522	-118.244	1662328	4	Toronto, Ontario, Canada	CA	CA08	12686	43.6667	-79.4167	-574890	4	Toronto, Ontario, Canada	CA	CA08	12686	43.6667	-79.4167	-574890	20251027151500	https://www.yahoo.com/news/slideshows/mlb-world-series-dodgers-blue-124237263.html
1270930694	20251027	202510	2025	2025.8137	USA	AMERICAN	USA								CHE	BASEL	CHE								0	036	036	03	1	4.0	10	1	10	-1.64556962025317	2	New York, United States	US	USNY		42.1497	-74.9384	NY	2	New York, United States	US	USNY		42.1497	-74.9384	NY	2	New York, United States	US	USNY		42.1497	-74.9384	NY	20251027151500	https://www.jdsupra.com/legalnews/will-crypto-capital-find-a-home-in-the-1499723/
1270930695	20251027	202510	2025	2025.8137	USA	UNITED STATES	USA								CHN	CHINA	CHN								1	030	030	03	1	4.0	1	1	1	2.1505376344086	1	South Korea	KS	KS		37	127.5	KS	4	Beijing, Beijing, China	CH	CH22	13001	39.9289	116.388	-1898541	4	Beijing, Beijing, China	CH	CH22	13001	39.9289	116.388	-1898541	20251027151500	https://www.channelnewsasia.com/watch/potential-us-china-breakthrough-trump-xi-set-meet-apec-in-south-korea-5427811
1270930696	20251027	202510	2025	2025.8137	USA	UNITED STATES	USA								CHN	CHINA	CHN								1	030	030	03	1	4.0	1	1	1	2.1505376344086	1	South Korea	KS	KS		37	127.5	KS	3	Washington, District of Columbia, United States	US	USDC	DC001	38.8951	-77.0364	531871	4	Beijing, Beijing, China	CH	CH22	13001	39.9289	116.388	-1898541	20251027151500	https://www.channelnewsasia.com/watch/potential-us-china-breakthrough-trump-xi-set-meet-apec-in-south-korea-5427811
1270930697	20251027	202510	2025	2025.8137	USA	THE US	USA								CHN	CHINA	CHN								0	036	036	03	1	4.0	6	1	6	0.92514718250631	1	China	CH	CH		35	105	CH	1	China	CH	CH		35	105	CH	1	South Korea	KS	KS		37	127.5	KS	20251027151500	https://www.straitstimes.com/asia/se-asia/asean-leaders-push-for-stronger-trade-ties-with-rcep-members-and-other-partners
1270930698	20251027	202510	2025	2025.8137	USA	THE US	USA								CHN	CHINA	CHN								0	036	036	03	1	4.0	2	1	2	0.92514718250631	1	New Zealand	NZ	NZ		-42	174	NZ	1	New Zealand	NZ	NZ		-42	174	NZ	1	New Zealand	NZ	NZ		-42	174	NZ	20251027151500	https://www.straitstimes.com/asia/se-asia/asean-leaders-push-for-stronger-trade-ties-with-rcep-members-and-other-partners
1270930699	20251027	202510	2025	2025.8137	USA	ORLANDO	USA								COD	DR CONGO	COD								1	043	043	04	1	2.8	10	1	10	3.92156862745098	4	Lubumbashi, Katanga, Democratic Republic Of The Congo	CG	CG05	14985	-11.6667	27.4667	-2051961	4	Lubumbashi, Katanga, Democratic Republic Of The Congo	CG	CG05	14985	-11.6667	27.4667	-2051961	4	Lubumbashi, Katanga, Democratic Republic Of The Congo	CG	CG05	14985	-11.6667	27.4667	-2051961	20251027151500	https://www.kickoff.com/world-news/africa-news/fc-saint-eoi-lupopo-nets-r12m-after-dumping-orlando-pirates-out-of-caf-champions-league
1270930700	20251027	202510	2025	2025.8137	USA	UNITED STATES	USA								COP	POLICE						COP			0	042	042	04	1	1.9	4	1	4	-6.070826306914	3	Hunterdon County, New Jersey, United States	US	USNJ	NJ019	40.5668	-74.9329	882228	3	Hunterdon County, New Jersey, United States	US	USNJ		40.5668	-74.9329	882228	3	Hunterdon County, New Jersey, United States	US	USNJ		40.5668	-74.9329	882228	20251027151500	https://wobm.com/ixp/385/p/police-misconduct-franklin-nj/
1270930701	20251027	202510	2025	2025.8137	USA	UNITED STATES	USA								COP	DEPUTIES						COP			1	181	181	18	4	-9.0	2	1	2	-3.82513661202186	3	Fredericksburg, Texas, United States	US	USTX	TX171	30.2752	-98.872	1336174	3	Fredericksburg, Texas, United States	US	USTX	TX171	30.2752	-98.872	1336174	2	Texas, United States	US	USTX		31.106	-97.6475	TX	20251027151500	https://www.eptrail.com/2025/10/27/colorado-children-missing-texas/
1270930702	20251027	202510	2025	2025.8137	USA	UNITED STATES	USA								COP	DEPUTIES						COP			1	181	181	18	4	-9.0	2	1	2	-3.82513661202186	3	Adams County, Colorado, United States	US	USCO	CO001	39.8666	-104.384	198116	3	Adams County, Colorado, United States	US	USCO		39.8666	-104.384	198116	3	Denver, Colorado, United States	US	USCO	CO031	39.7392	-104.985	201738	20251027151500	https://www.eptrail.com/2025/10/27/colorado-children-missing-texas/
1270930703	20251027	202510	2025	2025.8137	USA	AMERICAN	USA								CRM	CRIMINAL						CRM			0	010	010	01	1	0.0	10	1	10	-1.64556962025317	2	Texas, United States	US	USTX		31.106	-97.6475	TX	2	Texas, United States	US	USTX		31.106	-97.6475	TX	2	Texas, United States	US	USTX		31.106	-97.6475	TX	20251027151500	https://www.jdsupra.com/legalnews/will-crypto-capital-find-a-home-in-the-1499723/
1270930704	20251027	202510	2025	2025.8137	USA	UNITED STATES	USA								CVL	NEIGHBORHOOD						CVL			0	010	010	01	1	0.0	4	1	4	-6.070826306914	3	Hunterdon County, New Jersey, United States	US	USNJ	NJ019	40.5668	-74.9329	882228	3	Hunterdon County, New Jersey, United States	US	USNJ		40.5668	-74.9329	882228	3	Hunterdon County, New Jersey, United States	US	USNJ		40.5668	-74.9329	882228	20251027151500	https://wobm.com/ixp/385/p/police-misconduct-franklin-nj/
1270930705	20251027	202510	2025	2025.8137	USA	UNITED STATES	USA								CVL	VOTER						CVL			1	020	020	02	1	3.0	4	1	4	0.38240917782026	2	Vermont, United States	US	USVT		44.0407	-72.7093	VT	2	Vermont, United States	US	USVT		44.0407	-72.7093	VT	2	Vermont, United States	US	USVT		44.0407	-72.7093	VT	20251027151500	https://www.yahoo.com/news/articles/early-voting-nyc-mayoral-election-142800397.html
1270930706	20251027	202510	2025	2025.8137	USA	OKLAHOMA	USA								CVL	CONSTITUENT						CVL			1	051	051	05	1	3.4	2	1	2	-0.99502487562189	2	New Mexico, United States	US	USNM		34.8375	-106.237	NM	2	Oklahoma, United States	US	USOK		35.5376	-96.9247	OK	2	New Mexico, United States	US	USNM		34.8375	-106.237	NM	20251027151500	https://www.yahoo.com/news/articles/oklahoma-lawmakers-didn-t-pay-144533329.html
1270930707	20251027	202510	2025	2025.8137	USA	UNITED STATES	USA								CVL	VOTER						CVL			1	060	060	06	2	6.0	2	1	2	-2.29118329466358	2	Nebraska, United States	US	USNE		41.1289	-98.2883	NE	3	White House, District of Columbia, United States	US	USDC		38.8951	-77.0364	531871	2	Nebraska, United States	US	USNE		41.1289	-98.2883	NE	20251027151500	https://newrepublic.com/article/202269/transcript-trump-nixing-dem-storm-aid-backfires-screwing-maga-voters
1270930708	20251027	202510	2025	2025.8137	USA	UNITED STATES	USA								CVL	VOTER						CVL			1	060	060	06	2	6.0	2	1	2	-2.29118329466358	2	Nebraska, United States	US	USNE		41.1289	-98.2883	NE	2	Nebraska, United States	US	USNE		41.1289	-98.2883	NE	2	Nebraska, United States	US	USNE		41.1289	-98.2883	NE	20251027151500	https://newrepublic.com/article/202269/transcript-trump-nixing-dem-storm-aid-backfires-screwing-maga-voters
1270930709	20251027	202510	2025	2025.8137	USA	UNITED STATES	USA								CVL	COMMUNITY						CVL			0	112	112	11	3	-2.0	1	1	1	-6.070826306914	3	Middlesex County, New Jersey, United States	US	USNJ	NJ023	40.4334	-74.3996	882230	3	Middlesex County, New Jersey, United States	US	USNJ		40.4334	-74.3996	882230	3	Middlesex County, New Jersey, United States	US	USNJ		40.4334	-74.3996	882230	20251027151500	https://wobm.com/ixp/385/p/police-misconduct-franklin-nj/
1270930710	20251027	202510	2025	2025.8137	USA	UNITED STATES	USA								CVL	COMMUNITY						CVL			0	112	112	11	3	-2.0	1	1	1	-6.070826306914	3	Middlesex County, New Jersey, United States	US	USNJ	NJ023	40.4334	-74.3996	882230	2	New Jersey, United States	US	USNJ		40.314	-74.5089	NJ	3	Middlesex County, New Jersey, United States	US	USNJ		40.4334	-74.3996	882230	20251027151500	https://wobm.com/ixp/385/p/police-misconduct-franklin-nj/
1270930711	20251027	202510	2025	2025.8137	USA	INDIANA	USA								CVL	CONSTITUENT						CVL			0	120	120	12	3	-4.0	2	1	2	0.92592592592593	3	Washington, District of Columbia, United States	US	USDC	DC001	38.8951	-77.0364	531871	3	Washington, District of Columbia, United States	US	USDC	DC001	38.8951	-77.0364	531871	3	Washington, District of Columbia, United States	US	USDC	DC001	38.8951	-77.0364	531871	20251027151500	https://kxel.com/2025/10/27/indiana-gov-mike-braun-announces-special-session-that-will-include-considering-redrawing-congressional-map/
1270930712	20251027	202510	2025	2025.8137	USA	INDIANA	USA								CVL	CONSTITUENT						CVL			0	120	120	12	3	-4.0	2	1	2	0.92592592592593	2	Indiana, United States	US	USIN		39.8647	-86.2604	IN	3	White House, District of Columbia, United States	US	USDC		38.8951	-77.0364	531871	3	White House, District of Columbia, United States	US	USDC		38.8951	-77.0364	531871	20251027151500	https://kxel.com/2025/10/27/indiana-gov-mike-braun-announces-special-session-that-will-include-considering-redrawing-congressional-map/
1270930713	20251027	202510	2025	2025.8137	USA	MINNEAPOLIS	USA								DEUGOV	NUREMBERG	DEU					GOV			1	040	040	04	1	1.0	10	1	10	-2.4793388429752	1	United States	US	US		39.828175	-98.5795	US	1	United States	US	US		39.828175	-98.5795	US	1	United States	US	US		39.828175	-98.5795	US	20251027151500	https://www.startribune.com/nuremberg-new-movie-us-foreign-policy-ww2/601504026
1270930714	20251027	202510	2025	2025.8137	USA	CALIF	USA								EDU	SCHOOL						EDU			0	026	026	02	1	4.0	10	1	10	2.36486486486486	0								0								0								20251027151500	https://www.ems1.com/patient-assessment/calif-elementary-students-fall-ill-after-eating-thc-laced-candy
1270930715	20251027	202510	2025	2025.8137	USA	ALABAMA	USA								EDU	UNIVERSITY						EDU			1	036	036	03	1	4.0	10	1	10	1.02040816326531	3	Hollywood, California, United States	US	USCA	CA037	34.0983	-118.327	1660757	3	Hollywood, California, United States	US	USCA	CA037	34.0983	-118.327	1660757	3	Hollywood, California, United States	US	USCA	CA037	34.0983	-118.327	1660757	20251027151500	https://www.yahoo.com/news/articles/south-alabama-homecoming-step-show-140016791.html
1270930716	20251027	202510	2025	2025.8137	USA	UNITED STATES	USA								EDU	STUDENT						EDU			0	040	040	04	1	1.0	4	1	4	-3.77952755905512	2	Michigan, United States	US	USMI		43.3504	-84.5603	MI	2	Michigan, United States	US	USMI		43.3504	-84.5603	MI	2	Michigan, United States	US	USMI		43.3504	-84.5603	MI	20251027151500	https://www.michigandaily.com/news/public-safety/pepper-spray-bystander-intervention-and-community-training-self-defense-on-campus/
1270930717	20251027	202510	2025	2025.8137	USA	UNITED STATES	USA								EDU	PROFESSOR						EDU			1	042	042	04	1	1.9	2	1	2	0.13605442176871	1	United Kingdom	UK	UK		54	-4	UK	1	United Kingdom	UK	UK		54	-4	UK	1	United Kingdom	UK	UK		54	-4	UK	20251027151500	https://kykernel.com/119026/news/witnessing-our-own-ugliness-ebony-g-patterson-opens-uk-gaines-center-origins-series/
1270930718	20251027	202510	2025	2025.8137	USA	MICHIGAN	USA								EDU	UNIVERSITY						EDU			1	111	111	11	3	-2.0	7	1	7	-3.77952755905512	2	Michigan, United States	US	USMI		43.3504	-84.5603	MI	3	Law School, Michigan, United States	US	USMI		42.3603	-86.2684	630202	3	Law School, Michigan, United States	US	USMI		42.3603	-86.2684	630202	20251027151500	https://www.michigandaily.com/news/public-safety/pepper-spray-bystander-intervention-and-community-training-self-defense-on-campus/
1270930719	20251027	202510	2025	2025.8137	USA	UNITED STATES	USA								EDU	STUDENT						EDU			0	112	112	11	3	-2.0	4	1	4	-3.77952755905512	2	Michigan, United States	US	USMI		43.3504	-84.5603	MI	2	Michigan, United States	US	USMI		43.3504	-84.5603	MI	2	Michigan, United States	US	USMI		43.3504	-84.5603	MI	20251027151500	https://www.michigandaily.com/news/public-safety/pepper-spray-bystander-intervention-and-community-training-self-defense-on-campus/
1270930720	20251027	202510	2025	2025.8137	USA	UNITED STATES	USA								EGY	EGYPT	EGY								0	020	020	02	1	3.0	4	1	4	0.69108500345543	2	New York, United States	US	USNY		42.1497	-74.9384	NY	4	Alexandria, Al Iskandariyah, Egypt	EG	EG06	61590	31.1981	29.9192	-290263	2	New York, United States	US	USNY		42.1497	-74.9384	NY	20251027151500	https://www.yahoo.com/news/articles/left-wing-ideas-wrecked-democrats-143617036.html
1270930721	20251027	202510	2025	2025.8137	USA	UNITED STATES	USA								EGY	EGYPT	EGY								1	111	111	11	3	-2.0	1	1	1	0.38240917782026	2	Vermont, United States	US	USVT		44.0407	-72.7093	VT	4	Alexandria, Al Iskandariyah, Egypt	EG	EG06	61590	31.1981	29.9192	-290263	4	Alexandria, Al Iskandariyah, Egypt	EG	EG06	61590	31.1981	29.9192	-290263	20251027151500	https://www.yahoo.com/news/articles/early-voting-nyc-mayoral-election-142800397.html
1270930722	20251027	202510	2025	2025.8137	USA	UNITED STATES	USA								EGY	EGYPT	EGY								1	111	111	11	3	-2.0	1	1	1	0.38240917782026	2	Vermont, United States	US	USVT		44.0407	-72.7093	VT	2	Vermont, United States	US	USVT		44.0407	-72.7093	VT	4	Alexandria, Al Iskandariyah, Egypt	EG	EG06	61590	31.1981	29.9192	-290263	20251027151500	https://www.yahoo.com/news/articles/early-voting-nyc-mayoral-election-142800397.html
1270930723	20251027	202510	2025	2025.8137	USA	THE US	USA								EUR	EUROPE	EUR								1	020	020	02	1	3.0	5	1	5	4.30839002267574	1	Germany	GM	GM		51.5	10.5	GM	1	Germany	GM	GM		51.5	10.5	GM	1	Germany	GM	GM		51.5	10.5	GM	20251027151500	https://www.thespiritsbusiness.com/2025/10/the-rocks-teremana-tequila-plans-global-rollout/
1270930724	20251027	202510	2025	2025.8137	USA	BOSTON	USA								EUR	EUROPE	EUR								1	190	190	19	4	-10.0	3	1	3	-4.22077922077922	2	Massachusetts, United States	US	USMA		42.2373	-71.5314	MA	2	Massachusetts, United States	US	USMA		42.2373	-71.5314	MA	2	Massachusetts, United States	US	USMA		42.2373	-71.5314	MA	20251027151500	https://www.geographicus.com/P/AntiqueMap/whenthebombsdrop-publicsafety-1941
1270930725	20251027	202510	2025	2025.8137	USA	AMERICAN	USA								FIN	FINLAND	FIN								1	042	042	04	1	1.9	7	1	7	0	2	Texas, United States	US	USTX		31.106	-97.6475	TX	4	Helsinki, Eteläuomen Läi, Finland	FI	FI13	16230	60.1756	24.9342	-1364995	4	Helsinki, Eteläuomen Läi, Finland	FI	FI13	16230	60.1756	24.9342	-1364995	20251027151500	https://www.yahoo.com/news/articles/us-coast-guard-closes-deal-143500011.html
1270930726	20251027	202510	2025	2025.8137	USA	UNITED STATES	USA								FRA	PARIS	FRA								1	043	043	04	1	2.8	4	1	4	1.82186234817813	2	New York, United States	US	USNY		42.1497	-74.9384	NY	2	New York, United States	US	USNY		42.1497	-74.9384	NY	2	New York, United States	US	USNY		42.1497	-74.9384	NY	20251027151500	https://www.harpersbazaar.com/fashion/a69135439/beat-up-bag-trend-used-new/
1270930727	20251027	202510	2025	2025.8137	USA	THE US	USA								GBR	SCOTLAND	GBR								0	020	020	02	1	3.0	1	1	1	-0.88967971530249	4	Dunoon, Argyll and Bute, United Kingdom	UK	UKT8	40176	55.95	-4.95	-2594930	4	Dunoon, Argyll and Bute, United Kingdom	UK	UKT8	40176	55.95	-4.95	-2594930	4	Dunoon, Argyll and Bute, United Kingdom	UK	UKT8	40176	55.95	-4.95	-2594930	20251027151500	https://www.mirror.co.uk/news/uk-news/body-found-search-dad-who-36140237
1270930728	20251027	202510	2025	2025.8137	USA	UNITED STATES	USA								GBR	BRITISH	GBR								1	042	042	04	1	1.9	4	2	4	-5.21446962623433	4	Darvaza, Turkmenistan (general), Turkmenistan	TX	TX00	147325	40.1754	58.4085	-2558309	4	Darvaza, Turkmenistan (general), Turkmenistan	TX	TX00	147325	40.1754	58.4085	-2558309	4	Darvaza, Turkmenistan (general), Turkmenistan	TX	TX00	147325	40.1754	58.4085	-2558309	20251027151500	https://www.news8000.com/lifestyle/7-of-the-world-s-freakiest-places/article_2072bdb5-b74a-5975-8ca6-46d86950bba8.html
1270930729	20251027	202510	2025	2025.8137	USA	THE US	USA								GBR	UNITED KINGDOM	GBR								0	043	043	04	1	2.8	3	1	3	-0.88967971530249	4	Dunoon, Argyll and Bute, United Kingdom	UK	UKT8	40176	55.95	-4.95	-2594930	4	Dunoon, Argyll and Bute, United Kingdom	UK	UKT8	40176	55.95	-4.95	-2594930	4	Dunoon, Argyll and Bute, United Kingdom	UK	UKT8	40176	55.95	-4.95	-2594930	20251027151500	https://www.mirror.co.uk/news/uk-news/body-found-search-dad-who-36140237
1270930730	20251027	202510	2025	2025.8137	USA	THE US	USA								GBR	UNITED KINGDOM	GBR								0	043	043	04	1	2.8	1	1	1	-0.88967971530249	4	Helensburgh, Argyll and Bute, United Kingdom	UK	UKT8	40176	56.0167	-4.73333	-2598444	4	Dunoon, Argyll and Bute, United Kingdom	UK	UKT8	40176	55.95	-4.95	-2594930	4	Dunoon, Argyll and Bute, United Kingdom	UK	UKT8	40176	55.95	-4.95	-2594930	20251027151500	https://www.mirror.co.uk/news/uk-news/body-found-search-dad-who-36140237
1270930731	20251027	202510	2025	2025.8137	USA	UNITED STATES	USA								GOV	CHIEF EXECUTIVE						GOV			1	013	013	01	1	0.4	2	1	2	1.73611111111111	3	White House, District of Columbia, United States	US	USDC		38.8951	-77.0364	531871	1	China	CH	CH		35	105	CH	3	White House, District of Columbia, United States	US	USDC		38.8951	-77.0364	531871	20251027151500	https://fortune.com/article/what-motivation-reveals-about-ceo-readiness/
1270930732	20251027	202510	2025	2025.8137	USA	UNITED STATES	USA								GOV	CHIEF EXECUTIVE						GOV			1	013	013	01	1	0.4	2	1	2	1.73611111111111	1	China	CH	CH		35	105	CH	1	China	CH	CH		35	105	CH	1	China	CH	CH		35	105	CH	20251027151500	https://fortune.com/article/what-motivation-reveals-about-ceo-readiness/
1270930733	20251027	202510	2025	2025.8137	USA	IDAHO	USA								GOV	GOVERNMENT						GOV			0	030	030	03	1	4.0	10	1	10	-1.37254901960784	2	Texas, United States	US	USTX		31.106	-97.6475	TX	2	Texas, United States	US	USTX		31.106	-97.6475	TX	2	Texas, United States	US	USTX		31.106	-97.6475	TX	20251027151500	https://www.el-balad.com/6746422
1270930734	20251027	202510	2025	2025.8137	USA	UNITED STATES	USA								GOV	MAYOR						GOV			1	042	042	04	1	1.9	1	1	1	4.79616306954437	3	Miami, Florida, United States	US	USFL	FL086	25.7743	-80.1937	295004	3	Miami, Florida, United States	US	USFL	FL086	25.7743	-80.1937	295004	3	Miami, Florida, United States	US	USFL	FL086	25.7743	-80.1937	295004	20251027151500	https://www.miaminewtimes.com/arts-culture/tinashe-in-wynwood-marshmello-at-liv-40497732/
1270930735	20251027	202510	2025	2025.8137	USA	THE US	USA								GOV	PRIME MINISTER						GOV			1	046	046	04	1	7.0	1	1	1	-2.41691842900302	4	Budapest, Budapest, Hungary	HU	HU05	17514	47.5	19.0833	-850553	4	Budapest, Budapest, Hungary	HU	HU05	17514	47.5	19.0833	-850553	4	Budapest, Budapest, Hungary	HU	HU05	17514	47.5	19.0833	-850553	20251027151500	https://www.bssnews.net/international/325659
1270930736	20251027	202510	2025	2025.8137	USA	UNITED STATES	USA								GOV	ADMINISTRATION						GOV			0	050	050	05	1	3.5	8	2	8	0.119047619047615	2	Indiana, United States	US	USIN		39.8647	-86.2604	IN	3	Washington, District of Columbia, United States	US	USDC	DC001	38.8951	-77.0364	531871	2	Indiana, United States	US	USIN		39.8647	-86.2604	IN	20251027151500	https://www.aol.co.uk/articles/republican-indiana-governor-calls-special-144430456.html
1270930737	20251027	202510	2025	2025.8137	USA	UNITED STATES	USA								GOV	PRESIDENT						GOV			1	051	051	05	1	3.4	2	1	2	3.65482233502538	2	Texas, United States	US	USTX		31.106	-97.6475	TX	2	Texas, United States	US	USTX		31.106	-97.6475	TX	3	White House, District of Columbia, United States	US	USDC		38.8951	-77.0364	531871	20251027151500	https://www.jdsupra.com/legalnews/nvidia-ceo-hails-ai-as-america-s-next-1027656/
1270930738	20251027	202510	2025	2025.8137	USA	PHILADELPHIA	USA								GOV	GOVERNMENT						GOV			0	060	060	06	2	6.0	1	1	1	-1.53721682847896	3	Cobbs Creek, Pennsylvania, United States	US	USPA	PA101	39.9476	-75.2402	1202868	3	Cobbs Creek, Pennsylvania, United States	US	USPA		39.9476	-75.2402	1202868	3	Cobbs Creek, Pennsylvania, United States	US	USPA		39.9476	-75.2402	1202868	20251027151500	https://www.phillytrib.com/news/local_news/corporate-investors-bought-a-quarter-of-philly-s-single-family-homes-sold-over-6-years/article_f480c174-db61-41a0-a1b2-9d83269b875a.html
1270930739	20251027	202510	2025	2025.8137	USA	PHILADELPHIA	USA								GOV	GOVERNMENT						GOV			0	060	060	06	2	6.0	1	1	1	-1.53721682847896	3	Philadelphia, Pennsylvania, United States	US	USPA	PA101	39.9523	-75.1638	1209052	3	Philadelphia, Pennsylvania, United States	US	USPA	PA101	39.9523	-75.1638	1209052	3	Cobbs Creek, Pennsylvania, United States	US	USPA		39.9476	-75.2402	1202868	20251027151500	https://www.phillytrib.com/news/local_news/corporate-investors-bought-a-quarter-of-philly-s-single-family-homes-sold-over-6-years/article_f480c174-db61-41a0-a1b2-9d83269b875a.html
1270930740	20251027	202510	2025	2025.8137	USA	PHILADELPHIA	USA								GOV	GOVERNMENT						GOV			0	060	060	06	2	6.0	3	1	3	-1.53721682847896	3	Philadelphia, Pennsylvania, United States	US	USPA	PA101	39.9523	-75.1638	1209052	3	Philadelphia, Pennsylvania, United States	US	USPA	PA101	39.9523	-75.1638	1209052	3	Philadelphia, Pennsylvania, United States	US	USPA	PA101	39.9523	-75.1638	1209052	20251027151500	https://www.phillytrib.com/news/local_news/corporate-investors-bought-a-quarter-of-philly-s-single-family-homes-sold-over-6-years/article_f480c174-db61-41a0-a1b2-9d83269b875a.html
1270930741	20251027	202510	2025	2025.8137	USA	UNITED STATES	USA								GOV	GOVERNOR						GOV			1	071	071	07	2	7.4	4	1	4	-0.8955223880597	3	Baton Rouge, Louisiana, United States	US	USLA	LA033	30.4507	-91.1545	1629914	2	Louisiana, United States	US	USLA		31.1801	-91.8749	LA	2	Louisiana, United States	US	USLA		31.1801	-91.8749	LA	20251027151500	https://www.fox8live.com/2025/10/27/rep-julie-emerson-enters-field-challenge-us-sen-bill-cassidy/
1270930742	20251027	202510	2025	2025.8137	USA	UNITED STATES	USA								GOV	FIREFIGHTER						GOV			0	090	090	09	2	-2.0	2	1	2	-3.11387900355871	3	Effingham County, Georgia, United States	US	USGA	GA103	32.3669	-81.3332	350219	3	Effingham County, Georgia, United States	US	USGA		32.3669	-81.3332	350219	3	Effingham County, Georgia, United States	US	USGA		32.3669	-81.3332	350219	20251027151500	https://www.effinghamherald.net/local/ghost-hunters-explore-springfields-haunted-hotspots/
1270930743	20251027	202510	2025	2025.8137	USA	ILLINOIS	USA								GOV	MAYOR						GOV			0	120	120	12	3	-4.0	2	1	2	-0.60606060606061	2	Illinois, United States	US	USIL		40.3363	-89.0022	IL	3	Springfield, Illinois, United States	US	USIL	IL167	39.8017	-89.6437	426595	2	Illinois, United States	US	USIL		40.3363	-89.0022	IL	20251027151500	https://www.rcreader.com/commentary/stacy-davis-gates-and-brandon-johnson-want-funds-state-coffers-plainly-arent-there
1270930744	20251027	202510	2025	2025.8137	USA	ILLINOIS	USA								GOV	MAYOR						GOV			0	120	120	12	3	-4.0	2	1	2	-0.60606060606061	2	Illinois, United States	US	USIL		40.3363	-89.0022	IL	2	Illinois, United States	US	USIL		40.3363	-89.0022	IL	2	Illinois, United States	US	USIL		40.3363	-89.0022	IL	20251027151500	https://www.rcreader.com/commentary/stacy-davis-gates-and-brandon-johnson-want-funds-state-coffers-plainly-arent-there
1270930745	20251027	202510	2025	2025.8137	USA	AMERICAN	USA								GOVLAB	GOVERNMENT						GOV	LAB		1	020	020	02	1	3.0	10	1	10	-1.29496402877698	3	Washington, District of Columbia, United States	US	USDC	DC001	38.8951	-77.0364	531871	3	Washington, District of Columbia, United States	US	USDC	DC001	38.8951	-77.0364	531871	3	Washington, District of Columbia, United States	US	USDC	DC001	38.8951	-77.0364	531871	20251027151500	https://wcbm.com/national-headline/american-federation-of-government-employees-calls-on-democrats-to-end-the-schumer-shutdown/
1270930746	20251027	202510	2025	2025.8137	USA	ARIZONA	USA								HLH	HOSPITAL						HLH			1	051	051	05	1	3.4	7	1	7	2.81124497991968	3	Phoenix, Arizona, United States	US	USAZ	AZ013	33.4484	-112.074	44784	3	Phoenix, Arizona, United States	US	USAZ	AZ013	33.4484	-112.074	44784	3	Phoenix, Arizona, United States	US	USAZ	AZ013	33.4484	-112.074	44784	20251027151500	https://ktar.com/arizona-education/u-of-a-banner-health-impact/5765358/
1270930747	20251027	202510	2025	2025.8137	USA	WASHINGTON	USA								HLH	PHYSICIAN						HLH			1	051	051	05	1	3.4	3	1	3	-1.64705882352941	3	Washington, District of Columbia, United States	US	USDC	DC001	38.8951	-77.0364	531871	3	Washington, District of Columbia, United States	US	USDC	DC001	38.8951	-77.0364	531871	3	Washington, District of Columbia, United States	US	USDC	DC001	38.8951	-77.0364	531871	20251027151500	https://www.prnewswire.com/news-releases/emergency-physicians-share-tips-for-a-safe-halloween-302595440.html
1270930748	20251027	202510	2025	2025.8137	USA	PHOENIX	USA								HLH	HOSPITAL						HLH			1	193	193	19	4	-10.0	1	1	1	-11.3636363636364	3	Phoenix, Arizona, United States	US	USAZ	AZ013	33.4484	-112.074	44784	2	Arizona, United States	US	USAZ		33.7712	-111.388	AZ	2	Arizona, United States	US	USAZ		33.7712	-111.388	AZ	20251027151500	https://ktar.com/arizona-news/suspect-phoenix-shooting-hospital/5766338/
1270930749	20251027	202510	2025	2025.8137	USA	PHOENIX	USA								HLH	HOSPITAL						HLH			1	193	193	19	4	-10.0	7	1	7	-11.3636363636364	2	Arizona, United States	US	USAZ		33.7712	-111.388	AZ	2	Arizona, United States	US	USAZ		33.7712	-111.388	AZ	2	Arizona, United States	US	USAZ		33.7712	-111.388	AZ	20251027151500	https://ktar.com/arizona-news/suspect-phoenix-shooting-hospital/5766338/
1270930750	20251027	202510	2025	2025.8137	USA	UNITED STATES	USA								HUN	HUNGARY	HUN								1	042	042	04	1	1.9	2	1	2	-2.41691842900302	4	Kremlin, Moskva, Russia	RS	RS48	25106	55.7522	37.6156	-2960561	3	Washington, District of Columbia, United States	US	USDC	DC001	38.8951	-77.0364	531871	4	Kremlin, Moskva, Russia	RS	RS48	25106	55.7522	37.6156	-2960561	20251027151500	https://www.bssnews.net/international/325659
1270930751	20251027	202510	2025	2025.8137	USA	MIAMI	USA								ITA	ITALY	ITA								1	051	051	05	1	3.4	6	1	6	4.79616306954437	3	Miami, Florida, United States	US	USFL	FL086	25.7743	-80.1937	295004	1	Italy	IT	IT		42.833333	12.833333	IT	3	Miami, Florida, United States	US	USFL	FL086	25.7743	-80.1937	295004	20251027151500	https://www.miaminewtimes.com/arts-culture/tinashe-in-wynwood-marshmello-at-liv-40497732/
1270930752	20251027	202510	2025	2025.8137	USA	MIAMI	USA								ITA	ITALY	ITA								1	051	051	05	1	3.4	2	1	2	4.79616306954437	3	Miami, Florida, United States	US	USFL	FL086	25.7743	-80.1937	295004	1	Italy	IT	IT		42.833333	12.833333	IT	1	Italy	IT	IT		42.833333	12.833333	IT	20251027151500	https://www.miaminewtimes.com/arts-culture/tinashe-in-wynwood-marshmello-at-liv-40497732/
1270930753	20251027	202510	2025	2025.8137	USA	TENNESSEE	USA								JAM	MONTEGO BAY	JAM								1	042	042	04	1	1.9	6	1	6	-6.91547749725576	1	Haiti	HA	HA		19	-72.416667	HA	1	Bahamas, The	BF	BF		24	-76	BF	1	Haiti	HA	HA		19	-72.416667	HA	20251027151500	https://www.nbcwashington.com/news/national-international/melissa-strengthens-to-a-category-5-hurricane-as-it-nears-jamaica/4007182/
1270930754	20251027	202510	2025	2025.8137	USA	UNITED STATES	USA								JAM	MONTEGO BAY	JAM								1	042	042	04	1	1.9	2	1	2	-6.91547749725576	1	Haiti	HA	HA		19	-72.416667	HA	1	Haiti	HA	HA		19	-72.416667	HA	1	Haiti	HA	HA		19	-72.416667	HA	20251027151500	https://www.nbcwashington.com/news/national-international/melissa-strengthens-to-a-category-5-hurricane-as-it-nears-jamaica/4007182/
1270930755	20251027	202510	2025	2025.8137	USA	UNITED STATES	USA								JAM	MONTEGO BAY	JAM								1	042	042	04	1	1.9	2	1	2	-6.91547749725576	1	Haiti	HA	HA		19	-72.416667	HA	1	Turkey	TU	TU		39.059012	34.911546	TU	1	Dominican Republic	DR	DR		19	-70.666667	DR	20251027151500	https://www.nbcwashington.com/news/national-international/melissa-strengthens-to-a-category-5-hurricane-as-it-nears-jamaica/4007182/
1270930756	20251027	202510	2025	2025.8137	USA	CHICAGO	USA								JAM	JAMAICA	JAM								1	043	043	04	1	2.8	4	1	4	0.13605442176871	3	Chicago, Illinois, United States	US	USIL	IL031	41.85	-87.6501	423587	3	Chicago, Illinois, United States	US	USIL	IL031	41.85	-87.6501	423587	3	University Of Kentucky, Kentucky, United States	US	USKY		38.0304	-84.4994	505846	20251027151500	https://kykernel.com/119026/news/witnessing-our-own-ugliness-ebony-g-patterson-opens-uk-gaines-center-origins-series/
1270930757	20251027	202510	2025	2025.8137	USA	CHICAGO	USA								JAM	JAMAICA	JAM								1	043	043	04	1	2.8	2	1	2	0.13605442176871	3	Chicago, Illinois, United States	US	USIL	IL031	41.85	-87.6501	423587	1	Jamaica	JM	JM		18.25	-77.5	JM	3	Chicago, Illinois, United States	US	USIL	IL031	41.85	-87.6501	423587	20251027151500	https://kykernel.com/119026/news/witnessing-our-own-ugliness-ebony-g-patterson-opens-uk-gaines-center-origins-series/
1270930758	20251027	202510	2025	2025.8137	USA	CHICAGO	USA								JAM	JAMAICA	JAM								1	043	043	04	1	2.8	4	1	4	0.13605442176871	3	Chicago, Illinois, United States	US	USIL	IL031	41.85	-87.6501	423587	1	Jamaica	JM	JM		18.25	-77.5	JM	3	University Of Kentucky, Kentucky, United States	US	USKY		38.0304	-84.4994	505846	20251027151500	https://kykernel.com/119026/news/witnessing-our-own-ugliness-ebony-g-patterson-opens-uk-gaines-center-origins-series/
1270930759	20251027	202510	2025	2025.8137	USA	UNITED STATES	USA								JUD	SUPREME COURT						JUD			0	020	020	02	1	3.0	4	1	4	0.3338898163606	3	Washington, District of Columbia, United States	US	USDC	DC001	38.8951	-77.0364	531871	3	Washington, District of Columbia, United States	US	USDC	DC001	38.8951	-77.0364	531871	3	Washington, District of Columbia, United States	US	USDC	DC001	38.8951	-77.0364	531871	20251027151500	https://watermarkonline.com/2025/10/27/kim-davis-seeks-supreme-court-review-in-challenge-to-marriage-equality/
1270930760	20251027	202510	2025	2025.8137	USA	UNITED STATES	USA								JUD	SUPREME COURT						JUD			1	043	043	04	1	2.8	4	1	4	1.92307692307693	2	Arizona, United States	US	USAZ		33.7712	-111.388	AZ	2	Arizona, United States	US	USAZ		33.7712	-111.388	AZ	2	Arizona, United States	US	USAZ		33.7712	-111.388	AZ	20251027151500	https://abcnews4.com/news/local/international-african-american-museum-unveils-exhibit-on-family-histories-slavery-impact-history-iaam-impacts-of-slavery-speaking-truth-untold-stories-genealogy-healing
1270930761	20251027	202510	2025	2025.8137	USA	NEW JERSEY	USA								JUD	PROSECUTOR						JUD			1	190	190	19	4	-10.0	2	1	2	-8.15450643776824	3	Pittstown, New Jersey, United States	US	USNJ	NJ019	40.582	-74.9591	879337	2	New Jersey, United States	US	USNJ		40.314	-74.5089	NJ	3	Pittstown, New Jersey, United States	US	USNJ	NJ019	40.582	-74.9591	879337	20251027151500	https://masslawyersweekly.com/2025/10/27/prosecutors-officer-stopped-at-atm-pizzeria-instead-of-investigating-double-murder/
1270930762	20251027	202510	2025	2025.8137	USA	NEW JERSEY	USA								JUD	PROSECUTOR						JUD			1	190	190	19	4	-10.0	2	1	2	-8.15450643776824	2	New Jersey, United States	US	USNJ		40.314	-74.5089	NJ	2	New Jersey, United States	US	USNJ		40.314	-74.5089	NJ	3	Pittstown, New Jersey, United States	US	USNJ	NJ019	40.582	-74.9591	879337	20251027151500	https://masslawyersweekly.com/2025/10/27/prosecutors-officer-stopped-at-atm-pizzeria-instead-of-investigating-double-murder/
1270930763	20251027	202510	2025	2025.8137	USA	NEW JERSEY	USA								JUD	PROSECUTOR						JUD			1	190	190	19	4	-10.0	3	1	3	-8.15450643776824	2	New Jersey, United States	US	USNJ		40.314	-74.5089	NJ	2	New Jersey, United States	US	USNJ		40.314	-74.5089	NJ	2	New Jersey, United States	US	USNJ		40.314	-74.5089	NJ	20251027151500	https://masslawyersweekly.com/2025/10/27/prosecutors-officer-stopped-at-atm-pizzeria-instead-of-investigating-double-murder/
1270930764	20251027	202510	2025	2025.8137	USA	NEW JERSEY	USA								JUD	PROSECUTOR						JUD			1	193	193	19	4	-10.0	2	1	2	-8.15450643776824	3	Pittstown, New Jersey, United States	US	USNJ	NJ019	40.582	-74.9591	879337	2	New Jersey, United States	US	USNJ		40.314	-74.5089	NJ	3	Pittstown, New Jersey, United States	US	USNJ	NJ019	40.582	-74.9591	879337	20251027151500	https://masslawyersweekly.com/2025/10/27/prosecutors-officer-stopped-at-atm-pizzeria-instead-of-investigating-double-murder/
1270930765	20251027	202510	2025	2025.8137	USA	UNITED STATES	USA								JUD	PROSECUTOR						JUD			1	193	193	19	4	-10.0	6	1	6	-8.15450643776824	2	New Jersey, United States	US	USNJ		40.314	-74.5089	NJ	2	New Jersey, United States	US	USNJ		40.314	-74.5089	NJ	2	New Jersey, United States	US	USNJ		40.314	-74.5089	NJ	20251027151500	https://masslawyersweekly.com/2025/10/27/prosecutors-officer-stopped-at-atm-pizzeria-instead-of-investigating-double-murder/
1270930766	20251027	202510	2025	2025.8137	USA	NEW JERSEY	USA								JUD	PROSECUTOR						JUD			1	193	193	19	4	-10.0	2	1	2	-8.15450643776824	2	New York, United States	US	USNY		42.1497	-74.9384	NY	2	New York, United States	US	USNY		42.1497	-74.9384	NY	2	New York, United States	US	USNY		42.1497	-74.9384	NY	20251027151500	https://masslawyersweekly.com/2025/10/27/prosecutors-officer-stopped-at-atm-pizzeria-instead-of-investigating-double-murder/
1270930767	20251027	202510	2025	2025.8137	USA	LAWRENCE	USA								KOR	SOUTH KOREA	KOR								0	036	036	03	1	4.0	3	1	3	0.92514718250631	1	China	CH	CH		35	105	CH	1	South Korea	KS	KS		37	127.5	KS	1	China	CH	CH		35	105	CH	20251027151500	https://www.straitstimes.com/asia/se-asia/asean-leaders-push-for-stronger-trade-ties-with-rcep-members-and-other-partners
1270930768	20251027	202510	2025	2025.8137	USA	LAWRENCE	USA								KOR	SOUTH KOREA	KOR								0	036	036	03	1	4.0	1	1	1	0.92514718250631	1	New Zealand	NZ	NZ		-42	174	NZ	1	South Korea	KS	KS		37	127.5	KS	1	China	CH	CH		35	105	CH	20251027151500	https://www.straitstimes.com/asia/se-asia/asean-leaders-push-for-stronger-trade-ties-with-rcep-members-and-other-partners
1270930769	20251027	202510	2025	2025.8137	USA	THE US	USA								KOR	SOUTH KOREA	KOR								0	125	125	12	3	-5.0	8	1	8	0.92514718250631	1	China	CH	CH		35	105	CH	1	South Korea	KS	KS		37	127.5	KS	1	South Korea	KS	KS		37	127.5	KS	20251027151500	https://www.straitstimes.com/asia/se-asia/asean-leaders-push-for-stronger-trade-ties-with-rcep-members-and-other-partners
1270930770	20251027	202510	2025	2025.8137	USA	THE US	USA								KOR	SOUTH KOREA	KOR								0	125	125	12	3	-5.0	2	1	2	0.92514718250631	1	New Zealand	NZ	NZ		-42	174	NZ	1	New Zealand	NZ	NZ		-42	174	NZ	1	New Zealand	NZ	NZ		-42	174	NZ	20251027151500	https://www.straitstimes.com/asia/se-asia/asean-leaders-push-for-stronger-trade-ties-with-rcep-members-and-other-partners
1270930771	20251027	202510	2025	2025.8137	USA	CALIFORNIA	USA								LAB	EMPLOYEE						LAB			1	090	090	09	2	-2.0	2	1	2	-1.51898734177216	2	California, United States	US	USCA		36.17	-119.746	CA	2	California, United States	US	USCA		36.17	-119.746	CA	2	California, United States	US	USCA		36.17	-119.746	CA	20251027151500	https://www.jdsupra.com/legalnews/california-expands-employee-rights-to-6208754/
1270930772	20251027	202510	2025	2025.8137	USA	NEW YORK	USA								LAB	EMPLOYEE						LAB			1	112	112	11	3	-2.0	10	1	10	-7.7319587628866	3	Syracuse, New York, United States	US	USNY	NY067	43.0481	-76.1474	966966	3	Syracuse, New York, United States	US	USNY	NY067	43.0481	-76.1474	966966	3	Syracuse, New York, United States	US	USNY	NY067	43.0481	-76.1474	966966	20251027151500	https://www.wsbtv.com/news/employee-accused-stealing-47-vehicles-avis-budget-car-rental-site-new-york-airport/DY2EB6HLIREYLKYZDWXMNDCL3U/
1270930773	20251027	202510	2025	2025.8137	USA	NEW YORK	USA								LAB	WORKER						LAB			0	114	114	11	3	-2.0	10	1	10	-3.44202898550724	2	New York, United States	US	USNY		42.1497	-74.9384	NY	2	New York, United States	US	USNY		42.1497	-74.9384	NY	2	New York, United States	US	USNY		42.1497	-74.9384	NY	20251027151500	https://www.yahoo.com/news/articles/real-reason-flight-attendants-no-133000095.html
1270930774	20251027	202510	2025	2025.8137	USA	AMERICAN	USA								LEG	CONGRESS						LEG			1	027	027	02	1	4.0	3	1	3	-2.06185567010309	2	New York, United States	US	USNY		42.1497	-74.9384	NY	2	New York, United States	US	USNY		42.1497	-74.9384	NY	2	New York, United States	US	USNY		42.1497	-74.9384	NY	20251027151500	https://www.yahoo.com/news/articles/largest-federal-employee-union-demands-143354368.html
1270930775	20251027	202510	2025	2025.8137	USA	UNITED STATES	USA								LEG	CONGRESS						LEG			0	030	030	03	1	4.0	1	1	1	0.92592592592593	3	Washington, District of Columbia, United States	US	USDC	DC001	38.8951	-77.0364	531871	3	Washington, District of Columbia, United States	US	USDC	DC001	38.8951	-77.0364	531871	3	Washington, District of Columbia, United States	US	USDC	DC001	38.8951	-77.0364	531871	20251027151500	https://kxel.com/2025/10/27/indiana-gov-mike-braun-announces-special-session-that-will-include-considering-redrawing-congressional-map/
1270930776	20251027	202510	2025	2025.8137	USA	ILLINOIS	USA								LEG	LAWMAKER						LEG			0	040	040	04	1	1.0	1	1	1	0.23809523809523	2	Illinois, United States	US	USIL		40.3363	-89.0022	IL	3	Punchbowl, California, United States	US	USCA	CA109	38.2391	-119.959	234520	2	Illinois, United States	US	USIL		40.3363	-89.0022	IL	20251027151500	https://www.aol.co.uk/articles/republican-indiana-governor-calls-special-144430456.html
1270930777	20251027	202510	2025	2025.8137	USA	ILLINOIS	USA								LEG	LAWMAKER						LEG			0	040	040	04	1	1.0	1	1	1	0	2	Illinois, United States	US	USIL		40.3363	-89.0022	IL	3	Punchbowl, North Carolina, United States	US	USNC	NC137	35.1482	-76.706	992903	2	Illinois, United States	US	USIL		40.3363	-89.0022	IL	20251027151500	https://www.theguardian.com/us-news/2025/oct/27/indiana-congressional-maps-redisctricting-governor
1270930778	20251027	202510	2025	2025.8137	USA	ILLINOIS	USA								LEG	LAWMAKER						LEG			0	040	040	04	1	1.0	2	2	2	0.119047619047615	2	Illinois, United States	US	USIL		40.3363	-89.0022	IL	2	Illinois, United States	US	USIL		40.3363	-89.0022	IL	2	Illinois, United States	US	USIL		40.3363	-89.0022	IL	20251027151500	https://www.aol.co.uk/articles/republican-indiana-governor-calls-special-144430456.html
1270930779	20251027	202510	2025	2025.8137	USA	UNITED STATES	USA								LEG	LEGISLATURE						LEG			1	046	046	04	1	7.0	2	1	2	-0.8955223880597	3	Baton Rouge, Louisiana, United States	US	USLA	LA033	30.4507	-91.1545	1629914	3	Baton Rouge, Louisiana, United States	US	USLA		30.4507	-91.1545	1629914	3	Baton Rouge, Louisiana, United States	US	USLA		30.4507	-91.1545	1629914	20251027151500	https://www.fox8live.com/2025/10/27/rep-julie-emerson-enters-field-challenge-us-sen-bill-cassidy/
1270930780	20251027	202510	2025	2025.8137	USA	UNITED STATES	USA								MED	NEWSPAPER						MED			1	013	013	01	1	0.4	3	1	3	-2.1680216802168	3	Fisher Island, Florida, United States	US	USFL	FL086	25.7609	-80.14	1853250	3	Miami, Florida, United States	US	USFL	FL086	25.7743	-80.1937	295004	3	Miami, Florida, United States	US	USFL	FL086	25.7743	-80.1937	295004	20251027151500	https://www.thenational.scot/news/25573730.michelle-mone-buys-10m-flat-floridas-billionaire-island/
1270930781	20251027	202510	2025	2025.8137	USA	UNITED STATES	USA								MED	CORRESPONDENT						MED			1	040	040	04	1	1.0	2	1	2	-0.91954022988506	3	Washington, District of Columbia, United States	US	USDC	DC001	38.8951	-77.0364	531871	3	Washington, District of Columbia, United States	US	USDC	DC001	38.8951	-77.0364	531871	3	Washington, District of Columbia, United States	US	USDC	DC001	38.8951	-77.0364	531871	20251027151500	https://www.yahoo.com/news/articles/john-dickerson-depart-cbs-news-142555908.html
1270930782	20251027	202510	2025	2025.8137	USA	NEW YORK	USA								MED	CORRESPONDENT						MED			1	040	040	04	1	1.0	5	1	5	-5.55555555555556	2	New York, United States	US	USNY		42.1497	-74.9384	NY	2	New York, United States	US	USNY		42.1497	-74.9384	NY	2	New York, United States	US	USNY		42.1497	-74.9384	NY	20251027151500	https://www.yahoo.com/news/articles/unbearable-examines-human-cost-americas-144514596.html
1270930783	20251027	202510	2025	2025.8137	USA	UNITED STATES	USA								MED	CORRESPONDENT						MED			1	043	043	04	1	2.8	2	1	2	-0.91954022988506	3	Washington, District of Columbia, United States	US	USDC	DC001	38.8951	-77.0364	531871	3	Washington, District of Columbia, United States	US	USDC	DC001	38.8951	-77.0364	531871	3	Washington, District of Columbia, United States	US	USDC	DC001	38.8951	-77.0364	531871	20251027151500	https://www.yahoo.com/news/articles/john-dickerson-depart-cbs-news-142555908.html
1270930784	20251027	202510	2025	2025.8137	USA	WASHINGTON	USA								MIL	NAVY						MIL			0	010	010	01	1	0.0	2	1	2	-0.31055900621118	4	Burevestnik, Nizhegorodskaya Oblast', Russia	RS	RS51	25080	55.4144	43.9536	9259711	4	Burevestnik, Nizhegorodskaya Oblast', Russia	RS	RS51	25080	55.4144	43.9536	9259711	4	Burevestnik, Nizhegorodskaya Oblast', Russia	RS	RS51	25080	55.4144	43.9536	9259711	20251027151500	https://www.yahoo.com/news/articles/russias-skyfall-missile-test-trump-141551837.html
1270930785	20251027	202510	2025	2025.8137	USA	WASHINGTON	USA								MIL	NAVY						MIL			0	122	122	12	3	-4.0	16	1	16	-0.31055900621118	3	Washington, District of Columbia, United States	US	USDC	DC001	38.8951	-77.0364	531871	3	Washington, District of Columbia, United States	US	USDC	DC001	38.8951	-77.0364	531871	3	Washington, District of Columbia, United States	US	USDC	DC001	38.8951	-77.0364	531871	20251027151500	https://www.yahoo.com/news/articles/russias-skyfall-missile-test-trump-141551837.html
1270930786	20251027	202510	2025	2025.8137	USA	UNITED STATES	USA								MIL	NAVY						MIL			0	122	122	12	3	-4.0	4	1	4	-0.31055900621118	4	Burevestnik, Nizhegorodskaya Oblast', Russia	RS	RS51	25080	55.4144	43.9536	9259711	4	Burevestnik, Nizhegorodskaya Oblast', Russia	RS	RS51	25080	55.4144	43.9536	9259711	4	Burevestnik, Nizhegorodskaya Oblast', Russia	RS	RS51	25080	55.4144	43.9536	9259711	20251027151500	https://www.yahoo.com/news/articles/russias-skyfall-missile-test-trump-141551837.html
1270930787	20251027	202510	2025	2025.8137	USA	UNITED STATES	USA								MNCUSA	NVIDIA	USA					MNC			0	010	010	01	1	0.0	4	1	4	3.65482233502538	3	White House, District of Columbia, United States	US	USDC		38.8951	-77.0364	531871	3	White House, District of Columbia, United States	US	USDC		38.8951	-77.0364	531871	3	White House, District of Columbia, United States	US	USDC		38.8951	-77.0364	531871	20251027151500	https://www.jdsupra.com/legalnews/nvidia-ceo-hails-ai-as-america-s-next-1027656/
1270930788	20251027	202510	2025	2025.8137	USA	UNITED STATES	USA								MNCUSA	NVIDIA	USA					MNC			1	010	010	01	1	0.0	4	1	4	3.65482233502538	2	California, United States	US	USCA		36.17	-119.746	CA	2	California, United States	US	USCA		36.17	-119.746	CA	2	California, United States	US	USCA		36.17	-119.746	CA	20251027151500	https://www.jdsupra.com/legalnews/nvidia-ceo-hails-ai-as-america-s-next-1027656/
1270930789	20251027	202510	2025	2025.8137	USA	UNITED STATES	USA								MYS	MALAYSIA	MYS								1	043	043	04	1	2.8	2	1	2	1.05263157894736	3	White House, District of Columbia, United States	US	USDC		38.8951	-77.0364	531871	4	Kuala Lumpur, Kuala Lumpur, Malaysia	MY	MY14	18585	3.16667	101.7	-2403010	4	Kuala Lumpur, Kuala Lumpur, Malaysia	MY	MY14	18585	3.16667	101.7	-2403010	20251027151500	https://www.thedailybeast.com/donald-trump-79-lets-slip-he-underwent-an-mri-scan-during-walter-reed-visit/
1270930790	20251027	202510	2025	2025.8137	USA	UNITED STATES	USA								MYS	MALAYSIA	MYS								1	084	084	08	2	7.0	1	1	1	1.05263157894736	3	White House, District of Columbia, United States	US	USDC		38.8951	-77.0364	531871	3	White House, District of Columbia, United States	US	USDC		38.8951	-77.0364	531871	3	White House, District of Columbia, United States	US	USDC		38.8951	-77.0364	531871	20251027151500	https://www.thedailybeast.com/donald-trump-79-lets-slip-he-underwent-an-mri-scan-during-walter-reed-visit/
1270930791	20251027	202510	2025	2025.8137	USA	UNITED STATES	USA								MYS	MALAYSIA	MYS								1	084	084	08	2	7.0	1	1	1	1.05263157894736	1	China	CH	CH		35	105	CH	3	White House, District of Columbia, United States	US	USDC		38.8951	-77.0364	531871	1	China	CH	CH		35	105	CH	20251027151500	https://www.thedailybeast.com/donald-trump-79-lets-slip-he-underwent-an-mri-scan-during-walter-reed-visit/
1270930792	20251027	202510	2025	2025.8137	USA	UNITED STATES	USA								NMR	NORTH AMERICA	NMR								1	042	042	04	1	1.9	4	1	4	7.38636363636363	2	Texas, United States	US	USTX		31.106	-97.6475	TX	2	Texas, United States	US	USTX		31.106	-97.6475	TX	2	Texas, United States	US	USTX		31.106	-97.6475	TX	20251027151500	https://www.el-balad.com/6746424
1270930793	20251027	202510	2025	2025.8137	USA	UNITED STATES	USA								PTY	DEMOCRATIC PARTY									0	036	036	03	1	4.0	2	1	2	-1.29496402877698	3	Washington, District of Columbia, United States	US	USDC	DC001	38.8951	-77.0364	531871	3	Washington, District of Columbia, United States	US	USDC	DC001	38.8951	-77.0364	531871	3	Washington, District of Columbia, United States	US	USDC	DC001	38.8951	-77.0364	531871	20251027151500	https://wcbm.com/national-headline/american-federation-of-government-employees-calls-on-democrats-to-end-the-schumer-shutdown/
1270930794	20251027	202510	2025	2025.8137	USA	WASHINGTON	USA								RUS	RUSSIAN	RUS								1	061	061	06	2	6.4	10	1	10	-4.35706695005313	3	Washington, District of Columbia, United States	US	USDC	DC001	38.8951	-77.0364	531871	4	Moscow, Moskva, Russia	RS	RS48	25106	55.7522	37.6156	-2960561	4	Moscow, Moskva, Russia	RS	RS48	25106	55.7522	37.6156	-2960561	20251027151500	https://indianexpress.com/article/business/us-sanctions-russian-oil-indian-oil-sanctions-10330411/
1270930795	20251027	202510	2025	2025.8137	USA	THE US	USA								RUS	RUSSIA	RUS								0	160	160	16	4	-4.0	4	1	4	-0.31055900621118	4	Burevestnik, Nizhegorodskaya Oblast', Russia	RS	RS51	25080	55.4144	43.9536	9259711	4	Burevestnik, Nizhegorodskaya Oblast', Russia	RS	RS51	25080	55.4144	43.9536	9259711	4	Burevestnik, Nizhegorodskaya Oblast', Russia	RS	RS51	25080	55.4144	43.9536	9259711	20251027151500	https://www.yahoo.com/news/articles/russias-skyfall-missile-test-trump-141551837.html
1270930796	20251027	202510	2025	2025.8137	USA	UNITED STATES	USA								SGP	SINGAPORE	SGP								0	013	013	01	1	0.4	2	1	2	-6.77966101694915	1	Singapore	SN	SN		1.366667	103.8	SN	1	Singapore	SN	SN		1.366667	103.8	SN	1	Singapore	SN	SN		1.366667	103.8	SN	20251027151500	https://www.straitstimes.com/singapore/courts-crime/24-years-jail-for-man-who-raped-daughter-after-lover-goaded-him-woman-given-22-years
1270930797	20251027	202510	2025	2025.8137	USA	UNITED STATES	USA								SGP	SINGAPORE	SGP								0	013	013	01	1	0.4	2	1	2	-6.77966101694915	1	United States	US	US		39.828175	-98.5795	US	1	Singapore	SN	SN		1.366667	103.8	SN	1	Singapore	SN	SN		1.366667	103.8	SN	20251027151500	https://www.straitstimes.com/singapore/courts-crime/24-years-jail-for-man-who-raped-daughter-after-lover-goaded-him-woman-given-22-years
1270930798	20251027	202510	2025	2025.8137	USA	IOWA	USA								UAF	TERRORIST						UAF			1	171	171	17	4	-9.2	2	1	2	-5.56962025316455	2	North Dakota, United States	US	USND		47.5362	-99.793	ND	2	North Dakota, United States	US	USND		47.5362	-99.793	ND	2	North Dakota, United States	US	USND		47.5362	-99.793	ND	20251027151500	https://www.kcrg.com/2025/10/27/2000-mink-released-iowa-farm-what-trade-group-calls-terrorist-act/
1270930799	20251027	202510	2025	2025.8137	USA	UNITED STATES	USA								USACOP	UNITED STATES	USA					COP			1	193	193	19	4	-10.0	6	1	6	-5.52763819095477	2	Georgia, United States	US	USGA		32.9866	-83.6487	GA	2	Georgia, United States	US	USGA		32.9866	-83.6487	GA	2	Georgia, United States	US	USGA		32.9866	-83.6487	GA	20251027151500	https://www.wsbtv.com/news/georgia-police-officer-firefighter-attacked-by-armed-man-officials-say/A7OA2CC4UVGTBM76BUGONMGGRQ/
1270930800	20251027	202510	2025	2025.8137	USA	SAN ANTONIO	USA								USAELI	SAN ANTONIO	USA					ELI			1	112	112	11	3	-2.0	6	1	6	-8.16326530612245	3	San Antonio, Texas, United States	US	USTX	TX029	29.4241	-98.4936	1380951	3	San Antonio, Texas, United States	US	USTX		29.4241	-98.4936	1380951	3	San Antonio, Texas, United States	US	USTX		29.4241	-98.4936	1380951	20251027151500	https://foxsanantonio.com/newsletter-daily/today-former-sapd-officers-trial-resumes-with-key-testimony-on-melissa-perez-shooting-san-antonio-texas-investigation-courtroom-judge-aggressive-posture
1270930801	20251027	202510	2025	2025.8137	USA	UNITED STATES	USA								USAGOV	THE WHITE HOUSE	USA					GOV			0	020	020	02	1	3.0	1	1	1	-1.21065375302663	4	Montreal, Quebec, Canada	CA	CA10	12713	45.5	-73.5833	-569541	4	Montreal, Quebec, Canada	CA	CA10	12713	45.5	-73.5833	-569541	4	Alexandria, Al Iskandariyah, Egypt	EG	EG06	61590	31.1981	29.9192	-290263	20251027151500	https://www.thedailybeast.com/donald-trump-confesses-that-he-found-elementary-school-level-cognitive-test-very-hard/
1270930802	20251027	202510	2025	2025.8137	USA	UNITED STATES	USA								USAGOV	THE WHITE HOUSE	USA					GOV			0	020	020	02	1	3.0	1	1	1	1.60550458715596	3	White House, District of Columbia, United States	US	USDC		38.8951	-77.0364	531871	3	White House, District of Columbia, United States	US	USDC		38.8951	-77.0364	531871	2	Michigan, United States	US	USMI		43.3504	-84.5603	MI	20251027151500	https://www.thedailybeast.com/donald-trump-brags-hed-love-to-do-a-third-term-as-president-of-the-united-states/
1270930803	20251027	202510	2025	2025.8137	USA	CALIFORNIA	USA								USAGOV	UNITED STATES	USA					GOV			1	090	090	09	2	-2.0	2	1	2	-1.51898734177216	2	California, United States	US	USCA		36.17	-119.746	CA	2	California, United States	US	USCA		36.17	-119.746	CA	2	California, United States	US	USCA		36.17	-119.746	CA	20251027151500	https://www.jdsupra.com/legalnews/california-expands-employee-rights-to-6208754/
1270930804	20251027	202510	2025	2025.8137	USA	UNITED STATES	USA								USAGOV	THE WHITE HOUSE	USA					GOV			0	1712	171	17	4	-9.2	2	1	2	-2.36318407960199	2	New York, United States	US	USNY		42.1497	-74.9384	NY	3	The White House, District of Columbia, United States	US	USDC		38.8951	-77.0364	531871	3	The White House, District of Columbia, United States	US	USDC		38.8951	-77.0364	531871	20251027151500	https://www.thedailybeast.com/jon-stewart-speaks-out-on-future-as-daily-show-host/
1270930805	20251027	202510	2025	2025.8137	USA	UNITED STATES	USA								USAGOV	THE WHITE HOUSE	USA					GOV			0	1712	171	17	4	-9.2	2	1	2	-2.36318407960199	2	New York, United States	US	USNY		42.1497	-74.9384	NY	2	New York, United States	US	USNY		42.1497	-74.9384	NY	2	New York, United States	US	USNY		42.1497	-74.9384	NY	20251027151500	https://www.thedailybeast.com/jon-stewart-speaks-out-on-future-as-daily-show-host/
1270930806	20251027	202510	2025	2025.8137	USA	UNITED STATES	USA								USAJUD	UNITED STATES	USA					JUD			0	010	010	01	1	0.0	2	1	2	0.3338898163606	2	Kentucky, United States	US	USKY		37.669	-84.6514	KY	3	Washington, District of Columbia, United States	US	USDC	DC001	38.8951	-77.0364	531871	3	Washington, District of Columbia, United States	US	USDC	DC001	38.8951	-77.0364	531871	20251027151500	https://watermarkonline.com/2025/10/27/kim-davis-seeks-supreme-court-review-in-challenge-to-marriage-equality/
1270930807	20251027	202510	2025	2025.8137	USA	UNITED STATES	USA								USALEG	UNITED STATES	USA					LEG			1	141	141	14	3	-6.5	1	1	1	0.38240917782026	2	Vermont, United States	US	USVT		44.0407	-72.7093	VT	4	Alexandria, Al Iskandariyah, Egypt	EG	EG06	61590	31.1981	29.9192	-290263	2	Vermont, United States	US	USVT		44.0407	-72.7093	VT	20251027151500	https://www.yahoo.com/news/articles/early-voting-nyc-mayoral-election-142800397.html
1270930808	20251027	202510	2025	2025.8137	USA	UNITED STATES	USA								USALEG	UNITED STATES	USA					LEG			1	141	141	14	3	-6.5	1	1	1	0.38240917782026	2	Vermont, United States	US	USVT		44.0407	-72.7093	VT	2	Vermont, United States	US	USVT		44.0407	-72.7093	VT	2	Vermont, United States	US	USVT		44.0407	-72.7093	VT	20251027151500	https://www.yahoo.com/news/articles/early-voting-nyc-mayoral-election-142800397.html
1270930809	20251027	202510	2025	2025.8137	USA	NEW YORK	USA								USAMED	NEW YORK	USA					MED			1	040	040	04	1	1.0	5	1	5	-5.55555555555556	2	New York, United States	US	USNY		42.1497	-74.9384	NY	2	New York, United States	US	USNY		42.1497	-74.9384	NY	2	New York, United States	US	USNY		42.1497	-74.9384	NY	20251027151500	https://www.yahoo.com/news/articles/unbearable-examines-human-cost-americas-144514596.html
1270930810	20251027	202510	2025	2025.8137	USA	UNITED STATES	USA								USAMED	UNITED STATES	USA					MED			1	043	043	04	1	2.8	2	1	2	-0.91954022988506	3	Washington, District of Columbia, United States	US	USDC	DC001	38.8951	-77.0364	531871	3	Washington, District of Columbia, United States	US	USDC	DC001	38.8951	-77.0364	531871	3	Washington, District of Columbia, United States	US	USDC	DC001	38.8951	-77.0364	531871	20251027151500	https://www.yahoo.com/news/articles/john-dickerson-depart-cbs-news-142555908.html
1270930811	20251027	202510	2025	2025.8137	USA	CALIFORNIA	USA								USAMIL	UNITED STATES	USA					MIL			0	100	100	10	3	-5.0	1	1	1	-4.65227817745803	2	Illinois, United States	US	USIL		40.3363	-89.0022	IL	2	Illinois, United States	US	USIL		40.3363	-89.0022	IL	2	Illinois, United States	US	USIL		40.3363	-89.0022	IL	20251027151500	https://newrepublic.com/article/202259/cases-unleash-trump-war-blue-cities
1270930812	20251027	202510	2025	2025.8137	USA	CALIFORNIA	USA								USAMIL	UNITED STATES	USA					MIL			0	100	100	10	3	-5.0	1	1	1	-4.65227817745803	1	United Kingdom	UK	UK		54	-4	UK	1	United Kingdom	UK	UK		54	-4	UK	1	United Kingdom	UK	UK		54	-4	UK	20251027151500	https://newrepublic.com/article/202259/cases-unleash-trump-war-blue-cities
1270930813	20251027	202510	2025	2025.8137	USA	AMERICAN	USA								ltn	LATINOS			ltn						0	014	014	01	1	0.0	2	1	2	-3.69515011547344	2	California, United States	US	USCA		36.17	-119.746	CA	2	California, United States	US	USCA		36.17	-119.746	CA	2	California, United States	US	USCA		36.17	-119.746	CA	20251027151500	https://lostcoastoutpost.com/2025/oct/27/california-latinos-take-pride-in-casting-ballots-i/
1270930814	20251027	202510	2025	2025.8137	USACOP	UNITED STATES	USA					COP													1	090	090	09	2	-2.0	6	1	6	-8.72483221476514	3	Baltimore County, Maryland, United States	US	USMD	MD005	39.4668	-76.6497	1695314	0								3	Baltimore County, Maryland, United States	US	USMD		39.4668	-76.6497	1695314	20251027151500	https://wcbm.com/local-story/baltimore-county-police-to-monitor-sex-offenders-on-halloween/
1270930815	20251027	202510	2025	2025.8137	USACOP	PITTSBURGH	USA					COP													0	190	190	19	4	-10.0	10	1	10	0.38925652004671	3	White House, District of Columbia, United States	US	USDC		38.8951	-77.0364	531871	0								3	White House, District of Columbia, United States	US	USDC		38.8951	-77.0364	531871	20251027151500	https://www.wesa.fm/wesa-voter-guide/2025-10-06/pittsburgh-city-council-district-4
1270930816	20251027	202510	2025	2025.8137	USACOP	UNITED STATES	USA					COP													1	193	193	19	4	-10.0	2	1	2	-5.52763819095477	2	Georgia, United States	US	USGA		32.9866	-83.6487	GA	0								2	Georgia, United States	US	USGA		32.9866	-83.6487	GA	20251027151500	https://www.wsbtv.com/news/georgia-police-officer-firefighter-attacked-by-armed-man-officials-say/A7OA2CC4UVGTBM76BUGONMGGRQ/
1270930817	20251027	202510	2025	2025.8137	USACVL	AMERICAN	USA					CVL													0	014	014	01	1	0.0	3	1	3	-3.69515011547344	2	California, United States	US	USCA		36.17	-119.746	CA	0								2	California, United States	US	USCA		36.17	-119.746	CA	20251027151500	https://lostcoastoutpost.com/2025/oct/27/california-latinos-take-pride-in-casting-ballots-i/
1270930818	20251027	202510	2025	2025.8137	USACVL	PITTSBURGH	USA					CVL													1	114	114	11	3	-2.0	10	1	10	0.38925652004671	3	White House, District of Columbia, United States	US	USDC		38.8951	-77.0364	531871	0								3	White House, District of Columbia, United States	US	USDC		38.8951	-77.0364	531871	20251027151500	https://www.wesa.fm/wesa-voter-guide/2025-10-06/pittsburgh-city-council-district-4
1270930819	20251027	202510	2025	2025.8137	USACVL	ILLINOIS	USA					CVL			GOV	MAYOR						GOV			0	120	120	12	3	-4.0	6	1	6	-0.60606060606061	2	Illinois, United States	US	USIL		40.3363	-89.0022	IL	2	Illinois, United States	US	USIL		40.3363	-89.0022	IL	2	Illinois, United States	US	USIL		40.3363	-89.0022	IL	20251027151500	https://www.rcreader.com/commentary/stacy-davis-gates-and-brandon-johnson-want-funds-state-coffers-plainly-arent-there
1270930820	20251027	202510	2025	2025.8137	USAEDU	UNITED STATES	USA					EDU			EDU	UNIVERSITY						EDU			1	111	111	11	3	-2.0	1	1	1	-3.77952755905512	3	Law School, Michigan, United States	US	USMI	MI159	42.3603	-86.2684	630202	3	Law School, Michigan, United States	US	USMI		42.3603	-86.2684	630202	3	Law School, Michigan, United States	US	USMI		42.3603	-86.2684	630202	20251027151500	https://www.michigandaily.com/news/public-safety/pepper-spray-bystander-intervention-and-community-training-self-defense-on-campus/
1270930821	20251027	202510	2025	2025.8137	USAEDU	UNITED STATES	USA					EDU			EDU	UNIVERSITY						EDU			1	111	111	11	3	-2.0	1	1	1	-3.77952755905512	2	Michigan, United States	US	USMI		43.3504	-84.5603	MI	3	Law School, Michigan, United States	US	USMI		42.3603	-86.2684	630202	3	Law School, Michigan, United States	US	USMI		42.3603	-86.2684	630202	20251027151500	https://www.michigandaily.com/news/public-safety/pepper-spray-bystander-intervention-and-community-training-self-defense-on-campus/
1270930822	20251027	202510	2025	2025.8137	USAELI	BILL CLINTON	USA					ELI													0	010	010	01	1	0.0	10	1	10	0.69108500345543	2	Illinois, United States	US	USIL		40.3363	-89.0022	IL	0								2	Illinois, United States	US	USIL		40.3363	-89.0022	IL	20251027151500	https://www.yahoo.com/news/articles/left-wing-ideas-wrecked-democrats-143617036.html
1270930823	20251027	202510	2025	2025.8137	USAELI	BILL CLINTON	USA					ELI													0	130	130	13	3	-4.4	10	1	10	0.69108500345543	2	Illinois, United States	US	USIL		40.3363	-89.0022	IL	0								2	Illinois, United States	US	USIL		40.3363	-89.0022	IL	20251027151500	https://www.yahoo.com/news/articles/left-wing-ideas-wrecked-democrats-143617036.html
1270930824	20251027	202510	2025	2025.8137	USAGOV	OBAMA	USA					GOV													0	010	010	01	1	0.0	10	1	10	0.69108500345543	4	Alexandria, Al Iskandariyah, Egypt	EG	EG06	61590	31.1981	29.9192	-290263	0								4	Alexandria, Al Iskandariyah, Egypt	EG	EG06	61590	31.1981	29.9192	-290263	20251027151500	https://www.yahoo.com/news/articles/left-wing-ideas-wrecked-democrats-143617036.html
1270930825	20251027	202510	2025	2025.8137	USAGOV	THE WHITE HOUSE	USA					GOV													0	032	032	03	1	4.5	4	1	4	-1.72413793103448	3	White House, District of Columbia, United States	US	USDC		38.8951	-77.0364	531871	0								3	White House, District of Columbia, United States	US	USDC		38.8951	-77.0364	531871	20251027151500	https://kotaku.com/donald-trump-halo-gamestop-console-wars-meme-ai-images-2000639237
1270930826	20251027	202510	2025	2025.8137	USAGOV	LAWRENCE	USA					GOV													1	040	040	04	1	1.0	3	1	3	0.92514718250631	1	New Zealand	NZ	NZ		-42	174	NZ	0								1	New Zealand	NZ	NZ		-42	174	NZ	20251027151500	https://www.straitstimes.com/asia/se-asia/asean-leaders-push-for-stronger-trade-ties-with-rcep-members-and-other-partners
1270930827	20251027	202510	2025	2025.8137	USAGOV	UNITED STATES	USA					GOV													1	042	042	04	1	1.9	2	1	2	4.79616306954437	1	Jamaica	JM	JM		18.25	-77.5	JM	0								1	Jamaica	JM	JM		18.25	-77.5	JM	20251027151500	https://www.miaminewtimes.com/arts-culture/tinashe-in-wynwood-marshmello-at-liv-40497732/
1270930828	20251027	202510	2025	2025.8137	USAGOV	UNITED STATES	USA					GOV													1	043	043	04	1	2.8	1	1	1	4.79616306954437	3	Miami, Florida, United States	US	USFL	FL086	25.7743	-80.1937	295004	0								3	Miami, Florida, United States	US	USFL	FL086	25.7743	-80.1937	295004	20251027151500	https://www.miaminewtimes.com/arts-culture/tinashe-in-wynwood-marshmello-at-liv-40497732/
1270930829	20251027	202510	2025	2025.8137	USAGOV	THE WHITE HOUSE	USA					GOV													1	084	084	08	2	7.0	2	1	2	1.05263157894736	1	China	CH	CH		35	105	CH	0								1	China	CH	CH		35	105	CH	20251027151500	https://www.thedailybeast.com/donald-trump-79-lets-slip-he-underwent-an-mri-scan-during-walter-reed-visit/
1270930830	20251027	202510	2025	2025.8137	USAGOV	UNITED STATES	USA					GOV													1	129	129	12	3	-5.0	2	1	2	-0.45300113250284	2	California, United States	US	USCA		36.17	-119.746	CA	0								2	California, United States	US	USCA		36.17	-119.746	CA	20251027151500	https://www.jdsupra.com/legalnews/california-enacts-comprehensive-ai-8701174/
1270930831	20251027	202510	2025	2025.8137	USAGOV	UNITED STATES	USA					GOV			EGY	ALEXANDRIA	EGY								0	020	020	02	1	3.0	2	1	2	-1.21065375302663	2	Texas, United States	US	USTX		31.106	-97.6475	TX	2	Texas, United States	US	USTX		31.106	-97.6475	TX	2	Texas, United States	US	USTX		31.106	-97.6475	TX	20251027151500	https://www.thedailybeast.com/donald-trump-confesses-that-he-found-elementary-school-level-cognitive-test-very-hard/
1270930832	20251027	202510	2025	2025.8137	USAGOV	UNITED STATES	USA					GOV			GOV	GOVERNMENT						GOV			0	071	071	07	2	7.4	8	2	8	-2.46264589672555	3	Washington, District of Columbia, United States	US	USDC	DC001	38.8951	-77.0364	531871	3	Washington, District of Columbia, United States	US	USDC	DC001	38.8951	-77.0364	531871	3	Washington, District of Columbia, United States	US	USDC	DC001	38.8951	-77.0364	531871	20251027151500	https://www.bbc.com/news/articles/cdjrxm0exz3o
1270930833	20251027	202510	2025	2025.8137	USAGOV	UNITED STATES	USA					GOV			HLH	PHYSICIAN						HLH			1	010	010	01	1	0.0	2	1	2	2.81124497991968	3	Phoenix, Arizona, United States	US	USAZ	AZ013	33.4484	-112.074	44784	3	Phoenix, Arizona, United States	US	USAZ	AZ013	33.4484	-112.074	44784	3	Phoenix, Arizona, United States	US	USAZ	AZ013	33.4484	-112.074	44784	20251027151500	https://ktar.com/arizona-education/u-of-a-banner-health-impact/5765358/
1270930834	20251027	202510	2025	2025.8137	USAGOV	US AMBASSADOR	USA					GOV			HUN	HUNGARY	HUN								1	036	036	03	1	4.0	1	1	1	-2.41691842900302	4	Kremlin, Moskva, Russia	RS	RS48	25106	55.7522	37.6156	-2960561	3	Washington, District of Columbia, United States	US	USDC	DC001	38.8951	-77.0364	531871	1	Ukraine	UP	UP		49	32	UP	20251027151500	https://www.bssnews.net/international/325659
1270930835	20251027	202510	2025	2025.8137	USAGOV	US AMBASSADOR	USA					GOV			HUN	HUNGARY	HUN								1	036	036	03	1	4.0	1	1	1	-2.41691842900302	3	Washington, District of Columbia, United States	US	USDC	DC001	38.8951	-77.0364	531871	4	Budapest, Budapest, Hungary	HU	HU05	17514	47.5	19.0833	-850553	3	Washington, District of Columbia, United States	US	USDC	DC001	38.8951	-77.0364	531871	20251027151500	https://www.bssnews.net/international/325659
1270930836	20251027	202510	2025	2025.8137	USAGOV	US AMBASSADOR	USA					GOV			HUN	HUNGARY	HUN								1	036	036	03	1	4.0	3	1	3	-2.41691842900302	1	Ukraine	UP	UP		49	32	UP	4	Budapest, Budapest, Hungary	HU	HU05	17514	47.5	19.0833	-850553	3	Washington, District of Columbia, United States	US	USDC	DC001	38.8951	-77.0364	531871	20251027151500	https://www.bssnews.net/international/325659
1270930837	20251027	202510	2025	2025.8137	USAGOV	CALIFORNIA	USA					GOV			LAB	EMPLOYEE						LAB			1	090	090	09	2	-2.0	3	1	3	-1.51898734177216	2	California, United States	US	USCA		36.17	-119.746	CA	2	California, United States	US	USCA		36.17	-119.746	CA	2	California, United States	US	USCA		36.17	-119.746	CA	20251027151500	https://www.jdsupra.com/legalnews/california-expands-employee-rights-to-6208754/
1270930838	20251027	202510	2025	2025.8137	USAGOV	THE WHITE HOUSE	USA					GOV			MYS	MALAYSIA	MYS								1	084	084	08	2	7.0	1	1	1	1.05263157894736	3	White House, District of Columbia, United States	US	USDC		38.8951	-77.0364	531871	3	White House, District of Columbia, United States	US	USDC		38.8951	-77.0364	531871	3	White House, District of Columbia, United States	US	USDC		38.8951	-77.0364	531871	20251027151500	https://www.thedailybeast.com/donald-trump-79-lets-slip-he-underwent-an-mri-scan-during-walter-reed-visit/
1270930839	20251027	202510	2025	2025.8137	USAGOV	THE WHITE HOUSE	USA					GOV			MYS	MALAYSIA	MYS								1	084	084	08	2	7.0	1	1	1	1.05263157894736	1	China	CH	CH		35	105	CH	3	White House, District of Columbia, United States	US	USDC		38.8951	-77.0364	531871	1	China	CH	CH		35	105	CH	20251027151500	https://www.thedailybeast.com/donald-trump-79-lets-slip-he-underwent-an-mri-scan-during-walter-reed-visit/
1270930840	20251027	202510	2025	2025.8137	USAGOV	LAWRENCE	USA					GOV			NZL	NEW ZEALAND	NZL								1	040	040	04	1	1.0	1	1	1	0.92514718250631	1	New Zealand	NZ	NZ		-42	174	NZ	1	New Zealand	NZ	NZ		-42	174	NZ	1	New Zealand	NZ	NZ		-42	174	NZ	20251027151500	https://www.straitstimes.com/asia/se-asia/asean-leaders-push-for-stronger-trade-ties-with-rcep-members-and-other-partners
1270930841	20251027	202510	2025	2025.8137	USAGOV	UNITED STATES	USA					GOV			USA	UNITED STATES	USA								0	020	020	02	1	3.0	2	1	2	-1.0371650821089	2	California, United States	US	USCA		36.17	-119.746	CA	2	California, United States	US	USCA		36.17	-119.746	CA	3	Sacramento, California, United States	US	USCA	CA067	38.5816	-121.494	1659564	20251027151500	https://www.jdsupra.com/legalnews/special-water-supply-edition-california-3712638/
1270930842	20251027	202510	2025	2025.8137	USAGOV	UNITED STATES	USA					GOV			USA	CALIFORNIA	USA								0	020	020	02	1	3.0	1	1	1	3.65482233502538	2	California, United States	US	USCA		36.17	-119.746	CA	2	California, United States	US	USCA		36.17	-119.746	CA	2	California, United States	US	USCA		36.17	-119.746	CA	20251027151500	https://www.jdsupra.com/legalnews/nvidia-ceo-hails-ai-as-america-s-next-1027656/
1270930843	20251027	202510	2025	2025.8137	USAGOV	THE WHITE HOUSE	USA					GOV			USA	UNITED STATES	USA								0	070	070	07	2	7.0	4	2	4	-2.46264589672555	3	White House, District of Columbia, United States	US	USDC		38.8951	-77.0364	531871	3	White House, District of Columbia, United States	US	USDC		38.8951	-77.0364	531871	3	White House, District of Columbia, United States	US	USDC		38.8951	-77.0364	531871	20251027151500	https://www.bbc.com/news/articles/cdjrxm0exz3o
1270930844	20251027	202510	2025	2025.8137	USAGOV	UNITED STATES	USA					GOV			USA	UNITED STATES	USA								0	129	129	12	3	-5.0	2	1	2	-1.0371650821089	2	California, United States	US	USCA		36.17	-119.746	CA	2	California, United States	US	USCA		36.17	-119.746	CA	2	California, United States	US	USCA		36.17	-119.746	CA	20251027151500	https://www.jdsupra.com/legalnews/special-water-supply-edition-california-3712638/
1270930845	20251027	202510	2025	2025.8137	USAGOV	UNITED STATES	USA					GOV			USA	MINNESOTA	USA								1	173	173	17	4	-5.0	2	1	2	-7.31070496083551	2	Minnesota, United States	US	USMN		45.7326	-93.9196	MN	2	Minnesota, United States	US	USMN		45.7326	-93.9196	MN	2	Minnesota, United States	US	USMN		45.7326	-93.9196	MN	20251027151500	https://wcbm.com/national-headline/this-guy-thought-it-would-be-a-good-idea-to-post-a-45000-bounty-on-pam-bondi/
1270930846	20251027	202510	2025	2025.8137	USAGOV	US OFFICIAL	USA					GOV			VEN	VENEZUELA	VEN								0	010	010	01	1	0.0	2	1	2	-6.49717514124294	4	Caracas, Distrito Federal, Venezuela	VE	VE25	31959	10.5	-66.9167	-938457	3	Washington, District of Columbia, United States	US	USDC	DC001	38.8951	-77.0364	531871	3	Washington, District of Columbia, United States	US	USDC	DC001	38.8951	-77.0364	531871	20251027151500	http://www.bignewsnetwork.com/news/278659058/maduro-days-are-numbered-senior-us-republican
1270930847	20251027	202510	2025	2025.8137	USAGOVBUS	AMERICAN	USA					GOV	BUS												1	071	071	07	2	7.4	3	1	3	8.53889943074004	1	United States	US	US		39.828175	-98.5795	US	0								1	United States	US	US		39.828175	-98.5795	US	20251027151500	https://www.tickerreport.com/banking-finance/13215522/spdr-gold-shares-gld-shares-sold-by-delta-investment-management-llc.html
1270930848	20251027	202510	2025	2025.8137	USAGOVELI	JOE BIDEN	USA					GOV	ELI		GOV	ADMINISTRATION						GOV			1	110	110	11	3	-2.0	6	1	6	1.5527950310559	3	Boston, Massachusetts, United States	US	USMA	MA025	42.3584	-71.0598	617565	3	Boston, Massachusetts, United States	US	USMA	MA025	42.3584	-71.0598	617565	3	Boston, Massachusetts, United States	US	USMA	MA025	42.3584	-71.0598	617565	20251027151500	https://www.yahoo.com/news/articles/biden-praises-night-hosts-speaking-124054932.html
1270930849	20251027	202510	2025	2025.8137	USAGOVELI	JOE BIDEN	USA					GOV	ELI		USAGOV	JOE BIDEN	USA					GOV			1	051	051	05	1	3.4	10	1	10	1.5527950310559	3	Boston, Massachusetts, United States	US	USMA	MA025	42.3584	-71.0598	617565	3	Boston, Massachusetts, United States	US	USMA	MA025	42.3584	-71.0598	617565	3	Boston, Massachusetts, United States	US	USMA	MA025	42.3584	-71.0598	617565	20251027151500	https://www.yahoo.com/news/articles/biden-praises-night-hosts-speaking-124054932.html
1270930850	20251027	202510	2025	2025.8137	USAGOVELI	JOE BIDEN	USA					GOV	ELI		USAGOV	UNITED STATES	USA					GOV			1	110	110	11	3	-2.0	4	1	4	1.5527950310559	3	Boston, Massachusetts, United States	US	USMA	MA025	42.3584	-71.0598	617565	3	Boston, Massachusetts, United States	US	USMA	MA025	42.3584	-71.0598	617565	3	Boston, Massachusetts, United States	US	USMA	MA025	42.3584	-71.0598	617565	20251027151500	https://www.yahoo.com/news/articles/biden-praises-night-hosts-speaking-124054932.html
1270930851	20251027	202510	2025	2025.8137	USALAB	UNITED STATES	USA					LAB													1	010	010	01	1	0.0	2	2	2	-2.46264589672555	3	Washington, District of Columbia, United States	US	USDC	DC001	38.8951	-77.0364	531871	0								3	Washington, District of Columbia, United States	US	USDC	DC001	38.8951	-77.0364	531871	20251027151500	https://www.bbc.com/news/articles/cdjrxm0exz3o
1270930852	20251027	202510	2025	2025.8137	USALEG	UNITED STATES	USA					LEG													0	120	120	12	3	-4.0	2	1	2	-1.54798761609908	3	Washington, District of Columbia, United States	US	USDC	DC001	38.8951	-77.0364	531871	0								3	Washington, District of Columbia, United States	US	USDC	DC001	38.8951	-77.0364	531871	20251027151500	https://www.theguardian.com/us-news/2025/oct/27/afge-union-government-shutdown-federal-workers
1270930853	20251027	202510	2025	2025.8137	USALEG	OKLAHOMA	USA					LEG			CVL	CONSTITUENT						CVL			1	051	051	05	1	3.4	3	1	3	-0.99502487562189	2	Oklahoma, United States	US	USOK		35.5376	-96.9247	OK	2	Oklahoma, United States	US	USOK		35.5376	-96.9247	OK	2	Oklahoma, United States	US	USOK		35.5376	-96.9247	OK	20251027151500	https://www.yahoo.com/news/articles/oklahoma-lawmakers-didn-t-pay-144533329.html
1270930854	20251027	202510	2025	2025.8137	USALEG	UNITED STATES	USA					LEG			CVL	CONSTITUENT						CVL			0	120	120	12	3	-4.0	2	1	2	0.92592592592593	2	Indiana, United States	US	USIN		39.8647	-86.2604	IN	3	White House, District of Columbia, United States	US	USDC		38.8951	-77.0364	531871	3	White House, District of Columbia, United States	US	USDC		38.8951	-77.0364	531871	20251027151500	https://kxel.com/2025/10/27/indiana-gov-mike-braun-announces-special-session-that-will-include-considering-redrawing-congressional-map/
1270930855	20251027	202510	2025	2025.8137	USALEG	INDIANA	USA					LEG			CVL	CONSTITUENT						CVL			0	120	120	12	3	-4.0	4	1	4	0.92592592592593	2	Indiana, United States	US	USIN		39.8647	-86.2604	IN	2	Indiana, United States	US	USIN		39.8647	-86.2604	IN	3	White House, District of Columbia, United States	US	USDC		38.8951	-77.0364	531871	20251027151500	https://kxel.com/2025/10/27/indiana-gov-mike-braun-announces-special-session-that-will-include-considering-redrawing-congressional-map/
1270930856	20251027	202510	2025	2025.8137	USAMED	MINNESOTA	USA					MED													0	202	202	20	4	-10.0	3	1	3	-2.54957507082153	2	Minnesota, United States	US	USMN		45.7326	-93.9196	MN	0								2	Minnesota, United States	US	USMN		45.7326	-93.9196	MN	20251027151500	https://www.postbulletin.com/news/the-vault/is-a-boat-load-of-gold-buried-somewhere-along-the-missouri-river
1270930857	20251027	202510	2025	2025.8137	USAMED	ASSOCIATED PRESS	USA					MED			AFG	JALALABAD	AFG								0	070	070	07	2	7.0	4	1	4	-2.44299674267101	4	Islamabad, Islamabad, Pakistan	PK	PK08	23674	33.7	73.1667	-2762812	4	Jalalabad, Nangarhar, Afghanistan	AF	AF18	99928	34.4265	70.4515	-3377673	4	Islamabad, Islamabad, Pakistan	PK	PK08	23674	33.7	73.1667	-2762812	20251027151500	https://www.yahoo.com/news/articles/pakistan-afghanistan-hold-third-day-144339563.html
1270930858	20251027	202510	2025	2025.8137	USAMED	ASSOCIATED PRESS	USA					MED			AFG	JALALABAD	AFG								0	070	070	07	2	7.0	4	1	4	-2.44299674267101	4	Islamabad, Islamabad, Pakistan	PK	PK08	23674	33.7	73.1667	-2762812	4	Jalalabad, Nangarhar, Afghanistan	AF	AF18	99928	34.4265	70.4515	-3377673	4	Jalalabad, Nangarhar, Afghanistan	AF	AF18	99928	34.4265	70.4515	-3377673	20251027151500	https://www.yahoo.com/news/articles/pakistan-afghanistan-hold-third-day-144339563.html
1270930859	20251027	202510	2025	2025.8137	USAMED	ASSOCIATED PRESS	USA					MED			AFG	JALALABAD	AFG								0	070	070	07	2	7.0	2	1	2	-2.44299674267101	1	Russia	RS	RS		60	100	RS	4	Islamabad, Islamabad, Pakistan	PK	PK08	23674	33.7	73.1667	-2762812	4	Jalalabad, Nangarhar, Afghanistan	AF	AF18	99928	34.4265	70.4515	-3377673	20251027151500	https://www.yahoo.com/news/articles/pakistan-afghanistan-hold-third-day-144339563.html
1270930860	20251027	202510	2025	2025.8137	USAMED	REUTERS	USA					MED			BUS	BANK						BUS			1	042	042	04	1	1.9	5	1	5	2.9673590504451	4	Zurich, ZüSZ, Switzerland	SZ	SZ25	26310	47.3667	8.55	-2554935	4	Zurich, ZüSZ, Switzerland	SZ	SZ25	26310	47.3667	8.55	-2554935	4	Zurich, ZüSZ, Switzerland	SZ	SZ25	26310	47.3667	8.55	-2554935	20251027151500	https://www.marketscreener.com/news/ubs-files-application-for-us-banking-licence-eyeing-growth-ce7d5ddfdb88f220
1270930861	20251027	202510	2025	2025.8137	USAMED	NEW YORK	USA					MED			MED	CORRESPONDENT						MED			1	046	046	04	1	7.0	3	1	3	-5.55555555555556	2	New York, United States	US	USNY		42.1497	-74.9384	NY	2	New York, United States	US	USNY		42.1497	-74.9384	NY	2	New York, United States	US	USNY		42.1497	-74.9384	NY	20251027151500	https://www.yahoo.com/news/articles/unbearable-examines-human-cost-americas-144514596.html
1270930862	20251027	202510	2025	2025.8137	USAMED	UNITED STATES	USA					MED			USA	UNITED STATES	USA								1	042	042	04	1	1.9	2	1	2	-0.91954022988506	3	Washington, District of Columbia, United States	US	USDC	DC001	38.8951	-77.0364	531871	3	Washington, District of Columbia, United States	US	USDC	DC001	38.8951	-77.0364	531871	3	Washington, District of Columbia, United States	US	USDC	DC001	38.8951	-77.0364	531871	20251027151500	https://www.yahoo.com/news/articles/john-dickerson-depart-cbs-news-142555908.html
1270930863	20251027	202510	2025	2025.8137	USAMIL	UNITED STATES	USA					MIL			FIN	FINLAND	FIN								1	057	057	05	1	8.0	10	1	10	0	2	Texas, United States	US	USTX		31.106	-97.6475	TX	2	Texas, United States	US	USTX		31.106	-97.6475	TX	2	Texas, United States	US	USTX		31.106	-97.6475	TX	20251027151500	https://www.yahoo.com/news/articles/us-coast-guard-closes-deal-143500011.html
1270930864	20251027	202510	2025	2025.8137	USAMIL	CALIFORNIA	USA					MIL			GOV	GOVERNOR						GOV			0	100	100	10	3	-5.0	3	1	3	-4.65227817745803	2	Illinois, United States	US	USIL		40.3363	-89.0022	IL	2	Illinois, United States	US	USIL		40.3363	-89.0022	IL	2	Illinois, United States	US	USIL		40.3363	-89.0022	IL	20251027151500	https://newrepublic.com/article/202259/cases-unleash-trump-war-blue-cities
1270930865	20251027	202510	2025	2025.8137	VEN	VENEZUELA	VEN								RUS	RUSSIA	RUS								1	042	042	04	1	1.9	1	1	1	-6.49717514124294	1	Spain	SP	SP		40	-4	SP	1	Spain	SP	SP		40	-4	SP	1	Spain	SP	SP		40	-4	SP	20251027151500	http://www.bignewsnetwork.com/news/278659058/maduro-days-are-numbered-senior-us-republican
1270930866	20251027	202510	2025	2025.8137	VEN	VENEZUELA	VEN								TTO	TRINIDAD AND TOBAGO	TTO								1	042	042	04	1	1.9	8	1	8	-4.23076923076923	1	Venezuela	VE	VE		8	-66	VE	1	Trinidad And Tobago	TD	TD		11	-61	TD	1	United States	US	US		39.828175	-98.5795	US	20251027151500	https://www.democracynow.org/2025/10/27/headlines/venezuela_denounces_the_us_for_docking_warship_in_trinidad_and_tobago
1270930867	20251027	202510	2025	2025.8137	VEN	VENEZUELA	VEN								TTOMIL	TRINIDAD AND TOBAGO	TTO					MIL			1	042	042	04	1	1.9	10	1	10	-4.23076923076923	1	Venezuela	VE	VE		8	-66	VE	1	Trinidad And Tobago	TD	TD		11	-61	TD	1	United States	US	US		39.828175	-98.5795	US	20251027151500	https://www.democracynow.org/2025/10/27/headlines/venezuela_denounces_the_us_for_docking_warship_in_trinidad_and_tobago
1270930868	20251027	202510	2025	2025.8137	VEN	VENEZUELA	VEN								USA	THE US	USA								1	020	020	02	1	3.0	3	1	3	-6.49717514124294	1	Spain	SP	SP		40	-4	SP	1	Spain	SP	SP		40	-4	SP	1	Spain	SP	SP		40	-4	SP	20251027151500	http://www.bignewsnetwork.com/news/278659058/maduro-days-are-numbered-senior-us-republican
1270930869	20251027	202510	2025	2025.8137	VEN	VENEZUELA	VEN								USA	UNITED STATES	USA								1	111	111	11	3	-2.0	10	1	10	-4.23076923076923	1	Colombia	CO	CO		4	-72	CO	1	Colombia	CO	CO		4	-72	CO	1	Colombia	CO	CO		4	-72	CO	20251027151500	https://www.democracynow.org/2025/10/27/headlines/venezuela_denounces_the_us_for_docking_warship_in_trinidad_and_tobago
1270930870	20251027	202510	2025	2025.8137	VENGOV	VENEZUELAN	VEN					GOV			GOV	PRESIDENT						GOV			1	112	112	11	3	-2.0	3	1	3	-4.23076923076923	1	Venezuela	VE	VE		8	-66	VE	1	Venezuela	VE	VE		8	-66	VE	1	Venezuela	VE	VE		8	-66	VE	20251027151500	https://www.democracynow.org/2025/10/27/headlines/venezuela_denounces_the_us_for_docking_warship_in_trinidad_and_tobago
1270930871	20251027	202510	2025	2025.8137	ZWE	ZIMBABWE	ZWE																		1	051	051	05	1	3.4	2	1	2	-10.025706940874	4	Sanyati, Midlands, Zimbabwe	ZI	ZI02	40197	-18.6624	29.7842	-2317387	0								4	Sanyati, Midlands, Zimbabwe	ZI	ZI02	40197	-18.6624	29.7842	-2317387	20251027151500	https://nehandaradio.com/2025/10/27/mutangadura-murder-suspect-kills-police-officer-during-dramatic-sanyati-arrest/
1270930872	20251027	202510	2025	2025.8137	ZWE	SALISBURY	ZWE								BUS	OIL GROUP						BUS			1	010	010	01	1	0.0	18	3	18	-5.47333419186966	4	Salisbury, Mashonaland East, Zimbabwe	ZI	ZI04	40197	-17.8178	31.0447	-2312291	4	Salisbury, Mashonaland East, Zimbabwe	ZI	ZI04	40197	-17.8178	31.0447	-2312291	4	Salisbury, Mashonaland East, Zimbabwe	ZI	ZI04	40197	-17.8178	31.0447	-2312291	20251027151500	https://www.bristolpost.co.uk/news/uk-world-news/just-stop-oil-supporters-drove-10602939
1270930873	20251027	202510	2025	2025.8137	ZWE	ZIMBABWE	ZWE								COP	POLICE						COP			1	062	062	06	2	7.4	1	1	1	-10.025706940874	4	Sanyati, Midlands, Zimbabwe	ZI	ZI02	40197	-18.6624	29.7842	-2317387	4	Harare, Mashonaland East, Zimbabwe	ZI	ZI04	40197	-17.8178	31.0447	-2312291	4	Sanyati, Midlands, Zimbabwe	ZI	ZI02	40197	-18.6624	29.7842	-2317387	20251027151500	https://nehandaradio.com/2025/10/27/mutangadura-murder-suspect-kills-police-officer-during-dramatic-sanyati-arrest/
1270930874	20251027	202510	2025	2025.8137	ZWE	ZIMBABWE	ZWE								COP	POLICE						COP			1	062	062	06	2	7.4	1	1	1	-10.025706940874	4	Sanyati, Midlands, Zimbabwe	ZI	ZI02	40197	-18.6624	29.7842	-2317387	4	Sanyati, Midlands, Zimbabwe	ZI	ZI02	40197	-18.6624	29.7842	-2317387	4	Sanyati, Midlands, Zimbabwe	ZI	ZI02	40197	-18.6624	29.7842	-2317387	20251027151500	https://nehandaradio.com/2025/10/27/mutangadura-murder-suspect-kills-police-officer-during-dramatic-sanyati-arrest/
1270930875	20251027	202510	2025	2025.8137	ZWE	ZIMBABWE	ZWE								COP	POLICE						COP			1	062	062	06	2	7.4	1	1	1	-10.025706940874	4	Patchway, Zimbabwe (general), Zimbabwe	ZI	ZI00	40197	-18.2333	29.8	-2319661	4	Harare, Mashonaland East, Zimbabwe	ZI	ZI04	40197	-17.8178	31.0447	-2312291	4	Patchway, Zimbabwe (general), Zimbabwe	ZI	ZI00	40197	-18.2333	29.8	-2319661	20251027151500	https://nehandaradio.com/2025/10/27/mutangadura-murder-suspect-kills-police-officer-during-dramatic-sanyati-arrest/
1270930876	20251027	202510	2025	2025.8137	ZWE	ZIMBABWE	ZWE								COP	POLICE						COP			1	062	062	06	2	7.4	4	1	4	-10.025706940874	4	Patchway, Zimbabwe (general), Zimbabwe	ZI	ZI00	40197	-18.2333	29.8	-2319661	4	Sanyati, Midlands, Zimbabwe	ZI	ZI02	40197	-18.6624	29.7842	-2317387	4	Patchway, Zimbabwe (general), Zimbabwe	ZI	ZI00	40197	-18.2333	29.8	-2319661	20251027151500	https://nehandaradio.com/2025/10/27/mutangadura-murder-suspect-kills-police-officer-during-dramatic-sanyati-arrest/
1270930877	20251027	202510	2025	2025.8137	ZWE	ZIMBABWE	ZWE								COP	POLICE						COP			1	062	062	06	2	7.4	1	1	1	-10.025706940874	4	Patchway, Zimbabwe (general), Zimbabwe	ZI	ZI00	40197	-18.2333	29.8	-2319661	4	Patchway, Zimbabwe (general), Zimbabwe	ZI	ZI00	40197	-18.2333	29.8	-2319661	4	Patchway, Zimbabwe (general), Zimbabwe	ZI	ZI00	40197	-18.2333	29.8	-2319661	20251027151500	https://nehandaradio.com/2025/10/27/mutangadura-murder-suspect-kills-police-officer-during-dramatic-sanyati-arrest/
1270930878	20251027	202510	2025	2025.8137	ZWE	HARARE	ZWE								COP	POLICE OFFICER						COP			1	173	173	17	4	-5.0	2	1	2	-10.025706940874	4	Mkoba, Zimbabwe (general), Zimbabwe	ZI	ZI00	40197	-19.4667	29.7667	-2316579	4	Mkoba, Zimbabwe (general), Zimbabwe	ZI	ZI00	40197	-19.4667	29.7667	-2316579	4	Mkoba, Zimbabwe (general), Zimbabwe	ZI	ZI00	40197	-19.4667	29.7667	-2316579	20251027151500	https://nehandaradio.com/2025/10/27/mutangadura-murder-suspect-kills-police-officer-during-dramatic-sanyati-arrest/
1270930879	20251027	202510	2025	2025.8137	ZWE	ZIMBABWE	ZWE								COP	POLICE						COP			1	173	173	17	4	-5.0	4	1	4	-10.025706940874	4	Sanyati, Midlands, Zimbabwe	ZI	ZI02	40197	-18.6624	29.7842	-2317387	4	Sanyati, Midlands, Zimbabwe	ZI	ZI02	40197	-18.6624	29.7842	-2317387	4	Sanyati, Midlands, Zimbabwe	ZI	ZI02	40197	-18.6624	29.7842	-2317387	20251027151500	https://nehandaradio.com/2025/10/27/mutangadura-murder-suspect-kills-police-officer-during-dramatic-sanyati-arrest/
1270930880	20251027	202510	2025	2025.8137	ZWE	ZIMBABWE	ZWE								COP	POLICE OFFICER						COP			1	190	190	19	4	-10.0	4	1	4	-10.025706940874	4	Sanyati, Midlands, Zimbabwe	ZI	ZI02	40197	-18.6624	29.7842	-2317387	4	Sanyati, Midlands, Zimbabwe	ZI	ZI02	40197	-18.6624	29.7842	-2317387	4	Sanyati, Midlands, Zimbabwe	ZI	ZI02	40197	-18.6624	29.7842	-2317387	20251027151500	https://nehandaradio.com/2025/10/27/mutangadura-murder-suspect-kills-police-officer-during-dramatic-sanyati-arrest/
1270930881	20251027	202510	2025	2025.8137	dak	SIOUX			dak						USA	IOWA	USA								1	173	173	17	4	-5.0	5	1	5	-14.2857142857143	3	Sioux City, Iowa, United States	US	USIA	IA193	42.5	-96.4003	461653	3	Sioux City, Iowa, United States	US	USIA		42.5	-96.4003	461653	3	Sioux City, Iowa, United States	US	USIA		42.5	-96.4003	461653	20251027151500	https://www.yahoo.com/news/articles/35-old-man-charged-sioux-141154409.html
1270930882	20251027	202510	2025	2025.8137	idg	INDIGENOUS			idg																0	036	036	03	1	4.0	10	1	10	2.57009345794392	4	Jaisalmer, Rajasthan, India	IN	IN24	17848	26.9167	70.9	-2098041	0								4	Jaisalmer, Rajasthan, India	IN	IN24	17848	26.9167	70.9	-2098041	20251027151500	https://www.newkerala.com/news/o/visiting-uae-commander-briefed-operation-sindoor-725
1270930883	20251027	202510	2025	2025.8137	idg	INDIGENOUS			idg						CAN	CANADA	CAN								1	040	040	04	1	1.0	2	1	2	-2.54372019077902	1	Canada	CA	CA		60	-96	CA	1	Canada	CA	CA		60	-96	CA	1	Canada	CA	CA		60	-96	CA	20251027151500	https://www.elciudadano.com/en/penco-residents-rally-against-aclaras-rare-earth-mining-project/10/27/
1270930884	20251027	202510	2025	2025.8137	idg	INDIGENOUS			idg						LEG	REPRESENTATIVES						LEG			1	040	040	04	1	1.0	5	1	5	-2.54372019077902	1	Canada	CA	CA		60	-96	CA	1	Canada	CA	CA		60	-96	CA	1	Canada	CA	CA		60	-96	CA	20251027151500	https://www.elciudadano.com/en/penco-residents-rally-against-aclaras-rare-earth-mining-project/10/27/
1270930885	20251027	202510	2025	2025.8137	ran	RANA			ran						GBR	UNITED KINGDOM	GBR								0	014	014	01	1	0.0	4	1	4	6.53061224489796	4	London, London, City of, United Kingdom	UK	UKH9	40110	51.5	-0.116667	-2601889	4	London, London, City of, United Kingdom	UK	UKH9	40110	51.5	-0.116667	-2601889	4	London, London, City of, United Kingdom	UK	UKH9	40110	51.5	-0.116667	-2601889	20251027151500	https://www.birminghammail.co.uk/whats-on/food-drink-news/new-birmingham-restaurant-intimate-sanctuary-32756952
1270930886	20251027	202510	2025	2025.8137	sco	SCOTTISH			sco																0	043	043	04	1	2.8	10	1	10	-2.14285714285715	0								0								0								20251027151500	https://www.thenational.scot/news/25574674.alba-party-must-find-fresh-usp-risk-forgotten/
1270930887	20251027	202510	2025	2025.8137	sco	SCOTTISH			sco																1	051	051	05	1	3.4	4	1	4	6.00961538461539	4	Carnoustie, Angus, United Kingdom	UK	UKT7	40177	56.5	-2.71667	-2591896	0								4	Carnoustie, Angus, United Kingdom	UK	UKT7	40177	56.5	-2.71667	-2591896	20251027151500	https://www.thenational.scot/news/25574807.scottish-composers-documentary-soundtrack-lauded-award-win/
1270930888	20251027	202510	2025	2025.8137	sco	SCOTTISH			sco																1	051	051	05	1	3.4	6	1	6	6.00961538461539	4	Glasgow, Glasgow City, United Kingdom	UK	UKV2	40176	55.8333	-4.25	-2597039	0								4	Glasgow, Glasgow City, United Kingdom	UK	UKV2	40176	55.8333	-4.25	-2597039	20251027151500	https://www.thenational.scot/news/25574807.scottish-composers-documentary-soundtrack-lauded-award-win/
1270930889	20251027	202510	2025	2025.8137	scoGOV	SCOTTISH			sco			GOV													1	090	090	09	2	-2.0	10	1	10	-4.48877805486284	1	United Kingdom	UK	UK		54	-4	UK	0								1	United Kingdom	UK	UK		54	-4	UK	20251027151500	https://www.thenational.scot/news/25574387.survey-changing-council-tax-scotland-launched---say/
1270930890	20251027	202510	2025	2025.8137	scoREF	SCOTTISH			sco			REF			GBR	GLASGOW	GBR								0	020	020	02	1	3.0	2	1	2	-2.76381909547738	4	Glasgow, Glasgow City, United Kingdom	UK	UKV2	40176	55.8333	-4.25	-2597039	4	Glasgow, Glasgow City, United Kingdom	UK	UKV2	40176	55.8333	-4.25	-2597039	4	Glasgow, Glasgow City, United Kingdom	UK	UKV2	40176	55.8333	-4.25	-2597039	20251027151500	https://www.thenational.scot/news/25574561.glasgow-houses-4-times-more-asylum-seekers-uk-plan-allows/
1270930891	20251027	202510	2025	2025.8137	sen	SENA			sen						CVL	VOTER						CVL			1	010	010	01	1	0.0	10	1	10	-2.79720279720279	0								0								0								20251027151500	https://economictimes.indiatimes.com/news/politics-and-nation/voters-elect-government-in-democracy-but-today-government-chooses-voters-uddhav-thackeray/articleshow/124852151.cms
1270930892	20251027	202510	2025	2025.8137	sen	SENA			sen						CVL	VOTER						CVL			1	112	112	11	3	-2.0	10	1	10	-2.79720279720279	0								0								0								20251027151500	https://economictimes.indiatimes.com/news/politics-and-nation/voters-elect-government-in-democracy-but-today-government-chooses-voters-uddhav-thackeray/articleshow/124852151.cms
