1265505219	20250828	202508	2025	2025.6521	GOV	PRIME MINISTER						GOV			IGOSEAASN	ASEAN	SEA	ASN				IGO			1	040	040	04	1	1.0	8	1	8	-6.6666666666667	4	Gaza, Israel (general), Israel	IS	IS00	18315	31.4167	34.3333	-797156	1	United States	US	US		39.828175	-98.5795	US	1	United States	US	US		39.828175	-98.5795	US	20250927060000	https://www.malaysiakini.com/news/756335
1265505220	20250828	202508	2025	2025.6521	GOV	PRIME MINISTER						GOV			USAGOV	UNITED STATES	USA					GOV			1	111	111	11	3	-2.0	6	1	6	-6.6666666666667	1	Malaysia	MY	MY		2.5	112.5	MY	4	Gaza, Israel (general), Israel	IS	IS00	18315	31.4167	34.3333	-797156	1	Malaysia	MY	MY		2.5	112.5	MY	20250927060000	https://www.malaysiakini.com/news/756335
1265505221	20250828	202508	2025	2025.6521	GOV	PRIME MINISTER						GOV			USAGOV	UNITED STATES	USA					GOV			1	111	111	11	3	-2.0	2	1	2	-6.6666666666667	1	Malaysia	MY	MY		2.5	112.5	MY	1	Malaysia	MY	MY		2.5	112.5	MY	1	Malaysia	MY	MY		2.5	112.5	MY	20250927060000	https://www.malaysiakini.com/news/756335
1265505222	20250828	202508	2025	2025.6521	ISRGOV	ISRAEL	ISR					GOV			IGOSEAASN	ASEAN	SEA	ASN				IGO			1	040	040	04	1	1.0	2	1	2	-6.6666666666667	4	Gaza, Israel (general), Israel	IS	IS00	18315	31.4167	34.3333	-797156	1	United States	US	US		39.828175	-98.5795	US	1	United States	US	US		39.828175	-98.5795	US	20250927060000	https://www.malaysiakini.com/news/756335
1265505223	20250828	202508	2025	2025.6521	ISRGOV	ISRAEL	ISR					GOV			USAGOV	UNITED STATES	USA					GOV			1	111	111	11	3	-2.0	2	1	2	-6.6666666666667	1	Malaysia	MY	MY		2.5	112.5	MY	1	Malaysia	MY	MY		2.5	112.5	MY	1	Malaysia	MY	MY		2.5	112.5	MY	20250927060000	https://www.malaysiakini.com/news/756335
1265505224	20250927	202509	2025	2025.7315											CHN	CHINA	CHN								0	043	043	04	1	2.8	10	1	10	5.93220338983051	0								4	Liujiabao, Hubei, China	CH	CH12	13003	29.8168	109.791	10466170	4	Liujiabao, Hubei, China	CH	CH12	13003	29.8168	109.791	10466170	20250927060000	https://www.chinadaily.com.cn/a/202509/27/WS68d76d2ba3108622abca343b.html
1265505225	20250927	202509	2025	2025.7315											CHNCVL	CHINA	CHN					CVL			1	042	042	04	1	1.9	8	1	8	5.93220338983051	0								4	Liujiabao, Hubei, China	CH	CH12	13003	29.8168	109.791	10466170	4	Liujiabao, Hubei, China	CH	CH12	13003	29.8168	109.791	10466170	20250927060000	https://www.chinadaily.com.cn/a/202509/27/WS68d76d2ba3108622abca343b.html
1265505226	20250927	202509	2025	2025.7315											COP	DETECTIVE						COP			0	020	020	02	1	3.0	6	1	6	-5.33980582524272	0								4	Moscow, Moskva, Russia	RS	RS48	25106	55.7522	37.6156	-2960561	4	Moscow, Moskva, Russia	RS	RS48	25106	55.7522	37.6156	-2960561	20250927060000	https://www.spokesman.com/stories/2025/sep/26/moscow-delivery-driver-in-coma-after-fight-with-ui/
1265505227	20250927	202509	2025	2025.7315											COP	TROOPER						COP			0	046	046	04	1	7.0	3	1	3	-5.61797752808989	0								3	Harrison Police Department, Nebraska, United States	US	USNE		42.6872	-103.883	1827858	3	Harrison Police Department, Nebraska, United States	US	USNE		42.6872	-103.883	1827858	20250927060000	http://harrisondaily.com/stories/scams-hurting-locals-crime-update,325825
1265505228	20250927	202509	2025	2025.7315											COP	TROOPER						COP			0	046	046	04	1	7.0	3	1	3	-5.61797752808989	0								3	Bear Creek, Nebraska, United States	US	USNE		42.8761	-101.351	827236	3	Bear Creek, Nebraska, United States	US	USNE		42.8761	-101.351	827236	20250927060000	http://harrisondaily.com/stories/scams-hurting-locals-crime-update,325825
1265505229	20250927	202509	2025	2025.7315											COP	TROOPER						COP			0	046	046	04	1	7.0	4	1	4	-5.61797752808989	0								3	Boone County, Nebraska, United States	US	USNE		41.7	-98.0837	835828	3	Boone County, Nebraska, United States	US	USNE		41.7	-98.0837	835828	20250927060000	http://harrisondaily.com/stories/scams-hurting-locals-crime-update,325825
1265505230	20250927	202509	2025	2025.7315											COP	POLICE						COP			1	051	051	05	1	3.4	3	1	3	-5.33980582524272	0								1	Greece	GR	GR		39	22	GR	1	Greece	GR	GR		39	22	GR	20250927060000	https://www.spokesman.com/stories/2025/sep/26/moscow-delivery-driver-in-coma-after-fight-with-ui/
1265505231	20250927	202509	2025	2025.7315											CVL	COMMUNITY						CVL			0	014	014	01	1	0.0	6	1	6	0.72886297376094	0								3	Liberty Lake, Washington, United States	US	USWA		47.6482	-117.092	1512389	3	Liberty Lake, Washington, United States	US	USWA		47.6482	-117.092	1512389	20250927060000	https://www.spokesman.com/stories/2025/sep/25/two-local-organizations-receive-millions-in-federa/
1265505232	20250927	202509	2025	2025.7315											CVL	COMMUNITY						CVL			0	0311	031	03	1	5.2	6	1	6	0.72886297376094	0								3	Liberty Lake, Washington, United States	US	USWA		47.6482	-117.092	1512389	3	Liberty Lake, Washington, United States	US	USWA		47.6482	-117.092	1512389	20250927060000	https://www.spokesman.com/stories/2025/sep/25/two-local-organizations-receive-millions-in-federa/
1265505233	20250927	202509	2025	2025.7315											CVL	SETTLEMENT						CVL			1	036	036	03	1	4.0	10	1	10	-3.24825986078887	0								3	San Mateo County, California, United States	US	USCA		37.4499	-122.351	277305	3	San Mateo County, California, United States	US	USCA		37.4499	-122.351	277305	20250927060000	https://www.eastbaytimes.com/2025/09/26/bay-area-prosecutors-reach-150k-settlement-with-wag-hotels/
1265505234	20250927	202509	2025	2025.7315											CVL	VILLAGE						CVL			1	042	042	04	1	1.9	2	1	2	5.93220338983051	0								4	Liujiabao, Hubei, China	CH	CH12	13003	29.8168	109.791	10466170	4	Liujiabao, Hubei, China	CH	CH12	13003	29.8168	109.791	10466170	20250927060000	https://www.chinadaily.com.cn/a/202509/27/WS68d76d2ba3108622abca343b.html
1265505235	20250927	202509	2025	2025.7315											CVL	TRAVELER						CVL			1	130	130	13	3	-4.4	5	1	5	-5.21472392638037	0								4	Seoul, Soul-t'ukpyolsi, South Korea	KS	KS11	24984	37.5664	127	-716583	4	Seoul, Soul-t'ukpyolsi, South Korea	KS	KS11	24984	37.5664	127	-716583	20250927060000	https://edition.cnn.com/2025/09/27/asia/south-korea-fire-data-center-daejeon-intl-hnk
1265505236	20250927	202509	2025	2025.7315											EDU	SCHOOL						EDU			1	036	036	03	1	4.0	10	1	10	3.57142857142857	0								4	Wellington, New Zealand (general), New Zealand	NZ	NZ00	22391	-41.3	174.783	-1521348	4	Wellington, New Zealand (general), New Zealand	NZ	NZ00	22391	-41.3	174.783	-1521348	20250927060000	https://www.somersetcountygazette.co.uk/news/25496502.dental-health-scheme-magic-launched-somerset-schools/
1265505237	20250927	202509	2025	2025.7315											EDU	SCHOOL						EDU			1	036	036	03	1	4.0	10	1	10	2.9126213592233	0								1	Haiti	HA	HA		19	-72.416667	HA	1	Haiti	HA	HA		19	-72.416667	HA	20250927060000	https://calendar.chronogram.com/hudsonvalley/25th-annual-haitian-art-auction-and-sale-at-vassar-college/Event?oid=24330762
1265505238	20250927	202509	2025	2025.7315											EDU	UNIVERSITY						EDU			1	042	042	04	1	1.9	2	1	1	-1.30718954248366	0								3	Boston, Massachusetts, United States	US	USMA	MA025	42.3584	-71.0598	617565	3	Boston, Massachusetts, United States	US	USMA	MA025	42.3584	-71.0598	617565	20250927060000	https://news.webindia123.com/news/Articles/India/20250927/4366113.html
1265505239	20250927	202509	2025	2025.7315											EDU	SCHOOL						EDU			1	043	043	04	1	2.8	10	1	10	6.16996507566938	0								4	Rome, Lazio, Italy	IT	IT07	18350	41.9	12.4833	-126693	4	Rome, Lazio, Italy	IT	IT07	18350	41.9	12.4833	-126693	20250927060000	https://www.northwestgeorgianews.com/rome/news/local/keep-rome-floyd-beatiful-staying-busy-with-cleanups/article_f482e996-fb76-4248-a12a-7cae2dfc4abf.html
1265505240	20250927	202509	2025	2025.7315											EDU	SCHOOL						EDU			0	046	046	04	1	7.0	3	1	3	-2.35943775100402	0								4	Dublin, Dublin, Ireland	EI	EI07	18288	53.3331	-6.24889	-1502554	4	Dublin, Dublin, Ireland	EI	EI07	18288	53.3331	-6.24889	-1502554	20250927060000	https://www.irishtimes.com/life-style/people/2025/09/27/frank-mcnally-my-life-as-a-civil-servant-in-1980s-dublin/
1265505241	20250927	202509	2025	2025.7315											FRA	FRANCE	FRA								1	045	045	04	1	5.0	10	1	10	-2.80373831775701	0								0								0								20250927060000	https://www.odt.co.nz/news/dunedin/church-offers-sincere-and-unreserved-apology-decades-abuse
1265505242	20250927	202509	2025	2025.7315											GBR	UNITED KINGDOM	GBR								1	042	042	04	1	1.9	2	1	2	3.44827586206897	0								4	Waterfoot, Moyle, United Kingdom	UK	UKS8	40176	55.05	-6.06667	-2597080	4	Waterfoot, Moyle, United Kingdom	UK	UKS8	40176	55.05	-6.06667	-2597080	20250927060000	https://www.lancashiretelegraph.co.uk/news/25498040.camra-unveil-top-10-micropubs-east-lancashire/
1265505243	20250927	202509	2025	2025.7315											GBR	UNITED KINGDOM	GBR								1	042	042	04	1	1.9	4	1	4	3.44827586206897	0								4	Rochdale, Rochdale, United Kingdom	UK	UKL2	40138	53.6167	-2.15	-2606372	4	Waterfoot, Moyle, United Kingdom	UK	UKS8	40176	55.05	-6.06667	-2597080	20250927060000	https://www.lancashiretelegraph.co.uk/news/25498040.camra-unveil-top-10-micropubs-east-lancashire/
1265505244	20250927	202509	2025	2025.7315											GBRGOV	MANCHESTER	GBR					GOV			1	036	036	03	1	4.0	10	1	10	-2.97397769516728	0								0								0								20250927060000	https://www.unionleader.com/opinion/editorials/step-in-the-wrong-direction-manchester-speech-rules/article_3b68e299-1ab3-4bfb-adf2-d73e4298b0f5.html
1265505245	20250927	202509	2025	2025.7315											GOV	PRIME MINISTER						GOV			0	036	036	03	1	4.0	2	1	2	1.87667560321716	0								4	Udhna, Gujarat, India	IN	IN09	17649	21.1667	72.85	-2113666	4	Udhna, Gujarat, India	IN	IN09	17649	21.1667	72.85	-2113666	20250927060000	https://news.webindia123.com/news/Articles/India/20250927/4366108.html
1265505246	20250927	202509	2025	2025.7315											GOV	FIREFIGHTER						GOV			0	042	042	04	1	1.9	2	1	2	-0.15698587127158	0								3	Longview, Texas, United States	US	USTX	TX183	32.5007	-94.7405	1374716	3	Longview, Texas, United States	US	USTX	TX183	32.5007	-94.7405	1374716	20250927060000	https://news-journal.com/2025/09/26/longview-firefighters-commended-for-central-texas-flood-response-they-did-a-phenomenal-job/
1265505247	20250927	202509	2025	2025.7315											GOV	FIREFIGHTER						GOV			0	046	046	04	1	7.0	5	1	5	-0.15698587127158	0								3	Longview, Texas, United States	US	USTX	TX183	32.5007	-94.7405	1374716	3	Longview, Texas, United States	US	USTX	TX183	32.5007	-94.7405	1374716	20250927060000	https://news-journal.com/2025/09/26/longview-firefighters-commended-for-central-texas-flood-response-they-did-a-phenomenal-job/
1265505248	20250927	202509	2025	2025.7315											GOV	FIREFIGHTER						GOV			0	051	051	05	1	3.4	2	1	2	-0.15698587127158	0								3	Longview, Texas, United States	US	USTX	TX183	32.5007	-94.7405	1374716	3	Longview, Texas, United States	US	USTX	TX183	32.5007	-94.7405	1374716	20250927060000	https://news-journal.com/2025/09/26/longview-firefighters-commended-for-central-texas-flood-response-they-did-a-phenomenal-job/
1265505249	20250927	202509	2025	2025.7315											GOV	MAYOR						GOV			0	057	057	05	1	8.0	3	1	3	1.91897654584222	0								3	Oklahoma City, Oklahoma, United States	US	USOK		35.4676	-97.5164	1102140	3	Oklahoma City, Oklahoma, United States	US	USOK		35.4676	-97.5164	1102140	20250927060000	http://www.news9.com/story/68d761c6a6ee088a4f77d8c4/la-mayor-okc-mayor-sign-new-agreement-ahead-of-la-2028-olympics
1265505250	20250927	202509	2025	2025.7315											HIN	HINDU				HIN					1	013	013	01	1	0.4	10	1	10	-9.42211055276381	0								4	Pahalgam, Jammu and Kashmir, India	IN	IN12	72789	34.0333	75.3333	-2106704	4	Pahalgam, Jammu and Kashmir, India	IN	IN12	72789	34.0333	75.3333	-2106704	20250927060000	https://www.hindustantimes.com/india-news/india-tears-into-pakistan-pm-shehbaz-sharifs-un-speech-what-did-he-say-hindutva-driven-extremism-101758947872477.html
1265505251	20250927	202509	2025	2025.7315											HIN	HINDU				HIN					1	130	130	13	3	-4.4	4	1	4	-9.42211055276381	0								5	Kashmir, Jammu and Kashmir, India	IN	IN12	72809	33.9167	76.6667	-2098229	5	Kashmir, Jammu and Kashmir, India	IN	IN12	72809	33.9167	76.6667	-2098229	20250927060000	https://www.hindustantimes.com/india-news/india-tears-into-pakistan-pm-shehbaz-sharifs-un-speech-what-did-he-say-hindutva-driven-extremism-101758947872477.html
1265505252	20250927	202509	2025	2025.7315											HIN	HINDU				HIN					1	130	130	13	3	-4.4	5	1	5	-9.42211055276381	0								4	Pahalgam, Jammu and Kashmir, India	IN	IN12	72789	34.0333	75.3333	-2106704	4	Pahalgam, Jammu and Kashmir, India	IN	IN12	72789	34.0333	75.3333	-2106704	20250927060000	https://www.hindustantimes.com/india-news/india-tears-into-pakistan-pm-shehbaz-sharifs-un-speech-what-did-he-say-hindutva-driven-extremism-101758947872477.html
1265505253	20250927	202509	2025	2025.7315											HIN	HINDU				HIN					1	130	130	13	3	-4.4	1	1	1	-9.42211055276381	0								4	Kashmiri, Punjab, Pakistan	PK	PK04	23677	32.0387	73.751	6104745	4	Kashmiri, Punjab, Pakistan	PK	PK04	23677	32.0387	73.751	6104745	20250927060000	https://www.hindustantimes.com/india-news/india-tears-into-pakistan-pm-shehbaz-sharifs-un-speech-what-did-he-say-hindutva-driven-extremism-101758947872477.html
1265505254	20250927	202509	2025	2025.7315											HLH	HOSPITAL						HLH			0	042	042	04	1	1.9	10	1	10	-10.054347826087	0								2	Oklahoma, United States	US	USOK		35.5376	-96.9247	OK	2	Oklahoma, United States	US	USOK		35.5376	-96.9247	OK	20250927060000	https://www.fox23.com/news/2-seriously-injured-after-high-speed-chase-beginning-in-owasso-ends-in-crash-in-kansas/article_acaac2f8-85a5-43e4-b961-127b4c691baa.html
1265505255	20250927	202509	2025	2025.7315											IND	DELHI	IND								1	010	010	01	1	0.0	2	1	2	-5.2	0								4	Delhi, Delhi, India	IN	IN07	17911	28.6667	77.2167	-2094230	4	Jaipur, Rajasthan, India	IN	IN24	17847	26.9167	75.8167	-2098033	20250927060000	https://indianexpress.com/article/cities/delhi/five-killed-after-thar-crashes-into-divider-on-delhi-jaipur-expressway-10274253/
1265505256	20250927	202509	2025	2025.7315											IND	JAIPUR	IND								1	010	010	01	1	0.0	4	1	4	-5.2	0								4	Jaipur, Rajasthan, India	IN	IN24	17847	26.9167	75.8167	-2098033	4	Jaipur, Rajasthan, India	IN	IN24	17847	26.9167	75.8167	-2098033	20250927060000	https://indianexpress.com/article/cities/delhi/five-killed-after-thar-crashes-into-divider-on-delhi-jaipur-expressway-10274253/
1265505257	20250927	202509	2025	2025.7315											IND	DELHI	IND								1	190	190	19	4	-10.0	6	1	6	-5.2	0								1	Nigeria	NI	NI		10	8	NI	1	Nigeria	NI	NI		10	8	NI	20250927060000	https://indianexpress.com/article/cities/delhi/five-killed-after-thar-crashes-into-divider-on-delhi-jaipur-expressway-10274253/
1265505258	20250927	202509	2025	2025.7315											IRL	IRELAND	IRL								0	041	041	04	1	1.0	4	1	4	-2.28392297357815	0								4	Dublin, Dublin, Ireland	EI	EI07	18288	53.3331	-6.24889	-1502554	4	Dublin, Dublin, Ireland	EI	EI07	18288	53.3331	-6.24889	-1502554	20250927060000	https://www.irishtimes.com/politics/2025/09/27/i-was-painted-as-a-pantomime-villainess-maria-steen-reflects-on-failed-bid-for-presidency/
1265505259	20250927	202509	2025	2025.7315											IRL	IRELAND	IRL								0	041	041	04	1	1.0	2	1	2	-4.3338683788122	0								1	Ireland	EI	EI		53	-8	EI	1	Ireland	EI	EI		53	-8	EI	20250927060000	https://www.irishtimes.com/politics/2025/09/27/maria-steen-and-michael-mcdowell-clash-over-failed-presidential-bid/
1265505260	20250927	202509	2025	2025.7315											IRL	IRELAND	IRL								0	042	042	04	1	1.9	6	1	6	-0.80128205128205	0								4	Irish Sea, Ireland (general), Ireland	EI	EI00	154724	53.6667	-5	-1503536	4	Irish Sea, Ireland (general), Ireland	EI	EI00	154724	53.6667	-5	-1503536	20250927060000	https://www.irishtimes.com/obituaries/2025/09/27/conor-gearty-law-professor-barrister-and-globally-acclaimed-human-rights-scholar/
1265505261	20250927	202509	2025	2025.7315											IRLGOVJUD	MICHAEL MCDOWELL	IRL					GOV	JUD		1	043	043	04	1	2.8	6	1	6	1.60183066361556	0								4	Dublin, Dublin, Ireland	EI	EI07	18288	53.3331	-6.24889	-1502554	4	Dublin, Dublin, Ireland	EI	EI07	18288	53.3331	-6.24889	-1502554	20250927060000	https://www.irishtimes.com/politics/2025/09/27/miriam-lords-week-mcdowell-turns-a-page-as-steen-seethes/
1265505262	20250927	202509	2025	2025.7315											ISR	ISRAEL	ISR								0	120	120	12	3	-4.0	1	1	1	-3.2590051457976	0								1	Gaza Strip	GZ	GZ		31.425074	34.373398	GZ	4	Gaza, Israel (general), Israel	IS	IS00	18315	31.4167	34.3333	-797156	20250927060000	https://www.odt.co.nz/news/national/luxon-defends-nz-decision-not-recognise-palestine-rnz
1265505263	20250927	202509	2025	2025.7315											JOR	JORDAN	JOR								0	042	042	04	1	1.9	5	1	5	-1.25082290980908	0								4	Gbemi, Nigeria (general), Nigeria	NI	NI00	23034	8.48333	4.23333	-2008393	4	Gbemi, Nigeria (general), Nigeria	NI	NI00	23034	8.48333	4.23333	-2008393	20250927060000	https://theeagleonline.com.ng/intimate-affairs-i-dont-want-a-mother-in-law-by-funke-egbemode-2/
1265505264	20250927	202509	2025	2025.7315											JUD	COUNSELLOR						JUD			0	040	040	04	1	1.0	5	1	5	-3.53185595567867	0								4	Wexford, Wexford, Ireland	EI	EI30	18308	52.3342	-6.4575	-1506176	4	Wexford, Wexford, Ireland	EI	EI30	18308	52.3342	-6.4575	-1506176	20250927060000	https://www.irishtimes.com/health/2025/09/27/mens-silent-health-crisis-i-was-just-worrying-worrying-worrying-i-thought-i-was-going-to-die/
1265505265	20250927	202509	2025	2025.7315											LEG	SENATOR						LEG			1	060	060	06	2	6.0	10	1	10	-0.430570505920341	0								2	Georgia, United States	US	USGA		32.9866	-83.6487	GA	2	Georgia, United States	US	USGA		32.9866	-83.6487	GA	20250927060000	https://www.northwestgeorgianews.com/rome/lifestyles/local/auraria-georgia-s-golden-ghost-town/article_2d9bbf97-f7cb-4231-94d7-35d307df6813.html
1265505266	20250927	202509	2025	2025.7315											MED	GAZETTE						MED			1	040	040	04	1	1.0	6	1	6	4.60526315789473	0								1	Australia	AS	AS		-25	135	AS	1	Australia	AS	AS		-25	135	AS	20250927060000	https://www.journalgazette.net/living/local-arts/artists-at-work-creating-the-largest-mural-in-fort-wayne/article_38668608-3db0-45d4-98de-3447579bba76.html
1265505267	20250927	202509	2025	2025.7315											MED	JOURNALIST						MED			0	046	046	04	1	7.0	6	1	6	1.18343195266272	0								2	Oklahoma, United States	US	USOK		35.5376	-96.9247	OK	2	Oklahoma, United States	US	USOK		35.5376	-96.9247	OK	20250927060000	http://www.news9.com/story/68d75f6942911933d47e54b4/ryan-walters-proposes-4-billion-education-budget-request
1265505268	20250927	202509	2025	2025.7315											MED	MEDIA						MED			0	057	057	05	1	8.0	5	1	5	-4.3338683788122	0								1	Ireland	EI	EI		53	-8	EI	1	Ireland	EI	EI		53	-8	EI	20250927060000	https://www.irishtimes.com/politics/2025/09/27/maria-steen-and-michael-mcdowell-clash-over-failed-presidential-bid/
1265505269	20250927	202509	2025	2025.7315											MED	WRITER						MED			1	057	057	05	1	8.0	2	1	2	1.67064439140811	0								2	New York, United States	US	USNY		42.1497	-74.9384	NY	2	New York, United States	US	USNY		42.1497	-74.9384	NY	20250927060000	https://www.salisburyjournal.co.uk/news/25494571.salisbury-filmmaker-says-birthmark-helped-shape-life/
1265505270	20250927	202509	2025	2025.7315											MED	WRITER						MED			1	057	057	05	1	8.0	3	1	3	1.67064439140811	0								1	United Kingdom	UK	UK		54	-4	UK	1	United Kingdom	UK	UK		54	-4	UK	20250927060000	https://www.salisburyjournal.co.uk/news/25494571.salisbury-filmmaker-says-birthmark-helped-shape-life/
1265505271	20250927	202509	2025	2025.7315											MED	MEDIA						MED			1	110	110	11	3	-2.0	6	1	6	-6.89655172413793	0								3	Chicago, Illinois, United States	US	USIL	IL031	41.85	-87.6501	423587	3	Chicago, Illinois, United States	US	USIL	IL031	41.85	-87.6501	423587	20250927060000	https://www.unionleader.com/opinion/columnists/jonah-goldberg-could-trumps-campaign-against-the-media-come-back-to-bite-conservatives/article_ab5310e2-545a-4c94-b978-9ba4857b815c.html
1265505272	20250927	202509	2025	2025.7315											MNCKOR	SAMSUNG	KOR					MNC			1	043	043	04	1	2.8	5	1	5	1.39720558882235	0								1	India	IN	IN		20	77	IN	1	India	IN	IN		20	77	IN	20250927060000	https://www.gizchina.com/samsung/samsung-launches-truebench-to-measure-ai-in-real-world-work
1265505273	20250927	202509	2025	2025.7315											MNCUSA	AMPHENOL CORPORATION	USA					MNC			1	057	057	05	1	8.0	10	1	10	1.43540669856459	0								0								0								20250927060000	https://www.insidermonkey.com/blog/truist-financial-reiterates-a-buy-rating-for-amphenol-corporation-aph-1617560/
1265505274	20250927	202509	2025	2025.7315											NGO	ROTARY CLUB						NGO			1	042	042	04	1	1.9	20	1	10	4.16666666666667	0								0								0								20250927060000	https://www.fox23.com/news/rotary-club-of-tulsa-hosts-2nd-golden-circle-gala/article_553caa8d-85e9-4d09-ba80-66504592e1ae.html
1265505275	20250927	202509	2025	2025.7315											NZL	AUCKLAND	NZL								1	173	173	17	4	-5.0	10	1	10	-2.80373831775701	0								0								0								20250927060000	https://www.odt.co.nz/news/dunedin/church-offers-sincere-and-unreserved-apology-decades-abuse
1265505276	20250927	202509	2025	2025.7315											PAK	PAKISTAN	PAK								0	042	042	04	1	1.9	10	1	10	-5.36585365853659	0								4	Islamabad, Islamabad, Pakistan	PK	PK08	23674	33.7	73.1667	-2762812	4	Delhi, Delhi, India	IN	IN07	17911	28.6667	77.2167	-2094230	20250927060000	https://economictimes.indiatimes.com/news/india/who-is-petal-gahlot-meet-the-indian-diplomat-who-called-out-pakistan-on-terrorism-at-the-unga/articleshow/124176992.cms
1265505277	20250927	202509	2025	2025.7315											PAKGOV	PAKISTAN	PAK					GOV			1	040	040	04	1	1.0	1	1	1	-5.91715976331361	0								4	Islamabad, Islamabad, Pakistan	PK	PK08	23674	33.7	73.1667	-2762812	4	Jammu, Jammu and Kashmir, India	IN	IN12	72851	32.7333	74.8667	-2098228	20250927060000	https://www.newsonair.gov.in/india-delivers-sharp-rebuttal-to-pakistan-pm-shehbaz-sharifs-speech-at-unga/
1265505278	20250927	202509	2025	2025.7315											PAKGOV	PAKISTANI	PAK					GOV			1	040	040	04	1	1.0	7	1	7	-5.91715976331361	0								4	Islamabad, Islamabad, Pakistan	PK	PK08	23674	33.7	73.1667	-2762812	4	Islamabad, Islamabad, Pakistan	PK	PK08	23674	33.7	73.1667	-2762812	20250927060000	https://www.newsonair.gov.in/india-delivers-sharp-rebuttal-to-pakistan-pm-shehbaz-sharifs-speech-at-unga/
1265505279	20250927	202509	2025	2025.7315											PAKGOV	PAKISTAN	PAK					GOV			0	040	040	04	1	1.0	2	1	2	-9.02777777777779	0								1	India	IN	IN		20	77	IN	4	Muridke, Punjab, Pakistan	PK	PK04	23677	31.8025	74.2617	-2769843	20250927060000	https://morungexpress.com/absurd-theatrics-glorification-of-terrorism-india-slams-pakistan-pms-remarks-at-unga
1265505280	20250927	202509	2025	2025.7315											UAF	TERRORIST						UAF			0	0841	084	08	2	7.0	1	1	1	-9.02777777777779	0								1	India	IN	IN		20	77	IN	4	Muridke, Punjab, Pakistan	PK	PK04	23677	31.8025	74.2617	-2769843	20250927060000	https://morungexpress.com/absurd-theatrics-glorification-of-terrorism-india-slams-pakistan-pms-remarks-at-unga
1265505281	20250927	202509	2025	2025.7315											UAF	TERRORIST						UAF			0	0841	084	08	2	7.0	3	1	3	-9.02777777777779	0								1	India	IN	IN		20	77	IN	1	India	IN	IN		20	77	IN	20250927060000	https://morungexpress.com/absurd-theatrics-glorification-of-terrorism-india-slams-pakistan-pms-remarks-at-unga
1265505282	20250927	202509	2025	2025.7315											UAF	TERRORIST						UAF			1	112	112	11	3	-2.0	10	1	10	-5.86419753086419	0								0								0								20250927060000	https://economictimes.indiatimes.com/news/defence/jk-terrorists-waiting-at-loc-launch-pads-security-on-high-alert-says-bsf-ig/articleshow/124177020.cms
1265505283	20250927	202509	2025	2025.7315											USA	SAN DIEGO	USA								1	014	014	01	1	0.0	6	1	6	-3.6697247706422	0								3	San Diego, California, United States	US	USCA		32.7153	-117.157	1661377	3	San Diego, California, United States	US	USCA		32.7153	-117.157	1661377	20250927060000	https://www.cbs8.com/article/news/local/prevent-any-death-we-can-san-diego-sheriff-outlines-reforms/509-4cff5e08-c3f3-4615-bba8-be4c10c48543
1265505284	20250927	202509	2025	2025.7315											USA	SAN DIEGO	USA								1	014	014	01	1	0.0	1	1	1	-3.6697247706422	0								3	San Diego, California, United States	US	USCA		32.7153	-117.157	1661377	3	San Diego County, California, United States	US	USCA		33.0334	-116.801	277301	20250927060000	https://www.cbs8.com/article/news/local/prevent-any-death-we-can-san-diego-sheriff-outlines-reforms/509-4cff5e08-c3f3-4615-bba8-be4c10c48543
1265505285	20250927	202509	2025	2025.7315											USA	UNITED STATES	USA								1	014	014	01	1	0.0	2	1	2	-3.6697247706422	0								3	Descanso, California, United States	US	USCA	CA073	32.8528	-116.616	241422	3	Descanso, California, United States	US	USCA	CA073	32.8528	-116.616	241422	20250927060000	https://www.cbs8.com/article/news/local/prevent-any-death-we-can-san-diego-sheriff-outlines-reforms/509-4cff5e08-c3f3-4615-bba8-be4c10c48543
1265505286	20250927	202509	2025	2025.7315											USA	SAN DIEGO	USA								1	014	014	01	1	0.0	1	1	1	-3.6697247706422	0								3	San Diego County, California, United States	US	USCA		33.0334	-116.801	277301	3	San Diego County, California, United States	US	USCA		33.0334	-116.801	277301	20250927060000	https://www.cbs8.com/article/news/local/prevent-any-death-we-can-san-diego-sheriff-outlines-reforms/509-4cff5e08-c3f3-4615-bba8-be4c10c48543
1265505287	20250927	202509	2025	2025.7315											USA	TEXAS	USA								1	018	018	01	1	3.4	10	1	10	-1.47058823529412	0								2	Texas, United States	US	USTX		31.106	-97.6475	TX	2	Arizona, United States	US	USAZ		33.7712	-111.388	AZ	20250927060000	http://www.pressreporter.com/news/moment-history
1265505288	20250927	202509	2025	2025.7315											USA	TEXAS	USA								1	036	036	03	1	4.0	3	1	3	1.33155792276964	0								3	Longview, Texas, United States	US	USTX	TX183	32.5007	-94.7405	1374716	3	Longview, Texas, United States	US	USTX	TX183	32.5007	-94.7405	1374716	20250927060000	https://news-journal.com/2025/09/27/business-beat-new-longview-store-specializes-in-vintage-clothing/
1265505289	20250927	202509	2025	2025.7315											USA	UNITED STATES	USA								1	036	036	03	1	4.0	4	1	4	-3.67047308319739	0								3	Fort Wayne, Indiana, United States	US	USIN		41.1306	-85.1289	434689	3	Fort Wayne, Indiana, United States	US	USIN		41.1306	-85.1289	434689	20250927060000	https://www.journalgazette.net/opinion/columnists/funding-final-hurdle-as-fort-wayne-works-to-help-the-homeless/article_f7ab0f34-2156-43a4-a32a-e906814a7a51.html
1265505290	20250927	202509	2025	2025.7315											USA	UNITED STATES	USA								1	036	036	03	1	4.0	5	1	5	1.33155792276964	0								2	Texas, United States	US	USTX		31.106	-97.6475	TX	3	Longview, Texas, United States	US	USTX	TX183	32.5007	-94.7405	1374716	20250927060000	https://news-journal.com/2025/09/27/business-beat-new-longview-store-specializes-in-vintage-clothing/
1265505291	20250927	202509	2025	2025.7315											USA	UNITED STATES	USA								1	040	040	04	1	1.0	4	1	4	1.67064439140811	0								1	United Kingdom	UK	UK		54	-4	UK	1	United Kingdom	UK	UK		54	-4	UK	20250927060000	https://www.salisburyjournal.co.uk/news/25494571.salisbury-filmmaker-says-birthmark-helped-shape-life/
1265505292	20250927	202509	2025	2025.7315											USA	UNITED STATES	USA								0	042	042	04	1	1.9	3	1	3	-0.430570505920341	0								3	Rocky Mountain, Colorado, United States	US	USCO		38.8597	-104.957	193446	3	Rocky Mountain, Colorado, United States	US	USCO		38.8597	-104.957	193446	20250927060000	https://www.northwestgeorgianews.com/rome/lifestyles/local/auraria-georgia-s-golden-ghost-town/article_2d9bbf97-f7cb-4231-94d7-35d307df6813.html
1265505293	20250927	202509	2025	2025.7315											USA	UNITED STATES	USA								0	042	042	04	1	1.9	1	1	1	-0.430570505920341	0								3	Auraria, Georgia, United States	US	USGA	GA187	34.4745	-84.0232	354415	3	Auraria, Georgia, United States	US	USGA	GA187	34.4745	-84.0232	354415	20250927060000	https://www.northwestgeorgianews.com/rome/lifestyles/local/auraria-georgia-s-golden-ghost-town/article_2d9bbf97-f7cb-4231-94d7-35d307df6813.html
1265505294	20250927	202509	2025	2025.7315											USA	ARIZONA	USA								1	042	042	04	1	1.9	4	1	4	-1.47058823529412	0								2	Arizona, United States	US	USAZ		33.7712	-111.388	AZ	2	Texas, United States	US	USTX		31.106	-97.6475	TX	20250927060000	http://www.pressreporter.com/news/moment-history
1265505295	20250927	202509	2025	2025.7315											USA	UNITED STATES	USA								0	043	043	04	1	2.8	5	1	5	-0.15698587127158	0								3	Kerrville, Texas, United States	US	USTX	TX265	30.0474	-99.1403	1339058	3	Kerrville, Texas, United States	US	USTX	TX265	30.0474	-99.1403	1339058	20250927060000	https://news-journal.com/2025/09/26/longview-firefighters-commended-for-central-texas-flood-response-they-did-a-phenomenal-job/
1265505296	20250927	202509	2025	2025.7315											USA	UNITED STATES	USA								0	043	043	04	1	2.8	1	1	1	-0.15698587127158	0								3	Longview, Texas, United States	US	USTX	TX183	32.5007	-94.7405	1374716	3	Longview, Texas, United States	US	USTX	TX183	32.5007	-94.7405	1374716	20250927060000	https://news-journal.com/2025/09/26/longview-firefighters-commended-for-central-texas-flood-response-they-did-a-phenomenal-job/
1265505297	20250927	202509	2025	2025.7315											USA	UNITED STATES	USA								0	043	043	04	1	2.8	6	1	6	-1.09514031485284	0								3	Green Lake, Maine, United States	US	USME		44.6712	-68.5547	567240	3	Green Lake, Maine, United States	US	USME		44.6712	-68.5547	567240	20250927060000	https://www.bangordailynews.com/2025/09/27/outdoors/recreation/best-fall-hikes-maine-joam40zk0w/
1265505298	20250927	202509	2025	2025.7315											USA	IOWA	USA								0	046	046	04	1	7.0	10	1	10	-2.88790993636809	0								2	Iowa, United States	US	USIA		42.0046	-93.214	IA	2	Iowa, United States	US	USIA		42.0046	-93.214	IA	20250927060000	https://www.yahoo.com/news/articles/des-moines-public-schools-superintendent-174205995.html
1265505299	20250927	202509	2025	2025.7315											USA	UNITED STATES	USA								0	050	050	05	1	3.5	2	1	2	1.18343195266272	0								2	Oklahoma, United States	US	USOK		35.5376	-96.9247	OK	2	Oklahoma, United States	US	USOK		35.5376	-96.9247	OK	20250927060000	http://www.news9.com/story/68d75f6942911933d47e54b4/ryan-walters-proposes-4-billion-education-budget-request
1265505300	20250927	202509	2025	2025.7315											USA	UNITED STATES	USA								1	073	073	07	2	7.4	1	1	1	-0.15698587127158	0								3	Longview, Texas, United States	US	USTX	TX183	32.5007	-94.7405	1374716	3	Longview, Texas, United States	US	USTX	TX183	32.5007	-94.7405	1374716	20250927060000	https://news-journal.com/2025/09/26/longview-firefighters-commended-for-central-texas-flood-response-they-did-a-phenomenal-job/
1265505301	20250927	202509	2025	2025.7315											USA	UNITED STATES	USA								0	100	100	10	3	-5.0	2	1	2	-2.88790993636809	0								3	Des Moines, Iowa, United States	US	USIA		41.6005	-93.6091	465961	3	Des Moines, Iowa, United States	US	USIA		41.6005	-93.6091	465961	20250927060000	https://www.yahoo.com/news/articles/des-moines-public-schools-superintendent-174205995.html
1265505302	20250927	202509	2025	2025.7315											USA	WASHINGTON	USA								1	186	186	18	4	-10.0	9	1	9	-2.68361581920904	0								2	Washington, United States	US	USWA		47.3917	-121.571	WA	2	Washington, United States	US	USWA		47.3917	-121.571	WA	20250927060000	https://www.unionleader.com/opinion/columnists/patrick-hynes-let-s-commit-to-civil-discourse/article_36b1199e-b8b3-42fa-9cc9-053d2e07f6a4.html
1265505303	20250927	202509	2025	2025.7315											USA	KANSAS	USA								1	190	190	19	4	-10.0	10	1	10	-10.054347826087	0								3	Owasso, Oklahoma, United States	US	USOK	OK143	36.2695	-95.8547	1096358	3	Owasso, Oklahoma, United States	US	USOK	OK143	36.2695	-95.8547	1096358	20250927060000	https://www.fox23.com/news/2-seriously-injured-after-high-speed-chase-beginning-in-owasso-ends-in-crash-in-kansas/article_acaac2f8-85a5-43e4-b961-127b4c691baa.html
1265505304	20250927	202509	2025	2025.7315											USAGOV	NASA	USA					GOV			1	031	031	03	1	5.2	2	1	2	2.63473053892216	0								3	Goddard Space Flight Center, Maryland, United States	US	USMD		38.9923	-76.8525	597466	2	Arizona, United States	US	USAZ		33.7712	-111.388	AZ	20250927060000	https://spacecoastdaily.com/2025/09/nasa-awards-katalyst-space-technologies-contract-to-raise-neil-gehrels-swift-observatory-to-higher-altitude/
1265505305	20250927	202509	2025	2025.7315											USAGOV	UNITED STATES	USA					GOV			0	057	057	05	1	8.0	1	1	1	1.91897654584222	0								3	Oklahoma City, Oklahoma, United States	US	USOK		35.4676	-97.5164	1102140	3	Oklahoma City, Oklahoma, United States	US	USOK		35.4676	-97.5164	1102140	20250927060000	http://www.news9.com/story/68d761c6a6ee088a4f77d8c4/la-mayor-okc-mayor-sign-new-agreement-ahead-of-la-2028-olympics
1265505306	20250927	202509	2025	2025.7315											ZWE	SALISBURY	ZWE								1	036	036	03	1	4.0	6	1	6	4.52261306532663	0								4	Salisbury, Mashonaland East, Zimbabwe	ZI	ZI04	40197	-17.8178	31.0447	-2312291	4	Salisbury, Mashonaland East, Zimbabwe	ZI	ZI04	40197	-17.8178	31.0447	-2312291	20250927060000	https://www.salisburyjournal.co.uk/news/25498460.salisbury-radios-song-christmas-competition-returning/
1265505307	20250927	202509	2025	2025.7315											ZWE	SALISBURY	ZWE								1	036	036	03	1	4.0	2	1	2	4.52261306532663	0								4	Salisbury, Mashonaland East, Zimbabwe	ZI	ZI04	40197	-17.8178	31.0447	-2312291	4	Sarum, Manicaland, Zimbabwe	ZI	ZI01	40197	-18.8457	32.5548	10739005	20250927060000	https://www.salisburyjournal.co.uk/news/25498460.salisbury-radios-song-christmas-competition-returning/
1265505308	20250927	202509	2025	2025.7315	AFG	AFGHANISTAN	AFG																		0	010	010	01	1	0.0	4	1	4	-1.0351966873706	1	Afghanistan	AF	AF		33	66	AF	0								1	Afghanistan	AF	AF		33	66	AF	20250927060000	https://www.cbs8.com/article/news/local/federal-judge-orders-release-afghan-interpreter-detained-ice/509-b0191cef-0f35-4ecd-864d-9dcf03119d4e
1265505309	20250927	202509	2025	2025.7315	AFG	AFGHANISTAN	AFG																		0	020	020	02	1	3.0	2	1	2	-1.0351966873706	1	Afghanistan	AF	AF		33	66	AF	0								1	Afghanistan	AF	AF		33	66	AF	20250927060000	https://www.cbs8.com/article/news/local/federal-judge-orders-release-afghan-interpreter-detained-ice/509-b0191cef-0f35-4ecd-864d-9dcf03119d4e
1265505310	20250927	202509	2025	2025.7315	AFGGOV	AFGHANISTAN	AFG					GOV			GOV	PRIME MINISTER						GOV			1	012	012	01	1	-0.4	1	1	1	-4.04858299595142	1	Afghanistan	AF	AF		33	66	AF	1	Afghanistan	AF	AF		33	66	AF	1	Afghanistan	AF	AF		33	66	AF	20250927060000	https://www.newkerala.com/news/o/centre-paying-lip-service-towards-flood-hit-people-says-punjab-836
1265505311	20250927	202509	2025	2025.7315	AFGGOV	AFGHANISTAN	AFG					GOV			GOV	PRIME MINISTER						GOV			0	071	071	07	2	7.4	2	1	2	-4.04858299595142	1	Afghanistan	AF	AF		33	66	AF	1	Afghanistan	AF	AF		33	66	AF	1	Afghanistan	AF	AF		33	66	AF	20250927060000	https://www.newkerala.com/news/o/centre-paying-lip-service-towards-flood-hit-people-says-punjab-836
1265505312	20250927	202509	2025	2025.7315	AFR	AFRICA	AFR																		0	120	120	12	3	-4.0	2	1	2	-5.95054095826894	4	Gaza, Israel (general), Israel	IS	IS00	18315	31.4167	34.3333	-797156	0								4	Gaza, Israel (general), Israel	IS	IS00	18315	31.4167	34.3333	-797156	20250927060000	https://www.journalgazette.net/news/world/facing-global-isolation-at-un-a-defiant-netanyahu-says-israel-must-finish-the-job-against/article_484c8496-e031-51b9-8131-393fde53f372.html
1265505313	20250927	202509	2025	2025.7315	AFR	AFRICA	AFR																		0	120	120	12	3	-4.0	5	1	5	-5.95054095826894	1	South Africa	SF	SF		-30	26	SF	0								4	Gaza, Israel (general), Israel	IS	IS00	18315	31.4167	34.3333	-797156	20250927060000	https://www.journalgazette.net/news/world/facing-global-isolation-at-un-a-defiant-netanyahu-says-israel-must-finish-the-job-against/article_484c8496-e031-51b9-8131-393fde53f372.html
1265505314	20250927	202509	2025	2025.7315	AFR	AFRICA	AFR								MOS	MUSLIM				MOS					0	010	010	01	1	0.0	3	1	3	-5.39923954372624	2	Utah, United States	US	USUT		40.1135	-111.854	UT	2	Utah, United States	US	USUT		40.1135	-111.854	UT	2	Utah, United States	US	USUT		40.1135	-111.854	UT	20250927060000	https://independentaustralia.net/politics/politics-display/dont-ask-vunerable-people-to-feel-outrage-at-the-death-of-charlie-kirk,20210
1265505315	20250927	202509	2025	2025.7315	AUS	AUSTRALIA	AUS								BLR	BELARUS	BLR								1	043	043	04	1	2.8	2	1	2	2.3109243697479	1	Australia	AS	AS		-25	135	AS	1	Belarus	BO	BO		53	28	BO	1	Australia	AS	AS		-25	135	AS	20250927060000	https://www.spokesman.com/stories/2025/sep/26/new-americans-celebrate-citizenship-in-glacier-nat/
1265505316	20250927	202509	2025	2025.7315	AUS	AUSTRALIA	AUS								BLR	BELARUS	BLR								1	043	043	04	1	2.8	2	1	2	2.3109243697479	1	Belarus	BO	BO		53	28	BO	1	Belarus	BO	BO		53	28	BO	1	Belarus	BO	BO		53	28	BO	20250927060000	https://www.spokesman.com/stories/2025/sep/26/new-americans-celebrate-citizenship-in-glacier-nat/
1265505317	20250927	202509	2025	2025.7315	AUS	AUSTRALIA	AUS								MED	GAZETTE						MED			1	040	040	04	1	1.0	4	1	4	4.60526315789473	1	Australia	AS	AS		-25	135	AS	1	Australia	AS	AS		-25	135	AS	1	Australia	AS	AS		-25	135	AS	20250927060000	https://www.journalgazette.net/living/local-arts/artists-at-work-creating-the-largest-mural-in-fort-wayne/article_38668608-3db0-45d4-98de-3447579bba76.html
1265505318	20250927	202509	2025	2025.7315	AUSCOP	VICTORIA	AUS					COP			AUS	VICTORIA	AUS								1	060	060	06	2	6.0	10	1	10	-8.11965811965812	4	Melbourne, Victoria, Australia	AS	AS07	5430	-37.8167	144.967	-1586844	4	Melbourne, Victoria, Australia	AS	AS07	5430	-37.8167	144.967	-1586844	4	Melbourne, Victoria, Australia	AS	AS07	5430	-37.8167	144.967	-1586844	20250927060000	https://www.dailymail.co.uk/news/article-15139099/cancer-wigs-thief-melbourne-cctv.html
1265505319	20250927	202509	2025	2025.7315	AUSCOP	VICTORIA	AUS					COP			AUS	VICTORIA	AUS								1	084	084	08	2	7.0	10	1	10	-8.11965811965812	4	Melbourne, Victoria, Australia	AS	AS07	5430	-37.8167	144.967	-1586844	4	Melbourne, Victoria, Australia	AS	AS07	5430	-37.8167	144.967	-1586844	4	Melbourne, Victoria, Australia	AS	AS07	5430	-37.8167	144.967	-1586844	20250927060000	https://www.dailymail.co.uk/news/article-15139099/cancer-wigs-thief-melbourne-cctv.html
1265505320	20250927	202509	2025	2025.7315	AUSCOP	VICTORIA	AUS					COP			AUS	VICTORIA	AUS								1	0841	084	08	2	7.0	10	1	10	-8.11965811965812	4	Melbourne, Victoria, Australia	AS	AS07	5430	-37.8167	144.967	-1586844	4	Melbourne, Victoria, Australia	AS	AS07	5430	-37.8167	144.967	-1586844	4	Melbourne, Victoria, Australia	AS	AS07	5430	-37.8167	144.967	-1586844	20250927060000	https://www.dailymail.co.uk/news/article-15139099/cancer-wigs-thief-melbourne-cctv.html
1265505321	20250927	202509	2025	2025.7315	BGD	BANGLADESHI	BGD								CVL	MINORITIES						CVL			1	141	141	14	3	-6.5	6	1	6	-11.7647058823529	1	Bangladesh	BG	BG		24	90	BG	2	New York, United States	US	USNY		42.1497	-74.9384	NY	1	Bangladesh	BG	BG		24	90	BG	20250927060000	https://article.wn.com/view/2025/09/27/Bangladeshi_Diaspora_In_US_Protests_Against_Yunus_Govt_Alleg/
1265505322	20250927	202509	2025	2025.7315	BGD	BANGLADESHI	BGD								IGOUNO	THE UN		UNO				IGO			1	140	140	14	3	-6.5	4	1	4	-11.7647058823529	1	Bangladesh	BG	BG		24	90	BG	2	New York, United States	US	USNY		42.1497	-74.9384	NY	1	Bangladesh	BG	BG		24	90	BG	20250927060000	https://article.wn.com/view/2025/09/27/Bangladeshi_Diaspora_In_US_Protests_Against_Yunus_Govt_Alleg/
1265505323	20250927	202509	2025	2025.7315	BGD	BANGLADESHI	BGD								USA	UNITED STATES	USA								1	051	051	05	1	3.4	2	1	2	-11.7647058823529	1	Bangladesh	BG	BG		24	90	BG	2	New York, United States	US	USNY		42.1497	-74.9384	NY	1	Bangladesh	BG	BG		24	90	BG	20250927060000	https://article.wn.com/view/2025/09/27/Bangladeshi_Diaspora_In_US_Protests_Against_Yunus_Govt_Alleg/
1265505324	20250927	202509	2025	2025.7315	BGD	BANGLADESHI	BGD								USAGOV	UNITED STATES	USA					GOV			1	1124	112	11	3	-2.0	1	1	1	-11.7647058823529	1	Bangladesh	BG	BG		24	90	BG	2	New York, United States	US	USNY		42.1497	-74.9384	NY	2	New York, United States	US	USNY		42.1497	-74.9384	NY	20250927060000	https://article.wn.com/view/2025/09/27/Bangladeshi_Diaspora_In_US_Protests_Against_Yunus_Govt_Alleg/
1265505325	20250927	202509	2025	2025.7315	BGR	BULGARIAN	BGR								CHN	CHINA	CHN								1	051	051	05	1	3.4	1	1	1	5.93220338983051	1	Bulgaria	BU	BU		43	25	BU	4	Liujiabao, Hubei, China	CH	CH12	13003	29.8168	109.791	10466170	4	Liujiabao, Hubei, China	CH	CH12	13003	29.8168	109.791	10466170	20250927060000	https://www.chinadaily.com.cn/a/202509/27/WS68d76d2ba3108622abca343b.html
1265505326	20250927	202509	2025	2025.7315	BGR	BULGARIAN	BGR								CHN	CHINA	CHN								1	051	051	05	1	3.4	1	1	1	5.93220338983051	1	Bulgaria	BU	BU		43	25	BU	1	Bulgaria	BU	BU		43	25	BU	1	Bulgaria	BU	BU		43	25	BU	20250927060000	https://www.chinadaily.com.cn/a/202509/27/WS68d76d2ba3108622abca343b.html
1265505327	20250927	202509	2025	2025.7315	BGRLEG	BULGARIAN	BGR					LEG			CHN	CHINA	CHN								1	051	051	05	1	3.4	2	1	2	5.93220338983051	1	Bulgaria	BU	BU		43	25	BU	4	Liujiabao, Hubei, China	CH	CH12	13003	29.8168	109.791	10466170	4	Liujiabao, Hubei, China	CH	CH12	13003	29.8168	109.791	10466170	20250927060000	https://www.chinadaily.com.cn/a/202509/27/WS68d76d2ba3108622abca343b.html
1265505328	20250927	202509	2025	2025.7315	BGRLEG	BULGARIA	BGR					LEG			CHN	CHINA	CHN								1	051	051	05	1	3.4	1	1	1	5.93220338983051	1	Bulgaria	BU	BU		43	25	BU	4	Liujiabao, Hubei, China	CH	CH12	13003	29.8168	109.791	10466170	1	Bulgaria	BU	BU		43	25	BU	20250927060000	https://www.chinadaily.com.cn/a/202509/27/WS68d76d2ba3108622abca343b.html
1265505329	20250927	202509	2025	2025.7315	BLR	BELARUS	BLR								AUS	AUSTRALIA	AUS								1	042	042	04	1	1.9	1	1	1	2.3109243697479	1	Belarus	BO	BO		53	28	BO	1	Australia	AS	AS		-25	135	AS	1	Australia	AS	AS		-25	135	AS	20250927060000	https://www.spokesman.com/stories/2025/sep/26/new-americans-celebrate-citizenship-in-glacier-nat/
1265505330	20250927	202509	2025	2025.7315	BLR	BELARUS	BLR								AUS	AUSTRALIA	AUS								1	042	042	04	1	1.9	1	1	1	2.3109243697479	1	Belarus	BO	BO		53	28	BO	1	Belarus	BO	BO		53	28	BO	1	Belarus	BO	BO		53	28	BO	20250927060000	https://www.spokesman.com/stories/2025/sep/26/new-americans-celebrate-citizenship-in-glacier-nat/
1265505331	20250927	202509	2025	2025.7315	BLR	BELARUS	BLR								AUS	AUSTRALIA	AUS								1	042	042	04	1	1.9	2	1	2	2.3109243697479	1	Canada	CA	CA		60	-96	CA	1	Canada	CA	CA		60	-96	CA	1	Canada	CA	CA		60	-96	CA	20250927060000	https://www.spokesman.com/stories/2025/sep/26/new-americans-celebrate-citizenship-in-glacier-nat/
1265505332	20250927	202509	2025	2025.7315	BTNGOV	BHUTAN	BTN					GOV			IGOUNO	UNSC		UNO				IGO			1	020	020	02	1	3.0	8	1	8	3.84615384615385	1	Bhutan	BT	BT		27.5	90.5	BT	1	Bhutan	BT	BT		27.5	90.5	BT	1	Bhutan	BT	BT		27.5	90.5	BT	20250927060000	https://article.wn.com/view/2025/09/27/Bhutan_PM_Tshering_Tobgay_Urges_UNSC_Reform_Backs_India_And_/
1265505333	20250927	202509	2025	2025.7315	BTNGOV	BHUTAN	BTN					GOV			IGOUNO	UNSC		UNO				IGO			1	020	020	02	1	3.0	2	1	2	3.84615384615385	1	Japan	JA	JA		36	138	JA	1	Bhutan	BT	BT		27.5	90.5	BT	1	Bhutan	BT	BT		27.5	90.5	BT	20250927060000	https://article.wn.com/view/2025/09/27/Bhutan_PM_Tshering_Tobgay_Urges_UNSC_Reform_Backs_India_And_/
1265505334	20250927	202509	2025	2025.7315	BUS	BANK						BUS													0	010	010	01	1	0.0	6	1	6	3.44827586206897	4	Rawtenstall, Lancashire, United Kingdom	UK	UKH2	40123	53.7	-2.28333	-2606056	0								4	Rawtenstall, Lancashire, United Kingdom	UK	UKH2	40123	53.7	-2.28333	-2606056	20250927060000	https://www.lancashiretelegraph.co.uk/news/25498040.camra-unveil-top-10-micropubs-east-lancashire/
1265505335	20250927	202509	2025	2025.7315	BUS	BANK						BUS													0	010	010	01	1	0.0	4	1	4	3.44827586206897	4	Rochdale, Rochdale, United Kingdom	UK	UKL2	40138	53.6167	-2.15	-2606372	0								4	Rochdale, Rochdale, United Kingdom	UK	UKL2	40138	53.6167	-2.15	-2606372	20250927060000	https://www.lancashiretelegraph.co.uk/news/25498040.camra-unveil-top-10-micropubs-east-lancashire/
1265505336	20250927	202509	2025	2025.7315	BUS	SERVER						BUS													1	010	010	01	1	0.0	5	1	5	-5.21472392638037	4	Seoul, Soul-t'ukpyolsi, South Korea	KS	KS11	24984	37.5664	127	-716583	0								4	Seoul, Soul-t'ukpyolsi, South Korea	KS	KS11	24984	37.5664	127	-716583	20250927060000	https://edition.cnn.com/2025/09/27/asia/south-korea-fire-data-center-daejeon-intl-hnk
1265505337	20250927	202509	2025	2025.7315	BUS	COMPANIES						BUS													1	010	010	01	1	0.0	10	2	10	3.88682091240699	1	New Zealand	NZ	NZ		-42	174	NZ	0								1	New Zealand	NZ	NZ		-42	174	NZ	20250927060000	https://livenews.co.nz/2025/09/27/nz-au-fonterra-and-biolumic-partner-to-bring-light-activated-seed-traits-to-new-zealand-dairy-systems/
1265505338	20250927	202509	2025	2025.7315	BUS	LANDLORD						BUS													0	012	012	01	1	-0.4	10	1	10	-3.53185595567867	4	Wexford, Wexford, Ireland	EI	EI30	18308	52.3342	-6.4575	-1506176	0								4	Wexford, Wexford, Ireland	EI	EI30	18308	52.3342	-6.4575	-1506176	20250927060000	https://www.irishtimes.com/health/2025/09/27/mens-silent-health-crisis-i-was-just-worrying-worrying-worrying-i-thought-i-was-going-to-die/
1265505339	20250927	202509	2025	2025.7315	BUS	COMPANY						BUS													0	020	020	02	1	3.0	3	1	3	5.93607305936073	1	Vietnam, Republic Of	VM	VM		16.166667	107.833333	VM	0								1	Vietnam, Republic Of	VM	VM		16.166667	107.833333	VM	20250927060000	https://news.tuoitre.vn/vietnam-deputy-pm-meets-toyota-asia-chief-urges-expanded-investment-103250926182658432.htm
1265505340	20250927	202509	2025	2025.7315	BUS	COMPANY						BUS													0	051	051	05	1	3.4	4	1	4	3.44827586206897	4	Rochdale, Rochdale, United Kingdom	UK	UKL2	40138	53.6167	-2.15	-2606372	0								4	Rochdale, Rochdale, United Kingdom	UK	UKL2	40138	53.6167	-2.15	-2606372	20250927060000	https://www.lancashiretelegraph.co.uk/news/25498040.camra-unveil-top-10-micropubs-east-lancashire/
1265505341	20250927	202509	2025	2025.7315	BUS	COMPANY						BUS													1	110	110	11	3	-2.0	10	1	10	3.30188679245283	0								0								0								20250927060000	https://www.interest.co.nz/technology/135408/its-lightweight-has-arm-inside-and-runs-windows-11-review-ultraportable-microsoft
1265505342	20250927	202509	2025	2025.7315	BUS	COMPANY						BUS													0	120	120	12	3	-4.0	10	1	10	6.84140382052421	1	United States	US	US		39.828175	-98.5795	US	0								1	United States	US	US		39.828175	-98.5795	US	20250927060000	https://smallbiztrends.com/six-sigma-consulting/
1265505343	20250927	202509	2025	2025.7315	BUS	COMPANY						BUS													0	1233	123	12	3	-4.0	5	1	5	-2.10035005834306	4	Manoel Island, G¿ira, Malta	MT	MT17	19477	35.9039	14.5028	-18490	0								4	Manoel Island, G¿ira, Malta	MT	MT17	19477	35.9039	14.5028	-18490	20250927060000	https://timesofmalta.com/article/mse-trading-report-week-ended-september-26-2025.1116876
1265505344	20250927	202509	2025	2025.7315	BUS	COMPANY						BUS			CAN	NOVA SCOTIA	CAN								1	010	010	01	1	0.0	10	1	10	-1.53550863723609	0								0								0								20250927060000	https://www.lancashiretelegraph.co.uk/news/25491978.blackburn-puregym-users-fined-despite-dedicated-parking/
1265505345	20250927	202509	2025	2025.7315	BUS	COMPANY						BUS			GBR	UNITED KINGDOM	GBR								0	051	051	05	1	3.4	4	1	4	3.44827586206897	4	Rochdale, Rochdale, United Kingdom	UK	UKL2	40138	53.6167	-2.15	-2606372	4	Rochdale, Rochdale, United Kingdom	UK	UKL2	40138	53.6167	-2.15	-2606372	4	Rochdale, Rochdale, United Kingdom	UK	UKL2	40138	53.6167	-2.15	-2606372	20250927060000	https://www.lancashiretelegraph.co.uk/news/25498040.camra-unveil-top-10-micropubs-east-lancashire/
1265505346	20250927	202509	2025	2025.7315	BUS	BUSINESS						BUS			USAGOV	NASA	USA					GOV			0	071	071	07	2	7.4	5	1	5	2.63473053892216	3	Goddard Space Flight Center, Maryland, United States	US	USMD	MD033	38.9923	-76.8525	597466	3	Goddard Space Flight Center, Maryland, United States	US	USMD		38.9923	-76.8525	597466	3	Goddard Space Flight Center, Maryland, United States	US	USMD		38.9923	-76.8525	597466	20250927060000	https://spacecoastdaily.com/2025/09/nasa-awards-katalyst-space-technologies-contract-to-raise-neil-gehrels-swift-observatory-to-higher-altitude/
1265505347	20250927	202509	2025	2025.7315	BUS	COMPANY						BUS			VNM	VIETNAM	VNM								0	020	020	02	1	3.0	7	1	7	5.93607305936073	1	Vietnam, Republic Of	VM	VM		16.166667	107.833333	VM	1	Vietnam, Republic Of	VM	VM		16.166667	107.833333	VM	1	Vietnam, Republic Of	VM	VM		16.166667	107.833333	VM	20250927060000	https://news.tuoitre.vn/vietnam-deputy-pm-meets-toyota-asia-chief-urges-expanded-investment-103250926182658432.htm
1265505348	20250927	202509	2025	2025.7315	CAN	CANADA	CAN								GOV	SECRETARY OF STATE						GOV			1	040	040	04	1	1.0	2	1	2	2.32558139534884	2	New York, United States	US	USNY		42.1497	-74.9384	NY	2	New York, United States	US	USNY		42.1497	-74.9384	NY	2	New York, United States	US	USNY		42.1497	-74.9384	NY	20250927060000	https://www.gulf-times.com/article/711561/qatar/minister-of-state-for-international-cooperation-meets-secretary-of-state-for-international-development-of-canada
1265505349	20250927	202509	2025	2025.7315	CAN	TORONTO	CAN								HLH	HOSPITAL						HLH			1	012	012	01	1	-0.4	3	1	3	-10.1123595505618	4	Toronto, Ontario, Canada	CA	CA08	12686	43.6667	-79.4167	-574890	4	Toronto, Ontario, Canada	CA	CA08	12686	43.6667	-79.4167	-574890	4	Toronto, Ontario, Canada	CA	CA08	12686	43.6667	-79.4167	-574890	20250927060000	https://toronto.citynews.ca/2025/09/26/man-in-hospital-after-etobicoke-stabbing/
1265505350	20250927	202509	2025	2025.7315	CAN	CANADA	CAN								RAD	EXTREMIST						RAD			1	071	071	07	2	7.4	10	1	10	-4.96688741721855	5	Punjab, Punjab, India	IN	IN23	17830	30.9167	75.4167	-2108367	5	Punjab, Punjab, India	IN	IN23	17830	30.9167	75.4167	-2108367	5	Punjab, Punjab, India	IN	IN23	17830	30.9167	75.4167	-2108367	20250927060000	https://indianexpress.com/article/cities/chandigarh/babbar-khalsa-terrorist-extradited-punjab-10274255/
1265505351	20250927	202509	2025	2025.7315	CHN	CHINA	CHN																		0	042	042	04	1	1.9	10	1	10	5.93220338983051	4	Liujiabao, Hubei, China	CH	CH12	13003	29.8168	109.791	10466170	0								4	Liujiabao, Hubei, China	CH	CH12	13003	29.8168	109.791	10466170	20250927060000	https://www.chinadaily.com.cn/a/202509/27/WS68d76d2ba3108622abca343b.html
1265505352	20250927	202509	2025	2025.7315	CHN	TAIYUAN	CHN								CHNCVL	CHINA	CHN					CVL			1	042	042	04	1	1.9	4	1	4	5.93220338983051	4	Beijing, Beijing, China	CH	CH22	13001	39.9289	116.388	-1898541	4	Beijing, Beijing, China	CH	CH22	13001	39.9289	116.388	-1898541	4	Beijing, Beijing, China	CH	CH22	13001	39.9289	116.388	-1898541	20250927060000	https://www.chinadaily.com.cn/a/202509/27/WS68d76d2ba3108622abca343b.html
1265505353	20250927	202509	2025	2025.7315	CHN	TAIYUAN	CHN								CVL	VILLAGE						CVL			1	042	042	04	1	1.9	1	1	1	5.93220338983051	4	Beijing, Beijing, China	CH	CH22	13001	39.9289	116.388	-1898541	4	Beijing, Beijing, China	CH	CH22	13001	39.9289	116.388	-1898541	4	Beijing, Beijing, China	CH	CH22	13001	39.9289	116.388	-1898541	20250927060000	https://www.chinadaily.com.cn/a/202509/27/WS68d76d2ba3108622abca343b.html
1265505354	20250927	202509	2025	2025.7315	CHN	CHINESE	CHN								IGOUNOLEG	THE UN		UNO				IGO	LEG		1	010	010	01	1	0.0	2	1	2	-5.11945392491468	3	Washington, District of Columbia, United States	US	USDC	DC001	38.8951	-77.0364	531871	4	Beijing, Beijing, China	CH	CH22	13001	39.9289	116.388	-1898541	4	Beijing, Beijing, China	CH	CH22	13001	39.9289	116.388	-1898541	20250927060000	https://tribune.com.pk/story/2569233/china-warns-against-cold-war-mentality
1265505355	20250927	202509	2025	2025.7315	CHN	CHINA	CHN								IND	MADHYA PRADESH	IND								0	010	010	01	1	0.0	1	1	1	3.73333333333333	1	China	CH	CH		35	105	CH	5	Madhya Pradesh, Madhya Pradesh, India	IN	IN35	17744	23.5	78.5	-2103026	1	China	CH	CH		35	105	CH	20250927060000	https://www.newkerala.com/news/o/mp-cm-mohan-yadav-pays-homage-martyrs-rezang-la-battle-752
1265505356	20250927	202509	2025	2025.7315	CHN	CHINA	CHN								IND	MADHYA PRADESH	IND								0	010	010	01	1	0.0	1	1	1	3.73333333333333	1	China	CH	CH		35	105	CH	1	China	CH	CH		35	105	CH	1	China	CH	CH		35	105	CH	20250927060000	https://www.newkerala.com/news/o/mp-cm-mohan-yadav-pays-homage-martyrs-rezang-la-battle-752
1265505357	20250927	202509	2025	2025.7315	CHNCVL	CHINA	CHN					CVL													1	043	043	04	1	2.8	8	1	8	5.93220338983051	4	Liujiabao, Hubei, China	CH	CH12	13003	29.8168	109.791	10466170	0								4	Liujiabao, Hubei, China	CH	CH12	13003	29.8168	109.791	10466170	20250927060000	https://www.chinadaily.com.cn/a/202509/27/WS68d76d2ba3108622abca343b.html
1265505358	20250927	202509	2025	2025.7315	CHNCVL	CHINA	CHN					CVL			BUS	PRODUCER						BUS			1	030	030	03	1	4.0	4	1	4	3.73333333333333	1	China	CH	CH		35	105	CH	1	China	CH	CH		35	105	CH	1	China	CH	CH		35	105	CH	20250927060000	https://www.newkerala.com/news/o/mp-cm-mohan-yadav-pays-homage-martyrs-rezang-la-battle-752
1265505359	20250927	202509	2025	2025.7315	CHNCVL	CHINA	CHN					CVL			BUS	PRODUCER						BUS			1	051	051	05	1	3.4	4	1	4	3.73333333333333	1	China	CH	CH		35	105	CH	1	China	CH	CH		35	105	CH	1	China	CH	CH		35	105	CH	20250927060000	https://www.newkerala.com/news/o/mp-cm-mohan-yadav-pays-homage-martyrs-rezang-la-battle-752
1265505360	20250927	202509	2025	2025.7315	CHNCVL	CHINA	CHN					CVL			CHN	TAIYUAN	CHN								1	043	043	04	1	2.8	2	1	2	5.93220338983051	4	Liujiabao, Hubei, China	CH	CH12	13003	29.8168	109.791	10466170	4	Shanxi, Fujian, China	CH	CH07	13167	26.9512	116.692	10771269	4	Liujiabao, Hubei, China	CH	CH12	13003	29.8168	109.791	10466170	20250927060000	https://www.chinadaily.com.cn/a/202509/27/WS68d76d2ba3108622abca343b.html
1265505361	20250927	202509	2025	2025.7315	CHNCVL	CHINA	CHN					CVL			CHN	TAIYUAN	CHN								1	043	043	04	1	2.8	1	1	1	5.93220338983051	4	Liujiabao, Hubei, China	CH	CH12	13003	29.8168	109.791	10466170	4	Xiaodian, Henan, China	CH	CH09	13111	33.4629	112.629	6001854	4	Liujiabao, Hubei, China	CH	CH12	13003	29.8168	109.791	10466170	20250927060000	https://www.chinadaily.com.cn/a/202509/27/WS68d76d2ba3108622abca343b.html
1265505362	20250927	202509	2025	2025.7315	CHNCVL	CHINA	CHN					CVL			CHN	TAIYUAN	CHN								1	043	043	04	1	2.8	1	1	1	5.93220338983051	4	Liujiabao, Hubei, China	CH	CH12	13003	29.8168	109.791	10466170	4	Xiaodian, Henan, China	CH	CH09	13111	33.4629	112.629	6001854	1	Albania	AL	AL		41	20	AL	20250927060000	https://www.chinadaily.com.cn/a/202509/27/WS68d76d2ba3108622abca343b.html
1265505363	20250927	202509	2025	2025.7315	CHR	CHRISTIAN				CHR															1	051	051	05	1	3.4	10	1	10	4.63800904977375	3	Chicago, Illinois, United States	US	USIL	IL031	41.85	-87.6501	423587	0								3	Chicago, Illinois, United States	US	USIL	IL031	41.85	-87.6501	423587	20250927060000	https://www.webwire.com/ViewPressRel.asp?aId=344369
1265505364	20250927	202509	2025	2025.7315	CHRPRO300	PRESBYTERIAN				CHR	PRO														1	010	010	01	1	0.0	10	1	10	-2.80373831775701	0								0								0								20250927060000	https://www.odt.co.nz/news/dunedin/church-offers-sincere-and-unreserved-apology-decades-abuse
1265505365	20250927	202509	2025	2025.7315	COL	COLOMBIAN	COL								USA	NEW YORK	USA								1	042	042	04	1	1.9	1	1	1	-5.44554455445545	4	Bogota, Cundinamarca, Colombia	CO	CO33	18585	4.6	-74.0833	-578472	4	Bogota, Cundinamarca, Colombia	CO	CO33	18585	4.6	-74.0833	-578472	4	Bogota, Cundinamarca, Colombia	CO	CO33	18585	4.6	-74.0833	-578472	20250927060000	https://www.theguardian.com/us-news/2025/sep/27/us-revokes-visa-for-colombian-president-gustavo-petro-after-reckless-actions-in-new-york
1265505366	20250927	202509	2025	2025.7315	COL	COLOMBIAN	COL								USA	NEW YORK	USA								1	042	042	04	1	1.9	2	1	2	-5.44554455445545	4	Bogota, Cundinamarca, Colombia	CO	CO33	18585	4.6	-74.0833	-578472	2	New York, United States	US	USNY		42.1497	-74.9384	NY	4	Bogota, Cundinamarca, Colombia	CO	CO33	18585	4.6	-74.0833	-578472	20250927060000	https://www.theguardian.com/us-news/2025/sep/27/us-revokes-visa-for-colombian-president-gustavo-petro-after-reckless-actions-in-new-york
1265505367	20250927	202509	2025	2025.7315	COP	PRISON						COP													1	015	015	01	1	0.0	8	1	8	-13.125	3	Moses Lake, Washington, United States	US	USWA	WA025	47.1301	-119.278	1512481	0								3	Moses Lake, Washington, United States	US	USWA		47.1301	-119.278	1512481	20250927060000	https://www.spokesman.com/stories/2025/sep/26/washington-records/
1265505368	20250927	202509	2025	2025.7315	COP	TROOPER						COP													0	046	046	04	1	7.0	6	1	6	-5.61797752808989	3	Bear Creek, Nebraska, United States	US	USNE	NE031	42.8761	-101.351	827236	0								3	Bear Creek, Nebraska, United States	US	USNE		42.8761	-101.351	827236	20250927060000	http://harrisondaily.com/stories/scams-hurting-locals-crime-update,325825
1265505369	20250927	202509	2025	2025.7315	COP	TROOPER						COP													0	046	046	04	1	7.0	4	1	4	-5.61797752808989	3	Boone County, Nebraska, United States	US	USNE	NE011	41.7	-98.0837	835828	0								3	Boone County, Nebraska, United States	US	USNE		41.7	-98.0837	835828	20250927060000	http://harrisondaily.com/stories/scams-hurting-locals-crime-update,325825
1265505370	20250927	202509	2025	2025.7315	COP	POLICE						COP													1	060	060	06	2	6.0	10	1	10	-10.1123595505618	4	Toronto, Ontario, Canada	CA	CA08	12686	43.6667	-79.4167	-574890	0								4	Toronto, Ontario, Canada	CA	CA08	12686	43.6667	-79.4167	-574890	20250927060000	https://toronto.citynews.ca/2025/09/26/man-in-hospital-after-etobicoke-stabbing/
1265505371	20250927	202509	2025	2025.7315	COP	POLICE						COP													0	060	060	06	2	6.0	2	1	2	-3.67047308319739	3	Fort Wayne, Indiana, United States	US	USIN	IN003	41.1306	-85.1289	434689	0								3	Fort Wayne, Indiana, United States	US	USIN		41.1306	-85.1289	434689	20250927060000	https://www.journalgazette.net/opinion/columnists/funding-final-hurdle-as-fort-wayne-works-to-help-the-homeless/article_f7ab0f34-2156-43a4-a32a-e906814a7a51.html
1265505372	20250927	202509	2025	2025.7315	COP	POLICE						COP													1	112	112	11	3	-2.0	2	1	2	-10.054347826087	3	Owasso, Oklahoma, United States	US	USOK	OK143	36.2695	-95.8547	1096358	0								3	Owasso, Oklahoma, United States	US	USOK	OK143	36.2695	-95.8547	1096358	20250927060000	https://www.fox23.com/news/2-seriously-injured-after-high-speed-chase-beginning-in-owasso-ends-in-crash-in-kansas/article_acaac2f8-85a5-43e4-b961-127b4c691baa.html
1265505373	20250927	202509	2025	2025.7315	COP	PRISON						COP													0	186	186	18	4	-10.0	2	1	2	-6.65054413542926	3	White House, District of Columbia, United States	US	USDC		38.8951	-77.0364	531871	0								3	White House, District of Columbia, United States	US	USDC		38.8951	-77.0364	531871	20250927060000	https://www.breitbart.com/politics/2025/09/26/charlie-kirk-saw-coming-former-fbi-director-comey-faces-federal-trial/
1265505374	20250927	202509	2025	2025.7315	COP	POLICE						COP													0	192	192	19	4	-9.5	2	1	2	-2.05479452054795	4	Hobart Rivulet, Tasmania, Australia	AS	AS06	5339	-42.8833	147.333	-1578442	0								4	Hobart Rivulet, Tasmania, Australia	AS	AS06	5339	-42.8833	147.333	-1578442	20250927060000	https://www.dailymail.co.uk/news/article-15139157/cradle-mountain-chinese-tourist.html
1265505375	20250927	202509	2025	2025.7315	COP	POLICE						COP													1	193	193	19	4	-10.0	1	1	1	-3.18471337579618	3	Cincinnati, Ohio, United States	US	USOH	OH061	39.162	-84.4569	1066650	0								3	Cincinnati, Ohio, United States	US	USOH	OH061	39.162	-84.4569	1066650	20250927060000	https://www.wlwt.com/article/cincinnati-homicide-evanston-police-montgomery-brewster/68083640
1265505376	20250927	202509	2025	2025.7315	COP	POLICE						COP			AUS	AUSTRALIA	AUS								0	192	192	19	4	-9.5	6	1	6	-2.05479452054795	4	Hobart Rivulet, Tasmania, Australia	AS	AS06	5339	-42.8833	147.333	-1578442	4	Hobart Rivulet, Tasmania, Australia	AS	AS06	5339	-42.8833	147.333	-1578442	4	Hobart Rivulet, Tasmania, Australia	AS	AS06	5339	-42.8833	147.333	-1578442	20250927060000	https://www.dailymail.co.uk/news/article-15139157/cradle-mountain-chinese-tourist.html
1265505377	20250927	202509	2025	2025.7315	COP	POLICE						COP			CVL	HIKER						CVL			0	020	020	02	1	3.0	10	1	10	-2.05479452054795	4	Hobart Rivulet, Tasmania, Australia	AS	AS06	5339	-42.8833	147.333	-1578442	4	Hobart Rivulet, Tasmania, Australia	AS	AS06	5339	-42.8833	147.333	-1578442	4	Hobart Rivulet, Tasmania, Australia	AS	AS06	5339	-42.8833	147.333	-1578442	20250927060000	https://www.dailymail.co.uk/news/article-15139157/cradle-mountain-chinese-tourist.html
1265505378	20250927	202509	2025	2025.7315	COP	POLICE						COP			EDU	STUDENT						EDU			0	040	040	04	1	1.0	8	1	8	-5.33980582524272	4	Moscow, Moskva, Russia	RS	RS48	25106	55.7522	37.6156	-2960561	4	Moscow, Moskva, Russia	RS	RS48	25106	55.7522	37.6156	-2960561	4	Moscow, Moskva, Russia	RS	RS48	25106	55.7522	37.6156	-2960561	20250927060000	https://www.spokesman.com/stories/2025/sep/26/moscow-delivery-driver-in-coma-after-fight-with-ui/
1265505379	20250927	202509	2025	2025.7315	COP	POLICE						COP			EDU	STUDENT						EDU			0	040	040	04	1	1.0	2	1	2	-5.33980582524272	1	Greece	GR	GR		39	22	GR	4	Moscow, Moskva, Russia	RS	RS48	25106	55.7522	37.6156	-2960561	4	Moscow, Moskva, Russia	RS	RS48	25106	55.7522	37.6156	-2960561	20250927060000	https://www.spokesman.com/stories/2025/sep/26/moscow-delivery-driver-in-coma-after-fight-with-ui/
1265505380	20250927	202509	2025	2025.7315	COP	POLICE						COP			EDU	UNIVERSITY						EDU			1	193	193	19	4	-10.0	3	1	3	-3.18471337579618	3	Cincinnati, Ohio, United States	US	USOH	OH061	39.162	-84.4569	1066650	3	Cincinnati, Ohio, United States	US	USOH	OH061	39.162	-84.4569	1066650	3	Cincinnati, Ohio, United States	US	USOH	OH061	39.162	-84.4569	1066650	20250927060000	https://www.wlwt.com/article/cincinnati-homicide-evanston-police-montgomery-brewster/68083640
1265505381	20250927	202509	2025	2025.7315	COP	POLICE CHIEF						COP			GRC	GREEK	GRC								1	073	073	07	2	7.4	8	1	8	-5.33980582524272	1	Greece	GR	GR		39	22	GR	1	Greece	GR	GR		39	22	GR	1	Greece	GR	GR		39	22	GR	20250927060000	https://www.spokesman.com/stories/2025/sep/26/moscow-delivery-driver-in-coma-after-fight-with-ui/
1265505382	20250927	202509	2025	2025.7315	COP	POLICE						COP			JUD	JUDICIARY						JUD			1	0841	084	08	2	7.0	5	1	5	-6.99300699300699	4	Baghlan, Baghlan, Afghanistan	AF	AF03	99983	36.1307	68.7083	-3369768	4	Ghazni, Ghazni, Afghanistan	AF	AF08	3525	33.5508	68.4225	-3376099	4	Ghazni, Ghazni, Afghanistan	AF	AF08	3525	33.5508	68.4225	-3376099	20250927060000	http://www.afghanistannews.net/news/278597066/police-destroy-2-drug-labs-in-s-afghanistan
1265505383	20250927	202509	2025	2025.7315	COP	DEPUTY						COP			MNCJPN	TOYOTA	JPN					MNC			1	051	051	05	1	3.4	10	1	10	5.93607305936073	1	Vietnam, Republic Of	VM	VM		16.166667	107.833333	VM	1	Vietnam, Republic Of	VM	VM		16.166667	107.833333	VM	1	Vietnam, Republic Of	VM	VM		16.166667	107.833333	VM	20250927060000	https://news.tuoitre.vn/vietnam-deputy-pm-meets-toyota-asia-chief-urges-expanded-investment-103250926182658432.htm
1265505384	20250927	202509	2025	2025.7315	COP	POLICE						COP			NGA	NIGERIAN	NGA								1	173	173	17	4	-5.0	2	1	2	-5.2	4	Delhi, Delhi, India	IN	IN07	17911	28.6667	77.2167	-2094230	1	Nigeria	NI	NI		10	8	NI	1	Nigeria	NI	NI		10	8	NI	20250927060000	https://indianexpress.com/article/cities/delhi/five-killed-after-thar-crashes-into-divider-on-delhi-jaipur-expressway-10274253/
1265505385	20250927	202509	2025	2025.7315	COP	POLICE						COP			NGA	NIGERIAN	NGA								1	173	173	17	4	-5.0	8	1	8	-5.2	1	Nigeria	NI	NI		10	8	NI	1	Nigeria	NI	NI		10	8	NI	1	Nigeria	NI	NI		10	8	NI	20250927060000	https://indianexpress.com/article/cities/delhi/five-killed-after-thar-crashes-into-divider-on-delhi-jaipur-expressway-10274253/
1265505386	20250927	202509	2025	2025.7315	COP	PRISON						COP			PAK	PAKISTAN	PAK								0	084	084	08	2	7.0	4	1	4	-4.05643738977072	4	Lahore, Punjab, Pakistan	PK	PK04	23677	31.5497	74.3436	-2767043	4	Lahore, Punjab, Pakistan	PK	PK04	23677	31.5497	74.3436	-2767043	4	Lahore, Punjab, Pakistan	PK	PK04	23677	31.5497	74.3436	-2767043	20250927060000	https://news.webindia123.com/news/Articles/World/20250927/4366111.html
1265505387	20250927	202509	2025	2025.7315	COP	PRISON						COP			PAK	PAKISTAN	PAK								0	173	173	17	4	-5.0	4	1	4	-4.05643738977072	4	Lahore, Punjab, Pakistan	PK	PK04	23677	31.5497	74.3436	-2767043	4	Lahore, Punjab, Pakistan	PK	PK04	23677	31.5497	74.3436	-2767043	4	Lahore, Punjab, Pakistan	PK	PK04	23677	31.5497	74.3436	-2767043	20250927060000	https://news.webindia123.com/news/Articles/World/20250927/4366111.html
1265505388	20250927	202509	2025	2025.7315	COP	PRISON						COP			USA	UNITED STATES	USA								0	186	186	18	4	-10.0	4	1	4	-6.65054413542926	3	White House, District of Columbia, United States	US	USDC		38.8951	-77.0364	531871	3	White House, District of Columbia, United States	US	USDC		38.8951	-77.0364	531871	3	White House, District of Columbia, United States	US	USDC		38.8951	-77.0364	531871	20250927060000	https://www.breitbart.com/politics/2025/09/26/charlie-kirk-saw-coming-former-fbi-director-comey-faces-federal-trial/
1265505389	20250927	202509	2025	2025.7315	COP	POLICE						COP			USA	UNITED STATES	USA								1	193	193	19	4	-10.0	6	1	6	-3.18471337579618	3	Cincinnati, Ohio, United States	US	USOH	OH061	39.162	-84.4569	1066650	3	Cincinnati, Ohio, United States	US	USOH	OH061	39.162	-84.4569	1066650	3	Cincinnati, Ohio, United States	US	USOH	OH061	39.162	-84.4569	1066650	20250927060000	https://www.wlwt.com/article/cincinnati-homicide-evanston-police-montgomery-brewster/68083640
1265505390	20250927	202509	2025	2025.7315	COP	DEPUTY						COP			VNM	VIETNAM	VNM								1	070	070	07	2	7.0	10	1	10	5.93607305936073	1	Vietnam, Republic Of	VM	VM		16.166667	107.833333	VM	1	Vietnam, Republic Of	VM	VM		16.166667	107.833333	VM	1	Vietnam, Republic Of	VM	VM		16.166667	107.833333	VM	20250927060000	https://news.tuoitre.vn/vietnam-deputy-pm-meets-toyota-asia-chief-urges-expanded-investment-103250926182658432.htm
1265505391	20250927	202509	2025	2025.7315	CRM	CROOK						CRM			GOV	PRESIDENT						GOV			0	185	185	18	4	-8.0	6	1	6	-2.68361581920904	2	New Hampshire, United States	US	USNH		43.4108	-71.5653	NH	2	New Hampshire, United States	US	USNH		43.4108	-71.5653	NH	2	New Hampshire, United States	US	USNH		43.4108	-71.5653	NH	20250927060000	https://www.unionleader.com/opinion/columnists/patrick-hynes-let-s-commit-to-civil-discourse/article_36b1199e-b8b3-42fa-9cc9-053d2e07f6a4.html
1265505392	20250927	202509	2025	2025.7315	CRM	CROOK						CRM			GOV	PRESIDENT						GOV			0	185	185	18	4	-8.0	2	1	2	-2.68361581920904	2	Washington, United States	US	USWA		47.3917	-121.571	WA	2	Washington, United States	US	USWA		47.3917	-121.571	WA	2	Washington, United States	US	USWA		47.3917	-121.571	WA	20250927060000	https://www.unionleader.com/opinion/columnists/patrick-hynes-let-s-commit-to-civil-discourse/article_36b1199e-b8b3-42fa-9cc9-053d2e07f6a4.html
1265505393	20250927	202509	2025	2025.7315	CRM	CRIMINAL						CRM			USA	UNITED STATES	USA								0	1121	112	11	3	-2.0	3	1	3	-2.88790993636809	1	Guyana	GY	GY		5	-59	GY	1	Guyana	GY	GY		5	-59	GY	1	Guyana	GY	GY		5	-59	GY	20250927060000	https://www.yahoo.com/news/articles/des-moines-public-schools-superintendent-174205995.html
1265505394	20250927	202509	2025	2025.7315	CRM	CROOK						CRM			USAGOV	UNITED STATES	USA					GOV			0	185	185	18	4	-8.0	2	1	2	-2.68361581920904	2	Washington, United States	US	USWA		47.3917	-121.571	WA	2	Washington, United States	US	USWA		47.3917	-121.571	WA	2	Washington, United States	US	USWA		47.3917	-121.571	WA	20250927060000	https://www.unionleader.com/opinion/columnists/patrick-hynes-let-s-commit-to-civil-discourse/article_36b1199e-b8b3-42fa-9cc9-053d2e07f6a4.html
1265505395	20250927	202509	2025	2025.7315	CVL	TRAVELLER						CVL													1	010	010	01	1	0.0	2	1	2	-2.35943775100402	4	Sandymount, Dublin City, Ireland	EI	EI33	18288	53.335	-6.21139	-1505548	0								4	Sandymount, Dublin City, Ireland	EI	EI33	18288	53.335	-6.21139	-1505548	20250927060000	https://www.irishtimes.com/life-style/people/2025/09/27/frank-mcnally-my-life-as-a-civil-servant-in-1980s-dublin/
1265505396	20250927	202509	2025	2025.7315	CVL	TRAVELLER						CVL													1	010	010	01	1	0.0	8	1	8	-2.35943775100402	4	Melbourne, Victoria, Australia	AS	AS07	5430	-37.8167	144.967	-1586844	0								4	Melbourne, Victoria, Australia	AS	AS07	5430	-37.8167	144.967	-1586844	20250927060000	https://www.irishtimes.com/life-style/people/2025/09/27/frank-mcnally-my-life-as-a-civil-servant-in-1980s-dublin/
1265505397	20250927	202509	2025	2025.7315	CVL	RESIDENTS						CVL													1	010	010	01	1	0.0	10	1	10	-5.38243626062323	4	Hyderabad, Andhra Pradesh, India	IN	IN02	17564	17.3753	78.4744	-2097701	0								4	Hyderabad, Andhra Pradesh, India	IN	IN02	17564	17.3753	78.4744	-2097701	20250927060000	https://economictimes.indiatimes.com/news/india/hyderabad-heavy-rains-flood-bus-station-residential-colonies-ndrf-rescues-stranded-commuters-residents-appeal-for-help/articleshow/124177252.cms
1265505398	20250927	202509	2025	2025.7315	CVL	COMMUNITY						CVL													1	010	010	01	1	0.0	10	1	10	1.33155792276964	3	Longview, Texas, United States	US	USTX	TX183	32.5007	-94.7405	1374716	0								3	Longview, Texas, United States	US	USTX	TX183	32.5007	-94.7405	1374716	20250927060000	https://news-journal.com/2025/09/27/business-beat-new-longview-store-specializes-in-vintage-clothing/
1265505399	20250927	202509	2025	2025.7315	CVL	SETTLEMENT						CVL													1	020	020	02	1	3.0	10	1	10	-3.24825986078887	3	San Mateo County, California, United States	US	USCA	CA081	37.4499	-122.351	277305	0								3	San Mateo County, California, United States	US	USCA		37.4499	-122.351	277305	20250927060000	https://www.eastbaytimes.com/2025/09/26/bay-area-prosecutors-reach-150k-settlement-with-wag-hotels/
1265505400	20250927	202509	2025	2025.7315	CVL	VILLAGE						CVL													1	043	043	04	1	2.8	2	1	2	5.93220338983051	4	Liujiabao, Hubei, China	CH	CH12	13003	29.8168	109.791	10466170	0								4	Liujiabao, Hubei, China	CH	CH12	13003	29.8168	109.791	10466170	20250927060000	https://www.chinadaily.com.cn/a/202509/27/WS68d76d2ba3108622abca343b.html
1265505401	20250927	202509	2025	2025.7315	CVL	COMMUNITY						CVL													1	051	051	05	1	3.4	20	2	20	0.273980828848305	4	Stowmarket, Suffolk, United Kingdom	UK	UKN5	40132	52.1833	0.983333	-2608903	0								4	Stowmarket, Suffolk, United Kingdom	UK	UKN5	40132	52.1833	0.983333	-2608903	20250927060000	https://www.ipswichstar.co.uk/news/25494907.councillors-move-conservative-reform-unsurprising/
1265505402	20250927	202509	2025	2025.7315	CVL	RESIDENTS						CVL													1	051	051	05	1	3.4	5	1	5	7.37327188940092	3	West Melbourne, Florida, United States	US	USFL	FL009	28.0717	-80.6534	293092	0								3	West Melbourne, Florida, United States	US	USFL		28.0717	-80.6534	293092	20250927060000	https://spacecoastdaily.com/2025/09/west-melbourne-police-department-to-host-free-cone-with-a-cop-event-sept-30/
1265505403	20250927	202509	2025	2025.7315	CVL	COMMUNITY						CVL													1	090	090	09	2	-2.0	7	1	7	-5.63636363636364	4	Moscow, Moskva, Russia	RS	RS48	25106	55.7522	37.6156	-2960561	0								4	Moscow, Moskva, Russia	RS	RS48	25106	55.7522	37.6156	-2960561	20250927060000	https://klewtv.com/news/local/man-hospitalized-after-violent-encounter-on-university-of-idahos-greek-row
1265505404	20250927	202509	2025	2025.7315	CVL	COMMUNITY						CVL			BUS	PRODUCER						BUS			1	030	030	03	1	4.0	6	1	6	3.73333333333333	4	Tiger Hill, West Bengal, India	IN	IN28	17948	26.9966	88.2944	-2113068	4	Tiger Hill, West Bengal, India	IN	IN28	17948	26.9966	88.2944	-2113068	4	Tiger Hill, West Bengal, India	IN	IN28	17948	26.9966	88.2944	-2113068	20250927060000	https://www.newkerala.com/news/o/mp-cm-mohan-yadav-pays-homage-martyrs-rezang-la-battle-752
1265505405	20250927	202509	2025	2025.7315	CVL	COMMUNITY						CVL			BUS	PRODUCER						BUS			1	051	051	05	1	3.4	6	1	6	3.73333333333333	4	Tiger Hill, West Bengal, India	IN	IN28	17948	26.9966	88.2944	-2113068	4	Tiger Hill, West Bengal, India	IN	IN28	17948	26.9966	88.2944	-2113068	4	Tiger Hill, West Bengal, India	IN	IN28	17948	26.9966	88.2944	-2113068	20250927060000	https://www.newkerala.com/news/o/mp-cm-mohan-yadav-pays-homage-martyrs-rezang-la-battle-752
1265505406	20250927	202509	2025	2025.7315	CVL	VILLAGE						CVL			CHN	TAIYUAN	CHN								1	043	043	04	1	2.8	1	1	1	5.93220338983051	4	Liujiabao, Hubei, China	CH	CH12	13003	29.8168	109.791	10466170	4	Xiaodian, Henan, China	CH	CH09	13111	33.4629	112.629	6001854	4	Liujiabao, Hubei, China	CH	CH12	13003	29.8168	109.791	10466170	20250927060000	https://www.chinadaily.com.cn/a/202509/27/WS68d76d2ba3108622abca343b.html
1265505407	20250927	202509	2025	2025.7315	CVL	THE POOR						CVL			EST	ESTONIAN	EST								1	150	150	15	4	-7.2	1	1	1	-8.90233362143475	4	Moscow, Moskva, Russia	RS	RS48	25106	55.7522	37.6156	-2960561	1	Estonia	EN	EN		59	26	EN	1	Estonia	EN	EN		59	26	EN	20250927060000	https://edition.cnn.com/2025/09/27/europe/putin-hybrid-war-europe-risks-intl
1265505408	20250927	202509	2025	2025.7315	CVL	THE POOR						CVL			EST	ESTONIAN	EST								1	150	150	15	4	-7.2	4	1	4	-8.90233362143475	1	Estonia	EN	EN		59	26	EN	1	Estonia	EN	EN		59	26	EN	1	Estonia	EN	EN		59	26	EN	20250927060000	https://edition.cnn.com/2025/09/27/europe/putin-hybrid-war-europe-risks-intl
1265505409	20250927	202509	2025	2025.7315	CVL	THE POOR						CVL			EST	ESTONIA	EST								1	150	150	15	4	-7.2	2	1	2	-8.90233362143475	1	Estonia	EN	EN		59	26	EN	1	Estonia	EN	EN		59	26	EN	1	Poland	PL	PL		52	20	PL	20250927060000	https://edition.cnn.com/2025/09/27/europe/putin-hybrid-war-europe-risks-intl
1265505410	20250927	202509	2025	2025.7315	CVL	THE POOR						CVL			EST	ESTONIAN	EST								1	150	150	15	4	-7.2	1	1	1	-8.90233362143475	1	Estonia	EN	EN		59	26	EN	1	Poland	PL	PL		52	20	PL	1	Poland	PL	PL		52	20	PL	20250927060000	https://edition.cnn.com/2025/09/27/europe/putin-hybrid-war-europe-risks-intl
1265505411	20250927	202509	2025	2025.7315	CVL	THE POOR						CVL			EUR	EUROPE	EUR								1	020	020	02	1	3.0	3	1	3	-8.90233362143475	1	Estonia	EN	EN		59	26	EN	4	Moscow, Moskva, Russia	RS	RS48	25106	55.7522	37.6156	-2960561	4	Moscow, Moskva, Russia	RS	RS48	25106	55.7522	37.6156	-2960561	20250927060000	https://edition.cnn.com/2025/09/27/europe/putin-hybrid-war-europe-risks-intl
1265505412	20250927	202509	2025	2025.7315	CVL	POPULATION						CVL			JUD	PROSECUTOR						JUD			1	013	013	01	1	0.4	5	1	5	-6.41860465116279	2	Indiana, United States	US	USIN		39.8647	-86.2604	IN	2	Indiana, United States	US	USIN		39.8647	-86.2604	IN	2	Indiana, United States	US	USIN		39.8647	-86.2604	IN	20250927060000	https://www.journalgazette.net/local/indiana/state-government/panel-hears-warnings-on-rising-indiana-prison-population-local-corrections-funding-shortfalls/article_7ce6064a-bfe9-4450-bb82-83b81ccda80d.html
1265505413	20250927	202509	2025	2025.7315	CVL	THE POOR						CVL			RUS	RUSSIA	RUS								1	020	020	02	1	3.0	1	1	1	-8.90233362143475	1	Estonia	EN	EN		59	26	EN	4	Moscow, Moskva, Russia	RS	RS48	25106	55.7522	37.6156	-2960561	4	Moscow, Moskva, Russia	RS	RS48	25106	55.7522	37.6156	-2960561	20250927060000	https://edition.cnn.com/2025/09/27/europe/putin-hybrid-war-europe-risks-intl
1265505414	20250927	202509	2025	2025.7315	CVL	COMMUNITY						CVL			USA	ARKANSAS	USA								0	030	030	03	1	4.0	10	1	10	-0.24038461538461	2	Arkansas, United States	US	USAR		34.9513	-92.3809	AR	2	Arkansas, United States	US	USAR		34.9513	-92.3809	AR	2	Arkansas, United States	US	USAR		34.9513	-92.3809	AR	20250927060000	https://www.pbcommercial.com/news/2025/sep/26/initiative-offers-blood-pressure-test-kits-to/
1265505415	20250927	202509	2025	2025.7315	CVL	COMMUNITY						CVL			USA	UNITED STATES	USA								1	046	046	04	1	7.0	1	1	1	3.54166666666667	4	Quang Tri, H?i Duong, Vietnam, Republic Of	VM	VM79	32546	21.0333	106.483	-3727417	4	Quang Tri, H?i Duong, Vietnam, Republic Of	VM	VM79	32546	21.0333	106.483	-3727417	4	Quang Tri, H?i Duong, Vietnam, Republic Of	VM	VM79	32546	21.0333	106.483	-3727417	20250927060000	https://news.tuoitre.vn/american-couple-sows-seeds-of-peace-for-30-years-in-vietnams-quang-tri-103250926152004352.htm
1265505416	20250927	202509	2025	2025.7315	CVL	COMMUNITY						CVL			USA	AMERICAN	USA								1	046	046	04	1	7.0	7	1	7	3.54166666666667	4	Quang Tri, H?i Duong, Vietnam, Republic Of	VM	VM79	32546	21.0333	106.483	-3727417	1	United States	US	US		39.828175	-98.5795	US	4	Quang Tri, H?i Duong, Vietnam, Republic Of	VM	VM79	32546	21.0333	106.483	-3727417	20250927060000	https://news.tuoitre.vn/american-couple-sows-seeds-of-peace-for-30-years-in-vietnams-quang-tri-103250926152004352.htm
1265505417	20250927	202509	2025	2025.7315	CVL	COMMUNITY						CVL			USA	ARKANSAS	USA								0	051	051	05	1	3.4	10	1	10	-0.24038461538461	2	Arkansas, United States	US	USAR		34.9513	-92.3809	AR	2	Arkansas, United States	US	USAR		34.9513	-92.3809	AR	2	Arkansas, United States	US	USAR		34.9513	-92.3809	AR	20250927060000	https://www.pbcommercial.com/news/2025/sep/26/initiative-offers-blood-pressure-test-kits-to/
1265505418	20250927	202509	2025	2025.7315	CVL	COMMUNITY						CVL			USA	WASHINGTON	USA								1	071	071	07	2	7.4	6	1	6	0.72886297376094	3	Liberty Lake, Washington, United States	US	USWA	WA063	47.6482	-117.092	1512389	3	Liberty Lake, Washington, United States	US	USWA		47.6482	-117.092	1512389	3	Liberty Lake, Washington, United States	US	USWA		47.6482	-117.092	1512389	20250927060000	https://www.spokesman.com/stories/2025/sep/25/two-local-organizations-receive-millions-in-federa/
1265505419	20250927	202509	2025	2025.7315	CVL	COMMUNITY						CVL			USA	WASHINGTON	USA								1	071	071	07	2	7.4	4	1	4	0.72886297376094	2	Washington, United States	US	USWA		47.3917	-121.571	WA	2	Washington, United States	US	USWA		47.3917	-121.571	WA	2	Washington, United States	US	USWA		47.3917	-121.571	WA	20250927060000	https://www.spokesman.com/stories/2025/sep/25/two-local-organizations-receive-millions-in-federa/
1265505420	20250927	202509	2025	2025.7315	CVL	RESIDENTS						CVL			USA	SAN DIEGO	USA								1	110	110	11	3	-2.0	10	1	10	-1.93321616871705	3	City Of San Diego, California, United States	US	USCA	CA073	32.817	-117.134	2411782	3	City Of San Diego, California, United States	US	USCA		32.817	-117.134	2411782	3	City Of San Diego, California, United States	US	USCA		32.817	-117.134	2411782	20250927060000	https://www.cbs8.com/article/news/local/12-story-120-unit-proposed-project-backlash-mission-hills/509-f3e307d7-c916-48b6-befe-239504a61bb7
1265505421	20250927	202509	2025	2025.7315	CVL	COMMUNITY						CVL			VNM	VIETNAM	VNM								1	186	186	18	4	-10.0	3	1	3	3.54166666666667	4	Quang Tri, H?i Duong, Vietnam, Republic Of	VM	VM79	32546	21.0333	106.483	-3727417	4	Quang Tri, H?i Duong, Vietnam, Republic Of	VM	VM79	32546	21.0333	106.483	-3727417	4	Quang Tri, H?i Duong, Vietnam, Republic Of	VM	VM79	32546	21.0333	106.483	-3727417	20250927060000	https://news.tuoitre.vn/american-couple-sows-seeds-of-peace-for-30-years-in-vietnams-quang-tri-103250926152004352.htm
1265505422	20250927	202509	2025	2025.7315	CVL	COMMUNITY						CVL			ZAF	KIMBERLEY	ZAF								1	043	043	04	1	2.8	5	1	5	4.28571428571428	0								0								0								20250927060000	https://www.lancashiretelegraph.co.uk/news/25498435.oswaldtwistle-civic-theatre-reroofing-contract-tender/
1265505423	20250927	202509	2025	2025.7315	DEU	GERMAN	DEU								DEUGOV	GERMAN	DEU					GOV			0	190	190	19	4	-10.0	6	1	6	-5.04266873545384	4	Hanover, Niedersachsen, Germany	GM	GM06	40698	52.3667	9.71667	-1785903	4	Hanover, Niedersachsen, Germany	GM	GM06	40698	52.3667	9.71667	-1785903	4	Hanover, Niedersachsen, Germany	GM	GM06	40698	52.3667	9.71667	-1785903	20250927060000	https://www.irishtimes.com/opinion/2025/09/27/us-liberals-are-on-the-backfoot-maga-is-triumphant-and-democrats-pathetically-divided/
1265505424	20250927	202509	2025	2025.7315	DEU	GERMANY	DEU								FRA	PARIS	FRA								1	080	080	08	2	5.0	2	1	2	-5.04266873545384	4	Paris, France (general), France	FR	FR00	16282	48.8667	2.33333	-1456928	4	Paris, France (general), France	FR	FR00	16282	48.8667	2.33333	-1456928	4	Paris, France (general), France	FR	FR00	16282	48.8667	2.33333	-1456928	20250927060000	https://www.irishtimes.com/opinion/2025/09/27/us-liberals-are-on-the-backfoot-maga-is-triumphant-and-democrats-pathetically-divided/
1265505425	20250927	202509	2025	2025.7315	DEU	GERMANY	DEU								FRA	PARIS	FRA								1	080	080	08	2	5.0	8	1	8	-5.04266873545384	4	Hanover, Niedersachsen, Germany	GM	GM06	40698	52.3667	9.71667	-1785903	4	Paris, France (general), France	FR	FR00	16282	48.8667	2.33333	-1456928	4	Hanover, Niedersachsen, Germany	GM	GM06	40698	52.3667	9.71667	-1785903	20250927060000	https://www.irishtimes.com/opinion/2025/09/27/us-liberals-are-on-the-backfoot-maga-is-triumphant-and-democrats-pathetically-divided/
1265505426	20250927	202509	2025	2025.7315	DEU	GERMANY	DEU								GOV	FOREIGN MINIST						GOV			0	042	042	04	1	1.9	2	1	2	-5.04266873545384	4	Berlin, Berlin, Germany	GM	GM16	16538	52.5167	13.4	-1746443	4	Berlin, Berlin, Germany	GM	GM16	16538	52.5167	13.4	-1746443	4	Berlin, Berlin, Germany	GM	GM16	16538	52.5167	13.4	-1746443	20250927060000	https://www.irishtimes.com/opinion/2025/09/27/us-liberals-are-on-the-backfoot-maga-is-triumphant-and-democrats-pathetically-divided/
1265505427	20250927	202509	2025	2025.7315	DEU	GERMANY	DEU								GOV	FOREIGN MINIST						GOV			0	042	042	04	1	1.9	2	1	2	-5.04266873545384	4	Berlin, Berlin, Germany	GM	GM16	16538	52.5167	13.4	-1746443	4	Berlin, Berlin, Germany	GM	GM16	16538	52.5167	13.4	-1746443	2	Arizona, United States	US	USAZ		33.7712	-111.388	AZ	20250927060000	https://www.irishtimes.com/opinion/2025/09/27/us-liberals-are-on-the-backfoot-maga-is-triumphant-and-democrats-pathetically-divided/
1265505428	20250927	202509	2025	2025.7315	DEU	GERMANY	DEU								GOV	FOREIGN MINIST						GOV			0	043	043	04	1	2.8	2	1	2	-5.04266873545384	4	Berlin, Berlin, Germany	GM	GM16	16538	52.5167	13.4	-1746443	4	Berlin, Berlin, Germany	GM	GM16	16538	52.5167	13.4	-1746443	4	Berlin, Berlin, Germany	GM	GM16	16538	52.5167	13.4	-1746443	20250927060000	https://www.irishtimes.com/opinion/2025/09/27/us-liberals-are-on-the-backfoot-maga-is-triumphant-and-democrats-pathetically-divided/
1265505429	20250927	202509	2025	2025.7315	DEU	GERMANY	DEU								GOV	FOREIGN MINIST						GOV			0	043	043	04	1	2.8	2	1	2	-5.04266873545384	4	Berlin, Berlin, Germany	GM	GM16	16538	52.5167	13.4	-1746443	4	Berlin, Berlin, Germany	GM	GM16	16538	52.5167	13.4	-1746443	2	Arizona, United States	US	USAZ		33.7712	-111.388	AZ	20250927060000	https://www.irishtimes.com/opinion/2025/09/27/us-liberals-are-on-the-backfoot-maga-is-triumphant-and-democrats-pathetically-divided/
1265505430	20250927	202509	2025	2025.7315	DEU	GERMANY	DEU								GOV	FOREIGN MINIST						GOV			0	043	043	04	1	2.8	4	1	4	-5.04266873545384	4	Hanover, Niedersachsen, Germany	GM	GM06	40698	52.3667	9.71667	-1785903	4	Hanover, Niedersachsen, Germany	GM	GM06	40698	52.3667	9.71667	-1785903	4	Hanover, Niedersachsen, Germany	GM	GM06	40698	52.3667	9.71667	-1785903	20250927060000	https://www.irishtimes.com/opinion/2025/09/27/us-liberals-are-on-the-backfoot-maga-is-triumphant-and-democrats-pathetically-divided/
1265505431	20250927	202509	2025	2025.7315	DEU	GERMANY	DEU								GOV	FOREIGN MINIST						GOV			0	043	043	04	1	2.8	2	1	2	-5.04266873545384	4	Hanover, Niedersachsen, Germany	GM	GM06	40698	52.3667	9.71667	-1785903	2	Arizona, United States	US	USAZ		33.7712	-111.388	AZ	4	Hanover, Niedersachsen, Germany	GM	GM06	40698	52.3667	9.71667	-1785903	20250927060000	https://www.irishtimes.com/opinion/2025/09/27/us-liberals-are-on-the-backfoot-maga-is-triumphant-and-democrats-pathetically-divided/
1265505432	20250927	202509	2025	2025.7315	DEU	GERMANY	DEU								HLH	NURSE						HLH			1	070	070	07	2	7.0	4	1	4	1.88679245283019	4	Frankfurt, Brandenburg, Germany	GM	GM11	16538	52.35	14.55	-1771146	4	Frankfurt, Brandenburg, Germany	GM	GM11	16538	52.35	14.55	-1771146	4	Frankfurt, Brandenburg, Germany	GM	GM11	16538	52.35	14.55	-1771146	20250927060000	https://www.webwire.com/ViewPressRel.asp?aId=344465
1265505433	20250927	202509	2025	2025.7315	DNK	DANISH	DNK								DNKMILSPY	DANISH	DNK					MIL	SPY		1	014	014	01	1	0.0	6	1	6	-8.90233362143475	4	Copenhagen, Køavn*, Denmark	DA	DA05	15213	55.6667	12.5833	-2745636	4	Copenhagen, Køavn*, Denmark	DA	DA05	15213	55.6667	12.5833	-2745636	4	Copenhagen, Køavn*, Denmark	DA	DA05	15213	55.6667	12.5833	-2745636	20250927060000	https://edition.cnn.com/2025/09/27/europe/putin-hybrid-war-europe-risks-intl
1265505434	20250927	202509	2025	2025.7315	DNKGOV	DANISH	DNK					GOV													1	195	195	19	4	-10.0	3	1	3	-8.90233362143475	4	Copenhagen, Køavn*, Denmark	DA	DA05	15213	55.6667	12.5833	-2745636	0								4	Moscow, Moskva, Russia	RS	RS48	25106	55.7522	37.6156	-2960561	20250927060000	https://edition.cnn.com/2025/09/27/europe/putin-hybrid-war-europe-risks-intl
1265505435	20250927	202509	2025	2025.7315	DNKGOV	DANISH	DNK					GOV			DNK	DANE	DNK								1	010	010	01	1	0.0	3	1	3	-8.90233362143475	4	Kyiv, Kyyiv, Misto, Ukraine	UP	UP12	28554	50.4333	30.5167	-1044367	4	Kyiv, Kyyiv, Misto, Ukraine	UP	UP12	28554	50.4333	30.5167	-1044367	4	Kyiv, Kyyiv, Misto, Ukraine	UP	UP12	28554	50.4333	30.5167	-1044367	20250927060000	https://edition.cnn.com/2025/09/27/europe/putin-hybrid-war-europe-risks-intl
1265505436	20250927	202509	2025	2025.7315	DNKMILSPY	DENMARK	DNK					MIL	SPY		DNK	DANISH	DNK								1	014	014	01	1	0.0	4	1	4	-8.90233362143475	4	Copenhagen, Køavn*, Denmark	DA	DA05	15213	55.6667	12.5833	-2745636	4	Copenhagen, Køavn*, Denmark	DA	DA05	15213	55.6667	12.5833	-2745636	4	Copenhagen, Køavn*, Denmark	DA	DA05	15213	55.6667	12.5833	-2745636	20250927060000	https://edition.cnn.com/2025/09/27/europe/putin-hybrid-war-europe-risks-intl
1265505437	20250927	202509	2025	2025.7315	EDU	SCHOOL						EDU													1	036	036	03	1	4.0	10	1	10	2.9126213592233	1	Haiti	HA	HA		19	-72.416667	HA	0								1	Haiti	HA	HA		19	-72.416667	HA	20250927060000	https://calendar.chronogram.com/hudsonvalley/25th-annual-haitian-art-auction-and-sale-at-vassar-college/Event?oid=24330762
1265505438	20250927	202509	2025	2025.7315	EDU	SCHOOL						EDU													1	042	042	04	1	1.9	10	1	10	6.16996507566938	4	Rome, Lazio, Italy	IT	IT07	18350	41.9	12.4833	-126693	0								4	Rome, Lazio, Italy	IT	IT07	18350	41.9	12.4833	-126693	20250927060000	https://www.northwestgeorgianews.com/rome/news/local/keep-rome-floyd-beatiful-staying-busy-with-cleanups/article_f482e996-fb76-4248-a12a-7cae2dfc4abf.html
1265505439	20250927	202509	2025	2025.7315	EDU	UNIVERSITY						EDU													1	043	043	04	1	2.8	2	1	1	-1.30718954248366	3	Boston, Massachusetts, United States	US	USMA	MA025	42.3584	-71.0598	617565	0								3	Boston, Massachusetts, United States	US	USMA	MA025	42.3584	-71.0598	617565	20250927060000	https://news.webindia123.com/news/Articles/India/20250927/4366113.html
1265505440	20250927	202509	2025	2025.7315	EDU	SCHOOL						EDU													0	046	046	04	1	7.0	3	1	3	-2.35943775100402	4	Dublin, Dublin, Ireland	EI	EI07	18288	53.3331	-6.24889	-1502554	0								4	Dublin, Dublin, Ireland	EI	EI07	18288	53.3331	-6.24889	-1502554	20250927060000	https://www.irishtimes.com/life-style/people/2025/09/27/frank-mcnally-my-life-as-a-civil-servant-in-1980s-dublin/
1265505441	20250927	202509	2025	2025.7315	EDU	COLLEGE						EDU													0	071	071	07	2	7.4	4	1	4	1.00521221146687	4	Mullingar, Westmeath, Ireland	EI	EI29	18307	53.5333	-7.35	-1504774	0								4	Mullingar, Westmeath, Ireland	EI	EI29	18307	53.5333	-7.35	-1504774	20250927060000	https://www.irishtimes.com/food/2025/09/27/i-just-wanted-to-fade-away-baker-una-leonard-on-her-recovery-from-disordered-eating/
1265505442	20250927	202509	2025	2025.7315	EDU	SCHOOL						EDU													0	191	191	19	4	-9.5	3	1	3	-5.61797752808989	3	Harrison Police Department, Nebraska, United States	US	USNE	NE165	42.6872	-103.883	1827858	0								3	Harrison Police Department, Nebraska, United States	US	USNE		42.6872	-103.883	1827858	20250927060000	http://harrisondaily.com/stories/scams-hurting-locals-crime-update,325825
1265505443	20250927	202509	2025	2025.7315	EDU	SCHOOL						EDU													0	191	191	19	4	-9.5	1	1	1	-5.61797752808989	3	Bear Creek, Nebraska, United States	US	USNE	NE031	42.8761	-101.351	827236	0								3	Bear Creek, Nebraska, United States	US	USNE		42.8761	-101.351	827236	20250927060000	http://harrisondaily.com/stories/scams-hurting-locals-crime-update,325825
1265505444	20250927	202509	2025	2025.7315	EDU	SCHOOL						EDU													0	191	191	19	4	-9.5	1	1	1	-5.61797752808989	3	Boone County, Nebraska, United States	US	USNE	NE011	41.7	-98.0837	835828	0								3	Boone County, Nebraska, United States	US	USNE		41.7	-98.0837	835828	20250927060000	http://harrisondaily.com/stories/scams-hurting-locals-crime-update,325825
1265505445	20250927	202509	2025	2025.7315	EDU	SCHOOL						EDU			GOV	AMBASSADOR						GOV			1	046	046	04	1	7.0	6	1	6	3.57142857142857	4	Wellington, New Zealand (general), New Zealand	NZ	NZ00	22391	-41.3	174.783	-1521348	4	Wellington, New Zealand (general), New Zealand	NZ	NZ00	22391	-41.3	174.783	-1521348	4	Wellington, New Zealand (general), New Zealand	NZ	NZ00	22391	-41.3	174.783	-1521348	20250927060000	https://www.somersetcountygazette.co.uk/news/25496502.dental-health-scheme-magic-launched-somerset-schools/
1265505446	20250927	202509	2025	2025.7315	EDU	SCHOOL						EDU			IRL	IRELAND	IRL								0	046	046	04	1	7.0	2	1	2	-2.35943775100402	4	Dublin, Dublin, Ireland	EI	EI07	18288	53.3331	-6.24889	-1502554	4	Dublin, Dublin, Ireland	EI	EI07	18288	53.3331	-6.24889	-1502554	4	Dublin, Dublin, Ireland	EI	EI07	18288	53.3331	-6.24889	-1502554	20250927060000	https://www.irishtimes.com/life-style/people/2025/09/27/frank-mcnally-my-life-as-a-civil-servant-in-1980s-dublin/
1265505447	20250927	202509	2025	2025.7315	EDU	SCHOLAR						EDU			ISR	ISRAEL	ISR								1	190	190	19	4	-10.0	1	1	1	-0.80128205128205	4	Irish Sea, Ireland (general), Ireland	EI	EI00	154724	53.6667	-5	-1503536	4	Irish Sea, Ireland (general), Ireland	EI	EI00	154724	53.6667	-5	-1503536	4	London, London, City of, United Kingdom	UK	UKH9	40110	51.5	-0.116667	-2601889	20250927060000	https://www.irishtimes.com/obituaries/2025/09/27/conor-gearty-law-professor-barrister-and-globally-acclaimed-human-rights-scholar/
1265505448	20250927	202509	2025	2025.7315	EDU	SCHOLAR						EDU			ISR	ISRAEL	ISR								1	190	190	19	4	-10.0	1	1	1	-0.80128205128205	4	Gaza, Israel (general), Israel	IS	IS00	18315	31.4167	34.3333	-797156	4	Gaza, Israel (general), Israel	IS	IS00	18315	31.4167	34.3333	-797156	4	Nottingham, Nottingham, United Kingdom	UK	UKJ8	40126	52.9667	-1.16667	-2604469	20250927060000	https://www.irishtimes.com/obituaries/2025/09/27/conor-gearty-law-professor-barrister-and-globally-acclaimed-human-rights-scholar/
1265505449	20250927	202509	2025	2025.7315	EDU	UNIVERSITY						EDU			LEG	REPRESENTATIVES						LEG			0	042	042	04	1	1.9	1	1	1	-1.30718954248366	3	Boston, Massachusetts, United States	US	USMA	MA025	42.3584	-71.0598	617565	3	Boston, Massachusetts, United States	US	USMA	MA025	42.3584	-71.0598	617565	3	Boston, Massachusetts, United States	US	USMA	MA025	42.3584	-71.0598	617565	20250927060000	https://news.webindia123.com/news/Articles/India/20250927/4366113.html
1265505450	20250927	202509	2025	2025.7315	EDU	UNIVERSITY						EDU			USA	UNITED STATES	USA								1	042	042	04	1	1.9	4	1	2	-1.30718954248366	3	Boston, Massachusetts, United States	US	USMA	MA025	42.3584	-71.0598	617565	3	Boston, Massachusetts, United States	US	USMA	MA025	42.3584	-71.0598	617565	3	Boston, Massachusetts, United States	US	USMA	MA025	42.3584	-71.0598	617565	20250927060000	https://news.webindia123.com/news/Articles/India/20250927/4366113.html
1265505451	20250927	202509	2025	2025.7315	EDU	UNIVERSITY						EDU			USA	OKLAHOMA	USA								1	046	046	04	1	7.0	10	1	10	-2.60869565217391	2	Oklahoma, United States	US	USOK		35.5376	-96.9247	OK	2	Oklahoma, United States	US	USOK		35.5376	-96.9247	OK	2	Oklahoma, United States	US	USOK		35.5376	-96.9247	OK	20250927060000	http://www.news9.com/story/68d74f8de9a8a84fc15e7f66/yukon-crews-work-to-clear-discolored-water-after-filter-failure-water-safe-to-drink
1265505452	20250927	202509	2025	2025.7315	EDU	PROFESSOR						EDU			USAEDU	MISSOURI	USA					EDU			1	010	010	01	1	0.0	4	1	4	1.88679245283019	4	Frankfurt, Brandenburg, Germany	GM	GM11	16538	52.35	14.55	-1771146	4	Frankfurt, Brandenburg, Germany	GM	GM11	16538	52.35	14.55	-1771146	4	Frankfurt, Brandenburg, Germany	GM	GM11	16538	52.35	14.55	-1771146	20250927060000	https://www.webwire.com/ViewPressRel.asp?aId=344465
1265505453	20250927	202509	2025	2025.7315	EDU	PROFESSOR						EDU			USAEDU	MISSOURI	USA					EDU			1	010	010	01	1	0.0	6	1	6	1.88679245283019	1	Chile	CI	CI		-30	-71	CI	1	Chile	CI	CI		-30	-71	CI	1	Chile	CI	CI		-30	-71	CI	20250927060000	https://www.webwire.com/ViewPressRel.asp?aId=344465
1265505454	20250927	202509	2025	2025.7315	EDU	SCHOOL						EDU			USAEDU	ARKANSAS	USA					EDU			0	042	042	04	1	1.9	5	1	5	4.59587955625991	0								0								0								20250927060000	http://harrisondaily.com/stories/shatswell-is-called-to-be-a-teacher,325824
1265505455	20250927	202509	2025	2025.7315	EDU	SCHOOL						EDU			ZWE	SALISBURY	ZWE								1	043	043	04	1	2.8	10	1	10	4.52261306532663	4	Salisbury, Mashonaland East, Zimbabwe	ZI	ZI04	40197	-17.8178	31.0447	-2312291	4	Salisbury, Mashonaland East, Zimbabwe	ZI	ZI04	40197	-17.8178	31.0447	-2312291	4	Salisbury, Mashonaland East, Zimbabwe	ZI	ZI04	40197	-17.8178	31.0447	-2312291	20250927060000	https://www.salisburyjournal.co.uk/news/25498460.salisbury-radios-song-christmas-competition-returning/
1265505456	20250927	202509	2025	2025.7315	EGY	NASSER	EGY								GOV	SECRETARY OF STATE						GOV			1	040	040	04	1	1.0	8	1	8	2.32558139534884	2	New York, United States	US	USNY		42.1497	-74.9384	NY	2	New York, United States	US	USNY		42.1497	-74.9384	NY	2	New York, United States	US	USNY		42.1497	-74.9384	NY	20250927060000	https://www.gulf-times.com/article/711561/qatar/minister-of-state-for-international-cooperation-meets-secretary-of-state-for-international-development-of-canada
1265505457	20250927	202509	2025	2025.7315	ETH	ETHIOPIA	ETH																		0	051	051	05	1	3.4	2	1	2	5.68421052631578	4	Addis Ababa, (ET10), Ethiopia	ET	ET10	47692	9.03333	38.7	-603097	0								4	Addis Ababa, (ET10), Ethiopia	ET	ET10	47692	9.03333	38.7	-603097	20250927060000	https://www.the-star.co.ke/news/2025-09-27-ethiopia-kenya-sign-new-defence-deal-for-intelligence-sharing
1265505458	20250927	202509	2025	2025.7315	ETH	ETHIOPIAN	ETH								KEN	KENYAN	KEN								1	030	030	03	1	4.0	4	1	4	5.68421052631578	4	Addis Ababa, (ET10), Ethiopia	ET	ET10	47692	9.03333	38.7	-603097	4	Nairobi, Nairobi Area, Kenya	KE	KE05	18585	-1.28333	36.8167	-2258072	4	Nairobi, Nairobi Area, Kenya	KE	KE05	18585	-1.28333	36.8167	-2258072	20250927060000	https://www.the-star.co.ke/news/2025-09-27-ethiopia-kenya-sign-new-defence-deal-for-intelligence-sharing
1265505459	20250927	202509	2025	2025.7315	ETH	ETHIOPIAN	ETH								KEN	KENYAN	KEN								1	030	030	03	1	4.0	4	1	4	5.68421052631578	4	Addis Ababa, (ET10), Ethiopia	ET	ET10	47692	9.03333	38.7	-603097	4	Nairobi, Nairobi Area, Kenya	KE	KE05	18585	-1.28333	36.8167	-2258072	4	Addis Ababa, (ET10), Ethiopia	ET	ET10	47692	9.03333	38.7	-603097	20250927060000	https://www.the-star.co.ke/news/2025-09-27-ethiopia-kenya-sign-new-defence-deal-for-intelligence-sharing
1265505460	20250927	202509	2025	2025.7315	ETH	ETHIOPIA	ETH								KEN	KENYA	KEN								1	030	030	03	1	4.0	2	1	2	5.68421052631578	4	Addis Ababa, (ET10), Ethiopia	ET	ET10	47692	9.03333	38.7	-603097	4	Addis Ababa, (ET10), Ethiopia	ET	ET10	47692	9.03333	38.7	-603097	4	Nairobi, Nairobi Area, Kenya	KE	KE05	18585	-1.28333	36.8167	-2258072	20250927060000	https://www.the-star.co.ke/news/2025-09-27-ethiopia-kenya-sign-new-defence-deal-for-intelligence-sharing
1265505461	20250927	202509	2025	2025.7315	ETH	ETHIOPIAN	ETH								KEN	KENYAN	KEN								1	062	062	06	2	7.4	8	1	8	5.68421052631578	4	Addis Ababa, (ET10), Ethiopia	ET	ET10	47692	9.03333	38.7	-603097	4	Nairobi, Nairobi Area, Kenya	KE	KE05	18585	-1.28333	36.8167	-2258072	4	Nairobi, Nairobi Area, Kenya	KE	KE05	18585	-1.28333	36.8167	-2258072	20250927060000	https://www.the-star.co.ke/news/2025-09-27-ethiopia-kenya-sign-new-defence-deal-for-intelligence-sharing
1265505462	20250927	202509	2025	2025.7315	ETH	ETHIOPIA	ETH								KEN	KENYA	KEN								1	062	062	06	2	7.4	2	1	2	5.68421052631578	4	Addis Ababa, (ET10), Ethiopia	ET	ET10	47692	9.03333	38.7	-603097	4	Addis Ababa, (ET10), Ethiopia	ET	ET10	47692	9.03333	38.7	-603097	4	Nairobi, Nairobi Area, Kenya	KE	KE05	18585	-1.28333	36.8167	-2258072	20250927060000	https://www.the-star.co.ke/news/2025-09-27-ethiopia-kenya-sign-new-defence-deal-for-intelligence-sharing
1265505463	20250927	202509	2025	2025.7315	ETH	ETHIOPIAN	ETH								KENMIL	KENYAN	KEN					MIL			1	057	057	05	1	8.0	6	1	6	5.68421052631578	4	Addis Ababa, (ET10), Ethiopia	ET	ET10	47692	9.03333	38.7	-603097	4	Nairobi, Nairobi Area, Kenya	KE	KE05	18585	-1.28333	36.8167	-2258072	4	Nairobi, Nairobi Area, Kenya	KE	KE05	18585	-1.28333	36.8167	-2258072	20250927060000	https://www.the-star.co.ke/news/2025-09-27-ethiopia-kenya-sign-new-defence-deal-for-intelligence-sharing
1265505464	20250927	202509	2025	2025.7315	ETH	ETHIOPIA	ETH								KENMIL	KENYA	KEN					MIL			1	057	057	05	1	8.0	2	1	2	5.68421052631578	4	Addis Ababa, (ET10), Ethiopia	ET	ET10	47692	9.03333	38.7	-603097	4	Addis Ababa, (ET10), Ethiopia	ET	ET10	47692	9.03333	38.7	-603097	4	Nairobi, Nairobi Area, Kenya	KE	KE05	18585	-1.28333	36.8167	-2258072	20250927060000	https://www.the-star.co.ke/news/2025-09-27-ethiopia-kenya-sign-new-defence-deal-for-intelligence-sharing
1265505465	20250927	202509	2025	2025.7315	ETH	ETHIOPIAN	ETH								MIL	DEFENCE FORCE						MIL			0	051	051	05	1	3.4	8	1	8	5.68421052631578	4	Addis Ababa, (ET10), Ethiopia	ET	ET10	47692	9.03333	38.7	-603097	4	Addis Ababa, (ET10), Ethiopia	ET	ET10	47692	9.03333	38.7	-603097	4	Addis Ababa, (ET10), Ethiopia	ET	ET10	47692	9.03333	38.7	-603097	20250927060000	https://www.the-star.co.ke/news/2025-09-27-ethiopia-kenya-sign-new-defence-deal-for-intelligence-sharing
1265505466	20250927	202509	2025	2025.7315	ETH	ETHIOPIA	ETH								SPY	INTELLIGENCE						SPY			1	057	057	05	1	8.0	10	1	10	5.68421052631578	4	Addis Ababa, (ET10), Ethiopia	ET	ET10	47692	9.03333	38.7	-603097	4	Addis Ababa, (ET10), Ethiopia	ET	ET10	47692	9.03333	38.7	-603097	4	Addis Ababa, (ET10), Ethiopia	ET	ET10	47692	9.03333	38.7	-603097	20250927060000	https://www.the-star.co.ke/news/2025-09-27-ethiopia-kenya-sign-new-defence-deal-for-intelligence-sharing
1265505467	20250927	202509	2025	2025.7315	EUR	EUROPE	EUR																		1	010	010	01	1	0.0	3	1	3	-3.12891113892366	1	Norway	NO	NO		62	10	NO	0								1	Norway	NO	NO		62	10	NO	20250927060000	https://www.euronews.com/business/2025/09/27/revenues-from-corporate-income-tax-in-europe-which-countries-collect-the-most
1265505468	20250927	202509	2025	2025.7315	EUR	EUROPEAN	EUR								BUS	BUSINESS						BUS			1	010	010	01	1	0.0	3	1	3	-3.12891113892366	1	Norway	NO	NO		62	10	NO	1	Estonia	EN	EN		59	26	EN	1	Estonia	EN	EN		59	26	EN	20250927060000	https://www.euronews.com/business/2025/09/27/revenues-from-corporate-income-tax-in-europe-which-countries-collect-the-most
1265505469	20250927	202509	2025	2025.7315	EUR	EUROPEAN	EUR								BUS	BUSINESS						BUS			1	010	010	01	1	0.0	1	1	1	-3.12891113892366	1	Norway	NO	NO		62	10	NO	1	Estonia	EN	EN		59	26	EN	1	Norway	NO	NO		62	10	NO	20250927060000	https://www.euronews.com/business/2025/09/27/revenues-from-corporate-income-tax-in-europe-which-countries-collect-the-most
1265505470	20250927	202509	2025	2025.7315	EUR	EUROPE	EUR								BUS	COMPANIES						BUS			1	010	010	01	1	0.0	4	1	4	-3.12891113892366	1	Norway	NO	NO		62	10	NO	1	Norway	NO	NO		62	10	NO	1	Norway	NO	NO		62	10	NO	20250927060000	https://www.euronews.com/business/2025/09/27/revenues-from-corporate-income-tax-in-europe-which-countries-collect-the-most
1265505471	20250927	202509	2025	2025.7315	EUR	EUROPE	EUR								CHNGOV	CHINA	CHN					GOV			0	050	050	05	1	3.5	2	1	2	-8.90233362143475	4	Kyiv, Kyyiv, Misto, Ukraine	UP	UP12	28554	50.4333	30.5167	-1044367	4	Kyiv, Kyyiv, Misto, Ukraine	UP	UP12	28554	50.4333	30.5167	-1044367	4	Kyiv, Kyyiv, Misto, Ukraine	UP	UP12	28554	50.4333	30.5167	-1044367	20250927060000	https://edition.cnn.com/2025/09/27/europe/putin-hybrid-war-europe-risks-intl
1265505472	20250927	202509	2025	2025.7315	EUR	EUROPE	EUR								CHNGOV	CHINA	CHN					GOV			0	050	050	05	1	3.5	8	1	8	-8.90233362143475	4	Kyiv, Kyyiv, Misto, Ukraine	UP	UP12	28554	50.4333	30.5167	-1044367	1	China	CH	CH		35	105	CH	1	China	CH	CH		35	105	CH	20250927060000	https://edition.cnn.com/2025/09/27/europe/putin-hybrid-war-europe-risks-intl
1265505473	20250927	202509	2025	2025.7315	EUR	EUROPEAN	EUR								UKR	UKRAINE	UKR								0	051	051	05	1	3.4	8	1	8	-8.90233362143475	4	Kyiv, Kyyiv, Misto, Ukraine	UP	UP12	28554	50.4333	30.5167	-1044367	4	Kyiv, Kyyiv, Misto, Ukraine	UP	UP12	28554	50.4333	30.5167	-1044367	4	Kyiv, Kyyiv, Misto, Ukraine	UP	UP12	28554	50.4333	30.5167	-1044367	20250927060000	https://edition.cnn.com/2025/09/27/europe/putin-hybrid-war-europe-risks-intl
1265505474	20250927	202509	2025	2025.7315	EUR	EUROPEAN	EUR								UKR	UKRAINE	UKR								0	051	051	05	1	3.4	2	1	2	-8.90233362143475	4	Kyiv, Kyyiv, Misto, Ukraine	UP	UP12	28554	50.4333	30.5167	-1044367	4	Kyiv, Kyyiv, Misto, Ukraine	UP	UP12	28554	50.4333	30.5167	-1044367	4	Moscow, Moskva, Russia	RS	RS48	25106	55.7522	37.6156	-2960561	20250927060000	https://edition.cnn.com/2025/09/27/europe/putin-hybrid-war-europe-risks-intl
1265505475	20250927	202509	2025	2025.7315	FRA	FRANCE	FRA								DEU	GERMAN	DEU								1	020	020	02	1	3.0	1	1	1	-5.04266873545384	4	Paris, France (general), France	FR	FR00	16282	48.8667	2.33333	-1456928	4	Hanover, Niedersachsen, Germany	GM	GM06	40698	52.3667	9.71667	-1785903	4	Hanover, Niedersachsen, Germany	GM	GM06	40698	52.3667	9.71667	-1785903	20250927060000	https://www.irishtimes.com/opinion/2025/09/27/us-liberals-are-on-the-backfoot-maga-is-triumphant-and-democrats-pathetically-divided/
1265505476	20250927	202509	2025	2025.7315	FRA	FRANCE	FRA								DEU	GERMAN	DEU								1	020	020	02	1	3.0	1	1	1	-5.04266873545384	4	Paris, France (general), France	FR	FR00	16282	48.8667	2.33333	-1456928	4	Hanover, Niedersachsen, Germany	GM	GM06	40698	52.3667	9.71667	-1785903	1	Poland	PL	PL		52	20	PL	20250927060000	https://www.irishtimes.com/opinion/2025/09/27/us-liberals-are-on-the-backfoot-maga-is-triumphant-and-democrats-pathetically-divided/
1265505477	20250927	202509	2025	2025.7315	FRA	LYON	FRA								ELI	RETIRED						ELI			0	010	010	01	1	0.0	6	1	6	1.60183066361556	4	Inishvickillane, Kerry, Ireland	EI	EI11	18290	52.045	-10.6044	-1503520	4	Inishvickillane, Kerry, Ireland	EI	EI11	18290	52.045	-10.6044	-1503520	4	Inishvickillane, Kerry, Ireland	EI	EI11	18290	52.045	-10.6044	-1503520	20250927060000	https://www.irishtimes.com/politics/2025/09/27/miriam-lords-week-mcdowell-turns-a-page-as-steen-seethes/
1265505478	20250927	202509	2025	2025.7315	FRA	LYON	FRA								IRL	IRELAND	IRL								0	010	010	01	1	0.0	2	1	2	1.60183066361556	4	Inishvickillane, Kerry, Ireland	EI	EI11	18290	52.045	-10.6044	-1503520	4	Inishvickillane, Kerry, Ireland	EI	EI11	18290	52.045	-10.6044	-1503520	4	Inishvickillane, Kerry, Ireland	EI	EI11	18290	52.045	-10.6044	-1503520	20250927060000	https://www.irishtimes.com/politics/2025/09/27/miriam-lords-week-mcdowell-turns-a-page-as-steen-seethes/
1265505479	20250927	202509	2025	2025.7315	FRA	PARIS	FRA								POL	POLISH	POL								0	173	173	17	4	-5.0	12	1	6	-5.04266873545384	4	Paris, France (general), France	FR	FR00	16282	48.8667	2.33333	-1456928	1	Poland	PL	PL		52	20	PL	4	Paris, France (general), France	FR	FR00	16282	48.8667	2.33333	-1456928	20250927060000	https://www.irishtimes.com/opinion/2025/09/27/us-liberals-are-on-the-backfoot-maga-is-triumphant-and-democrats-pathetically-divided/
1265505480	20250927	202509	2025	2025.7315	GBR	UNITED KINGDOM	GBR																		0	013	013	01	1	0.4	2	1	2	-2.11515863689777	4	London, London, City of, United Kingdom	UK	UKH9	40110	51.5	-0.116667	-2601889	0								4	London, London, City of, United Kingdom	UK	UKH9	40110	51.5	-0.116667	-2601889	20250927060000	https://www.irishtimes.com/culture/tv-radio/2025/09/27/slow-horses-the-very-british-hit-about-misfit-spies-is-back-and-its-budget-is-showing/
1265505481	20250927	202509	2025	2025.7315	GBR	UNITED KINGDOM	GBR																		1	043	043	04	1	2.8	6	1	6	3.44827586206897	4	Colne, Lancashire, United Kingdom	UK	UKH2	40123	53.85	-2.16667	-2593063	0								4	Colne, Lancashire, United Kingdom	UK	UKH2	40123	53.85	-2.16667	-2593063	20250927060000	https://www.lancashiretelegraph.co.uk/news/25498040.camra-unveil-top-10-micropubs-east-lancashire/
1265505482	20250927	202509	2025	2025.7315	GBR	UNITED KINGDOM	GBR																		0	111	111	11	3	-2.0	2	1	2	-5.39923954372624	1	United Kingdom	UK	UK		54	-4	UK	0								1	United Kingdom	UK	UK		54	-4	UK	20250927060000	https://independentaustralia.net/politics/politics-display/dont-ask-vunerable-people-to-feel-outrage-at-the-death-of-charlie-kirk,20210
1265505483	20250927	202509	2025	2025.7315	GBR	BIRMINGHAM	GBR																		0	173	173	17	4	-5.0	1	1	1	-0.80128205128205	4	Dublin, Dublin, Ireland	EI	EI07	18288	53.3331	-6.24889	-1502554	0								4	Dublin, Dublin, Ireland	EI	EI07	18288	53.3331	-6.24889	-1502554	20250927060000	https://www.irishtimes.com/obituaries/2025/09/27/conor-gearty-law-professor-barrister-and-globally-acclaimed-human-rights-scholar/
1265505484	20250927	202509	2025	2025.7315	GBR	BIRMINGHAM	GBR																		0	173	173	17	4	-5.0	1	1	1	-0.80128205128205	4	Gaza, Israel (general), Israel	IS	IS00	18315	31.4167	34.3333	-797156	0								4	Gaza, Israel (general), Israel	IS	IS00	18315	31.4167	34.3333	-797156	20250927060000	https://www.irishtimes.com/obituaries/2025/09/27/conor-gearty-law-professor-barrister-and-globally-acclaimed-human-rights-scholar/
1265505485	20250927	202509	2025	2025.7315	GBR	BIRMINGHAM	GBR								IRL	IRISH	IRL								0	173	173	17	4	-5.0	1	1	1	-0.80128205128205	4	Dublin, Dublin, Ireland	EI	EI07	18288	53.3331	-6.24889	-1502554	4	Dublin, Dublin, Ireland	EI	EI07	18288	53.3331	-6.24889	-1502554	4	Dublin, Dublin, Ireland	EI	EI07	18288	53.3331	-6.24889	-1502554	20250927060000	https://www.irishtimes.com/obituaries/2025/09/27/conor-gearty-law-professor-barrister-and-globally-acclaimed-human-rights-scholar/
1265505486	20250927	202509	2025	2025.7315	GBR	BIRMINGHAM	GBR								IRL	IRISH	IRL								0	173	173	17	4	-5.0	3	1	3	-0.80128205128205	4	London, London, City of, United Kingdom	UK	UKH9	40110	51.5	-0.116667	-2601889	4	Dublin, Dublin, Ireland	EI	EI07	18288	53.3331	-6.24889	-1502554	4	London, London, City of, United Kingdom	UK	UKH9	40110	51.5	-0.116667	-2601889	20250927060000	https://www.irishtimes.com/obituaries/2025/09/27/conor-gearty-law-professor-barrister-and-globally-acclaimed-human-rights-scholar/
1265505487	20250927	202509	2025	2025.7315	GBR	BIRMINGHAM	GBR								IRL	IRISH	IRL								0	173	173	17	4	-5.0	1	1	1	-0.80128205128205	4	Gaza, Israel (general), Israel	IS	IS00	18315	31.4167	34.3333	-797156	4	Dublin, Dublin, Ireland	EI	EI07	18288	53.3331	-6.24889	-1502554	4	Gaza, Israel (general), Israel	IS	IS00	18315	31.4167	34.3333	-797156	20250927060000	https://www.irishtimes.com/obituaries/2025/09/27/conor-gearty-law-professor-barrister-and-globally-acclaimed-human-rights-scholar/
1265505488	20250927	202509	2025	2025.7315	GBR	UNITED KINGDOM	GBR								NGOENV	WILDLIFE TRUST						NGO	ENV		1	130	130	13	3	-4.4	12	2	12	2.47524752475248	4	Yorkshire, North Yorkshire, United Kingdom	UK	UKJ7	40123	54	-1.5	-2612324	4	Yorkshire, North Yorkshire, United Kingdom	UK	UKJ7	40123	54	-1.5	-2612324	4	Yorkshire, North Yorkshire, United Kingdom	UK	UKJ7	40123	54	-1.5	-2612324	20250927060000	https://www.keighleynews.co.uk/news/25497446.yorkshire-wildlife-trust-issues-warning-climate-change/
1265505489	20250927	202509	2025	2025.7315	GBRCOP	MANCHESTER	GBR					COP													1	060	060	06	2	6.0	10	1	10	-3.40425531914894	0								0								0								20250927060000	https://www.messengernewspapers.co.uk/news/25498076.drug-dealer-jailed-police-find-stretford-pill-factory/
1265505490	20250927	202509	2025	2025.7315	GBREDU	UNITED KINGDOM	GBR					EDU			ISR	ISRAEL	ISR								1	190	190	19	4	-10.0	1	1	1	-0.80128205128205	4	Irish Sea, Ireland (general), Ireland	EI	EI00	154724	53.6667	-5	-1503536	4	Irish Sea, Ireland (general), Ireland	EI	EI00	154724	53.6667	-5	-1503536	4	London, London, City of, United Kingdom	UK	UKH9	40110	51.5	-0.116667	-2601889	20250927060000	https://www.irishtimes.com/obituaries/2025/09/27/conor-gearty-law-professor-barrister-and-globally-acclaimed-human-rights-scholar/
1265505491	20250927	202509	2025	2025.7315	GBREDU	UNITED KINGDOM	GBR					EDU			ISR	ISRAEL	ISR								1	190	190	19	4	-10.0	1	1	1	-0.80128205128205	4	Gaza, Israel (general), Israel	IS	IS00	18315	31.4167	34.3333	-797156	4	Gaza, Israel (general), Israel	IS	IS00	18315	31.4167	34.3333	-797156	4	Nottingham, Nottingham, United Kingdom	UK	UKJ8	40126	52.9667	-1.16667	-2604469	20250927060000	https://www.irishtimes.com/obituaries/2025/09/27/conor-gearty-law-professor-barrister-and-globally-acclaimed-human-rights-scholar/
1265505492	20250927	202509	2025	2025.7315	GBRGOV	MANCHESTER	GBR					GOV													1	036	036	03	1	4.0	10	1	10	-2.97397769516728	0								0								0								20250927060000	https://www.unionleader.com/opinion/editorials/step-in-the-wrong-direction-manchester-speech-rules/article_3b68e299-1ab3-4bfb-adf2-d73e4298b0f5.html
1265505493	20250927	202509	2025	2025.7315	GHA	GHANA	GHA																		0	020	020	02	1	3.0	1	1	1	-4.57018498367791	4	Accra, Greater Accra, Ghana	GH	GH01	190655	5.55	-0.216667	-2067935	0								4	Accra, Greater Accra, Ghana	GH	GH01	190655	5.55	-0.216667	-2067935	20250927060000	https://leadership.ng/kukah-and-failings-of-democracies-in-africa/
1265505494	20250927	202509	2025	2025.7315	GHA	ACCRA	GHA								NGAGOV	GOODLUCK JONATHAN	NGA					GOV			1	043	043	04	1	2.8	6	1	6	-4.57018498367791	4	Sokoto, Sokoto, Nigeria	NI	NI51	190962	13.0609	5.23902	-2026911	4	Sokoto, Sokoto, Nigeria	NI	NI51	190962	13.0609	5.23902	-2026911	4	Sokoto, Sokoto, Nigeria	NI	NI51	190962	13.0609	5.23902	-2026911	20250927060000	https://leadership.ng/kukah-and-failings-of-democracies-in-africa/
1265505495	20250927	202509	2025	2025.7315	GHA	ACCRA	GHA								NGAGOV	GOODLUCK JONATHAN	NGA					GOV			1	043	043	04	1	2.8	4	1	4	-4.57018498367791	4	Accra, Greater Accra, Ghana	GH	GH01	190655	5.55	-0.216667	-2067935	4	Accra, Greater Accra, Ghana	GH	GH01	190655	5.55	-0.216667	-2067935	4	Accra, Greater Accra, Ghana	GH	GH01	190655	5.55	-0.216667	-2067935	20250927060000	https://leadership.ng/kukah-and-failings-of-democracies-in-africa/
1265505496	20250927	202509	2025	2025.7315	GOV	MINIST						GOV													0	010	010	01	1	0.0	5	1	5	-2.28392297357815	4	Dublin, Dublin, Ireland	EI	EI07	18288	53.3331	-6.24889	-1502554	0								4	Dublin, Dublin, Ireland	EI	EI07	18288	53.3331	-6.24889	-1502554	20250927060000	https://www.irishtimes.com/politics/2025/09/27/i-was-painted-as-a-pantomime-villainess-maria-steen-reflects-on-failed-bid-for-presidency/
1265505497	20250927	202509	2025	2025.7315	GOV	CHIEF MINISTER						GOV													1	010	010	01	1	0.0	4	1	4	3.73333333333333	5	Madhya Pradesh, Madhya Pradesh, India	IN	IN35	17744	23.5	78.5	-2103026	0								5	Madhya Pradesh, Madhya Pradesh, India	IN	IN35	17744	23.5	78.5	-2103026	20250927060000	https://www.newkerala.com/news/o/mp-cm-mohan-yadav-pays-homage-martyrs-rezang-la-battle-752
1265505498	20250927	202509	2025	2025.7315	GOV	GOVERNOR						GOV													0	010	010	01	1	0.0	6	1	6	-5.64971751412429	2	New Hampshire, United States	US	USNH		43.4108	-71.5653	NH	0								2	New Hampshire, United States	US	USNH		43.4108	-71.5653	NH	20250927060000	https://www.unionleader.com/opinion/letters_to_editor/letter-ayotte-must-explain-her-vaccine-stance/article_24c77abe-fd31-48e9-8147-cbd1e3f892e8.html
1265505499	20250927	202509	2025	2025.7315	GOV	PRIME MINISTER						GOV													1	012	012	01	1	-0.4	3	1	3	-4.04858299595142	1	Afghanistan	AF	AF		33	66	AF	0								1	Afghanistan	AF	AF		33	66	AF	20250927060000	https://www.newkerala.com/news/o/centre-paying-lip-service-towards-flood-hit-people-says-punjab-836
1265505500	20250927	202509	2025	2025.7315	GOV	GOVERNMENT						GOV													1	013	013	01	1	0.4	2	1	2	-2.6246719160105	4	Delhi, Delhi, India	IN	IN07	17911	28.6667	77.2167	-2094230	0								4	Delhi, Delhi, India	IN	IN07	17911	28.6667	77.2167	-2094230	20250927060000	https://www.newkerala.com/news/o/toxic-air-sirsa-delhi-officials-discuss-dust-abatement-strategies-181
1265505501	20250927	202509	2025	2025.7315	GOV	MINIST						GOV													0	020	020	02	1	3.0	3	1	3	-2.35943775100402	4	Russborough House, Wicklow, Ireland	EI	EI31	18309	53.1411	-6.56806	-1505489	0								4	Russborough House, Wicklow, Ireland	EI	EI31	18309	53.1411	-6.56806	-1505489	20250927060000	https://www.irishtimes.com/life-style/people/2025/09/27/frank-mcnally-my-life-as-a-civil-servant-in-1980s-dublin/
1265505502	20250927	202509	2025	2025.7315	GOV	ADVISORY BOARD						GOV													0	020	020	02	1	3.0	10	1	10	1.33155792276964	3	Longview, Texas, United States	US	USTX	TX183	32.5007	-94.7405	1374716	0								3	Longview, Texas, United States	US	USTX	TX183	32.5007	-94.7405	1374716	20250927060000	https://news-journal.com/2025/09/27/business-beat-new-longview-store-specializes-in-vintage-clothing/
1265505503	20250927	202509	2025	2025.7315	GOV	PRESIDENT						GOV													1	027	027	02	1	4.0	2	1	2	-3.04878048780488	5	Uttar Pradesh, Uttar Pradesh, India	IN	IN36	17938	27.25	80.75	-2113996	0								5	Uttar Pradesh, Uttar Pradesh, India	IN	IN36	17938	27.25	80.75	-2113996	20250927060000	https://news.webindia123.com/news/Articles/India/20250927/4366102.html
1265505504	20250927	202509	2025	2025.7315	GOV	GOVERNMENT						GOV													0	032	032	03	1	4.5	6	1	6	-2.28392297357815	4	Dublin, Dublin, Ireland	EI	EI07	18288	53.3331	-6.24889	-1502554	0								4	Dublin, Dublin, Ireland	EI	EI07	18288	53.3331	-6.24889	-1502554	20250927060000	https://www.irishtimes.com/politics/2025/09/27/i-was-painted-as-a-pantomime-villainess-maria-steen-reflects-on-failed-bid-for-presidency/
1265505505	20250927	202509	2025	2025.7315	GOV	MINIST FOR JUSTICE						GOV													1	0331	033	03	1	5.2	3	1	3	-0.45766590389016	1	United Kingdom	UK	UK		54	-4	UK	0								1	United Kingdom	UK	UK		54	-4	UK	20250927060000	https://www.irishtimes.com/politics/2025/09/27/families-to-be-offered-10000-to-drop-asylum-claims-and-leave/
1265505506	20250927	202509	2025	2025.7315	GOV	PRIME MINISTER						GOV													0	036	036	03	1	4.0	2	1	2	1.87667560321716	4	Udhna, Gujarat, India	IN	IN09	17649	21.1667	72.85	-2113666	0								4	Udhna, Gujarat, India	IN	IN09	17649	21.1667	72.85	-2113666	20250927060000	https://news.webindia123.com/news/Articles/India/20250927/4366108.html
1265505507	20250927	202509	2025	2025.7315	GOV	FIREFIGHTER						GOV													0	043	043	04	1	2.8	2	1	2	-0.15698587127158	3	Longview, Texas, United States	US	USTX	TX183	32.5007	-94.7405	1374716	0								3	Longview, Texas, United States	US	USTX	TX183	32.5007	-94.7405	1374716	20250927060000	https://news-journal.com/2025/09/26/longview-firefighters-commended-for-central-texas-flood-response-they-did-a-phenomenal-job/
1265505508	20250927	202509	2025	2025.7315	GOV	FIREFIGHTER						GOV													0	046	046	04	1	7.0	5	1	5	-0.15698587127158	3	Longview, Texas, United States	US	USTX	TX183	32.5007	-94.7405	1374716	0								3	Longview, Texas, United States	US	USTX	TX183	32.5007	-94.7405	1374716	20250927060000	https://news-journal.com/2025/09/26/longview-firefighters-commended-for-central-texas-flood-response-they-did-a-phenomenal-job/
1265505509	20250927	202509	2025	2025.7315	GOV	PRIME MINISTER						GOV													0	051	051	05	1	3.4	5	1	5	-5.91715976331361	4	Muridke, Punjab, Pakistan	PK	PK04	23677	31.8025	74.2617	-2769843	0								4	Muridke, Punjab, Pakistan	PK	PK04	23677	31.8025	74.2617	-2769843	20250927060000	https://www.newsonair.gov.in/india-delivers-sharp-rebuttal-to-pakistan-pm-shehbaz-sharifs-speech-at-unga/
1265505510	20250927	202509	2025	2025.7315	GOV	FIREFIGHTER						GOV													0	051	051	05	1	3.4	4	1	4	-0.15698587127158	3	Longview, Texas, United States	US	USTX	TX183	32.5007	-94.7405	1374716	0								3	Longview, Texas, United States	US	USTX	TX183	32.5007	-94.7405	1374716	20250927060000	https://news-journal.com/2025/09/26/longview-firefighters-commended-for-central-texas-flood-response-they-did-a-phenomenal-job/
1265505511	20250927	202509	2025	2025.7315	GOV	PREMIER						GOV													1	051	051	05	1	3.4	10	1	10	4.4543429844098	3	San Diego, California, United States	US	USCA	CA073	32.7153	-117.157	1661377	0								3	San Diego, California, United States	US	USCA		32.7153	-117.157	1661377	20250927060000	https://www.webwire.com/ViewPressRel.asp?aId=344462
1265505512	20250927	202509	2025	2025.7315	GOV	MAYOR						GOV													0	057	057	05	1	8.0	3	1	3	1.91897654584222	3	Oklahoma City, Oklahoma, United States	US	USOK	OK109	35.4676	-97.5164	1102140	0								3	Oklahoma City, Oklahoma, United States	US	USOK		35.4676	-97.5164	1102140	20250927060000	http://www.news9.com/story/68d761c6a6ee088a4f77d8c4/la-mayor-okc-mayor-sign-new-agreement-ahead-of-la-2028-olympics
1265505513	20250927	202509	2025	2025.7315	GOV	CHIEF MINISTER						GOV													0	071	071	07	2	7.4	6	1	6	-4.04858299595142	1	Afghanistan	AF	AF		33	66	AF	0								1	Afghanistan	AF	AF		33	66	AF	20250927060000	https://www.newkerala.com/news/o/centre-paying-lip-service-towards-flood-hit-people-says-punjab-836
1265505514	20250927	202509	2025	2025.7315	GOV	FIREFIGHTER						GOV													1	073	073	07	2	7.4	5	1	2	-0.15698587127158	3	Longview, Texas, United States	US	USTX	TX183	32.5007	-94.7405	1374716	0								3	Longview, Texas, United States	US	USTX	TX183	32.5007	-94.7405	1374716	20250927060000	https://news-journal.com/2025/09/26/longview-firefighters-commended-for-central-texas-flood-response-they-did-a-phenomenal-job/
1265505515	20250927	202509	2025	2025.7315	GOV	MINIST FOR JUSTICE						GOV													1	075	075	07	2	7.0	3	1	3	-0.45766590389016	1	Nigeria	NI	NI		10	8	NI	0								1	Nigeria	NI	NI		10	8	NI	20250927060000	https://www.irishtimes.com/politics/2025/09/27/families-to-be-offered-10000-to-drop-asylum-claims-and-leave/
1265505516	20250927	202509	2025	2025.7315	GOV	AMBASSADOR						GOV													1	0874	087	08	2	10.0	6	1	6	-5.04266873545384	2	Arizona, United States	US	USAZ		33.7712	-111.388	AZ	0								2	Arizona, United States	US	USAZ		33.7712	-111.388	AZ	20250927060000	https://www.irishtimes.com/opinion/2025/09/27/us-liberals-are-on-the-backfoot-maga-is-triumphant-and-democrats-pathetically-divided/
1265505517	20250927	202509	2025	2025.7315	GOV	PRESIDENT						GOV													1	111	111	11	3	-2.0	5	1	5	-1.58730158730159	1	Ukraine	UP	UP		49	32	UP	0								1	Ukraine	UP	UP		49	32	UP	20250927060000	https://article.wn.com/view/2025/09/27/Has_Trump_Has_Guaranteed_Our_War_Model_Will_Be_Correct/
1265505518	20250927	202509	2025	2025.7315	GOV	INTERIOR MINIST						GOV													0	114	114	11	3	-2.0	10	1	10	-5.21472392638037	4	Seoul, Soul-t'ukpyolsi, South Korea	KS	KS11	24984	37.5664	127	-716583	0								4	Seoul, Soul-t'ukpyolsi, South Korea	KS	KS11	24984	37.5664	127	-716583	20250927060000	https://edition.cnn.com/2025/09/27/asia/south-korea-fire-data-center-daejeon-intl-hnk
1265505519	20250927	202509	2025	2025.7315	GOV	PRESIDENT						GOV													0	138	138	13	3	-7.0	10	1	10	-5.04266873545384	2	New York, United States	US	USNY		42.1497	-74.9384	NY	0								2	New York, United States	US	USNY		42.1497	-74.9384	NY	20250927060000	https://www.irishtimes.com/opinion/2025/09/27/us-liberals-are-on-the-backfoot-maga-is-triumphant-and-democrats-pathetically-divided/
1265505520	20250927	202509	2025	2025.7315	GOV	AMBASSADOR						GOV													1	193	193	19	4	-10.0	2	1	2	-5.04266873545384	4	Paris, France (general), France	FR	FR00	16282	48.8667	2.33333	-1456928	0								4	Paris, France (general), France	FR	FR00	16282	48.8667	2.33333	-1456928	20250927060000	https://www.irishtimes.com/opinion/2025/09/27/us-liberals-are-on-the-backfoot-maga-is-triumphant-and-democrats-pathetically-divided/
1265505521	20250927	202509	2025	2025.7315	GOV	AMBASSADOR						GOV													1	193	193	19	4	-10.0	2	1	2	-5.04266873545384	4	Paris, France (general), France	FR	FR00	16282	48.8667	2.33333	-1456928	0								1	Poland	PL	PL		52	20	PL	20250927060000	https://www.irishtimes.com/opinion/2025/09/27/us-liberals-are-on-the-backfoot-maga-is-triumphant-and-democrats-pathetically-divided/
1265505522	20250927	202509	2025	2025.7315	GOV	AMBASSADOR						GOV													1	193	193	19	4	-10.0	6	1	6	-5.04266873545384	1	Poland	PL	PL		52	20	PL	0								1	Poland	PL	PL		52	20	PL	20250927060000	https://www.irishtimes.com/opinion/2025/09/27/us-liberals-are-on-the-backfoot-maga-is-triumphant-and-democrats-pathetically-divided/
1265505523	20250927	202509	2025	2025.7315	GOV	PRIME MINISTER						GOV			AFG	AFGHANISTAN	AFG								1	012	012	01	1	-0.4	1	1	1	-4.04858299595142	1	Afghanistan	AF	AF		33	66	AF	1	Afghanistan	AF	AF		33	66	AF	1	Afghanistan	AF	AF		33	66	AF	20250927060000	https://www.newkerala.com/news/o/centre-paying-lip-service-towards-flood-hit-people-says-punjab-836
1265505524	20250927	202509	2025	2025.7315	GOV	CHIEF MINISTER						GOV			AFG	AFGHANISTAN	AFG								0	071	071	07	2	7.4	2	1	2	-4.04858299595142	1	Afghanistan	AF	AF		33	66	AF	1	Afghanistan	AF	AF		33	66	AF	1	Afghanistan	AF	AF		33	66	AF	20250927060000	https://www.newkerala.com/news/o/centre-paying-lip-service-towards-flood-hit-people-says-punjab-836
1265505525	20250927	202509	2025	2025.7315	GOV	GOVERNMENT						GOV			AFR	AFRICA	AFR								1	100	100	10	3	-5.0	4	1	4	-4.57018498367791	4	Sokoto, Sokoto, Nigeria	NI	NI51	190962	13.0609	5.23902	-2026911	4	Sokoto, Sokoto, Nigeria	NI	NI51	190962	13.0609	5.23902	-2026911	4	Sokoto, Sokoto, Nigeria	NI	NI51	190962	13.0609	5.23902	-2026911	20250927060000	https://leadership.ng/kukah-and-failings-of-democracies-in-africa/
1265505526	20250927	202509	2025	2025.7315	GOV	GOVERNMENT						GOV			AFR	AFRICA	AFR								1	100	100	10	3	-5.0	6	1	6	-4.57018498367791	1	United States	US	US		39.828175	-98.5795	US	1	United Kingdom	UK	UK		54	-4	UK	1	United Kingdom	UK	UK		54	-4	UK	20250927060000	https://leadership.ng/kukah-and-failings-of-democracies-in-africa/
1265505527	20250927	202509	2025	2025.7315	GOV	GOVERNMENT						GOV			AGR	FARMER						AGR			1	051	051	05	1	3.4	20	1	10	1.59744408945687	0								0								0								20250927060000	https://www.newkerala.com/news/o/govt-releases-pm-kisans-21st-installment-punjab-himachal-pradesh-793
1265505528	20250927	202509	2025	2025.7315	GOV	PRESIDENT						GOV			BUS	BUSINESS						BUS			1	010	010	01	1	0.0	10	1	10	1.78571428571429	4	Tokyo, Tokyo, Japan	JA	JA40	36340	35.685	139.751	-246227	4	Tokyo, Tokyo, Japan	JA	JA40	36340	35.685	139.751	-246227	4	Tokyo, Tokyo, Japan	JA	JA40	36340	35.685	139.751	-246227	20250927060000	https://www.lankanewspapers.com/index.php/2025/09/27/lnp-president-anura-kumara-to-begin-official-visit-to-japan-today/
1265505529	20250927	202509	2025	2025.7315	GOV	SECRETARY OF STATE						GOV			CAN	CANADA	CAN								1	040	040	04	1	1.0	2	1	2	2.32558139534884	1	Canada	CA	CA		60	-96	CA	1	Canada	CA	CA		60	-96	CA	1	Canada	CA	CA		60	-96	CA	20250927060000	https://www.gulf-times.com/article/711561/qatar/minister-of-state-for-international-cooperation-meets-secretary-of-state-for-international-development-of-canada
1265505530	20250927	202509	2025	2025.7315	GOV	PRESIDENT						GOV			CRM	CROOK						CRM			0	190	190	19	4	-10.0	6	1	6	-2.68361581920904	2	New Hampshire, United States	US	USNH		43.4108	-71.5653	NH	2	New Hampshire, United States	US	USNH		43.4108	-71.5653	NH	2	New Hampshire, United States	US	USNH		43.4108	-71.5653	NH	20250927060000	https://www.unionleader.com/opinion/columnists/patrick-hynes-let-s-commit-to-civil-discourse/article_36b1199e-b8b3-42fa-9cc9-053d2e07f6a4.html
1265505531	20250927	202509	2025	2025.7315	GOV	PRESIDENT						GOV			CRM	CROOK						CRM			0	190	190	19	4	-10.0	2	1	2	-2.68361581920904	2	Washington, United States	US	USWA		47.3917	-121.571	WA	2	Washington, United States	US	USWA		47.3917	-121.571	WA	2	Washington, United States	US	USWA		47.3917	-121.571	WA	20250927060000	https://www.unionleader.com/opinion/columnists/patrick-hynes-let-s-commit-to-civil-discourse/article_36b1199e-b8b3-42fa-9cc9-053d2e07f6a4.html
1265505532	20250927	202509	2025	2025.7315	GOV	AUTHORITIES						GOV			CVL	CITIZEN						CVL			0	020	020	02	1	3.0	10	1	10	-5.38243626062323	4	Hyderabad, Andhra Pradesh, India	IN	IN02	17564	17.3753	78.4744	-2097701	4	Hyderabad, Andhra Pradesh, India	IN	IN02	17564	17.3753	78.4744	-2097701	4	Hyderabad, Andhra Pradesh, India	IN	IN02	17564	17.3753	78.4744	-2097701	20250927060000	https://economictimes.indiatimes.com/news/india/hyderabad-heavy-rains-flood-bus-station-residential-colonies-ndrf-rescues-stranded-commuters-residents-appeal-for-help/articleshow/124177252.cms
1265505533	20250927	202509	2025	2025.7315	GOV	AUTHORITIES						GOV			CVL	RESIDENTS						CVL			1	0333	033	03	1	5.2	5	1	5	-5.3156146179402	4	Ho Chi Minh City, H? Chíinh, Vietnam, Republic Of	VM	VM20	74101	10.75	106.667	-3730078	4	Ho Chi Minh City, H? Chíinh, Vietnam, Republic Of	VM	VM20	74101	10.75	106.667	-3730078	4	Ho Chi Minh City, H? Chíinh, Vietnam, Republic Of	VM	VM20	74101	10.75	106.667	-3730078	20250927060000	https://news.tuoitre.vn/breakfast-tuoi-tre-september-27-103250927080952981.htm
1265505534	20250927	202509	2025	2025.7315	GOV	FOREIGN MINIST						GOV			DEU	GERMANY	DEU								0	042	042	04	1	1.9	2	1	2	-5.04266873545384	4	Berlin, Berlin, Germany	GM	GM16	16538	52.5167	13.4	-1746443	4	Berlin, Berlin, Germany	GM	GM16	16538	52.5167	13.4	-1746443	4	Berlin, Berlin, Germany	GM	GM16	16538	52.5167	13.4	-1746443	20250927060000	https://www.irishtimes.com/opinion/2025/09/27/us-liberals-are-on-the-backfoot-maga-is-triumphant-and-democrats-pathetically-divided/
1265505535	20250927	202509	2025	2025.7315	GOV	FOREIGN MINIST						GOV			DEU	GERMANY	DEU								0	042	042	04	1	1.9	2	1	2	-5.04266873545384	4	Berlin, Berlin, Germany	GM	GM16	16538	52.5167	13.4	-1746443	4	Berlin, Berlin, Germany	GM	GM16	16538	52.5167	13.4	-1746443	2	Arizona, United States	US	USAZ		33.7712	-111.388	AZ	20250927060000	https://www.irishtimes.com/opinion/2025/09/27/us-liberals-are-on-the-backfoot-maga-is-triumphant-and-democrats-pathetically-divided/
1265505536	20250927	202509	2025	2025.7315	GOV	FOREIGN MINIST						GOV			DEU	GERMANY	DEU								0	042	042	04	1	1.9	4	1	4	-5.04266873545384	4	Hanover, Niedersachsen, Germany	GM	GM06	40698	52.3667	9.71667	-1785903	4	Hanover, Niedersachsen, Germany	GM	GM06	40698	52.3667	9.71667	-1785903	4	Hanover, Niedersachsen, Germany	GM	GM06	40698	52.3667	9.71667	-1785903	20250927060000	https://www.irishtimes.com/opinion/2025/09/27/us-liberals-are-on-the-backfoot-maga-is-triumphant-and-democrats-pathetically-divided/
1265505537	20250927	202509	2025	2025.7315	GOV	FOREIGN MINIST						GOV			DEU	GERMANY	DEU								0	042	042	04	1	1.9	2	1	2	-5.04266873545384	2	Arizona, United States	US	USAZ		33.7712	-111.388	AZ	4	Hanover, Niedersachsen, Germany	GM	GM06	40698	52.3667	9.71667	-1785903	4	Hanover, Niedersachsen, Germany	GM	GM06	40698	52.3667	9.71667	-1785903	20250927060000	https://www.irishtimes.com/opinion/2025/09/27/us-liberals-are-on-the-backfoot-maga-is-triumphant-and-democrats-pathetically-divided/
1265505538	20250927	202509	2025	2025.7315	GOV	FOREIGN MINIST						GOV			DEU	GERMANY	DEU								0	043	043	04	1	2.8	2	1	2	-5.04266873545384	4	Berlin, Berlin, Germany	GM	GM16	16538	52.5167	13.4	-1746443	4	Berlin, Berlin, Germany	GM	GM16	16538	52.5167	13.4	-1746443	4	Berlin, Berlin, Germany	GM	GM16	16538	52.5167	13.4	-1746443	20250927060000	https://www.irishtimes.com/opinion/2025/09/27/us-liberals-are-on-the-backfoot-maga-is-triumphant-and-democrats-pathetically-divided/
1265505539	20250927	202509	2025	2025.7315	GOV	FOREIGN MINIST						GOV			DEU	GERMANY	DEU								0	043	043	04	1	2.8	2	1	2	-5.04266873545384	4	Berlin, Berlin, Germany	GM	GM16	16538	52.5167	13.4	-1746443	4	Berlin, Berlin, Germany	GM	GM16	16538	52.5167	13.4	-1746443	2	Arizona, United States	US	USAZ		33.7712	-111.388	AZ	20250927060000	https://www.irishtimes.com/opinion/2025/09/27/us-liberals-are-on-the-backfoot-maga-is-triumphant-and-democrats-pathetically-divided/
1265505540	20250927	202509	2025	2025.7315	GOV	DIPLOMAT						GOV			DEU	GERMAN	DEU								0	190	190	19	4	-10.0	1	1	1	-5.04266873545384	4	Paris, France (general), France	FR	FR00	16282	48.8667	2.33333	-1456928	4	Hanover, Niedersachsen, Germany	GM	GM06	40698	52.3667	9.71667	-1785903	4	Hanover, Niedersachsen, Germany	GM	GM06	40698	52.3667	9.71667	-1785903	20250927060000	https://www.irishtimes.com/opinion/2025/09/27/us-liberals-are-on-the-backfoot-maga-is-triumphant-and-democrats-pathetically-divided/
1265505541	20250927	202509	2025	2025.7315	GOV	FOREIGN MINIST						GOV			DEU	GERMANY	DEU								0	190	190	19	4	-10.0	2	1	2	-5.04266873545384	4	Berlin, Berlin, Germany	GM	GM16	16538	52.5167	13.4	-1746443	4	Berlin, Berlin, Germany	GM	GM16	16538	52.5167	13.4	-1746443	4	Berlin, Berlin, Germany	GM	GM16	16538	52.5167	13.4	-1746443	20250927060000	https://www.irishtimes.com/opinion/2025/09/27/us-liberals-are-on-the-backfoot-maga-is-triumphant-and-democrats-pathetically-divided/
1265505542	20250927	202509	2025	2025.7315	GOV	FOREIGN MINIST						GOV			DEU	GERMANY	DEU								0	190	190	19	4	-10.0	2	1	2	-5.04266873545384	4	Berlin, Berlin, Germany	GM	GM16	16538	52.5167	13.4	-1746443	2	Arizona, United States	US	USAZ		33.7712	-111.388	AZ	2	Arizona, United States	US	USAZ		33.7712	-111.388	AZ	20250927060000	https://www.irishtimes.com/opinion/2025/09/27/us-liberals-are-on-the-backfoot-maga-is-triumphant-and-democrats-pathetically-divided/
1265505543	20250927	202509	2025	2025.7315	GOV	DIPLOMAT						GOV			DEU	GERMAN	DEU								0	190	190	19	4	-10.0	1	1	1	-5.04266873545384	4	Hanover, Niedersachsen, Germany	GM	GM06	40698	52.3667	9.71667	-1785903	4	Hanover, Niedersachsen, Germany	GM	GM06	40698	52.3667	9.71667	-1785903	4	Paris, France (general), France	FR	FR00	16282	48.8667	2.33333	-1456928	20250927060000	https://www.irishtimes.com/opinion/2025/09/27/us-liberals-are-on-the-backfoot-maga-is-triumphant-and-democrats-pathetically-divided/
1265505544	20250927	202509	2025	2025.7315	GOV	FOREIGN MINIST						GOV			DEU	GERMANY	DEU								0	190	190	19	4	-10.0	4	1	4	-5.04266873545384	4	Hanover, Niedersachsen, Germany	GM	GM06	40698	52.3667	9.71667	-1785903	4	Hanover, Niedersachsen, Germany	GM	GM06	40698	52.3667	9.71667	-1785903	4	Hanover, Niedersachsen, Germany	GM	GM06	40698	52.3667	9.71667	-1785903	20250927060000	https://www.irishtimes.com/opinion/2025/09/27/us-liberals-are-on-the-backfoot-maga-is-triumphant-and-democrats-pathetically-divided/
1265505545	20250927	202509	2025	2025.7315	GOV	FOREIGN MINIST						GOV			DEU	GERMANY	DEU								0	190	190	19	4	-10.0	2	1	2	-5.04266873545384	2	Arizona, United States	US	USAZ		33.7712	-111.388	AZ	4	Hanover, Niedersachsen, Germany	GM	GM06	40698	52.3667	9.71667	-1785903	4	Hanover, Niedersachsen, Germany	GM	GM06	40698	52.3667	9.71667	-1785903	20250927060000	https://www.irishtimes.com/opinion/2025/09/27/us-liberals-are-on-the-backfoot-maga-is-triumphant-and-democrats-pathetically-divided/
1265505546	20250927	202509	2025	2025.7315	GOV	FOREIGN MINIST						GOV			DEU	GERMANY	DEU								0	193	193	19	4	-10.0	2	1	2	-5.04266873545384	4	Berlin, Berlin, Germany	GM	GM16	16538	52.5167	13.4	-1746443	4	Berlin, Berlin, Germany	GM	GM16	16538	52.5167	13.4	-1746443	4	Berlin, Berlin, Germany	GM	GM16	16538	52.5167	13.4	-1746443	20250927060000	https://www.irishtimes.com/opinion/2025/09/27/us-liberals-are-on-the-backfoot-maga-is-triumphant-and-democrats-pathetically-divided/
1265505547	20250927	202509	2025	2025.7315	GOV	FOREIGN MINIST						GOV			DEU	GERMANY	DEU								0	193	193	19	4	-10.0	2	1	2	-5.04266873545384	4	Berlin, Berlin, Germany	GM	GM16	16538	52.5167	13.4	-1746443	2	Arizona, United States	US	USAZ		33.7712	-111.388	AZ	2	Arizona, United States	US	USAZ		33.7712	-111.388	AZ	20250927060000	https://www.irishtimes.com/opinion/2025/09/27/us-liberals-are-on-the-backfoot-maga-is-triumphant-and-democrats-pathetically-divided/
1265505548	20250927	202509	2025	2025.7315	GOV	FOREIGN MINIST						GOV			DEU	GERMANY	DEU								0	193	193	19	4	-10.0	4	1	4	-5.04266873545384	4	Hanover, Niedersachsen, Germany	GM	GM06	40698	52.3667	9.71667	-1785903	4	Hanover, Niedersachsen, Germany	GM	GM06	40698	52.3667	9.71667	-1785903	4	Hanover, Niedersachsen, Germany	GM	GM06	40698	52.3667	9.71667	-1785903	20250927060000	https://www.irishtimes.com/opinion/2025/09/27/us-liberals-are-on-the-backfoot-maga-is-triumphant-and-democrats-pathetically-divided/
1265505549	20250927	202509	2025	2025.7315	GOV	FOREIGN MINIST						GOV			DEU	GERMANY	DEU								0	193	193	19	4	-10.0	2	1	2	-5.04266873545384	2	Arizona, United States	US	USAZ		33.7712	-111.388	AZ	4	Hanover, Niedersachsen, Germany	GM	GM06	40698	52.3667	9.71667	-1785903	4	Hanover, Niedersachsen, Germany	GM	GM06	40698	52.3667	9.71667	-1785903	20250927060000	https://www.irishtimes.com/opinion/2025/09/27/us-liberals-are-on-the-backfoot-maga-is-triumphant-and-democrats-pathetically-divided/
1265505550	20250927	202509	2025	2025.7315	GOV	DIPLOMAT						GOV			DEUGOV	GERMAN	DEU					GOV			0	190	190	19	4	-10.0	7	1	7	-5.04266873545384	4	Paris, France (general), France	FR	FR00	16282	48.8667	2.33333	-1456928	4	Hanover, Niedersachsen, Germany	GM	GM06	40698	52.3667	9.71667	-1785903	4	Hanover, Niedersachsen, Germany	GM	GM06	40698	52.3667	9.71667	-1785903	20250927060000	https://www.irishtimes.com/opinion/2025/09/27/us-liberals-are-on-the-backfoot-maga-is-triumphant-and-democrats-pathetically-divided/
1265505551	20250927	202509	2025	2025.7315	GOV	DIPLOMAT						GOV			DEUGOV	GERMANY	DEU					GOV			0	190	190	19	4	-10.0	1	1	1	-5.04266873545384	4	Hanover, Niedersachsen, Germany	GM	GM06	40698	52.3667	9.71667	-1785903	4	Paris, France (general), France	FR	FR00	16282	48.8667	2.33333	-1456928	4	Paris, France (general), France	FR	FR00	16282	48.8667	2.33333	-1456928	20250927060000	https://www.irishtimes.com/opinion/2025/09/27/us-liberals-are-on-the-backfoot-maga-is-triumphant-and-democrats-pathetically-divided/
1265505552	20250927	202509	2025	2025.7315	GOV	AMBASSADOR						GOV			EDU	SCHOOL						EDU			1	046	046	04	1	7.0	6	1	6	3.57142857142857	4	Wellington, New Zealand (general), New Zealand	NZ	NZ00	22391	-41.3	174.783	-1521348	4	Wellington, New Zealand (general), New Zealand	NZ	NZ00	22391	-41.3	174.783	-1521348	4	Wellington, New Zealand (general), New Zealand	NZ	NZ00	22391	-41.3	174.783	-1521348	20250927060000	https://www.somersetcountygazette.co.uk/news/25496502.dental-health-scheme-magic-launched-somerset-schools/
1265505553	20250927	202509	2025	2025.7315	GOV	SECRETARY OF STATE						GOV			EGY	NASSER	EGY								1	040	040	04	1	1.0	8	1	8	2.32558139534884	1	Canada	CA	CA		60	-96	CA	1	Canada	CA	CA		60	-96	CA	1	Canada	CA	CA		60	-96	CA	20250927060000	https://www.gulf-times.com/article/711561/qatar/minister-of-state-for-international-cooperation-meets-secretary-of-state-for-international-development-of-canada
1265505554	20250927	202509	2025	2025.7315	GOV	DIPLOMAT						GOV			EUR	EUROPEAN	EUR								0	051	051	05	1	3.4	5	1	5	-2.27272727272728	1	Iran	IR	IR		32	53	IR	1	Iran	IR	IR		32	53	IR	1	Iran	IR	IR		32	53	IR	20250927060000	https://tribune.com.pk/story/2569232/iran-sanctions-look-set-to-return-after-last-ditch-un-vote
1265505555	20250927	202509	2025	2025.7315	GOV	AMBASSADOR						GOV			FRA	FRANCE	FRA								1	0874	087	08	2	10.0	4	1	4	-5.04266873545384	2	Arizona, United States	US	USAZ		33.7712	-111.388	AZ	2	Arizona, United States	US	USAZ		33.7712	-111.388	AZ	2	Arizona, United States	US	USAZ		33.7712	-111.388	AZ	20250927060000	https://www.irishtimes.com/opinion/2025/09/27/us-liberals-are-on-the-backfoot-maga-is-triumphant-and-democrats-pathetically-divided/
1265505556	20250927	202509	2025	2025.7315	GOV	PRESIDENT						GOV			GHA	GHANA	GHA								0	051	051	05	1	3.4	4	1	4	-4.57018498367791	4	Sokoto, Sokoto, Nigeria	NI	NI51	190962	13.0609	5.23902	-2026911	4	Accra, Greater Accra, Ghana	GH	GH01	190655	5.55	-0.216667	-2067935	4	Accra, Greater Accra, Ghana	GH	GH01	190655	5.55	-0.216667	-2067935	20250927060000	https://leadership.ng/kukah-and-failings-of-democracies-in-africa/
1265505557	20250927	202509	2025	2025.7315	GOV	PRESIDENT						GOV			GHA	GHANA	GHA								0	080	080	08	2	5.0	1	1	1	-4.57018498367791	4	Sokoto, Sokoto, Nigeria	NI	NI51	190962	13.0609	5.23902	-2026911	4	Accra, Greater Accra, Ghana	GH	GH01	190655	5.55	-0.216667	-2067935	4	Sokoto, Sokoto, Nigeria	NI	NI51	190962	13.0609	5.23902	-2026911	20250927060000	https://leadership.ng/kukah-and-failings-of-democracies-in-africa/
1265505558	20250927	202509	2025	2025.7315	GOV	MINIST						GOV			IGOEURDEVEBR	EUROPEAN BANK FOR RECONSTRUCTION AND DEVELOPMENT	EUR	EBR				IGO	DEV		1	046	046	04	1	7.0	3	1	3	0.704225352112676	4	Tashkent, Toshkent Shahri, Uzbekistan	UZ	UZ13	37316	41.3167	69.25	-2579372	4	Tashkent, Toshkent Shahri, Uzbekistan	UZ	UZ13	37316	41.3167	69.25	-2579372	4	Tashkent, Toshkent Shahri, Uzbekistan	UZ	UZ13	37316	41.3167	69.25	-2579372	20250927060000	https://www.trend.az/business/4096273.html
1265505559	20250927	202509	2025	2025.7315	GOV	FOREIGN MINIST						GOV			IGOUNO	UNITED NATIONS		UNO				IGO			1	163	163	16	4	-8.0	2	1	2	-4.01891252955083	1	New Zealand	NZ	NZ		-42	174	NZ	1	Israel	IS	IS		31.5	34.75	IS	1	Israel	IS	IS		31.5	34.75	IS	20250927060000	https://livenews.co.nz/2025/09/27/advocacy-peters-rewards-israel-for-genocide-psna/
1265505560	20250927	202509	2025	2025.7315	GOV	PRESIDENT						GOV			IGOUNOLEG	UNITED NATIONS		UNO				IGO	LEG		1	010	010	01	1	0.0	10	1	10	-1.58730158730159	1	Ukraine	UP	UP		49	32	UP	1	Ukraine	UP	UP		49	32	UP	1	Ukraine	UP	UP		49	32	UP	20250927060000	https://article.wn.com/view/2025/09/27/Has_Trump_Has_Guaranteed_Our_War_Model_Will_Be_Correct/
1265505561	20250927	202509	2025	2025.7315	GOV	CHIEF MINISTER						GOV			IND	BHOPAL	IND								1	010	010	01	1	0.0	2	1	2	3.73333333333333	5	Madhya Pradesh, Madhya Pradesh, India	IN	IN35	17744	23.5	78.5	-2103026	5	Madhya Pradesh, Madhya Pradesh, India	IN	IN35	17744	23.5	78.5	-2103026	5	Madhya Pradesh, Madhya Pradesh, India	IN	IN35	17744	23.5	78.5	-2103026	20250927060000	https://www.newkerala.com/news/o/mp-cm-mohan-yadav-pays-homage-martyrs-rezang-la-battle-752
1265505562	20250927	202509	2025	2025.7315	GOV	CHIEF MINISTER						GOV			IND	BHOPAL	IND								1	010	010	01	1	0.0	1	1	1	3.73333333333333	1	China	CH	CH		35	105	CH	5	Madhya Pradesh, Madhya Pradesh, India	IN	IN35	17744	23.5	78.5	-2103026	1	China	CH	CH		35	105	CH	20250927060000	https://www.newkerala.com/news/o/mp-cm-mohan-yadav-pays-homage-martyrs-rezang-la-battle-752
1265505563	20250927	202509	2025	2025.7315	GOV	CHIEF MINISTER						GOV			IND	BHOPAL	IND								1	010	010	01	1	0.0	1	1	1	3.73333333333333	1	China	CH	CH		35	105	CH	1	China	CH	CH		35	105	CH	1	China	CH	CH		35	105	CH	20250927060000	https://www.newkerala.com/news/o/mp-cm-mohan-yadav-pays-homage-martyrs-rezang-la-battle-752
1265505564	20250927	202509	2025	2025.7315	GOV	PRESIDENT						GOV			IRL	IRISH	IRL								0	017	017	01	1	0.0	8	1	8	-0.80128205128205	4	Irish Sea, Ireland (general), Ireland	EI	EI00	154724	53.6667	-5	-1503536	4	Irish Sea, Ireland (general), Ireland	EI	EI00	154724	53.6667	-5	-1503536	4	Irish Sea, Ireland (general), Ireland	EI	EI00	154724	53.6667	-5	-1503536	20250927060000	https://www.irishtimes.com/obituaries/2025/09/27/conor-gearty-law-professor-barrister-and-globally-acclaimed-human-rights-scholar/
1265505565	20250927	202509	2025	2025.7315	GOV	ATTORNEY GENERAL						GOV			ISR	ISRAEL	ISR								1	0353	035	03	1	7.0	4	1	4	-5.88235294117647	1	Israel	IS	IS		31.5	34.75	IS	1	Israel	IS	IS		31.5	34.75	IS	1	Israel	IS	IS		31.5	34.75	IS	20250927060000	https://www.unionleader.com/opinion/editorials/nashua-heroism-confronting-a-killer/article_248481a5-3b88-4c98-b3ff-01ad02cfd0d9.html
1265505566	20250927	202509	2025	2025.7315	GOV	PRESIDENT						GOV			JORELI	HASSAN	JOR					ELI			0	051	051	05	1	3.4	6	1	6	-4.57018498367791	4	Sokoto, Sokoto, Nigeria	NI	NI51	190962	13.0609	5.23902	-2026911	4	Sokoto, Sokoto, Nigeria	NI	NI51	190962	13.0609	5.23902	-2026911	4	Sokoto, Sokoto, Nigeria	NI	NI51	190962	13.0609	5.23902	-2026911	20250927060000	https://leadership.ng/kukah-and-failings-of-democracies-in-africa/
1265505567	20250927	202509	2025	2025.7315	GOV	PRESIDENT						GOV			JPN	JAPAN	JPN								1	036	036	03	1	4.0	8	1	8	1.78571428571429	4	Osaka, Osaka, Japan	JA	JA32	35840	34.6667	135.5	-240905	4	Osaka, Osaka, Japan	JA	JA32	35840	34.6667	135.5	-240905	4	Osaka, Osaka, Japan	JA	JA32	35840	34.6667	135.5	-240905	20250927060000	https://www.lankanewspapers.com/index.php/2025/09/27/lnp-president-anura-kumara-to-begin-official-visit-to-japan-today/
1265505568	20250927	202509	2025	2025.7315	GOV	PRESIDENT						GOV			JPN	JAPAN	JPN								1	036	036	03	1	4.0	2	1	2	1.78571428571429	4	Tokyo, Tokyo, Japan	JA	JA40	36340	35.685	139.751	-246227	4	Tokyo, Tokyo, Japan	JA	JA40	36340	35.685	139.751	-246227	4	Tokyo, Tokyo, Japan	JA	JA40	36340	35.685	139.751	-246227	20250927060000	https://www.lankanewspapers.com/index.php/2025/09/27/lnp-president-anura-kumara-to-begin-official-visit-to-japan-today/
1265505569	20250927	202509	2025	2025.7315	GOV	PRESIDENT						GOV			JPN	OSAKA	JPN								0	036	036	03	1	4.0	7	1	7	1.78571428571429	1	Sri Lanka	CE	CE		7	81	CE	4	Osaka, Osaka, Japan	JA	JA32	35840	34.6667	135.5	-240905	4	Osaka, Osaka, Japan	JA	JA32	35840	34.6667	135.5	-240905	20250927060000	https://www.lankanewspapers.com/index.php/2025/09/27/lnp-president-anura-kumara-to-begin-official-visit-to-japan-today/
1265505570	20250927	202509	2025	2025.7315	GOV	PRESIDENT						GOV			JPN	OSAKA	JPN								0	036	036	03	1	4.0	1	1	1	1.78571428571429	1	Sri Lanka	CE	CE		7	81	CE	1	Sri Lanka	CE	CE		7	81	CE	1	Sri Lanka	CE	CE		7	81	CE	20250927060000	https://www.lankanewspapers.com/index.php/2025/09/27/lnp-president-anura-kumara-to-begin-official-visit-to-japan-today/
1265505571	20250927	202509	2025	2025.7315	GOV	PRESIDENT						GOV			JPNGOV	JAPANESE	JPN					GOV			1	040	040	04	1	1.0	3	1	3	1.78571428571429	4	Tokyo, Tokyo, Japan	JA	JA40	36340	35.685	139.751	-246227	4	Tokyo, Tokyo, Japan	JA	JA40	36340	35.685	139.751	-246227	4	Tokyo, Tokyo, Japan	JA	JA40	36340	35.685	139.751	-246227	20250927060000	https://www.lankanewspapers.com/index.php/2025/09/27/lnp-president-anura-kumara-to-begin-official-visit-to-japan-today/
1265505572	20250927	202509	2025	2025.7315	GOV	PRESIDENT						GOV			LEG	REPRESENTATIVES						LEG			1	036	036	03	1	4.0	10	1	10	1.78571428571429	4	Tokyo, Tokyo, Japan	JA	JA40	36340	35.685	139.751	-246227	4	Tokyo, Tokyo, Japan	JA	JA40	36340	35.685	139.751	-246227	4	Tokyo, Tokyo, Japan	JA	JA40	36340	35.685	139.751	-246227	20250927060000	https://www.lankanewspapers.com/index.php/2025/09/27/lnp-president-anura-kumara-to-begin-official-visit-to-japan-today/
1265505573	20250927	202509	2025	2025.7315	GOV	PRESIDENT						GOV			LKA	SRI LANKAN	LKA								0	010	010	01	1	0.0	2	1	2	1.78571428571429	1	Sri Lanka	CE	CE		7	81	CE	1	Sri Lanka	CE	CE		7	81	CE	1	Sri Lanka	CE	CE		7	81	CE	20250927060000	https://www.lankanewspapers.com/index.php/2025/09/27/lnp-president-anura-kumara-to-begin-official-visit-to-japan-today/
1265505574	20250927	202509	2025	2025.7315	GOV	PRESIDENT						GOV			LKA	SRI LANKA	LKA								1	043	043	04	1	2.8	10	1	10	6.5989847715736	1	Sri Lanka	CE	CE		7	81	CE	1	Sri Lanka	CE	CE		7	81	CE	1	Sri Lanka	CE	CE		7	81	CE	20250927060000	https://srilankamirror.com/news/fr-petitions-filed-over-asp-promotions/
1265505575	20250927	202509	2025	2025.7315	GOV	PRESIDENT						GOV			LKAREF	SRI LANKAN	LKA					REF			0	010	010	01	1	0.0	6	1	6	1.78571428571429	1	Sri Lanka	CE	CE		7	81	CE	1	Sri Lanka	CE	CE		7	81	CE	1	Sri Lanka	CE	CE		7	81	CE	20250927060000	https://www.lankanewspapers.com/index.php/2025/09/27/lnp-president-anura-kumara-to-begin-official-visit-to-japan-today/
1265505576	20250927	202509	2025	2025.7315	GOV	PRESIDENT						GOV			MIL	MAJOR GENERAL						MIL			0	080	080	08	2	5.0	4	1	4	-4.57018498367791	4	Sokoto, Sokoto, Nigeria	NI	NI51	190962	13.0609	5.23902	-2026911	4	Sokoto, Sokoto, Nigeria	NI	NI51	190962	13.0609	5.23902	-2026911	4	Sokoto, Sokoto, Nigeria	NI	NI51	190962	13.0609	5.23902	-2026911	20250927060000	https://leadership.ng/kukah-and-failings-of-democracies-in-africa/
1265505577	20250927	202509	2025	2025.7315	GOV	MINIST						GOV			NGA	NIGERIA	NGA								1	0331	033	03	1	5.2	2	1	2	-0.45766590389016	1	United Kingdom	UK	UK		54	-4	UK	1	United Kingdom	UK	UK		54	-4	UK	1	United Kingdom	UK	UK		54	-4	UK	20250927060000	https://www.irishtimes.com/politics/2025/09/27/families-to-be-offered-10000-to-drop-asylum-claims-and-leave/
1265505578	20250927	202509	2025	2025.7315	GOV	MINIST						GOV			NGA	NIGERIA	NGA								1	075	075	07	2	7.0	2	1	2	-0.45766590389016	1	Nigeria	NI	NI		10	8	NI	1	Nigeria	NI	NI		10	8	NI	1	Nigeria	NI	NI		10	8	NI	20250927060000	https://www.irishtimes.com/politics/2025/09/27/families-to-be-offered-10000-to-drop-asylum-claims-and-leave/
1265505579	20250927	202509	2025	2025.7315	GOV	PRESIDENT						GOV			NGAMIL	NIGERIA	NGA					MIL			0	080	080	08	2	5.0	1	1	1	-4.57018498367791	4	Sokoto, Sokoto, Nigeria	NI	NI51	190962	13.0609	5.23902	-2026911	4	Sokoto, Sokoto, Nigeria	NI	NI51	190962	13.0609	5.23902	-2026911	4	Sokoto, Sokoto, Nigeria	NI	NI51	190962	13.0609	5.23902	-2026911	20250927060000	https://leadership.ng/kukah-and-failings-of-democracies-in-africa/
1265505580	20250927	202509	2025	2025.7315	GOV	AMBASSADOR						GOV			NZL	NEW ZEALAND	NZL								1	046	046	04	1	7.0	4	1	4	3.57142857142857	4	Wellington, New Zealand (general), New Zealand	NZ	NZ00	22391	-41.3	174.783	-1521348	4	Wellington, New Zealand (general), New Zealand	NZ	NZ00	22391	-41.3	174.783	-1521348	4	Wellington, New Zealand (general), New Zealand	NZ	NZ00	22391	-41.3	174.783	-1521348	20250927060000	https://www.somersetcountygazette.co.uk/news/25496502.dental-health-scheme-magic-launched-somerset-schools/
1265505581	20250927	202509	2025	2025.7315	GOV	GOVERNMENT						GOV			NZL	NEW ZEALAND	NZL								0	051	051	05	1	3.4	2	1	2	-3.2590051457976	4	Gaza, Israel (general), Israel	IS	IS00	18315	31.4167	34.3333	-797156	1	New Zealand	NZ	NZ		-42	174	NZ	1	New Zealand	NZ	NZ		-42	174	NZ	20250927060000	https://www.odt.co.nz/news/national/luxon-defends-nz-decision-not-recognise-palestine-rnz
1265505582	20250927	202509	2025	2025.7315	GOV	DIPLOMAT						GOV			PAK	PAKISTAN	PAK								1	036	036	03	1	4.0	10	1	10	-5.36585365853659	4	Islamabad, Islamabad, Pakistan	PK	PK08	23674	33.7	73.1667	-2762812	4	Islamabad, Islamabad, Pakistan	PK	PK08	23674	33.7	73.1667	-2762812	4	Islamabad, Islamabad, Pakistan	PK	PK08	23674	33.7	73.1667	-2762812	20250927060000	https://economictimes.indiatimes.com/news/india/who-is-petal-gahlot-meet-the-indian-diplomat-who-called-out-pakistan-on-terrorism-at-the-unga/articleshow/124176992.cms
1265505583	20250927	202509	2025	2025.7315	GOV	ATTORNEY GENERAL						GOV			PSE	PALESTINE	PSE								1	010	010	01	1	0.0	4	1	4	-5.88235294117647	1	Israel	IS	IS		31.5	34.75	IS	1	Israel	IS	IS		31.5	34.75	IS	1	Israel	IS	IS		31.5	34.75	IS	20250927060000	https://www.unionleader.com/opinion/editorials/nashua-heroism-confronting-a-killer/article_248481a5-3b88-4c98-b3ff-01ad02cfd0d9.html
1265505584	20250927	202509	2025	2025.7315	GOV	ATTORNEY GENERAL						GOV			PSE	PALESTINE	PSE								1	0353	035	03	1	7.0	4	1	4	-5.88235294117647	1	Israel	IS	IS		31.5	34.75	IS	1	Israel	IS	IS		31.5	34.75	IS	1	Israel	IS	IS		31.5	34.75	IS	20250927060000	https://www.unionleader.com/opinion/editorials/nashua-heroism-confronting-a-killer/article_248481a5-3b88-4c98-b3ff-01ad02cfd0d9.html
1265505585	20250927	202509	2025	2025.7315	GOV	SECURITY COUNCIL						GOV			PSEREBUAF	HAMAS	PSE					REB	UAF		0	012	012	01	1	-0.4	2	1	2	-5.95054095826894	4	Tehran, Tehran, Iran	IR	IR26	41130	35.75	51.5148	10074674	4	Gaza, Israel (general), Israel	IS	IS00	18315	31.4167	34.3333	-797156	4	Gaza, Israel (general), Israel	IS	IS00	18315	31.4167	34.3333	-797156	20250927060000	https://www.journalgazette.net/news/world/facing-global-isolation-at-un-a-defiant-netanyahu-says-israel-must-finish-the-job-against/article_484c8496-e031-51b9-8131-393fde53f372.html
1265505586	20250927	202509	2025	2025.7315	GOV	DEPUTY PRIME MINISTER						GOV			QAT	QATAR	QAT								1	057	057	05	1	8.0	1	1	1	2.88461538461539	1	Qatar	QA	QA		25.5	51.25	QA	1	Qatar	QA	QA		25.5	51.25	QA	1	Qatar	QA	QA		25.5	51.25	QA	20250927060000	https://www.gulf-times.com/article/711560/qatar/qatar-and-solomon-islands-sign-air-services-agreement
1265505587	20250927	202509	2025	2025.7315	GOV	PRESIDENT						GOV			REL	BISHOP									0	080	080	08	2	5.0	3	1	3	-4.57018498367791	4	Sokoto, Sokoto, Nigeria	NI	NI51	190962	13.0609	5.23902	-2026911	4	Sokoto, Sokoto, Nigeria	NI	NI51	190962	13.0609	5.23902	-2026911	4	Sokoto, Sokoto, Nigeria	NI	NI51	190962	13.0609	5.23902	-2026911	20250927060000	https://leadership.ng/kukah-and-failings-of-democracies-in-africa/
1265505588	20250927	202509	2025	2025.7315	GOV	PRESIDENT						GOV			REL	BISHOP									0	080	080	08	2	5.0	1	1	1	-4.57018498367791	4	Sokoto, Sokoto, Nigeria	NI	NI51	190962	13.0609	5.23902	-2026911	4	Accra, Greater Accra, Ghana	GH	GH01	190655	5.55	-0.216667	-2067935	4	Sokoto, Sokoto, Nigeria	NI	NI51	190962	13.0609	5.23902	-2026911	20250927060000	https://leadership.ng/kukah-and-failings-of-democracies-in-africa/
1265505589	20250927	202509	2025	2025.7315	GOV	GOVERNOR						GOV			USA	UNITED STATES	USA								0	010	010	01	1	0.0	2	1	2	-5.64971751412429	2	New Hampshire, United States	US	USNH		43.4108	-71.5653	NH	2	New Hampshire, United States	US	USNH		43.4108	-71.5653	NH	2	New Hampshire, United States	US	USNH		43.4108	-71.5653	NH	20250927060000	https://www.unionleader.com/opinion/letters_to_editor/letter-ayotte-must-explain-her-vaccine-stance/article_24c77abe-fd31-48e9-8147-cbd1e3f892e8.html
1265505590	20250927	202509	2025	2025.7315	GOV	PRESIDENT						GOV			USA	UNITED STATES	USA								1	020	020	02	1	3.0	2	1	2	-3.05250305250305	2	Ohio, United States	US	USOH		40.3736	-82.7755	OH	2	Ohio, United States	US	USOH		40.3736	-82.7755	OH	2	Ohio, United States	US	USOH		40.3736	-82.7755	OH	20250927060000	https://highlandcountypress.com/headlines/ohios-rural-and-safety-net-hospitals-will-lose-big-under-new-medicaid-rules-analysis-says
1265505591	20250927	202509	2025	2025.7315	GOV	FIREFIGHTER						GOV			USA	SAN ANTONIO	USA								0	036	036	03	1	4.0	2	1	2	-0.15698587127158	3	Longview, Texas, United States	US	USTX	TX183	32.5007	-94.7405	1374716	3	Longview, Texas, United States	US	USTX	TX183	32.5007	-94.7405	1374716	3	Longview, Texas, United States	US	USTX	TX183	32.5007	-94.7405	1374716	20250927060000	https://news-journal.com/2025/09/26/longview-firefighters-commended-for-central-texas-flood-response-they-did-a-phenomenal-job/
1265505592	20250927	202509	2025	2025.7315	GOV	FIREFIGHTER						GOV			USA	UNITED STATES	USA								0	036	036	03	1	4.0	2	1	2	-0.15698587127158	3	San Antonio, Texas, United States	US	USTX	TX029	29.4241	-98.4936	1380951	3	Kerrville, Texas, United States	US	USTX	TX265	30.0474	-99.1403	1339058	3	Kerrville, Texas, United States	US	USTX	TX265	30.0474	-99.1403	1339058	20250927060000	https://news-journal.com/2025/09/26/longview-firefighters-commended-for-central-texas-flood-response-they-did-a-phenomenal-job/
1265505593	20250927	202509	2025	2025.7315	GOV	FIREFIGHTER						GOV			USA	UNITED STATES	USA								0	036	036	03	1	4.0	3	1	3	-0.15698587127158	3	San Antonio, Texas, United States	US	USTX	TX029	29.4241	-98.4936	1380951	3	Kerrville, Texas, United States	US	USTX	TX265	30.0474	-99.1403	1339058	3	San Antonio, Texas, United States	US	USTX		29.4241	-98.4936	1380951	20250927060000	https://news-journal.com/2025/09/26/longview-firefighters-commended-for-central-texas-flood-response-they-did-a-phenomenal-job/
1265505594	20250927	202509	2025	2025.7315	GOV	FIREFIGHTER						GOV			USA	SAN ANTONIO	USA								0	036	036	03	1	4.0	3	1	3	-0.15698587127158	3	San Antonio, Texas, United States	US	USTX	TX029	29.4241	-98.4936	1380951	3	San Antonio, Texas, United States	US	USTX		29.4241	-98.4936	1380951	3	San Antonio, Texas, United States	US	USTX		29.4241	-98.4936	1380951	20250927060000	https://news-journal.com/2025/09/26/longview-firefighters-commended-for-central-texas-flood-response-they-did-a-phenomenal-job/
1265505595	20250927	202509	2025	2025.7315	GOV	FIREFIGHTER						GOV			USA	UNITED STATES	USA								0	042	042	04	1	1.9	1	1	1	-0.15698587127158	3	Kerrville, Texas, United States	US	USTX	TX265	30.0474	-99.1403	1339058	3	Kerrville, Texas, United States	US	USTX	TX265	30.0474	-99.1403	1339058	3	Kerrville, Texas, United States	US	USTX	TX265	30.0474	-99.1403	1339058	20250927060000	https://news-journal.com/2025/09/26/longview-firefighters-commended-for-central-texas-flood-response-they-did-a-phenomenal-job/
1265505596	20250927	202509	2025	2025.7315	GOV	FIREFIGHTER						GOV			USA	UNITED STATES	USA								0	042	042	04	1	1.9	5	1	5	-0.15698587127158	3	Longview, Texas, United States	US	USTX	TX183	32.5007	-94.7405	1374716	3	Longview, Texas, United States	US	USTX	TX183	32.5007	-94.7405	1374716	3	Longview, Texas, United States	US	USTX	TX183	32.5007	-94.7405	1374716	20250927060000	https://news-journal.com/2025/09/26/longview-firefighters-commended-for-central-texas-flood-response-they-did-a-phenomenal-job/
1265505597	20250927	202509	2025	2025.7315	GOV	FIREFIGHTER						GOV			USA	UNITED STATES	USA								0	043	043	04	1	2.8	1	1	1	-0.15698587127158	3	Kerrville, Texas, United States	US	USTX	TX265	30.0474	-99.1403	1339058	3	Longview, Texas, United States	US	USTX	TX183	32.5007	-94.7405	1374716	3	Kerrville, Texas, United States	US	USTX	TX265	30.0474	-99.1403	1339058	20250927060000	https://news-journal.com/2025/09/26/longview-firefighters-commended-for-central-texas-flood-response-they-did-a-phenomenal-job/
1265505598	20250927	202509	2025	2025.7315	GOV	FIREFIGHTER						GOV			USA	UNITED STATES	USA								0	043	043	04	1	2.8	1	1	1	-0.15698587127158	3	Longview, Texas, United States	US	USTX	TX183	32.5007	-94.7405	1374716	3	Longview, Texas, United States	US	USTX	TX183	32.5007	-94.7405	1374716	3	Longview, Texas, United States	US	USTX	TX183	32.5007	-94.7405	1374716	20250927060000	https://news-journal.com/2025/09/26/longview-firefighters-commended-for-central-texas-flood-response-they-did-a-phenomenal-job/
1265505599	20250927	202509	2025	2025.7315	GOV	SECRETARY OF STATE						GOV			USA	THE US	USA								0	046	046	04	1	7.0	10	1	10	-0.40080160320641	4	New Delhi, Delhi, India	IN	IN07	17911	28.6	77.2	-2106102	4	New Delhi, Delhi, India	IN	IN07	17911	28.6	77.2	-2106102	4	New Delhi, Delhi, India	IN	IN07	17911	28.6	77.2	-2106102	20250927060000	https://www.newkerala.com/news/o/india-active-touch-us-administration-h-1b-visa-issue-mea-499
1265505600	20250927	202509	2025	2025.7315	GOV	FIREFIGHTER						GOV			USA	UNITED STATES	USA								0	051	051	05	1	3.4	1	1	1	-0.15698587127158	3	Kerrville, Texas, United States	US	USTX	TX265	30.0474	-99.1403	1339058	3	Longview, Texas, United States	US	USTX	TX183	32.5007	-94.7405	1374716	3	Longview, Texas, United States	US	USTX	TX183	32.5007	-94.7405	1374716	20250927060000	https://news-journal.com/2025/09/26/longview-firefighters-commended-for-central-texas-flood-response-they-did-a-phenomenal-job/
1265505601	20250927	202509	2025	2025.7315	GOV	FIREFIGHTER						GOV			USA	TEXAS	USA								1	051	051	05	1	3.4	2	1	2	-0.15698587127158	3	Longview, Texas, United States	US	USTX	TX183	32.5007	-94.7405	1374716	3	Kerrville, Texas, United States	US	USTX	TX265	30.0474	-99.1403	1339058	3	Longview, Texas, United States	US	USTX	TX183	32.5007	-94.7405	1374716	20250927060000	https://news-journal.com/2025/09/26/longview-firefighters-commended-for-central-texas-flood-response-they-did-a-phenomenal-job/
1265505602	20250927	202509	2025	2025.7315	GOV	FIREFIGHTER						GOV			USA	UNITED STATES	USA								0	051	051	05	1	3.4	1	1	1	-0.15698587127158	3	Longview, Texas, United States	US	USTX	TX183	32.5007	-94.7405	1374716	3	Longview, Texas, United States	US	USTX	TX183	32.5007	-94.7405	1374716	3	Longview, Texas, United States	US	USTX	TX183	32.5007	-94.7405	1374716	20250927060000	https://news-journal.com/2025/09/26/longview-firefighters-commended-for-central-texas-flood-response-they-did-a-phenomenal-job/
1265505603	20250927	202509	2025	2025.7315	GOV	MAYOR						GOV			USA	UNITED STATES	USA								0	057	057	05	1	8.0	1	1	1	1.91897654584222	3	Oklahoma City, Oklahoma, United States	US	USOK	OK109	35.4676	-97.5164	1102140	3	Oklahoma City, Oklahoma, United States	US	USOK		35.4676	-97.5164	1102140	3	Oklahoma City, Oklahoma, United States	US	USOK		35.4676	-97.5164	1102140	20250927060000	http://www.news9.com/story/68d761c6a6ee088a4f77d8c4/la-mayor-okc-mayor-sign-new-agreement-ahead-of-la-2028-olympics
1265505604	20250927	202509	2025	2025.7315	GOV	GOVERNMENT						GOV			USAMED	REUTERS	USA					MED			1	010	010	01	1	0.0	5	1	5	-1.21212121212121	5	Zamfara State, Zamfara, Nigeria	NI	NI57	191424	12.1667	6.25	9098622	5	Zamfara State, Zamfara, Nigeria	NI	NI57	191424	12.1667	6.25	9098622	5	Zamfara State, Zamfara, Nigeria	NI	NI57	191424	12.1667	6.25	9098622	20250927060000	https://news.tuoitre.vn/at-least-100-feared-dead-in-northwest-nigeria-gold-mine-collapse-locals-say-103250927105709807.htm
1265505605	20250927	202509	2025	2025.7315	GOVCVL	FIRE CHIEF						GOV	CVL		GOV	FIRE DEPARTMENT						GOV			1	051	051	05	1	3.4	10	1	10	1.17647058823529	0								0								0								20250927060000	https://www.kait8.com/2025/09/27/lake-city-fire-department-purchases-new-fire-truck/
1265505606	20250927	202509	2025	2025.7315	GOVCVL	FIRE CHIEF						GOV	CVL		GOV	FIRE DEPARTMENT						GOV			1	070	070	07	2	7.0	10	1	10	1.17647058823529	0								0								0								20250927060000	https://www.kait8.com/2025/09/27/lake-city-fire-department-purchases-new-fire-truck/
1265505607	20250927	202509	2025	2025.7315	GOVMED	PRESIDENT						GOV	MED		JPN	JAPAN	JPN								1	042	042	04	1	1.9	8	1	8	1.78571428571429	4	Tokyo, Tokyo, Japan	JA	JA40	36340	35.685	139.751	-246227	4	Tokyo, Tokyo, Japan	JA	JA40	36340	35.685	139.751	-246227	4	Tokyo, Tokyo, Japan	JA	JA40	36340	35.685	139.751	-246227	20250927060000	https://www.lankanewspapers.com/index.php/2025/09/27/lnp-president-anura-kumara-to-begin-official-visit-to-japan-today/
1265505608	20250927	202509	2025	2025.7315	GOVMED	PRESIDENT						GOV	MED		JPN	JAPAN	JPN								1	042	042	04	1	1.9	2	1	2	1.78571428571429	1	United States	US	US		39.828175	-98.5795	US	4	Tokyo, Tokyo, Japan	JA	JA40	36340	35.685	139.751	-246227	4	Tokyo, Tokyo, Japan	JA	JA40	36340	35.685	139.751	-246227	20250927060000	https://www.lankanewspapers.com/index.php/2025/09/27/lnp-president-anura-kumara-to-begin-official-visit-to-japan-today/
1265505609	20250927	202509	2025	2025.7315	GRC	GREECE	GRC																		1	010	010	01	1	0.0	2	1	2	-4.57018498367791	4	Athens, AttikíR, Greece	GR	GR35	16716	37.9833	23.7333	-814876	0								4	Athens, AttikíR, Greece	GR	GR35	16716	37.9833	23.7333	-814876	20250927060000	https://leadership.ng/kukah-and-failings-of-democracies-in-africa/
1265505610	20250927	202509	2025	2025.7315	GRC	GREECE	GRC								COP	DETECTIVE						COP			0	020	020	02	1	3.0	4	1	4	-5.33980582524272	1	Greece	GR	GR		39	22	GR	1	Greece	GR	GR		39	22	GR	1	Greece	GR	GR		39	22	GR	20250927060000	https://www.spokesman.com/stories/2025/sep/26/moscow-delivery-driver-in-coma-after-fight-with-ui/
1265505611	20250927	202509	2025	2025.7315	GRC	GREECE	GRC								COP	POLICE						COP			1	051	051	05	1	3.4	2	1	2	-5.33980582524272	1	Greece	GR	GR		39	22	GR	1	Greece	GR	GR		39	22	GR	1	Greece	GR	GR		39	22	GR	20250927060000	https://www.spokesman.com/stories/2025/sep/26/moscow-delivery-driver-in-coma-after-fight-with-ui/
1265505612	20250927	202509	2025	2025.7315	GRC	GREECE	GRC								GOV	AUTHORITIES						GOV			1	110	110	11	3	-2.0	4	1	4	-5.63636363636364	1	Greece	GR	GR		39	22	GR	1	Greece	GR	GR		39	22	GR	1	Greece	GR	GR		39	22	GR	20250927060000	https://klewtv.com/news/local/man-hospitalized-after-violent-encounter-on-university-of-idahos-greek-row
1265505613	20250927	202509	2025	2025.7315	GRC	GREECE	GRC								HLH	HOSPITAL						HLH			1	073	073	07	2	7.4	2	1	2	-5.33980582524272	1	Greece	GR	GR		39	22	GR	3	Gritman Medical Center, Idaho, United States	US	USID		46.7288	-117	399539	3	Gritman Medical Center, Idaho, United States	US	USID		46.7288	-117	399539	20250927060000	https://www.spokesman.com/stories/2025/sep/26/moscow-delivery-driver-in-coma-after-fight-with-ui/
1265505614	20250927	202509	2025	2025.7315	GRC	GREECE	GRC								HLH	HOSPITAL						HLH			1	073	073	07	2	7.4	2	1	2	-5.33980582524272	1	Greece	GR	GR		39	22	GR	1	Greece	GR	GR		39	22	GR	4	Moscow, Moskva, Russia	RS	RS48	25106	55.7522	37.6156	-2960561	20250927060000	https://www.spokesman.com/stories/2025/sep/26/moscow-delivery-driver-in-coma-after-fight-with-ui/
1265505615	20250927	202509	2025	2025.7315	GRC	GREECE	GRC								PTY	POLITICIAN									1	160	160	16	4	-4.0	2	1	2	-4.57018498367791	4	Athens, AttikíR, Greece	GR	GR35	16716	37.9833	23.7333	-814876	4	Athens, AttikíR, Greece	GR	GR35	16716	37.9833	23.7333	-814876	4	Athens, AttikíR, Greece	GR	GR35	16716	37.9833	23.7333	-814876	20250927060000	https://leadership.ng/kukah-and-failings-of-democracies-in-africa/
1265505616	20250927	202509	2025	2025.7315	GRCCOP	GREECE	GRC					COP			GRC	GREECE	GRC								1	073	073	07	2	7.4	2	1	2	-5.33980582524272	1	Greece	GR	GR		39	22	GR	1	Greece	GR	GR		39	22	GR	1	Greece	GR	GR		39	22	GR	20250927060000	https://www.spokesman.com/stories/2025/sep/26/moscow-delivery-driver-in-coma-after-fight-with-ui/
1265505617	20250927	202509	2025	2025.7315	HIN	HINDU				HIN															1	010	010	01	1	0.0	3	1	3	-9.42211055276381	5	Kashmir, Jammu and Kashmir, India	IN	IN12	72809	33.9167	76.6667	-2098229	0								4	Kashmiri, Punjab, Pakistan	PK	PK04	23677	32.0387	73.751	6104745	20250927060000	https://www.hindustantimes.com/india-news/india-tears-into-pakistan-pm-shehbaz-sharifs-un-speech-what-did-he-say-hindutva-driven-extremism-101758947872477.html
1265505618	20250927	202509	2025	2025.7315	HIN	HINDU				HIN					PAK	PAKISTAN	PAK								1	010	010	01	1	0.0	2	1	2	-9.42211055276381	4	Kashmiri, Punjab, Pakistan	PK	PK04	23677	32.0387	73.751	6104745	5	Kashmir, Jammu and Kashmir, India	IN	IN12	72809	33.9167	76.6667	-2098229	4	Kashmiri, Punjab, Pakistan	PK	PK04	23677	32.0387	73.751	6104745	20250927060000	https://www.hindustantimes.com/india-news/india-tears-into-pakistan-pm-shehbaz-sharifs-un-speech-what-did-he-say-hindutva-driven-extremism-101758947872477.html
1265505619	20250927	202509	2025	2025.7315	HLH	DOCTOR						HLH													0	010	010	01	1	0.0	5	1	5	-1.25082290980908	4	Gbemi, Nigeria (general), Nigeria	NI	NI00	23034	8.48333	4.23333	-2008393	0								4	Gbemi, Nigeria (general), Nigeria	NI	NI00	23034	8.48333	4.23333	-2008393	20250927060000	https://theeagleonline.com.ng/intimate-affairs-i-dont-want-a-mother-in-law-by-funke-egbemode-2/
1265505620	20250927	202509	2025	2025.7315	HLH	DOCTOR						HLH													0	010	010	01	1	0.0	5	1	5	-1.25082290980908	1	Jordan	JO	JO		31	36	JO	0								1	Jordan	JO	JO		31	36	JO	20250927060000	https://theeagleonline.com.ng/intimate-affairs-i-dont-want-a-mother-in-law-by-funke-egbemode-2/
1265505621	20250927	202509	2025	2025.7315	HLH	HOSPITAL						HLH													0	043	043	04	1	2.8	10	1	10	-10.054347826087	2	Oklahoma, United States	US	USOK		35.5376	-96.9247	OK	0								2	Oklahoma, United States	US	USOK		35.5376	-96.9247	OK	20250927060000	https://www.fox23.com/news/2-seriously-injured-after-high-speed-chase-beginning-in-owasso-ends-in-crash-in-kansas/article_acaac2f8-85a5-43e4-b961-127b4c691baa.html
1265505622	20250927	202509	2025	2025.7315	IGOEURDEVEBR	EUROPEAN BANK FOR RECONSTRUCTION AND DEVELOPMENT	EUR	EBR				IGO	DEV		GOV	MINIST						GOV			1	046	046	04	1	7.0	3	1	3	0.704225352112676	4	Tashkent, Toshkent Shahri, Uzbekistan	UZ	UZ13	37316	41.3167	69.25	-2579372	4	Tashkent, Toshkent Shahri, Uzbekistan	UZ	UZ13	37316	41.3167	69.25	-2579372	4	Tashkent, Toshkent Shahri, Uzbekistan	UZ	UZ13	37316	41.3167	69.25	-2579372	20250927060000	https://www.trend.az/business/4096273.html
1265505623	20250927	202509	2025	2025.7315	IGOEURDEVEBR	EUROPEAN BANK FOR RECONSTRUCTION AND DEVELOPMENT	EUR	EBR				IGO	DEV		UZB	UZBEKISTAN	UZB								1	046	046	04	1	7.0	2	1	2	0.704225352112676	4	Tashkent, Toshkent Shahri, Uzbekistan	UZ	UZ13	37316	41.3167	69.25	-2579372	4	Tashkent, Toshkent Shahri, Uzbekistan	UZ	UZ13	37316	41.3167	69.25	-2579372	4	Tashkent, Toshkent Shahri, Uzbekistan	UZ	UZ13	37316	41.3167	69.25	-2579372	20250927060000	https://www.trend.az/business/4096273.html
1265505624	20250927	202509	2025	2025.7315	IGOUNO	UNITED NATIONS		UNO				IGO			GOVMIL	MILITARY REGIME						GOV	MIL		1	100	100	10	3	-5.0	10	1	10	-7.65765765765766	1	Guinea	GV	GV		11	-10	GV	1	Guinea	GV	GV		11	-10	GV	1	Guinea	GV	GV		11	-10	GV	20250927060000	https://www.cp24.com/news/world/2025/09/27/guinea-supreme-court-confirms-vote-to-change-constitution/
1265505625	20250927	202509	2025	2025.7315	IGOUNO	UN SECURITY COUNCIL		UNO				IGO			IRN	IRAN	IRN								1	120	120	12	3	-4.0	10	1	10	-10.1694915254237	4	Tehran, Tehran, Iran	IR	IR26	41130	35.75	51.5148	10074674	4	Tehran, Tehran, Iran	IR	IR26	41130	35.75	51.5148	10074674	4	Tehran, Tehran, Iran	IR	IR26	41130	35.75	51.5148	10074674	20250927060000	https://www.gulf-times.com/article/711559/international/un-security-council-rejects-efforts-to-delay-sanctions-on-iran
1265505626	20250927	202509	2025	2025.7315	IGOUNO	THE UN		UNO				IGO			PAK	PAKISTAN	PAK								1	111	111	11	3	-2.0	1	1	1	-9.42211055276381	4	Pahalgam, Jammu and Kashmir, India	IN	IN12	72789	34.0333	75.3333	-2106704	4	Pahalgam, Jammu and Kashmir, India	IN	IN12	72789	34.0333	75.3333	-2106704	4	Pahalgam, Jammu and Kashmir, India	IN	IN12	72789	34.0333	75.3333	-2106704	20250927060000	https://www.hindustantimes.com/india-news/india-tears-into-pakistan-pm-shehbaz-sharifs-un-speech-what-did-he-say-hindutva-driven-extremism-101758947872477.html
1265505627	20250927	202509	2025	2025.7315	IGOUNO	THE UN		UNO				IGO			PAK	PAKISTAN	PAK								1	111	111	11	3	-2.0	4	1	4	-9.42211055276381	4	Pahalgam, Jammu and Kashmir, India	IN	IN12	72789	34.0333	75.3333	-2106704	4	Islamabad, Islamabad, Pakistan	PK	PK08	23674	33.7	73.1667	-2762812	4	Islamabad, Islamabad, Pakistan	PK	PK08	23674	33.7	73.1667	-2762812	20250927060000	https://www.hindustantimes.com/india-news/india-tears-into-pakistan-pm-shehbaz-sharifs-un-speech-what-did-he-say-hindutva-driven-extremism-101758947872477.html
1265505628	20250927	202509	2025	2025.7315	IGOUNOGOV	THE UN		UNO				IGO	GOV		IRN	IRAN	IRN								1	057	057	05	1	8.0	10	1	10	-10.1694915254237	4	Tehran, Tehran, Iran	IR	IR26	41130	35.75	51.5148	10074674	4	Tehran, Tehran, Iran	IR	IR26	41130	35.75	51.5148	10074674	4	Tehran, Tehran, Iran	IR	IR26	41130	35.75	51.5148	10074674	20250927060000	https://www.gulf-times.com/article/711559/international/un-security-council-rejects-efforts-to-delay-sanctions-on-iran
1265505629	20250927	202509	2025	2025.7315	IGOUNOGOV	THE UN		UNO				IGO	GOV		IRN	IRAN	IRN								1	120	120	12	3	-4.0	10	1	10	-10.1694915254237	4	Tehran, Tehran, Iran	IR	IR26	41130	35.75	51.5148	10074674	4	Tehran, Tehran, Iran	IR	IR26	41130	35.75	51.5148	10074674	4	Tehran, Tehran, Iran	IR	IR26	41130	35.75	51.5148	10074674	20250927060000	https://www.gulf-times.com/article/711559/international/un-security-council-rejects-efforts-to-delay-sanctions-on-iran
1265505630	20250927	202509	2025	2025.7315	IGOUNOGOV	THE UN		UNO				IGO	GOV		IRN	IRAN	IRN								1	160	160	16	4	-4.0	10	1	10	-10.1694915254237	4	Tehran, Tehran, Iran	IR	IR26	41130	35.75	51.5148	10074674	4	Tehran, Tehran, Iran	IR	IR26	41130	35.75	51.5148	10074674	4	Tehran, Tehran, Iran	IR	IR26	41130	35.75	51.5148	10074674	20250927060000	https://www.gulf-times.com/article/711559/international/un-security-council-rejects-efforts-to-delay-sanctions-on-iran
1265505631	20250927	202509	2025	2025.7315	IGOUNOHRIHCH	OHCHR		UNO				IGO	HRI		BUS	COMPANIES						BUS			1	010	010	01	1	0.0	10	1	10	-3.2967032967033	1	United States	US	US		39.828175	-98.5795	US	1	United States	US	US		39.828175	-98.5795	US	1	United States	US	US		39.828175	-98.5795	US	20250927060000	https://tribune.com.pk/story/2569234/158-firms-linked-to-israeli-settlements
1265505632	20250927	202509	2025	2025.7315	IGOUNOHRIHCH	OHCHR		UNO				IGO	HRI		BUS	COMPANIES						BUS			1	0243	024	02	1	-0.3	10	1	10	-3.2967032967033	1	United States	US	US		39.828175	-98.5795	US	1	United States	US	US		39.828175	-98.5795	US	1	United States	US	US		39.828175	-98.5795	US	20250927060000	https://tribune.com.pk/story/2569234/158-firms-linked-to-israeli-settlements
1265505633	20250927	202509	2025	2025.7315	IGOUNOIAE	INTERNATIONAL ATOMIC ENERGY AGENCY		UNO				IGO			IRN	IRAN	IRN								1	130	130	13	3	-4.4	5	1	5	-10.1694915254237	4	Tehran, Tehran, Iran	IR	IR26	41130	35.75	51.5148	10074674	4	Tehran, Tehran, Iran	IR	IR26	41130	35.75	51.5148	10074674	4	Tehran, Tehran, Iran	IR	IR26	41130	35.75	51.5148	10074674	20250927060000	https://www.gulf-times.com/article/711559/international/un-security-council-rejects-efforts-to-delay-sanctions-on-iran
1265505634	20250927	202509	2025	2025.7315	IND	JAMMU AND KASHMIR	IND								IGOUNO	UN SECURITY COUNCIL		UNO				IGO			1	202	202	20	4	-10.0	1	1	1	-5.91715976331361	4	Jammu, Jammu and Kashmir, India	IN	IN12	72851	32.7333	74.8667	-2098228	4	Islamabad, Islamabad, Pakistan	PK	PK08	23674	33.7	73.1667	-2762812	4	Jammu, Jammu and Kashmir, India	IN	IN12	72851	32.7333	74.8667	-2098228	20250927060000	https://www.newsonair.gov.in/india-delivers-sharp-rebuttal-to-pakistan-pm-shehbaz-sharifs-speech-at-unga/
1265505635	20250927	202509	2025	2025.7315	IRL	IRELAND	IRL																		1	010	010	01	1	0.0	2	1	2	-0.80128205128205	4	Nottingham, Nottingham, United Kingdom	UK	UKJ8	40126	52.9667	-1.16667	-2604469	0								4	Nottingham, Nottingham, United Kingdom	UK	UKJ8	40126	52.9667	-1.16667	-2604469	20250927060000	https://www.irishtimes.com/obituaries/2025/09/27/conor-gearty-law-professor-barrister-and-globally-acclaimed-human-rights-scholar/
1265505636	20250927	202509	2025	2025.7315	IRL	IRELAND	IRL																		0	016	016	01	1	-2.0	2	1	2	-2.28392297357815	4	Dublin, Dublin, Ireland	EI	EI07	18288	53.3331	-6.24889	-1502554	0								4	Dublin, Dublin, Ireland	EI	EI07	18288	53.3331	-6.24889	-1502554	20250927060000	https://www.irishtimes.com/politics/2025/09/27/i-was-painted-as-a-pantomime-villainess-maria-steen-reflects-on-failed-bid-for-presidency/
1265505637	20250927	202509	2025	2025.7315	IRL	IRELAND	IRL																		1	020	020	02	1	3.0	2	1	2	1.00521221146687	4	Powerscourt, Wicklow, Ireland	EI	EI31	18309	53.1836	-6.18111	-1505134	0								4	Dublin, Dublin, Ireland	EI	EI07	18288	53.3331	-6.24889	-1502554	20250927060000	https://www.irishtimes.com/food/2025/09/27/i-just-wanted-to-fade-away-baker-una-leonard-on-her-recovery-from-disordered-eating/
1265505638	20250927	202509	2025	2025.7315	IRL	IRELAND	IRL																		1	020	020	02	1	3.0	4	1	4	1.00521221146687	2	Alaska, United States	US	USAK		61.385	-152.268	AK	0								2	Alaska, United States	US	USAK		61.385	-152.268	AK	20250927060000	https://www.irishtimes.com/food/2025/09/27/i-just-wanted-to-fade-away-baker-una-leonard-on-her-recovery-from-disordered-eating/
1265505639	20250927	202509	2025	2025.7315	IRL	IRELAND	IRL																		0	040	040	04	1	1.0	4	1	4	-4.3338683788122	1	Ireland	EI	EI		53	-8	EI	0								1	Ireland	EI	EI		53	-8	EI	20250927060000	https://www.irishtimes.com/politics/2025/09/27/maria-steen-and-michael-mcdowell-clash-over-failed-presidential-bid/
1265505640	20250927	202509	2025	2025.7315	IRL	IRELAND	IRL																		0	041	041	04	1	1.0	4	1	4	-2.28392297357815	4	Dublin, Dublin, Ireland	EI	EI07	18288	53.3331	-6.24889	-1502554	0								4	Dublin, Dublin, Ireland	EI	EI07	18288	53.3331	-6.24889	-1502554	20250927060000	https://www.irishtimes.com/politics/2025/09/27/i-was-painted-as-a-pantomime-villainess-maria-steen-reflects-on-failed-bid-for-presidency/
1265505641	20250927	202509	2025	2025.7315	IRL	IRELAND	IRL																		0	041	041	04	1	1.0	2	1	2	-4.3338683788122	1	Ireland	EI	EI		53	-8	EI	0								1	Ireland	EI	EI		53	-8	EI	20250927060000	https://www.irishtimes.com/politics/2025/09/27/maria-steen-and-michael-mcdowell-clash-over-failed-presidential-bid/
1265505642	20250927	202509	2025	2025.7315	IRL	IRELAND	IRL																		0	043	043	04	1	2.8	6	1	6	-0.80128205128205	4	Irish Sea, Ireland (general), Ireland	EI	EI00	154724	53.6667	-5	-1503536	0								4	Irish Sea, Ireland (general), Ireland	EI	EI00	154724	53.6667	-5	-1503536	20250927060000	https://www.irishtimes.com/obituaries/2025/09/27/conor-gearty-law-professor-barrister-and-globally-acclaimed-human-rights-scholar/
1265505643	20250927	202509	2025	2025.7315	IRL	IRELAND	IRL																		0	051	051	05	1	3.4	4	1	4	1.60183066361556	4	Inishvickillane, Kerry, Ireland	EI	EI11	18290	52.045	-10.6044	-1503520	0								4	Inishvickillane, Kerry, Ireland	EI	EI11	18290	52.045	-10.6044	-1503520	20250927060000	https://www.irishtimes.com/politics/2025/09/27/miriam-lords-week-mcdowell-turns-a-page-as-steen-seethes/
1265505644	20250927	202509	2025	2025.7315	IRL	IRELAND	IRL																		1	110	110	11	3	-2.0	4	1	4	-1.93621867881549	1	Ireland	EI	EI		53	-8	EI	0								1	Ireland	EI	EI		53	-8	EI	20250927060000	https://www.irishtimes.com/opinion/2025/09/28/breda-obrien-blocking-maria-steen-from-running-for-the-presidency-will-backfire/
1265505645	20250927	202509	2025	2025.7315	IRL	IRELAND	IRL																		1	120	120	12	3	-4.0	4	1	4	-3.13504352881385	1	Ireland	EI	EI		53	-8	EI	0								1	Ireland	EI	EI		53	-8	EI	20250927060000	https://www.irishtimes.com/politics/2025/09/27/maria-steen-and-michael-mcdowell-clash-over-failed-presidential-bid/
1265505646	20250927	202509	2025	2025.7315	IRL	IRELAND	IRL																		0	172	172	17	4	-5.0	10	1	10	-1.93621867881549	1	Ireland	EI	EI		53	-8	EI	0								1	Ireland	EI	EI		53	-8	EI	20250927060000	https://www.irishtimes.com/opinion/2025/09/28/breda-obrien-blocking-maria-steen-from-running-for-the-presidency-will-backfire/
1265505647	20250927	202509	2025	2025.7315	IRL	IRELAND	IRL																		0	190	190	19	4	-10.0	4	1	4	-5.04266873545384	1	Ireland	EI	EI		53	-8	EI	0								1	Ireland	EI	EI		53	-8	EI	20250927060000	https://www.irishtimes.com/opinion/2025/09/27/us-liberals-are-on-the-backfoot-maga-is-triumphant-and-democrats-pathetically-divided/
1265505648	20250927	202509	2025	2025.7315	IRL	IRELAND	IRL								BUS	COMPANIES						BUS			1	010	010	01	1	0.0	1	1	1	-3.12891113892366	1	Ireland	EI	EI		53	-8	EI	1	Ireland	EI	EI		53	-8	EI	1	Ireland	EI	EI		53	-8	EI	20250927060000	https://www.euronews.com/business/2025/09/27/revenues-from-corporate-income-tax-in-europe-which-countries-collect-the-most
1265505649	20250927	202509	2025	2025.7315	IRL	IRELAND	IRL								BUS	COMPANIES						BUS			1	010	010	01	1	0.0	1	1	1	-3.12891113892366	1	Ireland	EI	EI		53	-8	EI	1	Norway	NO	NO		62	10	NO	1	Ireland	EI	EI		53	-8	EI	20250927060000	https://www.euronews.com/business/2025/09/27/revenues-from-corporate-income-tax-in-europe-which-countries-collect-the-most
1265505650	20250927	202509	2025	2025.7315	IRL	IRELAND	IRL								EDU	SCHOOL						EDU			0	046	046	04	1	7.0	2	1	2	-2.35943775100402	4	Dublin, Dublin, Ireland	EI	EI07	18288	53.3331	-6.24889	-1502554	4	Dublin, Dublin, Ireland	EI	EI07	18288	53.3331	-6.24889	-1502554	4	Dublin, Dublin, Ireland	EI	EI07	18288	53.3331	-6.24889	-1502554	20250927060000	https://www.irishtimes.com/life-style/people/2025/09/27/frank-mcnally-my-life-as-a-civil-servant-in-1980s-dublin/
1265505651	20250927	202509	2025	2025.7315	IRL	IRELAND	IRL								ELI	RETIRED						ELI			0	010	010	01	1	0.0	2	1	2	1.60183066361556	4	Inishvickillane, Kerry, Ireland	EI	EI11	18290	52.045	-10.6044	-1503520	4	Inishvickillane, Kerry, Ireland	EI	EI11	18290	52.045	-10.6044	-1503520	4	Inishvickillane, Kerry, Ireland	EI	EI11	18290	52.045	-10.6044	-1503520	20250927060000	https://www.irishtimes.com/politics/2025/09/27/miriam-lords-week-mcdowell-turns-a-page-as-steen-seethes/
1265505652	20250927	202509	2025	2025.7315	IRL	IRELAND	IRL								EUR	EUROPE	EUR								1	010	010	01	1	0.0	2	1	2	-3.12891113892366	1	Ireland	EI	EI		53	-8	EI	1	Ireland	EI	EI		53	-8	EI	1	Ireland	EI	EI		53	-8	EI	20250927060000	https://www.euronews.com/business/2025/09/27/revenues-from-corporate-income-tax-in-europe-which-countries-collect-the-most
1265505653	20250927	202509	2025	2025.7315	IRL	IRISH	IRL								GBR	UNITED KINGDOM	GBR								0	173	173	17	4	-5.0	1	1	1	-0.80128205128205	4	Dublin, Dublin, Ireland	EI	EI07	18288	53.3331	-6.24889	-1502554	4	Dublin, Dublin, Ireland	EI	EI07	18288	53.3331	-6.24889	-1502554	4	Dublin, Dublin, Ireland	EI	EI07	18288	53.3331	-6.24889	-1502554	20250927060000	https://www.irishtimes.com/obituaries/2025/09/27/conor-gearty-law-professor-barrister-and-globally-acclaimed-human-rights-scholar/
1265505654	20250927	202509	2025	2025.7315	IRL	IRELAND	IRL								GBR	UNITED KINGDOM	GBR								0	173	173	17	4	-5.0	1	1	1	-0.80128205128205	4	Dublin, Dublin, Ireland	EI	EI07	18288	53.3331	-6.24889	-1502554	4	Dublin, Dublin, Ireland	EI	EI07	18288	53.3331	-6.24889	-1502554	4	London, London, City of, United Kingdom	UK	UKH9	40110	51.5	-0.116667	-2601889	20250927060000	https://www.irishtimes.com/obituaries/2025/09/27/conor-gearty-law-professor-barrister-and-globally-acclaimed-human-rights-scholar/
1265505655	20250927	202509	2025	2025.7315	IRL	IRISH	IRL								GBR	BRITAIN	GBR								0	173	173	17	4	-5.0	2	1	2	-0.80128205128205	4	Dublin, Dublin, Ireland	EI	EI07	18288	53.3331	-6.24889	-1502554	4	London, London, City of, United Kingdom	UK	UKH9	40110	51.5	-0.116667	-2601889	4	London, London, City of, United Kingdom	UK	UKH9	40110	51.5	-0.116667	-2601889	20250927060000	https://www.irishtimes.com/obituaries/2025/09/27/conor-gearty-law-professor-barrister-and-globally-acclaimed-human-rights-scholar/
1265505656	20250927	202509	2025	2025.7315	IRL	IRISH	IRL								GBR	UNITED KINGDOM	GBR								0	173	173	17	4	-5.0	1	1	1	-0.80128205128205	4	Dublin, Dublin, Ireland	EI	EI07	18288	53.3331	-6.24889	-1502554	4	London, London, City of, United Kingdom	UK	UKH9	40110	51.5	-0.116667	-2601889	4	Gaza, Israel (general), Israel	IS	IS00	18315	31.4167	34.3333	-797156	20250927060000	https://www.irishtimes.com/obituaries/2025/09/27/conor-gearty-law-professor-barrister-and-globally-acclaimed-human-rights-scholar/
1265505657	20250927	202509	2025	2025.7315	IRL	IRELAND	IRL								GOV	GOVERNMENT						GOV			0	032	032	03	1	4.5	4	1	4	-2.28392297357815	4	Dublin, Dublin, Ireland	EI	EI07	18288	53.3331	-6.24889	-1502554	4	Dublin, Dublin, Ireland	EI	EI07	18288	53.3331	-6.24889	-1502554	4	Dublin, Dublin, Ireland	EI	EI07	18288	53.3331	-6.24889	-1502554	20250927060000	https://www.irishtimes.com/politics/2025/09/27/i-was-painted-as-a-pantomime-villainess-maria-steen-reflects-on-failed-bid-for-presidency/
1265505658	20250927	202509	2025	2025.7315	IRL	IRELAND	IRL								IRLGOVJUD	MICHAEL MCDOWELL	IRL					GOV	JUD		1	043	043	04	1	2.8	4	1	4	1.60183066361556	4	Dublin, Dublin, Ireland	EI	EI07	18288	53.3331	-6.24889	-1502554	4	Dublin, Dublin, Ireland	EI	EI07	18288	53.3331	-6.24889	-1502554	4	Dublin, Dublin, Ireland	EI	EI07	18288	53.3331	-6.24889	-1502554	20250927060000	https://www.irishtimes.com/politics/2025/09/27/miriam-lords-week-mcdowell-turns-a-page-as-steen-seethes/
1265505659	20250927	202509	2025	2025.7315	IRL	IRELAND	IRL								IRLGOVJUD	MICHAEL MCDOWELL	IRL					GOV	JUD		1	190	190	19	4	-10.0	4	1	4	-4.3338683788122	1	Ireland	EI	EI		53	-8	EI	1	Ireland	EI	EI		53	-8	EI	1	Ireland	EI	EI		53	-8	EI	20250927060000	https://www.irishtimes.com/politics/2025/09/27/maria-steen-and-michael-mcdowell-clash-over-failed-presidential-bid/
1265505660	20250927	202509	2025	2025.7315	IRL	DUBLIN	IRL								ISR	ISRAEL	ISR								0	043	043	04	1	2.8	1	1	1	-0.80128205128205	4	Dublin, Dublin, Ireland	EI	EI07	18288	53.3331	-6.24889	-1502554	4	Castleknock, County Fingal, Ireland	EI	EI35	18288	53.3786	-6.39222	-1501525	4	Castleknock, County Fingal, Ireland	EI	EI35	18288	53.3786	-6.39222	-1501525	20250927060000	https://www.irishtimes.com/obituaries/2025/09/27/conor-gearty-law-professor-barrister-and-globally-acclaimed-human-rights-scholar/
1265505661	20250927	202509	2025	2025.7315	IRL	IRELAND	IRL								ISR	ISRAEL	ISR								0	043	043	04	1	2.8	2	1	2	-0.80128205128205	4	Irish Sea, Ireland (general), Ireland	EI	EI00	154724	53.6667	-5	-1503536	4	Gaza, Israel (general), Israel	IS	IS00	18315	31.4167	34.3333	-797156	4	Irish Sea, Ireland (general), Ireland	EI	EI00	154724	53.6667	-5	-1503536	20250927060000	https://www.irishtimes.com/obituaries/2025/09/27/conor-gearty-law-professor-barrister-and-globally-acclaimed-human-rights-scholar/
1265505662	20250927	202509	2025	2025.7315	IRL	IRELAND	IRL								ISR	ISRAEL	ISR								0	043	043	04	1	2.8	3	1	2	-0.80128205128205	4	Gaza, Israel (general), Israel	IS	IS00	18315	31.4167	34.3333	-797156	4	Gaza, Israel (general), Israel	IS	IS00	18315	31.4167	34.3333	-797156	4	Gaza, Israel (general), Israel	IS	IS00	18315	31.4167	34.3333	-797156	20250927060000	https://www.irishtimes.com/obituaries/2025/09/27/conor-gearty-law-professor-barrister-and-globally-acclaimed-human-rights-scholar/
1265505663	20250927	202509	2025	2025.7315	IRL	IRISH	IRL								JUD	BARRISTER						JUD			0	043	043	04	1	2.8	8	1	8	-0.80128205128205	4	Dublin, Dublin, Ireland	EI	EI07	18288	53.3331	-6.24889	-1502554	4	Dublin, Dublin, Ireland	EI	EI07	18288	53.3331	-6.24889	-1502554	4	Dublin, Dublin, Ireland	EI	EI07	18288	53.3331	-6.24889	-1502554	20250927060000	https://www.irishtimes.com/obituaries/2025/09/27/conor-gearty-law-professor-barrister-and-globally-acclaimed-human-rights-scholar/
1265505664	20250927	202509	2025	2025.7315	IRL	IRISH	IRL								JUD	BARRISTER						JUD			0	043	043	04	1	2.8	2	1	2	-0.80128205128205	4	Dublin, Dublin, Ireland	EI	EI07	18288	53.3331	-6.24889	-1502554	4	Gaza, Israel (general), Israel	IS	IS00	18315	31.4167	34.3333	-797156	4	Dublin, Dublin, Ireland	EI	EI07	18288	53.3331	-6.24889	-1502554	20250927060000	https://www.irishtimes.com/obituaries/2025/09/27/conor-gearty-law-professor-barrister-and-globally-acclaimed-human-rights-scholar/
1265505665	20250927	202509	2025	2025.7315	IRL	IRELAND	IRL								LEG	SENATOR						LEG			0	020	020	02	1	3.0	10	1	10	-1.93621867881549	1	Ireland	EI	EI		53	-8	EI	1	Ireland	EI	EI		53	-8	EI	1	Ireland	EI	EI		53	-8	EI	20250927060000	https://www.irishtimes.com/opinion/2025/09/28/breda-obrien-blocking-maria-steen-from-running-for-the-presidency-will-backfire/
1265505666	20250927	202509	2025	2025.7315	IRL	IRELAND	IRL								PTY	PRESIDENTIAL CANDIDATE									0	051	051	05	1	3.4	5	1	5	-1.93621867881549	1	Ireland	EI	EI		53	-8	EI	1	Ireland	EI	EI		53	-8	EI	1	Ireland	EI	EI		53	-8	EI	20250927060000	https://www.irishtimes.com/opinion/2025/09/28/breda-obrien-blocking-maria-steen-from-running-for-the-presidency-will-backfire/
1265505667	20250927	202509	2025	2025.7315	IRLEDU	IRELAND	IRL					EDU			ISR	ISRAEL	ISR								0	043	043	04	1	2.8	1	1	1	-0.80128205128205	4	Castleknock, County Fingal, Ireland	EI	EI35	18288	53.3786	-6.39222	-1501525	4	Castleknock, County Fingal, Ireland	EI	EI35	18288	53.3786	-6.39222	-1501525	4	Castleknock, County Fingal, Ireland	EI	EI35	18288	53.3786	-6.39222	-1501525	20250927060000	https://www.irishtimes.com/obituaries/2025/09/27/conor-gearty-law-professor-barrister-and-globally-acclaimed-human-rights-scholar/
1265505668	20250927	202509	2025	2025.7315	IRLEDU	IRELAND	IRL					EDU			ISR	ISRAEL	ISR								0	043	043	04	1	2.8	1	1	1	-0.80128205128205	4	Gaza, Israel (general), Israel	IS	IS00	18315	31.4167	34.3333	-797156	4	Gaza, Israel (general), Israel	IS	IS00	18315	31.4167	34.3333	-797156	4	Gaza, Israel (general), Israel	IS	IS00	18315	31.4167	34.3333	-797156	20250927060000	https://www.irishtimes.com/obituaries/2025/09/27/conor-gearty-law-professor-barrister-and-globally-acclaimed-human-rights-scholar/
1265505669	20250927	202509	2025	2025.7315	IRLGOV	IRELAND	IRL					GOV			IRL	IRISH	IRL								0	017	017	01	1	0.0	2	1	2	-0.80128205128205	4	Irish Sea, Ireland (general), Ireland	EI	EI00	154724	53.6667	-5	-1503536	4	Gaza, Israel (general), Israel	IS	IS00	18315	31.4167	34.3333	-797156	4	Irish Sea, Ireland (general), Ireland	EI	EI00	154724	53.6667	-5	-1503536	20250927060000	https://www.irishtimes.com/obituaries/2025/09/27/conor-gearty-law-professor-barrister-and-globally-acclaimed-human-rights-scholar/
1265505670	20250927	202509	2025	2025.7315	IRLGOVJUD	MICHAEL MCDOWELL	IRL					GOV	JUD												1	042	042	04	1	1.9	6	1	6	1.60183066361556	4	Dublin, Dublin, Ireland	EI	EI07	18288	53.3331	-6.24889	-1502554	0								4	Dublin, Dublin, Ireland	EI	EI07	18288	53.3331	-6.24889	-1502554	20250927060000	https://www.irishtimes.com/politics/2025/09/27/miriam-lords-week-mcdowell-turns-a-page-as-steen-seethes/
1265505671	20250927	202509	2025	2025.7315	IRLGOVJUD	MICHAEL MCDOWELL	IRL					GOV	JUD		IRL	IRELAND	IRL								1	042	042	04	1	1.9	4	1	4	1.60183066361556	4	Dublin, Dublin, Ireland	EI	EI07	18288	53.3331	-6.24889	-1502554	4	Dublin, Dublin, Ireland	EI	EI07	18288	53.3331	-6.24889	-1502554	4	Dublin, Dublin, Ireland	EI	EI07	18288	53.3331	-6.24889	-1502554	20250927060000	https://www.irishtimes.com/politics/2025/09/27/miriam-lords-week-mcdowell-turns-a-page-as-steen-seethes/
1265505672	20250927	202509	2025	2025.7315	IRLGOVJUD	MICHAEL MCDOWELL	IRL					GOV	JUD		IRL	IRELAND	IRL								1	190	190	19	4	-10.0	4	1	4	-4.3338683788122	1	Ireland	EI	EI		53	-8	EI	1	Ireland	EI	EI		53	-8	EI	1	Ireland	EI	EI		53	-8	EI	20250927060000	https://www.irishtimes.com/politics/2025/09/27/maria-steen-and-michael-mcdowell-clash-over-failed-presidential-bid/
1265505673	20250927	202509	2025	2025.7315	IRLJUD	IRELAND	IRL					JUD													0	010	010	01	1	0.0	2	1	2	1.60183066361556	4	Dublin, Dublin, Ireland	EI	EI07	18288	53.3331	-6.24889	-1502554	0								4	Dublin, Dublin, Ireland	EI	EI07	18288	53.3331	-6.24889	-1502554	20250927060000	https://www.irishtimes.com/politics/2025/09/27/miriam-lords-week-mcdowell-turns-a-page-as-steen-seethes/
1265505674	20250927	202509	2025	2025.7315	IRLLEG	IRELAND	IRL					LEG			CAN	CANADA	CAN								1	020	020	02	1	3.0	2	1	2	1.60183066361556	4	Dublin, Dublin, Ireland	EI	EI07	18288	53.3331	-6.24889	-1502554	1	Canada	CA	CA		60	-96	CA	1	Canada	CA	CA		60	-96	CA	20250927060000	https://www.irishtimes.com/politics/2025/09/27/miriam-lords-week-mcdowell-turns-a-page-as-steen-seethes/
1265505675	20250927	202509	2025	2025.7315	IRLLEG	IRELAND	IRL					LEG			IRL	IRELAND	IRL								0	112	112	11	3	-2.0	2	1	2	-2.28392297357815	4	Dublin, Dublin, Ireland	EI	EI07	18288	53.3331	-6.24889	-1502554	4	Dublin, Dublin, Ireland	EI	EI07	18288	53.3331	-6.24889	-1502554	4	Dublin, Dublin, Ireland	EI	EI07	18288	53.3331	-6.24889	-1502554	20250927060000	https://www.irishtimes.com/politics/2025/09/27/i-was-painted-as-a-pantomime-villainess-maria-steen-reflects-on-failed-bid-for-presidency/
1265505676	20250927	202509	2025	2025.7315	IRN	IRAN	IRN																		1	014	014	01	1	0.0	10	1	10	-2.27272727272728	1	Iran	IR	IR		32	53	IR	0								1	Iran	IR	IR		32	53	IR	20250927060000	https://tribune.com.pk/story/2569232/iran-sanctions-look-set-to-return-after-last-ditch-un-vote
1265505677	20250927	202509	2025	2025.7315	IRN	IRANIAN	IRN																		0	112	112	11	3	-2.0	2	1	2	-3.10596833130329	3	Washington, District of Columbia, United States	US	USDC	DC001	38.8951	-77.0364	531871	0								4	Tehran, Tehran, Iran	IR	IR26	41130	35.75	51.5148	10074674	20250927060000	https://www.spokesman.com/stories/2025/sep/26/after-us-strikes-iran-increases-work-at-mysterious/
1265505678	20250927	202509	2025	2025.7315	IRN	IRAN	IRN								ISR	ISRAEL	ISR								1	190	190	19	4	-10.0	1	1	1	-5.95054095826894	4	Jerusalem, Israel (general), Israel	IS	IS00	18315	31.7667	35.2333	-797092	4	Jerusalem, Israel (general), Israel	IS	IS00	18315	31.7667	35.2333	-797092	1	West Bank	WE	WE		31.666667	35.25	WE	20250927060000	https://www.journalgazette.net/news/world/facing-global-isolation-at-un-a-defiant-netanyahu-says-israel-must-finish-the-job-against/article_484c8496-e031-51b9-8131-393fde53f372.html
1265505679	20250927	202509	2025	2025.7315	IRNGOV	IRAN	IRN					GOV			IRN	IRAN	IRN								1	020	020	02	1	3.0	2	1	2	-2.27272727272728	1	Iran	IR	IR		32	53	IR	1	Iran	IR	IR		32	53	IR	1	Iran	IR	IR		32	53	IR	20250927060000	https://tribune.com.pk/story/2569232/iran-sanctions-look-set-to-return-after-last-ditch-un-vote
1265505680	20250927	202509	2025	2025.7315	ISR	ISRAEL	ISR																		1	010	010	01	1	0.0	1	1	1	-0.80128205128205	4	Gaza, Israel (general), Israel	IS	IS00	18315	31.4167	34.3333	-797156	0								4	Abbeylara, Longford, Ireland	EI	EI18	18307	53.7667	-7.45	-1500025	20250927060000	https://www.irishtimes.com/obituaries/2025/09/27/conor-gearty-law-professor-barrister-and-globally-acclaimed-human-rights-scholar/
1265505681	20250927	202509	2025	2025.7315	ISR	ISRAEL	ISR																		0	010	010	01	1	0.0	2	1	2	-0.80128205128205	4	Gaza, Israel (general), Israel	IS	IS00	18315	31.4167	34.3333	-797156	0								4	Irish Sea, Ireland (general), Ireland	EI	EI00	154724	53.6667	-5	-1503536	20250927060000	https://www.irishtimes.com/obituaries/2025/09/27/conor-gearty-law-professor-barrister-and-globally-acclaimed-human-rights-scholar/
1265505682	20250927	202509	2025	2025.7315	ISR	ISRAEL	ISR																		1	010	010	01	1	0.0	1	1	1	-0.80128205128205	4	Gaza, Israel (general), Israel	IS	IS00	18315	31.4167	34.3333	-797156	0								4	Longford, Longford, Ireland	EI	EI18	18307	53.7333	-7.8	-1504292	20250927060000	https://www.irishtimes.com/obituaries/2025/09/27/conor-gearty-law-professor-barrister-and-globally-acclaimed-human-rights-scholar/
1265505683	20250927	202509	2025	2025.7315	ISR	ISRAEL	ISR																		0	010	010	01	1	0.0	2	1	2	-5.09383378016086	4	Gaza City, Israel (general), Israel	IS	IS00	18315	31.4167	34.3333	-797156	0								4	Al-Mawasi, Gaza Strip (general), Gaza Strip	GZ	GZ00	16446	31.3292	34.2311	10420173	20250927060000	https://tribune.com.pk/story/2569235/50-gazans-killed-in-fresh-israeli-strikes
1265505684	20250927	202509	2025	2025.7315	ISR	ISRAEL	ISR																		1	128	128	12	3	-5.0	8	1	8	-4.01891252955083	1	New Zealand	NZ	NZ		-42	174	NZ	0								1	New Zealand	NZ	NZ		-42	174	NZ	20250927060000	https://livenews.co.nz/2025/09/27/advocacy-peters-rewards-israel-for-genocide-psna/
1265505685	20250927	202509	2025	2025.7315	ISR	ISRAEL	ISR								IRL	DUBLIN	IRL								0	042	042	04	1	1.9	1	1	1	-0.80128205128205	4	Castleknock, County Fingal, Ireland	EI	EI35	18288	53.3786	-6.39222	-1501525	4	Dublin, Dublin, Ireland	EI	EI07	18288	53.3331	-6.24889	-1502554	4	Castleknock, County Fingal, Ireland	EI	EI35	18288	53.3786	-6.39222	-1501525	20250927060000	https://www.irishtimes.com/obituaries/2025/09/27/conor-gearty-law-professor-barrister-and-globally-acclaimed-human-rights-scholar/
1265505686	20250927	202509	2025	2025.7315	ISR	ISRAEL	ISR								IRL	IRELAND	IRL								0	042	042	04	1	1.9	2	1	2	-0.80128205128205	4	Gaza, Israel (general), Israel	IS	IS00	18315	31.4167	34.3333	-797156	4	Irish Sea, Ireland (general), Ireland	EI	EI00	154724	53.6667	-5	-1503536	4	Irish Sea, Ireland (general), Ireland	EI	EI00	154724	53.6667	-5	-1503536	20250927060000	https://www.irishtimes.com/obituaries/2025/09/27/conor-gearty-law-professor-barrister-and-globally-acclaimed-human-rights-scholar/
1265505687	20250927	202509	2025	2025.7315	ISR	ISRAEL	ISR								IRL	IRELAND	IRL								0	042	042	04	1	1.9	3	1	2	-0.80128205128205	4	Gaza, Israel (general), Israel	IS	IS00	18315	31.4167	34.3333	-797156	4	Gaza, Israel (general), Israel	IS	IS00	18315	31.4167	34.3333	-797156	4	Gaza, Israel (general), Israel	IS	IS00	18315	31.4167	34.3333	-797156	20250927060000	https://www.irishtimes.com/obituaries/2025/09/27/conor-gearty-law-professor-barrister-and-globally-acclaimed-human-rights-scholar/
1265505688	20250927	202509	2025	2025.7315	ISR	ISRAEL	ISR								IRLEDU	IRELAND	IRL					EDU			0	042	042	04	1	1.9	1	1	1	-0.80128205128205	4	Castleknock, County Fingal, Ireland	EI	EI35	18288	53.3786	-6.39222	-1501525	4	Castleknock, County Fingal, Ireland	EI	EI35	18288	53.3786	-6.39222	-1501525	4	Castleknock, County Fingal, Ireland	EI	EI35	18288	53.3786	-6.39222	-1501525	20250927060000	https://www.irishtimes.com/obituaries/2025/09/27/conor-gearty-law-professor-barrister-and-globally-acclaimed-human-rights-scholar/
1265505689	20250927	202509	2025	2025.7315	ISR	ISRAEL	ISR								IRLEDU	IRELAND	IRL					EDU			0	042	042	04	1	1.9	1	1	1	-0.80128205128205	4	Gaza, Israel (general), Israel	IS	IS00	18315	31.4167	34.3333	-797156	4	Gaza, Israel (general), Israel	IS	IS00	18315	31.4167	34.3333	-797156	4	Gaza, Israel (general), Israel	IS	IS00	18315	31.4167	34.3333	-797156	20250927060000	https://www.irishtimes.com/obituaries/2025/09/27/conor-gearty-law-professor-barrister-and-globally-acclaimed-human-rights-scholar/
1265505690	20250927	202509	2025	2025.7315	ISR	ISRAEL	ISR								PSE	GAZA	PSE								0	010	010	01	1	0.0	6	1	6	-5.09383378016086	4	Gaza City, Israel (general), Israel	IS	IS00	18315	31.4167	34.3333	-797156	4	Al-Mawasi, Gaza Strip (general), Gaza Strip	GZ	GZ00	16446	31.3292	34.2311	10420173	4	Al-Mawasi, Gaza Strip (general), Gaza Strip	GZ	GZ00	16446	31.3292	34.2311	10420173	20250927060000	https://tribune.com.pk/story/2569235/50-gazans-killed-in-fresh-israeli-strikes
1265505691	20250927	202509	2025	2025.7315	ISR	ISRAEL	ISR								PSE	PALESTINIAN	PSE								0	190	190	19	4	-10.0	1	1	1	-5.95054095826894	4	Tehran, Tehran, Iran	IR	IR26	41130	35.75	51.5148	10074674	4	Gaza, Israel (general), Israel	IS	IS00	18315	31.4167	34.3333	-797156	4	Tehran, Tehran, Iran	IR	IR26	41130	35.75	51.5148	10074674	20250927060000	https://www.journalgazette.net/news/world/facing-global-isolation-at-un-a-defiant-netanyahu-says-israel-must-finish-the-job-against/article_484c8496-e031-51b9-8131-393fde53f372.html
1265505692	20250927	202509	2025	2025.7315	ISRGOV	ISRAEL	ISR					GOV			PSE	PALESTINE	PSE								1	0353	035	03	1	7.0	2	1	2	-5.88235294117647	1	Israel	IS	IS		31.5	34.75	IS	1	Israel	IS	IS		31.5	34.75	IS	1	Israel	IS	IS		31.5	34.75	IS	20250927060000	https://www.unionleader.com/opinion/editorials/nashua-heroism-confronting-a-killer/article_248481a5-3b88-4c98-b3ff-01ad02cfd0d9.html
1265505693	20250927	202509	2025	2025.7315	ISRMIL	ISRAELI	ISR					MIL			PSE	PALESTINIAN	PSE								1	100	100	10	3	-5.0	10	1	10	-5.09383378016086	4	Gaza City, Israel (general), Israel	IS	IS00	18315	31.4167	34.3333	-797156	4	Gaza City, Israel (general), Israel	IS	IS00	18315	31.4167	34.3333	-797156	4	Gaza City, Israel (general), Israel	IS	IS00	18315	31.4167	34.3333	-797156	20250927060000	https://tribune.com.pk/story/2569235/50-gazans-killed-in-fresh-israeli-strikes
1265505694	20250927	202509	2025	2025.7315	ISRMIL	ISRAEL	ISR					MIL			PSE	GAZA	PSE								1	190	190	19	4	-10.0	10	1	10	-5.09383378016086	4	Gaza City, Israel (general), Israel	IS	IS00	18315	31.4167	34.3333	-797156	4	Al-Mawasi, Gaza Strip (general), Gaza Strip	GZ	GZ00	16446	31.3292	34.2311	10420173	4	Al-Mawasi, Gaza Strip (general), Gaza Strip	GZ	GZ00	16446	31.3292	34.2311	10420173	20250927060000	https://tribune.com.pk/story/2569235/50-gazans-killed-in-fresh-israeli-strikes
1265505695	20250927	202509	2025	2025.7315	ITA	ITALY	ITA								CVL	COMMUNITY						CVL			0	051	051	05	1	3.4	4	1	4	6.16996507566938	4	Rome, Lazio, Italy	IT	IT07	18350	41.9	12.4833	-126693	4	Rome, Lazio, Italy	IT	IT07	18350	41.9	12.4833	-126693	4	Rome, Lazio, Italy	IT	IT07	18350	41.9	12.4833	-126693	20250927060000	https://www.northwestgeorgianews.com/rome/news/local/keep-rome-floyd-beatiful-staying-busy-with-cleanups/article_f482e996-fb76-4248-a12a-7cae2dfc4abf.html
1265505696	20250927	202509	2025	2025.7315	JEW	JEWISH				JEW															1	160	160	16	4	-4.0	5	1	5	6.5252854812398	0								0								0								20250927060000	https://www.journalgazette.net/opinion/columnists/teachings-of-yom-kippur-offer-guidance-for-both-jews-gentiles/article_f4452320-d1fc-42ca-89b8-b8756c054f90.html
1265505697	20250927	202509	2025	2025.7315	JOR	JORDAN	JOR								MED	JOURNALIST						MED			0	010	010	01	1	0.0	2	1	2	-2.64227642276422	1	Jordan	JO	JO		31	36	JO	1	Jordan	JO	JO		31	36	JO	2	Wisconsin, United States	US	USWI		44.2563	-89.6385	WI	20250927060000	http://www.news9.com/story/68d75fae954825fdc9673c15/oklahoma-leaders-await-walters-official-resignation-letter-to-move-education-forward
1265505698	20250927	202509	2025	2025.7315	JOR	JORDAN	JOR								USA	WISCONSIN	USA								0	010	010	01	1	0.0	6	1	6	-2.64227642276422	1	Jordan	JO	JO		31	36	JO	2	Wisconsin, United States	US	USWI		44.2563	-89.6385	WI	2	Wisconsin, United States	US	USWI		44.2563	-89.6385	WI	20250927060000	http://www.news9.com/story/68d75fae954825fdc9673c15/oklahoma-leaders-await-walters-official-resignation-letter-to-move-education-forward
1265505699	20250927	202509	2025	2025.7315	JOR	JORDAN	JOR								USA	WISCONSIN	USA								0	010	010	01	1	0.0	2	1	2	-2.64227642276422	2	Oklahoma, United States	US	USOK		35.5376	-96.9247	OK	1	Jordan	JO	JO		31	36	JO	2	Oklahoma, United States	US	USOK		35.5376	-96.9247	OK	20250927060000	http://www.news9.com/story/68d75fae954825fdc9673c15/oklahoma-leaders-await-walters-official-resignation-letter-to-move-education-forward
1265505700	20250927	202509	2025	2025.7315	JPN	JAPAN	JPN								GOV	PRESIDENT						GOV			1	036	036	03	1	4.0	2	1	2	1.78571428571429	4	Tokyo, Tokyo, Japan	JA	JA40	36340	35.685	139.751	-246227	4	Tokyo, Tokyo, Japan	JA	JA40	36340	35.685	139.751	-246227	4	Tokyo, Tokyo, Japan	JA	JA40	36340	35.685	139.751	-246227	20250927060000	https://www.lankanewspapers.com/index.php/2025/09/27/lnp-president-anura-kumara-to-begin-official-visit-to-japan-today/
1265505701	20250927	202509	2025	2025.7315	JPN	JAPAN	JPN								GOVMED	PRESIDENT						GOV	MED		1	043	043	04	1	2.8	8	1	8	1.78571428571429	4	Tokyo, Tokyo, Japan	JA	JA40	36340	35.685	139.751	-246227	4	Tokyo, Tokyo, Japan	JA	JA40	36340	35.685	139.751	-246227	4	Tokyo, Tokyo, Japan	JA	JA40	36340	35.685	139.751	-246227	20250927060000	https://www.lankanewspapers.com/index.php/2025/09/27/lnp-president-anura-kumara-to-begin-official-visit-to-japan-today/
1265505702	20250927	202509	2025	2025.7315	JPN	JAPAN	JPN								GOVMED	PRESIDENT						GOV	MED		1	043	043	04	1	2.8	2	1	2	1.78571428571429	4	Tokyo, Tokyo, Japan	JA	JA40	36340	35.685	139.751	-246227	1	United States	US	US		39.828175	-98.5795	US	4	Tokyo, Tokyo, Japan	JA	JA40	36340	35.685	139.751	-246227	20250927060000	https://www.lankanewspapers.com/index.php/2025/09/27/lnp-president-anura-kumara-to-begin-official-visit-to-japan-today/
1265505703	20250927	202509	2025	2025.7315	JPN	JAPAN	JPN								JPNGOV	JAPANESE	JPN					GOV			1	036	036	03	1	4.0	8	1	8	1.78571428571429	4	Tokyo, Tokyo, Japan	JA	JA40	36340	35.685	139.751	-246227	4	Tokyo, Tokyo, Japan	JA	JA40	36340	35.685	139.751	-246227	4	Tokyo, Tokyo, Japan	JA	JA40	36340	35.685	139.751	-246227	20250927060000	https://www.lankanewspapers.com/index.php/2025/09/27/lnp-president-anura-kumara-to-begin-official-visit-to-japan-today/
1265505704	20250927	202509	2025	2025.7315	JPN	JAPAN	JPN								JPNGOV	JAPAN	JPN					GOV			1	043	043	04	1	2.8	2	1	2	1.78571428571429	4	Tokyo, Tokyo, Japan	JA	JA40	36340	35.685	139.751	-246227	4	Tokyo, Tokyo, Japan	JA	JA40	36340	35.685	139.751	-246227	4	Tokyo, Tokyo, Japan	JA	JA40	36340	35.685	139.751	-246227	20250927060000	https://www.lankanewspapers.com/index.php/2025/09/27/lnp-president-anura-kumara-to-begin-official-visit-to-japan-today/
1265505705	20250927	202509	2025	2025.7315	JPNGOV	JAPANESE	JPN					GOV			GOV	PRESIDENT						GOV			1	040	040	04	1	1.0	3	1	3	1.78571428571429	4	Tokyo, Tokyo, Japan	JA	JA40	36340	35.685	139.751	-246227	4	Tokyo, Tokyo, Japan	JA	JA40	36340	35.685	139.751	-246227	4	Tokyo, Tokyo, Japan	JA	JA40	36340	35.685	139.751	-246227	20250927060000	https://www.lankanewspapers.com/index.php/2025/09/27/lnp-president-anura-kumara-to-begin-official-visit-to-japan-today/
1265505706	20250927	202509	2025	2025.7315	JPNGOV	JAPAN	JPN					GOV			JPN	JAPAN	JPN								1	036	036	03	1	4.0	2	1	2	1.78571428571429	4	Osaka, Osaka, Japan	JA	JA32	35840	34.6667	135.5	-240905	4	Osaka, Osaka, Japan	JA	JA32	35840	34.6667	135.5	-240905	4	Osaka, Osaka, Japan	JA	JA32	35840	34.6667	135.5	-240905	20250927060000	https://www.lankanewspapers.com/index.php/2025/09/27/lnp-president-anura-kumara-to-begin-official-visit-to-japan-today/
1265505707	20250927	202509	2025	2025.7315	JPNGOV	JAPANESE	JPN					GOV			JPN	JAPAN	JPN								1	036	036	03	1	4.0	8	1	8	1.78571428571429	4	Tokyo, Tokyo, Japan	JA	JA40	36340	35.685	139.751	-246227	4	Tokyo, Tokyo, Japan	JA	JA40	36340	35.685	139.751	-246227	4	Tokyo, Tokyo, Japan	JA	JA40	36340	35.685	139.751	-246227	20250927060000	https://www.lankanewspapers.com/index.php/2025/09/27/lnp-president-anura-kumara-to-begin-official-visit-to-japan-today/
1265505708	20250927	202509	2025	2025.7315	JPNGOV	JAPAN	JPN					GOV			JPN	JAPAN	JPN								1	042	042	04	1	1.9	2	1	2	1.78571428571429	4	Tokyo, Tokyo, Japan	JA	JA40	36340	35.685	139.751	-246227	4	Tokyo, Tokyo, Japan	JA	JA40	36340	35.685	139.751	-246227	4	Tokyo, Tokyo, Japan	JA	JA40	36340	35.685	139.751	-246227	20250927060000	https://www.lankanewspapers.com/index.php/2025/09/27/lnp-president-anura-kumara-to-begin-official-visit-to-japan-today/
1265505709	20250927	202509	2025	2025.7315	JUD	COUNSELLOR						JUD													0	040	040	04	1	1.0	5	1	5	-3.53185595567867	4	Wexford, Wexford, Ireland	EI	EI30	18308	52.3342	-6.4575	-1506176	0								4	Wexford, Wexford, Ireland	EI	EI30	18308	52.3342	-6.4575	-1506176	20250927060000	https://www.irishtimes.com/health/2025/09/27/mens-silent-health-crisis-i-was-just-worrying-worrying-worrying-i-thought-i-was-going-to-die/
1265505710	20250927	202509	2025	2025.7315	JUD	BARRISTER						JUD													1	112	112	11	3	-2.0	10	1	10	-4.3338683788122	1	Ireland	EI	EI		53	-8	EI	0								1	Ireland	EI	EI		53	-8	EI	20250927060000	https://www.irishtimes.com/politics/2025/09/27/maria-steen-and-michael-mcdowell-clash-over-failed-presidential-bid/
1265505711	20250927	202509	2025	2025.7315	JUD	BARRISTER						JUD													1	120	120	12	3	-4.0	10	1	10	-4.3338683788122	1	Ireland	EI	EI		53	-8	EI	0								1	Ireland	EI	EI		53	-8	EI	20250927060000	https://www.irishtimes.com/politics/2025/09/27/maria-steen-and-michael-mcdowell-clash-over-failed-presidential-bid/
1265505712	20250927	202509	2025	2025.7315	JUD	MAGISTRATE						JUD													1	1712	171	17	4	-9.2	10	1	10	-8.95522388059696	0								0								0								20250927060000	https://www.lancashiretelegraph.co.uk/news/25497063.padiham-man-threatened-slash-stepmother-money-row/
1265505713	20250927	202509	2025	2025.7315	JUD	JUDGE						JUD			AFG	AFGHANISTAN	AFG								0	013	013	01	1	0.4	2	1	2	-1.0351966873706	3	San Diego, California, United States	US	USCA	CA073	32.7153	-117.157	1661377	1	Afghanistan	AF	AF		33	66	AF	1	Afghanistan	AF	AF		33	66	AF	20250927060000	https://www.cbs8.com/article/news/local/federal-judge-orders-release-afghan-interpreter-detained-ice/509-b0191cef-0f35-4ecd-864d-9dcf03119d4e
1265505714	20250927	202509	2025	2025.7315	JUD	JUDGE						JUD			AFG	AFGHANISTAN	AFG								0	013	013	01	1	0.4	2	1	2	-1.0351966873706	1	Afghanistan	AF	AF		33	66	AF	1	Afghanistan	AF	AF		33	66	AF	1	Afghanistan	AF	AF		33	66	AF	20250927060000	https://www.cbs8.com/article/news/local/federal-judge-orders-release-afghan-interpreter-detained-ice/509-b0191cef-0f35-4ecd-864d-9dcf03119d4e
1265505715	20250927	202509	2025	2025.7315	JUD	JUDGE						JUD			AFG	AFGHANISTAN	AFG								0	051	051	05	1	3.4	2	1	2	-1.0351966873706	3	San Diego, California, United States	US	USCA	CA073	32.7153	-117.157	1661377	1	Afghanistan	AF	AF		33	66	AF	1	Afghanistan	AF	AF		33	66	AF	20250927060000	https://www.cbs8.com/article/news/local/federal-judge-orders-release-afghan-interpreter-detained-ice/509-b0191cef-0f35-4ecd-864d-9dcf03119d4e
1265505716	20250927	202509	2025	2025.7315	JUD	JUDGE						JUD			AFG	AFGHANISTAN	AFG								0	051	051	05	1	3.4	2	1	2	-1.0351966873706	1	Afghanistan	AF	AF		33	66	AF	1	Afghanistan	AF	AF		33	66	AF	1	Afghanistan	AF	AF		33	66	AF	20250927060000	https://www.cbs8.com/article/news/local/federal-judge-orders-release-afghan-interpreter-detained-ice/509-b0191cef-0f35-4ecd-864d-9dcf03119d4e
1265505717	20250927	202509	2025	2025.7315	JUD	FEDERAL JUDGE						JUD			AFG	AFGHAN	AFG								1	084	084	08	2	7.0	20	1	10	-1.0351966873706	1	Afghanistan	AF	AF		33	66	AF	1	Afghanistan	AF	AF		33	66	AF	1	Afghanistan	AF	AF		33	66	AF	20250927060000	https://www.cbs8.com/article/news/local/federal-judge-orders-release-afghan-interpreter-detained-ice/509-b0191cef-0f35-4ecd-864d-9dcf03119d4e
1265505718	20250927	202509	2025	2025.7315	JUD	JUDGE						JUD			AFG	AFGHAN	AFG								1	0841	084	08	2	7.0	10	1	10	-1.0351966873706	3	San Diego, California, United States	US	USCA	CA073	32.7153	-117.157	1661377	3	San Diego, California, United States	US	USCA		32.7153	-117.157	1661377	3	San Diego, California, United States	US	USCA		32.7153	-117.157	1661377	20250927060000	https://www.cbs8.com/article/news/local/federal-judge-orders-release-afghan-interpreter-detained-ice/509-b0191cef-0f35-4ecd-864d-9dcf03119d4e
1265505719	20250927	202509	2025	2025.7315	JUD	FEDERAL JUDGE						JUD			AFG	AFGHAN	AFG								1	0841	084	08	2	7.0	10	1	10	-1.0351966873706	1	Afghanistan	AF	AF		33	66	AF	1	Afghanistan	AF	AF		33	66	AF	1	Afghanistan	AF	AF		33	66	AF	20250927060000	https://www.cbs8.com/article/news/local/federal-judge-orders-release-afghan-interpreter-detained-ice/509-b0191cef-0f35-4ecd-864d-9dcf03119d4e
1265505720	20250927	202509	2025	2025.7315	JUD	CHIEF JUSTICE						JUD			EDU	COLLEGE						EDU			0	010	010	01	1	0.0	3	1	3	-0.80128205128205	4	Dublin, Dublin, Ireland	EI	EI07	18288	53.3331	-6.24889	-1502554	4	London, London, City of, United Kingdom	UK	UKH9	40110	51.5	-0.116667	-2601889	4	Dublin, Dublin, Ireland	EI	EI07	18288	53.3331	-6.24889	-1502554	20250927060000	https://www.irishtimes.com/obituaries/2025/09/27/conor-gearty-law-professor-barrister-and-globally-acclaimed-human-rights-scholar/
1265505721	20250927	202509	2025	2025.7315	JUD	CHIEF JUSTICE						JUD			EDU	COLLEGE						EDU			0	010	010	01	1	0.0	2	1	2	-0.80128205128205	4	Dublin, Dublin, Ireland	EI	EI07	18288	53.3331	-6.24889	-1502554	4	London, London, City of, United Kingdom	UK	UKH9	40110	51.5	-0.116667	-2601889	4	London, London, City of, United Kingdom	UK	UKH9	40110	51.5	-0.116667	-2601889	20250927060000	https://www.irishtimes.com/obituaries/2025/09/27/conor-gearty-law-professor-barrister-and-globally-acclaimed-human-rights-scholar/
1265505722	20250927	202509	2025	2025.7315	JUD	CHIEF JUSTICE						JUD			EDU	COLLEGE						EDU			0	010	010	01	1	0.0	2	1	2	-0.80128205128205	4	Dublin, Dublin, Ireland	EI	EI07	18288	53.3331	-6.24889	-1502554	4	Gaza, Israel (general), Israel	IS	IS00	18315	31.4167	34.3333	-797156	4	Dublin, Dublin, Ireland	EI	EI07	18288	53.3331	-6.24889	-1502554	20250927060000	https://www.irishtimes.com/obituaries/2025/09/27/conor-gearty-law-professor-barrister-and-globally-acclaimed-human-rights-scholar/
1265505723	20250927	202509	2025	2025.7315	JUD	JUDGE						JUD			GOV	GOVERNMENT						GOV			0	110	110	11	3	-2.0	6	1	6	-1.0351966873706	3	San Diego, California, United States	US	USCA	CA073	32.7153	-117.157	1661377	3	San Diego, California, United States	US	USCA		32.7153	-117.157	1661377	3	San Diego, California, United States	US	USCA		32.7153	-117.157	1661377	20250927060000	https://www.cbs8.com/article/news/local/federal-judge-orders-release-afghan-interpreter-detained-ice/509-b0191cef-0f35-4ecd-864d-9dcf03119d4e
1265505724	20250927	202509	2025	2025.7315	JUD	JUDGE						JUD			GOV	GOVERNMENT						GOV			0	110	110	11	3	-2.0	4	1	4	-1.0351966873706	3	San Diego, California, United States	US	USCA	CA073	32.7153	-117.157	1661377	1	Afghanistan	AF	AF		33	66	AF	3	San Diego, California, United States	US	USCA		32.7153	-117.157	1661377	20250927060000	https://www.cbs8.com/article/news/local/federal-judge-orders-release-afghan-interpreter-detained-ice/509-b0191cef-0f35-4ecd-864d-9dcf03119d4e
1265505725	20250927	202509	2025	2025.7315	JUD	BARRISTER						JUD			IRL	IRELAND	IRL								0	010	010	01	1	0.0	2	1	2	1.60183066361556	4	Dublin, Dublin, Ireland	EI	EI07	18288	53.3331	-6.24889	-1502554	4	Dublin, Dublin, Ireland	EI	EI07	18288	53.3331	-6.24889	-1502554	1	Canada	CA	CA		60	-96	CA	20250927060000	https://www.irishtimes.com/politics/2025/09/27/miriam-lords-week-mcdowell-turns-a-page-as-steen-seethes/
1265505726	20250927	202509	2025	2025.7315	JUD	BARRISTER						JUD			IRL	IRELAND	IRL								0	042	042	04	1	1.9	4	1	4	-0.80128205128205	4	Dublin, Dublin, Ireland	EI	EI07	18288	53.3331	-6.24889	-1502554	4	Dublin, Dublin, Ireland	EI	EI07	18288	53.3331	-6.24889	-1502554	4	Dublin, Dublin, Ireland	EI	EI07	18288	53.3331	-6.24889	-1502554	20250927060000	https://www.irishtimes.com/obituaries/2025/09/27/conor-gearty-law-professor-barrister-and-globally-acclaimed-human-rights-scholar/
1265505727	20250927	202509	2025	2025.7315	JUD	BARRISTER						JUD			IRL	IRISH	IRL								0	042	042	04	1	1.9	4	1	4	-0.80128205128205	4	Nottingham, Nottingham, United Kingdom	UK	UKJ8	40126	52.9667	-1.16667	-2604469	4	Nottingham, Nottingham, United Kingdom	UK	UKJ8	40126	52.9667	-1.16667	-2604469	4	Nottingham, Nottingham, United Kingdom	UK	UKJ8	40126	52.9667	-1.16667	-2604469	20250927060000	https://www.irishtimes.com/obituaries/2025/09/27/conor-gearty-law-professor-barrister-and-globally-acclaimed-human-rights-scholar/
1265505728	20250927	202509	2025	2025.7315	JUD	BARRISTER						JUD			IRL	IRISH	IRL								0	042	042	04	1	1.9	2	1	2	-0.80128205128205	4	Gaza, Israel (general), Israel	IS	IS00	18315	31.4167	34.3333	-797156	4	Dublin, Dublin, Ireland	EI	EI07	18288	53.3331	-6.24889	-1502554	4	Dublin, Dublin, Ireland	EI	EI07	18288	53.3331	-6.24889	-1502554	20250927060000	https://www.irishtimes.com/obituaries/2025/09/27/conor-gearty-law-professor-barrister-and-globally-acclaimed-human-rights-scholar/
1265505729	20250927	202509	2025	2025.7315	JUD	ADVOCATE						JUD			ISR	ISRAEL	ISR								1	190	190	19	4	-10.0	1	1	1	-0.80128205128205	4	London, London, City of, United Kingdom	UK	UKH9	40110	51.5	-0.116667	-2601889	4	Gaza, Israel (general), Israel	IS	IS00	18315	31.4167	34.3333	-797156	4	Gaza, Israel (general), Israel	IS	IS00	18315	31.4167	34.3333	-797156	20250927060000	https://www.irishtimes.com/obituaries/2025/09/27/conor-gearty-law-professor-barrister-and-globally-acclaimed-human-rights-scholar/
1265505730	20250927	202509	2025	2025.7315	JUD	ADVOCATE						JUD			ISR	ISRAEL	ISR								1	190	190	19	4	-10.0	1	1	1	-0.80128205128205	4	Gaza, Israel (general), Israel	IS	IS00	18315	31.4167	34.3333	-797156	4	Gaza, Israel (general), Israel	IS	IS00	18315	31.4167	34.3333	-797156	4	Gaza, Israel (general), Israel	IS	IS00	18315	31.4167	34.3333	-797156	20250927060000	https://www.irishtimes.com/obituaries/2025/09/27/conor-gearty-law-professor-barrister-and-globally-acclaimed-human-rights-scholar/
1265505731	20250927	202509	2025	2025.7315	JUD	SUPREME COURT						JUD			REL	RELIGION									1	190	190	19	4	-10.0	10	1	10	-4.79233226837061	0								0								0								20250927060000	https://www.newkerala.com/news/o/pralhad-joshi-slams-ktaka-govt-says-caste-survey-drama-714
1265505732	20250927	202509	2025	2025.7315	JUD	ATTORNEY						JUD			USAELI	NEW YORK	USA					ELI			1	173	173	17	4	-5.0	2	1	2	-7.94941282746161	2	New York, United States	US	USNY		42.1497	-74.9384	NY	2	New York, United States	US	USNY		42.1497	-74.9384	NY	2	New York, United States	US	USNY		42.1497	-74.9384	NY	20250927060000	https://www.fox61.com/article/news/crime/retired-new-york-financier-from-fairfield-charged-with-million-dollar-sex-trafficking-op/520-ceb54078-a3c6-416d-a538-3d90cdd518cc
1265505733	20250927	202509	2025	2025.7315	KEN	KENYAN	KEN								ETH	ETHIOPIAN	ETH								1	030	030	03	1	4.0	4	1	4	5.68421052631578	4	Nairobi, Nairobi Area, Kenya	KE	KE05	18585	-1.28333	36.8167	-2258072	4	Addis Ababa, (ET10), Ethiopia	ET	ET10	47692	9.03333	38.7	-603097	4	Nairobi, Nairobi Area, Kenya	KE	KE05	18585	-1.28333	36.8167	-2258072	20250927060000	https://www.the-star.co.ke/news/2025-09-27-ethiopia-kenya-sign-new-defence-deal-for-intelligence-sharing
1265505734	20250927	202509	2025	2025.7315	KEN	KENYAN	KEN								ETH	ETHIOPIAN	ETH								1	030	030	03	1	4.0	4	1	4	5.68421052631578	4	Nairobi, Nairobi Area, Kenya	KE	KE05	18585	-1.28333	36.8167	-2258072	4	Addis Ababa, (ET10), Ethiopia	ET	ET10	47692	9.03333	38.7	-603097	4	Addis Ababa, (ET10), Ethiopia	ET	ET10	47692	9.03333	38.7	-603097	20250927060000	https://www.the-star.co.ke/news/2025-09-27-ethiopia-kenya-sign-new-defence-deal-for-intelligence-sharing
1265505735	20250927	202509	2025	2025.7315	KEN	KENYA	KEN								ETH	ETHIOPIA	ETH								1	030	030	03	1	4.0	2	1	2	5.68421052631578	4	Addis Ababa, (ET10), Ethiopia	ET	ET10	47692	9.03333	38.7	-603097	4	Addis Ababa, (ET10), Ethiopia	ET	ET10	47692	9.03333	38.7	-603097	4	Nairobi, Nairobi Area, Kenya	KE	KE05	18585	-1.28333	36.8167	-2258072	20250927060000	https://www.the-star.co.ke/news/2025-09-27-ethiopia-kenya-sign-new-defence-deal-for-intelligence-sharing
1265505736	20250927	202509	2025	2025.7315	KEN	KENYAN	KEN								ETH	ETHIOPIAN	ETH								1	062	062	06	2	7.4	8	1	8	5.68421052631578	4	Nairobi, Nairobi Area, Kenya	KE	KE05	18585	-1.28333	36.8167	-2258072	4	Addis Ababa, (ET10), Ethiopia	ET	ET10	47692	9.03333	38.7	-603097	4	Nairobi, Nairobi Area, Kenya	KE	KE05	18585	-1.28333	36.8167	-2258072	20250927060000	https://www.the-star.co.ke/news/2025-09-27-ethiopia-kenya-sign-new-defence-deal-for-intelligence-sharing
1265505737	20250927	202509	2025	2025.7315	KEN	KENYA	KEN								ETH	ETHIOPIA	ETH								1	062	062	06	2	7.4	2	1	2	5.68421052631578	4	Addis Ababa, (ET10), Ethiopia	ET	ET10	47692	9.03333	38.7	-603097	4	Addis Ababa, (ET10), Ethiopia	ET	ET10	47692	9.03333	38.7	-603097	4	Nairobi, Nairobi Area, Kenya	KE	KE05	18585	-1.28333	36.8167	-2258072	20250927060000	https://www.the-star.co.ke/news/2025-09-27-ethiopia-kenya-sign-new-defence-deal-for-intelligence-sharing
1265505738	20250927	202509	2025	2025.7315	KEN	KENYAN	KEN								KENMIL	KENYA	KEN					MIL			1	057	057	05	1	8.0	2	1	2	5.68421052631578	4	Nairobi, Nairobi Area, Kenya	KE	KE05	18585	-1.28333	36.8167	-2258072	4	Nairobi, Nairobi Area, Kenya	KE	KE05	18585	-1.28333	36.8167	-2258072	4	Nairobi, Nairobi Area, Kenya	KE	KE05	18585	-1.28333	36.8167	-2258072	20250927060000	https://www.the-star.co.ke/news/2025-09-27-ethiopia-kenya-sign-new-defence-deal-for-intelligence-sharing
1265505739	20250927	202509	2025	2025.7315	KENMIL	KENYAN	KEN					MIL			ETH	ETHIOPIAN	ETH								1	057	057	05	1	8.0	6	1	6	5.68421052631578	4	Nairobi, Nairobi Area, Kenya	KE	KE05	18585	-1.28333	36.8167	-2258072	4	Addis Ababa, (ET10), Ethiopia	ET	ET10	47692	9.03333	38.7	-603097	4	Nairobi, Nairobi Area, Kenya	KE	KE05	18585	-1.28333	36.8167	-2258072	20250927060000	https://www.the-star.co.ke/news/2025-09-27-ethiopia-kenya-sign-new-defence-deal-for-intelligence-sharing
1265505740	20250927	202509	2025	2025.7315	KENMIL	KENYA	KEN					MIL			ETH	ETHIOPIA	ETH								1	057	057	05	1	8.0	2	1	2	5.68421052631578	4	Addis Ababa, (ET10), Ethiopia	ET	ET10	47692	9.03333	38.7	-603097	4	Addis Ababa, (ET10), Ethiopia	ET	ET10	47692	9.03333	38.7	-603097	4	Nairobi, Nairobi Area, Kenya	KE	KE05	18585	-1.28333	36.8167	-2258072	20250927060000	https://www.the-star.co.ke/news/2025-09-27-ethiopia-kenya-sign-new-defence-deal-for-intelligence-sharing
1265505741	20250927	202509	2025	2025.7315	KENMIL	KENYA	KEN					MIL			KEN	KENYAN	KEN								1	057	057	05	1	8.0	2	1	2	5.68421052631578	4	Nairobi, Nairobi Area, Kenya	KE	KE05	18585	-1.28333	36.8167	-2258072	4	Nairobi, Nairobi Area, Kenya	KE	KE05	18585	-1.28333	36.8167	-2258072	4	Nairobi, Nairobi Area, Kenya	KE	KE05	18585	-1.28333	36.8167	-2258072	20250927060000	https://www.the-star.co.ke/news/2025-09-27-ethiopia-kenya-sign-new-defence-deal-for-intelligence-sharing
1265505742	20250927	202509	2025	2025.7315	KOR	SOUTH KOREA	KOR								USAMED	REUTERS	USA					MED			0	013	013	01	1	0.4	2	1	2	-5.21472392638037	4	Seoul, Soul-t'ukpyolsi, South Korea	KS	KS11	24984	37.5664	127	-716583	4	Seoul, Soul-t'ukpyolsi, South Korea	KS	KS11	24984	37.5664	127	-716583	4	Seoul, Soul-t'ukpyolsi, South Korea	KS	KS11	24984	37.5664	127	-716583	20250927060000	https://edition.cnn.com/2025/09/27/asia/south-korea-fire-data-center-daejeon-intl-hnk
1265505743	20250927	202509	2025	2025.7315	LAB	EMPLOYEE						LAB													0	051	051	05	1	3.4	5	1	5	6.84140382052421	1	United States	US	US		39.828175	-98.5795	US	0								1	United States	US	US		39.828175	-98.5795	US	20250927060000	https://smallbiztrends.com/six-sigma-consulting/
1265505744	20250927	202509	2025	2025.7315	LAB	EMPLOYEE						LAB													0	070	070	07	2	7.0	10	1	10	6.84140382052421	1	United States	US	US		39.828175	-98.5795	US	0								1	United States	US	US		39.828175	-98.5795	US	20250927060000	https://smallbiztrends.com/six-sigma-consulting/
1265505745	20250927	202509	2025	2025.7315	LCAGOV	STEPHENSON	LCA					GOV			USA	COLORADO	USA								0	042	042	04	1	1.9	3	1	3	-0.430570505920341	2	Georgia, United States	US	USGA		32.9866	-83.6487	GA	2	Colorado, United States	US	USCO		39.0646	-105.327	CO	2	Georgia, United States	US	USGA		32.9866	-83.6487	GA	20250927060000	https://www.northwestgeorgianews.com/rome/lifestyles/local/auraria-georgia-s-golden-ghost-town/article_2d9bbf97-f7cb-4231-94d7-35d307df6813.html
1265505746	20250927	202509	2025	2025.7315	LEG	CONGRESSMAN						LEG													0	010	010	01	1	0.0	3	1	3	-3.21969696969697	3	Columbia County, Florida, United States	US	USFL	FL023	30.2508	-82.6243	306909	0								3	Columbia County, Florida, United States	US	USFL		30.2508	-82.6243	306909	20250927060000	https://www.wftv.com/news/local/judge-yet-decide-restraining-order-request-against-rep-cory-mills/GNJDUJ7JXRHS7LN2WAORS62ETE/
1265505747	20250927	202509	2025	2025.7315	LEG	SENATOR						LEG													0	016	016	01	1	-2.0	10	1	10	-4.3338683788122	1	Ireland	EI	EI		53	-8	EI	0								1	Ireland	EI	EI		53	-8	EI	20250927060000	https://www.irishtimes.com/politics/2025/09/27/maria-steen-and-michael-mcdowell-clash-over-failed-presidential-bid/
1265505748	20250927	202509	2025	2025.7315	LEG	SENATE						LEG													0	020	020	02	1	3.0	3	1	3	-2.88790993636809	3	Des Moines, Iowa, United States	US	USIA	IA153	41.6005	-93.6091	465961	0								3	Des Moines, Iowa, United States	US	USIA		41.6005	-93.6091	465961	20250927060000	https://www.yahoo.com/news/articles/des-moines-public-schools-superintendent-174205995.html
1265505749	20250927	202509	2025	2025.7315	LEG	CONGRESS						LEG													1	071	071	07	2	7.4	10	1	10	10.3727714748785	2	Indiana, United States	US	USIN		39.8647	-86.2604	IN	0								2	Indiana, United States	US	USIN		39.8647	-86.2604	IN	20250927060000	https://www.journalgazette.net/opinion/columnists/threat-to-arts-funding-a-reminder-of-how-much-they-contribute-to-us/article_74ebeb98-ceef-46ea-ad66-07460a00de39.html
1265505750	20250927	202509	2025	2025.7315	LEG	SENATOR						LEG													0	112	112	11	3	-2.0	6	1	6	-2.28392297357815	4	Dublin, Dublin, Ireland	EI	EI07	18288	53.3331	-6.24889	-1502554	0								4	Dublin, Dublin, Ireland	EI	EI07	18288	53.3331	-6.24889	-1502554	20250927060000	https://www.irishtimes.com/politics/2025/09/27/i-was-painted-as-a-pantomime-villainess-maria-steen-reflects-on-failed-bid-for-presidency/
1265505751	20250927	202509	2025	2025.7315	LEG	SENATOR						LEG			CAN	CANADA	CAN								1	020	020	02	1	3.0	2	1	2	1.60183066361556	4	Dublin, Dublin, Ireland	EI	EI07	18288	53.3331	-6.24889	-1502554	1	Canada	CA	CA		60	-96	CA	1	Canada	CA	CA		60	-96	CA	20250927060000	https://www.irishtimes.com/politics/2025/09/27/miriam-lords-week-mcdowell-turns-a-page-as-steen-seethes/
1265505752	20250927	202509	2025	2025.7315	LEG	REPRESENTATIVES						LEG			EDU	UNIVERSITY						EDU			0	043	043	04	1	2.8	1	1	1	-1.30718954248366	3	Boston, Massachusetts, United States	US	USMA	MA025	42.3584	-71.0598	617565	3	Boston, Massachusetts, United States	US	USMA	MA025	42.3584	-71.0598	617565	3	Boston, Massachusetts, United States	US	USMA	MA025	42.3584	-71.0598	617565	20250927060000	https://news.webindia123.com/news/Articles/India/20250927/4366113.html
1265505753	20250927	202509	2025	2025.7315	LEG	CONGRESS						LEG			GOVAGR	DEPARTMENT OF AGRICULTURE						GOV	AGR		0	051	051	05	1	3.4	10	1	10	-4.1335453100159	2	Indiana, United States	US	USIN		39.8647	-86.2604	IN	3	White House, District of Columbia, United States	US	USDC		38.8951	-77.0364	531871	3	White House, District of Columbia, United States	US	USDC		38.8951	-77.0364	531871	20250927060000	https://www.journalgazette.net/opinion/editorials/food-security-report-cancellation-is-another-assault-on-data/article_beeb23d1-6632-4636-b34d-e21f1b50b5a5.html
1265505754	20250927	202509	2025	2025.7315	LEG	SENATOR						LEG			IRL	DUBLIN	IRL								1	020	020	02	1	3.0	6	1	6	1.60183066361556	4	Dublin, Dublin, Ireland	EI	EI07	18288	53.3331	-6.24889	-1502554	4	Dublin, Dublin, Ireland	EI	EI07	18288	53.3331	-6.24889	-1502554	4	Dublin, Dublin, Ireland	EI	EI07	18288	53.3331	-6.24889	-1502554	20250927060000	https://www.irishtimes.com/politics/2025/09/27/miriam-lords-week-mcdowell-turns-a-page-as-steen-seethes/
1265505755	20250927	202509	2025	2025.7315	LEG	REPRESENTATIVES						LEG			IRL	IRELAND	IRL								1	051	051	05	1	3.4	4	1	4	1.60183066361556	1	United States	US	US		39.828175	-98.5795	US	1	United States	US	US		39.828175	-98.5795	US	1	United States	US	US		39.828175	-98.5795	US	20250927060000	https://www.irishtimes.com/politics/2025/09/27/miriam-lords-week-mcdowell-turns-a-page-as-steen-seethes/
1265505756	20250927	202509	2025	2025.7315	LEG	SENATOR						LEG			IRL	IRELAND	IRL								0	112	112	11	3	-2.0	2	1	2	-2.28392297357815	4	Dublin, Dublin, Ireland	EI	EI07	18288	53.3331	-6.24889	-1502554	4	Dublin, Dublin, Ireland	EI	EI07	18288	53.3331	-6.24889	-1502554	4	Dublin, Dublin, Ireland	EI	EI07	18288	53.3331	-6.24889	-1502554	20250927060000	https://www.irishtimes.com/politics/2025/09/27/i-was-painted-as-a-pantomime-villainess-maria-steen-reflects-on-failed-bid-for-presidency/
1265505757	20250927	202509	2025	2025.7315	LEG	CONGRESS						LEG			USA	BOSTON	USA								0	010	010	01	1	0.0	10	1	10	-1.30718954248366	3	Boston, Massachusetts, United States	US	USMA	MA025	42.3584	-71.0598	617565	3	Boston, Massachusetts, United States	US	USMA	MA025	42.3584	-71.0598	617565	3	Boston, Massachusetts, United States	US	USMA	MA025	42.3584	-71.0598	617565	20250927060000	https://news.webindia123.com/news/Articles/India/20250927/4366113.html
1265505758	20250927	202509	2025	2025.7315	LEG	SENATE						LEG			USA	UNITED STATES	USA								0	020	020	02	1	3.0	1	1	1	-2.88790993636809	2	Iowa, United States	US	USIA		42.0046	-93.214	IA	3	Des Moines, Iowa, United States	US	USIA		41.6005	-93.6091	465961	3	Des Moines, Iowa, United States	US	USIA		41.6005	-93.6091	465961	20250927060000	https://www.yahoo.com/news/articles/des-moines-public-schools-superintendent-174205995.html
1265505759	20250927	202509	2025	2025.7315	LEG	SENATE						LEG			USA	UNITED STATES	USA								0	020	020	02	1	3.0	1	1	1	-2.88790993636809	2	Iowa, United States	US	USIA		42.0046	-93.214	IA	3	Des Moines, Iowa, United States	US	USIA		41.6005	-93.6091	465961	2	Iowa, United States	US	USIA		42.0046	-93.214	IA	20250927060000	https://www.yahoo.com/news/articles/des-moines-public-schools-superintendent-174205995.html
1265505760	20250927	202509	2025	2025.7315	LEG	CONGRESS						LEG			USA	BOSTON	USA								1	042	042	04	1	1.9	8	1	6	-1.30718954248366	3	Boston, Massachusetts, United States	US	USMA	MA025	42.3584	-71.0598	617565	3	Boston, Massachusetts, United States	US	USMA	MA025	42.3584	-71.0598	617565	3	Boston, Massachusetts, United States	US	USMA	MA025	42.3584	-71.0598	617565	20250927060000	https://news.webindia123.com/news/Articles/India/20250927/4366113.html
1265505761	20250927	202509	2025	2025.7315	LEG	REPRESENTATIVES						LEG			USA	UNITED STATES	USA								0	043	043	04	1	2.8	2	1	2	-1.30718954248366	3	Boston, Massachusetts, United States	US	USMA	MA025	42.3584	-71.0598	617565	3	Boston, Massachusetts, United States	US	USMA	MA025	42.3584	-71.0598	617565	3	Boston, Massachusetts, United States	US	USMA	MA025	42.3584	-71.0598	617565	20250927060000	https://news.webindia123.com/news/Articles/India/20250927/4366113.html
1265505762	20250927	202509	2025	2025.7315	LEG	CONGRESS						LEG			USA	BOSTON	USA								1	051	051	05	1	3.4	9	1	9	-1.30718954248366	3	Boston, Massachusetts, United States	US	USMA	MA025	42.3584	-71.0598	617565	3	Boston, Massachusetts, United States	US	USMA	MA025	42.3584	-71.0598	617565	3	Boston, Massachusetts, United States	US	USMA	MA025	42.3584	-71.0598	617565	20250927060000	https://news.webindia123.com/news/Articles/India/20250927/4366113.html
1265505763	20250927	202509	2025	2025.7315	LKA	SRI LANKA	LKA								GOV	PRESIDENT						GOV			1	042	042	04	1	1.9	10	1	10	6.5989847715736	1	Sri Lanka	CE	CE		7	81	CE	1	Sri Lanka	CE	CE		7	81	CE	1	Sri Lanka	CE	CE		7	81	CE	20250927060000	https://srilankamirror.com/news/fr-petitions-filed-over-asp-promotions/
1265505764	20250927	202509	2025	2025.7315	MDA	MOLDOVA	MDA								RUS	RUSSIAN	RUS								1	172	172	17	4	-5.0	8	1	8	-1.35135135135135	1	Russia	RS	RS		60	100	RS	1	Moldova	MD	MD		47	29	MD	1	Russia	RS	RS		60	100	RS	20250927060000	https://freerepublic.com/focus/f-news/4342929/posts
1265505765	20250927	202509	2025	2025.7315	MDA	MOLDOVA	MDA								RUS	RUSSIA	RUS								1	172	172	17	4	-5.0	2	1	2	-1.35135135135135	1	Russia	RS	RS		60	100	RS	1	Russia	RS	RS		60	100	RS	1	Russia	RS	RS		60	100	RS	20250927060000	https://freerepublic.com/focus/f-news/4342929/posts
1265505766	20250927	202509	2025	2025.7315	MDV	MALE	MDV																		0	020	020	02	1	3.0	10	1	10	-3.18471337579618	3	Cincinnati, Ohio, United States	US	USOH	OH061	39.162	-84.4569	1066650	0								3	Cincinnati, Ohio, United States	US	USOH	OH061	39.162	-84.4569	1066650	20250927060000	https://www.wlwt.com/article/cincinnati-homicide-evanston-police-montgomery-brewster/68083640
1265505767	20250927	202509	2025	2025.7315	MDV	MALE	MDV																		0	193	193	19	4	-10.0	10	1	10	-3.18471337579618	3	Cincinnati, Ohio, United States	US	USOH	OH061	39.162	-84.4569	1066650	0								3	Cincinnati, Ohio, United States	US	USOH	OH061	39.162	-84.4569	1066650	20250927060000	https://www.wlwt.com/article/cincinnati-homicide-evanston-police-montgomery-brewster/68083640
1265505768	20250927	202509	2025	2025.7315	MED	NEWSPAPER						MED													0	010	010	01	1	0.0	5	1	5	-0.430570505920341	3	Dahlonega, Georgia, United States	US	USGA	GA187	34.5326	-83.9849	355420	0								3	Dahlonega, Georgia, United States	US	USGA	GA187	34.5326	-83.9849	355420	20250927060000	https://www.northwestgeorgianews.com/rome/lifestyles/local/auraria-georgia-s-golden-ghost-town/article_2d9bbf97-f7cb-4231-94d7-35d307df6813.html
1265505769	20250927	202509	2025	2025.7315	MED	SPOKESMAN						MED													0	010	010	01	1	0.0	3	1	3	-2.88790993636809	2	Iowa, United States	US	USIA		42.0046	-93.214	IA	0								2	Iowa, United States	US	USIA		42.0046	-93.214	IA	20250927060000	https://www.yahoo.com/news/articles/des-moines-public-schools-superintendent-174205995.html
1265505770	20250927	202509	2025	2025.7315	MED	COMMENTATOR						MED													1	010	010	01	1	0.0	10	1	10	-5.39923954372624	2	Utah, United States	US	USUT		40.1135	-111.854	UT	0								2	Utah, United States	US	USUT		40.1135	-111.854	UT	20250927060000	https://independentaustralia.net/politics/politics-display/dont-ask-vunerable-people-to-feel-outrage-at-the-death-of-charlie-kirk,20210
1265505771	20250927	202509	2025	2025.7315	MED	GAZETTE						MED													1	040	040	04	1	1.0	6	1	6	4.60526315789473	1	Australia	AS	AS		-25	135	AS	0								1	Australia	AS	AS		-25	135	AS	20250927060000	https://www.journalgazette.net/living/local-arts/artists-at-work-creating-the-largest-mural-in-fort-wayne/article_38668608-3db0-45d4-98de-3447579bba76.html
1265505772	20250927	202509	2025	2025.7315	MED	JOURNALIST						MED													0	046	046	04	1	7.0	6	1	6	1.18343195266272	2	Oklahoma, United States	US	USOK		35.5376	-96.9247	OK	0								2	Oklahoma, United States	US	USOK		35.5376	-96.9247	OK	20250927060000	http://www.news9.com/story/68d75f6942911933d47e54b4/ryan-walters-proposes-4-billion-education-budget-request
1265505773	20250927	202509	2025	2025.7315	MED	MEDIA						MED													0	057	057	05	1	8.0	5	1	5	-4.3338683788122	1	Ireland	EI	EI		53	-8	EI	0								1	Ireland	EI	EI		53	-8	EI	20250927060000	https://www.irishtimes.com/politics/2025/09/27/maria-steen-and-michael-mcdowell-clash-over-failed-presidential-bid/
1265505774	20250927	202509	2025	2025.7315	MED	WRITER						MED													1	057	057	05	1	8.0	5	1	5	1.67064439140811	2	New York, United States	US	USNY		42.1497	-74.9384	NY	0								2	New York, United States	US	USNY		42.1497	-74.9384	NY	20250927060000	https://www.salisburyjournal.co.uk/news/25494571.salisbury-filmmaker-says-birthmark-helped-shape-life/
1265505775	20250927	202509	2025	2025.7315	MED	MEDIA						MED													1	071	071	07	2	7.4	5	1	5	-1.44927536231884	4	Kabul, Kabol, Afghanistan	AF	AF13	3580	34.5167	69.1833	-3378435	0								4	Kabul, Kabol, Afghanistan	AF	AF13	3580	34.5167	69.1833	-3378435	20250927060000	http://www.afghanistannews.net/news/278597409/construction-of-water-supply-networks-begins-in-afghanistan-samangan
1265505776	20250927	202509	2025	2025.7315	MED	MEDIA						MED													0	100	100	10	3	-5.0	5	1	5	-4.3338683788122	1	Ireland	EI	EI		53	-8	EI	0								1	Ireland	EI	EI		53	-8	EI	20250927060000	https://www.irishtimes.com/politics/2025/09/27/maria-steen-and-michael-mcdowell-clash-over-failed-presidential-bid/
1265505777	20250927	202509	2025	2025.7315	MED	COMMENTATOR						MED													0	111	111	11	3	-2.0	6	1	6	-1.93621867881549	1	Ireland	EI	EI		53	-8	EI	0								1	Ireland	EI	EI		53	-8	EI	20250927060000	https://www.irishtimes.com/opinion/2025/09/28/breda-obrien-blocking-maria-steen-from-running-for-the-presidency-will-backfire/
1265505778	20250927	202509	2025	2025.7315	MED	GAZETTE						MED			AUS	AUSTRALIA	AUS								1	040	040	04	1	1.0	4	1	4	4.60526315789473	1	Australia	AS	AS		-25	135	AS	1	Australia	AS	AS		-25	135	AS	1	Australia	AS	AS		-25	135	AS	20250927060000	https://www.journalgazette.net/living/local-arts/artists-at-work-creating-the-largest-mural-in-fort-wayne/article_38668608-3db0-45d4-98de-3447579bba76.html
1265505779	20250927	202509	2025	2025.7315	MED	LOCAL MEDIA						MED			CVL	TRAVELER						CVL			1	130	130	13	3	-4.4	5	1	5	-5.21472392638037	4	Seoul, Soul-t'ukpyolsi, South Korea	KS	KS11	24984	37.5664	127	-716583	4	Seoul, Soul-t'ukpyolsi, South Korea	KS	KS11	24984	37.5664	127	-716583	4	Seoul, Soul-t'ukpyolsi, South Korea	KS	KS11	24984	37.5664	127	-716583	20250927060000	https://edition.cnn.com/2025/09/27/asia/south-korea-fire-data-center-daejeon-intl-hnk
1265505780	20250927	202509	2025	2025.7315	MED	PUBLICATION						MED			GOV	CHANCELLOR						GOV			0	080	080	08	2	5.0	10	1	10	-0.26178010471204	3	Cincinnati, Ohio, United States	US	USOH	OH061	39.162	-84.4569	1066650	3	Cincinnati, Ohio, United States	US	USOH	OH061	39.162	-84.4569	1066650	3	Cincinnati, Ohio, United States	US	USOH	OH061	39.162	-84.4569	1066650	20250927060000	https://www.presentationministries.com/series/obob/obob-2025-9-27-en
1265505781	20250927	202509	2025	2025.7315	MED	MEDIA						MED			IRL	IRELAND	IRL								0	020	020	02	1	3.0	4	1	4	-2.28392297357815	4	Dublin, Dublin, Ireland	EI	EI07	18288	53.3331	-6.24889	-1502554	4	Dublin, Dublin, Ireland	EI	EI07	18288	53.3331	-6.24889	-1502554	4	Dublin, Dublin, Ireland	EI	EI07	18288	53.3331	-6.24889	-1502554	20250927060000	https://www.irishtimes.com/politics/2025/09/27/i-was-painted-as-a-pantomime-villainess-maria-steen-reflects-on-failed-bid-for-presidency/
1265505782	20250927	202509	2025	2025.7315	MED	COMMENTATOR						MED			IRL	IRELAND	IRL								0	111	111	11	3	-2.0	4	1	4	-1.93621867881549	1	Ireland	EI	EI		53	-8	EI	1	Ireland	EI	EI		53	-8	EI	1	Ireland	EI	EI		53	-8	EI	20250927060000	https://www.irishtimes.com/opinion/2025/09/28/breda-obrien-blocking-maria-steen-from-running-for-the-presidency-will-backfire/
1265505783	20250927	202509	2025	2025.7315	MED	MEDIA						MED			MIL	ARMY						MIL			1	020	020	02	1	3.0	1	1	1	-5.44554455445545	4	Bogota, Cundinamarca, Colombia	CO	CO33	18585	4.6	-74.0833	-578472	4	Bogota, Cundinamarca, Colombia	CO	CO33	18585	4.6	-74.0833	-578472	4	Bogota, Cundinamarca, Colombia	CO	CO33	18585	4.6	-74.0833	-578472	20250927060000	https://www.theguardian.com/us-news/2025/sep/27/us-revokes-visa-for-colombian-president-gustavo-petro-after-reckless-actions-in-new-york
1265505784	20250927	202509	2025	2025.7315	MED	MEDIA						MED			MIL	ARMY						MIL			1	020	020	02	1	3.0	1	1	1	-5.44554455445545	4	Bogota, Cundinamarca, Colombia	CO	CO33	18585	4.6	-74.0833	-578472	4	Bogota, Cundinamarca, Colombia	CO	CO33	18585	4.6	-74.0833	-578472	1	Venezuela	VE	VE		8	-66	VE	20250927060000	https://www.theguardian.com/us-news/2025/sep/27/us-revokes-visa-for-colombian-president-gustavo-petro-after-reckless-actions-in-new-york
1265505785	20250927	202509	2025	2025.7315	MED	MEDIA						MED			MIL	ARMY						MIL			1	062	062	06	2	7.4	1	1	1	-5.44554455445545	4	Bogota, Cundinamarca, Colombia	CO	CO33	18585	4.6	-74.0833	-578472	2	New York, United States	US	USNY		42.1497	-74.9384	NY	2	New York, United States	US	USNY		42.1497	-74.9384	NY	20250927060000	https://www.theguardian.com/us-news/2025/sep/27/us-revokes-visa-for-colombian-president-gustavo-petro-after-reckless-actions-in-new-york
1265505786	20250927	202509	2025	2025.7315	MED	MEDIA						MED			MIL	ARMY						MIL			1	062	062	06	2	7.4	1	1	1	-5.44554455445545	4	Bogota, Cundinamarca, Colombia	CO	CO33	18585	4.6	-74.0833	-578472	2	New York, United States	US	USNY		42.1497	-74.9384	NY	1	Spain	SP	SP		40	-4	SP	20250927060000	https://www.theguardian.com/us-news/2025/sep/27/us-revokes-visa-for-colombian-president-gustavo-petro-after-reckless-actions-in-new-york
1265505787	20250927	202509	2025	2025.7315	MED	MEDIA						MED			MIL	ARMY						MIL			1	070	070	07	2	7.0	1	1	1	-5.44554455445545	4	Bogota, Cundinamarca, Colombia	CO	CO33	18585	4.6	-74.0833	-578472	2	New York, United States	US	USNY		42.1497	-74.9384	NY	2	New York, United States	US	USNY		42.1497	-74.9384	NY	20250927060000	https://www.theguardian.com/us-news/2025/sep/27/us-revokes-visa-for-colombian-president-gustavo-petro-after-reckless-actions-in-new-york
1265505788	20250927	202509	2025	2025.7315	MED	MEDIA						MED			MIL	ARMY						MIL			1	070	070	07	2	7.0	1	1	1	-5.44554455445545	4	Bogota, Cundinamarca, Colombia	CO	CO33	18585	4.6	-74.0833	-578472	2	New York, United States	US	USNY		42.1497	-74.9384	NY	1	Spain	SP	SP		40	-4	SP	20250927060000	https://www.theguardian.com/us-news/2025/sep/27/us-revokes-visa-for-colombian-president-gustavo-petro-after-reckless-actions-in-new-york
1265505789	20250927	202509	2025	2025.7315	MED	MEDIA						MED			NZL	NEW ZEALAND	NZL								1	040	040	04	1	1.0	4	1	4	-3.2590051457976	1	New Zealand	NZ	NZ		-42	174	NZ	1	New Zealand	NZ	NZ		-42	174	NZ	1	New Zealand	NZ	NZ		-42	174	NZ	20250927060000	https://www.odt.co.nz/news/national/luxon-defends-nz-decision-not-recognise-palestine-rnz
1265505790	20250927	202509	2025	2025.7315	MED	WEBSITE						MED			SPY	OPERATIVE						SPY			1	051	051	05	1	3.4	10	1	10	1.20481927710844	1	United States	US	US		39.828175	-98.5795	US	1	United States	US	US		39.828175	-98.5795	US	1	United States	US	US		39.828175	-98.5795	US	20250927060000	https://www.autospies.com/news/index.aspx?submissionid=126984
1265505791	20250927	202509	2025	2025.7315	MED	JOURNALIST						MED			USA	UNITED STATES	USA								0	046	046	04	1	7.0	4	1	4	1.18343195266272	2	Oklahoma, United States	US	USOK		35.5376	-96.9247	OK	2	Oklahoma, United States	US	USOK		35.5376	-96.9247	OK	2	Oklahoma, United States	US	USOK		35.5376	-96.9247	OK	20250927060000	http://www.news9.com/story/68d75f6942911933d47e54b4/ryan-walters-proposes-4-billion-education-budget-request
1265505792	20250927	202509	2025	2025.7315	MIL	ARMED FORCES						MIL													0	190	190	19	4	-10.0	5	1	5	-9.42211055276381	4	Kashmiri, Punjab, Pakistan	PK	PK04	23677	32.0387	73.751	6104745	0								4	Kashmiri, Punjab, Pakistan	PK	PK04	23677	32.0387	73.751	6104745	20250927060000	https://www.hindustantimes.com/india-news/india-tears-into-pakistan-pm-shehbaz-sharifs-un-speech-what-did-he-say-hindutva-driven-extremism-101758947872477.html
1265505793	20250927	202509	2025	2025.7315	MIL	MILITARY						MIL			CVL	CIVILIAN						CVL			0	190	190	19	4	-10.0	5	1	5	-9.42211055276381	4	Pahalgam, Jammu and Kashmir, India	IN	IN12	72789	34.0333	75.3333	-2106704	4	Pahalgam, Jammu and Kashmir, India	IN	IN12	72789	34.0333	75.3333	-2106704	4	Pahalgam, Jammu and Kashmir, India	IN	IN12	72789	34.0333	75.3333	-2106704	20250927060000	https://www.hindustantimes.com/india-news/india-tears-into-pakistan-pm-shehbaz-sharifs-un-speech-what-did-he-say-hindutva-driven-extremism-101758947872477.html
1265505794	20250927	202509	2025	2025.7315	MIL	AIR FORCE						MIL			PAK	PAKISTANI	PAK								0	080	080	08	2	5.0	4	1	4	-9.42211055276381	4	Kashmiri, Punjab, Pakistan	PK	PK04	23677	32.0387	73.751	6104745	4	Kashmiri, Punjab, Pakistan	PK	PK04	23677	32.0387	73.751	6104745	4	Kashmiri, Punjab, Pakistan	PK	PK04	23677	32.0387	73.751	6104745	20250927060000	https://www.hindustantimes.com/india-news/india-tears-into-pakistan-pm-shehbaz-sharifs-un-speech-what-did-he-say-hindutva-driven-extremism-101758947872477.html
1265505795	20250927	202509	2025	2025.7315	MIL	AIR FORCE						MIL			PAK	PAKISTANI	PAK								0	193	193	19	4	-10.0	4	1	4	-9.42211055276381	4	Kashmiri, Punjab, Pakistan	PK	PK04	23677	32.0387	73.751	6104745	4	Kashmiri, Punjab, Pakistan	PK	PK04	23677	32.0387	73.751	6104745	4	Kashmiri, Punjab, Pakistan	PK	PK04	23677	32.0387	73.751	6104745	20250927060000	https://www.hindustantimes.com/india-news/india-tears-into-pakistan-pm-shehbaz-sharifs-un-speech-what-did-he-say-hindutva-driven-extremism-101758947872477.html
1265505796	20250927	202509	2025	2025.7315	MIL	AIR FORCE						MIL			PAKMIL	PAKISTANI	PAK					MIL			0	080	080	08	2	5.0	6	1	6	-9.42211055276381	4	Kashmiri, Punjab, Pakistan	PK	PK04	23677	32.0387	73.751	6104745	4	Kashmiri, Punjab, Pakistan	PK	PK04	23677	32.0387	73.751	6104745	4	Kashmiri, Punjab, Pakistan	PK	PK04	23677	32.0387	73.751	6104745	20250927060000	https://www.hindustantimes.com/india-news/india-tears-into-pakistan-pm-shehbaz-sharifs-un-speech-what-did-he-say-hindutva-driven-extremism-101758947872477.html
1265505797	20250927	202509	2025	2025.7315	MIL	AIR FORCE						MIL			PAKMIL	PAKISTANI	PAK					MIL			0	193	193	19	4	-10.0	6	1	6	-9.42211055276381	4	Kashmiri, Punjab, Pakistan	PK	PK04	23677	32.0387	73.751	6104745	4	Kashmiri, Punjab, Pakistan	PK	PK04	23677	32.0387	73.751	6104745	4	Kashmiri, Punjab, Pakistan	PK	PK04	23677	32.0387	73.751	6104745	20250927060000	https://www.hindustantimes.com/india-news/india-tears-into-pakistan-pm-shehbaz-sharifs-un-speech-what-did-he-say-hindutva-driven-extremism-101758947872477.html
1265505798	20250927	202509	2025	2025.7315	MIL	MILITARY						MIL			PSE	PALESTINIAN	PSE								0	112	112	11	3	-2.0	5	1	5	-5.09383378016086	4	Gaza City, Israel (general), Israel	IS	IS00	18315	31.4167	34.3333	-797156	4	Gaza City, Israel (general), Israel	IS	IS00	18315	31.4167	34.3333	-797156	4	Gaza City, Israel (general), Israel	IS	IS00	18315	31.4167	34.3333	-797156	20250927060000	https://tribune.com.pk/story/2569235/50-gazans-killed-in-fresh-israeli-strikes
1265505799	20250927	202509	2025	2025.7315	MIL	MILITARY						MIL			USA	SAN DIEGO	USA								1	173	173	17	4	-5.0	2	1	2	-1.0351966873706	1	Afghanistan	AF	AF		33	66	AF	3	San Diego, California, United States	US	USCA		32.7153	-117.157	1661377	3	San Diego, California, United States	US	USCA		32.7153	-117.157	1661377	20250927060000	https://www.cbs8.com/article/news/local/federal-judge-orders-release-afghan-interpreter-detained-ice/509-b0191cef-0f35-4ecd-864d-9dcf03119d4e
1265505800	20250927	202509	2025	2025.7315	MIL	MILITARY						MIL			USA	SAN DIEGO	USA								1	173	173	17	4	-5.0	8	1	8	-1.0351966873706	1	Afghanistan	AF	AF		33	66	AF	3	San Diego, California, United States	US	USCA		32.7153	-117.157	1661377	1	Afghanistan	AF	AF		33	66	AF	20250927060000	https://www.cbs8.com/article/news/local/federal-judge-orders-release-afghan-interpreter-detained-ice/509-b0191cef-0f35-4ecd-864d-9dcf03119d4e
1265505801	20250927	202509	2025	2025.7315	MILGOV	ARMY						MIL	GOV		USAMIL	UNITED STATES	USA					MIL			0	043	043	04	1	2.8	10	1	10	3.21100917431192	1	United States	US	US		39.828175	-98.5795	US	1	United States	US	US		39.828175	-98.5795	US	1	United States	US	US		39.828175	-98.5795	US	20250927060000	https://www.nats.org/cgi/page.cgi/_article.html/Job_Center/Alto_-_The_U.S._Army_Field_Band
1265505802	20250927	202509	2025	2025.7315	MMR	MYANMAR	MMR								BUD	BUDDHIST				BUD					1	051	051	05	1	3.4	10	1	10	5.88235294117647	0								0								0								20250927060000	https://www.journalgazette.net/news/world/photos-show-boat-races-during-buddhist-religious-celebrations-in-myanmar/article_c2e41450-0e1e-5ca8-bf0c-89ed83bd2d6c.html
1265505803	20250927	202509	2025	2025.7315	MNCKOR	SAMSUNG	KOR					MNC													1	042	042	04	1	1.9	5	1	5	1.39720558882235	1	India	IN	IN		20	77	IN	0								1	India	IN	IN		20	77	IN	20250927060000	https://www.gizchina.com/samsung/samsung-launches-truebench-to-measure-ai-in-real-world-work
1265505804	20250927	202509	2025	2025.7315	MNCUSA	AMPHENOL CORPORATION	USA					MNC													1	030	030	03	1	4.0	10	1	10	1.43540669856459	0								0								0								20250927060000	https://www.insidermonkey.com/blog/truist-financial-reiterates-a-buy-rating-for-amphenol-corporation-aph-1617560/
1265505805	20250927	202509	2025	2025.7315	MNCUSA	AMPHENOL CORPORATION	USA					MNC													1	057	057	05	1	8.0	10	1	10	1.43540669856459	0								0								0								20250927060000	https://www.insidermonkey.com/blog/truist-financial-reiterates-a-buy-rating-for-amphenol-corporation-aph-1617560/
1265505806	20250927	202509	2025	2025.7315	MNCUSA	DISNEY	USA					MNC													1	084	084	08	2	7.0	10	1	10	-0.0960614793467798	3	Boston, Massachusetts, United States	US	USMA	MA025	42.3584	-71.0598	617565	0								3	Boston, Massachusetts, United States	US	USMA	MA025	42.3584	-71.0598	617565	20250927060000	https://www.kamloopsbcnow.com/watercooler/news/news/Entertainment/Here_s_everything_coming_to_Disney_Plus_in_October_2025/
1265505807	20250927	202509	2025	2025.7315	MNCUSA	BOEING	USA					MNC			USAGOV	THE US	USA					GOV			1	172	172	17	4	-5.0	10	1	10	0.550964187327819	1	Ethiopia	ET	ET		8	38	ET	1	Ethiopia	ET	ET		8	38	ET	1	Ethiopia	ET	ET		8	38	ET	20250927060000	https://edition.cnn.com/2025/09/26/business/boeing-faa-certification
1265505808	20250927	202509	2025	2025.7315	MNCUSA	BOEING	USA					MNC			UZBBUS	UZBEKISTAN	UZB					BUS			1	042	042	04	1	1.9	10	1	10	2.15827338129496	1	Uzbekistan	UZ	UZ		41.707542	63.84911	UZ	1	Uzbekistan	UZ	UZ		41.707542	63.84911	UZ	1	Uzbekistan	UZ	UZ		41.707542	63.84911	UZ	20250927060000	https://www.aero-news.net/emailarticle.cfm?do=main.textpost&id=32231F63-CCE2-4E35-9ED8-6C0DD7E5C57D
1265505809	20250927	202509	2025	2025.7315	MNCUSA	BOEING	USA					MNC			UZBBUS	UZBEKISTAN	UZB					BUS			1	043	043	04	1	2.8	10	1	10	2.15827338129496	1	Uzbekistan	UZ	UZ		41.707542	63.84911	UZ	1	Uzbekistan	UZ	UZ		41.707542	63.84911	UZ	1	Uzbekistan	UZ	UZ		41.707542	63.84911	UZ	20250927060000	https://www.aero-news.net/emailarticle.cfm?do=main.textpost&id=32231F63-CCE2-4E35-9ED8-6C0DD7E5C57D
1265505810	20250927	202509	2025	2025.7315	MNCUSAMED	MOTOROLA	USA					MNC	MED												0	120	120	12	3	-4.0	10	1	10	6.84140382052421	1	United States	US	US		39.828175	-98.5795	US	0								1	United States	US	US		39.828175	-98.5795	US	20250927060000	https://smallbiztrends.com/six-sigma-consulting/
1265505811	20250927	202509	2025	2025.7315	MNCUSAMED	GOOGLE	USA					MNC	MED												1	172	172	17	4	-5.0	5	1	5	2.98507462686567	0								0								0								20250927060000	https://www.gizchina.com/software
1265505812	20250927	202509	2025	2025.7315	MYS	MALAYSIA	MYS								PSE	PALESTINE	PSE								1	012	012	01	1	-0.4	8	1	8	-6.6666666666667	1	Malaysia	MY	MY		2.5	112.5	MY	4	Gaza, Israel (general), Israel	IS	IS00	18315	31.4167	34.3333	-797156	1	Malaysia	MY	MY		2.5	112.5	MY	20250927060000	https://www.malaysiakini.com/news/756335
1265505813	20250927	202509	2025	2025.7315	MYS	MALAYSIA	MYS								PSE	PALESTINE	PSE								1	012	012	01	1	-0.4	2	1	2	-6.6666666666667	1	Malaysia	MY	MY		2.5	112.5	MY	1	Malaysia	MY	MY		2.5	112.5	MY	1	Malaysia	MY	MY		2.5	112.5	MY	20250927060000	https://www.malaysiakini.com/news/756335
1265505814	20250927	202509	2025	2025.7315	NGA	NIGERIAN	NGA																		0	010	010	01	1	0.0	8	1	8	-4.57018498367791	4	Sokoto, Sokoto, Nigeria	NI	NI51	190962	13.0609	5.23902	-2026911	0								4	Sokoto, Sokoto, Nigeria	NI	NI51	190962	13.0609	5.23902	-2026911	20250927060000	https://leadership.ng/kukah-and-failings-of-democracies-in-africa/
1265505815	20250927	202509	2025	2025.7315	NGA	NIGERIAN	NGA																		0	010	010	01	1	0.0	2	1	2	-4.57018498367791	4	Accra, Greater Accra, Ghana	GH	GH01	190655	5.55	-0.216667	-2067935	0								4	Accra, Greater Accra, Ghana	GH	GH01	190655	5.55	-0.216667	-2067935	20250927060000	https://leadership.ng/kukah-and-failings-of-democracies-in-africa/
1265505816	20250927	202509	2025	2025.7315	NGA	NIGERIA	NGA																		1	073	073	07	2	7.4	2	1	2	-1.21212121212121	5	Zamfara State, Zamfara, Nigeria	NI	NI57	191424	12.1667	6.25	9098622	0								5	Zamfara State, Zamfara, Nigeria	NI	NI57	191424	12.1667	6.25	9098622	20250927060000	https://news.tuoitre.vn/at-least-100-feared-dead-in-northwest-nigeria-gold-mine-collapse-locals-say-103250927105709807.htm
1265505817	20250927	202509	2025	2025.7315	NGA	NIGERIA	NGA																		0	174	174	17	4	-5.0	5	1	5	-0.45766590389016	1	Nigeria	NI	NI		10	8	NI	0								1	Nigeria	NI	NI		10	8	NI	20250927060000	https://www.irishtimes.com/politics/2025/09/27/families-to-be-offered-10000-to-drop-asylum-claims-and-leave/
1265505818	20250927	202509	2025	2025.7315	NGA	NIGERIA	NGA								USAMED	REUTERS	USA					MED			1	010	010	01	1	0.0	2	1	2	-1.21212121212121	5	Zamfara State, Zamfara, Nigeria	NI	NI57	191424	12.1667	6.25	9098622	5	Zamfara State, Zamfara, Nigeria	NI	NI57	191424	12.1667	6.25	9098622	5	Zamfara State, Zamfara, Nigeria	NI	NI57	191424	12.1667	6.25	9098622	20250927060000	https://news.tuoitre.vn/at-least-100-feared-dead-in-northwest-nigeria-gold-mine-collapse-locals-say-103250927105709807.htm
1265505819	20250927	202509	2025	2025.7315	NGAGOV	GOODLUCK JONATHAN	NGA					GOV			GHA	ACCRA	GHA								1	042	042	04	1	1.9	10	1	10	-4.57018498367791	4	Accra, Greater Accra, Ghana	GH	GH01	190655	5.55	-0.216667	-2067935	4	Accra, Greater Accra, Ghana	GH	GH01	190655	5.55	-0.216667	-2067935	4	Accra, Greater Accra, Ghana	GH	GH01	190655	5.55	-0.216667	-2067935	20250927060000	https://leadership.ng/kukah-and-failings-of-democracies-in-africa/
1265505820	20250927	202509	2025	2025.7315	NGO	ROTARY CLUB						NGO													1	043	043	04	1	2.8	20	1	10	4.16666666666667	0								0								0								20250927060000	https://www.fox23.com/news/rotary-club-of-tulsa-hosts-2nd-golden-circle-gala/article_553caa8d-85e9-4d09-ba80-66504592e1ae.html
1265505821	20250927	202509	2025	2025.7315	NGO	ROTARY CLUB						NGO													1	051	051	05	1	3.4	10	1	10	4.16666666666667	0								0								0								20250927060000	https://www.fox23.com/news/rotary-club-of-tulsa-hosts-2nd-golden-circle-gala/article_553caa8d-85e9-4d09-ba80-66504592e1ae.html
1265505822	20250927	202509	2025	2025.7315	NGO	ROTARY CLUB						NGO													1	071	071	07	2	7.4	10	1	10	4.16666666666667	0								0								0								20250927060000	https://www.fox23.com/news/rotary-club-of-tulsa-hosts-2nd-golden-circle-gala/article_553caa8d-85e9-4d09-ba80-66504592e1ae.html
1265505823	20250927	202509	2025	2025.7315	NGOENV	WILDLIFE TRUST						NGO	ENV												1	130	130	13	3	-4.4	4	2	4	2.47524752475248	4	Yorkshire, North Yorkshire, United Kingdom	UK	UKJ7	40123	54	-1.5	-2612324	0								4	Yorkshire, North Yorkshire, United Kingdom	UK	UKJ7	40123	54	-1.5	-2612324	20250927060000	https://www.keighleynews.co.uk/news/25497446.yorkshire-wildlife-trust-issues-warning-climate-change/
1265505824	20250927	202509	2025	2025.7315	NLD	DUTCH	NLD																		0	193	193	19	4	-10.0	3	1	3	-8.90233362143475	1	Netherlands	NL	NL		52.5	5.75	NL	0								1	Poland	PL	PL		52	20	PL	20250927060000	https://edition.cnn.com/2025/09/27/europe/putin-hybrid-war-europe-risks-intl
1265505825	20250927	202509	2025	2025.7315	NLD	DUTCH	NLD																		0	194	194	19	4	-10.0	3	1	3	-8.90233362143475	1	Netherlands	NL	NL		52.5	5.75	NL	0								1	Netherlands	NL	NL		52.5	5.75	NL	20250927060000	https://edition.cnn.com/2025/09/27/europe/putin-hybrid-war-europe-risks-intl
1265505826	20250927	202509	2025	2025.7315	NLD	DUTCH	NLD								POL	POLAND	POL								0	193	193	19	4	-10.0	2	1	2	-8.90233362143475	4	Kremlin, Moskva, Russia	RS	RS48	25106	55.7522	37.6156	-2960561	1	Netherlands	NL	NL		52.5	5.75	NL	1	Netherlands	NL	NL		52.5	5.75	NL	20250927060000	https://edition.cnn.com/2025/09/27/europe/putin-hybrid-war-europe-risks-intl
1265505827	20250927	202509	2025	2025.7315	NLD	DUTCH	NLD								POL	POLAND	POL								0	193	193	19	4	-10.0	5	1	5	-8.90233362143475	1	Netherlands	NL	NL		52.5	5.75	NL	1	Poland	PL	PL		52	20	PL	1	Poland	PL	PL		52	20	PL	20250927060000	https://edition.cnn.com/2025/09/27/europe/putin-hybrid-war-europe-risks-intl
1265505828	20250927	202509	2025	2025.7315	NLD	DUTCH	NLD								POL	POLAND	POL								0	194	194	19	4	-10.0	2	1	2	-8.90233362143475	4	Kremlin, Moskva, Russia	RS	RS48	25106	55.7522	37.6156	-2960561	1	Netherlands	NL	NL		52.5	5.75	NL	1	Netherlands	NL	NL		52.5	5.75	NL	20250927060000	https://edition.cnn.com/2025/09/27/europe/putin-hybrid-war-europe-risks-intl
1265505829	20250927	202509	2025	2025.7315	NLD	DUTCH	NLD								POL	POLAND	POL								0	194	194	19	4	-10.0	5	1	5	-8.90233362143475	1	Netherlands	NL	NL		52.5	5.75	NL	1	Poland	PL	PL		52	20	PL	1	Netherlands	NL	NL		52.5	5.75	NL	20250927060000	https://edition.cnn.com/2025/09/27/europe/putin-hybrid-war-europe-risks-intl
1265505830	20250927	202509	2025	2025.7315	NZL	NEW ZEALAND	NZL																		0	010	010	01	1	0.0	4	1	4	-4.07938257993385	4	Tokoroa, New Zealand (general), New Zealand	NZ	NZ00	22389	-38.2333	175.867	-1519859	0								4	Tokoroa, New Zealand (general), New Zealand	NZ	NZ00	22389	-38.2333	175.867	-1519859	20250927060000	https://www.odt.co.nz/news/national/drink-driving-cop-appeals-over-concern-his-job
1265505831	20250927	202509	2025	2025.7315	NZL	NEW ZEALAND	NZL								BUS	EMPLOYER						BUS			0	020	020	02	1	3.0	4	1	4	-4.07938257993385	4	Rotorua, New Zealand (general), New Zealand	NZ	NZ00	22389	-37.9	176.217	-1515453	4	Tokoroa, New Zealand (general), New Zealand	NZ	NZ00	22389	-38.2333	175.867	-1519859	4	Tokoroa, New Zealand (general), New Zealand	NZ	NZ00	22389	-38.2333	175.867	-1519859	20250927060000	https://www.odt.co.nz/news/national/drink-driving-cop-appeals-over-concern-his-job
1265505832	20250927	202509	2025	2025.7315	NZL	NEW ZEALAND	NZL								GOV	AMBASSADOR						GOV			1	046	046	04	1	7.0	4	1	4	3.57142857142857	4	Wellington, New Zealand (general), New Zealand	NZ	NZ00	22391	-41.3	174.783	-1521348	4	Wellington, New Zealand (general), New Zealand	NZ	NZ00	22391	-41.3	174.783	-1521348	4	Wellington, New Zealand (general), New Zealand	NZ	NZ00	22391	-41.3	174.783	-1521348	20250927060000	https://www.somersetcountygazette.co.uk/news/25496502.dental-health-scheme-magic-launched-somerset-schools/
1265505833	20250927	202509	2025	2025.7315	NZL	NEW ZEALAND	NZL								MED	MEDIA						MED			1	040	040	04	1	1.0	4	1	4	-3.2590051457976	1	New Zealand	NZ	NZ		-42	174	NZ	1	New Zealand	NZ	NZ		-42	174	NZ	1	New Zealand	NZ	NZ		-42	174	NZ	20250927060000	https://www.odt.co.nz/news/national/luxon-defends-nz-decision-not-recognise-palestine-rnz
1265505834	20250927	202509	2025	2025.7315	NZLGOV	NEW ZEALAND	NZL					GOV			MED	MEDIA						MED			1	010	010	01	1	0.0	4	1	2	-3.2590051457976	1	New Zealand	NZ	NZ		-42	174	NZ	1	New Zealand	NZ	NZ		-42	174	NZ	1	New Zealand	NZ	NZ		-42	174	NZ	20250927060000	https://www.odt.co.nz/news/national/luxon-defends-nz-decision-not-recognise-palestine-rnz
1265505835	20250927	202509	2025	2025.7315	OPP	OPPOSITION LEADER						OPP			USA	UNITED STATES	USA								1	042	042	04	1	1.9	4	1	4	-1.30718954248366	3	Boston, Massachusetts, United States	US	USMA	MA025	42.3584	-71.0598	617565	3	Boston, Massachusetts, United States	US	USMA	MA025	42.3584	-71.0598	617565	3	Boston, Massachusetts, United States	US	USMA	MA025	42.3584	-71.0598	617565	20250927060000	https://news.webindia123.com/news/Articles/India/20250927/4366113.html
1265505836	20250927	202509	2025	2025.7315	PAK	PAKISTAN	PAK																		0	040	040	04	1	1.0	1	1	1	-9.42211055276381	5	Kashmir, Jammu and Kashmir, India	IN	IN12	72809	33.9167	76.6667	-2098229	0								5	Kashmir, Jammu and Kashmir, India	IN	IN12	72809	33.9167	76.6667	-2098229	20250927060000	https://www.hindustantimes.com/india-news/india-tears-into-pakistan-pm-shehbaz-sharifs-un-speech-what-did-he-say-hindutva-driven-extremism-101758947872477.html
1265505837	20250927	202509	2025	2025.7315	PAK	PAKISTAN	PAK																		0	040	040	04	1	1.0	1	1	1	-9.42211055276381	4	Kashmiri, Punjab, Pakistan	PK	PK04	23677	32.0387	73.751	6104745	0								5	Kashmir, Jammu and Kashmir, India	IN	IN12	72809	33.9167	76.6667	-2098229	20250927060000	https://www.hindustantimes.com/india-news/india-tears-into-pakistan-pm-shehbaz-sharifs-un-speech-what-did-he-say-hindutva-driven-extremism-101758947872477.html
1265505838	20250927	202509	2025	2025.7315	PAK	PAKISTAN	PAK																		0	043	043	04	1	2.8	10	1	10	-5.36585365853659	4	Islamabad, Islamabad, Pakistan	PK	PK08	23674	33.7	73.1667	-2762812	0								4	Delhi, Delhi, India	IN	IN07	17911	28.6667	77.2167	-2094230	20250927060000	https://economictimes.indiatimes.com/news/india/who-is-petal-gahlot-meet-the-indian-diplomat-who-called-out-pakistan-on-terrorism-at-the-unga/articleshow/124176992.cms
1265505839	20250927	202509	2025	2025.7315	PAK	PAKISTAN	PAK																		1	110	110	11	3	-2.0	2	1	2	-9.02777777777779	4	Muridke, Punjab, Pakistan	PK	PK04	23677	31.8025	74.2617	-2769843	0								4	Muridke, Punjab, Pakistan	PK	PK04	23677	31.8025	74.2617	-2769843	20250927060000	https://morungexpress.com/absurd-theatrics-glorification-of-terrorism-india-slams-pakistan-pms-remarks-at-unga
1265505840	20250927	202509	2025	2025.7315	PAK	PAKISTAN	PAK																		1	111	111	11	3	-2.0	2	1	2	-9.42211055276381	4	Islamabad, Islamabad, Pakistan	PK	PK08	23674	33.7	73.1667	-2762812	0								4	Pahalgam, Jammu and Kashmir, India	IN	IN12	72789	34.0333	75.3333	-2106704	20250927060000	https://www.hindustantimes.com/india-news/india-tears-into-pakistan-pm-shehbaz-sharifs-un-speech-what-did-he-say-hindutva-driven-extremism-101758947872477.html
1265505841	20250927	202509	2025	2025.7315	PAK	PAKISTAN	PAK																		1	111	111	11	3	-2.0	2	1	2	-9.42211055276381	4	Kashmiri, Punjab, Pakistan	PK	PK04	23677	32.0387	73.751	6104745	0								4	Kashmiri, Punjab, Pakistan	PK	PK04	23677	32.0387	73.751	6104745	20250927060000	https://www.hindustantimes.com/india-news/india-tears-into-pakistan-pm-shehbaz-sharifs-un-speech-what-did-he-say-hindutva-driven-extremism-101758947872477.html
1265505842	20250927	202509	2025	2025.7315	PAK	PAKISTAN	PAK																		0	138	138	13	3	-7.0	1	1	1	-5.91715976331361	4	Jammu, Jammu and Kashmir, India	IN	IN12	72851	32.7333	74.8667	-2098228	0								4	Muridke, Punjab, Pakistan	PK	PK04	23677	31.8025	74.2617	-2769843	20250927060000	https://www.newsonair.gov.in/india-delivers-sharp-rebuttal-to-pakistan-pm-shehbaz-sharifs-speech-at-unga/
1265505843	20250927	202509	2025	2025.7315	PAK	PAKISTAN	PAK																		1	138	138	13	3	-7.0	2	1	2	-9.02777777777779	1	India	IN	IN		20	77	IN	0								1	India	IN	IN		20	77	IN	20250927060000	https://morungexpress.com/absurd-theatrics-glorification-of-terrorism-india-slams-pakistan-pms-remarks-at-unga
1265505844	20250927	202509	2025	2025.7315	PAK	PAKISTAN	PAK								GOV	PRESIDENT						GOV			0	010	010	01	1	0.0	4	1	4	-9.02777777777779	4	Muridke, Punjab, Pakistan	PK	PK04	23677	31.8025	74.2617	-2769843	1	India	IN	IN		20	77	IN	4	Muridke, Punjab, Pakistan	PK	PK04	23677	31.8025	74.2617	-2769843	20250927060000	https://morungexpress.com/absurd-theatrics-glorification-of-terrorism-india-slams-pakistan-pms-remarks-at-unga
1265505845	20250927	202509	2025	2025.7315	PAK	PAKISTAN	PAK								GOV	DIPLOMAT						GOV			1	036	036	03	1	4.0	10	1	10	-5.36585365853659	4	Islamabad, Islamabad, Pakistan	PK	PK08	23674	33.7	73.1667	-2762812	4	Islamabad, Islamabad, Pakistan	PK	PK08	23674	33.7	73.1667	-2762812	4	Islamabad, Islamabad, Pakistan	PK	PK08	23674	33.7	73.1667	-2762812	20250927060000	https://economictimes.indiatimes.com/news/india/who-is-petal-gahlot-meet-the-indian-diplomat-who-called-out-pakistan-on-terrorism-at-the-unga/articleshow/124176992.cms
1265505846	20250927	202509	2025	2025.7315	PAK	PAKISTANI	PAK								PAKGOV	PAKISTAN	PAK					GOV			1	040	040	04	1	1.0	1	1	1	-5.91715976331361	4	Jammu, Jammu and Kashmir, India	IN	IN12	72851	32.7333	74.8667	-2098228	4	Islamabad, Islamabad, Pakistan	PK	PK08	23674	33.7	73.1667	-2762812	4	Islamabad, Islamabad, Pakistan	PK	PK08	23674	33.7	73.1667	-2762812	20250927060000	https://www.newsonair.gov.in/india-delivers-sharp-rebuttal-to-pakistan-pm-shehbaz-sharifs-speech-at-unga/
1265505847	20250927	202509	2025	2025.7315	PAK	PAKISTANI	PAK								PAKGOV	PAKISTAN	PAK					GOV			1	040	040	04	1	1.0	1	1	1	-5.91715976331361	4	Islamabad, Islamabad, Pakistan	PK	PK08	23674	33.7	73.1667	-2762812	4	Islamabad, Islamabad, Pakistan	PK	PK08	23674	33.7	73.1667	-2762812	4	Jammu, Jammu and Kashmir, India	IN	IN12	72851	32.7333	74.8667	-2098228	20250927060000	https://www.newsonair.gov.in/india-delivers-sharp-rebuttal-to-pakistan-pm-shehbaz-sharifs-speech-at-unga/
1265505848	20250927	202509	2025	2025.7315	PAK	PAKISTANI	PAK								PAKGOV	PAKISTAN	PAK					GOV			0	040	040	04	1	1.0	1	1	1	-9.02777777777779	4	Muridke, Punjab, Pakistan	PK	PK04	23677	31.8025	74.2617	-2769843	4	Muridke, Punjab, Pakistan	PK	PK04	23677	31.8025	74.2617	-2769843	1	India	IN	IN		20	77	IN	20250927060000	https://morungexpress.com/absurd-theatrics-glorification-of-terrorism-india-slams-pakistan-pms-remarks-at-unga
1265505849	20250927	202509	2025	2025.7315	PAK	PAKISTANI	PAK								PAKGOV	PAKISTAN	PAK					GOV			0	040	040	04	1	1.0	1	1	1	-9.02777777777779	4	Muridke, Punjab, Pakistan	PK	PK04	23677	31.8025	74.2617	-2769843	1	India	IN	IN		20	77	IN	1	India	IN	IN		20	77	IN	20250927060000	https://morungexpress.com/absurd-theatrics-glorification-of-terrorism-india-slams-pakistan-pms-remarks-at-unga
1265505850	20250927	202509	2025	2025.7315	PAK	PAKISTAN	PAK								SPY	INTELLIGENCE						SPY			0	080	080	08	2	5.0	2	1	2	-4.05643738977072	4	Lahore, Punjab, Pakistan	PK	PK04	23677	31.5497	74.3436	-2767043	4	Lahore, Punjab, Pakistan	PK	PK04	23677	31.5497	74.3436	-2767043	4	Lahore, Punjab, Pakistan	PK	PK04	23677	31.5497	74.3436	-2767043	20250927060000	https://news.webindia123.com/news/Articles/World/20250927/4366111.html
1265505851	20250927	202509	2025	2025.7315	PAK	PAKISTAN	PAK								SPY	INTELLIGENCE						SPY			0	080	080	08	2	5.0	1	1	1	-4.05643738977072	4	Lahore, Punjab, Pakistan	PK	PK04	23677	31.5497	74.3436	-2767043	1	China	CH	CH		35	105	CH	4	Lahore, Punjab, Pakistan	PK	PK04	23677	31.5497	74.3436	-2767043	20250927060000	https://news.webindia123.com/news/Articles/World/20250927/4366111.html
1265505852	20250927	202509	2025	2025.7315	PAK	PAKISTAN	PAK								SPY	INTELLIGENCE						SPY			0	080	080	08	2	5.0	1	1	1	-4.05643738977072	1	China	CH	CH		35	105	CH	1	China	CH	CH		35	105	CH	1	China	CH	CH		35	105	CH	20250927060000	https://news.webindia123.com/news/Articles/World/20250927/4366111.html
1265505853	20250927	202509	2025	2025.7315	PAK	PAKISTAN	PAK								UAF	TERRORIST						UAF			0	0841	084	08	2	7.0	1	1	1	-9.02777777777779	4	Muridke, Punjab, Pakistan	PK	PK04	23677	31.8025	74.2617	-2769843	1	India	IN	IN		20	77	IN	4	Muridke, Punjab, Pakistan	PK	PK04	23677	31.8025	74.2617	-2769843	20250927060000	https://morungexpress.com/absurd-theatrics-glorification-of-terrorism-india-slams-pakistan-pms-remarks-at-unga
1265505854	20250927	202509	2025	2025.7315	PAK	PAKISTAN	PAK								UAF	TERRORIST						UAF			0	0841	084	08	2	7.0	3	1	3	-9.02777777777779	4	Muridke, Punjab, Pakistan	PK	PK04	23677	31.8025	74.2617	-2769843	1	India	IN	IN		20	77	IN	1	India	IN	IN		20	77	IN	20250927060000	https://morungexpress.com/absurd-theatrics-glorification-of-terrorism-india-slams-pakistan-pms-remarks-at-unga
1265505855	20250927	202509	2025	2025.7315	PAK	PAKISTAN	PAK								UAF	TERRORIST						UAF			0	0841	084	08	2	7.0	1	1	1	-9.02777777777779	1	India	IN	IN		20	77	IN	4	Muridke, Punjab, Pakistan	PK	PK04	23677	31.8025	74.2617	-2769843	4	Muridke, Punjab, Pakistan	PK	PK04	23677	31.8025	74.2617	-2769843	20250927060000	https://morungexpress.com/absurd-theatrics-glorification-of-terrorism-india-slams-pakistan-pms-remarks-at-unga
1265505856	20250927	202509	2025	2025.7315	PAKGOV	PAKISTAN	PAK					GOV													1	010	010	01	1	0.0	8	1	8	-5.91715976331361	4	Islamabad, Islamabad, Pakistan	PK	PK08	23674	33.7	73.1667	-2762812	0								4	Pahalgam, Jammu and Kashmir, India	IN	IN12	72789	34.0333	75.3333	-2106704	20250927060000	https://www.newsonair.gov.in/india-delivers-sharp-rebuttal-to-pakistan-pm-shehbaz-sharifs-speech-at-unga/
1265505857	20250927	202509	2025	2025.7315	PAKGOV	PAKISTAN	PAK					GOV													1	040	040	04	1	1.0	1	1	1	-5.91715976331361	4	Islamabad, Islamabad, Pakistan	PK	PK08	23674	33.7	73.1667	-2762812	0								4	Jammu, Jammu and Kashmir, India	IN	IN12	72851	32.7333	74.8667	-2098228	20250927060000	https://www.newsonair.gov.in/india-delivers-sharp-rebuttal-to-pakistan-pm-shehbaz-sharifs-speech-at-unga/
1265505858	20250927	202509	2025	2025.7315	PAKGOV	PAKISTANI	PAK					GOV													1	040	040	04	1	1.0	7	1	7	-5.91715976331361	4	Islamabad, Islamabad, Pakistan	PK	PK08	23674	33.7	73.1667	-2762812	0								4	Islamabad, Islamabad, Pakistan	PK	PK08	23674	33.7	73.1667	-2762812	20250927060000	https://www.newsonair.gov.in/india-delivers-sharp-rebuttal-to-pakistan-pm-shehbaz-sharifs-speech-at-unga/
1265505859	20250927	202509	2025	2025.7315	PAKGOV	PAKISTAN	PAK					GOV													0	040	040	04	1	1.0	2	1	2	-9.02777777777779	1	India	IN	IN		20	77	IN	0								4	Muridke, Punjab, Pakistan	PK	PK04	23677	31.8025	74.2617	-2769843	20250927060000	https://morungexpress.com/absurd-theatrics-glorification-of-terrorism-india-slams-pakistan-pms-remarks-at-unga
1265505860	20250927	202509	2025	2025.7315	PAKGOV	PAKISTAN	PAK					GOV			IGOUNOLEG	UNITED NATIONS		UNO				IGO	LEG		1	010	010	01	1	0.0	5	1	5	-9.02777777777779	1	India	IN	IN		20	77	IN	4	Muridke, Punjab, Pakistan	PK	PK04	23677	31.8025	74.2617	-2769843	1	India	IN	IN		20	77	IN	20250927060000	https://morungexpress.com/absurd-theatrics-glorification-of-terrorism-india-slams-pakistan-pms-remarks-at-unga
1265505861	20250927	202509	2025	2025.7315	PAKGOV	PAKISTAN	PAK					GOV			IGOUNOLEG	UNITED NATIONS		UNO				IGO	LEG		1	010	010	01	1	0.0	2	1	2	-9.02777777777779	1	India	IN	IN		20	77	IN	1	India	IN	IN		20	77	IN	1	India	IN	IN		20	77	IN	20250927060000	https://morungexpress.com/absurd-theatrics-glorification-of-terrorism-india-slams-pakistan-pms-remarks-at-unga
1265505862	20250927	202509	2025	2025.7315	PAKGOV	PAKISTAN	PAK					GOV			IGOUNOLEG	THE UN		UNO				IGO	LEG		1	110	110	11	3	-2.0	10	1	10	-5.91715976331361	4	Jammu, Jammu and Kashmir, India	IN	IN12	72851	32.7333	74.8667	-2098228	4	Jammu, Jammu and Kashmir, India	IN	IN12	72851	32.7333	74.8667	-2098228	4	Jammu, Jammu and Kashmir, India	IN	IN12	72851	32.7333	74.8667	-2098228	20250927060000	https://www.newsonair.gov.in/india-delivers-sharp-rebuttal-to-pakistan-pm-shehbaz-sharifs-speech-at-unga/
1265505863	20250927	202509	2025	2025.7315	PAKGOV	PAKISTAN	PAK					GOV			IGOUNOLEG	UNITED NATIONS		UNO				IGO	LEG		1	1124	112	11	3	-2.0	6	1	6	-9.02777777777779	4	Bahawalpur, Punjab, Pakistan	PK	PK04	23670	30.0667	71.4333	-2755461	4	Bahawalpur, Punjab, Pakistan	PK	PK04	23670	30.0667	71.4333	-2755461	1	India	IN	IN		20	77	IN	20250927060000	https://morungexpress.com/absurd-theatrics-glorification-of-terrorism-india-slams-pakistan-pms-remarks-at-unga
1265505864	20250927	202509	2025	2025.7315	PAKGOV	PAKISTAN	PAK					GOV			IGOUNOLEG	UNITED NATIONS		UNO				IGO	LEG		1	1124	112	11	3	-2.0	1	1	1	-9.02777777777779	1	India	IN	IN		20	77	IN	4	Bahawalpur, Punjab, Pakistan	PK	PK04	23670	30.0667	71.4333	-2755461	1	India	IN	IN		20	77	IN	20250927060000	https://morungexpress.com/absurd-theatrics-glorification-of-terrorism-india-slams-pakistan-pms-remarks-at-unga
1265505865	20250927	202509	2025	2025.7315	PAKGOV	PAKISTAN	PAK					GOV			PAK	PAKISTANI	PAK								1	040	040	04	1	1.0	1	1	1	-5.91715976331361	4	Islamabad, Islamabad, Pakistan	PK	PK08	23674	33.7	73.1667	-2762812	4	Jammu, Jammu and Kashmir, India	IN	IN12	72851	32.7333	74.8667	-2098228	4	Islamabad, Islamabad, Pakistan	PK	PK08	23674	33.7	73.1667	-2762812	20250927060000	https://www.newsonair.gov.in/india-delivers-sharp-rebuttal-to-pakistan-pm-shehbaz-sharifs-speech-at-unga/
1265505866	20250927	202509	2025	2025.7315	PAKGOV	PAKISTAN	PAK					GOV			PAK	PAKISTANI	PAK								1	040	040	04	1	1.0	1	1	1	-5.91715976331361	4	Islamabad, Islamabad, Pakistan	PK	PK08	23674	33.7	73.1667	-2762812	4	Islamabad, Islamabad, Pakistan	PK	PK08	23674	33.7	73.1667	-2762812	4	Jammu, Jammu and Kashmir, India	IN	IN12	72851	32.7333	74.8667	-2098228	20250927060000	https://www.newsonair.gov.in/india-delivers-sharp-rebuttal-to-pakistan-pm-shehbaz-sharifs-speech-at-unga/
1265505867	20250927	202509	2025	2025.7315	PAKGOV	PAKISTAN	PAK					GOV			PAK	PAKISTANI	PAK								0	040	040	04	1	1.0	1	1	1	-9.02777777777779	4	Muridke, Punjab, Pakistan	PK	PK04	23677	31.8025	74.2617	-2769843	4	Muridke, Punjab, Pakistan	PK	PK04	23677	31.8025	74.2617	-2769843	1	India	IN	IN		20	77	IN	20250927060000	https://morungexpress.com/absurd-theatrics-glorification-of-terrorism-india-slams-pakistan-pms-remarks-at-unga
1265505868	20250927	202509	2025	2025.7315	PAKGOV	PAKISTAN	PAK					GOV			PAK	PAKISTANI	PAK								0	040	040	04	1	1.0	1	1	1	-9.02777777777779	1	India	IN	IN		20	77	IN	4	Muridke, Punjab, Pakistan	PK	PK04	23677	31.8025	74.2617	-2769843	1	India	IN	IN		20	77	IN	20250927060000	https://morungexpress.com/absurd-theatrics-glorification-of-terrorism-india-slams-pakistan-pms-remarks-at-unga
1265505869	20250927	202509	2025	2025.7315	PHL	PHILIPPINE	PHL								CHN	CHINA	CHN								1	060	060	06	2	6.0	1	1	1	-1.61290322580645	4	Subic, Zambales, Philippines	RP	RP64	24225	15.4333	119.9	-2454124	4	Subic, Zambales, Philippines	RP	RP64	24225	15.4333	119.9	-2454124	4	Subic, Zambales, Philippines	RP	RP64	24225	15.4333	119.9	-2454124	20250927060000	https://article.wn.com/view/2025/09/27/us_plotting_a_military_comeback_at_philippines_8217_subic_ba/
1265505870	20250927	202509	2025	2025.7315	PHL	PHILIPPINE	PHL								CHN	CHINA	CHN								1	060	060	06	2	6.0	2	1	2	-1.61290322580645	1	China	CH	CH		35	105	CH	4	Subic, Zambales, Philippines	RP	RP64	24225	15.4333	119.9	-2454124	4	Subic, Zambales, Philippines	RP	RP64	24225	15.4333	119.9	-2454124	20250927060000	https://article.wn.com/view/2025/09/27/us_plotting_a_military_comeback_at_philippines_8217_subic_ba/
1265505871	20250927	202509	2025	2025.7315	POL	POLISH	POL																		0	193	193	19	4	-10.0	2	1	2	-5.04266873545384	4	Hanover, Niedersachsen, Germany	GM	GM06	40698	52.3667	9.71667	-1785903	0								4	Paris, France (general), France	FR	FR00	16282	48.8667	2.33333	-1456928	20250927060000	https://www.irishtimes.com/opinion/2025/09/27/us-liberals-are-on-the-backfoot-maga-is-triumphant-and-democrats-pathetically-divided/
1265505872	20250927	202509	2025	2025.7315	POL	POLISH	POL																		0	193	193	19	4	-10.0	14	1	8	-5.04266873545384	1	Poland	PL	PL		52	20	PL	0								4	Paris, France (general), France	FR	FR00	16282	48.8667	2.33333	-1456928	20250927060000	https://www.irishtimes.com/opinion/2025/09/27/us-liberals-are-on-the-backfoot-maga-is-triumphant-and-democrats-pathetically-divided/
1265505873	20250927	202509	2025	2025.7315	PSE	PALESTINIAN	PSE																		0	010	010	01	1	0.0	2	1	2	-5.09383378016086	4	Gaza City, Israel (general), Israel	IS	IS00	18315	31.4167	34.3333	-797156	0								4	Al-Mawasi, Gaza Strip (general), Gaza Strip	GZ	GZ00	16446	31.3292	34.2311	10420173	20250927060000	https://tribune.com.pk/story/2569235/50-gazans-killed-in-fresh-israeli-strikes
1265505874	20250927	202509	2025	2025.7315	PSE	GAZA	PSE								ISR	ISRAELI	ISR								1	1123	112	11	3	-2.0	4	1	4	-5.09383378016086	4	Gaza, Israel (general), Israel	IS	IS00	18315	31.4167	34.3333	-797156	4	Gaza, Israel (general), Israel	IS	IS00	18315	31.4167	34.3333	-797156	4	Gaza, Israel (general), Israel	IS	IS00	18315	31.4167	34.3333	-797156	20250927060000	https://tribune.com.pk/story/2569235/50-gazans-killed-in-fresh-israeli-strikes
1265505875	20250927	202509	2025	2025.7315	PSE	PALESTINE	PSE								NZL	AUCKLAND	NZL								1	141	141	14	3	-6.5	2	1	2	-6.77290836653387	4	Gaza, Israel (general), Israel	IS	IS00	18315	31.4167	34.3333	-797156	4	Gaza, Israel (general), Israel	IS	IS00	18315	31.4167	34.3333	-797156	4	Gaza, Israel (general), Israel	IS	IS00	18315	31.4167	34.3333	-797156	20250927060000	https://livenews.co.nz/2025/09/27/activist-sector-aotearoa-for-palestine-condemns-foreign-minister-winston-peters-un-address-announces-auckland-harbour-bridge-protest-to-demand-sanctions/
1265505876	20250927	202509	2025	2025.7315	PSE	PALESTINE	PSE								NZL	AUCKLAND	NZL								1	141	141	14	3	-6.5	2	1	2	-6.77290836653387	1	New Zealand	NZ	NZ		-42	174	NZ	1	New Zealand	NZ	NZ		-42	174	NZ	4	Gaza, Israel (general), Israel	IS	IS00	18315	31.4167	34.3333	-797156	20250927060000	https://livenews.co.nz/2025/09/27/activist-sector-aotearoa-for-palestine-condemns-foreign-minister-winston-peters-un-address-announces-auckland-harbour-bridge-protest-to-demand-sanctions/
1265505877	20250927	202509	2025	2025.7315	PSE	PALESTINE	PSE								NZL	AUCKLAND	NZL								1	141	141	14	3	-6.5	6	1	6	-6.77290836653387	1	New Zealand	NZ	NZ		-42	174	NZ	1	New Zealand	NZ	NZ		-42	174	NZ	1	New Zealand	NZ	NZ		-42	174	NZ	20250927060000	https://livenews.co.nz/2025/09/27/activist-sector-aotearoa-for-palestine-condemns-foreign-minister-winston-peters-un-address-announces-auckland-harbour-bridge-protest-to-demand-sanctions/
1265505878	20250927	202509	2025	2025.7315	PTY	DEMOCRATIC PARTY																			0	112	112	11	3	-2.0	5	1	5	-5.39923954372624	2	Utah, United States	US	USUT		40.1135	-111.854	UT	0								2	Utah, United States	US	USUT		40.1135	-111.854	UT	20250927060000	https://independentaustralia.net/politics/politics-display/dont-ask-vunerable-people-to-feel-outrage-at-the-death-of-charlie-kirk,20210
1265505879	20250927	202509	2025	2025.7315	PTY	DEMOCRATIC PARTY																			0	141	141	14	3	-6.5	5	1	5	-5.39923954372624	2	Utah, United States	US	USUT		40.1135	-111.854	UT	0								2	Utah, United States	US	USUT		40.1135	-111.854	UT	20250927060000	https://independentaustralia.net/politics/politics-display/dont-ask-vunerable-people-to-feel-outrage-at-the-death-of-charlie-kirk,20210
1265505880	20250927	202509	2025	2025.7315	QAT	QATAR	QAT								GOV	DEPUTY PRIME MINISTER						GOV			1	057	057	05	1	8.0	1	1	1	2.88461538461539	1	Qatar	QA	QA		25.5	51.25	QA	1	Qatar	QA	QA		25.5	51.25	QA	1	Qatar	QA	QA		25.5	51.25	QA	20250927060000	https://www.gulf-times.com/article/711560/qatar/qatar-and-solomon-islands-sign-air-services-agreement
1265505881	20250927	202509	2025	2025.7315	QAT	QATAR	QAT								SLB	SOLOMON ISLAND	SLB								1	030	030	03	1	4.0	8	1	8	2.88461538461539	1	Qatar	QA	QA		25.5	51.25	QA	1	Solomon Islands	BP	BP		-8	159	BP	1	Qatar	QA	QA		25.5	51.25	QA	20250927060000	https://www.gulf-times.com/article/711560/qatar/qatar-and-solomon-islands-sign-air-services-agreement
1265505882	20250927	202509	2025	2025.7315	QAT	QATAR	QAT								SLB	SOLOMON ISLAND	SLB								1	030	030	03	1	4.0	2	1	2	2.88461538461539	1	Qatar	QA	QA		25.5	51.25	QA	1	Qatar	QA	QA		25.5	51.25	QA	1	Solomon Islands	BP	BP		-8	159	BP	20250927060000	https://www.gulf-times.com/article/711560/qatar/qatar-and-solomon-islands-sign-air-services-agreement
1265505883	20250927	202509	2025	2025.7315	QAT	QATAR	QAT								SLB	SOLOMON ISLAND	SLB								1	057	057	05	1	8.0	2	1	2	2.88461538461539	1	Solomon Islands	BP	BP		-8	159	BP	1	Solomon Islands	BP	BP		-8	159	BP	1	Qatar	QA	QA		25.5	51.25	QA	20250927060000	https://www.gulf-times.com/article/711560/qatar/qatar-and-solomon-islands-sign-air-services-agreement
1265505884	20250927	202509	2025	2025.7315	QAT	QATAR	QAT								SLB	SOLOMON ISLAND	SLB								1	057	057	05	1	8.0	4	1	4	2.88461538461539	1	Solomon Islands	BP	BP		-8	159	BP	1	Qatar	QA	QA		25.5	51.25	QA	1	Qatar	QA	QA		25.5	51.25	QA	20250927060000	https://www.gulf-times.com/article/711560/qatar/qatar-and-solomon-islands-sign-air-services-agreement
1265505885	20250927	202509	2025	2025.7315	QAT	QATAR	QAT								SLB	SOLOMON ISLAND	SLB								1	057	057	05	1	8.0	10	1	10	2.88461538461539	1	Qatar	QA	QA		25.5	51.25	QA	1	Solomon Islands	BP	BP		-8	159	BP	1	Qatar	QA	QA		25.5	51.25	QA	20250927060000	https://www.gulf-times.com/article/711560/qatar/qatar-and-solomon-islands-sign-air-services-agreement
1265505886	20250927	202509	2025	2025.7315	QAT	QATAR	QAT								SLB	SOLOMON ISLAND	SLB								1	057	057	05	1	8.0	4	1	4	2.88461538461539	1	Qatar	QA	QA		25.5	51.25	QA	1	Qatar	QA	QA		25.5	51.25	QA	1	Qatar	QA	QA		25.5	51.25	QA	20250927060000	https://www.gulf-times.com/article/711560/qatar/qatar-and-solomon-islands-sign-air-services-agreement
1265505887	20250927	202509	2025	2025.7315	REB	REBELLION						REB													0	130	130	13	3	-4.4	5	1	5	-5.04266873545384	3	Washington, District of Columbia, United States	US	USDC	DC001	38.8951	-77.0364	531871	0								3	Washington, District of Columbia, United States	US	USDC	DC001	38.8951	-77.0364	531871	20250927060000	https://www.irishtimes.com/opinion/2025/09/27/us-liberals-are-on-the-backfoot-maga-is-triumphant-and-democrats-pathetically-divided/
1265505888	20250927	202509	2025	2025.7315	REB	REBELLION						REB													0	130	130	13	3	-4.4	2	1	2	-5.04266873545384	2	Arizona, United States	US	USAZ		33.7712	-111.388	AZ	0								2	Arizona, United States	US	USAZ		33.7712	-111.388	AZ	20250927060000	https://www.irishtimes.com/opinion/2025/09/27/us-liberals-are-on-the-backfoot-maga-is-triumphant-and-democrats-pathetically-divided/
1265505889	20250927	202509	2025	2025.7315	REB	REBELLION						REB			USA	AMERICAN	USA								0	130	130	13	3	-4.4	3	1	3	-5.04266873545384	3	Washington, District of Columbia, United States	US	USDC	DC001	38.8951	-77.0364	531871	3	Washington, District of Columbia, United States	US	USDC	DC001	38.8951	-77.0364	531871	3	Washington, District of Columbia, United States	US	USDC	DC001	38.8951	-77.0364	531871	20250927060000	https://www.irishtimes.com/opinion/2025/09/27/us-liberals-are-on-the-backfoot-maga-is-triumphant-and-democrats-pathetically-divided/
1265505890	20250927	202509	2025	2025.7315	REL	BISHOP									GHA	GHANA	GHA								0	020	020	02	1	3.0	2	1	2	-4.57018498367791	4	Accra, Greater Accra, Ghana	GH	GH01	190655	5.55	-0.216667	-2067935	4	Accra, Greater Accra, Ghana	GH	GH01	190655	5.55	-0.216667	-2067935	4	Accra, Greater Accra, Ghana	GH	GH01	190655	5.55	-0.216667	-2067935	20250927060000	https://leadership.ng/kukah-and-failings-of-democracies-in-africa/
1265505891	20250927	202509	2025	2025.7315	REL	BISHOP									JORELI	HASSAN	JOR					ELI			0	020	020	02	1	3.0	3	1	3	-4.57018498367791	4	Sokoto, Sokoto, Nigeria	NI	NI51	190962	13.0609	5.23902	-2026911	4	Sokoto, Sokoto, Nigeria	NI	NI51	190962	13.0609	5.23902	-2026911	4	Sokoto, Sokoto, Nigeria	NI	NI51	190962	13.0609	5.23902	-2026911	20250927060000	https://leadership.ng/kukah-and-failings-of-democracies-in-africa/
1265505892	20250927	202509	2025	2025.7315	RUS	MOSCOW	RUS																		1	112	112	11	3	-2.0	7	1	7	-8.90233362143475	4	Kyiv, Kyyiv, Misto, Ukraine	UP	UP12	28554	50.4333	30.5167	-1044367	0								4	Kyiv, Kyyiv, Misto, Ukraine	UP	UP12	28554	50.4333	30.5167	-1044367	20250927060000	https://edition.cnn.com/2025/09/27/europe/putin-hybrid-war-europe-risks-intl
1265505893	20250927	202509	2025	2025.7315	RUS	RUSSIA	RUS								EST	ESTONIAN	EST								1	150	150	15	4	-7.2	1	1	1	-8.90233362143475	4	Moscow, Moskva, Russia	RS	RS48	25106	55.7522	37.6156	-2960561	1	Estonia	EN	EN		59	26	EN	1	Estonia	EN	EN		59	26	EN	20250927060000	https://edition.cnn.com/2025/09/27/europe/putin-hybrid-war-europe-risks-intl
1265505894	20250927	202509	2025	2025.7315	RUS	RUSSIA	RUS								EST	ESTONIAN	EST								1	150	150	15	4	-7.2	1	1	1	-8.90233362143475	4	Moscow, Moskva, Russia	RS	RS48	25106	55.7522	37.6156	-2960561	1	Poland	PL	PL		52	20	PL	1	Poland	PL	PL		52	20	PL	20250927060000	https://edition.cnn.com/2025/09/27/europe/putin-hybrid-war-europe-risks-intl
1265505895	20250927	202509	2025	2025.7315	RUS	MOSCOW	RUS								EUR	EUROPE	EUR								1	013	013	01	1	0.4	7	1	7	-8.90233362143475	4	Moscow, Moskva, Russia	RS	RS48	25106	55.7522	37.6156	-2960561	4	Moscow, Moskva, Russia	RS	RS48	25106	55.7522	37.6156	-2960561	4	Moscow, Moskva, Russia	RS	RS48	25106	55.7522	37.6156	-2960561	20250927060000	https://edition.cnn.com/2025/09/27/europe/putin-hybrid-war-europe-risks-intl
1265505896	20250927	202509	2025	2025.7315	RUS	MOSCOW	RUS								GRC	GREEK	GRC								1	010	010	01	1	0.0	10	1	10	-5.75539568345324	3	University Of Idaho, Idaho, United States	US	USID	ID057	46.7257	-117.011	375665	3	University Of Idaho, Idaho, United States	US	USID		46.7257	-117.011	375665	3	University Of Idaho, Idaho, United States	US	USID		46.7257	-117.011	375665	20250927060000	https://klewtv.com/news/local/phi-theta-delta-member-suspended-following-altercation-at-ui
1265505897	20250927	202509	2025	2025.7315	RUS	MOSCOW	RUS								HLH	HOSPITAL						HLH			1	073	073	07	2	7.4	2	1	2	-5.33980582524272	4	Moscow, Moskva, Russia	RS	RS48	25106	55.7522	37.6156	-2960561	4	Moscow, Moskva, Russia	RS	RS48	25106	55.7522	37.6156	-2960561	4	Moscow, Moskva, Russia	RS	RS48	25106	55.7522	37.6156	-2960561	20250927060000	https://www.spokesman.com/stories/2025/sep/26/moscow-delivery-driver-in-coma-after-fight-with-ui/
1265505898	20250927	202509	2025	2025.7315	RUS	RUSSIAN	RUS								RUSGOV	RUSSIA	RUS					GOV			0	043	043	04	1	2.8	2	1	2	-8.90233362143475	4	Kremlin, Moskva, Russia	RS	RS48	25106	55.7522	37.6156	-2960561	1	Poland	PL	PL		52	20	PL	4	Kremlin, Moskva, Russia	RS	RS48	25106	55.7522	37.6156	-2960561	20250927060000	https://edition.cnn.com/2025/09/27/europe/putin-hybrid-war-europe-risks-intl
1265505899	20250927	202509	2025	2025.7315	RUS	MOSCOW	RUS								USA	IDAHO	USA								1	042	042	04	1	1.9	4	1	4	-5.33980582524272	1	Greece	GR	GR		39	22	GR	1	Greece	GR	GR		39	22	GR	1	Greece	GR	GR		39	22	GR	20250927060000	https://www.spokesman.com/stories/2025/sep/26/moscow-delivery-driver-in-coma-after-fight-with-ui/
1265505900	20250927	202509	2025	2025.7315	RUSCOP	MOSCOW	RUS					COP			USA	IDAHO	USA								1	042	042	04	1	1.9	6	1	6	-5.33980582524272	4	Moscow, Moskva, Russia	RS	RS48	25106	55.7522	37.6156	-2960561	4	Moscow, Moskva, Russia	RS	RS48	25106	55.7522	37.6156	-2960561	4	Moscow, Moskva, Russia	RS	RS48	25106	55.7522	37.6156	-2960561	20250927060000	https://www.spokesman.com/stories/2025/sep/26/moscow-delivery-driver-in-coma-after-fight-with-ui/
1265505901	20250927	202509	2025	2025.7315	RUSGOV	RUSSIA	RUS					GOV			RUS	RUSSIAN	RUS								0	042	042	04	1	1.9	2	1	2	-8.90233362143475	1	Poland	PL	PL		52	20	PL	4	Kremlin, Moskva, Russia	RS	RS48	25106	55.7522	37.6156	-2960561	4	Kremlin, Moskva, Russia	RS	RS48	25106	55.7522	37.6156	-2960561	20250927060000	https://edition.cnn.com/2025/09/27/europe/putin-hybrid-war-europe-risks-intl
1265505902	20250927	202509	2025	2025.7315	SLB	SOLOMON ISLAND	SLB								QAT	QATAR	QAT								1	030	030	03	1	4.0	8	1	8	2.88461538461539	1	Solomon Islands	BP	BP		-8	159	BP	1	Qatar	QA	QA		25.5	51.25	QA	1	Qatar	QA	QA		25.5	51.25	QA	20250927060000	https://www.gulf-times.com/article/711560/qatar/qatar-and-solomon-islands-sign-air-services-agreement
1265505903	20250927	202509	2025	2025.7315	SLB	SOLOMON ISLAND	SLB								QAT	QATAR	QAT								1	030	030	03	1	4.0	2	1	2	2.88461538461539	1	Qatar	QA	QA		25.5	51.25	QA	1	Qatar	QA	QA		25.5	51.25	QA	1	Solomon Islands	BP	BP		-8	159	BP	20250927060000	https://www.gulf-times.com/article/711560/qatar/qatar-and-solomon-islands-sign-air-services-agreement
1265505904	20250927	202509	2025	2025.7315	SLB	SOLOMON ISLAND	SLB								QAT	QATAR	QAT								1	057	057	05	1	8.0	8	1	8	2.88461538461539	1	Solomon Islands	BP	BP		-8	159	BP	1	Qatar	QA	QA		25.5	51.25	QA	1	Solomon Islands	BP	BP		-8	159	BP	20250927060000	https://www.gulf-times.com/article/711560/qatar/qatar-and-solomon-islands-sign-air-services-agreement
1265505905	20250927	202509	2025	2025.7315	SLB	SOLOMON ISLAND	SLB								QAT	QATAR	QAT								1	057	057	05	1	8.0	10	1	10	2.88461538461539	1	Solomon Islands	BP	BP		-8	159	BP	1	Qatar	QA	QA		25.5	51.25	QA	1	Qatar	QA	QA		25.5	51.25	QA	20250927060000	https://www.gulf-times.com/article/711560/qatar/qatar-and-solomon-islands-sign-air-services-agreement
1265505906	20250927	202509	2025	2025.7315	SLB	SOLOMON ISLAND	SLB								QAT	QATAR	QAT								1	057	057	05	1	8.0	2	1	2	2.88461538461539	1	Qatar	QA	QA		25.5	51.25	QA	1	Qatar	QA	QA		25.5	51.25	QA	1	Solomon Islands	BP	BP		-8	159	BP	20250927060000	https://www.gulf-times.com/article/711560/qatar/qatar-and-solomon-islands-sign-air-services-agreement
1265505907	20250927	202509	2025	2025.7315	SPY	INTELLIGENCE						SPY			ETH	ETHIOPIA	ETH								1	057	057	05	1	8.0	2	1	2	5.68421052631578	4	Nairobi, Nairobi Area, Kenya	KE	KE05	18585	-1.28333	36.8167	-2258072	4	Addis Ababa, (ET10), Ethiopia	ET	ET10	47692	9.03333	38.7	-603097	4	Nairobi, Nairobi Area, Kenya	KE	KE05	18585	-1.28333	36.8167	-2258072	20250927060000	https://www.the-star.co.ke/news/2025-09-27-ethiopia-kenya-sign-new-defence-deal-for-intelligence-sharing
1265505908	20250927	202509	2025	2025.7315	SPY	INTELLIGENCE						SPY			ETH	ETHIOPIA	ETH								1	057	057	05	1	8.0	8	1	8	5.68421052631578	4	Addis Ababa, (ET10), Ethiopia	ET	ET10	47692	9.03333	38.7	-603097	4	Addis Ababa, (ET10), Ethiopia	ET	ET10	47692	9.03333	38.7	-603097	4	Nairobi, Nairobi Area, Kenya	KE	KE05	18585	-1.28333	36.8167	-2258072	20250927060000	https://www.the-star.co.ke/news/2025-09-27-ethiopia-kenya-sign-new-defence-deal-for-intelligence-sharing
1265505909	20250927	202509	2025	2025.7315	SPY	INTELLIGENCE						SPY			RUS	RUSSIA	RUS								1	090	090	09	2	-2.0	6	1	6	-6.65054413542926	1	Ukraine	UP	UP		49	32	UP	1	Ukraine	UP	UP		49	32	UP	1	Ukraine	UP	UP		49	32	UP	20250927060000	https://www.breitbart.com/politics/2025/09/26/charlie-kirk-saw-coming-former-fbi-director-comey-faces-federal-trial/
1265505910	20250927	202509	2025	2025.7315	TCD	CHAD	TCD																		0	193	193	19	4	-10.0	12	1	4	2.35294117647059	1	Chad	CD	CD		15	19	CD	0								1	Chad	CD	CD		15	19	CD	20250927060000	https://www.bangordailynews.com/2025/09/27/outdoors/hunting/here-are-some-of-the-biggest-moose-shot-in-maine-this-week/
1265505911	20250927	202509	2025	2025.7315	TUR	TURK	TUR								ISR	ISRAEL	ISR								1	111	111	11	3	-2.0	4	1	4	-3.2967032967033	1	United States	US	US		39.828175	-98.5795	US	1	United States	US	US		39.828175	-98.5795	US	1	United States	US	US		39.828175	-98.5795	US	20250927060000	https://tribune.com.pk/story/2569234/158-firms-linked-to-israeli-settlements
1265505912	20250927	202509	2025	2025.7315	TUR	TURK	TUR								PSE	PALESTINIAN	PSE								1	111	111	11	3	-2.0	6	1	6	-3.2967032967033	1	United States	US	US		39.828175	-98.5795	US	1	United States	US	US		39.828175	-98.5795	US	1	United States	US	US		39.828175	-98.5795	US	20250927060000	https://tribune.com.pk/story/2569234/158-firms-linked-to-israeli-settlements
1265505913	20250927	202509	2025	2025.7315	TWN	TAIWAN	TWN																		1	172	172	17	4	-5.0	4	1	4	-7.40740740740741	4	Hualien, Hualian Xian, Taiwan	TW	TW10	13277	23.9769	121.604	-2631690	0								4	Hualien, Hualian Xian, Taiwan	TW	TW10	13277	23.9769	121.604	-2631690	20250927060000	https://news.tuoitre.vn/taiwan-rescuers-battle-thick-mud-to-look-for-missing-from-super-typhoon-ragasa-103250927105325578.htm
1265505914	20250927	202509	2025	2025.7315	UAF	TERRORIST						UAF			PAK	PAKISTAN	PAK								1	0841	084	08	2	7.0	6	1	6	-5.91715976331361	4	Jammu, Jammu and Kashmir, India	IN	IN12	72851	32.7333	74.8667	-2098228	4	Bahawalpur, Punjab, Pakistan	PK	PK04	23670	30.0667	71.4333	-2755461	4	Jammu, Jammu and Kashmir, India	IN	IN12	72851	32.7333	74.8667	-2098228	20250927060000	https://www.newsonair.gov.in/india-delivers-sharp-rebuttal-to-pakistan-pm-shehbaz-sharifs-speech-at-unga/
1265505915	20250927	202509	2025	2025.7315	UAF	TERRORIST						UAF			PAK	PAKISTAN	PAK								1	0841	084	08	2	7.0	2	1	2	-5.91715976331361	4	Jammu, Jammu and Kashmir, India	IN	IN12	72851	32.7333	74.8667	-2098228	4	Bahawalpur, Punjab, Pakistan	PK	PK04	23670	30.0667	71.4333	-2755461	4	Bahawalpur, Punjab, Pakistan	PK	PK04	23670	30.0667	71.4333	-2755461	20250927060000	https://www.newsonair.gov.in/india-delivers-sharp-rebuttal-to-pakistan-pm-shehbaz-sharifs-speech-at-unga/
1265505916	20250927	202509	2025	2025.7315	UAF	TERRORIST						UAF			PAK	PAKISTAN	PAK								1	0841	084	08	2	7.0	2	1	2	-5.91715976331361	4	Bahawalpur, Punjab, Pakistan	PK	PK04	23670	30.0667	71.4333	-2755461	4	Jammu, Jammu and Kashmir, India	IN	IN12	72851	32.7333	74.8667	-2098228	4	Bahawalpur, Punjab, Pakistan	PK	PK04	23670	30.0667	71.4333	-2755461	20250927060000	https://www.newsonair.gov.in/india-delivers-sharp-rebuttal-to-pakistan-pm-shehbaz-sharifs-speech-at-unga/
1265505917	20250927	202509	2025	2025.7315	UAF	TERRORIST						UAF			PAK	PAKISTAN	PAK								0	112	112	11	3	-2.0	2	1	2	-5.91715976331361	4	Muridke, Punjab, Pakistan	PK	PK04	23677	31.8025	74.2617	-2769843	4	Jammu, Jammu and Kashmir, India	IN	IN12	72851	32.7333	74.8667	-2098228	4	Jammu, Jammu and Kashmir, India	IN	IN12	72851	32.7333	74.8667	-2098228	20250927060000	https://www.newsonair.gov.in/india-delivers-sharp-rebuttal-to-pakistan-pm-shehbaz-sharifs-speech-at-unga/
1265505918	20250927	202509	2025	2025.7315	UAF	TERRORIST						UAF			PAK	PAKISTAN	PAK								0	112	112	11	3	-2.0	8	1	8	-5.91715976331361	4	Muridke, Punjab, Pakistan	PK	PK04	23677	31.8025	74.2617	-2769843	4	Muridke, Punjab, Pakistan	PK	PK04	23677	31.8025	74.2617	-2769843	4	Jammu, Jammu and Kashmir, India	IN	IN12	72851	32.7333	74.8667	-2098228	20250927060000	https://www.newsonair.gov.in/india-delivers-sharp-rebuttal-to-pakistan-pm-shehbaz-sharifs-speech-at-unga/
1265505919	20250927	202509	2025	2025.7315	UAF	TERRORIST						UAF			PAK	PAKISTAN	PAK								0	1123	112	11	3	-2.0	6	1	6	-9.02777777777779	4	Muridke, Punjab, Pakistan	PK	PK04	23677	31.8025	74.2617	-2769843	4	Muridke, Punjab, Pakistan	PK	PK04	23677	31.8025	74.2617	-2769843	1	India	IN	IN		20	77	IN	20250927060000	https://morungexpress.com/absurd-theatrics-glorification-of-terrorism-india-slams-pakistan-pms-remarks-at-unga
1265505920	20250927	202509	2025	2025.7315	UAF	TERRORIST						UAF			PAK	PAKISTAN	PAK								0	1123	112	11	3	-2.0	2	1	2	-9.02777777777779	4	Muridke, Punjab, Pakistan	PK	PK04	23677	31.8025	74.2617	-2769843	1	India	IN	IN		20	77	IN	4	Muridke, Punjab, Pakistan	PK	PK04	23677	31.8025	74.2617	-2769843	20250927060000	https://morungexpress.com/absurd-theatrics-glorification-of-terrorism-india-slams-pakistan-pms-remarks-at-unga
1265505921	20250927	202509	2025	2025.7315	UKR	UKRAINE	UKR																		0	173	173	17	4	-5.0	4	1	4	-8.90233362143475	4	Kyiv, Kyyiv, Misto, Ukraine	UP	UP12	28554	50.4333	30.5167	-1044367	0								4	Moscow, Moskva, Russia	RS	RS48	25106	55.7522	37.6156	-2960561	20250927060000	https://edition.cnn.com/2025/09/27/europe/putin-hybrid-war-europe-risks-intl
1265505922	20250927	202509	2025	2025.7315	UKR	UKRAINE	UKR																		0	173	173	17	4	-5.0	1	1	1	-8.90233362143475	4	Moscow, Moskva, Russia	RS	RS48	25106	55.7522	37.6156	-2960561	0								4	Kyiv, Kyyiv, Misto, Ukraine	UP	UP12	28554	50.4333	30.5167	-1044367	20250927060000	https://edition.cnn.com/2025/09/27/europe/putin-hybrid-war-europe-risks-intl
1265505923	20250927	202509	2025	2025.7315	UKR	KYIV	UKR								CHNGOV	CHINA	CHN					GOV			0	050	050	05	1	3.5	2	1	2	-8.90233362143475	4	Kyiv, Kyyiv, Misto, Ukraine	UP	UP12	28554	50.4333	30.5167	-1044367	4	Kyiv, Kyyiv, Misto, Ukraine	UP	UP12	28554	50.4333	30.5167	-1044367	4	Kyiv, Kyyiv, Misto, Ukraine	UP	UP12	28554	50.4333	30.5167	-1044367	20250927060000	https://edition.cnn.com/2025/09/27/europe/putin-hybrid-war-europe-risks-intl
1265505924	20250927	202509	2025	2025.7315	UKR	KYIV	UKR								CHNGOV	CHINA	CHN					GOV			0	050	050	05	1	3.5	8	1	8	-8.90233362143475	4	Kyiv, Kyyiv, Misto, Ukraine	UP	UP12	28554	50.4333	30.5167	-1044367	1	China	CH	CH		35	105	CH	1	China	CH	CH		35	105	CH	20250927060000	https://edition.cnn.com/2025/09/27/europe/putin-hybrid-war-europe-risks-intl
1265505925	20250927	202509	2025	2025.7315	UKR	UKRAINIAN	UKR								POL	POLAND	POL								0	173	173	17	4	-5.0	8	1	8	-8.90233362143475	4	Kyiv, Kyyiv, Misto, Ukraine	UP	UP12	28554	50.4333	30.5167	-1044367	1	Poland	PL	PL		52	20	PL	1	Poland	PL	PL		52	20	PL	20250927060000	https://edition.cnn.com/2025/09/27/europe/putin-hybrid-war-europe-risks-intl
1265505926	20250927	202509	2025	2025.7315	UKR	UKRAINIAN	UKR								POL	POLAND	POL								0	173	173	17	4	-5.0	2	1	2	-8.90233362143475	5	Essex, Essex, United Kingdom	UK	UKE4	40108	51.8333	0.583333	-2595724	5	Essex, Essex, United Kingdom	UK	UKE4	40108	51.8333	0.583333	-2595724	5	Essex, Essex, United Kingdom	UK	UKE4	40108	51.8333	0.583333	-2595724	20250927060000	https://edition.cnn.com/2025/09/27/europe/putin-hybrid-war-europe-risks-intl
1265505927	20250927	202509	2025	2025.7315	USA	UNITED STATES	USA																		1	010	010	01	1	0.0	4	1	4	-5.61797752808989	3	Harrison Police Department, Nebraska, United States	US	USNE	NE165	42.6872	-103.883	1827858	0								3	Harrison Police Department, Nebraska, United States	US	USNE		42.6872	-103.883	1827858	20250927060000	http://harrisondaily.com/stories/scams-hurting-locals-crime-update,325825
1265505928	20250927	202509	2025	2025.7315	USA	SAN DIEGO	USA																		1	010	010	01	1	0.0	8	1	8	-3.6697247706422	3	Descanso, California, United States	US	USCA	CA073	32.8528	-116.616	241422	0								3	Descanso, California, United States	US	USCA	CA073	32.8528	-116.616	241422	20250927060000	https://www.cbs8.com/article/news/local/prevent-any-death-we-can-san-diego-sheriff-outlines-reforms/509-4cff5e08-c3f3-4615-bba8-be4c10c48543
1265505929	20250927	202509	2025	2025.7315	USA	SAN DIEGO	USA																		0	010	010	01	1	0.0	1	1	1	-1.0351966873706	1	Afghanistan	AF	AF		33	66	AF	0								1	Afghanistan	AF	AF		33	66	AF	20250927060000	https://www.cbs8.com/article/news/local/federal-judge-orders-release-afghan-interpreter-detained-ice/509-b0191cef-0f35-4ecd-864d-9dcf03119d4e
1265505930	20250927	202509	2025	2025.7315	USA	UNITED STATES	USA																		0	010	010	01	1	0.0	1	1	1	-2.88790993636809	2	Iowa, United States	US	USIA		42.0046	-93.214	IA	0								3	Des Moines, Iowa, United States	US	USIA		41.6005	-93.6091	465961	20250927060000	https://www.yahoo.com/news/articles/des-moines-public-schools-superintendent-174205995.html
1265505931	20250927	202509	2025	2025.7315	USA	UNITED STATES	USA																		1	011	011	01	1	-0.1	1	1	1	-2.64227642276422	1	Jordan	JO	JO		31	36	JO	0								1	Jordan	JO	JO		31	36	JO	20250927060000	http://www.news9.com/story/68d75fae954825fdc9673c15/oklahoma-leaders-await-walters-official-resignation-letter-to-move-education-forward
1265505932	20250927	202509	2025	2025.7315	USA	UNITED STATES	USA																		1	011	011	01	1	-0.1	2	1	2	-2.64227642276422	2	Wisconsin, United States	US	USWI		44.2563	-89.6385	WI	0								2	Wisconsin, United States	US	USWI		44.2563	-89.6385	WI	20250927060000	http://www.news9.com/story/68d75fae954825fdc9673c15/oklahoma-leaders-await-walters-official-resignation-letter-to-move-education-forward
1265505933	20250927	202509	2025	2025.7315	USA	LAWRENCE	USA																		1	012	012	01	1	-0.4	5	1	5	-0.38022813688213	0								0								0								20250927060000	https://zoutpansberger.co.za/articles/news/63151/2025-09-27/louis-trichardt-clinic-patients-use-buckets-as-water-runs-dry
1265505934	20250927	202509	2025	2025.7315	USA	UNITED STATES	USA																		0	012	012	01	1	-0.4	2	1	2	-3.67047308319739	3	Fort Wayne, Indiana, United States	US	USIN	IN003	41.1306	-85.1289	434689	0								3	Fort Wayne, Indiana, United States	US	USIN		41.1306	-85.1289	434689	20250927060000	https://www.journalgazette.net/opinion/columnists/funding-final-hurdle-as-fort-wayne-works-to-help-the-homeless/article_f7ab0f34-2156-43a4-a32a-e906814a7a51.html
1265505935	20250927	202509	2025	2025.7315	USA	UNITED STATES	USA																		1	015	015	01	1	0.0	10	1	4	-13.125	3	Moses Lake, Washington, United States	US	USWA	WA025	47.1301	-119.278	1512481	0								3	Moses Lake, Washington, United States	US	USWA		47.1301	-119.278	1512481	20250927060000	https://www.spokesman.com/stories/2025/sep/26/washington-records/
1265505936	20250927	202509	2025	2025.7315	USA	ALASKA	USA																		0	020	020	02	1	3.0	1	1	1	1.00521221146687	4	Mullingar, Westmeath, Ireland	EI	EI29	18307	53.5333	-7.35	-1504774	0								4	Mullingar, Westmeath, Ireland	EI	EI29	18307	53.5333	-7.35	-1504774	20250927060000	https://www.irishtimes.com/food/2025/09/27/i-just-wanted-to-fade-away-baker-una-leonard-on-her-recovery-from-disordered-eating/
1265505937	20250927	202509	2025	2025.7315	USA	UNITED STATES	USA																		1	020	020	02	1	3.0	8	1	8	1.33155792276964	3	Longview, Texas, United States	US	USTX	TX183	32.5007	-94.7405	1374716	0								3	Longview, Texas, United States	US	USTX	TX183	32.5007	-94.7405	1374716	20250927060000	https://news-journal.com/2025/09/27/business-beat-new-longview-store-specializes-in-vintage-clothing/
1265505938	20250927	202509	2025	2025.7315	USA	UNITED STATES	USA																		1	020	020	02	1	3.0	4	1	4	-5.61797752808989	3	Harrison Police Department, Nebraska, United States	US	USNE	NE165	42.6872	-103.883	1827858	0								3	Harrison Police Department, Nebraska, United States	US	USNE		42.6872	-103.883	1827858	20250927060000	http://harrisondaily.com/stories/scams-hurting-locals-crime-update,325825
1265505939	20250927	202509	2025	2025.7315	USA	SAN DIEGO	USA																		1	020	020	02	1	3.0	10	1	10	-1.93321616871705	3	City Of San Diego, California, United States	US	USCA	CA073	32.817	-117.134	2411782	0								3	City Of San Diego, California, United States	US	USCA		32.817	-117.134	2411782	20250927060000	https://www.cbs8.com/article/news/local/12-story-120-unit-proposed-project-backlash-mission-hills/509-f3e307d7-c916-48b6-befe-239504a61bb7
1265505940	20250927	202509	2025	2025.7315	USA	UNITED STATES	USA																		0	020	020	02	1	3.0	2	1	2	-3.6697247706422	3	San Diego County, California, United States	US	USCA	CA073	33.0334	-116.801	277301	0								3	San Diego County, California, United States	US	USCA		33.0334	-116.801	277301	20250927060000	https://www.cbs8.com/article/news/local/prevent-any-death-we-can-san-diego-sheriff-outlines-reforms/509-4cff5e08-c3f3-4615-bba8-be4c10c48543
1265505941	20250927	202509	2025	2025.7315	USA	OKLAHOMA	USA																		1	020	020	02	1	3.0	8	1	8	-0.72942223505075	2	Oklahoma, United States	US	USOK		35.5376	-96.9247	OK	0								2	Oklahoma, United States	US	USOK		35.5376	-96.9247	OK	20250927060000	http://www.news9.com/story/68d75fae954825fdc9673c15/oklahoma-leaders-await-walters-official-resignation-letter-to-move-education-forward
1265505942	20250927	202509	2025	2025.7315	USA	ARKANSAS	USA																		0	027	027	02	1	4.0	10	1	10	1.73913043478261	2	Arkansas, United States	US	USAR		34.9513	-92.3809	AR	0								2	Arkansas, United States	US	USAR		34.9513	-92.3809	AR	20250927060000	http://harrisondaily.com/stories/center-for-food-safety-fills-gaps-in-research-on-hand-sanitizers,325807
1265505943	20250927	202509	2025	2025.7315	USA	UNITED STATES	USA																		0	030	030	03	1	4.0	1	1	1	-0.15698587127158	3	Kerrville, Texas, United States	US	USTX	TX265	30.0474	-99.1403	1339058	0								3	Kerrville, Texas, United States	US	USTX	TX265	30.0474	-99.1403	1339058	20250927060000	https://news-journal.com/2025/09/26/longview-firefighters-commended-for-central-texas-flood-response-they-did-a-phenomenal-job/
1265505944	20250927	202509	2025	2025.7315	USA	TEXAS	USA																		1	036	036	03	1	4.0	1	1	1	1.33155792276964	3	Longview, Texas, United States	US	USTX	TX183	32.5007	-94.7405	1374716	0								3	Longview, Texas, United States	US	USTX	TX183	32.5007	-94.7405	1374716	20250927060000	https://news-journal.com/2025/09/27/business-beat-new-longview-store-specializes-in-vintage-clothing/
1265505945	20250927	202509	2025	2025.7315	USA	TEXAS	USA																		1	036	036	03	1	4.0	7	1	7	1.33155792276964	2	Texas, United States	US	USTX		31.106	-97.6475	TX	0								3	Longview, Texas, United States	US	USTX	TX183	32.5007	-94.7405	1374716	20250927060000	https://news-journal.com/2025/09/27/business-beat-new-longview-store-specializes-in-vintage-clothing/
1265505946	20250927	202509	2025	2025.7315	USA	UNITED STATES	USA																		0	040	040	04	1	1.0	3	1	3	-0.15698587127158	3	Kerrville, Texas, United States	US	USTX	TX265	30.0474	-99.1403	1339058	0								3	Kerrville, Texas, United States	US	USTX	TX265	30.0474	-99.1403	1339058	20250927060000	https://news-journal.com/2025/09/26/longview-firefighters-commended-for-central-texas-flood-response-they-did-a-phenomenal-job/
1265505947	20250927	202509	2025	2025.7315	USA	UNITED STATES	USA																		1	040	040	04	1	1.0	4	1	4	1.67064439140811	3	Essex, New York, United States	US	USNY	NY031	44.3101	-73.3526	949713	0								3	Essex, New York, United States	US	USNY	NY031	44.3101	-73.3526	949713	20250927060000	https://www.salisburyjournal.co.uk/news/25494571.salisbury-filmmaker-says-birthmark-helped-shape-life/
1265505948	20250927	202509	2025	2025.7315	USA	UNITED STATES	USA																		0	042	042	04	1	1.9	5	1	5	-0.15698587127158	3	Kerrville, Texas, United States	US	USTX	TX265	30.0474	-99.1403	1339058	0								3	Kerrville, Texas, United States	US	USTX	TX265	30.0474	-99.1403	1339058	20250927060000	https://news-journal.com/2025/09/26/longview-firefighters-commended-for-central-texas-flood-response-they-did-a-phenomenal-job/
1265505949	20250927	202509	2025	2025.7315	USA	UNITED STATES	USA																		0	042	042	04	1	1.9	1	1	1	-0.15698587127158	3	Longview, Texas, United States	US	USTX	TX183	32.5007	-94.7405	1374716	0								3	Longview, Texas, United States	US	USTX	TX183	32.5007	-94.7405	1374716	20250927060000	https://news-journal.com/2025/09/26/longview-firefighters-commended-for-central-texas-flood-response-they-did-a-phenomenal-job/
1265505950	20250927	202509	2025	2025.7315	USA	UNITED STATES	USA																		0	042	042	04	1	1.9	5	1	5	-1.09514031485284	3	Bar Harbor, Maine, United States	US	USME	ME009	44.3876	-68.2039	561569	0								3	Bar Harbor, Maine, United States	US	USME		44.3876	-68.2039	561569	20250927060000	https://www.bangordailynews.com/2025/09/27/outdoors/recreation/best-fall-hikes-maine-joam40zk0w/
1265505951	20250927	202509	2025	2025.7315	USA	UNITED STATES	USA																		0	042	042	04	1	1.9	1	1	1	-1.09514031485284	3	Mount Desert Island, Maine, United States	US	USME	ME009	44.349	-68.3442	579991	0								3	Mount Desert Island, Maine, United States	US	USME		44.349	-68.3442	579991	20250927060000	https://www.bangordailynews.com/2025/09/27/outdoors/recreation/best-fall-hikes-maine-joam40zk0w/
1265505952	20250927	202509	2025	2025.7315	USA	UNITED STATES	USA																		0	043	043	04	1	2.8	3	1	3	-0.430570505920341	3	Rocky Mountain, Colorado, United States	US	USCO	CO041	38.8597	-104.957	193446	0								3	Rocky Mountain, Colorado, United States	US	USCO		38.8597	-104.957	193446	20250927060000	https://www.northwestgeorgianews.com/rome/lifestyles/local/auraria-georgia-s-golden-ghost-town/article_2d9bbf97-f7cb-4231-94d7-35d307df6813.html
1265505953	20250927	202509	2025	2025.7315	USA	UNITED STATES	USA																		0	043	043	04	1	2.8	1	1	1	-0.430570505920341	3	Auraria, Georgia, United States	US	USGA	GA187	34.4745	-84.0232	354415	0								3	Auraria, Georgia, United States	US	USGA	GA187	34.4745	-84.0232	354415	20250927060000	https://www.northwestgeorgianews.com/rome/lifestyles/local/auraria-georgia-s-golden-ghost-town/article_2d9bbf97-f7cb-4231-94d7-35d307df6813.html
1265505954	20250927	202509	2025	2025.7315	USA	ARIZONA	USA																		1	043	043	04	1	2.8	4	1	4	-1.47058823529412	2	Arizona, United States	US	USAZ		33.7712	-111.388	AZ	0								2	Texas, United States	US	USTX		31.106	-97.6475	TX	20250927060000	http://www.pressreporter.com/news/moment-history
1265505955	20250927	202509	2025	2025.7315	USA	UNITED STATES	USA																		0	050	050	05	1	3.5	2	1	2	1.18343195266272	2	Oklahoma, United States	US	USOK		35.5376	-96.9247	OK	0								2	Oklahoma, United States	US	USOK		35.5376	-96.9247	OK	20250927060000	http://www.news9.com/story/68d75f6942911933d47e54b4/ryan-walters-proposes-4-billion-education-budget-request
1265505956	20250927	202509	2025	2025.7315	USA	UNITED STATES	USA																		1	051	051	05	1	3.4	2	1	2	5.4320987654321	3	Boone County, Arkansas, United States	US	USAR	AR009	36.3001	-93.1546	69897	0								3	Boone County, Arkansas, United States	US	USAR		36.3001	-93.1546	69897	20250927060000	http://harrisondaily.com/stories/reeves-named-2025-ozarks-ambassador,325510
1265505957	20250927	202509	2025	2025.7315	USA	UNITED STATES	USA																		1	051	051	05	1	3.4	2	1	2	1.34228187919463	3	Pine Bluff, Arkansas, United States	US	USAR	AR069	34.2284	-92.0032	78006	0								3	Pine Bluff, Arkansas, United States	US	USAR		34.2284	-92.0032	78006	20250927060000	https://www.pbcommercial.com/news/2025/sep/26/home-again-nonprofit-awarded-30000/
1265505958	20250927	202509	2025	2025.7315	USA	AMERICAN	USA																		1	051	051	05	1	3.4	6	1	6	2.3109243697479	3	Lake Mcdonald, Montana, United States	US	USMT	MT029	48.6208	-113.872	785919	0								3	Lake Mcdonald, Montana, United States	US	USMT		48.6208	-113.872	785919	20250927060000	https://www.spokesman.com/stories/2025/sep/26/new-americans-celebrate-citizenship-in-glacier-nat/
1265505959	20250927	202509	2025	2025.7315	USA	AMERICAN	USA																		1	051	051	05	1	3.4	2	1	2	2.3109243697479	1	Canada	CA	CA		60	-96	CA	0								1	Canada	CA	CA		60	-96	CA	20250927060000	https://www.spokesman.com/stories/2025/sep/26/new-americans-celebrate-citizenship-in-glacier-nat/
1265505960	20250927	202509	2025	2025.7315	USA	UNITED STATES	USA																		0	060	060	06	2	6.0	4	1	4	-0.15698587127158	3	Longview, Texas, United States	US	USTX	TX183	32.5007	-94.7405	1374716	0								3	Longview, Texas, United States	US	USTX	TX183	32.5007	-94.7405	1374716	20250927060000	https://news-journal.com/2025/09/26/longview-firefighters-commended-for-central-texas-flood-response-they-did-a-phenomenal-job/
1265505961	20250927	202509	2025	2025.7315	USA	SAN DIEGO	USA																		1	060	060	06	2	6.0	8	1	8	-4.72350230414746	3	San Diego, California, United States	US	USCA	CA073	32.7153	-117.157	1661377	0								3	San Diego, California, United States	US	USCA		32.7153	-117.157	1661377	20250927060000	https://www.cbs8.com/article/news/local/father-sues-cosmetic-surgeon-after-daughter-dies-after-routine-surgery/509-a5a15cea-d17f-4833-b231-768b82aebb4c
1265505962	20250927	202509	2025	2025.7315	USA	UNITED STATES	USA																		1	060	060	06	2	6.0	2	1	2	1.34228187919463	3	Pine Bluff, Arkansas, United States	US	USAR	AR069	34.2284	-92.0032	78006	0								3	Pine Bluff, Arkansas, United States	US	USAR		34.2284	-92.0032	78006	20250927060000	https://www.pbcommercial.com/news/2025/sep/26/home-again-nonprofit-awarded-30000/
1265505963	20250927	202509	2025	2025.7315	USA	UNITED STATES	USA																		1	071	071	07	2	7.4	2	1	2	1.34228187919463	3	Dallas, Texas, United States	US	USTX	TX113	32.7831	-96.8067	1380944	0								3	Dallas, Texas, United States	US	USTX	TX113	32.7831	-96.8067	1380944	20250927060000	https://www.pbcommercial.com/news/2025/sep/26/home-again-nonprofit-awarded-30000/
1265505964	20250927	202509	2025	2025.7315	USA	SAN DIEGO	USA																		1	071	071	07	2	7.4	10	1	10	-1.93321616871705	3	City Of San Diego, California, United States	US	USCA	CA073	32.817	-117.134	2411782	0								3	City Of San Diego, California, United States	US	USCA		32.817	-117.134	2411782	20250927060000	https://www.cbs8.com/article/news/local/12-story-120-unit-proposed-project-backlash-mission-hills/509-f3e307d7-c916-48b6-befe-239504a61bb7
1265505965	20250927	202509	2025	2025.7315	USA	UNITED STATES	USA																		0	073	073	07	2	7.4	2	1	2	-0.15698587127158	3	Kerrville, Texas, United States	US	USTX	TX265	30.0474	-99.1403	1339058	0								3	Kerrville, Texas, United States	US	USTX	TX265	30.0474	-99.1403	1339058	20250927060000	https://news-journal.com/2025/09/26/longview-firefighters-commended-for-central-texas-flood-response-they-did-a-phenomenal-job/
1265505966	20250927	202509	2025	2025.7315	USA	UNITED STATES	USA																		0	073	073	07	2	7.4	1	1	1	-0.15698587127158	3	Longview, Texas, United States	US	USTX	TX183	32.5007	-94.7405	1374716	0								3	Kerrville, Texas, United States	US	USTX	TX265	30.0474	-99.1403	1339058	20250927060000	https://news-journal.com/2025/09/26/longview-firefighters-commended-for-central-texas-flood-response-they-did-a-phenomenal-job/
1265505967	20250927	202509	2025	2025.7315	USA	UNITED STATES	USA																		0	073	073	07	2	7.4	5	1	5	-0.15698587127158	3	Longview, Texas, United States	US	USTX	TX183	32.5007	-94.7405	1374716	0								3	Longview, Texas, United States	US	USTX	TX183	32.5007	-94.7405	1374716	20250927060000	https://news-journal.com/2025/09/26/longview-firefighters-commended-for-central-texas-flood-response-they-did-a-phenomenal-job/
1265505968	20250927	202509	2025	2025.7315	USA	UNITED STATES	USA																		1	073	073	07	2	7.4	1	1	1	-0.15698587127158	3	Longview, Texas, United States	US	USTX	TX183	32.5007	-94.7405	1374716	0								2	Texas, United States	US	USTX		31.106	-97.6475	TX	20250927060000	https://news-journal.com/2025/09/26/longview-firefighters-commended-for-central-texas-flood-response-they-did-a-phenomenal-job/
1265505969	20250927	202509	2025	2025.7315	USA	UNITED STATES	USA																		1	073	073	07	2	7.4	1	1	1	-0.15698587127158	2	Texas, United States	US	USTX		31.106	-97.6475	TX	0								3	Kerrville, Texas, United States	US	USTX	TX265	30.0474	-99.1403	1339058	20250927060000	https://news-journal.com/2025/09/26/longview-firefighters-commended-for-central-texas-flood-response-they-did-a-phenomenal-job/
1265505970	20250927	202509	2025	2025.7315	USA	UNITED STATES	USA																		1	0874	087	08	2	10.0	6	1	6	1.7167381974249	3	Green Forest, Arkansas, United States	US	USAR	AR015	36.3353	-93.436	49632	0								3	Green Forest, Arkansas, United States	US	USAR		36.3353	-93.436	49632	20250927060000	http://harrisondaily.com/stories/news-from-yocum,325228
1265505971	20250927	202509	2025	2025.7315	USA	UNITED STATES	USA																		1	0874	087	08	2	10.0	2	1	2	1.7167381974249	3	Green Forest, Arkansas, United States	US	USAR	AR015	36.3353	-93.436	49632	0								2	Arkansas, United States	US	USAR		34.9513	-92.3809	AR	20250927060000	http://harrisondaily.com/stories/news-from-yocum,325228
1265505972	20250927	202509	2025	2025.7315	USA	UNITED STATES	USA																		1	090	090	09	2	-2.0	2	1	2	-0.24038461538461	2	Arkansas, United States	US	USAR		34.9513	-92.3809	AR	0								2	Arkansas, United States	US	USAR		34.9513	-92.3809	AR	20250927060000	https://www.pbcommercial.com/news/2025/sep/26/initiative-offers-blood-pressure-test-kits-to/
1265505973	20250927	202509	2025	2025.7315	USA	UNITED STATES	USA																		1	091	091	09	2	-2.0	6	1	6	-3.67047308319739	3	Fort Wayne, Indiana, United States	US	USIN	IN003	41.1306	-85.1289	434689	0								3	Fort Wayne, Indiana, United States	US	USIN		41.1306	-85.1289	434689	20250927060000	https://www.journalgazette.net/opinion/columnists/funding-final-hurdle-as-fort-wayne-works-to-help-the-homeless/article_f7ab0f34-2156-43a4-a32a-e906814a7a51.html
1265505974	20250927	202509	2025	2025.7315	USA	UNITED STATES	USA																		0	101	101	10	3	-5.0	2	1	2	-2.88790993636809	2	Iowa, United States	US	USIA		42.0046	-93.214	IA	0								3	Polk County, Iowa, United States	US	USIA		41.6833	-93.5835	465265	20250927060000	https://www.yahoo.com/news/articles/des-moines-public-schools-superintendent-174205995.html
1265505975	20250927	202509	2025	2025.7315	USA	IOWA	USA																		0	101	101	10	3	-5.0	5	1	5	-2.88790993636809	2	Iowa, United States	US	USIA		42.0046	-93.214	IA	0								2	Iowa, United States	US	USIA		42.0046	-93.214	IA	20250927060000	https://www.yahoo.com/news/articles/des-moines-public-schools-superintendent-174205995.html
1265505976	20250927	202509	2025	2025.7315	USA	UNITED STATES	USA																		0	1721	172	17	4	-5.0	2	1	2	-5.04266873545384	2	New York, United States	US	USNY		42.1497	-74.9384	NY	0								2	New York, United States	US	USNY		42.1497	-74.9384	NY	20250927060000	https://www.irishtimes.com/opinion/2025/09/27/us-liberals-are-on-the-backfoot-maga-is-triumphant-and-democrats-pathetically-divided/
1265505977	20250927	202509	2025	2025.7315	USA	UNITED STATES	USA																		0	186	186	18	4	-10.0	5	1	4	-6.65054413542926	3	White House, District of Columbia, United States	US	USDC		38.8951	-77.0364	531871	0								3	White House, District of Columbia, United States	US	USDC		38.8951	-77.0364	531871	20250927060000	https://www.breitbart.com/politics/2025/09/26/charlie-kirk-saw-coming-former-fbi-director-comey-faces-federal-trial/
1265505978	20250927	202509	2025	2025.7315	USA	UNITED STATES	USA																		1	190	190	19	4	-10.0	14	1	4	-2.68361581920904	2	Washington, United States	US	USWA		47.3917	-121.571	WA	0								2	Washington, United States	US	USWA		47.3917	-121.571	WA	20250927060000	https://www.unionleader.com/opinion/columnists/patrick-hynes-let-s-commit-to-civil-discourse/article_36b1199e-b8b3-42fa-9cc9-053d2e07f6a4.html
1265505979	20250927	202509	2025	2025.7315	USA	UNITED STATES	USA																		0	193	193	19	4	-10.0	1	1	1	-5.04266873545384	2	Arizona, United States	US	USAZ		33.7712	-111.388	AZ	0								4	Paris, France (general), France	FR	FR00	16282	48.8667	2.33333	-1456928	20250927060000	https://www.irishtimes.com/opinion/2025/09/27/us-liberals-are-on-the-backfoot-maga-is-triumphant-and-democrats-pathetically-divided/
1265505980	20250927	202509	2025	2025.7315	USA	UNITED STATES	USA																		1	193	193	19	4	-10.0	4	1	4	2.35294117647059	1	Chad	CD	CD		15	19	CD	0								1	Chad	CD	CD		15	19	CD	20250927060000	https://www.bangordailynews.com/2025/09/27/outdoors/hunting/here-are-some-of-the-biggest-moose-shot-in-maine-this-week/
1265505981	20250927	202509	2025	2025.7315	USA	UNITED STATES	USA																		0	193	193	19	4	-10.0	1	1	1	-2.88790993636809	1	Guyana	GY	GY		5	-59	GY	0								1	Guyana	GY	GY		5	-59	GY	20250927060000	https://www.yahoo.com/news/articles/des-moines-public-schools-superintendent-174205995.html
1265505982	20250927	202509	2025	2025.7315	USA	UNITED STATES	USA																		0	193	193	19	4	-10.0	1	1	1	-5.04266873545384	1	Poland	PL	PL		52	20	PL	0								4	Paris, France (general), France	FR	FR00	16282	48.8667	2.33333	-1456928	20250927060000	https://www.irishtimes.com/opinion/2025/09/27/us-liberals-are-on-the-backfoot-maga-is-triumphant-and-democrats-pathetically-divided/
1265505983	20250927	202509	2025	2025.7315	USA	UTAH	USA																		1	193	193	19	4	-10.0	12	1	10	-5.39923954372624	2	Utah, United States	US	USUT		40.1135	-111.854	UT	0								2	Utah, United States	US	USUT		40.1135	-111.854	UT	20250927060000	https://independentaustralia.net/politics/politics-display/dont-ask-vunerable-people-to-feel-outrage-at-the-death-of-charlie-kirk,20210
1265505984	20250927	202509	2025	2025.7315	USA	UNITED STATES	USA																		1	195	195	19	4	-10.0	8	1	8	-7.89473684210526	3	Dallas, Texas, United States	US	USTX	TX113	32.7831	-96.8067	1380944	0								3	Dallas, Texas, United States	US	USTX	TX113	32.7831	-96.8067	1380944	20250927060000	https://973thegame.iheart.com/content/2025-09-27-josh-jacobs-week-4-preview-vs-the-cowboys/
1265505985	20250927	202509	2025	2025.7315	USA	AMERICAN	USA								AFG	AFGHAN	AFG								0	051	051	05	1	3.4	2	1	2	-1.0351966873706	3	San Diego, California, United States	US	USCA	CA073	32.7153	-117.157	1661377	1	Afghanistan	AF	AF		33	66	AF	1	Afghanistan	AF	AF		33	66	AF	20250927060000	https://www.cbs8.com/article/news/local/federal-judge-orders-release-afghan-interpreter-detained-ice/509-b0191cef-0f35-4ecd-864d-9dcf03119d4e
1265505986	20250927	202509	2025	2025.7315	USA	SAN DIEGO	USA								AFG	AFGHAN	AFG								1	0841	084	08	2	7.0	6	1	6	-1.0351966873706	3	San Diego, California, United States	US	USCA	CA073	32.7153	-117.157	1661377	1	Afghanistan	AF	AF		33	66	AF	3	San Diego, California, United States	US	USCA		32.7153	-117.157	1661377	20250927060000	https://www.cbs8.com/article/news/local/federal-judge-orders-release-afghan-interpreter-detained-ice/509-b0191cef-0f35-4ecd-864d-9dcf03119d4e
1265505987	20250927	202509	2025	2025.7315	USA	SAN DIEGO	USA								AFG	AFGHANISTAN	AFG								1	0841	084	08	2	7.0	4	1	4	-1.0351966873706	3	San Diego, California, United States	US	USCA	CA073	32.7153	-117.157	1661377	1	Afghanistan	AF	AF		33	66	AF	1	Afghanistan	AF	AF		33	66	AF	20250927060000	https://www.cbs8.com/article/news/local/federal-judge-orders-release-afghan-interpreter-detained-ice/509-b0191cef-0f35-4ecd-864d-9dcf03119d4e
1265505988	20250927	202509	2025	2025.7315	USA	SAN DIEGO	USA								AFG	AFGHAN	AFG								1	1053	105	10	3	-5.0	10	1	10	-1.0351966873706	3	San Diego, California, United States	US	USCA	CA073	32.7153	-117.157	1661377	1	Afghanistan	AF	AF		33	66	AF	1	Afghanistan	AF	AF		33	66	AF	20250927060000	https://www.cbs8.com/article/news/local/federal-judge-orders-release-afghan-interpreter-detained-ice/509-b0191cef-0f35-4ecd-864d-9dcf03119d4e
1265505989	20250927	202509	2025	2025.7315	USA	UNITED STATES	USA								BUS	BANK						BUS			0	173	173	17	4	-5.0	4	1	4	-7.94941282746161	2	New York, United States	US	USNY		42.1497	-74.9384	NY	2	New York, United States	US	USNY		42.1497	-74.9384	NY	2	New York, United States	US	USNY		42.1497	-74.9384	NY	20250927060000	https://www.fox61.com/article/news/crime/retired-new-york-financier-from-fairfield-charged-with-million-dollar-sex-trafficking-op/520-ceb54078-a3c6-416d-a538-3d90cdd518cc
1265505990	20250927	202509	2025	2025.7315	USA	NEW YORK	USA								COL	COLOMBIAN	COL								1	043	043	04	1	2.8	1	1	1	-5.44554455445545	4	Bogota, Cundinamarca, Colombia	CO	CO33	18585	4.6	-74.0833	-578472	4	Bogota, Cundinamarca, Colombia	CO	CO33	18585	4.6	-74.0833	-578472	4	Bogota, Cundinamarca, Colombia	CO	CO33	18585	4.6	-74.0833	-578472	20250927060000	https://www.theguardian.com/us-news/2025/sep/27/us-revokes-visa-for-colombian-president-gustavo-petro-after-reckless-actions-in-new-york
1265505991	20250927	202509	2025	2025.7315	USA	NEW YORK	USA								COL	COLOMBIAN	COL								1	043	043	04	1	2.8	2	1	2	-5.44554455445545	2	New York, United States	US	USNY		42.1497	-74.9384	NY	4	Bogota, Cundinamarca, Colombia	CO	CO33	18585	4.6	-74.0833	-578472	4	Bogota, Cundinamarca, Colombia	CO	CO33	18585	4.6	-74.0833	-578472	20250927060000	https://www.theguardian.com/us-news/2025/sep/27/us-revokes-visa-for-colombian-president-gustavo-petro-after-reckless-actions-in-new-york
1265505992	20250927	202509	2025	2025.7315	USA	THE US	USA								COL	COLOMBIA	COL								0	1123	112	11	3	-2.0	1	1	1	-5.44554455445545	4	Bogota, Cundinamarca, Colombia	CO	CO33	18585	4.6	-74.0833	-578472	4	Bogota, Cundinamarca, Colombia	CO	CO33	18585	4.6	-74.0833	-578472	4	Bogota, Cundinamarca, Colombia	CO	CO33	18585	4.6	-74.0833	-578472	20250927060000	https://www.theguardian.com/us-news/2025/sep/27/us-revokes-visa-for-colombian-president-gustavo-petro-after-reckless-actions-in-new-york
1265505993	20250927	202509	2025	2025.7315	USA	THE US	USA								COL	COLOMBIA	COL								0	1123	112	11	3	-2.0	1	1	1	-5.44554455445545	1	Venezuela	VE	VE		8	-66	VE	4	Bogota, Cundinamarca, Colombia	CO	CO33	18585	4.6	-74.0833	-578472	1	Venezuela	VE	VE		8	-66	VE	20250927060000	https://www.theguardian.com/us-news/2025/sep/27/us-revokes-visa-for-colombian-president-gustavo-petro-after-reckless-actions-in-new-york
1265505994	20250927	202509	2025	2025.7315	USA	THE US	USA								COL	COLOMBIAN	COL								0	190	190	19	4	-10.0	4	1	4	-5.44554455445545	4	Bogota, Cundinamarca, Colombia	CO	CO33	18585	4.6	-74.0833	-578472	4	Bogota, Cundinamarca, Colombia	CO	CO33	18585	4.6	-74.0833	-578472	4	Bogota, Cundinamarca, Colombia	CO	CO33	18585	4.6	-74.0833	-578472	20250927060000	https://www.theguardian.com/us-news/2025/sep/27/us-revokes-visa-for-colombian-president-gustavo-petro-after-reckless-actions-in-new-york
1265505995	20250927	202509	2025	2025.7315	USA	THE US	USA								COL	COLOMBIA	COL								0	190	190	19	4	-10.0	1	1	1	-5.44554455445545	1	Venezuela	VE	VE		8	-66	VE	4	Bogota, Cundinamarca, Colombia	CO	CO33	18585	4.6	-74.0833	-578472	1	Venezuela	VE	VE		8	-66	VE	20250927060000	https://www.theguardian.com/us-news/2025/sep/27/us-revokes-visa-for-colombian-president-gustavo-petro-after-reckless-actions-in-new-york
1265505996	20250927	202509	2025	2025.7315	USA	UNITED STATES	USA								COP	LAW ENFORCEMENT OFFICER						COP			0	013	013	01	1	0.4	4	1	4	-2.88790993636809	2	Iowa, United States	US	USIA		42.0046	-93.214	IA	2	Iowa, United States	US	USIA		42.0046	-93.214	IA	2	Iowa, United States	US	USIA		42.0046	-93.214	IA	20250927060000	https://www.yahoo.com/news/articles/des-moines-public-schools-superintendent-174205995.html
1265505997	20250927	202509	2025	2025.7315	USA	UNITED STATES	USA								COP	PRISON						COP			1	015	015	01	1	0.0	2	1	2	-13.125	3	Forest Creek, Washington, United States	US	USWA	WA059	45.7426	-121.971	1519687	3	Forest Creek, Washington, United States	US	USWA		45.7426	-121.971	1519687	3	Forest Creek, Washington, United States	US	USWA		45.7426	-121.971	1519687	20250927060000	https://www.spokesman.com/stories/2025/sep/26/washington-records/
1265505998	20250927	202509	2025	2025.7315	USA	UNITED STATES	USA								CVL	COMMUNITY						CVL			0	014	014	01	1	0.0	4	1	4	0.72886297376094	2	Washington, United States	US	USWA		47.3917	-121.571	WA	2	Washington, United States	US	USWA		47.3917	-121.571	WA	2	Washington, United States	US	USWA		47.3917	-121.571	WA	20250927060000	https://www.spokesman.com/stories/2025/sep/25/two-local-organizations-receive-millions-in-federa/
1265505999	20250927	202509	2025	2025.7315	USA	UNITED STATES	USA								CVL	COMMUNITY						CVL			0	0311	031	03	1	5.2	4	1	4	0.72886297376094	2	Washington, United States	US	USWA		47.3917	-121.571	WA	2	Washington, United States	US	USWA		47.3917	-121.571	WA	2	Washington, United States	US	USWA		47.3917	-121.571	WA	20250927060000	https://www.spokesman.com/stories/2025/sep/25/two-local-organizations-receive-millions-in-federa/
1265506000	20250927	202509	2025	2025.7315	USA	AMERICAN	USA								CVL	COMMUNITY						CVL			1	046	046	04	1	7.0	5	1	5	3.54166666666667	4	Quang Tri, H?i Duong, Vietnam, Republic Of	VM	VM79	32546	21.0333	106.483	-3727417	4	Quang Tri, H?i Duong, Vietnam, Republic Of	VM	VM79	32546	21.0333	106.483	-3727417	4	Quang Tri, H?i Duong, Vietnam, Republic Of	VM	VM79	32546	21.0333	106.483	-3727417	20250927060000	https://news.tuoitre.vn/american-couple-sows-seeds-of-peace-for-30-years-in-vietnams-quang-tri-103250926152004352.htm
1265506001	20250927	202509	2025	2025.7315	USA	AMERICAN	USA								CVL	COMMUNITY						CVL			1	046	046	04	1	7.0	2	1	2	3.54166666666667	4	Quang Tri, H?i Duong, Vietnam, Republic Of	VM	VM79	32546	21.0333	106.483	-3727417	1	United States	US	US		39.828175	-98.5795	US	1	United States	US	US		39.828175	-98.5795	US	20250927060000	https://news.tuoitre.vn/american-couple-sows-seeds-of-peace-for-30-years-in-vietnams-quang-tri-103250926152004352.htm
1265506002	20250927	202509	2025	2025.7315	USA	UNITED STATES	USA								CVL	COMMUNITY						CVL			1	046	046	04	1	7.0	1	1	1	3.54166666666667	1	United States	US	US		39.828175	-98.5795	US	4	Quang Tri, H?i Duong, Vietnam, Republic Of	VM	VM79	32546	21.0333	106.483	-3727417	4	Quang Tri, H?i Duong, Vietnam, Republic Of	VM	VM79	32546	21.0333	106.483	-3727417	20250927060000	https://news.tuoitre.vn/american-couple-sows-seeds-of-peace-for-30-years-in-vietnams-quang-tri-103250926152004352.htm
1265506003	20250927	202509	2025	2025.7315	USA	SAN DIEGO	USA								CVL	RESIDENTS						CVL			1	110	110	11	3	-2.0	10	1	10	-1.93321616871705	3	San Diego, California, United States	US	USCA	CA073	32.7153	-117.157	1661377	3	Mission Hills, California, United States	US	USCA		34.2572	-118.467	246007	3	Mission Hills, California, United States	US	USCA		34.2572	-118.467	246007	20250927060000	https://www.cbs8.com/article/news/local/12-story-120-unit-proposed-project-backlash-mission-hills/509-f3e307d7-c916-48b6-befe-239504a61bb7
1265506004	20250927	202509	2025	2025.7315	USA	UNITED STATES	USA								CVL	CITIZEN						CVL			1	130	130	13	3	-4.4	2	1	2	-5.61797752808989	3	Harrison Police Department, Nebraska, United States	US	USNE	NE165	42.6872	-103.883	1827858	3	Harrison Police Department, Nebraska, United States	US	USNE		42.6872	-103.883	1827858	3	Harrison Police Department, Nebraska, United States	US	USNE		42.6872	-103.883	1827858	20250927060000	http://harrisondaily.com/stories/scams-hurting-locals-crime-update,325825
1265506005	20250927	202509	2025	2025.7315	USA	UNITED STATES	USA								EDU	UNIVERSITY						EDU			1	043	043	04	1	2.8	4	1	2	-1.30718954248366	3	Boston, Massachusetts, United States	US	USMA	MA025	42.3584	-71.0598	617565	3	Boston, Massachusetts, United States	US	USMA	MA025	42.3584	-71.0598	617565	3	Boston, Massachusetts, United States	US	USMA	MA025	42.3584	-71.0598	617565	20250927060000	https://news.webindia123.com/news/Articles/India/20250927/4366113.html
1265506006	20250927	202509	2025	2025.7315	USA	OKLAHOMA	USA								EDU	UNIVERSITY						EDU			1	046	046	04	1	7.0	10	1	10	-2.60869565217391	2	Oklahoma, United States	US	USOK		35.5376	-96.9247	OK	2	Oklahoma, United States	US	USOK		35.5376	-96.9247	OK	2	Oklahoma, United States	US	USOK		35.5376	-96.9247	OK	20250927060000	http://www.news9.com/story/68d74f8de9a8a84fc15e7f66/yukon-crews-work-to-clear-discolored-water-after-filter-failure-water-safe-to-drink
1265506007	20250927	202509	2025	2025.7315	USA	NEW HAMPSHIRE	USA								EDU	SCHOOL						EDU			0	172	172	17	4	-5.0	10	1	10	-2.68361581920904	2	New Hampshire, United States	US	USNH		43.4108	-71.5653	NH	2	New Hampshire, United States	US	USNH		43.4108	-71.5653	NH	2	New Hampshire, United States	US	USNH		43.4108	-71.5653	NH	20250927060000	https://www.unionleader.com/opinion/columnists/patrick-hynes-let-s-commit-to-civil-discourse/article_36b1199e-b8b3-42fa-9cc9-053d2e07f6a4.html
1265506008	20250927	202509	2025	2025.7315	USA	UNITED STATES	USA								GOV	FIREFIGHTER						GOV			0	036	036	03	1	4.0	2	1	2	-0.15698587127158	3	Kerrville, Texas, United States	US	USTX	TX265	30.0474	-99.1403	1339058	3	San Antonio, Texas, United States	US	USTX		29.4241	-98.4936	1380951	3	Kerrville, Texas, United States	US	USTX	TX265	30.0474	-99.1403	1339058	20250927060000	https://news-journal.com/2025/09/26/longview-firefighters-commended-for-central-texas-flood-response-they-did-a-phenomenal-job/
1265506009	20250927	202509	2025	2025.7315	USA	UNITED STATES	USA								GOV	FIREFIGHTER						GOV			0	036	036	03	1	4.0	3	1	3	-0.15698587127158	3	Kerrville, Texas, United States	US	USTX	TX265	30.0474	-99.1403	1339058	3	San Antonio, Texas, United States	US	USTX		29.4241	-98.4936	1380951	3	San Antonio, Texas, United States	US	USTX		29.4241	-98.4936	1380951	20250927060000	https://news-journal.com/2025/09/26/longview-firefighters-commended-for-central-texas-flood-response-they-did-a-phenomenal-job/
1265506010	20250927	202509	2025	2025.7315	USA	SAN ANTONIO	USA								GOV	FIREFIGHTER						GOV			0	036	036	03	1	4.0	2	1	2	-0.15698587127158	3	Longview, Texas, United States	US	USTX	TX183	32.5007	-94.7405	1374716	3	Longview, Texas, United States	US	USTX	TX183	32.5007	-94.7405	1374716	3	Longview, Texas, United States	US	USTX	TX183	32.5007	-94.7405	1374716	20250927060000	https://news-journal.com/2025/09/26/longview-firefighters-commended-for-central-texas-flood-response-they-did-a-phenomenal-job/
1265506011	20250927	202509	2025	2025.7315	USA	SAN ANTONIO	USA								GOV	FIREFIGHTER						GOV			0	036	036	03	1	4.0	3	1	3	-0.15698587127158	3	San Antonio, Texas, United States	US	USTX	TX029	29.4241	-98.4936	1380951	3	San Antonio, Texas, United States	US	USTX		29.4241	-98.4936	1380951	3	San Antonio, Texas, United States	US	USTX		29.4241	-98.4936	1380951	20250927060000	https://news-journal.com/2025/09/26/longview-firefighters-commended-for-central-texas-flood-response-they-did-a-phenomenal-job/
1265506012	20250927	202509	2025	2025.7315	USA	UNITED STATES	USA								GOV	FIREFIGHTER						GOV			0	042	042	04	1	1.9	1	1	1	-0.15698587127158	3	Longview, Texas, United States	US	USTX	TX183	32.5007	-94.7405	1374716	3	Kerrville, Texas, United States	US	USTX	TX265	30.0474	-99.1403	1339058	3	Kerrville, Texas, United States	US	USTX	TX265	30.0474	-99.1403	1339058	20250927060000	https://news-journal.com/2025/09/26/longview-firefighters-commended-for-central-texas-flood-response-they-did-a-phenomenal-job/
1265506013	20250927	202509	2025	2025.7315	USA	UNITED STATES	USA								GOV	FIREFIGHTER						GOV			0	042	042	04	1	1.9	1	1	1	-0.15698587127158	3	Longview, Texas, United States	US	USTX	TX183	32.5007	-94.7405	1374716	3	Longview, Texas, United States	US	USTX	TX183	32.5007	-94.7405	1374716	3	Longview, Texas, United States	US	USTX	TX183	32.5007	-94.7405	1374716	20250927060000	https://news-journal.com/2025/09/26/longview-firefighters-commended-for-central-texas-flood-response-they-did-a-phenomenal-job/
1265506014	20250927	202509	2025	2025.7315	USA	UNITED STATES	USA								GOV	FIREFIGHTER						GOV			0	043	043	04	1	2.8	1	1	1	-0.15698587127158	3	Kerrville, Texas, United States	US	USTX	TX265	30.0474	-99.1403	1339058	3	Kerrville, Texas, United States	US	USTX	TX265	30.0474	-99.1403	1339058	3	Kerrville, Texas, United States	US	USTX	TX265	30.0474	-99.1403	1339058	20250927060000	https://news-journal.com/2025/09/26/longview-firefighters-commended-for-central-texas-flood-response-they-did-a-phenomenal-job/
1265506015	20250927	202509	2025	2025.7315	USA	UNITED STATES	USA								GOV	FIREFIGHTER						GOV			0	043	043	04	1	2.8	5	1	5	-0.15698587127158	3	Longview, Texas, United States	US	USTX	TX183	32.5007	-94.7405	1374716	3	Longview, Texas, United States	US	USTX	TX183	32.5007	-94.7405	1374716	3	Longview, Texas, United States	US	USTX	TX183	32.5007	-94.7405	1374716	20250927060000	https://news-journal.com/2025/09/26/longview-firefighters-commended-for-central-texas-flood-response-they-did-a-phenomenal-job/
1265506016	20250927	202509	2025	2025.7315	USA	UNITED STATES	USA								GOV	FIREFIGHTER						GOV			0	051	051	05	1	3.4	1	1	1	-0.15698587127158	3	Longview, Texas, United States	US	USTX	TX183	32.5007	-94.7405	1374716	3	Kerrville, Texas, United States	US	USTX	TX265	30.0474	-99.1403	1339058	3	Longview, Texas, United States	US	USTX	TX183	32.5007	-94.7405	1374716	20250927060000	https://news-journal.com/2025/09/26/longview-firefighters-commended-for-central-texas-flood-response-they-did-a-phenomenal-job/
1265506017	20250927	202509	2025	2025.7315	USA	UNITED STATES	USA								GOV	FIREFIGHTER						GOV			0	051	051	05	1	3.4	1	1	1	-0.15698587127158	3	Longview, Texas, United States	US	USTX	TX183	32.5007	-94.7405	1374716	3	Longview, Texas, United States	US	USTX	TX183	32.5007	-94.7405	1374716	3	Longview, Texas, United States	US	USTX	TX183	32.5007	-94.7405	1374716	20250927060000	https://news-journal.com/2025/09/26/longview-firefighters-commended-for-central-texas-flood-response-they-did-a-phenomenal-job/
1265506018	20250927	202509	2025	2025.7315	USA	UNITED STATES	USA								GOV	PRESIDENT						GOV			0	052	052	05	1	3.5	2	1	2	-6.65054413542926	3	White House, District of Columbia, United States	US	USDC		38.8951	-77.0364	531871	3	White House, District of Columbia, United States	US	USDC		38.8951	-77.0364	531871	3	White House, District of Columbia, United States	US	USDC		38.8951	-77.0364	531871	20250927060000	https://www.breitbart.com/politics/2025/09/26/charlie-kirk-saw-coming-former-fbi-director-comey-faces-federal-trial/
1265506019	20250927	202509	2025	2025.7315	USA	UNITED STATES	USA								GOV	MAYOR						GOV			0	057	057	05	1	8.0	1	1	1	1.91897654584222	3	Oklahoma City, Oklahoma, United States	US	USOK	OK109	35.4676	-97.5164	1102140	3	Oklahoma City, Oklahoma, United States	US	USOK		35.4676	-97.5164	1102140	3	Oklahoma City, Oklahoma, United States	US	USOK		35.4676	-97.5164	1102140	20250927060000	http://www.news9.com/story/68d761c6a6ee088a4f77d8c4/la-mayor-okc-mayor-sign-new-agreement-ahead-of-la-2028-olympics
1265506020	20250927	202509	2025	2025.7315	USA	TEXAS	USA								GOV	FIREFIGHTER						GOV			1	073	073	07	2	7.4	2	1	2	-0.15698587127158	2	Texas, United States	US	USTX		31.106	-97.6475	TX	3	Longview, Texas, United States	US	USTX	TX183	32.5007	-94.7405	1374716	3	Kerrville, Texas, United States	US	USTX	TX265	30.0474	-99.1403	1339058	20250927060000	https://news-journal.com/2025/09/26/longview-firefighters-commended-for-central-texas-flood-response-they-did-a-phenomenal-job/
1265506021	20250927	202509	2025	2025.7315	USA	UNITED STATES	USA								HLH	HOSPITAL						HLH			1	073	073	07	2	7.4	4	1	4	-5.33980582524272	3	Gritman Medical Center, Idaho, United States	US	USID	ID057	46.7288	-117	399539	4	Moscow, Moskva, Russia	RS	RS48	25106	55.7522	37.6156	-2960561	4	Moscow, Moskva, Russia	RS	RS48	25106	55.7522	37.6156	-2960561	20250927060000	https://www.spokesman.com/stories/2025/sep/26/moscow-delivery-driver-in-coma-after-fight-with-ui/
1265506022	20250927	202509	2025	2025.7315	USA	NEW YORK	USA								IGOUNOLEG	UNITED NATIONS		UNO				IGO	LEG		1	010	010	01	1	0.0	3	1	3	-9.02777777777779	1	India	IN	IN		20	77	IN	4	Muridke, Punjab, Pakistan	PK	PK04	23677	31.8025	74.2617	-2769843	1	India	IN	IN		20	77	IN	20250927060000	https://morungexpress.com/absurd-theatrics-glorification-of-terrorism-india-slams-pakistan-pms-remarks-at-unga
1265506023	20250927	202509	2025	2025.7315	USA	NEW YORK	USA								IGOUNOLEG	UNITED NATIONS		UNO				IGO	LEG		1	1124	112	11	3	-2.0	3	1	3	-9.02777777777779	2	New York, United States	US	USNY		42.1497	-74.9384	NY	4	Bahawalpur, Punjab, Pakistan	PK	PK04	23670	30.0667	71.4333	-2755461	1	India	IN	IN		20	77	IN	20250927060000	https://morungexpress.com/absurd-theatrics-glorification-of-terrorism-india-slams-pakistan-pms-remarks-at-unga
1265506024	20250927	202509	2025	2025.7315	USA	COLORADO	USA								LCAGOV	STEPHENSON	LCA					GOV			0	043	043	04	1	2.8	3	1	3	-0.430570505920341	2	Colorado, United States	US	USCO		39.0646	-105.327	CO	2	Georgia, United States	US	USGA		32.9866	-83.6487	GA	2	Georgia, United States	US	USGA		32.9866	-83.6487	GA	20250927060000	https://www.northwestgeorgianews.com/rome/lifestyles/local/auraria-georgia-s-golden-ghost-town/article_2d9bbf97-f7cb-4231-94d7-35d307df6813.html
1265506025	20250927	202509	2025	2025.7315	USA	UNITED STATES	USA								LEG	REPRESENTATIVES						LEG			0	042	042	04	1	1.9	2	1	2	-1.30718954248366	3	Boston, Massachusetts, United States	US	USMA	MA025	42.3584	-71.0598	617565	3	Boston, Massachusetts, United States	US	USMA	MA025	42.3584	-71.0598	617565	3	Boston, Massachusetts, United States	US	USMA	MA025	42.3584	-71.0598	617565	20250927060000	https://news.webindia123.com/news/Articles/India/20250927/4366113.html
1265506026	20250927	202509	2025	2025.7315	USA	BOSTON	USA								LEG	CONGRESS						LEG			1	043	043	04	1	2.8	8	1	6	-1.30718954248366	3	Boston, Massachusetts, United States	US	USMA	MA025	42.3584	-71.0598	617565	3	Boston, Massachusetts, United States	US	USMA	MA025	42.3584	-71.0598	617565	3	Boston, Massachusetts, United States	US	USMA	MA025	42.3584	-71.0598	617565	20250927060000	https://news.webindia123.com/news/Articles/India/20250927/4366113.html
1265506027	20250927	202509	2025	2025.7315	USA	UNITED STATES	USA								LEG	CONGRESS						LEG			1	051	051	05	1	3.4	2	1	2	-1.30718954248366	3	Boston, Massachusetts, United States	US	USMA	MA025	42.3584	-71.0598	617565	3	Boston, Massachusetts, United States	US	USMA	MA025	42.3584	-71.0598	617565	3	Boston, Massachusetts, United States	US	USMA	MA025	42.3584	-71.0598	617565	20250927060000	https://news.webindia123.com/news/Articles/India/20250927/4366113.html
1265506028	20250927	202509	2025	2025.7315	USA	UNITED STATES	USA								MED	SPOKESMAN						MED			0	010	010	01	1	0.0	1	1	1	-2.88790993636809	2	Iowa, United States	US	USIA		42.0046	-93.214	IA	2	Iowa, United States	US	USIA		42.0046	-93.214	IA	3	Des Moines, Iowa, United States	US	USIA		41.6005	-93.6091	465961	20250927060000	https://www.yahoo.com/news/articles/des-moines-public-schools-superintendent-174205995.html
1265506029	20250927	202509	2025	2025.7315	USA	UNITED STATES	USA								MED	SPOKESMAN						MED			0	010	010	01	1	0.0	1	1	1	-2.88790993636809	2	Iowa, United States	US	USIA		42.0046	-93.214	IA	2	Iowa, United States	US	USIA		42.0046	-93.214	IA	2	Iowa, United States	US	USIA		42.0046	-93.214	IA	20250927060000	https://www.yahoo.com/news/articles/des-moines-public-schools-superintendent-174205995.html
1265506030	20250927	202509	2025	2025.7315	USA	UNITED STATES	USA								MED	JOURNALIST						MED			0	046	046	04	1	7.0	4	1	4	1.18343195266272	2	Oklahoma, United States	US	USOK		35.5376	-96.9247	OK	2	Oklahoma, United States	US	USOK		35.5376	-96.9247	OK	2	Oklahoma, United States	US	USOK		35.5376	-96.9247	OK	20250927060000	http://www.news9.com/story/68d75f6942911933d47e54b4/ryan-walters-proposes-4-billion-education-budget-request
1265506031	20250927	202509	2025	2025.7315	USA	UNITED STATES	USA								MED	WEBSITE						MED			0	060	060	06	2	6.0	4	1	4	-4.72350230414746	3	San Diego, California, United States	US	USCA	CA073	32.7153	-117.157	1661377	3	San Diego, California, United States	US	USCA		32.7153	-117.157	1661377	3	San Diego, California, United States	US	USCA		32.7153	-117.157	1661377	20250927060000	https://www.cbs8.com/article/news/local/father-sues-cosmetic-surgeon-after-daughter-dies-after-routine-surgery/509-a5a15cea-d17f-4833-b231-768b82aebb4c
1265506032	20250927	202509	2025	2025.7315	USA	UNITED STATES	USA								MED	MEDIA						MED			1	110	110	11	3	-2.0	4	1	4	-6.89655172413793	3	Chicago, Illinois, United States	US	USIL	IL031	41.85	-87.6501	423587	3	Chicago, Illinois, United States	US	USIL	IL031	41.85	-87.6501	423587	3	Chicago, Illinois, United States	US	USIL	IL031	41.85	-87.6501	423587	20250927060000	https://www.unionleader.com/opinion/columnists/jonah-goldberg-could-trumps-campaign-against-the-media-come-back-to-bite-conservatives/article_ab5310e2-545a-4c94-b978-9ba4857b815c.html
1265506033	20250927	202509	2025	2025.7315	USA	UNITED STATES	USA								MNC	CHEVRON						MNC			1	051	051	05	1	3.4	10	1	10	3.515625	1	United States	US	US		39.828175	-98.5795	US	1	United States	US	US		39.828175	-98.5795	US	1	United States	US	US		39.828175	-98.5795	US	20250927060000	https://roarmag.org/USMC-Chevron-Private-First-Class-Gold-On-Red-For-Female-b-616902
1265506034	20250927	202509	2025	2025.7315	USA	UNITED STATES	USA								MNCUSACVL	SIGNATURE BANK	USA					MNC	CVL		1	051	051	05	1	3.4	2	1	2	5.4320987654321	3	Boone County, Arkansas, United States	US	USAR	AR009	36.3001	-93.1546	69897	3	Boone County, Arkansas, United States	US	USAR		36.3001	-93.1546	69897	3	Boone County, Arkansas, United States	US	USAR		36.3001	-93.1546	69897	20250927060000	http://harrisondaily.com/stories/reeves-named-2025-ozarks-ambassador,325510
1265506035	20250927	202509	2025	2025.7315	USA	UNITED STATES	USA								MOS	MUSLIM				MOS					0	010	010	01	1	0.0	4	1	4	-5.39923954372624	2	Utah, United States	US	USUT		40.1135	-111.854	UT	2	Utah, United States	US	USUT		40.1135	-111.854	UT	2	Utah, United States	US	USUT		40.1135	-111.854	UT	20250927060000	https://independentaustralia.net/politics/politics-display/dont-ask-vunerable-people-to-feel-outrage-at-the-death-of-charlie-kirk,20210
1265506036	20250927	202509	2025	2025.7315	USA	UNITED STATES	USA								NZL	NEW ZEALAND	NZL								1	010	010	01	1	0.0	4	1	4	-6.77290836653387	2	New York, United States	US	USNY		42.1497	-74.9384	NY	1	New Zealand	NZ	NZ		-42	174	NZ	2	New York, United States	US	USNY		42.1497	-74.9384	NY	20250927060000	https://livenews.co.nz/2025/09/27/activist-sector-aotearoa-for-palestine-condemns-foreign-minister-winston-peters-un-address-announces-auckland-harbour-bridge-protest-to-demand-sanctions/
1265506037	20250927	202509	2025	2025.7315	USA	UNITED STATES	USA								OPP	OPPOSITION LEADER						OPP			1	043	043	04	1	2.8	4	1	4	-1.30718954248366	3	Boston, Massachusetts, United States	US	USMA	MA025	42.3584	-71.0598	617565	3	Boston, Massachusetts, United States	US	USMA	MA025	42.3584	-71.0598	617565	3	Boston, Massachusetts, United States	US	USMA	MA025	42.3584	-71.0598	617565	20250927060000	https://news.webindia123.com/news/Articles/India/20250927/4366113.html
1265506038	20250927	202509	2025	2025.7315	USA	UNITED STATES	USA								PSEREB	HAMAS	PSE					REB			1	110	110	11	3	-2.0	1	1	1	-5.95054095826894	4	Gaza, Israel (general), Israel	IS	IS00	18315	31.4167	34.3333	-797156	4	Jerusalem, Israel (general), Israel	IS	IS00	18315	31.7667	35.2333	-797092	4	Gaza, Israel (general), Israel	IS	IS00	18315	31.4167	34.3333	-797156	20250927060000	https://www.journalgazette.net/news/world/facing-global-isolation-at-un-a-defiant-netanyahu-says-israel-must-finish-the-job-against/article_484c8496-e031-51b9-8131-393fde53f372.html
1265506039	20250927	202509	2025	2025.7315	USA	UNITED STATES	USA								SPY	INTELLIGENCE						SPY			1	090	090	09	2	-2.0	2	1	2	-6.65054413542926	3	White House, District of Columbia, United States	US	USDC		38.8951	-77.0364	531871	3	White House, District of Columbia, United States	US	USDC		38.8951	-77.0364	531871	3	White House, District of Columbia, United States	US	USDC		38.8951	-77.0364	531871	20250927060000	https://www.breitbart.com/politics/2025/09/26/charlie-kirk-saw-coming-former-fbi-director-comey-faces-federal-trial/
1265506040	20250927	202509	2025	2025.7315	USA	UNITED STATES	USA								SPY	INTELLIGENCE						SPY			1	090	090	09	2	-2.0	2	1	2	-6.65054413542926	3	White House, District of Columbia, United States	US	USDC		38.8951	-77.0364	531871	1	Russia	RS	RS		60	100	RS	1	Russia	RS	RS		60	100	RS	20250927060000	https://www.breitbart.com/politics/2025/09/26/charlie-kirk-saw-coming-former-fbi-director-comey-faces-federal-trial/
1265506041	20250927	202509	2025	2025.7315	USA	UNITED STATES	USA								USABUS	DALLAS	USA					BUS			1	071	071	07	2	7.4	2	1	2	1.34228187919463	3	Pine Bluff, Arkansas, United States	US	USAR	AR069	34.2284	-92.0032	78006	3	Pine Bluff, Arkansas, United States	US	USAR		34.2284	-92.0032	78006	3	Pine Bluff, Arkansas, United States	US	USAR		34.2284	-92.0032	78006	20250927060000	https://www.pbcommercial.com/news/2025/sep/26/home-again-nonprofit-awarded-30000/
1265506042	20250927	202509	2025	2025.7315	USA	UNITED STATES	USA								USABUS	UNITED STATES	USA					BUS			1	071	071	07	2	7.4	4	1	4	1.34228187919463	2	Texas, United States	US	USTX		31.106	-97.6475	TX	2	Texas, United States	US	USTX		31.106	-97.6475	TX	2	Texas, United States	US	USTX		31.106	-97.6475	TX	20250927060000	https://www.pbcommercial.com/news/2025/sep/26/home-again-nonprofit-awarded-30000/
1265506043	20250927	202509	2025	2025.7315	USA	UNITED STATES	USA								USAELI	UNITED STATES	USA					ELI			1	173	173	17	4	-5.0	4	1	4	-7.94941282746161	2	New York, United States	US	USNY		42.1497	-74.9384	NY	2	New York, United States	US	USNY		42.1497	-74.9384	NY	2	New York, United States	US	USNY		42.1497	-74.9384	NY	20250927060000	https://www.fox61.com/article/news/crime/retired-new-york-financier-from-fairfield-charged-with-million-dollar-sex-trafficking-op/520-ceb54078-a3c6-416d-a538-3d90cdd518cc
1265506044	20250927	202509	2025	2025.7315	USA	ARIZONA	USA								USAGOV	NASA	USA					GOV			1	031	031	03	1	5.2	6	1	6	2.63473053892216	2	Arizona, United States	US	USAZ		33.7712	-111.388	AZ	3	Goddard Space Flight Center, Maryland, United States	US	USMD		38.9923	-76.8525	597466	2	Arizona, United States	US	USAZ		33.7712	-111.388	AZ	20250927060000	https://spacecoastdaily.com/2025/09/nasa-awards-katalyst-space-technologies-contract-to-raise-neil-gehrels-swift-observatory-to-higher-altitude/
1265506045	20250927	202509	2025	2025.7315	USA	AMERICAN	USA								USAGOV	THE US	USA					GOV			0	040	040	04	1	1.0	2	1	2	-0.40080160320641	1	Russia	RS	RS		60	100	RS	3	Washington, District of Columbia, United States	US	USDC	DC001	38.8951	-77.0364	531871	1	Russia	RS	RS		60	100	RS	20250927060000	https://www.newkerala.com/news/o/india-active-touch-us-administration-h-1b-visa-issue-mea-499
1265506046	20250927	202509	2025	2025.7315	USA	UNITED STATES	USA								USAGOV	UNITED STATES	USA					GOV			0	052	052	05	1	3.5	1	1	1	-6.65054413542926	3	White House, District of Columbia, United States	US	USDC		38.8951	-77.0364	531871	3	White House, District of Columbia, United States	US	USDC		38.8951	-77.0364	531871	3	White House, District of Columbia, United States	US	USDC		38.8951	-77.0364	531871	20250927060000	https://www.breitbart.com/politics/2025/09/26/charlie-kirk-saw-coming-former-fbi-director-comey-faces-federal-trial/
1265506047	20250927	202509	2025	2025.7315	USA	UNITED STATES	USA								USAGOV	UNITED STATES	USA					GOV			0	073	073	07	2	7.4	2	1	2	-0.15698587127158	3	Kerrville, Texas, United States	US	USTX	TX265	30.0474	-99.1403	1339058	3	Kerrville, Texas, United States	US	USTX	TX265	30.0474	-99.1403	1339058	3	Kerrville, Texas, United States	US	USTX	TX265	30.0474	-99.1403	1339058	20250927060000	https://news-journal.com/2025/09/26/longview-firefighters-commended-for-central-texas-flood-response-they-did-a-phenomenal-job/
1265506048	20250927	202509	2025	2025.7315	USA	UNITED STATES	USA								USAGOV	UNITED STATES	USA					GOV			0	073	073	07	2	7.4	2	1	2	-0.15698587127158	3	Kerrville, Texas, United States	US	USTX	TX265	30.0474	-99.1403	1339058	3	Longview, Texas, United States	US	USTX	TX183	32.5007	-94.7405	1374716	3	Longview, Texas, United States	US	USTX	TX183	32.5007	-94.7405	1374716	20250927060000	https://news-journal.com/2025/09/26/longview-firefighters-commended-for-central-texas-flood-response-they-did-a-phenomenal-job/
1265506049	20250927	202509	2025	2025.7315	USA	TEXAS	USA								USAGOV	UNITED STATES	USA					GOV			1	073	073	07	2	7.4	1	1	1	-0.15698587127158	3	Longview, Texas, United States	US	USTX	TX183	32.5007	-94.7405	1374716	3	Longview, Texas, United States	US	USTX	TX183	32.5007	-94.7405	1374716	2	Texas, United States	US	USTX		31.106	-97.6475	TX	20250927060000	https://news-journal.com/2025/09/26/longview-firefighters-commended-for-central-texas-flood-response-they-did-a-phenomenal-job/
1265506050	20250927	202509	2025	2025.7315	USA	UNITED STATES	USA								USAGOV	UNITED STATES	USA					GOV			1	073	073	07	2	7.4	5	1	5	-0.15698587127158	2	Texas, United States	US	USTX		31.106	-97.6475	TX	3	Longview, Texas, United States	US	USTX	TX183	32.5007	-94.7405	1374716	3	Kerrville, Texas, United States	US	USTX	TX265	30.0474	-99.1403	1339058	20250927060000	https://news-journal.com/2025/09/26/longview-firefighters-commended-for-central-texas-flood-response-they-did-a-phenomenal-job/
1265506051	20250927	202509	2025	2025.7315	USA	OKLAHOMA	USA								USAGOV	UNITED STATES	USA					GOV			0	0831	083	08	2	5.0	4	1	4	-2.64227642276422	2	Oklahoma, United States	US	USOK		35.5376	-96.9247	OK	2	Oklahoma, United States	US	USOK		35.5376	-96.9247	OK	2	Oklahoma, United States	US	USOK		35.5376	-96.9247	OK	20250927060000	http://www.news9.com/story/68d75fae954825fdc9673c15/oklahoma-leaders-await-walters-official-resignation-letter-to-move-education-forward
1265506052	20250927	202509	2025	2025.7315	USA	UNITED STATES	USA								USAGOV	THE US	USA					GOV			0	1721	172	17	4	-5.0	2	1	2	-5.04266873545384	2	New York, United States	US	USNY		42.1497	-74.9384	NY	2	New York, United States	US	USNY		42.1497	-74.9384	NY	2	New York, United States	US	USNY		42.1497	-74.9384	NY	20250927060000	https://www.irishtimes.com/opinion/2025/09/27/us-liberals-are-on-the-backfoot-maga-is-triumphant-and-democrats-pathetically-divided/
1265506053	20250927	202509	2025	2025.7315	USA	UNITED STATES	USA								USAGOV	UNITED STATES	USA					GOV			0	186	186	18	4	-10.0	1	1	1	-6.65054413542926	3	White House, District of Columbia, United States	US	USDC		38.8951	-77.0364	531871	3	White House, District of Columbia, United States	US	USDC		38.8951	-77.0364	531871	3	White House, District of Columbia, United States	US	USDC		38.8951	-77.0364	531871	20250927060000	https://www.breitbart.com/politics/2025/09/26/charlie-kirk-saw-coming-former-fbi-director-comey-faces-federal-trial/
1265506054	20250927	202509	2025	2025.7315	USA	OKLAHOMA	USA								USAMED	UNITED STATES	USA					MED			1	010	010	01	1	0.0	1	1	1	-2.64227642276422	1	Jordan	JO	JO		31	36	JO	1	Jordan	JO	JO		31	36	JO	1	Jordan	JO	JO		31	36	JO	20250927060000	http://www.news9.com/story/68d75fae954825fdc9673c15/oklahoma-leaders-await-walters-official-resignation-letter-to-move-education-forward
1265506055	20250927	202509	2025	2025.7315	USA	OKLAHOMA	USA								USAMED	UNITED STATES	USA					MED			1	010	010	01	1	0.0	3	1	3	-2.64227642276422	2	Oklahoma, United States	US	USOK		35.5376	-96.9247	OK	2	Oklahoma, United States	US	USOK		35.5376	-96.9247	OK	2	Oklahoma, United States	US	USOK		35.5376	-96.9247	OK	20250927060000	http://www.news9.com/story/68d75fae954825fdc9673c15/oklahoma-leaders-await-walters-official-resignation-letter-to-move-education-forward
1265506056	20250927	202509	2025	2025.7315	USA	UNITED STATES	USA								USAMIL	UNITED STATES	USA					MIL			1	020	020	02	1	3.0	3	1	3	-5.44554455445545	4	Bogota, Cundinamarca, Colombia	CO	CO33	18585	4.6	-74.0833	-578472	4	Bogota, Cundinamarca, Colombia	CO	CO33	18585	4.6	-74.0833	-578472	1	Venezuela	VE	VE		8	-66	VE	20250927060000	https://www.theguardian.com/us-news/2025/sep/27/us-revokes-visa-for-colombian-president-gustavo-petro-after-reckless-actions-in-new-york
1265506057	20250927	202509	2025	2025.7315	USA	NEW YORK	USA								USAMIL	UNITED STATES	USA					MIL			1	020	020	02	1	3.0	1	1	1	-5.44554455445545	4	Bogota, Cundinamarca, Colombia	CO	CO33	18585	4.6	-74.0833	-578472	1	Venezuela	VE	VE		8	-66	VE	1	Venezuela	VE	VE		8	-66	VE	20250927060000	https://www.theguardian.com/us-news/2025/sep/27/us-revokes-visa-for-colombian-president-gustavo-petro-after-reckless-actions-in-new-york
1265506058	20250927	202509	2025	2025.7315	USA	NEW YORK	USA								USAMIL	UNITED STATES	USA					MIL			1	020	020	02	1	3.0	3	1	3	-5.44554455445545	1	Venezuela	VE	VE		8	-66	VE	4	Bogota, Cundinamarca, Colombia	CO	CO33	18585	4.6	-74.0833	-578472	1	Venezuela	VE	VE		8	-66	VE	20250927060000	https://www.theguardian.com/us-news/2025/sep/27/us-revokes-visa-for-colombian-president-gustavo-petro-after-reckless-actions-in-new-york
1265506059	20250927	202509	2025	2025.7315	USA	UNITED STATES	USA								VNM	VIETNAM	VNM								1	043	043	04	1	2.8	2	1	2	3.54166666666667	4	Quang Tri, H?i Duong, Vietnam, Republic Of	VM	VM79	32546	21.0333	106.483	-3727417	4	Quang Tri, H?i Duong, Vietnam, Republic Of	VM	VM79	32546	21.0333	106.483	-3727417	4	Quang Tri, H?i Duong, Vietnam, Republic Of	VM	VM79	32546	21.0333	106.483	-3727417	20250927060000	https://news.tuoitre.vn/american-couple-sows-seeds-of-peace-for-30-years-in-vietnams-quang-tri-103250926152004352.htm
1265506060	20250927	202509	2025	2025.7315	USA	UNITED STATES	USA								VNM	VIETNAM	VNM								1	043	043	04	1	2.8	2	1	2	3.54166666666667	1	United States	US	US		39.828175	-98.5795	US	4	Quang Tri, H?i Duong, Vietnam, Republic Of	VM	VM79	32546	21.0333	106.483	-3727417	4	Quang Tri, H?i Duong, Vietnam, Republic Of	VM	VM79	32546	21.0333	106.483	-3727417	20250927060000	https://news.tuoitre.vn/american-couple-sows-seeds-of-peace-for-30-years-in-vietnams-quang-tri-103250926152004352.htm
1265506061	20250927	202509	2025	2025.7315	USA	UNITED STATES	USA								VNM	VIETNAM	VNM								1	043	043	04	1	2.8	6	1	6	3.54166666666667	1	United States	US	US		39.828175	-98.5795	US	4	Quang Tri, H?i Duong, Vietnam, Republic Of	VM	VM79	32546	21.0333	106.483	-3727417	1	United States	US	US		39.828175	-98.5795	US	20250927060000	https://news.tuoitre.vn/american-couple-sows-seeds-of-peace-for-30-years-in-vietnams-quang-tri-103250926152004352.htm
1265506062	20250927	202509	2025	2025.7315	USA	LAWRENCE	USA								ZAF	LIMPOPO	ZAF								1	012	012	01	1	-0.4	5	1	5	-0.38022813688213	0								0								0								20250927060000	https://zoutpansberger.co.za/articles/news/63151/2025-09-27/louis-trichardt-clinic-patients-use-buckets-as-water-runs-dry
1265506063	20250927	202509	2025	2025.7315	USABUS	DALLAS	USA					BUS													1	071	071	07	2	7.4	2	1	2	1.34228187919463	3	Pine Bluff, Arkansas, United States	US	USAR	AR069	34.2284	-92.0032	78006	0								3	Pine Bluff, Arkansas, United States	US	USAR		34.2284	-92.0032	78006	20250927060000	https://www.pbcommercial.com/news/2025/sep/26/home-again-nonprofit-awarded-30000/
1265506064	20250927	202509	2025	2025.7315	USABUS	DALLAS	USA					BUS													1	071	071	07	2	7.4	2	1	2	1.34228187919463	2	Texas, United States	US	USTX		31.106	-97.6475	TX	0								2	Texas, United States	US	USTX		31.106	-97.6475	TX	20250927060000	https://www.pbcommercial.com/news/2025/sep/26/home-again-nonprofit-awarded-30000/
1265506065	20250927	202509	2025	2025.7315	USACOP	UNITED STATES	USA					COP													0	060	060	06	2	6.0	8	1	8	-3.67047308319739	3	Fort Wayne, Indiana, United States	US	USIN	IN003	41.1306	-85.1289	434689	0								3	Fort Wayne, Indiana, United States	US	USIN		41.1306	-85.1289	434689	20250927060000	https://www.journalgazette.net/opinion/columnists/funding-final-hurdle-as-fort-wayne-works-to-help-the-homeless/article_f7ab0f34-2156-43a4-a32a-e906814a7a51.html
1265506066	20250927	202509	2025	2025.7315	USACOP	UNITED STATES	USA					COP													1	112	112	11	3	-2.0	6	1	6	-10.054347826087	3	Owasso, Oklahoma, United States	US	USOK	OK143	36.2695	-95.8547	1096358	0								3	Owasso, Oklahoma, United States	US	USOK	OK143	36.2695	-95.8547	1096358	20250927060000	https://www.fox23.com/news/2-seriously-injured-after-high-speed-chase-beginning-in-owasso-ends-in-crash-in-kansas/article_acaac2f8-85a5-43e4-b961-127b4c691baa.html
1265506067	20250927	202509	2025	2025.7315	USAEDU	PORTLAND	USA					EDU													1	040	040	04	1	1.0	10	1	10	-0.369003690036901	0								0								0								20250927060000	https://www.bangordailynews.com/2025/09/27/opinion/letters/letter-protect-sanctuaries-from-ice-joam40zk0w/
1265506068	20250927	202509	2025	2025.7315	USAEDU	IDAHO	USA					EDU													1	180	180	18	4	-9.0	6	1	6	-5.63636363636364	4	Moscow, Moskva, Russia	RS	RS48	25106	55.7522	37.6156	-2960561	0								1	Greece	GR	GR		39	22	GR	20250927060000	https://klewtv.com/news/local/man-hospitalized-after-violent-encounter-on-university-of-idahos-greek-row
1265506069	20250927	202509	2025	2025.7315	USAELI	NEW YORK	USA					ELI			USA	UNITED STATES	USA								1	173	173	17	4	-5.0	2	1	2	-7.94941282746161	2	New York, United States	US	USNY		42.1497	-74.9384	NY	2	New York, United States	US	USNY		42.1497	-74.9384	NY	2	New York, United States	US	USNY		42.1497	-74.9384	NY	20250927060000	https://www.fox61.com/article/news/crime/retired-new-york-financier-from-fairfield-charged-with-million-dollar-sex-trafficking-op/520-ceb54078-a3c6-416d-a538-3d90cdd518cc
1265506070	20250927	202509	2025	2025.7315	USAGOV	THE WHITE HOUSE	USA					GOV													1	010	010	01	1	0.0	2	1	2	-4.1335453100159	2	Indiana, United States	US	USIN		39.8647	-86.2604	IN	0								2	Indiana, United States	US	USIN		39.8647	-86.2604	IN	20250927060000	https://www.journalgazette.net/opinion/editorials/food-security-report-cancellation-is-another-assault-on-data/article_beeb23d1-6632-4636-b34d-e21f1b50b5a5.html
1265506071	20250927	202509	2025	2025.7315	USAGOV	UNITED STATES	USA					GOV													0	010	010	01	1	0.0	2	1	2	-5.64971751412429	2	New Hampshire, United States	US	USNH		43.4108	-71.5653	NH	0								2	New Hampshire, United States	US	USNH		43.4108	-71.5653	NH	20250927060000	https://www.unionleader.com/opinion/letters_to_editor/letter-ayotte-must-explain-her-vaccine-stance/article_24c77abe-fd31-48e9-8147-cbd1e3f892e8.html
1265506072	20250927	202509	2025	2025.7315	USAGOV	UNITED STATES	USA					GOV													0	020	020	02	1	3.0	2	1	2	-0.15698587127158	3	Longview, Texas, United States	US	USTX	TX183	32.5007	-94.7405	1374716	0								3	Longview, Texas, United States	US	USTX	TX183	32.5007	-94.7405	1374716	20250927060000	https://news-journal.com/2025/09/26/longview-firefighters-commended-for-central-texas-flood-response-they-did-a-phenomenal-job/
1265506073	20250927	202509	2025	2025.7315	USAGOV	UNITED STATES	USA					GOV													1	020	020	02	1	3.0	2	1	2	-3.05250305250305	2	Ohio, United States	US	USOH		40.3736	-82.7755	OH	0								2	Ohio, United States	US	USOH		40.3736	-82.7755	OH	20250927060000	https://highlandcountypress.com/headlines/ohios-rural-and-safety-net-hospitals-will-lose-big-under-new-medicaid-rules-analysis-says
1265506074	20250927	202509	2025	2025.7315	USAGOV	NASA	USA					GOV													1	031	031	03	1	5.2	2	1	2	2.63473053892216	3	Goddard Space Flight Center, Maryland, United States	US	USMD	MD033	38.9923	-76.8525	597466	0								3	Goddard Space Flight Center, Maryland, United States	US	USMD		38.9923	-76.8525	597466	20250927060000	https://spacecoastdaily.com/2025/09/nasa-awards-katalyst-space-technologies-contract-to-raise-neil-gehrels-swift-observatory-to-higher-altitude/
1265506075	20250927	202509	2025	2025.7315	USAGOV	UNITED STATES	USA					GOV													0	057	057	05	1	8.0	1	1	1	1.91897654584222	3	Oklahoma City, Oklahoma, United States	US	USOK	OK109	35.4676	-97.5164	1102140	0								3	Oklahoma City, Oklahoma, United States	US	USOK		35.4676	-97.5164	1102140	20250927060000	http://www.news9.com/story/68d761c6a6ee088a4f77d8c4/la-mayor-okc-mayor-sign-new-agreement-ahead-of-la-2028-olympics
1265506076	20250927	202509	2025	2025.7315	USAGOV	NASA	USA					GOV													0	071	071	07	2	7.4	2	1	2	2.63473053892216	3	Goddard Space Flight Center, Maryland, United States	US	USMD	MD033	38.9923	-76.8525	597466	0								3	Goddard Space Flight Center, Maryland, United States	US	USMD		38.9923	-76.8525	597466	20250927060000	https://spacecoastdaily.com/2025/09/nasa-awards-katalyst-space-technologies-contract-to-raise-neil-gehrels-swift-observatory-to-higher-altitude/
1265506077	20250927	202509	2025	2025.7315	USAGOV	UNITED STATES	USA					GOV													1	073	073	07	2	7.4	1	1	1	-0.15698587127158	3	Longview, Texas, United States	US	USTX	TX183	32.5007	-94.7405	1374716	0								3	Kerrville, Texas, United States	US	USTX	TX265	30.0474	-99.1403	1339058	20250927060000	https://news-journal.com/2025/09/26/longview-firefighters-commended-for-central-texas-flood-response-they-did-a-phenomenal-job/
1265506078	20250927	202509	2025	2025.7315	USAGOV	UNITED STATES	USA					GOV													1	073	073	07	2	7.4	15	1	7	-0.15698587127158	3	Longview, Texas, United States	US	USTX	TX183	32.5007	-94.7405	1374716	0								3	Longview, Texas, United States	US	USTX	TX183	32.5007	-94.7405	1374716	20250927060000	https://news-journal.com/2025/09/26/longview-firefighters-commended-for-central-texas-flood-response-they-did-a-phenomenal-job/
1265506079	20250927	202509	2025	2025.7315	USAGOV	OKLAHOMA	USA					GOV													0	0831	083	08	2	5.0	6	1	6	-2.64227642276422	2	Oklahoma, United States	US	USOK		35.5376	-96.9247	OK	0								2	Oklahoma, United States	US	USOK		35.5376	-96.9247	OK	20250927060000	http://www.news9.com/story/68d75fae954825fdc9673c15/oklahoma-leaders-await-walters-official-resignation-letter-to-move-education-forward
1265506080	20250927	202509	2025	2025.7315	USAGOV	UTAH	USA					GOV													0	141	141	14	3	-6.5	6	1	6	-3.75426621160409	2	Utah, United States	US	USUT		40.1135	-111.854	UT	0								2	Utah, United States	US	USUT		40.1135	-111.854	UT	20250927060000	https://www.bangordailynews.com/2025/09/27/opinion/opinion-contributor/democracy-dies-if-violence-wins-joam40zk0w/
1265506081	20250927	202509	2025	2025.7315	USAGOV	UTAH	USA					GOV													0	186	186	18	4	-10.0	3	1	3	-3.75426621160409	2	Utah, United States	US	USUT		40.1135	-111.854	UT	0								2	Utah, United States	US	USUT		40.1135	-111.854	UT	20250927060000	https://www.bangordailynews.com/2025/09/27/opinion/opinion-contributor/democracy-dies-if-violence-wins-joam40zk0w/
1265506082	20250927	202509	2025	2025.7315	USAGOV	BARACK OBAMA	USA					GOV			AFR	AFRICA	AFR								0	010	010	01	1	0.0	2	1	2	-4.57018498367791	4	Sokoto, Sokoto, Nigeria	NI	NI51	190962	13.0609	5.23902	-2026911	4	Sokoto, Sokoto, Nigeria	NI	NI51	190962	13.0609	5.23902	-2026911	4	Sokoto, Sokoto, Nigeria	NI	NI51	190962	13.0609	5.23902	-2026911	20250927060000	https://leadership.ng/kukah-and-failings-of-democracies-in-africa/
1265506083	20250927	202509	2025	2025.7315	USAGOV	BARACK OBAMA	USA					GOV			AFR	AFRICA	AFR								0	010	010	01	1	0.0	8	1	8	-4.57018498367791	1	United States	US	US		39.828175	-98.5795	US	1	United States	US	US		39.828175	-98.5795	US	1	United States	US	US		39.828175	-98.5795	US	20250927060000	https://leadership.ng/kukah-and-failings-of-democracies-in-africa/
1265506084	20250927	202509	2025	2025.7315	USAGOV	UNITED STATES	USA					GOV			CRM	CROOK						CRM			0	190	190	19	4	-10.0	2	1	2	-2.68361581920904	2	Washington, United States	US	USWA		47.3917	-121.571	WA	2	Washington, United States	US	USWA		47.3917	-121.571	WA	2	Washington, United States	US	USWA		47.3917	-121.571	WA	20250927060000	https://www.unionleader.com/opinion/columnists/patrick-hynes-let-s-commit-to-civil-discourse/article_36b1199e-b8b3-42fa-9cc9-053d2e07f6a4.html
1265506085	20250927	202509	2025	2025.7315	USAGOV	UNITED STATES	USA					GOV			CVL	THE POOR						CVL			1	020	020	02	1	3.0	2	1	2	-0.26178010471204	3	Cincinnati, Ohio, United States	US	USOH	OH061	39.162	-84.4569	1066650	3	Cincinnati, Ohio, United States	US	USOH	OH061	39.162	-84.4569	1066650	3	Cincinnati, Ohio, United States	US	USOH	OH061	39.162	-84.4569	1066650	20250927060000	https://www.presentationministries.com/series/obob/obob-2025-9-27-en
1265506086	20250927	202509	2025	2025.7315	USAGOV	THE US	USA					GOV			IRL	IRELAND	IRL								0	010	010	01	1	0.0	4	1	4	-5.04266873545384	1	Ireland	EI	EI		53	-8	EI	1	Ireland	EI	EI		53	-8	EI	1	Ireland	EI	EI		53	-8	EI	20250927060000	https://www.irishtimes.com/opinion/2025/09/27/us-liberals-are-on-the-backfoot-maga-is-triumphant-and-democrats-pathetically-divided/
1265506087	20250927	202509	2025	2025.7315	USAGOV	THE US	USA					GOV			MNCUSA	BOEING	USA					MNC			1	172	172	17	4	-5.0	10	1	10	0.550964187327819	1	Ethiopia	ET	ET		8	38	ET	1	Ethiopia	ET	ET		8	38	ET	1	Ethiopia	ET	ET		8	38	ET	20250927060000	https://edition.cnn.com/2025/09/26/business/boeing-faa-certification
1265506088	20250927	202509	2025	2025.7315	USAGOV	THE WHITE HOUSE	USA					GOV			USA	UNITED STATES	USA								1	010	010	01	1	0.0	4	1	4	-4.1335453100159	2	Indiana, United States	US	USIN		39.8647	-86.2604	IN	2	Indiana, United States	US	USIN		39.8647	-86.2604	IN	2	Indiana, United States	US	USIN		39.8647	-86.2604	IN	20250927060000	https://www.journalgazette.net/opinion/editorials/food-security-report-cancellation-is-another-assault-on-data/article_beeb23d1-6632-4636-b34d-e21f1b50b5a5.html
1265506089	20250927	202509	2025	2025.7315	USAGOV	THE US	USA					GOV			USA	AMERICAN	USA								0	010	010	01	1	0.0	6	1	6	-5.04266873545384	2	New York, United States	US	USNY		42.1497	-74.9384	NY	2	New York, United States	US	USNY		42.1497	-74.9384	NY	2	New York, United States	US	USNY		42.1497	-74.9384	NY	20250927060000	https://www.irishtimes.com/opinion/2025/09/27/us-liberals-are-on-the-backfoot-maga-is-triumphant-and-democrats-pathetically-divided/
1265506090	20250927	202509	2025	2025.7315	USAGOV	NASA	USA					GOV			USA	ARIZONA	USA								1	031	031	03	1	5.2	6	1	6	2.63473053892216	3	Goddard Space Flight Center, Maryland, United States	US	USMD	MD033	38.9923	-76.8525	597466	3	Goddard Space Flight Center, Maryland, United States	US	USMD		38.9923	-76.8525	597466	3	Goddard Space Flight Center, Maryland, United States	US	USMD		38.9923	-76.8525	597466	20250927060000	https://spacecoastdaily.com/2025/09/nasa-awards-katalyst-space-technologies-contract-to-raise-neil-gehrels-swift-observatory-to-higher-altitude/
1265506091	20250927	202509	2025	2025.7315	USAGOV	THE US	USA					GOV			USA	AMERICAN	USA								0	040	040	04	1	1.0	2	1	2	-0.40080160320641	3	Washington, District of Columbia, United States	US	USDC	DC001	38.8951	-77.0364	531871	1	Russia	RS	RS		60	100	RS	1	Russia	RS	RS		60	100	RS	20250927060000	https://www.newkerala.com/news/o/india-active-touch-us-administration-h-1b-visa-issue-mea-499
1265506092	20250927	202509	2025	2025.7315	USAGOV	UNITED STATES	USA					GOV			USA	UNITED STATES	USA								1	051	051	05	1	3.4	4	1	4	-0.15698587127158	3	Longview, Texas, United States	US	USTX	TX183	32.5007	-94.7405	1374716	3	Kerrville, Texas, United States	US	USTX	TX265	30.0474	-99.1403	1339058	3	Longview, Texas, United States	US	USTX	TX183	32.5007	-94.7405	1374716	20250927060000	https://news-journal.com/2025/09/26/longview-firefighters-commended-for-central-texas-flood-response-they-did-a-phenomenal-job/
1265506093	20250927	202509	2025	2025.7315	USAGOV	UNITED STATES	USA					GOV			USA	TEXAS	USA								1	051	051	05	1	3.4	2	1	2	-0.15698587127158	3	Longview, Texas, United States	US	USTX	TX183	32.5007	-94.7405	1374716	3	Longview, Texas, United States	US	USTX	TX183	32.5007	-94.7405	1374716	3	Longview, Texas, United States	US	USTX	TX183	32.5007	-94.7405	1374716	20250927060000	https://news-journal.com/2025/09/26/longview-firefighters-commended-for-central-texas-flood-response-they-did-a-phenomenal-job/
1265506094	20250927	202509	2025	2025.7315	USAGOV	NASA	USA					GOV			USA	UNITED STATES	USA								0	071	071	07	2	7.4	6	1	6	2.63473053892216	3	Goddard Space Flight Center, Maryland, United States	US	USMD	MD033	38.9923	-76.8525	597466	3	Goddard Space Flight Center, Maryland, United States	US	USMD		38.9923	-76.8525	597466	3	Goddard Space Flight Center, Maryland, United States	US	USMD		38.9923	-76.8525	597466	20250927060000	https://spacecoastdaily.com/2025/09/nasa-awards-katalyst-space-technologies-contract-to-raise-neil-gehrels-swift-observatory-to-higher-altitude/
1265506095	20250927	202509	2025	2025.7315	USAGOV	UTAH	USA					GOV			USA	UNITED STATES	USA								0	141	141	14	3	-6.5	2	1	2	-3.75426621160409	2	Pennsylvania, United States	US	USPA		40.5773	-77.264	PA	2	Pennsylvania, United States	US	USPA		40.5773	-77.264	PA	2	Pennsylvania, United States	US	USPA		40.5773	-77.264	PA	20250927060000	https://www.bangordailynews.com/2025/09/27/opinion/opinion-contributor/democracy-dies-if-violence-wins-joam40zk0w/
1265506096	20250927	202509	2025	2025.7315	USAGOV	THE US	USA					GOV			USA	THE US	USA								0	1721	172	17	4	-5.0	2	1	2	-5.04266873545384	2	New York, United States	US	USNY		42.1497	-74.9384	NY	2	New York, United States	US	USNY		42.1497	-74.9384	NY	3	Washington, District of Columbia, United States	US	USDC	DC001	38.8951	-77.0364	531871	20250927060000	https://www.irishtimes.com/opinion/2025/09/27/us-liberals-are-on-the-backfoot-maga-is-triumphant-and-democrats-pathetically-divided/
1265506097	20250927	202509	2025	2025.7315	USAGOV	THE US	USA					GOV			USA	THE US	USA								0	1721	172	17	4	-5.0	1	1	1	-5.04266873545384	2	New York, United States	US	USNY		42.1497	-74.9384	NY	2	New York, United States	US	USNY		42.1497	-74.9384	NY	2	New York, United States	US	USNY		42.1497	-74.9384	NY	20250927060000	https://www.irishtimes.com/opinion/2025/09/27/us-liberals-are-on-the-backfoot-maga-is-triumphant-and-democrats-pathetically-divided/
1265506098	20250927	202509	2025	2025.7315	USAGOV	UTAH	USA					GOV			USA	UNITED STATES	USA								0	186	186	18	4	-10.0	2	1	2	-3.75426621160409	2	Pennsylvania, United States	US	USPA		40.5773	-77.264	PA	2	Pennsylvania, United States	US	USPA		40.5773	-77.264	PA	2	Pennsylvania, United States	US	USPA		40.5773	-77.264	PA	20250927060000	https://www.bangordailynews.com/2025/09/27/opinion/opinion-contributor/democracy-dies-if-violence-wins-joam40zk0w/
1265506099	20250927	202509	2025	2025.7315	USAGOV	UTAH	USA					GOV			USA	UNITED STATES	USA								0	186	186	18	4	-10.0	2	1	2	-3.75426621160409	2	Utah, United States	US	USUT		40.1135	-111.854	UT	2	Utah, United States	US	USUT		40.1135	-111.854	UT	2	Utah, United States	US	USUT		40.1135	-111.854	UT	20250927060000	https://www.bangordailynews.com/2025/09/27/opinion/opinion-contributor/democracy-dies-if-violence-wins-joam40zk0w/
1265506100	20250927	202509	2025	2025.7315	USAHLH	OHIO	USA					HLH			LEG	LEGISLATURE						LEG			0	010	010	01	1	0.0	2	1	2	-3.05250305250305	2	Ohio, United States	US	USOH		40.3736	-82.7755	OH	2	Ohio, United States	US	USOH		40.3736	-82.7755	OH	2	Ohio, United States	US	USOH		40.3736	-82.7755	OH	20250927060000	https://highlandcountypress.com/headlines/ohios-rural-and-safety-net-hospitals-will-lose-big-under-new-medicaid-rules-analysis-says
1265506101	20250927	202509	2025	2025.7315	USAHLH	UNITED STATES	USA					HLH			LEG	LEGISLATURE						LEG			0	013	013	01	1	0.4	8	1	8	-3.05250305250305	2	Ohio, United States	US	USOH		40.3736	-82.7755	OH	2	Ohio, United States	US	USOH		40.3736	-82.7755	OH	2	Ohio, United States	US	USOH		40.3736	-82.7755	OH	20250927060000	https://highlandcountypress.com/headlines/ohios-rural-and-safety-net-hospitals-will-lose-big-under-new-medicaid-rules-analysis-says
1265506102	20250927	202509	2025	2025.7315	USAJUD	AMERICAN	USA					JUD			AFG	AFGHAN	AFG								0	051	051	05	1	3.4	6	1	6	-1.0351966873706	3	San Diego, California, United States	US	USCA	CA073	32.7153	-117.157	1661377	1	Afghanistan	AF	AF		33	66	AF	1	Afghanistan	AF	AF		33	66	AF	20250927060000	https://www.cbs8.com/article/news/local/federal-judge-orders-release-afghan-interpreter-detained-ice/509-b0191cef-0f35-4ecd-864d-9dcf03119d4e
1265506103	20250927	202509	2025	2025.7315	USAMED	OKLAHOMA	USA					MED													1	010	010	01	1	0.0	6	1	6	-2.64227642276422	2	Wisconsin, United States	US	USWI		44.2563	-89.6385	WI	0								2	Wisconsin, United States	US	USWI		44.2563	-89.6385	WI	20250927060000	http://www.news9.com/story/68d75fae954825fdc9673c15/oklahoma-leaders-await-walters-official-resignation-letter-to-move-education-forward
1265506104	20250927	202509	2025	2025.7315	USAMIL	UNITED STATES	USA					MIL			MILGOV	ARMY						MIL	GOV		0	042	042	04	1	1.9	10	1	10	3.21100917431192	1	United States	US	US		39.828175	-98.5795	US	1	United States	US	US		39.828175	-98.5795	US	1	United States	US	US		39.828175	-98.5795	US	20250927060000	https://www.nats.org/cgi/page.cgi/_article.html/Job_Center/Alto_-_The_U.S._Army_Field_Band
1265506105	20250927	202509	2025	2025.7315	UZB	UZBEKISTAN	UZB								IGOEURDEVEBR	EUROPEAN BANK FOR RECONSTRUCTION AND DEVELOPMENT	EUR	EBR				IGO	DEV		1	046	046	04	1	7.0	2	1	2	0.704225352112676	4	Tashkent, Toshkent Shahri, Uzbekistan	UZ	UZ13	37316	41.3167	69.25	-2579372	4	Tashkent, Toshkent Shahri, Uzbekistan	UZ	UZ13	37316	41.3167	69.25	-2579372	4	Tashkent, Toshkent Shahri, Uzbekistan	UZ	UZ13	37316	41.3167	69.25	-2579372	20250927060000	https://www.trend.az/business/4096273.html
1265506106	20250927	202509	2025	2025.7315	UZBBUS	UZBEKISTAN	UZB					BUS			MNCUSA	BOEING	USA					MNC			1	042	042	04	1	1.9	10	1	10	2.15827338129496	1	Uzbekistan	UZ	UZ		41.707542	63.84911	UZ	1	Uzbekistan	UZ	UZ		41.707542	63.84911	UZ	1	Uzbekistan	UZ	UZ		41.707542	63.84911	UZ	20250927060000	https://www.aero-news.net/emailarticle.cfm?do=main.textpost&id=32231F63-CCE2-4E35-9ED8-6C0DD7E5C57D
1265506107	20250927	202509	2025	2025.7315	UZBBUS	UZBEKISTAN	UZB					BUS			MNCUSA	BOEING	USA					MNC			1	043	043	04	1	2.8	10	1	10	2.15827338129496	1	Uzbekistan	UZ	UZ		41.707542	63.84911	UZ	1	Uzbekistan	UZ	UZ		41.707542	63.84911	UZ	1	Uzbekistan	UZ	UZ		41.707542	63.84911	UZ	20250927060000	https://www.aero-news.net/emailarticle.cfm?do=main.textpost&id=32231F63-CCE2-4E35-9ED8-6C0DD7E5C57D
1265506108	20250927	202509	2025	2025.7315	UZBGOV	SHAVKAT MIRZIYOYEV	UZB					GOV			MNCUSA	BOEING	USA					MNC			1	051	051	05	1	3.4	10	1	10	2.15827338129496	1	Uzbekistan	UZ	UZ		41.707542	63.84911	UZ	1	Uzbekistan	UZ	UZ		41.707542	63.84911	UZ	1	Uzbekistan	UZ	UZ		41.707542	63.84911	UZ	20250927060000	https://www.aero-news.net/emailarticle.cfm?do=main.textpost&id=32231F63-CCE2-4E35-9ED8-6C0DD7E5C57D
1265506109	20250927	202509	2025	2025.7315	UZBGOV	SHAVKAT MIRZIYOYEV	UZB					GOV			UZBBUS	UZBEKISTAN	UZB					BUS			1	051	051	05	1	3.4	10	1	10	2.15827338129496	1	Uzbekistan	UZ	UZ		41.707542	63.84911	UZ	1	Uzbekistan	UZ	UZ		41.707542	63.84911	UZ	1	Uzbekistan	UZ	UZ		41.707542	63.84911	UZ	20250927060000	https://www.aero-news.net/emailarticle.cfm?do=main.textpost&id=32231F63-CCE2-4E35-9ED8-6C0DD7E5C57D
1265506110	20250927	202509	2025	2025.7315	VCT	ST VINCENT	VCT								CVL	THE POOR						CVL			1	020	020	02	1	3.0	8	1	8	-0.26178010471204	3	Cincinnati, Ohio, United States	US	USOH	OH061	39.162	-84.4569	1066650	3	Cincinnati, Ohio, United States	US	USOH	OH061	39.162	-84.4569	1066650	3	Cincinnati, Ohio, United States	US	USOH	OH061	39.162	-84.4569	1066650	20250927060000	https://www.presentationministries.com/series/obob/obob-2025-9-27-en
1265506111	20250927	202509	2025	2025.7315	VNM	VIETNAMESE	VNM																		1	020	020	02	1	3.0	9	1	9	4.12883360450673	1	Vietnam, Republic Of	VM	VM		16.166667	107.833333	VM	0								1	Vietnam, Republic Of	VM	VM		16.166667	107.833333	VM	20250927060000	https://news.tuoitre.vn/vietnam-opens-doors-to-more-foreign-nationals-seeking-citizenship-103250926131719011.htm
1265506112	20250927	202509	2025	2025.7315	VNM	QUANG TRI	VNM																		0	051	051	05	1	3.4	7	1	7	3.54166666666667	4	Quang Tri, H?i Duong, Vietnam, Republic Of	VM	VM79	32546	21.0333	106.483	-3727417	0								4	Quang Tri, H?i Duong, Vietnam, Republic Of	VM	VM79	32546	21.0333	106.483	-3727417	20250927060000	https://news.tuoitre.vn/american-couple-sows-seeds-of-peace-for-30-years-in-vietnams-quang-tri-103250926152004352.htm
1265506113	20250927	202509	2025	2025.7315	VNM	QUANG TRI	VNM																		0	070	070	07	2	7.0	7	1	7	3.54166666666667	4	Quang Tri, H?i Duong, Vietnam, Republic Of	VM	VM79	32546	21.0333	106.483	-3727417	0								4	Quang Tri, H?i Duong, Vietnam, Republic Of	VM	VM79	32546	21.0333	106.483	-3727417	20250927060000	https://news.tuoitre.vn/american-couple-sows-seeds-of-peace-for-30-years-in-vietnams-quang-tri-103250926152004352.htm
1265506114	20250927	202509	2025	2025.7315	VNM	VIETNAMESE	VNM								BUS	BUSINESS						BUS			1	051	051	05	1	3.4	6	1	6	5.93607305936073	1	Vietnam, Republic Of	VM	VM		16.166667	107.833333	VM	1	Vietnam, Republic Of	VM	VM		16.166667	107.833333	VM	1	Vietnam, Republic Of	VM	VM		16.166667	107.833333	VM	20250927060000	https://news.tuoitre.vn/vietnam-deputy-pm-meets-toyota-asia-chief-urges-expanded-investment-103250926182658432.htm
1265506115	20250927	202509	2025	2025.7315	VNM	VIETNAM	VNM								COP	DEPUTY						COP			1	020	020	02	1	3.0	2	1	2	5.93607305936073	1	Vietnam, Republic Of	VM	VM		16.166667	107.833333	VM	1	Vietnam, Republic Of	VM	VM		16.166667	107.833333	VM	1	Vietnam, Republic Of	VM	VM		16.166667	107.833333	VM	20250927060000	https://news.tuoitre.vn/vietnam-deputy-pm-meets-toyota-asia-chief-urges-expanded-investment-103250926182658432.htm
1265506116	20250927	202509	2025	2025.7315	VNM	VIETNAM	VNM								EDU	SCHOOL						EDU			0	051	051	05	1	3.4	3	1	3	3.54166666666667	4	Quang Tri, H?i Duong, Vietnam, Republic Of	VM	VM79	32546	21.0333	106.483	-3727417	4	Quang Tri, H?i Duong, Vietnam, Republic Of	VM	VM79	32546	21.0333	106.483	-3727417	4	Quang Tri, H?i Duong, Vietnam, Republic Of	VM	VM79	32546	21.0333	106.483	-3727417	20250927060000	https://news.tuoitre.vn/american-couple-sows-seeds-of-peace-for-30-years-in-vietnams-quang-tri-103250926152004352.htm
1265506117	20250927	202509	2025	2025.7315	VNM	VIETNAM	VNM								INT	FOREIGN NATIONAL						INT			1	020	020	02	1	3.0	10	1	10	3.61247947454844	1	Vietnam, Republic Of	VM	VM		16.166667	107.833333	VM	1	Vietnam, Republic Of	VM	VM		16.166667	107.833333	VM	1	Vietnam, Republic Of	VM	VM		16.166667	107.833333	VM	20250927060000	https://news.tuoitre.vn/vietnam-opens-doors-to-more-foreign-nationals-seeking-citizenship-103250926131719011.htm
1265506118	20250927	202509	2025	2025.7315	VNM	VIETNAM	VNM								LEG	NATIONAL ASSEMBLY						LEG			1	083	083	08	2	5.0	6	1	6	3.61247947454844	1	Vietnam, Republic Of	VM	VM		16.166667	107.833333	VM	1	Vietnam, Republic Of	VM	VM		16.166667	107.833333	VM	1	Vietnam, Republic Of	VM	VM		16.166667	107.833333	VM	20250927060000	https://news.tuoitre.vn/vietnam-opens-doors-to-more-foreign-nationals-seeking-citizenship-103250926131719011.htm
1265506119	20250927	202509	2025	2025.7315	VNM	VIETNAM	VNM								MNCJPN	TOYOTA	JPN					MNC			1	020	020	02	1	3.0	4	1	4	5.93607305936073	1	Vietnam, Republic Of	VM	VM		16.166667	107.833333	VM	1	Vietnam, Republic Of	VM	VM		16.166667	107.833333	VM	1	Vietnam, Republic Of	VM	VM		16.166667	107.833333	VM	20250927060000	https://news.tuoitre.vn/vietnam-deputy-pm-meets-toyota-asia-chief-urges-expanded-investment-103250926182658432.htm
1265506120	20250927	202509	2025	2025.7315	VNM	VIETNAM	VNM								USA	UNITED STATES	USA								1	042	042	04	1	1.9	2	1	2	3.54166666666667	4	Quang Tri, H?i Duong, Vietnam, Republic Of	VM	VM79	32546	21.0333	106.483	-3727417	4	Quang Tri, H?i Duong, Vietnam, Republic Of	VM	VM79	32546	21.0333	106.483	-3727417	4	Quang Tri, H?i Duong, Vietnam, Republic Of	VM	VM79	32546	21.0333	106.483	-3727417	20250927060000	https://news.tuoitre.vn/american-couple-sows-seeds-of-peace-for-30-years-in-vietnams-quang-tri-103250926152004352.htm
1265506121	20250927	202509	2025	2025.7315	VNM	VIETNAM	VNM								USA	UNITED STATES	USA								1	042	042	04	1	1.9	2	1	2	3.54166666666667	4	Quang Tri, H?i Duong, Vietnam, Republic Of	VM	VM79	32546	21.0333	106.483	-3727417	1	United States	US	US		39.828175	-98.5795	US	4	Quang Tri, H?i Duong, Vietnam, Republic Of	VM	VM79	32546	21.0333	106.483	-3727417	20250927060000	https://news.tuoitre.vn/american-couple-sows-seeds-of-peace-for-30-years-in-vietnams-quang-tri-103250926152004352.htm
1265506122	20250927	202509	2025	2025.7315	VNM	VIETNAM	VNM								USA	UNITED STATES	USA								1	042	042	04	1	1.9	6	1	6	3.54166666666667	4	Quang Tri, H?i Duong, Vietnam, Republic Of	VM	VM79	32546	21.0333	106.483	-3727417	1	United States	US	US		39.828175	-98.5795	US	1	United States	US	US		39.828175	-98.5795	US	20250927060000	https://news.tuoitre.vn/american-couple-sows-seeds-of-peace-for-30-years-in-vietnams-quang-tri-103250926152004352.htm
1265506123	20250927	202509	2025	2025.7315	VNM	VIETNAM	VNM								don	DONG			don						1	017	017	01	1	0.0	10	1	10	3.54166666666667	4	Quang Tri, H?i Duong, Vietnam, Republic Of	VM	VM79	32546	21.0333	106.483	-3727417	4	Quang Tri, H?i Duong, Vietnam, Republic Of	VM	VM79	32546	21.0333	106.483	-3727417	4	Quang Tri, H?i Duong, Vietnam, Republic Of	VM	VM79	32546	21.0333	106.483	-3727417	20250927060000	https://news.tuoitre.vn/american-couple-sows-seeds-of-peace-for-30-years-in-vietnams-quang-tri-103250926152004352.htm
1265506124	20250927	202509	2025	2025.7315	VNMCOP	VIETNAM	VNM					COP			MNCJPN	TOYOTA	JPN					MNC			1	020	020	02	1	3.0	1	1	1	5.93607305936073	1	Vietnam, Republic Of	VM	VM		16.166667	107.833333	VM	1	Vietnam, Republic Of	VM	VM		16.166667	107.833333	VM	1	Vietnam, Republic Of	VM	VM		16.166667	107.833333	VM	20250927060000	https://news.tuoitre.vn/vietnam-deputy-pm-meets-toyota-asia-chief-urges-expanded-investment-103250926182658432.htm
1265506125	20250927	202509	2025	2025.7315	VNMMED	VIETNAM	VNM					MED			LEG	NATIONAL ASSEMBLY						LEG			1	083	083	08	2	5.0	1	1	1	3.61247947454844	1	Vietnam, Republic Of	VM	VM		16.166667	107.833333	VM	1	Vietnam, Republic Of	VM	VM		16.166667	107.833333	VM	1	Vietnam, Republic Of	VM	VM		16.166667	107.833333	VM	20250927060000	https://news.tuoitre.vn/vietnam-opens-doors-to-more-foreign-nationals-seeking-citizenship-103250926131719011.htm
1265506126	20250927	202509	2025	2025.7315	VNMMED	VIETNAM	VNM					MED			VNM	VIETNAMESE	VNM								1	020	020	02	1	3.0	1	1	1	3.61247947454844	1	Vietnam, Republic Of	VM	VM		16.166667	107.833333	VM	1	Vietnam, Republic Of	VM	VM		16.166667	107.833333	VM	1	Vietnam, Republic Of	VM	VM		16.166667	107.833333	VM	20250927060000	https://news.tuoitre.vn/vietnam-opens-doors-to-more-foreign-nationals-seeking-citizenship-103250926131719011.htm
1265506127	20250927	202509	2025	2025.7315	ZAF	KIMBERLEY	ZAF								CVL	COMMUNITY						CVL			1	042	042	04	1	1.9	5	1	5	4.28571428571428	0								0								0								20250927060000	https://www.lancashiretelegraph.co.uk/news/25498435.oswaldtwistle-civic-theatre-reroofing-contract-tender/
1265506128	20250927	202509	2025	2025.7315	ZWE	SALISBURY	ZWE																		1	036	036	03	1	4.0	6	1	6	4.52261306532663	4	Salisbury, Mashonaland East, Zimbabwe	ZI	ZI04	40197	-17.8178	31.0447	-2312291	0								4	Salisbury, Mashonaland East, Zimbabwe	ZI	ZI04	40197	-17.8178	31.0447	-2312291	20250927060000	https://www.salisburyjournal.co.uk/news/25498460.salisbury-radios-song-christmas-competition-returning/
1265506129	20250927	202509	2025	2025.7315	ZWE	SALISBURY	ZWE																		1	036	036	03	1	4.0	2	1	2	4.52261306532663	4	Salisbury, Mashonaland East, Zimbabwe	ZI	ZI04	40197	-17.8178	31.0447	-2312291	0								4	Sarum, Manicaland, Zimbabwe	ZI	ZI01	40197	-18.8457	32.5548	10739005	20250927060000	https://www.salisburyjournal.co.uk/news/25498460.salisbury-radios-song-christmas-competition-returning/
1265506130	20250927	202509	2025	2025.7315	ZWE	ZIMBABWE	ZWE																		0	051	051	05	1	3.4	4	1	4	0.41237113402062	4	Salisbury, Mashonaland East, Zimbabwe	ZI	ZI04	40197	-17.8178	31.0447	-2312291	0								4	Salisbury, Mashonaland East, Zimbabwe	ZI	ZI04	40197	-17.8178	31.0447	-2312291	20250927060000	https://www.salisburyjournal.co.uk/news/25495667.council-seeks-return-salisbury-swindon-bus-sundays/
1265506131	20250927	202509	2025	2025.7315	ZWE	SALISBURY	ZWE								EDU	SCHOOL						EDU			1	042	042	04	1	1.9	10	1	10	4.52261306532663	4	Salisbury, Mashonaland East, Zimbabwe	ZI	ZI04	40197	-17.8178	31.0447	-2312291	4	Salisbury, Mashonaland East, Zimbabwe	ZI	ZI04	40197	-17.8178	31.0447	-2312291	4	Salisbury, Mashonaland East, Zimbabwe	ZI	ZI04	40197	-17.8178	31.0447	-2312291	20250927060000	https://www.salisburyjournal.co.uk/news/25498460.salisbury-radios-song-christmas-competition-returning/
1265506132	20250927	202509	2025	2025.7315	chr	CHEROKEE			chr						GOV	PRESIDENT						GOV			1	120	120	12	3	-4.0	6	1	6	-0.430570505920341	1	Georgia	GG	GG		41.999981	43.499905	GG	1	Georgia	GG	GG		41.999981	43.499905	GG	1	Georgia	GG	GG		41.999981	43.499905	GG	20250927060000	https://www.northwestgeorgianews.com/rome/lifestyles/local/auraria-georgia-s-golden-ghost-town/article_2d9bbf97-f7cb-4231-94d7-35d307df6813.html
1265506133	20250927	202509	2025	2025.7315	chr	CHEROKEE			chr						USA	UNITED STATES	USA								1	120	120	12	3	-4.0	4	1	4	-0.430570505920341	1	Georgia	GG	GG		41.999981	43.499905	GG	2	Georgia, United States	US	USGA		32.9866	-83.6487	GA	2	Georgia, United States	US	USGA		32.9866	-83.6487	GA	20250927060000	https://www.northwestgeorgianews.com/rome/lifestyles/local/auraria-georgia-s-golden-ghost-town/article_2d9bbf97-f7cb-4231-94d7-35d307df6813.html
1265506134	20250927	202509	2025	2025.7315	dal	BACKWARD CLASSES			dal						GOV	GOVERNMENT						GOV			1	100	100	10	3	-5.0	10	1	10	0.33333333333333	4	Delhi, Delhi, India	IN	IN07	17911	28.6667	77.2167	-2094230	4	Delhi, Delhi, India	IN	IN07	17911	28.6667	77.2167	-2094230	4	Delhi, Delhi, India	IN	IN07	17911	28.6667	77.2167	-2094230	20250927060000	https://www.newkerala.com/news/o/telangana-issues-go-42-per-cent-bc-quota-local-910
